{
"type": "FeatureCollection",
"name": "13",
"crs": { "type": "name", "properties": { "name": "urn:ogc:def:crs:OGC:1.3:CRS84" } },
"features": [
{ "type": "Feature", "properties": { "cve_edo": "13", "cve_mpo_ine": "001", "cve_edo_mpo_ine": "13001", "nom_mpo": "ACATLAN", "nom_edo": "Hidalgo", "alianza_ganadora": "Va por México", "margen_pp": 4.7544511837213852, "por_participacion": 29.946680728892012 }, "geometry": { "type": "Polygon", "coordinates": [ [ [ -98.453792250286057, 20.097542855775639 ], [ -98.454324090379814, 20.09426027328885 ], [ -98.461305555555413, 20.090638888926676 ], [ -98.460386621763533, 20.087857367900959 ], [ -98.471529379206615, 20.078833892794712 ], [ -98.487289530236893, 20.074726593107354 ], [ -98.493506827810364, 20.082241879647341 ], [ -98.503470973947898, 20.080677781628332 ], [ -98.499023553491867, 20.090752433355828 ], [ -98.507526594659836, 20.09712582759985 ], [ -98.516178639080266, 20.099568424746224 ], [ -98.5182831957286, 20.098420061895307 ], [ -98.519428073159844, 20.100784321083935 ], [ -98.511874244776294, 20.108661919139855 ], [ -98.502279269443434, 20.113530500945842 ], [ -98.499604036319369, 20.12644163107252 ], [ -98.494753599772821, 20.127219679920973 ], [ -98.487196693931239, 20.148897949254803 ], [ -98.483852699078483, 20.152741733899326 ], [ -98.481693740555613, 20.152116827207227 ], [ -98.477135033124654, 20.168087359227922 ], [ -98.480664570576195, 20.177076913559791 ], [ -98.473976454675494, 20.184350148830262 ], [ -98.46490619073775, 20.188017040401363 ], [ -98.467990295489898, 20.191251897685142 ], [ -98.468844290859494, 20.197048995582215 ], [ -98.464807620664217, 20.198324479332548 ], [ -98.467719836042832, 20.200731085976795 ], [ -98.466380592731923, 20.203441731238382 ], [ -98.469900076873046, 20.211125686931251 ], [ -98.480446839776633, 20.219052223874314 ], [ -98.478894162480742, 20.22778389911959 ], [ -98.473047137609072, 20.22851801716811 ], [ -98.470749033899807, 20.233398359778587 ], [ -98.468236440420839, 20.233269346302428 ], [ -98.469278802952488, 20.235755108776594 ], [ -98.464726273904375, 20.234173254670917 ], [ -98.469304367239602, 20.244241319591026 ], [ -98.466838933805235, 20.246968688520017 ], [ -98.471101048458038, 20.248177375223243 ], [ -98.47167131395878, 20.251862698417927 ], [ -98.474769670424038, 20.251744403061114 ], [ -98.482640404015257, 20.257057802019453 ], [ -98.488858475672245, 20.266755830501939 ], [ -98.48311987662079, 20.269353262835189 ], [ -98.48608151429184, 20.274574586647212 ], [ -98.480096903066226, 20.280276144287392 ], [ -98.482550704357863, 20.280694664249978 ], [ -98.485453126645311, 20.286164260816378 ], [ -98.491533030846895, 20.285945712100347 ], [ -98.495078779509186, 20.307500499108563 ], [ -98.491951125431726, 20.315153094999133 ], [ -98.48415141466964, 20.321099828924918 ], [ -98.475843918779375, 20.32207777106062 ], [ -98.476476821486585, 20.324769681032336 ], [ -98.473079341266157, 20.326253457105597 ], [ -98.460838706733583, 20.325775173744404 ], [ -98.458709603864691, 20.335930945515116 ], [ -98.458096859397003, 20.331743717176135 ], [ -98.45090586369129, 20.328429849347579 ], [ -98.43998076701007, 20.327389639204043 ], [ -98.433148254646582, 20.32385440437271 ], [ -98.424066818395545, 20.32801565268656 ], [ -98.416600465125626, 20.323528438750206 ], [ -98.420914312003106, 20.312816651114861 ], [ -98.424137068093572, 20.31120932190025 ], [ -98.422925608656229, 20.307274108808603 ], [ -98.420292334006334, 20.307765049195925 ], [ -98.423294092532871, 20.303052592480366 ], [ -98.422189938967364, 20.301435748103078 ], [ -98.415049231458866, 20.303199893146733 ], [ -98.405080283194195, 20.309966088850334 ], [ -98.397979658627619, 20.302374302630231 ], [ -98.392894691426193, 20.30194838733717 ], [ -98.399999505147193, 20.2950106615687 ], [ -98.401484222232355, 20.289674117506291 ], [ -98.409801834271136, 20.286009000300002 ], [ -98.411515213468036, 20.281790550020983 ], [ -98.405271422504796, 20.279085642862928 ], [ -98.406790526470644, 20.265635614293434 ], [ -98.398604197401554, 20.225711497827451 ], [ -98.394704556389073, 20.222059585418915 ], [ -98.398741476649491, 20.220992720356591 ], [ -98.398059736913211, 20.216479015760036 ], [ -98.393727681348665, 20.218248899792226 ], [ -98.391347127087613, 20.214724665935719 ], [ -98.386024180637449, 20.215912477548422 ], [ -98.388368896012651, 20.214262251795908 ], [ -98.385231429888293, 20.210156597237507 ], [ -98.375244573759289, 20.208931903468475 ], [ -98.375200571998604, 20.205702945653513 ], [ -98.365754311398661, 20.20498520697268 ], [ -98.365370668823076, 20.202833583260688 ], [ -98.367138132429318, 20.201694731321346 ], [ -98.36600536130959, 20.198626947838232 ], [ -98.369057313242152, 20.197624810589097 ], [ -98.372699942000011, 20.191176402848804 ], [ -98.370455569134279, 20.188180189135906 ], [ -98.381165414121767, 20.182214884886449 ], [ -98.387079836260824, 20.151501906772054 ], [ -98.377273549858046, 20.145498445688581 ], [ -98.375909165184439, 20.142263197053026 ], [ -98.385199490667887, 20.132483492760731 ], [ -98.385279983438323, 20.127000291640169 ], [ -98.38941719447061, 20.131616388163092 ], [ -98.397784877625568, 20.13066598867595 ], [ -98.406181477775846, 20.137274134446685 ], [ -98.42857252195283, 20.121258515733839 ], [ -98.446838095459597, 20.118252930615771 ], [ -98.445160031269111, 20.106467422499151 ], [ -98.448344587031812, 20.103934629365472 ], [ -98.448273865722996, 20.100462805188393 ], [ -98.453792250286057, 20.097542855775639 ] ] ] } },
{ "type": "Feature", "properties": { "cve_edo": "13", "cve_mpo_ine": "002", "cve_edo_mpo_ine": "13002", "nom_mpo": "ACAXOCHITLAN", "nom_edo": "Hidalgo", "alianza_ganadora": "Juntos Haremos Historia", "margen_pp": 11.282255314311698, "por_participacion": 56.241409072019941 }, "geometry": { "type": "Polygon", "coordinates": [ [ [ -98.267659199954991, 20.208675440154973 ], [ -98.262147566903963, 20.215739575016379 ], [ -98.256427371169721, 20.21602022106012 ], [ -98.250442559091127, 20.219770756647446 ], [ -98.243273626343267, 20.217443892914417 ], [ -98.241534006556051, 20.220966561007476 ], [ -98.234883610671062, 20.223857010014072 ], [ -98.232091498414107, 20.233619260644328 ], [ -98.227973570556244, 20.236085977481103 ], [ -98.224012404393619, 20.232983172942163 ], [ -98.223007834601816, 20.235363410860099 ], [ -98.216204744501368, 20.237377194593208 ], [ -98.212905463813101, 20.23499190812111 ], [ -98.208673488948833, 20.239354333473077 ], [ -98.20800960399238, 20.245057627188594 ], [ -98.190296388510703, 20.258752677083223 ], [ -98.186669320999272, 20.259263865318886 ], [ -98.176754273249301, 20.253806433669343 ], [ -98.161588928591172, 20.239394632229821 ], [ -98.156801802643287, 20.240326204351661 ], [ -98.147562435006549, 20.227371120345197 ], [ -98.147408850781517, 20.221218595063515 ], [ -98.156524164707292, 20.216744785065472 ], [ -98.155503979104807, 20.213011642290777 ], [ -98.148590279592312, 20.204196894854348 ], [ -98.140400649043301, 20.200527473912807 ], [ -98.134687117356989, 20.191309557784272 ], [ -98.129424385128942, 20.189192170762698 ], [ -98.127762404672666, 20.184328478169988 ], [ -98.128271115201642, 20.181558607094033 ], [ -98.132871669623327, 20.180252068425688 ], [ -98.130988047146019, 20.177371981171284 ], [ -98.133883607671862, 20.169102574269662 ], [ -98.132393222309958, 20.165619186343793 ], [ -98.135267498486954, 20.165198870570038 ], [ -98.13176283983384, 20.161301793893653 ], [ -98.135495571955971, 20.158718473882946 ], [ -98.135367862105326, 20.154532761559231 ], [ -98.139755469494162, 20.155147084887947 ], [ -98.139520120703793, 20.150641581752939 ], [ -98.135115077767097, 20.145425512645733 ], [ -98.12106687575519, 20.146575023993147 ], [ -98.106116939919559, 20.143065587697368 ], [ -98.100832340330783, 20.146972343944519 ], [ -98.100726283036025, 20.144633363706117 ], [ -98.106716602872865, 20.136862526103222 ], [ -98.105092321735484, 20.129104518249903 ], [ -98.11155548251719, 20.120793158887807 ], [ -98.119646674210131, 20.119824436316119 ], [ -98.12599629176971, 20.123423692138463 ], [ -98.129887551346783, 20.11445221968394 ], [ -98.129971033746699, 20.106826322934754 ], [ -98.139172782937436, 20.104284738211089 ], [ -98.146291861322737, 20.096820192101216 ], [ -98.158384600152417, 20.093569523158866 ], [ -98.159438190839737, 20.088662642032858 ], [ -98.157496049301344, 20.085659283056025 ], [ -98.171387469893617, 20.056319557537108 ], [ -98.174443460694178, 20.06144958074325 ], [ -98.170821077731404, 20.063007143428877 ], [ -98.167276108876862, 20.070758754629104 ], [ -98.170460969560565, 20.073948510973587 ], [ -98.169382200255896, 20.078693686362975 ], [ -98.180235627981489, 20.07637453436719 ], [ -98.19146133800335, 20.079795534321537 ], [ -98.195800659524437, 20.075390557383315 ], [ -98.206420947196335, 20.072986476549556 ], [ -98.216698845080145, 20.079045779825336 ], [ -98.222467697649122, 20.079103961194733 ], [ -98.220474215409908, 20.071376372760195 ], [ -98.228809507389144, 20.061118562878747 ], [ -98.235545721978596, 20.065019329852326 ], [ -98.234815920339315, 20.070220184741725 ], [ -98.238826448022451, 20.071965836544969 ], [ -98.23961664931366, 20.076345125633214 ], [ -98.253272034067081, 20.083113800618886 ], [ -98.254466107486863, 20.088278705853376 ], [ -98.261980150478422, 20.088959762850692 ], [ -98.256351367459445, 20.094776019039553 ], [ -98.246936093302068, 20.095502056581942 ], [ -98.248194704154372, 20.102247938434953 ], [ -98.238158111206616, 20.105858124814983 ], [ -98.234421025056619, 20.110278860401351 ], [ -98.234905353285171, 20.113547024503067 ], [ -98.23217380117255, 20.116987200650978 ], [ -98.236224281275611, 20.1247130794059 ], [ -98.231772397318665, 20.130158660171094 ], [ -98.250056388541523, 20.139936511093566 ], [ -98.258159821209091, 20.15080273116407 ], [ -98.267794614842799, 20.156150083621412 ], [ -98.273210917020862, 20.171737172775412 ], [ -98.272682792518466, 20.176326473815713 ], [ -98.278406968523726, 20.18162192074643 ], [ -98.290576099156667, 20.185507690960669 ], [ -98.294839249742012, 20.200049528560768 ], [ -98.298024228765726, 20.202519498950966 ], [ -98.289916092493996, 20.196322297360584 ], [ -98.272376979052879, 20.196386477161404 ], [ -98.276513013581166, 20.202253699709438 ], [ -98.276643614748494, 20.206225439216428 ], [ -98.272107427789479, 20.208919505972496 ], [ -98.267659199954991, 20.208675440154973 ] ] ] } },
{ "type": "Feature", "properties": { "cve_edo": "13", "cve_mpo_ine": "003", "cve_edo_mpo_ine": "13003", "nom_mpo": "ACTOPAN", "nom_edo": "Hidalgo", "alianza_ganadora": "Juntos Haremos Historia", "margen_pp": 17.197938537888909, "por_participacion": 45.117120220461594 }, "geometry": { "type": "Polygon", "coordinates": [ [ [ -98.978893663520054, 20.3409364562646 ], [ -98.96818329601075, 20.360606968063969 ], [ -98.943533865385518, 20.349153623332363 ], [ -98.942127928118353, 20.32702799867792 ], [ -98.928770292343998, 20.337683463331278 ], [ -98.908210642684622, 20.338422543359204 ], [ -98.904311455783215, 20.34802578176652 ], [ -98.913037212566323, 20.362116541774991 ], [ -98.919407138020532, 20.363429197070147 ], [ -98.917191985696277, 20.366494070437117 ], [ -98.913744316257691, 20.366003642622083 ], [ -98.918195991170592, 20.373317551566547 ], [ -98.912599617520584, 20.381310649764 ], [ -98.903717025462583, 20.380250120669089 ], [ -98.906998593728403, 20.386614846509474 ], [ -98.903325550491999, 20.391998405685193 ], [ -98.890064145324814, 20.393839916739996 ], [ -98.882714937870617, 20.403613471176644 ], [ -98.878916217557915, 20.403329716258767 ], [ -98.878861034305729, 20.405770322398933 ], [ -98.875297206965087, 20.406396157380254 ], [ -98.874774948635533, 20.40920974127966 ], [ -98.866132484669066, 20.414310279781425 ], [ -98.856080573233413, 20.414117658705731 ], [ -98.8429818544315, 20.406689651476089 ], [ -98.834450960614959, 20.407569270458936 ], [ -98.831591186812545, 20.411130212913328 ], [ -98.828025888590574, 20.410596870013251 ], [ -98.826918981449964, 20.41403148626717 ], [ -98.819139523349392, 20.406677872264073 ], [ -98.817848122898724, 20.400516046088242 ], [ -98.815862763383066, 20.402048841520983 ], [ -98.813638943797386, 20.398452666872497 ], [ -98.816383718840541, 20.396712195269185 ], [ -98.814687445788408, 20.394852738618827 ], [ -98.816789549266289, 20.393278454521457 ], [ -98.814268711764427, 20.384263848741167 ], [ -98.811462024993972, 20.381909251377454 ], [ -98.813563116095935, 20.379383613973452 ], [ -98.810173486177902, 20.378394697815764 ], [ -98.810169948527459, 20.374423683018627 ], [ -98.803856942789423, 20.370749192207214 ], [ -98.801866770674579, 20.366242581326432 ], [ -98.803325595099039, 20.364214129849 ], [ -98.800811295128455, 20.361569489534933 ], [ -98.808104808415479, 20.351344410176051 ], [ -98.80663976607859, 20.346009961474788 ], [ -98.803892894650403, 20.344358376972668 ], [ -98.807795306164266, 20.331489583505203 ], [ -98.811355959511587, 20.32896232334344 ], [ -98.820118578986737, 20.330482687280185 ], [ -98.820172392090797, 20.325684279985506 ], [ -98.823792701182569, 20.324769928654899 ], [ -98.813385552391011, 20.312910374177729 ], [ -98.813616467809837, 20.309973187915773 ], [ -98.80848021455779, 20.313370937284319 ], [ -98.806608977310418, 20.310642922147203 ], [ -98.803164103118959, 20.311556730823568 ], [ -98.802757221109886, 20.313832250885493 ], [ -98.79890255431205, 20.313670927007564 ], [ -98.798262940022596, 20.317104903343623 ], [ -98.794816131475628, 20.315826201012598 ], [ -98.793241596687807, 20.318806110381875 ], [ -98.792538425785267, 20.315828551738779 ], [ -98.789326214229547, 20.315749086498993 ], [ -98.785760357753418, 20.311285220040212 ], [ -98.79586811049937, 20.299864445601415 ], [ -98.799541681663825, 20.29105435348103 ], [ -98.802056439414599, 20.290769490243054 ], [ -98.8051802501178, 20.286097794507914 ], [ -98.808978349199876, 20.286229258576856 ], [ -98.81512689896384, 20.273532288773396 ], [ -98.82034798325158, 20.269899118113376 ], [ -98.81828426986722, 20.262650996592644 ], [ -98.812905791656348, 20.263096315998617 ], [ -98.810055996840958, 20.257242900156978 ], [ -98.811221529794437, 20.252369960677267 ], [ -98.815743121558143, 20.247781618818777 ], [ -98.818473412273065, 20.250835906463895 ], [ -98.822732021335739, 20.250841806636721 ], [ -98.838320081030815, 20.244761719592436 ], [ -98.846840643666823, 20.249534224438083 ], [ -98.851432598156606, 20.245899320008736 ], [ -98.857631480758499, 20.254786534415818 ], [ -98.882244168728988, 20.265735833348991 ], [ -98.875677275747293, 20.268604917678722 ], [ -98.88246781708682, 20.271783548278538 ], [ -98.882152818784746, 20.273850470735304 ], [ -98.887262994561638, 20.27601708020752 ], [ -98.891242658585654, 20.274941759364328 ], [ -98.892081607032068, 20.278180419836044 ], [ -98.902565227694026, 20.274648536437279 ], [ -98.904316236772402, 20.279842927677279 ], [ -98.912987563499271, 20.277849628699013 ], [ -98.912793039466777, 20.27310081651278 ], [ -98.915971841366598, 20.267744312989642 ], [ -98.928827695346442, 20.263415094467003 ], [ -98.931701641551726, 20.256696005665603 ], [ -98.938585285884756, 20.251385176333681 ], [ -98.940002987955424, 20.217612436086611 ], [ -98.946233411681661, 20.206386320508365 ], [ -98.945525111690102, 20.197836275795755 ], [ -98.941260929773705, 20.193112949089194 ], [ -98.945092649793509, 20.182732528453954 ], [ -98.954436747498974, 20.182262835784083 ], [ -98.968298898516707, 20.188589575494721 ], [ -98.970071385856443, 20.185578614663434 ], [ -98.973505982685268, 20.186736392162828 ], [ -98.979616473986212, 20.184252804341796 ], [ -98.989964718651976, 20.188882005193349 ], [ -98.976843122889179, 20.195737719583313 ], [ -98.980226454535156, 20.217954005904748 ], [ -98.970268671750901, 20.220890782155259 ], [ -98.966676272119457, 20.243876887717349 ], [ -98.984146831560949, 20.251865620844629 ], [ -98.993200580446043, 20.267953649285278 ], [ -98.993543068810709, 20.278691695616896 ], [ -98.991625941677285, 20.283411523306768 ], [ -98.981282941373578, 20.279503878918309 ], [ -98.981813482350418, 20.282026057017557 ], [ -98.978544117701659, 20.282281111736989 ], [ -98.977914951921264, 20.28894226726544 ], [ -98.975873469991853, 20.290104746207401 ], [ -98.984177963990945, 20.296374873247611 ], [ -98.986698286655226, 20.300961070569912 ], [ -98.98214750897003, 20.303080366058786 ], [ -98.983085030350594, 20.304650270762977 ], [ -98.976373637446926, 20.30693943251439 ], [ -98.978485418464558, 20.311692051672747 ], [ -98.968513326481286, 20.319323815346539 ], [ -98.966943803457411, 20.323215334874693 ], [ -98.980558994662729, 20.326537859241757 ], [ -98.978893663520054, 20.3409364562646 ] ] ] } },
{ "type": "Feature", "properties": { "cve_edo": "13", "cve_mpo_ine": "004", "cve_edo_mpo_ine": "13004", "nom_mpo": "AGUA BLANCA DE ITURBIDE", "nom_edo": "Hidalgo", "alianza_ganadora": "Va por México", "margen_pp": 25.282767797737858, "por_participacion": 40.479396714247237 }, "geometry": { "type": "Polygon", "coordinates": [ [ [ -98.339711199780822, 20.31589815687969 ], [ -98.33812097458997, 20.309211113695742 ], [ -98.340576613786027, 20.308937226413107 ], [ -98.342222253277967, 20.303871635725592 ], [ -98.345464528158672, 20.306113666785865 ], [ -98.343798618718921, 20.309193241163857 ], [ -98.35128978642021, 20.309073399425316 ], [ -98.36589258025019, 20.306105644713291 ], [ -98.369536273036786, 20.3018876065569 ], [ -98.369708226782635, 20.30917748776816 ], [ -98.382023895147185, 20.314092470842649 ], [ -98.385785764870178, 20.30967230158241 ], [ -98.394217405403907, 20.307001724765026 ], [ -98.39934539428036, 20.311029086535644 ], [ -98.40105423684561, 20.321506038387426 ], [ -98.417479716350499, 20.323033658790376 ], [ -98.424066818395545, 20.32801565268656 ], [ -98.434549833816277, 20.324312747007767 ], [ -98.443105286450859, 20.329908619317248 ], [ -98.446969885316634, 20.338610994637012 ], [ -98.452247691355069, 20.344135336973782 ], [ -98.449261010326708, 20.347430180727546 ], [ -98.445405612263698, 20.362383220402307 ], [ -98.441414780122557, 20.364575773936515 ], [ -98.447670967633115, 20.364047808557132 ], [ -98.446794592408878, 20.370035860311575 ], [ -98.440688620952528, 20.369586025269587 ], [ -98.437168357378766, 20.374039037838408 ], [ -98.428234696730357, 20.370367930227879 ], [ -98.425780962452279, 20.37163843197931 ], [ -98.426632869122201, 20.376439641571537 ], [ -98.431623200830998, 20.381218850082842 ], [ -98.43135834156557, 20.388082581197967 ], [ -98.430031146509947, 20.385181515461877 ], [ -98.427054919785292, 20.385953322486753 ], [ -98.422642784324026, 20.382169238980783 ], [ -98.420192698419513, 20.382612569668929 ], [ -98.417353725221275, 20.391366402680578 ], [ -98.407523608969228, 20.387018511330243 ], [ -98.397142064567788, 20.388333033972366 ], [ -98.390054753505154, 20.383459876620986 ], [ -98.383432702707296, 20.390705743753273 ], [ -98.384454117807323, 20.401644644457082 ], [ -98.376221992159742, 20.398659468317661 ], [ -98.369953719840098, 20.402197896431495 ], [ -98.361017331279982, 20.399743146604973 ], [ -98.355222270654224, 20.401853845736671 ], [ -98.333770678126413, 20.415319904438913 ], [ -98.327157782859018, 20.418314585785254 ], [ -98.321502783910958, 20.417723919606846 ], [ -98.317161976796541, 20.42270473103628 ], [ -98.319949692241892, 20.424704575043855 ], [ -98.317654500036866, 20.428703741586158 ], [ -98.299226407392382, 20.408258287093108 ], [ -98.298577673909591, 20.398991383609808 ], [ -98.307885337767885, 20.380969775060365 ], [ -98.308040639729768, 20.373816271351437 ], [ -98.31509107270189, 20.363267225937712 ], [ -98.315890109864156, 20.355538157094674 ], [ -98.3186324903578, 20.354891065287624 ], [ -98.317729523736602, 20.34938608836628 ], [ -98.324728628791291, 20.34818249998445 ], [ -98.331754140599543, 20.341933474094297 ], [ -98.322680946954904, 20.32786825253881 ], [ -98.32398706783907, 20.323882265000844 ], [ -98.332012043462768, 20.324378461984946 ], [ -98.332077401729734, 20.313536154032604 ], [ -98.339711199780822, 20.31589815687969 ] ] ] } },
{ "type": "Feature", "properties": { "cve_edo": "13", "cve_mpo_ine": "005", "cve_edo_mpo_ine": "13005", "nom_mpo": "AJACUBA", "nom_edo": "Hidalgo", "alianza_ganadora": "Juntos Haremos Historia", "margen_pp": 21.974189047785142, "por_participacion": 41.511619488887277 }, "geometry": { "type": "Polygon", "coordinates": [ [ [ -99.127481915331629, 20.031460311679169 ], [ -99.133567621014834, 20.027575914776779 ], [ -99.143685549413476, 20.026601480235282 ], [ -99.14484246323228, 20.035040926660063 ], [ -99.148108909987911, 20.035293727390432 ], [ -99.141156207760929, 20.046983615270271 ], [ -99.13019537869161, 20.049653473242948 ], [ -99.13554275095872, 20.065691156301551 ], [ -99.136341602318339, 20.081005064362692 ], [ -99.132905762548376, 20.096030296631614 ], [ -99.13357898475283, 20.103021399326089 ], [ -99.122271917935308, 20.108751486907178 ], [ -99.127285179471386, 20.117234373820366 ], [ -99.125443981129976, 20.123374072444037 ], [ -99.105399822049336, 20.137717742639268 ], [ -99.104040622175489, 20.140805903450921 ], [ -99.177268365450985, 20.152716330784912 ], [ -99.179479227199522, 20.151324206337694 ], [ -99.185535199429538, 20.155362660349613 ], [ -99.18743871244655, 20.163351913446533 ], [ -99.179501475859141, 20.170392910165088 ], [ -99.179822703631629, 20.17412065307629 ], [ -99.171856923003944, 20.184680324935471 ], [ -99.16650452149895, 20.196950126888147 ], [ -99.16033799427926, 20.201307943771717 ], [ -99.156374198363224, 20.207705327536019 ], [ -99.148760152760786, 20.210399374563831 ], [ -99.150610793874449, 20.204221017487242 ], [ -99.159381412817936, 20.193751934588988 ], [ -99.15828850236457, 20.192170478860337 ], [ -99.153101980215908, 20.190344221809749 ], [ -99.139667440268241, 20.194887658541983 ], [ -99.139363642567403, 20.185635638454453 ], [ -99.129371911171134, 20.190350530710258 ], [ -99.112645634611198, 20.18590272442788 ], [ -99.110511614728054, 20.198553163254847 ], [ -99.112374506611332, 20.199235604528493 ], [ -99.111869137049695, 20.202491434250259 ], [ -99.106231048641376, 20.204696136612963 ], [ -99.098309374430514, 20.202166891725824 ], [ -99.091923685409512, 20.193297070006686 ], [ -99.085794009179381, 20.17761749899751 ], [ -99.077330015594143, 20.1766085055643 ], [ -99.078615662412261, 20.166714620567394 ], [ -99.068330582665624, 20.171463860963524 ], [ -99.06702112433365, 20.17545217169139 ], [ -99.069138419905485, 20.179845526439937 ], [ -99.062582059043507, 20.183443213096123 ], [ -99.054832620100683, 20.195579372958335 ], [ -99.039737900805108, 20.194834752512929 ], [ -99.031274538935804, 20.190442293336776 ], [ -99.00969610096179, 20.195238445986416 ], [ -98.996395221405379, 20.184130937159896 ], [ -98.989964718651976, 20.188882005193349 ], [ -98.979616473986212, 20.184252804341796 ], [ -98.973505982685268, 20.186736392162828 ], [ -98.970071385856443, 20.185578614663434 ], [ -98.970889619836754, 20.176216332454512 ], [ -98.96765844771619, 20.172831460027087 ], [ -98.97025006344424, 20.171253678573301 ], [ -98.970525264356112, 20.163247108491056 ], [ -98.973625841502511, 20.158331263219122 ], [ -98.980401597867228, 20.153956688765412 ], [ -98.996577528447432, 20.159814187470968 ], [ -99.00766677399794, 20.146779989564269 ], [ -99.011881133852356, 20.136674809094831 ], [ -98.988084000256137, 20.128205516412141 ], [ -98.982697689106558, 20.119591696188124 ], [ -98.984607267682307, 20.106939768616737 ], [ -99.000070968405879, 20.099038952383225 ], [ -99.013971192186958, 20.10424747437818 ], [ -99.015747274791792, 20.097539187800724 ], [ -99.013214655746197, 20.084832377898682 ], [ -99.008812208746377, 20.08176412860303 ], [ -99.004639798762852, 20.083777155556511 ], [ -99.001913716977157, 20.082174520870151 ], [ -99.006175208687168, 20.068106250255443 ], [ -99.032473805613165, 20.076768904209953 ], [ -99.034931255389125, 20.071596408312693 ], [ -99.041861421884775, 20.068501335334222 ], [ -99.054187469877434, 20.068443939763949 ], [ -99.065417652665573, 20.072129831415371 ], [ -99.071031391354964, 20.076573685745416 ], [ -99.068528394317809, 20.051151064491474 ], [ -99.075339305839321, 20.038226494461465 ], [ -99.071139977599685, 20.017985960341843 ], [ -99.078315262358913, 20.018608433634871 ], [ -99.079505536638877, 20.026632697271808 ], [ -99.089697669332296, 20.033979442750731 ], [ -99.095694690635739, 20.030540906222335 ], [ -99.101866934617675, 20.032100193792701 ], [ -99.112824950303832, 20.028884665528096 ], [ -99.127481915331629, 20.031460311679169 ] ] ] } },
{ "type": "Feature", "properties": { "cve_edo": "13", "cve_mpo_ine": "006", "cve_edo_mpo_ine": "13006", "nom_mpo": "ALFAJAYUCAN", "nom_edo": "Hidalgo", "alianza_ganadora": "Juntos Haremos Historia", "margen_pp": 32.232397537907218, "por_participacion": 43.598638565257232 }, "geometry": { "type": "Polygon", "coordinates": [ [ [ -99.393618636082664, 20.502981578688985 ], [ -99.385053492812418, 20.509470791668601 ], [ -99.385146464231127, 20.515377254814645 ], [ -99.380325717553319, 20.511684886764904 ], [ -99.372943218995303, 20.510277603089968 ], [ -99.3687400779543, 20.512158201300338 ], [ -99.368230514596249, 20.504932033957953 ], [ -99.36540917336977, 20.502798589561955 ], [ -99.365659847602444, 20.495444568749559 ], [ -99.353499464400528, 20.497572113441691 ], [ -99.346461626769383, 20.505332210621489 ], [ -99.328073968157071, 20.492618517268014 ], [ -99.316237462927347, 20.489743635728768 ], [ -99.319881860502022, 20.481918730552781 ], [ -99.325770453556757, 20.477965648099833 ], [ -99.316664051531845, 20.471153103429415 ], [ -99.303596328372777, 20.467457167068382 ], [ -99.302052838609114, 20.474321639560305 ], [ -99.294613419772176, 20.472746038780137 ], [ -99.295246183198728, 20.481830743658065 ], [ -99.289342481747468, 20.479017216049087 ], [ -99.284481654616769, 20.472983859043659 ], [ -99.286692229860719, 20.455466912092682 ], [ -99.289308083545194, 20.452108520458552 ], [ -99.299878818445293, 20.447437082875634 ], [ -99.289577479501006, 20.406349856169125 ], [ -99.287176569967542, 20.405358673638005 ], [ -99.286715355194787, 20.398775589814953 ], [ -99.291009955200465, 20.396324773458325 ], [ -99.28476483604291, 20.394227341791098 ], [ -99.287740907156973, 20.379455192655929 ], [ -99.290551431287369, 20.379374933156807 ], [ -99.292077605441364, 20.369029357759619 ], [ -99.288817104052953, 20.359672379675668 ], [ -99.292880024612373, 20.350425409422837 ], [ -99.29345424133254, 20.339211388724895 ], [ -99.301495062698876, 20.336751095565127 ], [ -99.305494818892242, 20.337787514834801 ], [ -99.298568055787158, 20.322814878255652 ], [ -99.309398228161072, 20.326108016423003 ], [ -99.312751618593651, 20.323543659423649 ], [ -99.312995669283325, 20.320644313280216 ], [ -99.315155471111012, 20.320236842406757 ], [ -99.31542259064426, 20.308271462676949 ], [ -99.321729547678899, 20.310744699429023 ], [ -99.324908038331145, 20.315191658984549 ], [ -99.33170821087181, 20.315643111234998 ], [ -99.333182235732863, 20.309327030721256 ], [ -99.339578913514345, 20.306719899409 ], [ -99.348896321729882, 20.320902093388021 ], [ -99.346243322632532, 20.326731099492111 ], [ -99.347254471605993, 20.334523559455835 ], [ -99.345495866702578, 20.337863785670461 ], [ -99.362154483575665, 20.339393436429102 ], [ -99.369795859930022, 20.337607141052114 ], [ -99.381366937262086, 20.329385385226612 ], [ -99.386647800000461, 20.329982105674226 ], [ -99.395166889211666, 20.318067283558058 ], [ -99.405681739846045, 20.323331573446769 ], [ -99.408648509029092, 20.322197910392205 ], [ -99.415427283951786, 20.324744952035701 ], [ -99.436046398612575, 20.321761797287348 ], [ -99.439623601717628, 20.318730092936608 ], [ -99.442935265512915, 20.323886470826924 ], [ -99.45000578279226, 20.323028305685156 ], [ -99.468042139765089, 20.333026886046465 ], [ -99.476847163862431, 20.334051895184889 ], [ -99.478962413310683, 20.331166785883592 ], [ -99.49666046446454, 20.33510261785155 ], [ -99.502134295960744, 20.326879149582787 ], [ -99.507951633740319, 20.32473614670554 ], [ -99.523189042972589, 20.325390201077806 ], [ -99.527848542414489, 20.328711628397617 ], [ -99.532942497504735, 20.326248166186517 ], [ -99.536233512600333, 20.327090700397569 ], [ -99.540552539371703, 20.318863723572115 ], [ -99.54280204816817, 20.320181699756507 ], [ -99.545979540915525, 20.323835977453811 ], [ -99.541682782075995, 20.330409911829893 ], [ -99.539692994620097, 20.340475448795665 ], [ -99.54138304551465, 20.340704160776344 ], [ -99.533639760645457, 20.352718924034708 ], [ -99.535062357710643, 20.361614864824958 ], [ -99.53344682706431, 20.365242144414353 ], [ -99.535850981456164, 20.368251112160088 ], [ -99.533151517479141, 20.373098499282744 ], [ -99.520581430842626, 20.378351263937226 ], [ -99.519107310451247, 20.380446801379037 ], [ -99.520890083025733, 20.381774433546092 ], [ -99.516349581118433, 20.385336412566136 ], [ -99.518669130615891, 20.387149094671017 ], [ -99.517298247498786, 20.388622772730493 ], [ -99.51948654536541, 20.389776996595877 ], [ -99.520211725118529, 20.396207982010832 ], [ -99.516314363195406, 20.397112683174896 ], [ -99.514401614097679, 20.405910458475478 ], [ -99.519219871196441, 20.425728747553727 ], [ -99.507206162517448, 20.427209434336259 ], [ -99.507592138471097, 20.442241294049534 ], [ -99.511128753645835, 20.454235090777395 ], [ -99.505113605480432, 20.468073053744305 ], [ -99.507562078135479, 20.473064723453962 ], [ -99.510468071442162, 20.473854096345768 ], [ -99.503086695165024, 20.477927222675966 ], [ -99.496534866491942, 20.476226616389908 ], [ -99.475559488310665, 20.488032705723416 ], [ -99.467424026408224, 20.494932240126484 ], [ -99.457837945395212, 20.487427713879146 ], [ -99.447774327249462, 20.487649787813027 ], [ -99.449996188366214, 20.49672488210221 ], [ -99.44160963644191, 20.503257158909754 ], [ -99.432061754923581, 20.501864470921291 ], [ -99.426346083057481, 20.505076646216693 ], [ -99.411051665117853, 20.501814162123647 ], [ -99.406251937389271, 20.501674829388726 ], [ -99.401529373864918, 20.50467430959683 ], [ -99.393618636082664, 20.502981578688985 ] ] ] } },
{ "type": "Feature", "properties": { "cve_edo": "13", "cve_mpo_ine": "007", "cve_edo_mpo_ine": "13007", "nom_mpo": "ALMOLOYA", "nom_edo": "Hidalgo", "alianza_ganadora": "Va por México", "margen_pp": 3.8410004466279588, "por_participacion": 47.959730106029774 }, "geometry": { "type": "Polygon", "coordinates": [ [ [ -98.378477125625849, 19.630299227743119 ], [ -98.39608978478779, 19.637026037597245 ], [ -98.40171667831703, 19.643705142031742 ], [ -98.419591505097785, 19.647007834903224 ], [ -98.430116255126933, 19.64415498319811 ], [ -98.436871223093078, 19.63911582380576 ], [ -98.434067820556237, 19.646159762074277 ], [ -98.411258277488045, 19.665400377736809 ], [ -98.405781923307387, 19.666541289254109 ], [ -98.398586843753094, 19.676433023462845 ], [ -98.407118839580505, 19.689058500031653 ], [ -98.407481388437091, 19.694586967098822 ], [ -98.404179680489094, 19.69641054978613 ], [ -98.409576147363907, 19.697905555996631 ], [ -98.410993635109875, 19.696366090171264 ], [ -98.41794430623996, 19.701416574266091 ], [ -98.436765798098179, 19.695420909027373 ], [ -98.444713006823505, 19.702963984619267 ], [ -98.435009123779835, 19.706877109329781 ], [ -98.431277271009876, 19.711515260769939 ], [ -98.433319009676822, 19.713212012784975 ], [ -98.42844102389293, 19.717886616636452 ], [ -98.418783386565892, 19.720242931702352 ], [ -98.406011876814617, 19.735175935695569 ], [ -98.398278814919124, 19.739517732905409 ], [ -98.401954754814142, 19.742911816999165 ], [ -98.403950306527705, 19.749656692368237 ], [ -98.379263938134969, 19.776375194882085 ], [ -98.370999041214773, 19.778398463318471 ], [ -98.369897474381844, 19.780673516418851 ], [ -98.372760099532499, 19.78485388907778 ], [ -98.368806258202483, 19.787789449320027 ], [ -98.36134210863959, 19.783192675191913 ], [ -98.358430964278554, 19.783521975254057 ], [ -98.359147223575064, 19.79188014503362 ], [ -98.361535316775104, 19.792005661944032 ], [ -98.364105629557727, 19.797995955819498 ], [ -98.356491610960575, 19.803215288190334 ], [ -98.356321404105302, 19.805408054036025 ], [ -98.347303527462699, 19.810408698349001 ], [ -98.336316353064348, 19.821448162598095 ], [ -98.333745396951883, 19.817308820860926 ], [ -98.332759838614479, 19.819749197257817 ], [ -98.326528833151826, 19.820654705799676 ], [ -98.325413429807554, 19.81601988009211 ], [ -98.317959921651777, 19.817255128262975 ], [ -98.315168541225063, 19.819776650873038 ], [ -98.306543787213172, 19.817576346055375 ], [ -98.308191851606708, 19.827300799606949 ], [ -98.291771549907821, 19.831381632378772 ], [ -98.286363902096241, 19.837499670759161 ], [ -98.28718411806517, 19.840355314477154 ], [ -98.290798349414516, 19.841765620506646 ], [ -98.285151866421771, 19.844532061015077 ], [ -98.273868814406953, 19.85833830046132 ], [ -98.267346470241463, 19.862186731160222 ], [ -98.25572020015322, 19.825383357945906 ], [ -98.253308201133422, 19.805354634864354 ], [ -98.249777767173143, 19.799815711412261 ], [ -98.250795717091634, 19.794243763108302 ], [ -98.245507896237314, 19.790476915684131 ], [ -98.234856130681237, 19.774809009819077 ], [ -98.229033268933833, 19.773352772520017 ], [ -98.224051476270532, 19.778669121874959 ], [ -98.216129566523435, 19.777249614967431 ], [ -98.217778047693457, 19.774032512518797 ], [ -98.210608702097858, 19.773729026824007 ], [ -98.208014226048448, 19.767984796639574 ], [ -98.201309245707705, 19.768136058565425 ], [ -98.195029071125745, 19.765026290114122 ], [ -98.1994431544029, 19.756819464657887 ], [ -98.195564192000248, 19.751609100700247 ], [ -98.198561040785407, 19.746908681475418 ], [ -98.196958700549374, 19.74108380824314 ], [ -98.204377881023191, 19.737796313880434 ], [ -98.216898253160934, 19.740051271375858 ], [ -98.238087100815008, 19.721760627001153 ], [ -98.249702492534041, 19.718107420961708 ], [ -98.260848001212764, 19.71679351647164 ], [ -98.269423977282486, 19.718510648115664 ], [ -98.281828327660975, 19.715894999806675 ], [ -98.281870988915074, 19.718689242025825 ], [ -98.293927855963645, 19.726742276445584 ], [ -98.292465063964102, 19.723849625048373 ], [ -98.301841913408524, 19.722808826326794 ], [ -98.307443930499588, 19.726938176628693 ], [ -98.312629675443304, 19.727305819700629 ], [ -98.320077480410532, 19.723454633910055 ], [ -98.330968318147811, 19.722204225903216 ], [ -98.333149529711235, 19.708973370352258 ], [ -98.33109983281706, 19.704510675261272 ], [ -98.32865326786002, 19.70447169859224 ], [ -98.32980564943206, 19.699303112258601 ], [ -98.332299813412064, 19.699343420437547 ], [ -98.332600389364558, 19.693884113474898 ], [ -98.331470661440818, 19.689744784540085 ], [ -98.324526768561256, 19.684095082424989 ], [ -98.343314513807485, 19.658844735452149 ], [ -98.357711775955337, 19.65551640573559 ], [ -98.378477125625849, 19.630299227743119 ] ] ] } },
{ "type": "Feature", "properties": { "cve_edo": "13", "cve_mpo_ine": "008", "cve_edo_mpo_ine": "13008", "nom_mpo": "APAN", "nom_edo": "Hidalgo", "alianza_ganadora": "Juntos Haremos Historia", "margen_pp": 10.799212044463205, "por_participacion": 40.449630051223679 }, "geometry": { "type": "Polygon", "coordinates": [ [ [ -98.378477125625849, 19.630299227743119 ], [ -98.392799901469104, 19.613079254470126 ], [ -98.413035755952336, 19.617422328689685 ], [ -98.442027382478372, 19.612034133895243 ], [ -98.443450030258845, 19.615027454622929 ], [ -98.453419143973761, 19.61769673209298 ], [ -98.466775055085819, 19.612954789886121 ], [ -98.488733890374149, 19.619758793077224 ], [ -98.492869228146887, 19.613784293238414 ], [ -98.491048528779956, 19.607909134078813 ], [ -98.495557376642026, 19.607625539106994 ], [ -98.5006920887771, 19.603106836903908 ], [ -98.518951057281953, 19.602406084525679 ], [ -98.527929958598293, 19.614116730157331 ], [ -98.525288203961509, 19.619007841489598 ], [ -98.535431215813048, 19.634565617496392 ], [ -98.519541287128305, 19.653010883000416 ], [ -98.538322308812056, 19.671729482269185 ], [ -98.55977307242442, 19.68844764168923 ], [ -98.568824540977857, 19.720743521510858 ], [ -98.567205679871051, 19.720101254218108 ], [ -98.566792085626531, 19.723779335072855 ], [ -98.560272845725706, 19.721083673590375 ], [ -98.552592401453339, 19.720952665924404 ], [ -98.534928770050755, 19.713110399319103 ], [ -98.533623004035917, 19.719154738136812 ], [ -98.536072287146894, 19.726399783659872 ], [ -98.533755077876719, 19.739972058182417 ], [ -98.535385942998147, 19.741960243570407 ], [ -98.526551186866911, 19.756643092490886 ], [ -98.503856675172202, 19.76067334075648 ], [ -98.503254234975913, 19.764697337909467 ], [ -98.500714913852718, 19.762407775396099 ], [ -98.494314623063516, 19.765545243325484 ], [ -98.493503781154175, 19.773490280078192 ], [ -98.496298690840419, 19.775769961539247 ], [ -98.495777669730131, 19.78127360699105 ], [ -98.488213039761177, 19.785816496027099 ], [ -98.482390635821758, 19.781877318436283 ], [ -98.475000280923354, 19.786544024861701 ], [ -98.464696054379303, 19.781729058100542 ], [ -98.464292178029936, 19.793109477851988 ], [ -98.460392603297578, 19.794759330210155 ], [ -98.457852010177646, 19.792428575642546 ], [ -98.456318804732092, 19.798271180817647 ], [ -98.451779144909125, 19.801865011801109 ], [ -98.429891676736204, 19.807128428999786 ], [ -98.401540182876829, 19.820240940562407 ], [ -98.40095787113799, 19.818694668523491 ], [ -98.373412895130144, 19.848992637057247 ], [ -98.359899542220376, 19.856687407519924 ], [ -98.34046458524692, 19.85757114939447 ], [ -98.336430109107994, 19.85016221844544 ], [ -98.327687503195222, 19.848293798006637 ], [ -98.324245174506402, 19.845601755048246 ], [ -98.324939512140674, 19.843037087592304 ], [ -98.322496488985621, 19.845103863873248 ], [ -98.322841228386267, 19.842497549415445 ], [ -98.314532623705048, 19.854903009257651 ], [ -98.306092253909796, 19.85100602267725 ], [ -98.299833863990017, 19.84508420099424 ], [ -98.285742326221722, 19.849414810477139 ], [ -98.284919366291689, 19.844862818645051 ], [ -98.290798349414516, 19.841765620506646 ], [ -98.28718411806517, 19.840355314477154 ], [ -98.28775846628686, 19.835308232808796 ], [ -98.291771549907821, 19.831381632378772 ], [ -98.308191851606708, 19.827300799606949 ], [ -98.306543787213172, 19.817576346055375 ], [ -98.315168541225063, 19.819776650873038 ], [ -98.317959921651777, 19.817255128262975 ], [ -98.325413429807554, 19.81601988009211 ], [ -98.326528833151826, 19.820654705799676 ], [ -98.332759838614479, 19.819749197257817 ], [ -98.333745396951883, 19.817308820860926 ], [ -98.336316353064348, 19.821448162598095 ], [ -98.347303527462699, 19.810408698349001 ], [ -98.356321404105302, 19.805408054036025 ], [ -98.356491610960575, 19.803215288190334 ], [ -98.364105629557727, 19.797995955819498 ], [ -98.361535316775104, 19.792005661944032 ], [ -98.359147223575064, 19.79188014503362 ], [ -98.358430964278554, 19.783521975254057 ], [ -98.36134210863959, 19.783192675191913 ], [ -98.368806258202483, 19.787789449320027 ], [ -98.372760099532499, 19.78485388907778 ], [ -98.369897474381844, 19.780673516418851 ], [ -98.370999041214773, 19.778398463318471 ], [ -98.379263938134969, 19.776375194882085 ], [ -98.403950306527705, 19.749656692368237 ], [ -98.401954754814142, 19.742911816999165 ], [ -98.398278814919124, 19.739517732905409 ], [ -98.406011876814617, 19.735175935695569 ], [ -98.418783386565892, 19.720242931702352 ], [ -98.42844102389293, 19.717886616636452 ], [ -98.433319009676822, 19.713212012784975 ], [ -98.431277271009876, 19.711515260769939 ], [ -98.435009123779835, 19.706877109329781 ], [ -98.444713006823505, 19.702963984619267 ], [ -98.436765798098179, 19.695420909027373 ], [ -98.41794430623996, 19.701416574266091 ], [ -98.410993635109875, 19.696366090171264 ], [ -98.409576147363907, 19.697905555996631 ], [ -98.404179680489094, 19.69641054978613 ], [ -98.407481388437091, 19.694586967098822 ], [ -98.407118839580505, 19.689058500031653 ], [ -98.398586843753094, 19.676433023462845 ], [ -98.405781923307387, 19.666541289254109 ], [ -98.411258277488045, 19.665400377736809 ], [ -98.434067820556237, 19.646159762074277 ], [ -98.436871223093078, 19.63911582380576 ], [ -98.430116255126933, 19.64415498319811 ], [ -98.419591505097785, 19.647007834903224 ], [ -98.40171667831703, 19.643705142031742 ], [ -98.39608978478779, 19.637026037597245 ], [ -98.378477125625849, 19.630299227743119 ] ] ] } },
{ "type": "Feature", "properties": { "cve_edo": "13", "cve_mpo_ine": "009", "cve_edo_mpo_ine": "13009", "nom_mpo": "ATITALAQUIA", "nom_edo": "Hidalgo", "alianza_ganadora": "Juntos Haremos Historia", "margen_pp": 20.222182080924856, "por_participacion": 51.917846759823696 }, "geometry": { "type": "Polygon", "coordinates": [ [ [ -99.239501427239944, 20.078879762608214 ], [ -99.222023769756149, 20.080672511593395 ], [ -99.2080932142687, 20.08469420743215 ], [ -99.20544755850986, 20.082002069039174 ], [ -99.201996368566611, 20.08534770882402 ], [ -99.197389772532148, 20.086067225871108 ], [ -99.199371159445761, 20.089427659136049 ], [ -99.201750980330289, 20.088697837975769 ], [ -99.202975675121934, 20.092981559115564 ], [ -99.177957727010835, 20.096420299957796 ], [ -99.170247276159103, 20.095255338035059 ], [ -99.174835758673368, 20.085450778266491 ], [ -99.188744488650414, 20.072767083585269 ], [ -99.185855200261258, 20.068589058969987 ], [ -99.179421637233773, 20.066926562070332 ], [ -99.173514877423358, 20.061125376242785 ], [ -99.166659896992527, 20.058434060811447 ], [ -99.159352003351216, 20.048061126370452 ], [ -99.154443863697267, 20.047083095321085 ], [ -99.15270869001553, 20.043713890781362 ], [ -99.141156207760929, 20.046983615270271 ], [ -99.148108909987911, 20.035293727390432 ], [ -99.163996404168088, 20.038132189460256 ], [ -99.174758464526434, 20.036812197261007 ], [ -99.190421897936815, 20.044527181425011 ], [ -99.193444228210311, 20.048211909477612 ], [ -99.198843876721028, 20.038273414389344 ], [ -99.198102241859644, 20.03518253298412 ], [ -99.205592175687528, 20.033236924186024 ], [ -99.201885310260266, 20.026378222826988 ], [ -99.229978769823319, 20.024750733246929 ], [ -99.237704985335057, 20.021955501844655 ], [ -99.262325651645227, 20.027698996616113 ], [ -99.267935364973297, 20.041187232785816 ], [ -99.263291322959887, 20.043458706646767 ], [ -99.26761550033298, 20.051522289402765 ], [ -99.266431301524165, 20.058437598093903 ], [ -99.25472699159252, 20.059113064603181 ], [ -99.264787580762501, 20.068644144583903 ], [ -99.241336592734484, 20.072072181177635 ], [ -99.239501427239944, 20.078879762608214 ] ] ] } },
{ "type": "Feature", "properties": { "cve_edo": "13", "cve_mpo_ine": "010", "cve_edo_mpo_ine": "13010", "nom_mpo": "ATLAPEXCO", "nom_edo": "Hidalgo", "alianza_ganadora": "Juntos Haremos Historia", "margen_pp": 3.7986526946107784, "por_participacion": 70.431630971993414 }, "geometry": { "type": "Polygon", "coordinates": [ [ [ -98.416232321718596, 21.043090876669204 ], [ -98.402670178691366, 21.046271370313928 ], [ -98.402895707459436, 21.057385884439558 ], [ -98.381049607594178, 21.065600969481899 ], [ -98.382551893736334, 21.071476179167604 ], [ -98.392639522999758, 21.081857319902308 ], [ -98.384397270422383, 21.09313414471459 ], [ -98.374349216514602, 21.091267114051863 ], [ -98.369119856017818, 21.09383131487586 ], [ -98.372686004697897, 21.099905185018383 ], [ -98.362312662113169, 21.103791114990109 ], [ -98.353455754678194, 21.102514414500661 ], [ -98.350945482025097, 21.096291003169206 ], [ -98.347499737379394, 21.101953612364348 ], [ -98.34016583863702, 21.107419229927508 ], [ -98.331862613995867, 21.111791395737843 ], [ -98.328840039343532, 21.110912306553267 ], [ -98.331597532861977, 21.089517074951782 ], [ -98.323303399029882, 21.082479674208571 ], [ -98.314750068306765, 21.089496598016403 ], [ -98.315075541096078, 21.087226980674401 ], [ -98.309911762459791, 21.083665659919198 ], [ -98.30792323214439, 21.078247587635534 ], [ -98.30070763600061, 21.072533809861589 ], [ -98.298135535147637, 21.065130523399827 ], [ -98.297811249434346, 21.053860396658735 ], [ -98.315248377426386, 21.051673367971954 ], [ -98.309810458671706, 21.036577409142332 ], [ -98.314921169505894, 21.035467027661007 ], [ -98.31259561414187, 21.029908392924796 ], [ -98.316879123548389, 21.022405203359785 ], [ -98.314244690961928, 21.017317195370371 ], [ -98.321186042822006, 21.008808452651333 ], [ -98.331648187956191, 21.001005856504609 ], [ -98.330537871937324, 20.997407953743313 ], [ -98.3449474322898, 20.97811536463459 ], [ -98.333452736564126, 20.970497172520588 ], [ -98.32776932433579, 20.963380482470061 ], [ -98.32589856607629, 20.958252087442137 ], [ -98.329067356640451, 20.958710153175485 ], [ -98.330480204188206, 20.955776303495195 ], [ -98.324385366819314, 20.949527273360445 ], [ -98.326685095309259, 20.94208807468031 ], [ -98.311706112956358, 20.94440187551735 ], [ -98.312283480417747, 20.938728643712658 ], [ -98.317349870545044, 20.93294454147329 ], [ -98.335933707305827, 20.930291816574044 ], [ -98.339577761350967, 20.931126792621477 ], [ -98.340983389101424, 20.934730560730774 ], [ -98.34662258735959, 20.938342465869951 ], [ -98.350150571771238, 20.93830778486371 ], [ -98.348559962545536, 20.940374326785175 ], [ -98.35267366037624, 20.941954963494997 ], [ -98.3482602329142, 20.944264524522545 ], [ -98.3470202576585, 20.947739013715839 ], [ -98.342198777790969, 20.947522773867885 ], [ -98.343249353025513, 20.952740084104455 ], [ -98.3499975429676, 20.962521300686422 ], [ -98.355467418104055, 20.962034893009186 ], [ -98.36127461398101, 20.972683136435311 ], [ -98.375321944863316, 20.979496441414625 ], [ -98.37531515752552, 20.984711712352805 ], [ -98.371723689993189, 20.987437196514694 ], [ -98.377424521928475, 20.990965452602865 ], [ -98.391368552151064, 20.987843412558451 ], [ -98.396951471331519, 20.99203308981636 ], [ -98.399953096116207, 20.990465075067085 ], [ -98.41018426671782, 20.993709737008391 ], [ -98.41094346387591, 20.998843430263488 ], [ -98.418651348497505, 20.996826983979716 ], [ -98.427847611157674, 20.998354745537398 ], [ -98.428704278143044, 21.002843503511031 ], [ -98.420234306749165, 21.002044656481129 ], [ -98.410700068697849, 21.006417654038085 ], [ -98.410344891920602, 21.008486665788663 ], [ -98.411929696396214, 21.011800411791747 ], [ -98.419337847706586, 21.015950787417356 ], [ -98.424284795039668, 21.010618647459754 ], [ -98.425987068344014, 21.014470528130907 ], [ -98.431162113844167, 21.016547561344417 ], [ -98.431324548018907, 21.021151804485086 ], [ -98.429406602755876, 21.022265964670829 ], [ -98.436331553815393, 21.02499869453716 ], [ -98.438621761484981, 21.029844665162955 ], [ -98.433735521115565, 21.032983557612333 ], [ -98.42276364739071, 21.026951322107461 ], [ -98.419452062418642, 21.030245436332507 ], [ -98.416232321718596, 21.043090876669204 ] ] ] } },
{ "type": "Feature", "properties": { "cve_edo": "13", "cve_mpo_ine": "012", "cve_edo_mpo_ine": "13012", "nom_mpo": "ATOTONILCO DE TULA", "nom_edo": "Hidalgo", "alianza_ganadora": "Juntos Haremos Historia", "margen_pp": 24.556655508866889, "por_participacion": 38.849537933705932 }, "geometry": { "type": "Polygon", "coordinates": [ [ [ -99.265457723256318, 20.008622806270797 ], [ -99.261469205121344, 20.016298981024846 ], [ -99.262325651645227, 20.027698996616113 ], [ -99.237704985335057, 20.021955501844655 ], [ -99.229978769823319, 20.024750733246929 ], [ -99.201885310260266, 20.026378222826988 ], [ -99.205592175687528, 20.033236924186024 ], [ -99.198102241859644, 20.03518253298412 ], [ -99.198843876721028, 20.038273414389344 ], [ -99.193444228210311, 20.048211909477612 ], [ -99.190421897936815, 20.044527181425011 ], [ -99.174758464526434, 20.036812197261007 ], [ -99.163996404168088, 20.038132189460256 ], [ -99.158371612891926, 20.035839938210206 ], [ -99.14484246323228, 20.035040926660063 ], [ -99.143685549413476, 20.026601480235282 ], [ -99.162178760322831, 20.012219668558348 ], [ -99.169628592627703, 20.002770470572891 ], [ -99.185972316986863, 19.992540014146783 ], [ -99.193092986147121, 19.984396863392547 ], [ -99.197010790840423, 19.983439856073581 ], [ -99.20295581427564, 19.970478648884765 ], [ -99.213192277939427, 19.967698133742125 ], [ -99.214375968497237, 19.955325061152475 ], [ -99.220746919681972, 19.955541998471613 ], [ -99.229535439618246, 19.945121542808916 ], [ -99.221757180109449, 19.927948829396545 ], [ -99.226757344593608, 19.922129298477849 ], [ -99.218629020547496, 19.910281243607784 ], [ -99.214098081008046, 19.90858800066151 ], [ -99.21869209531134, 19.901200030835057 ], [ -99.218173741717891, 19.892985553512005 ], [ -99.216438160931148, 19.892048102414915 ], [ -99.228136712917205, 19.875131887743112 ], [ -99.237000162553798, 19.875173231848979 ], [ -99.239670707662754, 19.888736347651388 ], [ -99.246523042688764, 19.895960286540369 ], [ -99.250881424330473, 19.892575482944491 ], [ -99.2539046032295, 19.885723237126676 ], [ -99.25889969000896, 19.888612518709621 ], [ -99.263079076009063, 19.900995711125251 ], [ -99.268597602252314, 19.904297448248933 ], [ -99.267725324790931, 19.907599793772416 ], [ -99.271559179999755, 19.911149270260179 ], [ -99.273242112370582, 19.921014513185572 ], [ -99.260517061604659, 19.921057074359382 ], [ -99.256446799418455, 19.930427420137026 ], [ -99.24790351965558, 19.934018774260341 ], [ -99.250282009918962, 19.945617901549959 ], [ -99.258006950427898, 19.959941116783291 ], [ -99.268409599189326, 19.96311865186961 ], [ -99.279568722632774, 19.963282157469468 ], [ -99.278755478413061, 19.960599237249784 ], [ -99.28636961964645, 19.956593823504225 ], [ -99.298468221173735, 19.953504788799631 ], [ -99.302366780703807, 19.958218705943338 ], [ -99.302011696991499, 19.96359216162918 ], [ -99.307834173385658, 19.967480038537499 ], [ -99.3033987051503, 19.974711955652602 ], [ -99.298506329486329, 19.972725777171586 ], [ -99.287085239321257, 19.973464430658023 ], [ -99.274436901326837, 19.977136465646396 ], [ -99.27385103648291, 19.979781595818892 ], [ -99.277226016923748, 19.983710376910548 ], [ -99.272250467245371, 20.002308446116103 ], [ -99.265457723256318, 20.008622806270797 ] ] ] } },
{ "type": "Feature", "properties": { "cve_edo": "13", "cve_mpo_ine": "011", "cve_edo_mpo_ine": "13011", "nom_mpo": "ATOTONILCO EL GRANDE", "nom_edo": "Hidalgo", "alianza_ganadora": "Va por México", "margen_pp": 10.196573110480395, "por_participacion": 39.495972764261388 }, "geometry": { "type": "Polygon", "coordinates": [ [ [ -98.535066154820456, 20.348655407438745 ], [ -98.53828595511176, 20.342510355403618 ], [ -98.531979824357649, 20.339561424379415 ], [ -98.535389264264495, 20.334557876712715 ], [ -98.557805412787019, 20.329334055002697 ], [ -98.556096389221935, 20.31571233667292 ], [ -98.563759630142599, 20.314812462629714 ], [ -98.562021467507336, 20.309925302234355 ], [ -98.564437986505382, 20.304091827473282 ], [ -98.561993246319929, 20.300735336504321 ], [ -98.568777873538096, 20.300082371809328 ], [ -98.590276878536343, 20.305823010402015 ], [ -98.602344277938172, 20.298510419301341 ], [ -98.603185391581476, 20.291060069080409 ], [ -98.613176741031907, 20.273477953985935 ], [ -98.62164979929814, 20.274729013003746 ], [ -98.628348144367379, 20.262896566175502 ], [ -98.632918249422019, 20.259175469104683 ], [ -98.627692785255263, 20.246792628910292 ], [ -98.631252970038361, 20.232842588378787 ], [ -98.634222113642977, 20.233555626419079 ], [ -98.634231580423631, 20.231569973340616 ], [ -98.648713948831471, 20.232448872197971 ], [ -98.649183106565005, 20.240798034795134 ], [ -98.653793691546653, 20.239165782144518 ], [ -98.656268544346787, 20.240914457741159 ], [ -98.65129033287046, 20.251913443499451 ], [ -98.658071936596016, 20.251352777852553 ], [ -98.665104453146313, 20.257126088206846 ], [ -98.672534865541436, 20.25565592436029 ], [ -98.672228275042244, 20.257890474750283 ], [ -98.678733849507708, 20.263951598691719 ], [ -98.680786994286905, 20.262715147691701 ], [ -98.680771352788156, 20.265157457778439 ], [ -98.684264742217721, 20.267153627273068 ], [ -98.687623463619062, 20.262774425624585 ], [ -98.687489216545572, 20.265506200033212 ], [ -98.689547307064188, 20.263483138581147 ], [ -98.691411160276544, 20.264440050982497 ], [ -98.689970265889272, 20.261290253177123 ], [ -98.691427209797695, 20.252683673707786 ], [ -98.703778282515898, 20.239799497814531 ], [ -98.704565745408388, 20.235330701507522 ], [ -98.713926060201743, 20.23332542761111 ], [ -98.714974420895743, 20.243304422531956 ], [ -98.717617617699631, 20.246480063089692 ], [ -98.711889032453357, 20.246835979581103 ], [ -98.709891693770302, 20.256355862845151 ], [ -98.704731317406626, 20.258866882445115 ], [ -98.696412903610522, 20.269651445012844 ], [ -98.699267266346325, 20.269634579807288 ], [ -98.698719727339608, 20.273069044936594 ], [ -98.701181898039266, 20.271833391693228 ], [ -98.70070062770786, 20.274026155775399 ], [ -98.704789214019328, 20.274367587263761 ], [ -98.70477057966832, 20.277348037910528 ], [ -98.707352746694681, 20.275615848995372 ], [ -98.708602302586129, 20.281414359921747 ], [ -98.712823386139931, 20.27927218633376 ], [ -98.713625900142929, 20.281799296968515 ], [ -98.7180878357252, 20.278498502939524 ], [ -98.724616350226199, 20.281246326867333 ], [ -98.729055711632682, 20.291191857794438 ], [ -98.73256691100481, 20.290454990026554 ], [ -98.734615437827415, 20.299608241531445 ], [ -98.757274903835167, 20.29287066172698 ], [ -98.765213589436485, 20.284608775311924 ], [ -98.772626843938284, 20.286156240269683 ], [ -98.78257380426632, 20.284148569845936 ], [ -98.789723433090131, 20.290952052677603 ], [ -98.798188087869562, 20.292707533500636 ], [ -98.79586811049937, 20.299864445601415 ], [ -98.786105683643584, 20.310317987806371 ], [ -98.78646294950083, 20.313683696365089 ], [ -98.792129317158668, 20.315456685626735 ], [ -98.793708794704358, 20.318764263821702 ], [ -98.794816131475628, 20.315826201012598 ], [ -98.798262940022596, 20.317104903343623 ], [ -98.79890255431205, 20.313670927007564 ], [ -98.802757221109886, 20.313832250885493 ], [ -98.803164103118959, 20.311556730823568 ], [ -98.806608977310418, 20.310642922147203 ], [ -98.80848021455779, 20.313370937284319 ], [ -98.813616467809837, 20.309973187915773 ], [ -98.813385552391011, 20.312910374177729 ], [ -98.823792701182569, 20.324769928654899 ], [ -98.820172392090797, 20.325684279985506 ], [ -98.820118578986737, 20.330482687280185 ], [ -98.811355959511587, 20.32896232334344 ], [ -98.807795306164266, 20.331489583505203 ], [ -98.803892894650403, 20.344358376972668 ], [ -98.80663976607859, 20.346009961474788 ], [ -98.808104808415479, 20.351344410176051 ], [ -98.800869267775269, 20.361031684731838 ], [ -98.803856942789423, 20.370749192207214 ], [ -98.810169948527459, 20.374423683018627 ], [ -98.810173486177902, 20.378394697815764 ], [ -98.813563116095935, 20.379383613973452 ], [ -98.811462024993972, 20.381909251377454 ], [ -98.815675093307334, 20.388688259233227 ], [ -98.807287102442942, 20.389081399488546 ], [ -98.797135816038022, 20.402707923931747 ], [ -98.79222465501698, 20.404837033020318 ], [ -98.791381330411298, 20.411217048175065 ], [ -98.778634508472962, 20.416743843084511 ], [ -98.772329403450428, 20.417081946268119 ], [ -98.771325391702661, 20.419854068000166 ], [ -98.76220496270426, 20.423326919859608 ], [ -98.763296505674091, 20.427395992554704 ], [ -98.753256525454987, 20.427422145097474 ], [ -98.739634590866842, 20.432236296314464 ], [ -98.737171689416883, 20.434751051970164 ], [ -98.738085862537616, 20.439192375520193 ], [ -98.73050507176589, 20.43740721695136 ], [ -98.726745467534371, 20.440543190521417 ], [ -98.72219588163874, 20.428984120749341 ], [ -98.704769972436026, 20.435638824995372 ], [ -98.705553105740719, 20.442940155503607 ], [ -98.694722218615709, 20.437195510289339 ], [ -98.693478070794171, 20.441043638602352 ], [ -98.690353525346055, 20.4352206191076 ], [ -98.678578297735214, 20.443896743041041 ], [ -98.668010288960474, 20.444246410009438 ], [ -98.663202427968116, 20.436671266645529 ], [ -98.658636982196654, 20.439130393853919 ], [ -98.656157949846033, 20.432896204718372 ], [ -98.658328001024259, 20.430836820406881 ], [ -98.65212386252766, 20.430605162781426 ], [ -98.636038211741592, 20.421381636261284 ], [ -98.6292, 20.42145833335476 ], [ -98.622582711532203, 20.412458399106519 ], [ -98.60376488750903, 20.424010964486882 ], [ -98.606599584140582, 20.429698121191802 ], [ -98.602851985928368, 20.431089060441209 ], [ -98.599840028152258, 20.437163436645911 ], [ -98.5941698836303, 20.437302769371755 ], [ -98.588892009505827, 20.440674273781642 ], [ -98.584216861884784, 20.440528027624257 ], [ -98.580556933869673, 20.436286202571054 ], [ -98.570349255178684, 20.43242718185255 ], [ -98.570872140177528, 20.437559791490038 ], [ -98.567879308607814, 20.435273076270075 ], [ -98.561911642102842, 20.436403929920171 ], [ -98.549065620330182, 20.434146116250101 ], [ -98.551975884275294, 20.431102380918791 ], [ -98.547989874526749, 20.401009303929559 ], [ -98.549843705056787, 20.397980423138591 ], [ -98.54893016264694, 20.393600400394483 ], [ -98.544401377229747, 20.392009849682086 ], [ -98.547907620064478, 20.390296387929631 ], [ -98.545477953701337, 20.388186518728137 ], [ -98.546185123855437, 20.376840331146795 ], [ -98.54357407144262, 20.375625348109807 ], [ -98.549366612328711, 20.36024634072557 ], [ -98.543166888659457, 20.355988676616345 ], [ -98.540365676451174, 20.357465148391601 ], [ -98.535066154820456, 20.348655407438745 ] ] ] } },
{ "type": "Feature", "properties": { "cve_edo": "13", "cve_mpo_ine": "013", "cve_edo_mpo_ine": "13013", "nom_mpo": "CALNALI", "nom_edo": "Hidalgo", "alianza_ganadora": "Otros", "margen_pp": 6.4800414722654223, "por_participacion": 62.492913258281369 }, "geometry": { "type": "Polygon", "coordinates": [ [ [ -98.455813920192853, 20.968319081617111 ], [ -98.449999764387655, 20.966280012328816 ], [ -98.448395592496567, 20.961656260541822 ], [ -98.439647135293271, 20.95892817743529 ], [ -98.428455251596247, 20.960429414378304 ], [ -98.425301255374137, 20.949857950750239 ], [ -98.429094400978542, 20.932636724179776 ], [ -98.425350405225473, 20.934391464609561 ], [ -98.422356065194762, 20.933330515470814 ], [ -98.424081747678855, 20.925837298166542 ], [ -98.422300029827113, 20.920552498953196 ], [ -98.437173897445007, 20.917296942997826 ], [ -98.44092930766945, 20.905203396902706 ], [ -98.439745768265695, 20.902686559600156 ], [ -98.446466490141546, 20.89843568386139 ], [ -98.443654887265865, 20.898780259221081 ], [ -98.443347621577274, 20.895638856686517 ], [ -98.445260555665797, 20.890997865092537 ], [ -98.444244039356889, 20.886536599695695 ], [ -98.446691000708853, 20.883381719279633 ], [ -98.43219251482418, 20.864884209027256 ], [ -98.441277825176385, 20.865584558943596 ], [ -98.438619892044287, 20.860883120607468 ], [ -98.453893709224516, 20.869492631174108 ], [ -98.461207194167685, 20.87971215370202 ], [ -98.465357094756442, 20.87741692975122 ], [ -98.464111084084564, 20.874114830375287 ], [ -98.467862261437105, 20.874302789825361 ], [ -98.470125539646773, 20.86961836526152 ], [ -98.47541500722329, 20.87294132588455 ], [ -98.47951499315343, 20.872548299672705 ], [ -98.481522706099284, 20.875763700184844 ], [ -98.487961270510041, 20.874241948760858 ], [ -98.489981996907531, 20.880103869171887 ], [ -98.498238247711029, 20.878779127824604 ], [ -98.501901691831847, 20.88492184449612 ], [ -98.506832399084217, 20.886550199419304 ], [ -98.507348959094813, 20.884355698073115 ], [ -98.510758737278479, 20.886529534790178 ], [ -98.517591296499816, 20.881737584720685 ], [ -98.527244984620069, 20.878667110610433 ], [ -98.540316869240911, 20.879423480352084 ], [ -98.540583328466056, 20.874294039049676 ], [ -98.54569229639263, 20.876375208562212 ], [ -98.553208199148017, 20.868104236231034 ], [ -98.563569186151213, 20.866102988242638 ], [ -98.567819774720121, 20.861075235231951 ], [ -98.576844139931239, 20.861231126368967 ], [ -98.575826811531456, 20.857308155351209 ], [ -98.582141344987349, 20.85483234969395 ], [ -98.583351414884802, 20.851103489260556 ], [ -98.587387908413817, 20.84996382611239 ], [ -98.58760637221927, 20.847067711390682 ], [ -98.591191587139875, 20.849114891735766 ], [ -98.595285184770077, 20.847726579863501 ], [ -98.602106963102898, 20.852277485880844 ], [ -98.6043646182614, 20.847384422075141 ], [ -98.611808482210762, 20.847919854727547 ], [ -98.612206675665504, 20.845808393889492 ], [ -98.615424725027481, 20.845045065216052 ], [ -98.622991375069276, 20.84657181670439 ], [ -98.626245645573604, 20.841920657527218 ], [ -98.631817466745801, 20.84296262255409 ], [ -98.631503505227997, 20.839325219843627 ], [ -98.634330658969816, 20.841913666334452 ], [ -98.641874624695973, 20.839552300317678 ], [ -98.642773726347329, 20.843020726384662 ], [ -98.648356021822934, 20.841632825845419 ], [ -98.653549690047143, 20.845120818279781 ], [ -98.654749951123549, 20.854789297246629 ], [ -98.649528410308477, 20.868154955373175 ], [ -98.650885804049139, 20.87568996903611 ], [ -98.65865457819379, 20.87825658689577 ], [ -98.659195152093389, 20.873044812609454 ], [ -98.663792404877441, 20.875306781958624 ], [ -98.666877324110828, 20.879056198212918 ], [ -98.665864979386456, 20.883984495307917 ], [ -98.668227248922989, 20.885648006635634 ], [ -98.668094425257181, 20.890487693170055 ], [ -98.661602032333363, 20.892955670022836 ], [ -98.660604713811338, 20.899606051298878 ], [ -98.652958717494869, 20.89113376933221 ], [ -98.62777327891331, 20.896936592107387 ], [ -98.634091616602788, 20.901360128583981 ], [ -98.630796262542432, 20.907124960592597 ], [ -98.635500409656558, 20.908115743559801 ], [ -98.637486233886108, 20.913718962141434 ], [ -98.641062901793944, 20.913282660225175 ], [ -98.646430592484151, 20.916277543316237 ], [ -98.650713953590952, 20.921248591651427 ], [ -98.648700054672261, 20.92585491744417 ], [ -98.640691200882529, 20.928394812919517 ], [ -98.637312815029688, 20.938305742006147 ], [ -98.627880341623765, 20.946191514352961 ], [ -98.618014035401259, 20.951225521368816 ], [ -98.612086833290348, 20.950357256751452 ], [ -98.608952794037108, 20.954350443005985 ], [ -98.597097048596169, 20.952447621271897 ], [ -98.593194803375553, 20.955701248541331 ], [ -98.580431375229537, 20.957733336555048 ], [ -98.577996524251489, 20.953613378415241 ], [ -98.572678567292414, 20.955759309036278 ], [ -98.56831657318925, 20.952562371005065 ], [ -98.552596104138544, 20.951096281134603 ], [ -98.555493385330479, 20.946609357262535 ], [ -98.555932962489905, 20.934858449094762 ], [ -98.551268411938537, 20.930256673547618 ], [ -98.535904184883961, 20.933001645649522 ], [ -98.531820845356791, 20.93695237373603 ], [ -98.526471152209254, 20.93400360761769 ], [ -98.52951331273897, 20.932788000688376 ], [ -98.525864182189622, 20.929912774833088 ], [ -98.518514536757294, 20.937188987690366 ], [ -98.51695972676545, 20.942780067925451 ], [ -98.510605733328092, 20.938264669021095 ], [ -98.509813874104537, 20.932272468419288 ], [ -98.504123675282315, 20.931475227280732 ], [ -98.499441607916609, 20.933029747474439 ], [ -98.489889261273817, 20.945774866900731 ], [ -98.488228400438487, 20.953930145550537 ], [ -98.489703090287165, 20.955783503378523 ], [ -98.486201453894665, 20.959151137442809 ], [ -98.485988385807616, 20.963618456486827 ], [ -98.475502086084703, 20.965532710974976 ], [ -98.46972891028814, 20.959772255870043 ], [ -98.455813920192853, 20.968319081617111 ] ] ] } },
{ "type": "Feature", "properties": { "cve_edo": "13", "cve_mpo_ine": "014", "cve_edo_mpo_ine": "13014", "nom_mpo": "CARDONAL", "nom_edo": "Hidalgo", "alianza_ganadora": "Juntos Haremos Historia", "margen_pp": 23.180523180523181, "por_participacion": 52.049069830142891 }, "geometry": { "type": "Polygon", "coordinates": [ [ [ -99.17286099631329, 20.657464005663087 ], [ -99.170706739015273, 20.660529753005445 ], [ -99.173265971383543, 20.668333483210255 ], [ -99.170129945181458, 20.674502470396185 ], [ -99.170077374352502, 20.687770782436061 ], [ -99.17219096198987, 20.70028799479449 ], [ -99.176543482648896, 20.703479474720471 ], [ -99.17813477274224, 20.710055423553477 ], [ -99.165536139786738, 20.709512011885245 ], [ -99.163423466190295, 20.707034733762612 ], [ -99.153760609134125, 20.711117543231499 ], [ -99.147605753957748, 20.709189184255493 ], [ -99.140813972791847, 20.713635926150758 ], [ -99.141235748813799, 20.716619731822931 ], [ -99.133606826003586, 20.713820624267271 ], [ -99.131259586063663, 20.710764149779983 ], [ -99.13945832205421, 20.729292247382169 ], [ -99.125123693004525, 20.726341674846061 ], [ -99.121617606143303, 20.735911112446061 ], [ -99.117805888693709, 20.733561794623256 ], [ -99.116049063715352, 20.734849253565748 ], [ -99.120697418611925, 20.745430942474659 ], [ -99.112369401249325, 20.747481569853566 ], [ -99.113778285101773, 20.749754305292328 ], [ -99.103230746291231, 20.752263793167245 ], [ -99.097073282411628, 20.748554005876528 ], [ -99.086888196692655, 20.764512359802637 ], [ -99.079926199381362, 20.765799020065632 ], [ -99.084373297352343, 20.754172478058578 ], [ -99.08347930071659, 20.751203847139191 ], [ -99.072022148079327, 20.754772225383288 ], [ -99.067978778974961, 20.754131915436286 ], [ -99.060860614327026, 20.758999075276549 ], [ -99.059313898918631, 20.765655220025419 ], [ -99.048540375353383, 20.765791166287539 ], [ -99.036060047070762, 20.775927997076035 ], [ -99.032464432655885, 20.771196523421686 ], [ -99.023573685640628, 20.769772502918549 ], [ -99.012858127217896, 20.761255485175013 ], [ -99.011039619188651, 20.748421433017651 ], [ -99.007750254573978, 20.746206963993995 ], [ -99.004845336114215, 20.7386636295941 ], [ -99.0064548801016, 20.732461908961657 ], [ -99.00944823754034, 20.734058374681275 ], [ -99.015631044831693, 20.729362936689324 ], [ -99.018474860070469, 20.721788662702991 ], [ -99.025565429613806, 20.721687381351085 ], [ -99.018698108035693, 20.713002687503991 ], [ -99.022242169995565, 20.710880678540196 ], [ -99.016821053856305, 20.704868080701434 ], [ -99.014298678493688, 20.693794823867169 ], [ -99.007710103257594, 20.689055211021063 ], [ -99.009151378015289, 20.68525735797731 ], [ -99.003664087369998, 20.678623862560347 ], [ -99.00664058830904, 20.673775930385169 ], [ -99.002132258530139, 20.660788225314409 ], [ -98.991521449134424, 20.65654859335509 ], [ -98.992949509675114, 20.649150214904616 ], [ -98.987315656040806, 20.645542081435778 ], [ -98.983051458420974, 20.647048134233049 ], [ -98.97658515715068, 20.640470186746221 ], [ -98.969525441356808, 20.644796547259521 ], [ -98.964176821304719, 20.639410698797111 ], [ -98.964710956807579, 20.630203559077092 ], [ -98.959550171216705, 20.629778386696916 ], [ -98.95554000255467, 20.636131322560136 ], [ -98.948853953369806, 20.635561319178482 ], [ -98.946363672593691, 20.637584397364027 ], [ -98.944891107137934, 20.644326675881484 ], [ -98.936674391244907, 20.650843153506408 ], [ -98.931617153988498, 20.644581698311192 ], [ -98.931718785377299, 20.639058312548517 ], [ -98.929237352306203, 20.637546413323449 ], [ -98.934627915829608, 20.631928741256207 ], [ -98.933829099413146, 20.629363643792342 ], [ -98.939634774534085, 20.625680435205112 ], [ -98.941546890106665, 20.620175518044608 ], [ -98.946771711137799, 20.616872857434743 ], [ -98.947292080022024, 20.604324953886177 ], [ -98.95202908129508, 20.603768929720768 ], [ -98.948943972749561, 20.59707890313905 ], [ -98.944861089940801, 20.594263094763154 ], [ -98.94630950622421, 20.585109221672958 ], [ -98.944192152435733, 20.584512027098597 ], [ -98.944737344902904, 20.581722992893866 ], [ -98.951816758245769, 20.581180013758853 ], [ -98.954895445487395, 20.575411507787283 ], [ -98.960007412625799, 20.572525068749538 ], [ -98.963003660803679, 20.5731528274125 ], [ -98.9652723229717, 20.568100037935007 ], [ -98.962147972382439, 20.554724581093303 ], [ -98.963887724813588, 20.545566928832621 ], [ -98.957032928397936, 20.533316819140211 ], [ -98.95793928228521, 20.53122929478096 ], [ -98.948897501380273, 20.525525623807532 ], [ -98.947152453516352, 20.506194425564857 ], [ -98.950313140238862, 20.502127620198351 ], [ -98.947534935057902, 20.500292664053337 ], [ -98.960088449708948, 20.494034614268468 ], [ -98.968796487995334, 20.493055634316317 ], [ -98.970092005103425, 20.489592786036873 ], [ -98.974627965422485, 20.491530305079834 ], [ -98.979936869172164, 20.490301942852739 ], [ -98.983912246012522, 20.493907314051569 ], [ -98.98353568797431, 20.496154547781479 ], [ -98.995770894385672, 20.496168732588544 ], [ -98.997427981402268, 20.48950342637108 ], [ -98.999427369516368, 20.494046703746687 ], [ -99.005444082358011, 20.493182492623987 ], [ -99.013152992610571, 20.495868348172184 ], [ -99.016085100929345, 20.484494040473525 ], [ -99.021873349884757, 20.480143666429598 ], [ -99.02008084886468, 20.47771602277777 ], [ -99.024516079628853, 20.476829521682347 ], [ -99.029314532944767, 20.4573331548292 ], [ -99.033485789784436, 20.450635631760157 ], [ -99.034731357602993, 20.440112880883362 ], [ -99.040248179607076, 20.433439634734224 ], [ -99.042163729786267, 20.424694057018563 ], [ -99.047342556287219, 20.41893851801489 ], [ -99.059170577598877, 20.415672519153528 ], [ -99.071868163321454, 20.419537613110194 ], [ -99.078958512433843, 20.424014300920579 ], [ -99.085667771307271, 20.434102155898454 ], [ -99.087256861216346, 20.435208729603008 ], [ -99.089441759869644, 20.432184313301118 ], [ -99.097966894017617, 20.438124355389057 ], [ -99.101871071187617, 20.447248253984132 ], [ -99.094031421316288, 20.448551891288862 ], [ -99.093052515159812, 20.452316123189672 ], [ -99.124469750612789, 20.459954608775959 ], [ -99.132017499882977, 20.471464285525421 ], [ -99.130951803255201, 20.475946279736888 ], [ -99.128871437102404, 20.474945927831477 ], [ -99.124201018942998, 20.478060063611959 ], [ -99.122242008423584, 20.485092819395064 ], [ -99.116474511630187, 20.491764795661965 ], [ -99.110559975553201, 20.491864786694414 ], [ -99.107938437853917, 20.494972503255092 ], [ -99.113410394204493, 20.500619419574466 ], [ -99.113846567515409, 20.50644632910797 ], [ -99.122906676037559, 20.515306483816548 ], [ -99.121577181221781, 20.519195896285382 ], [ -99.116664632247463, 20.520905161409015 ], [ -99.12004258100481, 20.529534095316684 ], [ -99.136477946546137, 20.536718096678808 ], [ -99.13661700330816, 20.541429801469391 ], [ -99.142806305428195, 20.549553621946249 ], [ -99.148003027788377, 20.545858678818586 ], [ -99.153921966259389, 20.546253406338717 ], [ -99.15992193286344, 20.551318461223069 ], [ -99.158948755600463, 20.556075024827397 ], [ -99.153702808913593, 20.561754497141717 ], [ -99.150255010165864, 20.563666743159228 ], [ -99.144977961288404, 20.562856553792468 ], [ -99.147749661568611, 20.566650668662113 ], [ -99.148160376167979, 20.591573954174272 ], [ -99.151847939786805, 20.59065301999053 ], [ -99.153123796528888, 20.600155860080957 ], [ -99.150539318255895, 20.611282891191621 ], [ -99.151331457406101, 20.617645851392073 ], [ -99.15419868066104, 20.616644780953109 ], [ -99.156434393109777, 20.618415055363613 ], [ -99.157106620124054, 20.62415835323068 ], [ -99.164381516901273, 20.625540406074961 ], [ -99.16409735024753, 20.639512217574438 ], [ -99.170407126135999, 20.647179879741472 ], [ -99.169794698180723, 20.6538366360186 ], [ -99.17286099631329, 20.657464005663087 ] ] ] } },
{ "type": "Feature", "properties": { "cve_edo": "13", "cve_mpo_ine": "015", "cve_edo_mpo_ine": "13015", "nom_mpo": "CUAUTEPEC DE HINOJOSA", "nom_edo": "Hidalgo", "alianza_ganadora": "Juntos Haremos Historia", "margen_pp": 12.366412213740459, "por_participacion": 35.607502038597445 }, "geometry": { "type": "Polygon", "coordinates": [ [ [ -98.36649712566998, 19.92468723447719 ], [ -98.367465902596621, 19.93329987640756 ], [ -98.376268141054709, 19.937198317756277 ], [ -98.372440447601448, 19.94259741461881 ], [ -98.361285510739037, 19.948078581165117 ], [ -98.36602044124173, 19.958161131279759 ], [ -98.365787095721657, 19.971111780040022 ], [ -98.370034639020645, 19.977301695936973 ], [ -98.374970157416811, 19.977665600665581 ], [ -98.382169379756363, 19.986018956450842 ], [ -98.388729213387606, 19.987379980023128 ], [ -98.364872590130545, 19.990761315442469 ], [ -98.358015446731727, 19.987691066386652 ], [ -98.348820169750311, 19.997664453318858 ], [ -98.331279620170974, 20.010385164778185 ], [ -98.326839355409831, 20.023919389624602 ], [ -98.324689180891397, 20.022923353323758 ], [ -98.323269166924632, 20.02704943939202 ], [ -98.326290391961479, 20.028584333040484 ], [ -98.324046925259466, 20.033324507316074 ], [ -98.32908628675176, 20.041296491305808 ], [ -98.335152780960343, 20.041059586104463 ], [ -98.341395508642918, 20.048575232691963 ], [ -98.340773936559444, 20.050573522030291 ], [ -98.346447619807151, 20.051646151093841 ], [ -98.348221619822851, 20.054618679920779 ], [ -98.344952378751444, 20.064065926701296 ], [ -98.335032555759213, 20.065556074393527 ], [ -98.327859838408429, 20.084375870840468 ], [ -98.325107446058539, 20.086888388494948 ], [ -98.326297564319063, 20.09325037731033 ], [ -98.323252263428529, 20.096009938673216 ], [ -98.313414745352006, 20.093756761600289 ], [ -98.311564928129428, 20.090944355870604 ], [ -98.306171841246368, 20.096712368181979 ], [ -98.294425852562895, 20.091810694775567 ], [ -98.290139448758666, 20.087051163298433 ], [ -98.287851738120722, 20.089729430241199 ], [ -98.284600094121544, 20.087573878380748 ], [ -98.28358981172488, 20.091081220823344 ], [ -98.276559401905672, 20.087264050874236 ], [ -98.270887111713265, 20.090676513825045 ], [ -98.264314090760394, 20.088470505825327 ], [ -98.257081961641603, 20.089442039850979 ], [ -98.254466107486863, 20.088278705853376 ], [ -98.253272034067081, 20.083113800618886 ], [ -98.23961664931366, 20.076345125633214 ], [ -98.238826448022451, 20.071965836544969 ], [ -98.234815920339315, 20.070220184741725 ], [ -98.235545721978596, 20.065019329852326 ], [ -98.228809507389144, 20.061118562878747 ], [ -98.220474215409908, 20.071376372760195 ], [ -98.222467697649122, 20.079103961194733 ], [ -98.216698845080145, 20.079045779825336 ], [ -98.206420947196335, 20.072986476549556 ], [ -98.195800659524437, 20.075390557383315 ], [ -98.19146133800335, 20.079795534321537 ], [ -98.180235627981489, 20.07637453436719 ], [ -98.169382200255896, 20.078693686362975 ], [ -98.170460969560565, 20.073948510973587 ], [ -98.167276108876862, 20.070758754629104 ], [ -98.170821077731404, 20.063007143428877 ], [ -98.174443460694178, 20.06144958074325 ], [ -98.171387469893617, 20.056319557537108 ], [ -98.187194897438928, 20.043665294630188 ], [ -98.184962114151134, 20.03769809541739 ], [ -98.181753826986522, 20.038348755866512 ], [ -98.178802961614082, 20.035077357706555 ], [ -98.17312692533352, 20.033895106198848 ], [ -98.172475708950543, 20.028897878397458 ], [ -98.165332174139678, 20.019121741033064 ], [ -98.17162494818507, 20.00971997441469 ], [ -98.171027649476301, 20.00203459760683 ], [ -98.177066385600085, 19.987727673627884 ], [ -98.178811677164617, 19.966799620796785 ], [ -98.182516319093537, 19.961605894436346 ], [ -98.178308768304532, 19.951522631423501 ], [ -98.186114151921331, 19.943324117891319 ], [ -98.196048780361323, 19.952057213689795 ], [ -98.210740107525055, 19.94589912353327 ], [ -98.223531045312015, 19.958902575798966 ], [ -98.2271144529944, 19.953586005204702 ], [ -98.221615147973125, 19.948119446261931 ], [ -98.250901044180154, 19.948490750001849 ], [ -98.252842620206337, 19.944986063394186 ], [ -98.242096181489671, 19.940620730506655 ], [ -98.250926276309187, 19.933955414802949 ], [ -98.251998394135327, 19.929746362288299 ], [ -98.255095099497964, 19.927813936206626 ], [ -98.254354545019652, 19.924962660163363 ], [ -98.249224050697507, 19.926228830677584 ], [ -98.246382803544705, 19.924238945154098 ], [ -98.249262022646477, 19.91962192120171 ], [ -98.248632038879876, 19.916614919740024 ], [ -98.253233891147033, 19.918274867515969 ], [ -98.254180210435038, 19.915634233004265 ], [ -98.25739092097939, 19.915351046970169 ], [ -98.267376143510205, 19.918059982772842 ], [ -98.268382599983426, 19.904724652770959 ], [ -98.265488623595886, 19.901785170740713 ], [ -98.268296592346985, 19.89931490389904 ], [ -98.267895758911692, 19.896136355672404 ], [ -98.277820604746907, 19.892856409079641 ], [ -98.288573615353471, 19.885037746377879 ], [ -98.28990501389319, 19.87574984878778 ], [ -98.27954080396006, 19.866060837446376 ], [ -98.274741334009875, 19.857345627164651 ], [ -98.283989952841324, 19.846558213756445 ], [ -98.285742326221722, 19.849414810477139 ], [ -98.300649766252036, 19.845250456040915 ], [ -98.306092253909796, 19.85100602267725 ], [ -98.314532623705048, 19.854903009257651 ], [ -98.322841228386267, 19.842497549415445 ], [ -98.322496488985621, 19.845103863873248 ], [ -98.324939512140674, 19.843037087592304 ], [ -98.324245174506402, 19.845601755048246 ], [ -98.327687503195222, 19.848293798006637 ], [ -98.336430109107994, 19.85016221844544 ], [ -98.34046458524692, 19.85757114939447 ], [ -98.34897181798155, 19.857949319826645 ], [ -98.359899542220376, 19.856687407519924 ], [ -98.373412895130144, 19.848992637057247 ], [ -98.384525049474163, 19.837484750529228 ], [ -98.386515905232201, 19.84123715938556 ], [ -98.386631173201977, 19.847734769669415 ], [ -98.384709418938243, 19.848765804397463 ], [ -98.38622868440342, 19.884417612111648 ], [ -98.367980340928767, 19.905430399658549 ], [ -98.374976318453506, 19.912693813349215 ], [ -98.36649712566998, 19.92468723447719 ] ] ] } },
{ "type": "Feature", "properties": { "cve_edo": "13", "cve_mpo_ine": "016", "cve_edo_mpo_ine": "13016", "nom_mpo": "CHAPANTONGO", "nom_edo": "Hidalgo", "alianza_ganadora": "Va por México", "margen_pp": 11.977223640290594, "por_participacion": 51.263210870659279 }, "geometry": { "type": "Polygon", "coordinates": [ [ [ -99.426906201244904, 20.251927584643798 ], [ -99.436464220253811, 20.243329988965094 ], [ -99.449472061105809, 20.223675805148385 ], [ -99.469041016386996, 20.20714402155166 ], [ -99.469702207230014, 20.205412416379644 ], [ -99.466095291174028, 20.204178751314366 ], [ -99.462731454846974, 20.196740893129622 ], [ -99.458678584500674, 20.193599579828106 ], [ -99.458451214463082, 20.182384518775773 ], [ -99.466919139110345, 20.176836925375095 ], [ -99.467263825637204, 20.17199915314097 ], [ -99.471421650389573, 20.165459267347625 ], [ -99.486435310306945, 20.169902074273452 ], [ -99.487062768552605, 20.165853040150679 ], [ -99.49426727935807, 20.158182299518778 ], [ -99.492960666217826, 20.149398539846764 ], [ -99.500340370307484, 20.157989930372015 ], [ -99.50333930590935, 20.155948656001495 ], [ -99.505750200501637, 20.159777322885791 ], [ -99.515426478922535, 20.161106906546618 ], [ -99.517344921724501, 20.167372087851135 ], [ -99.529250096173016, 20.168739140908755 ], [ -99.535113934018909, 20.185696226976386 ], [ -99.545021513881537, 20.190891002422646 ], [ -99.542619669315997, 20.197807483288042 ], [ -99.552582239773443, 20.206022918705255 ], [ -99.563897039679318, 20.207323295318457 ], [ -99.559442256354828, 20.22268724824065 ], [ -99.561402929056271, 20.239237656223047 ], [ -99.592425501484541, 20.236563236995202 ], [ -99.590098755499909, 20.247575220824675 ], [ -99.588168019313784, 20.2519252216395 ], [ -99.585424915366261, 20.252469523765551 ], [ -99.582320938917874, 20.261664325413122 ], [ -99.583426284066178, 20.264393307453034 ], [ -99.596074764689618, 20.276904097912137 ], [ -99.59975148293816, 20.276812660754143 ], [ -99.60260309131435, 20.284007053274966 ], [ -99.612475363741225, 20.287107823942502 ], [ -99.614670266962875, 20.291194322390954 ], [ -99.608370436955298, 20.296860945117096 ], [ -99.606028212110559, 20.307073470077373 ], [ -99.60135541531568, 20.31237576012548 ], [ -99.586798906292927, 20.31994666005675 ], [ -99.584189544522076, 20.312976046722152 ], [ -99.5801026119087, 20.310497973134979 ], [ -99.585287941718391, 20.304565976931844 ], [ -99.57784175109208, 20.298148769434082 ], [ -99.576200537567658, 20.292645677999182 ], [ -99.559972857634548, 20.295951408855185 ], [ -99.556664165274384, 20.294283312679234 ], [ -99.551053045662741, 20.296835019206835 ], [ -99.549107205648582, 20.301336849706516 ], [ -99.545465986889639, 20.303146010842369 ], [ -99.53622646861615, 20.302795797240336 ], [ -99.540644455103546, 20.30708620258768 ], [ -99.536883132086984, 20.316748055755351 ], [ -99.531585943751637, 20.323011417138403 ], [ -99.531224568519576, 20.328053546736154 ], [ -99.527848542414489, 20.328711628397617 ], [ -99.523189042972589, 20.325390201077806 ], [ -99.507951633740319, 20.32473614670554 ], [ -99.502134295960744, 20.326879149582787 ], [ -99.49666046446454, 20.33510261785155 ], [ -99.478962413310683, 20.331166785883592 ], [ -99.476847163862431, 20.334051895184889 ], [ -99.468042139765089, 20.333026886046465 ], [ -99.45000578279226, 20.323028305685156 ], [ -99.442935265512915, 20.323886470826924 ], [ -99.439623601717628, 20.318730092936608 ], [ -99.436046398612575, 20.321761797287348 ], [ -99.415427283951786, 20.324744952035701 ], [ -99.408648509029092, 20.322197910392205 ], [ -99.405681739846045, 20.323331573446769 ], [ -99.395166889211666, 20.318067283558058 ], [ -99.386647800000461, 20.329982105674226 ], [ -99.381366937262086, 20.329385385226612 ], [ -99.369795859930022, 20.337607141052114 ], [ -99.362154483575665, 20.339393436429102 ], [ -99.345495866702578, 20.337863785670461 ], [ -99.347254471605993, 20.334523559455835 ], [ -99.346243322632532, 20.326731099492111 ], [ -99.348896321729882, 20.320902093388021 ], [ -99.339578913514345, 20.306719899409 ], [ -99.342816609697181, 20.30464679536043 ], [ -99.347118551925462, 20.308214554171428 ], [ -99.351157836333016, 20.307399486478346 ], [ -99.352049997482084, 20.305128404191411 ], [ -99.359632532930007, 20.30771314135233 ], [ -99.35581873592767, 20.301046650691646 ], [ -99.35162732209568, 20.29843022528561 ], [ -99.348458538215709, 20.282877461362308 ], [ -99.342434511774044, 20.283397255078945 ], [ -99.338455150724158, 20.275489673969744 ], [ -99.337377575719401, 20.253493863107476 ], [ -99.359813907102833, 20.255036891772686 ], [ -99.366489524181645, 20.258661676732711 ], [ -99.389032546255606, 20.253960279325703 ], [ -99.399587125440135, 20.265855619404956 ], [ -99.39924910787191, 20.269907189150604 ], [ -99.407627508372926, 20.276034524826017 ], [ -99.410418625817726, 20.263685087480106 ], [ -99.4175556935418, 20.262760986301231 ], [ -99.424397107738116, 20.251696635503666 ], [ -99.426253258264524, 20.250326058912151 ], [ -99.426906201244904, 20.251927584643798 ] ] ] } },
{ "type": "Feature", "properties": { "cve_edo": "13", "cve_mpo_ine": "017", "cve_edo_mpo_ine": "13017", "nom_mpo": "CHAPULHUACAN", "nom_edo": "Hidalgo", "alianza_ganadora": "Va por México", "margen_pp": 13.705048611924564, "por_participacion": 50.211739795318202 }, "geometry": { "type": "Polygon", "coordinates": [ [ [ -98.857418264403051, 21.13776184939924 ], [ -98.866922535910604, 21.136939236668557 ], [ -98.870602322396749, 21.142059708339005 ], [ -98.874701397514073, 21.140705752413481 ], [ -98.882964452305359, 21.131361351842948 ], [ -98.87242149846054, 21.126918233366773 ], [ -98.869458909943475, 21.123399061499128 ], [ -98.872005926481933, 21.118802414574361 ], [ -98.878522850479669, 21.118952611178649 ], [ -98.879448073900861, 21.117172406169576 ], [ -98.871243244467976, 21.103806622637936 ], [ -98.882097463143126, 21.110720034642753 ], [ -98.889748723126402, 21.105914190492101 ], [ -98.890566347046416, 21.097993775505405 ], [ -98.892960122234385, 21.096406831340058 ], [ -98.900577318578826, 21.094815569203426 ], [ -98.906087847780597, 21.10132063479892 ], [ -98.913151647313512, 21.096601288253439 ], [ -98.918855391639681, 21.097911107963892 ], [ -98.928648888539101, 21.089746089476527 ], [ -98.927187558095184, 21.083288248418214 ], [ -98.929146993394951, 21.078901986916541 ], [ -98.932176740721545, 21.076237214669554 ], [ -98.937690246359921, 21.075899470806572 ], [ -98.936847343041052, 21.073310429317264 ], [ -98.942313667938222, 21.067285203348721 ], [ -98.94104483094948, 21.053787898724973 ], [ -98.944082431072459, 21.052356199739794 ], [ -98.946593318316545, 21.046180861794856 ], [ -98.954350994636513, 21.041608767302595 ], [ -98.961905618313025, 21.045469999241522 ], [ -98.961062297467919, 21.049846534599769 ], [ -98.963192419266065, 21.051970386703811 ], [ -98.967498859562511, 21.047768358847225 ], [ -98.973898955308428, 21.048328082395148 ], [ -98.98673326890605, 21.039719552082037 ], [ -99.000448289056663, 21.044909157249123 ], [ -99.005076098261625, 21.037323460790851 ], [ -99.00522216958818, 21.041833631966373 ], [ -99.010317312250194, 21.04630068535554 ], [ -99.007059192317485, 21.049463609008225 ], [ -99.010442531289883, 21.053924449772676 ], [ -99.01939451188197, 21.05771457182923 ], [ -99.01056962521541, 21.060982812636208 ], [ -99.007543714302614, 21.063323988068873 ], [ -99.008280778900328, 21.065918269728176 ], [ -99.020056964057176, 21.068035165526684 ], [ -99.032210031397739, 21.067381117058947 ], [ -99.044985231232118, 21.078202946585552 ], [ -99.035449713198886, 21.088185798739843 ], [ -99.037643951340172, 21.107371416014825 ], [ -99.01971240874667, 21.106438765023686 ], [ -99.023277433871726, 21.118998078081688 ], [ -99.021664893587655, 21.126363300840765 ], [ -99.026492000192974, 21.131684555530228 ], [ -99.017579046947674, 21.138087740589569 ], [ -99.011741493693023, 21.146071395488541 ], [ -99.013962408596342, 21.147698221220089 ], [ -99.014778302384528, 21.158677169732364 ], [ -99.017792106667002, 21.158688483276951 ], [ -99.015252365377691, 21.166774830294955 ], [ -99.004545496024377, 21.169695083374098 ], [ -98.996216008953212, 21.16556366026883 ], [ -98.992534923554771, 21.166965011368617 ], [ -98.994104923908694, 21.170462554467363 ], [ -99.000240897568631, 21.17288034646484 ], [ -98.999750522944439, 21.180614907026833 ], [ -98.987295191339669, 21.179955707881177 ], [ -98.983212970428951, 21.18218758784456 ], [ -98.975149817094007, 21.180615191933672 ], [ -98.967336589111113, 21.185033423174868 ], [ -98.960018934051178, 21.182006162701491 ], [ -98.958190539345367, 21.176526823151054 ], [ -98.950790480908395, 21.181146861845797 ], [ -98.94613715337988, 21.179911386461075 ], [ -98.94511707902528, 21.182938843222697 ], [ -98.947207974043366, 21.185894329638522 ], [ -98.953471054271617, 21.184303120145593 ], [ -98.955084901216082, 21.186643212273395 ], [ -98.934994914313322, 21.190726358587021 ], [ -98.935329052645585, 21.198948622131322 ], [ -98.922800388194744, 21.197169349522138 ], [ -98.923203485065685, 21.206300306199044 ], [ -98.914582126178431, 21.202291717912939 ], [ -98.915065160698617, 21.208321845867331 ], [ -98.904012803525575, 21.212231016451188 ], [ -98.896941665750859, 21.210342858897302 ], [ -98.881794043796333, 21.184044159637846 ], [ -98.878833838938704, 21.18847959754962 ], [ -98.8681969373892, 21.180127088132469 ], [ -98.862790801258186, 21.185482496310684 ], [ -98.846079624149851, 21.191556670893998 ], [ -98.845266285152292, 21.18402489289149 ], [ -98.847725504892352, 21.175390361798193 ], [ -98.839908013535222, 21.169387849172967 ], [ -98.824855412583105, 21.166642506751725 ], [ -98.824157200248322, 21.162742418429723 ], [ -98.826591010482403, 21.160482127306814 ], [ -98.831160685550685, 21.159125342978601 ], [ -98.83570647167852, 21.162384687545682 ], [ -98.840980055431231, 21.160939338608436 ], [ -98.845143913524112, 21.152579049160934 ], [ -98.840896143751166, 21.134438889054682 ], [ -98.846668780142735, 21.1333177488019 ], [ -98.857418264403051, 21.13776184939924 ] ] ] } },
{ "type": "Feature", "properties": { "cve_edo": "13", "cve_mpo_ine": "018", "cve_edo_mpo_ine": "13018", "nom_mpo": "CHILCUAUTLA", "nom_edo": "Hidalgo", "alianza_ganadora": "Juntos Haremos Historia", "margen_pp": 28.93910860012555, "por_participacion": 45.762711864406782 }, "geometry": { "type": "Polygon", "coordinates": [ [ [ -99.227696701122355, 20.415097553129492 ], [ -99.215276652423555, 20.413033528426091 ], [ -99.199494724092006, 20.40585460540812 ], [ -99.190974182114047, 20.399145928269245 ], [ -99.191570135656875, 20.396463080157062 ], [ -99.189628036383112, 20.399150462104572 ], [ -99.179630699374357, 20.401415903380833 ], [ -99.172473088079329, 20.409954452459925 ], [ -99.165274817472593, 20.41022582394368 ], [ -99.165376531271846, 20.407042695181843 ], [ -99.158864015464374, 20.397437628179787 ], [ -99.162449197367792, 20.395302212260493 ], [ -99.156569072920561, 20.391806296668708 ], [ -99.164877948502067, 20.384067460790128 ], [ -99.182848543416696, 20.382277211502018 ], [ -99.176984664274102, 20.376715062683463 ], [ -99.184498391010322, 20.365706384424389 ], [ -99.189291021283381, 20.36609676560898 ], [ -99.192647152784346, 20.370739550466393 ], [ -99.202770560139626, 20.370033515550862 ], [ -99.208668467185859, 20.363565124332073 ], [ -99.209177844441029, 20.354712874604054 ], [ -99.214470913082465, 20.354202416654054 ], [ -99.218781351629303, 20.356450502951066 ], [ -99.230796985284542, 20.352814631277226 ], [ -99.229365454352219, 20.34875823701665 ], [ -99.231998097641124, 20.340789114971308 ], [ -99.22720677435386, 20.340317221578061 ], [ -99.222156197260389, 20.335462258455589 ], [ -99.224175034994218, 20.331376940582963 ], [ -99.223169365252971, 20.325172356610491 ], [ -99.218823803671739, 20.319947773890906 ], [ -99.22515423108004, 20.310049200610528 ], [ -99.219039616274088, 20.306885203776147 ], [ -99.214586902231019, 20.300461251505922 ], [ -99.215588441102696, 20.291742220561787 ], [ -99.211741177938052, 20.290322521556728 ], [ -99.209959390658355, 20.286347313431868 ], [ -99.205346110065236, 20.285751434658678 ], [ -99.202927611537334, 20.28098831873848 ], [ -99.196096929828997, 20.279929150345108 ], [ -99.195185679498664, 20.276825207212667 ], [ -99.199183088822167, 20.27386380491556 ], [ -99.199203771615018, 20.271176783015996 ], [ -99.191020636137679, 20.271228499696868 ], [ -99.190846352721039, 20.267321202604688 ], [ -99.195119571025529, 20.263249993064839 ], [ -99.203425597942825, 20.263120577145703 ], [ -99.199776650926637, 20.259685495679513 ], [ -99.204202093963545, 20.257380880361112 ], [ -99.198478215277561, 20.255027946526742 ], [ -99.198517033723746, 20.252228487992827 ], [ -99.202404382408602, 20.251911031536981 ], [ -99.204590193809025, 20.247095711903242 ], [ -99.213063995075416, 20.239396531961141 ], [ -99.218736521357727, 20.23883857638339 ], [ -99.2354982001564, 20.240097844884019 ], [ -99.244511174242106, 20.246123960842699 ], [ -99.244874040776693, 20.244471633342371 ], [ -99.256979440550765, 20.243273413753226 ], [ -99.278070601767737, 20.243923317034731 ], [ -99.281714133981637, 20.249226847341973 ], [ -99.286030572329949, 20.250357177256483 ], [ -99.291275371339921, 20.2442146071485 ], [ -99.296915018589075, 20.248284072767827 ], [ -99.309114011102935, 20.250389733648568 ], [ -99.315266132630441, 20.24809389413517 ], [ -99.336220066138182, 20.25183683457858 ], [ -99.338634831308781, 20.257672890460015 ], [ -99.338455150724158, 20.275489673969744 ], [ -99.342434511774044, 20.283397255078945 ], [ -99.348458538215709, 20.282877461362308 ], [ -99.35162732209568, 20.29843022528561 ], [ -99.35581873592767, 20.301046650691646 ], [ -99.359632532930007, 20.30771314135233 ], [ -99.352049997482084, 20.305128404191411 ], [ -99.351157836333016, 20.307399486478346 ], [ -99.347118551925462, 20.308214554171428 ], [ -99.342816609697181, 20.30464679536043 ], [ -99.334389537090033, 20.30800917603305 ], [ -99.33170821087181, 20.315643111234998 ], [ -99.324908038331145, 20.315191658984549 ], [ -99.321729547678899, 20.310744699429023 ], [ -99.31542259064426, 20.308271462676949 ], [ -99.315155471111012, 20.320236842406757 ], [ -99.312995669283325, 20.320644313280216 ], [ -99.312751618593651, 20.323543659423649 ], [ -99.309398228161072, 20.326108016423003 ], [ -99.298568055787158, 20.322814878255652 ], [ -99.305494818892242, 20.337787514834801 ], [ -99.301495062698876, 20.336751095565127 ], [ -99.29345424133254, 20.339211388724895 ], [ -99.292880024612373, 20.350425409422837 ], [ -99.290002579459397, 20.353486538719419 ], [ -99.288784417120354, 20.361225739062021 ], [ -99.292028145032617, 20.369575650358914 ], [ -99.28476483604291, 20.394227341791098 ], [ -99.291009955200465, 20.396324773458325 ], [ -99.286715355194787, 20.398775589814953 ], [ -99.287176569967542, 20.405358673638005 ], [ -99.289577479501006, 20.406349856169125 ], [ -99.269731234315159, 20.416264584985086 ], [ -99.267890826940388, 20.411559435301253 ], [ -99.255929424924318, 20.407760491601891 ], [ -99.253088805468181, 20.41285530413764 ], [ -99.243074382619412, 20.411900318750952 ], [ -99.227696701122355, 20.415097553129492 ] ] ] } },
{ "type": "Feature", "properties": { "cve_edo": "13", "cve_mpo_ine": "019", "cve_edo_mpo_ine": "13019", "nom_mpo": "EL ARENAL", "nom_edo": "Hidalgo", "alianza_ganadora": "Va por México", "margen_pp": 5.230536659108088, "por_participacion": 46.818600042465853 }, "geometry": { "type": "Polygon", "coordinates": [ [ [ -98.861316214241256, 20.162158786590151 ], [ -98.871252455578826, 20.15540677683223 ], [ -98.873574220104175, 20.162365058068492 ], [ -98.876944038898543, 20.165106446882671 ], [ -98.891044941282132, 20.159608668075393 ], [ -98.905939698520541, 20.168343006918974 ], [ -98.907542889789639, 20.173891364542712 ], [ -98.921735370776702, 20.172859215016626 ], [ -98.926570607881899, 20.174735332471869 ], [ -98.926665581327114, 20.178665622347815 ], [ -98.936216250780504, 20.183078993874762 ], [ -98.945092649793509, 20.182732528453954 ], [ -98.941260929773364, 20.193112949932491 ], [ -98.945525111690102, 20.197836275795755 ], [ -98.946233411681661, 20.206386320508365 ], [ -98.940002987955424, 20.217612436086611 ], [ -98.938585285884756, 20.251385176333681 ], [ -98.931701641551726, 20.256696005665603 ], [ -98.928827695346442, 20.263415094467003 ], [ -98.915971841366598, 20.267744312989642 ], [ -98.912793039466777, 20.27310081651278 ], [ -98.912987563499271, 20.277849628699013 ], [ -98.904316236772402, 20.279842927677279 ], [ -98.902565227694026, 20.274648536437279 ], [ -98.892081607032068, 20.278180419836044 ], [ -98.891242658585654, 20.274941759364328 ], [ -98.887262994561638, 20.27601708020752 ], [ -98.882152818784746, 20.273850470735304 ], [ -98.88246781708682, 20.271783548278538 ], [ -98.875677275747293, 20.268604917678722 ], [ -98.882244168728988, 20.265735833348991 ], [ -98.857631480758499, 20.254786534415818 ], [ -98.851432598156606, 20.245899320008736 ], [ -98.846840643666823, 20.249534224438083 ], [ -98.838320081030815, 20.244761719592436 ], [ -98.822732021335739, 20.250841806636721 ], [ -98.818473412273065, 20.250835906463895 ], [ -98.815743121558143, 20.247781618818777 ], [ -98.813686455931403, 20.241134911661145 ], [ -98.81580060151019, 20.22993731531373 ], [ -98.818411214825318, 20.226156970602322 ], [ -98.826588695806791, 20.225171157161316 ], [ -98.827941869916273, 20.219140786762285 ], [ -98.832027669354687, 20.213844514847949 ], [ -98.837355039702203, 20.212122789411172 ], [ -98.837652778824506, 20.206536181853721 ], [ -98.843930208509178, 20.19824106795879 ], [ -98.842457726615478, 20.189363878503105 ], [ -98.838666204385888, 20.184394791476532 ], [ -98.832683205003008, 20.182382718263749 ], [ -98.830989795292822, 20.172509212176212 ], [ -98.837578141280915, 20.168199891269364 ], [ -98.84520211465518, 20.172115031745339 ], [ -98.844888718646231, 20.166032781877934 ], [ -98.850227012501165, 20.161748827251266 ], [ -98.853970523069336, 20.160520557005658 ], [ -98.861316214241256, 20.162158786590151 ] ] ] } },
{ "type": "Feature", "properties": { "cve_edo": "13", "cve_mpo_ine": "020", "cve_edo_mpo_ine": "13020", "nom_mpo": "ELOXOCHITLAN", "nom_edo": "Hidalgo", "alianza_ganadora": "Va por México", "margen_pp": 46.428571428571431, "por_participacion": 65.522620904836188 }, "geometry": { "type": "Polygon", "coordinates": [ [ [ -98.889095954521949, 20.844288729025681 ], [ -98.885399467075231, 20.841788790303418 ], [ -98.885666181278992, 20.834980423650517 ], [ -98.876703591261133, 20.825966720826283 ], [ -98.883721716476359, 20.822709868184671 ], [ -98.889929650542797, 20.816393360126622 ], [ -98.884867904431331, 20.803814035818714 ], [ -98.87509188218749, 20.792995498204032 ], [ -98.877353782193879, 20.787380367387343 ], [ -98.870225304561714, 20.789398055207887 ], [ -98.85265150031988, 20.785651373557457 ], [ -98.845458038316167, 20.776771422283641 ], [ -98.839988582312955, 20.776404964448648 ], [ -98.84169647554593, 20.770821301963906 ], [ -98.834224560903593, 20.770528576183469 ], [ -98.834068499842203, 20.774411875569175 ], [ -98.831824823614923, 20.774728233654336 ], [ -98.824029507353387, 20.767837075651702 ], [ -98.820265733344726, 20.767605298194372 ], [ -98.821393807884021, 20.777270914860811 ], [ -98.817659338444088, 20.77117844676069 ], [ -98.815659031453933, 20.771206151835173 ], [ -98.814743858407226, 20.777679869531184 ], [ -98.798678248536305, 20.778601798850886 ], [ -98.798760312657038, 20.785495025080017 ], [ -98.779564635314017, 20.79960105170634 ], [ -98.773330098352758, 20.795258957047874 ], [ -98.774337557432787, 20.793573448467772 ], [ -98.770788631336387, 20.790903782042019 ], [ -98.765623437266498, 20.777691508844196 ], [ -98.756984047033384, 20.767549718990718 ], [ -98.757204065423821, 20.754130419299216 ], [ -98.752967213381964, 20.742204955949987 ], [ -98.761138240587073, 20.738973961356237 ], [ -98.764933019203696, 20.739729257627353 ], [ -98.770921321227547, 20.734153841427027 ], [ -98.772751372847878, 20.728615306752033 ], [ -98.784631602660227, 20.72153356478767 ], [ -98.796075578561826, 20.72367253565508 ], [ -98.828972059104771, 20.717268220285622 ], [ -98.82506770166016, 20.70833572420781 ], [ -98.822208314978056, 20.709400077706075 ], [ -98.822708118575633, 20.706447491718563 ], [ -98.81877730658411, 20.707812292261938 ], [ -98.81548757007252, 20.696507244124241 ], [ -98.824437985748318, 20.691317919950411 ], [ -98.823407310256783, 20.686760099894119 ], [ -98.827367319647351, 20.681824097983455 ], [ -98.835575047590964, 20.680128798056735 ], [ -98.837973877901135, 20.677241559138828 ], [ -98.843682983381115, 20.676108848616018 ], [ -98.855183794242507, 20.678243331571174 ], [ -98.855050472796663, 20.680029996677305 ], [ -98.845071491719622, 20.680538657926171 ], [ -98.829838014575031, 20.691724806901224 ], [ -98.833438312725548, 20.694348828852167 ], [ -98.838013623093573, 20.69397420149431 ], [ -98.838877600801609, 20.690021666220648 ], [ -98.845642723673492, 20.697723074796077 ], [ -98.849579505005309, 20.695568694423404 ], [ -98.842318344302953, 20.704812663854685 ], [ -98.84394120810245, 20.709655497675875 ], [ -98.850393275650973, 20.712211030696171 ], [ -98.85119619329582, 20.715691278270519 ], [ -98.860351367829495, 20.714525725151191 ], [ -98.868929168584529, 20.703939853578422 ], [ -98.891082866854077, 20.710953288900022 ], [ -98.893922469683659, 20.704822383716561 ], [ -98.892712782870674, 20.700100588866537 ], [ -98.899512200772932, 20.696298193142553 ], [ -98.901203353559922, 20.692669509232772 ], [ -98.895352282700145, 20.689196619291533 ], [ -98.894076401817941, 20.685347412167605 ], [ -98.897123321776462, 20.675435985663437 ], [ -98.889249885518453, 20.665048296609864 ], [ -98.891466723056368, 20.662494207300835 ], [ -98.898604697683851, 20.660723108155054 ], [ -98.903105803847055, 20.662091353738646 ], [ -98.904092665994156, 20.66494678706897 ], [ -98.911881760449305, 20.66341796401251 ], [ -98.912328382529722, 20.659427552952252 ], [ -98.919720793021767, 20.655410933613208 ], [ -98.931282411843952, 20.657290617242516 ], [ -98.934712115402021, 20.651277725632774 ], [ -98.944891107137934, 20.644326675881484 ], [ -98.95019348785128, 20.652603966258045 ], [ -98.949106752798642, 20.658266104707916 ], [ -98.95110990466371, 20.661354506387781 ], [ -98.966669428258115, 20.66012972762816 ], [ -98.96674383993161, 20.663639468681627 ], [ -98.97055314565425, 20.664902622266865 ], [ -98.970918915685203, 20.668121992586258 ], [ -98.973863693060565, 20.668065396515544 ], [ -98.975085528515365, 20.670704885674528 ], [ -98.963994919107378, 20.676907346906191 ], [ -98.954664491183664, 20.671167168968747 ], [ -98.95191030545358, 20.670312014143562 ], [ -98.951569078787301, 20.67254342688603 ], [ -98.956069701281706, 20.684457959015361 ], [ -98.956105431368954, 20.692468997631636 ], [ -98.960455823221182, 20.696785814532142 ], [ -98.964527404161984, 20.691151711203158 ], [ -98.972619210611086, 20.69446051328222 ], [ -98.964588567933063, 20.704696130983386 ], [ -98.964975764648969, 20.712664297907907 ], [ -98.970779267507325, 20.71453800739225 ], [ -98.973615565361868, 20.720347858164153 ], [ -98.977725681912531, 20.723054817438967 ], [ -98.974406241380336, 20.726827573729469 ], [ -98.975118369688033, 20.728930401700101 ], [ -98.979341635364008, 20.730728330067485 ], [ -98.982726086514901, 20.728359203909232 ], [ -98.985687293815118, 20.735696185014465 ], [ -98.981137202468474, 20.739226900368795 ], [ -98.977838215726109, 20.747500731199821 ], [ -98.967432358127908, 20.750974798632967 ], [ -98.967635169571636, 20.756961602233279 ], [ -98.934945772047271, 20.762937610443696 ], [ -98.930874771388375, 20.769456349337499 ], [ -98.925467336949765, 20.772679109850742 ], [ -98.939580750328489, 20.782025994280502 ], [ -98.942135121628155, 20.790315186097203 ], [ -98.937690909833819, 20.791862131531882 ], [ -98.935952392741541, 20.796122865417882 ], [ -98.930911993363324, 20.795277107203688 ], [ -98.922898360110864, 20.806974882770685 ], [ -98.914712497959428, 20.812928080388701 ], [ -98.917133063741844, 20.818280579686558 ], [ -98.914117636096066, 20.824950125183044 ], [ -98.905206045838383, 20.833646931296062 ], [ -98.91187998642981, 20.837930896650295 ], [ -98.904202493231836, 20.837177786585634 ], [ -98.901163855382762, 20.839048379183897 ], [ -98.89948538991267, 20.844051755731378 ], [ -98.898483890618209, 20.842693107590971 ], [ -98.889095954521949, 20.844288729025681 ] ] ] } },
{ "type": "Feature", "properties": { "cve_edo": "13", "cve_mpo_ine": "021", "cve_edo_mpo_ine": "13021", "nom_mpo": "EMILIANO ZAPATA", "nom_edo": "Hidalgo", "alianza_ganadora": "Juntos Haremos Historia", "margen_pp": 9.8435870698644425, "por_participacion": 41.9914178124179 }, "geometry": { "type": "Polygon", "coordinates": [ [ [ -98.561302891585115, 19.637035085569462 ], [ -98.567169031864253, 19.640693180254619 ], [ -98.579774767628052, 19.637699645667134 ], [ -98.590716328685772, 19.619671564755219 ], [ -98.604269920452211, 19.605124495987457 ], [ -98.612647947649563, 19.601067698704142 ], [ -98.630749503094421, 19.602799163384663 ], [ -98.633894809867513, 19.598867779925861 ], [ -98.645136427800765, 19.60778838497296 ], [ -98.663820013318244, 19.606001574089007 ], [ -98.680971831963291, 19.61230416395221 ], [ -98.679619526402448, 19.615401017813873 ], [ -98.670455310786409, 19.619534746470393 ], [ -98.668019234909082, 19.644983213980211 ], [ -98.671056338541078, 19.652637523362273 ], [ -98.66809400470494, 19.656407167100109 ], [ -98.653991425228057, 19.654760898657631 ], [ -98.652112803946878, 19.651767911968314 ], [ -98.642979578632335, 19.649459463071338 ], [ -98.634112961187938, 19.656196815079753 ], [ -98.623870884975759, 19.655981295147054 ], [ -98.620445695693462, 19.66070311177376 ], [ -98.624468395134755, 19.663665686323643 ], [ -98.629708731438669, 19.66414481569149 ], [ -98.635308480576001, 19.669498880182655 ], [ -98.638451589245008, 19.669199389006522 ], [ -98.639799065230449, 19.673244759545614 ], [ -98.630377053711896, 19.677862279853827 ], [ -98.629109926726542, 19.688202602092453 ], [ -98.625554025700822, 19.691078045116431 ], [ -98.624126696698625, 19.696602050625401 ], [ -98.627794558085412, 19.69638373711167 ], [ -98.628326704015464, 19.700390462149901 ], [ -98.633748537794773, 19.703596298589257 ], [ -98.634373143953994, 19.720752785029067 ], [ -98.621046299196962, 19.728927099247564 ], [ -98.610968544480514, 19.727636268089341 ], [ -98.601726104562715, 19.714565067947508 ], [ -98.580506075909867, 19.725331363910019 ], [ -98.568824540977857, 19.720743521510858 ], [ -98.55977307242442, 19.68844764168923 ], [ -98.538322308812056, 19.671729482269185 ], [ -98.519541287128305, 19.653010883000416 ], [ -98.535431215813048, 19.634565617496392 ], [ -98.540814435556896, 19.642099062926167 ], [ -98.561302891585115, 19.637035085569462 ] ] ] } },
{ "type": "Feature", "properties": { "cve_edo": "13", "cve_mpo_ine": "022", "cve_edo_mpo_ine": "13022", "nom_mpo": "EPAZOYUCAN", "nom_edo": "Hidalgo", "alianza_ganadora": "Juntos Haremos Historia", "margen_pp": 10.74074074074074, "por_participacion": 46.547902471061491 }, "geometry": { "type": "Polygon", "coordinates": [ [ [ -98.699161988729699, 20.048552422482853 ], [ -98.696898762742379, 20.053327516611542 ], [ -98.690013637843279, 20.055078765070174 ], [ -98.688730982940754, 20.058415629812099 ], [ -98.682286742832076, 20.062179323166319 ], [ -98.674927807397665, 20.062204507079745 ], [ -98.673605735813936, 20.066745443541098 ], [ -98.665176323588241, 20.066353034768849 ], [ -98.666837321922415, 20.100108086618416 ], [ -98.662499576372298, 20.105201201970054 ], [ -98.66327315783424, 20.108183295439122 ], [ -98.655452709132319, 20.10616853762394 ], [ -98.652140338669767, 20.102135860021288 ], [ -98.649271561605275, 20.103449144579628 ], [ -98.644152377006648, 20.098497096660285 ], [ -98.635800436827068, 20.097880555071669 ], [ -98.630211245131548, 20.093630298818326 ], [ -98.625299011505675, 20.09464413490538 ], [ -98.621297230925819, 20.088329315161836 ], [ -98.61749101770684, 20.090217860155313 ], [ -98.615318575689912, 20.104956104472844 ], [ -98.608603331212365, 20.104138524882018 ], [ -98.603726320143821, 20.109916019761346 ], [ -98.600110165632998, 20.108573743138265 ], [ -98.592535718442562, 20.104188873468232 ], [ -98.589679942212868, 20.098256138853014 ], [ -98.59418750537786, 20.097812921707536 ], [ -98.594262141295431, 20.093756043566902 ], [ -98.605246584949384, 20.082971522710348 ], [ -98.608902754212338, 20.075630609255104 ], [ -98.595993112984587, 20.070389237326914 ], [ -98.5841821852039, 20.068555549882173 ], [ -98.576619724184113, 20.072282348826235 ], [ -98.56977390580326, 20.072398725298783 ], [ -98.569476261550037, 20.059456879631931 ], [ -98.575323000663374, 20.060313407527477 ], [ -98.587692097441945, 20.054074751089544 ], [ -98.591540834807276, 20.057160661314768 ], [ -98.592726353876344, 20.053266787918201 ], [ -98.598067775332098, 20.048726482173919 ], [ -98.601391719546641, 20.03647655946051 ], [ -98.60513880703833, 20.035586294949074 ], [ -98.62012020171872, 20.018352441073759 ], [ -98.615035536018425, 20.01737611262752 ], [ -98.600160382589806, 20.007427935846039 ], [ -98.60099988647913, 19.992763132137139 ], [ -98.59674017397937, 19.986865891400175 ], [ -98.601484234822593, 19.979146843237789 ], [ -98.610711296074783, 19.971039395800158 ], [ -98.630569402756493, 19.96568770022731 ], [ -98.628074074487188, 19.960571421143239 ], [ -98.641781093492924, 19.953657826497619 ], [ -98.649564330560324, 19.959827880848408 ], [ -98.653203651834048, 19.957015548991738 ], [ -98.657703465745968, 19.973983401869642 ], [ -98.662668126066691, 19.981857275980946 ], [ -98.671499602556153, 19.987789823469559 ], [ -98.677548280319641, 19.983557198457348 ], [ -98.68413111969592, 19.987809174533389 ], [ -98.692368003161377, 19.985461990478974 ], [ -98.69607560275935, 19.977574846566764 ], [ -98.69353983658668, 19.97546611535746 ], [ -98.711741134688282, 19.986341079696139 ], [ -98.719320726512692, 19.986144455134436 ], [ -98.718402199437222, 19.992697939790961 ], [ -98.715048548765893, 19.992188318016279 ], [ -98.72841737116606, 20.00450345525924 ], [ -98.713162764110663, 19.998908445378515 ], [ -98.716403939879868, 20.00675302698334 ], [ -98.727214521618421, 20.008477119929207 ], [ -98.723081577011826, 20.022045762877131 ], [ -98.722056293327938, 20.02016244475449 ], [ -98.715562790188713, 20.020485985769803 ], [ -98.71533842547754, 20.023878975711945 ], [ -98.707113214114699, 20.023918267987888 ], [ -98.706040035559596, 20.021170035988213 ], [ -98.692067228847321, 20.019001537900749 ], [ -98.688044465085909, 20.016545034895252 ], [ -98.685550012824621, 20.018910030648939 ], [ -98.679699980230083, 20.012620037674495 ], [ -98.675488871449332, 20.026158678301428 ], [ -98.681675288810311, 20.026740133640498 ], [ -98.686759993439054, 20.034130008793369 ], [ -98.697459990647332, 20.030050003422406 ], [ -98.699161988729699, 20.048552422482853 ] ] ] } },
{ "type": "Feature", "properties": { "cve_edo": "13", "cve_mpo_ine": "023", "cve_edo_mpo_ine": "13023", "nom_mpo": "FRANCISCO I. MADERO", "nom_edo": "Hidalgo", "alianza_ganadora": "Juntos Haremos Historia", "margen_pp": 43.743864683228878, "por_participacion": 47.648688518691763 }, "geometry": { "type": "Polygon", "coordinates": [ [ [ -99.062790395821665, 20.264409126327919 ], [ -99.065541855912073, 20.260344677991661 ], [ -99.061770171635459, 20.250942872411009 ], [ -99.050381797290129, 20.257881339483053 ], [ -99.049618044330444, 20.25435323505673 ], [ -99.029373758850582, 20.260996314818833 ], [ -99.005415515963364, 20.265553491198954 ], [ -99.00547662206364, 20.251990931832555 ], [ -99.014612696976258, 20.238973229968689 ], [ -99.021028851243869, 20.237384094711324 ], [ -99.018094456371799, 20.233507269046157 ], [ -99.023010861774253, 20.232662034090563 ], [ -99.043115664906381, 20.221362773143859 ], [ -99.042098087207506, 20.205614474238892 ], [ -99.034098968762208, 20.199931641966764 ], [ -99.034854973512111, 20.192655271695735 ], [ -99.039737900805108, 20.194834752512929 ], [ -99.054832620100683, 20.195579372958335 ], [ -99.062582059043507, 20.183443213096123 ], [ -99.069138419905485, 20.179845526439937 ], [ -99.06702112433365, 20.17545217169139 ], [ -99.068330582665624, 20.171463860963524 ], [ -99.078615662412261, 20.166714620567394 ], [ -99.077330015594441, 20.176608506131068 ], [ -99.085794009179381, 20.17761749899751 ], [ -99.091923685409512, 20.193297070006686 ], [ -99.097555712365974, 20.201621255979745 ], [ -99.103199475240359, 20.203958596566181 ], [ -99.111869137049695, 20.202491434250259 ], [ -99.112374506611332, 20.199235604528493 ], [ -99.110511614728054, 20.198553163254847 ], [ -99.112645634611198, 20.18590272442788 ], [ -99.129371911171134, 20.190350530710258 ], [ -99.139363642567403, 20.185635638454453 ], [ -99.139667440268241, 20.194887658541983 ], [ -99.153101980215908, 20.190344221809749 ], [ -99.15828850236457, 20.192170478860337 ], [ -99.159381412817936, 20.193751934588988 ], [ -99.150610793874449, 20.204221017487242 ], [ -99.148760152760786, 20.210399374563831 ], [ -99.135577212019768, 20.222793952856197 ], [ -99.136867696790134, 20.229342067705307 ], [ -99.12741869448665, 20.242003583619208 ], [ -99.126907999419998, 20.261666719885248 ], [ -99.13076036080983, 20.269304578281119 ], [ -99.129705555553201, 20.276875604233723 ], [ -99.123218015301106, 20.284252773022136 ], [ -99.110778254162653, 20.283483650091675 ], [ -99.111362934123235, 20.29052500006955 ], [ -99.105879445886018, 20.291012209485288 ], [ -99.100714570640747, 20.288466259790805 ], [ -99.097896220034741, 20.289260167228154 ], [ -99.095956522175612, 20.286090654920255 ], [ -99.09271506140135, 20.295489689331365 ], [ -99.08869021909014, 20.298711194650682 ], [ -99.081683848655601, 20.286579906484995 ], [ -99.080290552096784, 20.278283770950118 ], [ -99.068523025584184, 20.275573541059565 ], [ -99.065074631173616, 20.271722854877773 ], [ -99.062790395821665, 20.264409126327919 ] ] ] } },
{ "type": "Feature", "properties": { "cve_edo": "13", "cve_mpo_ine": "024", "cve_edo_mpo_ine": "13024", "nom_mpo": "HUASCA DE OCAMPO", "nom_edo": "Hidalgo", "alianza_ganadora": "Va por México", "margen_pp": 9.4307721209844075, "por_participacion": 37.174383686011595 }, "geometry": { "type": "Polygon", "coordinates": [ [ [ -98.526405912779381, 20.108804588176728 ], [ -98.530465077556741, 20.103444734055437 ], [ -98.541317741631886, 20.100062056741606 ], [ -98.542829942231577, 20.100193374800241 ], [ -98.542894048518406, 20.106773152847239 ], [ -98.55503134596303, 20.102857774381029 ], [ -98.5593477095412, 20.109084950089112 ], [ -98.566424595132446, 20.112179857682314 ], [ -98.567412011472612, 20.118008372928159 ], [ -98.575907673773742, 20.123171624582117 ], [ -98.566642340537825, 20.131367423074273 ], [ -98.565001339582679, 20.143854235392116 ], [ -98.561653235885004, 20.14777087961297 ], [ -98.563363073801185, 20.155761861683505 ], [ -98.559129584321184, 20.161453755729539 ], [ -98.559053537189413, 20.175973799848141 ], [ -98.561895900200952, 20.179584268304595 ], [ -98.566663033907361, 20.172405182191692 ], [ -98.570690849718929, 20.172628004696811 ], [ -98.575149714051776, 20.168508730113945 ], [ -98.583602349011642, 20.171230707166171 ], [ -98.585481292663005, 20.169169561498119 ], [ -98.594172688818801, 20.170899110551844 ], [ -98.597180000778465, 20.176702188654676 ], [ -98.599067700365524, 20.172862079379325 ], [ -98.602919802630623, 20.17320760395841 ], [ -98.603639317278819, 20.181194464839241 ], [ -98.606926889713264, 20.17764912301358 ], [ -98.609370396497397, 20.179478490965508 ], [ -98.614695438329932, 20.177181662531932 ], [ -98.615091053618315, 20.179872092109466 ], [ -98.611159047510441, 20.183870241911134 ], [ -98.608760134945456, 20.196685550414053 ], [ -98.606354536357557, 20.198951803815994 ], [ -98.612719307514155, 20.199141065112794 ], [ -98.61734680529149, 20.196303781997052 ], [ -98.623763895099557, 20.197733893862907 ], [ -98.628581314158822, 20.188737240116787 ], [ -98.63167155451336, 20.20241387146131 ], [ -98.629324431646566, 20.207310285017858 ], [ -98.631784600783362, 20.230237357551371 ], [ -98.627692785255263, 20.246792628910292 ], [ -98.632918249422019, 20.259175469104683 ], [ -98.628348144367379, 20.262896566175502 ], [ -98.62164979929814, 20.274729013003746 ], [ -98.613176741031907, 20.273477953985935 ], [ -98.603185391581476, 20.291060069080409 ], [ -98.602344277938172, 20.298510419301341 ], [ -98.593143528665763, 20.305329786749429 ], [ -98.579114453764831, 20.304028780620001 ], [ -98.568777873538096, 20.300082371809328 ], [ -98.561993246319929, 20.300735336504321 ], [ -98.564437986505382, 20.304091827473282 ], [ -98.562021467507336, 20.309925302234355 ], [ -98.563759630142599, 20.314812462629714 ], [ -98.556096389221935, 20.31571233667292 ], [ -98.557805412787019, 20.329334055002697 ], [ -98.535389264264495, 20.334557876712715 ], [ -98.531979824357649, 20.339561424379415 ], [ -98.53828595511176, 20.342510355403618 ], [ -98.534993544848874, 20.347472740530812 ], [ -98.522845755948694, 20.342527273590342 ], [ -98.517719243707788, 20.336889030572806 ], [ -98.511451538362977, 20.339652035095657 ], [ -98.505910263959919, 20.335627180950038 ], [ -98.496367349087024, 20.33838395849504 ], [ -98.495322362235186, 20.336312315223172 ], [ -98.489997973579435, 20.336965052581849 ], [ -98.486905591826314, 20.335055211596437 ], [ -98.471639271862202, 20.335688870562564 ], [ -98.459264197843666, 20.329827897601664 ], [ -98.460838706733583, 20.325775173744404 ], [ -98.474015795541717, 20.326048267624259 ], [ -98.476476821486585, 20.324769681032336 ], [ -98.475843918779375, 20.32207777106062 ], [ -98.48415141466964, 20.321099828924918 ], [ -98.488664713869198, 20.318293208784763 ], [ -98.495078779509186, 20.307500499108563 ], [ -98.491533030846895, 20.285945712100347 ], [ -98.485453126645311, 20.286164260816378 ], [ -98.482550704357863, 20.280694664249978 ], [ -98.480096903066226, 20.280276144287392 ], [ -98.48608151429184, 20.274574586647212 ], [ -98.48311987662079, 20.269353262835189 ], [ -98.488858475672245, 20.266755830501939 ], [ -98.482640404015257, 20.257057802019453 ], [ -98.474769670424038, 20.251744403061114 ], [ -98.47167131395878, 20.251862698417927 ], [ -98.471101048458038, 20.248177375223243 ], [ -98.466838933805235, 20.246968688520017 ], [ -98.469304367239602, 20.244241319591026 ], [ -98.464726273904375, 20.234173254670917 ], [ -98.469278802952488, 20.235755108776594 ], [ -98.468236440420839, 20.233269346302428 ], [ -98.470749033899807, 20.233398359778587 ], [ -98.473047137609072, 20.22851801716811 ], [ -98.478894162480742, 20.22778389911959 ], [ -98.480446839776633, 20.219052223874314 ], [ -98.469900076873046, 20.211125686931251 ], [ -98.466380592731923, 20.203441731238382 ], [ -98.467719836042832, 20.200731085976795 ], [ -98.464807620664217, 20.198324479332548 ], [ -98.468844290859494, 20.197048995582215 ], [ -98.467990295489898, 20.191251897685142 ], [ -98.46490619073775, 20.188017040401363 ], [ -98.473976454675494, 20.184350148830262 ], [ -98.480664570576195, 20.177076913559791 ], [ -98.477135033124654, 20.168087359227922 ], [ -98.481693740555613, 20.152116827207227 ], [ -98.483852699078483, 20.152741733899326 ], [ -98.487196693931239, 20.148897949254803 ], [ -98.494753599772821, 20.127219679920973 ], [ -98.499604036319369, 20.12644163107252 ], [ -98.502279269443434, 20.113530500945842 ], [ -98.511874244776294, 20.108661919139855 ], [ -98.519428073159844, 20.100784321083935 ], [ -98.526405912779381, 20.108804588176728 ] ] ] } },
{ "type": "Feature", "properties": { "cve_edo": "13", "cve_mpo_ine": "025", "cve_edo_mpo_ine": "13025", "nom_mpo": "HUAUTLA", "nom_edo": "Hidalgo", "alianza_ganadora": "Juntos Haremos Historia", "margen_pp": 28.729796933278077, "por_participacion": 60.028608744324899 }, "geometry": { "type": "Polygon", "coordinates": [ [ [ -98.315248377426386, 21.051673367971954 ], [ -98.297811249434346, 21.053860396658735 ], [ -98.298135535147637, 21.065130523399827 ], [ -98.30070763600061, 21.072533809861589 ], [ -98.30792323214439, 21.078247587635534 ], [ -98.309911762459791, 21.083665659919198 ], [ -98.315075541096078, 21.087226980674401 ], [ -98.314750068306765, 21.089496598016403 ], [ -98.303659542784771, 21.096750047460823 ], [ -98.29499850978182, 21.096209783309043 ], [ -98.291750853086597, 21.093351201925042 ], [ -98.285051699153883, 21.093632416224558 ], [ -98.292584354334281, 21.100854849076764 ], [ -98.289927680917344, 21.105216208227272 ], [ -98.292863825822437, 21.109735602680455 ], [ -98.292149847107112, 21.118887694516555 ], [ -98.284424911063141, 21.120556999215513 ], [ -98.282614890772237, 21.123492933849629 ], [ -98.273926984068936, 21.123450504806126 ], [ -98.266836457051852, 21.138380582671324 ], [ -98.262330793429115, 21.136232755820199 ], [ -98.26330453677916, 21.133019685899935 ], [ -98.26854265834082, 21.132530487359332 ], [ -98.263136258431246, 21.126491582372655 ], [ -98.251934480831125, 21.123745152579602 ], [ -98.247656918805234, 21.133702083042991 ], [ -98.239204279995405, 21.137961086899509 ], [ -98.236984922178877, 21.142153801248387 ], [ -98.234064503837715, 21.140267802679073 ], [ -98.23362616631529, 21.142824762735664 ], [ -98.229980319965179, 21.142832062132715 ], [ -98.231075840898669, 21.144907645418105 ], [ -98.226942219132269, 21.146562609119808 ], [ -98.226018698719898, 21.153307670459064 ], [ -98.219825063196183, 21.152413786942354 ], [ -98.221348896741944, 21.148894795333398 ], [ -98.21850624628496, 21.144486694316416 ], [ -98.211691963581742, 21.144137282845044 ], [ -98.204349635933298, 21.135846834471455 ], [ -98.207712407015435, 21.130023841412356 ], [ -98.206661672972288, 21.12700411217217 ], [ -98.195277224959639, 21.120823694875778 ], [ -98.202823551748523, 21.109799561403225 ], [ -98.202124297954924, 21.107317864829163 ], [ -98.19901285661166, 21.106320041300389 ], [ -98.185490842206335, 21.110222166474788 ], [ -98.174458167876892, 21.105198603394388 ], [ -98.169778802987466, 21.097086617244027 ], [ -98.155232710907825, 21.088375515339408 ], [ -98.147091300682675, 21.079511584075398 ], [ -98.148106783448739, 21.073188679052933 ], [ -98.154476509720766, 21.063239025155987 ], [ -98.150566246099572, 21.053887928715245 ], [ -98.151181117088939, 21.043471431806601 ], [ -98.155202204965818, 21.032855292459072 ], [ -98.161495726624807, 21.028816811198681 ], [ -98.161170338070221, 21.018356970660573 ], [ -98.163871750431113, 21.018155728815831 ], [ -98.168146757061379, 21.022587739585084 ], [ -98.176489019923679, 21.020785138377132 ], [ -98.182574479115473, 21.029437064951459 ], [ -98.188076243767654, 21.030924732118791 ], [ -98.190685446283354, 21.026227744694605 ], [ -98.188403741057314, 21.022750858233508 ], [ -98.189060977697935, 21.017997884470617 ], [ -98.197523184426444, 21.014912888342167 ], [ -98.201528387014889, 21.010049157959063 ], [ -98.199374055922746, 20.991562169682833 ], [ -98.210349172380262, 20.991275704356738 ], [ -98.213969387128714, 20.98563104478103 ], [ -98.207291827136245, 20.97917024622835 ], [ -98.215640984604349, 20.972942119496302 ], [ -98.209220274435708, 20.967104040918805 ], [ -98.215088768134791, 20.96120507439198 ], [ -98.214611984978163, 20.953811387378263 ], [ -98.218646041257742, 20.953984295661286 ], [ -98.225405017714635, 20.960350829191256 ], [ -98.227429566155593, 20.959568570004059 ], [ -98.226403666138864, 20.953591239313933 ], [ -98.228696040314375, 20.944863716074103 ], [ -98.235136062511742, 20.940340002912123 ], [ -98.236448357633549, 20.930642429427213 ], [ -98.246138627226131, 20.926729899761177 ], [ -98.250771700423158, 20.92810112575636 ], [ -98.253986758170001, 20.934513857752595 ], [ -98.263920945312776, 20.936470942974431 ], [ -98.268478752315971, 20.936064170880094 ], [ -98.27682207006562, 20.930370313183907 ], [ -98.282508458857919, 20.933685166498073 ], [ -98.293070642874838, 20.934194685626387 ], [ -98.296634642770144, 20.943707754547418 ], [ -98.301914707487228, 20.944830352090232 ], [ -98.303200917054795, 20.947891195389982 ], [ -98.313595463562649, 20.943644918229797 ], [ -98.326685095309259, 20.94208807468031 ], [ -98.327622115560146, 20.943453347055829 ], [ -98.324385366819314, 20.949527273360445 ], [ -98.330480204188206, 20.955776303495195 ], [ -98.329067356640451, 20.958710153175485 ], [ -98.32589856607629, 20.958252087442137 ], [ -98.32776932433579, 20.963380482470061 ], [ -98.333452736564126, 20.970497172520588 ], [ -98.344947432289814, 20.97811536463459 ], [ -98.330537871937324, 20.997407953743313 ], [ -98.331648187956205, 21.001005856504609 ], [ -98.321186042822006, 21.008808452651333 ], [ -98.314244690961928, 21.017317195370371 ], [ -98.316879123548389, 21.022405203359785 ], [ -98.31259561414187, 21.029908392924796 ], [ -98.314743843661276, 21.036210979740876 ], [ -98.309810458671706, 21.036577409142332 ], [ -98.315248377426386, 21.051673367971954 ] ] ] } },
{ "type": "Feature", "properties": { "cve_edo": "13", "cve_mpo_ine": "026", "cve_edo_mpo_ine": "13026", "nom_mpo": "HUAZALINGO", "nom_edo": "Hidalgo", "alianza_ganadora": "Va por México", "margen_pp": 33.944507545026774, "por_participacion": 66.967293273932412 }, "geometry": { "type": "Polygon", "coordinates": [ [ [ -98.494419689809774, 21.057713588925896 ], [ -98.480456537808223, 21.054543974587084 ], [ -98.477274213762101, 21.045279625096835 ], [ -98.480956383307429, 21.039897602856602 ], [ -98.475411648546171, 21.034742604355802 ], [ -98.470232186336673, 21.039086463898752 ], [ -98.460356646171391, 21.03924600082193 ], [ -98.450123280771905, 21.04375428376067 ], [ -98.443149730113518, 21.042436352311093 ], [ -98.434533596777598, 21.045829399566571 ], [ -98.432774860124127, 21.043763936985712 ], [ -98.424871457901716, 21.045154888937592 ], [ -98.416232321718596, 21.043090876669204 ], [ -98.419452062418642, 21.030245436332507 ], [ -98.42276364739071, 21.026951322107461 ], [ -98.433735521115565, 21.032983557612333 ], [ -98.438326736289355, 21.030796255571261 ], [ -98.438623820615192, 21.027526755429964 ], [ -98.429406602755876, 21.022265964670829 ], [ -98.431324548018907, 21.021151804485086 ], [ -98.431162113844167, 21.016547561344417 ], [ -98.425987068344014, 21.014470528130907 ], [ -98.424284795039668, 21.010618647459754 ], [ -98.419337847706586, 21.015950787417356 ], [ -98.411929696396214, 21.011800411791747 ], [ -98.410345602642892, 21.007824407257417 ], [ -98.420234306749165, 21.002044656481129 ], [ -98.428704278143044, 21.002843503511031 ], [ -98.428527991745625, 20.990358562031709 ], [ -98.434930721168584, 20.983182145501058 ], [ -98.439662913524785, 20.980542072968266 ], [ -98.443949459497944, 20.981389719086245 ], [ -98.452655488274019, 20.966781852336688 ], [ -98.45710385838396, 20.968312706241193 ], [ -98.46972891028814, 20.959772255870043 ], [ -98.475502086084703, 20.965532710974976 ], [ -98.485988385807616, 20.963618456486827 ], [ -98.486201453894665, 20.959151137442809 ], [ -98.489703090287165, 20.955783503378523 ], [ -98.488228400438487, 20.953930145550537 ], [ -98.489889261273817, 20.945774866900731 ], [ -98.499441607916609, 20.933029747474439 ], [ -98.509813874104537, 20.932272468419288 ], [ -98.510605733328092, 20.938264669021095 ], [ -98.51695972676545, 20.942780067925451 ], [ -98.518514536757294, 20.937188987690366 ], [ -98.525864182189622, 20.929912774833088 ], [ -98.52951331273897, 20.932788000688376 ], [ -98.526471152209254, 20.93400360761769 ], [ -98.53082321974027, 20.936750975630897 ], [ -98.53798527816835, 20.933116422154804 ], [ -98.536011498005522, 20.935694132232754 ], [ -98.537688161259481, 20.940522889520704 ], [ -98.53557188357432, 20.947651778799063 ], [ -98.542236398998284, 20.953192154411628 ], [ -98.543854699019363, 20.965922119615808 ], [ -98.550895778215704, 20.974644847307676 ], [ -98.547576985220005, 20.977728027755617 ], [ -98.543358780472659, 20.978128325102013 ], [ -98.542617761967918, 20.980987472810575 ], [ -98.538410117444485, 20.982835375813064 ], [ -98.536647748145512, 20.990334185298639 ], [ -98.532666107343019, 20.991063574986587 ], [ -98.53369132030906, 20.994945216067549 ], [ -98.53106780875892, 21.00501426558656 ], [ -98.533090798084871, 21.009013464269913 ], [ -98.528842630549121, 21.013467395976953 ], [ -98.532999127637154, 21.020513686256251 ], [ -98.525741180052435, 21.022422579790348 ], [ -98.522234831738302, 21.032207625507105 ], [ -98.517379491950862, 21.033935062981602 ], [ -98.516419502952246, 21.03907056567364 ], [ -98.509080196639914, 21.046149894820623 ], [ -98.508188581122909, 21.051502958989921 ], [ -98.498936339928562, 21.052765295588465 ], [ -98.493236905341647, 21.048482787188341 ], [ -98.483891274716683, 21.046439601850889 ], [ -98.491734364428964, 21.051744341157537 ], [ -98.494419689809774, 21.057713588925896 ] ] ] } },
{ "type": "Feature", "properties": { "cve_edo": "13", "cve_mpo_ine": "027", "cve_edo_mpo_ine": "13027", "nom_mpo": "HUEHUETLA", "nom_edo": "Hidalgo", "alianza_ganadora": "Juntos Haremos Historia", "margen_pp": 7.7336551118911805, "por_participacion": 52.873963227190998 }, "geometry": { "type": "Polygon", "coordinates": [ [ [ -98.095730350801048, 20.382136686390641 ], [ -98.098645617067859, 20.382097241737537 ], [ -98.105630488202209, 20.394692154084591 ], [ -98.115830667148529, 20.399295443666286 ], [ -98.116061694498001, 20.401863355228279 ], [ -98.112385856967407, 20.404304741010286 ], [ -98.106962973896373, 20.404052940231669 ], [ -98.107368761041229, 20.406662381803205 ], [ -98.112672976297958, 20.409316215026585 ], [ -98.124221511173545, 20.406672075346091 ], [ -98.126910671846971, 20.398224629641792 ], [ -98.137638648940566, 20.399969237254307 ], [ -98.143650550101469, 20.391522948127335 ], [ -98.158696574222063, 20.387511119912052 ], [ -98.161200962169332, 20.39248186783631 ], [ -98.171226859344301, 20.399028483637384 ], [ -98.175364115530982, 20.405034861454844 ], [ -98.175361636611427, 20.410170484584047 ], [ -98.173843659101522, 20.413731923134879 ], [ -98.172386764807428, 20.411660748631366 ], [ -98.168653735651191, 20.413109337881732 ], [ -98.165098735818518, 20.408842460410533 ], [ -98.158800665637344, 20.408840502846822 ], [ -98.154891877080559, 20.411531221183509 ], [ -98.153139317700862, 20.416417693619092 ], [ -98.150048158758835, 20.416872120299825 ], [ -98.150886333302068, 20.420884636584187 ], [ -98.140162421157996, 20.426699656494318 ], [ -98.137675199276188, 20.43103322596399 ], [ -98.128701440315965, 20.431377025192585 ], [ -98.109409230926701, 20.443023748464583 ], [ -98.119036535840181, 20.452218444676824 ], [ -98.121151429814319, 20.460017346585374 ], [ -98.125547850250797, 20.464316317541339 ], [ -98.1186934601145, 20.46898310826835 ], [ -98.118510425266578, 20.477924247722395 ], [ -98.112472829286659, 20.48260842493637 ], [ -98.10537107259816, 20.483186200390374 ], [ -98.09970546026959, 20.490424027813901 ], [ -98.095638486996336, 20.487314615803587 ], [ -98.092296514468373, 20.492375289391116 ], [ -98.094162032623842, 20.496003343559931 ], [ -98.086460221959314, 20.499783009647548 ], [ -98.072875681665337, 20.515107683158181 ], [ -98.074296910316349, 20.510185380609389 ], [ -98.070570694602395, 20.497983997415126 ], [ -98.064133564775972, 20.496949463121489 ], [ -98.055897315983557, 20.48928400189568 ], [ -98.046271855412755, 20.495019830635265 ], [ -98.046375112979987, 20.500187904073709 ], [ -98.042273159693266, 20.505269183336356 ], [ -98.057136979001996, 20.523253288271086 ], [ -98.057011497366119, 20.526345427543092 ], [ -98.051953820623837, 20.527372860089795 ], [ -98.045971916777631, 20.532094210583139 ], [ -98.062070005683793, 20.539080230942172 ], [ -98.063766810917187, 20.542920253194826 ], [ -98.070057620390727, 20.546173526540858 ], [ -98.071931264056843, 20.553772935077632 ], [ -98.068879975161735, 20.558865999089424 ], [ -98.070871888848288, 20.570226536480931 ], [ -98.079697592746001, 20.564926311432711 ], [ -98.078088318757082, 20.573163473452933 ], [ -98.090060129232114, 20.573191635853533 ], [ -98.095858099260099, 20.579271333960417 ], [ -98.095523202606344, 20.583459216185499 ], [ -98.091148916699765, 20.585488131930138 ], [ -98.089140026292341, 20.590303318757826 ], [ -98.094321516353602, 20.597186831123562 ], [ -98.095698205707592, 20.607489318726216 ], [ -98.100814348224134, 20.614126350427686 ], [ -98.09784148479153, 20.623561301497457 ], [ -98.088415355107486, 20.622881090075502 ], [ -98.081709521775338, 20.632657125432942 ], [ -98.080573642535157, 20.642970720749879 ], [ -98.077181725653276, 20.651122238430627 ], [ -98.071802564540178, 20.655494973268222 ], [ -98.072190208666797, 20.661983213851034 ], [ -98.069612975482912, 20.665863743589359 ], [ -98.075909182274927, 20.672108224324333 ], [ -98.074725662459016, 20.677018560524086 ], [ -98.072277224839098, 20.678023569200704 ], [ -98.067127892073842, 20.674309868109432 ], [ -98.067409091909639, 20.671073165166412 ], [ -98.051735670331979, 20.661881736663219 ], [ -98.058883683147542, 20.652189530198722 ], [ -98.037791520148787, 20.645091406132693 ], [ -98.041979026723553, 20.640430042116026 ], [ -98.050781540862943, 20.637286255824517 ], [ -98.039384594024369, 20.631935697954447 ], [ -98.028941429216161, 20.632886274952295 ], [ -98.017926874542709, 20.624850928283401 ], [ -98.027399106420901, 20.616166740143736 ], [ -98.016930533209816, 20.612456275889535 ], [ -98.012771699645327, 20.60804336844949 ], [ -98.00691845986843, 20.612006632156728 ], [ -98.008374173520096, 20.607397071274953 ], [ -98.016252690875561, 20.603347086910762 ], [ -98.020935059230396, 20.594279003423818 ], [ -98.032371767677787, 20.586466627333998 ], [ -98.036655491668967, 20.580134165774965 ], [ -98.030993678182014, 20.579159243962113 ], [ -98.01879048811935, 20.562512235202437 ], [ -98.020375743999395, 20.554757546710693 ], [ -98.017269722028416, 20.550248396193609 ], [ -98.022472663683942, 20.541909022762269 ], [ -98.010782590092347, 20.530107985036178 ], [ -98.018481171558435, 20.528643316350273 ], [ -98.016798460480089, 20.525480525210902 ], [ -97.999216799673746, 20.524432269983929 ], [ -97.985094130184109, 20.516583493143891 ], [ -97.991510069861349, 20.511290054748898 ], [ -97.993404649241299, 20.500553809769301 ], [ -97.989161442476401, 20.496389353986288 ], [ -97.993215824100815, 20.491911938081174 ], [ -97.99376434020455, 20.484667409927003 ], [ -98.006474602569156, 20.465809167758444 ], [ -98.014285709939102, 20.466242394476097 ], [ -98.012433173804126, 20.462427280418723 ], [ -98.015285686716666, 20.459087400769469 ], [ -98.012845264184577, 20.455233675470573 ], [ -98.017484976152389, 20.454919367085886 ], [ -98.021375312730143, 20.449163093653237 ], [ -98.033331129189222, 20.447261317920898 ], [ -98.04463771826066, 20.436938297757766 ], [ -98.050963699623964, 20.441900764560224 ], [ -98.066263878400974, 20.434629799650608 ], [ -98.077190542571472, 20.420561993812907 ], [ -98.074604049467709, 20.415902242590548 ], [ -98.07912665248719, 20.409513663387667 ], [ -98.076766505151411, 20.404002931274785 ], [ -98.090213416728048, 20.397710497279757 ], [ -98.089917822638256, 20.390645073413236 ], [ -98.095730350801048, 20.382136686390641 ] ] ] } },
{ "type": "Feature", "properties": { "cve_edo": "13", "cve_mpo_ine": "028", "cve_edo_mpo_ine": "13028", "nom_mpo": "HUEJUTLA DE REYES", "nom_edo": "Hidalgo", "alianza_ganadora": "Juntos Haremos Historia", "margen_pp": 19.329276920899957, "por_participacion": 45.841982355993771 }, "geometry": { "type": "Polygon", "coordinates": [ [ [ -98.4192228671685, 21.161824097413064 ], [ -98.415757689148151, 21.154492087473898 ], [ -98.410408925115746, 21.151918673546213 ], [ -98.394394538202349, 21.153453082938981 ], [ -98.386450323711628, 21.162201172196877 ], [ -98.384601617397124, 21.158938583703726 ], [ -98.378881622871759, 21.158497115880909 ], [ -98.376995201228269, 21.163006762828775 ], [ -98.368579006278992, 21.160686691508868 ], [ -98.365864378691455, 21.162345848494873 ], [ -98.361619464701278, 21.157311315915454 ], [ -98.358390774970474, 21.156705330922676 ], [ -98.353657731720375, 21.159638802554319 ], [ -98.350535226335239, 21.156983592465476 ], [ -98.351186986044041, 21.15948962353194 ], [ -98.342272703972597, 21.160735098345331 ], [ -98.340850801772206, 21.17030933849275 ], [ -98.320857826397273, 21.181824492680612 ], [ -98.316692177486061, 21.186703337465065 ], [ -98.311309072652193, 21.183846808779005 ], [ -98.309586598703021, 21.185525135251101 ], [ -98.30781190521347, 21.180635109436697 ], [ -98.305491812145064, 21.183258153695768 ], [ -98.298132618215178, 21.178070406865334 ], [ -98.299237653065262, 21.185185142354133 ], [ -98.296785681223284, 21.183345695635964 ], [ -98.296503139753284, 21.188052197941516 ], [ -98.28925962850947, 21.188895963000569 ], [ -98.276892340878277, 21.178787934661219 ], [ -98.279868884072542, 21.169479454395276 ], [ -98.285470786235564, 21.16221864727834 ], [ -98.29433229959723, 21.158250161321003 ], [ -98.296042657381037, 21.151904133416988 ], [ -98.293239902921769, 21.146185345916599 ], [ -98.281405280818646, 21.141171759447854 ], [ -98.280141582999676, 21.125782993476165 ], [ -98.283322002797945, 21.121161546672734 ], [ -98.289778981393297, 21.120555458684727 ], [ -98.292418197373834, 21.117847986240641 ], [ -98.292728781354498, 21.109036056628305 ], [ -98.289927680917344, 21.105216208227272 ], [ -98.292584354334281, 21.100854849076764 ], [ -98.285051699153883, 21.093632416224558 ], [ -98.291750853086597, 21.093351201925042 ], [ -98.29499850978182, 21.096209783309043 ], [ -98.303659542784771, 21.096750047460823 ], [ -98.317001070611624, 21.089201323229116 ], [ -98.323303399029882, 21.082479674208571 ], [ -98.331597532861977, 21.089517074951782 ], [ -98.328840039343532, 21.110912306553267 ], [ -98.331862613995867, 21.111791395737843 ], [ -98.34016583863702, 21.107419229927508 ], [ -98.347499737379394, 21.101953612364348 ], [ -98.350945482025097, 21.096291003169206 ], [ -98.353455754678194, 21.102514414500661 ], [ -98.366523963135307, 21.102822331221418 ], [ -98.372686004697897, 21.099905185018383 ], [ -98.369119856017818, 21.09383131487586 ], [ -98.374349216514602, 21.091267114051863 ], [ -98.383702288940469, 21.093564222505226 ], [ -98.392639522999758, 21.081857319902308 ], [ -98.382551893736334, 21.071476179167604 ], [ -98.380829196588721, 21.066184993051806 ], [ -98.402895707459436, 21.057385884439558 ], [ -98.402670178691366, 21.046271370313928 ], [ -98.416232321718596, 21.043090876669204 ], [ -98.424871457901716, 21.045154888937592 ], [ -98.432774860124127, 21.043763936985712 ], [ -98.434533596777598, 21.045829399566571 ], [ -98.443149730113518, 21.042436352311093 ], [ -98.450123280771905, 21.04375428376067 ], [ -98.460356646171391, 21.03924600082193 ], [ -98.470232186336673, 21.039086463898752 ], [ -98.475411648546171, 21.034742604355802 ], [ -98.480956383307429, 21.039897602856602 ], [ -98.477274213762101, 21.045279625096835 ], [ -98.480456537808223, 21.054543974587084 ], [ -98.494419689809774, 21.057713588925896 ], [ -98.491734364428964, 21.051744341157537 ], [ -98.483891274716683, 21.046439601850889 ], [ -98.502042486593226, 21.053055056634623 ], [ -98.511728339378593, 21.048378528112309 ], [ -98.515294575053929, 21.053886590432235 ], [ -98.519848822151332, 21.05535414804476 ], [ -98.557312233333761, 21.040787107341995 ], [ -98.557857938796076, 21.051000744366792 ], [ -98.568062541510074, 21.066320058749312 ], [ -98.577524672680283, 21.060919692285172 ], [ -98.580920596736604, 21.067763211637285 ], [ -98.592135214796428, 21.076662559685609 ], [ -98.60456151696296, 21.075252690026296 ], [ -98.600400472308479, 21.083347952189868 ], [ -98.607705779634671, 21.087226798157626 ], [ -98.614146981159479, 21.086183915997438 ], [ -98.615260181562235, 21.092965368675753 ], [ -98.612360139066453, 21.100407350334176 ], [ -98.599697608263924, 21.103403573601241 ], [ -98.593815582108562, 21.107150528166777 ], [ -98.595540428655653, 21.123264059433687 ], [ -98.584208098412901, 21.126756296432582 ], [ -98.583596126053422, 21.132490173618869 ], [ -98.586672083656453, 21.138505893000719 ], [ -98.584081315809385, 21.140410915491209 ], [ -98.579997684223997, 21.136350057390572 ], [ -98.577181966969661, 21.136302556954906 ], [ -98.567902101711041, 21.146480880612149 ], [ -98.563485888059731, 21.141871034996957 ], [ -98.549936552178167, 21.141658910347481 ], [ -98.547829712238453, 21.133236951872096 ], [ -98.551280660216534, 21.132447920490822 ], [ -98.550323910802049, 21.129660749004088 ], [ -98.555273476845116, 21.121062295312981 ], [ -98.55203386231419, 21.120936662405963 ], [ -98.556645126654203, 21.110207126692291 ], [ -98.553439197239669, 21.109615760129138 ], [ -98.550430356208821, 21.118165667233853 ], [ -98.545528368108791, 21.12071775629828 ], [ -98.536489559323243, 21.113883656821102 ], [ -98.530936715742598, 21.106374161142664 ], [ -98.531963981492581, 21.111846738777547 ], [ -98.524333326238406, 21.114764952591042 ], [ -98.52291160475599, 21.12000072643562 ], [ -98.517028994356181, 21.123379531316452 ], [ -98.514416888678667, 21.128043421470448 ], [ -98.508132541558382, 21.131602834623418 ], [ -98.510760257591897, 21.12642110137778 ], [ -98.507503874068519, 21.125500957928697 ], [ -98.502535650333542, 21.131249821040033 ], [ -98.498606063221914, 21.137950758941813 ], [ -98.504594514152245, 21.144734484496578 ], [ -98.504907687993594, 21.152854387339307 ], [ -98.50261462273987, 21.15432840530449 ], [ -98.504685726737534, 21.156850939648265 ], [ -98.501271422326582, 21.155228637835833 ], [ -98.495499531935252, 21.157314049571667 ], [ -98.503212458665885, 21.168012985656553 ], [ -98.506426363306417, 21.167655501207335 ], [ -98.50526485519579, 21.172822985524288 ], [ -98.511516127155275, 21.177753013173184 ], [ -98.520830820163994, 21.178553394746697 ], [ -98.517125034715846, 21.18509640853204 ], [ -98.517799326436091, 21.188345468364776 ], [ -98.525504051623074, 21.197000827052662 ], [ -98.536748370099019, 21.199092304286019 ], [ -98.53694939185138, 21.201706245003216 ], [ -98.531563444283876, 21.207867447948793 ], [ -98.538602293825221, 21.206435839175651 ], [ -98.540973968189718, 21.212429947172328 ], [ -98.545882390443722, 21.213123950974566 ], [ -98.545979422993582, 21.215362066457953 ], [ -98.551965037739876, 21.210502510561408 ], [ -98.559174960470799, 21.214207767448798 ], [ -98.544617876756504, 21.223969231778721 ], [ -98.538795951997727, 21.232476008692966 ], [ -98.526306990933378, 21.236838246508011 ], [ -98.523006671122744, 21.24045809032296 ], [ -98.524401413469676, 21.244186223569844 ], [ -98.496604993161142, 21.246660820895865 ], [ -98.496750486369407, 21.249964303864836 ], [ -98.493476337666323, 21.250871739850435 ], [ -98.495284861460362, 21.254712991550015 ], [ -98.491411855892849, 21.257495356789139 ], [ -98.491775546133383, 21.264637919757448 ], [ -98.486494666510339, 21.262141500771463 ], [ -98.480191411631566, 21.262835546873497 ], [ -98.475420755911202, 21.256601772358845 ], [ -98.473295730473183, 21.257328513550942 ], [ -98.472148150451375, 21.254014812477902 ], [ -98.468396825744733, 21.25233275971225 ], [ -98.470525472083409, 21.25119303048923 ], [ -98.468135702632168, 21.248612989524673 ], [ -98.468849478189554, 21.241141949593374 ], [ -98.47390128638088, 21.236429649105272 ], [ -98.47136585683451, 21.231779244861354 ], [ -98.478552635178531, 21.231892360849276 ], [ -98.481944724316008, 21.228750033549208 ], [ -98.478978486054103, 21.221133961818744 ], [ -98.474098530332626, 21.219145451988179 ], [ -98.472368808921857, 21.220552022075285 ], [ -98.467070360267527, 21.216051944900066 ], [ -98.453933964926179, 21.213520722871724 ], [ -98.449743515943439, 21.201758941304725 ], [ -98.446517121794599, 21.198994505946661 ], [ -98.449232156853967, 21.186559011800174 ], [ -98.447254510567461, 21.180654545707803 ], [ -98.429909405524512, 21.172271493653778 ], [ -98.430341938695875, 21.16849924275337 ], [ -98.423646259644926, 21.166760139904323 ], [ -98.421879260540209, 21.162131789168011 ], [ -98.4192228671685, 21.161824097413064 ] ] ] } },
{ "type": "Feature", "properties": { "cve_edo": "13", "cve_mpo_ine": "029", "cve_edo_mpo_ine": "13029", "nom_mpo": "HUICHAPAN", "nom_edo": "Hidalgo", "alianza_ganadora": "Juntos Haremos Historia", "margen_pp": 7.3413521360431355, "por_participacion": 40.491518781839559 }, "geometry": { "type": "Polygon", "coordinates": [ [ [ -99.546392817626639, 20.48000465509617 ], [ -99.550083895593033, 20.477369140480981 ], [ -99.536934464187411, 20.465350514873617 ], [ -99.536420484311677, 20.457265414507752 ], [ -99.534489783604201, 20.457015504432206 ], [ -99.534481612392995, 20.462171434505329 ], [ -99.529569411467563, 20.460020379331578 ], [ -99.52664170393183, 20.461089051283139 ], [ -99.52089031080429, 20.47093964122914 ], [ -99.51450682259032, 20.473529657412225 ], [ -99.507562078135479, 20.473064723453962 ], [ -99.505113605480432, 20.468073053744305 ], [ -99.511128753645835, 20.454235090777395 ], [ -99.507592138471097, 20.442241294049534 ], [ -99.507206162517448, 20.427209434336259 ], [ -99.517907111316887, 20.427201255830607 ], [ -99.519379871925821, 20.425023130847695 ], [ -99.514401614097679, 20.405910458475478 ], [ -99.516314363195406, 20.397112683174896 ], [ -99.520211725118529, 20.396207982010832 ], [ -99.51948654536541, 20.389776996595877 ], [ -99.517298247498786, 20.388622772730493 ], [ -99.518669130615891, 20.387149094671017 ], [ -99.516349581118433, 20.385336412566136 ], [ -99.520890083025733, 20.381774433546092 ], [ -99.519107310451247, 20.380446801379037 ], [ -99.520581430842626, 20.378351263937226 ], [ -99.533151517479141, 20.373098499282744 ], [ -99.535850981456164, 20.368251112160088 ], [ -99.53344682706431, 20.365242144414353 ], [ -99.535062357710643, 20.361614864824958 ], [ -99.533639760645457, 20.352718924034708 ], [ -99.540942024758053, 20.341911305433108 ], [ -99.541682782075995, 20.330409911829893 ], [ -99.545979540915525, 20.323835977453811 ], [ -99.540552539371703, 20.318863723572115 ], [ -99.536233512600333, 20.327090700397569 ], [ -99.531737559594205, 20.327264118001008 ], [ -99.531585943751637, 20.323011417138403 ], [ -99.536883132086984, 20.316748055755351 ], [ -99.540644455103546, 20.30708620258768 ], [ -99.53622646861615, 20.302795797240336 ], [ -99.545465986889639, 20.303146010842369 ], [ -99.549107205648582, 20.301336849706516 ], [ -99.551053045662741, 20.296835019206835 ], [ -99.556664165274384, 20.294283312679234 ], [ -99.559972857634548, 20.295951408855185 ], [ -99.576200537567658, 20.292645677999182 ], [ -99.57784175109208, 20.298148769434082 ], [ -99.585287941718391, 20.304565976931844 ], [ -99.5801026119087, 20.310497973134979 ], [ -99.584189544522076, 20.312976046722152 ], [ -99.586798906292927, 20.31994666005675 ], [ -99.596181256793912, 20.313556421342142 ], [ -99.599005058836894, 20.314407374021844 ], [ -99.605636022593131, 20.307825275425127 ], [ -99.607358996040944, 20.298658473583764 ], [ -99.614503411591812, 20.291569631485324 ], [ -99.614674004434917, 20.28875647491196 ], [ -99.622301686513495, 20.287607143844365 ], [ -99.628000141292247, 20.283811801944921 ], [ -99.631290718047254, 20.284652562036456 ], [ -99.635866317327142, 20.280301802854957 ], [ -99.644373489901369, 20.281901555496425 ], [ -99.647227726956771, 20.278949832570127 ], [ -99.663270715457656, 20.290803629955128 ], [ -99.667026905535153, 20.291551333265513 ], [ -99.673866940321375, 20.301985301147177 ], [ -99.676657091076962, 20.299831530235181 ], [ -99.693853143037884, 20.302143077808545 ], [ -99.692640286861277, 20.297665013833218 ], [ -99.696664892990881, 20.302455573581575 ], [ -99.702471669596164, 20.303321836357657 ], [ -99.700981771996652, 20.302157751773404 ], [ -99.70655473156431, 20.299966341534777 ], [ -99.716104296231521, 20.314356629773858 ], [ -99.72251279964739, 20.308477259079691 ], [ -99.727899144346665, 20.311461448344243 ], [ -99.785366943263398, 20.287875021122961 ], [ -99.82406561718237, 20.291289503508413 ], [ -99.83147963321656, 20.291044722808568 ], [ -99.832490596519122, 20.287754238578678 ], [ -99.837647141517607, 20.287702207304374 ], [ -99.841837202342333, 20.290415370987013 ], [ -99.833665237457339, 20.298597339086495 ], [ -99.846822498485423, 20.306740209143378 ], [ -99.84900774822421, 20.321931751176663 ], [ -99.837194353852638, 20.325170815112397 ], [ -99.835161806913035, 20.317838209687043 ], [ -99.837428708636168, 20.308463170509786 ], [ -99.833713515819937, 20.3051323654309 ], [ -99.825481770622332, 20.3133136309613 ], [ -99.823219348983727, 20.322192259820202 ], [ -99.826845849011832, 20.339460737645709 ], [ -99.832891936022307, 20.338586919123351 ], [ -99.854053259498301, 20.34954752470394 ], [ -99.851608434829814, 20.353545055278303 ], [ -99.845299556419093, 20.351481525483639 ], [ -99.844516402713055, 20.353503500821045 ], [ -99.850477991963132, 20.355151439229939 ], [ -99.845775156925328, 20.356447366580635 ], [ -99.846923214937178, 20.358770190831819 ], [ -99.840631531394678, 20.355052249725475 ], [ -99.84303000968508, 20.361104763496368 ], [ -99.848205810036092, 20.359439446640117 ], [ -99.848274248387952, 20.364113376343784 ], [ -99.841833005949482, 20.363455161351084 ], [ -99.83814856433608, 20.351480720917856 ], [ -99.832452559728566, 20.358022987059087 ], [ -99.84111538383236, 20.378880862622843 ], [ -99.846267856005952, 20.382216697044015 ], [ -99.838165427827207, 20.451085145645656 ], [ -99.830590200814271, 20.478085362077479 ], [ -99.812622850411032, 20.474298138898622 ], [ -99.807237804624819, 20.468525643709956 ], [ -99.803491154985096, 20.459617840687191 ], [ -99.796235018979431, 20.458382503039729 ], [ -99.78634600633238, 20.461725647626022 ], [ -99.783712606316655, 20.457189159746672 ], [ -99.776632263930935, 20.455622998207623 ], [ -99.772302701426341, 20.44419854266512 ], [ -99.777568705200906, 20.440939446532816 ], [ -99.766102057511972, 20.427824614710779 ], [ -99.767389718869296, 20.421225190503339 ], [ -99.76107172315038, 20.41945203689593 ], [ -99.743869375270904, 20.431702046179314 ], [ -99.742110968093954, 20.444818144596244 ], [ -99.737722927306478, 20.443704202708233 ], [ -99.738131946996532, 20.445766530335053 ], [ -99.731520179281446, 20.445600898378643 ], [ -99.734970980436344, 20.450385792954417 ], [ -99.730991391713275, 20.452530152086634 ], [ -99.733155739086286, 20.454798919659012 ], [ -99.732393762753546, 20.459005917375439 ], [ -99.738011077816239, 20.460078832595816 ], [ -99.738361667109217, 20.462017412471614 ], [ -99.73350389586993, 20.464697962626545 ], [ -99.733912671802102, 20.467626457492251 ], [ -99.730284666964991, 20.466883635308331 ], [ -99.730342121568114, 20.470265801438678 ], [ -99.726479341643739, 20.471420183179152 ], [ -99.720335614589104, 20.468696977919919 ], [ -99.716653026547974, 20.458302301001197 ], [ -99.695827346017907, 20.446706707105488 ], [ -99.669839989181568, 20.457626693815953 ], [ -99.649249313878215, 20.461981895956058 ], [ -99.645953459902145, 20.471060206957024 ], [ -99.639287895774743, 20.464456603256391 ], [ -99.638125981386466, 20.455175367376935 ], [ -99.629821981304033, 20.449683944122878 ], [ -99.627129673052778, 20.45034198399555 ], [ -99.625897053084771, 20.454177041714612 ], [ -99.623499645468925, 20.452442930110202 ], [ -99.618876071439658, 20.453264397866267 ], [ -99.621680572017866, 20.457432435613985 ], [ -99.619504813976107, 20.467701230492398 ], [ -99.614002365046858, 20.469058119882948 ], [ -99.61932294092037, 20.47380560110857 ], [ -99.616804092707653, 20.476030996541645 ], [ -99.617855812259535, 20.4776816707781 ], [ -99.604102284271306, 20.477794347981547 ], [ -99.603922600719883, 20.481423909743022 ], [ -99.606088405075027, 20.481136997902606 ], [ -99.610823845044749, 20.48592548757977 ], [ -99.597298158361539, 20.490739957686948 ], [ -99.594180476750395, 20.503812395918636 ], [ -99.585162145515852, 20.506938827855723 ], [ -99.576332198398106, 20.500000765605382 ], [ -99.576219717424564, 20.496494671316835 ], [ -99.570718158423844, 20.496117853147304 ], [ -99.569127786571613, 20.50349939505217 ], [ -99.5644458227775, 20.502875754167814 ], [ -99.555482524500974, 20.508021816962579 ], [ -99.54014071484842, 20.511303733913604 ], [ -99.540319949181864, 20.508952869949155 ], [ -99.536515911319171, 20.508370781196135 ], [ -99.535759586511688, 20.505400061978477 ], [ -99.538402107237459, 20.49999993415998 ], [ -99.543969171950053, 20.495840676300222 ], [ -99.543571678340612, 20.487797022000265 ], [ -99.546392817626639, 20.48000465509617 ] ] ] } },
{ "type": "Feature", "properties": { "cve_edo": "13", "cve_mpo_ine": "030", "cve_edo_mpo_ine": "13030", "nom_mpo": "IXMIQUILPAN", "nom_edo": "Hidalgo", "alianza_ganadora": "Juntos Haremos Historia", "margen_pp": 18.745718852271864, "por_participacion": 53.695051015543051 }, "geometry": { "type": "Polygon", "coordinates": [ [ [ -99.270887873774925, 20.636713320390264 ], [ -99.274985851561425, 20.636721848247678 ], [ -99.277032063715794, 20.641274408479877 ], [ -99.277671467003898, 20.648842498024038 ], [ -99.274273525682005, 20.652350111595968 ], [ -99.279719320286219, 20.651038157987347 ], [ -99.284401140887681, 20.654644961628804 ], [ -99.281119198647914, 20.660096316459445 ], [ -99.273154101342385, 20.663387826182753 ], [ -99.270808690457798, 20.668468794124898 ], [ -99.27320796747108, 20.67078930360195 ], [ -99.272443369631631, 20.676080307285549 ], [ -99.285849674527256, 20.68226857459247 ], [ -99.275600051209182, 20.684894041585554 ], [ -99.275245924235222, 20.689358928423491 ], [ -99.278992243646059, 20.692219647441124 ], [ -99.277526827814114, 20.694408108539399 ], [ -99.281212166839097, 20.701734258826338 ], [ -99.279571232008834, 20.703508897695013 ], [ -99.276879681259757, 20.69924452690945 ], [ -99.275707030767649, 20.70139222445875 ], [ -99.270553883066739, 20.700182436110858 ], [ -99.270983563599358, 20.698214668569904 ], [ -99.251717578230313, 20.703577273014211 ], [ -99.244914945275099, 20.700371547764817 ], [ -99.237252387552743, 20.70751509300192 ], [ -99.222401094159252, 20.691628519664935 ], [ -99.217899420558894, 20.697354064656444 ], [ -99.205957844583338, 20.695703095586492 ], [ -99.203025082351388, 20.702118034603174 ], [ -99.17707779779667, 20.708444383755257 ], [ -99.176543482648896, 20.703479474720471 ], [ -99.17219096198987, 20.70028799479449 ], [ -99.169953245832076, 20.686365839647962 ], [ -99.170129945181458, 20.674502470396185 ], [ -99.173265971383543, 20.668333483210255 ], [ -99.170706739015273, 20.660529753005445 ], [ -99.17286099631329, 20.657464005663087 ], [ -99.169794698180723, 20.6538366360186 ], [ -99.170407126135999, 20.647179879741472 ], [ -99.16409735024753, 20.639512217574438 ], [ -99.164381516901273, 20.625540406074961 ], [ -99.157106620124054, 20.62415835323068 ], [ -99.156434393109777, 20.618415055363613 ], [ -99.15419868066104, 20.616644780953109 ], [ -99.151331457406101, 20.617645851392073 ], [ -99.153123796528888, 20.600155860080957 ], [ -99.151847939786805, 20.59065301999053 ], [ -99.148160376167979, 20.591573954174272 ], [ -99.147749661568611, 20.566650668662113 ], [ -99.144977961288404, 20.562856553792468 ], [ -99.150255010165864, 20.563666743159228 ], [ -99.153702808913593, 20.561754497141717 ], [ -99.158948755600463, 20.556075024827397 ], [ -99.15992193286344, 20.551318461223069 ], [ -99.153921966259389, 20.546253406338717 ], [ -99.148003027788377, 20.545858678818586 ], [ -99.142806305428195, 20.549553621946249 ], [ -99.13661700330816, 20.541429801469391 ], [ -99.136477946546137, 20.536718096678808 ], [ -99.12004258100481, 20.529534095316684 ], [ -99.11691312179417, 20.524045856199283 ], [ -99.116664632247463, 20.520905161409015 ], [ -99.121577181221781, 20.519195896285382 ], [ -99.122906676037559, 20.515306483816548 ], [ -99.113846567515409, 20.50644632910797 ], [ -99.113410394204493, 20.500619419574466 ], [ -99.107938437853917, 20.494972503255092 ], [ -99.110559975553201, 20.491864786694414 ], [ -99.116474511630187, 20.491764795661965 ], [ -99.122242008423584, 20.485092819395064 ], [ -99.124201018942998, 20.478060063611959 ], [ -99.128871437102404, 20.474945927831477 ], [ -99.130951803255201, 20.475946279736888 ], [ -99.132017499882977, 20.471464285525421 ], [ -99.124469750612789, 20.459954608775959 ], [ -99.093052515159812, 20.452316123189672 ], [ -99.094031421316288, 20.448551891288862 ], [ -99.101871071187617, 20.447248253984132 ], [ -99.097966894017617, 20.438124355389057 ], [ -99.09198146598375, 20.43491711433068 ], [ -99.092878520996791, 20.425820892633123 ], [ -99.089537347834224, 20.424796871234769 ], [ -99.096025308297101, 20.422546555013074 ], [ -99.090896126154462, 20.414169961837452 ], [ -99.084509686703285, 20.412740985254974 ], [ -99.079393978075316, 20.407298800728896 ], [ -99.086856039071904, 20.400333950977604 ], [ -99.103747646120198, 20.395036697262416 ], [ -99.106949350202072, 20.391141966305884 ], [ -99.106521862612155, 20.387133685994346 ], [ -99.112111831254595, 20.38079316596183 ], [ -99.120899788398347, 20.382916721847423 ], [ -99.114425363854195, 20.387730714837463 ], [ -99.114045950698468, 20.394469463938286 ], [ -99.129613371817086, 20.407030365392963 ], [ -99.135164851367037, 20.405070761001046 ], [ -99.153795795785598, 20.408857069857365 ], [ -99.160162773194202, 20.418343904225949 ], [ -99.162734358921142, 20.41750896689782 ], [ -99.163967206894853, 20.406096527920052 ], [ -99.165274817472593, 20.41022582394368 ], [ -99.172473088079329, 20.409954452459925 ], [ -99.179630699374357, 20.401415903380833 ], [ -99.189628036383112, 20.399150462104572 ], [ -99.191570135656875, 20.396463080157062 ], [ -99.190974182114047, 20.399145928269245 ], [ -99.199494724092006, 20.40585460540812 ], [ -99.225005001204565, 20.415272516853925 ], [ -99.243074382619412, 20.411900318750952 ], [ -99.253088805468181, 20.41285530413764 ], [ -99.255929424924318, 20.407760491601891 ], [ -99.267890826940388, 20.411559435301253 ], [ -99.269731234315159, 20.416264584985086 ], [ -99.289577479501006, 20.406349856169125 ], [ -99.299878818445293, 20.447437082875634 ], [ -99.289308083545194, 20.452108520458552 ], [ -99.286692229860719, 20.455466912092682 ], [ -99.284481654616769, 20.472983859043659 ], [ -99.289342481747468, 20.479017216049087 ], [ -99.295246183198728, 20.481830743658065 ], [ -99.279353159238781, 20.486366606572766 ], [ -99.280555395646232, 20.492557169124474 ], [ -99.285739514827682, 20.499183483656793 ], [ -99.283970453239675, 20.507907679207655 ], [ -99.279775401378174, 20.511562321801076 ], [ -99.271742569847461, 20.506433119926424 ], [ -99.268783012030624, 20.513678509058906 ], [ -99.264703661611478, 20.51716702677848 ], [ -99.260026803578512, 20.5182623208953 ], [ -99.256329185371712, 20.516213687684512 ], [ -99.250139772159855, 20.519174387199136 ], [ -99.248020276357366, 20.516664110468163 ], [ -99.244100523650062, 20.517012051843352 ], [ -99.241850730490057, 20.523713881398674 ], [ -99.242623388329207, 20.526106293939005 ], [ -99.246844188317581, 20.52740934507225 ], [ -99.247760547259915, 20.535171075179392 ], [ -99.253374768067815, 20.53411320003908 ], [ -99.25930520757197, 20.537762768088434 ], [ -99.264797984327132, 20.535837616253829 ], [ -99.266515797624962, 20.539836588773586 ], [ -99.272772263829182, 20.538444684258931 ], [ -99.276531714103612, 20.540988359911953 ], [ -99.281033101435582, 20.539810822991626 ], [ -99.282656943254239, 20.548188657596974 ], [ -99.285714948920386, 20.550859326383648 ], [ -99.276904337403366, 20.55655953677234 ], [ -99.274832538848614, 20.563550084394613 ], [ -99.270464333330892, 20.568031438573694 ], [ -99.269373574794514, 20.572291112386765 ], [ -99.273966131787844, 20.582925099359692 ], [ -99.271444975205085, 20.590155878199152 ], [ -99.262252238802716, 20.596256010358477 ], [ -99.255512862053038, 20.607860422902046 ], [ -99.257028199542106, 20.616588308357265 ], [ -99.266566657020249, 20.620619609971865 ], [ -99.270887873774925, 20.636713320390264 ] ] ] } },
{ "type": "Feature", "properties": { "cve_edo": "13", "cve_mpo_ine": "031", "cve_edo_mpo_ine": "13031", "nom_mpo": "JACALA DE LEDEZMA", "nom_edo": "Hidalgo", "alianza_ganadora": "Juntos Haremos Historia", "margen_pp": 7.1159480954374219, "por_participacion": 51.315648158092571 }, "geometry": { "type": "Polygon", "coordinates": [ [ [ -99.126243577879919, 21.068930573297784 ], [ -99.129327664665965, 21.062829808570633 ], [ -99.12098933341619, 21.048264919719621 ], [ -99.117233083228996, 21.048603747291732 ], [ -99.099784335789806, 21.029050784063021 ], [ -99.095166977002918, 21.028382296854605 ], [ -99.094737676302572, 21.021131536575275 ], [ -99.10000676324357, 21.015900820690259 ], [ -99.099699016602798, 21.010348773620152 ], [ -99.094244325605828, 21.007100518917678 ], [ -99.08557118458549, 20.993384771773723 ], [ -99.072598561048508, 20.991956710604072 ], [ -99.060893149738718, 20.980124799976291 ], [ -99.065807107167629, 20.973693997692525 ], [ -99.065143047107, 20.965739057967458 ], [ -99.063078206022084, 20.960894211067973 ], [ -99.058498727210207, 20.958544760924184 ], [ -99.059594171319162, 20.951161963690886 ], [ -99.053916900119049, 20.953039715342751 ], [ -99.050985962209054, 20.951499373516761 ], [ -99.054342277839424, 20.948402554325693 ], [ -99.054600220998068, 20.940948805046286 ], [ -99.065231946245788, 20.939238130780069 ], [ -99.067531702764555, 20.93588974610639 ], [ -99.059876757950619, 20.924190589247154 ], [ -99.066764398129365, 20.917789919830707 ], [ -99.059913538862716, 20.912180700156757 ], [ -99.062621991956306, 20.909454682604792 ], [ -99.060635269208831, 20.906508957631591 ], [ -99.068920278054733, 20.903590715618346 ], [ -99.069065018081403, 20.894480055606813 ], [ -99.063555303209043, 20.892063375957612 ], [ -99.0625701711472, 20.887919344625551 ], [ -99.056225103791192, 20.89005570920397 ], [ -99.060121963301086, 20.882446115615537 ], [ -99.052698474731244, 20.872859285425804 ], [ -99.045594928530491, 20.87375075468789 ], [ -99.043430860121518, 20.871466943558818 ], [ -99.038852948170387, 20.87166114309856 ], [ -99.03708008939391, 20.875507627843877 ], [ -99.031722714816325, 20.86269542117504 ], [ -99.040066943347213, 20.85903328731932 ], [ -99.040263732675584, 20.852531830994462 ], [ -99.028248975369763, 20.848314736112151 ], [ -99.040467112621201, 20.825571784270274 ], [ -99.052199705143522, 20.825728673078689 ], [ -99.060957106852371, 20.820410083874989 ], [ -99.065044070727723, 20.826840260897491 ], [ -99.08798231895544, 20.806482845960023 ], [ -99.103361046496985, 20.802752528395146 ], [ -99.104765583774437, 20.803915563580919 ], [ -99.099363615679849, 20.805890167131722 ], [ -99.099175918485287, 20.810072539341419 ], [ -99.102322296115261, 20.81770050853693 ], [ -99.106945526557112, 20.82172897489006 ], [ -99.10692797589661, 20.828106708056772 ], [ -99.114039203877127, 20.823444038558943 ], [ -99.121182569307507, 20.828596293420279 ], [ -99.126847240434742, 20.838507445055367 ], [ -99.13448368896745, 20.83488049825376 ], [ -99.138369610321831, 20.829464028669761 ], [ -99.140479188818901, 20.830421275389732 ], [ -99.143738656246526, 20.840740609542223 ], [ -99.142090346304784, 20.842931893836507 ], [ -99.144071375392542, 20.848444341895391 ], [ -99.135437106131704, 20.852028046425154 ], [ -99.135898979542645, 20.85496947948096 ], [ -99.130132138476029, 20.861334101958498 ], [ -99.119846470901606, 20.867646548161375 ], [ -99.117484232449996, 20.873231851596714 ], [ -99.118766078605006, 20.876672229294059 ], [ -99.131637850877851, 20.869040528838948 ], [ -99.1364382127244, 20.873565528326605 ], [ -99.129790077812444, 20.880052383365491 ], [ -99.132884626325946, 20.886188692670828 ], [ -99.140274644769633, 20.888068960957835 ], [ -99.1608780808685, 20.886622796600957 ], [ -99.156353947539628, 20.888725287008167 ], [ -99.155112105568179, 20.892574103546249 ], [ -99.158798161843563, 20.897344540671991 ], [ -99.163324684084515, 20.894330890040212 ], [ -99.168256457233284, 20.894553120407767 ], [ -99.172118033883621, 20.898821768382533 ], [ -99.175242385889717, 20.892905977071745 ], [ -99.180234302824289, 20.891507956120687 ], [ -99.187856434937729, 20.894960340199731 ], [ -99.191029147326816, 20.893434202175126 ], [ -99.191176623423488, 20.890537663450541 ], [ -99.19901042413872, 20.893780760755856 ], [ -99.200569853852571, 20.905627972562549 ], [ -99.204085756009974, 20.908409242204176 ], [ -99.207593246543283, 20.915290355016516 ], [ -99.205827662322733, 20.917482018016052 ], [ -99.20922318925804, 20.9218780755998 ], [ -99.206202442248312, 20.934752100447799 ], [ -99.208958586340188, 20.936248037172689 ], [ -99.212110277773562, 20.945281867633486 ], [ -99.220435860897155, 20.951011740133431 ], [ -99.221193858508229, 20.953663518186978 ], [ -99.228097902751117, 20.947863107111584 ], [ -99.22985678561777, 20.949149921642427 ], [ -99.233356054304593, 20.961455561039983 ], [ -99.240629157208929, 20.965691773973948 ], [ -99.244680698593299, 20.965739777300143 ], [ -99.247551094893225, 20.969512978521234 ], [ -99.247364706180406, 20.975144856867178 ], [ -99.24454532946659, 20.975513044986176 ], [ -99.246062078237443, 20.981023421165791 ], [ -99.250530236001595, 20.978214450913519 ], [ -99.251639257040182, 20.981984782742725 ], [ -99.253813712448363, 20.981077102587758 ], [ -99.255924101047512, 20.983192443835776 ], [ -99.254861552576912, 20.986296769549412 ], [ -99.258733723403523, 20.988497626850091 ], [ -99.240215673571981, 20.998531632993959 ], [ -99.23603443834493, 21.004488196332066 ], [ -99.236261323579114, 21.008754104997625 ], [ -99.231552197157086, 21.01408848505347 ], [ -99.227878902827115, 21.03031609232465 ], [ -99.224759351994578, 21.033416696683989 ], [ -99.232741008040662, 21.037488745592764 ], [ -99.23768906250929, 21.030415396482052 ], [ -99.238679973473225, 21.034558308958193 ], [ -99.242381203172769, 21.034440117966483 ], [ -99.249713144495558, 21.040746595327484 ], [ -99.254002438476888, 21.040380601296729 ], [ -99.265857564267861, 21.047521588932554 ], [ -99.266324014881349, 21.04963432442856 ], [ -99.266128217954247, 21.061229560794995 ], [ -99.249183508616113, 21.073917283120995 ], [ -99.247053469259555, 21.081989351040512 ], [ -99.248855955774957, 21.092676634543313 ], [ -99.241734606725458, 21.098255914866979 ], [ -99.243428941015907, 21.103725097395909 ], [ -99.23981096063622, 21.108910306731946 ], [ -99.234219227359276, 21.113166565687916 ], [ -99.230760921256987, 21.108191279220687 ], [ -99.225823659685005, 21.108265708284193 ], [ -99.222360839409845, 21.105774985151871 ], [ -99.215012990415346, 21.106300435112555 ], [ -99.209478902769106, 21.110804463417821 ], [ -99.209705393606427, 21.114987534776226 ], [ -99.206994219715597, 21.118544079734427 ], [ -99.198699206463488, 21.121883145875952 ], [ -99.185327603081319, 21.121884291931359 ], [ -99.180601901148165, 21.126582595994972 ], [ -99.174817139571815, 21.122861643408793 ], [ -99.171095467112423, 21.115867270420711 ], [ -99.154261942562314, 21.107829589345378 ], [ -99.15295648328717, 21.099001025187473 ], [ -99.145869770502486, 21.085259047784628 ], [ -99.126243577879919, 21.068930573297784 ] ] ] } },
{ "type": "Feature", "properties": { "cve_edo": "13", "cve_mpo_ine": "032", "cve_edo_mpo_ine": "13032", "nom_mpo": "JALTOCAN", "nom_edo": "Hidalgo", "alianza_ganadora": "Juntos Haremos Historia", "margen_pp": 9.9042228994340444, "por_participacion": 58.852165001281065 }, "geometry": { "type": "Polygon", "coordinates": [ [ [ -98.547121469589399, 21.119860619040001 ], [ -98.552585714432468, 21.115135300066054 ], [ -98.553439197239669, 21.109615760129138 ], [ -98.556645126654203, 21.110207126692291 ], [ -98.55203386231419, 21.120936662405963 ], [ -98.555273476845116, 21.121062295312981 ], [ -98.550323910802049, 21.129660749004088 ], [ -98.551280660216534, 21.132447920490822 ], [ -98.547829712238453, 21.133236951872096 ], [ -98.549936552178167, 21.141658910347481 ], [ -98.55492599282897, 21.141722549521354 ], [ -98.557073710107673, 21.14783014328788 ], [ -98.55558448996571, 21.150503121284828 ], [ -98.561473405050506, 21.156048144276564 ], [ -98.560444909896475, 21.15925867739481 ], [ -98.556084427599941, 21.157840673134725 ], [ -98.54512054148384, 21.164922210243269 ], [ -98.534821400915263, 21.16480416505431 ], [ -98.533451609383448, 21.182354633963332 ], [ -98.548544359355006, 21.181007357851961 ], [ -98.550144841067336, 21.187225211273716 ], [ -98.544086188340103, 21.185873935773614 ], [ -98.539784420845436, 21.187972262604102 ], [ -98.537297514179897, 21.185244236176658 ], [ -98.534014692249755, 21.186753979996976 ], [ -98.532050476530429, 21.19248693928094 ], [ -98.534364049856791, 21.198436985499558 ], [ -98.530723896986458, 21.198483336633572 ], [ -98.525504051623074, 21.197000827052662 ], [ -98.517799326436091, 21.188345468364776 ], [ -98.517125034715846, 21.18509640853204 ], [ -98.520830820163994, 21.178553394746697 ], [ -98.511516127155275, 21.177753013173184 ], [ -98.50526485519579, 21.172822985524288 ], [ -98.506426363306417, 21.167655501207335 ], [ -98.503212458665885, 21.168012985656553 ], [ -98.495499531935252, 21.157314049571667 ], [ -98.501271422326582, 21.155228637835833 ], [ -98.504685726737534, 21.156850939648265 ], [ -98.50261462273987, 21.15432840530449 ], [ -98.504907687993594, 21.152854387339307 ], [ -98.504594514152245, 21.144734484496578 ], [ -98.498606063221914, 21.137950758941813 ], [ -98.507503874068519, 21.125500957928697 ], [ -98.510760257591897, 21.12642110137778 ], [ -98.508132541558382, 21.131602834623418 ], [ -98.52291160475599, 21.12000072643562 ], [ -98.524333326238406, 21.114764952591042 ], [ -98.531963981492581, 21.111846738777547 ], [ -98.530936715742598, 21.106374161142664 ], [ -98.542227403330102, 21.119454267817936 ], [ -98.547121469589399, 21.119860619040001 ] ] ] } },
{ "type": "Feature", "properties": { "cve_edo": "13", "cve_mpo_ine": "033", "cve_edo_mpo_ine": "13033", "nom_mpo": "JUAREZ HIDALGO", "nom_edo": "Hidalgo", "alianza_ganadora": "Va por México", "margen_pp": 35.520684736091297, "por_participacion": 58.101947782842934 }, "geometry": { "type": "Polygon", "coordinates": [ [ [ -98.862630433975895, 20.90202434778929 ], [ -98.85832855001189, 20.890481136574284 ], [ -98.851889346488093, 20.882803413265787 ], [ -98.850947401000838, 20.876305278272842 ], [ -98.847885189180971, 20.882983393514507 ], [ -98.845490097875029, 20.883828731347524 ], [ -98.838822250785853, 20.882304235054544 ], [ -98.826933046437105, 20.86992536528852 ], [ -98.815331595460606, 20.868794088638023 ], [ -98.798802062278099, 20.879887066786161 ], [ -98.797101508051313, 20.878595883495073 ], [ -98.79913332620059, 20.872749124919931 ], [ -98.781452114439148, 20.854425057083695 ], [ -98.783938960867701, 20.851635850880314 ], [ -98.783808133401166, 20.831782564363778 ], [ -98.786829829788559, 20.82792393489304 ], [ -98.779564635314017, 20.79960105170634 ], [ -98.798760312657038, 20.785495025080017 ], [ -98.798678248536305, 20.778601798850886 ], [ -98.814743858407226, 20.777679869531184 ], [ -98.815659031453933, 20.771206151835173 ], [ -98.817659338444088, 20.77117844676069 ], [ -98.821393807884021, 20.777270914860811 ], [ -98.820265733344726, 20.767605298194372 ], [ -98.824029507353387, 20.767837075651702 ], [ -98.831824823614923, 20.774728233654336 ], [ -98.834068499842203, 20.774411875569175 ], [ -98.834224560903593, 20.770528576183469 ], [ -98.84169647554593, 20.770821301963906 ], [ -98.839988582312955, 20.776404964448648 ], [ -98.845458038316167, 20.776771422283641 ], [ -98.85265150031988, 20.785651373557457 ], [ -98.870225304561714, 20.789398055207887 ], [ -98.877060576575602, 20.787172114962122 ], [ -98.87509188218749, 20.792995498204032 ], [ -98.884867904431331, 20.803814035818714 ], [ -98.889929650542797, 20.816393360126622 ], [ -98.883721716476359, 20.822709868184671 ], [ -98.876703591261133, 20.825966720826283 ], [ -98.885666181278992, 20.834980423650517 ], [ -98.885632417649276, 20.842326827499065 ], [ -98.889095954521949, 20.844288729025681 ], [ -98.893937820541865, 20.853812267518986 ], [ -98.891909544313492, 20.859742731672945 ], [ -98.886381334763456, 20.858675746052519 ], [ -98.885139938789592, 20.872618104364271 ], [ -98.880991797883681, 20.878534882564761 ], [ -98.879717660278232, 20.886698754601607 ], [ -98.87370001452399, 20.889384058728805 ], [ -98.862630433975895, 20.90202434778929 ] ] ] } },
{ "type": "Feature", "properties": { "cve_edo": "13", "cve_mpo_ine": "034", "cve_edo_mpo_ine": "13034", "nom_mpo": "LA MISION", "nom_edo": "Hidalgo", "alianza_ganadora": "Va por México", "margen_pp": 38.001259710266638, "por_participacion": 58.991825613079016 }, "geometry": { "type": "Polygon", "coordinates": [ [ [ -99.145869770502486, 21.085259047784628 ], [ -99.15295648328717, 21.099001025187473 ], [ -99.154261942562314, 21.107829589345378 ], [ -99.171095467112423, 21.115867270420711 ], [ -99.174817139571815, 21.122861643408793 ], [ -99.180601901148165, 21.126582595994972 ], [ -99.177269153601884, 21.137027404400978 ], [ -99.163590066446389, 21.139503032178975 ], [ -99.159256059774918, 21.143821999260659 ], [ -99.149751439160298, 21.147861911353015 ], [ -99.144279144953515, 21.144724310985787 ], [ -99.135430993491411, 21.152574216508047 ], [ -99.13143693777306, 21.152830976219608 ], [ -99.126543720475652, 21.146583874793002 ], [ -99.111685784926379, 21.148228928235209 ], [ -99.112791546810286, 21.153867116655071 ], [ -99.111083279096434, 21.156804846819679 ], [ -99.103439382420547, 21.153780748716805 ], [ -99.091120846668488, 21.153213031200771 ], [ -99.083943756007727, 21.159454677026496 ], [ -99.077424495112638, 21.159361134939203 ], [ -99.076889754940169, 21.162507528068772 ], [ -99.071832157351622, 21.165729130001086 ], [ -99.078166399513279, 21.170502088777834 ], [ -99.075634667377642, 21.173562326776835 ], [ -99.070621174454431, 21.172087021091869 ], [ -99.063576871417339, 21.174750561795165 ], [ -99.059625239139834, 21.168251384269901 ], [ -99.065378328038406, 21.166253110359754 ], [ -99.072060467453994, 21.159736486975184 ], [ -99.07205302887273, 21.156628746068762 ], [ -99.061297225633382, 21.154533150303216 ], [ -99.055202606477721, 21.159912058188358 ], [ -99.051461936429988, 21.152056316562533 ], [ -99.040064729797535, 21.151348600729584 ], [ -99.030069049405526, 21.154676435410138 ], [ -99.02820241622257, 21.160234600904989 ], [ -99.030565161810173, 21.165997033091433 ], [ -99.025473489409578, 21.16724835687349 ], [ -99.023404853333133, 21.166153651870967 ], [ -99.021829110085619, 21.157613590360846 ], [ -99.014778302384528, 21.158677169732364 ], [ -99.013962408596342, 21.147698221220089 ], [ -99.011741493693023, 21.146071395488541 ], [ -99.017579046947674, 21.138087740589569 ], [ -99.026492000192974, 21.131684555530228 ], [ -99.021664893587655, 21.126363300840765 ], [ -99.023147034135633, 21.117967071513274 ], [ -99.019211845503591, 21.108714553511209 ], [ -99.021113344947295, 21.105682067615724 ], [ -99.037643951340172, 21.107371416014825 ], [ -99.035449713198886, 21.088185798739843 ], [ -99.044985231232118, 21.078202946585552 ], [ -99.032210031397739, 21.067381117058947 ], [ -99.020056964057176, 21.068035165526684 ], [ -99.008280778900328, 21.065918269728176 ], [ -99.007543714302614, 21.063323988068873 ], [ -99.01056962521541, 21.060982812636208 ], [ -99.01939451188197, 21.05771457182923 ], [ -99.010442531289883, 21.053924449772676 ], [ -99.007059192317485, 21.049463609008225 ], [ -99.010317312250194, 21.04630068535554 ], [ -99.00522216958818, 21.041833631966373 ], [ -99.005076098261625, 21.037323460790851 ], [ -99.000448289056663, 21.044909157249123 ], [ -98.98673326890605, 21.039719552082037 ], [ -98.973898955308428, 21.048328082395148 ], [ -98.969781349044396, 21.047088066030422 ], [ -98.961956538006959, 21.051528253191066 ], [ -98.960923499717978, 21.047292418647263 ], [ -98.964097553274414, 21.040132056371171 ], [ -98.958267947675196, 21.036832338788681 ], [ -98.957803422909919, 21.032271479708673 ], [ -98.961952748114726, 21.029969339291966 ], [ -98.970715459616954, 21.034626809636173 ], [ -98.973379146317768, 21.033497454145468 ], [ -98.967405658527795, 21.029495610185108 ], [ -98.970780937169096, 21.023807660878241 ], [ -98.95814207491118, 21.022441718771475 ], [ -98.9580965799925, 21.018074862360372 ], [ -98.962221924177683, 21.013568505288283 ], [ -98.971665705244021, 21.012877834596587 ], [ -98.972567132496835, 21.005976661706942 ], [ -98.975787572847722, 21.001705064320628 ], [ -98.977203780334435, 21.006095858540057 ], [ -98.979787126165874, 21.00667307782739 ], [ -98.980827822330681, 20.997845716603287 ], [ -98.986756143793315, 20.998418990077731 ], [ -98.988742128162016, 20.993319836316353 ], [ -99.006870635770625, 20.990811140944626 ], [ -99.007706402761031, 20.9980616244898 ], [ -99.014166660295942, 21.000456503003225 ], [ -99.017497885022365, 20.993573400841413 ], [ -99.021603137914724, 20.992283230977314 ], [ -99.02954103202029, 20.999689423491795 ], [ -99.038764682754362, 21.004234158557097 ], [ -99.040227471791951, 21.002201553222527 ], [ -99.034882034809286, 20.999930357067946 ], [ -99.031349701980588, 20.994672899718648 ], [ -99.042025662912181, 20.992543931431566 ], [ -99.049964112228608, 20.99974198342894 ], [ -99.049645175150957, 20.988347158164224 ], [ -99.040962309774471, 20.989313393030741 ], [ -99.035660271757735, 20.979707703050181 ], [ -99.032556990306077, 20.98286146274754 ], [ -99.028154607331018, 20.982204753385108 ], [ -99.023618478705274, 20.973592097241468 ], [ -99.024964253634565, 20.97176696635751 ], [ -99.0317142285881, 20.972834777360596 ], [ -99.032053719941203, 20.96690870708386 ], [ -99.038727002701648, 20.959730255807614 ], [ -99.044711980514265, 20.959969929205226 ], [ -99.047696642749941, 20.956567495272076 ], [ -99.052623676503117, 20.956021191146011 ], [ -99.054163266293415, 20.96227587353836 ], [ -99.059377144573688, 20.958828286640649 ], [ -99.063078206022084, 20.960894211067973 ], [ -99.065911046712543, 20.967975434841588 ], [ -99.065807107167629, 20.973693997692525 ], [ -99.060893149738718, 20.980124799976291 ], [ -99.072598561048508, 20.991956710604072 ], [ -99.08557118458549, 20.993384771773723 ], [ -99.094244325605828, 21.007100518917678 ], [ -99.099699016602798, 21.010348773620152 ], [ -99.10000676324357, 21.015900820690259 ], [ -99.094737676302572, 21.021131536575275 ], [ -99.095166977002918, 21.028382296854605 ], [ -99.099784335789806, 21.029050784063021 ], [ -99.117233083228996, 21.048603747291732 ], [ -99.12098933341619, 21.048264919719621 ], [ -99.129327664665965, 21.062829808570633 ], [ -99.126243577879919, 21.068930573297784 ], [ -99.145869770502486, 21.085259047784628 ] ] ] } },
{ "type": "Feature", "properties": { "cve_edo": "13", "cve_mpo_ine": "035", "cve_edo_mpo_ine": "13035", "nom_mpo": "LOLOTLA", "nom_edo": "Hidalgo", "alianza_ganadora": "Va por México", "margen_pp": 21.134564643799472, "por_participacion": 54.430561539566277 }, "geometry": { "type": "Polygon", "coordinates": [ [ [ -98.742139898342657, 20.971200536235262 ], [ -98.74636499213031, 20.982421758003724 ], [ -98.751433011612775, 20.981093661876901 ], [ -98.75598795385342, 20.990015956684204 ], [ -98.744695895447563, 20.998159236726593 ], [ -98.747424839173362, 20.998820215185923 ], [ -98.7465203380372, 21.001470226250657 ], [ -98.739604650337483, 21.003772786897486 ], [ -98.738620106095951, 21.010751854555526 ], [ -98.749637883415446, 21.01293503099863 ], [ -98.752676411324146, 21.028728870851456 ], [ -98.757623934928489, 21.033811159527318 ], [ -98.759384399829202, 21.043489100355906 ], [ -98.754741949725883, 21.051792637090294 ], [ -98.75691905198174, 21.058337063943316 ], [ -98.755639310867622, 21.060375174304355 ], [ -98.767774805189276, 21.060815644229834 ], [ -98.772231020000973, 21.066911855678818 ], [ -98.778610922743113, 21.067620733363757 ], [ -98.783444571573469, 21.072747623427951 ], [ -98.778672075833597, 21.074191782073516 ], [ -98.777621061964652, 21.080923616099874 ], [ -98.772308331723181, 21.08533875134588 ], [ -98.76927332817499, 21.084396786564675 ], [ -98.766976074523313, 21.087591072116652 ], [ -98.761020985333118, 21.083997544151476 ], [ -98.757837825757917, 21.085473023360358 ], [ -98.757615045581005, 21.090721944826278 ], [ -98.760855341036915, 21.097356851990497 ], [ -98.753967268353236, 21.098910084129827 ], [ -98.753606881791256, 21.105245042733728 ], [ -98.738820568670562, 21.114664755671612 ], [ -98.739841155482836, 21.118500847381835 ], [ -98.748274688851495, 21.118978569041733 ], [ -98.749377243107674, 21.121813555834038 ], [ -98.749097766576753, 21.123860988916256 ], [ -98.743198826701104, 21.125132291896875 ], [ -98.744671902071786, 21.133363494429389 ], [ -98.737370784386528, 21.130020367726267 ], [ -98.73514051618767, 21.131839175352447 ], [ -98.741586632188586, 21.135958680762602 ], [ -98.740847561730604, 21.149793834689536 ], [ -98.744802850207165, 21.161564536015984 ], [ -98.750447144733315, 21.164627903542257 ], [ -98.754389057466298, 21.162920222747591 ], [ -98.764659798061089, 21.1652933167308 ], [ -98.769985812496856, 21.172568004466953 ], [ -98.765838581755546, 21.175114682092886 ], [ -98.755355207324826, 21.170127637345232 ], [ -98.744671330353512, 21.180829814583458 ], [ -98.745924767736028, 21.184575182129851 ], [ -98.7433330064231, 21.18406124706371 ], [ -98.739066743786992, 21.187886896929523 ], [ -98.738565836851095, 21.191986476331451 ], [ -98.734805121544028, 21.183184949244552 ], [ -98.726997810109751, 21.180564739636097 ], [ -98.727233852545268, 21.185507613027326 ], [ -98.723649924927756, 21.184083144619169 ], [ -98.71861259802543, 21.188113103469689 ], [ -98.721825297939574, 21.180813514633581 ], [ -98.719801199556741, 21.178548652265114 ], [ -98.722335205492996, 21.170138919425916 ], [ -98.720656661921083, 21.166666585073784 ], [ -98.728019256707611, 21.155455810150485 ], [ -98.724693198841152, 21.151832379263197 ], [ -98.73286878744257, 21.14594564671248 ], [ -98.733706011006475, 21.141182491913955 ], [ -98.729999678313291, 21.140883553573982 ], [ -98.729672463530648, 21.137318687907314 ], [ -98.724080306498735, 21.136501330886521 ], [ -98.724698661169327, 21.133462136415694 ], [ -98.721214338934331, 21.13172610231506 ], [ -98.72282775139071, 21.128228104058117 ], [ -98.720962677345241, 21.123609079593347 ], [ -98.715587993943984, 21.120821518969436 ], [ -98.717330344817441, 21.118552718134818 ], [ -98.715017359090197, 21.116315397605256 ], [ -98.718212242187803, 21.112231092912026 ], [ -98.726239375183695, 21.109544167860172 ], [ -98.732509517045088, 21.088705385438402 ], [ -98.741798448137928, 21.08912416284841 ], [ -98.739825521186802, 21.07929850550725 ], [ -98.733115245484925, 21.078080264240956 ], [ -98.72507425979876, 21.066456835206974 ], [ -98.73426039209231, 21.062325211530496 ], [ -98.733338818793726, 21.058026904761579 ], [ -98.728845552800365, 21.055027815438745 ], [ -98.72743509231492, 21.048683042622066 ], [ -98.73439155548634, 21.032431224694523 ], [ -98.739952887732898, 21.030378037894469 ], [ -98.73420185673784, 21.024723682888169 ], [ -98.734209116396599, 21.019228882549399 ], [ -98.736875476446784, 21.015435334917342 ], [ -98.731883585393987, 21.015515688219349 ], [ -98.723292255372655, 21.007504973410963 ], [ -98.715920392911713, 21.010596856277974 ], [ -98.710809507348401, 21.016869344514188 ], [ -98.707634838157119, 21.010169004706356 ], [ -98.702755320979776, 21.009673562334935 ], [ -98.698641892447341, 21.003021288621778 ], [ -98.691335071994331, 21.000370846217489 ], [ -98.687391146966561, 20.992896905988388 ], [ -98.700859558836399, 20.982214460412965 ], [ -98.702584342293434, 20.978182641444839 ], [ -98.70733334157697, 20.97736689945517 ], [ -98.720822312956585, 20.981854754530872 ], [ -98.714954498861005, 20.969639767695018 ], [ -98.714707137340156, 20.968288502359282 ], [ -98.718075492812531, 20.970599613450169 ], [ -98.716982948883924, 20.966753586103408 ], [ -98.705511969919613, 20.964464188125238 ], [ -98.703786818196974, 20.955620268015309 ], [ -98.717289047543204, 20.949077716112111 ], [ -98.723525300359398, 20.950464223643237 ], [ -98.724364271948971, 20.939673111971771 ], [ -98.721069754233298, 20.932604866743421 ], [ -98.728089086906863, 20.923610567535764 ], [ -98.722427525022027, 20.920784538299849 ], [ -98.723144440873384, 20.915817202714425 ], [ -98.712177032707501, 20.916804844472519 ], [ -98.69846385403676, 20.912810183552825 ], [ -98.700948612356001, 20.908526455823054 ], [ -98.699873431772602, 20.906484435285762 ], [ -98.689988561431292, 20.903812808998868 ], [ -98.688094975837899, 20.915062860675501 ], [ -98.681825644245691, 20.922819625941017 ], [ -98.679388808514418, 20.919475623743192 ], [ -98.658575835946337, 20.915695415003917 ], [ -98.648862307228427, 20.919129971477393 ], [ -98.641062901793944, 20.913282660225175 ], [ -98.637486233886108, 20.913718962141434 ], [ -98.635500409656558, 20.908115743559801 ], [ -98.630796262542432, 20.907124960592597 ], [ -98.634091616602788, 20.901360128583981 ], [ -98.62777327891331, 20.896936592107387 ], [ -98.652958717494869, 20.89113376933221 ], [ -98.660604713811338, 20.899606051298878 ], [ -98.661602032333363, 20.892955670022836 ], [ -98.668094425257181, 20.890487693170055 ], [ -98.668227248922989, 20.885648006635634 ], [ -98.665864979386456, 20.883984495307917 ], [ -98.666877324110828, 20.879056198212918 ], [ -98.660960198518779, 20.873564711520046 ], [ -98.659195152093389, 20.873044812609454 ], [ -98.65865457819379, 20.87825658689577 ], [ -98.650885804049139, 20.87568996903611 ], [ -98.649528410308477, 20.868154955373175 ], [ -98.654749951123549, 20.854789297246629 ], [ -98.653378040191882, 20.845614165328943 ], [ -98.659795972721227, 20.848190739932477 ], [ -98.662622506797433, 20.84275681559615 ], [ -98.669322811859388, 20.844100739632893 ], [ -98.67264213145117, 20.84132832605361 ], [ -98.673316865792302, 20.844603721595053 ], [ -98.675120780184017, 20.842949854219448 ], [ -98.685932277834013, 20.844754084615825 ], [ -98.686422395591222, 20.840567720650423 ], [ -98.701066682098357, 20.824472593294683 ], [ -98.718193215804902, 20.827085797248682 ], [ -98.728520146528254, 20.831130994946083 ], [ -98.742175115325111, 20.828759287277638 ], [ -98.745794788674772, 20.829902165542851 ], [ -98.750878344621356, 20.838530592031386 ], [ -98.742012753049806, 20.842096303479334 ], [ -98.731762190378106, 20.843090495431376 ], [ -98.731727159824146, 20.847550071783044 ], [ -98.743322956343746, 20.85424711640124 ], [ -98.74458785894079, 20.857188806585548 ], [ -98.739575348346662, 20.854424633372339 ], [ -98.720210705855152, 20.853117442188942 ], [ -98.716138542090462, 20.849947014657264 ], [ -98.710405390746729, 20.85688060017328 ], [ -98.707413900827646, 20.864950697392821 ], [ -98.712521797786351, 20.870400721344488 ], [ -98.716826002461957, 20.881253875617244 ], [ -98.722793639621088, 20.881754986560203 ], [ -98.718756746173128, 20.874042484208676 ], [ -98.719541681915004, 20.871034134655932 ], [ -98.736512783136462, 20.879260377336948 ], [ -98.739468058030965, 20.883164978260179 ], [ -98.742978673258364, 20.883439879107154 ], [ -98.745508026490796, 20.889447116236973 ], [ -98.758142939288945, 20.89094800544736 ], [ -98.766703396241809, 20.904681641934655 ], [ -98.767675777395596, 20.907703517753884 ], [ -98.764505440262326, 20.908794429958984 ], [ -98.767711659490502, 20.91067700184616 ], [ -98.766435072127848, 20.916820222396524 ], [ -98.769119824942848, 20.917996804331082 ], [ -98.767109383127888, 20.92054184471943 ], [ -98.770149009428138, 20.921266858739582 ], [ -98.768827711658574, 20.925592792153065 ], [ -98.771221411401456, 20.92656066461527 ], [ -98.772695036200631, 20.933013734539994 ], [ -98.778774471260419, 20.94201968976504 ], [ -98.775285726371521, 20.944712012176911 ], [ -98.7720398771757, 20.942736974650813 ], [ -98.771515692574951, 20.944501219810299 ], [ -98.765354950607616, 20.943202774315246 ], [ -98.76530643485394, 20.945118030628926 ], [ -98.762445651480036, 20.945668085214166 ], [ -98.763119715868214, 20.94805921922984 ], [ -98.758107507246621, 20.947638641576308 ], [ -98.751974932846636, 20.953660709407306 ], [ -98.748561998496982, 20.951940228875522 ], [ -98.745726407437601, 20.953196411064933 ], [ -98.747201462582879, 20.954979378116178 ], [ -98.744137339580092, 20.959695824471179 ], [ -98.748446310570742, 20.966712541234063 ], [ -98.742139898342657, 20.971200536235262 ] ] ] } },
{ "type": "Feature", "properties": { "cve_edo": "13", "cve_mpo_ine": "036", "cve_edo_mpo_ine": "13036", "nom_mpo": "METEPEC", "nom_edo": "Hidalgo", "alianza_ganadora": "Juntos Haremos Historia", "margen_pp": 3.3533963886500429, "por_participacion": 37.144682210156496 }, "geometry": { "type": "Polygon", "coordinates": [ [ [ -98.339711199780822, 20.31589815687969 ], [ -98.332077401729734, 20.313536154032604 ], [ -98.332012043462768, 20.324378461984946 ], [ -98.32398706783907, 20.323882265000844 ], [ -98.322680946954904, 20.32786825253881 ], [ -98.311328066117497, 20.322440202437043 ], [ -98.317318770955694, 20.312778426591311 ], [ -98.319885706445291, 20.311924364497791 ], [ -98.31364254437338, 20.308098920414814 ], [ -98.303870942283041, 20.308447382672899 ], [ -98.298627390960831, 20.305024998042018 ], [ -98.291945287387421, 20.292265213435321 ], [ -98.294725541944743, 20.289340342117264 ], [ -98.288634869671313, 20.277112365870106 ], [ -98.289143761662615, 20.263493165591218 ], [ -98.293880649503677, 20.263196732882623 ], [ -98.298165092057303, 20.258601248619012 ], [ -98.302077742737083, 20.257816433851524 ], [ -98.290346933647029, 20.254998023293702 ], [ -98.280887084814381, 20.256955989345322 ], [ -98.278255198482796, 20.25550651810499 ], [ -98.276715959753062, 20.247411386173262 ], [ -98.285155109058962, 20.232912328070487 ], [ -98.282440740139592, 20.218705036587743 ], [ -98.268120847850099, 20.225966812866929 ], [ -98.265890316333113, 20.225202976742786 ], [ -98.267406247842203, 20.218691099051156 ], [ -98.262147566903963, 20.215739575016379 ], [ -98.267659199954991, 20.208675440154973 ], [ -98.272107427789479, 20.208919505972496 ], [ -98.276643614748494, 20.206225439216428 ], [ -98.276513013581166, 20.202253699709438 ], [ -98.272376979052879, 20.196386477161404 ], [ -98.280316361960942, 20.197295887642404 ], [ -98.283909231795846, 20.195144411350263 ], [ -98.292712162215693, 20.197136175027172 ], [ -98.293777361611419, 20.200823252804113 ], [ -98.30195450815512, 20.206194927944843 ], [ -98.311281553839777, 20.19410673202696 ], [ -98.314579553112921, 20.196907998226461 ], [ -98.314254581673595, 20.194798180402852 ], [ -98.329386859910542, 20.200363877950824 ], [ -98.329127104458436, 20.180551952571573 ], [ -98.349755786954461, 20.193507464418897 ], [ -98.350862931468669, 20.213303047587733 ], [ -98.354421901962553, 20.228579876610869 ], [ -98.3597487746963, 20.228096421669587 ], [ -98.358997362463228, 20.222471604323701 ], [ -98.365754311398661, 20.20498520697268 ], [ -98.375200571998604, 20.205702945653513 ], [ -98.375244573759289, 20.208931903468475 ], [ -98.385231429888293, 20.210156597237507 ], [ -98.388368896012651, 20.214262251795908 ], [ -98.386024180637449, 20.215912477548422 ], [ -98.391347127087613, 20.214724665935719 ], [ -98.393727681348665, 20.218248899792226 ], [ -98.398059736913211, 20.216479015760036 ], [ -98.398741476649491, 20.220992720356591 ], [ -98.394704556389073, 20.222059585418915 ], [ -98.398604197401554, 20.225711497827451 ], [ -98.406790526470644, 20.265635614293434 ], [ -98.405271422504796, 20.279085642862928 ], [ -98.411515213468036, 20.281790550020983 ], [ -98.409801834271136, 20.286009000300002 ], [ -98.401484222232355, 20.289674117506291 ], [ -98.399999505147193, 20.2950106615687 ], [ -98.392894691426193, 20.30194838733717 ], [ -98.397979658627619, 20.302374302630231 ], [ -98.405080283194195, 20.309966088850334 ], [ -98.415049231458866, 20.303199893146733 ], [ -98.422189938967364, 20.301435748103078 ], [ -98.423294092532871, 20.303052592480366 ], [ -98.420292334006334, 20.307765049195925 ], [ -98.422925608656229, 20.307274108808603 ], [ -98.424137068093572, 20.31120932190025 ], [ -98.420914312003106, 20.312816651114861 ], [ -98.416600465125626, 20.323528438750206 ], [ -98.40105423684561, 20.321506038387426 ], [ -98.400155036022966, 20.313100731240898 ], [ -98.396842990959925, 20.308291152893428 ], [ -98.394217405403907, 20.307001724765026 ], [ -98.386781789663715, 20.309219351973358 ], [ -98.382023895147185, 20.314092470842649 ], [ -98.369708226782635, 20.30917748776816 ], [ -98.369536273036786, 20.3018876065569 ], [ -98.36589258025019, 20.306105644713291 ], [ -98.35128978642021, 20.309073399425316 ], [ -98.343798618718921, 20.309193241163857 ], [ -98.345464528158672, 20.306113666785865 ], [ -98.342222253277967, 20.303871635725592 ], [ -98.340576613786027, 20.308937226413107 ], [ -98.33812097458997, 20.309211113695742 ], [ -98.339711199780822, 20.31589815687969 ] ] ] } },
{ "type": "Feature", "properties": { "cve_edo": "13", "cve_mpo_ine": "037", "cve_edo_mpo_ine": "13037", "nom_mpo": "METZTITLAN", "nom_edo": "Hidalgo", "alianza_ganadora": "Va por México", "margen_pp": 23.058436630407286, "por_participacion": 47.256425582785418 }, "geometry": { "type": "Polygon", "coordinates": [ [ [ -98.703674125065049, 20.644289571881675 ], [ -98.700090907942297, 20.635644991750102 ], [ -98.693422564272623, 20.624452838890356 ], [ -98.689800415328619, 20.624140740721096 ], [ -98.688498626737086, 20.615302420424651 ], [ -98.683707092697816, 20.615148931882516 ], [ -98.683727536739937, 20.610920396321298 ], [ -98.680693338331892, 20.609948369440506 ], [ -98.680087366695915, 20.602357948906235 ], [ -98.683965155730533, 20.598028562984695 ], [ -98.681664556248535, 20.590427811819545 ], [ -98.68871313903422, 20.585445279167097 ], [ -98.681621606074629, 20.575171155984442 ], [ -98.687409903372654, 20.574335761533963 ], [ -98.689879443452085, 20.571075572467507 ], [ -98.686253972663607, 20.571716912595914 ], [ -98.682645314628829, 20.568875836270625 ], [ -98.678846824140507, 20.557037205534655 ], [ -98.683393094959669, 20.547115092589276 ], [ -98.687852709344924, 20.542954954741059 ], [ -98.687226491614979, 20.539551617052926 ], [ -98.696511035677332, 20.540229563067101 ], [ -98.704818399002093, 20.537543100701136 ], [ -98.708441035906674, 20.524795644113848 ], [ -98.692587231916107, 20.530090211176649 ], [ -98.683362527676934, 20.529246591470564 ], [ -98.687519638623527, 20.527157501674601 ], [ -98.68740191745772, 20.51517545582308 ], [ -98.692627798241332, 20.50932004195688 ], [ -98.68250897246736, 20.500386682317046 ], [ -98.676661309434863, 20.489986458862315 ], [ -98.682932361173641, 20.485257083150692 ], [ -98.681126401354291, 20.470516176999034 ], [ -98.68985961034079, 20.465316312931428 ], [ -98.680821759380109, 20.462856840864799 ], [ -98.679295573725284, 20.464547308358348 ], [ -98.674978234356118, 20.463899007623443 ], [ -98.673027787798546, 20.467660321891927 ], [ -98.670784893735004, 20.467303681707282 ], [ -98.672006577162293, 20.462678468341441 ], [ -98.661579119701486, 20.457970706328918 ], [ -98.659871779471914, 20.449088047615426 ], [ -98.657083307334716, 20.446334440822103 ], [ -98.661971056548623, 20.437783000049482 ], [ -98.66488930571245, 20.437884006772553 ], [ -98.668010288960474, 20.444246410009438 ], [ -98.673668279150093, 20.445193325926557 ], [ -98.67957329118677, 20.443363864620434 ], [ -98.690353525346055, 20.4352206191076 ], [ -98.693478070794171, 20.441043638602352 ], [ -98.694722218615709, 20.437195510289339 ], [ -98.705553105740719, 20.442940155503607 ], [ -98.704769972436026, 20.435638824995372 ], [ -98.72219588163874, 20.428984120749341 ], [ -98.726745467534371, 20.440543190521417 ], [ -98.73050507176589, 20.43740721695136 ], [ -98.738085862537616, 20.439192375520193 ], [ -98.737171689416883, 20.434751051970164 ], [ -98.739634590866842, 20.432236296314464 ], [ -98.753256525454987, 20.427422145097474 ], [ -98.763296505674091, 20.427395992554704 ], [ -98.76220496270426, 20.423326919859608 ], [ -98.771325391702661, 20.419854068000166 ], [ -98.772329403450428, 20.417081946268119 ], [ -98.778634508472962, 20.416743843084511 ], [ -98.791381330411298, 20.411217048175065 ], [ -98.79222465501698, 20.404837033020318 ], [ -98.797135816038022, 20.402707923931747 ], [ -98.805882233815879, 20.390151772716397 ], [ -98.811903145004933, 20.38761362207244 ], [ -98.815675093307334, 20.388688259233227 ], [ -98.81667345644081, 20.394105883369399 ], [ -98.814687445788408, 20.394852738618827 ], [ -98.816383718840541, 20.396712195269185 ], [ -98.813638943797386, 20.398452666872497 ], [ -98.815570434441398, 20.401883719926744 ], [ -98.817848122898724, 20.400516046088242 ], [ -98.819139523349392, 20.406677872264073 ], [ -98.826918981449964, 20.41403148626717 ], [ -98.828025888590574, 20.410596870013251 ], [ -98.831591186812545, 20.411130212913328 ], [ -98.834450960614959, 20.407569270458936 ], [ -98.843624752976851, 20.406771537979363 ], [ -98.854326649707261, 20.413499606958929 ], [ -98.860931583168409, 20.414524524117208 ], [ -98.861212934671698, 20.418815925087916 ], [ -98.865148410526217, 20.417188439953556 ], [ -98.868405936887243, 20.419608610431737 ], [ -98.884616250708291, 20.420047367215879 ], [ -98.887791654336638, 20.425361120898675 ], [ -98.899881570712964, 20.428665721438342 ], [ -98.903607881436827, 20.438283152427029 ], [ -98.913650116417202, 20.44880966370016 ], [ -98.912258987926393, 20.454300202695713 ], [ -98.910163076990486, 20.45438366646577 ], [ -98.910665220614234, 20.463097391232512 ], [ -98.903890002456876, 20.468222177883032 ], [ -98.910615450828246, 20.469216817027892 ], [ -98.913366782020617, 20.476512108985155 ], [ -98.908260837264237, 20.485121176783068 ], [ -98.910937256029044, 20.487247316694578 ], [ -98.918796213555808, 20.485767982086472 ], [ -98.930090209294505, 20.494068627788728 ], [ -98.946020967442777, 20.493838270009416 ], [ -98.946387419162662, 20.499340042384414 ], [ -98.948616013146534, 20.498940476860458 ], [ -98.947776311874236, 20.500788072329939 ], [ -98.950313140238862, 20.502127620198351 ], [ -98.947152453516352, 20.506194425564857 ], [ -98.948897501380273, 20.525525623807532 ], [ -98.95793928228521, 20.53122929478096 ], [ -98.957032928397936, 20.533316819140211 ], [ -98.963887724813588, 20.545566928832621 ], [ -98.962147972382439, 20.554724581093303 ], [ -98.9652723229717, 20.568100037935007 ], [ -98.963003660803679, 20.5731528274125 ], [ -98.960007412625799, 20.572525068749538 ], [ -98.954895445487395, 20.575411507787283 ], [ -98.951816758245769, 20.581180013758853 ], [ -98.944624444900796, 20.582015064342272 ], [ -98.944192152435733, 20.584512027098597 ], [ -98.94630950622421, 20.585109221672958 ], [ -98.944861089940801, 20.594263094763154 ], [ -98.948943972749561, 20.59707890313905 ], [ -98.95202908129508, 20.603768929720768 ], [ -98.947292080022024, 20.604324953886177 ], [ -98.946771711137799, 20.616872857434743 ], [ -98.941546890106665, 20.620175518044608 ], [ -98.939634774534085, 20.625680435205112 ], [ -98.933829099413146, 20.629363643792342 ], [ -98.934627915829608, 20.631928741256207 ], [ -98.929237352306203, 20.637546413323449 ], [ -98.931718785377299, 20.639058312548517 ], [ -98.931208279727628, 20.643713766091732 ], [ -98.935314657054676, 20.650109178031329 ], [ -98.931282411843952, 20.657290617242516 ], [ -98.919720793021767, 20.655410933613208 ], [ -98.912328382529722, 20.659427552952252 ], [ -98.911881760449305, 20.66341796401251 ], [ -98.904092665994156, 20.66494678706897 ], [ -98.903105803847055, 20.662091353738646 ], [ -98.898604697683851, 20.660723108155054 ], [ -98.891466723056368, 20.662494207300835 ], [ -98.889249885518453, 20.665048296609864 ], [ -98.897123321776462, 20.675435985663437 ], [ -98.894076401817941, 20.685347412167605 ], [ -98.895352282700145, 20.689196619291533 ], [ -98.901203353559922, 20.692669509232772 ], [ -98.899512200772932, 20.696298193142553 ], [ -98.892712782870674, 20.700100588866537 ], [ -98.892998798423633, 20.708983388163176 ], [ -98.889119030796763, 20.711470384444514 ], [ -98.880308681815265, 20.706696656645018 ], [ -98.868929168584529, 20.703939853578422 ], [ -98.860351367829495, 20.714525725151191 ], [ -98.85119619329582, 20.715691278270519 ], [ -98.850393275650973, 20.712211030696171 ], [ -98.84394120810245, 20.709655497675875 ], [ -98.842318344302953, 20.704812663854685 ], [ -98.849579505005309, 20.695568694423404 ], [ -98.845642723673492, 20.697723074796077 ], [ -98.838877600801609, 20.690021666220648 ], [ -98.838013623093573, 20.69397420149431 ], [ -98.833438312725548, 20.694348828852167 ], [ -98.829838014575031, 20.691724806901224 ], [ -98.845071491719622, 20.680538657926171 ], [ -98.855050472796663, 20.680029996677305 ], [ -98.855183794242507, 20.678243331571174 ], [ -98.843682983381115, 20.676108848616018 ], [ -98.837973877901135, 20.677241559138828 ], [ -98.835575047590964, 20.680128798056735 ], [ -98.827367319647351, 20.681824097983455 ], [ -98.823407310256783, 20.686760099894119 ], [ -98.824437985748318, 20.691317919950411 ], [ -98.81548757007252, 20.696507244124241 ], [ -98.81877730658411, 20.707812292261938 ], [ -98.822708118575633, 20.706447491718563 ], [ -98.822208314978056, 20.709400077706075 ], [ -98.82506770166016, 20.70833572420781 ], [ -98.828972059104771, 20.717268220285622 ], [ -98.796075578561826, 20.72367253565508 ], [ -98.784631602660227, 20.72153356478767 ], [ -98.772751372847878, 20.728615306752033 ], [ -98.770921321227547, 20.734153841427027 ], [ -98.764933019203696, 20.739729257627353 ], [ -98.761138240587073, 20.738973961356237 ], [ -98.749744310405305, 20.74296485757511 ], [ -98.744839296773804, 20.741894748242817 ], [ -98.741281460507992, 20.733071372697683 ], [ -98.736512174274225, 20.729648233611101 ], [ -98.724485828515867, 20.726870363798252 ], [ -98.729515111206709, 20.717433830948437 ], [ -98.729684535793311, 20.709587113277944 ], [ -98.726182585850083, 20.704251515038642 ], [ -98.728654583748835, 20.698448177268364 ], [ -98.720969269797365, 20.697445045532241 ], [ -98.718066408868864, 20.693631552476496 ], [ -98.711077158763814, 20.691713245924731 ], [ -98.704235177012279, 20.686537849283713 ], [ -98.704080082202836, 20.682225379316424 ], [ -98.701284477632768, 20.679928508552074 ], [ -98.694155849389432, 20.679015050748038 ], [ -98.692970884109855, 20.682283012674862 ], [ -98.68637579664275, 20.6798385406058 ], [ -98.679487475833923, 20.665618188557307 ], [ -98.681843174519642, 20.662067262530815 ], [ -98.685275003985495, 20.66565349466731 ], [ -98.686691834847181, 20.662801560599476 ], [ -98.690251657694702, 20.664108324647888 ], [ -98.700615052959321, 20.660771266286357 ], [ -98.705392843357956, 20.664157878029751 ], [ -98.703674125065049, 20.644289571881675 ] ] ] } },
{ "type": "Feature", "properties": { "cve_edo": "13", "cve_mpo_ine": "040", "cve_edo_mpo_ine": "13040", "nom_mpo": "MINERAL DE LA REFORMA", "nom_edo": "Hidalgo", "alianza_ganadora": "Juntos Haremos Historia", "margen_pp": 11.211919285116272, "por_participacion": 44.625660498204361 }, "geometry": { "type": "Polygon", "coordinates": [ [ [ -98.773988528903544, 20.023505980081712 ], [ -98.772327179701477, 20.031994221103549 ], [ -98.776186986803324, 20.03417696531351 ], [ -98.768176823815296, 20.051770587414623 ], [ -98.777632663713035, 20.058097949109552 ], [ -98.768778429296134, 20.06991825867285 ], [ -98.760054900266326, 20.067191981204754 ], [ -98.751350586461101, 20.078327950584043 ], [ -98.749561494266388, 20.089868221833591 ], [ -98.740942714796276, 20.085964723681116 ], [ -98.734169616360347, 20.095258263923387 ], [ -98.73214071665339, 20.093873563387803 ], [ -98.72235978822124, 20.110546351563915 ], [ -98.719532053785713, 20.104184076963449 ], [ -98.718014319871713, 20.105095269710844 ], [ -98.712086708476789, 20.117640468411096 ], [ -98.713721762528081, 20.120805682658826 ], [ -98.711069316153129, 20.124971581652503 ], [ -98.715812059078345, 20.124777914227941 ], [ -98.715772525096654, 20.130615698698438 ], [ -98.711447382901071, 20.13070463739291 ], [ -98.708095816328736, 20.134464241459192 ], [ -98.708925193779109, 20.128503548621165 ], [ -98.702796595056185, 20.131400907055671 ], [ -98.690984633193679, 20.13249439468299 ], [ -98.68865280277592, 20.130667045875398 ], [ -98.686893667925858, 20.122343712909132 ], [ -98.681632466798192, 20.124975766001882 ], [ -98.674479404850345, 20.124477100106574 ], [ -98.67070483480407, 20.119034313657046 ], [ -98.671882641910301, 20.116926477321282 ], [ -98.665594815276279, 20.111721574893934 ], [ -98.662499576372298, 20.105201201970054 ], [ -98.666837321922415, 20.100108086618416 ], [ -98.665176323588241, 20.066353034768849 ], [ -98.673605735813936, 20.066745443541098 ], [ -98.674927807397665, 20.062204507079745 ], [ -98.682286742832076, 20.062179323166319 ], [ -98.688730982940754, 20.058415629812099 ], [ -98.690013637843279, 20.055078765070174 ], [ -98.696898762742379, 20.053327516611542 ], [ -98.699161988729699, 20.048552422482853 ], [ -98.697459990647332, 20.030050003422406 ], [ -98.686759993439054, 20.034130008793369 ], [ -98.681675288810311, 20.026740133640498 ], [ -98.675488871449332, 20.026158678301428 ], [ -98.679699980230083, 20.012620037674495 ], [ -98.685550012824621, 20.018910030648939 ], [ -98.688044465085909, 20.016545034895252 ], [ -98.692067228847321, 20.019001537900749 ], [ -98.706040035559596, 20.021170035988213 ], [ -98.707113214114699, 20.023918267987888 ], [ -98.71533842547754, 20.023878975711945 ], [ -98.715562790188713, 20.020485985769803 ], [ -98.722056293327938, 20.02016244475449 ], [ -98.723081577011826, 20.022045762877131 ], [ -98.727214521618421, 20.008477119929207 ], [ -98.716403939879868, 20.00675302698334 ], [ -98.713162764110663, 19.998908445378515 ], [ -98.72841737116606, 20.00450345525924 ], [ -98.715048548765893, 19.992188318016279 ], [ -98.718402199437222, 19.992697939790961 ], [ -98.718550007616443, 19.990603438657992 ], [ -98.727230803506572, 19.994502815790838 ], [ -98.73019459395897, 19.979590072044257 ], [ -98.771910771750839, 19.985473451408843 ], [ -98.768526321832212, 19.988465156597201 ], [ -98.766335312874844, 20.00716268759103 ], [ -98.76040653256014, 20.016883098038988 ], [ -98.773988528903544, 20.023505980081712 ] ] ] } },
{ "type": "Feature", "properties": { "cve_edo": "13", "cve_mpo_ine": "038", "cve_edo_mpo_ine": "13038", "nom_mpo": "MINERAL DEL CHICO", "nom_edo": "Hidalgo", "alianza_ganadora": "Va por México", "margen_pp": 34.018987341772153, "por_participacion": 53.901918976545844 }, "geometry": { "type": "Polygon", "coordinates": [ [ [ -98.789512581266493, 20.153008442205767 ], [ -98.780903203487142, 20.157402195795189 ], [ -98.779229760223714, 20.172412534820197 ], [ -98.803232683600399, 20.171096295139932 ], [ -98.807405507988349, 20.166685233284074 ], [ -98.818053956752493, 20.16291808485343 ], [ -98.819716300087492, 20.158456278331293 ], [ -98.83071210234381, 20.155020555382933 ], [ -98.837111417504445, 20.158600765553732 ], [ -98.837777035613982, 20.164311948897041 ], [ -98.837578141280915, 20.168199891269364 ], [ -98.830989795292822, 20.172509212176212 ], [ -98.830410920874399, 20.177181775180362 ], [ -98.832683205003008, 20.182382718263749 ], [ -98.838666204385888, 20.184394791476532 ], [ -98.843080546020815, 20.190985578851301 ], [ -98.841989553865929, 20.194575971864879 ], [ -98.843930208509178, 20.19824106795879 ], [ -98.837652778824506, 20.206536181853721 ], [ -98.837355039702203, 20.212122789411172 ], [ -98.832027669354687, 20.213844514847949 ], [ -98.826588695806791, 20.225171157161316 ], [ -98.818411214825318, 20.226156970602322 ], [ -98.81580060151019, 20.22993731531373 ], [ -98.813686455931403, 20.241134911661145 ], [ -98.816072366320185, 20.246627142152917 ], [ -98.810055996840958, 20.257242900156978 ], [ -98.812905791656348, 20.263096315998617 ], [ -98.81828426986722, 20.262650996592644 ], [ -98.820585836145185, 20.26915442629215 ], [ -98.810531100945823, 20.280271187811543 ], [ -98.808978349199876, 20.286229258576856 ], [ -98.8051802501178, 20.286097794507914 ], [ -98.798188087869562, 20.292707533500636 ], [ -98.789723433090131, 20.290952052677603 ], [ -98.786418889233246, 20.28626762405538 ], [ -98.779889289032496, 20.283480696242194 ], [ -98.772626843938284, 20.286156240269683 ], [ -98.765213589436485, 20.284608775311924 ], [ -98.757274903835167, 20.29287066172698 ], [ -98.733272900173475, 20.299315337681314 ], [ -98.734646059260157, 20.294558029081863 ], [ -98.732661165273356, 20.294180831490902 ], [ -98.732218509832819, 20.290081611771448 ], [ -98.729055711632682, 20.291191857794438 ], [ -98.724616350226199, 20.281246326867333 ], [ -98.7180878357252, 20.278498502939524 ], [ -98.713625900142929, 20.281799296968515 ], [ -98.712823386139931, 20.27927218633376 ], [ -98.708602302586129, 20.281414359921747 ], [ -98.707352746694681, 20.275615848995372 ], [ -98.70477057966832, 20.277348037910528 ], [ -98.704789214019328, 20.274367587263761 ], [ -98.70070062770786, 20.274026155775399 ], [ -98.701181898039266, 20.271833391693228 ], [ -98.698719727339608, 20.273069044936594 ], [ -98.699267266346325, 20.269634579807288 ], [ -98.696412903610522, 20.269651445012844 ], [ -98.704731317406626, 20.258866882445115 ], [ -98.709891693770302, 20.256355862845151 ], [ -98.711889032453357, 20.246835979581103 ], [ -98.717617617699631, 20.246480063089692 ], [ -98.714974420895743, 20.243304422531956 ], [ -98.713926060201743, 20.23332542761111 ], [ -98.704565745408388, 20.235330701507522 ], [ -98.703778282515898, 20.239799497814531 ], [ -98.691427209797695, 20.252683673707786 ], [ -98.689970265889272, 20.261290253177123 ], [ -98.691411160276544, 20.264440050982497 ], [ -98.689547307064188, 20.263483138581147 ], [ -98.687489216545572, 20.265506200033212 ], [ -98.687623463619062, 20.262774425624585 ], [ -98.684850151138178, 20.266989574398195 ], [ -98.680771352788156, 20.265157457778439 ], [ -98.680786994286905, 20.262715147691701 ], [ -98.678733849507708, 20.263951598691719 ], [ -98.672228275042244, 20.257890474750283 ], [ -98.672534865541436, 20.25565592436029 ], [ -98.665104453146313, 20.257126088206846 ], [ -98.658071936596016, 20.251352777852553 ], [ -98.65129033287046, 20.251913443499451 ], [ -98.654129474585844, 20.248684288037623 ], [ -98.652444956580297, 20.246609982513888 ], [ -98.656081615671027, 20.243437286886678 ], [ -98.653655394747787, 20.237554509939098 ], [ -98.659443011653849, 20.236581762717591 ], [ -98.672805978486522, 20.226781709221854 ], [ -98.674170511552063, 20.222111658851706 ], [ -98.667048961776587, 20.221136028490537 ], [ -98.66019082055675, 20.213707512401967 ], [ -98.65874097249214, 20.211468597165673 ], [ -98.661131649767285, 20.209443189321547 ], [ -98.661050565758842, 20.204901784895569 ], [ -98.664123836453683, 20.207080155680558 ], [ -98.665718389501507, 20.203441369454648 ], [ -98.675968057512989, 20.199176127855722 ], [ -98.678925752006691, 20.191151664408345 ], [ -98.683543616505261, 20.191253679144939 ], [ -98.68660956725104, 20.185135158381158 ], [ -98.691757219935894, 20.184327745423474 ], [ -98.692474250838572, 20.180643681704943 ], [ -98.707771397105205, 20.177159520416851 ], [ -98.714051713469246, 20.184184819250259 ], [ -98.724240502404356, 20.182366801733153 ], [ -98.733871638284128, 20.18781975553674 ], [ -98.741860230033737, 20.189116696616132 ], [ -98.746148323729628, 20.182510897528228 ], [ -98.755266232779348, 20.177452386321452 ], [ -98.755376377570357, 20.163682656740967 ], [ -98.758887543727809, 20.163187587930153 ], [ -98.755929671084502, 20.156659083296862 ], [ -98.76029306151456, 20.158117982294399 ], [ -98.766249632350849, 20.15347551797699 ], [ -98.773790560143539, 20.153028721644795 ], [ -98.772909538098006, 20.147803338054135 ], [ -98.777510724367389, 20.137564894363301 ], [ -98.786975812209562, 20.142310276793825 ], [ -98.789512581266493, 20.153008442205767 ] ] ] } },
{ "type": "Feature", "properties": { "cve_edo": "13", "cve_mpo_ine": "039", "cve_edo_mpo_ine": "13039", "nom_mpo": "MINERAL DEL MONTE", "nom_edo": "Hidalgo", "alianza_ganadora": "Juntos Haremos Historia", "margen_pp": 13.766123916261366, "por_participacion": 41.927475840056744 }, "geometry": { "type": "Polygon", "coordinates": [ [ [ -98.661854623338868, 20.151641390639558 ], [ -98.657064456672344, 20.151123810061843 ], [ -98.656736437811759, 20.146026887124151 ], [ -98.653250461577386, 20.144015197215726 ], [ -98.644574064433627, 20.147424285578449 ], [ -98.640309877800476, 20.146949967699804 ], [ -98.64043525173615, 20.139300204941392 ], [ -98.636641579461738, 20.14047825699064 ], [ -98.627671555269188, 20.137490260180506 ], [ -98.63327429349853, 20.132166815956523 ], [ -98.630093878955734, 20.131784102755823 ], [ -98.628880688954254, 20.128754547613376 ], [ -98.624732969157236, 20.128487510144474 ], [ -98.620043669268284, 20.131573525953055 ], [ -98.613334493432419, 20.129223346052065 ], [ -98.611032597652795, 20.134059850515133 ], [ -98.605441253659649, 20.117877852708954 ], [ -98.609247102962016, 20.11623814346007 ], [ -98.607164102228111, 20.111920240661142 ], [ -98.604237145170799, 20.113066811649681 ], [ -98.603726320143821, 20.109916019761346 ], [ -98.608603331212365, 20.104138524882018 ], [ -98.615318575689912, 20.104956104472844 ], [ -98.61807735558088, 20.089764801832199 ], [ -98.621297230925819, 20.088329315161836 ], [ -98.625299011505675, 20.09464413490538 ], [ -98.630211245131548, 20.093630298818326 ], [ -98.635800436827068, 20.097880555071669 ], [ -98.644152377006648, 20.098497096660285 ], [ -98.649271561605275, 20.103449144579628 ], [ -98.652140338669767, 20.102135860021288 ], [ -98.655452709132319, 20.10616853762394 ], [ -98.66327315783424, 20.108183295439122 ], [ -98.671882641910301, 20.116926477321282 ], [ -98.67070483480407, 20.119034313657046 ], [ -98.674479404850345, 20.124477100106574 ], [ -98.681632466798192, 20.124975766001882 ], [ -98.686893667925858, 20.122343712909132 ], [ -98.68865280277592, 20.130667045875398 ], [ -98.692578903813214, 20.132023506985782 ], [ -98.690357167889232, 20.138301763874363 ], [ -98.694774114258408, 20.140018512865279 ], [ -98.692070890955435, 20.146753580122294 ], [ -98.696798887903057, 20.153120208899729 ], [ -98.692621789606875, 20.155466687259128 ], [ -98.694878698462077, 20.161780746000019 ], [ -98.703065984341706, 20.16572862457274 ], [ -98.695869005896725, 20.166631578968293 ], [ -98.692503017963332, 20.169484413333787 ], [ -98.696187617672322, 20.173789889123768 ], [ -98.704147617594458, 20.177279979789621 ], [ -98.692474250838572, 20.180643681704943 ], [ -98.691757219935894, 20.184327745423474 ], [ -98.68660956725104, 20.185135158381158 ], [ -98.683543616505261, 20.191253679144939 ], [ -98.678925752006691, 20.191151664408345 ], [ -98.675968057512989, 20.199176127855722 ], [ -98.665718389501507, 20.203441369454648 ], [ -98.664123836453683, 20.207080155680558 ], [ -98.661050565758842, 20.204901784895569 ], [ -98.66046901298391, 20.200643451454443 ], [ -98.666975736431311, 20.183354702158809 ], [ -98.659806447552157, 20.178642998942674 ], [ -98.663240742829331, 20.168673755559912 ], [ -98.660390619311968, 20.165513174850172 ], [ -98.665888077188185, 20.164790857988347 ], [ -98.660556963171047, 20.154328614054304 ], [ -98.661854623338868, 20.151641390639558 ] ] ] } },
{ "type": "Feature", "properties": { "cve_edo": "13", "cve_mpo_ine": "041", "cve_edo_mpo_ine": "13041", "nom_mpo": "MIXQUIAHUALA DE JUAREZ", "nom_edo": "Hidalgo", "alianza_ganadora": "Juntos Haremos Historia", "margen_pp": 28.980891719745223, "por_participacion": 42.788162455194481 }, "geometry": { "type": "Polygon", "coordinates": [ [ [ -99.136335316521553, 20.230167365523087 ], [ -99.135577212019768, 20.222793952856197 ], [ -99.147822066789686, 20.2108500413106 ], [ -99.156374198363224, 20.207705327536019 ], [ -99.16033799427926, 20.201307943771717 ], [ -99.16650452149895, 20.196950126888147 ], [ -99.171856923003944, 20.184680324935471 ], [ -99.179822703631629, 20.17412065307629 ], [ -99.179501475859141, 20.170392910165088 ], [ -99.18743871244655, 20.163351913446533 ], [ -99.187991472727447, 20.159835435878019 ], [ -99.185564790072519, 20.156552888307495 ], [ -99.190491009878713, 20.153720067712278 ], [ -99.218049859220955, 20.161179423415287 ], [ -99.230032292867634, 20.167196980185686 ], [ -99.223668503234236, 20.190393847871814 ], [ -99.224494275577868, 20.197063344825917 ], [ -99.248691601960232, 20.202266416675045 ], [ -99.249772227035479, 20.216600244954272 ], [ -99.252015698055274, 20.218989717096118 ], [ -99.244844062738665, 20.224275184291439 ], [ -99.240569981838334, 20.233873463858124 ], [ -99.253130164638648, 20.234082624235182 ], [ -99.257211697100672, 20.227104026378075 ], [ -99.279552709737416, 20.231300836415578 ], [ -99.285181076176457, 20.227660086871442 ], [ -99.289674547437926, 20.2371818999315 ], [ -99.299734246694072, 20.235402899370062 ], [ -99.307941601390269, 20.239535974310019 ], [ -99.300769567066311, 20.248627102949193 ], [ -99.291275371339921, 20.2442146071485 ], [ -99.286030572329949, 20.250357177256483 ], [ -99.281714133981637, 20.249226847341973 ], [ -99.278070601767737, 20.243923317034731 ], [ -99.256979440550765, 20.243273413753226 ], [ -99.244874040776693, 20.244471633342371 ], [ -99.244511174242106, 20.246123960842699 ], [ -99.2354982001564, 20.240097844884019 ], [ -99.214353638105806, 20.238863856874538 ], [ -99.206977859302086, 20.244351196652101 ], [ -99.201522571304423, 20.252147797201722 ], [ -99.200693832801207, 20.243980532185667 ], [ -99.196802722171142, 20.240464189868199 ], [ -99.200430946094002, 20.235677159363902 ], [ -99.198214010561941, 20.229905972234992 ], [ -99.182976137683127, 20.232190612967411 ], [ -99.170584900779218, 20.227607641797995 ], [ -99.159490206300433, 20.227179784931842 ], [ -99.16785270082967, 20.240759818594039 ], [ -99.161939476849568, 20.242427843015943 ], [ -99.162174156509195, 20.249674292316502 ], [ -99.159074112597864, 20.250155603009222 ], [ -99.160973646587067, 20.253725646093471 ], [ -99.160272906598365, 20.261050212610812 ], [ -99.165701174236759, 20.261698312569717 ], [ -99.166921053876806, 20.277395526675896 ], [ -99.17057441267454, 20.288343590723137 ], [ -99.166312990828104, 20.293261000659044 ], [ -99.152435809796003, 20.298686145434083 ], [ -99.143855995133706, 20.304645844099372 ], [ -99.134018096847129, 20.314324772587437 ], [ -99.125295836803929, 20.316059896385841 ], [ -99.11944173608569, 20.310108961174979 ], [ -99.117720152792756, 20.299128562566182 ], [ -99.111362934123235, 20.29052500006955 ], [ -99.110778254162653, 20.283483650091675 ], [ -99.123218015301106, 20.284252773022136 ], [ -99.129705555553201, 20.276875604233723 ], [ -99.13076036080983, 20.269304578281119 ], [ -99.126907999419998, 20.261666719885248 ], [ -99.12741869448665, 20.242003583619208 ], [ -99.136335316521553, 20.230167365523087 ] ] ] } },
{ "type": "Feature", "properties": { "cve_edo": "13", "cve_mpo_ine": "042", "cve_edo_mpo_ine": "13042", "nom_mpo": "MOLANGO DE ESCAMILLA", "nom_edo": "Hidalgo", "alianza_ganadora": "Juntos Haremos Historia", "margen_pp": 4.3992120814182538, "por_participacion": 55.671987327890825 }, "geometry": { "type": "Polygon", "coordinates": [ [ [ -98.838830540701835, 20.975558539465453 ], [ -98.833219730608576, 20.969618464166196 ], [ -98.821684072799542, 20.966084787861266 ], [ -98.81823430043697, 20.966613392329872 ], [ -98.820508938919261, 20.970949026083879 ], [ -98.817624201529213, 20.974080121123443 ], [ -98.806859444518039, 20.969105819826392 ], [ -98.788945764091864, 20.966401517593958 ], [ -98.774289155373452, 20.969206227929842 ], [ -98.770919338205189, 20.967068758263881 ], [ -98.764747451724105, 20.955702973544572 ], [ -98.766287906743983, 20.946251161358663 ], [ -98.764728520280912, 20.943763844253855 ], [ -98.771515692574951, 20.944501219810299 ], [ -98.7720398771757, 20.942736974650813 ], [ -98.775285726371521, 20.944712012176911 ], [ -98.778774471260419, 20.94201968976504 ], [ -98.772695036200631, 20.933013734539994 ], [ -98.771221411401456, 20.92656066461527 ], [ -98.768827711658574, 20.925592792153065 ], [ -98.77026361037278, 20.92159808154241 ], [ -98.767281903962015, 20.920956097549617 ], [ -98.769119824942848, 20.917996804331082 ], [ -98.766435072127848, 20.916820222396524 ], [ -98.767711659490502, 20.91067700184616 ], [ -98.764505440262326, 20.908794429958984 ], [ -98.767675777395596, 20.907703517753884 ], [ -98.761338888812816, 20.894110756866901 ], [ -98.757441980857649, 20.890736182297125 ], [ -98.745508026490796, 20.889447116236973 ], [ -98.742978673258364, 20.883439879107154 ], [ -98.739468058030965, 20.883164978260179 ], [ -98.736512783136462, 20.879260377336948 ], [ -98.719541681915004, 20.871034134655932 ], [ -98.718756746173128, 20.874042484208676 ], [ -98.722793639621088, 20.881754986560203 ], [ -98.716826002461957, 20.881253875617244 ], [ -98.712521797786351, 20.870400721344488 ], [ -98.707413900827646, 20.864950697392821 ], [ -98.710405390746729, 20.85688060017328 ], [ -98.716138542090462, 20.849947014657264 ], [ -98.720210705855152, 20.853117442188942 ], [ -98.739575348346662, 20.854424633372339 ], [ -98.74458785894079, 20.857188806585548 ], [ -98.743322956343746, 20.85424711640124 ], [ -98.731727159824146, 20.847550071783044 ], [ -98.731762190378106, 20.843090495431376 ], [ -98.751162356874261, 20.839647734068809 ], [ -98.745794788674772, 20.829902165542851 ], [ -98.742175115325111, 20.828759287277638 ], [ -98.728520146528254, 20.831130994946083 ], [ -98.718193215804902, 20.827085797248682 ], [ -98.701066682098357, 20.824472593294683 ], [ -98.708212008572573, 20.816476811224486 ], [ -98.715044285377942, 20.80360543609336 ], [ -98.714195227826991, 20.800006070624455 ], [ -98.718423029020897, 20.798139778921918 ], [ -98.721385765734894, 20.793455396407705 ], [ -98.708512760193372, 20.786209894479615 ], [ -98.709956796791573, 20.781224605808024 ], [ -98.704057476742079, 20.772712330907265 ], [ -98.694116587437506, 20.772137538593867 ], [ -98.697755531614817, 20.770679987514143 ], [ -98.699247614144483, 20.76701661195597 ], [ -98.690297880151888, 20.766903745144013 ], [ -98.698499236648331, 20.758256049814232 ], [ -98.711071300720434, 20.75154212754753 ], [ -98.713575580627136, 20.752924643430831 ], [ -98.717230270348338, 20.749402031303777 ], [ -98.710977381159083, 20.748650712007574 ], [ -98.704976503463271, 20.73836193757209 ], [ -98.717069586540802, 20.732800023269981 ], [ -98.721847938070368, 20.727634320338691 ], [ -98.736512174274225, 20.729648233611101 ], [ -98.743197341034815, 20.734903162991589 ], [ -98.744315148272165, 20.741601640941965 ], [ -98.754360444860765, 20.743578367979197 ], [ -98.757204065423821, 20.754130419299216 ], [ -98.756984047033384, 20.767549718990718 ], [ -98.765623437266498, 20.777691508844196 ], [ -98.770788631336387, 20.790903782042019 ], [ -98.774337557432787, 20.793573448467772 ], [ -98.773330098352758, 20.795258957047874 ], [ -98.779564635314017, 20.79960105170634 ], [ -98.786829829788559, 20.82792393489304 ], [ -98.783808133401166, 20.831782564363778 ], [ -98.783938960867701, 20.851635850880314 ], [ -98.781452114439148, 20.854425057083695 ], [ -98.79913332620059, 20.872749124919931 ], [ -98.797335054967888, 20.878968950902959 ], [ -98.802754328460296, 20.878345871835819 ], [ -98.815054433344997, 20.868885694668322 ], [ -98.822525224052725, 20.868492390448878 ], [ -98.828048190246477, 20.870593227316419 ], [ -98.838822250785853, 20.882304235054544 ], [ -98.846704180958852, 20.883718506527501 ], [ -98.850947401000838, 20.876305278272842 ], [ -98.851889346488093, 20.882803413265787 ], [ -98.85832855001189, 20.890481136574284 ], [ -98.862630433975895, 20.90202434778929 ], [ -98.860746387752073, 20.904005881888484 ], [ -98.861307150417019, 20.915902672448439 ], [ -98.857851417913082, 20.924343743396822 ], [ -98.844778442341351, 20.934492169022977 ], [ -98.844512150389335, 20.938991371738972 ], [ -98.858376791621339, 20.966172708753959 ], [ -98.857134267420264, 20.969167333688368 ], [ -98.859419216515164, 20.973751770708393 ], [ -98.851307527132505, 20.975432651728163 ], [ -98.842848107502391, 20.97188114004388 ], [ -98.838830540701835, 20.975558539465453 ] ] ] } },
{ "type": "Feature", "properties": { "cve_edo": "13", "cve_mpo_ine": "043", "cve_edo_mpo_ine": "13043", "nom_mpo": "NICOLAS FLORES", "nom_edo": "Hidalgo", "alianza_ganadora": "Va por México", "margen_pp": 8.8940225238232742, "por_participacion": 67.060418280402786 }, "geometry": { "type": "Polygon", "coordinates": [ [ [ -99.19901042413872, 20.893780760755856 ], [ -99.191176623423488, 20.890537663450541 ], [ -99.191029147326816, 20.893434202175126 ], [ -99.187856434937729, 20.894960340199731 ], [ -99.180234302824289, 20.891507956120687 ], [ -99.175242385889717, 20.892905977071745 ], [ -99.172118033883621, 20.898821768382533 ], [ -99.168256457233284, 20.894553120407767 ], [ -99.163324684084515, 20.894330890040212 ], [ -99.158798161843563, 20.897344540671991 ], [ -99.155112105568179, 20.892574103546249 ], [ -99.156353947539628, 20.888725287008167 ], [ -99.1608780808685, 20.886622796600957 ], [ -99.140274644769633, 20.888068960957835 ], [ -99.132884626325946, 20.886188692670828 ], [ -99.129790077812444, 20.880052383365491 ], [ -99.1364382127244, 20.873565528326605 ], [ -99.131637850877851, 20.869040528838948 ], [ -99.118766078605006, 20.876672229294059 ], [ -99.117484232449996, 20.873231851596714 ], [ -99.119846470901606, 20.867646548161375 ], [ -99.130132138476029, 20.861334101958498 ], [ -99.135898979542645, 20.85496947948096 ], [ -99.135437106131704, 20.852028046425154 ], [ -99.144071375392542, 20.848444341895391 ], [ -99.140479188818901, 20.830421275389732 ], [ -99.137547436618178, 20.829793492943356 ], [ -99.13448368896745, 20.83488049825376 ], [ -99.126847240434742, 20.838507445055367 ], [ -99.121182569307507, 20.828596293420279 ], [ -99.114039203877127, 20.823444038558943 ], [ -99.10692797589661, 20.828106708056772 ], [ -99.106945526557112, 20.82172897489006 ], [ -99.102322296115261, 20.81770050853693 ], [ -99.098947206969186, 20.807959847929801 ], [ -99.101878154004694, 20.804008912839116 ], [ -99.092857136342573, 20.804300205181114 ], [ -99.098302748075156, 20.796509955652727 ], [ -99.096819242534991, 20.792925061833696 ], [ -99.101673147417429, 20.791619614671575 ], [ -99.103612714025545, 20.782111725858481 ], [ -99.09959670477582, 20.776126492064062 ], [ -99.095465024901841, 20.782070112171684 ], [ -99.084227076882541, 20.781799299615106 ], [ -99.080759157333262, 20.779380674454242 ], [ -99.079636478453324, 20.766378622701801 ], [ -99.086888196692655, 20.764512359802637 ], [ -99.097073282411628, 20.748554005876528 ], [ -99.103230746291231, 20.752263793167245 ], [ -99.113778285101773, 20.749754305292328 ], [ -99.112369401249325, 20.747481569853566 ], [ -99.120697418611925, 20.745430942474659 ], [ -99.116049063715352, 20.734849253565748 ], [ -99.117805888693709, 20.733561794623256 ], [ -99.121617606143303, 20.735911112446061 ], [ -99.125123693004525, 20.726341674846061 ], [ -99.13945832205421, 20.729292247382169 ], [ -99.131259586063663, 20.710764149779983 ], [ -99.133606826003586, 20.713820624267271 ], [ -99.141235748813799, 20.716619731822931 ], [ -99.140813972791847, 20.713635926150758 ], [ -99.147605753957748, 20.709189184255493 ], [ -99.153760609134125, 20.711117543231499 ], [ -99.163423466190295, 20.707034733762612 ], [ -99.165536139786738, 20.709512011885245 ], [ -99.17813477274224, 20.710055423553477 ], [ -99.17707779779667, 20.708444383755257 ], [ -99.1822309736975, 20.706277293641197 ], [ -99.203025082351388, 20.702118034603174 ], [ -99.205957844583338, 20.695703095586492 ], [ -99.217899420558894, 20.697354064656444 ], [ -99.222401094159252, 20.691628519664935 ], [ -99.237252387552743, 20.70751509300192 ], [ -99.244914945275099, 20.700371547764817 ], [ -99.251717578230313, 20.703577273014211 ], [ -99.271609306296767, 20.698282617915151 ], [ -99.270553883066739, 20.700182436110858 ], [ -99.273599334259245, 20.700230120300244 ], [ -99.271664031413337, 20.704278228471441 ], [ -99.263516937361345, 20.713026897506246 ], [ -99.261696372440213, 20.719886815367691 ], [ -99.258063098355009, 20.722153156523824 ], [ -99.256185074154359, 20.727028176717774 ], [ -99.255823024437021, 20.741292502073073 ], [ -99.264955027183817, 20.751442363276873 ], [ -99.263605995406522, 20.753672295329736 ], [ -99.252468131446591, 20.761835178868782 ], [ -99.24415133216003, 20.758054096468307 ], [ -99.236064507553735, 20.759772428619748 ], [ -99.225684162441013, 20.77033351127913 ], [ -99.233942701540599, 20.773991301750662 ], [ -99.237044868331097, 20.777926457544464 ], [ -99.240432688894856, 20.790793355866072 ], [ -99.240128900282301, 20.803610518422339 ], [ -99.236608777911044, 20.807902713250751 ], [ -99.232097808687712, 20.80578363672365 ], [ -99.230747295645259, 20.808592175229236 ], [ -99.217323143162901, 20.811330923209759 ], [ -99.211048177088074, 20.814913079300652 ], [ -99.208582302082846, 20.818917824882146 ], [ -99.210624644469689, 20.827729892159844 ], [ -99.208800106393738, 20.834837279658814 ], [ -99.216888661508236, 20.835725112598347 ], [ -99.218231419053495, 20.84131026627859 ], [ -99.210305843406005, 20.852579136182502 ], [ -99.212706175835521, 20.855851416321858 ], [ -99.209302921007719, 20.858613464216294 ], [ -99.208474688124895, 20.865723248320709 ], [ -99.202900631399629, 20.869513555509169 ], [ -99.202193446852377, 20.872819619947101 ], [ -99.197209721123457, 20.872683175035139 ], [ -99.206057040291839, 20.878700497241567 ], [ -99.203006047397523, 20.880470939754275 ], [ -99.203055748509314, 20.888740580574822 ], [ -99.19901042413872, 20.893780760755856 ] ] ] } },
{ "type": "Feature", "properties": { "cve_edo": "13", "cve_mpo_ine": "044", "cve_edo_mpo_ine": "13044", "nom_mpo": "NOPALA DE VILLAGRAN", "nom_edo": "Hidalgo", "alianza_ganadora": "Va por México", "margen_pp": 29.774844720496894, "por_participacion": 43.91033836188528 }, "geometry": { "type": "Polygon", "coordinates": [ [ [ -99.592425501484541, 20.236563236995202 ], [ -99.561402929056271, 20.239237656223047 ], [ -99.559442256354828, 20.22268724824065 ], [ -99.563897039679318, 20.207323295318457 ], [ -99.552582239773443, 20.206022918705255 ], [ -99.542619669315997, 20.197807483288042 ], [ -99.545021513881537, 20.190891002422646 ], [ -99.535113934018909, 20.185696226976386 ], [ -99.529250096173016, 20.168739140908755 ], [ -99.551002791866011, 20.168985070118076 ], [ -99.548546918300104, 20.173377152348657 ], [ -99.551164798133271, 20.17788289887211 ], [ -99.560322311412065, 20.175000908793653 ], [ -99.571980028811709, 20.166778032877062 ], [ -99.589917391593019, 20.177374576803494 ], [ -99.597155227933882, 20.159620402607345 ], [ -99.629463510029183, 20.146125063036511 ], [ -99.633258553093199, 20.140900777054405 ], [ -99.645210054202636, 20.142773818757593 ], [ -99.655179324429497, 20.139748933680774 ], [ -99.664374549223979, 20.168506442549848 ], [ -99.69780121002772, 20.171419276775808 ], [ -99.788479544935413, 20.218213129767644 ], [ -99.794387199070286, 20.219563573283377 ], [ -99.802916296243211, 20.234062368973262 ], [ -99.798390072561105, 20.242207228252202 ], [ -99.79543464363654, 20.242360798281926 ], [ -99.835139897194466, 20.276636424799193 ], [ -99.83147963321656, 20.291044722808568 ], [ -99.785366943263398, 20.287875021122961 ], [ -99.727899144346665, 20.311461448344243 ], [ -99.72251279964739, 20.308477259079691 ], [ -99.716104296231521, 20.314356629773858 ], [ -99.70655473156431, 20.299966341534777 ], [ -99.700981771996652, 20.302157751773404 ], [ -99.702471669596164, 20.303321836357657 ], [ -99.696664892990881, 20.302455573581575 ], [ -99.692640286861277, 20.297665013833218 ], [ -99.693853143037884, 20.302143077808545 ], [ -99.676657091076962, 20.299831530235181 ], [ -99.673866940321375, 20.301985301147177 ], [ -99.667026905535153, 20.291551333265513 ], [ -99.663270715457656, 20.290803629955128 ], [ -99.647870979716572, 20.278977745450906 ], [ -99.644373489901369, 20.281901555496425 ], [ -99.635866317327142, 20.280301802854957 ], [ -99.631290718047254, 20.284652562036456 ], [ -99.628000141292247, 20.283811801944921 ], [ -99.618476283493536, 20.288967134600412 ], [ -99.60260309131435, 20.284007053274966 ], [ -99.59975148293816, 20.276812660754143 ], [ -99.596074764689618, 20.276904097912137 ], [ -99.594794511578641, 20.2737617547048 ], [ -99.586979646455305, 20.269558468375706 ], [ -99.582320938917874, 20.261664325413122 ], [ -99.585424915366261, 20.252469523765551 ], [ -99.588168019313784, 20.2519252216395 ], [ -99.590098755499909, 20.247575220824675 ], [ -99.592425501484541, 20.236563236995202 ] ] ] } },
{ "type": "Feature", "properties": { "cve_edo": "13", "cve_mpo_ine": "045", "cve_edo_mpo_ine": "13045", "nom_mpo": "OMITLAN DE JUAREZ", "nom_edo": "Hidalgo", "alianza_ganadora": "Va por México", "margen_pp": 10.64935064935065, "por_participacion": 52.16095380029806 }, "geometry": { "type": "Polygon", "coordinates": [ [ [ -98.661854623338868, 20.151641390639558 ], [ -98.660556963171047, 20.154328614054304 ], [ -98.665888077188185, 20.164790857988347 ], [ -98.660390619311968, 20.165513174850172 ], [ -98.663240742829331, 20.168673755559912 ], [ -98.659806447552157, 20.178642998942674 ], [ -98.666975736431311, 20.183354702158809 ], [ -98.66046901298391, 20.200643451454443 ], [ -98.661131649767285, 20.209443189321547 ], [ -98.65874097249214, 20.211468597165673 ], [ -98.667048961776587, 20.221136028490537 ], [ -98.674170511552063, 20.222111658851706 ], [ -98.672805978486522, 20.226781709221854 ], [ -98.657744605603654, 20.237527361099037 ], [ -98.654536601904923, 20.23648200067608 ], [ -98.651736455701027, 20.240825644027325 ], [ -98.649183106565005, 20.240798034795134 ], [ -98.648713948831471, 20.232448872197971 ], [ -98.631252970038361, 20.232842588378787 ], [ -98.629324431646566, 20.207310285017858 ], [ -98.63167155451336, 20.20241387146131 ], [ -98.628581314158822, 20.188737240116787 ], [ -98.623763895099557, 20.197733893862907 ], [ -98.61734680529149, 20.196303781997052 ], [ -98.612719307514155, 20.199141065112794 ], [ -98.606354536357557, 20.198951803815994 ], [ -98.608760134945456, 20.196685550414053 ], [ -98.611159047510441, 20.183870241911134 ], [ -98.615091053618315, 20.179872092109466 ], [ -98.614695438329932, 20.177181662531932 ], [ -98.609370396497397, 20.179478490965508 ], [ -98.606926889713264, 20.17764912301358 ], [ -98.603639317278819, 20.181194464839241 ], [ -98.602919802630623, 20.17320760395841 ], [ -98.599067700365524, 20.172862079379325 ], [ -98.597180000778465, 20.176702188654676 ], [ -98.594172688818801, 20.170899110551844 ], [ -98.585481292663005, 20.169169561498119 ], [ -98.583602349011642, 20.171230707166171 ], [ -98.575149714051776, 20.168508730113945 ], [ -98.570690849718929, 20.172628004696811 ], [ -98.566663033907361, 20.172405182191692 ], [ -98.561895900200952, 20.179584268304595 ], [ -98.559107810633193, 20.176760019319214 ], [ -98.559129584321184, 20.161453755729539 ], [ -98.563363073801185, 20.155761861683505 ], [ -98.561533452871515, 20.148349560579511 ], [ -98.565001339582679, 20.143854235392116 ], [ -98.566642340537825, 20.131367423074273 ], [ -98.579648294961231, 20.122234772508527 ], [ -98.583422680105215, 20.126138123212137 ], [ -98.589956868311759, 20.126866621682236 ], [ -98.604838284048569, 20.117114192236595 ], [ -98.611032597652795, 20.134059850515133 ], [ -98.613334493432419, 20.129223346052065 ], [ -98.620043669268284, 20.131573525953055 ], [ -98.624732969157236, 20.128487510144474 ], [ -98.628880688954254, 20.128754547613376 ], [ -98.630093878955734, 20.131784102755823 ], [ -98.63327429349853, 20.132166815956523 ], [ -98.627671555269188, 20.137490260180506 ], [ -98.636641579461738, 20.14047825699064 ], [ -98.64043525173615, 20.139300204941392 ], [ -98.640309877800476, 20.146949967699804 ], [ -98.644574064433627, 20.147424285578449 ], [ -98.653250461577386, 20.144015197215726 ], [ -98.656736437811759, 20.146026887124151 ], [ -98.657064456672344, 20.151123810061843 ], [ -98.661854623338868, 20.151641390639558 ] ] ] } },
{ "type": "Feature", "properties": { "cve_edo": "13", "cve_mpo_ine": "046", "cve_edo_mpo_ine": "13046", "nom_mpo": "PACULA", "nom_edo": "Hidalgo", "alianza_ganadora": "Va por México", "margen_pp": 36.37264618434093, "por_participacion": 49.243533430941923 }, "geometry": { "type": "Polygon", "coordinates": [ [ [ -99.275227443910921, 20.909612589906029 ], [ -99.278864479673473, 20.906666263604833 ], [ -99.271858150368914, 20.892272051001303 ], [ -99.28372577631427, 20.884533958335354 ], [ -99.290670924359361, 20.889344900096379 ], [ -99.293046314097211, 20.887904461484691 ], [ -99.292646191992191, 20.885308035973388 ], [ -99.296327161006388, 20.884756596285751 ], [ -99.296276889935143, 20.882072258898333 ], [ -99.301161477153542, 20.880097961247781 ], [ -99.306794061023396, 20.864934485775265 ], [ -99.312516260989142, 20.857700827971811 ], [ -99.316851435244644, 20.860815499592128 ], [ -99.320404202624786, 20.869023072580013 ], [ -99.335295095834368, 20.863383196063577 ], [ -99.335250862514584, 20.867225643867098 ], [ -99.331146406227035, 20.867040859086533 ], [ -99.326363411784072, 20.871245163281259 ], [ -99.338024304951631, 20.880608488941466 ], [ -99.334176710180486, 20.884715983595317 ], [ -99.334950949713956, 20.888463219922034 ], [ -99.342039403961991, 20.894550458809292 ], [ -99.350960433703747, 20.898378364973244 ], [ -99.368838884671788, 20.892606726914124 ], [ -99.376653812727398, 20.88053188842753 ], [ -99.383888825138953, 20.889108238188438 ], [ -99.389251500171682, 20.905836999937947 ], [ -99.394850297825215, 20.910499591174379 ], [ -99.396724785158682, 20.916501231561615 ], [ -99.404227896074545, 20.91960509320835 ], [ -99.400217418476032, 20.924336263608254 ], [ -99.404283433271814, 20.928485664969827 ], [ -99.401027769802553, 20.932972673246759 ], [ -99.403842623435665, 20.936423885704773 ], [ -99.405847157126871, 20.934888586572146 ], [ -99.406253480297408, 20.936966346161142 ], [ -99.397369300159184, 20.943672431233136 ], [ -99.391711421577099, 20.951155703660085 ], [ -99.39261009402594, 20.958205409376987 ], [ -99.388354778973039, 20.965501277325636 ], [ -99.395960281309314, 20.976783026756994 ], [ -99.395936047672819, 20.981575228850797 ], [ -99.391336753261527, 20.986274111270955 ], [ -99.393581554540106, 20.990163171233625 ], [ -99.391976829103314, 20.998119664828501 ], [ -99.383731427196778, 21.008369627275826 ], [ -99.384217029304025, 21.018317402925369 ], [ -99.377858652678114, 21.020069227462503 ], [ -99.376867908290521, 21.023430703064829 ], [ -99.368905580785764, 21.024133216284625 ], [ -99.368133866454116, 21.035766285747091 ], [ -99.362722123256972, 21.041124599282242 ], [ -99.364509936839596, 21.048697572324013 ], [ -99.367394334040625, 21.049231019412211 ], [ -99.371375055581183, 21.054910887120212 ], [ -99.377277382113064, 21.056801581079629 ], [ -99.373558060640534, 21.061651424430174 ], [ -99.36832291024038, 21.060906850710413 ], [ -99.366032913615896, 21.066890900083674 ], [ -99.372455388514751, 21.073019104720224 ], [ -99.376922009247451, 21.072935946109983 ], [ -99.387385035379921, 21.067458229260254 ], [ -99.389264515062337, 21.07094326969187 ], [ -99.388556933589285, 21.078162828941672 ], [ -99.394433907194909, 21.079240782902261 ], [ -99.394549842705189, 21.084925053278813 ], [ -99.398193233103157, 21.0875798715606 ], [ -99.399308219070136, 21.09463315360949 ], [ -99.397366814780796, 21.101064620525261 ], [ -99.391253721837572, 21.100360237486743 ], [ -99.388313599721243, 21.10359692785536 ], [ -99.378781812921659, 21.100994829763891 ], [ -99.37777521772675, 21.098301851193074 ], [ -99.361486833366541, 21.104879985317748 ], [ -99.358943365483256, 21.099992176467911 ], [ -99.352451718851739, 21.102987687551355 ], [ -99.346073780782007, 21.101256588212642 ], [ -99.341180622775937, 21.109845954237201 ], [ -99.343723615386054, 21.114651114309996 ], [ -99.342077765158976, 21.12344270145779 ], [ -99.335706055028439, 21.130417331515826 ], [ -99.330807162614988, 21.130273878367774 ], [ -99.324640177057404, 21.134579485767162 ], [ -99.322818217032321, 21.139714083730198 ], [ -99.308779974527525, 21.14716449156375 ], [ -99.30238187345941, 21.139708457189769 ], [ -99.29580387423529, 21.14132115873187 ], [ -99.288945050173936, 21.135570184397601 ], [ -99.286920707858386, 21.130891629060429 ], [ -99.283294659057191, 21.131565924959272 ], [ -99.284474995152749, 21.125641087661858 ], [ -99.282470994870621, 21.122036177668608 ], [ -99.278742543705434, 21.120357360676358 ], [ -99.276808692412828, 21.123649773306614 ], [ -99.272669586579525, 21.121976994636956 ], [ -99.270543976709462, 21.118125919749566 ], [ -99.27197859502084, 21.113230051430325 ], [ -99.263171658476224, 21.109809444823735 ], [ -99.256728987093851, 21.104122504266908 ], [ -99.248369170626049, 21.101910840441974 ], [ -99.243428941015907, 21.103725097395909 ], [ -99.241734606725458, 21.098255914866979 ], [ -99.248501627663344, 21.093628560947337 ], [ -99.249448697417847, 21.089861522052026 ], [ -99.247053469259555, 21.081989351040512 ], [ -99.249183508616113, 21.073917283120995 ], [ -99.266128217954247, 21.061229560794995 ], [ -99.265857564267861, 21.047521588932554 ], [ -99.252828428588018, 21.03984040735088 ], [ -99.249713144495558, 21.040746595327484 ], [ -99.242381203172769, 21.034440117966483 ], [ -99.238679973473225, 21.034558308958193 ], [ -99.23768906250929, 21.030415396482052 ], [ -99.232741008040662, 21.037488745592764 ], [ -99.224759351994578, 21.033416696683989 ], [ -99.227878902827115, 21.03031609232465 ], [ -99.231552197157086, 21.01408848505347 ], [ -99.236261323579114, 21.008754104997625 ], [ -99.23603443834493, 21.004488196332066 ], [ -99.240215673571981, 20.998531632993959 ], [ -99.258733723403523, 20.988497626850091 ], [ -99.254861552576912, 20.986296769549412 ], [ -99.255924101047512, 20.983192443835776 ], [ -99.253813712448363, 20.981077102587758 ], [ -99.251639257040182, 20.981984782742725 ], [ -99.250530236001595, 20.978214450913519 ], [ -99.246062078237443, 20.981023421165791 ], [ -99.24454532946659, 20.975513044986176 ], [ -99.247364706180406, 20.975144856867178 ], [ -99.247551094893225, 20.969512978521234 ], [ -99.244680698593299, 20.965739777300143 ], [ -99.240629157208929, 20.965691773973948 ], [ -99.233356054304593, 20.961455561039983 ], [ -99.230442393982372, 20.949937769103304 ], [ -99.224350931347814, 20.942472922155723 ], [ -99.232981933317319, 20.932342461003746 ], [ -99.236655949201136, 20.931338020616771 ], [ -99.234068627252157, 20.924477701756604 ], [ -99.243518250619687, 20.912482047819047 ], [ -99.246973330202664, 20.912348118830653 ], [ -99.25451832446349, 20.921075954656686 ], [ -99.2606985050719, 20.922512160756451 ], [ -99.263397006769353, 20.925817848976987 ], [ -99.268499822756809, 20.92603061410043 ], [ -99.274929982675417, 20.918828977081411 ], [ -99.275227443910921, 20.909612589906029 ] ] ] } },
{ "type": "Feature", "properties": { "cve_edo": "13", "cve_mpo_ine": "047", "cve_edo_mpo_ine": "13047", "nom_mpo": "PACHUCA DE SOTO", "nom_edo": "Hidalgo", "alianza_ganadora": "Juntos Haremos Historia", "margen_pp": 1.4013111194621906, "por_participacion": 50.825983242642131 }, "geometry": { "type": "Polygon", "coordinates": [ [ [ -98.800968465281102, 20.027692094262928 ], [ -98.822055235984465, 20.039133415658849 ], [ -98.826298671820325, 20.034072661093656 ], [ -98.830187867852089, 20.038758176501783 ], [ -98.823514887125242, 20.042995275985035 ], [ -98.838495238154636, 20.046620294352582 ], [ -98.837941983695089, 20.051251694856095 ], [ -98.848642421614628, 20.056790832943655 ], [ -98.854276844143811, 20.070585957914084 ], [ -98.863113876018303, 20.075828282576836 ], [ -98.863497469929428, 20.080007829014495 ], [ -98.853692930873549, 20.090110093948418 ], [ -98.84964936829553, 20.102672402338136 ], [ -98.858636173870522, 20.112424645770488 ], [ -98.852003448547478, 20.118772905135138 ], [ -98.855096772576118, 20.118742073488711 ], [ -98.84221762123714, 20.125275468137673 ], [ -98.829152524547027, 20.125087389750711 ], [ -98.829529315868371, 20.129078259025345 ], [ -98.835321865955194, 20.136255461461687 ], [ -98.826297913820582, 20.141973791319241 ], [ -98.806482479275473, 20.12791951666463 ], [ -98.788337330515645, 20.136042907352785 ], [ -98.789486607276615, 20.138860306898902 ], [ -98.787330538534022, 20.143158499852341 ], [ -98.777510724367389, 20.137564894363301 ], [ -98.772909538098006, 20.147803338054135 ], [ -98.773790560143539, 20.153028721644795 ], [ -98.766249632350849, 20.15347551797699 ], [ -98.76029306151456, 20.158117982294399 ], [ -98.755929671084502, 20.156659083296862 ], [ -98.758887543727809, 20.163187587930153 ], [ -98.755376377570357, 20.163682656740967 ], [ -98.755266232779348, 20.177452386321452 ], [ -98.746148323729628, 20.182510897528228 ], [ -98.741860230033737, 20.189116696616132 ], [ -98.733871638284128, 20.18781975553674 ], [ -98.724240502404356, 20.182366801733153 ], [ -98.714051713469246, 20.184184819250259 ], [ -98.707771397105205, 20.177159520416851 ], [ -98.696187617672322, 20.173789889123768 ], [ -98.692503017963332, 20.169484413333787 ], [ -98.695869005896725, 20.166631578968293 ], [ -98.703065984341706, 20.16572862457274 ], [ -98.694878698462077, 20.161780746000019 ], [ -98.692621789606875, 20.155466687259128 ], [ -98.696798887903057, 20.153120208899729 ], [ -98.692070890955435, 20.146753580122294 ], [ -98.694774114258408, 20.140018512865279 ], [ -98.690357167889232, 20.138301763874363 ], [ -98.692578903813214, 20.132023506985782 ], [ -98.702796595056185, 20.131400907055671 ], [ -98.708925193779109, 20.128503548621165 ], [ -98.708095816328736, 20.134464241459192 ], [ -98.711447382901071, 20.13070463739291 ], [ -98.715772525096654, 20.130615698698438 ], [ -98.715812059078345, 20.124777914227941 ], [ -98.711069316153129, 20.124971581652503 ], [ -98.713721762528081, 20.120805682658826 ], [ -98.712086708476789, 20.117640468411096 ], [ -98.718014319871713, 20.105095269710844 ], [ -98.719532053785713, 20.104184076963449 ], [ -98.72235978822124, 20.110546351563915 ], [ -98.73214071665339, 20.093873563387803 ], [ -98.734169616360347, 20.095258263923387 ], [ -98.740942714796276, 20.085964723681116 ], [ -98.749561494266388, 20.089868221833658 ], [ -98.751350586461086, 20.078327950584043 ], [ -98.760054900266326, 20.067191981204754 ], [ -98.768778429296134, 20.06991825867285 ], [ -98.777632663713035, 20.058097949109552 ], [ -98.768176823815296, 20.051770587414623 ], [ -98.776186986803324, 20.03417696531351 ], [ -98.772327179701477, 20.031994221103549 ], [ -98.773988528903544, 20.023505980081712 ], [ -98.796824771811558, 20.035185308130742 ], [ -98.800968465281102, 20.027692094262928 ] ] ] } },
{ "type": "Feature", "properties": { "cve_edo": "13", "cve_mpo_ine": "048", "cve_edo_mpo_ine": "13048", "nom_mpo": "PISAFLORES", "nom_edo": "Hidalgo", "alianza_ganadora": "Va por México", "margen_pp": 28.029691786348234, "por_participacion": 47.111144898890075 }, "geometry": { "type": "Polygon", "coordinates": [ [ [ -99.04999458606332, 21.152071678026143 ], [ -99.055202606477721, 21.159912058188358 ], [ -99.054276567295091, 21.165501976651836 ], [ -99.048687578043882, 21.169156634756877 ], [ -99.047161487125535, 21.173760744146612 ], [ -99.049375069679272, 21.181549872850457 ], [ -99.047807664451341, 21.187518457597914 ], [ -99.049640027033632, 21.19303814842711 ], [ -99.056690464892995, 21.197924414931766 ], [ -99.057613788026188, 21.201221488957188 ], [ -99.053555977546409, 21.205314868597331 ], [ -99.053829091930282, 21.221969842188837 ], [ -99.055094227564155, 21.220860017622318 ], [ -99.056559197537567, 21.222767561196136 ], [ -99.054559231912577, 21.22379926302272 ], [ -99.058963754084516, 21.224966637168357 ], [ -99.06596232800095, 21.221914445976648 ], [ -99.071480912650259, 21.224284344912682 ], [ -99.076225433052059, 21.231953417454683 ], [ -99.073151397860528, 21.241265794405759 ], [ -99.050560172568538, 21.250938203265878 ], [ -99.052307094075317, 21.263444230576809 ], [ -99.046574741399169, 21.269952312372975 ], [ -99.055925328419221, 21.282789312607825 ], [ -99.046320491852228, 21.282189906512407 ], [ -99.046344241583029, 21.279461599125138 ], [ -99.042818516831488, 21.279415686092875 ], [ -99.039232883782461, 21.283875751180435 ], [ -99.036983115638918, 21.282535089267679 ], [ -99.032146166278807, 21.285643955183918 ], [ -99.030126689519179, 21.283928810704445 ], [ -99.023234434072435, 21.28714132320594 ], [ -99.012529770632554, 21.29587857598009 ], [ -98.991774289725512, 21.300172009340656 ], [ -98.975469849932267, 21.29692655912536 ], [ -98.973789792610049, 21.303230710858092 ], [ -98.9687162183141, 21.306521251278443 ], [ -98.964588249305706, 21.307379110632063 ], [ -98.961408676727345, 21.303328573954428 ], [ -98.956279895019648, 21.302863672188462 ], [ -98.9530018410358, 21.307221756428607 ], [ -98.93864724886437, 21.27668188878453 ], [ -98.928484025498037, 21.274843180775129 ], [ -98.927733648706365, 21.26837378105326 ], [ -98.922490315898401, 21.263371067911933 ], [ -98.922034045696094, 21.258146599999012 ], [ -98.917740778914833, 21.255292832580579 ], [ -98.917933209525017, 21.251736248267747 ], [ -98.922808367765981, 21.246811593873929 ], [ -98.91926799399242, 21.240563141583479 ], [ -98.911057188756715, 21.241593140303369 ], [ -98.901068528345618, 21.237346621565546 ], [ -98.903469572775066, 21.235412593412214 ], [ -98.900675095387712, 21.231625115072728 ], [ -98.908132961634962, 21.232775809397456 ], [ -98.915397259831551, 21.226298993176712 ], [ -98.914963495917803, 21.224401814786606 ], [ -98.906938103398232, 21.223106965679268 ], [ -98.904012803525575, 21.212231016451188 ], [ -98.915065160698617, 21.208321845867331 ], [ -98.914582126178431, 21.202291717912939 ], [ -98.923203485065685, 21.206300306199044 ], [ -98.922800388194744, 21.197169349522138 ], [ -98.935329052645585, 21.198948622131322 ], [ -98.934994914313322, 21.190726358587021 ], [ -98.955084901216082, 21.186643212273395 ], [ -98.953471054271617, 21.184303120145593 ], [ -98.947207974043366, 21.185894329638522 ], [ -98.94511707902528, 21.182938843222697 ], [ -98.94613715337988, 21.179911386461075 ], [ -98.950790480908395, 21.181146861845797 ], [ -98.958190539345367, 21.176526823151054 ], [ -98.960018934051178, 21.182006162701491 ], [ -98.967336589111113, 21.185033423174868 ], [ -98.975149817094007, 21.180615191933672 ], [ -98.983212970428951, 21.18218758784456 ], [ -98.987295191339669, 21.179955707881177 ], [ -98.999750522944439, 21.180614907026833 ], [ -99.000240897568631, 21.17288034646484 ], [ -98.994104923908694, 21.170462554467363 ], [ -98.992534923554771, 21.166965011368617 ], [ -98.996216008953212, 21.16556366026883 ], [ -99.004545496024377, 21.169695083374098 ], [ -99.015252365377691, 21.166774830294955 ], [ -99.01807515292974, 21.157858879795675 ], [ -99.020592828881476, 21.157336973315097 ], [ -99.023404853333133, 21.166153651870967 ], [ -99.026824116354561, 21.16727574956829 ], [ -99.030565161810173, 21.165997033091433 ], [ -99.028846423564119, 21.155474442377788 ], [ -99.040064729797535, 21.151348600729584 ], [ -99.04999458606332, 21.152071678026143 ] ] ] } },
{ "type": "Feature", "properties": { "cve_edo": "13", "cve_mpo_ine": "049", "cve_edo_mpo_ine": "13049", "nom_mpo": "PROGRESO DE OBREGON", "nom_edo": "Hidalgo", "alianza_ganadora": "Juntos Haremos Historia", "margen_pp": 17.727665084160552, "por_participacion": 49.892334194659774 }, "geometry": { "type": "Polygon", "coordinates": [ [ [ -99.198774152581507, 20.231144466580599 ], [ -99.200430946094002, 20.235677159363902 ], [ -99.196884872242038, 20.240911447329125 ], [ -99.200500818090262, 20.243631684186251 ], [ -99.202397170794484, 20.249631227301901 ], [ -99.19792620902092, 20.254148754449485 ], [ -99.204521177556117, 20.258340307052986 ], [ -99.199776650926637, 20.259685495679513 ], [ -99.203425597942825, 20.263120577145703 ], [ -99.195119571025529, 20.263249993064839 ], [ -99.190846352721039, 20.267321202604688 ], [ -99.191020636137679, 20.271228499696868 ], [ -99.199203771615018, 20.271176783015996 ], [ -99.199183088822167, 20.27386380491556 ], [ -99.195185679498664, 20.276825207212667 ], [ -99.196096929828997, 20.279929150345108 ], [ -99.202927611537334, 20.28098831873848 ], [ -99.205346110065236, 20.285751434658678 ], [ -99.209959390658355, 20.286347313431868 ], [ -99.211741177938052, 20.290322521556728 ], [ -99.215588441102696, 20.291742220561787 ], [ -99.214586902231019, 20.300461251505922 ], [ -99.219039616274088, 20.306885203776147 ], [ -99.22515423108004, 20.310049200610528 ], [ -99.218823803671739, 20.319947773890906 ], [ -99.223169365252971, 20.325172356610491 ], [ -99.224175034994218, 20.331376940582963 ], [ -99.222156197260389, 20.335462258455589 ], [ -99.22720677435386, 20.340317221578061 ], [ -99.231998097641124, 20.340789114971308 ], [ -99.229365454352219, 20.34875823701665 ], [ -99.230796985284542, 20.352814631277226 ], [ -99.218781351629303, 20.356450502951066 ], [ -99.214470913082465, 20.354202416654054 ], [ -99.209177844441029, 20.354712874604054 ], [ -99.208668467185859, 20.363565124332073 ], [ -99.202770560139626, 20.370033515550862 ], [ -99.192647152784346, 20.370739550466393 ], [ -99.189291021283381, 20.36609676560898 ], [ -99.184498391010322, 20.365706384424389 ], [ -99.176984664274102, 20.376715062683463 ], [ -99.182848543416696, 20.382277211502018 ], [ -99.164877948502067, 20.384067460790128 ], [ -99.165592221449259, 20.379070230161073 ], [ -99.16215579038105, 20.370027724620556 ], [ -99.15103475114347, 20.371627976779198 ], [ -99.149417818915893, 20.376422324413056 ], [ -99.14604747687666, 20.373838384218981 ], [ -99.142940076528376, 20.353122038790293 ], [ -99.1263297405131, 20.339788214901908 ], [ -99.119302190782264, 20.32000316113178 ], [ -99.120144476710223, 20.317068070410816 ], [ -99.134018096847129, 20.314324772587437 ], [ -99.143855995133706, 20.304645844099372 ], [ -99.152435809796003, 20.298686145434083 ], [ -99.166312990828104, 20.293261000659044 ], [ -99.17057441267454, 20.288343590723137 ], [ -99.166921053876806, 20.277395526675896 ], [ -99.165701174236759, 20.261698312569717 ], [ -99.160272906598365, 20.261050212610812 ], [ -99.160973646587067, 20.253725646093471 ], [ -99.159074112597864, 20.250155603009222 ], [ -99.162174156509195, 20.249674292316502 ], [ -99.161939476849568, 20.242427843015943 ], [ -99.16785270082967, 20.240759818594039 ], [ -99.159490206300433, 20.227179784931842 ], [ -99.170584900779218, 20.227607641797995 ], [ -99.182976137683127, 20.232190612967411 ], [ -99.198774152581507, 20.231144466580599 ] ] ] } },
{ "type": "Feature", "properties": { "cve_edo": "13", "cve_mpo_ine": "050", "cve_edo_mpo_ine": "13050", "nom_mpo": "SAN AGUSTIN METZQUITITLAN", "nom_edo": "Hidalgo", "alianza_ganadora": "Juntos Haremos Historia", "margen_pp": 8.6294416243654819, "por_participacion": 53.958523542454671 }, "geometry": { "type": "Polygon", "coordinates": [ [ [ -98.566393311705767, 20.614092218664211 ], [ -98.557156883951478, 20.610238154978877 ], [ -98.55442704637062, 20.605961944898187 ], [ -98.550794907375547, 20.605860496075405 ], [ -98.547252242840628, 20.610642356131006 ], [ -98.549551886756745, 20.618433811258704 ], [ -98.543425662791392, 20.624071212980127 ], [ -98.536901158055983, 20.627554512853102 ], [ -98.529222594950724, 20.627886548212505 ], [ -98.525951667075859, 20.626048496119296 ], [ -98.520201083182513, 20.627383472953031 ], [ -98.516835699319188, 20.621696358827059 ], [ -98.509485442489108, 20.616111866554032 ], [ -98.507244014266647, 20.608734025704614 ], [ -98.504731989043748, 20.607479007282532 ], [ -98.505470515884994, 20.601524210543204 ], [ -98.50377687944912, 20.60060465507123 ], [ -98.510985506317667, 20.590339851979849 ], [ -98.514499334366079, 20.590565638975253 ], [ -98.514428814365246, 20.592592912501352 ], [ -98.518384565788608, 20.587400123537215 ], [ -98.520893721954607, 20.589110115614627 ], [ -98.522660645835387, 20.587505671616153 ], [ -98.520682365004333, 20.585177823617567 ], [ -98.524710405477961, 20.576248255081239 ], [ -98.523165808901794, 20.559756835950537 ], [ -98.525997663672527, 20.545109897722273 ], [ -98.522980274688962, 20.540870149523737 ], [ -98.523242336739244, 20.535707997763101 ], [ -98.527517519570452, 20.531837396318068 ], [ -98.53478800613324, 20.531569660491833 ], [ -98.542313965249491, 20.524317940580932 ], [ -98.555150393250727, 20.518955674876633 ], [ -98.558065661748088, 20.509775469661552 ], [ -98.565853319162784, 20.507825265558441 ], [ -98.570232354893804, 20.509047436500079 ], [ -98.576509874066687, 20.505142914032636 ], [ -98.582587238996879, 20.505875864573543 ], [ -98.588573268410428, 20.501721019644627 ], [ -98.588226339777208, 20.48979140859019 ], [ -98.582237048329958, 20.483550667542161 ], [ -98.586034367509498, 20.484107015519434 ], [ -98.586042181137799, 20.482616052879159 ], [ -98.579687833112118, 20.479148419400296 ], [ -98.572052083259834, 20.463870670898487 ], [ -98.554854038694202, 20.446393187449431 ], [ -98.5547268244935, 20.438315091655831 ], [ -98.549065620330182, 20.434146116250101 ], [ -98.561911642102842, 20.436403929920171 ], [ -98.567879308607814, 20.435273076270075 ], [ -98.570872140177528, 20.437559791490038 ], [ -98.570349255178684, 20.43242718185255 ], [ -98.580556933869673, 20.436286202571054 ], [ -98.584216861884784, 20.440528027624257 ], [ -98.588892009505827, 20.440674273781642 ], [ -98.5941698836303, 20.437302769371755 ], [ -98.599840028152258, 20.437163436645911 ], [ -98.602851985928368, 20.431089060441209 ], [ -98.606599584140582, 20.429698121191802 ], [ -98.60376488750903, 20.424010964486882 ], [ -98.622582711532203, 20.412458399106519 ], [ -98.6292, 20.42145833335476 ], [ -98.636038211741592, 20.421381636261284 ], [ -98.65212386252766, 20.430605162781426 ], [ -98.658328001024259, 20.430836820406881 ], [ -98.656273037673984, 20.433228588897016 ], [ -98.658636982196654, 20.439130393853919 ], [ -98.661613011078984, 20.439356190137659 ], [ -98.657083307334716, 20.446334440822103 ], [ -98.659871779471914, 20.449088047615426 ], [ -98.661579119701486, 20.457970706328918 ], [ -98.672006577162293, 20.462678468341441 ], [ -98.670784893735004, 20.467303681707282 ], [ -98.673027787798546, 20.467660321891927 ], [ -98.674978234356118, 20.463899007623443 ], [ -98.679295573725284, 20.464547308358348 ], [ -98.680821759380109, 20.462856840864799 ], [ -98.68985961034079, 20.465316312931428 ], [ -98.681126401354291, 20.470516176999034 ], [ -98.682932361173641, 20.485257083150692 ], [ -98.676661309434863, 20.489986458862315 ], [ -98.68250897246736, 20.500386682317046 ], [ -98.692627798241332, 20.50932004195688 ], [ -98.68740191745772, 20.51517545582308 ], [ -98.687519638623527, 20.527157501674601 ], [ -98.683362527676934, 20.529246591470564 ], [ -98.692587231916107, 20.530090211176649 ], [ -98.708441035906674, 20.524795644113848 ], [ -98.707721001498101, 20.528895695395484 ], [ -98.704818399002093, 20.537543100701136 ], [ -98.696511035677332, 20.540229563067101 ], [ -98.687226491614979, 20.539551617052926 ], [ -98.687852709344924, 20.542954954741059 ], [ -98.682096942654482, 20.549387371814266 ], [ -98.679014828793342, 20.558530710367656 ], [ -98.682645314628829, 20.568875836270625 ], [ -98.686253972663607, 20.571716912595914 ], [ -98.689879443452085, 20.571075572467507 ], [ -98.687409903372654, 20.574335761533963 ], [ -98.674596175211363, 20.57807164340641 ], [ -98.668835452659721, 20.573268544340308 ], [ -98.669828533257132, 20.571111634416976 ], [ -98.666625851742509, 20.5712035048997 ], [ -98.664609231042917, 20.576284341604865 ], [ -98.662499333616012, 20.576481749801967 ], [ -98.659494043058189, 20.568191934295374 ], [ -98.647586290282476, 20.559778641401682 ], [ -98.639805743823032, 20.569384551714656 ], [ -98.641553646674438, 20.582841523085474 ], [ -98.64477275851533, 20.583435730374315 ], [ -98.637118722335018, 20.590931629145274 ], [ -98.631851337223964, 20.589872501709142 ], [ -98.623746708492405, 20.593682771854564 ], [ -98.620259054854131, 20.588369460522344 ], [ -98.599856321662898, 20.591167960654001 ], [ -98.579634918447582, 20.582088630225986 ], [ -98.573537973165287, 20.593520623389999 ], [ -98.574089020118421, 20.599854659450706 ], [ -98.567560038919936, 20.604456407913364 ], [ -98.566393311705767, 20.614092218664211 ] ] ] } },
{ "type": "Feature", "properties": { "cve_edo": "13", "cve_mpo_ine": "051", "cve_edo_mpo_ine": "13051", "nom_mpo": "SAN AGUSTIN TLAXIACA", "nom_edo": "Hidalgo", "alianza_ganadora": "Juntos Haremos Historia", "margen_pp": 15.614920188570011, "por_participacion": 48.085106382978722 }, "geometry": { "type": "Polygon", "coordinates": [ [ [ -99.071163846581058, 20.018204446425955 ], [ -99.075339305839321, 20.038226494461465 ], [ -99.068528394317809, 20.051151064491474 ], [ -99.071031391354964, 20.076573685745416 ], [ -99.065417652665573, 20.072129831415371 ], [ -99.054187469877434, 20.068443939763949 ], [ -99.041861421884775, 20.068501335334222 ], [ -99.034931255389125, 20.071596408312693 ], [ -99.032473805613165, 20.076768904209953 ], [ -99.006175208687168, 20.068106250255443 ], [ -99.001913716977157, 20.082174520870151 ], [ -99.004639798762852, 20.083777155556511 ], [ -99.008812208746377, 20.08176412860303 ], [ -99.013214655746197, 20.084832377898682 ], [ -99.015747274791792, 20.097539187800724 ], [ -99.013971192186958, 20.10424747437818 ], [ -99.000070968405879, 20.099038952383225 ], [ -98.984607267682307, 20.106939768616737 ], [ -98.982697689106558, 20.119591696188124 ], [ -98.988084000256137, 20.128205516412141 ], [ -99.011881133852356, 20.136674809094831 ], [ -99.00766677399794, 20.146779989564269 ], [ -98.996577528447432, 20.159814187470968 ], [ -98.980401597867228, 20.153956688765412 ], [ -98.973625841502511, 20.158331263219122 ], [ -98.970525264356112, 20.163247108491056 ], [ -98.97025006344424, 20.171253678573301 ], [ -98.96765844771619, 20.172831460027087 ], [ -98.970889619836754, 20.176216332454512 ], [ -98.971190371030687, 20.18022510018811 ], [ -98.968298898516693, 20.188589575776398 ], [ -98.954436747498974, 20.182262835784083 ], [ -98.936216250780504, 20.183078993874762 ], [ -98.926665581327114, 20.178665622347815 ], [ -98.926570607881899, 20.174735332471869 ], [ -98.921735370776702, 20.172859215016626 ], [ -98.907542889789639, 20.173891364542712 ], [ -98.905939698520541, 20.168343006918974 ], [ -98.891044941282132, 20.159608668075393 ], [ -98.876944038898543, 20.165106446882671 ], [ -98.873574220104175, 20.162365058068492 ], [ -98.871252455578826, 20.15540677683223 ], [ -98.861316214241256, 20.162158786590151 ], [ -98.853970523069336, 20.160520557005658 ], [ -98.850227012501165, 20.161748827251266 ], [ -98.844888718646231, 20.166032781877934 ], [ -98.84520211465518, 20.172115031745339 ], [ -98.837578141280915, 20.168199891269364 ], [ -98.837111417504445, 20.158600765553732 ], [ -98.829837012569399, 20.154934721187658 ], [ -98.819716300087492, 20.158456278331293 ], [ -98.818053956752493, 20.16291808485343 ], [ -98.807405507988349, 20.166685233284074 ], [ -98.803232683600399, 20.171096295139932 ], [ -98.779229760223714, 20.172412534820197 ], [ -98.780903203487142, 20.157402195795189 ], [ -98.790381558456403, 20.151522208245389 ], [ -98.787330538534022, 20.143158499852341 ], [ -98.789486607276615, 20.138860306898902 ], [ -98.788337330515645, 20.136042907352785 ], [ -98.806482479275473, 20.12791951666463 ], [ -98.826297913820582, 20.141973791319241 ], [ -98.835321865955194, 20.136255461461687 ], [ -98.829529315868371, 20.129078259025345 ], [ -98.829152524547027, 20.125087389750711 ], [ -98.84221762123714, 20.125275468137673 ], [ -98.855096772576118, 20.118742073488711 ], [ -98.852003448547478, 20.118772905135138 ], [ -98.858636173870522, 20.112424645770488 ], [ -98.84964936829553, 20.102672402338136 ], [ -98.853692930873549, 20.090110093948418 ], [ -98.863497469929428, 20.080007829014495 ], [ -98.863516633730228, 20.076781117368007 ], [ -98.854276844143811, 20.070585957914084 ], [ -98.848642421614628, 20.056790832943655 ], [ -98.837941983695089, 20.051251694856095 ], [ -98.838495238154636, 20.046620294352582 ], [ -98.859424278281907, 20.052095235391956 ], [ -98.8488267035451, 20.042405182507824 ], [ -98.854143432865399, 20.035683212584686 ], [ -98.849031394758555, 20.033803460655019 ], [ -98.850148274534632, 20.019680761325176 ], [ -98.852473854829654, 20.017243523773224 ], [ -98.855486921504337, 20.019257777848193 ], [ -98.854788921740024, 20.024088258752645 ], [ -98.856981671592763, 20.026264073191822 ], [ -98.856929492170494, 20.0307711779827 ], [ -98.854928908540629, 20.032154126317167 ], [ -98.857747491819779, 20.035743238068154 ], [ -98.856729939186877, 20.037923302751697 ], [ -98.875729263813625, 20.045627069186377 ], [ -98.885855626383531, 20.047854848939775 ], [ -98.891463056779557, 20.046590388447484 ], [ -98.893898561537483, 20.049121656655156 ], [ -98.904386520128782, 20.05130585794074 ], [ -98.914956129002277, 20.047094904978259 ], [ -98.923683730912074, 20.053474791071164 ], [ -98.926666882130093, 20.052035823903548 ], [ -98.93224864917282, 20.055403328784124 ], [ -98.941130020440795, 20.052823145747251 ], [ -98.943016544913803, 20.049188147244955 ], [ -98.956175338930322, 20.053859144408477 ], [ -98.962982292611812, 20.046349071490063 ], [ -98.960504341517051, 20.040633213452683 ], [ -98.968709214396597, 20.04442058928241 ], [ -98.980549336970782, 20.055953401031211 ], [ -98.999415707434935, 20.05136975666192 ], [ -99.005898612554773, 20.026689014012678 ], [ -99.013507474763628, 20.009705471313531 ], [ -99.015172883030104, 19.991465780393266 ], [ -99.022134800504475, 19.986891001769774 ], [ -99.014469810310786, 19.980418412624505 ], [ -99.007192183073698, 19.978207516458951 ], [ -99.00518599199718, 19.96523799824466 ], [ -99.028686111173528, 19.964553295863965 ], [ -99.035538800903765, 19.973052456934536 ], [ -99.032104419818722, 19.979638678872067 ], [ -99.033778488976068, 20.000360573499421 ], [ -99.026283022149059, 19.999136215803585 ], [ -99.021658131409538, 20.008315597306161 ], [ -99.025180110182987, 20.00859682479453 ], [ -99.03072951709963, 20.015030091692577 ], [ -99.039556565695989, 20.013881781215595 ], [ -99.046237022440081, 20.015871147257126 ], [ -99.048717853725549, 20.008883997394939 ], [ -99.051057262639432, 20.007769127000472 ], [ -99.052185281694918, 20.003421581966432 ], [ -99.05020551551199, 20.000768151317338 ], [ -99.05262887663082, 19.993906637882301 ], [ -99.068993622066827, 19.984996491561528 ], [ -99.065283278080599, 20.014317898037699 ], [ -99.068301735854405, 20.018570427509754 ], [ -99.071163846581058, 20.018204446425955 ] ] ] } },
{ "type": "Feature", "properties": { "cve_edo": "13", "cve_mpo_ine": "052", "cve_edo_mpo_ine": "13052", "nom_mpo": "SAN BARTOLO TUTOTEPEC", "nom_edo": "Hidalgo", "alianza_ganadora": "Va por México", "margen_pp": 17.871064467766118, "por_participacion": 49.906472128694354 }, "geometry": { "type": "Polygon", "coordinates": [ [ [ -98.331754140599543, 20.341933474094297 ], [ -98.324728628791291, 20.34818249998445 ], [ -98.317729523736602, 20.34938608836628 ], [ -98.3186324903578, 20.354891065287624 ], [ -98.315890109864156, 20.355538157094674 ], [ -98.31509107270189, 20.363267225937712 ], [ -98.308040639729768, 20.373816271351437 ], [ -98.307885337767885, 20.380969775060365 ], [ -98.298577673909591, 20.398991383609808 ], [ -98.299226407392382, 20.408258287093108 ], [ -98.317654500037918, 20.42870374133884 ], [ -98.318232258935026, 20.434912302416922 ], [ -98.314561114829417, 20.440174917353474 ], [ -98.31554813702553, 20.445404824748685 ], [ -98.305311776519062, 20.454365877012279 ], [ -98.300116429827156, 20.455469378722395 ], [ -98.29955635578257, 20.45852857527359 ], [ -98.291974617334418, 20.46445234001953 ], [ -98.280693691804885, 20.469774284425551 ], [ -98.275438170210961, 20.481324150793139 ], [ -98.271469350683745, 20.481839569776817 ], [ -98.256027899823039, 20.498948746211376 ], [ -98.246204591309635, 20.502421986623201 ], [ -98.241714280497632, 20.500206755122722 ], [ -98.239834582883333, 20.503530990323632 ], [ -98.235272847826963, 20.50535123068995 ], [ -98.231289114229568, 20.509003360784256 ], [ -98.231740897415904, 20.513747506301293 ], [ -98.228450421082684, 20.519647894326489 ], [ -98.212302276554965, 20.527264805495303 ], [ -98.189890201847533, 20.521633580446622 ], [ -98.18202963813188, 20.527660450393416 ], [ -98.178365972869855, 20.52622186236821 ], [ -98.173567099217749, 20.528622286300092 ], [ -98.165280746232384, 20.540603323546986 ], [ -98.158677445520567, 20.54224416164778 ], [ -98.15771433117078, 20.550463516319869 ], [ -98.152512980677585, 20.553966179042213 ], [ -98.154076269702529, 20.564511265784063 ], [ -98.148550184759429, 20.563348463554146 ], [ -98.138906260027554, 20.574054171306596 ], [ -98.138369860764044, 20.577379314623162 ], [ -98.131233723969672, 20.583298345269743 ], [ -98.131037257353654, 20.588664804922008 ], [ -98.123338324024957, 20.584897729409267 ], [ -98.122845391014494, 20.591261806218121 ], [ -98.119739410268977, 20.593416012922766 ], [ -98.126799279556494, 20.596307674322187 ], [ -98.122593330394864, 20.595837585579925 ], [ -98.116500996982495, 20.599397396848243 ], [ -98.110393270469743, 20.606659747795675 ], [ -98.109032347936974, 20.610732853516666 ], [ -98.111586701080483, 20.614984296237097 ], [ -98.107315526812073, 20.616034163268658 ], [ -98.100814348224134, 20.614126350427686 ], [ -98.095698205707592, 20.607489318726216 ], [ -98.094321516353602, 20.597186831123562 ], [ -98.089140026292341, 20.590303318757826 ], [ -98.091148916699765, 20.585488131930138 ], [ -98.095523202606344, 20.583459216185499 ], [ -98.095238103504158, 20.578130874140982 ], [ -98.090060129232114, 20.573191635853533 ], [ -98.078088318757082, 20.573163473452933 ], [ -98.079697592746001, 20.564926311432711 ], [ -98.070871888848288, 20.570226536480931 ], [ -98.068879975161735, 20.558865999089424 ], [ -98.071931264056843, 20.553772935077632 ], [ -98.070057620390727, 20.546173526540858 ], [ -98.063766810917187, 20.542920253194826 ], [ -98.062070005683793, 20.539080230942172 ], [ -98.045971916777631, 20.532094210583139 ], [ -98.051953820623837, 20.527372860089795 ], [ -98.057011497366119, 20.526345427543092 ], [ -98.057136979001996, 20.523253288271086 ], [ -98.04273045072037, 20.506828120441941 ], [ -98.046375112979987, 20.500187904073709 ], [ -98.046271855412755, 20.495019830635265 ], [ -98.055897315983557, 20.48928400189568 ], [ -98.064133564775972, 20.496949463121489 ], [ -98.070570694602395, 20.497983997415126 ], [ -98.074296910316349, 20.510185380609389 ], [ -98.072875681665337, 20.515107683158181 ], [ -98.086460221959314, 20.499783009647548 ], [ -98.094162032623842, 20.496003343559931 ], [ -98.092296514468373, 20.492375289391116 ], [ -98.095638486996336, 20.487314615803587 ], [ -98.09970546026959, 20.490424027813901 ], [ -98.10537107259816, 20.483186200390374 ], [ -98.112472829286659, 20.48260842493637 ], [ -98.118510425266578, 20.477924247722395 ], [ -98.1186934601145, 20.46898310826835 ], [ -98.125547850250797, 20.464316317541339 ], [ -98.121151429814319, 20.460017346585374 ], [ -98.119036535840181, 20.452218444676824 ], [ -98.109409230926701, 20.443023748464583 ], [ -98.114086974822499, 20.439661431543144 ], [ -98.128701440315965, 20.431377025192585 ], [ -98.137675199276188, 20.43103322596399 ], [ -98.140162421157996, 20.426699656494318 ], [ -98.150886333302068, 20.420884636584187 ], [ -98.150048158758835, 20.416872120299825 ], [ -98.153139317700862, 20.416417693619092 ], [ -98.154891877080559, 20.411531221183509 ], [ -98.159558960023702, 20.408509421236104 ], [ -98.166381363428258, 20.409422658405109 ], [ -98.169120164360208, 20.413316545912487 ], [ -98.171512036000081, 20.411619110135362 ], [ -98.174310300508935, 20.413524954791541 ], [ -98.179036734434277, 20.407603492768981 ], [ -98.182418819453702, 20.408059758814641 ], [ -98.183412373575649, 20.402965730315753 ], [ -98.188953287019501, 20.400108938297251 ], [ -98.191405032989465, 20.393151323631201 ], [ -98.198928832908322, 20.387602376180972 ], [ -98.204934852742724, 20.386567420468296 ], [ -98.208726042843765, 20.382011764145417 ], [ -98.214264608742283, 20.384248385612008 ], [ -98.219396556765204, 20.379361151314406 ], [ -98.22505125147454, 20.385159281373678 ], [ -98.23175651750114, 20.385904279883899 ], [ -98.237179245386713, 20.384536922808817 ], [ -98.243068517514004, 20.378613445214615 ], [ -98.257295233806218, 20.383373549695964 ], [ -98.261317732558894, 20.374592084591328 ], [ -98.270237298827922, 20.367879876311182 ], [ -98.276943334819308, 20.375456988210281 ], [ -98.280849120747604, 20.372514920700315 ], [ -98.287200805624934, 20.358927467012673 ], [ -98.294252282633977, 20.350102433022801 ], [ -98.291915711165259, 20.333287933871674 ], [ -98.307649703238255, 20.323049949655648 ], [ -98.311328066117497, 20.322440202437043 ], [ -98.322680946954904, 20.32786825253881 ], [ -98.331754140599543, 20.341933474094297 ] ] ] } },
{ "type": "Feature", "properties": { "cve_edo": "13", "cve_mpo_ine": "053", "cve_edo_mpo_ine": "13053", "nom_mpo": "SAN FELIPE ORIZATLAN", "nom_edo": "Hidalgo", "alianza_ganadora": "Va por México", "margen_pp": 4.1880830001903675, "por_participacion": 55.489436619718312 }, "geometry": { "type": "Polygon", "coordinates": [ [ [ -98.521938682593856, 21.366897354717327 ], [ -98.521767193608682, 21.363574031588168 ], [ -98.515974156135258, 21.360216841687283 ], [ -98.51597535881065, 21.363164269676624 ], [ -98.507254101889686, 21.364250826479346 ], [ -98.508262035330276, 21.370159226149596 ], [ -98.515292599374163, 21.370793459983513 ], [ -98.512774268402978, 21.375450564376862 ], [ -98.504676251779429, 21.380904197711743 ], [ -98.506720489482987, 21.385290605483213 ], [ -98.504847327248243, 21.388961945289207 ], [ -98.502273587292677, 21.388589887535566 ], [ -98.501262624753394, 21.38561892545632 ], [ -98.49772566201483, 21.38587818869804 ], [ -98.491462114934166, 21.391678866914162 ], [ -98.487012936500008, 21.392777822220065 ], [ -98.486934853237429, 21.398238649037243 ], [ -98.481032549043306, 21.3972213673465 ], [ -98.481166308727339, 21.38857538123731 ], [ -98.473432123085757, 21.391099806631228 ], [ -98.469422141434222, 21.388156306311998 ], [ -98.470460568885258, 21.383802502715799 ], [ -98.46627768079577, 21.374231110455757 ], [ -98.469633471055275, 21.357742161360726 ], [ -98.463882413272245, 21.350934638952701 ], [ -98.467628114704382, 21.344846947766129 ], [ -98.463207744804464, 21.343545617410484 ], [ -98.472142651038965, 21.338618360171591 ], [ -98.476286806160573, 21.344339215724389 ], [ -98.507591632510042, 21.336775432381714 ], [ -98.50300157510577, 21.326709928468464 ], [ -98.503473918301609, 21.319773922008366 ], [ -98.515181219648866, 21.307100047364905 ], [ -98.523000896522504, 21.293519066293147 ], [ -98.519282003194746, 21.28883213161215 ], [ -98.52451337760121, 21.28969817678427 ], [ -98.5307643926363, 21.281401457628906 ], [ -98.53857446568793, 21.276586089798066 ], [ -98.543373435524586, 21.265774373230713 ], [ -98.541289972414816, 21.261569248218652 ], [ -98.537398101413885, 21.261983589259437 ], [ -98.516166761051963, 21.244502956366695 ], [ -98.524401413469676, 21.244186223569844 ], [ -98.523006671122744, 21.24045809032296 ], [ -98.526306990933378, 21.236838246508011 ], [ -98.538795951997727, 21.232476008692966 ], [ -98.544617876756504, 21.223969231778721 ], [ -98.559174960470799, 21.214207767448798 ], [ -98.551965037739876, 21.210502510561408 ], [ -98.545979422993582, 21.215362066457953 ], [ -98.545882390443722, 21.213123950974566 ], [ -98.540973968189718, 21.212429947172328 ], [ -98.538602293825221, 21.206435839175651 ], [ -98.531563444283876, 21.207867447948793 ], [ -98.53694939185138, 21.201706245003216 ], [ -98.532050476530429, 21.19248693928094 ], [ -98.533629851347044, 21.187135834830364 ], [ -98.537297514179897, 21.185244236176658 ], [ -98.539784420845436, 21.187972262604102 ], [ -98.544086188340103, 21.185873935773614 ], [ -98.550144841067336, 21.187225211273716 ], [ -98.548544359355006, 21.181007357851961 ], [ -98.533451609383448, 21.182354633963332 ], [ -98.533541963024973, 21.166954634952528 ], [ -98.534821400915263, 21.16480416505431 ], [ -98.545536874934854, 21.164769875288176 ], [ -98.556084427599941, 21.157840673134725 ], [ -98.560444909896475, 21.15925867739481 ], [ -98.561541582698212, 21.155182967726983 ], [ -98.55598307624301, 21.15137010252332 ], [ -98.557073710107673, 21.14783014328788 ], [ -98.55492599282897, 21.141722549521354 ], [ -98.563485888059731, 21.141871034996957 ], [ -98.567902101711041, 21.146480880612149 ], [ -98.577181966969661, 21.136302556954906 ], [ -98.579997684223997, 21.136350057390572 ], [ -98.584081315809385, 21.140410915491209 ], [ -98.586672083656453, 21.138505893000719 ], [ -98.583596126053422, 21.132490173618869 ], [ -98.584208098412901, 21.126756296432582 ], [ -98.595540428655653, 21.123264059433687 ], [ -98.593815582108562, 21.107150528166777 ], [ -98.599697608263924, 21.103403573601241 ], [ -98.612360139066453, 21.100407350334176 ], [ -98.615260181562235, 21.092965368675753 ], [ -98.614986274838117, 21.085672170136625 ], [ -98.618290692614707, 21.088507491874843 ], [ -98.620344623178653, 21.101982136184297 ], [ -98.62587236081194, 21.106708077245631 ], [ -98.626813578891998, 21.111704289738693 ], [ -98.630491833083582, 21.107183689456907 ], [ -98.633830306570317, 21.107370815979046 ], [ -98.640510855905106, 21.114408710342925 ], [ -98.645892965466786, 21.111513749613394 ], [ -98.649518621666274, 21.118662960945134 ], [ -98.653773987183158, 21.116105152723794 ], [ -98.657838999577962, 21.108864302705676 ], [ -98.660512807895543, 21.113003620245546 ], [ -98.65919175297141, 21.118964022961027 ], [ -98.657049792518478, 21.119807974005912 ], [ -98.657321512731642, 21.13061907519721 ], [ -98.651288259339054, 21.133659683296344 ], [ -98.651263663632292, 21.141150404339378 ], [ -98.647636863233487, 21.142486059991558 ], [ -98.650998924061938, 21.145405268994399 ], [ -98.651020193622713, 21.149875984722893 ], [ -98.659146003229637, 21.156702865539948 ], [ -98.670798256672612, 21.157037590684528 ], [ -98.672301584463781, 21.162718347756204 ], [ -98.68114272832554, 21.168360312481337 ], [ -98.686669253758211, 21.16642047326425 ], [ -98.69027251715643, 21.167483820625083 ], [ -98.691934069028832, 21.165258762985054 ], [ -98.693169656332032, 21.170305010890875 ], [ -98.694554131726662, 21.181274472529328 ], [ -98.689953877603187, 21.188706552318596 ], [ -98.692282320993698, 21.192710447400174 ], [ -98.685013721261399, 21.194058545915492 ], [ -98.681910368741526, 21.200626149838605 ], [ -98.680466458648212, 21.198222281570487 ], [ -98.67665541315354, 21.199759811879897 ], [ -98.672494528254234, 21.194415830094815 ], [ -98.668962377084895, 21.194678773470457 ], [ -98.669730467349254, 21.192840095670732 ], [ -98.661930631522651, 21.184071774679119 ], [ -98.654278574971627, 21.183371239887862 ], [ -98.649601861554942, 21.180464623278183 ], [ -98.647908374754536, 21.183560757129179 ], [ -98.63870935275024, 21.182126036068894 ], [ -98.636366330271898, 21.183932399553942 ], [ -98.630874881074973, 21.201629968827753 ], [ -98.626847253269162, 21.197594715084158 ], [ -98.628193152324002, 21.193533032878054 ], [ -98.622744901416894, 21.18980310044526 ], [ -98.621948879373292, 21.192427097340314 ], [ -98.610300156935764, 21.199801819911343 ], [ -98.607565870267337, 21.20915277363936 ], [ -98.600361775680184, 21.213644864979994 ], [ -98.604842185143426, 21.219869856932963 ], [ -98.600406401181132, 21.231373261240154 ], [ -98.602706094740796, 21.24231848952596 ], [ -98.59890477019637, 21.248795887357794 ], [ -98.607200991474784, 21.250407188907371 ], [ -98.608298555568069, 21.252488473542563 ], [ -98.606410010827659, 21.255967928795059 ], [ -98.598173288301737, 21.260316565166232 ], [ -98.602219260899801, 21.267495611027986 ], [ -98.605475444954479, 21.269152324172122 ], [ -98.603633309734647, 21.269540246012763 ], [ -98.602667834815179, 21.275304382786643 ], [ -98.618461764787284, 21.295790585020114 ], [ -98.61863164525829, 21.302707836820282 ], [ -98.635734579170645, 21.30490902953974 ], [ -98.635727834987151, 21.302127556340839 ], [ -98.642047019914372, 21.299550916662355 ], [ -98.64427339680897, 21.300699977530375 ], [ -98.649849224889294, 21.306208716205997 ], [ -98.652524954281517, 21.314960259242543 ], [ -98.655786827448537, 21.317699723617419 ], [ -98.656436210474169, 21.324100927704102 ], [ -98.64639958187928, 21.329246447979145 ], [ -98.649365858008451, 21.335137289385575 ], [ -98.646554926376865, 21.343030759038808 ], [ -98.632245217505528, 21.342475547928181 ], [ -98.629716054636589, 21.354191511501011 ], [ -98.617473113998486, 21.360054373673538 ], [ -98.60991169779949, 21.35622109175366 ], [ -98.603424698087579, 21.358130127320596 ], [ -98.601498369974763, 21.356735329966032 ], [ -98.596334644819152, 21.363801563320944 ], [ -98.591177232447578, 21.366702094370229 ], [ -98.589693668242106, 21.372118696196644 ], [ -98.58344130218822, 21.372708148669098 ], [ -98.581790113533614, 21.369510565956627 ], [ -98.580771076131114, 21.373410357418933 ], [ -98.575920734360878, 21.374250676117235 ], [ -98.567817428226391, 21.370642253192113 ], [ -98.561602833790062, 21.37681956130638 ], [ -98.551681608028332, 21.379733625965972 ], [ -98.549880675368968, 21.384105111309346 ], [ -98.544418723138435, 21.380620699236061 ], [ -98.544416042145357, 21.38401449035846 ], [ -98.539385977894355, 21.383275281250267 ], [ -98.539186132653157, 21.378964499457492 ], [ -98.535443851476529, 21.380045806308704 ], [ -98.536185266918167, 21.376843028654267 ], [ -98.532744329573873, 21.377253850105312 ], [ -98.535266895298719, 21.375377858545523 ], [ -98.53415891748088, 21.371502414907123 ], [ -98.530757904931733, 21.369879599973551 ], [ -98.5308853055475, 21.366394221133724 ], [ -98.521938682593856, 21.366897354717327 ] ] ] } },
{ "type": "Feature", "properties": { "cve_edo": "13", "cve_mpo_ine": "054", "cve_edo_mpo_ine": "13054", "nom_mpo": "SAN SALVADOR", "nom_edo": "Hidalgo", "alianza_ganadora": "Juntos Haremos Historia", "margen_pp": 43.453644727530076, "por_participacion": 47.781326319744508 }, "geometry": { "type": "Polygon", "coordinates": [ [ [ -99.065074631173616, 20.271722854877773 ], [ -99.068523025584184, 20.275573541059565 ], [ -99.080290552096784, 20.278283770950118 ], [ -99.081683848655601, 20.286579906484995 ], [ -99.08869021909014, 20.298711194650682 ], [ -99.09271506140135, 20.295489689331365 ], [ -99.095956522175612, 20.286090654920255 ], [ -99.097896220034741, 20.289260167228154 ], [ -99.111362934123235, 20.29052500006955 ], [ -99.115541468282302, 20.294024742158225 ], [ -99.11944173608569, 20.310108961174979 ], [ -99.125295836803929, 20.316059896385841 ], [ -99.120144476710223, 20.317068070410816 ], [ -99.119302190782264, 20.32000316113178 ], [ -99.122989342429179, 20.333684853194288 ], [ -99.1263297405131, 20.339788214901908 ], [ -99.142940076528376, 20.353122038790293 ], [ -99.14604747687666, 20.373838384218981 ], [ -99.149417818915893, 20.376422324413056 ], [ -99.15103475114347, 20.371627976779198 ], [ -99.16215579038105, 20.370027724620556 ], [ -99.165078792355899, 20.37745304366948 ], [ -99.164877948502067, 20.384067460790128 ], [ -99.156575663070356, 20.390979531797882 ], [ -99.162449197367792, 20.395302212260493 ], [ -99.158864015464374, 20.397437628179787 ], [ -99.163967206894853, 20.406096527920052 ], [ -99.162734358921142, 20.41750896689782 ], [ -99.160162773194202, 20.418343904225949 ], [ -99.153795795785598, 20.408857069857365 ], [ -99.135164851367037, 20.405070761001046 ], [ -99.130200584295793, 20.40744194209142 ], [ -99.114045950698468, 20.394469463938286 ], [ -99.114425363854195, 20.387730714837463 ], [ -99.120899788398347, 20.382916721847423 ], [ -99.112988726083458, 20.38058392757771 ], [ -99.115839153687986, 20.376772725313423 ], [ -99.109673222971352, 20.370789064029356 ], [ -99.102403903709813, 20.368020901875315 ], [ -99.101519288995135, 20.359739480406073 ], [ -99.098061562968027, 20.358519817038577 ], [ -99.095785744612257, 20.351615203267318 ], [ -99.09096088524187, 20.347462592007467 ], [ -99.084445278743019, 20.351152809922162 ], [ -99.067380952603287, 20.351059032976448 ], [ -99.061456381134619, 20.35569754421488 ], [ -99.049343954317678, 20.353663324179557 ], [ -99.042472995680995, 20.356898467812925 ], [ -99.028907274439263, 20.348117950925563 ], [ -99.017933344728974, 20.349720761017373 ], [ -99.000162974695712, 20.356876366938298 ], [ -98.988779677895693, 20.366747716208941 ], [ -98.983143729255715, 20.363057885636152 ], [ -98.96818329601075, 20.360606968063969 ], [ -98.978663611342441, 20.342757006368039 ], [ -98.980558994662729, 20.326537859241757 ], [ -98.966943803457411, 20.323215334874693 ], [ -98.968513326481286, 20.319323815346539 ], [ -98.978485418464558, 20.311692051672747 ], [ -98.976373637446926, 20.30693943251439 ], [ -98.983085030350594, 20.304650270762977 ], [ -98.98214750897003, 20.303080366058786 ], [ -98.986698286655226, 20.300961070569912 ], [ -98.976162679741222, 20.288697720517483 ], [ -98.977914951921264, 20.28894226726544 ], [ -98.978544117701659, 20.282281111736989 ], [ -98.981813482350418, 20.282026057017557 ], [ -98.980524209140398, 20.279670936558105 ], [ -98.991625941677285, 20.283411523306768 ], [ -98.993543068810709, 20.278691695616896 ], [ -98.993200580446043, 20.267953649285278 ], [ -98.984146831560949, 20.251865620844629 ], [ -98.966676272119457, 20.243876887717349 ], [ -98.970268671750901, 20.220890782155259 ], [ -98.980226454535156, 20.217954005904748 ], [ -98.976843122889179, 20.195737719583313 ], [ -98.996395221405379, 20.184130937159896 ], [ -99.00969610096179, 20.195238445986416 ], [ -99.031274538935804, 20.190442293336776 ], [ -99.035148701314142, 20.192453053326098 ], [ -99.034098968762208, 20.199931641966764 ], [ -99.042098087207506, 20.205614474238892 ], [ -99.043115664906381, 20.221362773143859 ], [ -99.023010861774253, 20.232662034090563 ], [ -99.018094456371799, 20.233507269046157 ], [ -99.021028851243869, 20.237384094711324 ], [ -99.014612696976258, 20.238973229968689 ], [ -99.00547662206364, 20.251990931832555 ], [ -99.005415515963364, 20.265553491198954 ], [ -99.029373758850582, 20.260996314818833 ], [ -99.049618044330444, 20.25435323505673 ], [ -99.050381797290129, 20.257881339483053 ], [ -99.061770171635459, 20.250942872411009 ], [ -99.065541855912073, 20.260344677991661 ], [ -99.062790395821665, 20.264409126327919 ], [ -99.065074631173616, 20.271722854877773 ] ] ] } },
{ "type": "Feature", "properties": { "cve_edo": "13", "cve_mpo_ine": "055", "cve_edo_mpo_ine": "13055", "nom_mpo": "SANTIAGO DE ANAYA", "nom_edo": "Hidalgo", "alianza_ganadora": "Juntos Haremos Historia", "margen_pp": 34.262267054197302, "por_participacion": 43.714499252615845 }, "geometry": { "type": "Polygon", "coordinates": [ [ [ -99.086856039071904, 20.400333950977604 ], [ -99.079393978075316, 20.407298800728896 ], [ -99.084509686703285, 20.412740985254974 ], [ -99.090896126154462, 20.414169961837452 ], [ -99.096025308297101, 20.422546555013074 ], [ -99.093985161326515, 20.424536393834295 ], [ -99.089415793407113, 20.423763834181674 ], [ -99.092878520996791, 20.425820892633123 ], [ -99.091833419899459, 20.434226271297891 ], [ -99.089441759869644, 20.432184313301118 ], [ -99.087256861216346, 20.435208729603008 ], [ -99.082643001042385, 20.431483474504017 ], [ -99.078958512433843, 20.424014300920579 ], [ -99.065679219935959, 20.416585647561043 ], [ -99.058235226426532, 20.415726040764199 ], [ -99.04537181738354, 20.420168003932453 ], [ -99.040248179607076, 20.433439634734224 ], [ -99.034731357602993, 20.440112880883362 ], [ -99.033485789784436, 20.450635631760157 ], [ -99.029314532944767, 20.4573331548292 ], [ -99.024032959950233, 20.47805121680852 ], [ -99.02008084886468, 20.47771602277777 ], [ -99.021873349884757, 20.480143666429598 ], [ -99.016085100929345, 20.484494040473525 ], [ -99.014020363054399, 20.495151461811513 ], [ -99.012101944733942, 20.496047655432491 ], [ -99.005444082358011, 20.493182492623987 ], [ -98.999427369516368, 20.494046703746687 ], [ -98.997427981402268, 20.48950342637108 ], [ -98.995770894385672, 20.496168732588544 ], [ -98.98353568797431, 20.496154547781479 ], [ -98.983912246012522, 20.493907314051569 ], [ -98.979936869172164, 20.490301942852739 ], [ -98.974627965422485, 20.491530305079834 ], [ -98.970092005103425, 20.489592786036873 ], [ -98.968796487995334, 20.493055634316317 ], [ -98.960088449708948, 20.494034614268468 ], [ -98.948344103819679, 20.499576819004719 ], [ -98.946387419162662, 20.499340042384414 ], [ -98.944739535436995, 20.492961905866252 ], [ -98.930090209294505, 20.494068627788728 ], [ -98.918796213555808, 20.485767982086472 ], [ -98.910937256029044, 20.487247316694578 ], [ -98.908260837264237, 20.485121176783068 ], [ -98.913366782020617, 20.476512108985155 ], [ -98.910615450828246, 20.469216817027892 ], [ -98.903890002456876, 20.468222177883032 ], [ -98.910665220614234, 20.463097391232512 ], [ -98.910163076990486, 20.45438366646577 ], [ -98.912258987926393, 20.454300202695713 ], [ -98.913650116417202, 20.44880966370016 ], [ -98.903607881436827, 20.438283152427029 ], [ -98.901791879097587, 20.431283215542823 ], [ -98.899881570712964, 20.428665721438342 ], [ -98.887791654336638, 20.425361120898675 ], [ -98.884616250708291, 20.420047367215879 ], [ -98.868405936887243, 20.419608610431737 ], [ -98.865148410526217, 20.417188439953556 ], [ -98.860982655907875, 20.418359522247837 ], [ -98.860931583168409, 20.414524524117208 ], [ -98.868935869754296, 20.412941179437354 ], [ -98.874774948635533, 20.40920974127966 ], [ -98.875297206965087, 20.406396157380254 ], [ -98.878861034305729, 20.405770322398933 ], [ -98.878916217557915, 20.403329716258767 ], [ -98.882714937870617, 20.403613471176644 ], [ -98.890064145324814, 20.393839916739996 ], [ -98.903325550491999, 20.391998405685193 ], [ -98.906998593728403, 20.386614846509474 ], [ -98.903717025462583, 20.380250120669089 ], [ -98.912599617520584, 20.381310649764 ], [ -98.918195991170592, 20.373317551566547 ], [ -98.913744316257691, 20.366003642622083 ], [ -98.917191985696277, 20.366494070437117 ], [ -98.919407138020532, 20.363429197070147 ], [ -98.913037212566323, 20.362116541774991 ], [ -98.904311455783215, 20.34802578176652 ], [ -98.908210642684622, 20.338422543359204 ], [ -98.928770292343998, 20.337683463331278 ], [ -98.942127928118353, 20.32702799867792 ], [ -98.943533865385518, 20.349153623332363 ], [ -98.955614954957682, 20.356205944857969 ], [ -98.964965600517999, 20.358172923900412 ], [ -98.969704194078261, 20.361638003985863 ], [ -98.983143729255715, 20.363057885636152 ], [ -98.988779677895693, 20.366747716208941 ], [ -99.000162974695712, 20.356876366938298 ], [ -99.017933344728974, 20.349720761017373 ], [ -99.028907274439263, 20.348117950925563 ], [ -99.042472995680995, 20.356898467812925 ], [ -99.049343954317678, 20.353663324179557 ], [ -99.061456381134619, 20.35569754421488 ], [ -99.067380952603287, 20.351059032976448 ], [ -99.084445278743019, 20.351152809922162 ], [ -99.091605619760301, 20.34770687373079 ], [ -99.095785744612257, 20.351615203267318 ], [ -99.098061562968027, 20.358519817038577 ], [ -99.101519288995135, 20.359739480406073 ], [ -99.102403903709813, 20.368020901875315 ], [ -99.109673222971352, 20.370789064029356 ], [ -99.115839153687986, 20.376772725313423 ], [ -99.115732531655851, 20.379087813196673 ], [ -99.106521862612155, 20.387133685994346 ], [ -99.106194577047205, 20.392508207301997 ], [ -99.086856039071904, 20.400333950977604 ] ] ] } },
{ "type": "Feature", "properties": { "cve_edo": "13", "cve_mpo_ine": "056", "cve_edo_mpo_ine": "13056", "nom_mpo": "SANTIAGO TULANTEPEC DE LUGO GUERRERO", "nom_edo": "Hidalgo", "alianza_ganadora": "Juntos Haremos Historia", "margen_pp": 6.6525338178881483, "por_participacion": 36.900726392251812 }, "geometry": { "type": "Polygon", "coordinates": [ [ [ -98.359292311487096, 20.06859555484985 ], [ -98.346282133077338, 20.059794550354802 ], [ -98.347669808604721, 20.053106750364936 ], [ -98.340773936559444, 20.050573522030291 ], [ -98.341395508642918, 20.048575232691963 ], [ -98.335152780960343, 20.041059586104463 ], [ -98.330869914467613, 20.042359398119054 ], [ -98.327987354151773, 20.040196563377588 ], [ -98.324046925259466, 20.033324507316074 ], [ -98.326290391961479, 20.028584333040484 ], [ -98.323269166924632, 20.02704943939202 ], [ -98.324689180891397, 20.022923353323758 ], [ -98.326839355409831, 20.023919389624602 ], [ -98.331279620170974, 20.010385164778185 ], [ -98.348820169750311, 19.997664453318858 ], [ -98.358015446731727, 19.987691066386652 ], [ -98.364872590130545, 19.990761315442469 ], [ -98.375659645528543, 19.988347171543861 ], [ -98.385342483937606, 19.988892045761869 ], [ -98.397331209603834, 19.994586719907598 ], [ -98.400600265346583, 19.999818745313668 ], [ -98.395375020742421, 20.011872739815971 ], [ -98.389669629406356, 20.018958258160932 ], [ -98.391850228002426, 20.02232223666131 ], [ -98.41972868614144, 20.027400046526079 ], [ -98.441630954577292, 20.044400757767747 ], [ -98.449547049289762, 20.043987422731849 ], [ -98.467632716310163, 20.038081554800538 ], [ -98.473323216603774, 20.039393622894387 ], [ -98.470778912089003, 20.044470334371024 ], [ -98.45526293449835, 20.057452239536307 ], [ -98.435975515678791, 20.065186368537923 ], [ -98.4262880277834, 20.06631054361543 ], [ -98.42660207887414, 20.063961306916354 ], [ -98.406750384469021, 20.069415564843311 ], [ -98.402995630538513, 20.063814892827136 ], [ -98.404764500444685, 20.062026905719328 ], [ -98.403143219428529, 20.059685057866311 ], [ -98.406631106991568, 20.057711790831515 ], [ -98.405423249365029, 20.055861907941562 ], [ -98.400358063608181, 20.058949064452481 ], [ -98.398569899230736, 20.056409338168336 ], [ -98.395899511676987, 20.057441566632978 ], [ -98.392495787645643, 20.055514647043445 ], [ -98.386368821386299, 20.057266456242832 ], [ -98.384027319464366, 20.060735043134724 ], [ -98.381385824259652, 20.059153373553627 ], [ -98.373473673333407, 20.062203971625635 ], [ -98.362353026394786, 20.05695050844167 ], [ -98.361382047816221, 20.052127935619975 ], [ -98.361379085999076, 20.060076434495596 ], [ -98.364896221097865, 20.068289645447923 ], [ -98.359292311487096, 20.06859555484985 ] ] ] } },
{ "type": "Feature", "properties": { "cve_edo": "13", "cve_mpo_ine": "057", "cve_edo_mpo_ine": "13057", "nom_mpo": "SINGUILUCAN", "nom_edo": "Hidalgo", "alianza_ganadora": "Va por México", "margen_pp": 15.924320063066615, "por_participacion": 39.321140731556106 }, "geometry": { "type": "Polygon", "coordinates": [ [ [ -98.36649712566998, 19.92468723447719 ], [ -98.374976318453506, 19.912693813349215 ], [ -98.394342410556931, 19.917109494347528 ], [ -98.39832987960763, 19.907858982049579 ], [ -98.405987511495724, 19.916260092763977 ], [ -98.413046578446412, 19.920064371964752 ], [ -98.417932913854173, 19.919718533867201 ], [ -98.431028629101064, 19.90443687679883 ], [ -98.44448058562979, 19.901611703599549 ], [ -98.44921760213289, 19.898243401259283 ], [ -98.437628231204812, 19.880471180415324 ], [ -98.437370258699488, 19.876662765668659 ], [ -98.44253344639921, 19.877766027444174 ], [ -98.447206779128393, 19.881804613561755 ], [ -98.450235426804042, 19.887903513059076 ], [ -98.4622984596094, 19.884159287538434 ], [ -98.462108106562411, 19.879151199136007 ], [ -98.456916308699505, 19.874530966108892 ], [ -98.457137817514948, 19.868945677781237 ], [ -98.461382222206822, 19.868719416495846 ], [ -98.468612516647383, 19.872812050954902 ], [ -98.482510003432083, 19.871931135987765 ], [ -98.487013957814867, 19.875471264304998 ], [ -98.50061531147611, 19.868173355925698 ], [ -98.524218655888632, 19.874413233783756 ], [ -98.532609021535777, 19.886329963646798 ], [ -98.537786757825145, 19.887986704292022 ], [ -98.534782709248162, 19.890762693226279 ], [ -98.533865328795969, 19.902787303910163 ], [ -98.52792848794023, 19.907305952519742 ], [ -98.52967281287377, 19.916054166515281 ], [ -98.533857517652876, 19.916394636148958 ], [ -98.538400796577022, 19.920379033954365 ], [ -98.538741114240906, 19.925387713637029 ], [ -98.54876303234677, 19.928735135417512 ], [ -98.534479606428434, 19.948125213666692 ], [ -98.559747445840372, 19.947313997763718 ], [ -98.562093696327665, 19.950320090657058 ], [ -98.563625167747702, 19.948932236779584 ], [ -98.571686329956833, 19.95136455306573 ], [ -98.563647622683888, 19.957369479740933 ], [ -98.567306125750434, 19.9610534273863 ], [ -98.581907019221077, 19.966066802157645 ], [ -98.576171376036328, 19.969838999881109 ], [ -98.579078806729115, 19.986423488903011 ], [ -98.583904845984364, 19.991278634242445 ], [ -98.587697233958878, 19.990620550896107 ], [ -98.591987148790437, 19.983061205331484 ], [ -98.599591583959693, 19.989148230775648 ], [ -98.60099988647913, 19.992763132137139 ], [ -98.600160382589806, 20.007427935846039 ], [ -98.615035536018425, 20.01737611262752 ], [ -98.62012020171872, 20.018352441073759 ], [ -98.60513880703833, 20.035586294949074 ], [ -98.601391719546641, 20.03647655946051 ], [ -98.598067775332098, 20.048726482173919 ], [ -98.592726353876344, 20.053266787918201 ], [ -98.591540834807276, 20.057160661314768 ], [ -98.587692097441945, 20.054074751089544 ], [ -98.575323000663374, 20.060313407527477 ], [ -98.569476261550037, 20.059456879631931 ], [ -98.568633435205413, 20.065217047608439 ], [ -98.570357972602466, 20.07264260617746 ], [ -98.576619724184113, 20.072282348826235 ], [ -98.582661529895034, 20.06843274619607 ], [ -98.595993112984587, 20.070389237326914 ], [ -98.608902754212338, 20.075630609255104 ], [ -98.605246584949384, 20.082971522710348 ], [ -98.594262141295431, 20.093756043566902 ], [ -98.59418750537786, 20.097812921707536 ], [ -98.589679942212868, 20.098256138853014 ], [ -98.592535718442562, 20.104188873468232 ], [ -98.602854261924819, 20.109000626349108 ], [ -98.60458673025127, 20.11327554773986 ], [ -98.607164102228111, 20.111920240661142 ], [ -98.609247102962016, 20.11623814346007 ], [ -98.596173112938189, 20.121140125999457 ], [ -98.588613666701931, 20.126985561773072 ], [ -98.583422680105215, 20.126138123212137 ], [ -98.580931826756881, 20.122363880800322 ], [ -98.575907673773742, 20.123171624582117 ], [ -98.569910795650813, 20.12016945150668 ], [ -98.567063937212538, 20.117593303009659 ], [ -98.566424595132446, 20.112179857682314 ], [ -98.5593477095412, 20.109084950089112 ], [ -98.55503134596303, 20.102857774381029 ], [ -98.542894048518406, 20.106773152847239 ], [ -98.542829942231577, 20.100193374800241 ], [ -98.541317741631886, 20.100062056741606 ], [ -98.530465077556741, 20.103444734055437 ], [ -98.526405912779381, 20.108804588176728 ], [ -98.519632062016569, 20.104344016959224 ], [ -98.5182831957286, 20.098420061895307 ], [ -98.516178639080266, 20.099568424746224 ], [ -98.507526594659836, 20.09712582759985 ], [ -98.499023553491867, 20.090752433355828 ], [ -98.503470973947898, 20.080677781628332 ], [ -98.495780338598536, 20.067646037963819 ], [ -98.497019299827471, 20.065583218453138 ], [ -98.484279598910888, 20.065146666551144 ], [ -98.482769866516961, 20.057773315280865 ], [ -98.45526293449835, 20.057452239536307 ], [ -98.470778912089003, 20.044470334371024 ], [ -98.473323216603774, 20.039393622894387 ], [ -98.467632716310163, 20.038081554800538 ], [ -98.449547049289762, 20.043987422731849 ], [ -98.441630954577292, 20.044400757767747 ], [ -98.41972868614144, 20.027400046526079 ], [ -98.391850228002426, 20.02232223666131 ], [ -98.389669629406356, 20.018958258160932 ], [ -98.395375020742421, 20.011872739815971 ], [ -98.400600265346583, 19.999818745313668 ], [ -98.396869964189335, 19.994128976148041 ], [ -98.385974461959989, 19.989764579145 ], [ -98.388160910743593, 19.985887110429189 ], [ -98.382169379756363, 19.986018956450842 ], [ -98.374970157416811, 19.977665600665581 ], [ -98.370034639020645, 19.977301695936973 ], [ -98.365787095721657, 19.971111780040022 ], [ -98.36602044124173, 19.958161131279759 ], [ -98.361285510739037, 19.948078581165117 ], [ -98.372440447601448, 19.94259741461881 ], [ -98.376268141054709, 19.937198317756277 ], [ -98.367465902596621, 19.93329987640756 ], [ -98.36649712566998, 19.92468723447719 ] ] ] } },
{ "type": "Feature", "properties": { "cve_edo": "13", "cve_mpo_ine": "058", "cve_edo_mpo_ine": "13058", "nom_mpo": "TASQUILLO", "nom_edo": "Hidalgo", "alianza_ganadora": "Juntos Haremos Historia", "margen_pp": 34.63703703703704, "por_participacion": 45.64820450395618 }, "geometry": { "type": "Polygon", "coordinates": [ [ [ -99.272322331610113, 20.57644957416257 ], [ -99.269373574794514, 20.572291112386765 ], [ -99.270464333330892, 20.568031438573694 ], [ -99.274832538848614, 20.563550084394613 ], [ -99.276904337403366, 20.55655953677234 ], [ -99.285714948920386, 20.550859326383648 ], [ -99.282182647998042, 20.54703426458542 ], [ -99.281622946283136, 20.540675528976575 ], [ -99.276531714103612, 20.540988359911953 ], [ -99.272772263829182, 20.538444684258931 ], [ -99.265812520940457, 20.539674577191249 ], [ -99.264797984327132, 20.535837616253829 ], [ -99.25930520757197, 20.537762768088434 ], [ -99.253374768067815, 20.53411320003908 ], [ -99.247760547259915, 20.535171075179392 ], [ -99.246844188317581, 20.52740934507225 ], [ -99.241913919635593, 20.524663676248704 ], [ -99.24310960147244, 20.517842609767957 ], [ -99.248020276357366, 20.516664110468163 ], [ -99.250139772159855, 20.519174387199136 ], [ -99.256329185371712, 20.516213687684512 ], [ -99.260026803578512, 20.5182623208953 ], [ -99.264703661611478, 20.51716702677848 ], [ -99.268783012030624, 20.513678509058906 ], [ -99.271742569847461, 20.506433119926424 ], [ -99.279775401378174, 20.511562321801076 ], [ -99.283970453239675, 20.507907679207655 ], [ -99.285739514827682, 20.499183483656793 ], [ -99.280555395646232, 20.492557169124474 ], [ -99.279353159238781, 20.486366606572766 ], [ -99.295246183198728, 20.481830743658065 ], [ -99.294613419772176, 20.472746038780137 ], [ -99.302052838609114, 20.474321639560305 ], [ -99.303596328372777, 20.467457167068382 ], [ -99.316664051531845, 20.471153103429415 ], [ -99.325770453556757, 20.477965648099833 ], [ -99.319881860502022, 20.481918730552781 ], [ -99.315820731586712, 20.488423816977658 ], [ -99.317059376149146, 20.49023532885937 ], [ -99.328073968157071, 20.492618517268014 ], [ -99.346461626769383, 20.505332210621489 ], [ -99.353499464400528, 20.497572113441691 ], [ -99.365659847602444, 20.495444568749559 ], [ -99.36540917336977, 20.502798589561955 ], [ -99.368230514596249, 20.504932033957953 ], [ -99.3687400779543, 20.512158201300338 ], [ -99.372943218995303, 20.510277603089968 ], [ -99.380325717553319, 20.511684886764904 ], [ -99.384656293164042, 20.515452729037857 ], [ -99.385053492812418, 20.509470791668601 ], [ -99.393618636082664, 20.502981578688985 ], [ -99.401529373864918, 20.50467430959683 ], [ -99.406251937389271, 20.501674829388726 ], [ -99.411051665117853, 20.501814162123647 ], [ -99.426346083057481, 20.505076646216693 ], [ -99.432061754923581, 20.501864470921291 ], [ -99.44160963644191, 20.503257158909754 ], [ -99.449996188366214, 20.49672488210221 ], [ -99.447774327249462, 20.487649787813027 ], [ -99.457837945395212, 20.487427713879146 ], [ -99.470598504826839, 20.497185904258661 ], [ -99.480066847193967, 20.495313672581776 ], [ -99.486166120185445, 20.497343506737 ], [ -99.486495157575021, 20.502959346734556 ], [ -99.48397688454962, 20.502684895520002 ], [ -99.482315541601636, 20.508229719183763 ], [ -99.486682971416727, 20.513863306756988 ], [ -99.473611675502795, 20.529057600185535 ], [ -99.474959276310884, 20.5383851899165 ], [ -99.481783723138037, 20.543674196317895 ], [ -99.482220997571787, 20.547926259002359 ], [ -99.486877988692967, 20.552897204372737 ], [ -99.488725924208651, 20.566971996791747 ], [ -99.476198200272336, 20.576297708051268 ], [ -99.463737228608224, 20.577939081551563 ], [ -99.463250682147986, 20.584303107825608 ], [ -99.458886174448679, 20.588582602411847 ], [ -99.458440200271355, 20.592137521285817 ], [ -99.461700300745449, 20.598356255455769 ], [ -99.456261745400255, 20.599543808598639 ], [ -99.456178246455096, 20.604872847789231 ], [ -99.452528749710751, 20.607889069757139 ], [ -99.449133341564419, 20.606645051550029 ], [ -99.440296294309263, 20.60886820819411 ], [ -99.434324945338403, 20.606008433196109 ], [ -99.427945695030928, 20.607406810650659 ], [ -99.425017665328653, 20.603144461003811 ], [ -99.420160355810339, 20.604999206058121 ], [ -99.415359425392552, 20.599824708970328 ], [ -99.415067759244053, 20.603214886782137 ], [ -99.411672635268303, 20.601556643596815 ], [ -99.409917756675938, 20.605399761824287 ], [ -99.404297493600538, 20.598983445744675 ], [ -99.400786202704026, 20.600839427310902 ], [ -99.39563490431253, 20.595746590720527 ], [ -99.390075101175768, 20.597351437670518 ], [ -99.387499198779366, 20.590608022796879 ], [ -99.384163092074871, 20.588039647687076 ], [ -99.376789243860912, 20.591047284610433 ], [ -99.371814639834341, 20.588352182570365 ], [ -99.369005493456612, 20.589133526993127 ], [ -99.368830024906899, 20.582848299849026 ], [ -99.363738934012261, 20.577175687994085 ], [ -99.361105250511073, 20.581761236141563 ], [ -99.352677976901063, 20.583567080614404 ], [ -99.348875324614696, 20.574919016861656 ], [ -99.335766809403395, 20.576344122471532 ], [ -99.328391250207346, 20.583939400063404 ], [ -99.326812762665156, 20.578395892059351 ], [ -99.315461559346815, 20.573744320597079 ], [ -99.314643376070308, 20.570848402975567 ], [ -99.305687771790829, 20.576579114927821 ], [ -99.302348198434473, 20.585380023599285 ], [ -99.28946922594406, 20.592756296378958 ], [ -99.282967547828804, 20.602005351579066 ], [ -99.283257400318462, 20.60688508215992 ], [ -99.280857333287614, 20.607376392051947 ], [ -99.27349115451598, 20.593592098045665 ], [ -99.272322331610113, 20.57644957416257 ] ] ] } },
{ "type": "Feature", "properties": { "cve_edo": "13", "cve_mpo_ine": "059", "cve_edo_mpo_ine": "13059", "nom_mpo": "TECOZAUTLA", "nom_edo": "Hidalgo", "alianza_ganadora": "Va por México", "margen_pp": 2.3927297825836882, "por_participacion": 30.841552543816078 }, "geometry": { "type": "Polygon", "coordinates": [ [ [ -99.546392817626639, 20.48000465509617 ], [ -99.543571678340612, 20.487797022000265 ], [ -99.543969171950053, 20.495840676300222 ], [ -99.538402107237459, 20.49999993415998 ], [ -99.535759586511688, 20.505400061978477 ], [ -99.536515911319171, 20.508370781196135 ], [ -99.540319949181864, 20.508952869949155 ], [ -99.54014071484842, 20.511303733913604 ], [ -99.555482524500974, 20.508021816962579 ], [ -99.5644458227775, 20.502875754167814 ], [ -99.569127786571613, 20.50349939505217 ], [ -99.570718158423844, 20.496117853147304 ], [ -99.576219717424564, 20.496494671316835 ], [ -99.576332198398106, 20.500000765605382 ], [ -99.585162145515852, 20.506938827855723 ], [ -99.594180476750395, 20.503812395918636 ], [ -99.597298158361539, 20.490739957686948 ], [ -99.610823845044749, 20.48592548757977 ], [ -99.606088405075027, 20.481136997902606 ], [ -99.603922600719883, 20.481423909743022 ], [ -99.604102284271306, 20.477794347981547 ], [ -99.617855812259535, 20.4776816707781 ], [ -99.616804092707653, 20.476030996541645 ], [ -99.61932294092037, 20.47380560110857 ], [ -99.614002365046858, 20.469058119882948 ], [ -99.619504813976107, 20.467701230492398 ], [ -99.621680572017866, 20.457432435613985 ], [ -99.618876071439658, 20.453264397866267 ], [ -99.623499645468925, 20.452442930110202 ], [ -99.625897053084771, 20.454177041714612 ], [ -99.627129673052778, 20.45034198399555 ], [ -99.629821981304033, 20.449683944122878 ], [ -99.638125981386466, 20.455175367376935 ], [ -99.639287895774743, 20.464456603256391 ], [ -99.645953459902145, 20.471060206957024 ], [ -99.649249313878215, 20.461981895956058 ], [ -99.669839989181568, 20.457626693815953 ], [ -99.695827346017907, 20.446706707105488 ], [ -99.716653026547974, 20.458302301001197 ], [ -99.720335614589104, 20.468696977919919 ], [ -99.726479341643739, 20.471420183179152 ], [ -99.730342121568114, 20.470265801438678 ], [ -99.730284666964991, 20.466883635308331 ], [ -99.733912671802102, 20.467626457492251 ], [ -99.73350389586993, 20.464697962626545 ], [ -99.738361667109217, 20.462017412471614 ], [ -99.738011077816239, 20.460078832595816 ], [ -99.732393762753546, 20.459005917375439 ], [ -99.733155739086286, 20.454798919659012 ], [ -99.730991391713275, 20.452530152086634 ], [ -99.734970980436344, 20.450385792954417 ], [ -99.731520179281446, 20.445600898378643 ], [ -99.738131946996532, 20.445766530335053 ], [ -99.737722927306478, 20.443704202708233 ], [ -99.742110968093954, 20.444818144596244 ], [ -99.743869375270904, 20.431702046179314 ], [ -99.76107172315038, 20.41945203689593 ], [ -99.767389718869296, 20.421225190503339 ], [ -99.766102057511972, 20.427824614710779 ], [ -99.777568705200906, 20.440939446532816 ], [ -99.772302701426341, 20.44419854266512 ], [ -99.775988612808945, 20.45504565252994 ], [ -99.783712606316655, 20.457189159746672 ], [ -99.78634600633238, 20.461725647626022 ], [ -99.796235018979431, 20.458382503039729 ], [ -99.803491154985096, 20.459617840687191 ], [ -99.809052453624602, 20.47132971949377 ], [ -99.823391838806842, 20.477882295446129 ], [ -99.830590200814271, 20.478085362077479 ], [ -99.83449023656307, 20.486680139261921 ], [ -99.82673102648242, 20.510431892367649 ], [ -99.811914275865135, 20.518608273460782 ], [ -99.815329675850009, 20.525546327715595 ], [ -99.812400446673152, 20.535006589668196 ], [ -99.816350510645179, 20.540830529157876 ], [ -99.814016846373292, 20.54321060517665 ], [ -99.786804496475256, 20.553439636829616 ], [ -99.779457770215899, 20.559957284590759 ], [ -99.777509947992868, 20.558241100097167 ], [ -99.774956143657334, 20.560039729696481 ], [ -99.770794650697297, 20.55881451259739 ], [ -99.753907039757436, 20.563730031158176 ], [ -99.748591965802859, 20.560278754675672 ], [ -99.741271404698026, 20.560214652012455 ], [ -99.731132438723591, 20.567275547976628 ], [ -99.728378164869184, 20.573998260337333 ], [ -99.712917190970813, 20.576429354422235 ], [ -99.711685594924603, 20.580801125622958 ], [ -99.69669735855723, 20.573001985427751 ], [ -99.694001899202931, 20.576177088181808 ], [ -99.695053689773644, 20.580631934501156 ], [ -99.684923692272861, 20.578112601023275 ], [ -99.678829185386775, 20.584503385112715 ], [ -99.68058395998213, 20.58805119644385 ], [ -99.671564068077117, 20.589037401089261 ], [ -99.668398804118922, 20.592871849069393 ], [ -99.662657842421908, 20.594601476407139 ], [ -99.657498266801767, 20.601816907629512 ], [ -99.648303290610201, 20.60082203351574 ], [ -99.643204779147638, 20.604077488807533 ], [ -99.634710957932356, 20.604897131583712 ], [ -99.62469922374126, 20.600477054854057 ], [ -99.622827170221726, 20.598207193922477 ], [ -99.624647697574275, 20.593258961016353 ], [ -99.620374900927388, 20.590533650204435 ], [ -99.612932167006335, 20.594900141296336 ], [ -99.607356557455333, 20.605454754341299 ], [ -99.593352803043999, 20.60936132267765 ], [ -99.593873201491718, 20.615136247731996 ], [ -99.589180490990756, 20.62053530495233 ], [ -99.58022154446013, 20.617557223352087 ], [ -99.579155148469908, 20.627001585729744 ], [ -99.574757256628658, 20.630255745787636 ], [ -99.573669860822022, 20.634998145569462 ], [ -99.567579444770132, 20.636360576547116 ], [ -99.565792369221057, 20.640386070705198 ], [ -99.556343508386746, 20.643311649389084 ], [ -99.553767731584088, 20.641823948373641 ], [ -99.546968464039978, 20.643878598609625 ], [ -99.539177324484143, 20.643085804758993 ], [ -99.536706103855607, 20.649888495891798 ], [ -99.5326035442868, 20.650625936554892 ], [ -99.527143209443011, 20.657672275775379 ], [ -99.52310570595391, 20.65428493455299 ], [ -99.516835273119781, 20.654854222040228 ], [ -99.513734426024016, 20.652127832041458 ], [ -99.511577126400027, 20.661899082405274 ], [ -99.494593391213428, 20.657007438183605 ], [ -99.495878479040584, 20.653369880619412 ], [ -99.489378103915101, 20.651338611128178 ], [ -99.492475443397922, 20.644270720517145 ], [ -99.486562285447036, 20.644017752141785 ], [ -99.481349752460886, 20.64111894925157 ], [ -99.481814877013576, 20.63669516292277 ], [ -99.479296243774712, 20.634790959237055 ], [ -99.461788491116167, 20.627952178412649 ], [ -99.459331012197168, 20.629893076256121 ], [ -99.456811881031243, 20.626417319092319 ], [ -99.450197467296476, 20.627072026908692 ], [ -99.448908829316338, 20.625499444131417 ], [ -99.450190583660941, 20.613799360116175 ], [ -99.452910051205336, 20.606667561666431 ], [ -99.456178246455096, 20.604872847789231 ], [ -99.455275631285332, 20.601036446783599 ], [ -99.461700300745449, 20.598356255455769 ], [ -99.458440200271355, 20.592137521285817 ], [ -99.458886174448679, 20.588582602411847 ], [ -99.463250682147986, 20.584303107825608 ], [ -99.463737228608224, 20.577939081551563 ], [ -99.476198200272336, 20.576297708051268 ], [ -99.488725924208651, 20.566971996791747 ], [ -99.486877988692967, 20.552897204372737 ], [ -99.482220997571787, 20.547926259002359 ], [ -99.481783723138037, 20.543674196317895 ], [ -99.474959276310884, 20.5383851899165 ], [ -99.473611675502795, 20.529057600185535 ], [ -99.486682971416727, 20.513863306756988 ], [ -99.482315541601636, 20.508229719183763 ], [ -99.48397688454962, 20.502684895520002 ], [ -99.486495157575021, 20.502959346734556 ], [ -99.486166120185445, 20.497343506737 ], [ -99.480066847193967, 20.495313672581776 ], [ -99.470598504826839, 20.497185904258661 ], [ -99.467424026408224, 20.494932240126484 ], [ -99.475559488310665, 20.488032705723416 ], [ -99.496534866491942, 20.476226616389908 ], [ -99.503086695165024, 20.477927222675966 ], [ -99.52012860956718, 20.471474846539667 ], [ -99.52664170393183, 20.461089051283139 ], [ -99.529569411467563, 20.460020379331578 ], [ -99.534481612392995, 20.462171434505329 ], [ -99.534489783604201, 20.457015504432206 ], [ -99.536420484311677, 20.457265414507752 ], [ -99.536934464187411, 20.465350514873617 ], [ -99.550083895593033, 20.477369140480981 ], [ -99.546392817626639, 20.48000465509617 ] ] ] } },
{ "type": "Feature", "properties": { "cve_edo": "13", "cve_mpo_ine": "060", "cve_edo_mpo_ine": "13060", "nom_mpo": "TENANGO DE DORIA", "nom_edo": "Hidalgo", "alianza_ganadora": "Va por México", "margen_pp": 3.8262113355980691, "por_participacion": 43.286123365064618 }, "geometry": { "type": "Polygon", "coordinates": [ [ [ -98.257295233806218, 20.383373549695964 ], [ -98.243068517514004, 20.378613445214615 ], [ -98.237179245386713, 20.384536922808817 ], [ -98.23175651750114, 20.385904279883899 ], [ -98.22505125147454, 20.385159281373678 ], [ -98.219396556765204, 20.379361151314406 ], [ -98.214264608742283, 20.384248385612008 ], [ -98.208726042843765, 20.382011764145417 ], [ -98.204934852742724, 20.386567420468296 ], [ -98.198928832908322, 20.387602376180972 ], [ -98.191405032989465, 20.393151323631201 ], [ -98.188953287019501, 20.400108938297251 ], [ -98.183412373575649, 20.402965730315753 ], [ -98.182418819453702, 20.408059758814641 ], [ -98.179853279150834, 20.407313749828333 ], [ -98.175361636611427, 20.410170484584047 ], [ -98.175364115530982, 20.405034861454844 ], [ -98.171226859344301, 20.399028483637384 ], [ -98.161200962169332, 20.39248186783631 ], [ -98.158696574222063, 20.387511119912052 ], [ -98.143650550101469, 20.391522948127335 ], [ -98.137638648940566, 20.399969237254307 ], [ -98.126910671846971, 20.398224629641792 ], [ -98.124221511173545, 20.406672075346091 ], [ -98.112672976297958, 20.409316215026585 ], [ -98.107368761041229, 20.406662381803205 ], [ -98.106962973896373, 20.404052940231669 ], [ -98.112385856967407, 20.404304741010286 ], [ -98.116061694498001, 20.401863355228279 ], [ -98.115830667148529, 20.399295443666286 ], [ -98.105630488202209, 20.394692154084591 ], [ -98.098645617067859, 20.382097241737537 ], [ -98.095730350801048, 20.382136686390641 ], [ -98.102092022840893, 20.375307324255093 ], [ -98.109962878094933, 20.375229402577972 ], [ -98.105538996091141, 20.367564758288555 ], [ -98.106415495342787, 20.365370263104804 ], [ -98.115453242193624, 20.363636155514179 ], [ -98.113065741759954, 20.360528589362666 ], [ -98.116450501716898, 20.356347504148516 ], [ -98.115829919630428, 20.35278704583089 ], [ -98.126700423412586, 20.346076286798958 ], [ -98.12417866612661, 20.339897110494508 ], [ -98.127609845166859, 20.336778527805127 ], [ -98.140373854280156, 20.332771414678998 ], [ -98.144912727080069, 20.335073120613643 ], [ -98.146722833885804, 20.330145268055986 ], [ -98.15196819427284, 20.330727014806222 ], [ -98.159893206752926, 20.33408435143885 ], [ -98.160647512777032, 20.340214224825548 ], [ -98.16595272472648, 20.338600505733634 ], [ -98.174052543784498, 20.34361393386251 ], [ -98.179007584638597, 20.342952321675106 ], [ -98.180766361654776, 20.319510793700374 ], [ -98.178536334098084, 20.308875211560338 ], [ -98.180880890623669, 20.302562140416921 ], [ -98.177846622192547, 20.2945586574494 ], [ -98.189747822893253, 20.294658178718397 ], [ -98.193486329612483, 20.290470093475104 ], [ -98.206845154880881, 20.29552851157559 ], [ -98.215770356481158, 20.291165600599129 ], [ -98.23057088923089, 20.295057877042765 ], [ -98.236368882924239, 20.304519076942558 ], [ -98.246217751654697, 20.301245465129504 ], [ -98.252103670920491, 20.301948317197461 ], [ -98.258397108843639, 20.296479650270673 ], [ -98.255774164023848, 20.286995703264598 ], [ -98.260202660561603, 20.285959089460771 ], [ -98.267193281839099, 20.272579084066148 ], [ -98.281161173643227, 20.265133057858904 ], [ -98.283291883123852, 20.260167641218228 ], [ -98.280887084814381, 20.256955989345322 ], [ -98.290346933647029, 20.254998023293702 ], [ -98.299844105894039, 20.256804757435901 ], [ -98.302077742737083, 20.257816433851524 ], [ -98.288455558389614, 20.264907073192397 ], [ -98.288634869671313, 20.277112365870106 ], [ -98.294725541944743, 20.289340342117264 ], [ -98.291945287387421, 20.292265213435321 ], [ -98.298627390960831, 20.305024998042018 ], [ -98.303870942283041, 20.308447382672899 ], [ -98.31364254437338, 20.308098920414814 ], [ -98.319885706445291, 20.311924364497791 ], [ -98.317318770955694, 20.312778426591311 ], [ -98.311328066117497, 20.322440202437043 ], [ -98.293488769596934, 20.330802158177931 ], [ -98.291275234794128, 20.335773280209892 ], [ -98.294252282633977, 20.350102433022801 ], [ -98.287200805624934, 20.358927467012673 ], [ -98.280849120747604, 20.372514920700315 ], [ -98.275777334402818, 20.375954407106594 ], [ -98.273619138834107, 20.370115302646607 ], [ -98.270237298827922, 20.367879876311182 ], [ -98.261317732558894, 20.374592084591328 ], [ -98.257295233806218, 20.383373549695964 ] ] ] } },
{ "type": "Feature", "properties": { "cve_edo": "13", "cve_mpo_ine": "061", "cve_edo_mpo_ine": "13061", "nom_mpo": "TEPEAPULCO", "nom_edo": "Hidalgo", "alianza_ganadora": "Juntos Haremos Historia", "margen_pp": 24.344848123883263, "por_participacion": 44.585085195839788 }, "geometry": { "type": "Polygon", "coordinates": [ [ [ -98.38622868440342, 19.884417612111648 ], [ -98.384709418938243, 19.848765804397463 ], [ -98.386631173201977, 19.847734769669415 ], [ -98.386515905232201, 19.84123715938556 ], [ -98.384525049474163, 19.837484750529228 ], [ -98.40095787113799, 19.818694668523491 ], [ -98.401540182876829, 19.820240940562407 ], [ -98.429891676736204, 19.807128428999786 ], [ -98.451779144909125, 19.801865011801109 ], [ -98.456318804732092, 19.798271180817647 ], [ -98.457852010177646, 19.792428575642546 ], [ -98.462429926811609, 19.794638091188041 ], [ -98.465745544328868, 19.787276185667434 ], [ -98.464696054379303, 19.781729058100542 ], [ -98.475000280923354, 19.786544024861701 ], [ -98.482390635821758, 19.781877318436283 ], [ -98.488213039761177, 19.785816496027099 ], [ -98.495777669730131, 19.78127360699105 ], [ -98.496298690840419, 19.775769961539247 ], [ -98.493503781154175, 19.773490280078192 ], [ -98.494314623063516, 19.765545243325484 ], [ -98.500714913852718, 19.762407775396099 ], [ -98.503254234975913, 19.764697337909467 ], [ -98.503856675172202, 19.76067334075648 ], [ -98.526551186866911, 19.756643092490886 ], [ -98.535385942998147, 19.741960243570407 ], [ -98.533755077876719, 19.739972058182417 ], [ -98.536072287146894, 19.726399783659872 ], [ -98.533623004035917, 19.719154738136812 ], [ -98.534928770050755, 19.713110399319103 ], [ -98.552592401453339, 19.720952665924404 ], [ -98.560272845725706, 19.721083673590375 ], [ -98.566792085626531, 19.723779335072855 ], [ -98.567205679871051, 19.720101254218108 ], [ -98.580506075909867, 19.725331363910019 ], [ -98.601726104562715, 19.714565067947508 ], [ -98.612076410551609, 19.728335333771792 ], [ -98.623840257721014, 19.728174428610259 ], [ -98.616090746812517, 19.736022682595134 ], [ -98.630504379642304, 19.739765726515543 ], [ -98.626262372986773, 19.757008565442479 ], [ -98.602941360598507, 19.7640618002035 ], [ -98.597859518193786, 19.763586640927734 ], [ -98.588091308957999, 19.780954058468218 ], [ -98.581132842823891, 19.823426315051762 ], [ -98.575570166595114, 19.823795267207469 ], [ -98.573363011699897, 19.83688017836139 ], [ -98.568881688829109, 19.842919834562018 ], [ -98.562659156318162, 19.84649488475841 ], [ -98.559578269765964, 19.852009743895277 ], [ -98.554750782494324, 19.854049174387427 ], [ -98.543407249540692, 19.853823717059548 ], [ -98.528164955776845, 19.846150111707452 ], [ -98.514204316982983, 19.844146904675959 ], [ -98.50061531147611, 19.868173355925698 ], [ -98.489867465221721, 19.874782126446188 ], [ -98.487013957814867, 19.875471264304998 ], [ -98.482510003432083, 19.871931135987765 ], [ -98.468612516647383, 19.872812050954902 ], [ -98.461382222206822, 19.868719416495846 ], [ -98.457137817514948, 19.868945677781237 ], [ -98.456916308699505, 19.874530966108892 ], [ -98.462108106562411, 19.879151199136007 ], [ -98.4622984596094, 19.884159287538434 ], [ -98.451338667703354, 19.888033435720292 ], [ -98.44253344639921, 19.877766027444174 ], [ -98.437370258699488, 19.876662765668659 ], [ -98.437628231204812, 19.880471180415324 ], [ -98.44921760213289, 19.898243401259283 ], [ -98.44448058562979, 19.901611703599549 ], [ -98.431028629101064, 19.90443687679883 ], [ -98.417932913854173, 19.919718533867201 ], [ -98.413046578446412, 19.920064371964752 ], [ -98.405987511495724, 19.916260092763977 ], [ -98.39832987960763, 19.907858982049579 ], [ -98.394342410556931, 19.917109494347528 ], [ -98.374976318453506, 19.912693813349215 ], [ -98.371881805446662, 19.90986617150303 ], [ -98.367980340928767, 19.905430399658549 ], [ -98.38622868440342, 19.884417612111648 ] ] ] } },
{ "type": "Feature", "properties": { "cve_edo": "13", "cve_mpo_ine": "062", "cve_edo_mpo_ine": "13062", "nom_mpo": "TEPEHUACAN DE GUERRERO", "nom_edo": "Hidalgo", "alianza_ganadora": "Va por México", "margen_pp": 28.005657708628007, "por_participacion": 59.987023357955685 }, "geometry": { "type": "Polygon", "coordinates": [ [ [ -98.94263992438735, 21.013681713495785 ], [ -98.938396560786401, 21.021353365603407 ], [ -98.944317659803076, 21.020823165189665 ], [ -98.947393822320876, 21.016560193425565 ], [ -98.962221924177683, 21.013568505288283 ], [ -98.95841956128173, 21.017273595197778 ], [ -98.95814207491118, 21.022441718771475 ], [ -98.970354143964741, 21.023405923673771 ], [ -98.967405658527795, 21.029495610185108 ], [ -98.973414949087712, 21.034453138581981 ], [ -98.961952748114726, 21.029969339291966 ], [ -98.958366098587021, 21.031587013028975 ], [ -98.957587511068326, 21.035939806945134 ], [ -98.963344327617307, 21.038867549949977 ], [ -98.964000299906019, 21.043390154240601 ], [ -98.959327301924986, 21.045113769079975 ], [ -98.954350994636513, 21.041608767302595 ], [ -98.946593318316545, 21.046180861794856 ], [ -98.944082431072459, 21.052356199739794 ], [ -98.940295504935236, 21.054992179356802 ], [ -98.942313667938222, 21.067285203348721 ], [ -98.936847343041052, 21.073310429317264 ], [ -98.937690246359921, 21.075899470806572 ], [ -98.932176740721545, 21.076237214669554 ], [ -98.929146993394951, 21.078901986916541 ], [ -98.927187558095184, 21.083288248418214 ], [ -98.928648888539101, 21.089746089476527 ], [ -98.918855391639681, 21.097911107963892 ], [ -98.913151647313512, 21.096601288253439 ], [ -98.906087847780597, 21.10132063479892 ], [ -98.900577318578826, 21.094815569203426 ], [ -98.892960122234385, 21.096406831340058 ], [ -98.890566347046416, 21.097993775505405 ], [ -98.889748723126402, 21.105914190492101 ], [ -98.882097463143126, 21.110720034642753 ], [ -98.871243244467976, 21.103806622637936 ], [ -98.879448073900861, 21.117172406169576 ], [ -98.878522850479669, 21.118952611178649 ], [ -98.872005926481933, 21.118802414574361 ], [ -98.869458909943475, 21.123399061499128 ], [ -98.87242149846054, 21.126918233366773 ], [ -98.882964452305359, 21.131361351842948 ], [ -98.874701397514073, 21.140705752413481 ], [ -98.868601519519856, 21.141458568061285 ], [ -98.866922535910604, 21.136939236668557 ], [ -98.857418264403051, 21.13776184939924 ], [ -98.849345538968095, 21.133873376528484 ], [ -98.841715161073424, 21.13406109750327 ], [ -98.841111395189216, 21.13958895073522 ], [ -98.845600387187503, 21.150844193304295 ], [ -98.840980055431231, 21.160939338608436 ], [ -98.83570647167852, 21.162384687545682 ], [ -98.831160685550685, 21.159125342978601 ], [ -98.797278827738538, 21.16536132905857 ], [ -98.796254942085142, 21.161484036343019 ], [ -98.793004129031587, 21.161131852548969 ], [ -98.788117115685992, 21.167613593253254 ], [ -98.790356172181234, 21.172533181989529 ], [ -98.789383346879205, 21.179803282477582 ], [ -98.797699851658464, 21.178576834924705 ], [ -98.806873803574106, 21.18959446202954 ], [ -98.807562370977706, 21.193389829772851 ], [ -98.795616549202279, 21.190785828381912 ], [ -98.797318899040306, 21.185284649595761 ], [ -98.795653885030433, 21.183491925833543 ], [ -98.787979152101045, 21.187628550029789 ], [ -98.779917922030904, 21.185545722288392 ], [ -98.775154066655617, 21.181826253784031 ], [ -98.774693190045951, 21.17850773164432 ], [ -98.770633543127019, 21.177362248861154 ], [ -98.764826683731698, 21.178733278653361 ], [ -98.762633163040007, 21.186427428473745 ], [ -98.745924767736241, 21.184575181993182 ], [ -98.744671330353512, 21.180829814583458 ], [ -98.755355207324826, 21.170127637345232 ], [ -98.765838581755546, 21.175114682092886 ], [ -98.769985812496856, 21.172568004466953 ], [ -98.764659798061089, 21.1652933167308 ], [ -98.754389057466298, 21.162920222747591 ], [ -98.750447144733315, 21.164627903542257 ], [ -98.744802850207165, 21.161564536015984 ], [ -98.740847561730604, 21.149793834689536 ], [ -98.741586632188586, 21.135958680762602 ], [ -98.73514051618767, 21.131839175352447 ], [ -98.737370784386528, 21.130020367726267 ], [ -98.744671902071786, 21.133363494429389 ], [ -98.743198826701104, 21.125132291896875 ], [ -98.749097766576753, 21.123860988916256 ], [ -98.749377243107674, 21.121813555834038 ], [ -98.748274688851495, 21.118978569041733 ], [ -98.739841155482836, 21.118500847381835 ], [ -98.738820568670562, 21.114664755671612 ], [ -98.753606881791256, 21.105245042733728 ], [ -98.753967268353236, 21.098910084129827 ], [ -98.760855341036915, 21.097356851990497 ], [ -98.757615045581005, 21.090721944826278 ], [ -98.757837825757917, 21.085473023360358 ], [ -98.761020985333118, 21.083997544151476 ], [ -98.766976074523313, 21.087591072116652 ], [ -98.76927332817499, 21.084396786564675 ], [ -98.772308331723181, 21.08533875134588 ], [ -98.777621061964652, 21.080923616099874 ], [ -98.778672075833597, 21.074191782073516 ], [ -98.783444571573469, 21.072747623427951 ], [ -98.778610922743113, 21.067620733363757 ], [ -98.772231020000973, 21.066911855678818 ], [ -98.767774805189276, 21.060815644229834 ], [ -98.755639310867622, 21.060375174304355 ], [ -98.75691905198174, 21.058337063943316 ], [ -98.754741949725883, 21.051792637090294 ], [ -98.759384399829202, 21.043489100355906 ], [ -98.757623934928489, 21.033811159527318 ], [ -98.752676411324146, 21.028728870851456 ], [ -98.749637883415446, 21.01293503099863 ], [ -98.738620106095951, 21.010751854555526 ], [ -98.739604650337483, 21.003772786897486 ], [ -98.7465203380372, 21.001470226250657 ], [ -98.747424839173362, 20.998820215185923 ], [ -98.744695895447563, 20.998159236726593 ], [ -98.75598795385342, 20.990015956684204 ], [ -98.751433011612775, 20.981093661876901 ], [ -98.74636499213031, 20.982421758003724 ], [ -98.743060082206313, 20.975539085269247 ], [ -98.742347959076611, 20.970445014264222 ], [ -98.748446310570742, 20.966712541234063 ], [ -98.744137339580092, 20.959695824471179 ], [ -98.747201462582879, 20.954979378116178 ], [ -98.745726407437601, 20.953196411064933 ], [ -98.748561998496982, 20.951940228875522 ], [ -98.751974932846636, 20.953660709407306 ], [ -98.757416326181996, 20.948035365122376 ], [ -98.763119715868214, 20.94805921922984 ], [ -98.762445651480036, 20.945668085214166 ], [ -98.76530643485394, 20.945118030628926 ], [ -98.765138750261897, 20.9567719774208 ], [ -98.770919338205189, 20.967068758263881 ], [ -98.774289155373452, 20.969206227929842 ], [ -98.788945764091864, 20.966401517593958 ], [ -98.806859444518039, 20.969105819826392 ], [ -98.817624201529213, 20.974080121123443 ], [ -98.820508938919261, 20.970949026083879 ], [ -98.81823430043697, 20.966613392329872 ], [ -98.821684072799542, 20.966084787861266 ], [ -98.833219730608576, 20.969618464166196 ], [ -98.838830540701835, 20.975558539465453 ], [ -98.842848107502391, 20.97188114004388 ], [ -98.851307527132505, 20.975432651728163 ], [ -98.855635297157292, 20.974791344037303 ], [ -98.859419216515164, 20.973751770708393 ], [ -98.858213423238055, 20.971336827721867 ], [ -98.862091033608948, 20.974454397366351 ], [ -98.854881454528424, 20.979891635241611 ], [ -98.858809606048965, 20.981177100834437 ], [ -98.86616280431582, 20.989255893926266 ], [ -98.873393402616415, 20.989184268340551 ], [ -98.877259858660125, 20.995172483886638 ], [ -98.896759324357276, 20.988121718128465 ], [ -98.901482452069445, 20.996577268306854 ], [ -98.904517501441475, 20.992774081447418 ], [ -98.914870535036158, 20.99284686395611 ], [ -98.918562043401508, 20.989312846942127 ], [ -98.928434306005343, 20.985947673867781 ], [ -98.933715616621114, 20.993551757028655 ], [ -98.93118341169226, 21.006117078099582 ], [ -98.934862468080283, 21.011735880159328 ], [ -98.94263992438735, 21.013681713495785 ] ] ] } },
{ "type": "Feature", "properties": { "cve_edo": "13", "cve_mpo_ine": "063", "cve_edo_mpo_ine": "13063", "nom_mpo": "TEPEJI DEL RIO DE OCAMPO", "nom_edo": "Hidalgo", "alianza_ganadora": "Juntos Haremos Historia", "margen_pp": 27.521892022340204, "por_participacion": 44.689931438255911 }, "geometry": { "type": "Polygon", "coordinates": [ [ [ -99.440553399724564, 20.01266061987058 ], [ -99.430003881344092, 20.016177612602718 ], [ -99.424642237282342, 20.015021806432916 ], [ -99.416542248212068, 20.011221067269471 ], [ -99.415143144755277, 20.01246142585078 ], [ -99.414386943476714, 20.007832101878236 ], [ -99.402674532271107, 20.003576780253383 ], [ -99.386472843173166, 20.004735866893601 ], [ -99.390667034200064, 20.008662377616449 ], [ -99.38874313016251, 20.010109248764941 ], [ -99.3808200808854, 20.004364101273218 ], [ -99.37644915398856, 20.004529509415693 ], [ -99.364913619250302, 19.998948948449048 ], [ -99.356638887635754, 19.998286878920865 ], [ -99.353671064938609, 19.99221027538815 ], [ -99.358801881254976, 19.988077342634405 ], [ -99.362472241836798, 19.989276380691702 ], [ -99.362881682914661, 19.986878978056289 ], [ -99.365620055211991, 19.98749918808722 ], [ -99.367544409190288, 19.985225864187932 ], [ -99.363872483493935, 19.976645162574449 ], [ -99.359684156491767, 19.975676895034454 ], [ -99.363121877619832, 19.975759855490775 ], [ -99.364176768106475, 19.966170179082379 ], [ -99.351075044886429, 19.955504290446012 ], [ -99.344023218973291, 19.958603277144068 ], [ -99.344196587246088, 19.960463396171885 ], [ -99.332894571058645, 19.959510257600094 ], [ -99.327995605705581, 19.965295926668546 ], [ -99.316630352934595, 19.969384650849207 ], [ -99.314477709437128, 19.966035748636138 ], [ -99.312263317232564, 19.966406978498782 ], [ -99.311509317873472, 19.962851861961429 ], [ -99.307834173385658, 19.967480038537605 ], [ -99.30387368779958, 19.965990387316815 ], [ -99.302366780703807, 19.958218705943338 ], [ -99.298468221173735, 19.953504788799631 ], [ -99.28636961964645, 19.956593823504225 ], [ -99.278755478413061, 19.960599237249784 ], [ -99.279568722632774, 19.963282157469468 ], [ -99.268409599189326, 19.96311865186961 ], [ -99.258006950427898, 19.959941116783291 ], [ -99.250282009918962, 19.945617901549959 ], [ -99.24790351965558, 19.934018774260341 ], [ -99.256446799418455, 19.930427420137026 ], [ -99.260517061604659, 19.921057074359382 ], [ -99.271498859594317, 19.921468801584112 ], [ -99.273939827099511, 19.918744122599065 ], [ -99.270977081834744, 19.91610271596447 ], [ -99.270455781687374, 19.908755274949971 ], [ -99.267725324790931, 19.907599793772416 ], [ -99.268946081861543, 19.904792747707432 ], [ -99.263079076009063, 19.900995711125251 ], [ -99.25889969000896, 19.888612518709621 ], [ -99.2539046032295, 19.885723237126676 ], [ -99.250881424330473, 19.892575482944576 ], [ -99.246523042688764, 19.895960286540369 ], [ -99.239670707662754, 19.888736347651388 ], [ -99.237000162553798, 19.875173231848979 ], [ -99.245443046047143, 19.881895942140854 ], [ -99.253932799940273, 19.881795659762123 ], [ -99.266152715714313, 19.876529695290419 ], [ -99.306720369199837, 19.82043861020486 ], [ -99.31715618246993, 19.822642896147887 ], [ -99.323554333772108, 19.81601002785505 ], [ -99.323109641901794, 19.797584735942564 ], [ -99.347126521667789, 19.763785393514166 ], [ -99.362555751317188, 19.763112959478629 ], [ -99.3715335784687, 19.766489300901306 ], [ -99.376318247278462, 19.764619548470407 ], [ -99.383643232697324, 19.75502847931666 ], [ -99.390687483676672, 19.760352943972624 ], [ -99.392963579385338, 19.771507237978224 ], [ -99.397915107699319, 19.771254950312397 ], [ -99.399349769689948, 19.773901347791071 ], [ -99.393418907291547, 19.783829588473591 ], [ -99.392399520484673, 19.791876217077736 ], [ -99.389301080427146, 19.796365694587784 ], [ -99.383385384907555, 19.799138769526945 ], [ -99.379347088309771, 19.818152485731719 ], [ -99.368789643222996, 19.827060040188488 ], [ -99.360888547005146, 19.838858167460643 ], [ -99.36319791445618, 19.842301536194551 ], [ -99.360462901773332, 19.847646573460015 ], [ -99.374513983288779, 19.847378064105012 ], [ -99.381414581704334, 19.843655850435184 ], [ -99.386339999989502, 19.847255746785393 ], [ -99.393877152796506, 19.85916622025335 ], [ -99.394445859332052, 19.873052020355168 ], [ -99.406217833784495, 19.876503771645201 ], [ -99.428127778170747, 19.894085461849532 ], [ -99.463119944204848, 19.892414433715274 ], [ -99.471417664430263, 19.898995891207871 ], [ -99.477379670567444, 19.89898289025432 ], [ -99.480165848701162, 19.90401971974805 ], [ -99.483252730185242, 19.904667148817129 ], [ -99.479427985082282, 19.937767767434515 ], [ -99.457991475982837, 19.969991006726641 ], [ -99.452593194691474, 19.973021805554726 ], [ -99.448410085802848, 19.98016372174348 ], [ -99.44884131177399, 19.983209076642698 ], [ -99.445246112841957, 19.984361264153321 ], [ -99.445017532444069, 19.992433577203094 ], [ -99.437455725667448, 19.998966849453822 ], [ -99.440553399724564, 20.01266061987058 ] ] ] } },
{ "type": "Feature", "properties": { "cve_edo": "13", "cve_mpo_ine": "064", "cve_edo_mpo_ine": "13064", "nom_mpo": "TEPETITLAN", "nom_edo": "Hidalgo", "alianza_ganadora": "Va por México", "margen_pp": 15.790513833992096, "por_participacion": 62.523168170023482 }, "geometry": { "type": "Polygon", "coordinates": [ [ [ -99.363383489480981, 20.103414346582497 ], [ -99.366134792314497, 20.100725104115291 ], [ -99.374573239203997, 20.109612231094559 ], [ -99.380098706459492, 20.112010151387317 ], [ -99.376783542742444, 20.114946621196978 ], [ -99.378704467806458, 20.118221539951641 ], [ -99.384410758163739, 20.117355693796405 ], [ -99.39416760145005, 20.122871454889424 ], [ -99.401333372001801, 20.132716642243807 ], [ -99.412991561473362, 20.138781475830289 ], [ -99.427426035969404, 20.139686567084023 ], [ -99.440552756438564, 20.16025835691012 ], [ -99.451584588667217, 20.163564083576734 ], [ -99.456457600846107, 20.161676170931347 ], [ -99.459525443406136, 20.163571101447573 ], [ -99.467824322909749, 20.160559116842432 ], [ -99.471421650389573, 20.165459267347625 ], [ -99.467263825637204, 20.17199915314097 ], [ -99.466919139110345, 20.176836925375095 ], [ -99.458137090364787, 20.184408989472828 ], [ -99.458678584500674, 20.193599579828106 ], [ -99.462731454846974, 20.196740893129622 ], [ -99.466095291174028, 20.204178751314366 ], [ -99.469702207230014, 20.205412416379644 ], [ -99.469041016386996, 20.20714402155166 ], [ -99.449472061105809, 20.223675805148385 ], [ -99.436464220253811, 20.243329988965094 ], [ -99.430476382567818, 20.249897549674326 ], [ -99.424397107738116, 20.251696635503666 ], [ -99.4175556935418, 20.262760986301231 ], [ -99.410418625817726, 20.263685087480106 ], [ -99.407627508372926, 20.276034524826017 ], [ -99.39924910787191, 20.269907189150604 ], [ -99.399587125440135, 20.265855619404956 ], [ -99.389032546255606, 20.253960279325703 ], [ -99.366489524181645, 20.258661676732711 ], [ -99.359813907102833, 20.255036891772686 ], [ -99.337377575719401, 20.253493863107476 ], [ -99.343923665650294, 20.251508806775384 ], [ -99.346505192408799, 20.24490916745836 ], [ -99.358970883418053, 20.235920906886637 ], [ -99.354756166453313, 20.231253343219688 ], [ -99.360149695146077, 20.21796785142411 ], [ -99.356146900412156, 20.208778104004629 ], [ -99.361614744098375, 20.200155979091246 ], [ -99.361507126224197, 20.197102879514699 ], [ -99.342464532304575, 20.185896317554665 ], [ -99.343822823970854, 20.178387525489669 ], [ -99.347266184349962, 20.180435778027761 ], [ -99.350070736674382, 20.179032808558077 ], [ -99.344879575763031, 20.17396717014817 ], [ -99.347259656871046, 20.164446357022179 ], [ -99.343840235661531, 20.156490250846502 ], [ -99.345067718270087, 20.14788311442156 ], [ -99.341277369676192, 20.144510299708681 ], [ -99.340223515852074, 20.137012338996744 ], [ -99.348719649525762, 20.135324112567023 ], [ -99.348334418512636, 20.133141757304227 ], [ -99.351439155204275, 20.132138284758401 ], [ -99.365814767664702, 20.129715518859108 ], [ -99.368610515233684, 20.125713006168269 ], [ -99.363383489480981, 20.103414346582497 ] ] ] } },
{ "type": "Feature", "properties": { "cve_edo": "13", "cve_mpo_ine": "065", "cve_edo_mpo_ine": "13065", "nom_mpo": "TETEPANGO", "nom_edo": "Hidalgo", "alianza_ganadora": "Juntos Haremos Historia", "margen_pp": 19.979994998749689, "por_participacion": 43.988560114398858 }, "geometry": { "type": "Polygon", "coordinates": [ [ [ -99.22885755402676, 20.146206603308546 ], [ -99.224409321094825, 20.150986094585985 ], [ -99.217813714655335, 20.147217144297226 ], [ -99.211581215001488, 20.159575742135424 ], [ -99.208659208720746, 20.159934542615396 ], [ -99.190491009878713, 20.153720067712278 ], [ -99.185564790072519, 20.156552888307495 ], [ -99.179479227199522, 20.151324206337694 ], [ -99.177268365450985, 20.152716330784912 ], [ -99.104040622175489, 20.140805903450921 ], [ -99.105399822049336, 20.137717742639268 ], [ -99.125443981129976, 20.123374072444037 ], [ -99.127285179471386, 20.117234373820366 ], [ -99.122271917935308, 20.108751486907178 ], [ -99.13357898475283, 20.103021399326089 ], [ -99.132905762548376, 20.096030296631614 ], [ -99.136341602318339, 20.081005064362692 ], [ -99.13554275095872, 20.065691156301551 ], [ -99.13019537869161, 20.049653473242948 ], [ -99.15270869001553, 20.043713890781362 ], [ -99.154443863697267, 20.047083095321085 ], [ -99.159352003351216, 20.048061126370452 ], [ -99.166659896992527, 20.058434060811447 ], [ -99.173514877423358, 20.061125376242785 ], [ -99.179421637233773, 20.066926562070332 ], [ -99.185855200261258, 20.068589058969987 ], [ -99.188744488650414, 20.072767083585269 ], [ -99.174835758673368, 20.085450778266491 ], [ -99.170006871179737, 20.094720832112742 ], [ -99.179991707712446, 20.096315316031806 ], [ -99.190270094675014, 20.10808210970395 ], [ -99.176051585219241, 20.114619501754404 ], [ -99.171649176245708, 20.119509789347021 ], [ -99.167100911844699, 20.118250561867097 ], [ -99.171557505918557, 20.128917242130541 ], [ -99.154817986706988, 20.134340445639022 ], [ -99.172578096901759, 20.13284320912857 ], [ -99.186248645454839, 20.143924368476437 ], [ -99.195047398443592, 20.148090997363703 ], [ -99.20503289804698, 20.148259643902211 ], [ -99.215336054551642, 20.142734370712684 ], [ -99.222114247360906, 20.142376445037517 ], [ -99.223736500588231, 20.147579268163824 ], [ -99.22885755402676, 20.146206603308546 ] ] ] } },
{ "type": "Feature", "properties": { "cve_edo": "13", "cve_mpo_ine": "066", "cve_edo_mpo_ine": "13066", "nom_mpo": "TEZONTEPEC DE ALDAMA", "nom_edo": "Hidalgo", "alianza_ganadora": "Va por México", "margen_pp": 5.2820094305404428, "por_participacion": 58.08949406094446 }, "geometry": { "type": "Polygon", "coordinates": [ [ [ -99.285181076176457, 20.227660086871442 ], [ -99.279552709737416, 20.231300836415578 ], [ -99.257211697100672, 20.227104026378075 ], [ -99.253130164638648, 20.234082624235182 ], [ -99.240569981838334, 20.233873463858124 ], [ -99.244844062738665, 20.224275184291439 ], [ -99.251953011344554, 20.219568260834805 ], [ -99.249772227035479, 20.216600244954272 ], [ -99.248691601960232, 20.202266416675045 ], [ -99.224494275577868, 20.197063344825917 ], [ -99.223668503234236, 20.190393847871814 ], [ -99.230032292867634, 20.167196980185686 ], [ -99.211581215001488, 20.159575742135424 ], [ -99.217813714655335, 20.147217144297226 ], [ -99.224409321094825, 20.150986094585985 ], [ -99.22885755402676, 20.146206603308546 ], [ -99.240977021957107, 20.144612957238795 ], [ -99.243059987793671, 20.137353995710736 ], [ -99.240873924456778, 20.13113956190476 ], [ -99.242111845856869, 20.127943075607696 ], [ -99.249578215672983, 20.124105730211973 ], [ -99.270498023033952, 20.106159255311464 ], [ -99.291298688725831, 20.093887373016255 ], [ -99.312867331195505, 20.114124651491476 ], [ -99.336638232961306, 20.146474305343524 ], [ -99.340907382411558, 20.14327713264516 ], [ -99.342546638214188, 20.147216858971063 ], [ -99.345067718270087, 20.14788311442156 ], [ -99.343840235661531, 20.156490250846502 ], [ -99.346643627550208, 20.159969890565868 ], [ -99.347294702013272, 20.166633643485376 ], [ -99.344879575763031, 20.17396717014817 ], [ -99.350070736674382, 20.179032808558077 ], [ -99.347266184349962, 20.180435778027761 ], [ -99.343822823970854, 20.178387525489669 ], [ -99.342464532304575, 20.185896317554665 ], [ -99.361507126224197, 20.197102879514699 ], [ -99.361614744098375, 20.200155979091246 ], [ -99.356146900412156, 20.208778104004629 ], [ -99.360149695146077, 20.21796785142411 ], [ -99.354756166453313, 20.231253343219688 ], [ -99.358970883418053, 20.235920906886637 ], [ -99.346505192408799, 20.24490916745836 ], [ -99.343923665650294, 20.251508806775384 ], [ -99.341031682679613, 20.253324467391991 ], [ -99.337377575719401, 20.253493863107476 ], [ -99.332609028354497, 20.250048431741316 ], [ -99.324479575838922, 20.250974653704048 ], [ -99.315266132630441, 20.24809389413517 ], [ -99.309697816274493, 20.250474242543437 ], [ -99.300769567066311, 20.248627102949193 ], [ -99.307941601390269, 20.239535974310019 ], [ -99.299734246694072, 20.235402899370062 ], [ -99.289674547437926, 20.2371818999315 ], [ -99.285181076176457, 20.227660086871442 ] ] ] } },
{ "type": "Feature", "properties": { "cve_edo": "13", "cve_mpo_ine": "067", "cve_edo_mpo_ine": "13067", "nom_mpo": "TIANGUISTENGO", "nom_edo": "Hidalgo", "alianza_ganadora": "Va por México", "margen_pp": 2.6315789473684212, "por_participacion": 47.281105990783409 }, "geometry": { "type": "Polygon", "coordinates": [ [ [ -98.573040218197448, 20.832592889252091 ], [ -98.567472887693498, 20.833258108845275 ], [ -98.565760422633289, 20.831661927206181 ], [ -98.5673657083465, 20.834662807071116 ], [ -98.557346707874999, 20.844406461294867 ], [ -98.549135299310379, 20.844514599939462 ], [ -98.541430858721981, 20.841645481595307 ], [ -98.533022179795026, 20.847080650926078 ], [ -98.529499374830948, 20.846613416084626 ], [ -98.521928324153762, 20.854518612657969 ], [ -98.520795320906032, 20.86034926994175 ], [ -98.510467037123945, 20.868440958714707 ], [ -98.505947673554019, 20.876775448380034 ], [ -98.507221573207417, 20.882917353108567 ], [ -98.505129467062801, 20.885856108097247 ], [ -98.500724790347235, 20.883935480741403 ], [ -98.498238247711029, 20.878779127824604 ], [ -98.489981996907531, 20.880103869171887 ], [ -98.487961270510041, 20.874241948760858 ], [ -98.481522706099284, 20.875763700184844 ], [ -98.47951499315343, 20.872548299672705 ], [ -98.47541500722329, 20.87294132588455 ], [ -98.470125539646773, 20.86961836526152 ], [ -98.467862261437105, 20.874302789825361 ], [ -98.464111084084564, 20.874114830375287 ], [ -98.465357094756442, 20.87741692975122 ], [ -98.461207194167685, 20.87971215370202 ], [ -98.453893709224516, 20.869492631174108 ], [ -98.430856774218697, 20.856535006136372 ], [ -98.425590921057577, 20.84887630171421 ], [ -98.430854477299931, 20.847456174089213 ], [ -98.432163653086661, 20.841742069063773 ], [ -98.443084782467736, 20.834064297771562 ], [ -98.443175100175395, 20.82856619397965 ], [ -98.452626632817697, 20.819369432843903 ], [ -98.452177546560407, 20.811560092258059 ], [ -98.449361870087557, 20.810015141443259 ], [ -98.452265060459013, 20.795120499943845 ], [ -98.454657406805254, 20.789475990642615 ], [ -98.463122784925744, 20.785033490803588 ], [ -98.4598723029425, 20.779640122596149 ], [ -98.464245900368553, 20.775312285316751 ], [ -98.465336785145297, 20.770840840215516 ], [ -98.462220769886514, 20.768836103238812 ], [ -98.46213908037511, 20.764248441068968 ], [ -98.456001562411686, 20.755608642212419 ], [ -98.450149009071424, 20.751593154180622 ], [ -98.451128188959544, 20.750409583658893 ], [ -98.470568396912952, 20.744821392703034 ], [ -98.476122327006436, 20.73896400559719 ], [ -98.497382726708821, 20.736397601652431 ], [ -98.505693897737288, 20.732940044934683 ], [ -98.510967424852637, 20.733469598914887 ], [ -98.511712697064311, 20.742004729228768 ], [ -98.516420111252771, 20.734862333853737 ], [ -98.520464171479944, 20.735123524906076 ], [ -98.520214370339275, 20.732273099321198 ], [ -98.529393554927651, 20.728777964757125 ], [ -98.532113399352767, 20.722641117233259 ], [ -98.532187434558836, 20.72545143661506 ], [ -98.539366452666172, 20.731146406980475 ], [ -98.552099051694981, 20.73452794367018 ], [ -98.562698744086305, 20.72337366478023 ], [ -98.562262719166782, 20.708537137437851 ], [ -98.564525261868482, 20.704676514893467 ], [ -98.573992048941477, 20.700722141858765 ], [ -98.575757399316402, 20.702114694945752 ], [ -98.576884921826291, 20.704627973027424 ], [ -98.574609076340451, 20.706132695408435 ], [ -98.574703956204189, 20.712415114942804 ], [ -98.572017204488489, 20.713798786136969 ], [ -98.571110622143834, 20.719137751923068 ], [ -98.579015702051578, 20.718501378162795 ], [ -98.582333610265692, 20.714839473744298 ], [ -98.580151032263714, 20.712251289755681 ], [ -98.582511545151775, 20.705166109786891 ], [ -98.589728013929971, 20.707096494917373 ], [ -98.601582096366272, 20.690970023522873 ], [ -98.607023687406695, 20.69001997524968 ], [ -98.619514477306424, 20.682816122415407 ], [ -98.647290892988948, 20.676680149377272 ], [ -98.642450968277615, 20.679127596930439 ], [ -98.640146575095727, 20.685304492019057 ], [ -98.642899141335349, 20.694666786833395 ], [ -98.646255300725031, 20.697451837649723 ], [ -98.644905771188988, 20.706473649288139 ], [ -98.648494534411981, 20.699584067533365 ], [ -98.656637854251841, 20.699768994312979 ], [ -98.662830391117211, 20.697157871547773 ], [ -98.664437389008597, 20.701154993350425 ], [ -98.667305423159263, 20.700801855996627 ], [ -98.668531992600037, 20.70859667443467 ], [ -98.664407122929973, 20.711041684758904 ], [ -98.660068400797101, 20.718305588825938 ], [ -98.661785471979798, 20.720520152444852 ], [ -98.660044378196375, 20.72272381726992 ], [ -98.66531101016804, 20.721645232383718 ], [ -98.673054644514892, 20.729917375054296 ], [ -98.667850942690336, 20.731573693488627 ], [ -98.669391459874319, 20.733665872366959 ], [ -98.663949895983052, 20.73491127142443 ], [ -98.663511080819973, 20.731281627934166 ], [ -98.657782625811819, 20.733313864368121 ], [ -98.653405213032826, 20.743261732144731 ], [ -98.652475526033598, 20.751858114939758 ], [ -98.642353448619204, 20.754423605629263 ], [ -98.640848073813871, 20.756872744576512 ], [ -98.636159942657358, 20.757119756428128 ], [ -98.623328149396087, 20.750334784134036 ], [ -98.607356082432645, 20.754599785601975 ], [ -98.605275339343606, 20.758581178615099 ], [ -98.60169509557376, 20.758033375619227 ], [ -98.597505248758878, 20.762238897144648 ], [ -98.590348937413978, 20.761720905379672 ], [ -98.582405787180164, 20.765833556286303 ], [ -98.584120174894892, 20.775769960264277 ], [ -98.582388798741064, 20.779541687072729 ], [ -98.56735782413709, 20.784785952415799 ], [ -98.56463866732517, 20.78988685813254 ], [ -98.584191928808991, 20.801575024567335 ], [ -98.58797908114299, 20.806209097876259 ], [ -98.595545822267724, 20.806434769655979 ], [ -98.59592424964579, 20.810023739461542 ], [ -98.595413271516989, 20.81229892536043 ], [ -98.584722795023893, 20.818003608596463 ], [ -98.590087746399561, 20.821798710269245 ], [ -98.592308518790375, 20.828675382793293 ], [ -98.587467329998418, 20.83234926539696 ], [ -98.589290656591302, 20.833035954702698 ], [ -98.585470853945168, 20.840045634162475 ], [ -98.573040218197448, 20.832592889252091 ] ] ] } },
{ "type": "Feature", "properties": { "cve_edo": "13", "cve_mpo_ine": "068", "cve_edo_mpo_ine": "13068", "nom_mpo": "TIZAYUCA", "nom_edo": "Hidalgo", "alianza_ganadora": "Juntos Haremos Historia", "margen_pp": 18.270127447932857, "por_participacion": 35.956521334165402 }, "geometry": { "type": "Polygon", "coordinates": [ [ [ -98.965165489048857, 19.896007804838796 ], [ -98.966016815047297, 19.908054273525721 ], [ -98.950614887812051, 19.906391166527673 ], [ -98.950804089158197, 19.900180362982923 ], [ -98.945105492146055, 19.897901310823777 ], [ -98.939893438124329, 19.885696648018197 ], [ -98.935773061233192, 19.890477530161895 ], [ -98.920720634576327, 19.882925846209108 ], [ -98.914647679621737, 19.875466238636299 ], [ -98.918097207743159, 19.868646053712474 ], [ -98.904847138301804, 19.862821899657689 ], [ -98.914070487058851, 19.855207536398268 ], [ -98.915772194326067, 19.845160695379263 ], [ -98.935453935072715, 19.832503460622288 ], [ -98.931778686837973, 19.831523070861024 ], [ -98.941769702296085, 19.809545672379343 ], [ -98.945473995506262, 19.803855642921331 ], [ -98.94730780460813, 19.804317660576455 ], [ -98.949279461047041, 19.792365384832934 ], [ -98.950964333840304, 19.792044947278363 ], [ -98.966377076400633, 19.793686391965711 ], [ -98.99009966361966, 19.821158531085423 ], [ -98.995712592152373, 19.822424685961291 ], [ -99.006085856539656, 19.842817641773028 ], [ -99.024266926592887, 19.866502974250206 ], [ -99.000227320032693, 19.877804725096826 ], [ -98.997735071920559, 19.875202199653877 ], [ -98.983054398202796, 19.885591715910053 ], [ -98.968180369727847, 19.89234220565444 ], [ -98.956050560037681, 19.885110342837073 ], [ -98.953626666666651, 19.888525000018053 ], [ -98.965165489048857, 19.896007804838796 ] ] ] } },
{ "type": "Feature", "properties": { "cve_edo": "13", "cve_mpo_ine": "069", "cve_edo_mpo_ine": "13069", "nom_mpo": "TLAHUELILPAN", "nom_edo": "Hidalgo", "alianza_ganadora": "Juntos Haremos Historia", "margen_pp": 35.446355446355447, "por_participacion": 45.573305464317713 }, "geometry": { "type": "Polygon", "coordinates": [ [ [ -99.242590888446372, 20.139695648983228 ], [ -99.240977021957107, 20.144612957238795 ], [ -99.23510263562747, 20.144725614428939 ], [ -99.23490770173629, 20.146210964148224 ], [ -99.223736500588231, 20.147579268163824 ], [ -99.222114247360906, 20.142376445037517 ], [ -99.215336054551642, 20.142734370712684 ], [ -99.20503289804698, 20.148259643902211 ], [ -99.195047398443592, 20.148090997363703 ], [ -99.186248645454839, 20.143924368476437 ], [ -99.172578096901759, 20.13284320912857 ], [ -99.154817986706988, 20.134340445639022 ], [ -99.171557505918557, 20.128917242130541 ], [ -99.167100911844699, 20.118250561867097 ], [ -99.171649176245708, 20.119509789347021 ], [ -99.176051585219241, 20.114619501754404 ], [ -99.190270094675014, 20.10808210970395 ], [ -99.190066784932966, 20.119125146646738 ], [ -99.205571349450366, 20.11987075424766 ], [ -99.206798888077728, 20.122532977693449 ], [ -99.216935033682049, 20.124790534057272 ], [ -99.217566197847219, 20.127269292878985 ], [ -99.219623906005125, 20.111101879896445 ], [ -99.226643373954843, 20.108120057807621 ], [ -99.228684047702899, 20.10874790703107 ], [ -99.228599757995994, 20.114607375679117 ], [ -99.23826310960429, 20.115384051733358 ], [ -99.243473052291975, 20.121067236876048 ], [ -99.240864668456297, 20.130478475569348 ], [ -99.242590888446372, 20.139695648983228 ] ] ] } },
{ "type": "Feature", "properties": { "cve_edo": "13", "cve_mpo_ine": "070", "cve_edo_mpo_ine": "13070", "nom_mpo": "TLAHUILTEPA", "nom_edo": "Hidalgo", "alianza_ganadora": "Va por México", "margen_pp": 18.822055137844611, "por_participacion": 54.515644213690393 }, "geometry": { "type": "Polygon", "coordinates": [ [ [ -98.975787572847722, 21.001705064320628 ], [ -98.972567132496835, 21.005976661706942 ], [ -98.971665705244021, 21.012877834596587 ], [ -98.947393822320876, 21.016560193425565 ], [ -98.944317659803076, 21.020823165189665 ], [ -98.938396560786401, 21.021353365603407 ], [ -98.94263992438735, 21.013681713495785 ], [ -98.934862468080283, 21.011735880159328 ], [ -98.93118341169226, 21.006117078099582 ], [ -98.933715616621114, 20.993551757028655 ], [ -98.928434306005343, 20.985947673867781 ], [ -98.918562043401508, 20.989312846942127 ], [ -98.914870535036158, 20.99284686395611 ], [ -98.904517501441475, 20.992774081447418 ], [ -98.901482452069445, 20.996577268306854 ], [ -98.896759324357276, 20.988121718128465 ], [ -98.877259858660125, 20.995172483886638 ], [ -98.873393402616415, 20.989184268340551 ], [ -98.86616280431582, 20.989255893926266 ], [ -98.858809606048965, 20.981177100834437 ], [ -98.854881454528424, 20.979891635241611 ], [ -98.862194765819552, 20.974076561080523 ], [ -98.857906062311017, 20.970972501219844 ], [ -98.858376791621339, 20.966172708753959 ], [ -98.844512150389335, 20.938991371738972 ], [ -98.844778442341351, 20.934492169022977 ], [ -98.859158560400331, 20.921668802957928 ], [ -98.861985086895174, 20.911075966326646 ], [ -98.860746387752073, 20.904005881888484 ], [ -98.87370001452399, 20.889384058728805 ], [ -98.879717660278232, 20.886698754601607 ], [ -98.880991797883681, 20.878534882564761 ], [ -98.885139938789592, 20.872618104364271 ], [ -98.886381334763456, 20.858675746052519 ], [ -98.891909544313492, 20.859742731672945 ], [ -98.893937820541865, 20.853812267518986 ], [ -98.889095954521949, 20.844288729025681 ], [ -98.898483890618209, 20.842693107590971 ], [ -98.89948538991267, 20.844051755731378 ], [ -98.901163855382762, 20.839048379183897 ], [ -98.904202493231836, 20.837177786585634 ], [ -98.91187998642981, 20.837930896650295 ], [ -98.905206045838383, 20.833646931296062 ], [ -98.914117636096066, 20.824950125183044 ], [ -98.917133063741844, 20.818280579686558 ], [ -98.914712497959428, 20.812928080388701 ], [ -98.922898360110864, 20.806974882770685 ], [ -98.930911993363324, 20.795277107203688 ], [ -98.935952392741541, 20.796122865417882 ], [ -98.937690909833819, 20.791862131531882 ], [ -98.942135121628155, 20.790315186097203 ], [ -98.939580750328489, 20.782025994280502 ], [ -98.925467336949765, 20.772679109850742 ], [ -98.930874771388375, 20.769456349337499 ], [ -98.934945772047271, 20.762937610443696 ], [ -98.967635169571636, 20.756961602233279 ], [ -98.967432358127908, 20.750974798632967 ], [ -98.977838215726109, 20.747500731199821 ], [ -98.981137202468474, 20.739226900368795 ], [ -98.985110895129381, 20.737639658219866 ], [ -98.983548710378884, 20.729016182352293 ], [ -98.979341635364008, 20.730728330067485 ], [ -98.975118369688033, 20.728930401700101 ], [ -98.974406241380336, 20.726827573729469 ], [ -98.977725681912531, 20.723054817438967 ], [ -98.973615565361868, 20.720347858164153 ], [ -98.970779267507325, 20.71453800739225 ], [ -98.964975764648969, 20.712664297907907 ], [ -98.964588567933063, 20.704696130983386 ], [ -98.972619210611086, 20.69446051328222 ], [ -98.964527404161984, 20.691151711203158 ], [ -98.960455823221182, 20.696785814532142 ], [ -98.956105431368954, 20.692468997631636 ], [ -98.956069701281706, 20.684457959015361 ], [ -98.95191030545358, 20.670312014143562 ], [ -98.963994919107378, 20.676907346906191 ], [ -98.975085528515365, 20.670704885674528 ], [ -98.973863693060565, 20.668065396515544 ], [ -98.970918915685203, 20.668121992586258 ], [ -98.97055314565425, 20.664902622266865 ], [ -98.96674383993161, 20.663639468681627 ], [ -98.966669428258115, 20.66012972762816 ], [ -98.954390738567938, 20.662248664133536 ], [ -98.949227789405157, 20.659174067453165 ], [ -98.95019348785128, 20.652603966258045 ], [ -98.944891107137934, 20.644326675881484 ], [ -98.945797310397296, 20.638959377848423 ], [ -98.948853953369806, 20.635561319178482 ], [ -98.95554000255467, 20.636131322560136 ], [ -98.959550171216705, 20.629778386696916 ], [ -98.964710956807579, 20.630203559077092 ], [ -98.964176821304719, 20.639410698797111 ], [ -98.969525441356808, 20.644796547259521 ], [ -98.97658515715068, 20.640470186746221 ], [ -98.983051458420974, 20.647048134233049 ], [ -98.987315656040806, 20.645542081435778 ], [ -98.991715385999044, 20.647999627485255 ], [ -98.993835896534733, 20.65100441167953 ], [ -98.991158951477345, 20.654113850981908 ], [ -98.992110643366701, 20.657413081732411 ], [ -99.002132258530139, 20.660788225314409 ], [ -99.005622660284857, 20.66823897098477 ], [ -99.00664058830904, 20.673775930385169 ], [ -99.003664087369998, 20.678623862560347 ], [ -99.009151378015289, 20.68525735797731 ], [ -99.007710103257594, 20.689055211021063 ], [ -99.014298678493688, 20.693794823867169 ], [ -99.016821053856305, 20.704868080701434 ], [ -99.022242169995565, 20.710880678540196 ], [ -99.018698108035693, 20.713002687503991 ], [ -99.025565429613806, 20.721687381351085 ], [ -99.018474860070469, 20.721788662702991 ], [ -99.015631044831693, 20.729362936689324 ], [ -99.00944823754034, 20.734058374681275 ], [ -99.005875199993767, 20.733662165011395 ], [ -99.004845336114215, 20.7386636295941 ], [ -99.007750254573978, 20.746206963993995 ], [ -99.011039619188651, 20.748421433017651 ], [ -99.012858127217896, 20.761255485175013 ], [ -99.023573685640628, 20.769772502918549 ], [ -99.032464432655885, 20.771196523421686 ], [ -99.036060047070762, 20.775927997076035 ], [ -99.048540375353383, 20.765791166287539 ], [ -99.059313898918631, 20.765655220025419 ], [ -99.060860614327026, 20.758999075276549 ], [ -99.067978778974961, 20.754131915436286 ], [ -99.072022148079327, 20.754772225383288 ], [ -99.08347930071659, 20.751203847139191 ], [ -99.084373297352343, 20.754172478058578 ], [ -99.079636478453324, 20.766378622701801 ], [ -99.080759157333262, 20.779380674454242 ], [ -99.084227076882541, 20.781799299615106 ], [ -99.092371803734679, 20.782665813210734 ], [ -99.095465024901841, 20.782070112171684 ], [ -99.09959670477582, 20.776126492064062 ], [ -99.103909554820987, 20.782853470909192 ], [ -99.101673147417429, 20.791619614671575 ], [ -99.096819242534991, 20.792925061833696 ], [ -99.098302748075156, 20.796509955652727 ], [ -99.092324979663033, 20.805789780601142 ], [ -99.08798231895544, 20.806482845960023 ], [ -99.084390396415088, 20.81123632192887 ], [ -99.08257388685935, 20.810569032271388 ], [ -99.065044070727723, 20.826840260897491 ], [ -99.060957106852371, 20.820410083874989 ], [ -99.052199705143522, 20.825728673078689 ], [ -99.040467112621201, 20.825571784270274 ], [ -99.028248975369763, 20.848314736112151 ], [ -99.040263732675584, 20.852531830994462 ], [ -99.040066943347213, 20.85903328731932 ], [ -99.031722714816325, 20.86269542117504 ], [ -99.03708008939391, 20.875507627843877 ], [ -99.038852948170387, 20.87166114309856 ], [ -99.043430860121518, 20.871466943558818 ], [ -99.045594928530491, 20.87375075468789 ], [ -99.052698474731244, 20.872859285425804 ], [ -99.060121963301086, 20.882446115615537 ], [ -99.056225103791192, 20.89005570920397 ], [ -99.0625701711472, 20.887919344625551 ], [ -99.063555303209043, 20.892063375957612 ], [ -99.069065018081403, 20.894480055606813 ], [ -99.068920278054733, 20.903590715618346 ], [ -99.060635269208831, 20.906508957631591 ], [ -99.062621991956306, 20.909454682604792 ], [ -99.059913538862716, 20.912180700156757 ], [ -99.066764398129365, 20.917789919830707 ], [ -99.059876757950619, 20.924190589247154 ], [ -99.067531702764555, 20.93588974610639 ], [ -99.065231946245788, 20.939238130780069 ], [ -99.054600220998068, 20.940948805046286 ], [ -99.054342277839424, 20.948402554325693 ], [ -99.050985962209054, 20.951499373516761 ], [ -99.053916900119049, 20.953039715342751 ], [ -99.059594171319162, 20.951161963690886 ], [ -99.057737787707495, 20.960322657408064 ], [ -99.054163266293415, 20.96227587353836 ], [ -99.054151429777363, 20.957054743820386 ], [ -99.051860787410817, 20.955939503985032 ], [ -99.047696642749941, 20.956567495272076 ], [ -99.044711980514265, 20.959969929205226 ], [ -99.038727002701648, 20.959730255807614 ], [ -99.032053719941203, 20.96690870708386 ], [ -99.0317142285881, 20.972834777360596 ], [ -99.024964253634565, 20.97176696635751 ], [ -99.023618478705274, 20.973592097241468 ], [ -99.028154607331018, 20.982204753385108 ], [ -99.032556990306077, 20.98286146274754 ], [ -99.035660271757735, 20.979707703050181 ], [ -99.040962309774471, 20.989313393030741 ], [ -99.049645175150957, 20.988347158164224 ], [ -99.049964112228608, 20.99974198342894 ], [ -99.042025662912181, 20.992543931431566 ], [ -99.037569993775989, 20.994539547410174 ], [ -99.032579260131328, 20.993345130244304 ], [ -99.033176419319418, 20.998192456696259 ], [ -99.040227471791951, 21.002201553222527 ], [ -99.037942599455704, 21.004028184714951 ], [ -99.020311759904914, 20.992119255209655 ], [ -99.017497885022365, 20.993573400841413 ], [ -99.015691350033563, 20.999874337308455 ], [ -99.011466573715637, 21.000211458792535 ], [ -99.007117680759748, 20.997109324093696 ], [ -99.00757637380913, 20.991597541221839 ], [ -99.005872540023077, 20.9905638016617 ], [ -99.000771640703235, 20.99293222099319 ], [ -98.987979690082156, 20.99356936302631 ], [ -98.98616965966859, 20.998626864498139 ], [ -98.98141401511981, 20.997472110953268 ], [ -98.979787126165874, 21.00667307782739 ], [ -98.977203780334435, 21.006095858540057 ], [ -98.975787572847722, 21.001705064320628 ] ] ] } },
{ "type": "Feature", "properties": { "cve_edo": "13", "cve_mpo_ine": "071", "cve_edo_mpo_ine": "13071", "nom_mpo": "TLANALAPA", "nom_edo": "Hidalgo", "alianza_ganadora": "Juntos Haremos Historia", "margen_pp": 19.618055555555557, "por_participacion": 52.435138825671366 }, "geometry": { "type": "Polygon", "coordinates": [ [ [ -98.626299999817689, 19.778218414896422 ], [ -98.622130514621389, 19.800096891387351 ], [ -98.641046726984655, 19.793407389504647 ], [ -98.648913033040827, 19.814687645414107 ], [ -98.664223455820846, 19.829048840496231 ], [ -98.664490021840223, 19.835572539760555 ], [ -98.660110728801897, 19.837084527151781 ], [ -98.660518392550657, 19.842736714235127 ], [ -98.651841809058411, 19.853144536769637 ], [ -98.650485916880825, 19.849985550104833 ], [ -98.646123998572136, 19.849976667949061 ], [ -98.644015437085372, 19.846560788653285 ], [ -98.632594166081418, 19.848289811773054 ], [ -98.63186148784547, 19.851011092245407 ], [ -98.626194777412138, 19.852971866038171 ], [ -98.625345161903013, 19.837575902110476 ], [ -98.620202467509117, 19.834992944855053 ], [ -98.61282335553345, 19.848017885012062 ], [ -98.590747547717584, 19.855037265606835 ], [ -98.589264497403789, 19.861720065749935 ], [ -98.586185493250611, 19.861435391297871 ], [ -98.586164965933889, 19.863006838046882 ], [ -98.581889569957582, 19.860805314860219 ], [ -98.57580614916921, 19.863421287623481 ], [ -98.57329725335012, 19.881713920430045 ], [ -98.56447483670415, 19.88462764909869 ], [ -98.56038495252912, 19.890368980095822 ], [ -98.533939213224997, 19.887163942139381 ], [ -98.524218655888632, 19.874413233783756 ], [ -98.50061531147611, 19.868173355925698 ], [ -98.514204316982983, 19.844146904675959 ], [ -98.528164955776845, 19.846150111707452 ], [ -98.543407249540692, 19.853823717059548 ], [ -98.553412876439197, 19.854176178695756 ], [ -98.559578269765964, 19.852009743895277 ], [ -98.562659156318162, 19.84649488475841 ], [ -98.568881688829109, 19.842919834562018 ], [ -98.573363011699897, 19.83688017836139 ], [ -98.575570166595114, 19.823795267207469 ], [ -98.581132842823891, 19.823426315051762 ], [ -98.588091308957999, 19.780954058468218 ], [ -98.597859518193786, 19.763586640927734 ], [ -98.602941360598507, 19.7640618002035 ], [ -98.626262372987568, 19.757008565100868 ], [ -98.623312096389199, 19.77094134630498 ], [ -98.626299999817689, 19.778218414896422 ] ] ] } },
{ "type": "Feature", "properties": { "cve_edo": "13", "cve_mpo_ine": "072", "cve_edo_mpo_ine": "13072", "nom_mpo": "TLANCHINOL", "nom_edo": "Hidalgo", "alianza_ganadora": "Va por México", "margen_pp": 20.795165394402037, "por_participacion": 60.004580502328423 }, "geometry": { "type": "Polygon", "coordinates": [ [ [ -98.717364438185498, 21.18740799994805 ], [ -98.714368555236703, 21.183368617323314 ], [ -98.7055369390511, 21.187323924842492 ], [ -98.701752082238301, 21.184084569220982 ], [ -98.701471505476476, 21.17866776636393 ], [ -98.705610568599894, 21.168295098763252 ], [ -98.701968389859246, 21.161042183840664 ], [ -98.696114011886038, 21.162906283840108 ], [ -98.69257785273463, 21.168227585426536 ], [ -98.691934069028832, 21.165258762985054 ], [ -98.69027251715643, 21.167483820625083 ], [ -98.686669253758211, 21.16642047326425 ], [ -98.68114272832554, 21.168360312481337 ], [ -98.672301584463781, 21.162718347756204 ], [ -98.670798256672612, 21.157037590684528 ], [ -98.659146003229637, 21.156702865539948 ], [ -98.654200846976522, 21.152955032001625 ], [ -98.647636863233487, 21.142486059991558 ], [ -98.651263663632292, 21.141150404339378 ], [ -98.651288259339054, 21.133659683296344 ], [ -98.657321512731642, 21.13061907519721 ], [ -98.657049792518478, 21.119807974005912 ], [ -98.65919175297141, 21.118964022961027 ], [ -98.660612909178539, 21.113503406151683 ], [ -98.657838999577962, 21.108864302705676 ], [ -98.650751176333387, 21.118659963624658 ], [ -98.648539184213178, 21.11813577214971 ], [ -98.645892965466786, 21.111513749613394 ], [ -98.640510855905106, 21.114408710342925 ], [ -98.633830306570317, 21.107370815979046 ], [ -98.630491833083582, 21.107183689456907 ], [ -98.626813578891998, 21.111704289738693 ], [ -98.62587236081194, 21.106708077245631 ], [ -98.618824293709196, 21.0984577634121 ], [ -98.617903447923197, 21.087833118110588 ], [ -98.614986274838117, 21.085672170136625 ], [ -98.607705779634671, 21.087226798157626 ], [ -98.600400472308479, 21.083347952189868 ], [ -98.60456151696296, 21.075252690026296 ], [ -98.592135214796428, 21.076662559685609 ], [ -98.580920596736604, 21.067763211637285 ], [ -98.577524672680283, 21.060919692285172 ], [ -98.568062541510074, 21.066320058749312 ], [ -98.557857938796076, 21.051000744366792 ], [ -98.558253718314518, 21.041194454223977 ], [ -98.521932078385703, 21.055167345081923 ], [ -98.515294575053929, 21.053886590432235 ], [ -98.511728339378593, 21.048378528112309 ], [ -98.508188581122909, 21.051502958989921 ], [ -98.509080196639914, 21.046149894820623 ], [ -98.516419502952246, 21.03907056567364 ], [ -98.517379491950862, 21.033935062981602 ], [ -98.522234831738302, 21.032207625507105 ], [ -98.525741180052435, 21.022422579790348 ], [ -98.532999127637154, 21.020513686256251 ], [ -98.528842630549121, 21.013467395976953 ], [ -98.533090798084871, 21.009013464269913 ], [ -98.53106780875892, 21.00501426558656 ], [ -98.53369132030906, 20.994945216067549 ], [ -98.532666107343019, 20.991063574986587 ], [ -98.536647748145512, 20.990334185298639 ], [ -98.538410117444485, 20.982835375813064 ], [ -98.542617761967918, 20.980987472810575 ], [ -98.543358780472659, 20.978128325102013 ], [ -98.547576985220005, 20.977728027755617 ], [ -98.550895778215704, 20.974644847307676 ], [ -98.543854699019363, 20.965922119615808 ], [ -98.542236398998284, 20.953192154411628 ], [ -98.53557188357432, 20.947651778799063 ], [ -98.537688161259481, 20.940522889520704 ], [ -98.536011498005522, 20.935694132232754 ], [ -98.53798527816835, 20.933116422154804 ], [ -98.543299227323658, 20.930475193804966 ], [ -98.551268411938537, 20.930256673547618 ], [ -98.555932962489905, 20.934858449094762 ], [ -98.555493385330479, 20.946609357262535 ], [ -98.552596104138544, 20.951096281134603 ], [ -98.56831657318925, 20.952562371005065 ], [ -98.572678567292414, 20.955759309036278 ], [ -98.577996524251489, 20.953613378415241 ], [ -98.580431375229537, 20.957733336555048 ], [ -98.582765587482285, 20.956352253830687 ], [ -98.585182510349398, 20.958114398657454 ], [ -98.588387333366114, 20.955610362666611 ], [ -98.596058974197518, 20.954647240461394 ], [ -98.597097048596169, 20.952447621271897 ], [ -98.608952794037108, 20.954350443005985 ], [ -98.612086833290348, 20.950357256751452 ], [ -98.618014035401259, 20.951225521368816 ], [ -98.627880341623765, 20.946191514352961 ], [ -98.637312815029688, 20.938305742006147 ], [ -98.640691200882529, 20.928394812919517 ], [ -98.649048665198251, 20.925480088330726 ], [ -98.650713953590952, 20.921248591651427 ], [ -98.648862307228427, 20.919129971477393 ], [ -98.655290447513963, 20.915883885097891 ], [ -98.679388808514418, 20.919475623743192 ], [ -98.681825644245691, 20.922819625941017 ], [ -98.688094975837899, 20.915062860675501 ], [ -98.689988561431292, 20.903812808998868 ], [ -98.699873431772602, 20.906484435285762 ], [ -98.700948612356001, 20.908526455823054 ], [ -98.69846385403676, 20.912810183552825 ], [ -98.712177032707501, 20.916804844472519 ], [ -98.723144440873384, 20.915817202714425 ], [ -98.722427525022027, 20.920784538299849 ], [ -98.728089086906863, 20.923610567535764 ], [ -98.721069754233298, 20.932604866743421 ], [ -98.724364271948971, 20.939673111971771 ], [ -98.723525300359398, 20.950464223643237 ], [ -98.717289047543204, 20.949077716112111 ], [ -98.703786818196974, 20.955620268015309 ], [ -98.705511969919613, 20.964464188125238 ], [ -98.716982948883924, 20.966753586103408 ], [ -98.718075492812531, 20.970599613450169 ], [ -98.714707137340156, 20.968288502359282 ], [ -98.714954498861005, 20.969639767695018 ], [ -98.720822312956585, 20.981854754530872 ], [ -98.70733334157697, 20.97736689945517 ], [ -98.702584342293434, 20.978182641444839 ], [ -98.700859558836399, 20.982214460412965 ], [ -98.687391146966561, 20.992896905988388 ], [ -98.691335071994331, 21.000370846217489 ], [ -98.698641892447341, 21.003021288621778 ], [ -98.702755320979776, 21.009673562334935 ], [ -98.707634838157119, 21.010169004706356 ], [ -98.710809507348401, 21.016869344514188 ], [ -98.715920392911713, 21.010596856277974 ], [ -98.723292255372655, 21.007504973410963 ], [ -98.731883585393987, 21.015515688219349 ], [ -98.736875476446784, 21.015435334917342 ], [ -98.734209116396599, 21.019228882549399 ], [ -98.73420185673784, 21.024723682888169 ], [ -98.739952887732898, 21.030378037894469 ], [ -98.73439155548634, 21.032431224694523 ], [ -98.727871024165921, 21.045030145555561 ], [ -98.728845552800365, 21.055027815438745 ], [ -98.733338818793726, 21.058026904761579 ], [ -98.73426039209231, 21.062325211530496 ], [ -98.72507425979876, 21.066456835206974 ], [ -98.733115245484925, 21.078080264240956 ], [ -98.739825521186802, 21.07929850550725 ], [ -98.741798448137928, 21.08912416284841 ], [ -98.732509517045088, 21.088705385438402 ], [ -98.726239375183695, 21.109544167860172 ], [ -98.718212242187803, 21.112231092912026 ], [ -98.715012055839694, 21.115741368871046 ], [ -98.717330344817441, 21.118552718134818 ], [ -98.715587993943984, 21.120821518969436 ], [ -98.720962677345241, 21.123609079593347 ], [ -98.72282775139071, 21.128228104058117 ], [ -98.721214338934331, 21.13172610231506 ], [ -98.724698661169327, 21.133462136415694 ], [ -98.724080306498735, 21.136501330886521 ], [ -98.729672463530648, 21.137318687907314 ], [ -98.729999678313291, 21.140883553573982 ], [ -98.733706011006475, 21.141182491913955 ], [ -98.73286878744257, 21.14594564671248 ], [ -98.724693198841152, 21.151832379263197 ], [ -98.728019256707611, 21.155455810150485 ], [ -98.720656661921083, 21.166666585073784 ], [ -98.722335205492996, 21.170138919425916 ], [ -98.719801199556741, 21.178548652265114 ], [ -98.721825297939574, 21.180813514633581 ], [ -98.717364438185498, 21.18740799994805 ] ] ] } },
{ "type": "Feature", "properties": { "cve_edo": "13", "cve_mpo_ine": "073", "cve_edo_mpo_ine": "13073", "nom_mpo": "TLAXCOAPAN", "nom_edo": "Hidalgo", "alianza_ganadora": "Juntos Haremos Historia", "margen_pp": 27.387066345246829, "por_participacion": 43.60802596096714 }, "geometry": { "type": "Polygon", "coordinates": [ [ [ -99.239501427239944, 20.078879762608214 ], [ -99.241336592734484, 20.072072181177635 ], [ -99.264787580762501, 20.068644144583903 ], [ -99.291298688725831, 20.093887373016255 ], [ -99.270498023033952, 20.106159255311464 ], [ -99.249578215672983, 20.124105730211973 ], [ -99.242111845856869, 20.127943075607696 ], [ -99.243473052291975, 20.121067236876048 ], [ -99.23826310960429, 20.115384051733358 ], [ -99.228599757995994, 20.114607375679117 ], [ -99.228684047702899, 20.10874790703107 ], [ -99.226643373954843, 20.108120057807621 ], [ -99.219623906005125, 20.111101879896445 ], [ -99.217566197847219, 20.127269292878985 ], [ -99.216935033682049, 20.124790534057272 ], [ -99.206798888077728, 20.122532977693449 ], [ -99.205571349450366, 20.11987075424766 ], [ -99.190066784932966, 20.119125146646738 ], [ -99.189809385533025, 20.10671821538401 ], [ -99.179116855627882, 20.095940067433613 ], [ -99.202975675121934, 20.092981559115564 ], [ -99.201750980330289, 20.088697837975769 ], [ -99.199371159445761, 20.089427659136049 ], [ -99.197389772532148, 20.086067225871108 ], [ -99.201996368566611, 20.08534770882402 ], [ -99.20544755850986, 20.082002069039174 ], [ -99.2080932142687, 20.08469420743215 ], [ -99.222023769756149, 20.080672511593395 ], [ -99.239501427239944, 20.078879762608214 ] ] ] } },
{ "type": "Feature", "properties": { "cve_edo": "13", "cve_mpo_ine": "074", "cve_edo_mpo_ine": "13074", "nom_mpo": "TOLCAYUCA", "nom_edo": "Hidalgo", "alianza_ganadora": "Juntos Haremos Historia", "margen_pp": 8.4910574752561203, "por_participacion": 45.958024100231427 }, "geometry": { "type": "Polygon", "coordinates": [ [ [ -98.879884418881574, 19.924399056508818 ], [ -98.876235607965995, 19.932967655832119 ], [ -98.85447096854756, 19.912874827399968 ], [ -98.87036944946523, 19.89480465361687 ], [ -98.883712366570705, 19.899873025541691 ], [ -98.886572432299957, 19.896229723312924 ], [ -98.889240714988432, 19.89724806824513 ], [ -98.913184383931721, 19.866741976638462 ], [ -98.918097207743159, 19.868646053712474 ], [ -98.914647679621737, 19.875466238636299 ], [ -98.920720634576327, 19.882925846209108 ], [ -98.935773061233192, 19.890477530161895 ], [ -98.939893438124329, 19.885696648018197 ], [ -98.945105492146055, 19.897901310823777 ], [ -98.950804089158197, 19.900180362982923 ], [ -98.950614887812051, 19.906391166527673 ], [ -98.966016815047297, 19.908054273525721 ], [ -98.971863511189511, 19.921346518983384 ], [ -98.967724535944001, 19.930243723584748 ], [ -98.96469841050174, 19.951554843069697 ], [ -98.96139790071642, 19.957201524181983 ], [ -98.961483322037552, 19.981587916514382 ], [ -98.942442148792082, 20.001744859543503 ], [ -98.948452298099141, 20.010517419415205 ], [ -98.946402668156679, 20.02395985449461 ], [ -98.948228947005106, 20.028688321304077 ], [ -98.952271385825156, 20.031200490888548 ], [ -98.957031287555452, 20.029476510183546 ], [ -98.962069710724904, 20.030529626258801 ], [ -98.965202123998267, 20.033079347628149 ], [ -98.960192434673047, 20.035603873235122 ], [ -98.962982292611812, 20.046349071490063 ], [ -98.956175338930322, 20.053859144408477 ], [ -98.943016544913803, 20.049188147244955 ], [ -98.941130020440795, 20.052823145747251 ], [ -98.93224864917282, 20.055403328784124 ], [ -98.926666882130093, 20.052035823903548 ], [ -98.923683730912074, 20.053474791071164 ], [ -98.915663291167675, 20.048113868557763 ], [ -98.918912911530569, 20.045182705213136 ], [ -98.918456211166543, 20.041777169585433 ], [ -98.903356692658278, 20.013719451237098 ], [ -98.908880551200852, 19.985200154558665 ], [ -98.904648910075196, 19.975340244478399 ], [ -98.906695307327979, 19.956428465183738 ], [ -98.886888867355111, 19.942285455963109 ], [ -98.88695320976079, 19.940501361661141 ], [ -98.8912133345938, 19.941149035031653 ], [ -98.892809489563106, 19.935182524125533 ], [ -98.88796858146263, 19.933659963932918 ], [ -98.886930833417608, 19.929711370135774 ], [ -98.879884418881574, 19.924399056508818 ] ] ] } },
{ "type": "Feature", "properties": { "cve_edo": "13", "cve_mpo_ine": "075", "cve_edo_mpo_ine": "13075", "nom_mpo": "TULA DE ALLENDE", "nom_edo": "Hidalgo", "alianza_ganadora": "Juntos Haremos Historia", "margen_pp": 24.272782136391069, "por_participacion": 47.143507454193696 }, "geometry": { "type": "Polygon", "coordinates": [ [ [ -99.265457723256318, 20.008622806270797 ], [ -99.272250467245371, 20.002308446116103 ], [ -99.277226016923748, 19.983710376910548 ], [ -99.273677721309895, 19.978541432698094 ], [ -99.276769543304766, 19.975525708580417 ], [ -99.29780713034836, 19.972725468691241 ], [ -99.3033987051503, 19.974711955652602 ], [ -99.310458801100935, 19.962698007015256 ], [ -99.312728955442225, 19.966903170829585 ], [ -99.314477709437128, 19.966035748636138 ], [ -99.317387763161989, 19.969426240079589 ], [ -99.327995605705581, 19.965295926668546 ], [ -99.332894571058645, 19.959510257600094 ], [ -99.344196587246088, 19.960463396171885 ], [ -99.344023218973291, 19.958603277144068 ], [ -99.351075044886429, 19.955504290446012 ], [ -99.364176768106475, 19.966170179082379 ], [ -99.363121877619832, 19.975759855490775 ], [ -99.359684156491767, 19.975676895034454 ], [ -99.363872483493935, 19.976645162574449 ], [ -99.367544409190288, 19.985225864187932 ], [ -99.365620055211991, 19.98749918808722 ], [ -99.362881682914661, 19.986878978056289 ], [ -99.362472241836798, 19.989276380691702 ], [ -99.358801881254976, 19.988077342634405 ], [ -99.353671064938609, 19.99221027538815 ], [ -99.356638887635754, 19.998286878920865 ], [ -99.364913619250302, 19.998948948449048 ], [ -99.37644915398856, 20.004529509415693 ], [ -99.3808200808854, 20.004364101273218 ], [ -99.38874313016251, 20.010109248764941 ], [ -99.390667034200064, 20.008662377616449 ], [ -99.386472843173166, 20.004735866893601 ], [ -99.402674532271107, 20.003576780253383 ], [ -99.414386943476714, 20.007832101878236 ], [ -99.415143144755277, 20.01246142585078 ], [ -99.416542248212068, 20.011221067269471 ], [ -99.424642237282342, 20.015021806432916 ], [ -99.430003881344092, 20.016177612602718 ], [ -99.440553399724564, 20.01266061987058 ], [ -99.442593022062951, 20.014106571806067 ], [ -99.443233163231525, 20.021463881689829 ], [ -99.447079382690973, 20.026298508490406 ], [ -99.450225846178711, 20.037746854778902 ], [ -99.461645605314274, 20.044957419705984 ], [ -99.459929012968828, 20.049370609334087 ], [ -99.456016336224366, 20.050646661408862 ], [ -99.45902732833278, 20.055808910207457 ], [ -99.455999255259655, 20.06760897685238 ], [ -99.470966875877707, 20.076145434801241 ], [ -99.47640205032674, 20.086053501947827 ], [ -99.481067807480173, 20.087053072109068 ], [ -99.479286017169898, 20.094333136612793 ], [ -99.486019626097772, 20.095704978609088 ], [ -99.483984077559072, 20.1009705361652 ], [ -99.495697928397448, 20.109976638247172 ], [ -99.498772927530268, 20.121186717067037 ], [ -99.505897334568488, 20.130511095273661 ], [ -99.515426478922535, 20.161106906546618 ], [ -99.505750200501637, 20.159777322885791 ], [ -99.50333930590935, 20.155948656001495 ], [ -99.500340370307484, 20.157989930372015 ], [ -99.492960666217826, 20.149398539846764 ], [ -99.49426727935807, 20.158182299518778 ], [ -99.487062768552605, 20.165853040150679 ], [ -99.486435310306945, 20.169902074273452 ], [ -99.471421650389573, 20.165459267347625 ], [ -99.467824322909749, 20.160559116842432 ], [ -99.459525443406136, 20.163571101447573 ], [ -99.456457600846107, 20.161676170931347 ], [ -99.446580629475605, 20.16336345806657 ], [ -99.43651017725459, 20.155900598475384 ], [ -99.427426035969404, 20.139686567084023 ], [ -99.412991561473362, 20.138781475830289 ], [ -99.401333372001801, 20.132716642243807 ], [ -99.39416760145005, 20.122871454889424 ], [ -99.384410758163739, 20.117355693796405 ], [ -99.378704467806458, 20.118221539951641 ], [ -99.376783542742444, 20.114946621196978 ], [ -99.380098706459492, 20.112010151387317 ], [ -99.374573239203997, 20.109612231094559 ], [ -99.366134792314497, 20.100725104115291 ], [ -99.363383489480981, 20.103414346582497 ], [ -99.363759044017044, 20.108610190748912 ], [ -99.368610515233684, 20.125713006168269 ], [ -99.365298829544045, 20.130300751396895 ], [ -99.351439155204275, 20.132138284758401 ], [ -99.348334418512636, 20.133141757304227 ], [ -99.348719649525762, 20.135324112567023 ], [ -99.340223515852074, 20.137012338996744 ], [ -99.340907382411558, 20.14327713264516 ], [ -99.336638232961306, 20.146474305343524 ], [ -99.312867331195505, 20.114124651491476 ], [ -99.25472699159252, 20.059113064603181 ], [ -99.266431301524165, 20.058437598093903 ], [ -99.267201785684108, 20.055103014586102 ], [ -99.26761550033298, 20.051522289402765 ], [ -99.263291322959887, 20.043458706646767 ], [ -99.267935364973297, 20.041187232785816 ], [ -99.262325651645227, 20.027698996616113 ], [ -99.261469205121344, 20.016298981024846 ], [ -99.265457723256318, 20.008622806270797 ] ] ] } },
{ "type": "Feature", "properties": { "cve_edo": "13", "cve_mpo_ine": "076", "cve_edo_mpo_ine": "13076", "nom_mpo": "TULANCINGO DE BRAVO", "nom_edo": "Hidalgo", "alianza_ganadora": "Juntos Haremos Historia", "margen_pp": 15.121530216968067, "por_participacion": 38.320373489620593 }, "geometry": { "type": "Polygon", "coordinates": [ [ [ -98.400358063608181, 20.058949064452481 ], [ -98.405423249365029, 20.055861907941562 ], [ -98.406631106991568, 20.057711790831515 ], [ -98.403143219428529, 20.059685057866311 ], [ -98.404764500444685, 20.062026905719328 ], [ -98.402995630538513, 20.063814892827136 ], [ -98.406750384469021, 20.069415564843311 ], [ -98.42660207887414, 20.063961306916354 ], [ -98.4262880277834, 20.06631054361543 ], [ -98.435975515678791, 20.065186368537923 ], [ -98.45526293449835, 20.057452239536307 ], [ -98.482769866516961, 20.057773315280865 ], [ -98.484279598910888, 20.065146666551144 ], [ -98.497019299827471, 20.065583218453138 ], [ -98.495780338598536, 20.067646037963819 ], [ -98.503470973947898, 20.080677781628332 ], [ -98.493506827810364, 20.082241879647341 ], [ -98.487289530236893, 20.074726593107354 ], [ -98.472176537249339, 20.078426913647288 ], [ -98.460386621763533, 20.087857367900959 ], [ -98.461305555555413, 20.090638888926676 ], [ -98.454324090379814, 20.09426027328885 ], [ -98.454970903770246, 20.096645325442253 ], [ -98.447736431809261, 20.101246838367778 ], [ -98.448344587031812, 20.103934629365472 ], [ -98.445160031269111, 20.106467422499151 ], [ -98.446838095459597, 20.118252930615771 ], [ -98.42857252195283, 20.121258515733839 ], [ -98.406181477775846, 20.137274134446685 ], [ -98.397784877625568, 20.13066598867595 ], [ -98.38941719447061, 20.131616388163092 ], [ -98.385279983438323, 20.127000291640169 ], [ -98.385199490667887, 20.132483492760731 ], [ -98.375909165184439, 20.142263197053026 ], [ -98.377273549858046, 20.145498445688581 ], [ -98.387079836260824, 20.151501906772054 ], [ -98.381165414121767, 20.182214884886449 ], [ -98.370455569134279, 20.188180189135906 ], [ -98.372699942000011, 20.191176402848804 ], [ -98.369057313242152, 20.197624810589097 ], [ -98.36600536130959, 20.198626947838232 ], [ -98.367138132429318, 20.201694731321346 ], [ -98.358997362463228, 20.222471604323701 ], [ -98.3597487746963, 20.228096421669587 ], [ -98.354421901962553, 20.228579876610869 ], [ -98.350862931468669, 20.213303047587733 ], [ -98.349755786954461, 20.193507464418897 ], [ -98.329127104458436, 20.180551952571573 ], [ -98.329386859910542, 20.200363877950824 ], [ -98.314254581673595, 20.194798180402852 ], [ -98.314579553112921, 20.196907998226461 ], [ -98.311281553839777, 20.19410673202696 ], [ -98.30195450815512, 20.206194927944843 ], [ -98.294839249742012, 20.200049528560768 ], [ -98.290576099156667, 20.185507690960669 ], [ -98.278406968523726, 20.18162192074643 ], [ -98.272682792518466, 20.176326473815713 ], [ -98.273210917020862, 20.171737172775412 ], [ -98.267794614842799, 20.156150083621412 ], [ -98.258159821209091, 20.15080273116407 ], [ -98.250056388541523, 20.139936511093566 ], [ -98.241364365604724, 20.134102650836937 ], [ -98.232339329314811, 20.131527759051185 ], [ -98.236224281275611, 20.1247130794059 ], [ -98.23217380117255, 20.116987200650978 ], [ -98.238158111206616, 20.105858124814983 ], [ -98.248194704154372, 20.102247938434953 ], [ -98.246936093302068, 20.095502056581942 ], [ -98.256351367459445, 20.094776019039553 ], [ -98.262682313092412, 20.088466131700514 ], [ -98.270887111713265, 20.090676513825045 ], [ -98.276559401905672, 20.087264050874236 ], [ -98.28358981172488, 20.091081220823344 ], [ -98.284600094121544, 20.087573878380748 ], [ -98.287851738120722, 20.089729430241199 ], [ -98.290139448758666, 20.087051163298433 ], [ -98.294425852562895, 20.091810694775567 ], [ -98.306171841246368, 20.096712368181979 ], [ -98.311564928129428, 20.090944355870604 ], [ -98.313414745352006, 20.093756761600289 ], [ -98.323252263428529, 20.096009938673216 ], [ -98.326297564319063, 20.09325037731033 ], [ -98.325107446058539, 20.086888388494948 ], [ -98.327859838408429, 20.084375870840468 ], [ -98.335032555759213, 20.065556074393527 ], [ -98.344952378751444, 20.064065926701296 ], [ -98.346282133077338, 20.059794550354802 ], [ -98.35775879151457, 20.067921043408504 ], [ -98.364896221097865, 20.068289645447923 ], [ -98.361379085999076, 20.060076434495596 ], [ -98.361382047816221, 20.052127935619975 ], [ -98.362353026394786, 20.05695050844167 ], [ -98.372302937154814, 20.062030011115144 ], [ -98.381385824259652, 20.059153373553627 ], [ -98.384027319464366, 20.060735043134724 ], [ -98.386368821386299, 20.057266456242832 ], [ -98.392495787645643, 20.055514647043445 ], [ -98.395899511676987, 20.057441566632978 ], [ -98.398569899230736, 20.056409338168336 ], [ -98.400358063608181, 20.058949064452481 ] ] ] } },
{ "type": "Feature", "properties": { "cve_edo": "13", "cve_mpo_ine": "077", "cve_edo_mpo_ine": "13077", "nom_mpo": "VILLA DE TEZONTEPEC", "nom_edo": "Hidalgo", "alianza_ganadora": "Juntos Haremos Historia", "margen_pp": 5.5389628020635353, "por_participacion": 39.214224872231682 }, "geometry": { "type": "Polygon", "coordinates": [ [ [ -98.782194586006156, 19.957346517475255 ], [ -98.77175969624416, 19.947146593662385 ], [ -98.75670999683841, 19.944453659547904 ], [ -98.757951363886903, 19.937290123091913 ], [ -98.756307078973947, 19.93256078820529 ], [ -98.750089214424989, 19.930659596381076 ], [ -98.742790588062817, 19.9225340766241 ], [ -98.742057128454888, 19.911967522989478 ], [ -98.754154429663842, 19.908503549760187 ], [ -98.75665691530331, 19.903802171451403 ], [ -98.752297533964835, 19.897001593927197 ], [ -98.756989040099668, 19.886115683416296 ], [ -98.755050306830725, 19.872962270711145 ], [ -98.778651025258455, 19.882235759209074 ], [ -98.796283137208832, 19.869935178757313 ], [ -98.792472969855439, 19.868965160760975 ], [ -98.796112446173581, 19.863064836598518 ], [ -98.790949574250874, 19.861212038580941 ], [ -98.794867670306814, 19.857554167042089 ], [ -98.800474932250921, 19.860676129511436 ], [ -98.801506546256903, 19.864239127794306 ], [ -98.813149280842538, 19.866169226293295 ], [ -98.817570262372513, 19.87038983619529 ], [ -98.820538811574664, 19.862679804905572 ], [ -98.838880504747834, 19.872154041414301 ], [ -98.847779820547615, 19.8704167940123 ], [ -98.840977878548074, 19.892311527398544 ], [ -98.866566984868413, 19.899280723581601 ], [ -98.85447096854756, 19.912874827399968 ], [ -98.876235607965995, 19.932967655832119 ], [ -98.871298083976995, 19.942856764079693 ], [ -98.842982393131891, 19.925793662428532 ], [ -98.803930955401896, 19.96962075580581 ], [ -98.782194586006156, 19.957346517475255 ] ] ] } },
{ "type": "Feature", "properties": { "cve_edo": "13", "cve_mpo_ine": "078", "cve_edo_mpo_ine": "13078", "nom_mpo": "XOCHIATIPAN", "nom_edo": "Hidalgo", "alianza_ganadora": "Va por México", "margen_pp": 32.899207248018122, "por_participacion": 67.564465529114699 }, "geometry": { "type": "Polygon", "coordinates": [ [ [ -98.349049600266753, 20.833932737644954 ], [ -98.352511652754373, 20.837837080775227 ], [ -98.349878994006971, 20.842401846522357 ], [ -98.351468745831255, 20.848373014788233 ], [ -98.349598959897193, 20.8537666034651 ], [ -98.344619999293059, 20.857628237765041 ], [ -98.346005633044783, 20.864524969768631 ], [ -98.343058436546315, 20.871243468347227 ], [ -98.330602416507332, 20.875418687223917 ], [ -98.322524737696511, 20.886706402409214 ], [ -98.310431940680644, 20.8931505967718 ], [ -98.305187297719797, 20.908226922781104 ], [ -98.299915392941529, 20.908760434825428 ], [ -98.295484756737181, 20.912868463049438 ], [ -98.295929447414466, 20.918795856325993 ], [ -98.302946425610429, 20.915913044386322 ], [ -98.31141059202983, 20.919926410819428 ], [ -98.310143825210119, 20.923790178132851 ], [ -98.315001290750629, 20.935251206666813 ], [ -98.311706112956358, 20.94440187551735 ], [ -98.303200917054795, 20.947891195389982 ], [ -98.301914707487228, 20.944830352090232 ], [ -98.296634642770144, 20.943707754547418 ], [ -98.293070642874838, 20.934194685626387 ], [ -98.282508458857919, 20.933685166498073 ], [ -98.278582310667076, 20.930496677692489 ], [ -98.275119996162644, 20.930533402826388 ], [ -98.268478752315971, 20.936064170880094 ], [ -98.253986758170001, 20.934513857752595 ], [ -98.248778993171257, 20.926857898819947 ], [ -98.239443217878616, 20.929613562374154 ], [ -98.239603374269493, 20.92295348164334 ], [ -98.233550526040688, 20.915473943217467 ], [ -98.228516136732424, 20.914740338517429 ], [ -98.22177856808139, 20.918153437100628 ], [ -98.231989973719351, 20.90070277553427 ], [ -98.244411298349803, 20.900240142064142 ], [ -98.252214065095075, 20.893255556445034 ], [ -98.264148104664386, 20.867278197657541 ], [ -98.257432689742544, 20.859234475711229 ], [ -98.258920504448014, 20.854242258545828 ], [ -98.255511728579265, 20.848605600489645 ], [ -98.260889408556082, 20.846773241633603 ], [ -98.262099800959959, 20.839300397537439 ], [ -98.252408250956435, 20.8277197180938 ], [ -98.252683233911782, 20.819947597305319 ], [ -98.248516580598732, 20.821783495263666 ], [ -98.247999032144804, 20.820002362938848 ], [ -98.238471325983511, 20.817050670927213 ], [ -98.232898145597602, 20.819125794873042 ], [ -98.226472750114226, 20.817756137691223 ], [ -98.230564184265305, 20.806662355857384 ], [ -98.235258456347708, 20.801893505413748 ], [ -98.235526477855373, 20.796110094115605 ], [ -98.241588942201048, 20.79651309463949 ], [ -98.245169070071256, 20.802481453709902 ], [ -98.249759816476086, 20.795397738293236 ], [ -98.246275931368203, 20.792859524269318 ], [ -98.248467867628648, 20.788938333793933 ], [ -98.253960943864627, 20.79354003040007 ], [ -98.257769727838209, 20.79209251729359 ], [ -98.258656883080448, 20.789159111273719 ], [ -98.27609249038305, 20.785955518006023 ], [ -98.279838321882167, 20.782807587838715 ], [ -98.284065149408292, 20.786368941624019 ], [ -98.292311727263581, 20.786275250876141 ], [ -98.29925851359495, 20.777920269268144 ], [ -98.304354433498332, 20.782823532761249 ], [ -98.298904026862061, 20.792086225351756 ], [ -98.297686900353696, 20.800444091304133 ], [ -98.298441796734664, 20.801688885986245 ], [ -98.303908786533356, 20.797088627581466 ], [ -98.307923987230424, 20.802031935386378 ], [ -98.312218524428985, 20.797714259941241 ], [ -98.315714824361123, 20.788926183009188 ], [ -98.328263881943911, 20.784281768842039 ], [ -98.328488422075978, 20.786309175739792 ], [ -98.337948488295226, 20.792510110116112 ], [ -98.338797872617235, 20.796468089467407 ], [ -98.34326915420678, 20.797114599315716 ], [ -98.330317407142715, 20.803140117093331 ], [ -98.323754995417104, 20.80472123600423 ], [ -98.320061527208964, 20.803479660349772 ], [ -98.314616742574046, 20.80958052326255 ], [ -98.316558327860207, 20.817542604568892 ], [ -98.328811192721261, 20.820353965354435 ], [ -98.328422817379874, 20.837169692779788 ], [ -98.349049600266753, 20.833932737644954 ] ] ] } },
{ "type": "Feature", "properties": { "cve_edo": "13", "cve_mpo_ine": "079", "cve_edo_mpo_ine": "13079", "nom_mpo": "XOCHICOATLAN", "nom_edo": "Hidalgo", "alianza_ganadora": "Juntos Haremos Historia", "margen_pp": 16.342182890855458, "por_participacion": 60.106382978723403 }, "geometry": { "type": "Polygon", "coordinates": [ [ [ -98.573040218197448, 20.832592889252091 ], [ -98.585470853945168, 20.840045634162475 ], [ -98.589290656591302, 20.833035954702698 ], [ -98.587467329998418, 20.83234926539696 ], [ -98.592308518790375, 20.828675382793293 ], [ -98.590087746399561, 20.821798710269245 ], [ -98.584722795023893, 20.818003608596463 ], [ -98.595413271516989, 20.81229892536043 ], [ -98.59592424964579, 20.810023739461542 ], [ -98.595545822267724, 20.806434769655979 ], [ -98.58797908114299, 20.806209097876259 ], [ -98.584191928808991, 20.801575024567335 ], [ -98.56463866732517, 20.78988685813254 ], [ -98.56735782413709, 20.784785952415799 ], [ -98.582388798741064, 20.779541687072729 ], [ -98.584120174894892, 20.775769960264277 ], [ -98.582405787180164, 20.765833556286303 ], [ -98.590348937413978, 20.761720905379672 ], [ -98.597505248758878, 20.762238897144648 ], [ -98.60169509557376, 20.758033375619227 ], [ -98.605275339343606, 20.758581178615099 ], [ -98.607356082432645, 20.754599785601975 ], [ -98.623328149396087, 20.750334784134036 ], [ -98.636159942657358, 20.757119756428128 ], [ -98.652475526033598, 20.751858114939758 ], [ -98.653405213032826, 20.743261732144731 ], [ -98.657782625811819, 20.733313864368121 ], [ -98.663511080819973, 20.731281627934166 ], [ -98.663949895983052, 20.73491127142443 ], [ -98.669391459874319, 20.733665872366959 ], [ -98.667850942690336, 20.731573693488627 ], [ -98.673054644514892, 20.729917375054296 ], [ -98.66531101016804, 20.721645232383718 ], [ -98.66262346793205, 20.722742435790273 ], [ -98.661673759254541, 20.721223062888328 ], [ -98.660575409975493, 20.7231733410357 ], [ -98.659859504560117, 20.721569324448076 ], [ -98.664407122929973, 20.711041684758904 ], [ -98.668413312307408, 20.708885806726382 ], [ -98.66811871542636, 20.706054146668897 ], [ -98.674478187840975, 20.70244691596886 ], [ -98.683016733233288, 20.700223883145686 ], [ -98.689061111261864, 20.701243407005418 ], [ -98.688748579549923, 20.698810086252482 ], [ -98.698273552983949, 20.69542132618141 ], [ -98.70384068624324, 20.69541237244454 ], [ -98.704858315711135, 20.698045745620465 ], [ -98.711957455141317, 20.691870408564345 ], [ -98.718066408868864, 20.693631552476496 ], [ -98.720969269797365, 20.697445045532241 ], [ -98.728654583748835, 20.698448177268364 ], [ -98.726182585850083, 20.704251515038642 ], [ -98.729684535793311, 20.709587113277944 ], [ -98.729515111206709, 20.717433830948437 ], [ -98.724485828515867, 20.726870363798252 ], [ -98.704976503463271, 20.73836193757209 ], [ -98.710977381159083, 20.748650712007574 ], [ -98.717230270348338, 20.749402031303777 ], [ -98.713575580627136, 20.752924643430831 ], [ -98.711071300720434, 20.75154212754753 ], [ -98.698499236648331, 20.758256049814232 ], [ -98.690297880151888, 20.766903745144013 ], [ -98.699247614144483, 20.76701661195597 ], [ -98.697755531614817, 20.770679987514143 ], [ -98.694116587437506, 20.772137538593867 ], [ -98.704057476742079, 20.772712330907265 ], [ -98.709956796791573, 20.781224605808024 ], [ -98.708512760193372, 20.786209894479615 ], [ -98.721385765734894, 20.793455396407705 ], [ -98.718423029020897, 20.798139778921918 ], [ -98.714195227826991, 20.800006070624455 ], [ -98.715044285377942, 20.80360543609336 ], [ -98.708212008572573, 20.816476811224486 ], [ -98.686422395591222, 20.840567720650423 ], [ -98.685932277834013, 20.844754084615825 ], [ -98.675120780184017, 20.842949854219448 ], [ -98.673316865792302, 20.844603721595053 ], [ -98.67264213145117, 20.84132832605361 ], [ -98.669322811859388, 20.844100739632893 ], [ -98.66314866880235, 20.842547846389991 ], [ -98.659795972721227, 20.848190739932477 ], [ -98.648356021822934, 20.841632825845419 ], [ -98.642773726347329, 20.843020726384662 ], [ -98.641874624695973, 20.839552300317678 ], [ -98.634330658969816, 20.841913666334452 ], [ -98.631503505227997, 20.839325219843627 ], [ -98.631817466745801, 20.84296262255409 ], [ -98.626245645573604, 20.841920657527218 ], [ -98.622991375069276, 20.84657181670439 ], [ -98.615424725027481, 20.845045065216052 ], [ -98.612206675665504, 20.845808393889492 ], [ -98.611808482210762, 20.847919854727547 ], [ -98.6043646182614, 20.847384422075141 ], [ -98.602106963102898, 20.852277485880844 ], [ -98.595285184770077, 20.847726579863501 ], [ -98.591191587139875, 20.849114891735766 ], [ -98.588308509321521, 20.846898266009877 ], [ -98.582141344987349, 20.85483234969395 ], [ -98.575826811531456, 20.857308155351209 ], [ -98.576844139931239, 20.861231126368967 ], [ -98.567819774720121, 20.861075235231951 ], [ -98.563569186151213, 20.866102988242638 ], [ -98.553208199148017, 20.868104236231034 ], [ -98.54569229639263, 20.876375208562212 ], [ -98.540583328466056, 20.874294039049676 ], [ -98.540316869240911, 20.879423480352084 ], [ -98.527244984620069, 20.878667110610433 ], [ -98.517591296499816, 20.881737584720685 ], [ -98.511930366462707, 20.886440641918497 ], [ -98.507348959094813, 20.884355698073115 ], [ -98.506832399084217, 20.886550199419304 ], [ -98.505129467062801, 20.885856108097247 ], [ -98.507221573207417, 20.882917353108567 ], [ -98.505947673554019, 20.876775448380034 ], [ -98.510467037123945, 20.868440958714707 ], [ -98.520795320906032, 20.86034926994175 ], [ -98.521928324153762, 20.854518612657969 ], [ -98.529499374830948, 20.846613416084626 ], [ -98.533022179795026, 20.847080650926078 ], [ -98.541430858721981, 20.841645481595307 ], [ -98.549135299310379, 20.844514599939462 ], [ -98.557346707874999, 20.844406461294867 ], [ -98.5673657083465, 20.834662807071116 ], [ -98.565760422633289, 20.831661927206181 ], [ -98.567472887693498, 20.833258108845275 ], [ -98.573040218197448, 20.832592889252091 ] ] ] } },
{ "type": "Feature", "properties": { "cve_edo": "13", "cve_mpo_ine": "080", "cve_edo_mpo_ine": "13080", "nom_mpo": "YAHUALICA", "nom_edo": "Hidalgo", "alianza_ganadora": "Va por México", "margen_pp": 25.900364905600508, "por_participacion": 70.7526519616097 }, "geometry": { "type": "Polygon", "coordinates": [ [ [ -98.452655488274019, 20.966781852336688 ], [ -98.443949459497944, 20.981389719086245 ], [ -98.439662913524785, 20.980542072968266 ], [ -98.434930721168584, 20.983182145501058 ], [ -98.428527991745625, 20.990358562031709 ], [ -98.427847611157674, 20.998354745537398 ], [ -98.418651348497505, 20.996826983979716 ], [ -98.41094346387591, 20.998843430263488 ], [ -98.41018426671782, 20.993709737008391 ], [ -98.399953096116207, 20.990465075067085 ], [ -98.396951471331519, 20.99203308981636 ], [ -98.391368552151064, 20.987843412558451 ], [ -98.377424521928475, 20.990965452602865 ], [ -98.371723689993189, 20.987437196514694 ], [ -98.37531515752552, 20.984711712352805 ], [ -98.37532194486333, 20.979496441414625 ], [ -98.36127461398101, 20.972683136435311 ], [ -98.355467418104055, 20.962034893009186 ], [ -98.3499975429676, 20.962521300686422 ], [ -98.343249353025513, 20.952740084104455 ], [ -98.342198777790969, 20.947522773867885 ], [ -98.3470202576585, 20.947739013715839 ], [ -98.3482602329142, 20.944264524522545 ], [ -98.35267366037624, 20.941954963494997 ], [ -98.348559962545536, 20.940374326785175 ], [ -98.350150571771238, 20.93830778486371 ], [ -98.340983389101424, 20.934730560730774 ], [ -98.339577761350967, 20.931126792621477 ], [ -98.332289173806259, 20.929787891497302 ], [ -98.318821226307037, 20.932078389030199 ], [ -98.315001290750629, 20.935251206666813 ], [ -98.310143825210119, 20.923790178132851 ], [ -98.31141059202983, 20.919926410819428 ], [ -98.302946425610429, 20.915913044386322 ], [ -98.295929447414466, 20.918795856325993 ], [ -98.295484756737181, 20.912868463049438 ], [ -98.299915392941529, 20.908760434825428 ], [ -98.306002438399688, 20.907304228856624 ], [ -98.310431940680644, 20.8931505967718 ], [ -98.322524737696511, 20.886706402409214 ], [ -98.332060798223949, 20.874329195351081 ], [ -98.343058436546315, 20.871243468347227 ], [ -98.348619390006803, 20.860789892021547 ], [ -98.352021496562173, 20.861385664573369 ], [ -98.356511597782713, 20.857906663729519 ], [ -98.360287001366643, 20.861991646166903 ], [ -98.36761691122598, 20.862889527238178 ], [ -98.380082223397423, 20.851745973644277 ], [ -98.389351906508296, 20.856505650330426 ], [ -98.395224999846036, 20.855378419416397 ], [ -98.400584004478475, 20.85954959217111 ], [ -98.408513969073908, 20.853637746385647 ], [ -98.411677943799177, 20.853643462110984 ], [ -98.413755666309086, 20.84885559126991 ], [ -98.416565222401587, 20.848440266264081 ], [ -98.419747773318221, 20.851261977580346 ], [ -98.425590921057577, 20.84887630171421 ], [ -98.430856774218697, 20.856535006136372 ], [ -98.438619892044287, 20.860883120607468 ], [ -98.441277825176385, 20.865584558943596 ], [ -98.43219251482418, 20.864884209027256 ], [ -98.446691000708853, 20.883381719279633 ], [ -98.444244039356889, 20.886536599695695 ], [ -98.445260555665797, 20.890997865092537 ], [ -98.443347621577274, 20.895638856686517 ], [ -98.443654887265865, 20.898780259221081 ], [ -98.446466490141546, 20.89843568386139 ], [ -98.439745768265695, 20.902686559600156 ], [ -98.44092930766945, 20.905203396902706 ], [ -98.437173897445007, 20.917296942997826 ], [ -98.422300029827113, 20.920552498953196 ], [ -98.424081747678855, 20.925837298166542 ], [ -98.422356065194762, 20.933330515470814 ], [ -98.426522260426026, 20.934261814325044 ], [ -98.42874103652909, 20.932266232687695 ], [ -98.429518299448461, 20.93569486657276 ], [ -98.425519189193764, 20.946093736087409 ], [ -98.42673837787288, 20.956674438956284 ], [ -98.429925956020355, 20.961538924797381 ], [ -98.439647135293271, 20.95892817743529 ], [ -98.448395592496567, 20.961656260541822 ], [ -98.449999764387655, 20.966280012328816 ], [ -98.452655488274019, 20.966781852336688 ] ] ] } },
{ "type": "Feature", "properties": { "cve_edo": "13", "cve_mpo_ine": "081", "cve_edo_mpo_ine": "13081", "nom_mpo": "ZACUALTIPAN DE ANGELES", "nom_edo": "Hidalgo", "alianza_ganadora": "Juntos Haremos Historia", "margen_pp": 20.126595858813431, "por_participacion": 33.442164179104481 }, "geometry": { "type": "Polygon", "coordinates": [ [ [ -98.567560038919936, 20.604456407913364 ], [ -98.574089020118421, 20.599854659450706 ], [ -98.573537973165287, 20.593520623389999 ], [ -98.579634918447582, 20.582088630225986 ], [ -98.599856321662898, 20.591167960654001 ], [ -98.620259054854131, 20.588369460522344 ], [ -98.623746708492405, 20.593682771854564 ], [ -98.631851337223964, 20.589872501709142 ], [ -98.637118722335018, 20.590931629145274 ], [ -98.64477275851533, 20.583435730374315 ], [ -98.641553646674438, 20.582841523085474 ], [ -98.639805743823032, 20.569384551714656 ], [ -98.647586290282476, 20.559778641401682 ], [ -98.659494043058189, 20.568191934295374 ], [ -98.662499333616012, 20.576481749801967 ], [ -98.664609231042917, 20.576284341604865 ], [ -98.666625851742509, 20.5712035048997 ], [ -98.669086938338467, 20.571048996727068 ], [ -98.668835452659721, 20.573268544340308 ], [ -98.674596175211363, 20.57807164340641 ], [ -98.681966538448876, 20.576334073504444 ], [ -98.68871313903422, 20.585445279167097 ], [ -98.681664556248535, 20.590427811819545 ], [ -98.683965155730533, 20.598028562984695 ], [ -98.680087366695915, 20.602357948906235 ], [ -98.680693338331892, 20.609948369440506 ], [ -98.683727536739937, 20.610920396321298 ], [ -98.683707092697816, 20.615148931882516 ], [ -98.688498626737086, 20.615302420424651 ], [ -98.689800415328619, 20.624140740721096 ], [ -98.693422564272623, 20.624452838890356 ], [ -98.700090907942297, 20.635644991750102 ], [ -98.706631966920355, 20.661719289352241 ], [ -98.704656661667627, 20.659095698405487 ], [ -98.705392843357956, 20.664157878029751 ], [ -98.700615052959321, 20.660771266286357 ], [ -98.690251657694702, 20.664108324647888 ], [ -98.686691834847181, 20.662801560599476 ], [ -98.685275003985495, 20.66565349466731 ], [ -98.681843174519642, 20.662067262530815 ], [ -98.679487475833923, 20.665618188557307 ], [ -98.68637579664275, 20.6798385406058 ], [ -98.692970884109855, 20.682283012674862 ], [ -98.694155849389432, 20.679015050748038 ], [ -98.701284477632768, 20.679928508552074 ], [ -98.704080082202836, 20.682225379316424 ], [ -98.704235177012279, 20.686537849283713 ], [ -98.711957455141317, 20.691870408564345 ], [ -98.704858315711135, 20.698045745620465 ], [ -98.70384068624324, 20.69541237244454 ], [ -98.698273552983949, 20.69542132618141 ], [ -98.688748579549923, 20.698810086252482 ], [ -98.689061111261864, 20.701243407005418 ], [ -98.67792741726727, 20.70138403542553 ], [ -98.66811871542636, 20.706054146668897 ], [ -98.667305423159263, 20.700801855996627 ], [ -98.664437389008597, 20.701154993350425 ], [ -98.662830391117211, 20.697157871547773 ], [ -98.656637854251841, 20.699768994312979 ], [ -98.648494534411981, 20.699584067533365 ], [ -98.644905771188988, 20.706473649288139 ], [ -98.646255300725031, 20.697451837649723 ], [ -98.642899141335349, 20.694666786833395 ], [ -98.640146575095727, 20.685304492019057 ], [ -98.642450968277615, 20.679127596930439 ], [ -98.647290892988948, 20.676680149377272 ], [ -98.619514477306424, 20.682816122415407 ], [ -98.60076530955196, 20.691513484111894 ], [ -98.589728013929971, 20.707096494917373 ], [ -98.582511545151775, 20.705166109786891 ], [ -98.580151032263714, 20.712251289755681 ], [ -98.582333610265692, 20.714839473744298 ], [ -98.579015702051578, 20.718501378162795 ], [ -98.571110622143834, 20.719137751923068 ], [ -98.572017204488489, 20.713798786136969 ], [ -98.574703956204189, 20.712415114942804 ], [ -98.574609076340451, 20.706132695408435 ], [ -98.576884921826291, 20.704627973027424 ], [ -98.575757399316402, 20.702114694945752 ], [ -98.573992048941477, 20.700722141858765 ], [ -98.563883527187571, 20.705135855591166 ], [ -98.561599788014249, 20.725861764157024 ], [ -98.550694360162268, 20.734786009741221 ], [ -98.539366452666172, 20.731146406980475 ], [ -98.532187434558836, 20.72545143661506 ], [ -98.532113399353378, 20.722641117028179 ], [ -98.536501354621649, 20.721576750830643 ], [ -98.530278985670208, 20.708501040516889 ], [ -98.532899393287963, 20.701480234603117 ], [ -98.538780632949866, 20.698283456699265 ], [ -98.540920809296338, 20.693122111444854 ], [ -98.550320088211308, 20.689736356938912 ], [ -98.54865505745893, 20.683562079472058 ], [ -98.538189892601864, 20.678666111687342 ], [ -98.535880416401781, 20.682709276582571 ], [ -98.53636866370536, 20.689539585466928 ], [ -98.530423749760942, 20.683549535858067 ], [ -98.522573039564719, 20.682763057843534 ], [ -98.518049601613015, 20.68439411635347 ], [ -98.515437857208198, 20.689883684387738 ], [ -98.510968832514379, 20.692176926192893 ], [ -98.508807401356592, 20.690882468971704 ], [ -98.507320902858353, 20.694391737817263 ], [ -98.501689046712912, 20.695023228394383 ], [ -98.494495195352343, 20.701894354862148 ], [ -98.484328291663545, 20.705852091279294 ], [ -98.47629049946589, 20.70598889337753 ], [ -98.463828516064396, 20.713060218198944 ], [ -98.460899293130112, 20.712774465712794 ], [ -98.443707395811629, 20.728769278615278 ], [ -98.439973339805249, 20.737277564031746 ], [ -98.424833000276521, 20.748837609674347 ], [ -98.420767645114964, 20.741870394257205 ], [ -98.424619432814666, 20.730786876040881 ], [ -98.432909184104417, 20.717982195778713 ], [ -98.428557064119474, 20.71579832415442 ], [ -98.439328272699115, 20.709098284613503 ], [ -98.443473023830492, 20.709803177179683 ], [ -98.445581021681946, 20.694194898683577 ], [ -98.450467871840402, 20.701725081858196 ], [ -98.460290002050186, 20.69648928079874 ], [ -98.458654771769474, 20.686134985312282 ], [ -98.460270492448714, 20.677586662504989 ], [ -98.464675399923109, 20.672765520858206 ], [ -98.464022206774231, 20.667167646715274 ], [ -98.485485659301986, 20.654451874450569 ], [ -98.487328366193751, 20.649614803952868 ], [ -98.490296820485739, 20.649591031360909 ], [ -98.495059937967198, 20.643403794816713 ], [ -98.495072334184727, 20.634453579366827 ], [ -98.490476602933668, 20.626884893821288 ], [ -98.48989556864106, 20.619422858600096 ], [ -98.47903890552719, 20.594454613254769 ], [ -98.482292765857665, 20.587678492885949 ], [ -98.484366320559417, 20.590301397841358 ], [ -98.495837439063109, 20.589043528803394 ], [ -98.5054417027319, 20.596517004510233 ], [ -98.504731989043748, 20.607479007282532 ], [ -98.507244014266647, 20.608734025704614 ], [ -98.509485442489108, 20.616111866554032 ], [ -98.516835699319188, 20.621696358827059 ], [ -98.520201083182513, 20.627383472953031 ], [ -98.525951667075859, 20.626048496119296 ], [ -98.529222594950724, 20.627886548212505 ], [ -98.536901158055983, 20.627554512853102 ], [ -98.543425662791392, 20.624071212980127 ], [ -98.549551886756745, 20.618433811258704 ], [ -98.547252242840628, 20.610642356131006 ], [ -98.550794907375547, 20.605860496075405 ], [ -98.55442704637062, 20.605961944898187 ], [ -98.557156883951478, 20.610238154978877 ], [ -98.566393311705767, 20.614092218664211 ], [ -98.567560038919936, 20.604456407913364 ] ] ] } },
{ "type": "Feature", "properties": { "cve_edo": "13", "cve_mpo_ine": "082", "cve_edo_mpo_ine": "13082", "nom_mpo": "ZAPOTLAN DE JUAREZ", "nom_edo": "Hidalgo", "alianza_ganadora": "Juntos Haremos Historia", "margen_pp": 4.4690915022019251, "por_participacion": 37.876073392228335 }, "geometry": { "type": "Polygon", "coordinates": [ [ [ -98.904386520128782, 20.05130585794074 ], [ -98.893898561537483, 20.049121656655156 ], [ -98.891463056779557, 20.046590388447484 ], [ -98.884923005859292, 20.047727733890063 ], [ -98.860376772901972, 20.040570771235309 ], [ -98.855091055549977, 20.033272589125719 ], [ -98.856981671592763, 20.026264073191822 ], [ -98.854788921740024, 20.024088258752645 ], [ -98.855486921504337, 20.019257777848193 ], [ -98.852473854829654, 20.017243523773224 ], [ -98.850148274534632, 20.019680761325176 ], [ -98.849031394758555, 20.033803460655019 ], [ -98.854143432865399, 20.035683212584686 ], [ -98.8488267035451, 20.042405182507824 ], [ -98.859424278281907, 20.052095235391956 ], [ -98.823514887125242, 20.042995275985035 ], [ -98.830187867852089, 20.038758176501783 ], [ -98.824493532421982, 20.030422735850916 ], [ -98.808593195730268, 20.024688216182117 ], [ -98.81131559182748, 20.023249269297548 ], [ -98.790171263628821, 19.986923632363023 ], [ -98.807668727771684, 19.984750331570176 ], [ -98.816277909472959, 19.97837255012756 ], [ -98.814589784915626, 19.976992425733812 ], [ -98.816765622124549, 19.973022257431307 ], [ -98.803402339612234, 19.970405863165578 ], [ -98.842982393131891, 19.925793662428532 ], [ -98.871298083976995, 19.942856764079693 ], [ -98.879884418881574, 19.924399056508818 ], [ -98.886930833417608, 19.929711370135774 ], [ -98.88796858146263, 19.933659963932918 ], [ -98.892809489563106, 19.935182524125533 ], [ -98.8912133345938, 19.941149035031653 ], [ -98.88695320976079, 19.940501361661141 ], [ -98.886888867355111, 19.942285455963109 ], [ -98.90536591999853, 19.954053035884055 ], [ -98.906719955234834, 19.966927937960126 ], [ -98.904612613715358, 19.968492652026722 ], [ -98.904648910075196, 19.975340244478399 ], [ -98.908880551200852, 19.985200154558665 ], [ -98.903356692658278, 20.013719451237098 ], [ -98.918456211166543, 20.041777169585433 ], [ -98.918912911530569, 20.045182705213136 ], [ -98.904386520128782, 20.05130585794074 ] ] ] } },
{ "type": "Feature", "properties": { "cve_edo": "13", "cve_mpo_ine": "083", "cve_edo_mpo_ine": "13083", "nom_mpo": "ZEMPOALA", "nom_edo": "Hidalgo", "alianza_ganadora": "Va por México", "margen_pp": 4.1520409186641256, "por_participacion": 53.499664654594234 }, "geometry": { "type": "Polygon", "coordinates": [ [ [ -98.800968465281102, 20.027692094262928 ], [ -98.796824771811558, 20.035185308130742 ], [ -98.76040653256014, 20.016883098038988 ], [ -98.766335312874844, 20.00716268759103 ], [ -98.768526321832212, 19.988465156597201 ], [ -98.771910771750839, 19.985473451408843 ], [ -98.73019459395897, 19.979590072044257 ], [ -98.727230803506572, 19.994502815790838 ], [ -98.718550007616443, 19.990603438657992 ], [ -98.719320726512692, 19.986144455134436 ], [ -98.711741134688282, 19.986341079696139 ], [ -98.69353983658668, 19.97546611535746 ], [ -98.69607560275935, 19.977574846566764 ], [ -98.692368003161377, 19.985461990478974 ], [ -98.68413111969592, 19.987809174533389 ], [ -98.677548280319641, 19.983557198457348 ], [ -98.671499602556153, 19.987789823469559 ], [ -98.662668126066691, 19.981857275980946 ], [ -98.657703465745968, 19.973983401869642 ], [ -98.653203651834048, 19.957015548991738 ], [ -98.649564330560324, 19.959827880848408 ], [ -98.641781093492924, 19.953657826497619 ], [ -98.628074074487188, 19.960571421143239 ], [ -98.630569402756493, 19.96568770022731 ], [ -98.610711296074783, 19.971039395800158 ], [ -98.601484234822593, 19.979146843237789 ], [ -98.59674017397937, 19.986865891400175 ], [ -98.591987148790437, 19.983061205331484 ], [ -98.587697233958878, 19.990620550896107 ], [ -98.583904845984364, 19.991278634242445 ], [ -98.57687801063868, 19.981144577641018 ], [ -98.576171376036328, 19.969838999881109 ], [ -98.581907019221077, 19.966066802157645 ], [ -98.567306125750434, 19.9610534273863 ], [ -98.563647622683888, 19.957369479740933 ], [ -98.571686329956833, 19.95136455306573 ], [ -98.563625167747702, 19.948932236779584 ], [ -98.562093696327665, 19.950320090657058 ], [ -98.559747445840372, 19.947313997763718 ], [ -98.534479606428434, 19.948125213666692 ], [ -98.54876303234677, 19.928735135417512 ], [ -98.538741114240906, 19.925387713637029 ], [ -98.538400796577022, 19.920379033954365 ], [ -98.533857517652876, 19.916394636148958 ], [ -98.52967281287377, 19.916054166515281 ], [ -98.52792848794023, 19.907305952519742 ], [ -98.533865328795969, 19.902787303910163 ], [ -98.534782709248162, 19.890762693226279 ], [ -98.539474636513575, 19.887924467189404 ], [ -98.56038495252912, 19.890368980095822 ], [ -98.56447483670415, 19.88462764909869 ], [ -98.571235979773022, 19.88363322336458 ], [ -98.573898991480263, 19.880190778222531 ], [ -98.57580614916921, 19.863421287623481 ], [ -98.581889569957582, 19.860805314860219 ], [ -98.586164965933889, 19.863006838046882 ], [ -98.586185493250611, 19.861435391297871 ], [ -98.589264497403789, 19.861720065749935 ], [ -98.590747547717584, 19.855037265606835 ], [ -98.61282335553345, 19.848017885012062 ], [ -98.620202467509117, 19.834992944855053 ], [ -98.625345161903013, 19.837575902110476 ], [ -98.626194777412138, 19.852971866038171 ], [ -98.63186148784547, 19.851011092245407 ], [ -98.632594166081418, 19.848289811773054 ], [ -98.644015437085372, 19.846560788653285 ], [ -98.646123998572136, 19.849976667949061 ], [ -98.650485916880825, 19.849985550104833 ], [ -98.651841809058411, 19.853144536769637 ], [ -98.660518392550657, 19.842736714235127 ], [ -98.660110728801897, 19.837084527151781 ], [ -98.675041925347969, 19.835045755603428 ], [ -98.685267201461528, 19.840539393355627 ], [ -98.688622960194266, 19.844893365212151 ], [ -98.684220226319539, 19.849423665828606 ], [ -98.697705684459194, 19.858419100823518 ], [ -98.704440812446933, 19.855246977529415 ], [ -98.713247702231669, 19.854515524019689 ], [ -98.718224104609888, 19.863032429898709 ], [ -98.727318812351243, 19.865454850754645 ], [ -98.732641479188445, 19.870515966823575 ], [ -98.752334512996015, 19.875119279471107 ], [ -98.755050306830228, 19.872962271036815 ], [ -98.756989040099668, 19.886115683416296 ], [ -98.752297533964835, 19.897001593927197 ], [ -98.75665691530331, 19.903802171451403 ], [ -98.754154429663842, 19.908503549760187 ], [ -98.742057128454888, 19.911967522989478 ], [ -98.742790588062817, 19.9225340766241 ], [ -98.750089214424989, 19.930659596381076 ], [ -98.756307078973947, 19.93256078820529 ], [ -98.757951363886903, 19.937290123091913 ], [ -98.75670999683841, 19.944453659547904 ], [ -98.77175969624416, 19.947146593662385 ], [ -98.781657371250105, 19.957095459383513 ], [ -98.803402339612234, 19.970405863165578 ], [ -98.816765622124549, 19.973022257431307 ], [ -98.814589784915626, 19.976992425733812 ], [ -98.816277909472959, 19.97837255012756 ], [ -98.807668727771684, 19.984750331570176 ], [ -98.790171263628821, 19.986923632363023 ], [ -98.81131559182748, 20.023249269297548 ], [ -98.808593195730268, 20.024688216182117 ], [ -98.824493532421982, 20.030422735850916 ], [ -98.826298671820325, 20.034072661093656 ], [ -98.822055235984465, 20.039133415658849 ], [ -98.800968465281102, 20.027692094262928 ] ] ] } },
{ "type": "Feature", "properties": { "cve_edo": "13", "cve_mpo_ine": "084", "cve_edo_mpo_ine": "13084", "nom_mpo": "ZIMAPAN", "nom_edo": "Hidalgo", "alianza_ganadora": "Juntos Haremos Historia", "margen_pp": 18.463366336633662, "por_participacion": 39.638932496075363 }, "geometry": { "type": "Polygon", "coordinates": [ [ [ -99.270887873774925, 20.636713320390264 ], [ -99.266566657020249, 20.620619609971865 ], [ -99.262527849151269, 20.62032156279674 ], [ -99.255450186577491, 20.613359668917223 ], [ -99.255512862053038, 20.607860422902046 ], [ -99.262252238802716, 20.596256010358477 ], [ -99.271152108539013, 20.590527403857958 ], [ -99.272677264978412, 20.585072552224549 ], [ -99.277523192704209, 20.603854927167237 ], [ -99.28273042993456, 20.607214804132827 ], [ -99.282967547828804, 20.602005351579066 ], [ -99.28946922594406, 20.592756296378958 ], [ -99.302348198434473, 20.585380023599285 ], [ -99.305687771790829, 20.576579114927821 ], [ -99.313882620981929, 20.570929694492918 ], [ -99.315461559346815, 20.573744320597079 ], [ -99.326812762665156, 20.578395892059351 ], [ -99.328391250207346, 20.583939400063404 ], [ -99.335766809403395, 20.576344122471532 ], [ -99.348875324614696, 20.574919016861656 ], [ -99.352677976901063, 20.583567080614404 ], [ -99.361105250511073, 20.581761236141563 ], [ -99.363738934012261, 20.577175687994085 ], [ -99.368830024906899, 20.582848299849026 ], [ -99.369005493456612, 20.589133526993127 ], [ -99.371814639834341, 20.588352182570365 ], [ -99.376789243860912, 20.591047284610433 ], [ -99.384163092074871, 20.588039647687076 ], [ -99.387499198779366, 20.590608022796879 ], [ -99.390075101175768, 20.597351437670518 ], [ -99.39563490431253, 20.595746590720527 ], [ -99.400786202704026, 20.600839427310902 ], [ -99.404297493600538, 20.598983445744675 ], [ -99.409917756675938, 20.605399761824287 ], [ -99.411672635268303, 20.601556643596815 ], [ -99.415067759244053, 20.603214886782137 ], [ -99.415359425392552, 20.599824708970328 ], [ -99.420160355810339, 20.604999206058121 ], [ -99.425017665328653, 20.603144461003811 ], [ -99.427945695030928, 20.607406810650659 ], [ -99.434324945338403, 20.606008433196109 ], [ -99.440296294309263, 20.60886820819411 ], [ -99.451064987587841, 20.606936532448941 ], [ -99.452646979030021, 20.610080631443406 ], [ -99.449723384868619, 20.615866259326925 ], [ -99.449553443275704, 20.626864606656554 ], [ -99.456811881031243, 20.626417319092319 ], [ -99.459331012197168, 20.629893076256121 ], [ -99.461788491116167, 20.627952178412649 ], [ -99.473967054553398, 20.631850469950045 ], [ -99.481814877013576, 20.63669516292277 ], [ -99.481349752460886, 20.64111894925157 ], [ -99.487323517814104, 20.644225129825973 ], [ -99.491772157785917, 20.643319157629513 ], [ -99.492536002752558, 20.646792966788908 ], [ -99.489378103915101, 20.651338611128178 ], [ -99.494765264427627, 20.652376661355948 ], [ -99.494593391213428, 20.657007438183605 ], [ -99.501797063623229, 20.659493855038129 ], [ -99.500924196505068, 20.665777995740541 ], [ -99.503678764665167, 20.668757065944323 ], [ -99.499817642212065, 20.672764855561461 ], [ -99.504325655007989, 20.67194128657459 ], [ -99.511066331221357, 20.67938862131372 ], [ -99.506148456368706, 20.680460156844582 ], [ -99.504512264659695, 20.684345605500308 ], [ -99.508202825694482, 20.685795425043178 ], [ -99.509139632017465, 20.690102246546516 ], [ -99.523086297563893, 20.702890040131404 ], [ -99.534212826772816, 20.707334002700787 ], [ -99.539751372180262, 20.7177707273739 ], [ -99.543401241943272, 20.719155578816043 ], [ -99.544334959682629, 20.726061130661908 ], [ -99.547999463217153, 20.729308079493276 ], [ -99.547849866419014, 20.737502647358067 ], [ -99.544228424702027, 20.746597173228245 ], [ -99.531052160172919, 20.751221003113365 ], [ -99.52648789866933, 20.756386690300548 ], [ -99.521389994323243, 20.755556643464967 ], [ -99.518466002126928, 20.760971222263251 ], [ -99.514429506292444, 20.761459854408294 ], [ -99.50970431725078, 20.765543579890863 ], [ -99.504068532892063, 20.765659603940382 ], [ -99.505176952395303, 20.772564326417736 ], [ -99.50172723001036, 20.774529696724276 ], [ -99.501058660291648, 20.779375630663417 ], [ -99.495851459614443, 20.781930574379224 ], [ -99.496988597930823, 20.784820860002956 ], [ -99.500991722494192, 20.786163109566338 ], [ -99.503166449365821, 20.794303105521241 ], [ -99.49669674769045, 20.791469853478667 ], [ -99.488441430967057, 20.800766378504687 ], [ -99.490669907814095, 20.802628774802262 ], [ -99.497819518819554, 20.802386247063943 ], [ -99.499638576169872, 20.805033800964111 ], [ -99.493955479948099, 20.807055463014098 ], [ -99.493665678181387, 20.81094182780592 ], [ -99.485758712112187, 20.817550963297069 ], [ -99.485004411854817, 20.827390852392785 ], [ -99.489170386719422, 20.832769309526508 ], [ -99.482317597855101, 20.839833951205179 ], [ -99.478800146997301, 20.839458836684351 ], [ -99.475403207414772, 20.843631887669353 ], [ -99.467139597712858, 20.846601369171161 ], [ -99.465382946272797, 20.849700729121942 ], [ -99.457643843086544, 20.848370194840957 ], [ -99.454425536697414, 20.858662327788934 ], [ -99.44615603317061, 20.852782608788363 ], [ -99.448152771048868, 20.859276131240193 ], [ -99.439762913030094, 20.873323282488517 ], [ -99.441518729134714, 20.881429607842016 ], [ -99.435737333889534, 20.8888670339906 ], [ -99.435624815038139, 20.899203561875446 ], [ -99.412052372100945, 20.905874020846387 ], [ -99.415274216135771, 20.925185336606138 ], [ -99.40428343327136, 20.928485664795101 ], [ -99.400217418476032, 20.924336263608254 ], [ -99.404039282147636, 20.918947124415112 ], [ -99.396724785158682, 20.916501231561615 ], [ -99.394850297825215, 20.910499591174379 ], [ -99.389251500171682, 20.905836999937947 ], [ -99.383888825138953, 20.889108238188438 ], [ -99.376653812727398, 20.88053188842753 ], [ -99.368838884671788, 20.892606726914124 ], [ -99.350960433703747, 20.898378364973244 ], [ -99.342039403961991, 20.894550458809292 ], [ -99.334950949713956, 20.888463219922034 ], [ -99.334176710180486, 20.884715983595317 ], [ -99.338024304951631, 20.880608488941466 ], [ -99.326363411784072, 20.871245163281259 ], [ -99.331146406227035, 20.867040859086533 ], [ -99.335250862514584, 20.867225643867098 ], [ -99.335295095834368, 20.863383196063577 ], [ -99.320404202624786, 20.869023072580013 ], [ -99.316851435244644, 20.860815499592128 ], [ -99.312516260989142, 20.857700827971811 ], [ -99.306794061023396, 20.864934485775265 ], [ -99.301161477153542, 20.880097961247781 ], [ -99.296276889935143, 20.882072258898333 ], [ -99.296327161006388, 20.884756596285751 ], [ -99.292646191992191, 20.885308035973388 ], [ -99.293046314097211, 20.887904461484691 ], [ -99.290670924359361, 20.889344900096379 ], [ -99.28372577631427, 20.884533958335354 ], [ -99.271858150368914, 20.892272051001303 ], [ -99.278864479673473, 20.906666263604833 ], [ -99.274071093942283, 20.91045614321429 ], [ -99.274929982675417, 20.918828977081411 ], [ -99.268499822756809, 20.92603061410043 ], [ -99.263397006769353, 20.925817848976987 ], [ -99.2606985050719, 20.922512160756451 ], [ -99.25451832446349, 20.921075954656686 ], [ -99.246973330202664, 20.912348118830653 ], [ -99.243518250619687, 20.912482047819047 ], [ -99.234068627252157, 20.924477701756604 ], [ -99.236655949201136, 20.931338020616771 ], [ -99.232981933317319, 20.932342461003746 ], [ -99.224350931347814, 20.942472922155723 ], [ -99.228097902751117, 20.947863107111584 ], [ -99.221193858508229, 20.953663518186978 ], [ -99.220435860897155, 20.951011740133431 ], [ -99.212110277773562, 20.945281867633486 ], [ -99.208958586340188, 20.936248037172689 ], [ -99.206202442248312, 20.934752100447799 ], [ -99.20922318925804, 20.9218780755998 ], [ -99.205827662322733, 20.917482018016052 ], [ -99.207593246543283, 20.915290355016516 ], [ -99.204085756009974, 20.908409242204176 ], [ -99.200569853852571, 20.905627972562549 ], [ -99.19871528193184, 20.894567061551097 ], [ -99.203055748509314, 20.888740580574822 ], [ -99.203006047397523, 20.880470939754275 ], [ -99.206057040291839, 20.878700497241567 ], [ -99.197209721123457, 20.872683175035139 ], [ -99.202193446852377, 20.872819619947101 ], [ -99.202900631399629, 20.869513555509169 ], [ -99.208474688124895, 20.865723248320709 ], [ -99.209302921007719, 20.858613464216294 ], [ -99.212706175835521, 20.855851416321858 ], [ -99.210305843406005, 20.852579136182502 ], [ -99.218231419053495, 20.84131026627859 ], [ -99.216888661508236, 20.835725112598347 ], [ -99.208800106393738, 20.834837279658814 ], [ -99.210624644469689, 20.827729892159844 ], [ -99.208111965926406, 20.820281156768896 ], [ -99.210578688104818, 20.815490810154593 ], [ -99.217909445648203, 20.811125583998415 ], [ -99.230747295645259, 20.808592175229236 ], [ -99.232097808687712, 20.80578363672365 ], [ -99.237136431989654, 20.807697175087423 ], [ -99.240128900282301, 20.803610518422339 ], [ -99.240432688894856, 20.790793355866072 ], [ -99.237044868331097, 20.777926457544464 ], [ -99.233942701540599, 20.773991301750662 ], [ -99.226971462907542, 20.772238535451905 ], [ -99.226799718710367, 20.767896586485925 ], [ -99.233719739525284, 20.761090194304632 ], [ -99.24122214778744, 20.7577167315659 ], [ -99.252468131446591, 20.761835178868782 ], [ -99.263605995406522, 20.753672295329736 ], [ -99.264955027183817, 20.751442363276873 ], [ -99.255823024437021, 20.741292502073073 ], [ -99.25700746519567, 20.723887497504531 ], [ -99.261696372440213, 20.719886815367691 ], [ -99.263516937361345, 20.713026897506246 ], [ -99.267911884891319, 20.709935082287888 ], [ -99.273599334259245, 20.700230120300244 ], [ -99.275707030767649, 20.70139222445875 ], [ -99.276879681259757, 20.69924452690945 ], [ -99.279102491332438, 20.70383872810233 ], [ -99.281212166839097, 20.701734258826338 ], [ -99.277526827814114, 20.694408108539399 ], [ -99.278992243646059, 20.692219647441124 ], [ -99.274954213265076, 20.6875803493955 ], [ -99.276420435392325, 20.68402741609788 ], [ -99.285849674527256, 20.68226857459247 ], [ -99.272443369631631, 20.676080307285549 ], [ -99.27320796747108, 20.67078930360195 ], [ -99.270808690457798, 20.668468794124898 ], [ -99.273154101342385, 20.663387826182753 ], [ -99.281119198647914, 20.660096316459445 ], [ -99.284401140887681, 20.654644961628804 ], [ -99.279719320286219, 20.651038157987347 ], [ -99.274273525682005, 20.652350111595968 ], [ -99.277671467003898, 20.648842498024038 ], [ -99.277032063715794, 20.641274408479877 ], [ -99.274985851561425, 20.636721848247678 ], [ -99.270887873774925, 20.636713320390264 ] ] ] } }
]
}
