{
"type": "FeatureCollection",
"name": "23",
"crs": { "type": "name", "properties": { "name": "urn:ogc:def:crs:OGC:1.3:CRS84" } },
"features": [
{ "type": "Feature", "properties": { "cve_edo": "23", "cve_mpo_ine": "010", "cve_edo_mpo_ine": "23010", "nom_mpo": "BACALAR", "nom_edo": "Quintana Roo", "alianza_ganadora": "Juntos Haremos Historia", "margen_pp": 11.591335138512809, "por_participacion": 60.170447424489282 }, "geometry": { "type": "Polygon", "coordinates": [ [ [ -87.549664578344604, 19.118597137061826 ], [ -87.549436379298541, 19.105707285267727 ], [ -87.552648935590256, 19.095673172709429 ], [ -87.550163505235773, 19.085739868762452 ], [ -87.55591413132413, 19.070713758210449 ], [ -87.557548744717408, 19.067721011935514 ], [ -87.563491203918957, 19.066390549498696 ], [ -87.570209894491342, 19.055912572086118 ], [ -87.572388669360194, 19.044736438453242 ], [ -87.582290246850604, 19.0296268028825 ], [ -87.590631855126048, 19.005572155374193 ], [ -87.595255946508829, 19.001564268269586 ], [ -87.598098601727088, 18.993187257579173 ], [ -87.603959486336905, 18.987979482006953 ], [ -87.607453907102226, 18.974895109268186 ], [ -87.615000151471605, 18.962539342143025 ], [ -87.648258972650694, 18.976463589377769 ], [ -88.048715126605913, 18.980481138335893 ], [ -88.061575996544661, 18.977130951788187 ], [ -88.062536621554699, 18.980457286999656 ], [ -88.064398428398349, 18.976984082870516 ], [ -88.087289524922539, 18.977092732432343 ], [ -88.084925794017664, 18.927783684975374 ], [ -88.138854214840535, 18.927594239542273 ], [ -88.14398578505488, 18.900253964314022 ], [ -88.169993502925124, 18.90191197022364 ], [ -88.186422551875054, 18.866363603141906 ], [ -88.190089672883516, 18.864748417326204 ], [ -88.205723517630872, 18.868468808676287 ], [ -88.221418596409137, 18.876007806904926 ], [ -88.230364645469265, 18.873934221605314 ], [ -88.260935899060058, 18.824389903600387 ], [ -88.272638798432908, 18.79871636821083 ], [ -88.277156792117083, 18.792404843572459 ], [ -88.301027083913553, 18.771256902319685 ], [ -88.304241957119459, 18.764648924641602 ], [ -88.304847545605597, 18.756696991176231 ], [ -88.354976382215284, 18.718804084565853 ], [ -88.372422120978101, 18.710266179163384 ], [ -88.378042773646257, 18.70300921342719 ], [ -88.380515115388889, 18.692391122909793 ], [ -88.380200556880553, 18.680709480047682 ], [ -88.395019828234652, 18.654814360634106 ], [ -88.402771046297687, 18.649769326608258 ], [ -88.40585548798596, 18.642691896720279 ], [ -88.411497439986547, 18.642679841410324 ], [ -88.41378138878801, 18.627707649220483 ], [ -88.560412695024453, 18.649050764728702 ], [ -88.585325802511008, 18.658158404577861 ], [ -88.587020376826104, 18.627420525014106 ], [ -88.75321080456456, 18.626099586394105 ], [ -88.753750124234472, 18.759542242307912 ], [ -88.824891903469123, 18.75924715881688 ], [ -88.826790139474284, 18.819887933355027 ], [ -88.922987070227592, 18.818635775464774 ], [ -88.923712501167628, 18.795624686032379 ], [ -88.966185198381396, 18.797563462493191 ], [ -88.965055636316393, 18.816768038808704 ], [ -89.006659995882643, 18.816852058020284 ], [ -89.006548711842157, 18.865265819319909 ], [ -89.061793912941567, 18.857400873421163 ], [ -89.066256675209118, 18.887554923174061 ], [ -89.148601547967118, 18.877307055111235 ], [ -89.264262297766578, 18.872887475254775 ], [ -89.250116917621895, 18.917504736893147 ], [ -89.249983553695486, 19.001145528610976 ], [ -89.147799648456896, 19.000523311301066 ], [ -89.147867738101496, 19.226579027357435 ], [ -88.717430498135897, 19.231075000079365 ], [ -88.717483457151104, 19.218236091436147 ], [ -88.598393282131738, 19.218243089603703 ], [ -88.589889620886879, 19.212320556037341 ], [ -88.589854657356355, 19.189470187698159 ], [ -88.555269836579569, 19.189499724836882 ], [ -88.555524354600294, 19.201648194673492 ], [ -88.48485792028238, 19.202471273120715 ], [ -88.482549934389169, 19.195885476013871 ], [ -88.473762589643215, 19.193875244404126 ], [ -88.385242578597584, 19.19818682597171 ], [ -88.398922525084558, 19.172748218754453 ], [ -88.423574976960353, 19.096891339765971 ], [ -88.387873262177351, 19.094013367419091 ], [ -88.24245317728672, 19.051804266124833 ], [ -88.224499551257921, 19.1011505558685 ], [ -88.220040275229096, 19.107154999794531 ], [ -88.220737597580538, 19.115727745342546 ], [ -88.20842435062923, 19.156602602507462 ], [ -88.173020584479758, 19.150175866373189 ], [ -88.172927187875757, 19.140336466488662 ], [ -88.168106584431726, 19.14239737583739 ], [ -88.144514616128319, 19.141168223378408 ], [ -88.079229502772762, 19.126361615240882 ], [ -88.017043816434708, 19.116608318583857 ], [ -87.549664578344604, 19.118597137061826 ] ] ] } },
{ "type": "Feature", "properties": { "cve_edo": "23", "cve_mpo_ine": "001", "cve_edo_mpo_ine": "23001", "nom_mpo": "BENITO JUAREZ", "nom_edo": "Quintana Roo", "alianza_ganadora": "Juntos Haremos Historia", "margen_pp": 21.34546964429645, "por_participacion": 38.931705407559903 }, "geometry": { "type": "Polygon", "coordinates": [ [ [ -86.802009301456337, 21.211949674251919 ], [ -86.806900171746236, 21.180635367152423 ], [ -86.798155973063402, 21.155056682957365 ], [ -86.788954066017098, 21.147400218479774 ], [ -86.787376383599138, 21.143150023029577 ], [ -86.779937956630974, 21.146309598546978 ], [ -86.762472293317074, 21.136804165807391 ], [ -86.756604877149172, 21.136506087270401 ], [ -86.74978305697789, 21.139804290770673 ], [ -86.745299312560306, 21.136630914355496 ], [ -86.74093631545486, 21.138248709156674 ], [ -86.740678899779539, 21.135248171386863 ], [ -86.74585015991434, 21.133036130360239 ], [ -86.751423323213004, 21.125951274574472 ], [ -86.768868267483242, 21.089460729593988 ], [ -86.781649237590855, 21.050400106246922 ], [ -86.781402675807769, 21.039491900049928 ], [ -86.77953580728007, 21.036507556269161 ], [ -86.777408531479779, 21.037104821524146 ], [ -86.77980128432101, 21.031144068691344 ], [ -86.787237845860801, 21.030011725427773 ], [ -86.795872720308338, 21.037272572653237 ], [ -86.795450826107214, 21.034727745468292 ], [ -86.800895757680692, 21.035460293914035 ], [ -86.807606728840611, 21.031516904319439 ], [ -86.813402141010585, 21.022459388378639 ], [ -86.830094858069614, 20.97527945513912 ], [ -86.829770137296833, 20.9667686709736 ], [ -86.834073324154218, 20.957082662277919 ], [ -86.837257591746749, 20.935532091595569 ], [ -86.859275506641254, 20.934660800593679 ], [ -86.8597097627583, 20.932063792199472 ], [ -87.079736036040558, 20.931510219308514 ], [ -87.07866808586013, 21.098842731203785 ], [ -87.09716011286713, 21.098680066007798 ], [ -87.097160124773083, 21.211952288751977 ], [ -86.997473737727091, 21.211952300496794 ], [ -86.997502046404023, 21.217156215020502 ], [ -86.978112986925865, 21.217154796808643 ], [ -86.978082409113412, 21.211952297579131 ], [ -86.914564326951137, 21.21195230251967 ], [ -86.914502577362526, 21.210135863429066 ], [ -86.802009301456337, 21.211949674251919 ] ] ] } },
{ "type": "Feature", "properties": { "cve_edo": "23", "cve_mpo_ine": "002", "cve_edo_mpo_ine": "23002", "nom_mpo": "COZUMEL", "nom_edo": "Quintana Roo", "alianza_ganadora": "Juntos Haremos Historia", "margen_pp": 9.4119765407963776, "por_participacion": 54.76495696395115 }, "geometry": { "type": "MultiPolygon", "coordinates": [ [ [ [ -87.35457377728217, 20.326097737943069 ], [ -87.351640548550634, 20.320397892877054 ], [ -87.355381272417233, 20.31379292952041 ], [ -87.359015944880511, 20.318336850689317 ], [ -87.360887441349846, 20.31627308139878 ], [ -87.361119509887686, 20.314208555659846 ], [ -87.359715849391435, 20.315694447419943 ], [ -87.356787114559324, 20.314454290734904 ], [ -87.358018839017618, 20.309079998067297 ], [ -87.368203012845228, 20.313229893708069 ], [ -87.356371318434313, 20.333335266448973 ], [ -87.351760277208029, 20.331443747198389 ], [ -87.35457377728217, 20.326097737943069 ] ] ], [ [ [ -86.893045023972675, 20.565048697859115 ], [ -86.88533555691653, 20.563547461634247 ], [ -86.881081418248513, 20.55902877056819 ], [ -86.882656767739547, 20.556236403467409 ], [ -86.880469851694798, 20.547690853315999 ], [ -86.868782245361189, 20.539523190464664 ], [ -86.858499851010365, 20.544108665437005 ], [ -86.85824903497813, 20.55130070488168 ], [ -86.834298720273793, 20.55331443381127 ], [ -86.836227976256907, 20.550444264573645 ], [ -86.840926404865257, 20.549924787709891 ], [ -86.845367354324253, 20.544357033636704 ], [ -86.838394988810492, 20.541126219338295 ], [ -86.829635018547151, 20.545729245062677 ], [ -86.818813383369857, 20.547741715844264 ], [ -86.817087054389063, 20.552268353766191 ], [ -86.814040081102306, 20.552229397804521 ], [ -86.824928001349008, 20.552947278226782 ], [ -86.821717147379971, 20.555387470656157 ], [ -86.824258105171452, 20.557404727065816 ], [ -86.811635371868618, 20.555424046335087 ], [ -86.789869663154008, 20.5596098925229 ], [ -86.773939198625385, 20.571229704555474 ], [ -86.73697735855319, 20.591089333077516 ], [ -86.730976729912172, 20.598204964195077 ], [ -86.726771103426756, 20.597404765299121 ], [ -86.725343687871415, 20.592423591274716 ], [ -86.725803083843914, 20.586888590067236 ], [ -86.739916643965145, 20.554325240172215 ], [ -86.758854598359065, 20.526538077958673 ], [ -86.762677602500446, 20.510543629907524 ], [ -86.781511431312538, 20.487714767211934 ], [ -86.794458340501208, 20.466131194584932 ], [ -86.810655814649337, 20.452114410090992 ], [ -86.816579740603757, 20.442348417367022 ], [ -86.828324648035789, 20.440678661371415 ], [ -86.831415890898782, 20.43823680973108 ], [ -86.852698525323945, 20.408649444327157 ], [ -86.87842589070361, 20.378866625916572 ], [ -86.897858071849427, 20.34710032052029 ], [ -86.90058920420374, 20.344983619547317 ], [ -86.903490943682797, 20.346342583124478 ], [ -86.913849064361855, 20.336793082054172 ], [ -86.931881590457053, 20.310547068474779 ], [ -86.949603801100523, 20.301250023593553 ], [ -86.960705372060588, 20.28906012592531 ], [ -86.969790539746185, 20.284867925291209 ], [ -86.992686930995802, 20.26719218267543 ], [ -86.996915645949343, 20.266249500971593 ], [ -87.002044214223545, 20.274001321616407 ], [ -87.002139852616594, 20.281859429395208 ], [ -87.007692121781204, 20.29217988434824 ], [ -87.011383774281242, 20.295200402241747 ], [ -87.022485695509417, 20.296074012619947 ], [ -87.017537798814075, 20.311316871245619 ], [ -87.01884470773615, 20.323572363181302 ], [ -87.024987603476049, 20.333733647303085 ], [ -87.02671579798492, 20.34872316471046 ], [ -87.031218659693792, 20.359030586358351 ], [ -87.02268085723388, 20.41211035682765 ], [ -87.015252810850569, 20.428316649447989 ], [ -86.992197696086606, 20.453767531671119 ], [ -86.98840878836225, 20.462654860367461 ], [ -86.977381710394525, 20.476666744909103 ], [ -86.969640646580743, 20.493226407277692 ], [ -86.962615505784868, 20.498835237219783 ], [ -86.955971526299578, 20.508826384646902 ], [ -86.95310702891237, 20.508699857648832 ], [ -86.947659006013438, 20.513580173881 ], [ -86.940776630327861, 20.528529438800682 ], [ -86.93448593653558, 20.53023463980491 ], [ -86.940760754483961, 20.528875083931766 ], [ -86.928976090239772, 20.550523619802338 ], [ -86.926014503055328, 20.553645919389488 ], [ -86.899160737950396, 20.563966199620562 ], [ -86.895928082958605, 20.567648033992633 ], [ -86.893045023972675, 20.565048697859115 ] ] ], [ [ [ -86.86869895744681, 20.5503562775625 ], [ -86.87074874481165, 20.553607267791371 ], [ -86.866919659069609, 20.551491910277807 ], [ -86.86869895744681, 20.5503562775625 ] ] ], [ [ [ -87.191681858362656, 20.589977671571944 ], [ -87.180296215481434, 20.604990716601186 ], [ -87.136532928925817, 20.592609112552019 ], [ -87.125365415892389, 20.580412329165416 ], [ -87.123234625881196, 20.581629409678627 ], [ -87.11954510115379, 20.57794990256448 ], [ -87.131561541236636, 20.56749623096216 ], [ -87.144827417482759, 20.580377096042142 ], [ -87.155622066611841, 20.572803021724788 ], [ -87.191681858362656, 20.589977671571944 ] ] ] ] } },
{ "type": "Feature", "properties": { "cve_edo": "23", "cve_mpo_ine": "003", "cve_edo_mpo_ine": "23003", "nom_mpo": "FELIPE CARRILLO PUERTO", "nom_edo": "Quintana Roo", "alianza_ganadora": "Juntos Haremos Historia", "margen_pp": 23.945872801082544, "por_participacion": 66.107274483844421 }, "geometry": { "type": "MultiPolygon", "coordinates": [ [ [ [ -87.523379250752498, 19.61340621773407 ], [ -87.519078178924559, 19.611583018743566 ], [ -87.524359499244824, 19.604577735938957 ], [ -87.523379250752498, 19.61340621773407 ] ] ], [ [ [ -87.52026720297836, 19.628502820962716 ], [ -87.516769633941422, 19.628826663117213 ], [ -87.521919296914703, 19.624709595080514 ], [ -87.52026720297836, 19.628502820962716 ] ] ], [ [ [ -87.714779442777825, 19.647971571008277 ], [ -87.710457351484308, 19.650361659940558 ], [ -87.704295879456112, 19.646891187244741 ], [ -87.705819395173805, 19.644911792059993 ], [ -87.714779442777825, 19.647971571008277 ] ] ], [ [ [ -87.51759541999192, 19.797178013610967 ], [ -87.524574113870784, 19.800903782521864 ], [ -87.516177566541089, 19.800476447210333 ], [ -87.514534051007701, 19.802371564645764 ], [ -87.5180191531106, 19.805018507660016 ], [ -87.50926970691431, 19.805085371610826 ], [ -87.503646046073158, 19.80944883894179 ], [ -87.521623270963175, 19.807252969183232 ], [ -87.530428407716741, 19.796870159068561 ], [ -87.530635023323669, 19.801821918704746 ], [ -87.526653268180425, 19.804703446983844 ], [ -87.529798887655915, 19.805451531409012 ], [ -87.535531695521101, 19.802325292791924 ], [ -87.533753138385336, 19.807686338369514 ], [ -87.537961527755016, 19.806042879116486 ], [ -87.538290780173242, 19.809922018680446 ], [ -87.540516040652079, 19.808275213537289 ], [ -87.544114409485218, 19.811664526336848 ], [ -87.547432259729703, 19.801932126944497 ], [ -87.543847620364275, 19.79598467244098 ], [ -87.550482981341659, 19.79855353360978 ], [ -87.553942187735416, 19.806233635066768 ], [ -87.558254491897017, 19.806983035191493 ], [ -87.567640421533156, 19.79659934583157 ], [ -87.578760436984609, 19.789023449354531 ], [ -87.591241811545771, 19.765604339185085 ], [ -87.593341442478049, 19.765524663876366 ], [ -87.598862494067134, 19.757527311381633 ], [ -87.617693075833643, 19.722148892978712 ], [ -87.629995902058056, 19.709454979239673 ], [ -87.639754809338513, 19.69197113981599 ], [ -87.647061644113464, 19.674979336466567 ], [ -87.652779496836033, 19.648495447842961 ], [ -87.665617550943708, 19.618882544108693 ], [ -87.669364086019172, 19.614925040449172 ], [ -87.675311448873458, 19.613775291433942 ], [ -87.67297223900573, 19.615753677579537 ], [ -87.682173452597709, 19.616504740537117 ], [ -87.685879480913712, 19.621541870927874 ], [ -87.6827401575853, 19.620053727750346 ], [ -87.680750136412883, 19.622115042861854 ], [ -87.689699706990453, 19.627156670406332 ], [ -87.6792268825006, 19.624011710569071 ], [ -87.670589842449502, 19.627222153627219 ], [ -87.680609575799494, 19.627478909645795 ], [ -87.678851743017887, 19.629705457785885 ], [ -87.668254521271649, 19.628292732712158 ], [ -87.666721262132768, 19.632334890811876 ], [ -87.662990557564967, 19.632743866736629 ], [ -87.661581623886832, 19.63505312069347 ], [ -87.667394436024082, 19.638029630675131 ], [ -87.661575931963881, 19.636290962256233 ], [ -87.660047757072604, 19.639177748415676 ], [ -87.661792298668558, 19.639922194385797 ], [ -87.658403758303422, 19.641899359123624 ], [ -87.662949654841938, 19.64165632257922 ], [ -87.661071095380066, 19.644707817544194 ], [ -87.665383996506606, 19.644464485456663 ], [ -87.662573541109992, 19.647432565501592 ], [ -87.659672302849884, 19.644788944273632 ], [ -87.659307480920432, 19.648089501669848 ], [ -87.662444882272396, 19.650073175138765 ], [ -87.660689215287832, 19.651721896385371 ], [ -87.659179909830414, 19.650482542344147 ], [ -87.659635037449604, 19.65287616654134 ], [ -87.653327673603556, 19.655923098023781 ], [ -87.65589084591673, 19.656090779658282 ], [ -87.652851145468475, 19.658150727327833 ], [ -87.655765514265838, 19.657988681593668 ], [ -87.657498426331259, 19.661291362918892 ], [ -87.650812211081799, 19.670527057638726 ], [ -87.653133692700138, 19.672592546187861 ], [ -87.650312531452158, 19.677706032153715 ], [ -87.653687746333389, 19.678782335558957 ], [ -87.649695099259574, 19.685132445878303 ], [ -87.647485018886698, 19.684139836244565 ], [ -87.648751029581334, 19.687607138301484 ], [ -87.642788707055999, 19.691314281258975 ], [ -87.638083389679934, 19.700304104145282 ], [ -87.640877297328188, 19.701132418287411 ], [ -87.643217730800615, 19.699236943907831 ], [ -87.650848825626724, 19.687691862098813 ], [ -87.658692559886887, 19.680355349547291 ], [ -87.663937386491682, 19.680443045343551 ], [ -87.665673356450057, 19.683167971802298 ], [ -87.656690447163058, 19.684809564794126 ], [ -87.654681346926637, 19.690749161988762 ], [ -87.664145593896123, 19.685889744397723 ], [ -87.668837785291416, 19.679374946350119 ], [ -87.678384898112, 19.681776863459159 ], [ -87.700197877930208, 19.678081479547327 ], [ -87.718529224067694, 19.670585173390844 ], [ -87.725879596522745, 19.668774466242088 ], [ -87.730652660204697, 19.670097753874821 ], [ -87.73417073180768, 19.664900972100714 ], [ -87.736840764430141, 19.667460682622867 ], [ -87.737274982616356, 19.675217959765735 ], [ -87.741011835936192, 19.673487078502163 ], [ -87.745051340479961, 19.654674320125885 ], [ -87.744726638668297, 19.648567546505763 ], [ -87.740334238760241, 19.639817860695846 ], [ -87.742634863719942, 19.618693516348422 ], [ -87.749818543516966, 19.599882290898634 ], [ -87.744505475418137, 19.588656484509155 ], [ -87.735903191421457, 19.584277929224207 ], [ -87.725642749559071, 19.586499686700446 ], [ -87.733352456376892, 19.581388117546574 ], [ -87.727438653199897, 19.574947676280672 ], [ -87.720673898624739, 19.577006292314408 ], [ -87.709857567245251, 19.573120072145258 ], [ -87.715598343773109, 19.56536706167805 ], [ -87.715145155538792, 19.562395914461735 ], [ -87.711443206168624, 19.556534111002986 ], [ -87.70401211256862, 19.551247033786129 ], [ -87.698071972611146, 19.551324861848997 ], [ -87.684059815380181, 19.559400318204258 ], [ -87.678394706054817, 19.550070057981578 ], [ -87.675920175900103, 19.556422097307081 ], [ -87.677283548534106, 19.564015528593668 ], [ -87.69323926792606, 19.564359588877199 ], [ -87.688331874738054, 19.567821424929701 ], [ -87.679244694555422, 19.568226020224145 ], [ -87.673928948907516, 19.558895947380975 ], [ -87.673142496256546, 19.552540882373194 ], [ -87.669426450388045, 19.550144143596857 ], [ -87.676333404399998, 19.542310926891378 ], [ -87.672164483674237, 19.537108002971269 ], [ -87.677749558449577, 19.538186048566768 ], [ -87.687897877301864, 19.534481555418584 ], [ -87.691527348398651, 19.530110911832896 ], [ -87.70306573060904, 19.527892185422022 ], [ -87.694451743946416, 19.52714251589876 ], [ -87.681618228941133, 19.532495434919568 ], [ -87.674401121448057, 19.531828592910465 ], [ -87.677102668533081, 19.526714636264963 ], [ -87.682458215718455, 19.526967096499316 ], [ -87.693666510819625, 19.520374920753401 ], [ -87.693556269427617, 19.518971925472819 ], [ -87.687727850523416, 19.520369851002954 ], [ -87.678737051704005, 19.525808382370673 ], [ -87.678401116371376, 19.522837212975563 ], [ -87.683439388790902, 19.515909779338635 ], [ -87.674303019303323, 19.527784828664299 ], [ -87.66893726430078, 19.52976026562013 ], [ -87.664521592768551, 19.527692816605448 ], [ -87.668748139960542, 19.520187292355267 ], [ -87.673535870440375, 19.517221032487484 ], [ -87.676442447209766, 19.518214055912466 ], [ -87.668741723283532, 19.521590195506175 ], [ -87.668383323715844, 19.523570423509 ], [ -87.686130074117344, 19.513106355110708 ], [ -87.676355151274848, 19.51177710107628 ], [ -87.674497006267671, 19.510702541799667 ], [ -87.675670736034803, 19.508640545375961 ], [ -87.671823450274886, 19.50970970566059 ], [ -87.67169610643991, 19.512102783055507 ], [ -87.665061368052832, 19.511601144532879 ], [ -87.672189300896903, 19.50607899405659 ], [ -87.678633447585682, 19.497172454401419 ], [ -87.687603917680278, 19.4959426680802 ], [ -87.68225235846198, 19.495030138562651 ], [ -87.684248256028496, 19.491318350210346 ], [ -87.696828543462274, 19.489843741090993 ], [ -87.706164220519312, 19.484817257793676 ], [ -87.685883725086057, 19.490081945126978 ], [ -87.684841096740158, 19.488925680607164 ], [ -87.689863396500073, 19.485299032885539 ], [ -87.692773876777792, 19.48530152728009 ], [ -87.695710953250199, 19.479279744518557 ], [ -87.677829274760057, 19.494778508051201 ], [ -87.673166963949043, 19.49592945281174 ], [ -87.666962997987184, 19.503185556580647 ], [ -87.664753058288881, 19.502688213076464 ], [ -87.662458319540363, 19.495341232998825 ], [ -87.660476768334348, 19.495834358464315 ], [ -87.659170048793158, 19.501444675287882 ], [ -87.656726907566068, 19.501029516332729 ], [ -87.651348266436372, 19.5058927610105 ], [ -87.648874446291643, 19.511996900026375 ], [ -87.646903530811855, 19.510179208739519 ], [ -87.640001926733262, 19.516855992575604 ], [ -87.647939827719654, 19.51265607797724 ], [ -87.636923640849631, 19.527498141129737 ], [ -87.636710029096974, 19.523454193516841 ], [ -87.628819381239197, 19.5418479151027 ], [ -87.636098639149324, 19.529560303421864 ], [ -87.636674207879778, 19.530963882938959 ], [ -87.627874960573777, 19.54448757078276 ], [ -87.61852330139989, 19.551573251467488 ], [ -87.584840845638567, 19.556066973823871 ], [ -87.565239164042467, 19.562639837805122 ], [ -87.561518369680186, 19.561396188462805 ], [ -87.56433615918607, 19.557109253292499 ], [ -87.566086688288337, 19.556451749977789 ], [ -87.565141159701824, 19.55909110230629 ], [ -87.568513356234718, 19.560169097092921 ], [ -87.576562854507529, 19.557705423128869 ], [ -87.578206593387321, 19.555149568569295 ], [ -87.563297804989958, 19.555209562892408 ], [ -87.552566701687383, 19.558163499039466 ], [ -87.551488314845727, 19.563856010722528 ], [ -87.557329994765951, 19.5604818216725 ], [ -87.561513623994358, 19.562303958918239 ], [ -87.551358740063762, 19.566331562191472 ], [ -87.546962342170787, 19.560712670458393 ], [ -87.541955199230728, 19.560456802094922 ], [ -87.551993930705407, 19.556347015679165 ], [ -87.552821445710009, 19.554037637939814 ], [ -87.546631792903582, 19.557163531527049 ], [ -87.537080080536029, 19.5573126221691 ], [ -87.534613211857376, 19.561187123036447 ], [ -87.531711571402212, 19.559284046278169 ], [ -87.537350752377066, 19.550298400978729 ], [ -87.534105223400346, 19.547404463294267 ], [ -87.540294761770397, 19.544278998800554 ], [ -87.53753335250201, 19.538002375824988 ], [ -87.524245208568061, 19.540124999893212 ], [ -87.526424267229189, 19.546318287796812 ], [ -87.522150707566297, 19.539791174237173 ], [ -87.514800889983022, 19.542088651289976 ], [ -87.511165844222475, 19.546538395487442 ], [ -87.524903006605001, 19.547636020828527 ], [ -87.520062237083465, 19.559593657362562 ], [ -87.515609332795577, 19.564454651303297 ], [ -87.50990368473542, 19.564114100437926 ], [ -87.504743169588409, 19.570458993136533 ], [ -87.50148994249632, 19.568967398275685 ], [ -87.499662788059311, 19.562444375292088 ], [ -87.499872143067364, 19.56665360101708 ], [ -87.496389792318396, 19.564501266162473 ], [ -87.499634552579039, 19.56747840898743 ], [ -87.498225185049307, 19.56953887126646 ], [ -87.493333362635326, 19.569446931639014 ], [ -87.495531197835362, 19.572174536138242 ], [ -87.489815012540205, 19.573648909278642 ], [ -87.492825000759666, 19.576955814587183 ], [ -87.49902806156463, 19.571768605049765 ], [ -87.509845565866001, 19.574594777083643 ], [ -87.511470895478823, 19.575588078961442 ], [ -87.510632627444451, 19.579712826183055 ], [ -87.507020054880442, 19.579953718434393 ], [ -87.509240239711772, 19.578719948803077 ], [ -87.50832253257451, 19.576159950303662 ], [ -87.507148477337154, 19.577808286402071 ], [ -87.50436103126215, 19.576317614518512 ], [ -87.50422750804718, 19.579370820454947 ], [ -87.500056994632345, 19.575236652783175 ], [ -87.501525149687268, 19.583492022917483 ], [ -87.493475482726595, 19.58553977387146 ], [ -87.492881356879167, 19.587601771097816 ], [ -87.491612502535702, 19.585371107940652 ], [ -87.490085450332742, 19.587596331613653 ], [ -87.493105961350878, 19.589087672193251 ], [ -87.491119905704892, 19.59007412647432 ], [ -87.480197452059883, 19.585100964709937 ], [ -87.481492105634359, 19.582792830421411 ], [ -87.478958607009986, 19.57767112134891 ], [ -87.482004779281965, 19.574623770984044 ], [ -87.480266928724774, 19.57296976349491 ], [ -87.477437137157366, 19.578905939562066 ], [ -87.478809457871677, 19.583365123591427 ], [ -87.475655591478898, 19.584844206966132 ], [ -87.47983520401921, 19.587328440590746 ], [ -87.478544279011487, 19.588976362299636 ], [ -87.469677578400223, 19.591186465514213 ], [ -87.469573984470458, 19.588958045371658 ], [ -87.466410331062292, 19.59208747387753 ], [ -87.458241322699635, 19.594463526407882 ], [ -87.45986123765455, 19.596365070731757 ], [ -87.455804005067961, 19.59289032181929 ], [ -87.451136678274253, 19.594118155870586 ], [ -87.453337076341015, 19.59635112357115 ], [ -87.452729265301599, 19.60064117806915 ], [ -87.458641581958119, 19.605687939323975 ], [ -87.458244664647282, 19.613774653339821 ], [ -87.454500637392925, 19.616407488771639 ], [ -87.452538813611781, 19.613184748037341 ], [ -87.449509421912254, 19.613178185142292 ], [ -87.447728940907794, 19.618703557058549 ], [ -87.444010635640481, 19.616962348132855 ], [ -87.443802144984971, 19.612835577502604 ], [ -87.439466437446015, 19.616952271591185 ], [ -87.443514122254172, 19.622077875709092 ], [ -87.451526842970409, 19.626716839128431 ], [ -87.449882815679857, 19.628858954405906 ], [ -87.454379295320805, 19.637038725672884 ], [ -87.455797550802174, 19.633658199869959 ], [ -87.457761147131734, 19.636633317012834 ], [ -87.456887830429224, 19.646452031643022 ], [ -87.454894543548647, 19.648510921181476 ], [ -87.451297365439046, 19.645862360207964 ], [ -87.449288472480433, 19.630838287775074 ], [ -87.427586594106003, 19.616100123087435 ], [ -87.425274757977263, 19.613041322343104 ], [ -87.429034151714148, 19.607933327034964 ], [ -87.42459569542288, 19.609738694533625 ], [ -87.420904477920772, 19.603623152795606 ], [ -87.411613221151072, 19.598814671538218 ], [ -87.410368755456872, 19.592787243828099 ], [ -87.414890989249088, 19.562712413579082 ], [ -87.418078795575909, 19.557250187037504 ], [ -87.425180244669335, 19.551806280061417 ], [ -87.425567211705072, 19.54561764998903 ], [ -87.422926634437076, 19.539339453579277 ], [ -87.428931097503849, 19.528624830496565 ], [ -87.42780753120438, 19.521855011272617 ], [ -87.433934443996236, 19.509985122618332 ], [ -87.428076409119214, 19.496684788275683 ], [ -87.43339787310542, 19.483079964461535 ], [ -87.439025677705089, 19.476490516322229 ], [ -87.440007400876951, 19.468074912486479 ], [ -87.446883504088206, 19.466769792052595 ], [ -87.471669638879916, 19.44286647208888 ], [ -87.487090305954325, 19.438464801603853 ], [ -87.492348410641625, 19.434843996586821 ], [ -87.503582542439545, 19.423972110412258 ], [ -87.520231218399857, 19.400890707836453 ], [ -87.596555095055393, 19.401017897398834 ], [ -87.619112215992374, 19.380356155145222 ], [ -87.626308921978506, 19.380561130187097 ], [ -87.61489941660237, 19.38669406458741 ], [ -87.612386452946396, 19.391739426662106 ], [ -87.629290850088339, 19.387021248516007 ], [ -87.637397993569209, 19.37534842713934 ], [ -87.644760871440226, 19.36966383787254 ], [ -87.652091731838709, 19.355443949701932 ], [ -87.655480353240691, 19.352527088752652 ], [ -87.662299491312879, 19.355559381233125 ], [ -87.656451394472825, 19.350178208276091 ], [ -87.658869567694566, 19.34588085031691 ], [ -87.664878133201, 19.345207495245148 ], [ -87.665601942729353, 19.342368574938444 ], [ -87.669128479240896, 19.34392256887859 ], [ -87.670446800620553, 19.341563418533674 ], [ -87.663890520309948, 19.339518199330065 ], [ -87.662148440949451, 19.335674225244588 ], [ -87.666175137198167, 19.330915240450036 ], [ -87.666290414944868, 19.334641160653053 ], [ -87.671211970858224, 19.336319934024488 ], [ -87.673395721740064, 19.3282170840736 ], [ -87.669939660694396, 19.321440074066352 ], [ -87.665106225694203, 19.318847070645518 ], [ -87.659107334803892, 19.324478591181474 ], [ -87.661421479143016, 19.327159573840941 ], [ -87.655536251882751, 19.331807128382195 ], [ -87.657023444116419, 19.334912771440607 ], [ -87.652819216679831, 19.337687787026713 ], [ -87.653122444211689, 19.339999367103825 ], [ -87.649325216269929, 19.3409391776514 ], [ -87.654635048111189, 19.321391457732545 ], [ -87.655656008594349, 19.301886284454643 ], [ -87.665799577713315, 19.296285117953204 ], [ -87.668495973298846, 19.301012679149533 ], [ -87.660167642958015, 19.301588395720167 ], [ -87.66138649206691, 19.307270957264137 ], [ -87.668126968143582, 19.30781914449047 ], [ -87.669235952529746, 19.309941310918028 ], [ -87.666607962579548, 19.311178656381763 ], [ -87.671925433907433, 19.310691087364514 ], [ -87.673767887426408, 19.314034788138049 ], [ -87.674687149012854, 19.310029851258587 ], [ -87.692376597517992, 19.323432006436018 ], [ -87.692072858299781, 19.321120503256914 ], [ -87.679698179795551, 19.310877035779676 ], [ -87.67727912524785, 19.307633217769684 ], [ -87.678712869736046, 19.305270606213899 ], [ -87.674576847158491, 19.306469528046428 ], [ -87.672029326124857, 19.302815044976427 ], [ -87.673440029019943, 19.299707287468316 ], [ -87.679505886002076, 19.300937859000403 ], [ -87.677238724198858, 19.298849801439943 ], [ -87.684666212219909, 19.295399246 ], [ -87.676117252728247, 19.292584363481176 ], [ -87.671991323531699, 19.297843742022049 ], [ -87.669055583610842, 19.292874634794487 ], [ -87.673294298909966, 19.29125845173921 ], [ -87.662535214476847, 19.288176341620829 ], [ -87.66189991467418, 19.28637174114343 ], [ -87.671207703930989, 19.287507538366764 ], [ -87.673923303316116, 19.281626618138617 ], [ -87.665796859971451, 19.281202175130502 ], [ -87.6600887111113, 19.284021480522082 ], [ -87.658348906555517, 19.272718734117252 ], [ -87.662666715707644, 19.258669384794015 ], [ -87.685006299072555, 19.235388502952169 ], [ -87.687576280552662, 19.236058699846431 ], [ -87.685553926941594, 19.24183656687018 ], [ -87.679976078208, 19.245067037952765 ], [ -87.675959099953445, 19.253804036625898 ], [ -87.68919906204593, 19.254740447604121 ], [ -87.691777118229723, 19.25192963590505 ], [ -87.692446089540425, 19.24735184346406 ], [ -87.68806991499801, 19.244497324339353 ], [ -87.688219354955351, 19.238111613773089 ], [ -87.694630317890415, 19.235602190712825 ], [ -87.707666024494841, 19.24118424327019 ], [ -87.699595376589329, 19.235041333100323 ], [ -87.688103723068792, 19.234385680943149 ], [ -87.686303024746465, 19.232366854905798 ], [ -87.687530185774719, 19.230838981834864 ], [ -87.70028210640919, 19.231043099981633 ], [ -87.735117634274857, 19.22603345225739 ], [ -87.736336507351453, 19.224256875644542 ], [ -87.730507234602015, 19.223104027494777 ], [ -87.698795114451684, 19.227937770202669 ], [ -87.702898884875651, 19.225483048618862 ], [ -87.700238192538563, 19.225906193520288 ], [ -87.700667610227626, 19.221086808130607 ], [ -87.695967967954786, 19.226446573874867 ], [ -87.681286963333775, 19.227542026085114 ], [ -87.679931178255714, 19.228659269384572 ], [ -87.684096033003613, 19.228453861584583 ], [ -87.681497666423354, 19.230602174998612 ], [ -87.678001689801945, 19.229959118184034 ], [ -87.674899595121047, 19.227066816816549 ], [ -87.675146930542937, 19.223827452337517 ], [ -87.684953013328681, 19.222461688682849 ], [ -87.686974998882363, 19.220413173108941 ], [ -87.685475517608751, 19.216893727125559 ], [ -87.681892290711332, 19.21716492986506 ], [ -87.682550611031886, 19.219714665352136 ], [ -87.678324434062304, 19.217932856667545 ], [ -87.678491839358585, 19.215856075879636 ], [ -87.689323892566037, 19.210233315963425 ], [ -87.683587784535234, 19.212059703707837 ], [ -87.68244624908975, 19.205131843254499 ], [ -87.675408832573609, 19.206084640591847 ], [ -87.677341037885824, 19.201138259520757 ], [ -87.682595922998601, 19.1987461043928 ], [ -87.679923625074196, 19.198493216187156 ], [ -87.683252156360155, 19.193754322651788 ], [ -87.679110875725243, 19.198434242239799 ], [ -87.671237927748251, 19.198582701302318 ], [ -87.674450976993526, 19.193847358123346 ], [ -87.671205749032353, 19.190047567341217 ], [ -87.67118126642049, 19.181760823921287 ], [ -87.667386482546135, 19.190159667548258 ], [ -87.665697150426084, 19.187971612001952 ], [ -87.65907649248166, 19.191149172348876 ], [ -87.657932744025786, 19.187867691557063 ], [ -87.659604913867426, 19.185746841854805 ], [ -87.657326862883565, 19.183244457027094 ], [ -87.653680532228066, 19.181445089809895 ], [ -87.640180781249938, 19.183165671624685 ], [ -87.638386316170042, 19.181311930416349 ], [ -87.640979421511048, 19.178998622139869 ], [ -87.637438911082327, 19.176864342656657 ], [ -87.632298309281879, 19.182981237220098 ], [ -87.63266471248086, 19.179821319102455 ], [ -87.630702385134271, 19.180044262600092 ], [ -87.629274046993629, 19.182572119817156 ], [ -87.630822799790749, 19.187748095518529 ], [ -87.626895980194575, 19.180569517849307 ], [ -87.622586945912019, 19.183595559088911 ], [ -87.623918328831849, 19.185462932403706 ], [ -87.620698049103353, 19.186219623096552 ], [ -87.622311607691515, 19.18973629194096 ], [ -87.619491660152391, 19.19222167907056 ], [ -87.620660032646526, 19.196331427292783 ], [ -87.623739406093364, 19.194750093577177 ], [ -87.607602775129308, 19.223976422546155 ], [ -87.607817167910881, 19.227202298746178 ], [ -87.600220478327003, 19.236455850964326 ], [ -87.590135811242789, 19.236333392075526 ], [ -87.589622483649009, 19.238502964121238 ], [ -87.593284567571544, 19.240800385827445 ], [ -87.591658901597327, 19.244493879393968 ], [ -87.589069126539954, 19.246972123260957 ], [ -87.59010087111551, 19.242798585326291 ], [ -87.585973250428609, 19.244243887901181 ], [ -87.584908716113944, 19.251153192418528 ], [ -87.582683706216827, 19.254200923361754 ], [ -87.579758922220094, 19.253290872288105 ], [ -87.578533096110689, 19.254900853329076 ], [ -87.581714641117244, 19.256632250719385 ], [ -87.578391910744287, 19.265512792303095 ], [ -87.57287430863451, 19.2631856955039 ], [ -87.56760316571885, 19.265160778529903 ], [ -87.565595948789223, 19.275412047044252 ], [ -87.568747634507403, 19.276150041309542 ], [ -87.574570612172067, 19.269435209577328 ], [ -87.57769455063432, 19.269262237205098 ], [ -87.585724476936491, 19.262731981339755 ], [ -87.590096368434743, 19.254069588074472 ], [ -87.599134241936767, 19.246432215884195 ], [ -87.600500421901728, 19.241834559729035 ], [ -87.602891248206731, 19.240439283352881 ], [ -87.60078544130117, 19.247378866193735 ], [ -87.612293489708577, 19.237183017251002 ], [ -87.613954796776468, 19.238460752687065 ], [ -87.612767396273924, 19.241312962675689 ], [ -87.569434898129202, 19.275881624927838 ], [ -87.559408931258133, 19.289264191144969 ], [ -87.54480941178852, 19.300954140029283 ], [ -87.535676195629662, 19.305608046076255 ], [ -87.517403653677235, 19.307041674755904 ], [ -87.51250024027533, 19.309750521794911 ], [ -87.502110150116806, 19.322808741856814 ], [ -87.497419791601672, 19.3210359627552 ], [ -87.489072601810449, 19.324926335204225 ], [ -87.486844600023701, 19.324070894540139 ], [ -87.489897998342926, 19.321498108212324 ], [ -87.488226544043229, 19.315993008343106 ], [ -87.49159758030703, 19.312416703651518 ], [ -87.491752149966629, 19.305948198099053 ], [ -87.495002137433389, 19.302209512815004 ], [ -87.496082593319272, 19.291819648699551 ], [ -87.498903634519792, 19.289253297974245 ], [ -87.497777158717994, 19.286467606397402 ], [ -87.508990862516555, 19.273883364859795 ], [ -87.513178427440664, 19.258929679040325 ], [ -87.516033421199751, 19.257522316521243 ], [ -87.510245648220746, 19.25387505305072 ], [ -87.496959976940971, 19.274639898759023 ], [ -87.493379308928951, 19.290570431996301 ], [ -87.484514049610453, 19.300352321396325 ], [ -87.481059196202324, 19.301113180552601 ], [ -87.487136201525871, 19.302764196271369 ], [ -87.488944852718291, 19.301221186416321 ], [ -87.488787357881279, 19.30371185451942 ], [ -87.481951566373553, 19.307717773688559 ], [ -87.477929577915518, 19.301118909311146 ], [ -87.476973488513153, 19.304046532940859 ], [ -87.472052282239147, 19.302279635210894 ], [ -87.462069196166595, 19.305710767707009 ], [ -87.456494052899174, 19.31316082696857 ], [ -87.464072157803045, 19.314604550813559 ], [ -87.463334614310796, 19.324901635557836 ], [ -87.458460330316569, 19.316917563334318 ], [ -87.451052503107363, 19.313396983897427 ], [ -87.442493305208373, 19.314052126920124 ], [ -87.44127273438643, 19.312715472516533 ], [ -87.469691473207504, 19.284316570113262 ], [ -87.489834812434793, 19.259565695417312 ], [ -87.509581905168943, 19.241724731804467 ], [ -87.513823827615596, 19.235011324830435 ], [ -87.519142834984649, 19.234395974246503 ], [ -87.525534431790817, 19.229044429196232 ], [ -87.535310187845894, 19.211340795393465 ], [ -87.539247753178842, 19.192955827328532 ], [ -87.539268527070874, 19.172250714520104 ], [ -87.541773000165009, 19.165290456980614 ], [ -87.540675563457043, 19.153147071117303 ], [ -87.547659668379993, 19.14596407104121 ], [ -87.546704361788926, 19.132452036449941 ], [ -87.549664578344604, 19.118597137061826 ], [ -88.017043816434708, 19.116608318583857 ], [ -88.079229502772762, 19.126361615240882 ], [ -88.144514616128319, 19.141168223378408 ], [ -88.168106584431726, 19.14239737583739 ], [ -88.172927187875757, 19.140336466488662 ], [ -88.173020584479758, 19.150175866373189 ], [ -88.20842435062923, 19.156602602507462 ], [ -88.220737597580538, 19.115727745342546 ], [ -88.220040275229096, 19.107154999794531 ], [ -88.224499551257921, 19.1011505558685 ], [ -88.24245317728672, 19.051804266124833 ], [ -88.387873262177351, 19.094013367419091 ], [ -88.423574976960353, 19.096891339765971 ], [ -88.398922525084558, 19.172748218754453 ], [ -88.385242578597584, 19.19818682597171 ], [ -88.473762589643215, 19.193875244404126 ], [ -88.482549934389169, 19.195885476013871 ], [ -88.48485792028238, 19.202471273120715 ], [ -88.555524354600294, 19.201648194673492 ], [ -88.555269836579569, 19.189499724836882 ], [ -88.589854657356355, 19.189470187698159 ], [ -88.589889620886879, 19.212320556037341 ], [ -88.598393282131738, 19.218243089603703 ], [ -88.717483457151104, 19.218236091436147 ], [ -88.717430498135897, 19.231075000079365 ], [ -88.709132612353798, 19.278877573551942 ], [ -88.641839664379816, 19.277673227079351 ], [ -88.641701773124083, 19.279575399602511 ], [ -88.629141408359487, 19.280050694870802 ], [ -88.630257939793538, 19.304389333103437 ], [ -88.654439098696685, 19.304588289080819 ], [ -88.655093481712768, 19.339349315018776 ], [ -88.67184694598528, 19.338657415000043 ], [ -88.668657317478264, 19.395150418034071 ], [ -88.674932074440022, 19.395779995042378 ], [ -88.67477450153757, 19.399533058278848 ], [ -88.677504479497259, 19.399519346529928 ], [ -88.677731829699198, 19.401584313409142 ], [ -88.69169315393593, 19.401624483008607 ], [ -88.696800268484765, 19.406510619474886 ], [ -88.696150419884404, 19.43417016040117 ], [ -88.689862476467582, 19.435803881200101 ], [ -88.690893169657741, 19.44249507193917 ], [ -88.693803719211246, 19.442007839951682 ], [ -88.691897643786049, 19.459837845035704 ], [ -88.643252572647228, 19.458043172438963 ], [ -88.642112326853066, 19.449534632760251 ], [ -88.620469753147901, 19.447980148017429 ], [ -88.616589523922343, 19.590996978533617 ], [ -88.628839059358768, 19.592566678846755 ], [ -88.650742646488865, 19.625047935917063 ], [ -88.633960640494664, 19.632292519246498 ], [ -88.628508259018062, 19.641777920967993 ], [ -88.585858626919759, 19.632438830151422 ], [ -88.512760301765724, 19.786793761861045 ], [ -88.487387494532896, 19.874388105396044 ], [ -88.482550376064381, 19.87890808879806 ], [ -88.482420870435348, 19.886423025368948 ], [ -88.467485801671017, 19.886282012109003 ], [ -88.465743484637002, 19.954831918879371 ], [ -88.407263773424901, 19.954488178354094 ], [ -88.407060196007123, 19.956719938262935 ], [ -88.400647189327586, 19.957211596541221 ], [ -88.399679464230971, 19.954663953250492 ], [ -88.393841217184274, 19.954487787807945 ], [ -88.392577268727067, 20.0174178187909 ], [ -88.439611784489685, 20.024431380908553 ], [ -88.444060940509218, 20.008193198521884 ], [ -88.48442958893753, 20.014535254517213 ], [ -88.483746629582527, 20.024203775854605 ], [ -88.475194472772728, 20.022166105344219 ], [ -88.473154728069659, 20.02665041410642 ], [ -88.473140535042873, 20.042502609998131 ], [ -88.478600738708423, 20.040451627400685 ], [ -88.497434457549005, 20.042770090041852 ], [ -88.499747651735291, 20.041171680808258 ], [ -88.499072637171977, 20.059674194369176 ], [ -88.43634597498766, 20.049743377370227 ], [ -88.433573790620471, 20.155617090158117 ], [ -88.447994701324717, 20.184497780400097 ], [ -88.50028788005902, 20.187710823598557 ], [ -88.499417974978073, 20.23379074169997 ], [ -88.33760656316926, 20.234462387161674 ], [ -88.300239914493929, 20.257183545202796 ], [ -88.234287570600799, 20.306352340937142 ], [ -88.233685811601845, 20.253335098335285 ], [ -88.169970959978414, 20.300019405084647 ], [ -88.082692306936721, 20.355484800770977 ], [ -88.082935998777344, 20.269674038517415 ], [ -88.041348517734292, 20.269687871259592 ], [ -88.041344762708434, 20.385365362379474 ], [ -87.992336865688472, 20.418973295088282 ], [ -87.97354617345438, 20.209551754226467 ], [ -87.627970381114267, 20.206498489440662 ], [ -87.627953669426134, 20.13460509802864 ], [ -87.499999423839924, 20.134542449386711 ], [ -87.499987857613263, 19.806801159359448 ], [ -87.51759541999192, 19.797178013610967 ] ], [ [ -87.658358379718365, 19.314321059625129 ], [ -87.655770322961729, 19.320612362240187 ], [ -87.6588861686797, 19.324222358837659 ], [ -87.658358379718365, 19.314321059625129 ] ] ], [ [ [ -87.475861995667813, 19.697542581358537 ], [ -87.477601390216989, 19.697318224717886 ], [ -87.479348957673523, 19.699840539955105 ], [ -87.475861995667813, 19.697542581358537 ] ] ] ] } },
{ "type": "Feature", "properties": { "cve_edo": "23", "cve_mpo_ine": "004", "cve_edo_mpo_ine": "23004", "nom_mpo": "ISLA MUJERES", "nom_edo": "Quintana Roo", "alianza_ganadora": "Va por México", "margen_pp": 17.293400713436384, "por_participacion": 61.926457729301852 }, "geometry": { "type": "MultiPolygon", "coordinates": [ [ [ [ -86.997473737727091, 21.211952300496794 ], [ -87.097160124773083, 21.211952288751977 ], [ -87.097154034456381, 21.227526050710857 ], [ -87.099119850116082, 21.227436952755713 ], [ -87.098046266943967, 21.419455667718417 ], [ -87.148124555736871, 21.42020482529778 ], [ -87.154690235787811, 21.414540411885294 ], [ -87.167500813947342, 21.422865933491728 ], [ -87.166733993425765, 21.427438851433244 ], [ -87.170422278947527, 21.436662954861028 ], [ -87.181723600616806, 21.438711533845204 ], [ -87.184084596008447, 21.437842642060435 ], [ -87.184399715329633, 21.434935468856658 ], [ -87.189332404536373, 21.439743929785124 ], [ -87.176737065071734, 21.442999363303642 ], [ -87.16767592123901, 21.448218500122234 ], [ -87.158267462503062, 21.462592962813105 ], [ -87.149706382920726, 21.463684428598864 ], [ -87.143351794605252, 21.459358673189879 ], [ -87.133062370315031, 21.458399855818687 ], [ -87.125059186554608, 21.463155758309227 ], [ -87.122322590554944, 21.468947035087492 ], [ -87.120140975936181, 21.469663002623545 ], [ -87.119412918980842, 21.466987984202646 ], [ -87.116160349778241, 21.466680485527203 ], [ -87.116001609742213, 21.469320373645488 ], [ -87.11240712395491, 21.470829321271928 ], [ -87.111566547871774, 21.477390829135324 ], [ -87.113783312177134, 21.481663706127733 ], [ -87.110499867015847, 21.485438192719705 ], [ -87.108971938164274, 21.503631532220162 ], [ -87.110638273602135, 21.505228172952208 ], [ -87.108280741722325, 21.506233799564956 ], [ -87.112941432384915, 21.513334942480171 ], [ -87.111034810768132, 21.519656318382321 ], [ -87.109609092600465, 21.518676507305809 ], [ -87.109535809426248, 21.525109037406548 ], [ -87.105921224322145, 21.523937957582707 ], [ -87.101220322488345, 21.528092950313518 ], [ -87.105541001148097, 21.545751686465458 ], [ -87.115294563637917, 21.550024109102459 ], [ -87.124673526227099, 21.550476799494771 ], [ -87.133531449802291, 21.540163769667213 ], [ -87.137941316073679, 21.539485425341724 ], [ -87.1317744122927, 21.533294789662627 ], [ -87.135917551371534, 21.530638978530941 ], [ -87.134023154364201, 21.533883704281962 ], [ -87.143735451153105, 21.540645579817991 ], [ -87.148454918352144, 21.537156230653157 ], [ -87.151939932223982, 21.537645648818717 ], [ -87.154791648397818, 21.53158119410886 ], [ -87.151988027573282, 21.525675868755766 ], [ -87.15505577559172, 21.522126123022648 ], [ -87.151108900924413, 21.518465006779063 ], [ -87.153196294968296, 21.516290559432242 ], [ -87.150601452219732, 21.512404750049509 ], [ -87.152456990783975, 21.510481083735108 ], [ -87.15069610543712, 21.507161803220701 ], [ -87.157563519845112, 21.497947424484636 ], [ -87.155704286481082, 21.495867717983543 ], [ -87.160705041858307, 21.495387110153299 ], [ -87.166508695291, 21.489777554006235 ], [ -87.17361203770129, 21.49186810569449 ], [ -87.165470780384055, 21.494950825812019 ], [ -87.177201375477395, 21.495285956059508 ], [ -87.166378757559059, 21.507691828359924 ], [ -87.166946737542233, 21.525018736123645 ], [ -87.169902942837098, 21.529353363166862 ], [ -87.179695802809661, 21.533676958804246 ], [ -87.174252977685484, 21.539818551426428 ], [ -87.156534899265935, 21.541256680779398 ], [ -87.143786757808158, 21.547702533265785 ], [ -87.146965374989762, 21.55496491884141 ], [ -87.144242610996784, 21.558014570253807 ], [ -87.14741729488739, 21.557476452435029 ], [ -87.148470712466278, 21.564519855134666 ], [ -87.147508352302751, 21.563294674447768 ], [ -87.139519054340781, 21.568850374993698 ], [ -87.136158279984002, 21.568813023091629 ], [ -87.133205050029986, 21.572237035402001 ], [ -87.129957591660371, 21.571909128871258 ], [ -87.129307340596625, 21.575591102266369 ], [ -87.127020207413494, 21.572567552429945 ], [ -87.132518213827893, 21.56976989356831 ], [ -87.129714124995559, 21.567620038538603 ], [ -87.126399452004392, 21.570553500717971 ], [ -87.124001222485447, 21.579376628099723 ], [ -87.115737025301257, 21.593973511076069 ], [ -87.119279051446483, 21.594256497920213 ], [ -87.115656710660659, 21.596409655486791 ], [ -87.115425721536141, 21.592904571001384 ], [ -87.113655363196344, 21.592804309904903 ], [ -87.108540300322275, 21.597577323383323 ], [ -87.110390000510392, 21.598997303443323 ], [ -87.113179549625585, 21.596360069211983 ], [ -87.115047110949206, 21.598935388905232 ], [ -87.114467415322878, 21.603400525110573 ], [ -87.109947908256785, 21.608578371835982 ], [ -87.100220376386346, 21.608707243341726 ], [ -87.098016293561543, 21.607250559566744 ], [ -87.099699398814579, 21.605494885121455 ], [ -87.09186206284862, 21.601966311040275 ], [ -87.090030138194052, 21.601701519202649 ], [ -87.089948759818071, 21.604096386571261 ], [ -87.085162253087958, 21.603416393814481 ], [ -87.086455918229689, 21.599313441648551 ], [ -87.084124792861502, 21.597239158336656 ], [ -87.05016848563946, 21.589757020581089 ], [ -87.043104649751271, 21.590508487986625 ], [ -87.047496702383455, 21.588512075841756 ], [ -87.044166686247934, 21.586615213467237 ], [ -87.030000583242497, 21.585517681611098 ], [ -87.023958483935061, 21.58757596984357 ], [ -87.019393978029839, 21.585900727101034 ], [ -87.012720894328325, 21.577153319012258 ], [ -86.999540195604311, 21.570799124170676 ], [ -86.992614043766736, 21.56477807898948 ], [ -87.001026409125032, 21.563598994250682 ], [ -87.001645698843149, 21.561610104347256 ], [ -86.998706501595024, 21.558139057977158 ], [ -86.996496524036687, 21.560189259446474 ], [ -86.990657061815213, 21.55588787281032 ], [ -86.987344229279444, 21.551018065489412 ], [ -86.988855343262813, 21.557643936539343 ], [ -86.993154645324324, 21.5614282278183 ], [ -86.990991446168735, 21.562652320688244 ], [ -86.980356120427572, 21.54875306984567 ], [ -86.982271499329244, 21.546706767523748 ], [ -86.985231005206302, 21.548958658048033 ], [ -86.981946878929634, 21.543742282950326 ], [ -86.975178062188633, 21.548854509321298 ], [ -86.972166486741628, 21.539760620587757 ], [ -86.962046136931178, 21.528276417099001 ], [ -86.966587279408657, 21.526394008886903 ], [ -86.96638390413095, 21.522065992870925 ], [ -86.960905853893649, 21.525438263454305 ], [ -86.955076426667347, 21.519453047489947 ], [ -86.955411067355612, 21.516070151605668 ], [ -86.951682630645834, 21.515391178908736 ], [ -86.950128386898712, 21.502453835460418 ], [ -86.946961624074461, 21.49670006991353 ], [ -86.949534917965707, 21.492025911561996 ], [ -86.954556490499499, 21.491584078052018 ], [ -86.955189780160921, 21.488735411946639 ], [ -86.948661799196529, 21.484279621845722 ], [ -86.943047039732264, 21.474210852046099 ], [ -86.935976962054241, 21.46781986975795 ], [ -86.93154055316846, 21.456878033579965 ], [ -86.927628646208689, 21.454838965887703 ], [ -86.920582399881198, 21.44197392184703 ], [ -86.909974255281696, 21.436385338873972 ], [ -86.906299530255239, 21.423789282217214 ], [ -86.900064667577112, 21.418134251980383 ], [ -86.898431892820881, 21.411340207076659 ], [ -86.892992577057754, 21.410545760376127 ], [ -86.888178750189581, 21.405294733661833 ], [ -86.88764145144664, 21.393464341331789 ], [ -86.885388379799323, 21.391909934132549 ], [ -86.880373322378702, 21.360271761472109 ], [ -86.874729561898945, 21.343067764735764 ], [ -86.862282069721843, 21.322972690914572 ], [ -86.862018402623974, 21.317778934396173 ], [ -86.865585824851721, 21.31141014190511 ], [ -86.863983303655857, 21.298678191670003 ], [ -86.85988746946343, 21.294370804477392 ], [ -86.862677917471103, 21.286274470798951 ], [ -86.854774558084159, 21.276173656864628 ], [ -86.856873878504445, 21.27133837895742 ], [ -86.854852349640808, 21.268504145855662 ], [ -86.855592706483392, 21.263387473517604 ], [ -86.850635753552211, 21.252157496965914 ], [ -86.84278231553985, 21.251209303592802 ], [ -86.836150222806239, 21.246749692552974 ], [ -86.831850422770714, 21.248297595133923 ], [ -86.824925007023722, 21.244086456248855 ], [ -86.819210231996507, 21.245888692538824 ], [ -86.821866188600069, 21.245998807941113 ], [ -86.82425974758651, 21.252583609552282 ], [ -86.831940722225355, 21.254440656289702 ], [ -86.83011270720732, 21.266324841259575 ], [ -86.831553428464503, 21.271100260904234 ], [ -86.829501421506876, 21.273790925798249 ], [ -86.837107838802851, 21.272390831327595 ], [ -86.830370639172656, 21.282238913427612 ], [ -86.827989498865264, 21.278251739548487 ], [ -86.821395990614803, 21.281625353337489 ], [ -86.824474058352806, 21.283382537714182 ], [ -86.820997117509776, 21.284472369793704 ], [ -86.825743100903196, 21.289230898159921 ], [ -86.826434269632244, 21.297514878133391 ], [ -86.828428682539695, 21.295030717297781 ], [ -86.823398026196656, 21.304127502940091 ], [ -86.822973704815794, 21.313654136404306 ], [ -86.814740882138352, 21.320128193796606 ], [ -86.800309181572246, 21.326839012163049 ], [ -86.793331764637514, 21.336643899298661 ], [ -86.796074915784104, 21.330282263092823 ], [ -86.810608158420848, 21.308192011966415 ], [ -86.817147252334976, 21.281811958565495 ], [ -86.807779049550817, 21.249245196161151 ], [ -86.801310822667659, 21.238416888485553 ], [ -86.800616029086257, 21.213935471258988 ], [ -86.802009301456337, 21.211949674251919 ], [ -86.866002940200602, 21.211952304138851 ], [ -86.865111300322098, 21.210062137430384 ], [ -86.978082409113412, 21.211952297579131 ], [ -86.978112986925865, 21.217154796808643 ], [ -86.997502046404023, 21.217156215020502 ], [ -86.997473737727091, 21.211952300496794 ] ] ], [ [ [ -86.885132730554304, 21.420855595265831 ], [ -86.877581503296099, 21.422875925832034 ], [ -86.874408133650974, 21.426026712371719 ], [ -86.878418185682207, 21.424644307622323 ], [ -86.879747177232588, 21.43003833126286 ], [ -86.879616511223404, 21.427730106889822 ], [ -86.882271313239812, 21.42701468818488 ], [ -86.887551752682725, 21.431067611725439 ], [ -86.880247087632583, 21.4350657867422 ], [ -86.869406428498095, 21.429805764717809 ], [ -86.878395445944477, 21.420438865462252 ], [ -86.88735332532184, 21.416390445838037 ], [ -86.885132730554304, 21.420855595265831 ] ] ], [ [ [ -86.897346052910478, 21.428622077659387 ], [ -86.89548644544449, 21.434239821768401 ], [ -86.89088115302367, 21.434842528530169 ], [ -86.893818034987447, 21.431692740752471 ], [ -86.888125868843417, 21.428013358069101 ], [ -86.895753838552423, 21.429166920753548 ], [ -86.888035649335123, 21.422323969081202 ], [ -86.897346052910478, 21.428622077659387 ] ] ], [ [ [ -87.127390508192136, 21.466891664164191 ], [ -87.141328384065631, 21.473803813738506 ], [ -87.158757472506878, 21.473020983330542 ], [ -87.164332374434736, 21.475661244439237 ], [ -87.162012023267152, 21.481615112072568 ], [ -87.157151561753011, 21.479711860728884 ], [ -87.145731401823866, 21.486059773896244 ], [ -87.151237622931831, 21.479217781791718 ], [ -87.132885010058388, 21.474934821646315 ], [ -87.127390508192136, 21.466891664164191 ] ] ], [ [ [ -86.907944462636024, 21.464268900742745 ], [ -86.904722342164632, 21.469317138480847 ], [ -86.900527144081181, 21.469464262363275 ], [ -86.902214856091305, 21.454158180963297 ], [ -86.910412944641038, 21.451349728279499 ], [ -86.918886715147863, 21.445117128276323 ], [ -86.912674634014294, 21.454223141731884 ], [ -86.911652576514101, 21.46160925023273 ], [ -86.907730649641877, 21.457755614937728 ], [ -86.905014707396319, 21.458183156421057 ], [ -86.907944462636024, 21.464268900742745 ] ] ], [ [ [ -86.935056741393012, 21.472195671367622 ], [ -86.936079107467151, 21.475240849205044 ], [ -86.932056781933156, 21.474645606026471 ], [ -86.92682483374125, 21.469233183350877 ], [ -86.932367798920424, 21.467098551777074 ], [ -86.931980307531589, 21.471636188763245 ], [ -86.935056741393012, 21.472195671367622 ] ] ], [ [ [ -86.915104663802978, 21.476391641818683 ], [ -86.910379183320472, 21.466357982875074 ], [ -86.916783029418269, 21.470115039283804 ], [ -86.922259034353416, 21.47692823138382 ], [ -86.915104663802978, 21.476391641818683 ] ] ], [ [ [ -87.150397049593764, 21.555785273588331 ], [ -87.151473434518707, 21.55300543972961 ], [ -87.152218148799932, 21.555389181490554 ], [ -87.150397049593764, 21.555785273588331 ] ] ], [ [ [ -86.739671462621686, 21.237872906100545 ], [ -86.741658598499797, 21.236912356936276 ], [ -86.731505632943069, 21.225145852518494 ], [ -86.741771131123116, 21.242705137477937 ], [ -86.743795662213188, 21.25102029133275 ], [ -86.746188770069864, 21.251332942208496 ], [ -86.744509952735356, 21.252480159801387 ], [ -86.748116900024129, 21.252859448771691 ], [ -86.745931898109887, 21.253661268830179 ], [ -86.753080518538994, 21.257777004933764 ], [ -86.749584007674116, 21.264025255109939 ], [ -86.712603776213527, 21.206908393726742 ], [ -86.720942508295764, 21.210955222641228 ], [ -86.744472079476751, 21.239216163695822 ], [ -86.740448500105344, 21.240048776133392 ], [ -86.739671462621686, 21.237872906100545 ] ] ], [ [ [ -86.830027536139141, 21.354148253761288 ], [ -86.825077055089068, 21.356111594289867 ], [ -86.832060395791956, 21.345043917524098 ], [ -86.835653781900646, 21.345790409751601 ], [ -86.830027536139141, 21.354148253761288 ] ] ], [ [ [ -86.777243008562849, 21.355855438604447 ], [ -86.773424027961042, 21.322270556733773 ], [ -86.777373877343706, 21.333548786787777 ], [ -86.778907558299423, 21.420621072375564 ], [ -86.777243008562849, 21.355855438604447 ] ] ], [ [ [ -86.801032675491513, 21.378291859251338 ], [ -86.802024003622336, 21.375689359690544 ], [ -86.808297600466744, 21.390336165119717 ], [ -86.813032636417915, 21.392291377834901 ], [ -86.809391719541097, 21.396597766647286 ], [ -86.809995437034416, 21.399233506795962 ], [ -86.82272320647219, 21.404735089770714 ], [ -86.820497318443472, 21.408498470740049 ], [ -86.824698324690445, 21.409837617148145 ], [ -86.820149494592869, 21.409819633529899 ], [ -86.816403844741473, 21.405014665990414 ], [ -86.813275737882705, 21.405566514190667 ], [ -86.812725075556173, 21.401734821711599 ], [ -86.809713332216717, 21.401914937994164 ], [ -86.812742459958642, 21.405239362481364 ], [ -86.811805491535836, 21.406893330948318 ], [ -86.814526896333646, 21.407704190784216 ], [ -86.813770427357198, 21.410016950104229 ], [ -86.826668159858414, 21.413868143029323 ], [ -86.817682017222751, 21.412553431869004 ], [ -86.823671128471418, 21.417017056449204 ], [ -86.821608232376434, 21.417975910926476 ], [ -86.822737523422077, 21.419330761192597 ], [ -86.814372021863818, 21.412199142907067 ], [ -86.811831432545887, 21.412129523304081 ], [ -86.814734463555084, 21.41380531221202 ], [ -86.811835926293213, 21.413036579916078 ], [ -86.806618121006679, 21.409145901568984 ], [ -86.800494761622232, 21.389097056878537 ], [ -86.795041850763212, 21.385207192876521 ], [ -86.796388826765678, 21.395013482752535 ], [ -86.800495421078423, 21.401342637591778 ], [ -86.799444015282873, 21.40378049292039 ], [ -86.795886793793329, 21.401118142377062 ], [ -86.791192624735046, 21.383123422082665 ], [ -86.791228515069506, 21.341521114768206 ], [ -86.793330474182895, 21.336646891841202 ], [ -86.792591338482268, 21.342503937433939 ], [ -86.795466093581638, 21.350859637615212 ], [ -86.795223199887559, 21.373867775475084 ], [ -86.801032675491513, 21.378291859251338 ] ] ], [ [ [ -86.856066669297533, 21.432268521771981 ], [ -86.869350432957049, 21.430383300147703 ], [ -86.852537057903504, 21.435214619917758 ], [ -86.856066669297533, 21.432268521771981 ] ] ], [ [ [ -86.850650911866708, 21.436090432604392 ], [ -86.856788882830557, 21.434779771668996 ], [ -86.848293253527316, 21.448554574337773 ], [ -86.850650911866708, 21.436090432604392 ] ] ], [ [ [ -86.787509211731219, 21.477353683613487 ], [ -86.792985608193419, 21.485449182946681 ], [ -86.790556222251652, 21.484182994112007 ], [ -86.789500681177543, 21.485919855950851 ], [ -86.793018821854588, 21.492334501559554 ], [ -86.793485898034859, 21.503381943835461 ], [ -86.796335399504471, 21.505882924927846 ], [ -86.794428204422587, 21.490430950844473 ], [ -86.797455792056923, 21.493137186652259 ], [ -86.799730262773608, 21.511102353582434 ], [ -86.797091740987412, 21.515568311821447 ], [ -86.800387547686839, 21.512542150101748 ], [ -86.79947964414302, 21.520339190528219 ], [ -86.80315378569972, 21.534215515731592 ], [ -86.789237011795393, 21.492559246850611 ], [ -86.782948967096502, 21.462945278381884 ], [ -86.783816926803297, 21.459065378492422 ], [ -86.787436586263226, 21.462181212617683 ], [ -86.787509211731219, 21.477353683613487 ] ] ] ] } },
{ "type": "Feature", "properties": { "cve_edo": "23", "cve_mpo_ine": "005", "cve_edo_mpo_ine": "23005", "nom_mpo": "JOSE MARIA MORELOS", "nom_edo": "Quintana Roo", "alianza_ganadora": "Juntos Haremos Historia", "margen_pp": 37.00250170570844, "por_participacion": 78.686471009305663 }, "geometry": { "type": "Polygon", "coordinates": [ [ [ -88.717430498135897, 19.231075000079365 ], [ -89.147867738101496, 19.226579027357435 ], [ -89.147436462940647, 19.306320868649237 ], [ -89.315962101086527, 19.529406742932668 ], [ -89.244687752305722, 19.586302967443238 ], [ -89.081814740002713, 19.691675190547134 ], [ -89.014089966711239, 19.708207581219991 ], [ -89.011228076257936, 19.720245858130252 ], [ -89.042158325607843, 19.726860956525456 ], [ -89.034237842098676, 19.766173440120582 ], [ -88.821260183528111, 19.906377429303628 ], [ -88.846157557228437, 19.922838408930513 ], [ -88.634346795563701, 20.065203222054254 ], [ -88.633370831799738, 20.146488511926695 ], [ -88.611613898420174, 20.146536793204984 ], [ -88.554552923083975, 20.083035755816802 ], [ -88.498770517299022, 20.120442804841346 ], [ -88.50028788005902, 20.187710823598557 ], [ -88.447994701324717, 20.184497780400097 ], [ -88.433573790620471, 20.155617090158117 ], [ -88.43634597498766, 20.049743377370227 ], [ -88.499072637171977, 20.059674194369176 ], [ -88.499747651735291, 20.041171680808258 ], [ -88.497434457549005, 20.042770090041852 ], [ -88.478600738708423, 20.040451627400685 ], [ -88.473140535042873, 20.042502609998131 ], [ -88.473154728069659, 20.02665041410642 ], [ -88.475194472772728, 20.022166105344219 ], [ -88.483746629582527, 20.024203775854605 ], [ -88.48442958893753, 20.014535254517213 ], [ -88.444060940509218, 20.008193198521884 ], [ -88.439611784489685, 20.024431380908553 ], [ -88.392577268727067, 20.0174178187909 ], [ -88.393841217184274, 19.954487787807945 ], [ -88.399679464230971, 19.954663953250492 ], [ -88.400647189327586, 19.957211596541221 ], [ -88.407060196007123, 19.956719938262935 ], [ -88.407263773424901, 19.954488178354094 ], [ -88.465743484637002, 19.954831918879371 ], [ -88.467485801671017, 19.886282012109003 ], [ -88.482420870435348, 19.886423025368948 ], [ -88.482550376064381, 19.87890808879806 ], [ -88.487387494532896, 19.874388105396044 ], [ -88.512760301765724, 19.786793761861045 ], [ -88.585858626919759, 19.632438830151422 ], [ -88.628508259018062, 19.641777920967993 ], [ -88.633960640494664, 19.632292519246498 ], [ -88.650742646488865, 19.625047935917063 ], [ -88.628839059358768, 19.592566678846755 ], [ -88.616589523922343, 19.590996978533617 ], [ -88.620469753147901, 19.447980148017429 ], [ -88.642112326853066, 19.449534632760251 ], [ -88.643252572647228, 19.458043172438963 ], [ -88.691897643786049, 19.459837845035704 ], [ -88.693803719211246, 19.442007839951682 ], [ -88.690893169657741, 19.44249507193917 ], [ -88.689862476467582, 19.435803881200101 ], [ -88.696150419884404, 19.43417016040117 ], [ -88.696800268484765, 19.406510619474886 ], [ -88.69169315393593, 19.401624483008607 ], [ -88.677731829699198, 19.401584313409142 ], [ -88.677504479497259, 19.399519346529928 ], [ -88.67477450153757, 19.399533058278848 ], [ -88.674932074440022, 19.395779995042378 ], [ -88.668657317478264, 19.395150418034071 ], [ -88.67184694598528, 19.338657415000043 ], [ -88.655093481712768, 19.339349315018776 ], [ -88.654439098696685, 19.304588289080819 ], [ -88.630257939793538, 19.304389333103437 ], [ -88.629141408359487, 19.280050694870802 ], [ -88.641701773124083, 19.279575399602511 ], [ -88.641839664379816, 19.277673227079351 ], [ -88.709132612353798, 19.278877573551942 ], [ -88.717430498135897, 19.231075000079365 ] ] ] } },
{ "type": "Feature", "properties": { "cve_edo": "23", "cve_mpo_ine": "006", "cve_edo_mpo_ine": "23006", "nom_mpo": "LAZARO CARDENAS", "nom_edo": "Quintana Roo", "alianza_ganadora": "Juntos Haremos Historia", "margen_pp": 12.590236143398997, "por_participacion": 74.364223647695738 }, "geometry": { "type": "MultiPolygon", "coordinates": [ [ [ [ -87.641672301459067, 20.82389276234408 ], [ -87.641632909723285, 20.861893432432073 ], [ -87.614680381382129, 20.867554046104175 ], [ -87.574893681320006, 20.932901272281683 ], [ -87.581511500940351, 20.97142627560083 ], [ -87.415324398652132, 21.017726388104649 ], [ -87.414191363428557, 20.990467956237595 ], [ -87.383305151244002, 20.989867739312679 ], [ -87.383363308718955, 21.001391908885683 ], [ -87.365367495634231, 21.016143184962718 ], [ -87.366066807939433, 21.101035199026363 ], [ -87.401111292141692, 21.101256360206762 ], [ -87.408315393747088, 21.084683429306004 ], [ -87.533384798904251, 21.068669519953897 ], [ -87.632864395491936, 21.068947590387701 ], [ -87.633549987425937, 21.248581822545852 ], [ -87.528901230507927, 21.254615385907304 ], [ -87.533415930889902, 21.383870629076917 ], [ -87.533496837372567, 21.489987612146535 ], [ -87.489099726196628, 21.485650995451529 ], [ -87.485845059118773, 21.482561164054125 ], [ -87.484927622670995, 21.477189089890043 ], [ -87.486186068233991, 21.474263731314473 ], [ -87.488518059155311, 21.479029009689498 ], [ -87.491725819852164, 21.479217794262638 ], [ -87.48709920472001, 21.472008095593644 ], [ -87.487206851042615, 21.463963739824393 ], [ -87.471784750085249, 21.456954816578428 ], [ -87.462888069837831, 21.457202778740843 ], [ -87.457624474361154, 21.46202612519178 ], [ -87.438513977141241, 21.469342967105806 ], [ -87.429976320660884, 21.469831310223682 ], [ -87.399991247838415, 21.457278299957352 ], [ -87.380144766102575, 21.45548164194037 ], [ -87.353654990223617, 21.446007877407403 ], [ -87.347543030977036, 21.442054370615065 ], [ -87.342950953383138, 21.433512237348257 ], [ -87.340214522420951, 21.432400547955613 ], [ -87.327850790587874, 21.434616813515518 ], [ -87.312992680333352, 21.440760103564504 ], [ -87.297379474684234, 21.436142898145945 ], [ -87.292327518248285, 21.439547846855348 ], [ -87.280657805890669, 21.436766949097244 ], [ -87.278671575499061, 21.438874338462931 ], [ -87.283597688508891, 21.443016874614475 ], [ -87.279600710986628, 21.445573909817007 ], [ -87.268564944529601, 21.437474837106429 ], [ -87.265582256038186, 21.436365854196069 ], [ -87.264558168051551, 21.439368399110514 ], [ -87.263232664179171, 21.437981897907054 ], [ -87.265858217895158, 21.430888960868874 ], [ -87.259469409608784, 21.432160426041417 ], [ -87.250732797988647, 21.42700514959618 ], [ -87.259886871434105, 21.436381643115272 ], [ -87.257881040881685, 21.437162553221309 ], [ -87.234500032195527, 21.420320021050909 ], [ -87.229068667845922, 21.422154269837947 ], [ -87.227286117268505, 21.430227123093758 ], [ -87.223567137787782, 21.419097813280914 ], [ -87.220929145730764, 21.417153037996634 ], [ -87.223108150107464, 21.428474558625222 ], [ -87.221539924040798, 21.43496837853888 ], [ -87.218245561142879, 21.436931566850507 ], [ -87.211575123581284, 21.435138317908358 ], [ -87.219937193419327, 21.439058364205685 ], [ -87.219246727635749, 21.440562539527942 ], [ -87.205406657091544, 21.443617164625341 ], [ -87.189332404536373, 21.439743929785124 ], [ -87.184399715329633, 21.434935468856658 ], [ -87.184084596008447, 21.437842642060435 ], [ -87.181723600616806, 21.438711533845204 ], [ -87.170422278947527, 21.436662954861028 ], [ -87.166733993425765, 21.427438851433244 ], [ -87.167500813947342, 21.422865933491728 ], [ -87.154690235787811, 21.414540411885294 ], [ -87.148124555736871, 21.42020482529778 ], [ -87.098046266943967, 21.419455667718417 ], [ -87.099119850116082, 21.227436952755713 ], [ -87.097154034456381, 21.227526050710857 ], [ -87.09716011286713, 21.098680066007798 ], [ -87.320377093027361, 21.101169286651995 ], [ -87.323352940770121, 20.872042572666178 ], [ -87.191950079613193, 20.870993620144706 ], [ -87.191949607641774, 20.762829607750142 ], [ -87.245794468450853, 20.705880137962659 ], [ -87.238334994655702, 20.700202449479509 ], [ -87.268385003659731, 20.668683027675513 ], [ -87.252443338758965, 20.658223061225819 ], [ -87.523812371020284, 20.660628325328535 ], [ -87.522023944858987, 20.59280962240376 ], [ -87.613571899300766, 20.599874623180941 ], [ -87.612138856173345, 20.632902030927557 ], [ -87.583763014640638, 20.666949195854098 ], [ -87.583654792194736, 20.683519631736853 ], [ -87.727616448540985, 20.684236779834759 ], [ -87.641672301459067, 20.82389276234408 ] ] ], [ [ [ -87.35841812052594, 21.521392205603107 ], [ -87.353661056866486, 21.535356097322186 ], [ -87.349109575911541, 21.535397218827114 ], [ -87.34551386492123, 21.531900608089348 ], [ -87.350721451079878, 21.533144743800253 ], [ -87.35841812052594, 21.521392205603107 ] ] ], [ [ [ -87.309466467805947, 21.526152896584083 ], [ -87.307613709506398, 21.524611332918457 ], [ -87.310352472180611, 21.522755670422175 ], [ -87.309466467805947, 21.526152896584083 ] ] ], [ [ [ -87.349306721856649, 21.536591236976911 ], [ -87.343479035814013, 21.536909354588673 ], [ -87.343956637700543, 21.533904591990609 ], [ -87.347741007200867, 21.534633164254512 ], [ -87.349306721856649, 21.536591236976911 ] ] ], [ [ [ -87.379816844502187, 21.514925031842491 ], [ -87.385356218515852, 21.504689191150494 ], [ -87.390582789032251, 21.503661774846059 ], [ -87.3934431708566, 21.515711998878302 ], [ -87.367747021548553, 21.532728070884939 ], [ -87.352945054515729, 21.546030455419839 ], [ -87.344257454904934, 21.558540174700486 ], [ -87.338660140554538, 21.562171760611502 ], [ -87.330705462520228, 21.562370675881951 ], [ -87.332282775026371, 21.563460482952877 ], [ -87.327207456387484, 21.561183539701311 ], [ -87.313996039899891, 21.5502319920116 ], [ -87.297859191520701, 21.543985416688272 ], [ -87.265302052679672, 21.539085846098683 ], [ -87.236034194566642, 21.540613641139199 ], [ -87.203139251620129, 21.54755201247962 ], [ -87.148205600364918, 21.570177793434731 ], [ -87.130461880114012, 21.581601428938793 ], [ -87.121639558049552, 21.594390095300351 ], [ -87.11801243142564, 21.592416121224666 ], [ -87.126399452004392, 21.570553500717971 ], [ -87.129714124995559, 21.567620038538603 ], [ -87.132518213827893, 21.56976989356831 ], [ -87.127020207413494, 21.572567552429945 ], [ -87.129307340596625, 21.575591102266369 ], [ -87.129957591660371, 21.571909128871258 ], [ -87.133205050029986, 21.572237035402001 ], [ -87.136158279984002, 21.568813023091629 ], [ -87.139519054340781, 21.568850374993698 ], [ -87.147508352302751, 21.563294674447768 ], [ -87.148470712466278, 21.564519855134666 ], [ -87.149882708415433, 21.560579864414823 ], [ -87.151876737473572, 21.563689618959625 ], [ -87.151944137412087, 21.560469435580856 ], [ -87.152859232473745, 21.562438139886758 ], [ -87.153361164639321, 21.560615344600819 ], [ -87.157986634329177, 21.562368647124952 ], [ -87.163349530632473, 21.558539974345077 ], [ -87.156757343761811, 21.559166049715781 ], [ -87.157316290203383, 21.560974468834907 ], [ -87.153164937475182, 21.5593798199213 ], [ -87.158104292849558, 21.55485541203748 ], [ -87.159484410274061, 21.556405043311734 ], [ -87.171322136703679, 21.555748618039626 ], [ -87.17900043162939, 21.553002181042132 ], [ -87.179381524076376, 21.551015866374161 ], [ -87.17160244380311, 21.554836790667164 ], [ -87.168581897073693, 21.553928721851939 ], [ -87.170527536340927, 21.550228907401301 ], [ -87.174179926307076, 21.550096486838786 ], [ -87.184320313351293, 21.542817392610949 ], [ -87.178290039877169, 21.545376435549372 ], [ -87.180487403516622, 21.542704873582032 ], [ -87.185949929792201, 21.541515554855767 ], [ -87.200407884241883, 21.531575902167763 ], [ -87.20757313308917, 21.519012247223664 ], [ -87.21786109471104, 21.517465973114529 ], [ -87.222293451611961, 21.514597604449698 ], [ -87.220838166947928, 21.512058977877906 ], [ -87.22663318250838, 21.513298788726939 ], [ -87.232925043505404, 21.508835745647463 ], [ -87.235816490684471, 21.509084093602098 ], [ -87.237444477641333, 21.50410845672813 ], [ -87.240195852270517, 21.502996682200848 ], [ -87.240361646192611, 21.498701941230077 ], [ -87.249330254620133, 21.495851524789316 ], [ -87.258033743266324, 21.494820403309987 ], [ -87.262916356196087, 21.49792917763277 ], [ -87.258133922899461, 21.497336649476836 ], [ -87.250402504829552, 21.500170067464655 ], [ -87.252883463827331, 21.500547736785062 ], [ -87.261415896657809, 21.499849044964279 ], [ -87.268192995761311, 21.496327055851374 ], [ -87.292115056664869, 21.496315073550825 ], [ -87.306920907153298, 21.50786445220448 ], [ -87.325301917811785, 21.514614030050051 ], [ -87.322915602676787, 21.516382263132055 ], [ -87.325632901948637, 21.520263629655066 ], [ -87.32822664397338, 21.52030835104237 ], [ -87.329995912005927, 21.516898127213576 ], [ -87.337087451748459, 21.518073897241599 ], [ -87.347545707453833, 21.51622821821865 ], [ -87.358446186080059, 21.505790522841668 ], [ -87.367613808022114, 21.500908422452508 ], [ -87.372520885072788, 21.505293103898435 ], [ -87.370511437497171, 21.50837716410668 ], [ -87.373544972090002, 21.513449983958836 ], [ -87.368171952706561, 21.50940243317606 ], [ -87.349143623765997, 21.52355133345328 ], [ -87.33678947370548, 21.528313999763878 ], [ -87.332364270619919, 21.534982431193967 ], [ -87.32909423772476, 21.533296722779735 ], [ -87.32860922956695, 21.535986551548547 ], [ -87.325485594735113, 21.535990832366856 ], [ -87.324070345213684, 21.528953754164124 ], [ -87.316680288748046, 21.524067186265846 ], [ -87.321428384015121, 21.522553608800301 ], [ -87.320508398398132, 21.516912570607452 ], [ -87.314953659013952, 21.519510932695734 ], [ -87.305527893820994, 21.516180502966343 ], [ -87.293033250669495, 21.505464527301143 ], [ -87.290302128790145, 21.507773805033107 ], [ -87.288125785535513, 21.504461923143282 ], [ -87.286522833092903, 21.507291496477631 ], [ -87.280289419632439, 21.500942157133455 ], [ -87.276449783257107, 21.503927432883572 ], [ -87.276617113855551, 21.510487478168834 ], [ -87.272721687075858, 21.50653956978741 ], [ -87.26510573519991, 21.505657433490583 ], [ -87.26280621474038, 21.509157046449793 ], [ -87.261048949634798, 21.506210321688627 ], [ -87.253856944433991, 21.506023300523893 ], [ -87.251513755161227, 21.510472656484918 ], [ -87.249361166668493, 21.508563224705124 ], [ -87.245014380927216, 21.509408728629829 ], [ -87.226272039713763, 21.520113894119874 ], [ -87.226001646680771, 21.517971475099227 ], [ -87.222933954219286, 21.517766690151088 ], [ -87.211958927098621, 21.520561015627347 ], [ -87.209553318664078, 21.524886815560691 ], [ -87.217096788917175, 21.521232464609479 ], [ -87.22216019114839, 21.524587541656093 ], [ -87.230015306865212, 21.522001354727873 ], [ -87.233290663613374, 21.524101658308201 ], [ -87.238795368267887, 21.518328698326762 ], [ -87.251369670103003, 21.519678595983958 ], [ -87.258846121866412, 21.515610565120834 ], [ -87.258664610967557, 21.518914986601114 ], [ -87.265438866703718, 21.522327043376993 ], [ -87.261675639840533, 21.530016011225626 ], [ -87.2675451789314, 21.524979840273499 ], [ -87.271158155434989, 21.51535303782094 ], [ -87.276681899238113, 21.514407502216173 ], [ -87.276246441459563, 21.520150685545691 ], [ -87.283975747902019, 21.513601527084475 ], [ -87.289486997148401, 21.511912829104485 ], [ -87.289521371770618, 21.517463874606044 ], [ -87.29109628400046, 21.516553580220044 ], [ -87.291944441041537, 21.517944678126678 ], [ -87.286366517148679, 21.522729895335083 ], [ -87.291378605633042, 21.519356096794965 ], [ -87.296442717258273, 21.519118155451991 ], [ -87.295544724223561, 21.521813837940151 ], [ -87.297270541747309, 21.522820813827664 ], [ -87.294589840906752, 21.52463415258088 ], [ -87.2990559900459, 21.523868185301168 ], [ -87.305545771846184, 21.52781926696148 ], [ -87.29859454576409, 21.528002147318034 ], [ -87.300479628447803, 21.531483179053442 ], [ -87.30091173270695, 21.529124379793753 ], [ -87.312095608851536, 21.528302284882063 ], [ -87.31625677975606, 21.530429394859596 ], [ -87.314784414372326, 21.534000251020124 ], [ -87.317582221487172, 21.535651827090454 ], [ -87.320835963878523, 21.529372292345155 ], [ -87.318529852512626, 21.535926969779126 ], [ -87.321542589498463, 21.53633716360207 ], [ -87.321099432747701, 21.531019383572577 ], [ -87.321523829338403, 21.535223063615771 ], [ -87.324322430312094, 21.536915788119465 ], [ -87.323173157197772, 21.538665994594655 ], [ -87.321963393826366, 21.536826316939592 ], [ -87.32223036523736, 21.538679719305911 ], [ -87.324424484550889, 21.53947323130447 ], [ -87.317994042914989, 21.539112781356199 ], [ -87.32628735535512, 21.541592281609667 ], [ -87.324606341234826, 21.543267702267848 ], [ -87.326832309829982, 21.542451069787187 ], [ -87.324817911168168, 21.545328271438535 ], [ -87.326088798721358, 21.547290854767404 ], [ -87.328442431093507, 21.547050162506828 ], [ -87.330547434101689, 21.54256194577961 ], [ -87.33045434554559, 21.547516069130136 ], [ -87.328239470329692, 21.548992955723872 ], [ -87.332474648770656, 21.548477105073076 ], [ -87.33137073792723, 21.55290944769968 ], [ -87.336480077311336, 21.541360824532564 ], [ -87.343842943489562, 21.541087776614482 ], [ -87.344454627706639, 21.545866466712418 ], [ -87.34122397606528, 21.553636923631522 ], [ -87.341370552566048, 21.555156891043755 ], [ -87.343000287922422, 21.55393605929099 ], [ -87.345377816025973, 21.544697259423277 ], [ -87.345644364980146, 21.539575484105875 ], [ -87.341647997478887, 21.540253259101206 ], [ -87.341255924365967, 21.53798899215321 ], [ -87.344306647656211, 21.537160025420715 ], [ -87.345692764401207, 21.538955676858318 ], [ -87.352952227540584, 21.53608354203347 ], [ -87.350604140548668, 21.547014221022049 ], [ -87.351717271235898, 21.54315943393334 ], [ -87.352968792083857, 21.543966453473455 ], [ -87.35344095594202, 21.537120410405652 ], [ -87.357998457942486, 21.534770896922815 ], [ -87.360074149370476, 21.528631807643254 ], [ -87.363817203911964, 21.53039245424209 ], [ -87.363268977743289, 21.532794409704536 ], [ -87.36447027977789, 21.530671696555718 ], [ -87.361224311201894, 21.526963877228148 ], [ -87.36096284927217, 21.522014966431218 ], [ -87.364961450075981, 21.521501786194225 ], [ -87.364325632305963, 21.51878717317328 ], [ -87.370912071427327, 21.521413545227361 ], [ -87.376364010735429, 21.517492344941957 ], [ -87.374748794069376, 21.514917922865692 ], [ -87.376171238448052, 21.511966368265913 ], [ -87.378282161433106, 21.511357123159325 ], [ -87.379816844502187, 21.514925031842491 ] ], [ [ -87.338791446608639, 21.559487094203902 ], [ -87.344904302618687, 21.554981197074842 ], [ -87.339246549182107, 21.558392624744002 ], [ -87.338791446608639, 21.559487094203902 ] ] ], [ [ [ -87.334237778887029, 21.564337492728274 ], [ -87.336915905683142, 21.563600589851806 ], [ -87.335048175356874, 21.56470102396738 ], [ -87.334237778887029, 21.564337492728274 ] ] ], [ [ [ -87.166839000952166, 21.551806288102348 ], [ -87.165279207904618, 21.550278999331042 ], [ -87.170443821002181, 21.548661682854181 ], [ -87.166839000952166, 21.551806288102348 ] ] ], [ [ [ -87.158833301059005, 21.54873714737769 ], [ -87.158739450658715, 21.550265514384115 ], [ -87.164655016614901, 21.547873836163081 ], [ -87.162368020763765, 21.55236240636382 ], [ -87.165192829302725, 21.552076341276301 ], [ -87.166938961192542, 21.554405111834619 ], [ -87.16099848437031, 21.555228841224054 ], [ -87.156928159694402, 21.551280637172816 ], [ -87.158833301059005, 21.54873714737769 ] ] ] ] } },
{ "type": "Feature", "properties": { "cve_edo": "23", "cve_mpo_ine": "007", "cve_edo_mpo_ine": "23007", "nom_mpo": "OTHON P. BLANCO", "nom_edo": "Quintana Roo", "alianza_ganadora": "Juntos Haremos Historia", "margen_pp": 24.149757788932142, "por_participacion": 45.815268506411577 }, "geometry": { "type": "MultiPolygon", "coordinates": [ [ [ [ -89.006659995882643, 18.816852058020284 ], [ -88.965055636316393, 18.816768038808704 ], [ -88.966185198381396, 18.797563462493191 ], [ -88.923712501167628, 18.795624686032379 ], [ -88.922987070227592, 18.818635775464774 ], [ -88.826790139474284, 18.819887933355027 ], [ -88.824891903469123, 18.75924715881688 ], [ -88.753750124234472, 18.759542242307912 ], [ -88.75321080456456, 18.626099586394105 ], [ -88.587020376826104, 18.627420525014106 ], [ -88.585325802511008, 18.658158404577861 ], [ -88.560412695024453, 18.649050764728702 ], [ -88.41378138878801, 18.627707649220483 ], [ -88.411497439986547, 18.642679841410324 ], [ -88.40585548798596, 18.642691896720279 ], [ -88.402771046297687, 18.649769326608258 ], [ -88.395019828234652, 18.654814360634106 ], [ -88.380200556880553, 18.680709480047682 ], [ -88.380515115388889, 18.692391122909793 ], [ -88.378042773646257, 18.70300921342719 ], [ -88.372422120978101, 18.710266179163384 ], [ -88.354976382215284, 18.718804084565853 ], [ -88.304847545605597, 18.756696991176231 ], [ -88.304241957119459, 18.764648924641602 ], [ -88.301027083913553, 18.771256902319685 ], [ -88.277156792117083, 18.792404843572459 ], [ -88.272638798432908, 18.79871636821083 ], [ -88.260935899060058, 18.824389903600387 ], [ -88.230364645469265, 18.873934221605314 ], [ -88.221418596409137, 18.876007806904926 ], [ -88.205723517630872, 18.868468808676287 ], [ -88.190089672883516, 18.864748417326204 ], [ -88.186422551875054, 18.866363603141906 ], [ -88.169993502925124, 18.90191197022364 ], [ -88.14398578505488, 18.900253964314022 ], [ -88.138854214840535, 18.927594239542273 ], [ -88.084925794017664, 18.927783684975374 ], [ -88.087289524922539, 18.977092732432343 ], [ -88.064398428398349, 18.976984082870516 ], [ -88.062536621554699, 18.980457286999656 ], [ -88.061575996544661, 18.977130951788187 ], [ -88.048715126605913, 18.980481138335893 ], [ -87.648258972650694, 18.976463589377769 ], [ -87.615000151471605, 18.962539342143025 ], [ -87.618050793292511, 18.948793618324306 ], [ -87.626715357207317, 18.942156877890557 ], [ -87.633444471006442, 18.926421633425043 ], [ -87.634740013616408, 18.919713249405415 ], [ -87.631082684217759, 18.903245122133153 ], [ -87.640931750409976, 18.888511556793148 ], [ -87.642462885514362, 18.876390226648592 ], [ -87.640116562719044, 18.867040662715507 ], [ -87.642315596536378, 18.856977095485352 ], [ -87.651996738503911, 18.84716679457032 ], [ -87.652293488010528, 18.838541342703916 ], [ -87.656614022253208, 18.836815253951027 ], [ -87.657144801141783, 18.831855217960516 ], [ -87.660911935803156, 18.829327901157377 ], [ -87.661996456878271, 18.815985884451027 ], [ -87.667138838878799, 18.808984228538165 ], [ -87.671265437737972, 18.775839849599766 ], [ -87.669008769899293, 18.771271107340173 ], [ -87.672718890265784, 18.756167649927288 ], [ -87.680483703857519, 18.744348042294966 ], [ -87.692957244184981, 18.733156163343732 ], [ -87.711164631937962, 18.710772113363873 ], [ -87.714378337679008, 18.695897382921157 ], [ -87.721761420919606, 18.678346873759121 ], [ -87.726121810178796, 18.663362835937654 ], [ -87.728942000959506, 18.628443935908471 ], [ -87.740968649709728, 18.56880452375389 ], [ -87.739410459352285, 18.54453902439635 ], [ -87.744134291062565, 18.528256607888931 ], [ -87.758012226725384, 18.512413524521303 ], [ -87.76162152630819, 18.494790182867717 ], [ -87.761085349574884, 18.476500626894044 ], [ -87.764049569846335, 18.460307545683015 ], [ -87.760959754372522, 18.448008201886143 ], [ -87.764814598559028, 18.432674823792244 ], [ -87.763925328108613, 18.417475458160887 ], [ -87.772515194411113, 18.399273056209918 ], [ -87.787854220559211, 18.383401368080222 ], [ -87.798508089183855, 18.36252003756044 ], [ -87.802393290544401, 18.349778071044927 ], [ -87.819266171904829, 18.330265989517091 ], [ -87.828361903153208, 18.310745233682809 ], [ -87.835109463540959, 18.27754556108146 ], [ -87.834359886125725, 18.258321946596791 ], [ -87.838447910265884, 18.251365969310356 ], [ -87.843788535384775, 18.228556087825922 ], [ -87.844899275675729, 18.195292987266129 ], [ -87.850171333701738, 18.185928920510371 ], [ -87.859832066056455, 18.18310116143255 ], [ -87.866092415139889, 18.189591850209609 ], [ -87.878748148492079, 18.187949084291919 ], [ -87.879969053487244, 18.182422143609294 ], [ -87.90989270199492, 18.147522069949805 ], [ -87.925912737476054, 18.161929155542779 ], [ -88.032977299388861, 18.163147249265819 ], [ -88.034169786543359, 18.417129320051863 ], [ -88.249194153112285, 18.417225106940304 ], [ -88.24886045458689, 18.476642556989276 ], [ -88.29100897004551, 18.476501299760287 ], [ -88.302103866530985, 18.480480832070395 ], [ -88.309314077545721, 18.488756126895179 ], [ -88.321704268831098, 18.487612118402566 ], [ -88.328059637604341, 18.490210544392429 ], [ -88.349503988158006, 18.484784236976012 ], [ -88.36686483777558, 18.485950711921593 ], [ -88.381716508987452, 18.478666881115281 ], [ -88.386385817998843, 18.48163023634682 ], [ -88.388582087565268, 18.489916171096674 ], [ -88.396070644759718, 18.491618446473062 ], [ -88.39979349970136, 18.495936076055006 ], [ -88.419402421324122, 18.491510321150763 ], [ -88.42695202712882, 18.485758232851246 ], [ -88.442717379295487, 18.480789936968186 ], [ -88.449223505914162, 18.475114717574723 ], [ -88.457619115500151, 18.488800443452092 ], [ -88.46515602018998, 18.485858717868194 ], [ -88.468960967997688, 18.489763496809019 ], [ -88.473432434684611, 18.490134039842264 ], [ -88.472590056097488, 18.493586992026902 ], [ -88.475606665702202, 18.495587314546555 ], [ -88.49155888632238, 18.483913311762425 ], [ -88.502134368046839, 18.473127502524417 ], [ -88.513946397246428, 18.47147399410045 ], [ -88.515307141937512, 18.466252192184214 ], [ -88.522869961599099, 18.458746034857036 ], [ -88.522719381898682, 18.446993037599135 ], [ -88.52877592250131, 18.436527156765472 ], [ -88.52582977858053, 18.424936851441441 ], [ -88.534449852117746, 18.40363757564808 ], [ -88.548751767418977, 18.386641712154695 ], [ -88.55210708543342, 18.378146392257062 ], [ -88.552077404041597, 18.37351510554539 ], [ -88.545676658966741, 18.364003564792498 ], [ -88.5465205429702, 18.358810407470106 ], [ -88.563878317307314, 18.335949026422085 ], [ -88.57107708751694, 18.329791062579936 ], [ -88.575286957689883, 18.321724068758666 ], [ -88.606189136093548, 18.291488411619252 ], [ -88.598458048275191, 18.291294223858095 ], [ -88.597776508481658, 18.289641955445525 ], [ -88.600233169617454, 18.284619761256774 ], [ -88.599485234723929, 18.275543704886122 ], [ -88.605911587528198, 18.26344291931122 ], [ -88.603491529621479, 18.245452269649405 ], [ -88.613890911943386, 18.225447908054782 ], [ -88.629285042787814, 18.217586624731297 ], [ -88.631618727386652, 18.213471022834405 ], [ -88.641642795841832, 18.215322100756772 ], [ -88.647215402466671, 18.209733318220668 ], [ -88.664915416774875, 18.201547730142536 ], [ -88.671872430971348, 18.195715714262473 ], [ -88.687232702483257, 18.192469022420113 ], [ -88.698260774748206, 18.180793740761604 ], [ -88.697351203386788, 18.178646205353118 ], [ -88.685135715898937, 18.177120387321594 ], [ -88.683842637961931, 18.162346826460283 ], [ -88.687001076267151, 18.155104183469657 ], [ -88.703850756838463, 18.133798215518077 ], [ -88.708630769260367, 18.125071080101797 ], [ -88.710179373425106, 18.11682810516999 ], [ -88.715725366202719, 18.109739867039401 ], [ -88.715456580095235, 18.106188254008245 ], [ -88.709937289277278, 18.099671262312999 ], [ -88.718911445167663, 18.08336957238777 ], [ -88.713648714909823, 18.076836277440808 ], [ -88.713550903648397, 18.073949115712416 ], [ -88.718295294977196, 18.070830458933251 ], [ -88.717661912017462, 18.061178100709014 ], [ -88.731455963550488, 18.047861133008976 ], [ -88.737569967677359, 18.046808506562542 ], [ -88.745099224025523, 18.040233997945041 ], [ -88.766465758516617, 18.031887403310243 ], [ -88.769142061902016, 18.027359195872588 ], [ -88.766861848261058, 18.023145805487715 ], [ -88.76804209932142, 18.018283126899789 ], [ -88.765638253252234, 18.015553958267137 ], [ -88.771435076038202, 18.009303210856647 ], [ -88.769028464272481, 18.007068943512827 ], [ -88.782903387990103, 17.998368018857775 ], [ -88.787430918068168, 17.992278049889059 ], [ -88.783203740623122, 17.986079557576939 ], [ -88.784045787615298, 17.979813671960464 ], [ -88.789827783213354, 17.975871877433146 ], [ -88.790425668608236, 17.971997144475438 ], [ -88.793407944740466, 17.97423286683718 ], [ -88.800240997667601, 17.967654578217576 ], [ -88.813936651932394, 17.948888989805159 ], [ -88.822011233959458, 17.946602452478217 ], [ -88.829146697237746, 17.947529611964104 ], [ -88.833565210248878, 17.939788954038658 ], [ -88.842548799408362, 17.939648520592531 ], [ -88.852156085437827, 17.930519401465499 ], [ -88.857025914231158, 17.924264106222171 ], [ -88.854295231038051, 17.918071145221479 ], [ -88.853549061791639, 17.906852351304234 ], [ -88.856448216548301, 17.902983667613153 ], [ -88.865026499123147, 17.901013188661828 ], [ -88.868504906305901, 17.895794557976984 ], [ -88.876148312959458, 17.89609561687049 ], [ -88.877111596307969, 17.894193860263201 ], [ -88.883634460409297, 17.898120304986094 ], [ -88.886337676396408, 17.908633291908664 ], [ -88.906818168105616, 17.914987124294782 ], [ -88.910761977812683, 17.90922332412573 ], [ -88.913264915947479, 17.915249838605444 ], [ -88.918900747199856, 17.916500135947008 ], [ -88.924033323757328, 17.926408806075511 ], [ -88.931962069452624, 17.929808222223127 ], [ -88.9292844982443, 17.935740232693234 ], [ -88.930748852299359, 17.942423843598341 ], [ -88.935369645913738, 17.939465171908903 ], [ -88.937290515646168, 17.947056918686801 ], [ -88.943832906067726, 17.951607267257479 ], [ -88.9443798083107, 17.957628924584593 ], [ -88.955565547712879, 17.954601446712203 ], [ -88.959043877346915, 17.949660485553228 ], [ -88.982042067859112, 17.957129775265408 ], [ -88.985315369989976, 17.946497554751421 ], [ -88.99001622016047, 17.951042600580625 ], [ -88.99833582199193, 17.970438924888178 ], [ -89.001324417618221, 17.971764050215253 ], [ -88.998624746641511, 17.983057298991564 ], [ -89.003906560388955, 17.986778257966407 ], [ -89.020126504570939, 17.991590727116339 ], [ -89.032294436157599, 18.001342977751676 ], [ -89.04312027348783, 18.001855812880073 ], [ -89.06044710505769, 17.990173179475843 ], [ -89.079328888147415, 17.992180785879501 ], [ -89.095728764803738, 17.980988759689275 ], [ -89.101491946628357, 17.979842111158764 ], [ -89.110172504749741, 17.968803426412208 ], [ -89.117084587394416, 17.968235114389895 ], [ -89.12362832487139, 17.973685941675136 ], [ -89.132472863793055, 17.969846914984693 ], [ -89.132010560510111, 17.960816059633064 ], [ -89.135076836247009, 17.954972444284106 ], [ -89.143421645646185, 17.950431596566204 ], [ -89.150629959321805, 17.935444346617999 ], [ -89.150771031697843, 17.813643213578942 ], [ -89.331911295856173, 17.81416076889262 ], [ -89.334897685979712, 18.083164014162449 ], [ -89.418548796590215, 18.082575155966609 ], [ -89.418464540998755, 18.124128537655785 ], [ -89.381159949419299, 18.124917221017245 ], [ -89.382633010081435, 18.206611922744496 ], [ -89.293425360003567, 18.207578726438619 ], [ -89.293085507390629, 18.248722642360235 ], [ -89.152596159822252, 18.250046371998771 ], [ -89.152151035504957, 18.780110923435661 ], [ -89.167830212905301, 18.79964045717827 ], [ -89.166847133691547, 18.834209304798559 ], [ -89.152069702475373, 18.846455552408983 ], [ -89.225165756160649, 18.853370839572143 ], [ -89.26472302813103, 18.871587442521516 ], [ -89.138726790865377, 18.878544382175232 ], [ -89.066256675209118, 18.887554923174061 ], [ -89.061793912941567, 18.857400873421163 ], [ -89.006548711842157, 18.865265819319909 ], [ -89.006659995882643, 18.816852058020284 ] ] ], [ [ [ -87.435190237101665, 18.454253627081322 ], [ -87.431653742175314, 18.425795104897006 ], [ -87.435947850856536, 18.42947179865843 ], [ -87.439072940794645, 18.442970260832858 ], [ -87.438155361935756, 18.451307171105963 ], [ -87.444128069107634, 18.461940514196755 ], [ -87.443280642967565, 18.464246116139289 ], [ -87.435190237101665, 18.454253627081322 ] ] ], [ [ [ -87.44158002441452, 18.519839720156089 ], [ -87.440588939752431, 18.514294149674555 ], [ -87.44442944138909, 18.506728641181049 ], [ -87.441217084091946, 18.49050280109212 ], [ -87.442606515187208, 18.481922494879264 ], [ -87.447282187623713, 18.473042770861799 ], [ -87.445121616972841, 18.487482513824435 ], [ -87.447714532907185, 18.506594459200702 ], [ -87.44158002441452, 18.519839720156089 ] ] ], [ [ [ -87.435921192761924, 18.613074179529711 ], [ -87.439241923905556, 18.610048421802613 ], [ -87.439995489683128, 18.613565098925299 ], [ -87.433885134240015, 18.626688556525011 ], [ -87.435921192761924, 18.613074179529711 ] ] ], [ [ [ -87.416173335648054, 18.665933256985024 ], [ -87.42315564765066, 18.651044348640813 ], [ -87.430641561717849, 18.643183407988598 ], [ -87.42190478185104, 18.663194074284284 ], [ -87.417441073833061, 18.667928493347972 ], [ -87.416173335648054, 18.665933256985024 ] ] ], [ [ [ -87.394338913890735, 18.705632183915021 ], [ -87.394765648320643, 18.699356562730067 ], [ -87.401388976047457, 18.693969579315997 ], [ -87.400641931897766, 18.698835066684541 ], [ -87.392859503591993, 18.711567071747183 ], [ -87.389061285269875, 18.723130457256833 ], [ -87.388183589233094, 18.719701834402905 ], [ -87.394338913890735, 18.705632183915021 ] ] ], [ [ [ -87.378720700977198, 18.745141681053347 ], [ -87.37458820194739, 18.747001682136855 ], [ -87.376707525822297, 18.742406266538492 ], [ -87.378720700977198, 18.745141681053347 ] ] ], [ [ [ -87.369257544093287, 18.750832903631022 ], [ -87.369929326639294, 18.753566238315493 ], [ -87.361264482509569, 18.761165363669356 ], [ -87.363109635609206, 18.754242780689914 ], [ -87.369257544093287, 18.750832903631022 ] ] ], [ [ [ -87.319919238196661, 18.494684028692717 ], [ -87.327125390128202, 18.5094652109 ], [ -87.328441981800552, 18.52641782694419 ], [ -87.321184052284906, 18.544358062788408 ], [ -87.313326005115599, 18.553780964224597 ], [ -87.302487303743135, 18.558143858637102 ], [ -87.301351216511563, 18.55456792351924 ], [ -87.311159842251797, 18.548718473975072 ], [ -87.312760117022378, 18.542620053077663 ], [ -87.321555896440074, 18.533206662749759 ], [ -87.324159850130044, 18.521747288328815 ], [ -87.322502486597287, 18.513467438624303 ], [ -87.315281256202923, 18.499925396462888 ], [ -87.317424335344327, 18.487800345435289 ], [ -87.316982812441609, 18.466559592192759 ], [ -87.326466167658268, 18.429471392777831 ], [ -87.338423767738703, 18.410173393025733 ], [ -87.35770489929223, 18.390024847956742 ], [ -87.373466772784511, 18.381022706128395 ], [ -87.380826826631832, 18.382913054981227 ], [ -87.372827306816291, 18.385478500359881 ], [ -87.352124253211528, 18.401551552288229 ], [ -87.334060286756795, 18.421945857086737 ], [ -87.323855911682401, 18.451094496141881 ], [ -87.319919238196661, 18.494684028692717 ] ] ], [ [ [ -87.332096202730057, 18.572810385341779 ], [ -87.34081283291566, 18.569923116713802 ], [ -87.347943040328005, 18.572060086710842 ], [ -87.351317720323067, 18.574324711039438 ], [ -87.330913752298869, 18.602297503079232 ], [ -87.319434182537009, 18.607357817549701 ], [ -87.316877918864805, 18.603889012481027 ], [ -87.320035142398638, 18.587820466222979 ], [ -87.332096202730057, 18.572810385341779 ] ] ], [ [ [ -87.2692151947425, 18.591338196499347 ], [ -87.26157968278514, 18.610594405798654 ], [ -87.253748922528757, 18.617371015744698 ], [ -87.25474352933324, 18.610046142115845 ], [ -87.275695649841083, 18.579837041516104 ], [ -87.283419989250319, 18.571984263696134 ], [ -87.297377812455011, 18.562790374488415 ], [ -87.299587932749191, 18.56430034419332 ], [ -87.297647436272882, 18.569403603845775 ], [ -87.2692151947425, 18.591338196499347 ] ] ], [ [ [ -87.240815904614777, 18.674415763418121 ], [ -87.239545007005376, 18.6820043928114 ], [ -87.245106854812732, 18.696936336372548 ], [ -87.251327071813606, 18.706338740945021 ], [ -87.254170536246974, 18.722811848737958 ], [ -87.26147013633944, 18.739827067591154 ], [ -87.255030023234454, 18.738355243724897 ], [ -87.251898649117535, 18.735265223683353 ], [ -87.252114783937401, 18.727500271732072 ], [ -87.244878830237212, 18.70561011960401 ], [ -87.232835431412667, 18.68342097694973 ], [ -87.235746686144537, 18.676097592313116 ], [ -87.234849118339469, 18.663693524458846 ], [ -87.239598519721113, 18.650274796146498 ], [ -87.238716681451947, 18.636631417904464 ], [ -87.242900786779828, 18.630643414981265 ], [ -87.25213538011964, 18.624295111493264 ], [ -87.251708789549255, 18.630157434458351 ], [ -87.242654764892379, 18.640721792437962 ], [ -87.242359140327721, 18.65468328120205 ], [ -87.238576256190427, 18.665963860323654 ], [ -87.240815904614777, 18.674415763418121 ] ] ], [ [ [ -87.319959549861323, 18.767776656268016 ], [ -87.315231755662026, 18.770838795864922 ], [ -87.312540645321704, 18.76935424634814 ], [ -87.312923575107504, 18.766879257280138 ], [ -87.32228533265986, 18.760115624242399 ], [ -87.319959549861323, 18.767776656268016 ] ] ], [ [ [ -87.351933556684173, 18.775202510997293 ], [ -87.356946025329336, 18.768641881134723 ], [ -87.358558194153872, 18.771301924075111 ], [ -87.351933556684173, 18.775202510997293 ] ] ], [ [ [ -87.324909612327076, 18.785509061513103 ], [ -87.323355363266671, 18.787724393445711 ], [ -87.316763893524055, 18.788814723866601 ], [ -87.297177126275443, 18.776965152090376 ], [ -87.301658421437097, 18.775523524193463 ], [ -87.316826031224309, 18.783775001967637 ], [ -87.324909612327076, 18.785509061513103 ] ] ], [ [ [ -87.339249431949511, 18.784743838860305 ], [ -87.330993671676481, 18.787470616010886 ], [ -87.337739751079553, 18.783324079440966 ], [ -87.339249431949511, 18.784743838860305 ] ] ] ] } },
{ "type": "Feature", "properties": { "cve_edo": "23", "cve_mpo_ine": "011", "cve_edo_mpo_ine": "23011", "nom_mpo": "PUERTO MORELOS", "nom_edo": "Quintana Roo", "alianza_ganadora": "Juntos Haremos Historia", "margen_pp": 10.072392528376083, "por_participacion": 51.524221771965372 }, "geometry": { "type": "Polygon", "coordinates": [ [ [ -86.837257591746749, 20.935532091595569 ], [ -86.836862289559249, 20.928079892827672 ], [ -86.843582511219438, 20.91905224161474 ], [ -86.845328541193808, 20.904763461898547 ], [ -86.854049190235898, 20.893178263598227 ], [ -86.859608908514616, 20.890910441472446 ], [ -86.874664725159278, 20.847435804288512 ], [ -86.884038502728799, 20.841904100477464 ], [ -86.904341992808583, 20.812360423445579 ], [ -86.919304559941565, 20.808976898137143 ], [ -86.92099291264762, 20.806378741727176 ], [ -86.920734981266179, 20.812064124940779 ], [ -87.079651742057095, 20.811420548712597 ], [ -87.191949607641774, 20.762829607750142 ], [ -87.191950079613193, 20.870993620144706 ], [ -87.323352940770121, 20.872042572666178 ], [ -87.320377093027361, 21.101169286651995 ], [ -87.156916430612512, 21.098145781432244 ], [ -87.07866808586013, 21.098842731203785 ], [ -87.079736036040558, 20.931510219308514 ], [ -86.8597097627583, 20.932063792199472 ], [ -86.859275506641254, 20.934660800593679 ], [ -86.837257591746749, 20.935532091595569 ] ] ] } },
{ "type": "Feature", "properties": { "cve_edo": "23", "cve_mpo_ine": "008", "cve_edo_mpo_ine": "23008", "nom_mpo": "SOLIDARIDAD", "nom_edo": "Quintana Roo", "alianza_ganadora": "Juntos Haremos Historia", "margen_pp": 16.717817983813084, "por_participacion": 35.239374460328122 }, "geometry": { "type": "Polygon", "coordinates": [ [ [ -87.612138856173345, 20.632902030927557 ], [ -87.613571899300766, 20.599874623180941 ], [ -87.522023944858987, 20.59280962240376 ], [ -87.523812371020284, 20.660628325328535 ], [ -87.252443338758965, 20.658223061225819 ], [ -87.268385003659731, 20.668683027675513 ], [ -87.238334994655702, 20.700202449479509 ], [ -87.245794468450853, 20.705880137962659 ], [ -87.191949607641774, 20.762829607750142 ], [ -87.079651742057095, 20.811420548712597 ], [ -86.920734981266179, 20.812064124940779 ], [ -86.921915283631918, 20.804714491648717 ], [ -86.940778829405971, 20.780653302758175 ], [ -86.947512295166689, 20.766065492923705 ], [ -86.95605870505527, 20.759464724481035 ], [ -86.965145394933955, 20.74524759247732 ], [ -86.965834177614354, 20.733577839032108 ], [ -86.961662136163852, 20.730593297330383 ], [ -87.008270998426411, 20.704125123613483 ], [ -87.019081934766618, 20.688633475630127 ], [ -87.021823408373535, 20.674445654299507 ], [ -87.048680918490462, 20.647249527023423 ], [ -87.054632180302733, 20.645817290728029 ], [ -87.074852551347462, 20.623660628106734 ], [ -87.101117673231684, 20.589395353055203 ], [ -87.11954510115379, 20.57794990256448 ], [ -87.123234625881196, 20.581629409678627 ], [ -87.125365415892389, 20.580412329165416 ], [ -87.136532928925817, 20.592609112552019 ], [ -87.180296215481434, 20.604990716601186 ], [ -87.191681858362656, 20.589977671571944 ], [ -87.155622066611841, 20.572803021724788 ], [ -87.144827417482759, 20.580377096042142 ], [ -87.131561541236636, 20.56749623096216 ], [ -87.14481678187407, 20.561620220164684 ], [ -87.147254964930653, 20.555373039826545 ], [ -87.172332000860251, 20.534226111168024 ], [ -87.185960098083001, 20.530410180280516 ], [ -87.189443051758289, 20.523811606523328 ], [ -87.195877439621853, 20.518148411293016 ], [ -87.206993815891565, 20.512229359566955 ], [ -87.217839758840043, 20.50263989361012 ], [ -87.21695447759393, 20.505108492475667 ], [ -87.218793854086996, 20.505873017338775 ], [ -87.221277300536926, 20.497815014629339 ], [ -87.224960728013357, 20.497604595998872 ], [ -87.221287448725136, 20.503339401250393 ], [ -87.224048731934829, 20.49974675004189 ], [ -87.224116642598702, 20.50126851907693 ], [ -87.226770624063292, 20.500448820165541 ], [ -87.224788420064982, 20.498930672958384 ], [ -87.22723249774171, 20.496126742737381 ], [ -87.233893429967281, 20.496080063230078 ], [ -87.231803197179531, 20.499630671361594 ], [ -87.235164793450267, 20.49753518982169 ], [ -87.228471936051747, 20.502245148667054 ], [ -87.23561275300051, 20.498934044232385 ], [ -87.236328490363761, 20.488344913083793 ], [ -87.24655208861283, 20.484507679899398 ], [ -87.246411927900539, 20.478474662259448 ], [ -87.25365857714533, 20.477671616879263 ], [ -87.264035069466274, 20.460353220236037 ], [ -87.28336136650195, 20.445090192042855 ], [ -87.285606427153482, 20.440911771883023 ], [ -87.2849219962592, 20.436708496556989 ], [ -87.290244907700981, 20.428913884472134 ], [ -87.292809251142515, 20.428367067105214 ], [ -87.292926804505584, 20.423403803933741 ], [ -87.301494008388673, 20.414138996491644 ], [ -87.301989782787743, 20.41032576784826 ], [ -87.310893272282655, 20.413734979075002 ], [ -87.312047401967547, 20.41174559281594 ], [ -87.321714202410206, 20.416702407769634 ], [ -87.329570126825161, 20.412274288228609 ], [ -87.348259601913085, 20.442016026863364 ], [ -87.357321502104512, 20.448481590701075 ], [ -87.363691237071492, 20.438354636578556 ], [ -87.381599082890233, 20.446711324593064 ], [ -87.408138763711293, 20.404508212692516 ], [ -87.364785032106028, 20.381489604592247 ], [ -87.377835171327462, 20.356864726659907 ], [ -87.44839777065495, 20.394084242702895 ], [ -87.525302868065381, 20.374142160235923 ], [ -87.581022352771328, 20.441951864005869 ], [ -87.589460163181059, 20.469184487185796 ], [ -87.635630954664919, 20.51582170745252 ], [ -87.770477386214353, 20.51608986491005 ], [ -87.846341878295519, 20.441330191767932 ], [ -87.879255046067613, 20.444682705659044 ], [ -87.952404385292326, 20.446509167354272 ], [ -87.833289031176818, 20.525020848688701 ], [ -87.792312305783781, 20.525805813948924 ], [ -87.792253362429861, 20.567636643133838 ], [ -87.667290863289736, 20.566983586058868 ], [ -87.612138856173345, 20.632902030927557 ] ] ] } },
{ "type": "Feature", "properties": { "cve_edo": "23", "cve_mpo_ine": "009", "cve_edo_mpo_ine": "23009", "nom_mpo": "TULUM", "nom_edo": "Quintana Roo", "alianza_ganadora": "Juntos Haremos Historia", "margen_pp": 24.357846994029714, "por_participacion": 60.457763227846328 }, "geometry": { "type": "Polygon", "coordinates": [ [ [ -87.995065442188121, 20.447316427706202 ], [ -87.879255046067613, 20.444682705659044 ], [ -87.846341878295519, 20.441330191767932 ], [ -87.770477386214353, 20.51608986491005 ], [ -87.635630954664919, 20.51582170745252 ], [ -87.589460163181059, 20.469184487185796 ], [ -87.581022352771328, 20.441951864005869 ], [ -87.525302868065381, 20.374142160235923 ], [ -87.44839777065495, 20.394084242702895 ], [ -87.377835171327462, 20.356864726659907 ], [ -87.364785032106028, 20.381489604592247 ], [ -87.408138763711293, 20.404508212692516 ], [ -87.381599082890233, 20.446711324593064 ], [ -87.363691237071492, 20.438354636578556 ], [ -87.357321502104512, 20.448481590701075 ], [ -87.348259601913085, 20.442016026863364 ], [ -87.329570126825161, 20.412274288228609 ], [ -87.321714202410206, 20.416702407769634 ], [ -87.304212293461589, 20.410198973099874 ], [ -87.302850396831147, 20.407084073044658 ], [ -87.308655317838074, 20.40490170537042 ], [ -87.310846299632772, 20.393530618456012 ], [ -87.313696872326602, 20.395210224265341 ], [ -87.322155978430686, 20.38644260054518 ], [ -87.324155249894687, 20.38185513362227 ], [ -87.322812328189414, 20.374605856624679 ], [ -87.328802761497244, 20.370434706532045 ], [ -87.333612968488168, 20.356034288323009 ], [ -87.339216880894597, 20.35534319687353 ], [ -87.337021798208312, 20.35166647043463 ], [ -87.340050851075191, 20.351026944896354 ], [ -87.341153212111053, 20.343232605717706 ], [ -87.349189184099387, 20.336539168098849 ], [ -87.350141773310256, 20.332303153945926 ], [ -87.356371318434313, 20.333335266448973 ], [ -87.368203012845228, 20.313229893708069 ], [ -87.358018839017618, 20.309079998067297 ], [ -87.36445314738009, 20.294393587030239 ], [ -87.371732172040907, 20.29532125903139 ], [ -87.375685829849274, 20.28937062115947 ], [ -87.368476500744691, 20.286457292778707 ], [ -87.370651584368034, 20.284428871078216 ], [ -87.376062450813464, 20.28555953079157 ], [ -87.379415163395066, 20.283837859730404 ], [ -87.382073562861379, 20.277582607630723 ], [ -87.378835785783551, 20.274340963413575 ], [ -87.382423831972233, 20.267818784485012 ], [ -87.386208582699965, 20.269478249576135 ], [ -87.389445861792211, 20.267841412155086 ], [ -87.424557385556014, 20.224706408384208 ], [ -87.431570143689868, 20.205213966954599 ], [ -87.441380955841566, 20.190211122515375 ], [ -87.457174900576675, 20.153182613230666 ], [ -87.474092643049943, 20.098330866756086 ], [ -87.477830972676131, 20.079235218431574 ], [ -87.476842429542245, 20.064980267982826 ], [ -87.479494193903676, 20.043755032147114 ], [ -87.476437915917884, 20.033927756502521 ], [ -87.475703711505886, 20.014850306504599 ], [ -87.477442227551364, 20.006426140393742 ], [ -87.480363916488258, 20.006425615057292 ], [ -87.477323216121903, 20.005187355004082 ], [ -87.471575071994664, 19.992387230724649 ], [ -87.46526750428707, 19.994039726411405 ], [ -87.463512049094959, 19.992470736598545 ], [ -87.463852851541759, 19.986524416465095 ], [ -87.467464296901483, 19.979917056951102 ], [ -87.463215882778002, 19.954315338558828 ], [ -87.449157594545568, 19.929209240925985 ], [ -87.439113052939632, 19.930034863937646 ], [ -87.436189259295887, 19.927639624965952 ], [ -87.428544108906067, 19.890391532939624 ], [ -87.43482723536782, 19.874369969498133 ], [ -87.435748601148106, 19.865533050478771 ], [ -87.443669181313865, 19.852567076976985 ], [ -87.448080849175767, 19.836132007323691 ], [ -87.45192826107936, 19.83282846690458 ], [ -87.460565598526117, 19.831919726172814 ], [ -87.468028782753365, 19.826963835678253 ], [ -87.476756767279198, 19.810940561482774 ], [ -87.476862279753547, 19.804333435175508 ], [ -87.467838894421362, 19.782365786942975 ], [ -87.471100569215366, 19.778731541417198 ], [ -87.475881816313091, 19.776666237102368 ], [ -87.479267782954267, 19.777656823311155 ], [ -87.480555447835386, 19.779969117701118 ], [ -87.477871313123558, 19.779969526744498 ], [ -87.476359914626784, 19.783355893877697 ], [ -87.485584145495579, 19.785997241697991 ], [ -87.484311881234547, 19.792604595750895 ], [ -87.486543447119104, 19.800615296625448 ], [ -87.482344940644793, 19.80251561495399 ], [ -87.482826992178261, 19.811269947349771 ], [ -87.478974101423418, 19.810692464598681 ], [ -87.478050872546319, 19.81688676690402 ], [ -87.474557086309147, 19.82167740987942 ], [ -87.47363044162735, 19.825972145820952 ], [ -87.477134743420024, 19.827293085591894 ], [ -87.473879467727215, 19.835222049542949 ], [ -87.470145096572068, 19.836048381574624 ], [ -87.473288272647991, 19.830762335708901 ], [ -87.466408253229091, 19.835388039101623 ], [ -87.467695267666585, 19.837122284665753 ], [ -87.451934003224522, 19.836544966998048 ], [ -87.447989618732919, 19.852897541782493 ], [ -87.439716164030813, 19.863881550372806 ], [ -87.44136813061705, 19.875526643260219 ], [ -87.434609900658756, 19.885602007419159 ], [ -87.438815898121305, 19.886923729932516 ], [ -87.432509644989764, 19.886840646828507 ], [ -87.431583878708466, 19.892786933991154 ], [ -87.436270052423922, 19.902945725809115 ], [ -87.434649664906729, 19.913103972275763 ], [ -87.438504168958559, 19.913186831055231 ], [ -87.437914836063086, 19.909552908611357 ], [ -87.44867498305436, 19.919216080615534 ], [ -87.459664615211082, 19.925492445180296 ], [ -87.457230186362054, 19.937137478586159 ], [ -87.460743765620037, 19.942753244759885 ], [ -87.466006972468392, 19.946551837466828 ], [ -87.469862012946962, 19.946468824366786 ], [ -87.473723782461974, 19.950349932583574 ], [ -87.47513515208604, 19.955883091602821 ], [ -87.477604757197398, 19.947170754169726 ], [ -87.470172157334602, 19.94620393949587 ], [ -87.473367588046955, 19.940820524846924 ], [ -87.472552029223635, 19.936112944123767 ], [ -87.46591128689208, 19.928519343847551 ], [ -87.464280898567523, 19.917617242963935 ], [ -87.458930325503545, 19.9156513462991 ], [ -87.463933598034927, 19.898331794259242 ], [ -87.462801329464327, 19.892305254299583 ], [ -87.458745065471589, 19.887345432100684 ], [ -87.46344377936191, 19.882156189403297 ], [ -87.465464148886028, 19.875888551171503 ], [ -87.461378010777324, 19.876127700198676 ], [ -87.456772010840254, 19.885443263810895 ], [ -87.449169642295729, 19.888150439162786 ], [ -87.457159250730328, 19.879089758081506 ], [ -87.459611184819366, 19.858876574001084 ], [ -87.467311985575023, 19.859057509700627 ], [ -87.475044474199734, 19.853709092065781 ], [ -87.481901162576207, 19.838125696002827 ], [ -87.488358061467295, 19.831123739425351 ], [ -87.488738834262989, 19.825677906537994 ], [ -87.48657109518993, 19.823098545548454 ], [ -87.489783533717244, 19.825169076327043 ], [ -87.493007204787773, 19.815069085061317 ], [ -87.499987857613263, 19.806801159359448 ], [ -87.499999423839924, 20.134542449386711 ], [ -87.627953669426134, 20.13460509802864 ], [ -87.627970381114267, 20.206498489440662 ], [ -87.97354617345438, 20.209551754226467 ], [ -87.995065442188121, 20.447316427706202 ] ] ] } }
]
}
