{
"type": "FeatureCollection",
"name": "27",
"crs": { "type": "name", "properties": { "name": "urn:ogc:def:crs:OGC:1.3:CRS84" } },
"features": [
{ "type": "Feature", "properties": { "cve_edo": "27", "cve_mpo_ine": "001", "cve_edo_mpo_ine": "27001", "nom_mpo": "BALANCAN", "nom_edo": "Tabasco", "alianza_ganadora": "Juntos Haremos Historia", "margen_pp": 66.084196702174225, "por_participacion": 64.796123389670257 }, "geometry": { "type": "Polygon", "coordinates": [ [ [ -91.581212468966527, 18.152599680196509 ], [ -91.579000392244424, 18.157319528009094 ], [ -91.571633594534347, 18.155594002470565 ], [ -91.565061117253805, 18.158279037876316 ], [ -91.55519349553785, 18.155248738673659 ], [ -91.545355654505627, 18.161545128341487 ], [ -91.542103911565178, 18.160410691491922 ], [ -91.540641542671921, 18.164960047307268 ], [ -91.535938806736922, 18.162697681589783 ], [ -91.535432447029592, 18.157689705122788 ], [ -91.532948793204099, 18.158470906208027 ], [ -91.532492419249749, 18.156442372220578 ], [ -91.531506327780917, 18.158343839313364 ], [ -91.531048991019205, 18.156687718877773 ], [ -91.524920148207329, 18.160978631749483 ], [ -91.52065144571047, 18.160224921838577 ], [ -91.515893506260255, 18.169608056086197 ], [ -91.507224273427653, 18.170472650638626 ], [ -91.503440522331204, 18.164781270774256 ], [ -91.505066619519283, 18.161143433578534 ], [ -91.501343391377162, 18.151121528487465 ], [ -91.504586337466591, 18.147073418431376 ], [ -91.500027236559617, 18.147146234979086 ], [ -91.499282387015384, 18.14524115388701 ], [ -91.502577313606125, 18.143220772889197 ], [ -91.495324039822833, 18.136956576509657 ], [ -91.499589945108241, 18.138455624581638 ], [ -91.498102188426429, 18.133983394956772 ], [ -91.50065544201901, 18.1288579481662 ], [ -91.505960872158354, 18.129986696469892 ], [ -91.50573772380298, 18.127213792227984 ], [ -91.50291395047725, 18.125924924792677 ], [ -91.505519263606644, 18.12274433934784 ], [ -91.507823825518614, 18.123990675350846 ], [ -91.508178544994649, 18.120887971287363 ], [ -91.506276197062078, 18.120263199081034 ], [ -91.509286602770715, 18.116586865664388 ], [ -91.504450090058597, 18.112935097668348 ], [ -91.502868853609812, 18.100559213630195 ], [ -91.498333238345523, 18.092645890692758 ], [ -91.493610756435686, 18.089780361790588 ], [ -91.470059073668793, 18.084020253205626 ], [ -91.470290291424078, 18.09045701535295 ], [ -91.464545917431266, 18.088552604048029 ], [ -91.459792973110353, 18.09402934864811 ], [ -91.451779944415236, 18.097255876798997 ], [ -91.449206059808475, 18.09405239732839 ], [ -91.444732487374964, 18.095128471996869 ], [ -91.439625690574715, 18.086302231946515 ], [ -91.431679596120631, 18.081689352145982 ], [ -91.425225213470668, 18.079728196647746 ], [ -91.417893699847482, 18.081488599113566 ], [ -91.409712430529751, 18.078488003858144 ], [ -91.399439045796029, 18.080239926521493 ], [ -91.393282931447089, 18.075506225718982 ], [ -91.393643525688262, 18.07120391908062 ], [ -91.39037205258397, 18.066395200675736 ], [ -91.385075442655619, 18.06352562167865 ], [ -91.37254676503855, 18.067173296348404 ], [ -91.366901056797005, 18.065253932570357 ], [ -91.361810958027021, 18.069335705848211 ], [ -91.354432779071232, 18.068031646107293 ], [ -91.347989264942484, 18.06350266706222 ], [ -91.329817877160124, 18.063326980289098 ], [ -91.324548753502896, 18.058892756009051 ], [ -91.324939338539167, 18.054425093629916 ], [ -91.320819653706621, 18.050580402829404 ], [ -91.299995031006404, 18.042696986334722 ], [ -91.294061061381242, 18.035606640589943 ], [ -91.28625596208056, 18.030900564123765 ], [ -91.28273923325068, 18.024659435387466 ], [ -91.250019578848097, 18.006232148016672 ], [ -91.242900837348444, 17.991181332287599 ], [ -91.237646345150054, 17.985751625934292 ], [ -91.225674122818731, 17.982495500012707 ], [ -91.216621765052096, 17.976036735017544 ], [ -91.200679308791635, 17.977213230077215 ], [ -91.198616501931596, 17.975786462625596 ], [ -91.192467572192911, 17.97870945184653 ], [ -91.185249419284659, 17.97359121422047 ], [ -91.180728634866668, 17.975370042275426 ], [ -91.180140021572967, 17.965594896511295 ], [ -91.172276759675512, 17.966927996333684 ], [ -91.172144543803157, 17.968499806902646 ], [ -91.149652732619444, 17.966960579497741 ], [ -91.151665713700524, 17.962260737587133 ], [ -91.133488523505733, 17.956787022550326 ], [ -91.132005265364995, 17.965796924991125 ], [ -90.993956818563731, 17.966231821776606 ], [ -90.993333074104157, 17.960347540198114 ], [ -90.987271225382727, 17.955648409562343 ], [ -90.987531032209219, 17.94331605026618 ], [ -90.983260713345814, 17.94335428749357 ], [ -90.98780926907601, 17.939262446985332 ], [ -90.988183048128747, 17.422187567321174 ], [ -91.032557399656369, 17.42441337085911 ], [ -91.032105730781936, 17.457785530373933 ], [ -91.058381893295348, 17.458620564559208 ], [ -91.058228351723244, 17.482346535720371 ], [ -91.078521635552747, 17.483966655563734 ], [ -91.077681167945997, 17.471436247569631 ], [ -91.116531331786888, 17.476271577724962 ], [ -91.117330649908226, 17.430391979173478 ], [ -91.091001735157121, 17.429275387728786 ], [ -91.106030240396734, 17.416638560588332 ], [ -91.135208097344972, 17.421821633448566 ], [ -91.133105348371828, 17.446280733030505 ], [ -91.136865086277439, 17.452215179819742 ], [ -91.13972458109798, 17.464427414931603 ], [ -91.139470315801589, 17.47798467141434 ], [ -91.141919110434245, 17.482050814528233 ], [ -91.13519627644159, 17.490401017629473 ], [ -91.139839144435214, 17.493116575662253 ], [ -91.141307748897745, 17.497590084762372 ], [ -91.139729921649888, 17.501672820722334 ], [ -91.144863483466906, 17.50893847106008 ], [ -91.142660296713188, 17.511777254384352 ], [ -91.138357830999851, 17.50976656098522 ], [ -91.137525151471394, 17.514267230524702 ], [ -91.132780985884409, 17.518661010989923 ], [ -91.133910666784658, 17.522099026862357 ], [ -91.130866606263922, 17.53260617665045 ], [ -91.134620172934376, 17.537853021417888 ], [ -91.133619640641484, 17.54152585316389 ], [ -91.171895150990863, 17.539403370512634 ], [ -91.17343663775543, 17.56099118601492 ], [ -91.1883918852741, 17.562114008883395 ], [ -91.192914879403489, 17.566109315984576 ], [ -91.201598774827261, 17.567111297904958 ], [ -91.199268378899077, 17.572058235971689 ], [ -91.203163097422618, 17.575305548339536 ], [ -91.208052888137033, 17.565578224690174 ], [ -91.207436174530443, 17.562722242077623 ], [ -91.211063372056216, 17.562412687266672 ], [ -91.221247820680077, 17.552426324544243 ], [ -91.225216587666878, 17.552738548429247 ], [ -91.227421172139273, 17.559820219272293 ], [ -91.239128323835132, 17.555257045500806 ], [ -91.247560469904016, 17.539182273479501 ], [ -91.253762931025747, 17.541366755987227 ], [ -91.259427230814765, 17.568558675458064 ], [ -91.265613664133213, 17.573925958987907 ], [ -91.268111810573984, 17.580264826282871 ], [ -91.275430873583517, 17.578444957505198 ], [ -91.282021449415154, 17.583731333732729 ], [ -91.288403575292577, 17.584965036267043 ], [ -91.291238515351864, 17.582169301347303 ], [ -91.296596561285497, 17.582307652138915 ], [ -91.297595138482379, 17.566246262335742 ], [ -91.3091579394859, 17.578338370003884 ], [ -91.310608039532866, 17.576155041671374 ], [ -91.313715210811523, 17.576295589001294 ], [ -91.321619992234645, 17.594982153241357 ], [ -91.319586226485953, 17.598733421211236 ], [ -91.320779562184526, 17.601757611224553 ], [ -91.353274223204693, 17.595766832746836 ], [ -91.357147090391976, 17.604178938856254 ], [ -91.363677952840519, 17.610620098647754 ], [ -91.38112995167586, 17.620671234332299 ], [ -91.393145318456376, 17.62420353388816 ], [ -91.410041938819717, 17.624306756089585 ], [ -91.418202683951463, 17.614878692648418 ], [ -91.423957533587355, 17.61531964573706 ], [ -91.430245828055163, 17.612372860051497 ], [ -91.434155359392633, 17.613507590794459 ], [ -91.434427608511342, 17.616981666314068 ], [ -91.439584781285575, 17.62238049044436 ], [ -91.439619833487839, 17.627424477442052 ], [ -91.442956424115167, 17.628018912686876 ], [ -91.446943167867275, 17.624812773410415 ], [ -91.446468138350099, 17.628076651404985 ], [ -91.449729326674884, 17.632722232674617 ], [ -91.461712419265609, 17.630999778796351 ], [ -91.462971322184117, 17.632783301801933 ], [ -91.460291039553312, 17.640088742986212 ], [ -91.462879282035473, 17.640720765347549 ], [ -91.46583089594418, 17.63722009590176 ], [ -91.469172240018651, 17.636780546628444 ], [ -91.466675229775248, 17.641689014825246 ], [ -91.470933621047891, 17.642245862248554 ], [ -91.470607785005924, 17.644373559699286 ], [ -91.466509558869134, 17.646711455371374 ], [ -91.469831659396945, 17.65077823100134 ], [ -91.464738071928181, 17.656873767129429 ], [ -91.467528268199302, 17.664121571896491 ], [ -91.489600508141578, 17.6600868040228 ], [ -91.51177649561717, 17.660549909977313 ], [ -91.512385625881052, 17.652010305907211 ], [ -91.514853129379134, 17.65283268012988 ], [ -91.519175339189431, 17.646497247673125 ], [ -91.521624552488532, 17.638316012560175 ], [ -91.524084610863866, 17.636205897347022 ], [ -91.530785220971296, 17.639198702233546 ], [ -91.537191014219232, 17.62570831430952 ], [ -91.532369760522329, 17.624189748084994 ], [ -91.535917365900616, 17.619204989457302 ], [ -91.539949223011433, 17.619637730882229 ], [ -91.544463129070166, 17.615493409478137 ], [ -91.551712755031758, 17.613331303137933 ], [ -91.549948412297738, 17.6186736776041 ], [ -91.551714977948322, 17.61998060164705 ], [ -91.554418547373501, 17.61708904203461 ], [ -91.565512079588473, 17.629852239857275 ], [ -91.562331970410398, 17.630217498083709 ], [ -91.563791170211445, 17.639449282089945 ], [ -91.568958976658806, 17.637585717216403 ], [ -91.568550883793563, 17.644641884662978 ], [ -91.572559970074707, 17.643049955607022 ], [ -91.574525348646375, 17.649687367560634 ], [ -91.571645275081906, 17.649355147801774 ], [ -91.572549290090251, 17.653911678682782 ], [ -91.570193002696996, 17.656726068465019 ], [ -91.56853685050045, 17.676112150746874 ], [ -91.57605926106946, 17.681841650024786 ], [ -91.563588760322077, 17.688758155052934 ], [ -91.561061859403935, 17.701564331365098 ], [ -91.573649830273737, 17.704809550601539 ], [ -91.57138124211663, 17.71262248103865 ], [ -91.562953532858828, 17.712537181537765 ], [ -91.564926278556499, 17.722148349317166 ], [ -91.568498748614758, 17.722573729600104 ], [ -91.571852806300114, 17.729066815215564 ], [ -91.570124106442265, 17.732262239935665 ], [ -91.570575044876705, 17.760104897857531 ], [ -91.602095603903848, 17.760740979781879 ], [ -91.602520687802425, 17.762936189471446 ], [ -91.617958163571018, 17.765312540875939 ], [ -91.619152278402666, 17.762976080058092 ], [ -91.626592887718274, 17.760070938900036 ], [ -91.653590350045476, 17.761871059667076 ], [ -91.65600942045225, 17.758767505874655 ], [ -91.652673982269292, 17.754423588244467 ], [ -91.631086101036061, 17.74687969875642 ], [ -91.621477503759166, 17.741327829891823 ], [ -91.616925669212989, 17.73478853935114 ], [ -91.619669652475338, 17.725111465764346 ], [ -91.624260205502225, 17.723361946788678 ], [ -91.633932507343502, 17.725032338143532 ], [ -91.657384680161414, 17.738426358127011 ], [ -91.666381745557516, 17.735583582217672 ], [ -91.675028938586152, 17.722368778825889 ], [ -91.702788098815333, 17.712525927783599 ], [ -91.709749833619327, 17.714029820056872 ], [ -91.711507372252072, 17.740983408988999 ], [ -91.706806580638997, 17.753100012776986 ], [ -91.708795312496974, 17.758662845197385 ], [ -91.717823793015668, 17.757470223420686 ], [ -91.721292788566373, 17.764375703376917 ], [ -91.720443719245694, 17.766882980106523 ], [ -91.714174743214301, 17.765265363608389 ], [ -91.713906567149579, 17.772096449276127 ], [ -91.710619414943309, 17.778106259754047 ], [ -91.712411415298661, 17.783788847571675 ], [ -91.686438477484501, 17.830541619774163 ], [ -91.693458324850127, 17.833378932876915 ], [ -91.679002019172117, 17.84343299378952 ], [ -91.683984241564644, 17.850371869894023 ], [ -91.678937137364656, 17.854041189249486 ], [ -91.688125610143075, 17.859793369057975 ], [ -91.675707243632985, 17.871606760968309 ], [ -91.694141482979504, 17.871636167936575 ], [ -91.677662653182679, 17.893344378616874 ], [ -91.637121785816149, 17.873164644590886 ], [ -91.624155195858933, 17.894223705893264 ], [ -91.616956065568729, 17.890889790473619 ], [ -91.608456561946284, 17.904247190566334 ], [ -91.608606221555675, 17.91056821470886 ], [ -91.615080550164294, 17.911704939426023 ], [ -91.624402087450719, 17.925012357498694 ], [ -91.622091460445503, 17.931013292484323 ], [ -91.623427910100759, 17.937496752343936 ], [ -91.620030099526971, 17.95645237442633 ], [ -91.621575456643356, 17.960734030221129 ], [ -91.620097450445385, 17.975025053580094 ], [ -91.616122357064441, 17.988260306642946 ], [ -91.616561826729935, 18.003569708012904 ], [ -91.619484678360493, 18.00676869183107 ], [ -91.618536296940675, 18.016185643256406 ], [ -91.613362432830854, 18.03116251502092 ], [ -91.614844646960904, 18.034866839498143 ], [ -91.613258743493574, 18.044205577341636 ], [ -91.616312790904942, 18.048930843879258 ], [ -91.614149662758152, 18.052495325630087 ], [ -91.618336398175316, 18.054736333087408 ], [ -91.618734461994919, 18.059933999266821 ], [ -91.614114242799985, 18.066610992429997 ], [ -91.607161312854998, 18.071405340825581 ], [ -91.605833637740091, 18.08358998406953 ], [ -91.610213931633666, 18.09375428835132 ], [ -91.607206350370518, 18.099800807365931 ], [ -91.599464665935145, 18.106952705790611 ], [ -91.591697070780384, 18.105478452613184 ], [ -91.588493232219648, 18.109255952804975 ], [ -91.59482228287456, 18.123534625968052 ], [ -91.58964373187699, 18.132608385746401 ], [ -91.578654519327372, 18.139285909852195 ], [ -91.578063692950849, 18.144077439730218 ], [ -91.581212468966527, 18.152599680196509 ] ] ] } },
{ "type": "Feature", "properties": { "cve_edo": "27", "cve_mpo_ine": "002", "cve_edo_mpo_ine": "27002", "nom_mpo": "CARDENAS", "nom_edo": "Tabasco", "alianza_ganadora": "Juntos Haremos Historia", "margen_pp": 47.070337681821911, "por_participacion": 48.006954838564468 }, "geometry": { "type": "Polygon", "coordinates": [ [ [ -93.815385995066066, 18.313416258547534 ], [ -93.613592923141709, 18.383121056159393 ], [ -93.597932706074346, 18.387947102789791 ], [ -93.587087226052859, 18.387450312156734 ], [ -93.583025716622075, 18.392359439892378 ], [ -93.526283360419612, 18.408446282541714 ], [ -93.525601591186316, 18.379078929579979 ], [ -93.528674194057004, 18.377213742627774 ], [ -93.533551779955516, 18.355796895014826 ], [ -93.531066232054783, 18.341714689690438 ], [ -93.529386961613497, 18.339230096749734 ], [ -93.52550461354096, 18.339397322123514 ], [ -93.518961944442808, 18.329665688619208 ], [ -93.507726720600303, 18.320473704649388 ], [ -93.504365376195452, 18.322007252013936 ], [ -93.498174209674332, 18.309085275872388 ], [ -93.486356764708191, 18.30738944085061 ], [ -93.483810879332495, 18.302957739515492 ], [ -93.485210989328579, 18.289412563605079 ], [ -93.480410294261858, 18.279596316568696 ], [ -93.47751382918176, 18.279886659753167 ], [ -93.473231893092461, 18.274170920291354 ], [ -93.474573044546204, 18.262779720158793 ], [ -93.484941556434521, 18.261452802005266 ], [ -93.487320854184787, 18.254949145052461 ], [ -93.483795619921594, 18.244469949621596 ], [ -93.469733100570323, 18.231713582811565 ], [ -93.464000311597559, 18.231465422302019 ], [ -93.460918868425281, 18.222236519257827 ], [ -93.454053056250743, 18.217009271631799 ], [ -93.451039696460882, 18.196913127836655 ], [ -93.440315861580331, 18.191598503171846 ], [ -93.434273122259583, 18.19454704871319 ], [ -93.429906377836815, 18.190462279521242 ], [ -93.43312734156342, 18.187624851682269 ], [ -93.429669399845224, 18.183580983408401 ], [ -93.430083180820091, 18.180916446849857 ], [ -93.420263284696375, 18.171471385464134 ], [ -93.421995728766959, 18.168494717220739 ], [ -93.418221591226711, 18.169663609546827 ], [ -93.417973230921362, 18.167528098599661 ], [ -93.406312941518721, 18.16095074099773 ], [ -93.406795370905954, 18.152317126096936 ], [ -93.401474004574553, 18.150939547410591 ], [ -93.398352653926636, 18.146479519117516 ], [ -93.405791799882081, 18.128126790449471 ], [ -93.402728904879652, 18.123501861395148 ], [ -93.386793143072197, 18.117547561821269 ], [ -93.383006357640738, 18.111749504992765 ], [ -93.370481362132637, 18.120922015223556 ], [ -93.360157189102523, 18.112063450452144 ], [ -93.365816373630523, 18.106771959059024 ], [ -93.349788919451044, 18.090493677826586 ], [ -93.346067517445647, 18.096973914616079 ], [ -93.337031759221972, 18.091592456388437 ], [ -93.334248902781624, 18.093667092595432 ], [ -93.324737139893045, 18.083616809262519 ], [ -93.328508588739183, 18.079248958445152 ], [ -93.322095104653627, 18.072203516129346 ], [ -93.330330967625244, 18.064149761885975 ], [ -93.343592652104377, 18.061735572470372 ], [ -93.348811887328125, 18.056502964467199 ], [ -93.345807015336405, 18.05340384598956 ], [ -93.338906705415667, 18.059871689316193 ], [ -93.327047694617676, 18.050669585603789 ], [ -93.322247814208211, 18.052459625288645 ], [ -93.316935679920732, 18.04523004186585 ], [ -93.311524541735622, 18.045158194321552 ], [ -93.302957408518196, 18.029980750476142 ], [ -93.305710940631656, 18.029810437397277 ], [ -93.310457002332143, 18.018093730942272 ], [ -93.308477469659408, 17.998715834076119 ], [ -93.288683862930668, 17.998502569889975 ], [ -93.28884920476537, 17.990422959140339 ], [ -93.278472229444361, 17.990628223963327 ], [ -93.278024721535616, 17.981959226041493 ], [ -93.283031063956813, 17.966278112377179 ], [ -93.281535587567689, 17.956601117478201 ], [ -93.290252795410098, 17.949051952209494 ], [ -93.281719729475313, 17.943216849780093 ], [ -93.293575961785933, 17.924395631451254 ], [ -93.309580008026899, 17.933812776008629 ], [ -93.308342442345193, 17.935826327194409 ], [ -93.343456817022144, 17.946283383104689 ], [ -93.354276922978755, 17.94325028998783 ], [ -93.355884356065062, 17.929670946453484 ], [ -93.367189588491485, 17.928701797509074 ], [ -93.367605002304771, 17.948063710092509 ], [ -93.372151297732103, 17.957338668679917 ], [ -93.378513564622949, 17.963875721895995 ], [ -93.386873911786452, 17.982256520910731 ], [ -93.396864831529342, 17.982415398817718 ], [ -93.419861545378708, 17.973764297061887 ], [ -93.419018816789944, 17.999414857254617 ], [ -93.532337858886848, 18.00056729280324 ], [ -93.53208667586027, 17.958535239555989 ], [ -93.589341229655702, 17.958527571374841 ], [ -93.58889511925004, 17.982724315427898 ], [ -93.621182350163451, 17.988054588158686 ], [ -93.649778503652712, 18.013634730595463 ], [ -93.650582637978005, 18.044286704980408 ], [ -93.683800565688642, 18.044780521704674 ], [ -93.68387498973928, 18.065576044664571 ], [ -93.688913339188929, 18.074693185475681 ], [ -93.691057948569963, 18.086245434525086 ], [ -93.687758005248043, 18.089424133557856 ], [ -93.730892377810349, 18.089323604391748 ], [ -93.731167080696423, 18.056232917092039 ], [ -93.739396628310658, 18.059075670276442 ], [ -93.749287279268643, 18.059276088357958 ], [ -93.743796811414938, 18.076402199429577 ], [ -93.765513497648485, 18.086909650639097 ], [ -93.800197456104783, 18.091792373207372 ], [ -93.819431461587556, 18.104420545425761 ], [ -93.823309791145391, 18.103323355008058 ], [ -93.82593119281141, 18.105000834503354 ], [ -93.832646376313335, 18.102751474612056 ], [ -93.845191082271739, 18.10531422813937 ], [ -93.851873666550915, 18.093813296976911 ], [ -93.860937510412924, 18.09039493652735 ], [ -93.878400585388633, 18.100023405969896 ], [ -93.887977235585069, 18.092911582460342 ], [ -93.895986916664995, 18.112718979868827 ], [ -93.892994355358738, 18.118904911842556 ], [ -93.910629226323351, 18.154409158193591 ], [ -93.954740947449139, 18.137592371157425 ], [ -93.960371656403083, 18.148942001168319 ], [ -93.97359800979936, 18.146212980298291 ], [ -93.991491045061963, 18.13807937657819 ], [ -94.001513419958712, 18.125527994210778 ], [ -94.00797266038964, 18.12090707896995 ], [ -94.01958246743007, 18.119755357325733 ], [ -94.03182569280807, 18.139420073384805 ], [ -93.992368926187993, 18.16602939404309 ], [ -93.992569794742536, 18.177143418152973 ], [ -93.999654030255854, 18.190395526560604 ], [ -94.012715354649671, 18.189986584579707 ], [ -94.009714052044103, 18.19161227153441 ], [ -94.014241748713474, 18.199064700752164 ], [ -94.017793045196186, 18.197748442539179 ], [ -94.020007347745562, 18.193574321419494 ], [ -94.025859402797479, 18.198949142087265 ], [ -94.034284916363546, 18.194031392059433 ], [ -94.042723826783984, 18.1941313155139 ], [ -94.038778059590442, 18.18850267042647 ], [ -94.039927606244689, 18.18617691892609 ], [ -94.045254382237502, 18.189603498656464 ], [ -94.049466105651433, 18.186936908273612 ], [ -94.05930502898903, 18.191676771530762 ], [ -94.064472126461837, 18.199665115719299 ], [ -94.073039176693257, 18.203951893986339 ], [ -94.074338359676929, 18.20687314981836 ], [ -94.083569615899165, 18.208910436685706 ], [ -94.08726271374718, 18.213628772320558 ], [ -94.097728953029133, 18.206735632414212 ], [ -94.096252030886433, 18.196372640993534 ], [ -94.09947641804122, 18.192381075100428 ], [ -94.106294221098878, 18.191654000365737 ], [ -94.117689095492182, 18.194436583759206 ], [ -94.122015196345899, 18.191726601631366 ], [ -94.127235842542191, 18.197556464576294 ], [ -94.129767222957597, 18.211647904557459 ], [ -94.127583562433955, 18.215594977235924 ], [ -93.994265579326907, 18.254484227349167 ], [ -93.815385995066066, 18.313416258547534 ] ] ] } },
{ "type": "Feature", "properties": { "cve_edo": "27", "cve_mpo_ine": "003", "cve_edo_mpo_ine": "27003", "nom_mpo": "CENTLA", "nom_edo": "Tabasco", "alianza_ganadora": "Juntos Haremos Historia", "margen_pp": 46.781218694193996, "por_participacion": 59.917792131532586 }, "geometry": { "type": "Polygon", "coordinates": [ [ [ -92.30700621269979, 18.430948928791008 ], [ -92.298287308316702, 18.426265547769081 ], [ -92.284449593862234, 18.397724161628776 ], [ -92.281278315931175, 18.395028296912702 ], [ -92.27083058190901, 18.393501035086459 ], [ -92.268427212414295, 18.389824447752808 ], [ -92.2713872928623, 18.38271645805677 ], [ -92.278572232750193, 18.389155395692018 ], [ -92.284947126423745, 18.386979968846745 ], [ -92.28632368579666, 18.381335884903176 ], [ -92.283515443926504, 18.374799805264825 ], [ -92.295389423933102, 18.350295589423634 ], [ -92.289935525570044, 18.302282145116553 ], [ -92.282420591069794, 18.295218210419588 ], [ -92.255238678955479, 18.305256946713651 ], [ -92.239733957231309, 18.297859291445477 ], [ -92.228117159479638, 18.268521703267183 ], [ -92.25671180524553, 18.265414923254429 ], [ -92.273469878301256, 18.270390807285565 ], [ -92.312072221984906, 18.259454775454692 ], [ -92.317319623052498, 18.257008170625703 ], [ -92.317186537700252, 18.253768785094042 ], [ -92.308748687606496, 18.242625441524314 ], [ -92.326200800528397, 18.233390945760533 ], [ -92.328113336053548, 18.204252971837899 ], [ -92.325310522722035, 18.189685229294739 ], [ -92.322643721858896, 18.186002538720079 ], [ -92.313445846802011, 18.184018631715066 ], [ -92.314191817764097, 18.180790138725222 ], [ -92.310255684366084, 18.178473448045551 ], [ -92.309728354927728, 18.174541695416014 ], [ -92.288909355503904, 18.172683426633061 ], [ -92.281084958539623, 18.16109575532235 ], [ -92.271717583835169, 18.160475731193547 ], [ -92.268414356593723, 18.155467951505582 ], [ -92.277015797287802, 18.147189748229668 ], [ -92.276663696762043, 18.143878727438434 ], [ -92.27203567860775, 18.141892457465989 ], [ -92.279016114932475, 18.132662297558255 ], [ -92.279062174149317, 18.125295184766198 ], [ -92.292980940372701, 18.117884683438174 ], [ -92.289527745096777, 18.126949324396659 ], [ -92.291325251880352, 18.130260096261345 ], [ -92.313366649251918, 18.139608916412055 ], [ -92.316486635987417, 18.138614688946024 ], [ -92.316871320927447, 18.127563835033584 ], [ -92.318835245294437, 18.126735460535365 ], [ -92.338092930203686, 18.13090874450528 ], [ -92.340625220377504, 18.125113261953789 ], [ -92.345418977657218, 18.123000332915012 ], [ -92.357052089053525, 18.1299480657053 ], [ -92.36902949594149, 18.107798471134913 ], [ -92.366196301269952, 18.107344803793097 ], [ -92.367867646399446, 18.105026071574436 ], [ -92.388928841906704, 18.114904913778297 ], [ -92.386398095418272, 18.120618313024703 ], [ -92.393456751645942, 18.123469347519073 ], [ -92.405288753871844, 18.11555535097196 ], [ -92.405967237652845, 18.109015324617406 ], [ -92.420535646304359, 18.109996935545574 ], [ -92.422545234539598, 18.104407658553701 ], [ -92.432812502685124, 18.095830980800642 ], [ -92.482813045421395, 18.10412045719896 ], [ -92.489734621352767, 18.106456659503191 ], [ -92.498652149432942, 18.11808571056509 ], [ -92.499177264532634, 18.123782981233965 ], [ -92.478466890012385, 18.116747987616851 ], [ -92.480744086385883, 18.123376961961029 ], [ -92.49474879811774, 18.133135724562631 ], [ -92.500091336772044, 18.143513766045078 ], [ -92.505917373909099, 18.145597898877874 ], [ -92.503167939151467, 18.1548741705993 ], [ -92.49968745414958, 18.155687259169532 ], [ -92.501825232372681, 18.167709697677843 ], [ -92.508590591985651, 18.168599141560726 ], [ -92.5130916218707, 18.166741685364954 ], [ -92.516167802034147, 18.170183126961707 ], [ -92.535529202402856, 18.160516120244722 ], [ -92.536414699219534, 18.15234742464434 ], [ -92.534207622437307, 18.146892210255817 ], [ -92.528311867292601, 18.146046822302274 ], [ -92.525447488597806, 18.142859183724532 ], [ -92.527970548827994, 18.132880175330378 ], [ -92.549089231244182, 18.133446119567392 ], [ -92.548285553875189, 18.12638608865371 ], [ -92.55050081564633, 18.118262933318579 ], [ -92.548738179140614, 18.114831619240185 ], [ -92.550387787362254, 18.105262092254165 ], [ -92.549023912701344, 18.102533700388864 ], [ -92.555260858844008, 18.097519004832083 ], [ -92.532705582685338, 18.071195639404898 ], [ -92.535788391310021, 18.06939006250704 ], [ -92.537431606911582, 18.073151269493327 ], [ -92.543507973383839, 18.072965150812895 ], [ -92.548959558396035, 18.077853180438954 ], [ -92.554223131809223, 18.077994225827485 ], [ -92.554396827343083, 18.084350599993272 ], [ -92.552041294907951, 18.088882766334986 ], [ -92.555968860853667, 18.089638465249909 ], [ -92.558182301674307, 18.094391867864367 ], [ -92.560486992834583, 18.089075305459094 ], [ -92.583796644065117, 18.089933316957531 ], [ -92.580422760715678, 18.098424737656138 ], [ -92.585710066895913, 18.108965431200509 ], [ -92.588644997946233, 18.110790452850871 ], [ -92.587690513574671, 18.114006681978509 ], [ -92.589910610611639, 18.118140677448366 ], [ -92.596703901045544, 18.122123536998796 ], [ -92.59753506337897, 18.126294484276958 ], [ -92.609494885923993, 18.135121300798037 ], [ -92.619415305241148, 18.132385405344714 ], [ -92.619365433197061, 18.124832567860622 ], [ -92.622513028959531, 18.122241645218011 ], [ -92.628144463031305, 18.126839097316918 ], [ -92.631156217760534, 18.119872850601766 ], [ -92.629119092335202, 18.114542964087864 ], [ -92.622248074501599, 18.112789678485075 ], [ -92.619234805855271, 18.106631413143035 ], [ -92.637520137004657, 18.106642772942568 ], [ -92.638440215162419, 18.114033006882828 ], [ -92.645473026872565, 18.117189406805807 ], [ -92.643300047808808, 18.120897780525912 ], [ -92.646861746992229, 18.123961830846099 ], [ -92.644636858106608, 18.126968453965826 ], [ -92.645658363818711, 18.129323790136201 ], [ -92.653049930129754, 18.124432947029003 ], [ -92.658881111039534, 18.126058500852643 ], [ -92.659613798155164, 18.128371707841627 ], [ -92.655213694756981, 18.135375878324709 ], [ -92.663606050132259, 18.135316159148623 ], [ -92.669425213143043, 18.145278240121787 ], [ -92.668734202965481, 18.151714767987141 ], [ -92.673683307529984, 18.155112203071049 ], [ -92.673283904036765, 18.161301884598512 ], [ -92.67945798570284, 18.168647179537427 ], [ -92.673151434968773, 18.173110944360097 ], [ -92.672537659858378, 18.179959109957711 ], [ -92.676210436159792, 18.178609210232423 ], [ -92.679148450816413, 18.181758729736949 ], [ -92.694138112945751, 18.180601651103991 ], [ -92.716280746144761, 18.189893995472758 ], [ -92.718746468133162, 18.188347532459698 ], [ -92.727378636530602, 18.193508414726658 ], [ -92.724914610556425, 18.195632098961902 ], [ -92.730611551447168, 18.198839452361526 ], [ -92.695825257903721, 18.229766466703303 ], [ -92.696580561276264, 18.253504461867365 ], [ -92.690848053054793, 18.258705848229745 ], [ -92.676430369414916, 18.283024857358285 ], [ -92.67521038838369, 18.299853881772606 ], [ -92.747795476366562, 18.275942055463791 ], [ -92.819833612981469, 18.265610935876609 ], [ -92.822369640410585, 18.267690175052628 ], [ -92.819926185894957, 18.275709821854552 ], [ -92.823095152815242, 18.277948169912975 ], [ -92.819648985572599, 18.278639209256998 ], [ -92.817506587809348, 18.274082946778051 ], [ -92.814688562572883, 18.273572696895233 ], [ -92.809650527105731, 18.279348498803039 ], [ -92.810986985251702, 18.283582374022625 ], [ -92.80715473376884, 18.289099810654715 ], [ -92.81251291976443, 18.292761311078799 ], [ -92.810977211389584, 18.297515926650629 ], [ -92.815834900557633, 18.305963772324443 ], [ -92.823507870831932, 18.313808664894296 ], [ -92.831514787799549, 18.318352331763929 ], [ -92.835390397474583, 18.325036102763391 ], [ -92.838155367299464, 18.326535906423643 ], [ -92.844180828036983, 18.323429774259527 ], [ -92.852401040624727, 18.323147480823504 ], [ -92.856325943161792, 18.327356983535068 ], [ -92.862651132637922, 18.327627785460784 ], [ -92.865946591968012, 18.332543742174696 ], [ -92.862807824490162, 18.338839056502607 ], [ -92.87046465956891, 18.341446888809575 ], [ -92.885943728639276, 18.329717276366122 ], [ -92.886363923455121, 18.31940744580093 ], [ -92.897035998832408, 18.328705062641582 ], [ -92.910909275380277, 18.333065814424842 ], [ -92.923441806819852, 18.346878693623818 ], [ -92.938977283485215, 18.349448752896571 ], [ -92.943966815966078, 18.346349548157313 ], [ -92.953042391753243, 18.303470569451175 ], [ -93.015885953849548, 18.306182401981893 ], [ -93.016515431547845, 18.318048481091061 ], [ -93.019706119007964, 18.318914569457508 ], [ -93.019465515190149, 18.321523662939455 ], [ -93.01552075683486, 18.322923065206247 ], [ -93.017403215750875, 18.331626229905943 ], [ -93.006798483056357, 18.348626677825973 ], [ -93.007882339532998, 18.353599973166443 ], [ -93.003928688131623, 18.357318803718716 ], [ -93.007609130486628, 18.365570595165337 ], [ -93.009518192637771, 18.383386910341958 ], [ -92.998959717308907, 18.402603070862611 ], [ -92.995014195361804, 18.40364994583771 ], [ -92.994999417039566, 18.407833617786867 ], [ -93.00093454294354, 18.414422125025194 ], [ -93.016515847968336, 18.42200909944507 ], [ -93.023410710846989, 18.423225963910671 ], [ -93.034783825687143, 18.42018587342913 ], [ -93.046712687563513, 18.424436685105142 ], [ -93.064281532393522, 18.423686128306223 ], [ -93.082226181485353, 18.4327932690952 ], [ -93.089281135777142, 18.438937337631682 ], [ -93.084593804316526, 18.440941125357305 ], [ -93.062151938043328, 18.434036692704513 ], [ -93.043216240594433, 18.432171188534081 ], [ -92.990858880529458, 18.430558765719674 ], [ -92.911965099399751, 18.438875724799175 ], [ -92.868803490069411, 18.450373737683027 ], [ -92.832091526062925, 18.465018168078334 ], [ -92.801706933367385, 18.480793930550551 ], [ -92.770243875017457, 18.503004884210135 ], [ -92.752830054464525, 18.518677714811638 ], [ -92.726390608308066, 18.548932587500186 ], [ -92.720961237272263, 18.569992650172459 ], [ -92.712596549251955, 18.58398346911035 ], [ -92.709780557807804, 18.593622840040318 ], [ -92.699556184091279, 18.608374052373208 ], [ -92.688736025445678, 18.617451276404406 ], [ -92.676044083567774, 18.611367298333022 ], [ -92.661839058419474, 18.609480047793188 ], [ -92.589687544458599, 18.618248933838785 ], [ -92.552477447896734, 18.626246070108117 ], [ -92.467604950979307, 18.653205304737821 ], [ -92.463700288672285, 18.635798194751374 ], [ -92.466015985856117, 18.62443722068102 ], [ -92.464357761146417, 18.616461236649929 ], [ -92.452099368219493, 18.604720344222432 ], [ -92.447764602127705, 18.593081375251156 ], [ -92.438338591493761, 18.580613358443038 ], [ -92.426089985682466, 18.557652644260248 ], [ -92.423179091865762, 18.540827530720545 ], [ -92.42635380495048, 18.5151373624307 ], [ -92.412438650224701, 18.487075285672436 ], [ -92.401215289480547, 18.479994572879136 ], [ -92.384777672155053, 18.479104725983511 ], [ -92.376103865894748, 18.470872789605401 ], [ -92.362452214157301, 18.463863310505477 ], [ -92.358755394923719, 18.457389151396853 ], [ -92.359345599301363, 18.447122251433655 ], [ -92.35344767734, 18.442875379846253 ], [ -92.347311616542569, 18.444507332720608 ], [ -92.337457055300476, 18.457966783321673 ], [ -92.331550546130444, 18.460592922933245 ], [ -92.324838083121918, 18.459820116708478 ], [ -92.320097522192199, 18.455991055033788 ], [ -92.314674891064001, 18.443297759249909 ], [ -92.30700621269979, 18.430948928791008 ] ] ] } },
{ "type": "Feature", "properties": { "cve_edo": "27", "cve_mpo_ine": "004", "cve_edo_mpo_ine": "27004", "nom_mpo": "CENTRO", "nom_edo": "Tabasco", "alianza_ganadora": "Juntos Haremos Historia", "margen_pp": 47.600360492790145, "por_participacion": 44.399552461461958 }, "geometry": { "type": "Polygon", "coordinates": [ [ [ -92.895754899391321, 17.78539557737739 ], [ -92.893909502542613, 17.78498009221768 ], [ -92.894172057852913, 17.780564205853729 ], [ -92.900143248033544, 17.785608412646489 ], [ -92.903318921750895, 17.78577832249908 ], [ -92.908437013725973, 17.797177172623432 ], [ -92.920385905658151, 17.798390713400302 ], [ -92.924429781439216, 17.790058900692664 ], [ -92.927839502701588, 17.797422350029631 ], [ -92.932186531297262, 17.796012525365789 ], [ -92.929604990164407, 17.785112923408036 ], [ -92.932150747193532, 17.784497142272262 ], [ -92.914119702626863, 17.762288167313731 ], [ -92.918447144813982, 17.761778135323016 ], [ -92.918240113087492, 17.758352131164159 ], [ -92.925658515745866, 17.75460623919777 ], [ -92.921237648860625, 17.751120622875813 ], [ -92.922036207031894, 17.747229752981188 ], [ -92.918536046616197, 17.740824257326221 ], [ -92.923966408042304, 17.739133249037035 ], [ -92.960581425796917, 17.738787389295528 ], [ -92.964593519637774, 17.74068133878221 ], [ -92.981083624113396, 17.734022437316973 ], [ -92.98899102969952, 17.735823712682588 ], [ -92.988347413433175, 17.725150677108246 ], [ -92.978259945959408, 17.72012737162467 ], [ -92.97744957537364, 17.713095615904091 ], [ -92.980940062652323, 17.710314968270602 ], [ -92.994638702119133, 17.717770532728782 ], [ -92.996871573532331, 17.71702023387089 ], [ -92.99807811759328, 17.719830716772627 ], [ -93.019523093268347, 17.735581159372469 ], [ -93.01926435396372, 17.754862335880706 ], [ -93.013924170239662, 17.760417185322964 ], [ -93.029020460805825, 17.774662741291845 ], [ -93.018647927741796, 17.784125201872232 ], [ -93.021311192759981, 17.789385897938164 ], [ -93.014228518770196, 17.792595770107642 ], [ -93.016504412785366, 17.793914685982834 ], [ -93.014940739685571, 17.797372847175637 ], [ -93.017827567474143, 17.796877216280031 ], [ -93.018448307213575, 17.800450943549116 ], [ -93.021931603370717, 17.801829284832593 ], [ -93.018561114908977, 17.806462453665311 ], [ -93.022307932234909, 17.809088133245609 ], [ -93.021476784230515, 17.813344767233787 ], [ -93.014053628609616, 17.813316688685084 ], [ -93.012241702585882, 17.825485495031234 ], [ -93.017239166995594, 17.824057669820974 ], [ -93.01646698491119, 17.828232266666863 ], [ -93.019419120901361, 17.827364560190894 ], [ -93.018957119456431, 17.824497817429371 ], [ -93.024086612017612, 17.824118480679058 ], [ -93.0240791607945, 17.821548658580074 ], [ -93.027366902653398, 17.824125935650663 ], [ -93.03009333867719, 17.820063292689809 ], [ -93.027432035687198, 17.817826970256537 ], [ -93.031217616630158, 17.815520861265458 ], [ -93.037524395717654, 17.825901107659845 ], [ -93.040419055625321, 17.825312271062128 ], [ -93.044967110813246, 17.830574405781608 ], [ -93.0445569284404, 17.833955521694485 ], [ -93.06117343363259, 17.840790946303915 ], [ -93.058686304504704, 17.847385784278369 ], [ -93.063486319155771, 17.849197222875887 ], [ -93.06409205712248, 17.844646997550729 ], [ -93.084139193064402, 17.840754739398498 ], [ -93.097667516900643, 17.840620307149287 ], [ -93.104314497241688, 17.845193051349746 ], [ -93.116281526327256, 17.822701847636104 ], [ -93.120581263555408, 17.834158456377164 ], [ -93.109233707238175, 17.851754386095013 ], [ -93.114606836797023, 17.856650692031778 ], [ -93.118103212982774, 17.8688515212711 ], [ -93.11586914832553, 17.872733602798782 ], [ -93.106039170607971, 17.879395858751085 ], [ -93.108589035917177, 17.884009750304489 ], [ -93.106981165526861, 17.885663096310093 ], [ -93.107862017562582, 17.890816834785312 ], [ -93.126870025769477, 17.891192719888213 ], [ -93.132424106852994, 17.90499120159021 ], [ -93.130832354484653, 17.906957764703492 ], [ -93.136320910161871, 17.915118490976432 ], [ -93.14701218774043, 17.919167337739328 ], [ -93.148052052565106, 17.925108955291677 ], [ -93.152041274513735, 17.930388026519672 ], [ -93.159931884782637, 17.935570301025855 ], [ -93.168178881556912, 17.935813383307774 ], [ -93.17241858947321, 17.93969860379768 ], [ -93.182489376697589, 17.940380383014091 ], [ -93.189049903040697, 17.953781608027487 ], [ -93.192286786747005, 17.956093070480414 ], [ -93.190189166092352, 17.963048189589021 ], [ -93.199606207302281, 17.964589411441104 ], [ -93.210134075087396, 17.962125439115397 ], [ -93.219234015201138, 17.955869515852012 ], [ -93.222281866995374, 17.971897678532848 ], [ -93.225327881154868, 17.969121880337589 ], [ -93.226038075986267, 17.971495369989636 ], [ -93.221664711118535, 17.974918341122837 ], [ -93.226560950053624, 17.974798835986654 ], [ -93.226038202683867, 17.97915596748377 ], [ -93.210020134032519, 17.973121411219278 ], [ -93.214441339970463, 17.969023917144479 ], [ -93.200395488626768, 17.968620673976428 ], [ -93.198671099515025, 17.965322338328011 ], [ -93.191369879883879, 17.964598274017188 ], [ -93.187436018275662, 17.967696716405172 ], [ -93.183041731655138, 17.976938864039059 ], [ -93.170391421123199, 17.985057786355867 ], [ -93.167971883358433, 18.002315403256535 ], [ -93.16311906348777, 18.012276461878269 ], [ -93.162928540437264, 18.008309685597048 ], [ -93.160462823223483, 18.00846906936161 ], [ -93.160206365106177, 18.011351145011485 ], [ -93.157118518780763, 18.011213540781227 ], [ -93.149958747317484, 17.997198048471514 ], [ -93.137139183155625, 17.985858379906894 ], [ -93.135574776957839, 17.977999462452932 ], [ -93.118719727146271, 17.977311791712435 ], [ -93.117757132054564, 17.972545271764602 ], [ -93.112959129854602, 17.969549922206493 ], [ -93.104127851241842, 17.974218825864067 ], [ -93.100366545148333, 17.973321366124331 ], [ -93.100747595425602, 17.976568758275246 ], [ -93.083911651887377, 17.976800704574085 ], [ -93.077420212328761, 17.989863236540735 ], [ -93.071810904707874, 17.988383982076154 ], [ -93.072835520768308, 17.990487615485964 ], [ -93.068783559130921, 17.98996444652968 ], [ -93.065064398356895, 17.994324095363208 ], [ -93.064407201857748, 17.990751215634663 ], [ -93.055001505891227, 17.990404438088358 ], [ -93.055468659619578, 18.003863023282531 ], [ -93.049615300855294, 18.003794939787298 ], [ -93.042355067425916, 18.006837489623067 ], [ -93.043739635165082, 18.012195645563732 ], [ -93.041529590930509, 18.013746762000554 ], [ -93.038647005989176, 18.012549873647995 ], [ -93.029967735196351, 18.015771904575306 ], [ -93.027478259400056, 18.019340637611894 ], [ -93.031099819636196, 18.022805236053369 ], [ -93.032606030701842, 18.032236375752316 ], [ -93.019265747433735, 18.048485464436187 ], [ -93.001178172380847, 18.034849506625545 ], [ -92.995926438283462, 18.038720136018579 ], [ -92.993146496447636, 18.034470463973939 ], [ -92.987718268642084, 18.033954837930338 ], [ -92.986927324522441, 18.027866159811644 ], [ -92.988666556425784, 18.027008773810763 ], [ -92.990146703585822, 18.016188299318312 ], [ -92.974963214776935, 18.007769328919135 ], [ -92.959916227124936, 18.011872938145256 ], [ -92.954040267130182, 18.010194853273379 ], [ -92.954448147212489, 18.021231949628572 ], [ -92.943275417378516, 18.01923005825601 ], [ -92.942898743796817, 18.026973180635164 ], [ -92.940292446094247, 18.026478642070106 ], [ -92.937088454473994, 18.035371096443061 ], [ -92.934172291944364, 18.035604166920297 ], [ -92.933843792061211, 18.032771227655896 ], [ -92.929125421065635, 18.03447774421431 ], [ -92.914300423930328, 18.033630570967333 ], [ -92.91185514894805, 18.035717062241982 ], [ -92.911989061753943, 18.039260161629226 ], [ -92.906952720635289, 18.042838250905124 ], [ -92.898836007636092, 18.054472895139522 ], [ -92.900456136561061, 18.063274902846128 ], [ -92.896985632738918, 18.066501604645325 ], [ -92.896195272787267, 18.07135065385501 ], [ -92.90477716301092, 18.076559734589267 ], [ -92.900655292334022, 18.100149014080593 ], [ -92.902466908529561, 18.104733935477935 ], [ -92.888183549782994, 18.160201157404611 ], [ -92.866553305532207, 18.155190458847375 ], [ -92.876799250852287, 18.172351332399792 ], [ -92.856057891469703, 18.192187351319301 ], [ -92.855552562060126, 18.195366298034852 ], [ -92.850956637687133, 18.19536784007045 ], [ -92.850689885334148, 18.200976759494512 ], [ -92.855628525818062, 18.200394899766625 ], [ -92.853231249993556, 18.204663273748199 ], [ -92.854540151486603, 18.216894376297489 ], [ -92.849029351906282, 18.218264761442111 ], [ -92.842401023943111, 18.228425967865398 ], [ -92.830132402873915, 18.236289219649905 ], [ -92.83439769290213, 18.239960137343903 ], [ -92.834090611474295, 18.250557417622918 ], [ -92.843902987687528, 18.25023333586422 ], [ -92.845952815055924, 18.257167361272039 ], [ -92.849295090824512, 18.25965101599369 ], [ -92.846645539768161, 18.273856470712666 ], [ -92.854701530358696, 18.292084900775873 ], [ -92.8574696468459, 18.294532533892667 ], [ -92.864535194394392, 18.293271087023331 ], [ -92.864620051527197, 18.300608068038979 ], [ -92.872163694719845, 18.304123791425457 ], [ -92.87658925072131, 18.303917273124657 ], [ -92.881893932242463, 18.308113263157228 ], [ -92.880698741809951, 18.311257530182171 ], [ -92.886363923455121, 18.31940744580093 ], [ -92.885943728639276, 18.329717276366122 ], [ -92.876890805247541, 18.337882511228631 ], [ -92.873842372918872, 18.33758140325925 ], [ -92.8684527904785, 18.341589422570774 ], [ -92.862807824490162, 18.338839056502607 ], [ -92.865946591968012, 18.332543742174696 ], [ -92.862651132637922, 18.327627785460784 ], [ -92.856325943161792, 18.327356983535068 ], [ -92.853610279076506, 18.323672147734278 ], [ -92.849353362018647, 18.322969648719464 ], [ -92.837579874513651, 18.32637631503378 ], [ -92.831514787799549, 18.318352331763929 ], [ -92.823507870831932, 18.313808664894296 ], [ -92.815834900557633, 18.305963772324443 ], [ -92.810977211389584, 18.297515926650629 ], [ -92.81251291976443, 18.292761311078799 ], [ -92.80715473376884, 18.289099810654715 ], [ -92.810986985251702, 18.283582374022625 ], [ -92.809650527105731, 18.279348498803039 ], [ -92.814688562572883, 18.273572696895233 ], [ -92.817506587809348, 18.274082946778051 ], [ -92.819648985572599, 18.278639209256998 ], [ -92.823095152815242, 18.277948169912975 ], [ -92.819926185894957, 18.275709821854552 ], [ -92.822369640410585, 18.267690175052628 ], [ -92.819833612981469, 18.265610935876609 ], [ -92.747795476366562, 18.275942055463791 ], [ -92.67521038838369, 18.299853881772606 ], [ -92.676430369414916, 18.283024857358285 ], [ -92.690848053054793, 18.258705848229745 ], [ -92.696580561276264, 18.253504461867365 ], [ -92.695825257903721, 18.229766466703303 ], [ -92.730611551447168, 18.198839452361526 ], [ -92.724914610556425, 18.195632098961902 ], [ -92.727378636530602, 18.193508414726658 ], [ -92.718746468133162, 18.188347532459698 ], [ -92.716280746144761, 18.189893995472758 ], [ -92.694138112945751, 18.180601651103991 ], [ -92.679148450816413, 18.181758729736949 ], [ -92.676210436159792, 18.178609210232423 ], [ -92.672249254026283, 18.179508068946493 ], [ -92.673151434968773, 18.173110944360097 ], [ -92.67945798570284, 18.168647179537427 ], [ -92.673283904036765, 18.161301884598512 ], [ -92.673683307529984, 18.155112203071049 ], [ -92.668734202965481, 18.151714767987141 ], [ -92.669027043745842, 18.14445174448646 ], [ -92.663606050132259, 18.135316159148623 ], [ -92.655213694756981, 18.135375878324709 ], [ -92.659613798155164, 18.128371707841627 ], [ -92.658881111039534, 18.126058500852643 ], [ -92.653049930129754, 18.124432947029003 ], [ -92.645658363818711, 18.129323790136201 ], [ -92.644636858106608, 18.126968453965826 ], [ -92.646861746992229, 18.123961830846099 ], [ -92.643300047808808, 18.120897780525912 ], [ -92.645473026872565, 18.117189406805807 ], [ -92.638440215162419, 18.114033006882828 ], [ -92.637520137004657, 18.106642772942568 ], [ -92.633855695580365, 18.102133749778915 ], [ -92.637244784738925, 18.098304922480732 ], [ -92.636897012325733, 18.091659371196943 ], [ -92.642354783719455, 18.082718775470639 ], [ -92.648722836895701, 18.082282535336585 ], [ -92.651465661428304, 18.079524901536548 ], [ -92.642781248814359, 18.073475079363256 ], [ -92.64126359962124, 18.07503915284974 ], [ -92.639212461277367, 18.071360186349146 ], [ -92.662743739234344, 18.0389851126248 ], [ -92.648687428436986, 18.032260839590382 ], [ -92.648127014260595, 18.030154413380398 ], [ -92.644766349654645, 18.030846701049271 ], [ -92.645485056823119, 18.03472827443893 ], [ -92.637657109404856, 18.030248948032874 ], [ -92.6365534775871, 18.037509701002758 ], [ -92.631522359237366, 18.037371581078304 ], [ -92.629651767510666, 18.026264064811876 ], [ -92.63677969700197, 18.017947398891945 ], [ -92.636411085425195, 18.013736604298341 ], [ -92.640298331000608, 18.012303037980828 ], [ -92.636878768606721, 18.006432764106279 ], [ -92.63641546592487, 17.999786640907015 ], [ -92.633654618388107, 17.99804538465407 ], [ -92.633423929538097, 17.971135247266911 ], [ -92.650092035236781, 17.962514695587956 ], [ -92.649141875054781, 17.95867374728401 ], [ -92.652065319885793, 17.954843458259131 ], [ -92.660122487635263, 17.95238904844582 ], [ -92.658228166384788, 17.943964337283941 ], [ -92.662821028797381, 17.940922575679636 ], [ -92.666692466517716, 17.934288064289504 ], [ -92.671470417945187, 17.936694552256267 ], [ -92.686277338099103, 17.935783837818043 ], [ -92.682133022938345, 17.940560777362524 ], [ -92.685711405816193, 17.941271636436305 ], [ -92.685191226799986, 17.948204086022322 ], [ -92.704382432867121, 17.941525068264248 ], [ -92.708761810440436, 17.936211679234116 ], [ -92.709216467976191, 17.93010443928241 ], [ -92.713087498430042, 17.930361510362864 ], [ -92.718120323966602, 17.922820749426009 ], [ -92.721498968603768, 17.926749556588934 ], [ -92.726760881672334, 17.91941567155672 ], [ -92.73588619052876, 17.920386234314307 ], [ -92.734829394947184, 17.915224691964792 ], [ -92.736328602307495, 17.915682157181433 ], [ -92.735718640883235, 17.91246147001743 ], [ -92.738690984224931, 17.909414123859769 ], [ -92.738375952280208, 17.905451015757123 ], [ -92.741119582740197, 17.902072913699236 ], [ -92.743939479934824, 17.903606622271603 ], [ -92.746780575459113, 17.895234638019378 ], [ -92.758316764797968, 17.883538761014123 ], [ -92.766620316597852, 17.885909348510296 ], [ -92.775423178076167, 17.883575511077357 ], [ -92.784091484984188, 17.891105251564884 ], [ -92.788328361049977, 17.888802645238219 ], [ -92.791663834763213, 17.890955613651123 ], [ -92.797115231146165, 17.888531447336639 ], [ -92.800072066271241, 17.894852094305804 ], [ -92.805254128117014, 17.897421205776286 ], [ -92.809860608282435, 17.892105919864598 ], [ -92.819339908083563, 17.891999954066655 ], [ -92.822997378783086, 17.897496304290421 ], [ -92.838113474596909, 17.885595918762061 ], [ -92.835302288288844, 17.882825393902291 ], [ -92.83379321347384, 17.883689411911178 ], [ -92.831179936480098, 17.877658992066351 ], [ -92.834891779350627, 17.875890959177422 ], [ -92.835917357076355, 17.870114556225477 ], [ -92.838101602796883, 17.871686649390753 ], [ -92.840135563997222, 17.870163155772694 ], [ -92.840646084656072, 17.863684165016601 ], [ -92.83859316988331, 17.860007398611426 ], [ -92.845602813245137, 17.865426346442341 ], [ -92.85228782120015, 17.860072366250041 ], [ -92.849142804859682, 17.847767706011417 ], [ -92.850676184578674, 17.843560482535779 ], [ -92.855882698454465, 17.842702612626308 ], [ -92.86196875769275, 17.832188096828904 ], [ -92.866981569308976, 17.833830796410215 ], [ -92.875820904082872, 17.829068084681889 ], [ -92.874957373603664, 17.82487984869044 ], [ -92.879806162550963, 17.820924164066234 ], [ -92.879186533909561, 17.815828501802098 ], [ -92.883786149239896, 17.807433842730291 ], [ -92.879335524562961, 17.803369586132842 ], [ -92.880230221894095, 17.792378406584383 ], [ -92.885471646947479, 17.793349708549293 ], [ -92.885805710991875, 17.789879538805295 ], [ -92.88853296978381, 17.788836139492222 ], [ -92.893408567990193, 17.791291921925765 ], [ -92.893051902179124, 17.787648023881054 ], [ -92.895754899391321, 17.78539557737739 ] ] ] } },
{ "type": "Feature", "properties": { "cve_edo": "27", "cve_mpo_ine": "005", "cve_edo_mpo_ine": "27005", "nom_mpo": "COMALCALCO", "nom_edo": "Tabasco", "alianza_ganadora": "Juntos Haremos Historia", "margen_pp": 17.826192511901368, "por_participacion": 60.73118196853725 }, "geometry": { "type": "Polygon", "coordinates": [ [ [ -93.221642737007457, 18.167925687137291 ], [ -93.225397721032905, 18.159417868688596 ], [ -93.23601265242219, 18.149364398541916 ], [ -93.240991750229512, 18.148831531555253 ], [ -93.243581405017864, 18.151856865405922 ], [ -93.24088386060842, 18.155608174766215 ], [ -93.253462545057275, 18.168527243210573 ], [ -93.262840905237567, 18.164476732099541 ], [ -93.265340034325689, 18.158358913435453 ], [ -93.273020264744389, 18.167935191573907 ], [ -93.269958284184256, 18.180581512712617 ], [ -93.270034807743158, 18.185112142179815 ], [ -93.273312460592336, 18.189883008859663 ], [ -93.281623207648281, 18.189089557076674 ], [ -93.285899412529133, 18.184873416932145 ], [ -93.293599024582832, 18.185087178563538 ], [ -93.315334926389014, 18.170109046267399 ], [ -93.312362383085983, 18.181912499402294 ], [ -93.318662045240075, 18.188296251154895 ], [ -93.317671035298986, 18.192313581794561 ], [ -93.313846362867977, 18.194340532317508 ], [ -93.321354630590989, 18.205322955979888 ], [ -93.322496847301323, 18.2149339402247 ], [ -93.330944910318152, 18.217846422679212 ], [ -93.331238387112194, 18.224060407964057 ], [ -93.33344960355646, 18.224682943888986 ], [ -93.340620294101953, 18.222860899474441 ], [ -93.348990442588956, 18.204315761057185 ], [ -93.354410232585181, 18.200714659941898 ], [ -93.36106748786969, 18.199607423235705 ], [ -93.36473813329161, 18.194429949813891 ], [ -93.371632162439028, 18.191433389852996 ], [ -93.379650730851736, 18.180221502111934 ], [ -93.392073017032644, 18.175372994642956 ], [ -93.394311586454762, 18.16564193918077 ], [ -93.406312941518763, 18.160950740972815 ], [ -93.417973230921447, 18.167528098572358 ], [ -93.418221591226782, 18.169663609518803 ], [ -93.421995728767044, 18.168494717193109 ], [ -93.420619457178233, 18.172084193254527 ], [ -93.430083180820148, 18.180916446817868 ], [ -93.429669399845224, 18.183580983375425 ], [ -93.433127341563477, 18.187624851647833 ], [ -93.429906377836872, 18.190462279485796 ], [ -93.434273122259654, 18.194547048676309 ], [ -93.440315861580373, 18.191598503136071 ], [ -93.45103969646091, 18.19691312779883 ], [ -93.454053056250757, 18.217009271586946 ], [ -93.460918868425281, 18.222236519211112 ], [ -93.464000311597545, 18.231465422251965 ], [ -93.469733100570309, 18.231713582761408 ], [ -93.483795619921537, 18.244469949566906 ], [ -93.487320854184773, 18.254949144994072 ], [ -93.484941556434478, 18.261452801944518 ], [ -93.474573044546162, 18.262779720097623 ], [ -93.473231893092418, 18.274170920225981 ], [ -93.477513829181703, 18.279886659685676 ], [ -93.480410294261802, 18.279596316501447 ], [ -93.485210989328579, 18.289412563605079 ], [ -93.483810879332495, 18.302957739515492 ], [ -93.486356764708191, 18.30738944085061 ], [ -93.498174209674332, 18.309085275872388 ], [ -93.504365376195452, 18.322007252013936 ], [ -93.507726720600303, 18.320473704649388 ], [ -93.518961944442808, 18.329665688619208 ], [ -93.52550461354096, 18.339397322123514 ], [ -93.530661119991535, 18.340596480242798 ], [ -93.533551779955516, 18.355796895014826 ], [ -93.528674194056791, 18.37721374252526 ], [ -93.525601591186117, 18.379078929476876 ], [ -93.526457781716857, 18.407327841730726 ], [ -93.505485360219396, 18.412472814340166 ], [ -93.498515563567736, 18.40506624468463 ], [ -93.49341498883777, 18.409616395430724 ], [ -93.461320358266889, 18.418683545983974 ], [ -93.448309462703591, 18.416414440681049 ], [ -93.442973181286078, 18.419562355358131 ], [ -93.426564131513089, 18.422460558869137 ], [ -93.41341028213435, 18.417073672280804 ], [ -93.408133907027036, 18.417942439289458 ], [ -93.40163546034276, 18.422704396435197 ], [ -93.398970036252564, 18.421585314283654 ], [ -93.389227174762055, 18.424316291586518 ], [ -93.378560380466681, 18.424022636689067 ], [ -93.380591081505258, 18.422780733330903 ], [ -93.379145393599842, 18.420004938197625 ], [ -93.372130230028361, 18.420374992049844 ], [ -93.367893610539667, 18.42372838206381 ], [ -93.358792272110634, 18.423351440717866 ], [ -93.357047156915144, 18.427451364901984 ], [ -93.353972911893138, 18.428526809052794 ], [ -93.351721684243671, 18.421856730073056 ], [ -93.34222306495839, 18.415969661187454 ], [ -93.333070087740253, 18.411863464982464 ], [ -93.321940203203766, 18.411649174645397 ], [ -93.318240207006141, 18.405599011569144 ], [ -93.310887417768313, 18.400250300972285 ], [ -93.308103828807802, 18.400952415997395 ], [ -93.300169844827423, 18.396762667555038 ], [ -93.303191945042201, 18.392250006447245 ], [ -93.293120788863035, 18.384247429724827 ], [ -93.295676355420355, 18.381308544255212 ], [ -93.294578482710932, 18.379443640526024 ], [ -93.288320256459443, 18.37869279571548 ], [ -93.293201807837988, 18.371530832215878 ], [ -93.28711506162297, 18.372229869299314 ], [ -93.282832694445048, 18.368788072372432 ], [ -93.292930526303905, 18.361340693969858 ], [ -93.284005807957499, 18.36129164238347 ], [ -93.275091739838572, 18.355691566447664 ], [ -93.283999975506745, 18.349973917958106 ], [ -93.277317114375506, 18.34351538675185 ], [ -93.279707074520388, 18.336061495036915 ], [ -93.276635839905026, 18.336141541914142 ], [ -93.279503644316947, 18.32110774402069 ], [ -93.291033973219371, 18.320952143150869 ], [ -93.291224690785896, 18.31171505659848 ], [ -93.274138552398767, 18.309007384434079 ], [ -93.26984927716174, 18.310038897218497 ], [ -93.27185196566333, 18.322964685260544 ], [ -93.265595700110666, 18.322295906466952 ], [ -93.256628138720075, 18.315783555525943 ], [ -93.254012627910569, 18.31984028523383 ], [ -93.241326057430797, 18.318791114221778 ], [ -93.240277526732555, 18.321441010528769 ], [ -93.234429056356078, 18.319818935685788 ], [ -93.224053830076159, 18.321629415088871 ], [ -93.222834140285457, 18.322953483245342 ], [ -93.228728049009675, 18.330292310814755 ], [ -93.224551473964155, 18.332399937833507 ], [ -93.21980341913617, 18.330902996715892 ], [ -93.217217068809518, 18.321538272112203 ], [ -93.214722068752735, 18.323109251369477 ], [ -93.211715777072939, 18.320205886085859 ], [ -93.200406609906324, 18.3248306596027 ], [ -93.183753685786087, 18.323083982638593 ], [ -93.180118649738588, 18.319448382822266 ], [ -93.172549383213635, 18.319779692970773 ], [ -93.165603987053231, 18.311304733575387 ], [ -93.161499295480539, 18.309906175693897 ], [ -93.160857989126313, 18.304414390763402 ], [ -93.156080153628395, 18.301621042343772 ], [ -93.158442361667596, 18.293017813630218 ], [ -93.154215589776456, 18.284956550154906 ], [ -93.138836716346844, 18.273830464176829 ], [ -93.131719049490798, 18.271250384467937 ], [ -93.12388605259369, 18.276000725974427 ], [ -93.121000371651007, 18.272226215597659 ], [ -93.116068017112298, 18.275324326459032 ], [ -93.109527482003642, 18.273572901631621 ], [ -93.111546282283996, 18.261828258491278 ], [ -93.100468477532942, 18.261543633916322 ], [ -93.096545085232933, 18.256379142086477 ], [ -93.101460767558919, 18.239093975985504 ], [ -93.103658815189561, 18.240009326530352 ], [ -93.118868430609169, 18.232073038079651 ], [ -93.124139924879486, 18.226541665152912 ], [ -93.12617608227464, 18.219416698267739 ], [ -93.136379792183462, 18.219643665997442 ], [ -93.140876489537035, 18.226238391905856 ], [ -93.141175851964462, 18.222593617991315 ], [ -93.144130357760943, 18.222142767256017 ], [ -93.144911416983703, 18.219469362056682 ], [ -93.155057649368075, 18.220253385445268 ], [ -93.157874756563444, 18.214335502093995 ], [ -93.162697046742466, 18.21314685940288 ], [ -93.167427995518395, 18.214764288201451 ], [ -93.195823997717739, 18.204229203671598 ], [ -93.193182472077083, 18.196160609952525 ], [ -93.19741300380457, 18.194509377009457 ], [ -93.199623409228579, 18.188399768195296 ], [ -93.206814323818008, 18.18511867852574 ], [ -93.211989856381635, 18.175805834555835 ], [ -93.222647030424099, 18.175016564564466 ], [ -93.221642737007457, 18.167925687137291 ] ] ] } },
{ "type": "Feature", "properties": { "cve_edo": "27", "cve_mpo_ine": "006", "cve_edo_mpo_ine": "27006", "nom_mpo": "CUNDUACAN", "nom_edo": "Tabasco", "alianza_ganadora": "Juntos Haremos Historia", "margen_pp": 59.393720098098342, "por_participacion": 51.684155844155846 }, "geometry": { "type": "Polygon", "coordinates": [ [ [ -93.221642737007457, 18.167925687137291 ], [ -93.219764762634412, 18.164180239454048 ], [ -93.211167761452984, 18.16155387939153 ], [ -93.204153667990482, 18.155966106451988 ], [ -93.204375970628504, 18.15190564940983 ], [ -93.197339618649039, 18.150595114862266 ], [ -93.198890191752312, 18.157708293879413 ], [ -93.18992313636285, 18.15901606576919 ], [ -93.183337145553438, 18.15851121726406 ], [ -93.174807714572012, 18.146050982487608 ], [ -93.168194683276141, 18.154114104915745 ], [ -93.146114503487027, 18.151707092829607 ], [ -93.134828603919971, 18.153258671676173 ], [ -93.134063040133711, 18.150166262224023 ], [ -93.130873986566314, 18.149644309405314 ], [ -93.128363665910427, 18.137845537088545 ], [ -93.117297042685394, 18.137870821840458 ], [ -93.118476499118046, 18.13593468576498 ], [ -93.116436568262728, 18.134984278339164 ], [ -93.122447230826438, 18.131240233899529 ], [ -93.128963096271661, 18.113932356910428 ], [ -93.136892490987165, 18.102126513199156 ], [ -93.145045854307853, 18.096340403029277 ], [ -93.145002371310781, 18.090913749539254 ], [ -93.138520142364072, 18.091483079416768 ], [ -93.136810257215842, 18.081911312276326 ], [ -93.116311847188015, 18.087344090554204 ], [ -93.102118513348628, 18.087698456301254 ], [ -93.098320556323628, 18.085861495029409 ], [ -93.093515501294561, 18.086680963586286 ], [ -93.091683624770809, 18.080049621065154 ], [ -93.086864151494254, 18.08011606718426 ], [ -93.085123010258073, 18.087451991636577 ], [ -93.06669890907034, 18.076438111166336 ], [ -93.0472243254939, 18.06898275966255 ], [ -93.040687013910031, 18.068803036045203 ], [ -93.029970230144514, 18.072756293219843 ], [ -93.015650595795677, 18.070744278681254 ], [ -93.0259768376837, 18.063372090039756 ], [ -93.025929926319662, 18.0511055399094 ], [ -93.019265747433735, 18.048485464436187 ], [ -93.032606030701842, 18.032236375752316 ], [ -93.031099819636196, 18.022805236053369 ], [ -93.027478259400056, 18.019340637611894 ], [ -93.029967735196351, 18.015771904575306 ], [ -93.043739635165082, 18.012195645563732 ], [ -93.042355067425916, 18.006837489623067 ], [ -93.049615300855294, 18.003794939787298 ], [ -93.055468659619578, 18.003863023282531 ], [ -93.055001505891227, 17.990404438088358 ], [ -93.064407201857748, 17.990751215634663 ], [ -93.065064398356895, 17.994324095363208 ], [ -93.068783559130921, 17.98996444652968 ], [ -93.072835520768308, 17.990487615485964 ], [ -93.071810904707874, 17.988383982076154 ], [ -93.077420212328761, 17.989863236540735 ], [ -93.083911651887377, 17.976800704574085 ], [ -93.100747595425602, 17.976568758275246 ], [ -93.100366545148333, 17.973321366124331 ], [ -93.102916951642754, 17.974570402892439 ], [ -93.11388536331404, 17.969728754218679 ], [ -93.114744171015815, 17.972069093446656 ], [ -93.117757132054564, 17.972545271764602 ], [ -93.118719727146271, 17.977311791712435 ], [ -93.135574776957839, 17.977999462452932 ], [ -93.137139183155625, 17.985858379906894 ], [ -93.149958747317484, 17.997198048471514 ], [ -93.157118518780763, 18.011213540781227 ], [ -93.160206365106177, 18.011351145011485 ], [ -93.160462823223483, 18.008469069361539 ], [ -93.162928540437264, 18.008309685597048 ], [ -93.163870139123517, 18.012162774762952 ], [ -93.164074557070435, 18.007399437209251 ], [ -93.167971883358433, 18.002315403256535 ], [ -93.170391421123199, 17.985057786355867 ], [ -93.183041731655138, 17.976938864039059 ], [ -93.190670447870161, 17.965044353167823 ], [ -93.198671099515025, 17.965322338328011 ], [ -93.200395488626768, 17.968620673976428 ], [ -93.214441339970463, 17.969023917144479 ], [ -93.210020134032519, 17.973121411219278 ], [ -93.226038202683867, 17.97915596748377 ], [ -93.226560950053624, 17.974798835986654 ], [ -93.221664711118535, 17.974918341122837 ], [ -93.226038075986267, 17.971495369989636 ], [ -93.225327881154868, 17.969121880337589 ], [ -93.222281866995388, 17.971897678532848 ], [ -93.219234015201138, 17.955869515852012 ], [ -93.232671249419923, 17.948595653606006 ], [ -93.243624245461589, 17.951150662860371 ], [ -93.243767233149853, 17.96009251997075 ], [ -93.252209496623209, 17.969877639319741 ], [ -93.261058771400798, 17.974449521144461 ], [ -93.277525548145874, 17.993081672449584 ], [ -93.27847222944456, 17.990628223998129 ], [ -93.288849204765569, 17.990422959175223 ], [ -93.288683862930824, 17.998502569921964 ], [ -93.308477469659621, 17.998715834108079 ], [ -93.310457002332313, 18.018093730967429 ], [ -93.305710940631826, 18.029810437418529 ], [ -93.302957408518338, 18.029980750497273 ], [ -93.311524541735778, 18.045158194337407 ], [ -93.316935679920888, 18.045230041881716 ], [ -93.322247814208367, 18.052459625301825 ], [ -93.327047694617832, 18.05066958561763 ], [ -93.338906705415823, 18.05987168932689 ], [ -93.345807015336575, 18.05340384600245 ], [ -93.348811887328253, 18.05650296447903 ], [ -93.343592652104533, 18.061735572480337 ], [ -93.330330967625414, 18.064149761895195 ], [ -93.322095104653783, 18.072203516135737 ], [ -93.328508588739325, 18.079248958449 ], [ -93.324737139893188, 18.083616809264853 ], [ -93.334248902781752, 18.093667092594135 ], [ -93.337031759222086, 18.091592456388007 ], [ -93.346067517445775, 18.096973914613731 ], [ -93.349788919451171, 18.090493677826512 ], [ -93.365816373630636, 18.106771959053162 ], [ -93.360157189102665, 18.112063450444463 ], [ -93.370481362132736, 18.120922015212816 ], [ -93.383006357640866, 18.111749504985173 ], [ -93.386793143072325, 18.117547561811616 ], [ -93.402497490029489, 18.123336539571564 ], [ -93.405791799882167, 18.128126790436198 ], [ -93.398352653926707, 18.146479519097728 ], [ -93.401474004574638, 18.150939547389179 ], [ -93.406795370906025, 18.152317126075076 ], [ -93.406312941518763, 18.160950740972815 ], [ -93.394311586454762, 18.16564193918077 ], [ -93.392073017032644, 18.175372994642956 ], [ -93.379650730851736, 18.180221502111934 ], [ -93.371632162439028, 18.191433389852996 ], [ -93.36473813329161, 18.194429949813891 ], [ -93.36106748786969, 18.199607423235705 ], [ -93.354410232585181, 18.200714659941898 ], [ -93.348990442588956, 18.204315761057185 ], [ -93.340620294101953, 18.222860899474441 ], [ -93.33344960355646, 18.224682943888986 ], [ -93.331238387112194, 18.224060407964057 ], [ -93.330944910318152, 18.217846422679212 ], [ -93.322496847301323, 18.2149339402247 ], [ -93.321354630590989, 18.205322955979888 ], [ -93.313846362867977, 18.194340532317508 ], [ -93.317671035298986, 18.192313581794561 ], [ -93.318662045240075, 18.188296251154895 ], [ -93.312362383085983, 18.181912499402294 ], [ -93.315334926389014, 18.170109046267399 ], [ -93.293599024582832, 18.185087178563538 ], [ -93.285899412529133, 18.184873416932145 ], [ -93.281623207648281, 18.189089557076674 ], [ -93.273312460592336, 18.189883008859663 ], [ -93.270034807743158, 18.185112142179815 ], [ -93.269958284184256, 18.180581512712617 ], [ -93.273020264744389, 18.167935191573907 ], [ -93.265340034325689, 18.158358913435453 ], [ -93.262840905237567, 18.164476732099541 ], [ -93.253462545057275, 18.168527243210573 ], [ -93.24088386060842, 18.155608174766215 ], [ -93.243581405017864, 18.151856865405922 ], [ -93.240991750229512, 18.148831531555253 ], [ -93.23601265242219, 18.149364398541916 ], [ -93.225397721032905, 18.159417868688596 ], [ -93.221642737007457, 18.167925687137291 ] ] ] } },
{ "type": "Feature", "properties": { "cve_edo": "27", "cve_mpo_ine": "007", "cve_edo_mpo_ine": "27007", "nom_mpo": "EMILIANO ZAPATA", "nom_edo": "Tabasco", "alianza_ganadora": "Juntos Haremos Historia", "margen_pp": 87.580475242888909, "por_participacion": 71.805001050640897 }, "geometry": { "type": "Polygon", "coordinates": [ [ [ -91.797951379088232, 17.820635440247262 ], [ -91.792053069429755, 17.822384538797724 ], [ -91.791313747166868, 17.836100319408146 ], [ -91.778264904294502, 17.852341481932765 ], [ -91.784662365331542, 17.857942720554632 ], [ -91.799226127613565, 17.863399458294669 ], [ -91.804253485743004, 17.868684172408866 ], [ -91.807714603907598, 17.87868688844874 ], [ -91.809580994695764, 17.896090914213325 ], [ -91.814425742559266, 17.900427509783263 ], [ -91.785316126812688, 17.923773555700397 ], [ -91.768064637773847, 17.948426418143725 ], [ -91.762063017298118, 17.93860788991163 ], [ -91.760529690206027, 17.957482909837815 ], [ -91.739756951697245, 17.934632498012821 ], [ -91.743896567032976, 17.928786327066312 ], [ -91.736277706726057, 17.927413408761595 ], [ -91.733563495660434, 17.933171350830545 ], [ -91.720804748059138, 17.923691800068926 ], [ -91.708381317686246, 17.920965138785046 ], [ -91.70876912030505, 17.917296054351912 ], [ -91.705538798050881, 17.915104011670053 ], [ -91.703757202642933, 17.916959362755406 ], [ -91.699730216037679, 17.916482770709617 ], [ -91.699323737859089, 17.918704495822936 ], [ -91.687795506190085, 17.91604842866105 ], [ -91.677662653182679, 17.893344378616874 ], [ -91.694141482979504, 17.871636167936575 ], [ -91.675707243632985, 17.871606760968309 ], [ -91.688125610143075, 17.859793369057975 ], [ -91.678937137364656, 17.854041189249486 ], [ -91.683984241564644, 17.850371869894023 ], [ -91.679002019172117, 17.84343299378952 ], [ -91.693458324850127, 17.833378932876915 ], [ -91.686438477484501, 17.830541619774163 ], [ -91.712411415298661, 17.783788847571675 ], [ -91.710619414943309, 17.778106259754047 ], [ -91.713906567149579, 17.772096449276127 ], [ -91.714174743214301, 17.765265363608389 ], [ -91.720443719245694, 17.766882980106523 ], [ -91.721292788566373, 17.764375703376917 ], [ -91.717823793015668, 17.757470223420686 ], [ -91.708795312496974, 17.758662845197385 ], [ -91.706806580638997, 17.753100012776986 ], [ -91.711507372252072, 17.740983408988999 ], [ -91.708786598708684, 17.712900910582238 ], [ -91.702788098815333, 17.712525927783599 ], [ -91.675028938586152, 17.722368778825889 ], [ -91.666381745557516, 17.735583582217672 ], [ -91.66160917525896, 17.737868352198117 ], [ -91.655089802313256, 17.737525595541555 ], [ -91.640935255450486, 17.727530480762269 ], [ -91.633932507343502, 17.725032338143532 ], [ -91.624260205502225, 17.723361946788678 ], [ -91.619669652475338, 17.725111465764346 ], [ -91.616925669212989, 17.73478853935114 ], [ -91.621477503759166, 17.741327829891823 ], [ -91.631086101036061, 17.74687969875642 ], [ -91.652673982269292, 17.754423588244467 ], [ -91.65600942045225, 17.758767505874655 ], [ -91.653590350045476, 17.761871059667076 ], [ -91.626592887718274, 17.760070938900036 ], [ -91.619152278402666, 17.762976080058092 ], [ -91.617958163571018, 17.765312540875939 ], [ -91.602520687802425, 17.762936189471446 ], [ -91.602095603903848, 17.760740979781879 ], [ -91.570575044876705, 17.760104897857531 ], [ -91.570124106442265, 17.732262239935665 ], [ -91.571852806300114, 17.729066815215564 ], [ -91.568498748614758, 17.722573729600104 ], [ -91.564926278556499, 17.722148349317166 ], [ -91.562953532858828, 17.712537181537765 ], [ -91.57138124211663, 17.71262248103865 ], [ -91.573649830273737, 17.704809550601539 ], [ -91.561061859403935, 17.701564331365098 ], [ -91.563588760322077, 17.688758155052934 ], [ -91.57605926106946, 17.681841650024786 ], [ -91.56853685050045, 17.676112150746874 ], [ -91.570193002696996, 17.656726068465019 ], [ -91.572549290090251, 17.653911678682782 ], [ -91.571645275081906, 17.649355147801774 ], [ -91.574525348646375, 17.649687367560634 ], [ -91.572559970074707, 17.643049955607022 ], [ -91.568550883793563, 17.644641884662978 ], [ -91.568958976658806, 17.637585717216403 ], [ -91.563791170211445, 17.639449282089945 ], [ -91.562331970410398, 17.630217498083709 ], [ -91.565512079588473, 17.629852239857275 ], [ -91.554418547373501, 17.61708904203461 ], [ -91.551714977948322, 17.61998060164705 ], [ -91.549513628892612, 17.617097730332972 ], [ -91.555432112353799, 17.611776620665836 ], [ -91.56245662974338, 17.595651322181602 ], [ -91.570555147112273, 17.594409801971977 ], [ -91.567771964338178, 17.584993003499498 ], [ -91.575548991331246, 17.582259624141841 ], [ -91.584383339832215, 17.56810147072478 ], [ -91.575101046822894, 17.557514072603695 ], [ -91.577877623893542, 17.553631981516894 ], [ -91.58105775895369, 17.553183791130227 ], [ -91.579222115218684, 17.549150291077929 ], [ -91.574131478870157, 17.54659630705493 ], [ -91.571931400333909, 17.540244488414476 ], [ -91.573416876906094, 17.537664758236318 ], [ -91.574241466057757, 17.540072493459469 ], [ -91.576491082802335, 17.540064770957841 ], [ -91.56741302537678, 17.500404676815055 ], [ -91.577039523457685, 17.497203049698296 ], [ -91.56886449376772, 17.489564353378192 ], [ -91.578322300490598, 17.486071001322376 ], [ -91.584583922468511, 17.47716060702983 ], [ -91.583949655984341, 17.473723219674742 ], [ -91.596509795864449, 17.463430837317638 ], [ -91.595801040489135, 17.44767289995384 ], [ -91.599101999975147, 17.436405217860308 ], [ -91.60636033276414, 17.433249527379893 ], [ -91.622474091134961, 17.432162194179845 ], [ -91.638687079962693, 17.437495386250671 ], [ -91.640702403648149, 17.435576929156007 ], [ -91.64548843504781, 17.438588835660827 ], [ -91.648127860332011, 17.437456755710016 ], [ -91.648738264847992, 17.440319623486495 ], [ -91.653574159329196, 17.43581469981396 ], [ -91.651419268864146, 17.441554385200579 ], [ -91.654154790271079, 17.443204160726264 ], [ -91.674538348185777, 17.449846135412599 ], [ -91.684797058608666, 17.456197619277848 ], [ -91.69434491845881, 17.45748530005924 ], [ -91.697844577792452, 17.456058129317132 ], [ -91.693276666287446, 17.463469950733622 ], [ -91.693039385015211, 17.473728360220775 ], [ -91.689546275927881, 17.47407566673996 ], [ -91.68414162812492, 17.469115559284209 ], [ -91.677008745783141, 17.474776313403215 ], [ -91.673732667732551, 17.470415376903347 ], [ -91.673962589188278, 17.473399031037271 ], [ -91.671433735835876, 17.4735148776989 ], [ -91.67235331858771, 17.476293691559725 ], [ -91.668272453122952, 17.482701496375469 ], [ -91.660857733871154, 17.486115008736789 ], [ -91.65907557751396, 17.490583240296388 ], [ -91.654822053107196, 17.49135582510505 ], [ -91.65637356176812, 17.495876870712745 ], [ -91.652173350461254, 17.494013286381591 ], [ -91.649357223328536, 17.496946070963514 ], [ -91.652646158500104, 17.496828657643526 ], [ -91.653531360282898, 17.499113095563953 ], [ -91.647993186891412, 17.50274973859236 ], [ -91.650329913263576, 17.504435778834925 ], [ -91.646932320027744, 17.504138550511009 ], [ -91.649547835418119, 17.506406877915875 ], [ -91.646407251994759, 17.508013240537345 ], [ -91.648703310808457, 17.512176795144413 ], [ -91.648506550773945, 17.517130101099706 ], [ -91.646537982678069, 17.517597065261526 ], [ -91.653808573632602, 17.520883003447118 ], [ -91.648216803736091, 17.52422972192818 ], [ -91.650525237223604, 17.538181864269614 ], [ -91.64584069529883, 17.538939693414736 ], [ -91.646580733362484, 17.543039300931049 ], [ -91.640095110124491, 17.558556556219887 ], [ -91.641128637378188, 17.56584064702168 ], [ -91.638431704958734, 17.578934986063221 ], [ -91.640727665125198, 17.583139944258118 ], [ -91.638798295962985, 17.584681187890958 ], [ -91.64295947168506, 17.584246363510285 ], [ -91.646852994485826, 17.589548402780611 ], [ -91.644165321915452, 17.595084841449879 ], [ -91.647403791340977, 17.594636467106259 ], [ -91.657590177301259, 17.606762049595389 ], [ -91.661035791010747, 17.604251410566619 ], [ -91.664785618371965, 17.607816399581122 ], [ -91.665658036034372, 17.614437241651999 ], [ -91.661984301827601, 17.620290036892868 ], [ -91.667074268980002, 17.623089717593974 ], [ -91.667856080502105, 17.621159884466049 ], [ -91.670376315327474, 17.622311501742804 ], [ -91.674112567380945, 17.619680945259983 ], [ -91.67088092830619, 17.626738037186151 ], [ -91.674366240894003, 17.625342889504179 ], [ -91.675292374834626, 17.628701675798609 ], [ -91.676666594120093, 17.625830432379985 ], [ -91.677015817218745, 17.62918088125393 ], [ -91.674839899823723, 17.631668830598013 ], [ -91.668665049235685, 17.631662108926601 ], [ -91.670480901112441, 17.633546951624677 ], [ -91.667172031998348, 17.638248669515338 ], [ -91.670948789994171, 17.636692615092382 ], [ -91.669908404787151, 17.640312061304673 ], [ -91.672834835044142, 17.641345636615604 ], [ -91.670171399275333, 17.645395913359049 ], [ -91.673047644587527, 17.6459744496448 ], [ -91.66989459060909, 17.648200384323133 ], [ -91.674505308858002, 17.648597503271713 ], [ -91.675365337663663, 17.656002849766065 ], [ -91.677570244344196, 17.655291286315734 ], [ -91.677787891051551, 17.659631056857826 ], [ -91.680557747790942, 17.659671043013144 ], [ -91.677581020326883, 17.661693128693638 ], [ -91.680866216537737, 17.6619883628649 ], [ -91.684542351857957, 17.666625809168654 ], [ -91.68169351466095, 17.653740046382744 ], [ -91.683480747693537, 17.657400326366677 ], [ -91.685731907177342, 17.657391459643531 ], [ -91.68527478234887, 17.660647677730445 ], [ -91.691037980997692, 17.661184929930329 ], [ -91.688610821571487, 17.664908441228278 ], [ -91.693710512626922, 17.667212032193099 ], [ -91.690711708879334, 17.667045029135529 ], [ -91.691479296192995, 17.669534145179355 ], [ -91.688461620063919, 17.670523270755901 ], [ -91.689690058183089, 17.676612236357563 ], [ -91.686137569401609, 17.674991645502455 ], [ -91.684902744163296, 17.676378095427818 ], [ -91.689880544022728, 17.679093053445282 ], [ -91.690476234423357, 17.685049005313722 ], [ -91.693053947000067, 17.682731897803592 ], [ -91.697139499171811, 17.683533997913631 ], [ -91.699720461876552, 17.681010336881265 ], [ -91.697295851777142, 17.677464942932708 ], [ -91.701570526652247, 17.677278425979075 ], [ -91.704568127055808, 17.692202313371343 ], [ -91.708250474729709, 17.688112821609149 ], [ -91.716306561349128, 17.688842983288062 ], [ -91.715847163863998, 17.695014395542113 ], [ -91.719033596322191, 17.693305056184535 ], [ -91.719144781622191, 17.697147683793919 ], [ -91.720161524503467, 17.691379944788576 ], [ -91.726235059505555, 17.690640285483557 ], [ -91.734022200770283, 17.694633115143354 ], [ -91.738841658167445, 17.703705116949223 ], [ -91.741613586481733, 17.703661702954602 ], [ -91.739194074889056, 17.706931637091493 ], [ -91.74139760588956, 17.709936517777901 ], [ -91.743198707472175, 17.705625279693447 ], [ -91.745660925276042, 17.706899093338027 ], [ -91.751864756070674, 17.698024028883143 ], [ -91.754327383382829, 17.702891005713003 ], [ -91.768593701299253, 17.702512929344138 ], [ -91.771106713634595, 17.707876048412214 ], [ -91.776921292122353, 17.712583100511782 ], [ -91.779668951974017, 17.710432406438763 ], [ -91.785597736282426, 17.718899307260447 ], [ -91.792452949274548, 17.719903200428529 ], [ -91.796679420460137, 17.71550115255268 ], [ -91.803185738988802, 17.720340955778699 ], [ -91.803145587346307, 17.722901147860448 ], [ -91.815822063331709, 17.724604153548633 ], [ -91.815960435101616, 17.726836391775247 ], [ -91.818949116459237, 17.724027614267666 ], [ -91.82031402132975, 17.72536804788405 ], [ -91.818202636231902, 17.731162688057385 ], [ -91.823945284534034, 17.740617229163568 ], [ -91.811569224826457, 17.749161825854909 ], [ -91.801974427444136, 17.742338346889383 ], [ -91.79209074199207, 17.742903508290752 ], [ -91.790707518365807, 17.746394981283693 ], [ -91.793962702578639, 17.748711795024747 ], [ -91.79080847230847, 17.750980920669601 ], [ -91.795212649506126, 17.753685396007512 ], [ -91.790698001199942, 17.754324857452826 ], [ -91.793868916328549, 17.758333894218161 ], [ -91.787612827314206, 17.759527329961095 ], [ -91.7842359751006, 17.770479653529772 ], [ -91.781967176413943, 17.784985865744996 ], [ -91.783566691825612, 17.794012926871616 ], [ -91.790980322796287, 17.817110738653351 ], [ -91.797951379088232, 17.820635440247262 ] ] ] } },
{ "type": "Feature", "properties": { "cve_edo": "27", "cve_mpo_ine": "008", "cve_edo_mpo_ine": "27008", "nom_mpo": "HUIMANGUILLO", "nom_edo": "Tabasco", "alianza_ganadora": "Juntos Haremos Historia", "margen_pp": 21.808079785349062, "por_participacion": 58.967699564153087 }, "geometry": { "type": "Polygon", "coordinates": [ [ [ -94.095878422892966, 18.111980076468406 ], [ -94.101028899635381, 18.133653081497439 ], [ -94.098120753893483, 18.146228160803993 ], [ -94.092056698287593, 18.147242774216622 ], [ -94.091368965986433, 18.149111156305903 ], [ -94.092964146394422, 18.160635085625618 ], [ -94.098598890185883, 18.170196918623954 ], [ -94.103929697556836, 18.174741546844547 ], [ -94.10860919291423, 18.174228689040703 ], [ -94.120487074728004, 18.165771011859896 ], [ -94.126791553811628, 18.167491740521466 ], [ -94.128832193745581, 18.173041954720546 ], [ -94.127491134945899, 18.187187955967381 ], [ -94.121574766363551, 18.18057245380427 ], [ -94.117776211662175, 18.185520089195531 ], [ -94.122015196341692, 18.191726601594603 ], [ -94.120113644809848, 18.193516176394937 ], [ -94.106294221095069, 18.191654000329073 ], [ -94.09861113006896, 18.192922981058153 ], [ -94.096139365652135, 18.197326833802862 ], [ -94.097728953025467, 18.206735632372187 ], [ -94.087262713743769, 18.213628772276003 ], [ -94.083569615895811, 18.208910436642903 ], [ -94.074338359673774, 18.206873149776285 ], [ -94.073039176690131, 18.203951893945302 ], [ -94.064472126458924, 18.199665115679856 ], [ -94.059305028986188, 18.191676771494048 ], [ -94.04946610564879, 18.186936908238675 ], [ -94.04589014723517, 18.189601630865024 ], [ -94.041719961711351, 18.186420529049062 ], [ -94.038889556961408, 18.187009367321345 ], [ -94.042544352153897, 18.191933846033834 ], [ -94.042089420167244, 18.194630828612766 ], [ -94.034284916361131, 18.194031392021923 ], [ -94.02585940279522, 18.198949142048164 ], [ -94.020007347743402, 18.193574321382268 ], [ -94.01779304519404, 18.197748442500529 ], [ -94.01424174871137, 18.199064700712967 ], [ -94.009714052042071, 18.191612271497924 ], [ -94.012715354647611, 18.189986584543728 ], [ -93.99965403025395, 18.190395526524565 ], [ -93.992569794740746, 18.177143418121638 ], [ -93.992368926186273, 18.166029394015634 ], [ -94.031825692805825, 18.139420073366725 ], [ -94.01958246742808, 18.119755357314606 ], [ -94.007972660387765, 18.120907078958449 ], [ -94.001513419956922, 18.125527994197665 ], [ -93.9914910450603, 18.138079376560665 ], [ -93.973598009797868, 18.146212980277895 ], [ -93.960371656401747, 18.148942001146988 ], [ -93.954740947447831, 18.137592371140073 ], [ -93.910629226322428, 18.154409158170417 ], [ -93.892994355358013, 18.118904911831898 ], [ -93.895986916664242, 18.112718979860297 ], [ -93.887977235584401, 18.092911582458836 ], [ -93.878400585388007, 18.100023405965953 ], [ -93.860937510412441, 18.090394936526796 ], [ -93.851873666550446, 18.093813296975163 ], [ -93.845191082271256, 18.105314228133633 ], [ -93.832646376312937, 18.102751474607317 ], [ -93.825931192811055, 18.105000834497645 ], [ -93.82330979114505, 18.103323355002992 ], [ -93.819431461587214, 18.104420545420261 ], [ -93.800197456104527, 18.091792373206356 ], [ -93.765513497648342, 18.08690965063979 ], [ -93.743796811414853, 18.076402199433982 ], [ -93.749287279268586, 18.05927608836841 ], [ -93.739396628310615, 18.059075670287047 ], [ -93.731167080696409, 18.056232917103614 ], [ -93.730892377810264, 18.089323604391641 ], [ -93.687758005248043, 18.089424133557856 ], [ -93.691057948569977, 18.086245434526298 ], [ -93.688913339188971, 18.074693185480804 ], [ -93.683874989739323, 18.065576044672888 ], [ -93.683800565688742, 18.044780521720291 ], [ -93.650582637978133, 18.044286704996214 ], [ -93.64977850365284, 18.01363473062203 ], [ -93.62118235016365, 17.988054588194107 ], [ -93.588895119250239, 17.982724315465241 ], [ -93.589341229655943, 17.958527571420497 ], [ -93.532086675860498, 17.958535239601723 ], [ -93.532337858887075, 18.000567292834386 ], [ -93.419018816790157, 17.999414857286343 ], [ -93.419861545378922, 17.973764297102473 ], [ -93.396864831529541, 17.98241539885526 ], [ -93.386873911786651, 17.982256520948379 ], [ -93.378513564623177, 17.963875721940028 ], [ -93.372151297732344, 17.957338668726198 ], [ -93.367605002305027, 17.948063710141991 ], [ -93.367189588490646, 17.928701796967761 ], [ -93.355884356065303, 17.929670946509322 ], [ -93.354276922978968, 17.943250290039035 ], [ -93.34691056396295, 17.94637059644597 ], [ -93.308342442345406, 17.935826327248218 ], [ -93.312749965628171, 17.930870687347689 ], [ -93.325240392091075, 17.927929556960098 ], [ -93.33608080352812, 17.936818912322238 ], [ -93.339499575144657, 17.935621009859055 ], [ -93.34175499777264, 17.925331204527499 ], [ -93.336263807751749, 17.906101811515569 ], [ -93.341259712550453, 17.902331629628623 ], [ -93.343851062631018, 17.889330676793719 ], [ -93.349352395746365, 17.882836402405296 ], [ -93.35012967278719, 17.87644076680548 ], [ -93.349050605870616, 17.867246847761994 ], [ -93.33742634046078, 17.857263859062815 ], [ -93.334532109700447, 17.852209086277082 ], [ -93.327707875697115, 17.848098731449831 ], [ -93.330967911944697, 17.842890988288939 ], [ -93.32962416304926, 17.838647218413719 ], [ -93.322689204867487, 17.83343205587267 ], [ -93.329823629449152, 17.831717364021333 ], [ -93.332323152559638, 17.83682342239182 ], [ -93.332691790320624, 17.829109340699304 ], [ -93.323208952808017, 17.820726811228642 ], [ -93.315480352438797, 17.818194931007984 ], [ -93.314715052842317, 17.814402854480726 ], [ -93.323128188231749, 17.815488928256684 ], [ -93.321558124268336, 17.812070737778615 ], [ -93.324322795552561, 17.812144119057514 ], [ -93.325856302003814, 17.807313349743229 ], [ -93.335290211609177, 17.810446039392879 ], [ -93.348920072036734, 17.76768614827466 ], [ -93.3362299729516, 17.763082751832172 ], [ -93.339835969916408, 17.754385775071967 ], [ -93.370197757789541, 17.758351898355489 ], [ -93.370946114377134, 17.751771935498532 ], [ -93.381705731187026, 17.748348876978088 ], [ -93.371285244452281, 17.739011223032094 ], [ -93.369846087154528, 17.735800989863559 ], [ -93.373758672449284, 17.732453926749471 ], [ -93.369388951676768, 17.73235500176736 ], [ -93.368216318419229, 17.727075987340807 ], [ -93.362506621667478, 17.727953942203214 ], [ -93.364611782276057, 17.725992337490567 ], [ -93.362165385501228, 17.724468013954844 ], [ -93.363980079057256, 17.722668363076828 ], [ -93.359906142859884, 17.722117220830622 ], [ -93.35885470416352, 17.716508171176532 ], [ -93.354441324036742, 17.71238809860246 ], [ -93.356610473498151, 17.710054416327498 ], [ -93.355024920402698, 17.705391514128632 ], [ -93.354021860954319, 17.706828826070627 ], [ -93.352952821733055, 17.705488399275445 ], [ -93.355383615320022, 17.698101826381194 ], [ -93.340440158378314, 17.680175679377935 ], [ -93.338261970118396, 17.673387476096359 ], [ -93.335614731479779, 17.673137614924713 ], [ -93.343068867202959, 17.646321152554496 ], [ -93.343878765641236, 17.634928676701627 ], [ -93.357286454079059, 17.635205828973316 ], [ -93.360068441760021, 17.631808186241678 ], [ -93.365766182829404, 17.630941750636101 ], [ -93.380490394859834, 17.636948432597865 ], [ -93.382106415198322, 17.632562340142186 ], [ -93.38440682849297, 17.633763293905208 ], [ -93.390335623170259, 17.631985786836434 ], [ -93.405362368489648, 17.623506382456402 ], [ -93.411123707510114, 17.615603421888515 ], [ -93.416151283638641, 17.591519084272306 ], [ -93.422310229986039, 17.587754265543758 ], [ -93.438936817009434, 17.586556181440539 ], [ -93.447396047409555, 17.582956302524384 ], [ -93.45282955840861, 17.546331794866273 ], [ -93.457489206254394, 17.544966147635357 ], [ -93.47663601650595, 17.554400566276477 ], [ -93.484863850723713, 17.549061036549638 ], [ -93.488953422869386, 17.537472968478362 ], [ -93.494708059694318, 17.530353941306164 ], [ -93.495919668885236, 17.522201113878193 ], [ -93.500463211006945, 17.52112418469795 ], [ -93.501904602849606, 17.512805735579875 ], [ -93.498513471170284, 17.50937162564199 ], [ -93.499907706692937, 17.493915181593309 ], [ -93.497232654045519, 17.482163241206628 ], [ -93.50154993163595, 17.480433491116806 ], [ -93.505774954331756, 17.471959020330797 ], [ -93.506756030434175, 17.463268165726124 ], [ -93.503999552033079, 17.456606008034278 ], [ -93.51080519104903, 17.451199859040024 ], [ -93.515388236134967, 17.439966729528301 ], [ -93.518952195045614, 17.439593227957275 ], [ -93.520276041710844, 17.434626751129294 ], [ -93.525277787465427, 17.431479967187325 ], [ -93.521485525049883, 17.427798022694503 ], [ -93.521889412707196, 17.423411194819902 ], [ -93.52660307606709, 17.421423224245544 ], [ -93.527696222978733, 17.417946598731643 ], [ -93.550575182547902, 17.396210897423188 ], [ -93.556360897450688, 17.372047623568196 ], [ -93.607524496209351, 17.313672371456601 ], [ -93.642262121722553, 17.292482437359588 ], [ -93.638589299034308, 17.303907603904619 ], [ -93.648988734729571, 17.314244086453503 ], [ -93.641120617044365, 17.318762093090541 ], [ -93.645424335056376, 17.330294257129314 ], [ -93.642413841988173, 17.330570652265397 ], [ -93.635700811750212, 17.337084613304384 ], [ -93.663318887758876, 17.370879642481199 ], [ -93.652090224138092, 17.3844145474188 ], [ -93.659113157939146, 17.391019537072175 ], [ -93.661280474912772, 17.389249331112573 ], [ -93.66482369333086, 17.390771095406993 ], [ -93.662765767838778, 17.396058732752365 ], [ -93.664609472938011, 17.399757968646629 ], [ -93.660604960164136, 17.406150148971211 ], [ -93.660507538657725, 17.415259451278242 ], [ -93.653524448084724, 17.419334619262568 ], [ -93.650291180588155, 17.431179871849867 ], [ -93.646294160814193, 17.430243762244256 ], [ -93.637345236119913, 17.438154926521008 ], [ -93.645364709851336, 17.441765878413609 ], [ -93.643135190008877, 17.443288181444501 ], [ -93.642684714448961, 17.448055432627598 ], [ -93.636427610525331, 17.450546004417799 ], [ -93.636658823092162, 17.454558289867769 ], [ -93.642154700719288, 17.455307702570995 ], [ -93.644469845687851, 17.451714314238064 ], [ -93.646864192520184, 17.453584336262143 ], [ -93.644966335606938, 17.458082548561737 ], [ -93.649395080723764, 17.456901337240165 ], [ -93.650518342019296, 17.458706769969588 ], [ -93.646918140195979, 17.461283678471556 ], [ -93.639722202144071, 17.458778519332512 ], [ -93.639553317454386, 17.464846665561449 ], [ -93.635472485343769, 17.467747161791042 ], [ -93.636566416338709, 17.473622572967617 ], [ -93.630648332594149, 17.487366972802722 ], [ -93.624210173906278, 17.493207488719943 ], [ -93.62973186870812, 17.501313834766403 ], [ -93.625591933588183, 17.501358773904453 ], [ -93.626455217183249, 17.504792825971514 ], [ -93.637439209354866, 17.509707709332631 ], [ -93.631459119059755, 17.510085505379802 ], [ -93.62553740622846, 17.514435834377064 ], [ -93.62548268394653, 17.526561071941757 ], [ -93.627898419817569, 17.528338461236046 ], [ -93.625887564995622, 17.536533994721747 ], [ -93.624220316121594, 17.53897700258932 ], [ -93.619446535435401, 17.537201529823051 ], [ -93.618354965815669, 17.543037410965059 ], [ -93.621806057479986, 17.544648484584275 ], [ -93.613295497801047, 17.552766466417129 ], [ -93.617782160089888, 17.555080285720276 ], [ -93.626005432944794, 17.54857629132777 ], [ -93.631354709041645, 17.550309701070038 ], [ -93.62905496763652, 17.553622345128122 ], [ -93.631356471874739, 17.55688955291906 ], [ -93.638718221330635, 17.555641405564995 ], [ -93.642630116701724, 17.558037944717601 ], [ -93.64377971691664, 17.55584357684701 ], [ -93.647173085910637, 17.555592029578815 ], [ -93.654042774938219, 17.560097424551792 ], [ -93.657003585210063, 17.555725697192575 ], [ -93.660175011269686, 17.560377554712797 ], [ -93.659566859924965, 17.565680558422208 ], [ -93.671289313873203, 17.570129782822459 ], [ -93.671570751967252, 17.576758271149988 ], [ -93.677626662772354, 17.576419500807919 ], [ -93.680701922416645, 17.58437912732926 ], [ -93.677295612317096, 17.585268925416305 ], [ -93.685596609507726, 17.587935779357359 ], [ -93.685905168248681, 17.593651867008621 ], [ -93.692970575221878, 17.593819424276219 ], [ -93.691521015562799, 17.591291778143933 ], [ -93.693372214097238, 17.589857592320286 ], [ -93.698490989253074, 17.594721442518718 ], [ -93.70141209907429, 17.60717470193719 ], [ -93.699695285888211, 17.613772470523347 ], [ -93.70443710861538, 17.61038399563412 ], [ -93.709957953439172, 17.612107779964916 ], [ -93.708692698182631, 17.623626654818867 ], [ -93.714055787848565, 17.631579301359327 ], [ -93.719184214360794, 17.633224516394193 ], [ -93.711869251717857, 17.623054296394617 ], [ -93.714457028097186, 17.621188716980239 ], [ -93.722624329100938, 17.622793573418434 ], [ -93.723391392411216, 17.625792164411319 ], [ -93.728491187099863, 17.629518851771447 ], [ -93.733122490182765, 17.626191182134935 ], [ -93.731192268920793, 17.636150639358544 ], [ -93.73564831775839, 17.630471941301671 ], [ -93.738085787135759, 17.635787598297668 ], [ -93.729906419642873, 17.642087850142552 ], [ -93.734020305727825, 17.649968424954814 ], [ -93.737629492003137, 17.651621816522095 ], [ -93.740796212560284, 17.64948415904778 ], [ -93.742296805992012, 17.656391136179394 ], [ -93.746369207608709, 17.66038892445598 ], [ -93.743101320394345, 17.66083498045138 ], [ -93.741447379100961, 17.663640672889112 ], [ -93.742091275418488, 17.66631158727775 ], [ -93.745615152881641, 17.662389221951887 ], [ -93.747030821745611, 17.668223948447547 ], [ -93.738454052502377, 17.679284502476644 ], [ -93.747281383558473, 17.675737782972362 ], [ -93.749500275099237, 17.679240597371543 ], [ -93.751914620808833, 17.676913366917866 ], [ -93.75262361035935, 17.679872037599296 ], [ -93.756637455712692, 17.677095221278787 ], [ -93.756316589675208, 17.682514997803832 ], [ -93.753253872317487, 17.682006171668196 ], [ -93.752110973361255, 17.684552430943384 ], [ -93.759379225009653, 17.685254891119282 ], [ -93.764744592303231, 17.681331599621522 ], [ -93.764336807489613, 17.674440921359537 ], [ -93.767962842933699, 17.687869044469828 ], [ -93.772035366769416, 17.687363031965671 ], [ -93.772450779881922, 17.692311675375738 ], [ -93.776027076682226, 17.690412111889049 ], [ -93.777096479791737, 17.693941045817368 ], [ -93.779726870195319, 17.688840185321517 ], [ -93.781891070725308, 17.690195555465774 ], [ -93.781743229864205, 17.693380439358375 ], [ -93.78439076492397, 17.691171374740598 ], [ -93.790190324985147, 17.695129246689714 ], [ -93.797372787415824, 17.692485567946864 ], [ -93.796264722339231, 17.68970126547234 ], [ -93.798398749123649, 17.687668997237466 ], [ -93.80447827490444, 17.689099578714728 ], [ -93.806996233604707, 17.695198388499136 ], [ -93.806237730970679, 17.705876324830189 ], [ -93.811911175107412, 17.7027296469657 ], [ -93.810674155566915, 17.706063685469612 ], [ -93.812132522530803, 17.706815256701187 ], [ -93.818679425923563, 17.699640182568118 ], [ -93.820110407648087, 17.70154930032723 ], [ -93.821563896325713, 17.699904308054098 ], [ -93.825565133031958, 17.705473059934214 ], [ -93.823931048373183, 17.709023002919576 ], [ -93.828232394310831, 17.712849371735171 ], [ -93.826672524278237, 17.719248774502415 ], [ -93.829411546548613, 17.712733609957329 ], [ -93.834646132685677, 17.715023823114208 ], [ -93.836476554640555, 17.712489755980048 ], [ -93.838604046644875, 17.713140742251547 ], [ -93.838251025023297, 17.710452584799345 ], [ -93.841581970635389, 17.710186747754761 ], [ -93.845275005172439, 17.715464495767073 ], [ -93.846301450458682, 17.713058748164531 ], [ -93.849468093272989, 17.715318113104939 ], [ -93.847405696863731, 17.717108600205972 ], [ -93.848504495048715, 17.719420314579978 ], [ -93.858430548070814, 17.715601378141802 ], [ -93.858844661628623, 17.719323774038216 ], [ -93.863789318610984, 17.720621512034718 ], [ -93.867854194649311, 17.716378355056634 ], [ -93.86469216341365, 17.715609115880913 ], [ -93.866004216344464, 17.71278789003799 ], [ -93.868874101240976, 17.712068846663204 ], [ -93.873801805958294, 17.717805087073007 ], [ -93.875407505757408, 17.726485139031698 ], [ -93.877090283329906, 17.724792715612718 ], [ -93.879875665296254, 17.725677228532589 ], [ -93.875678425677833, 17.732511078973737 ], [ -93.882642727510571, 17.734743067624645 ], [ -93.878103068389748, 17.737246685326227 ], [ -93.873443824380558, 17.735125456186729 ], [ -93.873065875932141, 17.740546914989217 ], [ -93.869635891953081, 17.739222948005132 ], [ -93.870568013423863, 17.744117712446517 ], [ -93.874034349424761, 17.746845618295684 ], [ -93.871129447480683, 17.750260722159666 ], [ -93.874999268894967, 17.754617903194642 ], [ -93.880605761569882, 17.750285565376537 ], [ -93.884071231721734, 17.755646502942795 ], [ -93.886990609786636, 17.752402465624641 ], [ -93.886346969506391, 17.748971120321507 ], [ -93.890763670647672, 17.746794769713048 ], [ -93.89307104094641, 17.749471970714314 ], [ -93.890027610761805, 17.749985422041036 ], [ -93.890781018038197, 17.751884930178967 ], [ -93.897273669110831, 17.751890301671299 ], [ -93.900040138102128, 17.754357937578913 ], [ -93.903411067315446, 17.748876408084136 ], [ -93.908254379146541, 17.753732571133462 ], [ -93.911984796723829, 17.752511436303656 ], [ -93.913235078676237, 17.748614287755544 ], [ -93.919551964630202, 17.747709471304734 ], [ -93.92103718904103, 17.745300767514177 ], [ -93.925811919658543, 17.74697031431041 ], [ -93.923924863795534, 17.749464109921036 ], [ -93.927666735640599, 17.751470559637408 ], [ -93.939159266407344, 17.751818344264045 ], [ -93.940143471218931, 17.753840458870954 ], [ -93.935091601555158, 17.755028350918543 ], [ -93.934182275322172, 17.757764912459315 ], [ -93.939239405346882, 17.757984056799355 ], [ -93.939371838596017, 17.762742417491019 ], [ -93.948007900584443, 17.767327270674571 ], [ -93.948484580445225, 17.771876686958294 ], [ -93.954547189414072, 17.779579967855312 ], [ -93.951810855033003, 17.78543106132695 ], [ -93.954040130567094, 17.797501972839878 ], [ -93.95030989792339, 17.798930845466341 ], [ -93.957778736701016, 17.802137262141173 ], [ -93.960944363711548, 17.798154268963433 ], [ -93.963596677596684, 17.79946666192647 ], [ -93.958531108687168, 17.805318433918451 ], [ -93.95755590869598, 17.809912710297802 ], [ -93.964244278792606, 17.812780071645996 ], [ -93.968456812305618, 17.817807941062096 ], [ -93.959063807101572, 17.819500666552671 ], [ -93.963448649921517, 17.823990339006457 ], [ -93.965183781758654, 17.829979598600193 ], [ -93.959304666771303, 17.830127651766688 ], [ -93.958607818857786, 17.82475447491019 ], [ -93.956598981204763, 17.833695057806139 ], [ -93.960176179785705, 17.837319700446123 ], [ -93.962940250113562, 17.834496377766328 ], [ -93.968591842521263, 17.83720264391243 ], [ -93.966290194957978, 17.841306153221478 ], [ -93.968369268763382, 17.845226319981521 ], [ -93.974304010253178, 17.842555245478575 ], [ -93.976675662462924, 17.85048559262297 ], [ -93.984171360730642, 17.851860601803619 ], [ -93.986875483765175, 17.846928020362142 ], [ -93.98168648031465, 17.846205266260686 ], [ -93.983293804890479, 17.839912567744861 ], [ -93.986872995897997, 17.844653477052777 ], [ -93.988717266840411, 17.844273545731234 ], [ -93.987438663266886, 17.834891192691959 ], [ -93.990724750646763, 17.835249553118924 ], [ -93.995233167233209, 17.845858973547113 ], [ -93.998280931254683, 17.839353139193392 ], [ -93.994706969902481, 17.839409663275166 ], [ -93.9959143154651, 17.836633689700534 ], [ -94.00341445635668, 17.841895340213409 ], [ -94.00727442993005, 17.839935029552695 ], [ -94.01566084627531, 17.842362267266765 ], [ -94.016444551932636, 17.837267352917596 ], [ -94.025129198546821, 17.83841347654873 ], [ -94.021875869497435, 17.843979002929128 ], [ -94.027910546267492, 17.843693069043592 ], [ -94.027356046899243, 17.848538285470049 ], [ -94.032089010510134, 17.853060708239823 ], [ -94.031365771124783, 17.858469344743039 ], [ -94.037549272395012, 17.859920785686565 ], [ -94.037972631844895, 17.867343267085342 ], [ -94.033361691440888, 17.867718103500167 ], [ -94.034412497184874, 17.872365424028182 ], [ -94.042889436925194, 17.873072454486525 ], [ -94.043458128358822, 17.867321064221013 ], [ -94.048075141440165, 17.870402404334801 ], [ -94.051765177491077, 17.870261809957121 ], [ -94.063343992822212, 17.862930178600095 ], [ -94.065254373157785, 17.868008749623417 ], [ -94.072803904760292, 17.865409838769125 ], [ -94.075979917227301, 17.868414526540015 ], [ -94.083074233109684, 17.869622499364201 ], [ -94.08158722146716, 17.877322542385652 ], [ -94.083096841160241, 17.883850587647046 ], [ -94.079532189587326, 17.890732945274035 ], [ -94.085360419880956, 17.893022182094601 ], [ -94.08225774038371, 17.900440203946562 ], [ -94.088611737140511, 17.906780498817607 ], [ -94.084818869562639, 17.915607902387681 ], [ -94.091309944672702, 17.935555512958125 ], [ -94.088019111858031, 17.955614991486605 ], [ -94.092362476338423, 17.960453734108025 ], [ -94.08964819868261, 17.969745538884233 ], [ -94.080833512475181, 17.968336451783376 ], [ -94.082842686313995, 17.977032073810349 ], [ -94.076866346523758, 17.981483316837473 ], [ -94.073531013812385, 17.98751371691921 ], [ -94.071463029609831, 17.986390379455251 ], [ -94.069408658584379, 17.977444574259803 ], [ -94.062303002307132, 17.985884647721388 ], [ -94.067337379994711, 17.990058326194209 ], [ -94.064889052893292, 18.002134043305137 ], [ -94.067680279028409, 18.009134470126199 ], [ -94.073281508902781, 18.00936640199841 ], [ -94.080888528160941, 18.004449502511303 ], [ -94.08400929131254, 18.00547669518355 ], [ -94.079952681993746, 18.022081205022452 ], [ -94.083748129758291, 18.034466317431274 ], [ -94.077831061242861, 18.045018371754782 ], [ -94.074919926868404, 18.0567637965577 ], [ -94.084252577073073, 18.068388609200142 ], [ -94.093737856009525, 18.07275490367962 ], [ -94.097449583268926, 18.077761200891 ], [ -94.096251859138818, 18.082783045605474 ], [ -94.08518061765659, 18.089162985571303 ], [ -94.081558564991738, 18.094938784510553 ], [ -94.083775180010534, 18.102189417753664 ], [ -94.095878422892966, 18.111980076468406 ] ] ] } },
{ "type": "Feature", "properties": { "cve_edo": "27", "cve_mpo_ine": "009", "cve_edo_mpo_ine": "27009", "nom_mpo": "JALAPA", "nom_edo": "Tabasco", "alianza_ganadora": "Juntos Haremos Historia", "margen_pp": 60.71502698215027, "por_participacion": 67.642413393703265 }, "geometry": { "type": "Polygon", "coordinates": [ [ [ -92.914119702626863, 17.762288167313731 ], [ -92.932150747193532, 17.784497142272262 ], [ -92.929604990164407, 17.785112923408036 ], [ -92.932186531297262, 17.796012525365789 ], [ -92.927839502701588, 17.797422350029631 ], [ -92.924429781439216, 17.790058900692664 ], [ -92.920385905658151, 17.798390713400302 ], [ -92.908437013725973, 17.797177172623432 ], [ -92.903318921750895, 17.78577832249908 ], [ -92.900143248033544, 17.785608412646489 ], [ -92.894518612774633, 17.780564722918051 ], [ -92.893909502542613, 17.78498009221768 ], [ -92.895797890830281, 17.78597756384405 ], [ -92.893051902179124, 17.787648023881054 ], [ -92.89375763321631, 17.791089396772051 ], [ -92.88853296978381, 17.788836139492222 ], [ -92.885805710991875, 17.789879538805295 ], [ -92.885471646947479, 17.793349708549293 ], [ -92.880230221894095, 17.792378406584383 ], [ -92.879335524562961, 17.803369586132842 ], [ -92.883786149239896, 17.807433842730291 ], [ -92.879186533909561, 17.815828501802098 ], [ -92.879806162550963, 17.820924164066234 ], [ -92.874957373603664, 17.82487984869044 ], [ -92.875467406724837, 17.829560540234638 ], [ -92.866981569308976, 17.833830796410215 ], [ -92.86196875769275, 17.832188096828904 ], [ -92.855882698454465, 17.842702612626308 ], [ -92.850676184578674, 17.843560482535779 ], [ -92.849142804859682, 17.847767706011417 ], [ -92.85228782120015, 17.860072366250041 ], [ -92.847049917589203, 17.865098678535812 ], [ -92.83859316988331, 17.860007398611426 ], [ -92.840646084656072, 17.863684165016601 ], [ -92.840135563997222, 17.870163155772623 ], [ -92.838101602796883, 17.871686649390753 ], [ -92.835917357076355, 17.870114556225477 ], [ -92.834891779350627, 17.875890959177422 ], [ -92.831179936480098, 17.877658992066351 ], [ -92.83379321347384, 17.883689411911178 ], [ -92.835302288288844, 17.882825393902291 ], [ -92.838113474596909, 17.885595918762061 ], [ -92.822997378783086, 17.897496304290421 ], [ -92.818810966546408, 17.891958439781213 ], [ -92.809860608282435, 17.892105919864598 ], [ -92.805254128117014, 17.897421205776286 ], [ -92.800072066271241, 17.894852094305804 ], [ -92.797115231146165, 17.888531447336639 ], [ -92.791663834763213, 17.890955613651123 ], [ -92.788328361049977, 17.888802645238219 ], [ -92.784091484984188, 17.891105251564884 ], [ -92.775423178076167, 17.883575511077357 ], [ -92.766620316597852, 17.885909348510296 ], [ -92.758316764797968, 17.883538761014123 ], [ -92.746780575459113, 17.895234638019378 ], [ -92.743939479934824, 17.903606622271603 ], [ -92.741119582740197, 17.902072913699236 ], [ -92.738375952280208, 17.905451015757123 ], [ -92.738690984224931, 17.909414123859769 ], [ -92.735718640883235, 17.91246147001743 ], [ -92.736328602307495, 17.915682157181433 ], [ -92.734829394947184, 17.915224691964792 ], [ -92.73588619052876, 17.920386234314307 ], [ -92.726760881672334, 17.91941567155672 ], [ -92.721498968603768, 17.926749556588877 ], [ -92.718624456034959, 17.924803056484112 ], [ -92.719033349459409, 17.917168580664111 ], [ -92.716716863259975, 17.910600647842013 ], [ -92.707973782496467, 17.905379035073132 ], [ -92.706274669150872, 17.901123765448588 ], [ -92.711402974432104, 17.895977214653136 ], [ -92.690425901243557, 17.895594849153763 ], [ -92.695191373191363, 17.892428897827433 ], [ -92.694350032584794, 17.889331318964054 ], [ -92.701939634447072, 17.887080298095416 ], [ -92.692552877732595, 17.883012040484484 ], [ -92.694578805789732, 17.875629315808645 ], [ -92.690745218827587, 17.870997062207529 ], [ -92.68689869623266, 17.874908182066388 ], [ -92.676379609229684, 17.868153519557907 ], [ -92.678016586397192, 17.865887781185716 ], [ -92.682462998640247, 17.866270760177731 ], [ -92.684224375310095, 17.862932194045598 ], [ -92.683177975720511, 17.856738567194466 ], [ -92.676387199842921, 17.853419125759768 ], [ -92.67698915262585, 17.850531592724682 ], [ -92.673647888097577, 17.849325938902236 ], [ -92.67443149664399, 17.845448339352366 ], [ -92.678392854554289, 17.841579020236257 ], [ -92.682236493666437, 17.844890809670243 ], [ -92.689042462685165, 17.839377669133935 ], [ -92.695974716543603, 17.839519004517665 ], [ -92.685568430905491, 17.833301667660173 ], [ -92.686866965701554, 17.82302800388447 ], [ -92.688786091694624, 17.821505793362849 ], [ -92.680560179552245, 17.817233564281079 ], [ -92.685318498489693, 17.800777840988477 ], [ -92.681760774318789, 17.797920851205497 ], [ -92.682636383703979, 17.789874839445531 ], [ -92.678359640609131, 17.790152697874621 ], [ -92.675546069253642, 17.795056879896965 ], [ -92.671371902608627, 17.789969343407744 ], [ -92.672075346408249, 17.781840378789134 ], [ -92.669015811369846, 17.776524143038717 ], [ -92.671211104637948, 17.772036217857391 ], [ -92.685339287824789, 17.763466898043358 ], [ -92.693109842097698, 17.763714020024587 ], [ -92.694027914852015, 17.759948148490686 ], [ -92.693571024072739, 17.756100819703462 ], [ -92.690935069638925, 17.757716854445857 ], [ -92.688301383575165, 17.753581901718494 ], [ -92.684291528203673, 17.752716672880922 ], [ -92.681545636577951, 17.743699628615566 ], [ -92.687906525721829, 17.738315338407457 ], [ -92.687450500204861, 17.732771662254414 ], [ -92.690315613681861, 17.730203854311284 ], [ -92.686881118977098, 17.724331915337391 ], [ -92.688428790434926, 17.72151707992149 ], [ -92.685164419966412, 17.720278828375395 ], [ -92.683505267355756, 17.715770561966959 ], [ -92.686145161488952, 17.70319051697588 ], [ -92.68081787392974, 17.705263970442232 ], [ -92.679100484309132, 17.703445020583754 ], [ -92.682767866045268, 17.698973407189563 ], [ -92.686890765337495, 17.700583280292197 ], [ -92.689842179107018, 17.679515078294376 ], [ -92.673142973208897, 17.674365944133015 ], [ -92.674018187386565, 17.67188104252574 ], [ -92.672242896701846, 17.672172157876513 ], [ -92.66737889484385, 17.665597708480966 ], [ -92.670665420141475, 17.664296320964802 ], [ -92.67542207064578, 17.651268556637163 ], [ -92.679812443166853, 17.649963455285803 ], [ -92.676952979777653, 17.64031008492735 ], [ -92.683422410667902, 17.640676745773224 ], [ -92.68691744103235, 17.63417782052062 ], [ -92.690121941343762, 17.638270906850554 ], [ -92.69939609316198, 17.640496249140476 ], [ -92.702543552030164, 17.64516843034416 ], [ -92.728103836239782, 17.645808663862876 ], [ -92.734892925938894, 17.641575392115765 ], [ -92.737068238960589, 17.644220818518786 ], [ -92.744339512674401, 17.644750042210369 ], [ -92.745828771097933, 17.636142358882168 ], [ -92.752355535854292, 17.635017208104195 ], [ -92.749950818497069, 17.637957781926524 ], [ -92.754015668774159, 17.64072480385202 ], [ -92.764664663762019, 17.635911694898841 ], [ -92.766554158403039, 17.640377654651335 ], [ -92.773653466803836, 17.639002796080042 ], [ -92.77720389795914, 17.646569484059242 ], [ -92.779780257768095, 17.645407442035122 ], [ -92.781671436215873, 17.659761754842474 ], [ -92.784993111408681, 17.664184157782717 ], [ -92.789573568087974, 17.661653794896328 ], [ -92.792721821179043, 17.6558981972426 ], [ -92.797532712593366, 17.661559460331645 ], [ -92.80583536024524, 17.661257410416788 ], [ -92.81035516088393, 17.647927892767381 ], [ -92.820143915711483, 17.641954613339053 ], [ -92.824728221971299, 17.652994284170589 ], [ -92.837607821137965, 17.645236013451903 ], [ -92.839092626729581, 17.636544831392939 ], [ -92.837202356310797, 17.634355154676548 ], [ -92.841496379817073, 17.634678897184749 ], [ -92.842181620360066, 17.630788507457805 ], [ -92.845845179336237, 17.629789236595244 ], [ -92.854607969016541, 17.636435279114473 ], [ -92.861363184958691, 17.635430234199937 ], [ -92.86210987963041, 17.639690485871725 ], [ -92.854900494563125, 17.648309301763039 ], [ -92.863029935486551, 17.646681150276386 ], [ -92.867327727897333, 17.652755408971164 ], [ -92.873909856959713, 17.648812653080444 ], [ -92.874201460129257, 17.657211172608431 ], [ -92.879989126365317, 17.663985738937967 ], [ -92.877987965631775, 17.668540730821121 ], [ -92.862755832065446, 17.668030968351832 ], [ -92.872720512595649, 17.669667698882286 ], [ -92.874726765040023, 17.672891183140486 ], [ -92.871005681667953, 17.674635829271637 ], [ -92.866658671170086, 17.68324972658564 ], [ -92.865974598248926, 17.688588290238716 ], [ -92.869298970701081, 17.693174777731155 ], [ -92.867590812797673, 17.709893200717161 ], [ -92.869882515789527, 17.711006105414441 ], [ -92.8722869240422, 17.709098439828871 ], [ -92.874063739154323, 17.711122488065563 ], [ -92.878699808031541, 17.706107489081887 ], [ -92.873370432607501, 17.70156627461277 ], [ -92.874456705851273, 17.698543913834257 ], [ -92.885626388672549, 17.700881116652681 ], [ -92.886936830411713, 17.691155577966484 ], [ -92.904637007462512, 17.695920099615687 ], [ -92.905558480001787, 17.702289919315138 ], [ -92.903441997705258, 17.705604151471544 ], [ -92.908263354925808, 17.718172242658579 ], [ -92.907464023942794, 17.721318328212039 ], [ -92.912395098446325, 17.727307544703439 ], [ -92.913258945127069, 17.732767191949069 ], [ -92.893957697214447, 17.736984831361244 ], [ -92.889552736645797, 17.759734376481191 ], [ -92.890020175999894, 17.762011390194505 ], [ -92.914119702626863, 17.762288167313731 ] ] ] } },
{ "type": "Feature", "properties": { "cve_edo": "27", "cve_mpo_ine": "010", "cve_edo_mpo_ine": "27010", "nom_mpo": "JALPA DE MENDEZ", "nom_edo": "Tabasco", "alianza_ganadora": "Juntos Haremos Historia", "margen_pp": 62.284527518172375, "por_participacion": 58.252427184466015 }, "geometry": { "type": "Polygon", "coordinates": [ [ [ -93.108993769770294, 18.277879963634209 ], [ -93.115756763982347, 18.282945657023259 ], [ -93.106823227725869, 18.287320546654779 ], [ -93.102945476624569, 18.2861122091285 ], [ -93.096380604969085, 18.292520674864065 ], [ -93.0972973788286, 18.295960510786944 ], [ -93.093180891966156, 18.297071233167262 ], [ -93.098841851064847, 18.302673936964812 ], [ -93.093434933628274, 18.309084436818136 ], [ -93.093884679627806, 18.313724675433836 ], [ -93.089347204597331, 18.319846724289182 ], [ -93.094480444967019, 18.32776822885247 ], [ -93.092382928984293, 18.351168300582831 ], [ -93.074074700517855, 18.349807381637646 ], [ -93.063544329949153, 18.381474798289634 ], [ -93.057750646972423, 18.380717307790366 ], [ -93.049449806437821, 18.384593734566536 ], [ -93.047312590013817, 18.382310955664444 ], [ -93.032960330835508, 18.393132782845775 ], [ -93.024376033619859, 18.394770657896139 ], [ -93.024059311361256, 18.402764559231585 ], [ -93.015835829850602, 18.400426264355971 ], [ -93.009840122581949, 18.407702888056139 ], [ -92.998959717308907, 18.402603070862611 ], [ -93.009518192637771, 18.383386910341958 ], [ -93.007609130486628, 18.365570595165337 ], [ -93.003928688131623, 18.357318803718716 ], [ -93.007882339532998, 18.353599973166443 ], [ -93.006798483056357, 18.348626677825973 ], [ -93.017168338924918, 18.332537003969698 ], [ -93.01563791073032, 18.322550524519954 ], [ -93.019465515190149, 18.321523662939455 ], [ -93.019706119007992, 18.318914568907836 ], [ -93.028785225300325, 18.324154230967714 ], [ -93.031750010078071, 18.321219730179099 ], [ -93.030959898337031, 18.31488024809158 ], [ -93.02429950492126, 18.314119810156402 ], [ -93.023675152774928, 18.310266048314336 ], [ -93.019222874751534, 18.307646332294166 ], [ -93.018038455019905, 18.298157710235117 ], [ -93.020071149241915, 18.296671086273619 ], [ -93.02267237314166, 18.298375315588231 ], [ -93.029058653977032, 18.294288680281188 ], [ -93.028562017759214, 18.286872803276221 ], [ -93.038490291772689, 18.280059742108548 ], [ -93.032191031811649, 18.2581329897682 ], [ -93.036016443104614, 18.2573129075456 ], [ -93.037716796369594, 18.251020213935313 ], [ -93.034616480965582, 18.24277020091607 ], [ -93.037798504461534, 18.243771307894484 ], [ -93.052637647491437, 18.239743481319511 ], [ -93.053485882300492, 18.228022394425825 ], [ -93.062170463614748, 18.228620256018289 ], [ -93.045732914107987, 18.200691450077869 ], [ -93.031484338877661, 18.200549955942797 ], [ -93.031789091297554, 18.189124418678499 ], [ -93.033738695709346, 18.189031878892589 ], [ -93.036551168668254, 18.172406332077458 ], [ -93.031116586674983, 18.163146149250721 ], [ -93.034498205572717, 18.156738385848346 ], [ -93.029978691949964, 18.156327370656975 ], [ -93.028107297805462, 18.145534312277888 ], [ -93.022318546492627, 18.145686971743267 ], [ -93.019512430233249, 18.124066945775287 ], [ -93.020797504172208, 18.115658156198513 ], [ -93.003147981138781, 18.113247797050018 ], [ -93.023840031530071, 18.071914117710573 ], [ -93.029970230144514, 18.072756293219843 ], [ -93.040687013910031, 18.068803036045203 ], [ -93.0472243254939, 18.06898275966255 ], [ -93.06669890907034, 18.076438111166336 ], [ -93.085123010258073, 18.087451991636577 ], [ -93.086864151494254, 18.08011606718426 ], [ -93.091683624770809, 18.080049621065154 ], [ -93.093515501294561, 18.086680963586286 ], [ -93.098320556323628, 18.085861495029409 ], [ -93.102118513348628, 18.087698456301254 ], [ -93.116311847188015, 18.087344090554204 ], [ -93.136810257215842, 18.081911312276326 ], [ -93.138520142364072, 18.091483079416768 ], [ -93.145002371310781, 18.090913749539254 ], [ -93.145045854307853, 18.096340403029277 ], [ -93.136892490987165, 18.102126513199156 ], [ -93.128963096271661, 18.113932356910428 ], [ -93.122447230826438, 18.131240233899529 ], [ -93.116436568262728, 18.134984278339164 ], [ -93.118476499118046, 18.13593468576498 ], [ -93.117297042685394, 18.137870821840458 ], [ -93.128363665910427, 18.137845537088545 ], [ -93.130873986566314, 18.149644309405314 ], [ -93.134063040133711, 18.150166262224023 ], [ -93.134828603919971, 18.153258671676173 ], [ -93.146114503487027, 18.151707092829607 ], [ -93.168194683276141, 18.154114104915745 ], [ -93.174807714572012, 18.146050982487608 ], [ -93.183337145553438, 18.15851121726406 ], [ -93.198890191752312, 18.157708293879413 ], [ -93.197339618649039, 18.150595114862266 ], [ -93.204375970628504, 18.15190564940983 ], [ -93.204153667990482, 18.155966106451988 ], [ -93.221165286875404, 18.16624592821346 ], [ -93.222647030424099, 18.175016564564466 ], [ -93.211989856381635, 18.175805834555835 ], [ -93.206814323818008, 18.18511867852574 ], [ -93.199623409228579, 18.188399768195296 ], [ -93.19741300380457, 18.194509377009457 ], [ -93.193182472077083, 18.196160609952525 ], [ -93.195823997717739, 18.204229203671598 ], [ -93.167427995518395, 18.214764288201451 ], [ -93.162697046742466, 18.21314685940288 ], [ -93.157874756563444, 18.214335502093995 ], [ -93.155057649368075, 18.220253385445268 ], [ -93.144911416983703, 18.219469362056682 ], [ -93.144130357760943, 18.222142767256017 ], [ -93.141175851964462, 18.222593617991315 ], [ -93.140876489537035, 18.226238391905856 ], [ -93.136379792183462, 18.219643665997442 ], [ -93.12617608227464, 18.219416698267739 ], [ -93.124139924879486, 18.226541665152912 ], [ -93.118868430609169, 18.232073038079651 ], [ -93.103658815189561, 18.240009326530352 ], [ -93.101460767558919, 18.239093975985504 ], [ -93.096545085232933, 18.256379142086477 ], [ -93.100468477532942, 18.261543633916322 ], [ -93.111546282283996, 18.261828258491278 ], [ -93.108993769770294, 18.277879963634209 ] ] ] } },
{ "type": "Feature", "properties": { "cve_edo": "27", "cve_mpo_ine": "011", "cve_edo_mpo_ine": "27011", "nom_mpo": "JONUTA", "nom_edo": "Tabasco", "alianza_ganadora": "Juntos Haremos Historia", "margen_pp": 32.633191657606012, "por_participacion": 83.732671218704738 }, "geometry": { "type": "Polygon", "coordinates": [ [ [ -92.131963353850679, 17.832449567715241 ], [ -92.138289527587119, 17.84222723291504 ], [ -92.153985171477103, 17.851155964105704 ], [ -92.158714840196453, 17.850750231251855 ], [ -92.163046979747378, 17.853733566266026 ], [ -92.165479466628739, 17.858836706173587 ], [ -92.177666753242107, 17.866346564180159 ], [ -92.171039831551226, 17.900877349181773 ], [ -92.190379511988354, 17.905237217972687 ], [ -92.20347309064492, 17.902497391057359 ], [ -92.211478763625891, 17.895252105803024 ], [ -92.204149577813794, 17.894811182227222 ], [ -92.20120227019703, 17.892644352973154 ], [ -92.211299880614362, 17.892527855792604 ], [ -92.21688889829808, 17.888769291247115 ], [ -92.218609898066745, 17.884131120452896 ], [ -92.243844163694476, 17.892612299446114 ], [ -92.259304056777708, 17.866641433498209 ], [ -92.261325506665187, 17.86753434780444 ], [ -92.265645401455103, 17.86456875989586 ], [ -92.269750696653205, 17.868253637426545 ], [ -92.271466055650677, 17.861963061957301 ], [ -92.28208261593835, 17.862375643896069 ], [ -92.283171351138321, 17.859434966939428 ], [ -92.288335113022001, 17.870833821594982 ], [ -92.300097081115268, 17.8677674104717 ], [ -92.300164412345083, 17.87144237950427 ], [ -92.30569767370848, 17.869333504340734 ], [ -92.30560068271518, 17.876272312145808 ], [ -92.284984498870813, 17.891921946335078 ], [ -92.279657391745914, 17.907615436989413 ], [ -92.290643240134244, 17.915953903841949 ], [ -92.287830073812174, 17.921716383856531 ], [ -92.292574603625624, 17.926428248206793 ], [ -92.313757259586254, 17.927003480793982 ], [ -92.319193417309847, 17.931048437413303 ], [ -92.312479399752263, 17.945515024435551 ], [ -92.314392457156998, 17.948597068025308 ], [ -92.312856549442557, 17.952986628584146 ], [ -92.314136956530348, 17.95840821573567 ], [ -92.30894542299734, 17.961803723608629 ], [ -92.304036895068123, 17.96205343359853 ], [ -92.311410527222137, 17.970432477776637 ], [ -92.309254282327018, 17.972978711615887 ], [ -92.315452239265213, 17.982827427589655 ], [ -92.313849289041769, 17.990691873141078 ], [ -92.316509456127363, 17.992387978178559 ], [ -92.324362611166379, 17.991019416360881 ], [ -92.331601161757746, 18.000536151369175 ], [ -92.336044034807145, 17.997926790316708 ], [ -92.344948043178917, 18.002061727946185 ], [ -92.343356276043721, 18.015017313053178 ], [ -92.359267024966059, 18.02655696289963 ], [ -92.355461809252589, 18.030408184422605 ], [ -92.354381215556401, 18.03881075996113 ], [ -92.350461651078533, 18.043448319312283 ], [ -92.351853220253162, 18.045848202666992 ], [ -92.347479193650855, 18.054500660937773 ], [ -92.34487911451339, 18.054584654739479 ], [ -92.34229084046504, 18.06067002115882 ], [ -92.339115157814106, 18.061954471748315 ], [ -92.338830742073029, 18.064272378013747 ], [ -92.342703566119766, 18.064850129202039 ], [ -92.340519898500986, 18.071100832960752 ], [ -92.319336960965757, 18.084974133959598 ], [ -92.317955896118619, 18.088244285525253 ], [ -92.31021703964619, 18.091350718529554 ], [ -92.309354375518737, 18.093751494901024 ], [ -92.307099617376636, 18.093338202909866 ], [ -92.305932593504195, 18.087006039598865 ], [ -92.302464775847881, 18.086882719858583 ], [ -92.302942299649288, 18.095615602274858 ], [ -92.306010434819399, 18.098429279397177 ], [ -92.304699594082166, 18.109025076546914 ], [ -92.295743874452711, 18.111013684905931 ], [ -92.291415763843858, 18.115194712344422 ], [ -92.292980940372701, 18.117884683438174 ], [ -92.279062174149317, 18.125295184766198 ], [ -92.279016114932475, 18.132662297558255 ], [ -92.27203567860775, 18.141892457465989 ], [ -92.276663696762043, 18.143878727438434 ], [ -92.277015797287802, 18.147189748229668 ], [ -92.268240278030717, 18.155054078752038 ], [ -92.271717583835169, 18.160475731193547 ], [ -92.281084958539623, 18.16109575532235 ], [ -92.288909355503904, 18.172683426633061 ], [ -92.309728354927728, 18.174541695416014 ], [ -92.310255684366084, 18.178473448045551 ], [ -92.314191817764097, 18.180790138725222 ], [ -92.313445846802011, 18.184018631715066 ], [ -92.322064780066867, 18.185630228436203 ], [ -92.325310522722035, 18.189685229294739 ], [ -92.328352746958188, 18.208598661569447 ], [ -92.326200800528397, 18.233390945760533 ], [ -92.308748687606496, 18.242625441524314 ], [ -92.316366318874486, 18.250541911257876 ], [ -92.317319623052498, 18.257008170625703 ], [ -92.273469878301256, 18.270390807285565 ], [ -92.25671180524553, 18.265414923254429 ], [ -92.228117159479638, 18.268521703267183 ], [ -92.239733957231309, 18.297859291445477 ], [ -92.255238678955479, 18.305256946713651 ], [ -92.282420591069794, 18.295218210419588 ], [ -92.289935525570044, 18.302282145116553 ], [ -92.295389423933102, 18.350295589423634 ], [ -92.283515443926504, 18.374799805264825 ], [ -92.28632368579666, 18.381335884903176 ], [ -92.284947126423745, 18.386979968846745 ], [ -92.278572232750193, 18.389155395692018 ], [ -92.2713872928623, 18.38271645805677 ], [ -92.268427212414295, 18.389824447752808 ], [ -92.27083058190901, 18.393501035086459 ], [ -92.281278315931175, 18.395028296912702 ], [ -92.284449593862234, 18.397724161628776 ], [ -92.298287308316702, 18.426265547769081 ], [ -92.30700621269979, 18.430948928791008 ], [ -92.307280844497328, 18.433991496978418 ], [ -92.124392954320982, 18.434793948235598 ], [ -92.125359362532663, 18.292205450544483 ], [ -92.166926285846529, 18.292235266647634 ], [ -92.166911015977902, 18.232390570103998 ], [ -92.161112010808324, 18.157470774586734 ], [ -92.136391378249641, 18.114248528282172 ], [ -92.132886718658824, 18.098697194411454 ], [ -92.129093410445847, 18.096135899281006 ], [ -92.118596606475037, 18.101947767538633 ], [ -92.110342490207913, 18.093774885933531 ], [ -92.092084102980152, 18.091629780571285 ], [ -92.081108515392629, 18.085963349387608 ], [ -92.077986823274969, 18.087601607953555 ], [ -92.077023965478531, 18.094619324093426 ], [ -92.068912477264163, 18.092021711605064 ], [ -92.059939556378893, 18.098713658991478 ], [ -92.053512082026785, 18.094016515772005 ], [ -92.040175062403719, 18.097878515911763 ], [ -92.036285044777358, 18.093027473594102 ], [ -92.035849655071274, 18.088770934262428 ], [ -92.042288924517692, 18.081779154306162 ], [ -92.042655250664907, 18.078352481291407 ], [ -92.027166476981577, 18.076090323373379 ], [ -92.023825124138256, 18.066450198725743 ], [ -92.013314738905805, 18.051364583003728 ], [ -92.007158920098249, 18.049806534116279 ], [ -91.992300140904561, 18.039448879315334 ], [ -91.988158085570106, 18.038437119786924 ], [ -91.981614966036943, 18.043567842268345 ], [ -91.978910667827662, 18.042976087690729 ], [ -91.967155301023936, 18.016192542942338 ], [ -91.928529871186754, 18.007273096663674 ], [ -91.882947769290055, 17.999924039234443 ], [ -91.88313673214202, 17.985970575984638 ], [ -91.877022943628404, 17.977146737520631 ], [ -91.874391363216958, 17.990846167907684 ], [ -91.867501874063848, 17.982736008855586 ], [ -91.864794390714778, 17.982502621071273 ], [ -91.871446345852803, 17.954366411734146 ], [ -91.867718965407178, 17.951961883672233 ], [ -91.863561835797654, 17.962769682111716 ], [ -91.851012515237443, 17.967743474637224 ], [ -91.849962763265083, 17.972127459246867 ], [ -91.851744711907088, 17.976364461973478 ], [ -91.849706446430105, 17.980261191747054 ], [ -91.804810034671718, 17.972738804329396 ], [ -91.771142110355058, 17.944274892572086 ], [ -91.786460555038374, 17.922691369775507 ], [ -91.834960016296904, 17.88618623409387 ], [ -91.851625255704505, 17.882830441985494 ], [ -91.8699134946675, 17.890191998743163 ], [ -91.891431171680466, 17.886627313453232 ], [ -91.909788489121809, 17.899639171088626 ], [ -91.91755110739264, 17.90068823384318 ], [ -91.924812247019432, 17.893378919887624 ], [ -91.924733416032907, 17.878838416315396 ], [ -91.929021058069537, 17.870276230792374 ], [ -91.939025703851144, 17.864426632908021 ], [ -91.947688894205839, 17.863572060423088 ], [ -91.954556324231532, 17.867922502946609 ], [ -91.957049255839578, 17.875192920240988 ], [ -91.954806874974551, 17.882132176299113 ], [ -91.939851424658357, 17.900463922922416 ], [ -91.94046099456385, 17.907585305764055 ], [ -91.94828850746083, 17.910041148386465 ], [ -91.975181779613933, 17.911208842416599 ], [ -91.986306977578209, 17.923122568579991 ], [ -91.992331686842519, 17.938672594207642 ], [ -91.999451175769778, 17.943348020772131 ], [ -92.002528931267861, 17.942868428399301 ], [ -92.008122808986343, 17.93820768137261 ], [ -92.006149185363597, 17.926368903645038 ], [ -92.00971533785831, 17.914288089213102 ], [ -92.018019993280703, 17.909403054762205 ], [ -92.024347446712795, 17.890655543047526 ], [ -92.027057875651039, 17.889357739058209 ], [ -92.025849791428556, 17.892669190517193 ], [ -92.033869029412841, 17.891790838408632 ], [ -92.040145335530696, 17.880682540990424 ], [ -92.072506505647056, 17.876006447866004 ], [ -92.066902721231244, 17.870386837599757 ], [ -92.060731232535602, 17.871667179545902 ], [ -92.05426579602414, 17.868613302657842 ], [ -92.048598102744208, 17.857212328125378 ], [ -92.053668661144599, 17.852388317923371 ], [ -92.055508021905339, 17.847131545125048 ], [ -92.064450779538589, 17.848310399014927 ], [ -92.063112611335399, 17.839564805397586 ], [ -92.066342223429672, 17.839088800758166 ], [ -92.067835913509398, 17.834536230528158 ], [ -92.06980027699727, 17.836918086365127 ], [ -92.078218236853317, 17.83430065209798 ], [ -92.081626701698198, 17.838035314236595 ], [ -92.091028891319908, 17.83797093275567 ], [ -92.091162941883098, 17.850771651605015 ], [ -92.096758763689493, 17.850898318813595 ], [ -92.107299712636859, 17.840707860258188 ], [ -92.132040725465686, 17.837478326866762 ], [ -92.131963353850679, 17.832449567715241 ] ] ] } },
{ "type": "Feature", "properties": { "cve_edo": "27", "cve_mpo_ine": "012", "cve_edo_mpo_ine": "27012", "nom_mpo": "MACUSPANA", "nom_edo": "Tabasco", "alianza_ganadora": "Juntos Haremos Historia", "margen_pp": 61.004349242235548, "por_participacion": 43.437697659709045 }, "geometry": { "type": "Polygon", "coordinates": [ [ [ -92.616588765215255, 17.598378616121263 ], [ -92.617095589801679, 17.60319896643162 ], [ -92.619842807077049, 17.603652506684359 ], [ -92.618463202719468, 17.611183382808388 ], [ -92.630025742268359, 17.612086657142953 ], [ -92.636778288024104, 17.615392212285766 ], [ -92.637640083343001, 17.610716360889214 ], [ -92.634262863907495, 17.610511722345482 ], [ -92.635410485909276, 17.606456304589177 ], [ -92.642794001617489, 17.607568406363896 ], [ -92.636478592503195, 17.635334714864172 ], [ -92.638765616641038, 17.639884333428565 ], [ -92.642371385878704, 17.641660960404128 ], [ -92.640591386400814, 17.64952324228106 ], [ -92.65261320938103, 17.652700496805629 ], [ -92.656559788842273, 17.659979361733264 ], [ -92.659481578854084, 17.657122310266214 ], [ -92.657249957290787, 17.65455883809058 ], [ -92.660344954965893, 17.648888201201924 ], [ -92.665613241094988, 17.647394550386892 ], [ -92.667047315883281, 17.642097499683892 ], [ -92.673688350175567, 17.642878082151988 ], [ -92.67542207064578, 17.651268556637163 ], [ -92.670665420141475, 17.664296320964802 ], [ -92.66737889484385, 17.665597708480966 ], [ -92.672242896701846, 17.672172157876513 ], [ -92.674018187386565, 17.67188104252574 ], [ -92.673142973208883, 17.674365944133015 ], [ -92.689842179107018, 17.679515078294376 ], [ -92.686890765337495, 17.700583280292197 ], [ -92.682767866045268, 17.698973407189563 ], [ -92.679100484309132, 17.703445020583754 ], [ -92.68081787392974, 17.705263970442232 ], [ -92.686145161488952, 17.70319051697588 ], [ -92.683505267355756, 17.715770561966959 ], [ -92.685164419966398, 17.720278828375459 ], [ -92.688428790434926, 17.72151707992149 ], [ -92.686881118977098, 17.724331915337391 ], [ -92.690315613681861, 17.730203854311284 ], [ -92.687450500204861, 17.732771662254414 ], [ -92.6879065257218, 17.738315338407457 ], [ -92.681545636577951, 17.743699628615566 ], [ -92.684291528203673, 17.752716672880922 ], [ -92.688301383575165, 17.753581901718494 ], [ -92.690935069638925, 17.757716854445857 ], [ -92.693571024072739, 17.756100819703462 ], [ -92.694027914852015, 17.759948148490686 ], [ -92.693109842097698, 17.763714020024587 ], [ -92.685339287824789, 17.763466898043358 ], [ -92.671211104637948, 17.772036217857391 ], [ -92.669015811369846, 17.776524143038717 ], [ -92.672075346408249, 17.781840378789134 ], [ -92.671371902608612, 17.789969343407744 ], [ -92.675546069253642, 17.795056879896965 ], [ -92.678359640609131, 17.790152697874621 ], [ -92.682636383703979, 17.789874839445531 ], [ -92.681760774318789, 17.797920851205497 ], [ -92.685318498489693, 17.800777840988477 ], [ -92.680560179552245, 17.817233564281079 ], [ -92.688786091694624, 17.821505793362849 ], [ -92.686866965701554, 17.82302800388447 ], [ -92.685568430905491, 17.833301667660173 ], [ -92.695974716543603, 17.839519004517665 ], [ -92.689042462685151, 17.839377669133935 ], [ -92.682236493666437, 17.844890809670243 ], [ -92.678392854554289, 17.841579020236257 ], [ -92.673647888097577, 17.849325938902236 ], [ -92.67698915262585, 17.850531592724682 ], [ -92.676387199842921, 17.853419125759768 ], [ -92.683177975720511, 17.856738567194466 ], [ -92.684224375310095, 17.862932194045598 ], [ -92.682462998640247, 17.866270760177731 ], [ -92.678016586397192, 17.865887781185716 ], [ -92.676379609229684, 17.868153519557907 ], [ -92.68689869623266, 17.874908182066388 ], [ -92.690745218827587, 17.870997062207529 ], [ -92.694578805789732, 17.875629315808645 ], [ -92.692552877732595, 17.883012040484484 ], [ -92.701939634447072, 17.887080298095416 ], [ -92.694350032584794, 17.889331318964054 ], [ -92.695191373191363, 17.892428897827433 ], [ -92.690425901243557, 17.895594849153763 ], [ -92.711402974432104, 17.895977214653136 ], [ -92.706454826490784, 17.900298752888396 ], [ -92.707234571301171, 17.903891401279509 ], [ -92.716545477845258, 17.910352598522724 ], [ -92.719033349459409, 17.917168580664111 ], [ -92.718120323966602, 17.922820749426009 ], [ -92.713087498430042, 17.930361510362864 ], [ -92.709216467976191, 17.93010443928241 ], [ -92.708761810440436, 17.936211679234116 ], [ -92.704905776271275, 17.941154908249899 ], [ -92.689477569961554, 17.947224523001193 ], [ -92.685191226799986, 17.948204086022322 ], [ -92.685711405816193, 17.941271636436305 ], [ -92.682133022938345, 17.940560777362524 ], [ -92.686277338099103, 17.935783837818043 ], [ -92.671470417945187, 17.936694552256267 ], [ -92.666692466517716, 17.934288064289504 ], [ -92.662821028797381, 17.940922575679636 ], [ -92.658228166384788, 17.943964337283941 ], [ -92.660122487635263, 17.95238904844582 ], [ -92.652065319885793, 17.954843458259131 ], [ -92.649141875054781, 17.95867374728401 ], [ -92.650092035236781, 17.962514695587956 ], [ -92.633423929538097, 17.971135247266911 ], [ -92.633654618388107, 17.99804538465407 ], [ -92.63641546592487, 17.999786640907015 ], [ -92.636878768606721, 18.006432764106279 ], [ -92.640298331000608, 18.012303037980828 ], [ -92.636411085425195, 18.013736604298341 ], [ -92.63677969700197, 18.017947398891945 ], [ -92.629776720113924, 18.025191350380702 ], [ -92.631522359237366, 18.037371581078304 ], [ -92.6365534775871, 18.037509701002758 ], [ -92.637657109404856, 18.030248948032874 ], [ -92.645485056823119, 18.03472827443893 ], [ -92.644766349654645, 18.030846701049271 ], [ -92.648127014260595, 18.030154413380398 ], [ -92.648687428436986, 18.032260839590382 ], [ -92.662743739234344, 18.0389851126248 ], [ -92.639212461277367, 18.071360186349146 ], [ -92.64126359962124, 18.07503915284974 ], [ -92.642781248814359, 18.073475079363256 ], [ -92.651465661428304, 18.079524901536548 ], [ -92.648722836895701, 18.082282535336585 ], [ -92.642354783719455, 18.082718775470639 ], [ -92.636897012325733, 18.091659371196943 ], [ -92.637244784738925, 18.098304922480732 ], [ -92.633855695580365, 18.102133749778915 ], [ -92.637520137004657, 18.106642772942568 ], [ -92.619234805855271, 18.106631413143035 ], [ -92.621903753591468, 18.112458503045126 ], [ -92.629119092335202, 18.114542964087864 ], [ -92.630883664618295, 18.117932303333045 ], [ -92.628613151155932, 18.126180101885762 ], [ -92.622513028959531, 18.122241645218011 ], [ -92.619365433197061, 18.124832567860622 ], [ -92.619415305241148, 18.132385405344714 ], [ -92.609494885923993, 18.135121300798037 ], [ -92.59753506337897, 18.126294484276958 ], [ -92.596703901045544, 18.122123536998796 ], [ -92.589910610611639, 18.118140677448366 ], [ -92.587690513574671, 18.114006681978509 ], [ -92.588644997946233, 18.110790452850871 ], [ -92.585710066895913, 18.108965431200509 ], [ -92.580422760715678, 18.098424737656138 ], [ -92.583796644065117, 18.089933316957531 ], [ -92.560486992834583, 18.089075305459094 ], [ -92.558182301674307, 18.094391867864367 ], [ -92.555968860853667, 18.089638465249909 ], [ -92.552041294907951, 18.088882766334986 ], [ -92.554396827343083, 18.084350599993272 ], [ -92.554223131809223, 18.077994225827485 ], [ -92.548959558396035, 18.077853180438954 ], [ -92.543507973383839, 18.072965150812895 ], [ -92.537431606911582, 18.073151269493327 ], [ -92.535788391310021, 18.06939006250704 ], [ -92.532705582685338, 18.071195639404898 ], [ -92.555260858844008, 18.097519004832083 ], [ -92.549023912701344, 18.102533700388864 ], [ -92.550387787362254, 18.105262092254165 ], [ -92.548738179140614, 18.114831619240185 ], [ -92.55050081564633, 18.118262933318579 ], [ -92.548285553875189, 18.12638608865371 ], [ -92.549089231244182, 18.133446119567392 ], [ -92.527970548827994, 18.132880175330378 ], [ -92.525447488597806, 18.142859183724532 ], [ -92.528311867292601, 18.146046822302274 ], [ -92.534207622437307, 18.146892210255817 ], [ -92.536414699219534, 18.15234742464434 ], [ -92.535529202402856, 18.160516120244722 ], [ -92.516167802034147, 18.170183126961707 ], [ -92.5130916218707, 18.166741685364954 ], [ -92.508590591985651, 18.168599141560726 ], [ -92.501825232372681, 18.167709697677843 ], [ -92.49968745414958, 18.155687259169532 ], [ -92.503167939151467, 18.1548741705993 ], [ -92.505917373909099, 18.145597898877874 ], [ -92.500091336772044, 18.143513766045078 ], [ -92.49474879811774, 18.133135724562631 ], [ -92.480744086385883, 18.123376961961029 ], [ -92.478466890012385, 18.116747987616851 ], [ -92.499177264532634, 18.123782981233965 ], [ -92.498652149432942, 18.11808571056509 ], [ -92.489734621352767, 18.106456659503191 ], [ -92.482813045421395, 18.10412045719896 ], [ -92.432812502685124, 18.095830980800642 ], [ -92.422545234539598, 18.104407658553701 ], [ -92.420535646304359, 18.109996935545574 ], [ -92.405967237652845, 18.109015324617406 ], [ -92.405288753871844, 18.11555535097196 ], [ -92.393456751645942, 18.123469347519073 ], [ -92.386398095418272, 18.120618313024703 ], [ -92.388928841906704, 18.114904913778297 ], [ -92.367867646399446, 18.105026071574436 ], [ -92.366196301269952, 18.107344803793097 ], [ -92.36902949594149, 18.107798471134913 ], [ -92.357052089053525, 18.1299480657053 ], [ -92.345418977657218, 18.123000332915012 ], [ -92.340625220377504, 18.125113261953789 ], [ -92.338092930203686, 18.13090874450528 ], [ -92.318835245294437, 18.126735460535365 ], [ -92.316871320927447, 18.127563835033584 ], [ -92.316486635987417, 18.138614688946024 ], [ -92.313366649251918, 18.139608916412055 ], [ -92.291325251880352, 18.130260096261345 ], [ -92.289527745096777, 18.126949324396659 ], [ -92.293618306768821, 18.118795112866476 ], [ -92.291415763843858, 18.115194712344422 ], [ -92.295743874452711, 18.111013684905931 ], [ -92.304699594082166, 18.109025076546914 ], [ -92.306010434819399, 18.098429279397177 ], [ -92.302942299649288, 18.095615602274858 ], [ -92.302464775847881, 18.086882719858583 ], [ -92.305932593504195, 18.087006039598865 ], [ -92.307099617376636, 18.093338202909866 ], [ -92.309354375518737, 18.093751494901024 ], [ -92.31021703964619, 18.091350718529554 ], [ -92.317955896118619, 18.088244285525253 ], [ -92.319336960965757, 18.084974133959598 ], [ -92.340519898500986, 18.071100832960752 ], [ -92.342703566119766, 18.064850129202039 ], [ -92.338830742073029, 18.064272378013747 ], [ -92.339115157814106, 18.061954471748315 ], [ -92.34229084046504, 18.06067002115882 ], [ -92.34487911451339, 18.054584654739479 ], [ -92.347479193650855, 18.054500660937773 ], [ -92.351853220253162, 18.045848202666992 ], [ -92.350461651078533, 18.043448319312283 ], [ -92.354381215556401, 18.03881075996113 ], [ -92.355461809252589, 18.030408184422605 ], [ -92.359267024966059, 18.02655696289963 ], [ -92.343356276043721, 18.015017313053178 ], [ -92.344948043178917, 18.002061727946185 ], [ -92.336044034807145, 17.997926790316708 ], [ -92.331601161757746, 18.000536151369175 ], [ -92.324362611166379, 17.991019416360881 ], [ -92.316509456127363, 17.992387978178559 ], [ -92.313849289041769, 17.990691873141078 ], [ -92.315452239265213, 17.982827427589655 ], [ -92.309254282327018, 17.972978711615887 ], [ -92.311410527222137, 17.970432477776637 ], [ -92.304036895068123, 17.96205343359853 ], [ -92.30894542299734, 17.961803723608629 ], [ -92.314136956530348, 17.95840821573567 ], [ -92.312856549442557, 17.952986628584146 ], [ -92.314392457156998, 17.948597068025308 ], [ -92.312479399752263, 17.945515024435551 ], [ -92.319193417309847, 17.931048437413303 ], [ -92.313757259586254, 17.927003480793982 ], [ -92.292574603625624, 17.926428248206793 ], [ -92.287830073812174, 17.921716383856531 ], [ -92.290643240134244, 17.915953903841949 ], [ -92.279657391745914, 17.907615436989413 ], [ -92.284984498870813, 17.891921946335078 ], [ -92.30560068271518, 17.876272312145808 ], [ -92.306276374364288, 17.869989660573992 ], [ -92.300164412345083, 17.87144237950427 ], [ -92.300097081115268, 17.8677674104717 ], [ -92.288335113022001, 17.870833821594982 ], [ -92.284630285760727, 17.865989837028291 ], [ -92.283980178318956, 17.85988289002227 ], [ -92.278449461076093, 17.86298227538261 ], [ -92.273368559416426, 17.86141136435042 ], [ -92.271005536833385, 17.862379624057326 ], [ -92.269750696653205, 17.868253637426545 ], [ -92.265645401455103, 17.86456875989586 ], [ -92.261325506665187, 17.86753434780444 ], [ -92.259304056777708, 17.866641433498209 ], [ -92.243844163694476, 17.892612299446114 ], [ -92.218609898066745, 17.884131120452896 ], [ -92.21688889829808, 17.888769291247115 ], [ -92.211299880614362, 17.892527855792604 ], [ -92.20120227019703, 17.892644352973154 ], [ -92.204149577813794, 17.894811182227222 ], [ -92.211478763625891, 17.895252105803024 ], [ -92.20347309064492, 17.902497391057359 ], [ -92.190379511988354, 17.905237217972687 ], [ -92.171039831551226, 17.900877349181773 ], [ -92.177666753242107, 17.866346564180159 ], [ -92.165479466628739, 17.858836706173587 ], [ -92.163046979747378, 17.853733566266026 ], [ -92.158714840196453, 17.850750231251855 ], [ -92.153985171477103, 17.851155964105704 ], [ -92.138289527587119, 17.84222723291504 ], [ -92.131963353850679, 17.832449567715241 ], [ -92.13227874108091, 17.773880396489858 ], [ -92.138347109181254, 17.77138428030311 ], [ -92.158136490340894, 17.781374268982216 ], [ -92.155866387735927, 17.765946946329056 ], [ -92.166137276250851, 17.76591993198036 ], [ -92.171180607501753, 17.761058897964318 ], [ -92.171996314564339, 17.766162276585625 ], [ -92.176679149317778, 17.771427151237386 ], [ -92.181958797566793, 17.764117142890431 ], [ -92.184771497328356, 17.763781756841873 ], [ -92.188695806013243, 17.765478394393064 ], [ -92.196349216364098, 17.777090399078489 ], [ -92.233658380201831, 17.743224132902114 ], [ -92.254634427669586, 17.715752640076438 ], [ -92.26266131251522, 17.711050328391831 ], [ -92.260904470575284, 17.709932685247665 ], [ -92.27549476979685, 17.692249363197686 ], [ -92.289567443746876, 17.702417006816241 ], [ -92.296405742926723, 17.699395495671919 ], [ -92.295906016599545, 17.696069075824752 ], [ -92.298881364540009, 17.700264902060486 ], [ -92.301990320659158, 17.699314148755377 ], [ -92.303861473638349, 17.702455927842962 ], [ -92.305444733204808, 17.701074649412149 ], [ -92.311246750117817, 17.704405885129816 ], [ -92.310448478755788, 17.70273012953405 ], [ -92.313104691681247, 17.701909290376413 ], [ -92.308530008320361, 17.697037375857828 ], [ -92.309977212052814, 17.698045141483508 ], [ -92.310955856122987, 17.69621992811782 ], [ -92.316103632861982, 17.700136784118687 ], [ -92.316336330737542, 17.697458175411896 ], [ -92.319827373244948, 17.697983183766972 ], [ -92.319796366455591, 17.702017018983163 ], [ -92.323423311317157, 17.700152869661942 ], [ -92.322616973967357, 17.69744835203851 ], [ -92.32657636446406, 17.697184379324817 ], [ -92.32735403744384, 17.700342032533587 ], [ -92.328732506584572, 17.695753318868906 ], [ -92.333215878056052, 17.699185636925069 ], [ -92.339174417324486, 17.697739534501149 ], [ -92.335283594857174, 17.700883747741706 ], [ -92.334905183445827, 17.706692478818798 ], [ -92.337574127473019, 17.704265991655245 ], [ -92.340233450905146, 17.706202264242453 ], [ -92.342090820959996, 17.70279992819103 ], [ -92.345945674293105, 17.702701744319803 ], [ -92.345756751841435, 17.700646679897705 ], [ -92.347593854450835, 17.700537162407468 ], [ -92.358606287795595, 17.707356368418939 ], [ -92.359974272304811, 17.701762958301522 ], [ -92.357355886095874, 17.697650438655558 ], [ -92.360762134495985, 17.685063355416013 ], [ -92.360146662447093, 17.680836081300292 ], [ -92.355166497494622, 17.675494691587815 ], [ -92.356938921031755, 17.673539349062462 ], [ -92.365555446341773, 17.675722774232451 ], [ -92.368442130680222, 17.667358383756529 ], [ -92.361289033414451, 17.662334420703722 ], [ -92.358825507670133, 17.657016576112664 ], [ -92.358614211356524, 17.644451018218337 ], [ -92.361712328993406, 17.638401313849226 ], [ -92.364573904324359, 17.638508208018138 ], [ -92.364857579540114, 17.633296294539761 ], [ -92.357275504233215, 17.624772619159259 ], [ -92.346451991946466, 17.625088879085869 ], [ -92.337801505376561, 17.620250350037907 ], [ -92.346555812962734, 17.60868200160176 ], [ -92.352905188045142, 17.61589387224042 ], [ -92.363534450677847, 17.613709907803425 ], [ -92.375284091625616, 17.62168464512694 ], [ -92.383550602074266, 17.61839793317408 ], [ -92.386485225284815, 17.610009424479493 ], [ -92.389124480126441, 17.611495261267304 ], [ -92.407360071210064, 17.608879735135961 ], [ -92.403899646468815, 17.606205505173165 ], [ -92.405731633967918, 17.604126148644042 ], [ -92.404369269234721, 17.599104072315001 ], [ -92.407037918897728, 17.595636628940738 ], [ -92.416973192321777, 17.592435470638652 ], [ -92.418493926429846, 17.5836206369483 ], [ -92.422924446831658, 17.575692324058114 ], [ -92.435771543511862, 17.567382144191352 ], [ -92.449464298010525, 17.575776866331363 ], [ -92.457886188654925, 17.574896161304796 ], [ -92.464600735943193, 17.568973768260697 ], [ -92.465880343199586, 17.572679465059178 ], [ -92.47710052884419, 17.572441909230424 ], [ -92.476554136627669, 17.569809733174175 ], [ -92.487255471706987, 17.569936936079621 ], [ -92.490152647165331, 17.566305918659605 ], [ -92.494798896619059, 17.569205035387707 ], [ -92.518687010280829, 17.568890047218392 ], [ -92.523377158718674, 17.570958337917293 ], [ -92.528247108267507, 17.566696310355564 ], [ -92.531561693855508, 17.570460896116831 ], [ -92.542896191267047, 17.567976580511868 ], [ -92.553997070443728, 17.569422189451661 ], [ -92.558453915664487, 17.575875352295185 ], [ -92.567609602296727, 17.577237983003268 ], [ -92.5766475798915, 17.581992902438994 ], [ -92.576866721000641, 17.591798450534963 ], [ -92.580298796361419, 17.593989990806637 ], [ -92.58190290292103, 17.592499910552938 ], [ -92.584245228418254, 17.597091494270103 ], [ -92.585790991174591, 17.596759877157837 ], [ -92.584305522941989, 17.593905675301187 ], [ -92.589454731742194, 17.596261858577972 ], [ -92.590251163260248, 17.601557385314518 ], [ -92.592542438474212, 17.599735930488176 ], [ -92.616588765215255, 17.598378616121263 ] ] ] } },
{ "type": "Feature", "properties": { "cve_edo": "27", "cve_mpo_ine": "013", "cve_edo_mpo_ine": "27013", "nom_mpo": "NACAJUCA", "nom_edo": "Tabasco", "alianza_ganadora": "Juntos Haremos Historia", "margen_pp": 53.921426500434912, "por_participacion": 55.603248493642063 }, "geometry": { "type": "Polygon", "coordinates": [ [ [ -92.906146811190681, 18.046164434141993 ], [ -92.914300423930328, 18.033630570967333 ], [ -92.929125421065635, 18.03447774421431 ], [ -92.933843792061211, 18.032771227655896 ], [ -92.934172291944364, 18.035604166920297 ], [ -92.937326033770603, 18.035216351045548 ], [ -92.940292446094247, 18.026478642070106 ], [ -92.942898743796817, 18.026973180635164 ], [ -92.943275417378516, 18.01923005825601 ], [ -92.954448147212489, 18.021231949628572 ], [ -92.954040267130182, 18.010194853273379 ], [ -92.959916227124936, 18.011872938145256 ], [ -92.974963214776935, 18.007769328919135 ], [ -92.990146703585822, 18.016188299318312 ], [ -92.988666556425784, 18.027008773810763 ], [ -92.986927324522441, 18.027866159811644 ], [ -92.987718268642084, 18.033954837930338 ], [ -92.993146496447636, 18.034470463973939 ], [ -92.995926438283462, 18.038720136018579 ], [ -93.001178172380847, 18.034849506625545 ], [ -93.019265747433735, 18.048485464436187 ], [ -93.025929926319662, 18.0511055399094 ], [ -93.025738949313904, 18.063907142220792 ], [ -93.015650595795677, 18.070744278681254 ], [ -93.023840031530071, 18.071914117710573 ], [ -93.003147981138781, 18.113247797050018 ], [ -93.020797504172208, 18.115658156198513 ], [ -93.019512430233249, 18.124066945775287 ], [ -93.022318546492627, 18.145686971743267 ], [ -93.028107297805462, 18.145534312277888 ], [ -93.029978691949964, 18.156327370656975 ], [ -93.034498205572717, 18.156738385848346 ], [ -93.031116586674983, 18.163146149250721 ], [ -93.036551168668254, 18.172406332077458 ], [ -93.033738695709346, 18.189031878892589 ], [ -93.031789091297554, 18.189124418678499 ], [ -93.031484338877661, 18.200549955942797 ], [ -93.045732914107987, 18.200691450077869 ], [ -93.062114521191688, 18.227998827661931 ], [ -93.060256582500401, 18.229527687173864 ], [ -93.057253019606335, 18.227077496163492 ], [ -93.053485882300492, 18.228022394425825 ], [ -93.052637647491437, 18.239743481319511 ], [ -93.037798504461534, 18.243771307894484 ], [ -93.034616480965582, 18.24277020091607 ], [ -93.037716796369594, 18.251020213935313 ], [ -93.036016443104614, 18.2573129075456 ], [ -93.032191031811649, 18.2581329897682 ], [ -93.038490291772689, 18.280059742108548 ], [ -93.028562017759214, 18.286872803276221 ], [ -93.029058653977032, 18.294288680281188 ], [ -93.02267237314166, 18.298375315588231 ], [ -93.020071149241915, 18.296671086273619 ], [ -93.018038455019905, 18.298157710235117 ], [ -93.019107846045728, 18.307397531688025 ], [ -93.023675152774928, 18.310266048314336 ], [ -93.023548960298726, 18.313331084247526 ], [ -93.031074948917691, 18.315129041335243 ], [ -93.031750010078071, 18.321219730179099 ], [ -93.029481073701433, 18.323990080965501 ], [ -93.016515431547845, 18.318048481091061 ], [ -93.015885953849548, 18.306182401981893 ], [ -92.953042391753243, 18.303470569451175 ], [ -92.943966815966078, 18.346349548157313 ], [ -92.938977283485215, 18.349448752896571 ], [ -92.922058532205853, 18.346067580955314 ], [ -92.910909275380277, 18.333065814424842 ], [ -92.897035998832408, 18.328705062641582 ], [ -92.886363923455121, 18.31940744580093 ], [ -92.880698741809951, 18.311257530182171 ], [ -92.881893932242463, 18.308113263157228 ], [ -92.877050053799579, 18.304160273969817 ], [ -92.864620051527197, 18.300608068038979 ], [ -92.864535194394392, 18.293271087023331 ], [ -92.857929637072218, 18.29456947066177 ], [ -92.855105853323707, 18.292617043388816 ], [ -92.846645539768161, 18.273856470712666 ], [ -92.849596559706342, 18.263523232295711 ], [ -92.849295090824512, 18.25965101599369 ], [ -92.845663237204008, 18.256551689561185 ], [ -92.845689188303027, 18.251535957726954 ], [ -92.843154898875611, 18.249951690057365 ], [ -92.834090611474295, 18.250557417622918 ], [ -92.83439769290213, 18.239960137343903 ], [ -92.830191903940232, 18.236865803509847 ], [ -92.842401023943111, 18.228425967865398 ], [ -92.848112776896301, 18.219015293125185 ], [ -92.854540151486603, 18.216894376297489 ], [ -92.853231249993556, 18.204663273748199 ], [ -92.855628525818062, 18.200394899766625 ], [ -92.850689885334148, 18.200976759494512 ], [ -92.850956637687133, 18.19536784007045 ], [ -92.855552562060126, 18.195366298034852 ], [ -92.856057891469703, 18.192187351319301 ], [ -92.876799250852287, 18.172351332399792 ], [ -92.866553305532207, 18.155190458847375 ], [ -92.888183549782994, 18.160201157404611 ], [ -92.902466908529561, 18.104733935477935 ], [ -92.900655292334022, 18.100149014080593 ], [ -92.90477716301092, 18.076559734589267 ], [ -92.896195272787267, 18.07135065385501 ], [ -92.896450708284846, 18.06761206278042 ], [ -92.900456136561061, 18.063274902846128 ], [ -92.899420148465964, 18.05223866394201 ], [ -92.906146811190681, 18.046164434141993 ] ] ] } },
{ "type": "Feature", "properties": { "cve_edo": "27", "cve_mpo_ine": "014", "cve_edo_mpo_ine": "27014", "nom_mpo": "PARAISO", "nom_edo": "Tabasco", "alianza_ganadora": "Juntos Haremos Historia", "margen_pp": 27.615452829759658, "por_participacion": 61.659142528671175 }, "geometry": { "type": "Polygon", "coordinates": [ [ [ -93.526283360419612, 18.408446282541714 ], [ -93.476306431430771, 18.420181972453026 ], [ -93.40585646502285, 18.432232408956214 ], [ -93.298819961557541, 18.438763672204438 ], [ -93.232548841255593, 18.439113723943034 ], [ -93.213990714328929, 18.441162724002595 ], [ -93.190223501710094, 18.439184899432384 ], [ -93.189055621730077, 18.442621359864475 ], [ -93.179201957960515, 18.441364914099566 ], [ -93.105502141703411, 18.443565333027827 ], [ -93.091762438309686, 18.442918599727669 ], [ -93.082226181485353, 18.4327932690952 ], [ -93.064281532393522, 18.423686128306223 ], [ -93.046712687563513, 18.424436685105142 ], [ -93.034783825687143, 18.42018587342913 ], [ -93.023410710846989, 18.423225963910671 ], [ -93.016515847968336, 18.42200909944507 ], [ -93.00093454294354, 18.414422125025194 ], [ -92.994485308893971, 18.405678398169325 ], [ -92.997628139894545, 18.402123542078463 ], [ -93.009840122581949, 18.407702888056139 ], [ -93.015835829850602, 18.400426264355971 ], [ -93.023362165422711, 18.403218646141152 ], [ -93.025305558260641, 18.394151395152889 ], [ -93.032960330835508, 18.393132782845775 ], [ -93.047312590013817, 18.382310955664444 ], [ -93.049449806437821, 18.384593734566536 ], [ -93.057750646972423, 18.380717307790366 ], [ -93.063950962073349, 18.381185665107399 ], [ -93.064961430296052, 18.373151672308307 ], [ -93.074074700517855, 18.349807381637646 ], [ -93.092382928984293, 18.351168300582831 ], [ -93.094480444967019, 18.32776822885247 ], [ -93.089347204597331, 18.319846724289182 ], [ -93.093884679627806, 18.313724675433836 ], [ -93.093434933628274, 18.309084436818136 ], [ -93.098841851064847, 18.302673936964812 ], [ -93.093297493821566, 18.296822913307761 ], [ -93.0972973788286, 18.295960510786944 ], [ -93.096380604969085, 18.292520674864065 ], [ -93.102945476624569, 18.2861122091285 ], [ -93.106823227725869, 18.287320546654779 ], [ -93.115756763982347, 18.282945657023259 ], [ -93.108993769770294, 18.277879963634209 ], [ -93.109527482003969, 18.273572902163735 ], [ -93.116068017112298, 18.275324326459032 ], [ -93.121000371651007, 18.272226215597659 ], [ -93.12388605259369, 18.276000725974427 ], [ -93.131719049490798, 18.271250384467937 ], [ -93.145372575045926, 18.277444920934069 ], [ -93.153696080882185, 18.284251543413223 ], [ -93.158442361667596, 18.293017813630218 ], [ -93.155760635062961, 18.300846692766847 ], [ -93.160857989126313, 18.304414390763402 ], [ -93.161782185219664, 18.310244858077805 ], [ -93.165603987053231, 18.311304733575387 ], [ -93.172549383213635, 18.319779692970773 ], [ -93.180228683649659, 18.319475517996246 ], [ -93.183753685786087, 18.323083982638593 ], [ -93.20087023806596, 18.324789847884986 ], [ -93.211715777072939, 18.320205886085859 ], [ -93.214722068752735, 18.323109251369477 ], [ -93.217217068809518, 18.321538272112203 ], [ -93.21980341913617, 18.330902996715892 ], [ -93.225072968269444, 18.332400558932381 ], [ -93.228728049009675, 18.330292310814755 ], [ -93.222834140285457, 18.322953483245342 ], [ -93.224053830076159, 18.321629415088871 ], [ -93.234429056356078, 18.319818935685788 ], [ -93.240277526732555, 18.321441010528769 ], [ -93.241326057430797, 18.318791114221778 ], [ -93.254012627910569, 18.31984028523383 ], [ -93.256628138720075, 18.315783555525943 ], [ -93.265595700110666, 18.322295906466952 ], [ -93.27185196566333, 18.322964685260544 ], [ -93.26984927716174, 18.310038897218497 ], [ -93.274138552398767, 18.309007384434079 ], [ -93.291224690785896, 18.31171505659848 ], [ -93.291033973219371, 18.320952143150869 ], [ -93.279503644316947, 18.32110774402069 ], [ -93.276635839905026, 18.336141541914142 ], [ -93.279707074520388, 18.336061495036915 ], [ -93.277317114375492, 18.34351538675185 ], [ -93.283999975506745, 18.349973917958181 ], [ -93.275091739838572, 18.355691566447664 ], [ -93.284005807957499, 18.36129164238347 ], [ -93.292930526303905, 18.361340693969858 ], [ -93.282832694445048, 18.368788072372432 ], [ -93.28711506162297, 18.372229869299314 ], [ -93.293201807837988, 18.371530832215878 ], [ -93.288320256459443, 18.37869279571548 ], [ -93.294578482710932, 18.379443640526024 ], [ -93.295676355420355, 18.381308544255212 ], [ -93.293120788863035, 18.384247429724827 ], [ -93.303191945042201, 18.392250006447245 ], [ -93.300169844827423, 18.396762667555038 ], [ -93.308103828807802, 18.400952415997395 ], [ -93.310887417768313, 18.400250300972285 ], [ -93.318240207006141, 18.405599011569144 ], [ -93.321940203203766, 18.411649174645397 ], [ -93.333070087740253, 18.411863464982464 ], [ -93.34222306495839, 18.415969661187454 ], [ -93.351721684243671, 18.421856730073056 ], [ -93.353972911893138, 18.428526809052794 ], [ -93.357047156915144, 18.427451364901984 ], [ -93.358792272110634, 18.423351440717866 ], [ -93.367893610539667, 18.42372838206381 ], [ -93.372130230028361, 18.420374992049844 ], [ -93.379145393599842, 18.420004938197625 ], [ -93.380591081505258, 18.422780733330903 ], [ -93.378560380466681, 18.424022636689067 ], [ -93.389227174762055, 18.424316291586518 ], [ -93.398970036252564, 18.421585314283654 ], [ -93.40163546034276, 18.422704396435197 ], [ -93.411497233271817, 18.417073294391397 ], [ -93.426564131513089, 18.422460558869137 ], [ -93.442973181286078, 18.419562355358131 ], [ -93.448309462703591, 18.416414440681049 ], [ -93.461320358266889, 18.418683545983974 ], [ -93.49341498883777, 18.409616395430724 ], [ -93.498515563567736, 18.40506624468463 ], [ -93.505485360219396, 18.412472814340166 ], [ -93.526283360419612, 18.408446282541714 ] ] ] } },
{ "type": "Feature", "properties": { "cve_edo": "27", "cve_mpo_ine": "015", "cve_edo_mpo_ine": "27015", "nom_mpo": "TACOTALPA", "nom_edo": "Tabasco", "alianza_ganadora": "Juntos Haremos Historia", "margen_pp": 20.875998015246516, "por_participacion": 63.568847852268163 }, "geometry": { "type": "Polygon", "coordinates": [ [ [ -92.592542438474212, 17.599735930488176 ], [ -92.590251163260248, 17.601557385314518 ], [ -92.589454731742194, 17.596261858577972 ], [ -92.584305522941989, 17.593905675301187 ], [ -92.585790991174591, 17.596759877157837 ], [ -92.584245228418254, 17.597091494270103 ], [ -92.58190290292103, 17.592499910552938 ], [ -92.580298796361419, 17.593989990806637 ], [ -92.576866721000641, 17.591798450534963 ], [ -92.5766475798915, 17.581992902438994 ], [ -92.567609602296727, 17.577237983003268 ], [ -92.558453915664487, 17.575875352295185 ], [ -92.553997070443728, 17.569422189451661 ], [ -92.542896191267047, 17.567976580511868 ], [ -92.531561693855508, 17.570460896116831 ], [ -92.528247108267507, 17.566696310355564 ], [ -92.523377158718674, 17.570958337917293 ], [ -92.518687010280829, 17.568890047218392 ], [ -92.494798896619059, 17.569205035387661 ], [ -92.490152647165331, 17.566305918659605 ], [ -92.496504498321613, 17.56052631487966 ], [ -92.495146226750578, 17.5571673028901 ], [ -92.502769730178443, 17.5588527364825 ], [ -92.508410477320481, 17.5542088888796 ], [ -92.515526824941787, 17.553126762032953 ], [ -92.52030958942953, 17.555451615381706 ], [ -92.524820562050891, 17.549445392025074 ], [ -92.53250323405959, 17.550754542669523 ], [ -92.534054061289183, 17.54410153447283 ], [ -92.543929338366212, 17.544074518501919 ], [ -92.546068939693413, 17.546187913172993 ], [ -92.558825375622334, 17.54153952153408 ], [ -92.559924560845587, 17.542907724172665 ], [ -92.564425277143485, 17.540276901719238 ], [ -92.564129640353585, 17.535498890046057 ], [ -92.558174022217898, 17.5301136701041 ], [ -92.562622004123938, 17.531181450605473 ], [ -92.563654132859554, 17.526108749597551 ], [ -92.565683157416601, 17.531588235235791 ], [ -92.573710029902713, 17.531648129086776 ], [ -92.576548518652956, 17.53754070436597 ], [ -92.582847579777692, 17.540431049534828 ], [ -92.585944163789932, 17.526417686938071 ], [ -92.592001404521469, 17.522659578869714 ], [ -92.585407792604798, 17.515739523727966 ], [ -92.588635146989304, 17.511823680572657 ], [ -92.588109915431744, 17.508293029656397 ], [ -92.604683552719877, 17.509738812873383 ], [ -92.615515933011196, 17.496573638008957 ], [ -92.613833099516384, 17.491633761020875 ], [ -92.617051836034477, 17.483354090521487 ], [ -92.628771169026976, 17.483233866741159 ], [ -92.631877326759792, 17.476990530262 ], [ -92.630890044526552, 17.473752338628337 ], [ -92.627770915262985, 17.472764978794416 ], [ -92.629551698983633, 17.467897242611421 ], [ -92.634630192050906, 17.467091353066202 ], [ -92.634057877651514, 17.469794336507086 ], [ -92.642593081824288, 17.472729191661191 ], [ -92.64322431384754, 17.469460138817642 ], [ -92.649914848995252, 17.472475618904422 ], [ -92.661298498799553, 17.470894561216952 ], [ -92.660728871182613, 17.466385161328741 ], [ -92.66364766795931, 17.463072814194792 ], [ -92.66244808187605, 17.460053423756253 ], [ -92.665480867681495, 17.457278826524458 ], [ -92.659769415740001, 17.441974744008526 ], [ -92.652869342133684, 17.435989227718707 ], [ -92.65613047146249, 17.430330546379274 ], [ -92.658351508887293, 17.433362520417287 ], [ -92.660663117049452, 17.432583630319442 ], [ -92.661104275952425, 17.428490264027356 ], [ -92.667137482230004, 17.430319748747262 ], [ -92.666818247960862, 17.422024166421881 ], [ -92.669203917907865, 17.415693348060618 ], [ -92.664914867506425, 17.408016611847518 ], [ -92.674867315033026, 17.406490650861514 ], [ -92.675028058743948, 17.39969737236644 ], [ -92.677708389649425, 17.392999796806183 ], [ -92.679605157267261, 17.392638991292497 ], [ -92.681385851374699, 17.37862366033945 ], [ -92.70153204655584, 17.365334815528353 ], [ -92.710987783814176, 17.362213699642417 ], [ -92.714183356825842, 17.354159342768963 ], [ -92.723414985179843, 17.348098851615017 ], [ -92.729938283826655, 17.349867304505882 ], [ -92.731603048090207, 17.35366727617188 ], [ -92.737129213604263, 17.35305606539897 ], [ -92.737977122251493, 17.346562990403292 ], [ -92.750945774080904, 17.3446703357214 ], [ -92.751903638305436, 17.348240963615478 ], [ -92.765736344957261, 17.351768309436316 ], [ -92.764626771130224, 17.357240828218842 ], [ -92.771512916978708, 17.366554201969706 ], [ -92.768412663235395, 17.369033852916644 ], [ -92.772118692424698, 17.372405289613127 ], [ -92.769780746975272, 17.384428591568007 ], [ -92.777147509803683, 17.402620787114717 ], [ -92.791643385443464, 17.398805678526625 ], [ -92.793029790681345, 17.410093371714851 ], [ -92.8037487838251, 17.4061418850956 ], [ -92.803499213999487, 17.41145112109448 ], [ -92.800565971403472, 17.415051802828508 ], [ -92.812000063263781, 17.418692640118277 ], [ -92.816085852198242, 17.41302082299336 ], [ -92.827490922143824, 17.409194432100588 ], [ -92.83447287696427, 17.409503856323298 ], [ -92.840354343300703, 17.413336233187124 ], [ -92.836384633604936, 17.403327903017736 ], [ -92.849440968329461, 17.401578901984788 ], [ -92.851072834603357, 17.409299230000919 ], [ -92.852952543836039, 17.411834683177215 ], [ -92.856374840457391, 17.411445571396175 ], [ -92.852874963165689, 17.414699161254131 ], [ -92.851823908063309, 17.419688645724374 ], [ -92.836176778532334, 17.417933058662246 ], [ -92.83133813442609, 17.426381454561348 ], [ -92.825037933624372, 17.429588951844458 ], [ -92.829478405642107, 17.433101968079274 ], [ -92.828837366776469, 17.435782077780708 ], [ -92.832437410252282, 17.435746405798323 ], [ -92.831629774206775, 17.437395072556903 ], [ -92.834994792054957, 17.438761416740626 ], [ -92.832853945006605, 17.444491577527739 ], [ -92.839157566253562, 17.440623880964367 ], [ -92.841143886247863, 17.443596703877386 ], [ -92.832946787829854, 17.449111469334103 ], [ -92.840192961099973, 17.451556097743012 ], [ -92.834673939167033, 17.458683591690271 ], [ -92.832846938073871, 17.458309559656104 ], [ -92.834060614715213, 17.455382835227741 ], [ -92.831480001274102, 17.457317506739084 ], [ -92.829264914790741, 17.454385483348702 ], [ -92.824866390346273, 17.454007359285651 ], [ -92.826157976010208, 17.458876623474136 ], [ -92.824543404085944, 17.460187109041328 ], [ -92.828718700148329, 17.459973404912837 ], [ -92.831122360918172, 17.463403593614796 ], [ -92.831239861038043, 17.47105784478882 ], [ -92.83559118724807, 17.480608291777251 ], [ -92.828329017529583, 17.487447278063268 ], [ -92.834165837083134, 17.491864764487776 ], [ -92.84011565095426, 17.492516736703287 ], [ -92.84909888665878, 17.495935402636562 ], [ -92.853391715603678, 17.500148141178538 ], [ -92.85836914718584, 17.500511658499249 ], [ -92.85928657605406, 17.504233788594515 ], [ -92.856143289085225, 17.510362952543243 ], [ -92.85831903742158, 17.513379459481211 ], [ -92.857179681210255, 17.52240129757023 ], [ -92.859813165952758, 17.525127341707357 ], [ -92.854148804188839, 17.52542707563299 ], [ -92.857642235929376, 17.531213387162289 ], [ -92.852494394671652, 17.534863535561122 ], [ -92.852314560458225, 17.539129487841748 ], [ -92.869217506450894, 17.559037827713816 ], [ -92.865100806751443, 17.565375762420171 ], [ -92.866648551903495, 17.569634563327114 ], [ -92.863389328022706, 17.574771006087296 ], [ -92.866365046908371, 17.574103584578229 ], [ -92.8707189713449, 17.580963822620753 ], [ -92.872260689356594, 17.57516846174925 ], [ -92.887318903312604, 17.583497648930003 ], [ -92.887263541857138, 17.586145756428536 ], [ -92.885031144700932, 17.585901812486767 ], [ -92.882228894137995, 17.589341305851292 ], [ -92.884977848346466, 17.591570288012711 ], [ -92.883433041021959, 17.592483501558768 ], [ -92.884981011292183, 17.596121527994832 ], [ -92.889217281387147, 17.596858087393141 ], [ -92.8854989394559, 17.600092526505041 ], [ -92.88841908249357, 17.60128675692026 ], [ -92.886933931783133, 17.605716749350115 ], [ -92.891972410739697, 17.607237822729221 ], [ -92.895640897353587, 17.613767843856337 ], [ -92.89215717102843, 17.627354520557937 ], [ -92.894500996225943, 17.630878667385879 ], [ -92.896682069128858, 17.629923480598364 ], [ -92.901517172710058, 17.633696775512004 ], [ -92.89968164727641, 17.637738887198164 ], [ -92.901420108315818, 17.643628531794583 ], [ -92.908101485789985, 17.654883674931071 ], [ -92.907989558645625, 17.663641084785819 ], [ -92.899809087875326, 17.673794369601964 ], [ -92.895980301134557, 17.684311123845813 ], [ -92.898217217826613, 17.688857899595245 ], [ -92.902053783333628, 17.68827099892502 ], [ -92.906065609700519, 17.691986626219485 ], [ -92.905437771899656, 17.694635870124934 ], [ -92.904348105742969, 17.692734840266858 ], [ -92.902574264152818, 17.694683014262367 ], [ -92.895930537743936, 17.694282495698623 ], [ -92.886192526838727, 17.691446633797646 ], [ -92.887627632946987, 17.696201939601146 ], [ -92.885626388672549, 17.700881116652681 ], [ -92.874456705851273, 17.698543913834257 ], [ -92.873370432607501, 17.70156627461277 ], [ -92.878699808031541, 17.706107489081887 ], [ -92.874063739154323, 17.711122488065563 ], [ -92.8722869240422, 17.709098439828871 ], [ -92.867877585767403, 17.710554667034735 ], [ -92.869298970701081, 17.693174777731155 ], [ -92.866087823183335, 17.686353858985115 ], [ -92.871005681667953, 17.674635829271637 ], [ -92.874726765040023, 17.672891183140486 ], [ -92.872720512595649, 17.669667698882286 ], [ -92.862755832065446, 17.668030968351832 ], [ -92.877987965631775, 17.668540730821121 ], [ -92.879989126365317, 17.663985738937967 ], [ -92.874201460129257, 17.657211172608431 ], [ -92.873909856959713, 17.648812653080444 ], [ -92.867327727897333, 17.652755408971164 ], [ -92.863029935486551, 17.646681150276386 ], [ -92.854900494563125, 17.648309301763039 ], [ -92.86210987963041, 17.639690485871725 ], [ -92.861363184958691, 17.635430234199937 ], [ -92.854607969016541, 17.636435279114473 ], [ -92.845845179336237, 17.629789236595244 ], [ -92.842181620360066, 17.630788507457805 ], [ -92.841496379817073, 17.634678897184749 ], [ -92.837202356310797, 17.634355154676548 ], [ -92.839092626729581, 17.636544831392939 ], [ -92.837607821137965, 17.645236013451903 ], [ -92.824728221971299, 17.652994284170589 ], [ -92.820143915711483, 17.641954613339053 ], [ -92.81035516088393, 17.647927892767381 ], [ -92.809841079535985, 17.652314388715954 ], [ -92.807093123654823, 17.653808082051931 ], [ -92.806751154379214, 17.659849284613035 ], [ -92.802915354719431, 17.662337558345605 ], [ -92.79696004276741, 17.66122930878635 ], [ -92.792721821179043, 17.6558981972426 ], [ -92.789573568087974, 17.661653794896328 ], [ -92.784993111408681, 17.664184157782717 ], [ -92.781671436215873, 17.659761754842474 ], [ -92.779780257768095, 17.645407442035122 ], [ -92.77720389795914, 17.646569484059242 ], [ -92.773653466803836, 17.639002796080042 ], [ -92.766554158403039, 17.640377654651335 ], [ -92.764664663762019, 17.635911694898841 ], [ -92.754015668774159, 17.64072480385202 ], [ -92.749950818497069, 17.637957781926524 ], [ -92.751325019432542, 17.63472887078445 ], [ -92.745828771097933, 17.636142358882168 ], [ -92.744339512674401, 17.644750042210369 ], [ -92.737068238960589, 17.644220818518786 ], [ -92.734892925938894, 17.641575392115765 ], [ -92.728103836239782, 17.645808663862876 ], [ -92.702543552030164, 17.64516843034416 ], [ -92.69939609316198, 17.640496249140476 ], [ -92.69201091730416, 17.639220743519619 ], [ -92.686573918019178, 17.634219509417854 ], [ -92.683422410667902, 17.640676745773224 ], [ -92.676723741887898, 17.640806773371242 ], [ -92.679169872988666, 17.650927946548951 ], [ -92.67542207064578, 17.651268556637163 ], [ -92.673688350175567, 17.642878082151988 ], [ -92.667047315883281, 17.642097499683892 ], [ -92.665613241094988, 17.647394550386892 ], [ -92.660344954965893, 17.648888201201924 ], [ -92.657249957290787, 17.65455883809058 ], [ -92.659481578854084, 17.657122310266214 ], [ -92.655471842648424, 17.660021559968765 ], [ -92.65261320938103, 17.652700496805629 ], [ -92.640591386400814, 17.64952324228106 ], [ -92.642371385878704, 17.641660960404128 ], [ -92.638765616641038, 17.639884333428565 ], [ -92.636478592503195, 17.635334714864172 ], [ -92.642794001617489, 17.607568406363896 ], [ -92.635410485909276, 17.606456304589177 ], [ -92.634262863907495, 17.610511722345482 ], [ -92.637640083343001, 17.610716360889214 ], [ -92.636778288024104, 17.615392212285766 ], [ -92.630025742268359, 17.612086657142953 ], [ -92.618463202719468, 17.611183382808388 ], [ -92.619842807077049, 17.603652506684359 ], [ -92.617095589801679, 17.60319896643162 ], [ -92.616588765215255, 17.598378616121263 ], [ -92.592542438474212, 17.599735930488176 ] ] ] } },
{ "type": "Feature", "properties": { "cve_edo": "27", "cve_mpo_ine": "016", "cve_edo_mpo_ine": "27016", "nom_mpo": "TEAPA", "nom_edo": "Tabasco", "alianza_ganadora": "Juntos Haremos Historia", "margen_pp": 27.617789118746014, "por_participacion": 52.869188147434357 }, "geometry": { "type": "Polygon", "coordinates": [ [ [ -92.925276187936262, 17.467051092600038 ], [ -92.93165121186226, 17.459426996326872 ], [ -92.932543941673572, 17.450765880231206 ], [ -92.936157226825415, 17.447552263262331 ], [ -92.934186694542447, 17.440331866433482 ], [ -92.936242971172419, 17.440540211360513 ], [ -92.9429021019576, 17.447105297353726 ], [ -92.949693350261427, 17.449339258377201 ], [ -92.959890207271926, 17.457474523648585 ], [ -92.960619126863833, 17.461022491326251 ], [ -92.954421463887158, 17.467451495736967 ], [ -92.949695948788815, 17.477222776477369 ], [ -92.955838156363185, 17.485376459314189 ], [ -92.962013837479745, 17.483169355942621 ], [ -92.980382057479446, 17.487760044953333 ], [ -92.98524015905366, 17.4842313696041 ], [ -92.989445227372414, 17.485093695271196 ], [ -92.994498298725887, 17.494089427585717 ], [ -92.990267298742253, 17.509512931537582 ], [ -92.997585501310283, 17.509188285342464 ], [ -93.014197467036539, 17.521759861997154 ], [ -93.019800206196834, 17.522016476976852 ], [ -93.020999278691946, 17.526025768889944 ], [ -93.017914620098551, 17.531772385434987 ], [ -93.017639362749577, 17.539386164886029 ], [ -93.011927722779092, 17.54697258350901 ], [ -93.009599686002488, 17.560135878795677 ], [ -93.012003795969335, 17.560502102392689 ], [ -93.014988950381067, 17.567073082742635 ], [ -93.01876687583561, 17.567559799620771 ], [ -93.020194310306877, 17.565239070983687 ], [ -93.026491859489568, 17.566753436370472 ], [ -93.028157428559325, 17.570721054906322 ], [ -93.03636269143648, 17.577773316802862 ], [ -93.033343602396428, 17.591055538694079 ], [ -93.036669974642393, 17.598336938428659 ], [ -93.037084219651248, 17.607190089691365 ], [ -93.040580158045017, 17.609828650466962 ], [ -93.043397623049501, 17.617806376223992 ], [ -93.042668680025031, 17.627572858770922 ], [ -93.04538082538815, 17.64113644368669 ], [ -93.036173132465223, 17.647822761967433 ], [ -93.037553183020989, 17.65166691213652 ], [ -93.03316107451964, 17.662725780739482 ], [ -93.041635201383343, 17.662413331505121 ], [ -93.044755866973148, 17.666030116399174 ], [ -93.040954902918557, 17.667171804621432 ], [ -93.043706411112325, 17.672672968599009 ], [ -93.040882674915593, 17.674355015545736 ], [ -93.041388058256089, 17.680549571208914 ], [ -93.037705034141524, 17.680164119829847 ], [ -93.041546678562042, 17.687444650743441 ], [ -93.039639790836304, 17.69102920343591 ], [ -93.037457520650662, 17.688543903109977 ], [ -93.036872952502293, 17.692876543333636 ], [ -93.040556402737479, 17.693179441336724 ], [ -93.038312260918048, 17.698418357004137 ], [ -93.040263679754446, 17.701102435909657 ], [ -93.03711703840645, 17.703303788254203 ], [ -93.038840736139747, 17.706857360269151 ], [ -93.043017765751443, 17.704280807445024 ], [ -93.042048374329184, 17.707014170084317 ], [ -93.044339947860905, 17.707380302431083 ], [ -93.045089352349706, 17.710439978827907 ], [ -93.043082690270694, 17.709162838144685 ], [ -93.042512719088691, 17.710943497760944 ], [ -93.044349326554041, 17.713338222701577 ], [ -93.048298380109614, 17.711424175254159 ], [ -93.049791740006839, 17.714026665478862 ], [ -93.05396918236606, 17.71169812836116 ], [ -93.053866679634865, 17.719104467055512 ], [ -93.057820874747861, 17.720293309259198 ], [ -93.055646241572489, 17.721499242875812 ], [ -93.056968154946901, 17.724226277192972 ], [ -93.054244213318484, 17.728693644188915 ], [ -93.053699835240536, 17.74198511023679 ], [ -93.047239489936274, 17.747699599407536 ], [ -93.04849982281705, 17.750924452530228 ], [ -93.045209001161368, 17.755205709119078 ], [ -93.04756560055695, 17.757361279044904 ], [ -93.044856829852151, 17.758507112789587 ], [ -93.04801924190626, 17.76087211020813 ], [ -93.044912078712414, 17.759663271749059 ], [ -93.040573664819007, 17.76922487504169 ], [ -93.037298158472225, 17.765827232592976 ], [ -93.036601235110666, 17.7686731914009 ], [ -93.029110356170023, 17.770791468714616 ], [ -93.028649301926137, 17.773040841563006 ], [ -93.013924170239662, 17.760417185322964 ], [ -93.01926435396372, 17.754862335880706 ], [ -93.019523093268347, 17.735581159372469 ], [ -92.99807811759328, 17.719830716772627 ], [ -92.996871573532331, 17.71702023387089 ], [ -92.994638702119133, 17.717770532728782 ], [ -92.980940062652323, 17.710314968270602 ], [ -92.97744957537364, 17.713095615904091 ], [ -92.977169010735167, 17.717937126766845 ], [ -92.979521439359047, 17.721241462801061 ], [ -92.988347413433175, 17.725150677108246 ], [ -92.98899102969952, 17.735823712682588 ], [ -92.981083624113396, 17.734022437316973 ], [ -92.964593519637774, 17.74068133878221 ], [ -92.960581425796917, 17.738787389295528 ], [ -92.923966408042304, 17.739133249037035 ], [ -92.918192731843234, 17.741280092024901 ], [ -92.922036207031894, 17.747229752981188 ], [ -92.921409810506731, 17.751451255997484 ], [ -92.925658515745866, 17.75460623919777 ], [ -92.918240113087492, 17.758352131164159 ], [ -92.918447144813982, 17.761778135323016 ], [ -92.908748406589211, 17.763378531130378 ], [ -92.890020175999894, 17.762011390194505 ], [ -92.893957697214447, 17.736984831361244 ], [ -92.913258945127069, 17.732767191949069 ], [ -92.912395098446325, 17.727307544703439 ], [ -92.907464023942794, 17.721318328212039 ], [ -92.908263354925808, 17.718172242658579 ], [ -92.903441997705258, 17.705604151471544 ], [ -92.905439936929042, 17.697325212723836 ], [ -92.902345865483952, 17.695552339254082 ], [ -92.903947181339007, 17.692694273898386 ], [ -92.904750754262523, 17.694926880330907 ], [ -92.906524440659069, 17.692813187966138 ], [ -92.902053783333628, 17.68827099892502 ], [ -92.898217217826613, 17.688857899595245 ], [ -92.895980301134557, 17.684311123845813 ], [ -92.899809087875326, 17.673794369601964 ], [ -92.907989558645625, 17.663641084785819 ], [ -92.908101485789985, 17.654883674931071 ], [ -92.901420108315818, 17.643628531794583 ], [ -92.89968164727641, 17.637738887198164 ], [ -92.901517172710058, 17.633696775512004 ], [ -92.896682069128858, 17.629923480598364 ], [ -92.894500996225943, 17.630878667385879 ], [ -92.89215717102843, 17.627354520557937 ], [ -92.895640897353587, 17.613767843856337 ], [ -92.891972410739697, 17.607237822729221 ], [ -92.886933931783133, 17.605716749350115 ], [ -92.88841908249357, 17.60128675692026 ], [ -92.8854989394559, 17.600092526505041 ], [ -92.889217281387147, 17.596858087393141 ], [ -92.884981011292183, 17.596121527994832 ], [ -92.883433041021959, 17.592483501558768 ], [ -92.884977848346466, 17.591570288012711 ], [ -92.882228894137995, 17.589341305851292 ], [ -92.885031144700932, 17.585901812486767 ], [ -92.887263541857138, 17.586145756428536 ], [ -92.887318903312604, 17.583497648930003 ], [ -92.872260689356594, 17.57516846174925 ], [ -92.8707189713449, 17.580963822620753 ], [ -92.866365046908371, 17.574103584578229 ], [ -92.863389328022706, 17.574771006087296 ], [ -92.866648551903495, 17.569634563327114 ], [ -92.865100806751443, 17.565375762420171 ], [ -92.869217506450894, 17.559037827713816 ], [ -92.852314560458225, 17.539129487841748 ], [ -92.852094300927178, 17.535733117901994 ], [ -92.853809483725684, 17.532999332958017 ], [ -92.857414126854209, 17.532620550574705 ], [ -92.854148804188839, 17.52542707563299 ], [ -92.859813165952758, 17.525127341707357 ], [ -92.857179681210255, 17.52240129757023 ], [ -92.85831903742158, 17.513379459481211 ], [ -92.856143289085225, 17.510362952543243 ], [ -92.85928657605406, 17.504233788594515 ], [ -92.85836914718584, 17.500511658499249 ], [ -92.898530243830365, 17.500352852163541 ], [ -92.893094378266781, 17.499080985206248 ], [ -92.891547118194737, 17.495525740900565 ], [ -92.896404645775718, 17.488730594025785 ], [ -92.901207929397458, 17.48615572605717 ], [ -92.898459940698658, 17.483389072262227 ], [ -92.908771670784247, 17.477715843790005 ], [ -92.91355819581112, 17.48114488661523 ], [ -92.915862197199729, 17.476898969356888 ], [ -92.922590377615947, 17.480742441141114 ], [ -92.925276187936262, 17.467051092600038 ] ] ] } },
{ "type": "Feature", "properties": { "cve_edo": "27", "cve_mpo_ine": "017", "cve_edo_mpo_ine": "27017", "nom_mpo": "TENOSIQUE", "nom_edo": "Tabasco", "alianza_ganadora": "Juntos Haremos Historia", "margen_pp": 41.579217227824302, "por_participacion": 64.516484728194939 }, "geometry": { "type": "Polygon", "coordinates": [ [ [ -91.414578573235957, 17.307357766783756 ], [ -91.394572513321535, 17.299735026631243 ], [ -91.386791302389497, 17.314871890613645 ], [ -91.389254260365277, 17.321467003230019 ], [ -91.402827889000264, 17.340196130758059 ], [ -91.421135088327816, 17.346287176788916 ], [ -91.418140314636204, 17.356303356133388 ], [ -91.412608710968556, 17.357471605618976 ], [ -91.417205580779054, 17.370847179177062 ], [ -91.419953543032562, 17.373464718502593 ], [ -91.429485128223732, 17.376237863554131 ], [ -91.437910084292952, 17.382354328221023 ], [ -91.445216364078277, 17.38135422717156 ], [ -91.452151750744704, 17.372951597749697 ], [ -91.465815277400125, 17.377684890854454 ], [ -91.503340504163504, 17.396867376303327 ], [ -91.503610459681028, 17.401251076114868 ], [ -91.499497990212816, 17.408634123631515 ], [ -91.506433675859455, 17.399857419337057 ], [ -91.511494986805289, 17.399589534287401 ], [ -91.5090713641642, 17.401729173035211 ], [ -91.511309372182268, 17.402896337046208 ], [ -91.516436083838968, 17.400644051719823 ], [ -91.518717195745666, 17.405491020589174 ], [ -91.522234138533747, 17.40314911796467 ], [ -91.524167344548246, 17.408780134411614 ], [ -91.525676943200892, 17.405065382549989 ], [ -91.526988142287038, 17.408006351049821 ], [ -91.528781356643933, 17.405285035373591 ], [ -91.528769673340307, 17.408303181671691 ], [ -91.531750529290093, 17.410754917856735 ], [ -91.533532256860568, 17.411010363891016 ], [ -91.534867433905148, 17.407749607523346 ], [ -91.536180543617888, 17.410235736887472 ], [ -91.540676703746954, 17.407442734236028 ], [ -91.556109706995258, 17.414102035223198 ], [ -91.557536653263185, 17.409230507444597 ], [ -91.564449520347026, 17.402601882140399 ], [ -91.564508444900582, 17.405948123127267 ], [ -91.567529111405364, 17.404547696419609 ], [ -91.571069055939176, 17.406541629756372 ], [ -91.568669057623239, 17.401880151655277 ], [ -91.57466809000104, 17.408453782302516 ], [ -91.580418455287884, 17.405813449136517 ], [ -91.580955256810554, 17.408175578958573 ], [ -91.582421419449531, 17.406669219626213 ], [ -91.59473532216721, 17.411353507786092 ], [ -91.598839057845453, 17.410670732053962 ], [ -91.601485570520509, 17.414426905080386 ], [ -91.59821723835887, 17.430692595293532 ], [ -91.604339784131142, 17.433426247843105 ], [ -91.597267872296214, 17.439227884162424 ], [ -91.596509795864449, 17.463430837317638 ], [ -91.583949655984341, 17.473723219674742 ], [ -91.584583922468511, 17.47716060702983 ], [ -91.578322300490598, 17.486071001322376 ], [ -91.56886449376772, 17.489564353378192 ], [ -91.577039523457685, 17.497203049698296 ], [ -91.56741302537678, 17.500404676815055 ], [ -91.576491082802335, 17.540064770957841 ], [ -91.574241466057757, 17.540072493459469 ], [ -91.573416876906094, 17.537664758236318 ], [ -91.571931400333909, 17.540244488414476 ], [ -91.574131478870157, 17.54659630705493 ], [ -91.579222115218684, 17.549150291077929 ], [ -91.58105775895369, 17.553183791130227 ], [ -91.577877623893542, 17.553631981516894 ], [ -91.575101046822894, 17.557514072603695 ], [ -91.584383339832215, 17.56810147072478 ], [ -91.575548991331246, 17.582259624141841 ], [ -91.567771964338178, 17.584993003499498 ], [ -91.570555147112273, 17.594409801971977 ], [ -91.56245662974338, 17.595651322181602 ], [ -91.555432112353799, 17.611776620665836 ], [ -91.544463129070166, 17.615493409478137 ], [ -91.539949223011433, 17.619637730882229 ], [ -91.53620863453834, 17.619044203941016 ], [ -91.5334998136628, 17.622224511526678 ], [ -91.532369760522329, 17.624189748084994 ], [ -91.537191014219232, 17.62570831430952 ], [ -91.530785220971296, 17.639198702233546 ], [ -91.524084610863866, 17.636205897347022 ], [ -91.521624552488532, 17.638316012560175 ], [ -91.519175339189431, 17.646497247673125 ], [ -91.514853129379134, 17.65283268012988 ], [ -91.512385625881052, 17.652010305907211 ], [ -91.51177649561717, 17.660549909977313 ], [ -91.489600508141578, 17.6600868040228 ], [ -91.467528268199302, 17.664121571896491 ], [ -91.464738071928181, 17.656873767129429 ], [ -91.469831659396945, 17.65077823100134 ], [ -91.466509558869134, 17.646711455371374 ], [ -91.470607785005924, 17.644373559699286 ], [ -91.470933621047891, 17.642245862248554 ], [ -91.466675229775248, 17.641689014825246 ], [ -91.469172240018651, 17.636780546628444 ], [ -91.46583089594418, 17.63722009590176 ], [ -91.462879282035473, 17.640720765347549 ], [ -91.460291039553312, 17.640088742986212 ], [ -91.462971322184117, 17.632783301801933 ], [ -91.461712419265609, 17.630999778796351 ], [ -91.449729326674884, 17.632722232674617 ], [ -91.446468138350099, 17.628076651404985 ], [ -91.446943167867275, 17.624812773410415 ], [ -91.442956424115167, 17.628018912686876 ], [ -91.439619833487839, 17.627424477442052 ], [ -91.439243052396066, 17.621552030300588 ], [ -91.434427608511342, 17.616981666314068 ], [ -91.43381069887046, 17.613340593890239 ], [ -91.418202683951463, 17.614878692648418 ], [ -91.410041938819717, 17.624306756089585 ], [ -91.393145318456376, 17.62420353388816 ], [ -91.38112995167586, 17.620671234332299 ], [ -91.363677952840519, 17.610620098647754 ], [ -91.357147090391976, 17.604178938856254 ], [ -91.353274223204693, 17.595766832746836 ], [ -91.320779562184526, 17.601757611224553 ], [ -91.319586226485953, 17.598733421211236 ], [ -91.321619992234645, 17.594982153241357 ], [ -91.313715210811523, 17.576295589001294 ], [ -91.310608039532866, 17.576155041671374 ], [ -91.3091579394859, 17.578338370003884 ], [ -91.297595138482379, 17.566246262335742 ], [ -91.296596561285497, 17.582307652138915 ], [ -91.291238515351864, 17.582169301347303 ], [ -91.288403575292577, 17.584965036267043 ], [ -91.282021449415154, 17.583731333732729 ], [ -91.275430873583517, 17.578444957505198 ], [ -91.268570891487443, 17.580515410090165 ], [ -91.265613664133213, 17.573925958987907 ], [ -91.259427230814765, 17.568558675458064 ], [ -91.253762931025747, 17.541366755987227 ], [ -91.247560469904016, 17.539182273479501 ], [ -91.239128323835132, 17.555257045500806 ], [ -91.227421172139273, 17.559820219272293 ], [ -91.225216587666878, 17.552738548429247 ], [ -91.221247820680077, 17.552426324544243 ], [ -91.211063372056216, 17.562412687266672 ], [ -91.207436174530443, 17.562722242077623 ], [ -91.208052888137033, 17.565578224690174 ], [ -91.203163097422618, 17.575305548339536 ], [ -91.199268378899077, 17.572058235971689 ], [ -91.201598774827261, 17.567111297904958 ], [ -91.192914879403489, 17.566109315984576 ], [ -91.1883918852741, 17.562114008883395 ], [ -91.17343663775543, 17.56099118601492 ], [ -91.171895150990863, 17.539403370512634 ], [ -91.133619640641484, 17.54152585316389 ], [ -91.134620172934376, 17.537853021417888 ], [ -91.130866606263922, 17.53260617665045 ], [ -91.133910666784658, 17.522099026862357 ], [ -91.132780985884409, 17.518661010989923 ], [ -91.137525151471394, 17.514267230524702 ], [ -91.138357830999851, 17.50976656098522 ], [ -91.142660296713188, 17.511777254384352 ], [ -91.144863483466906, 17.50893847106008 ], [ -91.139729921649888, 17.501672820722334 ], [ -91.141307748897745, 17.497590084762372 ], [ -91.139839144435214, 17.493116575662253 ], [ -91.13519627644159, 17.490401017629473 ], [ -91.141919110434245, 17.482050814528233 ], [ -91.139470315801589, 17.47798467141434 ], [ -91.13972458109798, 17.464427414931603 ], [ -91.136865086277439, 17.452215179819742 ], [ -91.133105348371828, 17.446280733030505 ], [ -91.135208097344972, 17.421821633448566 ], [ -91.106030240396734, 17.416638560588332 ], [ -91.091001735157121, 17.429275387728786 ], [ -91.117330649908226, 17.430391979173478 ], [ -91.116531331786888, 17.476271577724962 ], [ -91.077681167945997, 17.471436247569631 ], [ -91.078521635552747, 17.483966655563734 ], [ -91.058228351723244, 17.482346535720371 ], [ -91.058381893295348, 17.458620564559208 ], [ -91.032105730781936, 17.457785530373933 ], [ -91.032557399656369, 17.42441337085911 ], [ -90.988183048128747, 17.422187567321174 ], [ -90.988184538159274, 17.251294188387064 ], [ -91.443765068507417, 17.251251753755373 ], [ -91.43604757786531, 17.266349388486233 ], [ -91.429890010993248, 17.301290245354711 ], [ -91.414578573235957, 17.307357766783756 ] ] ] } }
]
}
