{
"type": "FeatureCollection",
"name": "29",
"crs": { "type": "name", "properties": { "name": "urn:ogc:def:crs:OGC:1.3:CRS84" } },
"features": [
{ "type": "Feature", "properties": { "cve_edo": "29", "cve_mpo_ine": "022", "cve_edo_mpo_ine": "29022", "nom_mpo": "ACUAMANALA DE MIGUEL HIDALGO", "nom_edo": "Tlaxcala", "alianza_ganadora": "Juntos Haremos Historia", "margen_pp": 31.884415905161767, "por_participacion": 83.124615068774375 }, "geometry": { "type": "Polygon", "coordinates": [ [ [ -98.197379543685912, 19.232053101964464 ], [ -98.184158129683112, 19.229445192970012 ], [ -98.176115705118363, 19.230295277174349 ], [ -98.175138646220887, 19.224566734642718 ], [ -98.16684412341634, 19.223827320126031 ], [ -98.162160627136956, 19.22058806577763 ], [ -98.140176180492645, 19.218999562893082 ], [ -98.124027421818155, 19.222098140179938 ], [ -98.127621080825392, 19.217929772215385 ], [ -98.158664393856796, 19.212274015233994 ], [ -98.171352983431788, 19.21400804370883 ], [ -98.197261464084789, 19.20978395953707 ], [ -98.21361708345944, 19.214113834502278 ], [ -98.21104040566901, 19.227247439700996 ], [ -98.196585766748854, 19.228621278268584 ], [ -98.197379543685912, 19.232053101964464 ] ] ] } },
{ "type": "Feature", "properties": { "cve_edo": "29", "cve_mpo_ine": "001", "cve_edo_mpo_ine": "29001", "nom_mpo": "AMAXAC DE GUERRERO", "nom_edo": "Tlaxcala", "alianza_ganadora": "Juntos Haremos Historia", "margen_pp": 21.982013144240746, "por_participacion": 68.474656560871622 }, "geometry": { "type": "Polygon", "coordinates": [ [ [ -98.225316274041205, 19.379543266573549 ], [ -98.219332709491255, 19.37625966575273 ], [ -98.20701887577971, 19.374444471184312 ], [ -98.200095601953208, 19.367428521907414 ], [ -98.192006387341848, 19.363863254312623 ], [ -98.184223849904257, 19.365683408952361 ], [ -98.182843925870031, 19.363538855015271 ], [ -98.175701385939178, 19.364690693109381 ], [ -98.169711937267195, 19.367661952720912 ], [ -98.16781903681283, 19.371097941429582 ], [ -98.161402377983961, 19.37038903609665 ], [ -98.16371017506701, 19.366757928917 ], [ -98.153893045778688, 19.366053754456097 ], [ -98.15729910547293, 19.358016445547758 ], [ -98.161103074338783, 19.358518534851854 ], [ -98.158388263506254, 19.351651012534646 ], [ -98.152020141982746, 19.344466174380514 ], [ -98.155328328520014, 19.339044725947609 ], [ -98.169719820886087, 19.340568453155111 ], [ -98.171416996944899, 19.338499136879381 ], [ -98.17969844140427, 19.343635715426725 ], [ -98.17714429876257, 19.345684816167342 ], [ -98.178445596458758, 19.35568411191251 ], [ -98.197132679841175, 19.364890201564226 ], [ -98.218745799182628, 19.369811103152632 ], [ -98.228873625463464, 19.376008933683 ], [ -98.225316274041205, 19.379543266573549 ] ] ] } },
{ "type": "Feature", "properties": { "cve_edo": "29", "cve_mpo_ine": "002", "cve_edo_mpo_ine": "29002", "nom_mpo": "APETATITLAN DE ANTONIO CARVAJAL", "nom_edo": "Tlaxcala", "alianza_ganadora": "Juntos Haremos Historia", "margen_pp": 14.443810610382203, "por_participacion": 71.820714519829565 }, "geometry": { "type": "Polygon", "coordinates": [ [ [ -98.21729915458792, 19.370446715862983 ], [ -98.195736587091986, 19.364382813159018 ], [ -98.177571700083263, 19.354677305671739 ], [ -98.177434270825643, 19.344408565897268 ], [ -98.17969844140427, 19.343635715426725 ], [ -98.178878926955193, 19.341592798426074 ], [ -98.181708683800053, 19.337690483780893 ], [ -98.183760292751828, 19.338419743284412 ], [ -98.189436012199749, 19.332319560840205 ], [ -98.186191278736047, 19.329168933828385 ], [ -98.190748774711125, 19.323953444015338 ], [ -98.200352210733143, 19.326117257590841 ], [ -98.200095609907592, 19.328987200922857 ], [ -98.210767436133381, 19.328637422555346 ], [ -98.213375508634385, 19.330574247752402 ], [ -98.213658966016027, 19.33285627001862 ], [ -98.20466896459611, 19.336471410913191 ], [ -98.198010989669328, 19.342241847490499 ], [ -98.203077267597692, 19.348591326283895 ], [ -98.206175377812542, 19.36019024222005 ], [ -98.213691360221418, 19.367330120271074 ], [ -98.217320838521644, 19.366485895787527 ], [ -98.219109545109063, 19.369292165888758 ], [ -98.21729915458792, 19.370446715862983 ] ] ] } },
{ "type": "Feature", "properties": { "cve_edo": "29", "cve_mpo_ine": "003", "cve_edo_mpo_ine": "29003", "nom_mpo": "APIZACO", "nom_edo": "Tlaxcala", "alianza_ganadora": "Juntos Haremos Historia", "margen_pp": 2.2050164123380691, "por_participacion": 60.084912904051421 }, "geometry": { "type": "MultiPolygon", "coordinates": [ [ [ [ -98.139297036250738, 19.393011023849631 ], [ -98.135910515827021, 19.383785387271654 ], [ -98.139645028785182, 19.382306280268772 ], [ -98.140102627694048, 19.377988290229005 ], [ -98.146445047702414, 19.374456352306744 ], [ -98.155478443171603, 19.376493567933544 ], [ -98.151757825468067, 19.378976120728908 ], [ -98.153555063998951, 19.382015518139667 ], [ -98.160302604206606, 19.38326813001807 ], [ -98.157800345678126, 19.386008394076867 ], [ -98.163869666712515, 19.387970759548789 ], [ -98.155117139593557, 19.401502785632932 ], [ -98.157553106515337, 19.402610902256921 ], [ -98.155495119283785, 19.406424990728976 ], [ -98.159754990443886, 19.414130203160152 ], [ -98.152581683005366, 19.425223498049075 ], [ -98.14872787867003, 19.423000195217377 ], [ -98.150674505735481, 19.431369539025862 ], [ -98.147349282042114, 19.43327943758533 ], [ -98.143812919132358, 19.42583081233532 ], [ -98.138207569977467, 19.424354641393776 ], [ -98.136370397788468, 19.427287930834463 ], [ -98.13223658633612, 19.423297868820608 ], [ -98.117891838163274, 19.436964521446104 ], [ -98.112983869280143, 19.436810329875101 ], [ -98.107970528478333, 19.418173997845752 ], [ -98.097224659602674, 19.420643620301707 ], [ -98.096882247940002, 19.424045923516495 ], [ -98.09089592209304, 19.42488668127055 ], [ -98.092195980814793, 19.431011928211067 ], [ -98.086858710835045, 19.434636781621627 ], [ -98.082872062830404, 19.43205663013384 ], [ -98.081575035912081, 19.433347619992297 ], [ -98.080832977407468, 19.434977112599313 ], [ -98.087084265188508, 19.439810976308859 ], [ -98.080402913569429, 19.449578952919786 ], [ -98.07688016670042, 19.44327263363304 ], [ -98.072084248145842, 19.442012308047556 ], [ -98.062954419759976, 19.434946728056687 ], [ -98.072756468875284, 19.420356371777022 ], [ -98.085770995606993, 19.410074262129278 ], [ -98.083322572008996, 19.403418901006372 ], [ -98.107687379670409, 19.409602976267539 ], [ -98.109099639995478, 19.408038633579711 ], [ -98.117073137580221, 19.411785502041891 ], [ -98.127766646791699, 19.408698863664014 ], [ -98.125018454008853, 19.404412223426284 ], [ -98.132553980296962, 19.402116678881761 ], [ -98.130710567361305, 19.395573688520642 ], [ -98.139297036250738, 19.393011023849631 ] ] ], [ [ [ -98.155789236170591, 19.475611145988001 ], [ -98.153902894372365, 19.457017485163846 ], [ -98.152327901126043, 19.45943848869311 ], [ -98.147526382515181, 19.456798351095646 ], [ -98.149525748731378, 19.449529803823435 ], [ -98.146442376037243, 19.448829666527558 ], [ -98.149598830051559, 19.440954780255726 ], [ -98.148281106594283, 19.436244023590078 ], [ -98.156388190923153, 19.443246487594752 ], [ -98.161243722842698, 19.443232822857915 ], [ -98.163201271843434, 19.440512578231509 ], [ -98.17011969071406, 19.438243547774508 ], [ -98.173356103023508, 19.441499630388432 ], [ -98.178333356329006, 19.4350307426866 ], [ -98.178309733042795, 19.473769845920945 ], [ -98.171509320538519, 19.470685568945548 ], [ -98.164207545567038, 19.472606781953452 ], [ -98.158150534064475, 19.479880631219359 ], [ -98.155789236170591, 19.475611145988001 ] ] ] ] } },
{ "type": "Feature", "properties": { "cve_edo": "29", "cve_mpo_ine": "004", "cve_edo_mpo_ine": "29004", "nom_mpo": "ATLANGATEPEC", "nom_edo": "Tlaxcala", "alianza_ganadora": "Otros", "margen_pp": 30.753407045512986, "por_participacion": 76.195141065830711 }, "geometry": { "type": "Polygon", "coordinates": [ [ [ -98.202202743270021, 19.594143647300697 ], [ -98.202580991491132, 19.59047801830334 ], [ -98.191933760238967, 19.583436247137065 ], [ -98.188704897603742, 19.585936629411027 ], [ -98.180312278380129, 19.586407764822173 ], [ -98.175792528436745, 19.589808597453615 ], [ -98.178248007880114, 19.582257507284755 ], [ -98.159259726060995, 19.577384946607129 ], [ -98.161597474793368, 19.562148975464552 ], [ -98.167760311375062, 19.553026608943743 ], [ -98.156384533675293, 19.555218220404825 ], [ -98.154513956553757, 19.562343422775399 ], [ -98.149413193213505, 19.547330311276891 ], [ -98.144758550131485, 19.548002257007568 ], [ -98.137897761534873, 19.56490064741617 ], [ -98.132776462241097, 19.564526956830164 ], [ -98.134424688392372, 19.551661539228366 ], [ -98.129715756667366, 19.550877070127697 ], [ -98.128145434365095, 19.545107775190161 ], [ -98.123136382611179, 19.53964111030605 ], [ -98.104311481149452, 19.530165473436853 ], [ -98.106740649958496, 19.526210440949392 ], [ -98.101622167670016, 19.520203933562499 ], [ -98.113954291778015, 19.51344757271146 ], [ -98.113718661971561, 19.503050396217173 ], [ -98.116664373529588, 19.500473019684179 ], [ -98.121314899467777, 19.497840636711423 ], [ -98.138145463810616, 19.501486660003788 ], [ -98.130793901994551, 19.512755018552252 ], [ -98.134735922255018, 19.515699001065588 ], [ -98.139241588064237, 19.509849512933805 ], [ -98.146703635875511, 19.511572175844414 ], [ -98.147670620222087, 19.508635608114719 ], [ -98.157104728365667, 19.50634135634721 ], [ -98.15473205166748, 19.498765136293628 ], [ -98.15748638407301, 19.492638529363131 ], [ -98.162840547760865, 19.489258351735021 ], [ -98.172271296555593, 19.492616672982052 ], [ -98.183168182329524, 19.484533388964824 ], [ -98.184338656241223, 19.500866273373653 ], [ -98.192799700087747, 19.496555057738707 ], [ -98.195180635553015, 19.497982174769401 ], [ -98.202506984448803, 19.495948314426418 ], [ -98.205577230552194, 19.492954819040033 ], [ -98.2112306086226, 19.494399125620511 ], [ -98.210673097337803, 19.497415629697223 ], [ -98.204624753608101, 19.500183313165323 ], [ -98.209951893848853, 19.4993191420802 ], [ -98.212609490969214, 19.50784178394688 ], [ -98.215907979875865, 19.50538290748748 ], [ -98.221959007196503, 19.507979433500051 ], [ -98.246846699252416, 19.536716589186543 ], [ -98.249722981607562, 19.543302393411441 ], [ -98.249424963615283, 19.552607655420807 ], [ -98.243921032381209, 19.562288741304094 ], [ -98.251501416294033, 19.578651254082047 ], [ -98.250514227762395, 19.580563320243705 ], [ -98.246670249551755, 19.579945698765361 ], [ -98.24246318094626, 19.586524106069728 ], [ -98.242038223477707, 19.593885671518152 ], [ -98.235649233083862, 19.590664091745349 ], [ -98.226786268478733, 19.592199621730895 ], [ -98.211718390637301, 19.588320372368852 ], [ -98.206693423528378, 19.584518132534367 ], [ -98.207690730003435, 19.589976547687961 ], [ -98.202202743270021, 19.594143647300697 ] ] ] } },
{ "type": "Feature", "properties": { "cve_edo": "29", "cve_mpo_ine": "005", "cve_edo_mpo_ine": "29005", "nom_mpo": "ATLTZAYANCA", "nom_edo": "Tlaxcala", "alianza_ganadora": "Juntos Haremos Historia", "margen_pp": 0.73793378540087751, "por_participacion": 77.77260741430122 }, "geometry": { "type": "Polygon", "coordinates": [ [ [ -97.847605115513275, 19.473062643708275 ], [ -97.841162175908778, 19.463979417253185 ], [ -97.839694129152136, 19.470634224588071 ], [ -97.816373284904103, 19.477274906614056 ], [ -97.810382292842917, 19.484045629511986 ], [ -97.797774222999919, 19.483862052026634 ], [ -97.798508128612212, 19.472202726002376 ], [ -97.787002467130577, 19.469832902995407 ], [ -97.782549208227039, 19.471603218275003 ], [ -97.772543420389098, 19.454241797384849 ], [ -97.756547721695583, 19.454215052489872 ], [ -97.755252350676457, 19.450397004359097 ], [ -97.748241773723237, 19.45073132339785 ], [ -97.74540914096913, 19.442757774112373 ], [ -97.748872572738534, 19.432893269588465 ], [ -97.726703170402857, 19.428246210280442 ], [ -97.724627331336421, 19.430396412820198 ], [ -97.721701696695177, 19.417146750076061 ], [ -97.71406118172716, 19.4066181131018 ], [ -97.707434286020728, 19.403123652606823 ], [ -97.710094729095445, 19.402218596413093 ], [ -97.710078678318652, 19.399056549896205 ], [ -97.716260817371435, 19.39576738419402 ], [ -97.729694247615043, 19.394402983208266 ], [ -97.732495872784867, 19.382881249875876 ], [ -97.738820452246287, 19.382765478985878 ], [ -97.730189798045743, 19.378304743188512 ], [ -97.736047104796725, 19.368526611932637 ], [ -97.737868938136032, 19.3514827104093 ], [ -97.746733453101797, 19.341167869321559 ], [ -97.749355419933792, 19.333280887227389 ], [ -97.757470788771258, 19.334711113291746 ], [ -97.753279751869727, 19.341531876100177 ], [ -97.756182324994242, 19.342802385904839 ], [ -97.755924314675994, 19.348675134062226 ], [ -97.751578159886435, 19.359068742033465 ], [ -97.759208864105759, 19.356310585315672 ], [ -97.769287380568599, 19.356383373627473 ], [ -97.770052443228636, 19.358600244133203 ], [ -97.77835616817751, 19.362411311181003 ], [ -97.773931019013801, 19.368781038075248 ], [ -97.779386338072484, 19.370664703433679 ], [ -97.784923719893115, 19.36642916322306 ], [ -97.804712814326763, 19.362711513725635 ], [ -97.813023671587487, 19.357445174371499 ], [ -97.812394782283789, 19.36902689627993 ], [ -97.830399569017104, 19.367279790558634 ], [ -97.83416346832837, 19.373414002944706 ], [ -97.831260546802895, 19.382048546047095 ], [ -97.837147360154461, 19.382014234599861 ], [ -97.840583120214859, 19.385048669246711 ], [ -97.847054684140929, 19.382206232613623 ], [ -97.853085361454276, 19.392916521365695 ], [ -97.856273723262419, 19.393240560707902 ], [ -97.86742373558144, 19.378439929401445 ], [ -97.876338316777947, 19.386845403972792 ], [ -97.874445028366964, 19.408942851979383 ], [ -97.881018573880226, 19.441663892233631 ], [ -97.877230705549863, 19.447747722984914 ], [ -97.877571515257912, 19.455229111697424 ], [ -97.861904576308234, 19.455957015036951 ], [ -97.857350180370801, 19.464906660058169 ], [ -97.847605115513275, 19.473062643708275 ] ] ] } },
{ "type": "Feature", "properties": { "cve_edo": "29", "cve_mpo_ine": "060", "cve_edo_mpo_ine": "29060", "nom_mpo": "BENITO JUAREZ", "nom_edo": "Tlaxcala", "alianza_ganadora": "Va por México", "margen_pp": 46.339890357949052, "por_participacion": 67.78142076502732 }, "geometry": { "type": "Polygon", "coordinates": [ [ [ -98.41054649593471, 19.616883373433982 ], [ -98.392799901467768, 19.613079254831259 ], [ -98.395938522224085, 19.609226151653843 ], [ -98.39043684351482, 19.58781166932474 ], [ -98.382722088041561, 19.574506154916573 ], [ -98.383896966221883, 19.573139675257579 ], [ -98.430066590851567, 19.57939947260844 ], [ -98.426531283499244, 19.583977046136813 ], [ -98.433580927775438, 19.586059099841759 ], [ -98.435508124958403, 19.582680754282901 ], [ -98.438577079584945, 19.583270391409393 ], [ -98.437010958389763, 19.570102511609548 ], [ -98.455005310103246, 19.574295828825424 ], [ -98.452928722853571, 19.59308341793324 ], [ -98.460434205086543, 19.595818391576227 ], [ -98.455569215269108, 19.61128511960522 ], [ -98.41219980575292, 19.605758916592208 ], [ -98.41054649593471, 19.616883373433982 ] ] ] } },
{ "type": "Feature", "properties": { "cve_edo": "29", "cve_mpo_ine": "006", "cve_edo_mpo_ine": "29006", "nom_mpo": "CALPULALPAN", "nom_edo": "Tlaxcala", "alianza_ganadora": "Juntos Haremos Historia", "margen_pp": 0.20357497517378351, "por_participacion": 55.972430659774332 }, "geometry": { "type": "Polygon", "coordinates": [ [ [ -98.610310227124941, 19.601860499519521 ], [ -98.604269920452211, 19.605124495987457 ], [ -98.590716328685772, 19.619671564755219 ], [ -98.579774767628052, 19.637699645667134 ], [ -98.567169031864253, 19.640693180254619 ], [ -98.561302891584134, 19.637035085927266 ], [ -98.540814435556896, 19.642099062926167 ], [ -98.527251427415436, 19.623102126269469 ], [ -98.525185641173181, 19.618218506299193 ], [ -98.527929958598293, 19.614116730157331 ], [ -98.519642438107127, 19.602748849124971 ], [ -98.5006920887771, 19.603106836903908 ], [ -98.495557376642026, 19.607625539106994 ], [ -98.491664948363223, 19.60756246548468 ], [ -98.478962972191198, 19.589653721114864 ], [ -98.473014161493552, 19.5744247531781 ], [ -98.435282230759483, 19.566052572384717 ], [ -98.439641249267794, 19.533373055474517 ], [ -98.45018456615216, 19.541506589040313 ], [ -98.461901868149354, 19.542445106874919 ], [ -98.467578774989292, 19.540050529781581 ], [ -98.472553927812655, 19.541209685163537 ], [ -98.47103865285905, 19.53160821899565 ], [ -98.483873914338872, 19.534496362732025 ], [ -98.487913061442157, 19.532875968242422 ], [ -98.500692310490663, 19.542873705342441 ], [ -98.504420958163266, 19.560803238162315 ], [ -98.515112045448944, 19.552164029665988 ], [ -98.523542528641613, 19.548921552353725 ], [ -98.539869642305945, 19.532304524007085 ], [ -98.544708767475115, 19.535998605571656 ], [ -98.554552340762484, 19.525572903934446 ], [ -98.56256359618402, 19.529223738125193 ], [ -98.567731715789193, 19.515665771476449 ], [ -98.575973291503175, 19.50916245319036 ], [ -98.580276064757143, 19.508372311697624 ], [ -98.585570770728239, 19.513884031749019 ], [ -98.591252700915277, 19.505422420348424 ], [ -98.605287119937046, 19.503154185907402 ], [ -98.601283638862398, 19.513290421378034 ], [ -98.603538706807228, 19.517678371268858 ], [ -98.608907707534129, 19.515813800230468 ], [ -98.614640123073755, 19.506450503556572 ], [ -98.624512641352766, 19.502996722118105 ], [ -98.630263016121575, 19.492472367415257 ], [ -98.63605053288083, 19.490157095122804 ], [ -98.638797799182854, 19.482073629229124 ], [ -98.641534526992686, 19.481618251107761 ], [ -98.636011682863682, 19.472111075051632 ], [ -98.639266772603349, 19.471301730360658 ], [ -98.63940385274654, 19.466536149378218 ], [ -98.652337578244882, 19.463874181397053 ], [ -98.655118393391959, 19.457200538794265 ], [ -98.660176424878173, 19.456780397197672 ], [ -98.677035743585478, 19.472444244917973 ], [ -98.697708943931559, 19.478757033873837 ], [ -98.719910514694902, 19.503989970471068 ], [ -98.722568311693351, 19.511414368474238 ], [ -98.72159391620734, 19.515009438726612 ], [ -98.713726895132993, 19.514506659899862 ], [ -98.699224376654271, 19.50661089703264 ], [ -98.691501242863396, 19.513498750014179 ], [ -98.704878311259606, 19.521979746631697 ], [ -98.699792247644766, 19.531671563633019 ], [ -98.692053286174598, 19.538418810006831 ], [ -98.697847834537896, 19.538784332250849 ], [ -98.70155227258924, 19.542150261250491 ], [ -98.706010124716357, 19.552330525244969 ], [ -98.71175864061874, 19.558669239524935 ], [ -98.709938318706406, 19.558410629772418 ], [ -98.703505472612392, 19.570238328955654 ], [ -98.69543016681817, 19.572628655571989 ], [ -98.683899061915355, 19.588616095758795 ], [ -98.680971831963291, 19.61230416395221 ], [ -98.663820013318244, 19.606001574089007 ], [ -98.645136427800765, 19.60778838497296 ], [ -98.633894809867513, 19.598867779925861 ], [ -98.630749503094421, 19.602799163384663 ], [ -98.624506295034962, 19.600837051255446 ], [ -98.610310227124941, 19.601860499519521 ] ] ] } },
{ "type": "Feature", "properties": { "cve_edo": "29", "cve_mpo_ine": "018", "cve_edo_mpo_ine": "29018", "nom_mpo": "CONTLA DE JUAN CUAMATZI", "nom_edo": "Tlaxcala", "alianza_ganadora": "Juntos Haremos Historia", "margen_pp": 33.94075021312873, "por_participacion": 67.201374964193633 }, "geometry": { "type": "Polygon", "coordinates": [ [ [ -98.189436012199749, 19.332319560840205 ], [ -98.183760292751828, 19.338419743284412 ], [ -98.181708683800053, 19.337690483780893 ], [ -98.178568120232029, 19.342894352655854 ], [ -98.171416996944899, 19.338499136879381 ], [ -98.169719820886087, 19.340568453155111 ], [ -98.152675314333294, 19.338055638250932 ], [ -98.151404593008593, 19.339875784141597 ], [ -98.139142028092436, 19.334067716715239 ], [ -98.115887266568464, 19.317761859024987 ], [ -98.110422410480041, 19.322483132104473 ], [ -98.105558416796441, 19.319489396403785 ], [ -98.099372520027032, 19.320524557982274 ], [ -98.092312308246832, 19.318242822408994 ], [ -98.085044173587988, 19.310630087217238 ], [ -98.080105737440263, 19.308560782668689 ], [ -98.073004773806545, 19.316999219804362 ], [ -98.063039215616456, 19.310414342630299 ], [ -98.053323875982073, 19.297366799736174 ], [ -98.046579906863101, 19.300088774922877 ], [ -98.045908686646413, 19.29755571066752 ], [ -98.041098814360865, 19.299588657756988 ], [ -98.036877782806641, 19.280936867283099 ], [ -98.039365691914682, 19.279599376777441 ], [ -98.064689454848192, 19.286227534010912 ], [ -98.089210701331552, 19.289039773393821 ], [ -98.114929697497701, 19.301757310211929 ], [ -98.116643264269513, 19.299645425338209 ], [ -98.120424848797498, 19.300835647386425 ], [ -98.140645952139465, 19.314146323350396 ], [ -98.144443672206947, 19.314982540594691 ], [ -98.14549520018123, 19.313224876296555 ], [ -98.142222962497854, 19.309117499430553 ], [ -98.155569671219453, 19.314714744287549 ], [ -98.152057378204375, 19.309885017154517 ], [ -98.164141708641964, 19.312940386492315 ], [ -98.163080112501802, 19.314248816369226 ], [ -98.17146234642945, 19.31850753134113 ], [ -98.169877287776458, 19.319882163028666 ], [ -98.183451101713388, 19.325423350839518 ], [ -98.189436012199749, 19.332319560840205 ] ] ] } },
{ "type": "Feature", "properties": { "cve_edo": "29", "cve_mpo_ine": "008", "cve_edo_mpo_ine": "29008", "nom_mpo": "CUAPIAXTLA", "nom_edo": "Tlaxcala", "alianza_ganadora": "Juntos Haremos Historia", "margen_pp": 1.1697331546241014, "por_participacion": 74.466926776154622 }, "geometry": { "type": "Polygon", "coordinates": [ [ [ -97.707434286020728, 19.403123652606823 ], [ -97.707748637386118, 19.396552961965803 ], [ -97.704480566823179, 19.391832356593049 ], [ -97.709822712183424, 19.382876818839069 ], [ -97.710725330580772, 19.378112629245138 ], [ -97.708404934095967, 19.377457013928129 ], [ -97.707050782214125, 19.373145936800896 ], [ -97.710381163247433, 19.367394671823405 ], [ -97.704324821314316, 19.360992114823031 ], [ -97.701921965140997, 19.366906994212997 ], [ -97.691692183366158, 19.371429860050657 ], [ -97.688503932306219, 19.37093871460505 ], [ -97.696023346060841, 19.359575144419637 ], [ -97.695313898984736, 19.354344632332943 ], [ -97.700937296701696, 19.343910753477346 ], [ -97.684874980241446, 19.339853934382568 ], [ -97.699464638908537, 19.338983714742085 ], [ -97.709940089756913, 19.341233135541049 ], [ -97.714760745304673, 19.329077324607052 ], [ -97.687136484942798, 19.32876507807951 ], [ -97.686689970801098, 19.320470044036679 ], [ -97.690092904559592, 19.317757924249658 ], [ -97.685447696246499, 19.315173207247074 ], [ -97.694104892534099, 19.309501509486555 ], [ -97.692698805516159, 19.306217024147763 ], [ -97.694580897598158, 19.300507819390774 ], [ -97.70161110322438, 19.29389208870252 ], [ -97.706832898191934, 19.296065354184112 ], [ -97.714009673709697, 19.295567873403737 ], [ -97.720664858629021, 19.304475684576111 ], [ -97.730438423472791, 19.292845695480725 ], [ -97.738837869875283, 19.287696220441497 ], [ -97.73830846715218, 19.298389880093367 ], [ -97.744956104405105, 19.306023077170138 ], [ -97.75443945190068, 19.298698333394473 ], [ -97.756817762080132, 19.299517529209744 ], [ -97.764296662643986, 19.287632709323809 ], [ -97.759911757267119, 19.274003164428194 ], [ -97.771769988751544, 19.26857029887222 ], [ -97.785957013809366, 19.269076267164301 ], [ -97.775898158879443, 19.285951090723334 ], [ -97.787129913468604, 19.289595437085875 ], [ -97.801239072330148, 19.301566314767477 ], [ -97.813466884108266, 19.303399899541933 ], [ -97.811410388809705, 19.308289421197987 ], [ -97.830770259613459, 19.311673743526082 ], [ -97.825813783860298, 19.315704787624352 ], [ -97.841471200207224, 19.319503406005442 ], [ -97.808209927462812, 19.346796423925166 ], [ -97.82055523889106, 19.353320236026541 ], [ -97.819752877987952, 19.35543338798546 ], [ -97.823460364109764, 19.354707798240668 ], [ -97.821099606402527, 19.361747424456745 ], [ -97.846712825477468, 19.363603036811995 ], [ -97.849634012067042, 19.358054837454819 ], [ -97.852450979828305, 19.364211057402212 ], [ -97.855409294816312, 19.364905018047356 ], [ -97.85880616411913, 19.361450441935077 ], [ -97.856614950971505, 19.372788321497037 ], [ -97.861067226196212, 19.371426663276711 ], [ -97.867912314199899, 19.37301823160124 ], [ -97.867713135502612, 19.378398430923777 ], [ -97.855348483539515, 19.3935293469779 ], [ -97.851805431306559, 19.392014824285063 ], [ -97.847054684140929, 19.382206232613623 ], [ -97.840583120214859, 19.385048669246711 ], [ -97.837147360154461, 19.382014234599861 ], [ -97.831260546802895, 19.382048546047095 ], [ -97.83416346832837, 19.373414002944706 ], [ -97.830399569017104, 19.367279790558634 ], [ -97.812394782283789, 19.36902689627993 ], [ -97.813023671587487, 19.357445174371499 ], [ -97.804712814326763, 19.362711513725635 ], [ -97.784923719893115, 19.36642916322306 ], [ -97.779386338072484, 19.370664703433679 ], [ -97.773931019013801, 19.368781038075248 ], [ -97.77835616817751, 19.362411311181003 ], [ -97.770052443228636, 19.358600244133203 ], [ -97.769287380568599, 19.356383373627473 ], [ -97.759208864105759, 19.356310585315672 ], [ -97.751578159886435, 19.359068742033465 ], [ -97.755924314675994, 19.348675134062226 ], [ -97.756182324994242, 19.342802385904839 ], [ -97.753279751869727, 19.341531876100177 ], [ -97.757470788771258, 19.334711113291746 ], [ -97.749355419933792, 19.333280887227389 ], [ -97.746733453101797, 19.341167869321559 ], [ -97.737868938136032, 19.3514827104093 ], [ -97.736047104796725, 19.368526611932637 ], [ -97.730189798045743, 19.378304743188512 ], [ -97.738820452246287, 19.382765478985878 ], [ -97.732495872784867, 19.382881249875876 ], [ -97.729694247615043, 19.394402983208266 ], [ -97.716260817371435, 19.39576738419402 ], [ -97.710078678318652, 19.399056549896205 ], [ -97.710094729095445, 19.402218596413093 ], [ -97.707434286020728, 19.403123652606823 ] ] ] } },
{ "type": "Feature", "properties": { "cve_edo": "29", "cve_mpo_ine": "009", "cve_edo_mpo_ine": "29009", "nom_mpo": "CUAXOMULCO", "nom_edo": "Tlaxcala", "alianza_ganadora": "Va por México", "margen_pp": 3.0034324942791764, "por_participacion": 76.016525331593826 }, "geometry": { "type": "Polygon", "coordinates": [ [ [ -98.068739709884142, 19.368069025078402 ], [ -98.066072354936708, 19.36169589705024 ], [ -98.060044718092271, 19.357752675694787 ], [ -98.060128863114514, 19.350419051943607 ], [ -98.056412673116824, 19.343901248451974 ], [ -98.061209177456718, 19.341089125229676 ], [ -98.07781872815147, 19.350601251492758 ], [ -98.081673109255775, 19.335092840739573 ], [ -98.086900430857042, 19.332336980948273 ], [ -98.087340807763653, 19.327241050730635 ], [ -98.095442840616016, 19.325385355977311 ], [ -98.109560607577095, 19.339211571667423 ], [ -98.111309069256905, 19.335495477662828 ], [ -98.122812391338798, 19.346942438900843 ], [ -98.118106101330184, 19.353477858274079 ], [ -98.123127742427002, 19.357936990242322 ], [ -98.123037704466739, 19.362651795190384 ], [ -98.108885065855659, 19.366667649655575 ], [ -98.085517433837737, 19.357387003032393 ], [ -98.07438219383323, 19.366542774829718 ], [ -98.068739709884142, 19.368069025078402 ] ] ] } },
{ "type": "Feature", "properties": { "cve_edo": "29", "cve_mpo_ine": "010", "cve_edo_mpo_ine": "29010", "nom_mpo": "CHIAUTEMPAN", "nom_edo": "Tlaxcala", "alianza_ganadora": "Juntos Haremos Historia", "margen_pp": 30.97398125692386, "por_participacion": 60.750859450315588 }, "geometry": { "type": "Polygon", "coordinates": [ [ [ -98.214307125703485, 19.303574004612024 ], [ -98.209733261920931, 19.315433345135574 ], [ -98.218941155390027, 19.31705831828004 ], [ -98.214988873601072, 19.319260374022129 ], [ -98.214811873753249, 19.323675598537083 ], [ -98.208239061258141, 19.323846558106062 ], [ -98.202548774289227, 19.318999522088905 ], [ -98.201098255215911, 19.322076880210627 ], [ -98.198000466803933, 19.322860624945537 ], [ -98.200352210733143, 19.326117257590841 ], [ -98.190748774711125, 19.323953444015338 ], [ -98.186191278736047, 19.329168933828385 ], [ -98.183451101713388, 19.325423350839518 ], [ -98.170326991683083, 19.320176214662453 ], [ -98.17146234642945, 19.31850753134113 ], [ -98.163080112501802, 19.314248816369226 ], [ -98.164141708641964, 19.312940386492315 ], [ -98.158252398631063, 19.311006210735911 ], [ -98.152057378204375, 19.309885017154517 ], [ -98.155569671219453, 19.314714744287549 ], [ -98.142222962497854, 19.309117499430553 ], [ -98.14549520018123, 19.313224876296555 ], [ -98.143481998404511, 19.314856297002446 ], [ -98.13806565352661, 19.31334846489597 ], [ -98.120424848797498, 19.300835647386425 ], [ -98.116643264269513, 19.299645425338209 ], [ -98.114929697497701, 19.301757310211929 ], [ -98.089210701331552, 19.289039773393821 ], [ -98.064689454848192, 19.286227534010912 ], [ -98.039365691914682, 19.279599376777441 ], [ -98.036877782806641, 19.280936867283099 ], [ -98.031978444883151, 19.2595100127816 ], [ -98.052765008217918, 19.263652565917766 ], [ -98.12938916983866, 19.268829340910909 ], [ -98.137826883178562, 19.273047679375946 ], [ -98.148559340527228, 19.273274688466973 ], [ -98.154996720347171, 19.276512243124827 ], [ -98.155228334688715, 19.273050423962761 ], [ -98.169513974532123, 19.277428209154269 ], [ -98.176036991534531, 19.283416851770415 ], [ -98.186337842188806, 19.286232431674261 ], [ -98.196515325847955, 19.300252726747903 ], [ -98.204348348622631, 19.288516965699895 ], [ -98.207484478810159, 19.290704440551412 ], [ -98.209071560237462, 19.288447774535612 ], [ -98.218519416111192, 19.30101189474572 ], [ -98.214307125703485, 19.303574004612024 ] ] ] } },
{ "type": "Feature", "properties": { "cve_edo": "29", "cve_mpo_ine": "007", "cve_edo_mpo_ine": "29007", "nom_mpo": "EL CARMEN TEQUEXQUITLA", "nom_edo": "Tlaxcala", "alianza_ganadora": "Juntos Haremos Historia", "margen_pp": 3.2461120710935569, "por_participacion": 66.284872780823036 }, "geometry": { "type": "Polygon", "coordinates": [ [ [ -97.704480566823179, 19.391832356593049 ], [ -97.699249001125352, 19.394484362730012 ], [ -97.697487446250122, 19.390617972431809 ], [ -97.688191329635089, 19.386016404564682 ], [ -97.681802988756431, 19.387028509956654 ], [ -97.676611572317157, 19.368623245733662 ], [ -97.654483262489478, 19.354608871686867 ], [ -97.639322357802982, 19.362228595855854 ], [ -97.630987637089177, 19.355753984515665 ], [ -97.638925373612054, 19.337882703776671 ], [ -97.630992563682724, 19.33642854004372 ], [ -97.627554445454265, 19.32500742897351 ], [ -97.632118251966347, 19.320679877097266 ], [ -97.632758872607738, 19.315819643185751 ], [ -97.637714284637553, 19.318249289918885 ], [ -97.64026697109756, 19.316523983397047 ], [ -97.646239600000754, 19.306324085301458 ], [ -97.658952667179804, 19.311019575268297 ], [ -97.66936042688431, 19.293415981561061 ], [ -97.67948938801355, 19.292836435270903 ], [ -97.691037169056386, 19.286547393545369 ], [ -97.70161110322438, 19.29389208870252 ], [ -97.694580897598158, 19.300507819390774 ], [ -97.692698805516159, 19.306217024147763 ], [ -97.694104892534099, 19.309501509486555 ], [ -97.685447696246499, 19.315173207247074 ], [ -97.690092904559592, 19.317757924249658 ], [ -97.686689970801098, 19.320470044036679 ], [ -97.687136484942798, 19.32876507807951 ], [ -97.714760745304673, 19.329077324607052 ], [ -97.709940089756913, 19.341233135541049 ], [ -97.699464638908537, 19.338983714742085 ], [ -97.684874980241446, 19.339853934382568 ], [ -97.700937296701696, 19.343910753477346 ], [ -97.695313898984736, 19.354344632332943 ], [ -97.696023346060841, 19.359575144419637 ], [ -97.688503932306219, 19.37093871460505 ], [ -97.691692183366158, 19.371429860050657 ], [ -97.701921965140997, 19.366906994212997 ], [ -97.704324821314316, 19.360992114823031 ], [ -97.710381163247433, 19.367394671823405 ], [ -97.707050782214125, 19.373145936800896 ], [ -97.708404934095967, 19.377457013928129 ], [ -97.710725330580772, 19.378112629245138 ], [ -97.709822712183424, 19.382876818839069 ], [ -97.704480566823179, 19.391832356593049 ] ] ] } },
{ "type": "Feature", "properties": { "cve_edo": "29", "cve_mpo_ine": "054", "cve_edo_mpo_ine": "29054", "nom_mpo": "EMILIANO ZAPATA", "nom_edo": "Tlaxcala", "alianza_ganadora": "Va por México", "margen_pp": 18.40884766321798, "por_participacion": 84.32611311672683 }, "geometry": { "type": "Polygon", "coordinates": [ [ [ -97.956293489987146, 19.601364448428932 ], [ -97.950909475859746, 19.588095854506474 ], [ -97.948015060840817, 19.585708988082636 ], [ -97.934174209569022, 19.589068871996325 ], [ -97.930100478343903, 19.587500089926895 ], [ -97.915337707235352, 19.592716750827403 ], [ -97.912387654844821, 19.589750664611419 ], [ -97.911615609080926, 19.583635521737111 ], [ -97.906291141399052, 19.578745366847009 ], [ -97.898324233796032, 19.576835360331057 ], [ -97.892992884850386, 19.572984149983959 ], [ -97.881356225750906, 19.571138293331625 ], [ -97.868821377398817, 19.556856589688007 ], [ -97.868864131871845, 19.542825114529073 ], [ -97.882169755358532, 19.53996250228845 ], [ -97.907320171623027, 19.54346118430594 ], [ -97.913178575209656, 19.542435882997182 ], [ -97.920466014432463, 19.534586285806139 ], [ -97.925983598584395, 19.532728853503173 ], [ -97.93227437356326, 19.534524272630858 ], [ -97.931993086466619, 19.538375240461441 ], [ -97.942742565931496, 19.538883368369738 ], [ -97.950109408349945, 19.54354654098961 ], [ -97.953592851946922, 19.555095552689387 ], [ -97.963462995352032, 19.546272024280412 ], [ -97.966429991423766, 19.547457641430189 ], [ -97.970130809639329, 19.57496069771836 ], [ -97.982593751429462, 19.583468810968608 ], [ -97.963174066280445, 19.580474585200282 ], [ -97.964932449000983, 19.584590435083054 ], [ -97.961213859197358, 19.588862748490598 ], [ -97.962685337342634, 19.592603272175516 ], [ -97.960046461439035, 19.59920449435899 ], [ -97.956293489987146, 19.601364448428932 ] ] ] } },
{ "type": "Feature", "properties": { "cve_edo": "29", "cve_mpo_ine": "012", "cve_edo_mpo_ine": "29012", "nom_mpo": "ESPAÑITA", "nom_edo": "Tlaxcala", "alianza_ganadora": "Va por México", "margen_pp": 21.598770176787088, "por_participacion": 74.057207912338114 }, "geometry": { "type": "Polygon", "coordinates": [ [ [ -98.495854140151337, 19.486527419945634 ], [ -98.502839200114835, 19.489345079971024 ], [ -98.504858199991418, 19.493373999599267 ], [ -98.501270774622185, 19.495305410130435 ], [ -98.500419229852781, 19.499560690256068 ], [ -98.485186349671324, 19.497857050041862 ], [ -98.48292175035229, 19.492281940118257 ], [ -98.477784750402179, 19.493730490021132 ], [ -98.479013799674306, 19.490263030195003 ], [ -98.476196150222322, 19.489118349859101 ], [ -98.478027460121297, 19.487816030108544 ], [ -98.474581879888831, 19.488791109391194 ], [ -98.470960140147682, 19.484434769917726 ], [ -98.465485659727975, 19.484693749887011 ], [ -98.458723400015131, 19.488721313349473 ], [ -98.446621517465957, 19.484075084199773 ], [ -98.444192495740211, 19.491173328228445 ], [ -98.437795242398067, 19.49001209142606 ], [ -98.433193453340166, 19.496570851432626 ], [ -98.427929587767011, 19.499559888407223 ], [ -98.422942822467277, 19.499103632225903 ], [ -98.413055414935386, 19.491341983273482 ], [ -98.394046327168184, 19.48914106474394 ], [ -98.3798120913156, 19.47913574277775 ], [ -98.374773061889584, 19.479964894120677 ], [ -98.373235265416028, 19.476893027224033 ], [ -98.377715440104453, 19.468924553369032 ], [ -98.375527349018682, 19.464607357727662 ], [ -98.361201902551741, 19.459955053466594 ], [ -98.360185312560418, 19.455264445171114 ], [ -98.349372210652746, 19.449076443446174 ], [ -98.346882852303793, 19.442558935041195 ], [ -98.348066429283179, 19.431186370132213 ], [ -98.361232976262642, 19.425919064938029 ], [ -98.364081910602465, 19.420482358215107 ], [ -98.366197223815192, 19.422045374170214 ], [ -98.371370916227534, 19.420474010803726 ], [ -98.375883346706075, 19.414051994917326 ], [ -98.379567356032524, 19.418009882882856 ], [ -98.381355638339997, 19.41430410729647 ], [ -98.388767212474889, 19.418775048676398 ], [ -98.398583609599015, 19.41418224775428 ], [ -98.414371056337416, 19.417264423579176 ], [ -98.420731415574608, 19.395349419872023 ], [ -98.426240872622245, 19.391159675908028 ], [ -98.429182811238078, 19.385536091669067 ], [ -98.430433779498443, 19.391751573949435 ], [ -98.439144096806885, 19.387662518663866 ], [ -98.440224777289345, 19.394709145611259 ], [ -98.445128371755459, 19.39786832663081 ], [ -98.447743891970603, 19.397143546869625 ], [ -98.45299990910793, 19.388763590118206 ], [ -98.462673810943841, 19.385631370815553 ], [ -98.46635468887726, 19.387431866859426 ], [ -98.469732260515215, 19.384393938902686 ], [ -98.486709979672185, 19.391663994147137 ], [ -98.487924405613413, 19.390119327098777 ], [ -98.499918493943767, 19.394110023949633 ], [ -98.514088415446267, 19.416508435727973 ], [ -98.503530583544887, 19.41969158593546 ], [ -98.505895609695415, 19.425227108834424 ], [ -98.509414669579272, 19.427219521416884 ], [ -98.506474032436458, 19.432719937679209 ], [ -98.501864283267551, 19.430556043823753 ], [ -98.49359984344386, 19.430868365251023 ], [ -98.499709702490406, 19.441901476995273 ], [ -98.498624844574024, 19.446101065261466 ], [ -98.494113849989247, 19.44848766505962 ], [ -98.500055122175368, 19.452428159074785 ], [ -98.495497200459369, 19.455377386394922 ], [ -98.498982040890212, 19.460439747224775 ], [ -98.50625530722769, 19.461058753165066 ], [ -98.503384194173549, 19.47284852175823 ], [ -98.495101937140234, 19.481486140971501 ], [ -98.495854140151337, 19.486527419945634 ] ] ] } },
{ "type": "Feature", "properties": { "cve_edo": "29", "cve_mpo_ine": "013", "cve_edo_mpo_ine": "29013", "nom_mpo": "HUAMANTLA", "nom_edo": "Tlaxcala", "alianza_ganadora": "Juntos Haremos Historia", "margen_pp": 13.581979320531758, "por_participacion": 59.49991943634739 }, "geometry": { "type": "Polygon", "coordinates": [ [ [ -97.921137015773056, 19.27989153644052 ], [ -97.950242401767724, 19.260347039179756 ], [ -97.961036060700906, 19.255561296470816 ], [ -97.967185025543017, 19.248813221878393 ], [ -97.970662849427413, 19.249504164380085 ], [ -97.973541121996249, 19.247116068090982 ], [ -97.973235121891946, 19.24465252156774 ], [ -97.976869359653591, 19.24279667919787 ], [ -97.985909840326372, 19.244337876734878 ], [ -97.993051228529822, 19.239024144685839 ], [ -97.998047181431787, 19.233222098919303 ], [ -97.98441621944491, 19.22898092972445 ], [ -97.983440492634983, 19.221672574861643 ], [ -97.987291328657761, 19.217721443268605 ], [ -97.995891266566389, 19.222712956357061 ], [ -98.005613178322022, 19.22248558956472 ], [ -98.030672513871679, 19.230394162637108 ], [ -98.032176248115007, 19.262918383194361 ], [ -98.039287551599955, 19.285982625514016 ], [ -98.041098814360865, 19.299588657756988 ], [ -98.039712754297682, 19.303348171428858 ], [ -98.035907865574231, 19.304270326543662 ], [ -98.032633312072051, 19.319823860093788 ], [ -98.028657663135675, 19.325343914910381 ], [ -98.033994533426039, 19.33528749803676 ], [ -98.035415279692401, 19.345487751691461 ], [ -98.033004241507314, 19.358197117464698 ], [ -98.034958612041081, 19.365878791706969 ], [ -98.027920235955236, 19.371979932257243 ], [ -98.015575542260592, 19.365554095317979 ], [ -98.007224655225883, 19.380443430793392 ], [ -97.992631744800022, 19.379865886647448 ], [ -97.99548920853222, 19.390041637577681 ], [ -97.987550883584206, 19.413854214048346 ], [ -97.96791267285937, 19.413448379644162 ], [ -97.969066087711369, 19.416378834009286 ], [ -97.966060897627045, 19.418549288017548 ], [ -97.958356801909019, 19.418027557226338 ], [ -97.948054514348669, 19.424609966871021 ], [ -97.939244540188724, 19.423746377756849 ], [ -97.930508208227607, 19.426404999966952 ], [ -97.928681448603953, 19.422949912630926 ], [ -97.919517179641261, 19.422413755407849 ], [ -97.918068796058236, 19.416724401904272 ], [ -97.912960003243313, 19.414193259462476 ], [ -97.905725127407692, 19.427637037339096 ], [ -97.910188882161705, 19.435093446588901 ], [ -97.909943135716247, 19.440767858462124 ], [ -97.90625383017283, 19.4414809899394 ], [ -97.900064649999294, 19.436536658041884 ], [ -97.894384343635878, 19.446968977384945 ], [ -97.879434606559741, 19.455743148698179 ], [ -97.877571515257912, 19.455229111697424 ], [ -97.877230705549863, 19.447747722984914 ], [ -97.881018573880226, 19.441663892233631 ], [ -97.874445028366964, 19.408942851979383 ], [ -97.876631236304902, 19.387378838916742 ], [ -97.867012520919403, 19.377495977787419 ], [ -97.867912314199899, 19.37301823160124 ], [ -97.861067226196212, 19.371426663276711 ], [ -97.856614950971505, 19.372788321497037 ], [ -97.858456407369445, 19.361081335875891 ], [ -97.855409294816312, 19.364905018047356 ], [ -97.852450979828305, 19.364211057402212 ], [ -97.849634012067042, 19.358054837454819 ], [ -97.846712825477468, 19.363603036811995 ], [ -97.821099606402527, 19.361747424456745 ], [ -97.823460364109764, 19.354707798240668 ], [ -97.819752877987952, 19.35543338798546 ], [ -97.82055523889106, 19.353320236026541 ], [ -97.808209927462812, 19.346796423925166 ], [ -97.841471200207224, 19.319503406005442 ], [ -97.825813783860298, 19.315704787624352 ], [ -97.830770259613459, 19.311673743526082 ], [ -97.811410388809705, 19.308289421197987 ], [ -97.813466884108266, 19.303399899541933 ], [ -97.822276595230193, 19.304867418397919 ], [ -97.840438027323302, 19.301434941388745 ], [ -97.83972087633957, 19.287842427229876 ], [ -97.86096351930189, 19.286867646179893 ], [ -97.870877659609789, 19.27108565091407 ], [ -97.897136203179912, 19.292579570465591 ], [ -97.921137015773056, 19.27989153644052 ] ] ] } },
{ "type": "Feature", "properties": { "cve_edo": "29", "cve_mpo_ine": "014", "cve_edo_mpo_ine": "29014", "nom_mpo": "HUEYOTLIPAN", "nom_edo": "Tlaxcala", "alianza_ganadora": "Va por México", "margen_pp": 5.3447033389382659, "por_participacion": 71.492357891121415 }, "geometry": { "type": "Polygon", "coordinates": [ [ [ -98.383896966221883, 19.573139675257579 ], [ -98.332373855970744, 19.565845964185435 ], [ -98.331477809386314, 19.549924799896189 ], [ -98.333509027107453, 19.542106037534747 ], [ -98.298885150118551, 19.536933732955671 ], [ -98.303126119683299, 19.521932983699227 ], [ -98.302671421516294, 19.509001350053307 ], [ -98.296836601505831, 19.508009107184318 ], [ -98.284818639993674, 19.511574346688541 ], [ -98.287474341924181, 19.486024260098844 ], [ -98.281224379421445, 19.478702193609507 ], [ -98.281112061401544, 19.472315792715531 ], [ -98.289490509873602, 19.458987452860175 ], [ -98.295422454937125, 19.436703002288176 ], [ -98.296586984510498, 19.420969197918726 ], [ -98.299581117253467, 19.419141159676297 ], [ -98.301000020265391, 19.408364764500259 ], [ -98.302404402347634, 19.409889753503965 ], [ -98.305315434644911, 19.397852697257431 ], [ -98.308741238499408, 19.399240627677028 ], [ -98.309004554321632, 19.387924436436084 ], [ -98.314488211193961, 19.387000556204821 ], [ -98.329358696187668, 19.394702195693416 ], [ -98.333895902033021, 19.394173581277446 ], [ -98.337579755462087, 19.384189423260825 ], [ -98.342166145232028, 19.381543925991277 ], [ -98.341795016057887, 19.376193383204043 ], [ -98.343773774306868, 19.376262877489559 ], [ -98.350802878288945, 19.38737737799978 ], [ -98.353493594341643, 19.394891751899525 ], [ -98.356860080249831, 19.395078637997351 ], [ -98.360428555674503, 19.407624667764189 ], [ -98.358729441433795, 19.408819095388683 ], [ -98.366318039983824, 19.409388030105497 ], [ -98.366675716748475, 19.411377390788026 ], [ -98.366197223815192, 19.422045374170214 ], [ -98.364081910602465, 19.420482358215107 ], [ -98.361232976262642, 19.425919064938029 ], [ -98.348066429283179, 19.431186370132213 ], [ -98.346882852303793, 19.442558935041195 ], [ -98.348908922129141, 19.448295291690325 ], [ -98.360185312560418, 19.455264445171114 ], [ -98.361201902551741, 19.459955053466594 ], [ -98.375527349018682, 19.464607357727662 ], [ -98.377715440104453, 19.468924553369032 ], [ -98.373235265416028, 19.476893027224033 ], [ -98.374419632065397, 19.479591253970845 ], [ -98.3798120913156, 19.47913574277775 ], [ -98.394808818260415, 19.489182651548663 ], [ -98.393386670080645, 19.500078595196243 ], [ -98.398621666420482, 19.497257030694431 ], [ -98.397886412888482, 19.503438410447217 ], [ -98.410328538792839, 19.503904507286034 ], [ -98.408391985969672, 19.51075780362974 ], [ -98.417637004219202, 19.519866563480281 ], [ -98.418918985070036, 19.529340214358299 ], [ -98.414203594765382, 19.533158824241557 ], [ -98.406641298861871, 19.533779057963866 ], [ -98.392594103228134, 19.542872109170446 ], [ -98.395474726781785, 19.547397780689852 ], [ -98.392720025370124, 19.55195341173328 ], [ -98.397628225438851, 19.556803222024357 ], [ -98.392672464161336, 19.560990340248285 ], [ -98.393770954560523, 19.564491174026909 ], [ -98.390021013046152, 19.569444646764467 ], [ -98.383896966221883, 19.573139675257579 ] ] ] } },
{ "type": "Feature", "properties": { "cve_edo": "29", "cve_mpo_ine": "015", "cve_edo_mpo_ine": "29015", "nom_mpo": "IXTACUIXTLA DE MARIANO MATAMOROS", "nom_edo": "Tlaxcala", "alianza_ganadora": "Juntos Haremos Historia", "margen_pp": 27.131378482729833, "por_participacion": 64.850781620085257 }, "geometry": { "type": "Polygon", "coordinates": [ [ [ -98.341065932889848, 19.297920273387344 ], [ -98.338428234393447, 19.278781601459436 ], [ -98.349906219183339, 19.26994704595549 ], [ -98.352295875737042, 19.285118570886588 ], [ -98.362079041772574, 19.288080163322014 ], [ -98.364078133959737, 19.293170431320966 ], [ -98.370935067010791, 19.291753186169498 ], [ -98.378452288984832, 19.302790570547206 ], [ -98.387256285128046, 19.299979283732355 ], [ -98.393930002311507, 19.309278417771246 ], [ -98.4013811673493, 19.31095854373547 ], [ -98.414099384845315, 19.319208089154866 ], [ -98.42108138951339, 19.319530984977813 ], [ -98.431875216128702, 19.326423878961368 ], [ -98.444267566227211, 19.326706205748184 ], [ -98.451694705693271, 19.322708872320479 ], [ -98.45740301849149, 19.324243285696269 ], [ -98.459519194513206, 19.330275058469226 ], [ -98.458843445799133, 19.33787910618063 ], [ -98.453758518661431, 19.346892622722809 ], [ -98.46195364191712, 19.366226557129806 ], [ -98.471512187454962, 19.368887581682046 ], [ -98.474265984697425, 19.366867514990613 ], [ -98.480254924154707, 19.38836008087624 ], [ -98.46973226051648, 19.384393938510946 ], [ -98.465332930224449, 19.387677803444809 ], [ -98.462673810945105, 19.385631370423965 ], [ -98.452361560935898, 19.389141806886656 ], [ -98.445827130875784, 19.397946162892925 ], [ -98.44022477729068, 19.39470914522084 ], [ -98.439144096808221, 19.387662518272553 ], [ -98.430433779499793, 19.39175157355859 ], [ -98.428485268672944, 19.385707168162103 ], [ -98.426240872623609, 19.391159675517191 ], [ -98.420731415575986, 19.395349419481722 ], [ -98.414371056338794, 19.417264423191771 ], [ -98.398583609600436, 19.414182247366398 ], [ -98.38876721247631, 19.418775048289266 ], [ -98.381355638341446, 19.414304106908681 ], [ -98.379567356033988, 19.418009882495646 ], [ -98.375883346707539, 19.41405199452943 ], [ -98.371370916228997, 19.420474010416811 ], [ -98.366197223816684, 19.422045373783398 ], [ -98.366318039985288, 19.40938802971705 ], [ -98.358729441435287, 19.408819095000194 ], [ -98.360428555675995, 19.407624667375629 ], [ -98.356860080251309, 19.395078637607064 ], [ -98.353493594343163, 19.394891751509231 ], [ -98.343306897664746, 19.375934090370126 ], [ -98.341795016059422, 19.376193382811213 ], [ -98.342166145233591, 19.381543925599132 ], [ -98.337579755463636, 19.384189422869092 ], [ -98.333895902034598, 19.394173580887085 ], [ -98.329358696189246, 19.394702195302997 ], [ -98.313497962535152, 19.38675817385981 ], [ -98.309255929095386, 19.388321735290035 ], [ -98.309754561244233, 19.373451338781351 ], [ -98.305896240142872, 19.357243551999805 ], [ -98.311850546843061, 19.352534565040624 ], [ -98.30972831068226, 19.352069321748264 ], [ -98.310888479305305, 19.349379775006643 ], [ -98.300655708727803, 19.34699429969459 ], [ -98.30192952289579, 19.341120384053941 ], [ -98.306136097077541, 19.33867798924075 ], [ -98.31289786541862, 19.326324498596154 ], [ -98.319064725651046, 19.32652078787639 ], [ -98.320858724724943, 19.316416502876525 ], [ -98.343994891806702, 19.311512215234078 ], [ -98.342932050473479, 19.310575729452111 ], [ -98.35020522565955, 19.307041762469481 ], [ -98.341065932889848, 19.297920273387344 ] ] ] } },
{ "type": "Feature", "properties": { "cve_edo": "29", "cve_mpo_ine": "016", "cve_edo_mpo_ine": "29016", "nom_mpo": "IXTENCO", "nom_edo": "Tlaxcala", "alianza_ganadora": "Juntos Haremos Historia", "margen_pp": 7.186544342507645, "por_participacion": 70.021413276231257 }, "geometry": { "type": "Polygon", "coordinates": [ [ [ -97.921223111327407, 19.279804325598924 ], [ -97.897136203179912, 19.292579570465591 ], [ -97.853285399314771, 19.256680406973675 ], [ -97.862567813375804, 19.255365836135002 ], [ -97.879610866687614, 19.240513692351094 ], [ -97.887561140281903, 19.238198626966238 ], [ -97.897717633335148, 19.239634196373789 ], [ -97.902186646797773, 19.231605328252233 ], [ -97.918407652203072, 19.233917598842375 ], [ -97.927367485259936, 19.241088282761577 ], [ -97.936382173060196, 19.238771421293347 ], [ -97.957870211422318, 19.240823711856152 ], [ -97.962835260436535, 19.23888331176509 ], [ -97.973489446900089, 19.239436110671303 ], [ -97.974320266642323, 19.24247352732128 ], [ -97.979533398561927, 19.242996339943417 ], [ -97.973235121891946, 19.24465252156774 ], [ -97.973541121996249, 19.247116068090982 ], [ -97.970662849427413, 19.249504164380085 ], [ -97.967185025543017, 19.248813221878393 ], [ -97.961036060700906, 19.255561296470816 ], [ -97.950242401767724, 19.260347039179756 ], [ -97.921223111327407, 19.279804325598924 ] ] ] } },
{ "type": "Feature", "properties": { "cve_edo": "29", "cve_mpo_ine": "052", "cve_edo_mpo_ine": "29052", "nom_mpo": "LA MAGDALENA TLALTELULCO", "nom_edo": "Tlaxcala", "alianza_ganadora": "Juntos Haremos Historia", "margen_pp": 30.304247414399036, "por_participacion": 72.868954415745961 }, "geometry": { "type": "Polygon", "coordinates": [ [ [ -98.196515325849802, 19.300252726345125 ], [ -98.186337842190653, 19.286232431269596 ], [ -98.176036991536407, 19.28341685136548 ], [ -98.170525015697251, 19.277959952625118 ], [ -98.161150460820465, 19.274622537455919 ], [ -98.155228334690591, 19.27305042355643 ], [ -98.154996720349061, 19.27651224271899 ], [ -98.148559340529118, 19.273274688060695 ], [ -98.137826883180466, 19.273047678969654 ], [ -98.129389169840564, 19.26882934050402 ], [ -98.052765008219822, 19.26365256551027 ], [ -98.031978444885056, 19.259510012373649 ], [ -98.031268418393623, 19.249161965639836 ], [ -98.071591782700381, 19.251245657666203 ], [ -98.080224102597086, 19.255571276252081 ], [ -98.100594425694126, 19.257214100504289 ], [ -98.122570164000351, 19.26228802157695 ], [ -98.143635432070624, 19.263558432252015 ], [ -98.144001024491473, 19.261984187647183 ], [ -98.14752011890694, 19.262764359168013 ], [ -98.146983191013831, 19.265386430079054 ], [ -98.153642654449882, 19.266162926111672 ], [ -98.156048157290257, 19.268804685069632 ], [ -98.15833287354954, 19.267615063489451 ], [ -98.17088459698644, 19.270766759273815 ], [ -98.171046283187437, 19.2735329921065 ], [ -98.176459136027773, 19.271491793244245 ], [ -98.175443987400541, 19.2692996531608 ], [ -98.18472562518096, 19.265643505345423 ], [ -98.179306207613948, 19.261784094468975 ], [ -98.182284288618675, 19.255145446923319 ], [ -98.194909777280856, 19.255112463967883 ], [ -98.195400605205407, 19.258336623928496 ], [ -98.200003912101579, 19.260549420329049 ], [ -98.198697675534163, 19.265673794084552 ], [ -98.21434745983656, 19.268635166968973 ], [ -98.212247885495103, 19.27617933197455 ], [ -98.215120918465374, 19.276774548706243 ], [ -98.207484478811978, 19.290704440147433 ], [ -98.20434834862445, 19.288516965295603 ], [ -98.196515325849802, 19.300252726345125 ] ] ] } },
{ "type": "Feature", "properties": { "cve_edo": "29", "cve_mpo_ine": "055", "cve_edo_mpo_ine": "29055", "nom_mpo": "LAZARO CARDENAS", "nom_edo": "Tlaxcala", "alianza_ganadora": "Otros", "margen_pp": 23.823823823823822, "por_participacion": 84.090909090909093 }, "geometry": { "type": "Polygon", "coordinates": [ [ [ -97.982593751429462, 19.583468810968608 ], [ -97.970130809639329, 19.57496069771836 ], [ -97.966429991423766, 19.547457641430189 ], [ -97.963462995352032, 19.546272024280412 ], [ -97.953592851946922, 19.555095552689387 ], [ -97.951828537137743, 19.546378983522111 ], [ -97.975310864019775, 19.528473327351634 ], [ -97.981952181684932, 19.515726236963705 ], [ -97.981136097941175, 19.505816281659527 ], [ -97.986311394264064, 19.50312533017922 ], [ -97.995277280418662, 19.489332552218222 ], [ -97.999643238476622, 19.490245873099113 ], [ -98.000298926485712, 19.488471979377145 ], [ -98.012230855965711, 19.491199671339537 ], [ -98.02343440505895, 19.497604545308 ], [ -98.036264795615637, 19.497441123446741 ], [ -98.036579350918927, 19.501957503679236 ], [ -98.041870154455708, 19.503493035726738 ], [ -98.03141844174327, 19.513086458989985 ], [ -98.022425791613287, 19.514529705741332 ], [ -98.018260075192657, 19.517676697713412 ], [ -98.022656420181562, 19.522233532470793 ], [ -98.010127729722512, 19.535483225196138 ], [ -97.999532064460524, 19.543040175499907 ], [ -97.993264732078856, 19.556607611730623 ], [ -97.984541035207897, 19.56584570507383 ], [ -97.989130860989434, 19.571974832905397 ], [ -97.988834661337748, 19.577562562567476 ], [ -97.987269746885119, 19.576885757702737 ], [ -97.982593751429462, 19.583468810968608 ] ] ] } },
{ "type": "Feature", "properties": { "cve_edo": "29", "cve_mpo_ine": "017", "cve_edo_mpo_ine": "29017", "nom_mpo": "MAZATECOCHCO DE JOSE MARIA MORELOS", "nom_edo": "Tlaxcala", "alianza_ganadora": "Juntos Haremos Historia", "margen_pp": 19.93579996621051, "por_participacion": 74.284638554216869 }, "geometry": { "type": "Polygon", "coordinates": [ [ [ -98.139491391340471, 19.196901211846605 ], [ -98.148436203631391, 19.180554050475425 ], [ -98.170328597888059, 19.178435278351234 ], [ -98.174060381475826, 19.17554491444222 ], [ -98.188525213693595, 19.172456565490727 ], [ -98.189544130791518, 19.175991591437931 ], [ -98.194566834275122, 19.178228322178629 ], [ -98.193397640928993, 19.185545075262745 ], [ -98.184748042901944, 19.191359782788282 ], [ -98.153815810806947, 19.192417187883549 ], [ -98.139491391340471, 19.196901211846605 ] ] ] } },
{ "type": "Feature", "properties": { "cve_edo": "29", "cve_mpo_ine": "011", "cve_edo_mpo_ine": "29011", "nom_mpo": "MUÑOZ DE DOMINGO ARENAS", "nom_edo": "Tlaxcala", "alianza_ganadora": "Juntos Haremos Historia", "margen_pp": 13.283582089552239, "por_participacion": 71.715279636071713 }, "geometry": { "type": "Polygon", "coordinates": [ [ [ -98.258178053910143, 19.502772307536443 ], [ -98.268591089838537, 19.503797367523877 ], [ -98.27681267304402, 19.499958646792553 ], [ -98.285929845126262, 19.499979334099248 ], [ -98.284991452140574, 19.511824147302292 ], [ -98.296836601505831, 19.508009107184318 ], [ -98.301975915766533, 19.508416561112679 ], [ -98.303969092621998, 19.513651071354875 ], [ -98.303126119683299, 19.521932983699227 ], [ -98.298885150118551, 19.536933732955671 ], [ -98.250521182767841, 19.529555964860929 ], [ -98.246846699252416, 19.536716589186543 ], [ -98.221959007196503, 19.507979433500051 ], [ -98.215907979875865, 19.50538290748748 ], [ -98.212609490969214, 19.50784178394688 ], [ -98.209951893848853, 19.4993191420802 ], [ -98.204624753608101, 19.500183313165323 ], [ -98.210673097337803, 19.497415629697223 ], [ -98.210420180436898, 19.493662262782131 ], [ -98.205577230552194, 19.492954819040033 ], [ -98.202506984448803, 19.495948314426418 ], [ -98.195180635553015, 19.497982174769401 ], [ -98.192799700087747, 19.496555057738707 ], [ -98.184338656241223, 19.500866273373653 ], [ -98.183168182329524, 19.484533388964824 ], [ -98.179776521043479, 19.48086377415034 ], [ -98.177681938189608, 19.468341463257723 ], [ -98.179596192228601, 19.437111912896153 ], [ -98.177118688641002, 19.433902977367691 ], [ -98.177214758742522, 19.429293590246708 ], [ -98.17821081939492, 19.432648995407408 ], [ -98.192292206655637, 19.430728311930647 ], [ -98.19743971795468, 19.433660305274142 ], [ -98.208843464635876, 19.433775449721811 ], [ -98.208778276655849, 19.426445237728849 ], [ -98.212883867338903, 19.427243269335623 ], [ -98.211267517906265, 19.441983420078028 ], [ -98.218717372448978, 19.457098567992784 ], [ -98.224544302495516, 19.458619239229737 ], [ -98.227861171515869, 19.464107508170773 ], [ -98.234221098023355, 19.465020603707828 ], [ -98.233604783399471, 19.468082624825186 ], [ -98.231271976364724, 19.467651735124143 ], [ -98.227046187994034, 19.474997616097632 ], [ -98.219761023548173, 19.478716475651467 ], [ -98.218555674839834, 19.482188592613976 ], [ -98.241568168932332, 19.505805472887729 ], [ -98.246932817321635, 19.507003382413608 ], [ -98.247716215716252, 19.504729807891628 ], [ -98.258178053910143, 19.502772307536443 ] ] ] } },
{ "type": "Feature", "properties": { "cve_edo": "29", "cve_mpo_ine": "021", "cve_edo_mpo_ine": "29021", "nom_mpo": "NANACAMILPA DE MARIANO ARISTA", "nom_edo": "Tlaxcala", "alianza_ganadora": "Juntos Haremos Historia", "margen_pp": 7.7703075057863993, "por_participacion": 66.395901939260881 }, "geometry": { "type": "Polygon", "coordinates": [ [ [ -98.636011682863682, 19.472111075051632 ], [ -98.641534526992686, 19.481618251107761 ], [ -98.638797799182854, 19.482073629229124 ], [ -98.63605053288083, 19.490157095122804 ], [ -98.630263016121575, 19.492472367415257 ], [ -98.624512641352766, 19.502996722118105 ], [ -98.614640123073755, 19.506450503556572 ], [ -98.608907707534129, 19.515813800230468 ], [ -98.603538706807228, 19.517678371268858 ], [ -98.601283638862398, 19.513290421378034 ], [ -98.605287119937046, 19.503154185907402 ], [ -98.591252700915277, 19.505422420348424 ], [ -98.585570770728239, 19.513884031749019 ], [ -98.580276064757143, 19.508372311697624 ], [ -98.575973291503175, 19.50916245319036 ], [ -98.567731715789193, 19.515665771476449 ], [ -98.56256359618402, 19.529223738125193 ], [ -98.554552340762484, 19.525572903934446 ], [ -98.544708767475115, 19.535998605571656 ], [ -98.539869642305945, 19.532304524007085 ], [ -98.523542528641613, 19.548921552353725 ], [ -98.515112045448944, 19.552164029665988 ], [ -98.504420958163266, 19.560803238162315 ], [ -98.500692310490663, 19.542873705342441 ], [ -98.487913061442157, 19.532875968242422 ], [ -98.483873914338872, 19.534496362732025 ], [ -98.47103865285905, 19.53160821899565 ], [ -98.472553927812655, 19.541209685163537 ], [ -98.45018456615216, 19.541506589040313 ], [ -98.440183808417032, 19.532262649861291 ], [ -98.436816827346689, 19.515872736616863 ], [ -98.424476572875619, 19.504433467895481 ], [ -98.43071693496573, 19.502961446597066 ], [ -98.446124645169718, 19.511756065897963 ], [ -98.467486043105197, 19.512396690120806 ], [ -98.471273548709149, 19.514987485349597 ], [ -98.480157314705508, 19.511815662921009 ], [ -98.484027190271149, 19.506478563766837 ], [ -98.492646897507456, 19.50622596576429 ], [ -98.495082898714202, 19.500870367960843 ], [ -98.501872676623407, 19.498335199460669 ], [ -98.501678512936309, 19.494765608157714 ], [ -98.517594334497957, 19.488074350494781 ], [ -98.517316777063044, 19.479814393835685 ], [ -98.519358445716762, 19.477779307256665 ], [ -98.516646077924761, 19.474875309003981 ], [ -98.527623053512798, 19.477193150572202 ], [ -98.529684823126189, 19.467893987446288 ], [ -98.533147881221808, 19.468597359618208 ], [ -98.53524497530789, 19.466022439426609 ], [ -98.540010354029107, 19.469049260712222 ], [ -98.542219939194737, 19.46560250353571 ], [ -98.539419860411058, 19.452736590407703 ], [ -98.54831644207573, 19.454515298726712 ], [ -98.548345395227983, 19.457819492521534 ], [ -98.552750080775255, 19.450444090174528 ], [ -98.56085233863422, 19.45259607220083 ], [ -98.572185501719858, 19.445280922451161 ], [ -98.572290548366411, 19.443080874028414 ], [ -98.590193433088771, 19.457426167131405 ], [ -98.596506232420708, 19.45405766505349 ], [ -98.607108026310939, 19.462514361144368 ], [ -98.619716852710795, 19.463040003124959 ], [ -98.624780329952543, 19.46664540754006 ], [ -98.6288007928393, 19.462365253875127 ], [ -98.635869534749787, 19.467918862828039 ], [ -98.636011682863682, 19.472111075051632 ] ] ] } },
{ "type": "Feature", "properties": { "cve_edo": "29", "cve_mpo_ine": "023", "cve_edo_mpo_ine": "29023", "nom_mpo": "NATIVITAS", "nom_edo": "Tlaxcala", "alianza_ganadora": "Juntos Haremos Historia", "margen_pp": 24.517885502533463, "por_participacion": 69.085684430512018 }, "geometry": { "type": "Polygon", "coordinates": [ [ [ -98.37621076701322, 19.253800509493121 ], [ -98.359384895665286, 19.250009243659655 ], [ -98.358478973728381, 19.258571900723869 ], [ -98.355985510381601, 19.259254525200912 ], [ -98.349906219181761, 19.26994704636234 ], [ -98.341187482232925, 19.270961297978257 ], [ -98.324592884213445, 19.280203335447876 ], [ -98.328810225887906, 19.287644306357709 ], [ -98.32475122784696, 19.290659500631932 ], [ -98.31565861997376, 19.291394369194975 ], [ -98.298906166913753, 19.282676758038523 ], [ -98.298965903055915, 19.275053653657348 ], [ -98.306362697310476, 19.253357000563586 ], [ -98.307809927068391, 19.256943022537349 ], [ -98.314552247322894, 19.256305234930576 ], [ -98.315000455044441, 19.252877602068711 ], [ -98.318651099716135, 19.253504650253007 ], [ -98.3151551839821, 19.248827080204187 ], [ -98.317482554402886, 19.238512453274115 ], [ -98.311871916275663, 19.233412332066905 ], [ -98.299338205024767, 19.228351054968734 ], [ -98.293900786410504, 19.21279193478971 ], [ -98.306169321754211, 19.203268839118827 ], [ -98.303610735263092, 19.191513115912091 ], [ -98.300083056520009, 19.191928838107533 ], [ -98.296395214675059, 19.195678458370651 ], [ -98.288772323665228, 19.196321084564453 ], [ -98.286812860972589, 19.193255781280236 ], [ -98.295210448135634, 19.186381162426159 ], [ -98.306430715582735, 19.191763527097702 ], [ -98.312223087456786, 19.184799556434125 ], [ -98.301374330119756, 19.179005751429063 ], [ -98.306605562363572, 19.175057758074313 ], [ -98.316190396601272, 19.182008412072911 ], [ -98.324470149933248, 19.1683715893769 ], [ -98.342761756492109, 19.177882630624143 ], [ -98.339088874035653, 19.188950198383182 ], [ -98.333659909697275, 19.196061448013836 ], [ -98.371822220859954, 19.227360853908284 ], [ -98.36891166332191, 19.234868742974662 ], [ -98.385091993908247, 19.251859652403279 ], [ -98.37621076701322, 19.253800509493121 ] ] ] } },
{ "type": "Feature", "properties": { "cve_edo": "29", "cve_mpo_ine": "024", "cve_edo_mpo_ine": "29024", "nom_mpo": "PANOTLA", "nom_edo": "Tlaxcala", "alianza_ganadora": "Juntos Haremos Historia", "margen_pp": 32.309941520467838, "por_participacion": 69.017874303286561 }, "geometry": { "type": "Polygon", "coordinates": [ [ [ -98.257714315371445, 19.31658778768676 ], [ -98.261231514048703, 19.311801005703202 ], [ -98.292347140420787, 19.289877473974684 ], [ -98.310085346190476, 19.29706735812082 ], [ -98.313390406638334, 19.289288312929305 ], [ -98.319672227564823, 19.295607115518333 ], [ -98.320858724723323, 19.316416503277257 ], [ -98.31906472564944, 19.326520788275854 ], [ -98.312897865416986, 19.326324498995543 ], [ -98.306136097075907, 19.33867798963847 ], [ -98.301929522894156, 19.341120384451337 ], [ -98.300655708726183, 19.346994300091286 ], [ -98.310888479303685, 19.349379775403012 ], [ -98.309728310680654, 19.352069322144292 ], [ -98.311850546841441, 19.352534565436532 ], [ -98.305896240141237, 19.357243552395104 ], [ -98.309754561242613, 19.373451339174462 ], [ -98.308741238499408, 19.399240627677028 ], [ -98.305315434644911, 19.397852697257431 ], [ -98.302404402347634, 19.409889753503965 ], [ -98.301000020265391, 19.408364764500259 ], [ -98.299581117253467, 19.419141159676297 ], [ -98.284504011172416, 19.405755921157731 ], [ -98.28013910971606, 19.405732985024315 ], [ -98.278204985292547, 19.411078332993561 ], [ -98.273667540716858, 19.408560747439662 ], [ -98.250394812715314, 19.38426864509923 ], [ -98.248589583834999, 19.37877033393352 ], [ -98.254978527715508, 19.367433153501981 ], [ -98.255089787567115, 19.358541959276941 ], [ -98.252356681533641, 19.356890510483655 ], [ -98.247104074984577, 19.358179104701872 ], [ -98.243128310285655, 19.353011388806099 ], [ -98.252704419485653, 19.34922589565474 ], [ -98.250661433604165, 19.343552691581138 ], [ -98.254387956627397, 19.342728490911284 ], [ -98.264372280164437, 19.346488787964809 ], [ -98.266873702036932, 19.340352879602037 ], [ -98.272343776921232, 19.341816878455706 ], [ -98.267461561368108, 19.326271083372085 ], [ -98.269072679886577, 19.322308179323709 ], [ -98.272494820364912, 19.32264679874098 ], [ -98.272381450077177, 19.319872549186659 ], [ -98.275727905700222, 19.320393248801658 ], [ -98.276535075974877, 19.322694920694463 ], [ -98.289630863794358, 19.324782634584963 ], [ -98.289668569940986, 19.320649708735946 ], [ -98.257714315371445, 19.31658778768676 ] ] ] } },
{ "type": "Feature", "properties": { "cve_edo": "29", "cve_mpo_ine": "041", "cve_edo_mpo_ine": "29041", "nom_mpo": "PAPALOTLA DE XICOHTENCATL", "nom_edo": "Tlaxcala", "alianza_ganadora": "Juntos Haremos Historia", "margen_pp": 31.573658471226636, "por_participacion": 65.420519787877467 }, "geometry": { "type": "Polygon", "coordinates": [ [ [ -98.226092688502092, 19.145373558850014 ], [ -98.22985295649336, 19.148433576014931 ], [ -98.229887299048627, 19.15620017325304 ], [ -98.237699123403019, 19.155624351578087 ], [ -98.239541325358203, 19.158921353756632 ], [ -98.233065135547079, 19.158229998535067 ], [ -98.230359968207253, 19.165017240931189 ], [ -98.224160209209089, 19.166030748812918 ], [ -98.226076400376058, 19.173615875523858 ], [ -98.218946063458873, 19.174459662003954 ], [ -98.216445177804488, 19.191605638317505 ], [ -98.207280012535634, 19.196398471773882 ], [ -98.205107525720763, 19.199642963913469 ], [ -98.20753441815296, 19.203065783638078 ], [ -98.20431516249198, 19.205084309374818 ], [ -98.190571823096491, 19.203851880965285 ], [ -98.18897417811003, 19.197150053363778 ], [ -98.194092797324359, 19.196996567533002 ], [ -98.194046890140342, 19.190374678063147 ], [ -98.188647185678931, 19.189162361625506 ], [ -98.193397640928993, 19.185545075262745 ], [ -98.194795711198054, 19.179054974241289 ], [ -98.189544130791518, 19.175991591437931 ], [ -98.188525213693595, 19.172456565490727 ], [ -98.174060381475826, 19.17554491444222 ], [ -98.170328597888059, 19.178435278351234 ], [ -98.148436203631391, 19.180554050475425 ], [ -98.155730738080536, 19.167757148074358 ], [ -98.162924775219366, 19.164261605246313 ], [ -98.172098196897196, 19.161649837035792 ], [ -98.188616234628611, 19.161943192412146 ], [ -98.203537002503396, 19.156681543758619 ], [ -98.202536268760895, 19.152459448432328 ], [ -98.211946356224701, 19.150020193137983 ], [ -98.217178512683802, 19.142200303688835 ], [ -98.224439289592212, 19.137826600024994 ], [ -98.226092688502092, 19.145373558850014 ] ] ] } },
{ "type": "Feature", "properties": { "cve_edo": "29", "cve_mpo_ine": "053", "cve_edo_mpo_ine": "29053", "nom_mpo": "SAN DAMIAN TEXOLOC", "nom_edo": "Tlaxcala", "alianza_ganadora": "Juntos Haremos Historia", "margen_pp": 44.397717032141784, "por_participacion": 72.432550043516102 }, "geometry": { "type": "Polygon", "coordinates": [ [ [ -98.310085346190476, 19.29706735812082 ], [ -98.293146745890169, 19.287692500520244 ], [ -98.277426836066226, 19.282008727014095 ], [ -98.274305688594936, 19.278261596746653 ], [ -98.270536549101436, 19.280421975635157 ], [ -98.267895122598091, 19.279178926212698 ], [ -98.26810071710814, 19.276608026851569 ], [ -98.263635651568407, 19.274115415764101 ], [ -98.269126360261339, 19.272945816579835 ], [ -98.271305215249797, 19.275910614631396 ], [ -98.278958760479043, 19.272203023938086 ], [ -98.281153285422874, 19.273587904720749 ], [ -98.280987527041503, 19.268982680874817 ], [ -98.28496565234154, 19.269752342352032 ], [ -98.285686701245197, 19.265803032566165 ], [ -98.300850914556648, 19.270767178663135 ], [ -98.298906166913753, 19.282676758038523 ], [ -98.313390406638334, 19.289288312929305 ], [ -98.310085346190476, 19.29706735812082 ] ] ] } },
{ "type": "Feature", "properties": { "cve_edo": "29", "cve_mpo_ine": "051", "cve_edo_mpo_ine": "29051", "nom_mpo": "SAN FRANCISCO TETLANOHCAN", "nom_edo": "Tlaxcala", "alianza_ganadora": "Juntos Haremos Historia", "margen_pp": 33.871757219774842, "por_participacion": 72.071966133584198 }, "geometry": { "type": "Polygon", "coordinates": [ [ [ -98.171046283187437, 19.2735329921065 ], [ -98.17088459698644, 19.270766759273815 ], [ -98.15833287354954, 19.267615063489451 ], [ -98.156048157290257, 19.268804685069632 ], [ -98.153642654449882, 19.266162926111672 ], [ -98.146983191013831, 19.265386430079054 ], [ -98.14752011890694, 19.262764359168013 ], [ -98.144001024491473, 19.261984187647183 ], [ -98.143635432070624, 19.263558432252015 ], [ -98.122570164000351, 19.26228802157695 ], [ -98.100594425694126, 19.257214100504289 ], [ -98.080224102597086, 19.255571276252081 ], [ -98.071591782700381, 19.251245657666203 ], [ -98.031268418393623, 19.249161965639836 ], [ -98.031022120886007, 19.230721878709165 ], [ -98.062242076142041, 19.233723751539927 ], [ -98.118853445938541, 19.249134075607703 ], [ -98.132625416675722, 19.24839536688874 ], [ -98.140992111186463, 19.252354217204509 ], [ -98.146752441283013, 19.250038890143042 ], [ -98.147922553419207, 19.252888911587213 ], [ -98.165145789293902, 19.254703631891548 ], [ -98.173833859774703, 19.254668265590087 ], [ -98.179125196438449, 19.252384070733594 ], [ -98.178736627498964, 19.255224451927866 ], [ -98.182284288618675, 19.255145446923319 ], [ -98.179306207613948, 19.261784094468975 ], [ -98.184810372575868, 19.26546862908075 ], [ -98.175443987400541, 19.2692996531608 ], [ -98.176459136027773, 19.271491793244245 ], [ -98.174335805845132, 19.273309095876801 ], [ -98.171046283187437, 19.2735329921065 ] ] ] } },
{ "type": "Feature", "properties": { "cve_edo": "29", "cve_mpo_ine": "056", "cve_edo_mpo_ine": "29056", "nom_mpo": "SAN JERONIMO ZACUALPAN", "nom_edo": "Tlaxcala", "alianza_ganadora": "Juntos Haremos Historia", "margen_pp": 35.386984982672317, "por_participacion": 82.8125 }, "geometry": { "type": "Polygon", "coordinates": [ [ [ -98.253942967843074, 19.26158628897943 ], [ -98.253029516133608, 19.256947956582255 ], [ -98.24902023867854, 19.253593970758285 ], [ -98.249038472627802, 19.247405846393544 ], [ -98.261980549008271, 19.237885953436496 ], [ -98.263355355984842, 19.232722606881868 ], [ -98.269616557657429, 19.228163069943427 ], [ -98.279701003672528, 19.237337791036271 ], [ -98.274468928538155, 19.239835686917445 ], [ -98.274294740946829, 19.25060604567576 ], [ -98.267673575353271, 19.255553775149874 ], [ -98.266967424690634, 19.260967323961864 ], [ -98.257708026287403, 19.254891054877348 ], [ -98.262666691570786, 19.263737197142387 ], [ -98.253942967843074, 19.26158628897943 ] ] ] } },
{ "type": "Feature", "properties": { "cve_edo": "29", "cve_mpo_ine": "050", "cve_edo_mpo_ine": "29050", "nom_mpo": "SAN JOSE TEACALCO", "nom_edo": "Tlaxcala", "alianza_ganadora": "Juntos Haremos Historia", "margen_pp": 2.6949541284403669, "por_participacion": 78.664862426702754 }, "geometry": { "type": "Polygon", "coordinates": [ [ [ -98.034351458368761, 19.357835172707578 ], [ -98.033994533426039, 19.33528749803676 ], [ -98.029545313146102, 19.329329077360711 ], [ -98.029026737725019, 19.323730904972781 ], [ -98.032633312072051, 19.319823860093788 ], [ -98.035907865574231, 19.304270326543662 ], [ -98.045908686646413, 19.29755571066752 ], [ -98.046579906863101, 19.300088774922877 ], [ -98.053323875982073, 19.297366799736174 ], [ -98.063039215616456, 19.310414342630299 ], [ -98.087519102479391, 19.326483535436871 ], [ -98.086900430857042, 19.332336980948273 ], [ -98.081793154141849, 19.334803728341051 ], [ -98.07781872815147, 19.350601251492758 ], [ -98.061209177456718, 19.341089125229676 ], [ -98.054513453908825, 19.346712365988274 ], [ -98.053038802383952, 19.35276397277071 ], [ -98.054551246128753, 19.354660853660537 ], [ -98.043915534865832, 19.353566180445615 ], [ -98.041666208890007, 19.355605943483628 ], [ -98.035722748925338, 19.355401589445453 ], [ -98.034351458368761, 19.357835172707578 ] ] ] } },
{ "type": "Feature", "properties": { "cve_edo": "29", "cve_mpo_ine": "047", "cve_edo_mpo_ine": "29047", "nom_mpo": "SAN JUAN HUACTZINCO", "nom_edo": "Tlaxcala", "alianza_ganadora": "Juntos Haremos Historia", "margen_pp": 30.083691472517529, "por_participacion": 79.130123500984425 }, "geometry": { "type": "Polygon", "coordinates": [ [ [ -98.248586651383604, 19.249057871629653 ], [ -98.248385760910239, 19.246672134683582 ], [ -98.242303240425642, 19.24592690413736 ], [ -98.244843617436899, 19.242113609042271 ], [ -98.243651066622064, 19.229816800722936 ], [ -98.260847664669512, 19.22424383401723 ], [ -98.269544988305995, 19.227632298522312 ], [ -98.263355355984842, 19.232722606881868 ], [ -98.261980549008271, 19.237885953436496 ], [ -98.251747756376545, 19.244369200064558 ], [ -98.248586651383604, 19.249057871629653 ] ] ] } },
{ "type": "Feature", "properties": { "cve_edo": "29", "cve_mpo_ine": "059", "cve_edo_mpo_ine": "29059", "nom_mpo": "SAN LORENZO AXOCOMANITLA", "nom_edo": "Tlaxcala", "alianza_ganadora": "Juntos Haremos Historia", "margen_pp": 21.881838074398249, "por_participacion": 81.1105476673428 }, "geometry": { "type": "Polygon", "coordinates": [ [ [ -98.24507036716507, 19.228384230771344 ], [ -98.244670435585221, 19.221705294632329 ], [ -98.246200054759569, 19.222701103369893 ], [ -98.248447364408662, 19.219418657375417 ], [ -98.260914285166578, 19.223534983320963 ], [ -98.260076969031743, 19.225887726092868 ], [ -98.24507036716507, 19.228384230771344 ] ] ] } },
{ "type": "Feature", "properties": { "cve_edo": "29", "cve_mpo_ine": "057", "cve_edo_mpo_ine": "29057", "nom_mpo": "SAN LUCAS TECOPILCO", "nom_edo": "Tlaxcala", "alianza_ganadora": "Juntos Haremos Historia", "margen_pp": 9.8663926002055504, "por_participacion": 76.735015772870668 }, "geometry": { "type": "Polygon", "coordinates": [ [ [ -98.258178053910143, 19.502772307536443 ], [ -98.247716215716252, 19.504729807891628 ], [ -98.246932817321635, 19.507003382413608 ], [ -98.241568168932332, 19.505805472887729 ], [ -98.224320403471609, 19.48970921667248 ], [ -98.235949324460051, 19.486364010270815 ], [ -98.238447270282748, 19.483011407473523 ], [ -98.239363256817086, 19.484281004181767 ], [ -98.244411194418234, 19.476497356740243 ], [ -98.237790840114016, 19.465993654305141 ], [ -98.234595457174862, 19.465164795980883 ], [ -98.248605512265755, 19.463246268135265 ], [ -98.250630661693549, 19.454664185325175 ], [ -98.260906916279595, 19.478094406286154 ], [ -98.281749097280098, 19.481106702860679 ], [ -98.287474341924181, 19.486024260098844 ], [ -98.285929845126262, 19.499979334099248 ], [ -98.27681267304402, 19.499958646792553 ], [ -98.268591089838537, 19.503797367523877 ], [ -98.258178053910143, 19.502772307536443 ] ] ] } },
{ "type": "Feature", "properties": { "cve_edo": "29", "cve_mpo_ine": "025", "cve_edo_mpo_ine": "29025", "nom_mpo": "SAN PABLO DEL MONTE", "nom_edo": "Tlaxcala", "alianza_ganadora": "Juntos Haremos Historia", "margen_pp": 12.432793901297313, "por_participacion": 64.137315788570731 }, "geometry": { "type": "Polygon", "coordinates": [ [ [ -98.159424708956024, 19.111011546932705 ], [ -98.161151689791083, 19.107122892069452 ], [ -98.165895430832549, 19.104779628559513 ], [ -98.186810301634424, 19.116021128523812 ], [ -98.205105170405133, 19.115535014545681 ], [ -98.19408883542215, 19.11968198152022 ], [ -98.191243054748043, 19.123433540813593 ], [ -98.196264623081902, 19.126922832153138 ], [ -98.167803772334366, 19.146998812838088 ], [ -98.128661282666826, 19.214605139646949 ], [ -98.111351849764404, 19.216178628250233 ], [ -98.109636816401903, 19.201072605152227 ], [ -98.104569001052113, 19.194241268796929 ], [ -98.101384135927162, 19.182757898730294 ], [ -98.10029318770448, 19.167249406230056 ], [ -98.094821459962077, 19.164915117616935 ], [ -98.101975106752775, 19.158447954166114 ], [ -98.107986760100474, 19.145598838061563 ], [ -98.120770881035767, 19.130956983398409 ], [ -98.135329359470489, 19.119190576130379 ], [ -98.154058352566807, 19.108026263710322 ], [ -98.159424708956024, 19.111011546932705 ] ] ] } },
{ "type": "Feature", "properties": { "cve_edo": "29", "cve_mpo_ine": "020", "cve_edo_mpo_ine": "29020", "nom_mpo": "SANCTORUM DE LAZARO CARDENAS", "nom_edo": "Tlaxcala", "alianza_ganadora": "Va por México", "margen_pp": 4.4928825622775799, "por_participacion": 65.501165501165502 }, "geometry": { "type": "MultiPolygon", "coordinates": [ [ [ [ -98.542219939194737, 19.46560250353571 ], [ -98.539776487858205, 19.469173949759284 ], [ -98.53524497530789, 19.466022439426609 ], [ -98.533147881221808, 19.468597359618208 ], [ -98.529684823126189, 19.467893987446288 ], [ -98.527623053512798, 19.477193150572202 ], [ -98.516646077924761, 19.474875309003981 ], [ -98.519358445716762, 19.477779307256665 ], [ -98.517316777063044, 19.479814393835685 ], [ -98.517594334497957, 19.488074350494781 ], [ -98.504823645472314, 19.493732350594907 ], [ -98.502922319678916, 19.48941749007523 ], [ -98.495256552521454, 19.484740066534112 ], [ -98.495101937140234, 19.481486140971501 ], [ -98.505937223699931, 19.467617204716408 ], [ -98.50625530722769, 19.461058753165066 ], [ -98.498982040890212, 19.460439747224775 ], [ -98.495497200459369, 19.455377386394922 ], [ -98.500055122175368, 19.452428159074785 ], [ -98.494113849989247, 19.44848766505962 ], [ -98.498624844574024, 19.446101065261466 ], [ -98.499709702490406, 19.441901476995273 ], [ -98.49359984344386, 19.430868365251023 ], [ -98.501864283267551, 19.430556043823753 ], [ -98.506474032436458, 19.432719937679209 ], [ -98.509414669579272, 19.427219521416884 ], [ -98.514277795024, 19.426658823830021 ], [ -98.521626898190945, 19.429920786992263 ], [ -98.521945213081167, 19.433730575001764 ], [ -98.539419860411058, 19.452736590407703 ], [ -98.542219939194737, 19.46560250353571 ] ] ], [ [ [ -98.479013799674306, 19.490263030195003 ], [ -98.477784750402179, 19.493730490021132 ], [ -98.48292175035229, 19.492281940118257 ], [ -98.485186349671324, 19.497857050041862 ], [ -98.501165211491212, 19.499121751019416 ], [ -98.495082898714202, 19.500870367960843 ], [ -98.492646897507456, 19.50622596576429 ], [ -98.484027190271149, 19.506478563766837 ], [ -98.480157314705508, 19.511815662921009 ], [ -98.471273548709149, 19.514987485349597 ], [ -98.467486043105197, 19.512396690120806 ], [ -98.446124645169718, 19.511756065897963 ], [ -98.43071693496573, 19.502961446597066 ], [ -98.424476572875619, 19.504433467895481 ], [ -98.436816827346689, 19.515872736616863 ], [ -98.439628818070133, 19.524293616205789 ], [ -98.435282230759483, 19.566052572384717 ], [ -98.473014161493552, 19.5744247531781 ], [ -98.478962972191198, 19.589653721114864 ], [ -98.491664948363223, 19.60756246548468 ], [ -98.490647731075327, 19.610102165719216 ], [ -98.492869228148024, 19.613784292877373 ], [ -98.490442765231379, 19.619577446845874 ], [ -98.466775055087012, 19.612954789524988 ], [ -98.461480118256361, 19.613602926262889 ], [ -98.457030282555593, 19.616907159944738 ], [ -98.449878976669169, 19.617204628762376 ], [ -98.443450030260081, 19.615027454262044 ], [ -98.442027382479608, 19.612034133534017 ], [ -98.41054649593471, 19.616883373433982 ], [ -98.41219980575292, 19.605758916592208 ], [ -98.455569215269108, 19.61128511960522 ], [ -98.460434205086543, 19.595818391576227 ], [ -98.452928722853571, 19.59308341793324 ], [ -98.455005310103246, 19.574295828825424 ], [ -98.437010958389763, 19.570102511609548 ], [ -98.438577079584945, 19.583270391409393 ], [ -98.435508124958403, 19.582680754282901 ], [ -98.433580927775438, 19.586059099841759 ], [ -98.426531283499244, 19.583977046136813 ], [ -98.430066590851567, 19.57939947260844 ], [ -98.383896966221883, 19.573139675257579 ], [ -98.390021013046152, 19.569444646764467 ], [ -98.393770954560523, 19.564491174026909 ], [ -98.392672464161336, 19.560990340248285 ], [ -98.397628225438851, 19.556803222024357 ], [ -98.392720025370124, 19.55195341173328 ], [ -98.395474726781785, 19.547397780689852 ], [ -98.391987856580855, 19.544271502129675 ], [ -98.393549514433829, 19.541437107235559 ], [ -98.406641298861871, 19.533779057963866 ], [ -98.414203594765382, 19.533158824241557 ], [ -98.418918985070036, 19.529340214358299 ], [ -98.417637004219202, 19.519866563480281 ], [ -98.408391985969672, 19.51075780362974 ], [ -98.410328538792839, 19.503904507286034 ], [ -98.397886412888482, 19.503438410447217 ], [ -98.398621666420482, 19.497257030694431 ], [ -98.393386670080645, 19.500078595196243 ], [ -98.394808818260415, 19.489182651548663 ], [ -98.413055414935386, 19.491341983273482 ], [ -98.422942822467277, 19.499103632225903 ], [ -98.426756920530138, 19.499601484947842 ], [ -98.432668008581302, 19.497068998438134 ], [ -98.437795242398067, 19.49001209142606 ], [ -98.444192495740211, 19.491173328228445 ], [ -98.446621517465957, 19.484075084199773 ], [ -98.458723400015131, 19.488721313349473 ], [ -98.469169549950735, 19.484356199740109 ], [ -98.472867777635031, 19.485213628951733 ], [ -98.474581879888831, 19.488791109391194 ], [ -98.47603857732679, 19.487483115091344 ], [ -98.479013799674306, 19.490263030195003 ] ] ] ] } },
{ "type": "Feature", "properties": { "cve_edo": "29", "cve_mpo_ine": "058", "cve_edo_mpo_ine": "29058", "nom_mpo": "SANTA ANA NOPALUCAN", "nom_edo": "Tlaxcala", "alianza_ganadora": "Juntos Haremos Historia", "margen_pp": 32.259497889357924, "por_participacion": 78.82661996497373 }, "geometry": { "type": "Polygon", "coordinates": [ [ [ -98.344655636091062, 19.3029281117498 ], [ -98.35077795572677, 19.306156277476504 ], [ -98.342932050471902, 19.310575729853632 ], [ -98.343994891805124, 19.311512215635528 ], [ -98.32048378708312, 19.316526426383639 ], [ -98.320546062323771, 19.297839075970707 ], [ -98.31565861997376, 19.291394369194975 ], [ -98.323233257222313, 19.291183485635024 ], [ -98.328810225887906, 19.287644306357709 ], [ -98.324592884213445, 19.280203335447876 ], [ -98.341187482232925, 19.270961297978257 ], [ -98.349906219181761, 19.26994704636234 ], [ -98.338428234391841, 19.278781601865113 ], [ -98.34106593288827, 19.297920273790467 ], [ -98.344655636091062, 19.3029281117498 ] ] ] } },
{ "type": "Feature", "properties": { "cve_edo": "29", "cve_mpo_ine": "045", "cve_edo_mpo_ine": "29045", "nom_mpo": "SANTA APOLONIA TEACALCO", "nom_edo": "Tlaxcala", "alianza_ganadora": "Juntos Haremos Historia", "margen_pp": 35.640695428203479, "por_participacion": 82.299947005829353 }, "geometry": { "type": "Polygon", "coordinates": [ [ [ -98.307809927068391, 19.256943022537349 ], [ -98.302060986383822, 19.244632308562721 ], [ -98.300969842628305, 19.22890272635447 ], [ -98.311871916275663, 19.233412332066905 ], [ -98.317482554402886, 19.238512453274115 ], [ -98.3151551839821, 19.248827080204187 ], [ -98.318651099716135, 19.253504650253007 ], [ -98.315000455044441, 19.252877602068711 ], [ -98.314552247322894, 19.256305234930576 ], [ -98.307809927068391, 19.256943022537349 ] ] ] } },
{ "type": "Feature", "properties": { "cve_edo": "29", "cve_mpo_ine": "048", "cve_edo_mpo_ine": "29048", "nom_mpo": "SANTA CATARINA AYOMETLA", "nom_edo": "Tlaxcala", "alianza_ganadora": "Juntos Haremos Historia", "margen_pp": 31.183991106170094, "por_participacion": 75.53533939818054 }, "geometry": { "type": "Polygon", "coordinates": [ [ [ -98.197043919853769, 19.209960189882544 ], [ -98.195475482574068, 19.20419250653098 ], [ -98.204036827252409, 19.205177386701596 ], [ -98.20753441815296, 19.203065783638078 ], [ -98.205107525720763, 19.199642963913469 ], [ -98.207280012535634, 19.196398471773882 ], [ -98.216445177804488, 19.191605638317505 ], [ -98.218946063458873, 19.174459662003954 ], [ -98.226076400376058, 19.173615875523858 ], [ -98.231569990030295, 19.193697420556276 ], [ -98.230487171965819, 19.207334977400542 ], [ -98.214969042233051, 19.206036824706295 ], [ -98.212630916063887, 19.2108486543585 ], [ -98.197043919853769, 19.209960189882544 ] ] ] } },
{ "type": "Feature", "properties": { "cve_edo": "29", "cve_mpo_ine": "046", "cve_edo_mpo_ine": "29046", "nom_mpo": "SANTA CRUZ QUILEHTLA", "nom_edo": "Tlaxcala", "alianza_ganadora": "Juntos Haremos Historia", "margen_pp": 49.442379182156131, "por_participacion": 72.857419230025144 }, "geometry": { "type": "MultiPolygon", "coordinates": [ [ [ [ -98.19654338552786, 19.210109387108549 ], [ -98.189750050415554, 19.209737427778531 ], [ -98.171352983431788, 19.21400804370883 ], [ -98.156317829934807, 19.212538763828796 ], [ -98.126485260594592, 19.218315031950823 ], [ -98.138968146566228, 19.196618040593918 ], [ -98.153815810806947, 19.192417187883549 ], [ -98.183246735890904, 19.191705694700921 ], [ -98.188647185678931, 19.189162361625506 ], [ -98.194046890140342, 19.190374678063147 ], [ -98.194092797324359, 19.196996567533002 ], [ -98.18897417811003, 19.197150053363778 ], [ -98.190571823096491, 19.203851880965285 ], [ -98.195559821488715, 19.204438013606502 ], [ -98.19654338552786, 19.210109387108549 ] ] ], [ [ [ -98.213292990932416, 19.216365054957802 ], [ -98.21361708345944, 19.214113834502278 ], [ -98.206554013784057, 19.212285371692822 ], [ -98.212630916063887, 19.2108486543585 ], [ -98.214969042233051, 19.206036824706295 ], [ -98.230487171965819, 19.207334977400542 ], [ -98.230068344106002, 19.220475973467263 ], [ -98.213292990932416, 19.216365054957802 ] ] ] ] } },
{ "type": "Feature", "properties": { "cve_edo": "29", "cve_mpo_ine": "026", "cve_edo_mpo_ine": "29026", "nom_mpo": "SANTA CRUZ TLAXCALA", "nom_edo": "Tlaxcala", "alianza_ganadora": "Juntos Haremos Historia", "margen_pp": 18.546627454700694, "por_participacion": 67.483994878361074 }, "geometry": { "type": "Polygon", "coordinates": [ [ [ -98.123037704466739, 19.362651795190384 ], [ -98.123127742427002, 19.357936990242322 ], [ -98.118106101330184, 19.353477858274079 ], [ -98.122812391338798, 19.346942438900843 ], [ -98.111748305141901, 19.335742780644164 ], [ -98.109560607577095, 19.339211571667423 ], [ -98.095442840616016, 19.325385355977311 ], [ -98.087340807763653, 19.327241050730635 ], [ -98.073004773806545, 19.316999219804362 ], [ -98.079696213143237, 19.308640426175806 ], [ -98.085044173587988, 19.310630087217238 ], [ -98.092312308246832, 19.318242822408994 ], [ -98.099372520027032, 19.320524557982274 ], [ -98.105558416796441, 19.319489396403785 ], [ -98.110422410480041, 19.322483132104473 ], [ -98.115887266568464, 19.317761859024987 ], [ -98.146038626859948, 19.338127242596727 ], [ -98.155328328520014, 19.339044725947609 ], [ -98.152020141982746, 19.344466174380514 ], [ -98.158388263506254, 19.351651012534646 ], [ -98.161103074338783, 19.358518534851854 ], [ -98.15729910547293, 19.358016445547758 ], [ -98.156422564508063, 19.363131573029058 ], [ -98.149952672105087, 19.372580596831533 ], [ -98.140102627694048, 19.377988290229005 ], [ -98.139645028785182, 19.382306280268772 ], [ -98.135910515827021, 19.383785387271654 ], [ -98.139297036250738, 19.393011023849631 ], [ -98.130568769620709, 19.395617708619728 ], [ -98.132553980296962, 19.402116678881761 ], [ -98.125018454008853, 19.404412223426284 ], [ -98.121912500460851, 19.396858530847659 ], [ -98.128458797675322, 19.377454652381719 ], [ -98.127421084941375, 19.374315948724288 ], [ -98.130098712091453, 19.372123787066069 ], [ -98.127980456695184, 19.369921937772148 ], [ -98.128856392566007, 19.365264152238506 ], [ -98.123037704466739, 19.362651795190384 ] ] ] } },
{ "type": "Feature", "properties": { "cve_edo": "29", "cve_mpo_ine": "049", "cve_edo_mpo_ine": "29049", "nom_mpo": "SANTA ISABEL XILOXOXTLA", "nom_edo": "Tlaxcala", "alianza_ganadora": "Juntos Haremos Historia", "margen_pp": 20.289272800321413, "por_participacion": 74.055340672418922 }, "geometry": { "type": "Polygon", "coordinates": [ [ [ -98.218921463049796, 19.278123004943414 ], [ -98.212247885493284, 19.27617933238044 ], [ -98.214347459834741, 19.268635167376015 ], [ -98.198697675532316, 19.26567379449185 ], [ -98.200003912099731, 19.260549420737071 ], [ -98.195400605203517, 19.258336624336778 ], [ -98.196210270770436, 19.249956797332384 ], [ -98.199167873752117, 19.25329990196926 ], [ -98.200607028236817, 19.250555539749687 ], [ -98.206121794604044, 19.251920305135844 ], [ -98.20708580417849, 19.254408485089499 ], [ -98.215102734826843, 19.256958557207295 ], [ -98.215259138793911, 19.259524365602484 ], [ -98.219221117674152, 19.260722684552757 ], [ -98.217206818539225, 19.265791303797531 ], [ -98.220385140418216, 19.269714969938232 ], [ -98.218921463049796, 19.278123004943414 ] ] ] } },
{ "type": "Feature", "properties": { "cve_edo": "29", "cve_mpo_ine": "027", "cve_edo_mpo_ine": "29027", "nom_mpo": "TENANCINGO", "nom_edo": "Tlaxcala", "alianza_ganadora": "Juntos Haremos Historia", "margen_pp": 15.479651162790697, "por_participacion": 60.383982446516725 }, "geometry": { "type": "Polygon", "coordinates": [ [ [ -98.155730738080536, 19.167757148074358 ], [ -98.168202789242969, 19.146500392720849 ], [ -98.186651848041507, 19.133831828574735 ], [ -98.19036845290708, 19.139270801559103 ], [ -98.197177959569828, 19.138948167458327 ], [ -98.207951609717924, 19.132568133852047 ], [ -98.224439289592212, 19.137826600024994 ], [ -98.217178512683802, 19.142200303688835 ], [ -98.211946356224701, 19.150020193137983 ], [ -98.202536268760895, 19.152459448432328 ], [ -98.203537002503396, 19.156681543758619 ], [ -98.188616234628611, 19.161943192412146 ], [ -98.172098196897196, 19.161649837035792 ], [ -98.155730738080536, 19.167757148074358 ] ] ] } },
{ "type": "Feature", "properties": { "cve_edo": "29", "cve_mpo_ine": "028", "cve_edo_mpo_ine": "29028", "nom_mpo": "TEOLOCHOLCO", "nom_edo": "Tlaxcala", "alianza_ganadora": "Juntos Haremos Historia", "margen_pp": 40.605787974209029, "por_participacion": 74.61818181818181 }, "geometry": { "type": "Polygon", "coordinates": [ [ [ -98.094709619737415, 19.165559842895782 ], [ -98.100293187706455, 19.167249405809859 ], [ -98.101384135929123, 19.182757898312239 ], [ -98.10456900105406, 19.194241268380331 ], [ -98.109636816403878, 19.201072604736471 ], [ -98.111351849766351, 19.216178627836435 ], [ -98.128661282668773, 19.214605139232987 ], [ -98.124547417672375, 19.222513166670318 ], [ -98.140176180494564, 19.218999562479752 ], [ -98.162160627138846, 19.220588065364389 ], [ -98.166844123418244, 19.223827319713223 ], [ -98.175138646222777, 19.224566734229935 ], [ -98.176115705120253, 19.230295276762398 ], [ -98.184158129685002, 19.229445192557922 ], [ -98.197379543687788, 19.232053101552726 ], [ -98.196585766750744, 19.228621277856455 ], [ -98.200059843970791, 19.227782808999638 ], [ -98.221914973180759, 19.226345215085821 ], [ -98.227535965987883, 19.230419353827109 ], [ -98.226118676579631, 19.234382019265997 ], [ -98.216390598628905, 19.234022745636445 ], [ -98.209100431197356, 19.236172203411243 ], [ -98.206121794605892, 19.251920304726667 ], [ -98.200607028238664, 19.250555539340439 ], [ -98.199167873753979, 19.253299901560279 ], [ -98.19625663377677, 19.249944180790006 ], [ -98.195653935223874, 19.255410257414272 ], [ -98.178736627498964, 19.255224451927866 ], [ -98.179125196438449, 19.252384070733594 ], [ -98.173833859774703, 19.254668265590087 ], [ -98.165145789293902, 19.254703631891548 ], [ -98.147922553419207, 19.252888911587213 ], [ -98.146752441283013, 19.250038890143042 ], [ -98.140992111186463, 19.252354217204509 ], [ -98.132625416675722, 19.24839536688874 ], [ -98.118853445938541, 19.249134075607703 ], [ -98.062242076142041, 19.233723751539927 ], [ -98.031022120886007, 19.230721878709165 ], [ -98.034713623183976, 19.228905771641497 ], [ -98.034700602384319, 19.218925628619921 ], [ -98.040894900212578, 19.211024750855866 ], [ -98.057974974817256, 19.196031622427522 ], [ -98.066690579646789, 19.18500181395958 ], [ -98.094709619737415, 19.165559842895782 ] ] ] } },
{ "type": "Feature", "properties": { "cve_edo": "29", "cve_mpo_ine": "019", "cve_edo_mpo_ine": "29019", "nom_mpo": "TEPETITLA DE LARDIZABAL", "nom_edo": "Tlaxcala", "alianza_ganadora": "Juntos Haremos Historia", "margen_pp": 43.151621727237199, "por_participacion": 66.094143475172729 }, "geometry": { "type": "Polygon", "coordinates": [ [ [ -98.385091993909768, 19.251859651994089 ], [ -98.39599420518266, 19.265089579574489 ], [ -98.38713984696669, 19.269047482387993 ], [ -98.401534708937703, 19.282164692475241 ], [ -98.397460374587283, 19.287290782238703 ], [ -98.403439007806412, 19.288479407995364 ], [ -98.414390497945746, 19.286763048525692 ], [ -98.424113651348563, 19.296243518450812 ], [ -98.422057086935027, 19.319952962143642 ], [ -98.414099384845315, 19.319208089154866 ], [ -98.4013811673493, 19.31095854373547 ], [ -98.393930002311507, 19.309278417771246 ], [ -98.387256285128046, 19.299979283732355 ], [ -98.378452288984832, 19.302790570547206 ], [ -98.370935067010791, 19.291753186169498 ], [ -98.364078133959737, 19.293170431320966 ], [ -98.362079041772574, 19.288080163322014 ], [ -98.351711185429949, 19.284375651224781 ], [ -98.349906219183339, 19.26994704595549 ], [ -98.355985510383164, 19.259254524792738 ], [ -98.358478973729945, 19.258571900315481 ], [ -98.35878398423273, 19.250600453109858 ], [ -98.372906898993961, 19.254390673476809 ], [ -98.385091993909768, 19.251859651994089 ] ] ] } },
{ "type": "Feature", "properties": { "cve_edo": "29", "cve_mpo_ine": "029", "cve_edo_mpo_ine": "29029", "nom_mpo": "TEPEYANCO", "nom_edo": "Tlaxcala", "alianza_ganadora": "Juntos Haremos Historia", "margen_pp": 29.355024474517709, "por_participacion": 74.680141920223633 }, "geometry": { "type": "Polygon", "coordinates": [ [ [ -98.221239665223933, 19.275762091535618 ], [ -98.219026790180877, 19.271983647194872 ], [ -98.220287477212807, 19.269160887783858 ], [ -98.217206818539225, 19.265791303797531 ], [ -98.219221117674152, 19.260722684552757 ], [ -98.206044667798622, 19.252439777970299 ], [ -98.209100431195509, 19.236172203822409 ], [ -98.216390598627058, 19.234022746047899 ], [ -98.226118676577826, 19.234382019677504 ], [ -98.227535965986078, 19.230419354239075 ], [ -98.221914973178912, 19.226345215498341 ], [ -98.21104040566901, 19.227247439700996 ], [ -98.213216267069924, 19.216278168577919 ], [ -98.233055584323438, 19.221748431679792 ], [ -98.232276310984773, 19.225307600724221 ], [ -98.236113823973497, 19.230182356217604 ], [ -98.240642595906635, 19.232579996642134 ], [ -98.242442879936064, 19.231196978054747 ], [ -98.244843617436899, 19.242113609042271 ], [ -98.242303240425642, 19.24592690413736 ], [ -98.248385760910239, 19.246672134683582 ], [ -98.24902023867854, 19.253593970758285 ], [ -98.253528113588786, 19.258674446944038 ], [ -98.253689920362817, 19.261051503111069 ], [ -98.246067839176007, 19.267760532697537 ], [ -98.243312066403703, 19.267918290122807 ], [ -98.242822470351541, 19.263871004586932 ], [ -98.239951446950101, 19.261775395794317 ], [ -98.233941184775048, 19.260856416839417 ], [ -98.225842349714725, 19.266930542643301 ], [ -98.225778654619447, 19.274775853191208 ], [ -98.221239665223933, 19.275762091535618 ] ] ] } },
{ "type": "Feature", "properties": { "cve_edo": "29", "cve_mpo_ine": "030", "cve_edo_mpo_ine": "29030", "nom_mpo": "TERRENATE", "nom_edo": "Tlaxcala", "alianza_ganadora": "Juntos Haremos Historia", "margen_pp": 18.193779904306218, "por_participacion": 77.364427170090693 }, "geometry": { "type": "Polygon", "coordinates": [ [ [ -97.882550242162637, 19.505202567232168 ], [ -97.886555174586107, 19.502752579608629 ], [ -97.87949419112833, 19.497302450356891 ], [ -97.879430901398976, 19.488434919699973 ], [ -97.871217152052793, 19.491012339658617 ], [ -97.868981502801162, 19.487594417364395 ], [ -97.857766586532136, 19.491801281548945 ], [ -97.850430332067674, 19.485145961923205 ], [ -97.846892877616895, 19.473926203417228 ], [ -97.857350180370801, 19.464906660058169 ], [ -97.861904576308234, 19.455957015036951 ], [ -97.86831842567959, 19.45696839444556 ], [ -97.884133593202733, 19.453755197155587 ], [ -97.896219052419013, 19.445079370527488 ], [ -97.900064649999294, 19.436536658041884 ], [ -97.90625383017283, 19.4414809899394 ], [ -97.909943135716247, 19.440767858462124 ], [ -97.910188882161705, 19.435093446588901 ], [ -97.905725127407692, 19.427637037339096 ], [ -97.912960003243313, 19.414193259462476 ], [ -97.918068796058236, 19.416724401904272 ], [ -97.919517179641261, 19.422413755407849 ], [ -97.928681448603953, 19.422949912630926 ], [ -97.930508208227607, 19.426404999966952 ], [ -97.939244540188724, 19.423746377756849 ], [ -97.948054514348669, 19.424609966871021 ], [ -97.958356801909019, 19.418027557226338 ], [ -97.966060897627045, 19.418549288017548 ], [ -97.969066087711369, 19.416378834009286 ], [ -97.96791267285937, 19.413448379644162 ], [ -97.984458722595122, 19.428605081166868 ], [ -97.99251024951559, 19.442101764376194 ], [ -97.997788893557399, 19.438096911757661 ], [ -98.005824674874333, 19.43917098891507 ], [ -97.999044034128502, 19.448750894390617 ], [ -97.989490913582614, 19.455031532224289 ], [ -97.982475080359109, 19.471813025021007 ], [ -97.982235749553553, 19.479719148702156 ], [ -97.995528883144502, 19.487057746084666 ], [ -97.987023057728265, 19.502261195552659 ], [ -97.981136097941175, 19.505816281659527 ], [ -97.980678098151131, 19.519610354180742 ], [ -97.97169311432971, 19.532793186730704 ], [ -97.951828537137743, 19.546378983522111 ], [ -97.943497831981446, 19.539262846885201 ], [ -97.931993086466619, 19.538375240461441 ], [ -97.93227437356326, 19.534524272630858 ], [ -97.925983598584395, 19.532728853503173 ], [ -97.920466014432463, 19.534586285806139 ], [ -97.913178575209656, 19.542435882997182 ], [ -97.907320171623027, 19.54346118430594 ], [ -97.882169755358532, 19.53996250228845 ], [ -97.870577577066513, 19.541390513521641 ], [ -97.868718249059938, 19.545102659285345 ], [ -97.866725261501344, 19.540941096688858 ], [ -97.869021102288329, 19.535078370709488 ], [ -97.86654431166599, 19.532196859559988 ], [ -97.875692548036398, 19.525236197940796 ], [ -97.877735705511384, 19.520821238376758 ], [ -97.880527791764735, 19.521882341702884 ], [ -97.885056598328546, 19.515003667309603 ], [ -97.882550242162637, 19.505202567232168 ] ] ] } },
{ "type": "Feature", "properties": { "cve_edo": "29", "cve_mpo_ine": "031", "cve_edo_mpo_ine": "29031", "nom_mpo": "TETLA DE LA SOLIDARIDAD", "nom_edo": "Tlaxcala", "alianza_ganadora": "Otros", "margen_pp": 5.7943286641612577, "por_participacion": 63.136324417601386 }, "geometry": { "type": "Polygon", "coordinates": [ [ [ -98.138207569977467, 19.424354641393776 ], [ -98.143812919132358, 19.42583081233532 ], [ -98.147535222560293, 19.432785629628018 ], [ -98.136850559606046, 19.441096775903727 ], [ -98.141059378493409, 19.443924055349935 ], [ -98.148161975798814, 19.443193122066234 ], [ -98.146442376037243, 19.448829666527558 ], [ -98.149525748731378, 19.449529803823435 ], [ -98.147526382515181, 19.456798351095646 ], [ -98.152327901126043, 19.45943848869311 ], [ -98.153902894372365, 19.457017485163846 ], [ -98.156988818123153, 19.479248897212958 ], [ -98.16007695619507, 19.479566971885447 ], [ -98.164207545567038, 19.472606781953452 ], [ -98.171509320538519, 19.470685568945548 ], [ -98.178309733042795, 19.473769845920945 ], [ -98.179776521043479, 19.48086377415034 ], [ -98.183168182329524, 19.484533388964824 ], [ -98.172271296555593, 19.492616672982052 ], [ -98.165820579075202, 19.489278583414869 ], [ -98.161607963642425, 19.489762224585487 ], [ -98.15748638407301, 19.492638529363131 ], [ -98.15473205166748, 19.498765136293628 ], [ -98.157104728365667, 19.50634135634721 ], [ -98.147670620222087, 19.508635608114719 ], [ -98.146703635875511, 19.511572175844414 ], [ -98.139241588064237, 19.509849512933805 ], [ -98.134735922255018, 19.515699001065588 ], [ -98.130793901994551, 19.512755018552252 ], [ -98.138145463810616, 19.501486660003788 ], [ -98.121314899467777, 19.497840636711423 ], [ -98.113718661971561, 19.503050396217173 ], [ -98.113954291778015, 19.51344757271146 ], [ -98.101622167670016, 19.520203933562499 ], [ -98.083697016750762, 19.524896612818736 ], [ -98.07074264037098, 19.511326564485362 ], [ -98.070369894168891, 19.52428514693062 ], [ -98.063127122695079, 19.531759366998227 ], [ -98.062803675584149, 19.534738180009025 ], [ -98.058477562352522, 19.536315643471873 ], [ -98.06187504675529, 19.53982371702547 ], [ -98.058784872865075, 19.550895088584131 ], [ -98.056206990932523, 19.55232203600233 ], [ -98.059134840120549, 19.556198772087587 ], [ -98.056357854867159, 19.565202232970218 ], [ -98.050173952368255, 19.57148412581574 ], [ -98.046115994900973, 19.569750712691597 ], [ -98.035899414656896, 19.550818772087247 ], [ -98.032595626551583, 19.554682216742016 ], [ -98.027950033600149, 19.553481556281135 ], [ -98.022165360551043, 19.544733848086626 ], [ -98.015297860448982, 19.544382711120342 ], [ -98.00679514788591, 19.53925437975926 ], [ -98.004399133722472, 19.540019640775515 ], [ -98.022656420181562, 19.522233532470793 ], [ -98.017842320509502, 19.518873329680314 ], [ -98.019907388790827, 19.515871164138254 ], [ -98.03141844174327, 19.513086458989985 ], [ -98.041870154455708, 19.503493035726738 ], [ -98.036579350918927, 19.501957503679236 ], [ -98.036264795615637, 19.497441123446741 ], [ -98.02343440505895, 19.497604545308 ], [ -98.012230855965711, 19.491199671339537 ], [ -98.000298926485712, 19.488471979377145 ], [ -97.999643238476622, 19.490245873099113 ], [ -97.995799027522324, 19.489710445613451 ], [ -97.994952851180841, 19.486182434270241 ], [ -97.982235749553553, 19.479719148702156 ], [ -97.982475080359109, 19.471813025021007 ], [ -97.9886061109042, 19.456306212504991 ], [ -97.999749185602397, 19.448054047504861 ], [ -98.010938265772324, 19.43388049266342 ], [ -98.041073565568894, 19.44904266129284 ], [ -98.037328586456383, 19.443551066779296 ], [ -98.03928977946785, 19.438549329620049 ], [ -98.044206262266258, 19.435988770821062 ], [ -98.047917160938539, 19.438550767574966 ], [ -98.051138058209133, 19.436635999330065 ], [ -98.057999564522873, 19.438855742202989 ], [ -98.063082028873026, 19.435100034120804 ], [ -98.07688016670042, 19.44327263363304 ], [ -98.080402913569429, 19.449578952919786 ], [ -98.087084265188508, 19.439810976308859 ], [ -98.080832977407468, 19.434977112599313 ], [ -98.081575035912081, 19.433347619992297 ], [ -98.082872062830404, 19.43205663013384 ], [ -98.086858710835045, 19.434636781621627 ], [ -98.092195980814793, 19.431011928211067 ], [ -98.09089592209304, 19.42488668127055 ], [ -98.096882247940002, 19.424045923516495 ], [ -98.097224659602674, 19.420643620301707 ], [ -98.107970528478333, 19.418173997845752 ], [ -98.112983869280143, 19.436810329875101 ], [ -98.116743059792384, 19.437377666758444 ], [ -98.13223658633612, 19.423297868820608 ], [ -98.136370397788468, 19.427287930834463 ], [ -98.138207569977467, 19.424354641393776 ] ] ] } },
{ "type": "Feature", "properties": { "cve_edo": "29", "cve_mpo_ine": "032", "cve_edo_mpo_ine": "29032", "nom_mpo": "TETLATLAHUCA", "nom_edo": "Tlaxcala", "alianza_ganadora": "Juntos Haremos Historia", "margen_pp": 38.312605992085928, "por_participacion": 72.656330218708291 }, "geometry": { "type": "Polygon", "coordinates": [ [ [ -98.285686701245197, 19.265803032566165 ], [ -98.28496565234154, 19.269752342352032 ], [ -98.280987527041503, 19.268982680874817 ], [ -98.281153285422874, 19.273587904720749 ], [ -98.278958760479043, 19.272203023938086 ], [ -98.271305215249797, 19.275910614631396 ], [ -98.269126360261339, 19.272945816579835 ], [ -98.263635651568407, 19.274115415764101 ], [ -98.258194676847211, 19.264015841461763 ], [ -98.262666691570786, 19.263737197142387 ], [ -98.257644234389488, 19.255138348031927 ], [ -98.266967424690634, 19.260967323961864 ], [ -98.267673575353271, 19.255553775149874 ], [ -98.274294740946829, 19.25060604567576 ], [ -98.274468928538155, 19.239835686917445 ], [ -98.279701003672528, 19.237337791036271 ], [ -98.269820034165221, 19.229304687923751 ], [ -98.273507329682189, 19.211710298500886 ], [ -98.279801966619544, 19.20794543358517 ], [ -98.284426447661986, 19.213676357577675 ], [ -98.290358477069205, 19.205912136430669 ], [ -98.285235079944073, 19.198775775338781 ], [ -98.286199565103217, 19.194693421968278 ], [ -98.288772323665228, 19.196321084564453 ], [ -98.296395214675059, 19.195678458370651 ], [ -98.300083056520009, 19.191928838107533 ], [ -98.303610735263092, 19.191513115912091 ], [ -98.306169321754211, 19.203268839118827 ], [ -98.293900786410504, 19.21279193478971 ], [ -98.298067994525866, 19.226208561662393 ], [ -98.301245872266776, 19.22952541701321 ], [ -98.302060986383822, 19.244632308562721 ], [ -98.306362697310476, 19.253357000563586 ], [ -98.300850914556648, 19.270767178663135 ], [ -98.285686701245197, 19.265803032566165 ] ] ] } },
{ "type": "Feature", "properties": { "cve_edo": "29", "cve_mpo_ine": "033", "cve_edo_mpo_ine": "29033", "nom_mpo": "TLAXCALA", "nom_edo": "Tlaxcala", "alianza_ganadora": "Juntos Haremos Historia", "margen_pp": 20.579668818868772, "por_participacion": 64.257201565301614 }, "geometry": { "type": "Polygon", "coordinates": [ [ [ -98.240633764117405, 19.322804565388225 ], [ -98.242353956822797, 19.322185382205976 ], [ -98.239787140825726, 19.320975478473986 ], [ -98.223317839782126, 19.331778975193988 ], [ -98.22303387679861, 19.336219364113948 ], [ -98.226259789723898, 19.337786094823652 ], [ -98.22999340062249, 19.347979522139905 ], [ -98.237386178813225, 19.357470358407785 ], [ -98.238103740607244, 19.367089031020974 ], [ -98.227099434974264, 19.372746105303719 ], [ -98.217997144175214, 19.368811248139497 ], [ -98.217320838523392, 19.366485895393499 ], [ -98.21369136022318, 19.367330119877067 ], [ -98.206175377814318, 19.360190241825126 ], [ -98.203077267599483, 19.348591325887476 ], [ -98.197989730539248, 19.342007844307549 ], [ -98.213818690246597, 19.332435550168675 ], [ -98.210767436135185, 19.328637422156277 ], [ -98.200095609909411, 19.328987200523827 ], [ -98.200568666008991, 19.324167931549393 ], [ -98.198000466805766, 19.322860624545736 ], [ -98.201098255217715, 19.322076879810734 ], [ -98.202548774291031, 19.318999521688703 ], [ -98.20726784964512, 19.323424138499977 ], [ -98.214139969003313, 19.324041214326439 ], [ -98.214988873602863, 19.319260373621908 ], [ -98.218941155391818, 19.317058317879397 ], [ -98.209733261922736, 19.315433344734817 ], [ -98.212614046804475, 19.305762985686744 ], [ -98.218519416113025, 19.301011894343084 ], [ -98.207791267078449, 19.2872564509169 ], [ -98.215120918465374, 19.276774548706243 ], [ -98.218921463051601, 19.27812300453779 ], [ -98.220576623243602, 19.27572355239727 ], [ -98.224996705619219, 19.275679551271129 ], [ -98.225842349716515, 19.266930542236107 ], [ -98.233570514200977, 19.26106627757094 ], [ -98.239951446951892, 19.261775395386408 ], [ -98.242822470353317, 19.263871004179268 ], [ -98.243312066405466, 19.267918289715748 ], [ -98.246067839177798, 19.267760532290392 ], [ -98.253689920364565, 19.261051502703161 ], [ -98.258774501697658, 19.264284408311482 ], [ -98.263807082351946, 19.274630450299561 ], [ -98.268100717109874, 19.276608026445597 ], [ -98.267895122599825, 19.279178925807116 ], [ -98.270536549103156, 19.280421975229729 ], [ -98.274305688596655, 19.278261596340883 ], [ -98.277426836067932, 19.282008726608897 ], [ -98.294342389064781, 19.289230124702179 ], [ -98.267291748908349, 19.306317666233426 ], [ -98.246814360350612, 19.326855580347274 ], [ -98.240633764117405, 19.322804565388225 ] ] ] } },
{ "type": "Feature", "properties": { "cve_edo": "29", "cve_mpo_ine": "034", "cve_edo_mpo_ine": "29034", "nom_mpo": "TLAXCO", "nom_edo": "Tlaxcala", "alianza_ganadora": "Va por México", "margen_pp": 17.124908958485069, "por_participacion": 66.483067518082493 }, "geometry": { "type": "Polygon", "coordinates": [ [ [ -98.293927855965123, 19.726742276099955 ], [ -98.281870988915074, 19.718689242025825 ], [ -98.281828327660975, 19.715894999806675 ], [ -98.269423977282486, 19.718510648115664 ], [ -98.254603250456384, 19.717001452076705 ], [ -98.253243773931757, 19.696478956471211 ], [ -98.256360252012186, 19.691019383174584 ], [ -98.248350358146126, 19.684490909527902 ], [ -98.245735021090255, 19.676138939025083 ], [ -98.236742785387619, 19.677178613636553 ], [ -98.232529297108343, 19.680820416558323 ], [ -98.23196378393213, 19.674410723496756 ], [ -98.221915409354708, 19.673796081798034 ], [ -98.213111795161026, 19.677315763319424 ], [ -98.192825905837864, 19.672692790764881 ], [ -98.191281943119137, 19.676980585296125 ], [ -98.187350130978174, 19.679640896342779 ], [ -98.181983271656165, 19.674379961270983 ], [ -98.177651874201345, 19.676208613054378 ], [ -98.170222971524353, 19.673166925529486 ], [ -98.165694899490902, 19.668143350833255 ], [ -98.148283979302363, 19.677268767602612 ], [ -98.148496989030733, 19.680985110980558 ], [ -98.118128295361728, 19.689011780250713 ], [ -98.106249526540566, 19.682451519094641 ], [ -98.106856939091514, 19.680137638377271 ], [ -98.102180183296042, 19.675998327845921 ], [ -98.100504320588541, 19.669192690451922 ], [ -98.091023876607807, 19.678305173816476 ], [ -98.093368854486158, 19.682466294620994 ], [ -98.091308394297684, 19.689819843018395 ], [ -98.084909517452516, 19.694071768016297 ], [ -98.082733720440146, 19.701258558728036 ], [ -98.077586368096846, 19.702912075507985 ], [ -98.070779351079338, 19.712460504033892 ], [ -98.067248444012947, 19.720877632174076 ], [ -98.06723552310936, 19.72742038734145 ], [ -98.056851627733067, 19.728033847384452 ], [ -98.052625966418645, 19.714662675979397 ], [ -98.04047899104701, 19.700807517311461 ], [ -98.03878113098142, 19.6909368289692 ], [ -98.035845537557407, 19.68759802036579 ], [ -98.036427643203268, 19.679905837487844 ], [ -98.023942361433654, 19.657386849006574 ], [ -98.022988989742586, 19.648806374808998 ], [ -98.011086646793359, 19.644972890831774 ], [ -98.006133413528275, 19.645011143475749 ], [ -98.003368990340903, 19.647305190153972 ], [ -97.991601270496304, 19.647074342185267 ], [ -97.978193611834399, 19.642479634774347 ], [ -97.968247308810135, 19.635886808106019 ], [ -97.963744843359393, 19.627149126257251 ], [ -97.972407044461278, 19.622169833609131 ], [ -97.961182849752007, 19.610436105210432 ], [ -97.956293489987146, 19.601364448428932 ], [ -97.960046461439035, 19.59920449435899 ], [ -97.962685337342634, 19.592603272175516 ], [ -97.961213859197358, 19.588862748490598 ], [ -97.964932449000983, 19.584590435083054 ], [ -97.963174066280445, 19.580474585200282 ], [ -97.979092772039621, 19.584016562321953 ], [ -97.982593751429462, 19.583468810968608 ], [ -97.987269746885119, 19.576885757702737 ], [ -97.988834661337748, 19.577562562567476 ], [ -97.989130860989434, 19.571974832905397 ], [ -97.984541035207897, 19.56584570507383 ], [ -97.993264732078856, 19.556607611730623 ], [ -97.999532064460524, 19.543040175499907 ], [ -98.005746182480451, 19.539327773140737 ], [ -98.013382857602508, 19.543785829681035 ], [ -98.022165360551043, 19.544733848086626 ], [ -98.027950033600149, 19.553481556281135 ], [ -98.032595626551583, 19.554682216742016 ], [ -98.035899414656896, 19.550818772087247 ], [ -98.046115994900973, 19.569750712691597 ], [ -98.050173952368255, 19.57148412581574 ], [ -98.056357854867159, 19.565202232970218 ], [ -98.059134840120549, 19.556198772087587 ], [ -98.056206990932523, 19.55232203600233 ], [ -98.058784872865075, 19.550895088584131 ], [ -98.06187504675529, 19.53982371702547 ], [ -98.058477562352522, 19.536315643471873 ], [ -98.062803675584149, 19.534738180009025 ], [ -98.063127122695079, 19.531759366998227 ], [ -98.070189868834674, 19.524780530723305 ], [ -98.07074264037098, 19.511326564485362 ], [ -98.072316691517727, 19.511133077289387 ], [ -98.083697016750762, 19.524896612818736 ], [ -98.101622167670016, 19.520203933562499 ], [ -98.105258876875311, 19.523174886618754 ], [ -98.106740649958496, 19.526210440949392 ], [ -98.104311481149452, 19.530165473436853 ], [ -98.123136382611179, 19.53964111030605 ], [ -98.128145434365095, 19.545107775190161 ], [ -98.129715756667366, 19.550877070127697 ], [ -98.134424688392372, 19.551661539228366 ], [ -98.132776462241097, 19.564526956830164 ], [ -98.137897761534873, 19.56490064741617 ], [ -98.144758550131485, 19.548002257007568 ], [ -98.149413193213505, 19.547330311276891 ], [ -98.154513956553757, 19.562343422775399 ], [ -98.156384533675293, 19.555218220404825 ], [ -98.167760311375062, 19.553026608943743 ], [ -98.161597474793368, 19.562148975464552 ], [ -98.159259726060995, 19.577384946607129 ], [ -98.178248007880114, 19.582257507284755 ], [ -98.175792528436745, 19.589808597453615 ], [ -98.180312278380129, 19.586407764822173 ], [ -98.188704897603742, 19.585936629411027 ], [ -98.191933760238967, 19.583436247137065 ], [ -98.202580991491132, 19.59047801830334 ], [ -98.202202743270021, 19.594143647300697 ], [ -98.207690730003435, 19.589976547687961 ], [ -98.206693423528378, 19.584518132534367 ], [ -98.211718390637301, 19.588320372368852 ], [ -98.226786268478733, 19.592199621730895 ], [ -98.235649233083862, 19.590664091745349 ], [ -98.242038223477707, 19.593885671518152 ], [ -98.24246318094626, 19.586524106069728 ], [ -98.246670249551755, 19.579945698765361 ], [ -98.250514227765592, 19.580563319512819 ], [ -98.251501416294033, 19.578651254082047 ], [ -98.243857825681559, 19.561296248738291 ], [ -98.249424963615283, 19.552607655420807 ], [ -98.249722981607562, 19.543302393411441 ], [ -98.246846699252416, 19.536716589186543 ], [ -98.250521182767841, 19.529555964860929 ], [ -98.333509027107453, 19.542106037534747 ], [ -98.331477809386314, 19.549924799896189 ], [ -98.332373855970744, 19.565845964185435 ], [ -98.383896966221883, 19.573139675257579 ], [ -98.382722088041561, 19.574506154916573 ], [ -98.39043684351482, 19.58781166932474 ], [ -98.395938522224085, 19.609226151653843 ], [ -98.357711775955337, 19.65551640573559 ], [ -98.343314513807485, 19.658844735452149 ], [ -98.324526768562691, 19.684095082073576 ], [ -98.331470661440818, 19.689744784540085 ], [ -98.332600389364558, 19.693884113474898 ], [ -98.332299813412064, 19.699343420437547 ], [ -98.32980564943206, 19.699303112258601 ], [ -98.328653267861426, 19.704471698243495 ], [ -98.331099832818467, 19.704510674912658 ], [ -98.333149529712614, 19.708973370004177 ], [ -98.330968318149203, 19.722204225556954 ], [ -98.320077480411967, 19.723454633564053 ], [ -98.312629675444754, 19.727305819355077 ], [ -98.307443930501009, 19.726938176283038 ], [ -98.301841913409973, 19.722808825980604 ], [ -98.292465063965551, 19.723849624702357 ], [ -98.293927855965123, 19.726742276099955 ] ] ] } },
{ "type": "Feature", "properties": { "cve_edo": "29", "cve_mpo_ine": "035", "cve_edo_mpo_ine": "29035", "nom_mpo": "TOCATLAN", "nom_edo": "Tlaxcala", "alianza_ganadora": "Juntos Haremos Historia", "margen_pp": 9.4886363636363633, "por_participacion": 75.439348478354049 }, "geometry": { "type": "Polygon", "coordinates": [ [ [ -98.016265495896647, 19.416294220566414 ], [ -97.997412817323777, 19.397846149232141 ], [ -97.993276743598358, 19.397639067823206 ], [ -97.99548920853222, 19.390041637577681 ], [ -97.992631744800022, 19.379865886647448 ], [ -98.007224655225883, 19.380443430793392 ], [ -98.015575542260592, 19.365554095317979 ], [ -98.03718706875064, 19.377376794402583 ], [ -98.033917732245555, 19.385733672527138 ], [ -98.039871129650393, 19.386526237919245 ], [ -98.040454464260023, 19.390449864494105 ], [ -98.042654385130703, 19.390422803047954 ], [ -98.033193377753776, 19.394572405964187 ], [ -98.033229778818338, 19.397250826211526 ], [ -98.02605579567242, 19.397648059799611 ], [ -98.020525819841765, 19.402103605783434 ], [ -98.015920816754729, 19.408299338072535 ], [ -98.016265495896647, 19.416294220566414 ] ] ] } },
{ "type": "Feature", "properties": { "cve_edo": "29", "cve_mpo_ine": "036", "cve_edo_mpo_ine": "29036", "nom_mpo": "TOTOLAC", "nom_edo": "Tlaxcala", "alianza_ganadora": "Juntos Haremos Historia", "margen_pp": 27.064602064602063, "por_participacion": 68.820900653145415 }, "geometry": { "type": "Polygon", "coordinates": [ [ [ -98.246814360348893, 19.326855580746617 ], [ -98.257714315371445, 19.31658778768676 ], [ -98.289668569940986, 19.320649708735946 ], [ -98.289630863794358, 19.324782634584963 ], [ -98.276535075974877, 19.322694920694463 ], [ -98.275727905700222, 19.320393248801658 ], [ -98.272381450077177, 19.319872549186659 ], [ -98.272494820364912, 19.32264679874098 ], [ -98.269072679886577, 19.322308179323709 ], [ -98.267461561368108, 19.326271083372085 ], [ -98.272343776921232, 19.341816878455706 ], [ -98.266873702036932, 19.340352879602037 ], [ -98.264372280164437, 19.346488787964809 ], [ -98.254387956627397, 19.342728490911284 ], [ -98.250661433604165, 19.343552691581138 ], [ -98.252704419485653, 19.34922589565474 ], [ -98.237386178811448, 19.357470358803038 ], [ -98.229993400620742, 19.347979522536459 ], [ -98.226259789722093, 19.337786095221414 ], [ -98.223033876796848, 19.336219364511944 ], [ -98.22331783978035, 19.331778975592627 ], [ -98.239787140823992, 19.320975478873994 ], [ -98.242353956821049, 19.322185382605955 ], [ -98.240633764115643, 19.322804565788097 ], [ -98.246814360348893, 19.326855580746617 ] ] ] } },
{ "type": "Feature", "properties": { "cve_edo": "29", "cve_mpo_ine": "038", "cve_edo_mpo_ine": "29038", "nom_mpo": "TZOMPANTEPEC", "nom_edo": "Tlaxcala", "alianza_ganadora": "Va por México", "margen_pp": 3.6258340677325949, "por_participacion": 66.153077371533271 }, "geometry": { "type": "Polygon", "coordinates": [ [ [ -98.116700107040714, 19.411789133723818 ], [ -98.109099639995478, 19.408038633579711 ], [ -98.107687379670409, 19.409602976267539 ], [ -98.083322572008996, 19.403418901006372 ], [ -98.048006519296209, 19.383823164040791 ], [ -98.041894078707912, 19.376753900132119 ], [ -98.030098638089186, 19.374245012794411 ], [ -98.027920235955236, 19.371979932257243 ], [ -98.034958612041081, 19.365878791706969 ], [ -98.033131140980615, 19.357327986859097 ], [ -98.043915534865832, 19.353566180445615 ], [ -98.054551246128753, 19.354660853660537 ], [ -98.053136723646816, 19.35183422347647 ], [ -98.056412673116824, 19.343901248451974 ], [ -98.060128863114514, 19.350419051943607 ], [ -98.060044718092271, 19.357752675694787 ], [ -98.066072354936708, 19.36169589705024 ], [ -98.068739709884142, 19.368069025078402 ], [ -98.07438219383323, 19.366542774829718 ], [ -98.085517433837737, 19.357387003032393 ], [ -98.108885065855659, 19.366667649655575 ], [ -98.123037704466739, 19.362651795190384 ], [ -98.128856392566007, 19.365264152238506 ], [ -98.127980456695184, 19.369921937772148 ], [ -98.130117790329336, 19.372677602242963 ], [ -98.127421084941375, 19.374315948724288 ], [ -98.128458797675322, 19.377454652381719 ], [ -98.121856040664667, 19.397502938571581 ], [ -98.127766646791699, 19.408698863664014 ], [ -98.116700107040714, 19.411789133723818 ] ] ] } },
{ "type": "Feature", "properties": { "cve_edo": "29", "cve_mpo_ine": "039", "cve_edo_mpo_ine": "29039", "nom_mpo": "XALOZTOC", "nom_edo": "Tlaxcala", "alianza_ganadora": "Juntos Haremos Historia", "margen_pp": 5.4499675113710202, "por_participacion": 70.070001707358713 }, "geometry": { "type": "Polygon", "coordinates": [ [ [ -98.041073565568894, 19.44904266129284 ], [ -98.010938265772324, 19.43388049266342 ], [ -98.005824674874333, 19.43917098891507 ], [ -97.997788893557399, 19.438096911757661 ], [ -97.99251024951559, 19.442101764376194 ], [ -97.984458722595122, 19.428605081166868 ], [ -97.96791267285937, 19.413448379644162 ], [ -97.987550883584206, 19.413854214048346 ], [ -97.993276743598358, 19.397639067823206 ], [ -97.997412817323777, 19.397846149232141 ], [ -98.016265495896647, 19.416294220566414 ], [ -98.015920816754729, 19.408299338072535 ], [ -98.020525819841765, 19.402103605783434 ], [ -98.02605579567242, 19.397648059799611 ], [ -98.033229778818338, 19.397250826211526 ], [ -98.033193377753776, 19.394572405964187 ], [ -98.042654385130703, 19.390422803047954 ], [ -98.040454464260023, 19.390449864494105 ], [ -98.039871129650393, 19.386526237919245 ], [ -98.033917732245555, 19.385733672527138 ], [ -98.03718706875064, 19.377376794402583 ], [ -98.030769205176625, 19.374494830834028 ], [ -98.041894078707912, 19.376753900132119 ], [ -98.048006519296209, 19.383823164040791 ], [ -98.083476243718721, 19.403159956112724 ], [ -98.085770995606993, 19.410074262129278 ], [ -98.072756468875284, 19.420356371777022 ], [ -98.060107169528564, 19.43767534718717 ], [ -98.057999564522873, 19.438855742202989 ], [ -98.051138058209133, 19.436635999330065 ], [ -98.047917160938539, 19.438550767574966 ], [ -98.044206262266258, 19.435988770821062 ], [ -98.03928977946785, 19.438549329620049 ], [ -98.037328586456383, 19.443551066779296 ], [ -98.041073565568894, 19.44904266129284 ] ] ] } },
{ "type": "Feature", "properties": { "cve_edo": "29", "cve_mpo_ine": "040", "cve_edo_mpo_ine": "29040", "nom_mpo": "XALTOCAN", "nom_edo": "Tlaxcala", "alianza_ganadora": "Juntos Haremos Historia", "margen_pp": 9.7932904100304974, "por_participacion": 69.821365195788474 }, "geometry": { "type": "Polygon", "coordinates": [ [ [ -98.235949324460051, 19.486364010270815 ], [ -98.224320403471609, 19.48970921667248 ], [ -98.218576212693804, 19.480241182679517 ], [ -98.227046187994034, 19.474997616097632 ], [ -98.234221098023355, 19.465020603707828 ], [ -98.227861171515869, 19.464107508170773 ], [ -98.224544302495516, 19.458619239229737 ], [ -98.218717372448978, 19.457098567992784 ], [ -98.211267517906265, 19.441983420078028 ], [ -98.212883867338903, 19.427243269335623 ], [ -98.208778276655849, 19.426445237728849 ], [ -98.208843464635876, 19.433775449721811 ], [ -98.19743971795468, 19.433660305274142 ], [ -98.195882591712476, 19.431584675825771 ], [ -98.189685995582323, 19.430668211601123 ], [ -98.189061510372028, 19.427884589070668 ], [ -98.192585430742255, 19.423387233915822 ], [ -98.189852180026392, 19.419752971889942 ], [ -98.190412237728623, 19.41624530963162 ], [ -98.195570092072884, 19.414316142832856 ], [ -98.202652112510336, 19.400973788939112 ], [ -98.201282712311027, 19.397233401652922 ], [ -98.19482204285589, 19.391835050534699 ], [ -98.193070799551478, 19.392438490585267 ], [ -98.192677620381644, 19.388201983468822 ], [ -98.190366388368886, 19.387572407016126 ], [ -98.195243740013879, 19.384674105328237 ], [ -98.190459224537875, 19.380714863296387 ], [ -98.195387731329475, 19.378560420922419 ], [ -98.197078519628064, 19.375309515449707 ], [ -98.193376085520583, 19.367584305277195 ], [ -98.194351740471205, 19.364897005434663 ], [ -98.200095601953208, 19.367428521907414 ], [ -98.20701887577971, 19.374444471184312 ], [ -98.219332709491255, 19.37625966575273 ], [ -98.225316274041205, 19.379543266573549 ], [ -98.228873625463464, 19.376008933683 ], [ -98.218745799182628, 19.369811103152632 ], [ -98.227099434972516, 19.372746105696947 ], [ -98.238103740605524, 19.367089031414846 ], [ -98.237205411893754, 19.358007782036424 ], [ -98.242150919181967, 19.354105885994564 ], [ -98.247104074984577, 19.358179104701872 ], [ -98.252356681533641, 19.356890510483655 ], [ -98.255089787567115, 19.358541959276941 ], [ -98.254978527715508, 19.367433153501981 ], [ -98.248589583834999, 19.37877033393352 ], [ -98.254467412040924, 19.38918576128852 ], [ -98.259062209317506, 19.391786452824586 ], [ -98.273667540716858, 19.408560747439662 ], [ -98.278204985292547, 19.411078332993561 ], [ -98.28013910971606, 19.405732985024315 ], [ -98.284504011172416, 19.405755921157731 ], [ -98.299581117253467, 19.419141159676297 ], [ -98.296586984510498, 19.420969197918726 ], [ -98.295422454937125, 19.436703002288176 ], [ -98.289490509873602, 19.458987452860175 ], [ -98.281112061401544, 19.472315792715531 ], [ -98.282880363316536, 19.481527421459518 ], [ -98.260906916279595, 19.478094406286154 ], [ -98.250630661693549, 19.454664185325175 ], [ -98.248605512265755, 19.463246268135265 ], [ -98.234595457174862, 19.465164795980883 ], [ -98.237790840114016, 19.465993654305141 ], [ -98.244411194418234, 19.476497356740243 ], [ -98.235949324460051, 19.486364010270815 ] ] ] } },
{ "type": "Feature", "properties": { "cve_edo": "29", "cve_mpo_ine": "042", "cve_edo_mpo_ine": "29042", "nom_mpo": "XICOHTZINCO", "nom_edo": "Tlaxcala", "alianza_ganadora": "Juntos Haremos Historia", "margen_pp": 20.666075724958844, "por_participacion": 70.276764260923727 }, "geometry": { "type": "Polygon", "coordinates": [ [ [ -98.23687005451113, 19.186749014334513 ], [ -98.230346682141487, 19.186498941515495 ], [ -98.224160209209089, 19.166030748812918 ], [ -98.230359968207253, 19.165017240931189 ], [ -98.233065135547079, 19.158229998535067 ], [ -98.23920974716512, 19.159120552053299 ], [ -98.238166123040116, 19.1578531703991 ], [ -98.240966017123043, 19.157137238454325 ], [ -98.262377108039274, 19.160566194161085 ], [ -98.259880505471642, 19.17381732762632 ], [ -98.250695091710682, 19.174231452057349 ], [ -98.247101403363672, 19.179489051811984 ], [ -98.23687005451113, 19.186749014334513 ] ] ] } },
{ "type": "Feature", "properties": { "cve_edo": "29", "cve_mpo_ine": "043", "cve_edo_mpo_ine": "29043", "nom_mpo": "YAUHQUEMEHCAN", "nom_edo": "Tlaxcala", "alianza_ganadora": "Juntos Haremos Historia", "margen_pp": 10.226734348561759, "por_participacion": 56.7919741697417 }, "geometry": { "type": "Polygon", "coordinates": [ [ [ -98.141059378493409, 19.443924055349935 ], [ -98.136850559606046, 19.441096775903727 ], [ -98.150674505735481, 19.431369539025862 ], [ -98.14872787867003, 19.423000195217377 ], [ -98.152581683005366, 19.425223498049075 ], [ -98.159754990443886, 19.414130203160152 ], [ -98.155495119283785, 19.406424990728976 ], [ -98.157553106515337, 19.402610902256921 ], [ -98.155117139593557, 19.401502785632932 ], [ -98.163869666712515, 19.387970759548789 ], [ -98.157800345678126, 19.386008394076867 ], [ -98.160302604206606, 19.38326813001807 ], [ -98.153555063998951, 19.382015518139667 ], [ -98.151757825468067, 19.378976120728908 ], [ -98.155478443171603, 19.376493567933544 ], [ -98.146445047702414, 19.374456352306744 ], [ -98.156643404204985, 19.365294054448583 ], [ -98.16371017506701, 19.366757928917 ], [ -98.161402377983961, 19.37038903609665 ], [ -98.16781903681283, 19.371097941429582 ], [ -98.169711937267195, 19.367661952720912 ], [ -98.175701385939178, 19.364690693109381 ], [ -98.194351740471205, 19.364897005434663 ], [ -98.193376085520583, 19.367584305277195 ], [ -98.197078519628064, 19.375309515449707 ], [ -98.195387731329475, 19.378560420922419 ], [ -98.190459224537875, 19.380714863296387 ], [ -98.195243740013879, 19.384674105328237 ], [ -98.190366388368886, 19.387572407016126 ], [ -98.192677620381644, 19.388201983468822 ], [ -98.193070799551478, 19.392438490585267 ], [ -98.19482204285589, 19.391835050534699 ], [ -98.201282712311027, 19.397233401652922 ], [ -98.202652112510336, 19.400973788939112 ], [ -98.195570092072884, 19.414316142832856 ], [ -98.190412237728623, 19.41624530963162 ], [ -98.189852180026392, 19.419752971889942 ], [ -98.192585430742255, 19.423387233915822 ], [ -98.189061510372028, 19.427884589070668 ], [ -98.189685995582323, 19.430668211601123 ], [ -98.17821081939492, 19.432648995407408 ], [ -98.177214758742522, 19.429293590246708 ], [ -98.178333356329006, 19.4350307426866 ], [ -98.173356103023508, 19.441499630388432 ], [ -98.17011969071406, 19.438243547774508 ], [ -98.163201271843434, 19.440512578231509 ], [ -98.161243722842698, 19.443232822857915 ], [ -98.156667590365288, 19.44338063743907 ], [ -98.149380156665785, 19.435724286884007 ], [ -98.148615858151231, 19.442787287994502 ], [ -98.141059378493409, 19.443924055349935 ] ] ] } },
{ "type": "Feature", "properties": { "cve_edo": "29", "cve_mpo_ine": "044", "cve_edo_mpo_ine": "29044", "nom_mpo": "ZACATELCO", "nom_edo": "Tlaxcala", "alianza_ganadora": "Juntos Haremos Historia", "margen_pp": 24.610441059952461, "por_participacion": 65.452764412688353 }, "geometry": { "type": "Polygon", "coordinates": [ [ [ -98.240642595906635, 19.232579996642134 ], [ -98.236113823973497, 19.230182356217604 ], [ -98.232276310984773, 19.225307600724221 ], [ -98.233055584323438, 19.221748431679792 ], [ -98.230138206604366, 19.220501730819745 ], [ -98.230346682141487, 19.186498941515495 ], [ -98.240222699117737, 19.185432191982905 ], [ -98.250695091710682, 19.174231452057349 ], [ -98.265850989396384, 19.171987922687073 ], [ -98.306605562363572, 19.175057758074313 ], [ -98.301374330119756, 19.179005751429063 ], [ -98.312223087456786, 19.184799556434125 ], [ -98.306430715582735, 19.191763527097702 ], [ -98.295210448135634, 19.186381162426159 ], [ -98.288065829526928, 19.19174845564503 ], [ -98.285235079944073, 19.198775775338781 ], [ -98.290358477069205, 19.205912136430669 ], [ -98.284426447661986, 19.213676357577675 ], [ -98.279801966619544, 19.20794543358517 ], [ -98.273507329682189, 19.211710298500886 ], [ -98.269544988305995, 19.227632298522312 ], [ -98.250543533991262, 19.219015713611519 ], [ -98.246242364613963, 19.22069137030406 ], [ -98.246200054759569, 19.222701103369893 ], [ -98.244670435585221, 19.221705294632329 ], [ -98.245351930285594, 19.228060868133095 ], [ -98.240642595906635, 19.232579996642134 ] ] ] } },
{ "type": "Feature", "properties": { "cve_edo": "29", "cve_mpo_ine": "037", "cve_edo_mpo_ine": "29037", "nom_mpo": "ZITLALTEPEC DE TRINIDAD SANCHEZ SANTOS", "nom_edo": "Tlaxcala", "alianza_ganadora": "Va por México", "margen_pp": 0.78350515463917525, "por_participacion": 71.229255397268318 }, "geometry": { "type": "Polygon", "coordinates": [ [ [ -97.853285399314771, 19.256680406973675 ], [ -97.841115875467139, 19.246528905933058 ], [ -97.840579904295467, 19.234339429008067 ], [ -97.826757341809, 19.219358300390965 ], [ -97.827944256387013, 19.215161587614844 ], [ -97.842122778079613, 19.209479810900223 ], [ -97.851603643446225, 19.222445129320029 ], [ -97.865029248916812, 19.212691904225352 ], [ -97.892905456232072, 19.200531862335286 ], [ -97.897489157886014, 19.195258177101625 ], [ -97.904635930359461, 19.178279702317873 ], [ -97.927824158967681, 19.166368805013931 ], [ -97.933532790854812, 19.183949490737959 ], [ -97.947274020875923, 19.19628427572934 ], [ -97.955020299788345, 19.195077745321161 ], [ -97.978735094380241, 19.199896458066803 ], [ -97.98042649692016, 19.215413640764719 ], [ -97.985131783538591, 19.215056606143925 ], [ -97.98717025820936, 19.216941375349062 ], [ -97.983440492634983, 19.221672574861643 ], [ -97.98441621944491, 19.22898092972445 ], [ -97.998047181431787, 19.233222098919303 ], [ -97.985909840326372, 19.244337876734878 ], [ -97.974320266642323, 19.24247352732128 ], [ -97.973489446900089, 19.239436110671303 ], [ -97.962835260436535, 19.23888331176509 ], [ -97.957870211422318, 19.240823711856152 ], [ -97.936382173060196, 19.238771421293347 ], [ -97.927367485259936, 19.241088282761577 ], [ -97.918407652203072, 19.233917598842375 ], [ -97.902186646797773, 19.231605328252233 ], [ -97.897717633335148, 19.239634196373789 ], [ -97.887561140281903, 19.238198626966238 ], [ -97.879610866687614, 19.240513692351094 ], [ -97.862567813375804, 19.255365836135002 ], [ -97.853285399314771, 19.256680406973675 ] ] ] } }
]
}
