pc1,pc2,tema,fecha
-0.15997194939958054,-0.21821195799655668,salud,2026-08-03
0.21118714610106934,0.08473925376404558,seguridad,2026-08-03
0.1629811240926666,-0.07637611549470066,otros,2026-08-03
0.1294508716299003,-0.2265845472756354,otros,2026-08-03
0.24116119195957555,-0.15404172700278934,otros,2026-08-03
-0.04831670627696498,0.04811166423764009,otros,2026-08-03
0.2580894306885707,-0.08862390306931711,otros,2026-08-03
0.2297363299296406,-0.1525006329615577,otros,2026-08-03
0.2739965242545219,-0.082884828084027945,otros,2026-08-03
0.22321476114045136,-0.041596767340308156,otros,2026-08-03
0.2225895970783606,-0.00945786750702569,otros,2026-08-03
0.02533351054158454,-0.05506362501685367,otros,2026-08-03
-0.054460134837378195,0.25619101471139666,salud,2026-08-03
0.278300015968936,0.17061784397998106,seguridad,2026-08-03
0.2647285383557549,0.20872440745412962,seguridad,2026-08-03
-0.005148053493276993,0.19658846969435742,salud,2026-08-03
0.19805280562235372,0.20733339828504263,otros,2026-08-03
0.14466926471281927,0.29522577026955643,otros,2026-08-03
0.3278466910589273,0.2533458997001854,otros,2026-08-03
0.07622952880751899,0.21221627552972955,tren,2026-08-03
-0.014266861915890454,0.14029509352701786,seguridad,2026-08-03
0.3197458068973571,0.21046130367350652,seguridad,2026-08-03
0.29571125285406985,0.2701093764784714,otros,2026-08-03
0.3250445679226931,0.2613091745089837,otros,2026-08-03
0.3245262694443551,0.27945906329224407,otros,2026-08-03
0.24480166291608588,0.2590818471486848,tren,2026-08-03
-0.01955633702704161,0.1970842195639299,tren,2026-08-03
0.1876775567825379,0.17461620692848895,otros,2026-08-03
0.06846404463231173,0.15189891939046496,otros,2026-08-03
-0.21060837939196114,0.135311927555985,otros,2026-08-03
-0.0950463230566777,0.191302100198281,otros,2026-08-03
-0.06198362625297158,0.20209198728524275,seguridad,2026-08-03
0.17227415926095035,0.27133134039178347,seguridad,2026-08-03
-0.09930415334987093,0.13120419036424638,otros,2026-08-03
0.1649746506310694,0.15223710472439475,otros,2026-08-03
-0.15223371774395816,0.1599959239253799,otros,2026-08-03
-0.09529098927192357,0.20095242426389634,otros,2026-08-03
-0.19464004247017216,0.23471970403340392,otros,2026-08-03
0.018743781331788632,0.20162406871214764,otros,2026-08-03
0.20495977591407805,0.29825313816605015,otros,2026-08-03
-0.03951867597789112,0.2698237018745152,otros,2026-08-03
-0.13180213960504492,0.26251817538796807,seguridad,2026-08-03
0.11237320113325744,0.28654309517140264,seguridad,2026-08-03
0.004390217734675348,0.32666531004731614,otros,2026-08-03
0.288877913826778,0.33241098405152686,otros,2026-08-03
0.23099952964355072,0.29556067647338446,otros,2026-08-03
-0.13944218295401706,0.22493425787851853,salud,2026-08-03
-0.021618397357349297,0.18941380779527311,salud,2026-08-03
-0.14937949995972516,0.22753037691208544,salud,2026-08-03
-0.11494179771862197,0.17014883398809885,salud,2026-08-03
0.007260412849938451,0.2537843103677232,otros,2026-08-03
0.1814951484231005,0.26884425248765575,otros,2026-08-03
-0.09464867967645627,0.28626493264624775,otros,2026-08-03
0.25310958058738814,0.30834332231318584,salud,2026-08-03
0.25897766685451146,0.251679481629229,seguridad,2026-08-03
0.02855711944169873,0.2765206109269313,otros,2026-08-03
-0.17291732086119663,0.19524345162797735,otros,2026-08-03
0.17803978109446772,0.07821596976392216,otros,2026-08-03
-0.18745089189712652,0.08253415633004815,otros,2026-08-03
-0.1324408344520897,0.1282222062084686,otros,2026-08-03
-0.23036608815267795,0.15131305166446743,seguridad,2026-08-03
-0.2611682562596623,0.10562382301732309,seguridad,2026-08-03
-0.16099263799072877,0.07480865586361081,salud,2026-08-03
-0.038347212259911646,0.04166335286318982,salud,2026-08-03
-0.1637471863130802,0.08492283241465401,seguridad,2026-08-03
-0.2389165374484403,-0.03344147438061728,otros,2026-08-03
-0.18797665820142426,0.13577227595690028,otros,2026-08-03
0.2665162008428986,0.2822007980685539,seguridad,2026-08-03
-0.009793963723169699,0.2424229353497532,otros,2026-08-03
-0.05469650053109111,0.22555974647692467,otros,2026-08-03
0.23307484253100622,0.2680973278902796,seguridad,2026-08-03
-0.05688822287664603,0.24669696475774047,otros,2026-08-03
-0.13034246624121187,0.19383643593854366,seguridad,2026-08-03
-0.14078703878084545,0.05891893950688892,salud,2026-08-03
-0.006416383729492338,0.014083283577245687,otros,2026-08-03
-0.19044180037344022,-0.0826229599490575,otros,2026-08-04
0.18323249173993406,-0.18037595357415925,otros,2026-08-04
-0.09312821928819015,-0.22112418949821933,otros,2026-08-04
0.1308006378723234,-0.24582724434992453,otros,2026-08-04
0.05508264762867622,-0.2057848579514245,otros,2026-08-04
-0.17088282417606662,-0.07036524765299841,otros,2026-08-04
0.055273011091697126,0.24062780845071025,seguridad,2026-08-04
0.19159865250430244,0.3177066959355332,seguridad,2026-08-04
0.18309093382691527,0.318947517487011,seguridad,2026-08-04
0.05425557499647984,0.23372161003816574,seguridad,2026-08-04
0.06890437212126928,0.10252763049614642,otros,2026-08-04
0.19236589128320164,0.044261563284990924,seguridad,2026-08-04
0.16487265905011905,0.06442984411369423,seguridad,2026-08-04
-0.11099482578920865,0.08149062481925892,seguridad,2026-08-04
-0.1868980771815782,0.051027232360085974,otros,2026-08-04
0.12414236779263396,0.1343885466884111,seguridad,2026-08-04
0.04540131879308917,0.1600020536642594,otros,2026-08-04
0.1387938324639724,0.32724325851502717,otros,2026-08-04
0.19600179944885754,0.4062163446584916,otros,2026-08-04
0.24137034215827777,0.3816821476048041,otros,2026-08-04
0.23948228492111986,0.38049360253062514,otros,2026-08-04
0.2446451859918237,0.3295609654260317,otros,2026-08-04
0.2733240216523026,0.2963912441538651,otros,2026-08-04
0.21959594042968517,0.3318608016792867,otros,2026-08-04
-0.06190409961922643,0.28516661102274293,otros,2026-08-04
-0.2561113324621862,0.2535803175707338,otros,2026-08-04
-0.2344740065236489,0.2317559864184765,otros,2026-08-04
-0.14773672205792715,0.21946917561099913,otros,2026-08-04
-0.19072210691294633,0.2666300190211255,otros,2026-08-04
0.19013731492909064,0.35774522509400897,otros,2026-08-04
0.20884794968654252,0.34644952098663606,otros,2026-08-04
0.23606921537312817,0.32275609335446015,otros,2026-08-04
0.19047350536004004,0.31930017608869604,otros,2026-08-04
-0.17665137152133834,0.31271155998524625,otros,2026-08-04
-0.20884652268256818,0.25746603494014086,otros,2026-08-04
-0.14479571882823392,0.2911295115380854,otros,2026-08-04
0.21264179748901038,0.344410215207663,otros,2026-08-04
0.14073635233700263,0.2707734943858197,otros,2026-08-04
0.03913674796672012,0.3063452828364707,otros,2026-08-04
-0.21818037098156856,0.2767105943576349,otros,2026-08-04
-0.12263556384142141,0.1661215261100493,salud,2026-08-04
0.15369269336894034,0.17634709114827493,vivienda,2026-08-04
-0.21802784913670814,0.1426023681288176,vivienda,2026-08-04
-0.041612645567319986,0.15868436465124908,otros,2026-08-04
-0.17673958365808834,0.08144754601655563,otros,2026-08-04
0.09700275379922471,0.10003507867643524,otros,2026-08-04
-0.14527435033421024,0.023055876304570632,comercio,2026-08-04
-0.2790445486475273,0.016599214054471033,comercio,2026-08-04
-0.23889491430850424,0.13791297386787518,otros,2026-08-04
-0.23547740384321295,0.18445521686584104,otros,2026-08-04
-0.05677697921086125,0.2536777778202052,otros,2026-08-04
-0.2103300431900963,0.24970267273538638,otros,2026-08-04
-0.20185706157085614,0.11623425042963424,otros,2026-08-04
-0.2543119642836717,0.14102751002328012,otros,2026-08-04
-0.2565327953185824,0.09261464526159072,otros,2026-08-04
-0.21927938644075481,-0.07585459068077605,salud,2026-08-04
-0.13192473125299525,-0.10739092828647834,seguridad,2026-08-04
-0.06567640229882385,-0.004054329469210375,seguridad,2026-08-04
-0.14432534892730361,-0.05357969868169285,salud,2026-08-04
-0.1650180046782113,-0.07963716390160704,otros,2026-08-04
-0.2646210544753184,-0.028089813958024644,seguridad,2026-08-04
-0.2939003983978485,-0.009148482053382371,seguridad,2026-08-04
-0.24321170622170765,0.05125566668003794,seguridad,2026-08-04
-0.23887537211736715,0.10842560640033892,seguridad,2026-08-04
-0.1590471111776447,0.11234533604294843,otros,2026-08-04
-0.23695296852129646,0.22479232663254853,seguridad,2026-08-04
-0.21393066532019164,0.2883825889656698,seguridad,2026-08-04
0.23491177906467525,0.3636041825449307,otros,2026-08-04
-0.05164112728617862,0.2999226315829278,otros,2026-08-04
0.1554480892659681,0.31980487213174574,otros,2026-08-04
0.1621691356510914,0.3414130085571269,seguridad,2026-08-04
0.12497217872576749,0.11804521979700142,seguridad,2026-08-04
0.14457085890807433,0.034669205627563315,seguridad,2026-08-04
0.1504836345081211,0.13559278204795897,otros,2026-08-04
0.10718597109477529,0.07677555334573366,otros,2026-08-04
0.10067272746391444,0.0989649977274726,otros,2026-08-04
-0.2162450505887458,0.04328979903248452,otros,2026-08-04
-0.28079247575121974,0.0241925172152303,otros,2026-08-04
-0.23057519191769751,-0.18421873595495342,vivienda,2026-08-05
-0.2083316282518137,-0.11109469099190815,vivienda,2026-08-05
-0.1574607703580568,-0.23054494867325773,vivienda,2026-08-05
-0.0786249115160716,-0.24529741170484523,vivienda,2026-08-05
-0.05451044902935763,-0.1949059005230808,vivienda,2026-08-05
-0.10392719523980326,-0.09534067190956358,vivienda,2026-08-05
-0.25694304861084993,-0.13258995338924076,vivienda,2026-08-05
0.15730129289106848,-0.12606889815933114,seguridad,2026-08-05
-0.0536946931978603,-0.18239203662671707,seguridad,2026-08-05
-0.050682581006196784,-0.2049913132635929,seguridad,2026-08-05
0.19522556519240955,-0.18278844903536653,otros,2026-08-05
0.19172477955535544,-0.21142818128612603,otros,2026-08-05
0.054218697914262155,-0.17814332199173413,otros,2026-08-05
0.26142539030910444,-0.220274143798864,otros,2026-08-05
-0.12458668287015118,-0.20016893065158942,salud,2026-08-05
0.03246379842750133,-0.22918274256921295,salud,2026-08-05
-0.0367827808025166,-0.2665968821449028,salud,2026-08-05
0.0984339521178092,-0.2520703483090993,salud,2026-08-05
-0.04152130330751294,-0.25156571078125894,otros,2026-08-05
-0.13388090271662664,-0.20708686783225136,otros,2026-08-05
-0.07898912715612562,-0.229085838141149,otros,2026-08-05
-0.1383988120240905,-0.19436140396514462,seguridad,2026-08-05
-0.10216309276728823,-0.19545933901079474,seguridad,2026-08-05
-0.1371803654535949,-0.20661135072236983,salud,2026-08-05
-0.1057193418927813,-0.26999782158870533,salud,2026-08-05
-0.11315379437050378,-0.23534951934953952,salud,2026-08-05
-0.15234987488723237,-0.24274582130577926,otros,2026-08-05
-0.16044240820984257,-0.07754547709625512,otros,2026-08-05
0.036420050935763136,-0.03519744970265876,otros,2026-08-05
-0.1582796539967453,-0.1639719456218712,otros,2026-08-05
0.16280091006904793,-0.15624286309963828,otros,2026-08-05
-0.1367284366985296,-0.15335214575157619,otros,2026-08-05
-0.24886635257647904,0.06300249226410634,otros,2026-08-05
-0.22273463129428983,0.013815976147438623,seguridad,2026-08-05
-0.2416927561418442,0.07019980911009162,seguridad,2026-08-05
-0.274234438021884,0.025496949383830823,otros,2026-08-05
-0.3233873348697122,0.18874034652931013,otros,2026-08-05
-0.1932826097271272,0.18377048207359428,otros,2026-08-05
-0.23392877117556798,0.29559630537846865,seguridad,2026-08-05
0.23989257921168977,0.3859411646068649,seguridad,2026-08-05
0.17550962473731269,0.4046252630670409,otros,2026-08-05
-0.08416667159358968,0.2833638150553237,otros,2026-08-05
-0.22015827866881713,0.08144569299593775,otros,2026-08-05
-0.11854470991086985,0.16969857334057595,otros,2026-08-05
-0.17802488712891276,0.22283704377870267,otros,2026-08-05
0.14842856156906917,0.2971647759505672,otros,2026-08-05
-0.22699719466949225,0.21925933374005047,otros,2026-08-05
-0.23945145862625355,0.24598070520512466,otros,2026-08-05
-0.20621235807794067,0.2907485410770401,otros,2026-08-05
0.11150251326554088,0.2824811349696989,otros,2026-08-05
0.16029314523476204,0.36225508037213877,otros,2026-08-05
-0.11094178243907626,0.20531096283062006,seguridad,2026-08-05
0.05050821709975082,0.18687945201981837,otros,2026-08-05
-0.13895395235403796,0.24158065024479664,otros,2026-08-05
-0.02105756356438206,0.20593941366115515,seguridad,2026-08-05
0.2809775638106398,0.1573016588494736,seguridad,2026-08-05
-0.05178468538185709,0.15367307795763502,otros,2026-08-05
-0.26167033316354454,-0.00547122538171698,otros,2026-08-05
-0.11787529849167508,-0.12649050260174913,otros,2026-08-05
0.05135081623519988,-0.0488775147564181,otros,2026-08-05
-0.23465671760056955,-0.009386615277493791,seguridad,2026-08-05
-0.1951079071822584,-0.06879576563063068,seguridad,2026-08-05
-0.18377546895260635,0.0019275706191521599,seguridad,2026-08-05
-0.14625185316912007,-0.07693258038642986,seguridad,2026-08-05
-0.1604314987336777,0.0279913701176719,seguridad,2026-08-05
-0.18067835167657909,-0.058602118045871475,otros,2026-08-05
-0.2732180571167645,-0.10579668310437877,salud,2026-08-06
0.08459637784305576,-0.06163258990272918,otros,2026-08-06
0.11492517970327726,-0.044778904625294665,seguridad,2026-08-06
0.219168188319837,-0.012484276533936594,seguridad,2026-08-06
-0.13694189719646413,0.005810326023471097,otros,2026-08-06
-0.14734117259249274,-0.10174706767510969,otros,2026-08-06
0.2752522349482474,-0.05139017743568479,otros,2026-08-06
0.24692083083654648,-0.08087644356204414,seguridad,2026-08-06
0.26530274562683565,-0.09468283667811533,otros,2026-08-06
0.2405400260402056,-0.0690871298950096,otros,2026-08-06
0.2831401530642326,-0.08112489629503075,otros,2026-08-06
0.22557995368643075,-0.12179414412910212,otros,2026-08-06
-0.01805234553437062,-0.14843168186933417,comercio,2026-08-06
0.2705742818637196,-0.17891875746180058,comercio,2026-08-06
-0.07099132683767104,-0.18254505195821064,otros,2026-08-06
0.16866030884012587,-0.13499916890263333,otros,2026-08-06
0.34621091527691106,-0.01873755572158991,seguridad,2026-08-06
0.3491042347902775,-0.002822095506052443,seguridad,2026-08-06
0.3399287857666624,0.04775307337790482,otros,2026-08-06
0.32324415965961706,0.016445506109072035,otros,2026-08-06
0.31571586632508636,0.07535012507457381,salud,2026-08-06
0.2981259171298727,0.035279855564393205,otros,2026-08-06
0.23973820836405602,0.0027341627345387,otros,2026-08-06
0.31497928708474315,0.03380088827347752,otros,2026-08-06
0.3041770250063368,-0.051602795842006395,otros,2026-08-06
0.27143802651976034,-0.054835473050621295,otros,2026-08-06
0.2757734195928828,-0.06056606827582191,otros,2026-08-06
-0.07335754114043849,-0.03086149324631479,otros,2026-08-06
0.26865157389112193,-0.03101155881890716,otros,2026-08-06
0.2656162594324089,0.07043472432276754,otros,2026-08-06
0.24148083417791216,0.032020526855001855,otros,2026-08-06
0.2307056974611434,0.008928650048854203,otros,2026-08-06
-0.090841498649741,-0.050656454824154526,comercio,2026-08-06
-0.10579328153037824,-0.11191362010518631,otros,2026-08-06
-0.07559156767654598,-0.14839397504292148,otros,2026-08-06
0.19567070820844884,0.02781542673176856,otros,2026-08-06
0.09247865868674736,0.2421849626578109,otros,2026-08-06
-0.23197483086487777,0.13911435197727387,otros,2026-08-06
-0.1926694018201023,-0.021853632110096718,otros,2026-08-06
0.2245866338362202,0.018864301461726393,otros,2026-08-06
0.20313508405723643,0.046700880349780656,otros,2026-08-06
-0.06750392631968817,-0.13888395141290003,otros,2026-08-06
-0.023985966149223038,-0.003858845526784414,otros,2026-08-06
-0.0855649648980737,0.008107220634233657,otros,2026-08-06
0.30759625774348565,0.08133454844442951,salud,2026-08-06
0.04515290353210424,-0.030611241335123596,salud,2026-08-06
-0.09243933744727074,-0.05945460500024657,otros,2026-08-06
-0.01039256361809597,-0.006484289287865552,otros,2026-08-06
0.11388025267912216,-0.06165403928099213,otros,2026-08-06
0.01617657616858447,-0.09508932551501842,tren,2026-08-06
-0.1784760593192634,-0.04852713848739636,vivienda,2026-08-06
0.2675671812736813,-0.02618379985422287,otros,2026-08-06
-0.09098522710021592,-0.0705549886518397,otros,2026-08-06
0.30079816257567876,0.04002302413570592,otros,2026-08-06
-0.06223693803865637,-0.018362214936272426,otros,2026-08-06
0.2842185933352486,0.05610286352957954,otros,2026-08-06
-0.11590720362958047,0.00606308352725084,otros,2026-08-06
0.04529753434516404,-0.0031494970832859175,otros,2026-08-06
-0.08948332482090839,-0.014774902902837212,otros,2026-08-06
0.1615976851240548,0.15070846264922874,otros,2026-08-06
0.09455466268989016,0.2938454533379401,otros,2026-08-06
-0.1628051052948061,0.20714623170614832,otros,2026-08-06
0.1849976460950106,0.026572309108374444,otros,2026-08-06
0.22413841133932313,0.0671952464985461,otros,2026-08-06
0.2315569484686351,0.35989600149656265,otros,2026-08-06
0.14906561642835267,0.3114850351399691,otros,2026-08-06
-0.16704135183607485,0.07725689297356075,otros,2026-08-06
-0.08570713929020979,-0.0014042474438651675,otros,2026-08-06
0.11757327530464073,0.08207831775708778,otros,2026-08-06
-0.14512891550899884,-0.040381519308793926,otros,2026-08-06
-0.15174102554096724,-0.06203942380682198,otros,2026-08-06
-0.1491590823787038,-0.039116491972029155,otros,2026-08-06
-0.10725692320285554,-0.06819563632478887,otros,2026-08-06
-0.11042116061904757,-0.0036534629841652477,otros,2026-08-06
-0.1683149884266891,-0.09953848335783547,seguridad,2026-08-06
0.019137082870105352,-0.1399778061347737,seguridad,2026-08-06
-0.18785882670689644,-0.05827010222355018,seguridad,2026-08-06
-0.2811454656363948,-0.020679279541290396,otros,2026-08-06
-0.15887756774986814,-0.012637241951716142,otros,2026-08-06
-0.24876742983637362,-0.11952686389233988,otros,2026-08-07
-0.15510002859132557,-0.060489238290088704,salud,2026-08-07
0.06471168334921912,-0.06558355401888749,salud,2026-08-07
0.20623149491219392,-0.058415062935211245,salud,2026-08-07
0.1818450637847088,-0.02664674841467645,otros,2026-08-07
0.12707819672920215,-0.04741170537144175,otros,2026-08-07
-0.14153658777997413,-0.024157915711206606,salud,2026-08-07
0.09366908394857028,-0.04203176990465732,otros,2026-08-07
0.1645412925639979,-0.046363495045423635,comercio,2026-08-07
0.1847051166981156,-0.16711872904829989,otros,2026-08-07
0.1708656633655381,-0.15669848614650286,otros,2026-08-07
-0.06470075484453809,-0.17447803696001493,comercio,2026-08-07
-0.1015647585130558,-0.06555009729104713,otros,2026-08-07
0.2645845730562788,-0.019747347762714144,otros,2026-08-07
0.24775015722288918,0.00895356385247398,otros,2026-08-07
0.19433271928857218,0.03297670336679363,otros,2026-08-07
0.1409095343982163,-0.09119077502466971,otros,2026-08-07
0.1627597905678013,0.023818110465952894,otros,2026-08-07
0.1579680569014671,0.01302663101986698,otros,2026-08-07
0.023591017735064012,-0.03391504647628919,otros,2026-08-07
0.0024745532471859067,-0.017383291686083158,otros,2026-08-07
-0.03082630833409508,-0.03587275082251944,otros,2026-08-07
-0.07389551341366705,-0.019736917982910794,otros,2026-08-07
-0.12342537532836112,0.028282903651077954,otros,2026-08-07
-0.06784478576899972,0.04737906040896971,otros,2026-08-07
0.2179688361524976,0.07008705394171968,otros,2026-08-07
-0.16908070821693985,0.03289172452041729,otros,2026-08-07
-0.16498709636677122,0.004827766639958106,otros,2026-08-07
0.23201631248732085,-0.005282615551893313,otros,2026-08-07
-0.13976934343866132,0.0020844204471279224,otros,2026-08-07
-0.25098934406308676,-0.020528615609444693,otros,2026-08-07
-0.24095945534066085,0.037071154482889175,otros,2026-08-07
-0.3011692988438484,0.07437525142441731,otros,2026-08-07
-0.2677593867640534,0.05700075446297045,otros,2026-08-07
-0.14612750921392764,2.1872768842592092e-4,seguridad,2026-08-07
-0.2726127011625664,0.056097188157648116,seguridad,2026-08-07
-0.26969574616295244,-0.012430875795281295,seguridad,2026-08-07
-0.19920381551691813,-0.030146172377809456,seguridad,2026-08-07
0.18066674226589652,0.014956273912289155,otros,2026-08-07
0.0844708474870163,-0.006251987644726119,otros,2026-08-07
-0.09700062594834526,-0.08441394773386379,otros,2026-08-07
-0.24245962409108768,-0.08565782262055459,otros,2026-08-07
-0.11516268035301923,-0.13052509376472227,otros,2026-08-07
-0.1627948487425398,-0.17072810244185022,otros,2026-08-07
-0.11346321127267758,-0.05101346573452247,seguridad,2026-08-07
0.1219893369461866,-0.16840619126086925,seguridad,2026-08-07
0.04979303737408618,-0.16462180344289254,salud,2026-08-07
-0.13849927714113996,-0.09119115599638634,salud,2026-08-07
-0.23798167157608927,-0.11679215880224474,salud,2026-08-07
-0.11344737326682093,-0.0628372321472216,salud,2026-08-07
0.010436550746917777,-0.05469779077296309,otros,2026-08-07
-0.14294437527979778,-0.11745056421092023,salud,2026-08-07
0.1713237469323866,-0.06470770731842664,comercio,2026-08-07
-0.07707871731396744,-0.08258452105624768,otros,2026-08-07
-0.20794461306492498,0.11422594656563709,otros,2026-08-07
-0.1501607598438246,0.05647260559064329,otros,2026-08-07
0.14016870593929048,0.15183732764129348,otros,2026-08-07
-0.19305752581779612,0.060568175357820185,otros,2026-08-07
-0.23485276231635782,0.010256908692365167,seguridad,2026-08-07
-0.27636658280508375,-0.058271103262504995,otros,2026-08-07
0.1284733451761501,0.06324882183670318,otros,2026-08-07
-0.08107933812166078,-0.11629555584131034,otros,2026-08-07
0.24921556965309755,-0.08821443368247038,otros,2026-08-07
0.26081837197283253,-0.07623446438756148,otros,2026-08-07
-0.01232202646700646,-0.08338531667082952,salud,2026-08-07
-0.17428439183575417,0.015522390943067102,seguridad,2026-08-07
0.16836479354811562,0.12892226796715586,seguridad,2026-08-07
-0.2026802843040582,0.02601884022085839,seguridad,2026-08-07
0.058091721921491916,0.0706623871077608,seguridad,2026-08-07
-0.26855253398775675,0.034259703913744895,seguridad,2026-08-07
-0.18696287909345435,-0.13558563233191637,seguridad,2026-08-07
-0.19250902001696085,-0.13443099671005568,seguridad,2026-08-07
-0.2201019968533328,-0.07793427347160263,seguridad,2026-08-07
0.18083666965040213,-0.05296532335958822,comercio,2026-08-07
0.21954437707559676,-0.005092913698620453,otros,2026-08-07
-0.1839242947949124,-0.04173201225232505,otros,2026-08-07
-0.30668305402857027,0.07292954117734687,otros,2026-08-07
-0.22856187987775792,0.22339423272472692,otros,2026-08-07
-0.13587652591068852,0.048278594783593386,seguridad,2026-08-07
-0.16220358651106787,-0.07052760790914439,seguridad,2026-08-07
0.17011238161531334,-0.05647899220274066,salud,2026-08-07
0.046814453788773754,0.001663856959706548,otros,2026-08-07
-0.20078948979957204,0.09172677072215915,otros,2026-08-10
0.19512319403071954,-0.13758066961334828,otros,2026-08-10
0.23229432956503165,-0.16427061429064263,otros,2026-08-10
0.13725898650504859,-0.17241685332668763,otros,2026-08-10
0.25276964753125397,-0.08695936569453888,otros,2026-08-10
0.30552569843433863,-0.004018636381858757,otros,2026-08-10
-0.023773096268947986,0.09191997820904105,otros,2026-08-10
0.20268436583666283,0.22293121395464358,otros,2026-08-10
0.21647890003190118,0.135209296092658,otros,2026-08-10
0.18589528471983188,0.15313501932063717,otros,2026-08-10
0.31754057873959607,0.2679542711955585,otros,2026-08-10
0.33094608465914405,0.3111351116624569,otros,2026-08-10
0.31750197837369504,0.2967349580560829,otros,2026-08-10
0.31099825293522176,0.23214086663456052,otros,2026-08-10
0.32004626458968044,0.29030681881531456,otros,2026-08-10
0.18523794263843513,0.1833943143772825,otros,2026-08-10
0.27755671301400053,0.23315968270076753,otros,2026-08-10
0.22501837345458736,0.24339362100075834,otros,2026-08-10
0.27047438814669106,0.30612739618178375,otros,2026-08-10
-0.10230730273173125,0.22338372293301564,otros,2026-08-10
-0.06525300575362415,0.24689223944537297,otros,2026-08-10
-0.1472117082676431,0.2164001743419145,otros,2026-08-10
0.28789476333440023,0.402832974084396,otros,2026-08-10
0.03327425367265635,0.300466342706485,otros,2026-08-10
0.10000316952368005,0.2466648926667755,otros,2026-08-10
-0.09799463611144746,0.26787193357868705,otros,2026-08-10
-0.20915882299005217,0.11927819515872565,otros,2026-08-10
-0.2576454274278473,-0.007274908550143592,otros,2026-08-10
0.04460664537332323,-0.0215226927810526,salud,2026-08-10
0.09895895761801328,-0.04925140760346271,salud,2026-08-10
-0.10685881503283465,-0.06796479870063556,otros,2026-08-10
-0.12342728389918813,0.05090202666589563,otros,2026-08-10
-0.16998600155698448,0.07665077556915577,salud,2026-08-10
-0.1323039155505895,0.050074728989029246,otros,2026-08-10
-0.26964168865258376,-0.07393683575120513,otros,2026-08-10
-0.19359070849376087,-0.09896545418079425,otros,2026-08-10
-0.18765835368355477,-0.07020007554480805,seguridad,2026-08-10
0.20594708128686837,-0.06347304017194151,seguridad,2026-08-10
0.15525844502045213,-0.08999990161960278,seguridad,2026-08-10
-0.19350739291948926,-0.1244870547858877,seguridad,2026-08-10
-0.2567036219169395,-0.09421057935568332,seguridad,2026-08-10
-0.268191198108628,0.13964828648785108,seguridad,2026-08-10
-0.19822988173550002,0.08736211659461836,otros,2026-08-10
-0.12448617178620457,-0.11773377919535667,otros,2026-08-10
-0.055848940395590435,-0.12980390276657888,tren,2026-08-10
-0.04695705606656282,0.023154838998051687,tren,2026-08-10
-0.11599053164588582,0.25359043664547765,otros,2026-08-10
0.14084457335276807,0.2506641769601009,otros,2026-08-10
0.17508264214254063,0.28847477225683543,otros,2026-08-10
-0.09764708997902384,0.17752428673245838,otros,2026-08-10
-0.07330109643846736,0.11213669627264543,seguridad,2026-08-10
0.2036371130718311,0.08656427998231038,seguridad,2026-08-10
0.19795890692893311,0.04934382234213745,otros,2026-08-10
0.12528193427239687,0.08846561628667174,otros,2026-08-10
-0.10947853643745868,0.14393286500708352,otros,2026-08-10
-0.2320393203443571,-0.09272529179562623,seguridad,2026-08-10
-0.18254248988943836,-0.1902563414703814,seguridad,2026-08-10
0.06784094344565433,0.08005935229710974,seguridad,2026-08-10
0.23452794662997037,0.32890204932707584,otros,2026-08-10
0.26095632440832356,0.30662364502042144,salud,2026-08-10
-0.05751036282658135,0.25848422781575114,otros,2026-08-10
0.2298482038975718,0.31646505989555157,otros,2026-08-10
0.19235077978724996,0.3096550599137413,otros,2026-08-10
-0.027138505958573658,0.24060238472207116,otros,2026-08-10
0.0743110313891165,0.19360474366853797,otros,2026-08-10
-0.23280065859356175,-0.16377982095171506,seguridad,2026-08-11
0.08400967045083356,-0.15545630670956193,seguridad,2026-08-11
0.24017569169352584,-0.10350311975776173,seguridad,2026-08-11
0.1546643435319958,-0.12351690446236951,seguridad,2026-08-11
0.2757125644265863,-0.23346146794595182,seguridad,2026-08-11
0.3110458007446057,-0.1987166129051068,seguridad,2026-08-11
0.26181769608904415,-0.19171376437239654,seguridad,2026-08-11
0.2889829909471732,-0.1336035864716215,seguridad,2026-08-11
0.3210133558220802,-0.10549508935705783,seguridad,2026-08-11
0.2406546156246517,-0.13627586907610992,seguridad,2026-08-11
0.1628792879801521,-0.08689519563952605,seguridad,2026-08-11
0.2764836863471784,-0.016254120643920844,salud,2026-08-11
0.27007772622830917,-0.13999387505497668,salud,2026-08-11
-0.03679569945506081,-0.07894827077910714,otros,2026-08-11
-0.09170019815011995,-0.08738935967480654,seguridad,2026-08-11
-0.0023297034712088747,-0.1417121224217184,seguridad,2026-08-11
0.16742114433546304,-0.15776992273022689,seguridad,2026-08-11
0.2394346197941229,-0.21043680975463516,seguridad,2026-08-11
0.2470717277616923,-0.17749824833405325,seguridad,2026-08-11
0.22682330834801487,-0.187484290543306,seguridad,2026-08-11
0.2532281948547412,-0.16556098562540691,seguridad,2026-08-11
0.20482778323644482,-0.19283674412122795,seguridad,2026-08-11
0.15044396736268809,-0.1405947150761928,seguridad,2026-08-11
0.043493222270433285,-0.22020286352100052,seguridad,2026-08-11
0.1163059550766754,-0.15648915907732053,seguridad,2026-08-11
0.12847150151022793,-0.16574055486199823,seguridad,2026-08-11
0.23688750373643747,-0.17877541042607095,seguridad,2026-08-11
0.008113910451899088,-0.16342841602441563,seguridad,2026-08-11
0.07418016308017601,-0.20395793830008815,seguridad,2026-08-11
0.16071120099526187,-0.2321919523420276,otros,2026-08-11
0.25565754421498504,-0.2986502635819694,otros,2026-08-11
0.0030617182274720843,-0.2508906873353446,seguridad,2026-08-11
-0.06850466137227915,-0.2205440638204059,seguridad,2026-08-11
-0.11427169849690598,-0.16082015457235282,seguridad,2026-08-11
0.21316398449455884,-0.1396232210504065,otros,2026-08-11
0.07245866879677373,-0.17591090471835155,seguridad,2026-08-11
-0.21887553986787314,-0.13286101697001504,seguridad,2026-08-11
0.1413785135580391,-0.25017072237223,seguridad,2026-08-11
0.20482173755995048,-0.18017168009324588,seguridad,2026-08-11
0.21436391848726938,-0.0957277838063697,seguridad,2026-08-11
0.1151262971663603,-0.15194795246047155,seguridad,2026-08-11
-0.12806874921907122,-0.1287937610516864,seguridad,2026-08-11
-0.1412481428175923,-0.11744397989975813,seguridad,2026-08-11
0.2646219643878207,-0.07237072028569874,seguridad,2026-08-11
0.008222000336074405,-0.04985981672170632,seguridad,2026-08-11
-0.14962081695407703,-0.15624055433776401,seguridad,2026-08-11
0.12571374930768112,-0.10267714280409664,seguridad,2026-08-11
-0.10185338717212766,-0.053743916719522826,seguridad,2026-08-11
0.21730849706484412,-0.1263732180051239,seguridad,2026-08-11
0.19707364698523502,-0.10695210009159359,seguridad,2026-08-11
0.022156696815702953,-0.0730861026977315,seguridad,2026-08-11
-0.07060041907227978,-0.15872796087243396,seguridad,2026-08-11
-0.16160469217421036,-0.11274356164490082,seguridad,2026-08-11
0.1773467509132298,-0.023941296738893263,seguridad,2026-08-11
0.1412592081116553,-0.03294622862243335,seguridad,2026-08-11
-0.17573990167828368,-0.09919988871667834,seguridad,2026-08-11
0.21759839861000743,-0.14497712232081833,seguridad,2026-08-11
-0.019418360207215407,-0.21545139246391387,seguridad,2026-08-11
0.022730399437174413,-0.18363680995821074,salud,2026-08-11
-0.06551452435196176,-0.1348814969210214,seguridad,2026-08-11
0.17468957832997414,0.010395823558173478,seguridad,2026-08-11
-0.0974887060917223,-0.07557027544775118,seguridad,2026-08-11
-0.05366032829837696,-0.12355716787006801,seguridad,2026-08-11
0.12842727434754597,-0.07322385613606218,seguridad,2026-08-11
-0.22994879188402026,-0.12598763324942153,otros,2026-08-11
-0.2682253840156554,-0.10124401348333317,seguridad,2026-08-11
-0.16695029835226066,-0.12592091222921228,seguridad,2026-08-11
-0.14942470571719962,-0.06519601991956168,seguridad,2026-08-11
-0.009813552680393774,-0.11829315966632713,seguridad,2026-08-11
0.030265394290961783,-0.09008352697891894,seguridad,2026-08-11
-0.17769154617934887,-0.10603081375954364,seguridad,2026-08-11
-0.1986608233259361,-0.1251802135002545,seguridad,2026-08-11
0.043132623916533046,-0.06982064737897363,seguridad,2026-08-11
0.1434269314985697,-0.12153032312466043,seguridad,2026-08-11
0.14607376242765513,-0.10903218760570267,seguridad,2026-08-11
0.11647268400501491,-0.012876155801098103,seguridad,2026-08-11
-0.09957928700159643,-0.1123382471454438,seguridad,2026-08-11
-0.06229164553646319,-0.10905944990128334,seguridad,2026-08-11
-0.1421012950171581,-0.060597624314300984,seguridad,2026-08-11
-0.16135593181317,-0.0312753387599837,seguridad,2026-08-11
-0.1917814279270964,0.02255441183978963,seguridad,2026-08-11
0.1183286507466152,0.09351813859998784,seguridad,2026-08-11
-0.09869658055295302,0.029399930031833055,seguridad,2026-08-11
0.15441789294475572,0.1970844314867623,otros,2026-08-11
0.18235587328648753,0.28636688671130817,otros,2026-08-11
0.161124545117416,0.15968261486886826,otros,2026-08-11
-0.06460160372888459,0.09650216590399203,otros,2026-08-11
0.15866366765749593,0.1841037761590922,otros,2026-08-11
0.12599857432648925,0.160035140599649,otros,2026-08-11
-0.17534068092863644,-0.0032450605000220413,otros,2026-08-11
-0.1872548079454847,-0.03785788012893597,otros,2026-08-11
-0.24445413694546683,-0.0666442968843589,tren,2026-08-12
-0.04424001740281085,-0.19980055144303172,vivienda,2026-08-12
-0.08071286150862612,-0.25044316937995237,vivienda,2026-08-12
-0.1399057161124932,-0.21858155793895664,vivienda,2026-08-12
-0.06440376901536052,-0.26850834739459273,vivienda,2026-08-12
-0.03889222783587455,-0.2136090495717972,vivienda,2026-08-12
-0.1772304670761229,-0.03593671862729133,vivienda,2026-08-12
-0.23113548546419468,0.018870748085913897,vivienda,2026-08-12
-0.10276761285562923,-0.159393620118047,vivienda,2026-08-12
0.23279205888735985,-0.14112591064766017,tren,2026-08-12
0.17820002828660042,-0.12245100800032728,tren,2026-08-12
0.23034639157003392,-0.06638599281374641,tren,2026-08-12
0.1711939264160779,-0.012197182977366739,tren,2026-08-12
-0.057049951061463766,-0.007464006793288644,tren,2026-08-12
-0.08996727123186589,-0.0672474455758705,tren,2026-08-12
0.13164849408986634,-0.07000708020797741,tren,2026-08-12
0.09931338817095442,-0.11131927201874255,tren,2026-08-12
0.038537550063493714,-0.023283074664441034,tren,2026-08-12
-0.18466054006982524,-0.029052884651344535,tren,2026-08-12
0.18883532900913155,-0.03794086560699909,seguridad,2026-08-12
0.10673559269571829,-0.11102199056251646,seguridad,2026-08-12
0.016254385606858678,-0.07639056788876247,tren,2026-08-12
-0.11644219415124246,-0.01043531020284244,otros,2026-08-12
-0.14944590109759734,0.010400878653064627,otros,2026-08-12
0.0667266391395399,0.02386989601486713,tren,2026-08-12
0.1753390469443611,-0.06382526082845272,tren,2026-08-12
0.20257646956776015,-0.08289949526405552,tren,2026-08-12
0.18632213039141932,-0.09634125433474246,tren,2026-08-12
0.16503312907358905,-0.08761973404068327,tren,2026-08-12
-0.17595674321258978,-0.025342866926552663,salud,2026-08-12
-0.08307714237574139,0.03591879255213698,salud,2026-08-12
-0.0069624632389486026,0.05362383940038552,otros,2026-08-12
-0.13124802381676665,0.00260783410798968,otros,2026-08-12
-0.13055560262102955,0.010586382815214415,otros,2026-08-12
0.22174411220023163,0.0842940725960232,tren,2026-08-12
0.18637165256140956,0.06687135772488423,tren,2026-08-12
-0.20579042156946142,-0.03690095842718767,otros,2026-08-12
-0.0534635894445376,-0.016891360616567982,otros,2026-08-12
0.14494099113440165,0.09793675154649913,otros,2026-08-12
-0.1039890118492692,0.008243776012844362,otros,2026-08-12
0.13642888989660598,-0.036135697117387545,otros,2026-08-12
-0.07929571914546392,-0.07032219459653478,tren,2026-08-12
-0.031744145847017007,-0.03644507864811348,tren,2026-08-12
0.09079197602021416,-0.009855116035650842,tren,2026-08-12
0.1749046284877093,-0.1280409521573378,otros,2026-08-12
-0.10611883273940993,-0.0318229714063316,tren,2026-08-12
0.12029206680522485,-0.05488253242424881,tren,2026-08-12
0.17698601122423732,-0.08764209965945953,otros,2026-08-12
0.2627281557040403,-0.04023321767831237,otros,2026-08-12
-0.11756002983195411,-0.07992134569975716,otros,2026-08-12
-0.21499981288432946,-0.09787865936027726,seguridad,2026-08-12
-0.05266785580598893,-0.09400183960711395,otros,2026-08-12
-0.12755333130657087,-0.1041273583196714,otros,2026-08-12
-0.16441954976586817,-0.023612914343864862,otros,2026-08-12
-0.19158730963904336,-0.006231888321660645,salud,2026-08-12
0.14494106357452607,-0.020888875931074878,otros,2026-08-12
0.10694754687898342,0.05865470984649464,tren,2026-08-12
-0.1843402548257694,-0.04821739866207331,otros,2026-08-12
0.1460584914580328,0.011515009020052303,seguridad,2026-08-12
-0.0985766731804925,0.03470142936054209,otros,2026-08-12
-0.15271554012541375,0.1509455441142975,otros,2026-08-12
-0.18438073451939366,-0.008724632179083234,otros,2026-08-12
-0.11910210319999916,-0.1805315587862984,salud,2026-08-12
-0.21120905498763753,-0.10249905355349163,tren,2026-08-12
-0.22570897515025773,-0.17718982086096685,seguridad,2026-08-13
0.14940616038769505,-0.17364161793449073,otros,2026-08-13
0.22464701948710858,-0.12991861798516408,tren,2026-08-13
0.26032376895777337,-0.0871271943096206,tren,2026-08-13
0.2971328944795231,-0.10595092240997425,tren,2026-08-13
0.19550069008827478,-0.1529063483193965,otros,2026-08-13
0.10145973346398637,-0.08432096415933818,otros,2026-08-13
0.2116698882759691,-0.09303104865334541,otros,2026-08-13
0.11305100561995306,-0.15732952031957717,otros,2026-08-13
0.16734104352511064,-0.15093168848804533,otros,2026-08-13
0.2186186048360442,-0.1995067858185883,otros,2026-08-13
0.2418019356142085,-0.08701251818205008,otros,2026-08-13
0.14134775092527527,-0.15577888930985373,otros,2026-08-13
0.16173367870160463,-0.1630053955515914,otros,2026-08-13
-0.04893442469778791,-0.1367471534771238,otros,2026-08-13
-0.04561235049722762,-0.21437547836654153,otros,2026-08-13
-0.06927791054434365,-0.1691388356163132,otros,2026-08-13
-0.2666600327304386,-0.05773785580358717,salud,2026-08-13
-0.27620631732981765,0.04468610153085239,otros,2026-08-13
-0.25437937585919285,0.21084324157791834,otros,2026-08-13
-0.15570457325054848,0.1980121073476497,otros,2026-08-13
-0.19151120961549598,0.15444886441246247,otros,2026-08-13
-0.16834568587531895,-0.1505200412949022,comercio,2026-08-13
0.2531094082771404,-0.050408707852538835,comercio,2026-08-13
-0.2428583853903877,-0.08156171318706269,comercio,2026-08-13
-0.20321672892292822,0.18106403662173867,otros,2026-08-13
-0.14456483413255752,0.20634658545465726,otros,2026-08-13
-0.16296787640316002,0.2758031620379246,otros,2026-08-13
0.17905785146354347,0.36505246020190746,otros,2026-08-13
0.003357387953213581,0.31964226018418734,otros,2026-08-13
-0.16359194267026425,0.14023428059812323,seguridad,2026-08-13
-0.2407679499608795,0.03336900461088852,seguridad,2026-08-13
-0.338127889349683,0.05757440067094162,seguridad,2026-08-13
-0.2843743930168288,0.08782537776035315,otros,2026-08-13
-0.1929055353326401,0.08897825117634652,seguridad,2026-08-13
-0.0864153614888476,0.0730804250132885,seguridad,2026-08-13
0.20303502963189135,0.09462874762688776,seguridad,2026-08-13
-0.05384235351149767,0.07236165851070088,seguridad,2026-08-13
-0.1445555064452841,0.04136679865350282,seguridad,2026-08-13
-0.1734590364754677,-0.01777811391994019,seguridad,2026-08-13
-0.05924989081805526,-0.06786127349162252,salud,2026-08-13
-0.09568433215640279,-0.01758821878344459,salud,2026-08-13
-0.21964397662208338,-4.78607490729299e-6,otros,2026-08-13
-0.25151656141660583,-0.07144697815690274,salud,2026-08-13
-0.21835663666993993,-0.08858834962933941,seguridad,2026-08-13
-0.2309299752598038,-0.050278753565497034,seguridad,2026-08-13
-0.3046941417346642,0.041818052575182244,seguridad,2026-08-13
-0.30433181197116504,-0.04376426351079764,seguridad,2026-08-13
-0.24164326332145603,0.006764503456931617,otros,2026-08-13
-0.24226516894998015,-0.10545873795384897,salud,2026-08-13
-0.24762306812124257,-0.04268307479866914,otros,2026-08-13
0.1259624700090466,-0.05020194100746083,otros,2026-08-13
-0.21520095926112287,-0.20452759546234925,salud,2026-08-14
0.1715259333839997,-0.09724274605056049,salud,2026-08-14
0.16185941607817964,-0.07642354903457642,otros,2026-08-14
-0.04877299573080107,-0.08521613606477701,otros,2026-08-14
0.10487324489243612,-0.22633039748652622,otros,2026-08-14
0.027612324858247213,-0.2863354332808598,salud,2026-08-14
0.06513352876975488,-0.2623860343810404,salud,2026-08-14
0.2215447788621193,-0.2932973223218095,otros,2026-08-14
0.2105442215960678,-0.27078620694825856,vivienda,2026-08-14
-0.03640800034861896,-0.2050002281597259,seguridad,2026-08-14
-0.07551623201529778,-0.15829171313485205,otros,2026-08-14
-0.10580402037263395,-0.13984663096804312,seguridad,2026-08-14
0.11172813844792452,-0.12987476221770522,seguridad,2026-08-14
0.03402469330024965,-0.17733064124569714,otros,2026-08-14
-0.2949767390179233,0.013747474279777041,otros,2026-08-14
0.12030150004602294,0.11880200755852112,otros,2026-08-14
0.09970744638889335,0.14772824845395305,otros,2026-08-14
0.13385457949146015,0.20005774565185924,otros,2026-08-14
0.04761499744946938,0.27004386685054793,otros,2026-08-14
-0.18383268233328662,0.22767430370937966,otros,2026-08-14
-0.1822501055786755,0.11393739001470102,otros,2026-08-14
0.10924823320262587,0.03603520633109007,otros,2026-08-14
-0.1350925500047194,0.16666098938047058,otros,2026-08-14
-0.14675804263141917,0.14795973046510333,seguridad,2026-08-14
-0.04930424362544738,0.011025443973018077,seguridad,2026-08-14
0.03456541737649917,0.12827866203171784,otros,2026-08-14
-0.12589556269187333,0.23853800510598466,otros,2026-08-14
0.06720078726839661,0.3102005921053746,otros,2026-08-14
0.12854982865422207,0.23767167936444417,seguridad,2026-08-14
0.029220265798860126,0.14621928349472635,seguridad,2026-08-14
-0.07127183725171185,0.2480410752441671,otros,2026-08-14
-0.08880699479784596,0.15285229172452,otros,2026-08-14
-0.1982430213642008,-0.05290388072739695,otros,2026-08-14
-0.19164626248527744,-0.10679432924270528,otros,2026-08-14
0.10130790113481807,-0.11982159989011923,otros,2026-08-14
-0.11473214780427206,-0.20199438730198194,tren,2026-08-14
0.2458816700637492,-0.10896710622870967,comercio,2026-08-14
-0.1352475548463407,-0.1302595343249826,tren,2026-08-14
-0.15771342081653525,-0.1474072848990532,otros,2026-08-14
-0.1666016307889317,-0.1921608548038694,tren,2026-08-14
-0.12349610462295955,-0.12366682472351866,otros,2026-08-14
-0.21194835132651446,-0.061866584996771605,otros,2026-08-14
0.07997285615170027,0.052170823191810003,otros,2026-08-14
0.10147686546723604,0.20219368772881535,otros,2026-08-14
-0.08013344832916042,0.31620430287383966,otros,2026-08-14
0.12051987102583352,0.36713180492389863,otros,2026-08-14
0.1617063288652029,0.15107348623415065,otros,2026-08-14
-0.14897842775934403,0.1445382295864981,otros,2026-08-14
-0.3041324551803939,0.1149893521079847,seguridad,2026-08-14
-0.1552965331589447,0.042963293135891326,seguridad,2026-08-14
-0.3087072319323416,0.09008620162209705,seguridad,2026-08-14
-0.2604147768962903,0.10302917461671073,seguridad,2026-08-14
0.0994382073162349,0.10189023971571977,otros,2026-08-14
-0.008586194087215268,0.030402629496018768,otros,2026-08-14
0.10769706343318476,-0.11628208210194521,otros,2026-08-14
0.1417149250291265,-0.12310856280798609,otros,2026-08-14
-0.09859235744483875,-0.09977123039575148,comercio,2026-08-14
-0.04423476188150193,-0.10471790714310672,comercio,2026-08-14
-0.18712063268542833,-0.0587435384409774,otros,2026-08-14
-0.018524162138478843,-0.08008992471665344,otros,2026-08-14
-0.206522950842444,-0.05753132253906453,otros,2026-08-14
-0.31753890278441077,0.12707217638690574,seguridad,2026-08-14
-0.24469447908579461,0.10469806774512896,seguridad,2026-08-14
-0.2767662531489628,-0.020586523062359575,seguridad,2026-08-14
-0.1984581017731643,-0.15175017164176716,seguridad,2026-08-14
-0.22508218461532314,-0.06187631100870661,otros,2026-08-14
0.24756699461364848,-0.04623162592150782,otros,2026-08-14
-0.12914277126746443,-0.025341092936078332,salud,2026-08-14
0.15319840890833275,-0.07404003578646894,salud,2026-08-14
-0.06175158319769562,-0.08841607062655908,otros,2026-08-14
-0.11081883380518026,0.0741920385060757,otros,2026-08-17
0.1892053844624174,-0.04336040165463413,otros,2026-08-17
0.24306621126359598,-0.1532446014852024,otros,2026-08-17
0.2727298214013938,-0.17166527829052022,otros,2026-08-17
0.1900547668978591,-0.16119307803341615,otros,2026-08-17
0.2426771067840177,-0.033715642066875155,otros,2026-08-17
0.26278204508879593,0.02575795147684919,salud,2026-08-17
0.08551758418117329,-0.016063288785750158,otros,2026-08-17
0.2598155811743769,0.16883751268719432,otros,2026-08-17
0.21802698626121858,0.26175161983809553,otros,2026-08-17
0.23661007126269495,0.24725472081158764,otros,2026-08-17
0.32482660250527773,0.3162173815165413,otros,2026-08-17
0.2550649318199461,0.2966837885008398,seguridad,2026-08-17
0.2442839456117852,0.32102247352595187,otros,2026-08-17
0.2657569699051881,0.3505066402123498,seguridad,2026-08-17
0.24950374331601805,0.2215529114557145,otros,2026-08-17
0.067705696915744365,0.24536257126022762,otros,2026-08-17
-0.15020647186195796,0.1667915066983891,otros,2026-08-17
-0.0218336905200563,0.1069036018128674,otros,2026-08-17
-0.00724958105411056,0.12770780411108484,salud,2026-08-17
0.008868988224310804,0.06676038547929387,salud,2026-08-17
-0.07256992021132681,0.1419531500495745,otros,2026-08-17
0.2851699023204638,0.19191788792786402,comercio,2026-08-17
0.26729213742962216,0.3537754855423859,otros,2026-08-17
-0.008830650696101686,0.28593477751718027,otros,2026-08-17
-0.08961452055428505,0.19228749012228852,otros,2026-08-17
-0.054573170627666534,0.21381772544138242,otros,2026-08-17
0.28504178795590535,0.2763361421209909,seguridad,2026-08-17
-0.042382761772677156,0.3192417709806197,seguridad,2026-08-17
-0.11275485630033188,0.11432085281179488,salud,2026-08-17
0.16637359312250866,-0.06850392953555236,otros,2026-08-17
0.27909612064087536,-0.057245905583225426,otros,2026-08-17
0.3367632549489733,0.12956031454203867,otros,2026-08-17
-0.031623960884695115,0.048046138250353955,otros,2026-08-17
-0.13759287823026667,0.21419854554207518,otros,2026-08-17
-0.05026271202713887,0.2258760370018256,otros,2026-08-17
0.24513843083258327,0.3437834876271865,otros,2026-08-17
-0.01343629816729461,0.3101637189106823,otros,2026-08-17
0.15006443792684043,0.35746225646175683,salud,2026-08-17
-0.12254110243880116,0.15981786511337476,otros,2026-08-17
-0.05651239135044658,0.06953702681952975,otros,2026-08-17
-0.003124342637473683,0.09572425052588687,otros,2026-08-17
-0.03761576412262489,-0.0520984241320965,tren,2026-08-17
-0.20807955842810116,0.10403572060944725,tren,2026-08-17
0.02756867310548377,0.2405052638334324,otros,2026-08-17
-0.13794052903247733,0.1116212549076831,comercio,2026-08-17
-0.15930535586820851,0.04535617904303065,otros,2026-08-17
-0.21575286091549586,-0.05970382088032874,salud,2026-08-17
-0.12350683149839058,-0.05673052000029312,otros,2026-08-17
-0.009281875319654234,-0.11745338508819207,otros,2026-08-17
-0.11772399704751298,-0.015521072500997109,otros,2026-08-17
-0.17482822325747516,-0.11342342153243948,otros,2026-08-17
-0.19577213065744115,-0.16986335704817945,vivienda,2026-08-17
-0.14951292263755925,-0.23698721141349716,vivienda,2026-08-17
0.2052168870603786,-0.10593233411220873,seguridad,2026-08-17
0.16845912642941757,0.07363487598982188,seguridad,2026-08-17
0.04802346460221882,0.10810157923136923,otros,2026-08-17
-0.21558680891954593,0.07069437308819124,otros,2026-08-17
-0.22098454681289706,-0.10305322649561295,otros,2026-08-17
-0.18916489836172537,-0.19069296183953446,tren,2026-08-17
-0.13393950754571338,-0.2121095252022121,salud,2026-08-17
-0.10353981806467705,-0.135921922712014,salud,2026-08-17
-0.0799379041439172,-0.0840671749086152,salud,2026-08-17
-0.05986176577176287,-0.010376902940438311,otros,2026-08-17
-0.17950862530012185,-0.1403837292950022,salud,2026-08-18
0.2763381361049799,-0.16430894070662413,salud,2026-08-18
0.28310234878829116,-0.1253147973905256,salud,2026-08-18
0.3041704662069181,-0.11043786493702064,salud,2026-08-18
0.2690751687748995,-0.1822162215178832,seguridad,2026-08-18
0.3035356916907635,-0.11305773790147124,otros,2026-08-18
0.2187582757814103,-0.15041401434601975,salud,2026-08-18
0.3050512478460511,-0.1545036758637949,salud,2026-08-18
0.2548403596778435,-0.10529599658459497,salud,2026-08-18
0.272176823618278,-0.029654169798909218,salud,2026-08-18
0.2351504418233438,-0.10071879581298128,salud,2026-08-18
0.21177876719809618,0.0044964108140110705,salud,2026-08-18
0.23203455836618825,-0.11538774902117932,seguridad,2026-08-18
0.24230547067248825,-0.18085667737806335,seguridad,2026-08-18
0.3102885182523906,-0.08340314827353133,salud,2026-08-18
0.32516277552334577,-0.13643978211669816,salud,2026-08-18
0.28272094396929226,-0.10610958345490057,seguridad,2026-08-18
0.25137404077016773,-0.19928266142693307,comercio,2026-08-18
0.2472644116483467,-0.09289563190181148,salud,2026-08-18
0.19241980537678682,-0.15415798777701892,salud,2026-08-18
0.04525728233505129,-0.22032142192133997,seguridad,2026-08-18
0.11238151770438862,-0.2259506725033135,comercio,2026-08-18
0.30742342591051713,-0.19034426099469132,salud,2026-08-18
0.304942020712473,-0.11303544275448044,salud,2026-08-18
0.09679293696969621,-0.09956349742165164,salud,2026-08-18
0.11933627201279355,-0.028845718896942055,salud,2026-08-18
-0.20107403385893424,0.14806757587029817,salud,2026-08-18
-0.1772265888715264,0.054539828179092434,otros,2026-08-18
-0.15899928884232015,0.09809426316071265,salud,2026-08-18
-0.16666152288343652,0.04112997459450687,salud,2026-08-18
-0.17771616272604127,-0.02165784844866765,comercio,2026-08-18
-0.14785753178263442,0.004286691951926948,seguridad,2026-08-18
-0.25148576558146224,-0.005162933612412163,otros,2026-08-18
-0.29976666425046283,-0.01481617942023011,otros,2026-08-18
-0.2889395646470675,0.0011850991353766337,otros,2026-08-18
-0.24271043160083244,0.061533539701181784,otros,2026-08-18
-0.22572119260714055,0.06676136480720361,otros,2026-08-18
-0.25046729406926377,0.05444575169255066,otros,2026-08-18
0.134675434342003,-0.061382909483935516,otros,2026-08-18
0.15935275461351003,-0.046614614446276015,otros,2026-08-18
0.14818564968219136,0.11194136397685595,seguridad,2026-08-18
0.11269802356218192,-0.0017537296904138687,seguridad,2026-08-18
-0.21895423150094448,0.0941593615872787,otros,2026-08-18
-0.16590095056005427,-0.057285575802748935,otros,2026-08-18
0.2475419458845565,-0.09666072154327915,otros,2026-08-18
0.231448974625197,0.005003575454632742,otros,2026-08-18
-0.1975124799003078,0.009864869534684911,seguridad,2026-08-18
-0.1480964482896266,0.15405690750519752,seguridad,2026-08-18
-0.15565476487773902,0.18635223230138534,seguridad,2026-08-18
-0.23526021734147828,0.17796860795361902,otros,2026-08-18
-0.31133953729715397,0.08891822070172106,seguridad,2026-08-18
-0.3011855093485718,0.11898055949767347,seguridad,2026-08-18
-0.29414271193773167,0.11214272257824227,otros,2026-08-18
-0.3203400143976424,0.08106772362749164,otros,2026-08-18
-0.2372985794977852,0.20679238580654943,otros,2026-08-18
0.1691770750113083,0.22351218482060597,salud,2026-08-18
-0.11937986083162752,0.19099827020028182,salud,2026-08-18
-0.2799517279430574,0.20204834427890578,otros,2026-08-18
-0.24644342089291998,0.22960367252316616,otros,2026-08-18
-0.2177095057088453,0.23876383462065132,otros,2026-08-18
0.16347231128006834,0.23120920316836566,otros,2026-08-18
-0.08419162087255137,-0.08398815909474576,otros,2026-08-18
-0.1532414166762868,-0.1252195501757996,salud,2026-08-18
-0.01648273737519128,-0.17557358681098478,seguridad,2026-08-18
-0.15742520177983285,-0.13546708381817948,salud,2026-08-18
-0.20749044455558438,-0.024372206222487397,salud,2026-08-18
-0.08570769764401007,0.13535011250393622,otros,2026-08-18
-0.24516789215673412,0.09264334465311827,otros,2026-08-18
0.09284674615396235,0.17670311701759542,otros,2026-08-18
-0.16876961088587816,0.1574531469950525,seguridad,2026-08-18
-0.21904914261092126,0.1045315255724947,seguridad,2026-08-18
-0.1286173478353008,0.2936804958169804,otros,2026-08-18
0.2132264497073199,0.3079342934537083,otros,2026-08-18
-0.15776023927789104,0.2448794705977625,otros,2026-08-18
-0.22223344021953423,0.21689595273597317,otros,2026-08-18
-0.2086631468620232,0.16759807751926076,otros,2026-08-18
-0.1269278466633971,-0.08472915709788253,salud,2026-08-18
-0.15746334473944826,-0.07009388290619285,salud,2026-08-18
-0.23435950283734236,-0.17359214138544768,comercio,2026-08-19
-0.03759122739051019,-0.14855713398540382,vivienda,2026-08-19
-0.06104815963232749,-0.21640861530841876,vivienda,2026-08-19
-0.062424003488484,-0.2610662144760266,vivienda,2026-08-19
0.0017405941252046134,-0.25596610980707596,vivienda,2026-08-19
-0.19850259122592878,-0.14307730748767827,vivienda,2026-08-19
-0.20392202943527998,-0.1578341683970384,vivienda,2026-08-19
0.10256147837471365,-0.27182261168531757,tren,2026-08-19
-0.06346337214342733,-0.25400937054381817,otros,2026-08-19
0.13429010253822934,-0.23673900029862066,salud,2026-08-19
-0.10056340902810924,-0.13337026073578429,otros,2026-08-19
0.24806842304176718,-0.13105745479345324,salud,2026-08-19
0.26222381731033717,-0.1971820275210673,otros,2026-08-19
0.23728657592144325,-0.21877447207188944,otros,2026-08-19
0.035154440705856105,-0.2190773751021752,otros,2026-08-19
-0.04920845121027778,-0.22484705284286996,salud,2026-08-19
0.2629403183945058,-0.24138745399342162,salud,2026-08-19
-0.09709347984142161,-0.1589660577578313,otros,2026-08-19
-0.025479758032597367,-0.2126294334621064,tren,2026-08-19
0.014254493600038366,-0.19862478375258552,tren,2026-08-19
0.05212964539192203,-0.14810658934660234,otros,2026-08-19
-0.09373281474078363,-0.10961702289544521,otros,2026-08-19
0.03658629246762327,-0.16252295966470146,tren,2026-08-19
0.16645899816126714,-0.2599404799046217,vivienda,2026-08-19
-0.055735518508717816,-0.2090326038313676,vivienda,2026-08-19
-0.08096387076164953,-0.231240355507386,tren,2026-08-19
-0.11559944491973674,-0.2082845286182425,otros,2026-08-19
0.15260190597159096,-0.19285899893899539,otros,2026-08-19
0.2160870126450706,-0.10065866148920365,otros,2026-08-19
0.11428520539712042,0.014029631497929292,seguridad,2026-08-19
0.12287844249042423,0.00874382010869677,otros,2026-08-19
0.1389160019407167,0.018402994358504544,otros,2026-08-19
0.17975114449221094,0.04462475853245518,otros,2026-08-19
0.11848198180678213,-0.11994382159019322,otros,2026-08-19
-0.14035063862212616,-0.08969783698655857,comercio,2026-08-19
-0.24982263450796025,0.035304812389520775,comercio,2026-08-19
-0.08425058999201797,0.013316257125530081,otros,2026-08-19
-0.17855363251342482,0.1112506000649598,comercio,2026-08-19
-0.14869882724816727,0.11147026675016031,comercio,2026-08-19
-0.1689455452989649,0.11271210511305706,comercio,2026-08-19
-0.1965353375546612,0.1665750295676787,otros,2026-08-19
0.22919374744554227,0.24288191338900628,otros,2026-08-19
0.0771524488620195,0.17334091772671528,seguridad,2026-08-19
0.14008043196817221,0.1003077726779727,seguridad,2026-08-19
-0.1653586018981096,0.03806227009147531,seguridad,2026-08-19
-0.1505477705222303,0.16711290800265474,otros,2026-08-19
-0.20526927407825943,0.16475824047611248,seguridad,2026-08-19
-0.14184975650277978,0.04582042506222557,comercio,2026-08-19
0.04929269733357248,0.03921712641099448,comercio,2026-08-19
-0.11479431785809689,-0.09400389545136549,otros,2026-08-19
-0.026201343858918716,-0.10337413410879294,seguridad,2026-08-19
-0.26622676909167203,-0.07711083137985163,seguridad,2026-08-19
-0.17670192955777445,0.026355431971956545,seguridad,2026-08-19
0.1260793629498575,0.039389394093875145,seguridad,2026-08-19
-0.15059059757529572,0.009769987230759652,seguridad,2026-08-19
-0.2670604457499248,0.04716592670076729,seguridad,2026-08-19
-0.33982212169705506,0.09661304934117802,seguridad,2026-08-19
-0.3162664144961999,-0.0862832755522813,otros,2026-08-19
-0.15477788899642525,-0.1603102231348007,seguridad,2026-08-19
0.07977733008658576,-0.09153185188062354,otros,2026-08-19
-0.1491885814440987,-0.011034572900792943,otros,2026-08-19
0.2718929795585973,-0.06743641934247353,otros,2026-08-19
-0.019388044684179158,-0.13541757778521502,otros,2026-08-19
-0.03866020633892914,-0.0951071967289316,salud,2026-08-19
-0.0032871023323624415,-0.025401646009056165,salud,2026-08-19
-0.1307875740492928,0.055509131903043116,salud,2026-08-19
0.11593217739868834,0.07917733807552597,otros,2026-08-19
0.00245699110957903,0.13679878382819274,tren,2026-08-19
-0.09991745950662448,0.05996710509993828,otros,2026-08-19
0.22487497690033556,0.0737015544799399,otros,2026-08-19
0.30071753851526045,0.17796032475064696,otros,2026-08-19
0.25727868865549675,-0.0032919767007003773,otros,2026-08-19
0.23857604260597787,0.17844909245133606,salud,2026-08-19
0.03776905155258056,0.14007095649334494,tren,2026-08-19
-0.17987147620645572,0.03810384542487875,seguridad,2026-08-19
-0.25794105245841936,0.057422556532498205,seguridad,2026-08-19
-0.17349437730447645,-0.11284960576680202,otros,2026-08-20
-0.07723133479391749,-0.13714719160945385,otros,2026-08-20
0.13097020442184013,-0.06209544291941648,otros,2026-08-20
0.1310451592191113,-0.08608362068993232,salud,2026-08-20
0.27695456186698414,-0.026982214755718076,tren,2026-08-20
0.20717956628592804,-0.10142458261952761,otros,2026-08-20
0.30698622114033897,-0.016441738078271324,otros,2026-08-20
0.2714815285069338,-0.07649102790921201,otros,2026-08-20
0.18265260539891132,-0.0696316081425134,otros,2026-08-20
0.1717613129049178,-0.12743528542329413,otros,2026-08-20
0.20613802147551527,-0.13625031501028373,otros,2026-08-20
-0.04436784625423164,-0.06829159374792902,otros,2026-08-20
-0.1570188034481248,-0.057673667251115654,otros,2026-08-20
0.20367386929048745,0.041555850703056126,otros,2026-08-20
-0.17146141448197635,-0.02980441570164869,otros,2026-08-20
0.26877631438562116,0.022457054838987852,tren,2026-08-20
0.2915555680517032,-0.02945770793278202,otros,2026-08-20
0.2209753233859731,0.03616589654474871,otros,2026-08-20
-0.08707212573830787,0.0011344137594727977,otros,2026-08-20
-0.20479679384714733,-0.14106035261223604,comercio,2026-08-20
-0.24262312189145557,-0.07518081402679758,comercio,2026-08-20
-0.22683069565298858,-0.08620438850601643,seguridad,2026-08-20
-0.280975039566997,0.026543435399648447,seguridad,2026-08-20
-0.1882970185947536,0.1899614281382998,otros,2026-08-20
-0.3347976971670453,0.08190831817201946,otros,2026-08-20
-0.2598369118017523,0.11907840382232739,otros,2026-08-20
-0.30811061505724235,0.1242622240667227,otros,2026-08-20
-0.20210967830932086,0.020574302084356632,otros,2026-08-20
-0.11285701937768597,-0.1121763389695756,otros,2026-08-20
0.3075661688820401,-0.05242727418655437,otros,2026-08-20
0.11522555817677577,-0.005722514679624777,otros,2026-08-20
0.09059978352094443,-0.08515415842414913,otros,2026-08-20
-0.1835891503034974,-0.08999635816110543,seguridad,2026-08-20
-0.22536615294978365,0.019699245889765758,seguridad,2026-08-20
0.22018973649734747,0.1496130952428057,otros,2026-08-20
0.22806656355015095,0.16836430366146962,otros,2026-08-20
0.18443992541646675,0.0060947692098276855,otros,2026-08-20
-0.11574866349477565,-0.02639787166344563,comercio,2026-08-20
-0.06413738468697754,-0.005746627431737403,salud,2026-08-20
-0.036209499288980415,0.09059772024863066,otros,2026-08-20
-0.1416148772107695,0.051973821921460606,otros,2026-08-20
-0.18454958833122334,-0.03607072535293538,otros,2026-08-20
-0.09906982297075065,-0.14636124498697758,seguridad,2026-08-20
-0.23602411535496368,-0.08167795348903875,otros,2026-08-20
-0.24343963205624744,-0.018450924876689083,otros,2026-08-20
-0.16494038992102902,-0.0571141634314992,otros,2026-08-20
-0.20587216185694188,0.06828743623130581,otros,2026-08-20
0.19464619696399282,0.2563529338305414,otros,2026-08-20
0.19512440369359044,0.12589262824287284,otros,2026-08-20
0.2064884110719068,0.29985838769674317,seguridad,2026-08-20
-0.1962010697498567,0.25674888008584834,otros,2026-08-20
-0.24923108753869136,0.2720242669043266,otros,2026-08-20
-0.19044817286871196,0.061408295168651254,otros,2026-08-20
-0.17603893254469047,-0.04805725265708589,otros,2026-08-20
-0.07384393636895736,-0.03193623450618859,otros,2026-08-20
-0.04900701773295829,-0.04060805915849743,otros,2026-08-20
0.12245837618797842,-0.06140752698911897,otros,2026-08-20
0.15349773784775206,0.03701233616195487,otros,2026-08-20
-0.04112999849913252,-0.023666371460821647,otros,2026-08-20
-0.1679745836789989,-0.0880028786597737,otros,2026-08-20
0.07819747229529596,-0.18538443725418743,otros,2026-08-20
0.2977715078849694,-0.17631184235008893,otros,2026-08-20
-0.09046069957309606,-0.23991674868182672,otros,2026-08-20
-0.11606158610087218,-0.10917327968846222,otros,2026-08-20
0.1616064101093893,0.041000642084479025,otros,2026-08-20
-0.029589558998581563,0.0378812224017596,otros,2026-08-20
-0.11849551542891099,-0.10460735845188841,otros,2026-08-21
0.1536950898598991,-0.16382390562225427,otros,2026-08-21
0.18906555454264296,-0.15333441676384754,otros,2026-08-21
0.1976773592273433,-0.03534894068880454,otros,2026-08-21
0.17658346806560457,-0.08939571876487147,otros,2026-08-21
0.18409947139352661,-0.16341061622340408,otros,2026-08-21
0.05034560598109956,-0.16784144774153087,otros,2026-08-21
0.209733058755871,-0.18741443730078308,otros,2026-08-21
0.23556905007215811,-0.1958557192130363,otros,2026-08-21
0.21831004249352215,-0.16233677686940925,otros,2026-08-21
0.1789192529221488,-0.075892604325779,otros,2026-08-21
0.20397066478141754,-0.1474340661016593,otros,2026-08-21
0.1867058462827555,-0.13587630723763736,otros,2026-08-21
0.21703547610219392,-0.18081857526181985,otros,2026-08-21
0.07931893379046343,-0.16809626815721646,seguridad,2026-08-21
0.046977730784774754,-0.0453922036272466,seguridad,2026-08-21
0.2437669076783659,0.13684783480375376,otros,2026-08-21
0.10212230068861695,-0.03473352399837131,otros,2026-08-21
0.0761455149689566,-0.06615120858899415,seguridad,2026-08-21
0.06321157549560465,-0.10368451944698301,seguridad,2026-08-21
0.0729568552407323,-0.07449055497413776,otros,2026-08-21
0.006842310877402913,-0.07205265487295842,otros,2026-08-21
0.10598339986226853,-0.025001749384590793,otros,2026-08-21
0.2153999060622868,-0.00447863152525519,seguridad,2026-08-21
0.20004179261292718,0.10634691049777807,seguridad,2026-08-21
0.16640986607487465,0.08294167810824402,otros,2026-08-21
0.04128048770811075,-0.08362059235356917,otros,2026-08-21
-0.024637552348772542,-0.14766371987224522,tren,2026-08-21
0.15593996245100838,-0.1742888360706947,tren,2026-08-21
0.16071413619745853,-0.1678903881368975,salud,2026-08-21
0.2183420219882863,-0.17867170846546318,seguridad,2026-08-21
0.09246566797390962,-0.1246265657666223,otros,2026-08-21
0.123603665803247,-0.15020039402454888,otros,2026-08-21
0.17178317934203657,-0.10785562499106133,otros,2026-08-21
0.16998068243200248,-0.006166642884415617,otros,2026-08-21
0.20423244663602225,-0.16085384108019352,otros,2026-08-21
0.18879072610044442,-0.18458698704543472,tren,2026-08-21
0.1689865465467832,-0.08887981958028847,otros,2026-08-21
-0.031029409096559123,-0.053748654410310334,salud,2026-08-21
0.042899280628534965,-0.059598208645036885,otros,2026-08-21
0.061881277085583435,0.024967824985222854,otros,2026-08-21
0.012473971893198819,-0.02382624406219581,otros,2026-08-21
0.10222873804274576,0.0904237622257545,otros,2026-08-21
0.08843779445793218,0.21091819846182996,otros,2026-08-21
-0.1021302675432545,0.15832806063453106,otros,2026-08-21
0.10090482724639951,0.025065779739169923,otros,2026-08-21
0.1395433118595918,0.07219724178829214,seguridad,2026-08-21
0.067529935060405,-0.031037215214486213,salud,2026-08-21
0.14187996360042784,-0.09609355097925022,salud,2026-08-21
0.08619417674726726,0.07226546337028017,otros,2026-08-21
0.09368448313625259,0.09882155168083545,otros,2026-08-21
0.06478818586144898,0.1266212436695431,otros,2026-08-21
0.06378136982438018,0.12843917359130017,otros,2026-08-21
0.12435779688589314,0.023876502224426832,otros,2026-08-21
0.10775715744105137,0.1870225518616598,otros,2026-08-21
0.12213801010909467,0.23110262667818504,seguridad,2026-08-21
0.07230003666460447,0.022383554251102524,seguridad,2026-08-21
0.1795672872192943,-0.0545796989299251,otros,2026-08-21
-0.23196313595040588,-0.025156361483750004,otros,2026-08-24
0.19341949380540688,0.06014957517159034,otros,2026-08-24
0.19958886865436753,-0.11143982883625357,otros,2026-08-24
0.27974162328782554,-0.23318632882546672,otros,2026-08-24
0.1971979754413464,-0.18901666888196028,otros,2026-08-24
0.26880902470124934,-0.09445067560526164,otros,2026-08-24
0.3280974159353202,0.03955309204867381,otros,2026-08-24
-0.002743492606059821,-0.07164522537032791,comercio,2026-08-24
0.0914326287443605,-0.18215897592150287,comercio,2026-08-24
-0.15710258390895057,-0.1610485174607612,seguridad,2026-08-24
-0.052454637210990945,-0.1704647001887669,seguridad,2026-08-24
-0.15186852954196622,-0.10895397835453749,otros,2026-08-24
0.1697239918038342,0.09778058880748455,otros,2026-08-24
0.3119197250694734,0.061600451809625145,otros,2026-08-24
0.2885088657233367,0.04313326681790933,otros,2026-08-24
0.2812989119553618,-0.043846497165606235,otros,2026-08-24
0.2827741879105331,-0.013521438765587562,otros,2026-08-24
0.295798101090321,-0.03815401952794443,otros,2026-08-24
0.05212128466998546,0.010712427085555403,seguridad,2026-08-24
-0.0852575268576481,0.17388099947209965,otros,2026-08-24
0.23423585759871013,0.11746193378204103,otros,2026-08-24
0.2543764843848078,0.10618550668049531,otros,2026-08-24
0.23697671693430322,0.014147037960880644,otros,2026-08-24
0.1785649708136398,0.016966419510584033,otros,2026-08-24
0.20121892676339695,0.07585150883838115,otros,2026-08-24
0.14943230455746423,0.042797955501884644,otros,2026-08-24
0.25203016918203347,-0.04178736806306518,otros,2026-08-24
0.24738764019466233,0.020220891105938704,otros,2026-08-24
0.23997820950947868,0.0591360763173785,otros,2026-08-24
-0.12057639875118506,-0.11794919813641756,comercio,2026-08-24
0.21617745578413114,-0.02500112388366291,comercio,2026-08-24
-0.02386968134984755,-0.07929881668466789,comercio,2026-08-24
-0.09355534482719079,0.016877412303816532,otros,2026-08-24
-0.22723244657442643,0.0011420107153409837,otros,2026-08-24
-0.10427542405048798,-0.010309641742764464,otros,2026-08-24
0.11502650161587742,0.14510805503377383,tren,2026-08-24
-0.12322945176050891,0.03940973206601686,tren,2026-08-24
-0.16092646088362644,-0.1072287125830234,seguridad,2026-08-24
0.116700970709234,-0.024245090829470132,seguridad,2026-08-24
0.10633349847678154,0.006020136831123837,otros,2026-08-24
0.05963707782811826,0.014179467057438312,otros,2026-08-24
-0.1710948984941789,0.030175421838278753,otros,2026-08-24
0.1109481399478506,0.12232433790391554,otros,2026-08-24
0.04535432033806792,0.13813164613201362,otros,2026-08-24
0.1304260718598164,0.1261347661012312,otros,2026-08-24
-0.24079834330580058,0.06717193713312511,otros,2026-08-24
-0.12725631434642581,0.0036888088557744518,seguridad,2026-08-24
0.07461387338237843,0.11778246571615643,seguridad,2026-08-24
-0.13207496983357245,0.14059585655940493,otros,2026-08-24
0.2572097127896471,0.3204027092917718,otros,2026-08-24
0.16567442358601758,0.29221300197863503,seguridad,2026-08-24
0.127420286266695,0.142905597624506,seguridad,2026-08-24
-0.2160572229038572,0.14029349190885015,otros,2026-08-24
-0.2749678333110267,0.0194745074066811,otros,2026-08-24
-0.3223526876355644,-0.028661758131535525,otros,2026-08-24
-0.11363353087734679,-0.06746780288816569,seguridad,2026-08-24
-0.14388667865916804,0.02738695554554338,seguridad,2026-08-24
-0.32071379922126053,0.04174748449159906,seguridad,2026-08-24
-0.27002229549657436,0.09641532383503186,seguridad,2026-08-24
-0.32295637559110857,0.07264761419668003,otros,2026-08-24
-0.2165363289310874,0.03930285035850511,otros,2026-08-24
-0.1365143992769528,-0.037283038479412174,otros,2026-08-24
0.0040951792213214586,-0.028193188891793144,otros,2026-08-24
0.23417806292013418,0.2010294112047325,otros,2026-08-24
0.21709591895813546,0.17559937057864225,otros,2026-08-24
-0.259831955064822,0.05407944513482743,otros,2026-08-24
-0.2840687561229949,0.06096740703899498,otros,2026-08-24
0.1416206643977664,0.10477312824176653,otros,2026-08-24
0.12477072681563325,0.13578117230505254,otros,2026-08-24
-0.26011381845880654,0.03921197597472186,comercio,2026-08-24
-0.22652214314880928,-0.07189454321335999,comercio,2026-08-24
0.14130430111067321,-0.027284532470505867,comercio,2026-08-24
-0.17405645612859033,0.03954420939596795,comercio,2026-08-24
-0.15340974616461608,0.018981301703191664,otros,2026-08-24
-0.025476887138487645,0.016766290042023013,otros,2026-08-24
0.24407303733757077,0.14746240887219264,otros,2026-08-24
0.21042252177232437,0.06001610395535903,otros,2026-08-24
-0.04508685158470518,0.05927680879978241,salud,2026-08-24
-0.24439439240265307,0.010033939208444047,seguridad,2026-08-24
0.0849146637201745,-0.02598556005704937,seguridad,2026-08-24
-0.1063249535518268,0.03316948315025998,seguridad,2026-08-24
0.20893215567824586,-0.034508879595737695,seguridad,2026-08-24
-0.10334244493494643,-0.08843382974328576,seguridad,2026-08-24
-0.05236318366227892,0.008958079212147916,otros,2026-08-24
-0.20407666945440708,-0.19124631887259705,salud,2026-08-25
0.24569058449372583,-0.13673057574855563,salud,2026-08-25
0.07323869164769649,-0.1362559125679765,salud,2026-08-25
-0.03020938827548307,-0.15112770094729266,salud,2026-08-25
0.26047561852230866,-0.12114687899630462,vivienda,2026-08-25
0.24932724134770978,-0.1614185728884066,salud,2026-08-25
0.2670862891136804,-0.15942360071670741,salud,2026-08-25
0.10682250758743908,-0.13505310509231322,salud,2026-08-25
0.06959419061954611,-0.079266261616949,salud,2026-08-25
0.3129704920005877,-0.04072007345150601,salud,2026-08-25
0.32235288829673087,0.07359775335735896,salud,2026-08-25
0.19921758952724813,-0.14132069819879,salud,2026-08-25
0.20828771586026162,-0.22801828712022534,salud,2026-08-25
0.18199579255255674,-0.2232785828955164,salud,2026-08-25
0.31270603289650323,-0.20398623732568308,salud,2026-08-25
0.27467189017734023,-0.18567677430392465,comercio,2026-08-25
0.2880656337684212,-0.0962528933894921,comercio,2026-08-25
0.23891186731724945,-0.07860692486216016,salud,2026-08-25
0.2711728093443684,-0.17979976038596812,seguridad,2026-08-25
0.27435457427734955,-0.21572383422737226,salud,2026-08-25
0.2918102058533433,-0.11907763149882394,salud,2026-08-25
0.2656593114093939,-0.0877359209647158,salud,2026-08-25
0.286705973951565,-0.07460542249083832,salud,2026-08-25
0.24871889286518237,-0.11305979797638822,salud,2026-08-25
0.22496264700240365,-0.1218713880055122,salud,2026-08-25
0.26168152535766454,-0.061128736922693785,salud,2026-08-25
0.28704172589419824,-0.0694310019022427,salud,2026-08-25
-0.020500850011750976,-0.08940292870156943,salud,2026-08-25
-0.021485345992023553,-0.09144498613293547,otros,2026-08-25
0.014840604148169158,-0.13056807767688441,salud,2026-08-25
-0.17404856174840708,-0.15766143921277315,seguridad,2026-08-25
0.04227537089013655,-0.10802573511576376,seguridad,2026-08-25
-0.06874101407869866,-0.1732346102977148,salud,2026-08-25
0.11304382614790467,-0.08947149716459471,salud,2026-08-25
-0.142077169110177,-0.10282446919955782,salud,2026-08-25
-0.08388051161592573,-0.08580694686148477,seguridad,2026-08-25
-0.05495538897289227,-0.21857930046878496,seguridad,2026-08-25
-0.05014563697324881,-0.17420034274454005,salud,2026-08-25
3.229391214486141e-4,-0.246043768911274,salud,2026-08-25
0.06351695930947364,-0.2314977831437664,salud,2026-08-25
0.12153513742335556,-0.17560250875843245,salud,2026-08-25
-0.09881529721945108,-0.10381545883248479,salud,2026-08-25
-0.07930179822589861,-0.10523654099731161,salud,2026-08-25
0.23996412581718815,-0.10026937281084954,salud,2026-08-25
0.1688049339288299,-0.17451383701843898,seguridad,2026-08-25
-0.15363041378362727,-0.05310145523018912,seguridad,2026-08-25
-0.1412376370444173,-0.10940780279320898,salud,2026-08-25
0.18897902388564392,-0.018634237521519416,salud,2026-08-25
-0.11192481426128609,-0.009974554931320413,salud,2026-08-25
-0.2108274465000054,0.012887556878738637,otros,2026-08-25
-0.24534031113538157,0.07358300010129391,otros,2026-08-25
0.1820120346825631,0.24150154124306863,otros,2026-08-25
0.2258534215537921,0.230475759044283,otros,2026-08-25
-0.1475655303576488,0.15096648843061622,otros,2026-08-25
-0.257370492673209,0.005629089272647597,otros,2026-08-25
-0.3262715820417304,-0.02399593157357842,salud,2026-08-25
-0.19394609876150723,-0.14444776120790287,seguridad,2026-08-25
0.14542090451573558,-0.17339793303884185,seguridad,2026-08-25
0.06410139834601361,-0.09591318657716015,seguridad,2026-08-25
-0.1840263314013922,0.03682692528939945,seguridad,2026-08-25
-0.07061041566278212,0.05977161890934617,otros,2026-08-25
-0.17461905716386714,0.0043995925525882875,otros,2026-08-25
-0.14045651955188543,0.09077481850642757,seguridad,2026-08-25
-0.25606428290940425,0.12340618300799494,otros,2026-08-25
-0.1965741373354114,0.16260798302971657,otros,2026-08-25
0.16458828399685504,0.28353655219523155,otros,2026-08-25
0.2812294801677808,0.38483925325415,otros,2026-08-25
0.1538406859066804,0.2709850877514453,otros,2026-08-25
0.16681493850423265,0.3081992478509883,salud,2026-08-25
0.1918094200061907,0.21795159235850103,salud,2026-08-25
-0.10108737432360952,0.2270885875895577,seguridad,2026-08-25
-0.16165745348807611,0.05380986403083871,seguridad,2026-08-25
-0.328595870473117,0.01724092163863402,salud,2026-08-25
-0.19394098422015665,-0.08625924433155198,comercio,2026-08-25
-0.17759552845844573,-0.07283380946620122,seguridad,2026-08-25
-0.12095169390369857,-0.08499266489299015,seguridad,2026-08-25
-0.023357067470922088,-0.019955725371170224,seguridad,2026-08-25
-0.1290270945905452,-0.03516406531251356,otros,2026-08-25
-0.29915444047128315,0.040497872336460246,otros,2026-08-25
-0.29633747064749205,-0.0410709971118994,seguridad,2026-08-25
-0.19124610947899814,-0.0360017810086903,seguridad,2026-08-25
-0.24736966440765296,-0.039227945661947386,seguridad,2026-08-25
-0.15792493839575092,-0.04930157179269843,salud,2026-08-25
-0.20325194045961076,-0.14748874927993588,vivienda,2026-08-26
-0.0804247479303547,-0.20010927042002258,vivienda,2026-08-26
-0.10377137489500977,-0.2073116865522893,vivienda,2026-08-26
-0.14826290312583582,-0.1859260879523393,vivienda,2026-08-26
-0.20255989231303886,-0.059309103372280327,vivienda,2026-08-26
-0.18829639338786563,-0.06590580874354712,vivienda,2026-08-26
0.05849683403707409,-0.04117377282038575,salud,2026-08-26
-0.17744065670239076,-0.055380876148302526,salud,2026-08-26
0.14409586328176882,-0.01715316184791977,salud,2026-08-26
0.22425495572439383,-0.02223659602511839,otros,2026-08-26
0.15165611033037762,0.07383046625686605,salud,2026-08-26
0.19028664546579446,-0.04761058898856218,vivienda,2026-08-26
0.20774349960313282,-0.05597804940653727,otros,2026-08-26
0.16663878924816727,0.027917487096755934,otros,2026-08-26
-0.12690669200005925,-0.04105059967024747,otros,2026-08-26
-0.1308839506224055,-0.11386034631549015,otros,2026-08-26
0.051892842975089636,-0.01854319104363844,otros,2026-08-26
0.21195159236381325,-0.020797850144498562,otros,2026-08-26
0.1472803960355198,-0.03353741455762588,otros,2026-08-26
0.11785038533337126,-0.017521680399973812,otros,2026-08-26
-0.12622729133704547,-0.037131122819493975,comercio,2026-08-26
0.0699993572230945,-0.0545165704983134,otros,2026-08-26
0.10489686741395368,-0.04040881640531579,otros,2026-08-26
0.19628484846801839,-0.029722016831734394,otros,2026-08-26
-0.14615758018313785,-0.06673886638307626,seguridad,2026-08-26
-0.11521692111348761,-0.047919268342071775,seguridad,2026-08-26
0.14080304366482005,0.04372039426436705,otros,2026-08-26
0.21088715998062643,0.10931569556135509,otros,2026-08-26
0.16984254013759872,-0.10381395431721666,otros,2026-08-26
-0.13435065831819548,-0.1367290949682169,otros,2026-08-26
0.24038442190186687,-0.03741049543581417,otros,2026-08-26
-0.14270416855019874,-0.03170573404923151,otros,2026-08-26
-0.2003953059914788,0.028355496568924176,otros,2026-08-26
-0.2534823488088331,0.07476870675973159,otros,2026-08-26
-0.30029677223757795,0.05528192612548505,seguridad,2026-08-26
-0.2753582922963807,-0.029378326796201677,seguridad,2026-08-26
-0.21711025426076197,-0.02866762714639517,comercio,2026-08-26
-0.33296701027139375,-0.020907894658496306,otros,2026-08-26
-0.2037057408921836,-0.0524125184635262,otros,2026-08-26
-0.25310168964118485,0.07565041521333044,seguridad,2026-08-26
-0.141591943681858,-0.13098974021728332,salud,2026-08-26
-0.02572323052872725,-0.11252901249584185,comercio,2026-08-26
-0.1860440107411874,-0.020600542203237482,otros,2026-08-26
-0.2876740905441947,0.14151897593103227,otros,2026-08-26
-0.0731551992590686,0.16229473134183733,seguridad,2026-08-26
-0.09169147226172897,0.14977815480208606,seguridad,2026-08-26
-0.2634907566689842,0.11393239910789768,otros,2026-08-26
-0.19655279633565814,0.149477903897296,otros,2026-08-26
-0.2305920472927044,0.0684856246802753,seguridad,2026-08-26
-0.2562743242558416,0.06220104043040587,seguridad,2026-08-26
-0.3466920552082171,0.004162283687507268,seguridad,2026-08-26
-0.11683027353379624,-0.07682661205211118,seguridad,2026-08-26
-0.15056289194233163,0.032485761954492036,salud,2026-08-26
0.1720216076331825,0.09630318824318815,salud,2026-08-26
-0.12106650123502327,0.042208687820772715,salud,2026-08-26
-0.10742554613362869,0.06825059018979363,salud,2026-08-26
-0.11920943246753075,0.049635187966344946,salud,2026-08-26
0.12060886132574927,0.0465571932278255,otros,2026-08-26
-0.04843724911639499,0.0025646469830867455,otros,2026-08-26
0.15521133667670686,0.055567374616490604,otros,2026-08-26
0.1523191639372818,-0.03775168130407726,otros,2026-08-26
0.11131859705269724,0.07406590244828475,otros,2026-08-26
0.14420368099268854,0.12121323753947703,seguridad,2026-08-26
0.1474610092779085,0.06414032165232496,seguridad,2026-08-26
0.12539275070592676,0.12072137444529607,seguridad,2026-08-26
-0.24582676463265662,0.03963886254237206,seguridad,2026-08-26
-0.20836148470064506,0.0038233161867483804,salud,2026-08-26
-0.0435824080053791,0.03542269688528157,otros,2026-08-26
-0.24105638476347782,-0.047770677199632676,comercio,2026-08-26
-0.17713491292517464,-0.05383469324513643,otros,2026-08-26
0.14059786744770417,-0.08598443911355093,otros,2026-08-26
0.2311172325520341,-0.028438398874479714,otros,2026-08-26
0.15308886351181897,-0.004570603254942834,otros,2026-08-26
0.15810655940684454,-0.06511529052646826,tren,2026-08-26
0.25138230540562695,-0.03660527606728008,tren,2026-08-26
-0.11329471244539707,-0.10424484322209572,otros,2026-08-26
-0.13848394607350487,-0.007563877331550194,seguridad,2026-08-26
-0.2963511855964175,-0.012376961313417348,otros,2026-08-27
0.05975104048084217,0.1053727122751431,otros,2026-08-27
-0.19686291433042385,0.08018881230040568,otros,2026-08-27
-0.22298363933698034,0.056601003408760314,otros,2026-08-27
-0.14735139688773524,-0.006473556165780111,seguridad,2026-08-27
-0.131130013245927,-0.09572274895795121,seguridad,2026-08-27
0.0517308600099906,-0.09084124016204384,seguridad,2026-08-27
-0.2327653014888532,-0.028921835470862196,seguridad,2026-08-27
-0.25933662889808,0.019730822114237382,seguridad,2026-08-27
-0.2544365275567572,0.01963497469291668,otros,2026-08-27
-0.24742942403037468,0.06051755382781838,otros,2026-08-27
-0.2795427969866605,0.08833063930681657,seguridad,2026-08-27
-0.28025432626979885,0.1037643307281486,seguridad,2026-08-27
-0.24508637327300245,0.03502318374358793,otros,2026-08-27
0.0837147369352404,0.05848041990008656,seguridad,2026-08-27
-0.17382476328826071,0.11518931289692155,otros,2026-08-27
0.12945344937157297,0.1845282324015238,seguridad,2026-08-27
-0.07638924172042437,0.16047796100678344,seguridad,2026-08-27
-0.20912159623029558,-0.11136023542412225,otros,2026-08-27
0.0669685109124586,-0.13712946874873078,otros,2026-08-27
-0.21753593764930085,-0.067082009373535,otros,2026-08-27
-0.23103752759656615,-0.11826821926511627,otros,2026-08-27
-0.15918719903961964,-0.10862890689878602,otros,2026-08-27
-0.17148898762153356,0.03135137169282579,otros,2026-08-27
-0.16172462899583098,0.17606350496740783,otros,2026-08-27
-0.1298223702686234,0.1937686450758729,otros,2026-08-27
0.2830320107019604,0.3257794512792812,otros,2026-08-27
0.2707133945221043,0.3263088125333856,otros,2026-08-27
-0.11414151551733821,0.18539455687638326,otros,2026-08-27
-0.2635062663512012,0.1118059897518236,otros,2026-08-27
-0.13310803942310998,0.11939489895989304,otros,2026-08-27
0.16482875345138087,0.13310037671103003,otros,2026-08-27
-0.06834828238706009,0.15175750760593923,otros,2026-08-27
-0.14814169523810908,0.07231852092194514,seguridad,2026-08-27
0.09445695762418659,0.11996713254873231,seguridad,2026-08-27
-0.21174693030759092,-0.007519478892846196,seguridad,2026-08-27
-0.21639972205215016,0.021564871219221064,otros,2026-08-27
-0.17299174080551397,0.04523245778599439,otros,2026-08-27
-0.2586143324739778,0.16542609342777623,otros,2026-08-27
-0.15242630433299803,0.20274789724388884,otros,2026-08-27
-0.18460613572800227,0.17872045436702416,otros,2026-08-27
0.17519831611317893,0.33734945680106837,otros,2026-08-27
0.16394766523306226,0.2197040833122694,otros,2026-08-27
0.08633878088085054,0.2250313857479705,otros,2026-08-27
0.09221570201292861,0.24065442936186252,otros,2026-08-27
0.16667004069889652,0.3320647595716479,otros,2026-08-27
-0.09538144943549896,0.3063501269284066,otros,2026-08-27
0.15399235804481437,0.3669532469959216,otros,2026-08-27
0.23449959315139562,0.35467121056017165,otros,2026-08-27
-0.15623183468245264,0.24714937494638478,otros,2026-08-27
-0.22803153923910277,0.1996773073748747,otros,2026-08-27
-0.23969435217288587,0.12154454975446037,otros,2026-08-27
-0.1572138341799562,0.056081508330887146,otros,2026-08-27
-0.21311859513110393,-0.0010784123908559337,otros,2026-08-28
-0.15526920185183174,0.0905632779327097,otros,2026-08-28
0.16410994279874583,0.2403347378492125,seguridad,2026-08-28
0.1687978080608245,0.21003149495188997,seguridad,2026-08-28
0.20187194588838933,0.19809294546509817,seguridad,2026-08-28
0.15044200186416468,0.23603130749392967,seguridad,2026-08-28
-0.14699940238918854,-0.0559015712939667,seguridad,2026-08-28
0.021673690655461993,-0.20531417526222878,seguridad,2026-08-28
0.29202589572115284,-0.10721137137509557,seguridad,2026-08-28
0.20680090792679676,-0.07581344283342079,seguridad,2026-08-28
0.22404556819696142,-0.04122464798940466,otros,2026-08-28
0.17516637621241096,-0.07123810232113674,otros,2026-08-28
0.11641275843895926,-0.010904813118755883,otros,2026-08-28
-0.10125046936066766,-0.06436941641962844,otros,2026-08-28
-0.13617171969307057,-0.02177166923755384,seguridad,2026-08-28
0.10557693700731346,-0.025743257465350965,seguridad,2026-08-28
0.14668827507148882,-0.06773074200209035,otros,2026-08-28
-0.1892570319726939,-0.0468325476464538,seguridad,2026-08-28
-0.19012436861254534,0.02984497593846624,otros,2026-08-28
0.15969743347666182,0.01067967057532304,otros,2026-08-28
-0.154836935650168,-0.03125905427207447,otros,2026-08-28
-0.0784195839927841,-0.03060725256620136,otros,2026-08-28
0.13114140551426343,-0.0077825304096406245,seguridad,2026-08-28
0.10609095697470386,-0.05131923667032905,otros,2026-08-28
-0.14425526801415722,-0.05154728260516938,seguridad,2026-08-28
0.026738125824068516,-0.05462629573128211,seguridad,2026-08-28
0.18598943951455552,-0.03671498208117422,seguridad,2026-08-28
0.03646532509848042,-0.07250913467070663,seguridad,2026-08-28
-0.07828605923578712,-0.04718638587025392,seguridad,2026-08-28
-0.13184655774183157,0.13018222934441437,otros,2026-08-28
0.2705437412074394,0.2553928481551054,salud,2026-08-28
0.003136919775489408,0.19320193874371103,otros,2026-08-28
-0.17679594779716706,-0.13360411938779143,comercio,2026-08-28
-0.18771141394247248,-0.10203732918822436,otros,2026-08-28
-0.29322040772715974,-0.025945860680427712,otros,2026-08-28
-0.11453235681146716,0.09518369861827462,seguridad,2026-08-28
0.21537295382634017,0.1288461128919438,seguridad,2026-08-28
-0.10081565953927113,0.06207777311637777,otros,2026-08-28
0.12204057356502629,0.0020199926837354953,otros,2026-08-28
-0.1469614562213282,-0.052629496702217796,otros,2026-08-28
-0.2717504387732098,0.022650101778478704,otros,2026-08-28
-0.10990804606056971,0.017544837099320438,salud,2026-08-28
-0.2488154101643512,-0.02754863103029216,seguridad,2026-08-28
-0.27469488953906934,0.12571515924533014,otros,2026-08-28
-0.255777575680341,0.1071317437709,salud,2026-08-28
-0.23330203019493198,0.03759624197322259,seguridad,2026-08-28
0.16286126878733287,0.0547175401340916,otros,2026-08-28
-0.15180359733661236,0.015444945761406217,otros,2026-08-28
-0.11490185280634421,-0.03647537834619342,otros,2026-08-28
0.1716644181244238,-0.020999246350679818,comercio,2026-08-28
0.25463974431228137,-0.0676787829639954,seguridad,2026-08-28
-0.1939915623237611,-0.06182543472863629,seguridad,2026-08-28
-0.2438413589193894,-0.08986008907531379,seguridad,2026-08-28
0.0566099314445737,0.08569345483390754,seguridad,2026-08-28
-0.14364869447536058,-0.03876295132166193,seguridad,2026-08-28
0.12232846540359306,-0.11777799937354366,seguridad,2026-08-28
0.17253980337836725,0.06861694699430668,seguridad,2026-08-28
0.17246207203779998,0.07030720709497945,seguridad,2026-08-28
0.20239744431851742,0.08067645714298749,seguridad,2026-08-28
-5.566684014137519e-4,0.04590017480050926,seguridad,2026-08-28
0.16614843591639378,0.06087007839909902,seguridad,2026-08-28
0.13348668065661257,0.012902285922057322,seguridad,2026-08-28
-0.12308676456737597,-0.022113663619207632,salud,2026-08-28
-0.10005997427113003,-0.08668515194857361,otros,2026-08-28
-0.13443290182985998,-0.0377827704111939,otros,2026-08-28
-0.17197451644915995,-0.023627395245795928,seguridad,2026-08-31
0.022486992600302808,0.05496686460819153,salud,2026-08-31
0.055960921319149246,-0.029436251661363464,salud,2026-08-31
0.08920467249658794,-0.037375479494930086,salud,2026-08-31
-0.030339776747821144,-0.020864297415512163,salud,2026-08-31
0.13387254403945037,-0.011844429123767935,otros,2026-08-31
0.27264507326357673,0.11435598909016942,salud,2026-08-31
0.2389846182959474,0.08038251609311373,salud,2026-08-31
0.2717410355173446,0.04642103814965301,salud,2026-08-31
0.28677967538918386,-0.034174181258669736,salud,2026-08-31
0.2916811117809783,0.16296163081196727,salud,2026-08-31
0.2708140515603518,0.0869148174754949,otros,2026-08-31
0.22693735210019822,0.02497394582073163,salud,2026-08-31
-0.024568036577094696,0.08205665608429297,otros,2026-08-31
-0.05083208193840825,0.14172166355012483,otros,2026-08-31
-0.029824925210226918,0.1479785937161119,otros,2026-08-31
-0.0641030809975955,0.05633885533915679,salud,2026-08-31
0.1923843193086604,0.11407229837334684,salud,2026-08-31
-0.10672880195756858,0.09823923825914066,salud,2026-08-31
-0.2393352743155777,0.13260742814058019,otros,2026-08-31
-0.13231131258888507,0.07901230665319063,otros,2026-08-31
-0.13819045050535733,0.051342741798542105,otros,2026-08-31
-0.14408459012360603,0.1967801949744827,otros,2026-08-31
0.08844833091361753,0.14607273362933806,otros,2026-08-31
-0.04881912190389029,0.10187904663293122,otros,2026-08-31
0.23349250095946983,0.19699020929723737,otros,2026-08-31
-0.05886900239555792,-0.04969714541095618,otros,2026-08-31
-0.0854748172909255,0.1253692564122559,otros,2026-08-31
-0.09235014142593316,0.20809904846275648,otros,2026-08-31
-0.07809537382947569,0.2290811303354258,salud,2026-08-31
0.3414460504986048,0.3789342789943124,otros,2026-08-31
-0.08539144912708237,0.1535566393377308,otros,2026-08-31
0.3089537040833827,0.19366003158741485,otros,2026-08-31
0.3028514884289919,0.15520296377153292,otros,2026-08-31
0.28222522387573634,0.1898211120581168,otros,2026-08-31
-0.07725969027839127,0.13452238198841882,otros,2026-08-31
-0.1586179154908105,0.17431668499413788,otros,2026-08-31
-0.11210157159881787,0.1433577545245291,otros,2026-08-31
-0.2424692279873779,-0.05791344090774622,seguridad,2026-09-02
0.09785611388393632,-0.005259025052142699,seguridad,2026-09-02
0.13510743094750283,0.0034007155759858193,seguridad,2026-09-02
0.1378604193487107,0.01367033192628638,seguridad,2026-09-02
0.2180085460722933,-0.028099659188520015,seguridad,2026-09-02
0.2344485859965571,-0.01312040296103175,seguridad,2026-09-02
-0.1374116942248214,0.04709487057344656,seguridad,2026-09-02
0.17321444614282064,0.07181964660766878,otros,2026-09-02
0.14874172325168333,0.05454556577958025,otros,2026-09-02
-0.13850156021635252,-0.012426362103535798,seguridad,2026-09-02
-0.17314071389988395,-0.14011942833518204,seguridad,2026-09-02
0.1817243602360657,-0.059828200663114,otros,2026-09-02
-0.0329086225724282,-0.06625888913512823,otros,2026-09-02
0.2095537089774941,-0.046539726784338396,otros,2026-09-02
0.1466902419817289,-0.11390650926407975,otros,2026-09-02
-0.0884730835879804,-0.07112788758439463,otros,2026-09-02
0.07240288578635759,0.013848769903185905,seguridad,2026-09-02
-0.17021514921680891,0.022409613408596457,seguridad,2026-09-02
-0.19577069954289447,0.06707910984143518,seguridad,2026-09-02
-0.2801993185367935,-0.014857264450130235,seguridad,2026-09-02
-0.211839396926629,-0.029547775652014007,seguridad,2026-09-02
-0.17860183672823313,-0.09716837042137569,otros,2026-09-02
-0.20517754222300527,-0.1646063766230269,tren,2026-09-02
-0.1310571663424699,-0.0031174589809162575,tren,2026-09-02
0.09436050278596536,0.08392033806873864,otros,2026-09-02
0.11404198080255815,0.10639951363373767,otros,2026-09-02
-0.18267891005300402,0.014782583150943026,otros,2026-09-02
-0.1945590859525167,0.002815246676406125,comercio,2026-09-02
-0.18500656754293177,-0.043638925979763786,comercio,2026-09-02
-0.25925267683281183,-0.09255958390514384,seguridad,2026-09-02
0.04003483254076508,-0.01243860589587328,salud,2026-09-02
-0.17688706851824573,0.10407452762831418,otros,2026-09-02
0.03484600947246506,0.05545834769922557,otros,2026-09-02
-0.28484075807471604,0.07671315866535472,otros,2026-09-02
-0.25084720872566724,0.1474023780781186,otros,2026-09-02
-0.30668546318339185,0.011888275330992255,seguridad,2026-09-02
-0.23375532258389575,0.06142092299277461,seguridad,2026-09-02
0.012530330011185,0.0408066744677442,seguridad,2026-09-02
-0.10602622768666499,0.10171023786878969,seguridad,2026-09-02
-0.26936342229995924,0.002953513896320503,seguridad,2026-09-02
-0.32084448602352506,0.11378202208677142,otros,2026-09-02
-0.22532612002699828,0.08080626876076895,otros,2026-09-02
-0.17872078638707156,-0.0033664259286302328,otros,2026-09-02
0.11752122582800655,-0.04245206079430728,comercio,2026-09-02
-0.05010367135446577,-0.055837416598187105,otros,2026-09-02
-0.20603888547764249,0.10779364275111017,otros,2026-09-02
-0.12453563811978949,0.0093514793392668865,seguridad,2026-09-02
-0.19647938039059124,-0.024555150127115663,otros,2026-09-02
-0.2774703776329672,0.04368561191736423,seguridad,2026-09-02
-0.23363345565669857,0.16360242958942092,otros,2026-09-02
0.13192035729871626,0.12178982566783039,otros,2026-09-02
-0.1592849650211605,-0.00945212289623881,otros,2026-09-02
-0.1431230848177466,-0.05400354214036363,seguridad,2026-09-02
0.2804759191492441,-0.09709231833558576,comercio,2026-09-02
-0.15784647865596893,-0.12882131652053772,otros,2026-09-02
0.22601141030272773,-5.574716265712149e-4,seguridad,2026-09-02
-0.21421387548047652,0.008510651044391799,otros,2026-09-02
-0.1375408121620565,0.1693617743565618,otros,2026-09-02
-0.20291493546796557,0.01734580683032264,seguridad,2026-09-02
-0.25598124180525667,-0.005582453960975907,otros,2026-09-02
-0.3302222171195432,0.08336716513458758,otros,2026-09-02
-0.3176915600650165,0.005585762831085341,otros,2026-09-02
-0.159002177755361,-0.06814701896738294,salud,2026-09-02
-0.04778179906198193,-0.07775447594742654,seguridad,2026-09-02
-0.16499093085566174,-0.0235770955294564,seguridad,2026-09-02
-0.14061054193377312,-0.09303688355203572,seguridad,2026-09-02
-0.1822841211428931,-0.051804858143917214,otros,2026-09-02
-0.27714473553476926,-0.08627765014405457,otros,2026-09-03
-0.02439773470701454,-0.12213976425695511,otros,2026-09-03
0.10193342009161435,-0.0723977333116016,otros,2026-09-03
0.15681606907990792,-0.20612181965244702,salud,2026-09-03
0.24412325348903796,-0.1489890478384205,salud,2026-09-03
0.2312816567376259,-0.22113269656053544,seguridad,2026-09-03
0.04419018042027134,-0.1973021566132046,salud,2026-09-03
-0.029249153655302368,-0.13645578654917026,seguridad,2026-09-03
0.10919910918411063,-0.08218342009883163,seguridad,2026-09-03
-0.06060628014176339,-0.139093869752878,seguridad,2026-09-03
0.2058578027988313,-0.11970023296127263,seguridad,2026-09-03
0.1417018364025597,-0.15360770668431467,seguridad,2026-09-03
-0.07182784849483607,-0.0934125848773371,seguridad,2026-09-03
-0.20288150375341718,0.11281975196245973,otros,2026-09-03
-0.23330072784776917,0.1163108045551855,otros,2026-09-03
-0.2433104092625906,0.0871549856796802,comercio,2026-09-03
-0.21046208192500915,-0.15088082952510662,comercio,2026-09-03
-0.20394651202420336,-0.0493625739065434,seguridad,2026-09-03
-0.25674039180062214,-0.012228761891091965,seguridad,2026-09-03
-0.25135834562246906,-0.06669087284885122,otros,2026-09-03
-0.07031034792714418,-0.12781922856393044,otros,2026-09-03
0.011817121250603796,-0.2070346283159924,salud,2026-09-03
-0.16156630063485578,-0.2286790070831566,otros,2026-09-03
-0.2657989838617085,-0.05863413853454447,seguridad,2026-09-03
-0.2517114623197593,0.0222877719846116,salud,2026-09-03
0.052625379164489824,0.04042060409807781,otros,2026-09-03
-0.21759696778416765,0.055521227874196284,otros,2026-09-03
-0.21024355021915678,0.010461869580959874,seguridad,2026-09-03
-0.2126074957954127,0.09899880548223014,seguridad,2026-09-03
-0.11640402972112905,0.1593542403001857,otros,2026-09-03
0.11714264604195178,0.17761236790506896,otros,2026-09-03
-0.25393871285377345,-0.04115408393835468,otros,2026-09-03
0.09137272925220842,0.042668562521923706,otros,2026-09-03
-0.12744305088892854,-0.10442851234624867,otros,2026-09-03
-0.1076768948233678,-0.07698118931170288,comercio,2026-09-03
-0.20319632363346624,-0.05257748840494316,otros,2026-09-03
-0.20576037861057653,-0.02084283854009976,otros,2026-09-03
0.09482393641211202,-0.019765803859081818,seguridad,2026-09-03
-0.04316379033209354,-0.18327200275840747,tren,2026-09-03
-0.14397788880136606,0.019507814679195785,seguridad,2026-09-03
-0.1565989728158138,-0.009308063155638938,tren,2026-09-03
-0.24662969553637423,-0.02634076779827335,tren,2026-09-03
-0.23904593483555145,-0.06605188558762154,tren,2026-09-03
0.09185649694665247,-0.02907900732942171,seguridad,2026-09-03
0.17558240773010012,-0.0842720757877994,seguridad,2026-09-03
0.1293432400008491,-0.13825108950834045,seguridad,2026-09-03
-0.03212743663433995,-0.02616966756940142,seguridad,2026-09-03
0.10113636157298433,-0.13440107953334623,otros,2026-09-03
0.10563225150348972,-0.08078261550262021,seguridad,2026-09-03
0.14783235775971135,-0.017421690944150296,otros,2026-09-03
0.12622681257152524,-0.011029250863332661,otros,2026-09-03
-0.1540146637893926,-0.08962145416845613,seguridad,2026-09-03
-0.189696041320734,-0.12181003686978062,seguridad,2026-09-03
-0.2806585523810931,-0.05471909476347845,otros,2026-09-03
0.15706962656735735,-0.1008870548131846,otros,2026-09-03
0.1373549193771328,-0.08938192049780089,otros,2026-09-03
-0.2052984581460921,-0.07261479657157861,otros,2026-09-03
-0.17757240192961612,-0.04973013564589039,seguridad,2026-09-03
-0.2875560391399866,-0.07749749374422747,seguridad,2026-09-03
-0.25759309471601877,-0.1269323845713508,otros,2026-09-03
-0.16838955066879122,-0.09429672501141328,otros,2026-09-03
-0.08612340512420659,-0.12656214071525784,otros,2026-09-03
-0.1284524480326574,-0.027142157991799965,otros,2026-09-03
-9.35881930011151e-4,-0.06977703155905296,salud,2026-09-03
0.029181198236859725,-0.0484523254243658,salud,2026-09-03
0.17550118339987958,-0.07953820840693752,salud,2026-09-03
-0.18872324006602764,-0.16463385792297833,salud,2026-09-03
0.0710552662951773,-0.14048336381534304,otros,2026-09-03
-0.0541668373703223,-0.17336092846658532,otros,2026-09-03
-0.2945741479594128,-0.04795133174077399,comercio,2026-09-03
-0.20302675694021474,-0.06032879791799888,otros,2026-09-03
-0.16694756011258152,-0.10100219977849054,otros,2026-09-03
-0.18744834633671606,-0.19130928234728317,seguridad,2026-09-04
0.057961221139769335,-0.17398749147904488,seguridad,2026-09-04
0.09689209632048396,-0.11927047948774874,seguridad,2026-09-04
0.1276071771882432,-0.1584197654164682,seguridad,2026-09-04
0.05294096683065693,-0.1992823143320668,seguridad,2026-09-04
0.32784414101525305,-0.15182379171859423,seguridad,2026-09-04
0.30445189768725434,-0.1507496884691598,seguridad,2026-09-04
0.2631271243559007,-0.1509803563575036,seguridad,2026-09-04
0.20789261948950685,-0.1517121361068216,seguridad,2026-09-04
0.16276124426974323,-0.09656882195067272,seguridad,2026-09-04
0.09611735968878633,-0.1363970341333839,seguridad,2026-09-04
0.228560551203806,-0.10136890822169975,seguridad,2026-09-04
0.23733144606130646,-0.14601418041706657,seguridad,2026-09-04
0.24968293736942865,-0.2279433760815861,seguridad,2026-09-04
0.035113598605830555,-0.18143397871541425,seguridad,2026-09-04
-0.0790837684504721,-0.23402289088731285,otros,2026-09-04
0.2428445776747374,-0.20013923099341882,otros,2026-09-04
0.057754312726477394,-0.23194898997726027,otros,2026-09-04
-0.14358783765508026,-0.17517284854409235,seguridad,2026-09-04
0.07386088271785801,-0.13831362094365846,seguridad,2026-09-04
0.257776511589017,-0.14708449567777143,seguridad,2026-09-04
0.26126232122923077,-0.09095677545533629,seguridad,2026-09-04
0.280541820563734,-0.13910774393068986,seguridad,2026-09-04
0.13220024486316345,-0.16283226047201918,seguridad,2026-09-04
0.177994077315387,-0.1757102961173061,seguridad,2026-09-04
-0.1701847795067696,-0.12134460941770614,seguridad,2026-09-04
-0.07509900173613086,-0.18123045863627485,seguridad,2026-09-04
0.11743296841695545,-0.1624845704829588,seguridad,2026-09-04
-0.2584918215016538,-0.07459613608169133,seguridad,2026-09-04
-0.186084462982535,-0.11899073944472302,seguridad,2026-09-04
-0.09537967390904163,-0.14130011479156182,seguridad,2026-09-04
0.14727894132642844,-0.09091563428092943,seguridad,2026-09-04
0.1349045188386022,-0.11092764828649805,seguridad,2026-09-04
-0.11861806475742753,-0.12068756561026286,seguridad,2026-09-04
-0.21912666216145552,-0.05606519841389385,seguridad,2026-09-04
-0.17841957566213046,-0.14282621672511228,otros,2026-09-04
-0.23802110102804586,-0.11869300589975952,otros,2026-09-04
-0.05991759979820775,-0.12162899227929418,seguridad,2026-09-04
0.2578553955732557,-0.2062923521828397,seguridad,2026-09-04
0.194153495402696,-0.06780014236706713,otros,2026-09-04
-0.04919437716519836,-0.14006092743799559,seguridad,2026-09-04
0.20558720812904152,-0.08457923265056502,seguridad,2026-09-04
0.1456480216198311,-0.08902874032472267,comercio,2026-09-04
-0.24665646572882885,-0.05365632949814638,seguridad,2026-09-04
-0.18300014764375674,-0.017049939415773735,comercio,2026-09-04
-0.12823265203311882,-0.027079021393477558,comercio,2026-09-04
-0.12920451079064196,-0.08800154744874296,comercio,2026-09-04
-0.039262836616322024,-0.15715617601733495,seguridad,2026-09-04
-0.09663653656689557,-0.10039638848803992,seguridad,2026-09-04
0.2556132782755265,-0.057639367747289554,seguridad,2026-09-04
-0.13364311897528203,-0.15447477892119163,seguridad,2026-09-04
-0.1733103956621257,-0.13284792974783188,seguridad,2026-09-04
-0.1467115341049241,-0.08030169027229239,salud,2026-09-04
0.19230683117819003,-0.09702601686389227,salud,2026-09-04
-0.025110124580686496,-0.11842432045052283,seguridad,2026-09-04
-0.07380063313267084,-0.10646043441462279,seguridad,2026-09-04
0.17519105266291807,-0.19882172456599462,seguridad,2026-09-04
0.2008288676240266,-0.22030926683005078,seguridad,2026-09-04
-0.050823455769448224,-0.15248325690653994,seguridad,2026-09-04
-0.05617765813849759,-0.13340746440696333,otros,2026-09-04
0.17961117564611082,-0.01716657327028586,otros,2026-09-04
-0.11471737678897202,-0.1282674680313911,comercio,2026-09-04
-0.1916234150083523,-0.08765291738275013,otros,2026-09-04
-0.11309030902075222,-0.05247935610520683,seguridad,2026-09-04
-0.04792638635023914,-0.001932575630435462,otros,2026-09-04
0.2107809552244261,-0.0457463747514073,otros,2026-09-04
0.10476777545098384,-0.023372516966687924,otros,2026-09-04
-0.05162878053886351,-0.05135217491794144,tren,2026-09-04
0.2770972896023283,-0.1226982316794131,tren,2026-09-04
0.020666926416615106,-0.08446844868456317,salud,2026-09-04
0.22779617113479925,-0.09778592052306519,otros,2026-09-04
0.11770109075374656,-0.09996953377933973,salud,2026-09-04
0.18477775004279426,-0.023829914406018917,otros,2026-09-04
0.10382035089559154,-0.04814384943756593,otros,2026-09-04
-0.23076215748445003,-0.09917600715689746,salud,2026-09-07
0.13517850179541,-0.07502040428770049,otros,2026-09-07
0.17436837666314078,-0.14871916382057013,otros,2026-09-07
0.25168369053154593,-0.14593375748494258,otros,2026-09-07
0.22305833480379447,-0.15484396470866596,otros,2026-09-07
0.3289217799893769,-0.004777618423341444,otros,2026-09-07
0.10670541470503973,-0.06268253000591494,otros,2026-09-07
-0.07442939823440457,-0.17172403682328616,otros,2026-09-07
0.2525496968913779,-0.12700558642101903,otros,2026-09-07
0.08357623743730178,-0.17530809666315827,salud,2026-09-07
0.1811721560733504,-0.18665367918691467,salud,2026-09-07
0.23059867180019453,-0.07800106433186593,salud,2026-09-07
0.179438832456193,-0.16969270711688988,otros,2026-09-07
0.2320762757769168,-0.2943224511296891,otros,2026-09-07
-0.05198915873185135,-0.23131748191810114,salud,2026-09-07
-0.13995010982312542,-0.08336087949427363,salud,2026-09-07
-0.1492265630553866,0.176562028657879,otros,2026-09-07
0.16287461903837777,0.18768457657053175,seguridad,2026-09-07
-0.1462269451939999,0.0027466866761898263,otros,2026-09-07
-0.02462628155028511,-0.01361006954509,otros,2026-09-07
-0.07391704364719326,0.03549995872244613,otros,2026-09-07
0.20379153865494756,0.08609437836780955,otros,2026-09-07
0.1361090017469794,0.11729650943981072,otros,2026-09-07
-0.15259462263401993,-0.04427399280845904,otros,2026-09-07
-0.09788492697918663,-0.10857287709222532,otros,2026-09-07
-0.1491005221883541,-0.09125288736185039,salud,2026-09-07
-0.19685854875898995,-0.013144746199327326,seguridad,2026-09-07
0.15596248153609482,-0.02450362539393673,seguridad,2026-09-07
-0.10198025922029295,0.020653868153518395,otros,2026-09-07
-0.15514058249944462,-0.01834937733090946,seguridad,2026-09-07
-0.11991100550546892,-0.10137047275309558,otros,2026-09-07
0.14862002645629865,-0.06952159952362659,otros,2026-09-07
-0.21806987131039368,-0.09640974704334546,otros,2026-09-07
-0.24136061173741427,-0.0734939264835578,salud,2026-09-07
-0.149927066583344,-0.050066718241062916,salud,2026-09-07
0.1283470367544578,0.174161759898499,otros,2026-09-07
-0.2209291494018109,0.03727639696114049,otros,2026-09-07
-0.1868514905035996,-0.16874384725715305,otros,2026-09-07
-0.19424340284403785,-0.025021929837870317,otros,2026-09-07
-0.08763160417710775,-0.0897630049602307,otros,2026-09-07
-0.14195001209116834,-0.05951188205836313,otros,2026-09-07
0.2490303814288915,-0.011328119896723821,salud,2026-09-07
0.2053468785621129,0.08383562434245201,salud,2026-09-07
-0.09045034084380564,-0.029302877312065243,salud,2026-09-07
-0.19247477547918979,-0.08562608952388712,comercio,2026-09-07
-0.017839964960965148,-0.012330509188876786,otros,2026-09-07
-0.13857325183214317,-0.0917501782763938,otros,2026-09-07
0.10123913878318853,-0.1271168523744588,otros,2026-09-07
-0.10497891765131089,-0.04685739147148724,otros,2026-09-07
-0.10184427791090919,-0.06890114466316899,salud,2026-09-07
-0.21269296459653275,-0.012544269092750464,salud,2026-09-07
-0.1711948811787618,-0.06896092489603245,otros,2026-09-07
0.012027332816771026,-0.12334648268705894,salud,2026-09-07
-0.0468312472151673,-0.05640788223037118,comercio,2026-09-07
0.16668708198686522,-0.004387447254075947,otros,2026-09-07
-0.026205591194324224,0.08336873024424943,otros,2026-09-07
0.1615847293997862,0.08881507889819629,otros,2026-09-07
0.2247850289416556,0.12752490863181043,vivienda,2026-09-07
0.1140852798341597,0.09869657228656882,otros,2026-09-07
-0.12972463286659758,0.05994845924604508,otros,2026-09-07
-0.16922633540602242,-3.895194267260611e-4,otros,2026-09-07
-0.027617541998399057,0.005823245914611058,otros,2026-09-07
-0.04984548614852972,0.06436094055664089,otros,2026-09-07
0.2766797951984727,0.1635386145871309,otros,2026-09-07
-0.20785852854016137,0.06387495610354164,seguridad,2026-09-07
-0.06788513587653186,0.07108187686235337,seguridad,2026-09-07
0.01817431096654577,0.061345304256088765,otros,2026-09-07
-0.22792429864514666,-0.1149319565931782,seguridad,2026-09-08
0.112031847388837,-0.14419247110529904,seguridad,2026-09-08
0.19732955421729204,-0.10485554988173247,seguridad,2026-09-08
0.28271548707160477,-0.2283794905916214,seguridad,2026-09-08
0.29522490278217095,-0.19875763872774635,seguridad,2026-09-08
0.06618383140964647,-0.1445900279261568,seguridad,2026-09-08
-0.002045053263544839,-0.2227535089796575,seguridad,2026-09-08
0.23250789949390444,-0.22960279205367934,seguridad,2026-09-08
0.2170638942122642,-0.11525435015827139,salud,2026-09-08
0.25274857398706946,-0.05718754083371561,otros,2026-09-08
-0.010231513063820813,-0.07967705357515635,seguridad,2026-09-08
-0.05829060536358222,-0.11564042098802475,seguridad,2026-09-08
0.07602205963549348,-0.16745784676551118,seguridad,2026-09-08
-0.011231709439999868,-0.09299030699502152,seguridad,2026-09-08
-0.0033046887399424078,-0.0829613356936395,seguridad,2026-09-08
-0.016263058079720335,-0.12736583339678498,seguridad,2026-09-08
0.1677687671285258,-0.10813348583999548,seguridad,2026-09-08
0.054398220200556506,-0.17162222129759372,otros,2026-09-08
0.20263782227156904,-0.22630902299569844,seguridad,2026-09-08
0.12369808542714877,-0.2521232999123088,seguridad,2026-09-08
0.14600686374255392,-0.19033846246852504,seguridad,2026-09-08
0.2159111828881594,-0.22994368567914117,seguridad,2026-09-08
0.20546561781039316,-0.2178338792723412,seguridad,2026-09-08
0.2659192367020413,-0.16664412240761828,seguridad,2026-09-08
0.09551837144589992,-0.13645604045459792,seguridad,2026-09-08
0.1648096456844514,-0.02733989099847717,seguridad,2026-09-08
0.30872981221666723,-0.14324903076390497,seguridad,2026-09-08
0.18642979887916997,-0.13170508802159792,seguridad,2026-09-08
-0.03719872536114134,-0.058096030426617776,seguridad,2026-09-08
-0.053071323130987585,-0.06223323088037086,seguridad,2026-09-08
0.24485512524529177,-0.1795611431789535,seguridad,2026-09-08
0.2538397042685189,-0.16819610360964785,seguridad,2026-09-08
-0.03718928184315212,-0.12228057255945597,seguridad,2026-09-08
-0.0985625383940456,-0.008593225459349247,seguridad,2026-09-08
0.0641442775659997,-0.05126348386488531,seguridad,2026-09-08
0.009977102700313017,-0.12171111281894964,seguridad,2026-09-08
0.2055325505379902,-0.12743347608074085,seguridad,2026-09-08
0.13180239880841257,-0.08371556114837467,seguridad,2026-09-08
-0.20269642846427258,-0.01930905400309491,seguridad,2026-09-08
0.12691341817333607,-0.0034606166232844073,salud,2026-09-08
0.04051236643975459,0.08328033227961561,otros,2026-09-08
-0.03259648041746742,0.14648551843420748,otros,2026-09-08
0.02857773855271967,0.10218406536019929,otros,2026-09-08
0.03539054502670406,0.02298262605640233,otros,2026-09-08
-0.26283389853348127,0.14294586363939235,otros,2026-09-08
0.06959661952914799,0.13121937305682246,otros,2026-09-08
-8.612562783688615e-5,0.0927953746437444,otros,2026-09-08
-0.2631705952122899,0.05572748946315282,otros,2026-09-08
0.09766633286822288,-0.00568839716962085,seguridad,2026-09-08
-0.12230334417662914,-0.12521731069426548,seguridad,2026-09-08
0.2792029875041364,0.06441328540627894,seguridad,2026-09-08
0.19643210519116128,0.03302268098189319,seguridad,2026-09-08
0.017748657277787426,0.01114180942686623,otros,2026-09-08
-0.010583065655928944,-0.0382577422318652,salud,2026-09-08
0.1212992695844358,-0.012268319217790277,otros,2026-09-08
-0.2316673659014018,0.131205842415075,otros,2026-09-08
0.12296871640818888,0.1543607647344109,otros,2026-09-08
-0.05438557321586092,0.12247472752486219,seguridad,2026-09-08
-0.13755942816587813,-0.16148400997051093,seguridad,2026-09-08
-0.07296783195695243,-0.06472283626614564,seguridad,2026-09-08
0.1818691114962498,-0.15743914187169333,seguridad,2026-09-08
-0.07008067592872338,-0.14363338264173808,seguridad,2026-09-08
0.21125892609012248,-0.1338088130735195,tren,2026-09-08
0.05343273793076344,-0.07969222582742348,seguridad,2026-09-08
0.2135300337565039,8.604769987456518e-4,seguridad,2026-09-08
-0.2797291155070537,-0.09407663829873186,seguridad,2026-09-08
-0.16454368936043698,-0.1634880737820763,seguridad,2026-09-08
-0.08539858281554537,-0.1382701067639303,otros,2026-09-08
0.023189161093490087,-0.03274017328513593,otros,2026-09-08
-0.20578655013998992,-0.07427827131587797,otros,2026-09-08
-0.20645875549798917,-0.11565642271069558,seguridad,2026-09-08
-0.1831243663780031,-0.06044019645363175,otros,2026-09-08
-0.10740977391585235,0.07872977720554553,otros,2026-09-08
-0.047570356624953465,0.1002824293581206,otros,2026-09-08
-0.08758816740760415,0.01437607216110988,otros,2026-09-08
0.2480391813163697,0.16487936929415312,otros,2026-09-08
0.2554769108430895,0.12920098480363004,otros,2026-09-08
0.2622827641993968,0.16064025802445478,otros,2026-09-08
0.26372134136291975,0.1822201036847369,otros,2026-09-08
-0.0933168123635993,0.09056451121783227,otros,2026-09-08
