{
"type": "FeatureCollection",
"name": "08",
"crs": { "type": "name", "properties": { "name": "urn:ogc:def:crs:OGC:1.3:CRS84" } },
"features": [
{ "type": "Feature", "properties": { "cve_edo": "08", "cve_mpo_ine": "001", "cve_edo_mpo_ine": "08001", "nom_mpo": "AHUMADA", "nom_edo": "Chihuahua", "alianza_ganadora": "Juntos Haremos Historia", "margen_pp": 21.109958506224068, "por_participacion": 58.294698649465843 }, "geometry": { "type": "Polygon", "coordinates": [ [ [ -106.628357509587772, 29.706461446910168 ], [ -106.662883065461656, 29.752970846881112 ], [ -106.662301491618237, 29.755660281701342 ], [ -106.632588384696845, 29.767646221575667 ], [ -106.623578049578072, 29.774789058675896 ], [ -106.617119102662656, 29.783750254769267 ], [ -106.617828871807518, 29.788276717277959 ], [ -106.64486539347341, 29.820050938528155 ], [ -106.654789789456331, 29.846093488700163 ], [ -106.649894496222245, 29.854414431198968 ], [ -106.633927689073275, 29.860835803747516 ], [ -106.626877827432637, 29.872280702194239 ], [ -106.649448368579911, 29.882259738361476 ], [ -106.687042548697519, 29.885616773420544 ], [ -106.744831801084388, 29.905972864290046 ], [ -106.746047437791546, 29.920182266765899 ], [ -106.780122296132589, 29.952847873178101 ], [ -106.79119439147162, 29.9704060603963 ], [ -106.791953848150655, 29.976992484320007 ], [ -106.779033643076602, 29.994518118742779 ], [ -106.780132178799022, 30.002336464464673 ], [ -106.777734312081733, 30.008972807801214 ], [ -106.787893584984417, 30.027988811058648 ], [ -106.786418997524407, 30.033373431794502 ], [ -106.795792713945985, 30.108899752712698 ], [ -106.762212997924294, 30.154382448900549 ], [ -106.766874412114419, 30.166474897055114 ], [ -106.79533954748301, 30.182519523308372 ], [ -106.815426438601051, 30.190445200769915 ], [ -106.820934269151181, 30.196954558823911 ], [ -106.816143968457368, 30.210640743963943 ], [ -106.805669901121448, 30.225036693318184 ], [ -106.806355678029902, 30.227706216747471 ], [ -106.845507870569477, 30.238824712758571 ], [ -106.851045535764769, 30.246569306282939 ], [ -106.850546234114276, 30.253175632590469 ], [ -106.876639531396407, 30.259755569148975 ], [ -106.868136328779556, 30.277422634973298 ], [ -106.895683105596746, 30.277376469808072 ], [ -106.911126174026677, 30.289075748452269 ], [ -106.94275431168316, 30.302146524916001 ], [ -106.950278036299977, 30.298512373509773 ], [ -106.971400472086543, 30.294024222747939 ], [ -106.97701866373572, 30.290215404890446 ], [ -106.985908947370405, 30.291297717456047 ], [ -106.995607419191913, 30.300406381336789 ], [ -107.012589725681124, 30.309385877374574 ], [ -107.017325998053295, 30.323116285282261 ], [ -107.041391149169471, 30.336914602396249 ], [ -107.070270829166432, 30.325055225753136 ], [ -107.117298585627736, 30.317597967306217 ], [ -107.144961126031149, 30.376462061299701 ], [ -107.12577471428844, 30.382798196578058 ], [ -107.121451755493112, 30.428854665167556 ], [ -107.128876149767521, 30.434489724206067 ], [ -107.140330988896665, 30.436131911206743 ], [ -107.139562876688842, 30.443980712878073 ], [ -107.145491165494988, 30.4533537196961 ], [ -107.14340207025171, 30.458959372897635 ], [ -107.135494663563151, 30.459931677632984 ], [ -107.093034033057293, 30.475766760435189 ], [ -107.057284413593308, 30.49057414071007 ], [ -107.055832678998854, 30.492799678507065 ], [ -107.061053613668605, 30.506656136523855 ], [ -107.067888491593052, 30.514160758287812 ], [ -107.073669451779537, 30.51714836919 ], [ -107.093060456322348, 30.518443747899632 ], [ -107.093169226123365, 30.523183680406021 ], [ -107.075487584601291, 30.541237369918434 ], [ -107.074643511236673, 30.545994667832595 ], [ -107.084788269763592, 30.55921074638059 ], [ -107.086190086809111, 30.564957876189219 ], [ -107.086075743921697, 30.573825269286143 ], [ -107.0750753645749, 30.592787502053209 ], [ -107.097031940807113, 30.608260715407859 ], [ -107.109848240573754, 30.653999619559464 ], [ -107.103001918014598, 30.660311075091972 ], [ -107.101651923627443, 30.670644285266892 ], [ -107.103967064251918, 30.674518727381091 ], [ -107.104445276339462, 30.695126457902742 ], [ -107.095059195861666, 30.715503687634399 ], [ -107.096237181199143, 30.725171765401583 ], [ -107.088849176347409, 30.735822019991634 ], [ -107.087459045864804, 30.744506467276143 ], [ -107.091394278195736, 30.749588308778716 ], [ -107.089720802564997, 30.773534126304831 ], [ -107.092817673636347, 30.783579201537371 ], [ -107.09018506243433, 30.807336414700178 ], [ -107.082681157596213, 30.813246766736427 ], [ -107.078696143890724, 30.819916995152841 ], [ -107.083551881551273, 30.837145705740898 ], [ -107.089429640542534, 30.843428764508094 ], [ -107.034312992448974, 30.861874046540009 ], [ -107.015567285764917, 30.862804971090778 ], [ -107.016367519097969, 30.876588859533907 ], [ -107.009523722223278, 30.893191641739961 ], [ -106.985604511349521, 30.917991478677905 ], [ -106.979122367411819, 30.928649023205772 ], [ -106.999064791661823, 30.945376971492689 ], [ -107.01305544103441, 30.977299728058444 ], [ -107.034188347485482, 30.99801351472626 ], [ -107.034176473033114, 31.031608739075047 ], [ -107.006360924458065, 31.028157740323781 ], [ -106.988807708582669, 31.028525744469544 ], [ -106.97545248270211, 31.032978248884216 ], [ -106.905676403193425, 31.074426781462751 ], [ -106.896195282731696, 31.083581912962821 ], [ -106.903969350001219, 31.122083306606925 ], [ -106.839572884144943, 31.136846923107552 ], [ -106.774266495403722, 31.158804484034519 ], [ -106.74712586729747, 31.162305891260779 ], [ -106.722803096603585, 31.159593996315252 ], [ -106.699187563267941, 31.164297703979237 ], [ -106.67649795235981, 31.165484534542994 ], [ -106.658343595332141, 31.173650123662796 ], [ -106.639474814147334, 31.134997297527089 ], [ -106.613200282217022, 31.126914221841268 ], [ -106.605821836760484, 31.123453794777582 ], [ -106.603224220469286, 31.118313355955841 ], [ -106.521811944349025, 31.1295169631567 ], [ -106.516204530563655, 31.150174589516013 ], [ -106.517592714770799, 31.165636822248278 ], [ -106.503963295873604, 31.182831558145541 ], [ -106.459721477932334, 31.165944009710991 ], [ -106.425845763197273, 31.168793265567391 ], [ -106.412115035955253, 31.171952790436585 ], [ -106.403834055985229, 31.177560892138377 ], [ -106.362567406647884, 31.175064697258122 ], [ -106.346479325805717, 31.156362374431822 ], [ -106.322732122968404, 31.138926446961566 ], [ -106.323319600847327, 31.128610247255143 ], [ -106.321068817441457, 31.125937659124897 ], [ -106.276323089027329, 31.126314959801835 ], [ -106.267630136461747, 31.112113051126578 ], [ -106.255659442970938, 31.078118869708302 ], [ -106.277326943495851, 31.065664860708516 ], [ -106.273382395751696, 31.040719052132385 ], [ -106.226241088773719, 30.990752991243831 ], [ -106.21153789771364, 30.985229849787867 ], [ -106.17676368342444, 30.989459150850379 ], [ -106.110957550052092, 30.969412868825898 ], [ -106.102626151966135, 30.956435544473624 ], [ -106.091114554897089, 30.946558960748213 ], [ -106.089776914341343, 30.922012807691985 ], [ -106.07568649579575, 30.898112073104681 ], [ -106.068651450184873, 30.889461772840399 ], [ -106.039593650613881, 30.868061118856385 ], [ -106.044348497131452, 30.854643259813962 ], [ -106.056436417495746, 30.843274642576198 ], [ -106.054482577620647, 30.823473568325984 ], [ -105.918099780346239, 30.817053713108908 ], [ -105.884970020817576, 30.838325775946263 ], [ -105.818056118247085, 30.801828813618705 ], [ -105.739044473120771, 30.804489265866401 ], [ -105.716119106492997, 30.794983548857129 ], [ -105.707552356952363, 30.772075851751072 ], [ -105.703419045129309, 30.767533433593364 ], [ -105.701205649843232, 30.757422048712364 ], [ -105.689753327368791, 30.750603053489883 ], [ -105.689771525485995, 30.739874610849828 ], [ -105.702267666936322, 30.689544749121389 ], [ -105.700725019037492, 30.659214575060155 ], [ -105.702663099016377, 30.640647580929933 ], [ -105.715111553169578, 30.610329057928386 ], [ -105.721504743683326, 30.585988217285426 ], [ -105.731378534969707, 30.570933868446875 ], [ -105.62814450768397, 30.411538845413709 ], [ -105.600600349110223, 30.388179409243076 ], [ -105.601260140222607, 30.37868931471467 ], [ -105.573373662141194, 30.369147472603917 ], [ -105.562074932443878, 30.330128301994709 ], [ -105.628017108425297, 30.332307783074359 ], [ -105.645472793537749, 30.324492376556012 ], [ -105.666754680862695, 30.304299519887476 ], [ -105.652273814896503, 30.258268952262863 ], [ -105.645332899315548, 30.245260480234222 ], [ -105.656775109814021, 30.227324862489294 ], [ -105.664387409333713, 30.221969907147752 ], [ -105.678010764854662, 30.219303882419283 ], [ -105.679925018434972, 30.211878053304755 ], [ -105.691331750153253, 30.208176473190722 ], [ -105.693879520285151, 30.199925775593297 ], [ -105.731275571305972, 30.17561163285291 ], [ -105.744577953912653, 30.169843581505642 ], [ -105.763573151771979, 30.166759507291655 ], [ -105.78194386862873, 30.152530566569673 ], [ -105.826576208903262, 30.130461901770737 ], [ -105.890161738565965, 30.075771129033857 ], [ -105.906913325007636, 30.052653697072412 ], [ -105.902794539227912, 30.023976013062239 ], [ -105.88446183472405, 30.013255190435661 ], [ -105.871188955426135, 30.000673372791244 ], [ -105.846862241513577, 29.984377653388062 ], [ -105.823810916366185, 29.960236583332549 ], [ -105.82255506485096, 29.945586581859168 ], [ -105.804566021234621, 29.927838607860458 ], [ -105.797313003627252, 29.91566273861849 ], [ -105.793242501745013, 29.874599939986084 ], [ -105.78664399917939, 29.842408426677022 ], [ -105.781603800509927, 29.834359059658453 ], [ -105.770567933960976, 29.829195341765065 ], [ -105.762862128179322, 29.821744848902217 ], [ -105.782497028052504, 29.779680034487804 ], [ -105.782341408797379, 29.753440339078569 ], [ -105.789746489632066, 29.751851866004074 ], [ -105.800157961611816, 29.743206494375695 ], [ -105.808083656277617, 29.730221679442231 ], [ -105.816614761295284, 29.703941749437391 ], [ -105.848816810543269, 29.695395028513069 ], [ -105.879835031633689, 29.696595417313844 ], [ -105.884314316379985, 29.705772281150612 ], [ -105.890588695623805, 29.71046641002944 ], [ -105.907588962209275, 29.715826743580919 ], [ -105.924417451433598, 29.730594890720749 ], [ -105.945883349386364, 29.738193941296473 ], [ -105.955689312210197, 29.737054979307405 ], [ -105.97154048618566, 29.730046330879425 ], [ -105.985237263687296, 29.733879296681323 ], [ -106.005127884429967, 29.724908015469836 ], [ -106.012051675552087, 29.718296491526917 ], [ -106.021823445294729, 29.721172184989776 ], [ -106.016476264443966, 29.7281947919898 ], [ -106.015240409218393, 29.74656024218854 ], [ -106.041731061817671, 29.756426522856348 ], [ -106.092756865570379, 29.738800667067149 ], [ -106.101278931390581, 29.744767726862335 ], [ -106.117034167141725, 29.743497713205024 ], [ -106.124916629025023, 29.744925291622561 ], [ -106.147951948883986, 29.755602774363783 ], [ -106.193387095890827, 29.770757240086837 ], [ -106.297482008137379, 29.78694323696347 ], [ -106.301863781754662, 29.779294158196159 ], [ -106.298064422448462, 29.775387325813888 ], [ -106.300559565415654, 29.768982738263521 ], [ -106.309356637227765, 29.762143237374357 ], [ -106.315933765481788, 29.752422714614312 ], [ -106.326006290148285, 29.749497623133209 ], [ -106.330491438753853, 29.695219055954251 ], [ -106.34188085212962, 29.706111436910838 ], [ -106.354248898215417, 29.72360114263228 ], [ -106.413720593769952, 29.708914980997541 ], [ -106.420667583227825, 29.711979469747035 ], [ -106.42349729122013, 29.710935476703831 ], [ -106.439399444618658, 29.738097885463741 ], [ -106.45102102448908, 29.731442767547833 ], [ -106.455979958000668, 29.716977946331181 ], [ -106.466923637220901, 29.702691117365237 ], [ -106.469042095642081, 29.687826610592396 ], [ -106.494128935258829, 29.669756321331 ], [ -106.519265217906479, 29.660965212851597 ], [ -106.526207850028953, 29.663405281352016 ], [ -106.556016966261595, 29.695019393457454 ], [ -106.561063252972176, 29.696023599001901 ], [ -106.584968560903988, 29.691352813425933 ], [ -106.628357509587772, 29.706461446910168 ] ] ] } },
{ "type": "Feature", "properties": { "cve_edo": "08", "cve_mpo_ine": "002", "cve_edo_mpo_ine": "08002", "nom_mpo": "ALDAMA", "nom_edo": "Chihuahua", "alianza_ganadora": "Va por México", "margen_pp": 13.983784276213902, "por_participacion": 51.291995701135463 }, "geometry": { "type": "Polygon", "coordinates": [ [ [ -105.992344746752053, 29.730468632864337 ], [ -105.985237263687296, 29.733879296681323 ], [ -105.968398143469855, 29.730424523305096 ], [ -105.955689312210197, 29.737054979307405 ], [ -105.945883349386364, 29.738193941296473 ], [ -105.924417451433598, 29.730594890720749 ], [ -105.907588962209275, 29.715826743580919 ], [ -105.890588695623805, 29.71046641002944 ], [ -105.884314316379985, 29.705772281150612 ], [ -105.879835031633689, 29.696595417313844 ], [ -105.848816810543269, 29.695395028513069 ], [ -105.821656358912833, 29.701570786411995 ], [ -105.816614761295284, 29.703941749437391 ], [ -105.808083656277617, 29.730221679442231 ], [ -105.800157961611816, 29.743206494375695 ], [ -105.789746489632066, 29.751851866004074 ], [ -105.782341408797379, 29.753440339078569 ], [ -105.782497028052504, 29.779680034487804 ], [ -105.762862128179322, 29.821744848902217 ], [ -105.745182548662498, 29.805362260410806 ], [ -105.722241628901557, 29.793294368707794 ], [ -105.71428690658702, 29.786386708896252 ], [ -105.703902505426996, 29.784132107745293 ], [ -105.696242075519393, 29.779282473888578 ], [ -105.68206270283784, 29.776333654954225 ], [ -105.668962328489044, 29.777000208613192 ], [ -105.65716329024481, 29.773192446056008 ], [ -105.649441550403239, 29.764957479597655 ], [ -105.624980061573851, 29.724504497492351 ], [ -105.620460905740998, 29.705251536725026 ], [ -105.615514211164168, 29.703498604432916 ], [ -105.593820300897036, 29.702285421509288 ], [ -105.585150019253234, 29.696699151635531 ], [ -105.547799186805705, 29.707472427629344 ], [ -105.520640563878544, 29.732060428873968 ], [ -105.512895174059707, 29.735948512975149 ], [ -105.494460578653346, 29.762902988799819 ], [ -105.473675618925, 29.749281149340707 ], [ -105.483598712891308, 29.725482147834967 ], [ -105.45648013227958, 29.709372867040223 ], [ -105.446861987948779, 29.699497190297357 ], [ -105.432563656979141, 29.6958627510333 ], [ -105.416740327530817, 29.68382640698816 ], [ -105.413840646383363, 29.660999736135398 ], [ -105.420863219573391, 29.659188553108123 ], [ -105.429948433183014, 29.65273254126781 ], [ -105.453486462806978, 29.652053507954715 ], [ -105.462209597836605, 29.646672211041256 ], [ -105.467245652650362, 29.646614335829714 ], [ -105.488530401156481, 29.654042297699444 ], [ -105.459342887319693, 29.604205332025657 ], [ -105.415201243657336, 29.606601547514419 ], [ -105.407477666603882, 29.611473590149892 ], [ -105.376059689170745, 29.614705715906684 ], [ -105.368332253834538, 29.619492987447483 ], [ -105.36765848993852, 29.624534184985581 ], [ -105.361598314824931, 29.631283670013065 ], [ -105.350541245416068, 29.640561789841769 ], [ -105.347241545687154, 29.63894635919873 ], [ -105.345552320920703, 29.619901320769586 ], [ -105.363822897722585, 29.566313443686347 ], [ -105.362595957914735, 29.537030388628974 ], [ -105.395607682292777, 29.502094279829095 ], [ -105.424110148191218, 29.454408791744957 ], [ -105.40176626379133, 29.456142373117142 ], [ -105.377756772745215, 29.448234749804662 ], [ -105.322754442533963, 29.435120340973494 ], [ -105.326678190990933, 29.404957339210615 ], [ -105.336729537885134, 29.397094366783989 ], [ -105.337545391849247, 29.369274315851346 ], [ -105.328990557615754, 29.36300011344548 ], [ -105.329885988260841, 29.356298654149686 ], [ -105.320336826625692, 29.355783202759572 ], [ -105.311181073067104, 29.348812932454123 ], [ -105.301543320470415, 29.334475683401102 ], [ -105.289484058912834, 29.333787044633347 ], [ -105.276889920225031, 29.344433669425928 ], [ -105.271986974061818, 29.345332407603504 ], [ -105.266628960842013, 29.330175135630601 ], [ -105.269541334936591, 29.322403048636215 ], [ -105.255887988157482, 29.309542288366135 ], [ -105.254545395708647, 29.296877120450318 ], [ -105.250558831705376, 29.286522406115768 ], [ -105.241423579257855, 29.276567972142619 ], [ -105.2156072644582, 29.262015402296527 ], [ -105.207984884916769, 29.251814569861924 ], [ -105.206001951595056, 29.244608936012597 ], [ -105.218185447466723, 29.242491794603932 ], [ -105.220859904194313, 29.231244157907124 ], [ -105.189271668474802, 29.220311524872216 ], [ -105.179642827061045, 29.211261533945979 ], [ -105.163854585134914, 29.205418841821061 ], [ -105.158102148174237, 29.200351871672915 ], [ -105.109802205533839, 29.198779742069419 ], [ -105.094012498334791, 29.194501180189835 ], [ -105.088007675506134, 29.19075452671941 ], [ -105.060980518555326, 29.201325911369846 ], [ -105.056260238906376, 29.191789773399208 ], [ -105.046251180890621, 29.18628719095388 ], [ -105.045279321100068, 29.180076259112965 ], [ -105.059905461343902, 29.16523852194474 ], [ -105.060853383280772, 29.151173132794341 ], [ -105.065899215547901, 29.145234374490688 ], [ -105.063564363138724, 29.135542250117453 ], [ -105.065868276706524, 29.126033930779368 ], [ -105.076921844906948, 29.121938984934054 ], [ -105.078082029586071, 29.115322638775393 ], [ -105.089789110776266, 29.105187649753809 ], [ -105.100447129506165, 29.104647973651264 ], [ -105.106979889877465, 29.101526967379986 ], [ -105.103534849489975, 29.087279633417918 ], [ -105.113472518056312, 29.079205096272023 ], [ -105.118366793835122, 29.07773286238033 ], [ -105.120736691245241, 29.080306824031101 ], [ -105.130002003207622, 29.082408223050031 ], [ -105.133521115978311, 29.080103067299529 ], [ -105.136945217749428, 29.070597339092405 ], [ -105.129440546771065, 29.067261115935029 ], [ -105.12632964524235, 29.062201900351482 ], [ -105.129373666514439, 29.05368814087511 ], [ -105.135149891966478, 29.050728661549538 ], [ -105.131177827723135, 29.042025115661271 ], [ -105.121075809462866, 29.031561951603013 ], [ -105.097953453049143, 29.020140032764282 ], [ -105.082504190003576, 29.002784778927893 ], [ -105.062891665207289, 28.992777028529236 ], [ -105.036692486370299, 28.998050089149771 ], [ -105.018804953665537, 28.994250188273138 ], [ -105.012814913889997, 28.990417282440806 ], [ -104.999668843612071, 28.990028555476329 ], [ -104.989297764359662, 28.986092324875738 ], [ -104.967619947097162, 28.988723882725942 ], [ -104.957623875190535, 28.985118004690587 ], [ -104.900839364886252, 28.975401405918671 ], [ -104.8387043373084, 28.997825389397818 ], [ -104.725895209635752, 28.759259087303576 ], [ -104.738163345031609, 28.758303988910662 ], [ -104.750315982637233, 28.76891258227187 ], [ -104.762088309920074, 28.772166928705321 ], [ -104.777488570075604, 28.771877639809549 ], [ -104.801791534730384, 28.781273704262926 ], [ -104.840502426813288, 28.791853628467589 ], [ -104.858979559389269, 28.827826419490428 ], [ -104.861632504868908, 28.839396771637759 ], [ -104.871758010554601, 28.828016742012384 ], [ -104.889899188975221, 28.817146106132153 ], [ -104.892270791984899, 28.813350360400371 ], [ -104.896278321515751, 28.813026944751297 ], [ -104.940516736757701, 28.774518559902067 ], [ -104.948905734473243, 28.774447502161813 ], [ -104.959280232719181, 28.76810023173546 ], [ -104.970626966629368, 28.752253347893603 ], [ -104.985365895067503, 28.741613512230021 ], [ -104.987856728466113, 28.7375683478055 ], [ -105.00236360747013, 28.7337003078344 ], [ -105.011130314874109, 28.735277920967132 ], [ -105.037036343946923, 28.734389688279752 ], [ -105.061203832444619, 28.737212994373341 ], [ -105.080593616873571, 28.734412904992411 ], [ -105.085923457873079, 28.721527836017071 ], [ -105.091563652185144, 28.723594812823624 ], [ -105.098664194983044, 28.71566625744855 ], [ -105.101894623067778, 28.710132201855217 ], [ -105.103939250436085, 28.690554309388354 ], [ -105.112673285097429, 28.685020971019494 ], [ -105.112954452252964, 28.692207996723042 ], [ -105.126887614199802, 28.702452649245497 ], [ -105.144163038728081, 28.704186858917819 ], [ -105.147821276827457, 28.710547326683418 ], [ -105.157197873707148, 28.708728444007932 ], [ -105.171111007545377, 28.713516334105119 ], [ -105.18846496091335, 28.730362192889803 ], [ -105.193673824673283, 28.720942521058884 ], [ -105.195676193394362, 28.720941577573527 ], [ -105.206770449793822, 28.736548779450484 ], [ -105.209316109773425, 28.744642923777416 ], [ -105.217232883535274, 28.750420657958578 ], [ -105.225006227374067, 28.75264587946404 ], [ -105.239364429539819, 28.768413195757056 ], [ -105.246123616287477, 28.768077162390224 ], [ -105.247040231358341, 28.775263238494951 ], [ -105.254800123244223, 28.774678081246197 ], [ -105.254325937360804, 28.779387144133675 ], [ -105.269268508992141, 28.786559484038989 ], [ -105.286586586707656, 28.771753887649133 ], [ -105.290051255638986, 28.764893427321148 ], [ -105.301149628033002, 28.757610429000785 ], [ -105.307655984130065, 28.757023818252705 ], [ -105.309942641613745, 28.762390291884486 ], [ -105.325140722508038, 28.750391208572626 ], [ -105.363615344787362, 28.738187137698667 ], [ -105.37489385695298, 28.740149828966494 ], [ -105.384256480192235, 28.736497883274687 ], [ -105.394711962865415, 28.728134545332257 ], [ -105.427049415778257, 28.734593562715006 ], [ -105.43296602586031, 28.722189403942391 ], [ -105.440828184886726, 28.71919776027076 ], [ -105.448598838623653, 28.720749270167687 ], [ -105.454271564652359, 28.726187893692973 ], [ -105.465263353873524, 28.723352529679715 ], [ -105.474326174341613, 28.713912628844831 ], [ -105.473922623770605, 28.710278942454011 ], [ -105.458110809886222, 28.704370379789474 ], [ -105.460193937526569, 28.698582818605399 ], [ -105.465913300794611, 28.693860169986454 ], [ -105.464099206385455, 28.685686514891735 ], [ -105.457910266431597, 28.677936491443671 ], [ -105.4829089740239, 28.675313012265409 ], [ -105.480233145560234, 28.669041769234372 ], [ -105.488294632377531, 28.660264350778483 ], [ -105.492098759327945, 28.651002216185297 ], [ -105.496966302268504, 28.649750047765473 ], [ -105.498390085154654, 28.640081097762298 ], [ -105.503084405116681, 28.632881423901914 ], [ -105.498047338003815, 28.628434324279066 ], [ -105.496680262490401, 28.613733795309383 ], [ -105.500703730688855, 28.60091863662246 ], [ -105.503061596457769, 28.598764383116322 ], [ -105.512550181175627, 28.597333714123277 ], [ -105.522687798429786, 28.598874403442014 ], [ -105.531426803756943, 28.59752718444464 ], [ -105.541345137155588, 28.587749831147484 ], [ -105.546147422448826, 28.579144000553278 ], [ -105.543850135032741, 28.573451038496355 ], [ -105.531649728862718, 28.563987598381313 ], [ -105.529614090252053, 28.557200082741321 ], [ -105.533113587061351, 28.558934412416392 ], [ -105.539221820801615, 28.558098882030801 ], [ -105.548543846554395, 28.568880810444146 ], [ -105.559047305298549, 28.571289281840905 ], [ -105.572216668487997, 28.577899093550624 ], [ -105.578209248846477, 28.578352140509466 ], [ -105.587523828196666, 28.585899030393016 ], [ -105.591498957924017, 28.584379765186984 ], [ -105.594666361097367, 28.588743303990611 ], [ -105.607976973962792, 28.596424601304552 ], [ -105.61146051264187, 28.60657948498099 ], [ -105.621078619949643, 28.618425911887069 ], [ -105.642460837552633, 28.622151704323514 ], [ -105.644628372356379, 28.626107932249102 ], [ -105.650100599279611, 28.624492508502097 ], [ -105.657438973969974, 28.632960410984651 ], [ -105.657405702389369, 28.640741296922869 ], [ -105.669135317454206, 28.650994842330739 ], [ -105.684793352416818, 28.655587131003337 ], [ -105.696636636092492, 28.664512940304324 ], [ -105.727576761220959, 28.672864653161582 ], [ -105.73014306439552, 28.678471547906458 ], [ -105.740079722942411, 28.68426422949765 ], [ -105.774606793420247, 28.689180898765887 ], [ -105.785182140786503, 28.676589457811822 ], [ -105.812982528355448, 28.664008201804069 ], [ -105.825069639755668, 28.662325787026123 ], [ -105.84790436350508, 28.679911172069747 ], [ -105.860708762128922, 28.684923298366598 ], [ -105.895378974984723, 28.69080100404166 ], [ -105.904247437327982, 28.699819829445488 ], [ -105.910500098155367, 28.700421098091741 ], [ -105.930453751594897, 28.696456112530235 ], [ -105.93513172308316, 28.729651224346838 ], [ -105.963962208451164, 28.731623327814173 ], [ -106.088906222309035, 28.797820357623422 ], [ -106.084962647532805, 28.817364665122923 ], [ -106.10439089472932, 28.852958591940638 ], [ -106.097453503208087, 28.856962818651393 ], [ -106.111256815670771, 28.887776289411629 ], [ -106.11340447295629, 28.88708974089781 ], [ -106.124894268042468, 28.90322157958397 ], [ -106.124388838326453, 28.911409319937977 ], [ -106.127092782104128, 28.914600360794406 ], [ -106.123530683948758, 28.921682364197505 ], [ -106.133525532816705, 28.921670989058033 ], [ -106.145957698653049, 28.927787933408872 ], [ -106.166164435417159, 28.93016353750793 ], [ -106.175913251836818, 28.937883684921079 ], [ -106.193552942069559, 28.944476879359581 ], [ -106.203077033673324, 28.952732718041862 ], [ -106.203095040276651, 28.958272577112744 ], [ -106.197741538381848, 28.964729213208365 ], [ -106.181496831652282, 28.965990109972093 ], [ -106.158286674463739, 28.979493926948976 ], [ -106.151785836120823, 28.979335160333832 ], [ -106.14556951189023, 28.991909411983446 ], [ -106.14833110294127, 28.995958356194414 ], [ -106.163596104069697, 28.99999425068955 ], [ -106.165019963524813, 29.016695074796644 ], [ -106.167528756672681, 29.019338207300571 ], [ -106.176402896943685, 29.01775697227286 ], [ -106.211897876034868, 29.086006774989588 ], [ -106.197890670528693, 29.088424418364063 ], [ -106.185395326782924, 29.094311412728317 ], [ -106.18429667509173, 29.103159943116243 ], [ -106.178805085936361, 29.108127798781183 ], [ -106.169543603857221, 29.108304207728267 ], [ -106.158920780866325, 29.113855908057527 ], [ -106.128394550657177, 29.119755998490163 ], [ -106.12602808062509, 29.124388329620789 ], [ -106.126205037609708, 29.144480476462775 ], [ -106.121602156308299, 29.156225443752913 ], [ -106.118727244865951, 29.158294853793478 ], [ -106.102696321981185, 29.157397050733223 ], [ -106.084526716846042, 29.151868125724864 ], [ -106.074996690130931, 29.145423431710675 ], [ -106.064351990822999, 29.144518382972517 ], [ -106.055723038083144, 29.150061339288197 ], [ -106.041953131755903, 29.152297542048682 ], [ -106.039839429114807, 29.160897311192635 ], [ -106.04524117795772, 29.170239581568985 ], [ -106.046260834100536, 29.179996215178722 ], [ -106.042010747981237, 29.184792992141098 ], [ -106.038896631676863, 29.194715911678234 ], [ -106.030642685569134, 29.203068578493326 ], [ -106.042182043073893, 29.210590766418498 ], [ -106.060986511155463, 29.216124950423058 ], [ -106.076793224782477, 29.225213374346264 ], [ -106.071047622732294, 29.23414600120098 ], [ -106.064787704902784, 29.237125334492895 ], [ -106.056266108270023, 29.237293908128628 ], [ -106.05414512335183, 29.242255694231094 ], [ -106.059294494983448, 29.247793751444828 ], [ -106.059053253977325, 29.252589531014184 ], [ -106.052424017652157, 29.259868037006498 ], [ -106.044314361562755, 29.28070685565012 ], [ -106.032545217060644, 29.290135483580958 ], [ -106.026181224859073, 29.308657774275559 ], [ -106.027187281312948, 29.310311318127258 ], [ -106.033457334965703, 29.309979530768519 ], [ -106.042477641699733, 29.304851097697892 ], [ -106.049123972511524, 29.304766537991384 ], [ -106.053893847362389, 29.307080132852878 ], [ -106.057291746592327, 29.313114827674713 ], [ -106.068461247686812, 29.316748291467263 ], [ -106.070266131802967, 29.340064104951548 ], [ -106.078183059637794, 29.346344009885467 ], [ -106.082349980607233, 29.358413376327768 ], [ -106.078591643956429, 29.36848206683144 ], [ -106.079308871346285, 29.377795797741413 ], [ -106.075591857615009, 29.38544786321458 ], [ -106.069230281205193, 29.387365528722928 ], [ -106.067563430754205, 29.391353413379019 ], [ -106.062365445110544, 29.394737551501848 ], [ -106.045813350310922, 29.401520449144748 ], [ -106.019186743293858, 29.396163231931826 ], [ -106.004228875975528, 29.401348048243076 ], [ -106.000444975130762, 29.400664084837214 ], [ -105.995151706202947, 29.405532544060232 ], [ -105.990011956249916, 29.406024608576555 ], [ -105.961108973556605, 29.394171404176799 ], [ -105.940400906317549, 29.371872985285762 ], [ -105.93446636384283, 29.370394252881887 ], [ -105.931489020307779, 29.372089443772296 ], [ -105.939848256067734, 29.381124164419852 ], [ -105.952887420386489, 29.408820696433285 ], [ -105.954867666332404, 29.418941235805701 ], [ -105.962062522131546, 29.426176576867476 ], [ -105.961608250695875, 29.451270982483432 ], [ -105.96448033548549, 29.467567044141955 ], [ -105.962005188202113, 29.469337775905174 ], [ -105.961895277870738, 29.475776339861881 ], [ -105.963053042962926, 29.482690729299247 ], [ -105.967919784731833, 29.486742673912136 ], [ -105.972076552386412, 29.498480028727155 ], [ -105.970666519334301, 29.502957894816717 ], [ -105.963468680251339, 29.501582387627156 ], [ -105.963349809579512, 29.507608440059933 ], [ -105.954807822551913, 29.51376261799513 ], [ -105.949827305305334, 29.527537068715848 ], [ -105.953607454072653, 29.545057280240488 ], [ -105.948590420635526, 29.551487612711973 ], [ -105.949617804439981, 29.563933075265979 ], [ -105.96865430553791, 29.571318056755938 ], [ -105.974473179850833, 29.567020294476766 ], [ -105.978144686598384, 29.568036751364041 ], [ -105.977768321090352, 29.579430696122031 ], [ -105.983410719211534, 29.589824313402492 ], [ -105.974982100001128, 29.601341985447601 ], [ -105.977145215334659, 29.625075259400873 ], [ -105.984043398516334, 29.635201904953949 ], [ -105.995802391915362, 29.643024826464423 ], [ -105.975436884244402, 29.655882244365639 ], [ -105.971661900311659, 29.656022642065103 ], [ -105.967961759457452, 29.659545189575837 ], [ -105.963673914671475, 29.659280591082421 ], [ -105.94713557854017, 29.668939397950513 ], [ -105.949926454848296, 29.675581410276511 ], [ -105.977828755304415, 29.701149922480447 ], [ -105.996298788430067, 29.70449574312558 ], [ -105.992344746752053, 29.730468632864337 ] ] ] } },
{ "type": "Feature", "properties": { "cve_edo": "08", "cve_mpo_ine": "003", "cve_edo_mpo_ine": "08003", "nom_mpo": "ALLENDE", "nom_edo": "Chihuahua", "alianza_ganadora": "Va por México", "margen_pp": 46.050613496932513, "por_participacion": 69.928944898780003 }, "geometry": { "type": "Polygon", "coordinates": [ [ [ -105.266520947605471, 27.44037498150573 ], [ -105.239669062205863, 27.419323825917626 ], [ -105.237352190642582, 27.413291494747714 ], [ -105.224165758938966, 27.406604373886172 ], [ -105.19536213404109, 27.37931840659267 ], [ -105.134679035568752, 27.330638472290442 ], [ -105.126377194248505, 27.327966555238692 ], [ -105.120372087765574, 27.330499616616031 ], [ -105.092343171143042, 27.370587382789534 ], [ -105.025987980790191, 27.278643498979509 ], [ -105.036726193319566, 27.275255900254272 ], [ -105.044147926415363, 27.270198467799975 ], [ -105.04893601889205, 27.257990984400639 ], [ -104.982137391164642, 27.201347366475442 ], [ -105.032380055519056, 27.204352673133734 ], [ -105.038367998451406, 27.202125680340792 ], [ -105.045776425960725, 27.204097993677113 ], [ -105.153791078136905, 27.151305172671353 ], [ -105.145081906385954, 27.145055621701502 ], [ -105.196498072962939, 27.141121490488825 ], [ -105.214340433753705, 27.135660747507071 ], [ -105.21628735205924, 27.127693590775312 ], [ -105.207170794528992, 27.098544191858593 ], [ -105.208615275163496, 27.069163348452225 ], [ -105.212912919084161, 27.06223826938724 ], [ -105.211011438413564, 27.058874097672376 ], [ -105.212328909935025, 27.050088697155218 ], [ -105.243157811358884, 27.037162405490363 ], [ -105.242465851096085, 27.026006914604814 ], [ -105.247523221530457, 27.013776605043645 ], [ -105.247380283379869, 26.999056826438665 ], [ -105.26561768169303, 26.989696369548639 ], [ -105.253776326990874, 26.979528797216481 ], [ -105.236760865378031, 26.974892811871161 ], [ -105.226874446032937, 26.950304010046601 ], [ -105.231287652896953, 26.943293860364275 ], [ -105.228502762232381, 26.91785949197207 ], [ -105.198309440284774, 26.895457963762102 ], [ -105.206946592053939, 26.891614939475584 ], [ -105.20413624800392, 26.885203197119466 ], [ -105.182292292793122, 26.890966913012949 ], [ -105.180078800837336, 26.890584090203742 ], [ -105.178628280848116, 26.884731941402233 ], [ -105.170445108638489, 26.886499274154406 ], [ -105.161710015710341, 26.884717280063963 ], [ -105.161530160983659, 26.874298561758643 ], [ -105.153987826175438, 26.863401831699175 ], [ -105.158563209729621, 26.85862477709999 ], [ -105.158263999829245, 26.855485974314274 ], [ -105.182597476372095, 26.831164642979282 ], [ -105.193382425712159, 26.831262536865157 ], [ -105.196143467861191, 26.827998306386881 ], [ -105.200085389429333, 26.829183743611971 ], [ -105.209366495343161, 26.827399185368307 ], [ -105.218464627096196, 26.822225540743801 ], [ -105.220588757149216, 26.81764648677343 ], [ -105.225379182958989, 26.818322948204276 ], [ -105.228752911465648, 26.815132075871485 ], [ -105.248107956464693, 26.80815609869834 ], [ -105.249812543119106, 26.800770492767676 ], [ -105.261575503542758, 26.794149650321192 ], [ -105.267211175886814, 26.787451328584716 ], [ -105.283552389551573, 26.783491624583956 ], [ -105.289994391130492, 26.787450146308398 ], [ -105.300308638014485, 26.78217062715963 ], [ -105.302226859551652, 26.773292413448296 ], [ -105.333452545077691, 26.772994104134838 ], [ -105.333502149445181, 26.775640082150431 ], [ -105.329838116068672, 26.776191113363932 ], [ -105.33661799094763, 26.791556443579687 ], [ -105.359593377201051, 26.801631792018838 ], [ -105.36694358862583, 26.808054360306681 ], [ -105.364527324082644, 26.816279316205957 ], [ -105.36683920288722, 26.821868460566733 ], [ -105.367545517289471, 26.83964026606461 ], [ -105.370245508588923, 26.839847332056912 ], [ -105.371166249965427, 26.843141692387462 ], [ -105.361137522064155, 26.863557769756024 ], [ -105.373814220970871, 26.866259939374288 ], [ -105.381510437263643, 26.864901788235329 ], [ -105.391417129953496, 26.870125999018182 ], [ -105.403794033923177, 26.869935270426698 ], [ -105.409124860159565, 26.866709838883228 ], [ -105.42333619199016, 26.866323548248424 ], [ -105.44368258141759, 26.860049764233249 ], [ -105.445891421704275, 26.872586803532464 ], [ -105.452128448407549, 26.878029940505765 ], [ -105.473578157955217, 26.871734431979529 ], [ -105.483449267652006, 26.8932464798221 ], [ -105.485701952625647, 26.892923913263793 ], [ -105.522636235380205, 26.925321320299119 ], [ -105.494367497321377, 26.941759265796502 ], [ -105.485633221903811, 26.952167643753036 ], [ -105.481438554724136, 26.966791155542687 ], [ -105.489415373785178, 26.975800091195271 ], [ -105.504409073830132, 26.974068639563111 ], [ -105.509423561243224, 26.999270539023659 ], [ -105.520229435381168, 27.0114178178919 ], [ -105.519366093141755, 27.014805409226799 ], [ -105.505348199997542, 27.019100101041442 ], [ -105.499688929132816, 27.023395509101466 ], [ -105.520940194045366, 27.043559261395377 ], [ -105.505434860860078, 27.056529569203732 ], [ -105.49387045914699, 27.061154085551255 ], [ -105.481806467542086, 27.071478656974154 ], [ -105.480692130376724, 27.077757811808809 ], [ -105.489657469658482, 27.089906588297044 ], [ -105.490265454256473, 27.096351527885048 ], [ -105.493091209203442, 27.099739920213043 ], [ -105.488413593344902, 27.102300010610868 ], [ -105.482989758320102, 27.111634962970459 ], [ -105.474616970410267, 27.116919963647213 ], [ -105.472269706267028, 27.12452053993897 ], [ -105.463544419712704, 27.116171599342643 ], [ -105.442881797632637, 27.110955019835394 ], [ -105.440307208230919, 27.111452219761706 ], [ -105.438196381017875, 27.11747947325086 ], [ -105.428956176334765, 27.124909478736136 ], [ -105.423522135253037, 27.136720936755349 ], [ -105.42535621330417, 27.143828075734817 ], [ -105.420531236393373, 27.158614353442996 ], [ -105.422596206938252, 27.174893052780071 ], [ -105.426524731006225, 27.181423315989417 ], [ -105.424546824301672, 27.186296736755263 ], [ -105.427002474943706, 27.190347135900172 ], [ -105.427479084637582, 27.200014559642373 ], [ -105.4171194676059, 27.20959122600177 ], [ -105.406775266465189, 27.209747945195403 ], [ -105.401842949829813, 27.213296467101664 ], [ -105.398842933474441, 27.225719821442283 ], [ -105.409036788270384, 27.253127665769117 ], [ -105.412604173311223, 27.256022461817693 ], [ -105.4138234738123, 27.263211737609875 ], [ -105.410366472426716, 27.267340108257958 ], [ -105.407171686164787, 27.262627853613768 ], [ -105.401755039927181, 27.26039227798525 ], [ -105.386100145932687, 27.264756520926799 ], [ -105.35958377528992, 27.277121050476705 ], [ -105.355754729448009, 27.281081564191634 ], [ -105.351548283306244, 27.280021720409998 ], [ -105.345835346595038, 27.287843057900812 ], [ -105.314697504038577, 27.306718962855538 ], [ -105.311253195694235, 27.319340181877354 ], [ -105.312920377656937, 27.325222238649097 ], [ -105.309365031766177, 27.327476141926002 ], [ -105.308218946882363, 27.335774946213409 ], [ -105.291487014097257, 27.352844742937034 ], [ -105.282275668237972, 27.357442441373077 ], [ -105.275615958057585, 27.370075110023446 ], [ -105.279640796545749, 27.377026676562135 ], [ -105.278120046866263, 27.385326685076308 ], [ -105.268604914738091, 27.396725794850617 ], [ -105.269810322993933, 27.40584473758279 ], [ -105.274990006923645, 27.4170220615052 ], [ -105.265658508633564, 27.435000630979474 ], [ -105.266520947605471, 27.44037498150573 ] ] ] } },
{ "type": "Feature", "properties": { "cve_edo": "08", "cve_mpo_ine": "004", "cve_edo_mpo_ine": "08004", "nom_mpo": "AQUILES SERDAN", "nom_edo": "Chihuahua", "alianza_ganadora": "Va por México", "margen_pp": 30.532719500164418, "por_participacion": 44.697582126846477 }, "geometry": { "type": "Polygon", "coordinates": [ [ [ -105.95076052499337, 28.646845582477667 ], [ -105.928399828305771, 28.68093496768029 ], [ -105.930453751594897, 28.696456112530235 ], [ -105.910500098155367, 28.700421098091741 ], [ -105.904247437327982, 28.699819829445488 ], [ -105.895378974984723, 28.69080100404166 ], [ -105.860708762128922, 28.684923298366598 ], [ -105.84790436350508, 28.679911172069747 ], [ -105.825069639755668, 28.662325787026123 ], [ -105.812982528355448, 28.664008201804069 ], [ -105.785182140786503, 28.676589457811822 ], [ -105.774606793420247, 28.689180898765887 ], [ -105.740079722942411, 28.68426422949765 ], [ -105.73014306439552, 28.678471547906458 ], [ -105.727576761220959, 28.672864653161582 ], [ -105.696636636092492, 28.664512940304324 ], [ -105.684793352416818, 28.655587131003337 ], [ -105.669135317454206, 28.650994842330739 ], [ -105.657405702389369, 28.640741296922869 ], [ -105.657438973969974, 28.632960410984651 ], [ -105.650100599279611, 28.624492508502097 ], [ -105.644628372356379, 28.626107932249102 ], [ -105.642460837552633, 28.622151704323514 ], [ -105.621078619949643, 28.618425911887069 ], [ -105.61146051264187, 28.60657948498099 ], [ -105.607976973962792, 28.596424601304552 ], [ -105.602438585236627, 28.592079131795913 ], [ -105.594666361097367, 28.588743303990611 ], [ -105.591498957924017, 28.584379765186984 ], [ -105.586897372656523, 28.585655322644225 ], [ -105.578209248846477, 28.578352140509466 ], [ -105.572216668487997, 28.577899093550624 ], [ -105.559047305298549, 28.571289281840905 ], [ -105.548543846554395, 28.568880810444146 ], [ -105.539221820801615, 28.558098882030801 ], [ -105.542955972229905, 28.556272705150402 ], [ -105.55706319860559, 28.55931683600086 ], [ -105.562913052050604, 28.556493657703463 ], [ -105.566388111479867, 28.552597486584428 ], [ -105.57032369796795, 28.540173230085571 ], [ -105.579396693535472, 28.533453377979175 ], [ -105.584095277668595, 28.524753048561074 ], [ -105.595647215174026, 28.515378875945377 ], [ -105.599658193877318, 28.519759880297944 ], [ -105.610879084531703, 28.519657402056154 ], [ -105.62021707359817, 28.516991056463521 ], [ -105.625332557225221, 28.517726525435332 ], [ -105.647729911973698, 28.509072026638915 ], [ -105.655772978824714, 28.521390735560882 ], [ -105.708022327072939, 28.479213031299828 ], [ -105.744742457430306, 28.471582348938171 ], [ -105.737979124218469, 28.459284235666448 ], [ -105.752607965060363, 28.460670960728159 ], [ -105.782369195074054, 28.459170980238223 ], [ -105.786757903248642, 28.461367248557394 ], [ -105.807586894997215, 28.462920134678448 ], [ -105.826255244774714, 28.470614753966444 ], [ -105.835110542116809, 28.47119594500596 ], [ -105.84934342408495, 28.482404451946486 ], [ -105.847472627938259, 28.491526823989549 ], [ -105.841115804189798, 28.500773434297969 ], [ -105.833688854351863, 28.504649269824753 ], [ -105.839691476638805, 28.506083988516068 ], [ -105.844373063088014, 28.501984897932399 ], [ -105.850350622165081, 28.501515579956063 ], [ -105.861370288875847, 28.505220246841464 ], [ -105.872975058873308, 28.515209197785435 ], [ -105.876936232241718, 28.522207294214791 ], [ -105.877804180336753, 28.530890122998905 ], [ -105.883252799621417, 28.528189547456439 ], [ -105.898601547302121, 28.511322316946856 ], [ -105.905288811743446, 28.508112248974818 ], [ -105.933911986158321, 28.522233899076969 ], [ -105.951487657667755, 28.547800407886598 ], [ -105.959721876706425, 28.584791037533378 ], [ -105.941287946869366, 28.580575304567894 ], [ -105.94257069523249, 28.58827975809028 ], [ -105.937395818808668, 28.585764895881809 ], [ -105.947224063274007, 28.615663536209755 ], [ -105.959435386821582, 28.617822659012489 ], [ -105.957014320530675, 28.630668462583127 ], [ -105.963009906012573, 28.643824153875098 ], [ -105.95076052499337, 28.646845582477667 ] ] ] } },
{ "type": "Feature", "properties": { "cve_edo": "08", "cve_mpo_ine": "005", "cve_edo_mpo_ine": "08005", "nom_mpo": "ASCENSION", "nom_edo": "Chihuahua", "alianza_ganadora": "Va por México", "margen_pp": 26.135776974703148, "por_participacion": 41.533101045296164 }, "geometry": { "type": "Polygon", "coordinates": [ [ [ -108.20610550588566, 31.781976926600173 ], [ -106.886538906442524, 31.781573341186167 ], [ -106.864638444870593, 31.766690645369156 ], [ -106.861132829227643, 31.763741370359288 ], [ -106.863421313252886, 31.752010951152894 ], [ -106.859735872257147, 31.745019620928534 ], [ -106.845688988596422, 31.740977484188409 ], [ -106.838011348995536, 31.692174909864697 ], [ -106.839551820026387, 31.688318428962152 ], [ -106.866844213448275, 31.6691488084452 ], [ -106.895830386952184, 31.658821879280389 ], [ -106.915207112874526, 31.601848287728323 ], [ -106.705146183902414, 31.607637181455029 ], [ -106.729742472654493, 31.583258197296512 ], [ -106.739692123792963, 31.567860629171971 ], [ -106.737830004103714, 31.561928669404104 ], [ -106.717025627912918, 31.546599697454532 ], [ -106.715820775153162, 31.54198446950786 ], [ -106.717976570244645, 31.539993665306259 ], [ -106.724140059326587, 31.541201597727234 ], [ -106.743425866130707, 31.535907701901888 ], [ -106.752538813411434, 31.526289664238178 ], [ -106.755723709978056, 31.513730790663473 ], [ -106.750912868272565, 31.496426531438509 ], [ -106.740875416313742, 31.480963507639348 ], [ -106.693566796277196, 31.428377624990297 ], [ -106.706134353538147, 31.419159607591158 ], [ -106.965061282888712, 31.331706197732885 ], [ -106.95648166124171, 31.321201396065558 ], [ -106.941282186966745, 31.312472146182365 ], [ -106.934921105677034, 31.305086892738935 ], [ -106.928351068758332, 31.291513980245398 ], [ -106.893598226048056, 31.256617710448193 ], [ -106.880505639115057, 31.231451476528274 ], [ -106.866509310007316, 31.193489263388635 ], [ -106.855490793699687, 31.178636873228687 ], [ -106.840896570867557, 31.165930848167271 ], [ -106.836027895200885, 31.156027088085466 ], [ -106.817510544531885, 31.144542458646498 ], [ -106.839572884144943, 31.136846923107552 ], [ -106.903969350001219, 31.122083306606925 ], [ -106.896195282731696, 31.083581912962821 ], [ -106.905676403193425, 31.074426781462751 ], [ -106.97545248270211, 31.032978248884216 ], [ -106.988807708582669, 31.028525744469544 ], [ -107.006360924458065, 31.028157740323781 ], [ -107.034176473033114, 31.031608739075047 ], [ -107.034188347485482, 30.99801351472626 ], [ -107.01305544103441, 30.977299728058444 ], [ -106.999064791661823, 30.945376971492689 ], [ -106.979122367411819, 30.928649023205772 ], [ -106.985604511349521, 30.917991478677905 ], [ -107.009523722223278, 30.893191641739961 ], [ -107.016367519097969, 30.876588859533907 ], [ -107.015567285764917, 30.862804971090778 ], [ -107.034312992448974, 30.861874046540009 ], [ -107.089429640542534, 30.843428764508094 ], [ -107.132467094985913, 30.845310062863827 ], [ -107.13701645284722, 30.849141812465991 ], [ -107.145019054646767, 30.850846837764699 ], [ -107.153814661264761, 30.845733157977275 ], [ -107.158392490234277, 30.837400266367393 ], [ -107.167519258528756, 30.832897905243687 ], [ -107.176125282389677, 30.793564165102289 ], [ -107.191595912714575, 30.801514824152161 ], [ -107.205998933454168, 30.804742552937576 ], [ -107.212650481525841, 30.803377180557888 ], [ -107.224670856801708, 30.813245806326716 ], [ -107.244067629055962, 30.799467464997207 ], [ -107.24911335823144, 30.784731664115796 ], [ -107.259595372114049, 30.771125694759558 ], [ -107.263427077465224, 30.758887132349816 ], [ -107.293115680328242, 30.775409060255274 ], [ -107.310843280478409, 30.771755812068534 ], [ -107.352698622904612, 30.815230086679115 ], [ -107.384537224977819, 30.803238045811938 ], [ -107.385922541896264, 30.795375910499512 ], [ -107.391426486881869, 30.786810088982506 ], [ -107.405293724631193, 30.769618328801435 ], [ -107.414730509429731, 30.765504850994951 ], [ -107.443043361554388, 30.76532275185393 ], [ -107.465270167585189, 30.751864949245512 ], [ -107.546874969383197, 30.744030012071619 ], [ -107.561468690273855, 30.731452542613042 ], [ -107.570533123199695, 30.729489762333436 ], [ -107.589189137431205, 30.720621593001493 ], [ -107.626209551890298, 30.710701306496063 ], [ -107.626683010141093, 30.721819908722544 ], [ -107.629721769930399, 30.728658653365308 ], [ -107.626843557312029, 30.750644686343197 ], [ -107.645471084498354, 30.75041574680284 ], [ -107.64968670232625, 30.748607673667184 ], [ -107.652449660538323, 30.763186796805716 ], [ -107.662270231230835, 30.764677040904587 ], [ -107.669657180484705, 30.769541323609033 ], [ -107.714943308355942, 30.77483571030173 ], [ -107.717744187269943, 30.777636593562505 ], [ -107.71759323581837, 30.787765707689605 ], [ -107.725362727722469, 30.794767758392947 ], [ -107.726502716559125, 30.798720861337724 ], [ -107.748821932588342, 30.807453427473472 ], [ -107.767070543626659, 30.810170867103132 ], [ -107.76823185101712, 30.803088841514352 ], [ -107.793253537187354, 30.793122862472817 ], [ -107.80206801946332, 30.794600051803908 ], [ -107.811897015676763, 30.793196499324029 ], [ -107.820324887223293, 30.789322523906442 ], [ -107.833470224263749, 30.78857453081628 ], [ -107.853502530560675, 30.792102258175696 ], [ -107.881714411303264, 30.777915656940213 ], [ -107.897408659628255, 30.778146972328763 ], [ -107.915781523593907, 30.781502127203929 ], [ -107.921777132060143, 30.789728784130446 ], [ -107.937855733350901, 30.796212372199172 ], [ -107.948320037607715, 30.79405663849494 ], [ -107.977545412012077, 30.782226462846587 ], [ -107.983354940313973, 30.797680169892832 ], [ -107.981718883025195, 30.802703983550895 ], [ -107.984314153763009, 30.817923933816591 ], [ -107.990324757408516, 30.827375248704147 ], [ -107.988840877010148, 30.839558864236093 ], [ -108.000260663567246, 30.866609386472376 ], [ -107.981739213465374, 30.883028593152929 ], [ -107.979490563932302, 30.895296108315641 ], [ -107.984623220326526, 30.907053604382625 ], [ -107.990501683638286, 30.913377397369825 ], [ -108.005800449094195, 30.919184859745414 ], [ -108.004930773968255, 30.924947782315403 ], [ -108.009417313914113, 30.936998360897601 ], [ -108.015173286601708, 30.939654052455083 ], [ -108.026424480467711, 30.950982540894852 ], [ -108.036691211173491, 30.970048272341739 ], [ -108.036990088718753, 31.042055704130807 ], [ -108.083823070368439, 31.042313450664849 ], [ -108.086211311740669, 31.045451105609434 ], [ -108.09310164845725, 31.046828506542024 ], [ -108.096351058787121, 31.055752604783287 ], [ -108.089307890071595, 31.062862914048523 ], [ -108.09864194019849, 31.098883611174138 ], [ -108.089572419804227, 31.102850936271881 ], [ -108.099648175044095, 31.108361313699412 ], [ -108.207884080953846, 31.227296775284451 ], [ -108.207681408499212, 31.279750240589369 ], [ -108.204383760258352, 31.32325736791536 ], [ -108.207065023361722, 31.615732460183921 ], [ -108.20610550588566, 31.781976926600173 ] ] ] } },
{ "type": "Feature", "properties": { "cve_edo": "08", "cve_mpo_ine": "006", "cve_edo_mpo_ine": "08006", "nom_mpo": "BACHINIVA", "nom_edo": "Chihuahua", "alianza_ganadora": "Va por México", "margen_pp": 18.946796959826276, "por_participacion": 63.670929830625646 }, "geometry": { "type": "Polygon", "coordinates": [ [ [ -107.300416077831997, 29.068211261227262 ], [ -107.294064665415107, 29.056663182068025 ], [ -107.277325740293975, 29.045331950162911 ], [ -107.261630162751004, 29.040204096312934 ], [ -107.249447031963172, 29.043455075440018 ], [ -107.248054605460098, 29.040569783079711 ], [ -107.254885031614904, 29.02311836652072 ], [ -107.246219975986875, 29.002733888595881 ], [ -107.235867251061833, 29.008874722498028 ], [ -107.22862128007344, 29.007984164654353 ], [ -107.215233102979894, 28.995623439371045 ], [ -107.211469144193288, 28.986461175942278 ], [ -107.201457017462374, 28.974090808815799 ], [ -107.19932285413708, 28.967568338053123 ], [ -107.19966424918573, 28.94881183477635 ], [ -107.202772382045239, 28.941781726525175 ], [ -107.202509497476711, 28.934346120313805 ], [ -107.18276944445212, 28.921830342075442 ], [ -107.175269434144013, 28.913748650762983 ], [ -107.154293957957535, 28.90527952899788 ], [ -107.143560885597395, 28.903564249476524 ], [ -107.136069051784702, 28.898950476610874 ], [ -107.125701858930242, 28.88806136219732 ], [ -107.118454154243835, 28.875679012899344 ], [ -107.11050975497713, 28.846829402336063 ], [ -107.109680313747333, 28.825702205240351 ], [ -107.113164395426395, 28.817268653288927 ], [ -107.150035426081786, 28.789608841454378 ], [ -107.149139677852176, 28.769614374811077 ], [ -107.15959589349454, 28.760340909588781 ], [ -107.165300394326394, 28.73925999935544 ], [ -107.176014562663198, 28.739558618975863 ], [ -107.179092732523742, 28.736543159332189 ], [ -107.17916484603947, 28.727665373610883 ], [ -107.185208602671025, 28.722612701827472 ], [ -107.19056350104843, 28.72185806343273 ], [ -107.199907337351561, 28.70051449022472 ], [ -107.199033125023035, 28.679519061524488 ], [ -107.194700346835631, 28.671949549492105 ], [ -107.20457444035597, 28.662849763036427 ], [ -107.209294456296419, 28.65065277193089 ], [ -107.225703315045706, 28.630330674303838 ], [ -107.255021334918652, 28.633052261764785 ], [ -107.266986036360947, 28.641119037277281 ], [ -107.271487544322127, 28.650526509546644 ], [ -107.281842520153077, 28.660826871878161 ], [ -107.286594082610932, 28.669737275088988 ], [ -107.300296635460953, 28.673168994749538 ], [ -107.322614223505468, 28.685331445052125 ], [ -107.333691147315264, 28.683892849860264 ], [ -107.33954854175937, 28.685857412504618 ], [ -107.343792434573061, 28.689479289742913 ], [ -107.347802950811257, 28.698224274218152 ], [ -107.343360900596551, 28.71195363363459 ], [ -107.354320482164226, 28.712083381151871 ], [ -107.3655453870375, 28.717333791820707 ], [ -107.401187633870137, 28.724066485280144 ], [ -107.405811751252358, 28.728510992295909 ], [ -107.413755188737767, 28.751499455058251 ], [ -107.411733761190234, 28.761667854313011 ], [ -107.405335835310069, 28.766049163385436 ], [ -107.404441295096078, 28.770760680104285 ], [ -107.407157258798108, 28.797343518226775 ], [ -107.398527131170994, 28.825084020119707 ], [ -107.401286631178635, 28.836747341495983 ], [ -107.389888605617941, 28.858264226727968 ], [ -107.376167655520561, 28.865390070093063 ], [ -107.36790157103006, 28.876144054430306 ], [ -107.353102698098496, 28.8799040393457 ], [ -107.350676125503426, 28.883318673822036 ], [ -107.404450584055979, 28.923993307484967 ], [ -107.41478719816368, 28.937020283693371 ], [ -107.420682497552903, 28.959845212423055 ], [ -107.427098166838931, 28.972359076223025 ], [ -107.431651296740384, 28.968439508561659 ], [ -107.436551077509009, 28.969743293053604 ], [ -107.437536134481533, 28.980031046226937 ], [ -107.435139866740357, 28.983083117684199 ], [ -107.427832192448292, 28.982247166408158 ], [ -107.422483308001873, 28.978610388731411 ], [ -107.414106878968269, 28.995715438132507 ], [ -107.411861605410465, 28.996078834629625 ], [ -107.397488939171637, 28.985990838552855 ], [ -107.39213671340579, 29.000456336877875 ], [ -107.376654639401991, 29.017889398701143 ], [ -107.362224872473689, 29.021292468743518 ], [ -107.341507539778803, 29.016423969750267 ], [ -107.337256499952957, 29.01739887050627 ], [ -107.338706271483062, 29.030792986608045 ], [ -107.348472067816331, 29.039814190587148 ], [ -107.35940511087064, 29.05545335286233 ], [ -107.348097680038279, 29.05888743074874 ], [ -107.334074678546074, 29.059401633064692 ], [ -107.329660184592598, 29.061997965149466 ], [ -107.316775974589859, 29.06153134077444 ], [ -107.300416077831997, 29.068211261227262 ] ] ] } },
{ "type": "Feature", "properties": { "cve_edo": "08", "cve_mpo_ine": "007", "cve_edo_mpo_ine": "08007", "nom_mpo": "BALLEZA", "nom_edo": "Chihuahua", "alianza_ganadora": "Va por México", "margen_pp": 64.833053086716305, "por_participacion": 61.081358667742649 }, "geometry": { "type": "Polygon", "coordinates": [ [ [ -106.759205779041139, 27.181153713792852 ], [ -106.756624508096422, 27.176022131192482 ], [ -106.745904186960317, 27.177571869568183 ], [ -106.743814782613057, 27.173681320206647 ], [ -106.737652257400839, 27.175653096071589 ], [ -106.732360208965872, 27.171672949223495 ], [ -106.729526363336063, 27.171914961235739 ], [ -106.726083363458315, 27.167442382672011 ], [ -106.713523941013293, 27.163528184377959 ], [ -106.70958022358225, 27.164594155421913 ], [ -106.70490462468122, 27.16119312554104 ], [ -106.705034473628871, 27.15714167457832 ], [ -106.692211150525452, 27.164222532025001 ], [ -106.689260067996344, 27.161155868052873 ], [ -106.685810862290836, 27.161147418904243 ], [ -106.680901424872374, 27.151460548109384 ], [ -106.693962053313115, 27.149177304210344 ], [ -106.699643162360999, 27.140260441846667 ], [ -106.706051954708258, 27.137629450161015 ], [ -106.701255309567927, 27.133731808533504 ], [ -106.698067081237014, 27.125703362793754 ], [ -106.690921471192794, 27.127422587859389 ], [ -106.681668940913482, 27.136164844451734 ], [ -106.669473585534192, 27.137456845061958 ], [ -106.666646503931773, 27.134638022719013 ], [ -106.657776207327785, 27.136020335066053 ], [ -106.655802879947558, 27.137338100862767 ], [ -106.65678248167076, 27.140069524522016 ], [ -106.665512377672101, 27.147452077685347 ], [ -106.64678677566657, 27.148973036364332 ], [ -106.640878804771731, 27.146972102811343 ], [ -106.634715653043358, 27.148939377380302 ], [ -106.63039381201969, 27.153557801381233 ], [ -106.623860155743728, 27.155688946580124 ], [ -106.615696391121773, 27.169474539827448 ], [ -106.6017859532041, 27.165132693545221 ], [ -106.583651364194168, 27.174254957816899 ], [ -106.580808115819906, 27.17771897867539 ], [ -106.560351725819046, 27.178892351168322 ], [ -106.534744311106124, 27.172271375389652 ], [ -106.507505497254144, 27.175232180964173 ], [ -106.500618070622721, 27.171650421903969 ], [ -106.498287817115937, 27.168581852945771 ], [ -106.498570802130672, 27.158080549744781 ], [ -106.502541165894485, 27.149908684095021 ], [ -106.497881360954068, 27.14385420898326 ], [ -106.495824909268819, 27.133178543601097 ], [ -106.48919982563784, 27.125958425245159 ], [ -106.48193793938438, 27.057180882006595 ], [ -106.435494441969041, 27.079589983166901 ], [ -106.428098975495018, 27.076208131751926 ], [ -106.406678352789527, 27.074497796288728 ], [ -106.396215909604209, 27.074178873549123 ], [ -106.390562260668219, 27.076997902866896 ], [ -106.383405540441203, 27.070386851655478 ], [ -106.38017659973859, 27.05963496330202 ], [ -106.374024191678927, 27.059889121937719 ], [ -106.368848719848359, 27.057246499244624 ], [ -106.357534084664607, 27.059986509229599 ], [ -106.34362288494161, 27.057846314203655 ], [ -106.34999693005561, 27.047499917431164 ], [ -106.346752319446821, 27.028556524182463 ], [ -106.298442016242248, 26.986224009129373 ], [ -106.281049951156703, 26.957520448199933 ], [ -106.26861668965887, 26.948587573871137 ], [ -106.264661593745473, 26.935764046837562 ], [ -106.255310922729009, 26.93063529905994 ], [ -106.251244797748072, 26.924264769450723 ], [ -106.251236110275542, 26.918473191894009 ], [ -106.245934542745488, 26.907221017786785 ], [ -106.249002791033533, 26.904325217404224 ], [ -106.248381626603575, 26.899774681334662 ], [ -106.245549017015762, 26.895555068546123 ], [ -106.235958349685802, 26.891583187289427 ], [ -106.229326993265104, 26.894974712173049 ], [ -106.227480706077216, 26.892657801380022 ], [ -106.221337330019935, 26.893401418632941 ], [ -106.199950862726993, 26.889424329442193 ], [ -106.187913144395083, 26.894632253887917 ], [ -106.187663907647377, 26.890908905215611 ], [ -106.181513865472667, 26.884287028333318 ], [ -106.180401269597482, 26.876509027794004 ], [ -106.161101840476974, 26.863673746390329 ], [ -106.161589056638022, 26.857551309765572 ], [ -106.155438675555203, 26.845053616457772 ], [ -106.147081054393453, 26.836525530206735 ], [ -106.144869712895058, 26.835696494053202 ], [ -106.140038206398472, 26.840746988818161 ], [ -106.130537945623715, 26.84078019918066 ], [ -106.123640527235082, 26.844212053064638 ], [ -106.118590474071269, 26.838139947719515 ], [ -106.109064872509308, 26.832470611881121 ], [ -106.100344657543914, 26.834943865245538 ], [ -106.066754707089302, 26.811952327330367 ], [ -106.092069071610709, 26.76720338146314 ], [ -106.096636578622523, 26.772582739177274 ], [ -106.107580148706617, 26.774143114386202 ], [ -106.116466789252343, 26.783658295808639 ], [ -106.124559720354597, 26.779090814366342 ], [ -106.133284770777635, 26.778912592293782 ], [ -106.144698642007327, 26.775250338701213 ], [ -106.152176075534783, 26.770847959844318 ], [ -106.156843281566523, 26.770260528677973 ], [ -106.162267539845445, 26.774145124455739 ], [ -106.168907374065725, 26.774962286313883 ], [ -106.177011438354668, 26.773456989400614 ], [ -106.179328921168278, 26.769642164928598 ], [ -106.184119169423312, 26.769136461588687 ], [ -106.172126135854498, 26.752920912473574 ], [ -106.171848349990213, 26.745797020723128 ], [ -106.167762917853864, 26.738845329241411 ], [ -106.169445815108546, 26.730558280474959 ], [ -106.173473921615269, 26.724835253677877 ], [ -106.173305606441076, 26.714728839525169 ], [ -106.122796565158652, 26.713951725661083 ], [ -106.121043838157377, 26.699980855231924 ], [ -106.127546481812246, 26.698397839254532 ], [ -106.132717910734684, 26.701621349886071 ], [ -106.13356765350845, 26.69921767504924 ], [ -106.131112100351814, 26.699386897272291 ], [ -106.133806064019254, 26.697477626940849 ], [ -106.141579743649586, 26.706164633197492 ], [ -106.146991897958387, 26.708061753279793 ], [ -106.153372487399039, 26.706643426062595 ], [ -106.159368884272112, 26.701663222855323 ], [ -106.168476241312234, 26.705955866625327 ], [ -106.176328532873683, 26.698450075812598 ], [ -106.187000476361106, 26.697214576656361 ], [ -106.183434525499109, 26.687035629658951 ], [ -106.189169016842413, 26.68147197664095 ], [ -106.188036081977231, 26.674015827467358 ], [ -106.190365265821356, 26.673505895084194 ], [ -106.195549934520059, 26.681603536100997 ], [ -106.198125929585743, 26.681423794872604 ], [ -106.198839928576433, 26.675781836169254 ], [ -106.20596727102496, 26.678562109001977 ], [ -106.205070726365051, 26.669114916423581 ], [ -106.215484295019081, 26.665492455189067 ], [ -106.218656275506504, 26.661163410424475 ], [ -106.217517961183376, 26.652795510865477 ], [ -106.221286109063968, 26.644400369624982 ], [ -106.218805820963169, 26.637781097843273 ], [ -106.224068430867078, 26.63501568394895 ], [ -106.226684639141254, 26.615267722403203 ], [ -106.230355071563835, 26.613257220460788 ], [ -106.229848992007803, 26.609528967547075 ], [ -106.235484907565009, 26.608419332421192 ], [ -106.236427251225692, 26.599293547546079 ], [ -106.234069090207754, 26.592507980837318 ], [ -106.236135791379041, 26.588350638446315 ], [ -106.231716079176564, 26.586883120734512 ], [ -106.232296070034678, 26.579003073137066 ], [ -106.229708638714996, 26.575866887411173 ], [ -106.234451408461524, 26.566802633633461 ], [ -106.232346518742276, 26.561756747273968 ], [ -106.234526993094562, 26.555608855196859 ], [ -106.233386128260094, 26.54657766940992 ], [ -106.239614847336014, 26.541484753586516 ], [ -106.281725782224569, 26.531539045838159 ], [ -106.271418729865246, 26.528449403673378 ], [ -106.287285391293366, 26.514923196626093 ], [ -106.25233513796114, 26.506366704857811 ], [ -106.246531845748777, 26.491125558242111 ], [ -106.248414183303211, 26.47883454231269 ], [ -106.242132321319403, 26.470495926968834 ], [ -106.238922487679091, 26.43519235984731 ], [ -106.242097030085603, 26.433101559324033 ], [ -106.252410829927527, 26.439924761241162 ], [ -106.262325013364659, 26.439121365797412 ], [ -106.26221858283067, 26.44277021999865 ], [ -106.27421326053134, 26.441705168884216 ], [ -106.263475739649039, 26.419683184252012 ], [ -106.270084495920287, 26.406350163355711 ], [ -106.285349576257985, 26.402197062366781 ], [ -106.290521619874113, 26.397957979181328 ], [ -106.292584065287684, 26.399537138704858 ], [ -106.296783422251011, 26.398435999283535 ], [ -106.302720853562107, 26.394117868082333 ], [ -106.300205145035605, 26.383433984400785 ], [ -106.294782947773257, 26.375785297706379 ], [ -106.284910375722077, 26.373470348471919 ], [ -106.2596895686723, 26.358699945587343 ], [ -106.267436274459712, 26.347137630072631 ], [ -106.278786202078052, 26.342087112047221 ], [ -106.28120386699149, 26.336441093749471 ], [ -106.287047921885772, 26.334402093887974 ], [ -106.300778655339556, 26.335863275075887 ], [ -106.312021839402661, 26.350061733830959 ], [ -106.3285461893215, 26.331394360602168 ], [ -106.35063476817345, 26.314709238304452 ], [ -106.373820726993415, 26.283151676168409 ], [ -106.393424470400305, 26.254732395886112 ], [ -106.391457906101081, 26.252755563907471 ], [ -106.393265314267154, 26.247934540999768 ], [ -106.390660401974841, 26.240904204669835 ], [ -106.394302742835535, 26.236402623515914 ], [ -106.400285024480354, 26.235201827397823 ], [ -106.401150550435872, 26.237020117862684 ], [ -106.403829282267637, 26.235178009399387 ], [ -106.408368291432737, 26.238215174859391 ], [ -106.411412653887439, 26.236204627709615 ], [ -106.425004602574575, 26.240671969669826 ], [ -106.439507197968368, 26.254417830904565 ], [ -106.443587107892967, 26.262265938471984 ], [ -106.451948305789941, 26.270415312480868 ], [ -106.483414265944603, 26.277899887048026 ], [ -106.483097992518864, 26.286027480964034 ], [ -106.479327264499162, 26.289205578890588 ], [ -106.484034398226356, 26.298954748997581 ], [ -106.483839958016333, 26.306998520781505 ], [ -106.480057802917244, 26.308435607920515 ], [ -106.475748567725546, 26.303741010202021 ], [ -106.479733094619974, 26.315236661725088 ], [ -106.494370453215481, 26.327179643688485 ], [ -106.499013126037326, 26.327496967154268 ], [ -106.499738405108559, 26.323768137614536 ], [ -106.50340215731427, 26.323342951071371 ], [ -106.514647298768452, 26.326537987404738 ], [ -106.51369804543819, 26.339377079311447 ], [ -106.515904399775664, 26.342682712488148 ], [ -106.533400270000413, 26.353309572684164 ], [ -106.533543594104216, 26.362252895580106 ], [ -106.540038066221342, 26.369767454406105 ], [ -106.547736056318811, 26.369493264046667 ], [ -106.55068553279385, 26.376108264661269 ], [ -106.567542903757115, 26.373400063249505 ], [ -106.572566446586805, 26.378268213206173 ], [ -106.585047465579294, 26.383854531205149 ], [ -106.592261595592333, 26.385070266513907 ], [ -106.598487196780283, 26.382562844420434 ], [ -106.604253112355963, 26.389911345540366 ], [ -106.60900783156373, 26.386001234329768 ], [ -106.612063683128653, 26.386155190493238 ], [ -106.615500998472754, 26.391110599224263 ], [ -106.623938014317488, 26.392319984883311 ], [ -106.629693767467231, 26.39585816078192 ], [ -106.643856711693587, 26.391329753780905 ], [ -106.658566056546761, 26.403773511670515 ], [ -106.665532279198771, 26.403495941264911 ], [ -106.668208988212271, 26.400006700993696 ], [ -106.673592257799228, 26.401474400750057 ], [ -106.678392821826165, 26.41072834895537 ], [ -106.684641543693274, 26.414676110065127 ], [ -106.686741771788249, 26.420629115943299 ], [ -106.709600898556971, 26.451497264811053 ], [ -106.71971826840398, 26.473974286445891 ], [ -106.74166664362761, 26.48728577271222 ], [ -106.74242297442153, 26.492581685632128 ], [ -106.759133863970249, 26.509724143775671 ], [ -106.765509339423787, 26.512839291422761 ], [ -106.770680342763512, 26.520100342514187 ], [ -106.782682855362481, 26.522772468885083 ], [ -106.789634329907642, 26.517934438355663 ], [ -106.803848284410648, 26.522497891121255 ], [ -106.814774362532546, 26.530058222351723 ], [ -106.81836460260979, 26.538567758852043 ], [ -106.82656915498859, 26.538196252580363 ], [ -106.83456054377551, 26.547174654086398 ], [ -106.838597111148161, 26.546821399623308 ], [ -106.839722586792888, 26.551534903092403 ], [ -106.845603037838671, 26.552744535766784 ], [ -106.850607969420665, 26.550315555595301 ], [ -106.849906481138362, 26.556612321524383 ], [ -106.855202781241047, 26.563041225244444 ], [ -106.868813526719507, 26.567766766302615 ], [ -106.875711575112845, 26.5758416805702 ], [ -106.885865667370837, 26.574872150177328 ], [ -106.895584840914694, 26.583674751902212 ], [ -106.913378195876959, 26.591269051270924 ], [ -106.905223688026169, 26.611821637889406 ], [ -106.899558675178113, 26.612810284379055 ], [ -106.899181220819415, 26.619253900779416 ], [ -106.903575101621584, 26.628921694154432 ], [ -106.900753282543377, 26.632142256986754 ], [ -106.903933875551829, 26.63462212345798 ], [ -106.90588153472207, 26.642636399348905 ], [ -106.896940305084215, 26.642466967021047 ], [ -106.893623274156411, 26.648661220748735 ], [ -106.881974498106388, 26.655676773942488 ], [ -106.88367040871681, 26.667078374792869 ], [ -106.872068450137192, 26.67868912499835 ], [ -106.863006613342677, 26.70458959549731 ], [ -106.856258966852877, 26.709909955227072 ], [ -106.851256225917865, 26.719304161853074 ], [ -106.83999257938261, 26.723550733547537 ], [ -106.839737144739402, 26.729237807187083 ], [ -106.845911190643122, 26.738095717408704 ], [ -106.845556443403211, 26.742791068129844 ], [ -106.853811555107683, 26.757213634444291 ], [ -106.853860077003603, 26.770990132037959 ], [ -106.847470565752815, 26.78184365365226 ], [ -106.847906776305649, 26.792121522784935 ], [ -106.838702690263645, 26.815667487668286 ], [ -106.841072410216, 26.835178482316678 ], [ -106.834061176042198, 26.840905886473909 ], [ -106.83159758477268, 26.846469620500983 ], [ -106.814543909014617, 26.845658550729294 ], [ -106.811786632768602, 26.847999447256157 ], [ -106.809783998894318, 26.880875533422977 ], [ -106.815258430844878, 26.898877444040625 ], [ -106.806756802848355, 26.910267899982212 ], [ -106.80002204062842, 26.914431836174199 ], [ -106.794014270994595, 26.913824667731863 ], [ -106.791486995865426, 26.916747018523104 ], [ -106.792423954190312, 26.944646089700438 ], [ -106.785572693229184, 26.958788581098361 ], [ -106.789017414710258, 26.963884938718554 ], [ -106.797378697687705, 26.969072942760462 ], [ -106.795984058544192, 26.981255311051719 ], [ -106.812004938384831, 26.995493634894153 ], [ -106.822367895956049, 27.015152246057497 ], [ -106.834586626798469, 27.018676486538943 ], [ -106.8420928523323, 27.018566570209426 ], [ -106.870301559898692, 27.011491272433833 ], [ -106.873804708419854, 27.019638135056315 ], [ -106.884325054635724, 27.027581352579411 ], [ -106.88899325850808, 27.022468784951123 ], [ -106.891036633658771, 27.024567563750317 ], [ -106.894388530875304, 27.023225455555487 ], [ -106.908165466385896, 27.034111969865975 ], [ -106.909935560743875, 27.031998950163377 ], [ -106.912204946650974, 27.035008710650192 ], [ -106.91929284549407, 27.037114184112468 ], [ -106.92328303613732, 27.045680526824615 ], [ -106.929134519340792, 27.048093473642851 ], [ -106.936450479858749, 27.056553062399317 ], [ -106.939355550437909, 27.069718603669774 ], [ -106.934847836234994, 27.073185992179944 ], [ -106.933962123618073, 27.079768865438314 ], [ -106.917355518806161, 27.095806864466773 ], [ -106.915542323460187, 27.105260107476152 ], [ -106.911960557481876, 27.109101795981253 ], [ -106.90051105074626, 27.115044436331619 ], [ -106.893616043292553, 27.111565043853663 ], [ -106.878270815563155, 27.120184009270261 ], [ -106.877258500414527, 27.126764462053195 ], [ -106.88230991726769, 27.13741299842032 ], [ -106.878542578229727, 27.146006075428801 ], [ -106.875727214336422, 27.169155048934318 ], [ -106.854056636762465, 27.170738359908626 ], [ -106.850607793921796, 27.17453705732872 ], [ -106.841141148267326, 27.167562375427714 ], [ -106.819461277890724, 27.166208453576075 ], [ -106.81355247365083, 27.160163437076381 ], [ -106.800128153353711, 27.157413352369215 ], [ -106.790021821316216, 27.164011187031011 ], [ -106.7868139101937, 27.169628272958374 ], [ -106.781269388347923, 27.170610759464438 ], [ -106.774977393784638, 27.179694909962013 ], [ -106.770542118763018, 27.179686777809675 ], [ -106.767342340468687, 27.176456055941376 ], [ -106.759205779041139, 27.181153713792852 ] ] ] } },
{ "type": "Feature", "properties": { "cve_edo": "08", "cve_mpo_ine": "008", "cve_edo_mpo_ine": "08008", "nom_mpo": "BATOPILAS DE MANUEL GOMEZ MORIN", "nom_edo": "Chihuahua", "alianza_ganadora": "Va por México", "margen_pp": 47.833736529579944, "por_participacion": 55.825659914057702 }, "geometry": { "type": "Polygon", "coordinates": [ [ [ -107.620056293718534, 27.336690359488099 ], [ -107.615858422294608, 27.333723395767493 ], [ -107.611549766789011, 27.334309060356233 ], [ -107.60940240698956, 27.318532550905537 ], [ -107.607301429620634, 27.316305325674005 ], [ -107.598065734339158, 27.316320224200609 ], [ -107.58511943636924, 27.311217653397385 ], [ -107.5798242202235, 27.311142791882975 ], [ -107.568426836831918, 27.288355477196575 ], [ -107.561141525908511, 27.281011831948611 ], [ -107.555126143978882, 27.286885620297276 ], [ -107.540988239653018, 27.294256020470396 ], [ -107.531863857619754, 27.289308925074668 ], [ -107.534306219250524, 27.281870206529817 ], [ -107.531958103691764, 27.278485240544249 ], [ -107.533656839475341, 27.269229637744875 ], [ -107.526006826662282, 27.262297414938622 ], [ -107.520674279407004, 27.246686945237755 ], [ -107.530972855527779, 27.231638997616141 ], [ -107.534005629315658, 27.215111125477375 ], [ -107.531269154557449, 27.203711944581954 ], [ -107.545259919402028, 27.191220710848796 ], [ -107.547820082347528, 27.182790259605653 ], [ -107.545966796414149, 27.179735301957297 ], [ -107.559547311678344, 27.159866786980494 ], [ -107.553090887888288, 27.135145782406777 ], [ -107.546542479844177, 27.122473359050836 ], [ -107.544151345760099, 27.119875692862319 ], [ -107.540284908368506, 27.128031582548942 ], [ -107.531814106357444, 27.128017883516151 ], [ -107.529441581540709, 27.131690937988061 ], [ -107.528943464269034, 27.125923602600263 ], [ -107.526182655703906, 27.123249680435396 ], [ -107.515806063123193, 27.125826943953541 ], [ -107.502841994060503, 27.116979051583641 ], [ -107.497767300337856, 27.1206166923029 ], [ -107.488870272052708, 27.117967258634319 ], [ -107.486470916141414, 27.12048485458185 ], [ -107.484057433732346, 27.116813732108 ], [ -107.481605173215627, 27.116939118846719 ], [ -107.476838771347374, 27.123458823898055 ], [ -107.473030356300782, 27.117748833187004 ], [ -107.46368296734336, 27.116921034591282 ], [ -107.459193387391551, 27.108086667349973 ], [ -107.455088563554412, 27.105599527748485 ], [ -107.449281734669682, 27.092578974245328 ], [ -107.443648246675821, 27.087477119712837 ], [ -107.441120641807188, 27.07844323489855 ], [ -107.432975958448893, 27.064966786605286 ], [ -107.425823157002554, 27.057579457698832 ], [ -107.418274543067639, 27.054572108854078 ], [ -107.412016211882886, 27.043042666975747 ], [ -107.416364424812215, 27.034139037673565 ], [ -107.411517966259126, 27.025473811389997 ], [ -107.398578766280011, 27.016862338928615 ], [ -107.388789684043928, 27.017934574753149 ], [ -107.386505526756167, 27.020118469001467 ], [ -107.382752423798905, 27.016632773278509 ], [ -107.388307182378711, 27.00671945963035 ], [ -107.394817001516429, 27.001411232957416 ], [ -107.392115544689105, 26.989655727387927 ], [ -107.397428312449421, 26.985770403215323 ], [ -107.400002261444229, 26.979950457781108 ], [ -107.404024236116157, 26.984586533963455 ], [ -107.415635418738333, 26.988598936093865 ], [ -107.419668234999065, 26.999423523803774 ], [ -107.450841251995456, 27.000623725949421 ], [ -107.448885570857669, 26.989599466408933 ], [ -107.451650977658829, 26.987076276826166 ], [ -107.455690268432789, 26.986759173821564 ], [ -107.458714363552758, 26.990503013871866 ], [ -107.462528371946746, 26.991097327771904 ], [ -107.473777418275091, 26.984053272525294 ], [ -107.48078868872426, 26.985086688415066 ], [ -107.489610280117091, 26.979238958828368 ], [ -107.493530522044423, 26.962418841675579 ], [ -107.508247780885597, 26.940623042281775 ], [ -107.505136385583768, 26.927391987903516 ], [ -107.507425998002091, 26.91456116427873 ], [ -107.514879026660481, 26.908076024045616 ], [ -107.537006837378414, 26.900422828189122 ], [ -107.539360132017634, 26.896090002065176 ], [ -107.533234540262711, 26.879612398648959 ], [ -107.534607252848005, 26.869768232117273 ], [ -107.538527698633075, 26.864334878201742 ], [ -107.541814250080918, 26.852476193334798 ], [ -107.559368935577481, 26.843498501245239 ], [ -107.560644651770815, 26.834893701958421 ], [ -107.55452894977735, 26.829721851279761 ], [ -107.560581330759533, 26.815750438410099 ], [ -107.559860091407245, 26.810894717506418 ], [ -107.55686406236569, 26.808307665595244 ], [ -107.55917421353486, 26.80215995192972 ], [ -107.56645426760241, 26.79930647189024 ], [ -107.571640499100241, 26.790466392945362 ], [ -107.568689100080007, 26.784412971729321 ], [ -107.569487534078476, 26.776394300527304 ], [ -107.573525726750489, 26.77095806331609 ], [ -107.575645052630023, 26.761842888436806 ], [ -107.581458168489448, 26.759180181935381 ], [ -107.580912247804221, 26.751268210321175 ], [ -107.585548446241717, 26.744245915179619 ], [ -107.600715142643153, 26.746923102798334 ], [ -107.615747096522227, 26.7534801699361 ], [ -107.616436540109845, 26.76702673125213 ], [ -107.624877900298941, 26.768530650945554 ], [ -107.627577543685305, 26.766471276817114 ], [ -107.629529985473951, 26.768374765652482 ], [ -107.628255143869012, 26.784229781260191 ], [ -107.630070288962855, 26.79092325060973 ], [ -107.635197500239912, 26.795723493848115 ], [ -107.658704706340572, 26.796014538355234 ], [ -107.665953463939488, 26.787272640887796 ], [ -107.675272097337057, 26.782167787701091 ], [ -107.698305949006652, 26.774853621146001 ], [ -107.701710246669791, 26.783943264383428 ], [ -107.712339492830878, 26.79262999761443 ], [ -107.727787633597273, 26.783070529399698 ], [ -107.731700256536939, 26.785140114731973 ], [ -107.74195700986337, 26.797209953630031 ], [ -107.741322455808231, 26.807449735625443 ], [ -107.735680336043316, 26.811820058390431 ], [ -107.736158744146977, 26.816940905265763 ], [ -107.7614048472322, 26.806480709589842 ], [ -107.773646719659112, 26.80756629434401 ], [ -107.785411583655687, 26.8016308939842 ], [ -107.79103378895627, 26.807168600186529 ], [ -107.790884623122238, 26.812276840431807 ], [ -107.795679668342629, 26.811136228218533 ], [ -107.80130802489947, 26.813535356534977 ], [ -107.805596088208674, 26.811969409358767 ], [ -107.803159566118737, 26.80445276464425 ], [ -107.809789750896371, 26.79264836040899 ], [ -107.806004796450452, 26.78645209253645 ], [ -107.808712289920066, 26.777535244960841 ], [ -107.807012527041863, 26.769028139048299 ], [ -107.802988285405632, 26.760188905338257 ], [ -107.785273045048626, 26.743409969243441 ], [ -107.781615486804952, 26.736221892922543 ], [ -107.784945293697959, 26.722268392538059 ], [ -107.789602497839084, 26.717895680166968 ], [ -107.800118716944226, 26.720877568674435 ], [ -107.802568584356919, 26.719145302478225 ], [ -107.796494123321082, 26.695191360107849 ], [ -107.797368953521371, 26.684786662088758 ], [ -107.793589690676058, 26.678094149019671 ], [ -107.792405206487814, 26.657282084316194 ], [ -107.809425441321665, 26.643422636638338 ], [ -107.831923171701717, 26.642200068817008 ], [ -107.828019049679241, 26.636994875786588 ], [ -107.825590021787775, 26.626918240891204 ], [ -107.825351741915341, 26.623036724454732 ], [ -107.827675303305398, 26.622377675615763 ], [ -107.842086971350412, 26.630810048586138 ], [ -107.842200511381407, 26.636838517113208 ], [ -107.847932786859545, 26.646586167291318 ], [ -107.851110340453204, 26.647496178023907 ], [ -107.858330712596015, 26.642131920829897 ], [ -107.8703133695319, 26.640733003488542 ], [ -107.875956955208096, 26.623393406205185 ], [ -107.880234859368144, 26.623642543383035 ], [ -107.877675138761688, 26.617365721750055 ], [ -107.879525195896946, 26.602749857138029 ], [ -107.901280283561334, 26.601103859393707 ], [ -107.907862134125708, 26.620593126539138 ], [ -107.892443126175877, 26.638592442149729 ], [ -107.895250335534911, 26.643217371007484 ], [ -107.905515728494308, 26.647595560133965 ], [ -107.908924459057403, 26.664771881075435 ], [ -107.90488314111677, 26.671955683555026 ], [ -107.916256009002026, 26.671213227114492 ], [ -107.921145949562515, 26.673029931669397 ], [ -107.929936315944801, 26.695077144640436 ], [ -107.929443369421193, 26.701022595651999 ], [ -107.918921648649572, 26.7049867828073 ], [ -107.903876529194292, 26.704986260534405 ], [ -107.895066063517007, 26.708783756837132 ], [ -107.886980430897751, 26.721251527370868 ], [ -107.877430814653835, 26.728103302723266 ], [ -107.873261081780868, 26.737268328706516 ], [ -107.879982879215632, 26.744867196147663 ], [ -107.880087976032272, 26.761960751146507 ], [ -107.882776740971394, 26.76567727826577 ], [ -107.893425122418407, 26.764688023498501 ], [ -107.905171969656905, 26.767166212737525 ], [ -107.930144251416024, 26.756677917825758 ], [ -107.95202977617393, 26.766820656453007 ], [ -107.953270471922821, 26.761792446441238 ], [ -107.962323827324298, 26.77037696249182 ], [ -107.96269165137889, 26.767899652531632 ], [ -107.966363334835918, 26.766824797416021 ], [ -107.974439993963301, 26.768968218025105 ], [ -107.983865447731603, 26.746669356560691 ], [ -107.994143255563088, 26.752939147703575 ], [ -108.007602967093533, 26.752435223839566 ], [ -108.009437820520446, 26.747892626117999 ], [ -108.030020044070156, 26.801912766055359 ], [ -108.042881303440964, 26.810468858369468 ], [ -108.065787419431402, 26.84757053524601 ], [ -108.043088636313541, 26.878494666319991 ], [ -108.038306277747665, 26.896167418655356 ], [ -108.031271504109043, 26.892699823832441 ], [ -108.021344871930921, 26.883213606487686 ], [ -108.019873497379365, 26.879086487392737 ], [ -108.002725939986576, 26.889586408264957 ], [ -108.008245377795546, 26.915838931448064 ], [ -107.997829548066292, 26.914690940316685 ], [ -107.990600323516645, 26.918659340512164 ], [ -107.974057107368338, 26.920733861307728 ], [ -107.963641459401458, 26.915372236854132 ], [ -107.947464255908571, 26.922150050697741 ], [ -107.938756516662892, 26.933899287980058 ], [ -107.94166066459303, 26.940141154144857 ], [ -107.94099581677888, 26.945266104321991 ], [ -107.933803656307774, 26.948067955020385 ], [ -107.929493494331808, 26.94654611328815 ], [ -107.923768275342269, 26.940086626010466 ], [ -107.920914911111083, 26.946555730073687 ], [ -107.913191800571454, 26.946390617775219 ], [ -107.908697948035723, 26.949410085625281 ], [ -107.908113017189677, 26.951479943380772 ], [ -107.912690525674762, 26.954650506040426 ], [ -107.913001391902938, 26.959517370045287 ], [ -107.905692738785348, 26.962896952316612 ], [ -107.903548349677948, 26.958379676975678 ], [ -107.90102679498213, 26.962286034717675 ], [ -107.897378888253996, 26.973633398881066 ], [ -107.901745200472774, 26.979282872379823 ], [ -107.89016012349424, 26.983862658797765 ], [ -107.889634148650359, 26.990389346132826 ], [ -107.885109424771429, 26.99126232579264 ], [ -107.875060001372418, 27.00086023849326 ], [ -107.865986559824364, 27.000871943310784 ], [ -107.865217233703603, 27.00764879044689 ], [ -107.860224903375112, 27.010341914246144 ], [ -107.865689191719952, 27.015568439454423 ], [ -107.866720073928946, 27.019354922300629 ], [ -107.863667493266078, 27.029704953961659 ], [ -107.871479410990375, 27.03614502864383 ], [ -107.872875387449582, 27.039679987259081 ], [ -107.868540905442941, 27.045833584265221 ], [ -107.874266963984624, 27.052129990696795 ], [ -107.870306687029952, 27.058775029788926 ], [ -107.871654669199671, 27.067923633429718 ], [ -107.863661652029307, 27.075848767359322 ], [ -107.863605379276649, 27.080884701793657 ], [ -107.870534831037745, 27.094515240726711 ], [ -107.861893787770086, 27.099970755257957 ], [ -107.867620366511332, 27.106102133965557 ], [ -107.86635687251237, 27.112636464102639 ], [ -107.869600322029996, 27.125809977940548 ], [ -107.880322426618221, 27.138161804868858 ], [ -107.877338721493032, 27.144549221505454 ], [ -107.882054370351568, 27.148296596528365 ], [ -107.881471588578421, 27.150614013223905 ], [ -107.872670170772139, 27.153513195567808 ], [ -107.859408139527503, 27.153404115582731 ], [ -107.857404625733821, 27.150453270600224 ], [ -107.852371304117085, 27.150505447462422 ], [ -107.841248094691622, 27.144924358294205 ], [ -107.813549779612984, 27.139179915332171 ], [ -107.810494597460632, 27.140283764646604 ], [ -107.794328866669588, 27.133758675209858 ], [ -107.788178826691293, 27.132828975084323 ], [ -107.781961906021778, 27.136357366500757 ], [ -107.765971924376245, 27.133954674415392 ], [ -107.74707856320677, 27.124973816599464 ], [ -107.722646795114997, 27.145266178121229 ], [ -107.725547957442174, 27.151677937498327 ], [ -107.72382436357907, 27.161517983734946 ], [ -107.729060071261117, 27.17814406025504 ], [ -107.728001679190641, 27.182034054105383 ], [ -107.721813792824108, 27.188366566602596 ], [ -107.719471486497866, 27.197882205197565 ], [ -107.713148585103468, 27.203307601986534 ], [ -107.707261503639458, 27.214424834529943 ], [ -107.69364284177955, 27.226439206604301 ], [ -107.693953793244759, 27.247317878404711 ], [ -107.691755209064013, 27.251370883671473 ], [ -107.686100582681732, 27.252952958275991 ], [ -107.686861299623828, 27.25848652054464 ], [ -107.664274242776088, 27.273735319934346 ], [ -107.662796049455153, 27.305462876719741 ], [ -107.654216946494543, 27.315972357855422 ], [ -107.647691846658333, 27.316315605807645 ], [ -107.643400296325709, 27.321280852236715 ], [ -107.639445742756521, 27.317487961727046 ], [ -107.635875849314559, 27.317825086501134 ], [ -107.634175160820547, 27.324272367752709 ], [ -107.623606745117016, 27.330653014376498 ], [ -107.620056293718534, 27.336690359488099 ] ] ] } },
{ "type": "Feature", "properties": { "cve_edo": "08", "cve_mpo_ine": "009", "cve_edo_mpo_ine": "08009", "nom_mpo": "BOCOYNA", "nom_edo": "Chihuahua", "alianza_ganadora": "Va por México", "margen_pp": 20.636128443159336, "por_participacion": 61.5521521240223 }, "geometry": { "type": "Polygon", "coordinates": [ [ [ -107.703501904575077, 28.10774458028212 ], [ -107.673494298342206, 28.092027700178708 ], [ -107.670708679628504, 28.097140207075618 ], [ -107.66220177689469, 28.098415018542077 ], [ -107.658406719324162, 28.104762254553581 ], [ -107.65293276093756, 28.101339205799295 ], [ -107.646299150522879, 28.102706660570114 ], [ -107.643018781517782, 28.106905934194504 ], [ -107.637411555753275, 28.104639488474696 ], [ -107.628603281473829, 28.095984426536827 ], [ -107.62417668058194, 28.086445292305864 ], [ -107.615102732483521, 28.080186379578382 ], [ -107.617014245939728, 28.075317660101891 ], [ -107.614070350239317, 28.068185906828713 ], [ -107.600031972505121, 28.058007526092545 ], [ -107.596996874128351, 28.062703599964678 ], [ -107.59976931265949, 28.075625097067761 ], [ -107.598118538877145, 28.079006311126708 ], [ -107.571892161183882, 28.092820237549297 ], [ -107.550100698961174, 28.098469330056428 ], [ -107.544205968497195, 28.085939464041875 ], [ -107.544401828195419, 28.077420373612345 ], [ -107.533474809960566, 28.069240740950498 ], [ -107.532265245112725, 28.064517410486207 ], [ -107.525666324390514, 28.061825765621389 ], [ -107.532575892050119, 28.057322588896966 ], [ -107.530405039508452, 28.048125695024599 ], [ -107.525251377619611, 28.043896157552734 ], [ -107.525259007634716, 28.033521834382952 ], [ -107.531773593387243, 28.030439674916867 ], [ -107.531211499555454, 28.027555806366038 ], [ -107.523128687856726, 28.027191811059179 ], [ -107.515315257101719, 28.030651013059867 ], [ -107.510446513874271, 28.030369329670474 ], [ -107.500603740457905, 28.027571124728414 ], [ -107.492775543301562, 28.020208420465881 ], [ -107.483073398391383, 28.018717882584365 ], [ -107.476022406092994, 28.022263467497048 ], [ -107.475628409819706, 28.036737994173887 ], [ -107.467860108971337, 28.044425036291791 ], [ -107.457399319410243, 28.039546174472338 ], [ -107.460227068363153, 28.032305525465752 ], [ -107.453436571139989, 28.019518895365213 ], [ -107.461144610231116, 28.012751632599386 ], [ -107.46208810551245, 28.002268209663178 ], [ -107.461043601826475, 27.999146589754393 ], [ -107.438910267529621, 27.981338138589784 ], [ -107.436597862101067, 27.976498807510637 ], [ -107.452077253678155, 27.967088333579706 ], [ -107.452219700914029, 27.96065463763296 ], [ -107.443975215078254, 27.957201927157385 ], [ -107.424670973892461, 27.960221944455625 ], [ -107.401451195599321, 27.943408306702608 ], [ -107.408467699701418, 27.932280999338225 ], [ -107.405262170109054, 27.925719047391407 ], [ -107.376491722382085, 27.910115879581667 ], [ -107.372352278527245, 27.915025862815032 ], [ -107.364624906343664, 27.912552110755598 ], [ -107.365147248538207, 27.906279076910661 ], [ -107.362144732309758, 27.904579295715667 ], [ -107.356073457058741, 27.904891237009991 ], [ -107.351558710131172, 27.909639681806429 ], [ -107.348220570022562, 27.918334002222245 ], [ -107.34905111561153, 27.923932989791822 ], [ -107.340582041492169, 27.92163066315166 ], [ -107.318307391775065, 27.900338596556043 ], [ -107.317026984911095, 27.889465973573408 ], [ -107.298965236912167, 27.883878294586115 ], [ -107.295321125769874, 27.880616578618987 ], [ -107.28328838880482, 27.855007591690061 ], [ -107.288227164373652, 27.836979345953324 ], [ -107.29011667985452, 27.813951072381055 ], [ -107.295830203379779, 27.806553467401621 ], [ -107.29523555684284, 27.79987939246768 ], [ -107.290934960955212, 27.79390249246601 ], [ -107.273076704264028, 27.784102407540274 ], [ -107.260787812483755, 27.782327294529299 ], [ -107.255774146085187, 27.778253042220918 ], [ -107.255591879742681, 27.774213700789915 ], [ -107.250370315238101, 27.772862847514119 ], [ -107.239090167648939, 27.763570825871817 ], [ -107.240322552351188, 27.754486861426845 ], [ -107.259357113288559, 27.743414575987387 ], [ -107.271190901575906, 27.731256808695264 ], [ -107.270721093103901, 27.72449875997637 ], [ -107.273085013864176, 27.72530004037943 ], [ -107.280954095986971, 27.721592967522689 ], [ -107.28925463445421, 27.722004711074391 ], [ -107.289857689423357, 27.704102350587455 ], [ -107.284340922912051, 27.699291771993074 ], [ -107.271767283390261, 27.694303577755093 ], [ -107.268826503701277, 27.687817337164898 ], [ -107.270613198548446, 27.683016276531887 ], [ -107.279421412362694, 27.684495878215152 ], [ -107.28296639030043, 27.681491561876793 ], [ -107.288683608948148, 27.683166317883341 ], [ -107.295817732907139, 27.68020816067666 ], [ -107.305855802208995, 27.689508441677326 ], [ -107.324546863067255, 27.681482869828582 ], [ -107.322447279414774, 27.673504783880425 ], [ -107.30253065252343, 27.65304430077358 ], [ -107.301138164380831, 27.64606451326037 ], [ -107.301869903674614, 27.634519115258165 ], [ -107.310708799639499, 27.637175920320065 ], [ -107.321874039754292, 27.633285816924342 ], [ -107.320214333633189, 27.614447683847029 ], [ -107.317099038951625, 27.606017374772385 ], [ -107.320684964242346, 27.606497497904694 ], [ -107.321878250089654, 27.59634362935828 ], [ -107.324228858258635, 27.596993863738238 ], [ -107.324507985650925, 27.604583709313211 ], [ -107.329328268943115, 27.604728367478508 ], [ -107.334448587409511, 27.609660343240591 ], [ -107.341236557090426, 27.60635600844946 ], [ -107.34234277778539, 27.602059430248374 ], [ -107.35308702985273, 27.603216775146301 ], [ -107.361623680348757, 27.615197603122958 ], [ -107.368289828371104, 27.613461897735444 ], [ -107.368529430989199, 27.608338988928615 ], [ -107.372604326893779, 27.608255885461748 ], [ -107.375933946477417, 27.605280840569957 ], [ -107.383591868066816, 27.606601474450287 ], [ -107.38507064148628, 27.604700748116311 ], [ -107.38557760111523, 27.612880647349296 ], [ -107.390155650771803, 27.618332850508448 ], [ -107.394354344369219, 27.618249052644977 ], [ -107.398668565095079, 27.613538052232357 ], [ -107.402635739385033, 27.622377640733109 ], [ -107.417998354031411, 27.623858558450749 ], [ -107.429610369768454, 27.648226712943316 ], [ -107.427526188488443, 27.656077148899062 ], [ -107.428892266551671, 27.659629206142583 ], [ -107.432228492499505, 27.659957767223247 ], [ -107.43187588986531, 27.668716074380402 ], [ -107.441298470041488, 27.683995407958584 ], [ -107.448839991554593, 27.685807836245587 ], [ -107.454167481152012, 27.692000529702621 ], [ -107.458371274714239, 27.692988697467275 ], [ -107.464909302452654, 27.688191254446181 ], [ -107.468246043639937, 27.688353639952968 ], [ -107.482600481848351, 27.696437268516828 ], [ -107.505848629198709, 27.702195972353721 ], [ -107.53307139735881, 27.672667250131592 ], [ -107.536529179403502, 27.672166904876502 ], [ -107.554088484808943, 27.677181708196709 ], [ -107.558308585567531, 27.683206446219966 ], [ -107.554510810138467, 27.693374087508293 ], [ -107.571722393422831, 27.704004793274066 ], [ -107.577274937776195, 27.701517170650533 ], [ -107.580833863852575, 27.694323613611044 ], [ -107.586288948614893, 27.699519094891315 ], [ -107.588508597733693, 27.698193391070152 ], [ -107.587625666670846, 27.693072759776921 ], [ -107.605276247115285, 27.687836285438632 ], [ -107.606988155970598, 27.682958821756465 ], [ -107.603009911898724, 27.676191766272481 ], [ -107.610661089773487, 27.673864299408475 ], [ -107.620052054540636, 27.674341922175856 ], [ -107.626092239755437, 27.670860180939911 ], [ -107.641693801373322, 27.648770368248559 ], [ -107.667062112626809, 27.630870580678184 ], [ -107.671967862220441, 27.622845984559046 ], [ -107.68255748182608, 27.615964450530875 ], [ -107.685118224496293, 27.608523310871458 ], [ -107.694210404107025, 27.598505358625545 ], [ -107.708759070339696, 27.594421090282719 ], [ -107.721656701794842, 27.580591762613757 ], [ -107.731139161524055, 27.576022947085558 ], [ -107.739710705519073, 27.561790775826033 ], [ -107.749539687513504, 27.552841637784553 ], [ -107.747649643694729, 27.544751271478397 ], [ -107.755364631151195, 27.532833826857779 ], [ -107.754120848203144, 27.530772141310116 ], [ -107.76581818934315, 27.526195028970989 ], [ -107.783077764551933, 27.54912360823614 ], [ -107.783904501685427, 27.560763668923759 ], [ -107.797908095965624, 27.569601550740753 ], [ -107.802921734788413, 27.580060460274886 ], [ -107.815972000279928, 27.59270079291402 ], [ -107.820918291925153, 27.609931204681281 ], [ -107.819091540042407, 27.612997916383048 ], [ -107.820388872352666, 27.621083375600598 ], [ -107.822633317424589, 27.624042788333064 ], [ -107.827451568584024, 27.624756641688371 ], [ -107.837993036468291, 27.631298425119223 ], [ -107.84030130664658, 27.642102550944337 ], [ -107.84342066694947, 27.646294853280565 ], [ -107.84652485833719, 27.648587748153403 ], [ -107.865150819726964, 27.647230907318939 ], [ -107.891144433841148, 27.630044591463285 ], [ -107.89304157643241, 27.634045986846079 ], [ -107.888253010746993, 27.64499253360858 ], [ -107.892795613680022, 27.675309414749481 ], [ -107.880211112446617, 27.685292927588932 ], [ -107.877635524254345, 27.692698250153338 ], [ -107.870458775268119, 27.691650604686934 ], [ -107.866029339356075, 27.699883091303438 ], [ -107.861870826790792, 27.716745464814647 ], [ -107.86611493808438, 27.730049304203252 ], [ -107.861052721577067, 27.733844889595126 ], [ -107.852255616782401, 27.729430973366263 ], [ -107.852054156376354, 27.746282115976165 ], [ -107.847226468525093, 27.745720120225467 ], [ -107.834873400305597, 27.754137886805623 ], [ -107.833521386624327, 27.757758239058074 ], [ -107.846558292108512, 27.77325830314814 ], [ -107.860878899179767, 27.781766399221858 ], [ -107.858360581477072, 27.788595988020315 ], [ -107.860610950150047, 27.796316035119819 ], [ -107.849488846966835, 27.803663262829101 ], [ -107.852836829020433, 27.805462152068362 ], [ -107.856793980000376, 27.803724735586542 ], [ -107.860534038299534, 27.812673424824485 ], [ -107.860826241457659, 27.828125547314333 ], [ -107.862943949341272, 27.832393585361427 ], [ -107.861237333374575, 27.841768965537309 ], [ -107.853201916297436, 27.847134993509815 ], [ -107.852838956315694, 27.85017731439488 ], [ -107.840839722762439, 27.855964990606413 ], [ -107.844830299756921, 27.865570891270302 ], [ -107.840386712578677, 27.871501540588504 ], [ -107.835553657777623, 27.871021749487568 ], [ -107.827859945223139, 27.86627523884178 ], [ -107.825029164084611, 27.873434068796371 ], [ -107.835603908227043, 27.889598221475143 ], [ -107.831416024000873, 27.89898025289429 ], [ -107.836897402635984, 27.909486341713141 ], [ -107.835565386129502, 27.92091543713115 ], [ -107.84082103693774, 27.938737356829922 ], [ -107.853985063044291, 27.946754578975515 ], [ -107.859463275908297, 27.954546942121258 ], [ -107.858743691223182, 27.962686424941907 ], [ -107.851188045301257, 27.965421206315078 ], [ -107.851574244848791, 27.97026961708325 ], [ -107.863383924440114, 27.979933451386501 ], [ -107.873651788435041, 27.996605449688861 ], [ -107.870149182845893, 28.000623925426904 ], [ -107.873400181570261, 28.018864260006865 ], [ -107.868971946616369, 28.035557445395082 ], [ -107.872430799999094, 28.04712392365478 ], [ -107.86623234363536, 28.056220433806821 ], [ -107.867102670075909, 28.066199643893501 ], [ -107.860363551664321, 28.068698440140373 ], [ -107.84808880477577, 28.062718918939417 ], [ -107.83892822717597, 28.04795656795077 ], [ -107.826925867717222, 28.050135188356027 ], [ -107.823699558542188, 28.046481287850771 ], [ -107.809982003320499, 28.042943718350042 ], [ -107.806449920637007, 28.038303892917952 ], [ -107.804489404050372, 28.042504211862074 ], [ -107.806421539881811, 28.053678898312185 ], [ -107.797914437770913, 28.055954254343739 ], [ -107.790105207047972, 28.046074338150721 ], [ -107.788792798547831, 28.035977502673813 ], [ -107.778182998987717, 28.035098357864538 ], [ -107.773052047929937, 28.036809791798618 ], [ -107.758954408875681, 28.034505656455124 ], [ -107.743054517703698, 28.040544515492456 ], [ -107.726113868130568, 28.052531416166619 ], [ -107.723827474233588, 28.058226402028552 ], [ -107.727760994583178, 28.067841888972918 ], [ -107.720705534552962, 28.076737316813681 ], [ -107.72106098281472, 28.079634141619913 ], [ -107.713947949442499, 28.078355350247374 ], [ -107.71231315152049, 28.07991808188838 ], [ -107.71309277883509, 28.093983429930375 ], [ -107.70763884546362, 28.105864627147209 ], [ -107.703501904575077, 28.10774458028212 ] ] ] } },
{ "type": "Feature", "properties": { "cve_edo": "08", "cve_mpo_ine": "010", "cve_edo_mpo_ine": "08010", "nom_mpo": "BUENAVENTURA", "nom_edo": "Chihuahua", "alianza_ganadora": "Va por México", "margen_pp": 36.065924657534246, "por_participacion": 48.309378554441111 }, "geometry": { "type": "Polygon", "coordinates": [ [ [ -107.145019054646767, 30.850846837764699 ], [ -107.13701645284722, 30.849141812465991 ], [ -107.132467094985913, 30.845310062863827 ], [ -107.089429640542534, 30.843428764508094 ], [ -107.083551881551273, 30.837145705740898 ], [ -107.078696143890724, 30.819916995152841 ], [ -107.082681157596213, 30.813246766736427 ], [ -107.09018506243433, 30.807336414700178 ], [ -107.092817673636347, 30.783579201537371 ], [ -107.089720802564997, 30.773534126304831 ], [ -107.091394278195736, 30.749588308778716 ], [ -107.087459045864804, 30.744506467276143 ], [ -107.088849176347409, 30.735822019991634 ], [ -107.096237181199143, 30.725171765401583 ], [ -107.095059195861666, 30.715503687634399 ], [ -107.104445276339462, 30.695126457902742 ], [ -107.103967064251918, 30.674518727381091 ], [ -107.101651923627443, 30.670644285266892 ], [ -107.103001918014598, 30.660311075091972 ], [ -107.109848240573754, 30.653999619559464 ], [ -107.097031940807113, 30.608260715407859 ], [ -107.0750753645749, 30.592787502053209 ], [ -107.086075743921697, 30.573825269286143 ], [ -107.086190086809111, 30.564957876189219 ], [ -107.084788269763592, 30.55921074638059 ], [ -107.074643511236673, 30.545994667832595 ], [ -107.075487584601291, 30.541237369918434 ], [ -107.093169226123365, 30.523183680406021 ], [ -107.093060456322348, 30.518443747899632 ], [ -107.073669451779537, 30.51714836919 ], [ -107.067888491593052, 30.514160758287812 ], [ -107.061053613668605, 30.506656136523855 ], [ -107.055832678998854, 30.492799678507065 ], [ -107.057284413593308, 30.49057414071007 ], [ -107.093034033057293, 30.475766760435189 ], [ -107.135494663563151, 30.459931677632984 ], [ -107.14340207025171, 30.458959372897635 ], [ -107.145491165494988, 30.4533537196961 ], [ -107.139562876688842, 30.443980712878073 ], [ -107.140330988896665, 30.436131911206743 ], [ -107.128876149767521, 30.434489724206067 ], [ -107.121451755493112, 30.428854665167556 ], [ -107.12577471428844, 30.382798196578058 ], [ -107.144961126031149, 30.376462061299701 ], [ -107.117298585627736, 30.317597967306217 ], [ -107.070270829166432, 30.325055225753136 ], [ -107.041391149169471, 30.336914602396249 ], [ -107.017325998053295, 30.323116285282261 ], [ -107.012589725681124, 30.309385877374574 ], [ -106.995607419191913, 30.300406381336789 ], [ -106.985908947370405, 30.291297717456047 ], [ -106.97701866373572, 30.290215404890446 ], [ -106.971400472086543, 30.294024222747939 ], [ -106.950278036299977, 30.298512373509773 ], [ -106.94275431168316, 30.302146524916001 ], [ -106.911126174026677, 30.289075748452269 ], [ -106.895683105596746, 30.277376469808072 ], [ -106.868136328779556, 30.277422634973298 ], [ -106.876639531396407, 30.259755569148975 ], [ -106.850546234114276, 30.253175632590469 ], [ -106.851045535764769, 30.246569306282939 ], [ -106.845507870569477, 30.238824712758571 ], [ -106.806355678029902, 30.227706216747471 ], [ -106.805669901121448, 30.225036693318184 ], [ -106.816143968457368, 30.210640743963943 ], [ -106.820934269151181, 30.196954558823911 ], [ -106.815426438601051, 30.190445200769915 ], [ -106.79533954748301, 30.182519523308372 ], [ -106.766874412114419, 30.166474897055114 ], [ -106.762212997924294, 30.154382448900549 ], [ -106.795792713945985, 30.108899752712698 ], [ -106.786418997524407, 30.033373431794502 ], [ -106.787893584984417, 30.027988811058648 ], [ -106.777734312081733, 30.008972807801214 ], [ -106.780132178799022, 30.002336464464673 ], [ -106.779033643076602, 29.994518118742779 ], [ -106.791953848150655, 29.976992484320007 ], [ -106.79119439147162, 29.9704060603963 ], [ -106.780122296132589, 29.952847873178101 ], [ -106.746047437791546, 29.920182266765899 ], [ -106.744831801084388, 29.905972864290046 ], [ -106.687042548697519, 29.885616773420544 ], [ -106.649448368579911, 29.882259738361476 ], [ -106.626877827432637, 29.872280702194239 ], [ -106.633927689073275, 29.860835803747516 ], [ -106.649894496222245, 29.854414431198968 ], [ -106.654789789456331, 29.846093488700163 ], [ -106.64486539347341, 29.820050938528155 ], [ -106.617828871807518, 29.788276717277959 ], [ -106.617119102662656, 29.783750254769267 ], [ -106.623578049578072, 29.774789058675896 ], [ -106.632588384696845, 29.767646221575667 ], [ -106.662301491618237, 29.755660281701342 ], [ -106.662883065461656, 29.752970846881112 ], [ -106.628357509587772, 29.706461446910168 ], [ -106.593514951344645, 29.694385401764375 ], [ -106.597221105229181, 29.672060494365397 ], [ -106.479452893445526, 29.571201393622239 ], [ -106.523412850199321, 29.566987005238559 ], [ -106.5548890467701, 29.56651989034512 ], [ -106.650218851493534, 29.571513746275869 ], [ -106.65852136438096, 29.569510030044647 ], [ -106.69067947816329, 29.551416928230829 ], [ -106.706521329856287, 29.546828227439452 ], [ -106.737391164480954, 29.553422655341258 ], [ -106.741162708196413, 29.552336830314022 ], [ -106.748407250432734, 29.540172468774028 ], [ -106.746218252449978, 29.529525635179027 ], [ -106.748089516755087, 29.525968018976371 ], [ -106.760106162873342, 29.520421523327411 ], [ -106.761670760129348, 29.523775524963138 ], [ -106.759936502027031, 29.529562648958724 ], [ -106.774715804798802, 29.540661525455121 ], [ -106.786569892876457, 29.54516207025419 ], [ -106.807971926356586, 29.545909698724348 ], [ -106.836822251179214, 29.550588798741639 ], [ -106.849377802055457, 29.544922634682141 ], [ -106.865371608572744, 29.524705846832166 ], [ -106.872149992045905, 29.521786948070734 ], [ -106.885104583259249, 29.520658147027014 ], [ -106.902235133518872, 29.523391141535154 ], [ -106.916314645737017, 29.521098116772421 ], [ -106.919958543395083, 29.520255664075091 ], [ -106.922449425582428, 29.516197643895545 ], [ -106.921294053055689, 29.512569393628063 ], [ -106.925300771708891, 29.509495139051349 ], [ -106.959112589080306, 29.504462658010183 ], [ -106.947915129072712, 29.523510885436036 ], [ -106.954272343925965, 29.533307769172144 ], [ -106.958829951986829, 29.537332239853679 ], [ -106.962733515552117, 29.537643504722045 ], [ -106.963397987505118, 29.542842980527229 ], [ -106.97131784892153, 29.54148256027079 ], [ -106.9970270467646, 29.54630732050822 ], [ -107.009449364420476, 29.541039991409555 ], [ -107.029191905640147, 29.538787719966955 ], [ -107.039143080022626, 29.539972313174371 ], [ -107.047423277803176, 29.536540924112984 ], [ -107.060127611066761, 29.535726755883299 ], [ -107.048767196352628, 29.547764373536612 ], [ -107.048831346526043, 29.556187235926714 ], [ -107.045215072169043, 29.560666544087876 ], [ -107.04524704692318, 29.564877948026499 ], [ -107.05774015751534, 29.568854640987812 ], [ -107.072704474737051, 29.566787679450005 ], [ -107.078065732718073, 29.569444309254614 ], [ -107.080950238726331, 29.574750223874474 ], [ -107.084479713164683, 29.575307735732412 ], [ -107.100707119420221, 29.573725694967891 ], [ -107.1148014863264, 29.55786871668759 ], [ -107.100320276496717, 29.557129807942879 ], [ -107.091344017058589, 29.552228150469993 ], [ -107.094210800660761, 29.548742984348763 ], [ -107.109918812165617, 29.545759237148587 ], [ -107.137998188390753, 29.532540299245635 ], [ -107.169456912727497, 29.532638114044378 ], [ -107.187263766344813, 29.51847023090167 ], [ -107.204788748347511, 29.523787611377404 ], [ -107.215112758416808, 29.522746336987741 ], [ -107.223987836401207, 29.526395695088951 ], [ -107.246234339389886, 29.526886858905289 ], [ -107.266482991418542, 29.535611267549793 ], [ -107.271774212361748, 29.534841942798863 ], [ -107.271401506117826, 29.506677024221563 ], [ -107.274967425475737, 29.503246559139257 ], [ -107.281195584360859, 29.507441934868567 ], [ -107.289041873696206, 29.50347837304172 ], [ -107.297970233611267, 29.503159354834793 ], [ -107.321721930827223, 29.513068183643149 ], [ -107.355787484962292, 29.513001711472963 ], [ -107.376671235533806, 29.515922708638445 ], [ -107.401013568844121, 29.51501708210138 ], [ -107.393542888797583, 29.524802274864719 ], [ -107.391855813975113, 29.540474840107947 ], [ -107.398058929199124, 29.548625490482355 ], [ -107.407016153849909, 29.553718211833338 ], [ -107.407410503985233, 29.557180918263452 ], [ -107.403026060813005, 29.561149352500692 ], [ -107.395095686374731, 29.560424905291409 ], [ -107.390456998287036, 29.563981179916926 ], [ -107.383523072822953, 29.561109710171714 ], [ -107.388333062409131, 29.567202024484136 ], [ -107.397763644227084, 29.565779358791492 ], [ -107.389477986750435, 29.569838507656545 ], [ -107.385399203564177, 29.585598629558518 ], [ -107.3812536784543, 29.587256830592523 ], [ -107.380944771837434, 29.60201919976198 ], [ -107.384405357842937, 29.615206582005271 ], [ -107.382531671082901, 29.618344371353377 ], [ -107.385854007996073, 29.62872806253041 ], [ -107.384886837994813, 29.637224272382358 ], [ -107.387933976048515, 29.6424954955014 ], [ -107.389391248107728, 29.657583687416768 ], [ -107.395107428576253, 29.667631775138975 ], [ -107.404337616964298, 29.674785059350747 ], [ -107.411275950650619, 29.676830278960932 ], [ -107.416350522136312, 29.683910040667552 ], [ -107.417939486444439, 29.699079715814211 ], [ -107.421477029940647, 29.700967670314714 ], [ -107.422158778099515, 29.711026659434395 ], [ -107.435244790220466, 29.731279490421393 ], [ -107.436592339934904, 29.74768623329539 ], [ -107.434229688833256, 29.753794714170269 ], [ -107.440979586488055, 29.766558731163794 ], [ -107.442931782193583, 29.777850938153122 ], [ -107.440425525731584, 29.780743853099761 ], [ -107.441576397699578, 29.783709440737358 ], [ -107.508643781584013, 29.781038892784853 ], [ -107.49070089072012, 29.838652212937134 ], [ -107.494027395034024, 29.846393150924147 ], [ -107.498592921215661, 29.850254471233228 ], [ -107.506176580476961, 29.852374322534114 ], [ -107.518986359518266, 29.862887329433072 ], [ -107.52593933162747, 29.864843134052265 ], [ -107.556453194622833, 29.861026422471589 ], [ -107.577933551302593, 29.846682620971336 ], [ -107.588080968722409, 29.854477479739085 ], [ -107.603126036279875, 29.858706665650189 ], [ -107.602579112214286, 29.870582301937148 ], [ -107.586563799460791, 29.890516277229139 ], [ -107.581892491245924, 29.908674283281186 ], [ -107.567002328200303, 29.909719673199127 ], [ -107.562861111273605, 29.913445449707176 ], [ -107.578143900470906, 29.932682990841709 ], [ -107.533285235266135, 29.960037486527572 ], [ -107.525344875575044, 29.969897419548101 ], [ -107.536347885567295, 30.003470239868609 ], [ -107.525753060670681, 30.055649103323574 ], [ -107.511840870183889, 30.055122747759892 ], [ -107.500580472827423, 30.059280035502002 ], [ -107.487561395804093, 30.06862760040476 ], [ -107.475323883759629, 30.071772734726341 ], [ -107.459417468956275, 30.067572125878797 ], [ -107.454899986577431, 30.063956014769104 ], [ -107.450575047320314, 30.236393813285403 ], [ -107.460275661887138, 30.244229923022854 ], [ -107.463629520172233, 30.251374627040761 ], [ -107.463040518857298, 30.264993167208647 ], [ -107.473203883086853, 30.278178355014351 ], [ -107.473051876444401, 30.28436613424153 ], [ -107.460940490119413, 30.30523723382283 ], [ -107.448557768039763, 30.316011541938789 ], [ -107.447628619424748, 30.328812520056864 ], [ -107.436151001377965, 30.350080569940964 ], [ -107.433645044530778, 30.375283586359153 ], [ -107.429760200708571, 30.384229283570491 ], [ -107.416757846989597, 30.396044616729803 ], [ -107.417193168049224, 30.400570937876036 ], [ -107.432709100644516, 30.411998210923603 ], [ -107.439776207301875, 30.427517750031171 ], [ -107.459513655637906, 30.454314135105196 ], [ -107.452355089372162, 30.471369374531967 ], [ -107.430194736666181, 30.509147646550097 ], [ -107.459379036702714, 30.544403429354229 ], [ -107.449981651521952, 30.549137121333114 ], [ -107.433821733194492, 30.550301425468692 ], [ -107.434395455823179, 30.559978345989169 ], [ -107.437732646602655, 30.56609275114041 ], [ -107.431204693783954, 30.571383336698535 ], [ -107.425212854844958, 30.572951745720143 ], [ -107.420181424691449, 30.586868738855287 ], [ -107.425982028318927, 30.590045927159043 ], [ -107.427036459539153, 30.605897207566269 ], [ -107.448101000660984, 30.621534033520216 ], [ -107.440984427580133, 30.628692903618379 ], [ -107.444603797185337, 30.633358035013757 ], [ -107.45564668578146, 30.630445005367307 ], [ -107.473350643717879, 30.638933423082602 ], [ -107.493082440711333, 30.663454839939359 ], [ -107.503756082265369, 30.670234164006832 ], [ -107.514902654088715, 30.671024291551298 ], [ -107.538586979715816, 30.745749782874189 ], [ -107.465270167585189, 30.751864949245512 ], [ -107.443043361554388, 30.76532275185393 ], [ -107.414730509429731, 30.765504850994951 ], [ -107.405293724631193, 30.769618328801435 ], [ -107.391426486881869, 30.786810088982506 ], [ -107.385922541896264, 30.795375910499512 ], [ -107.384537224977819, 30.803238045811938 ], [ -107.352698622904612, 30.815230086679115 ], [ -107.310843280478409, 30.771755812068534 ], [ -107.293115680328242, 30.775409060255274 ], [ -107.263427077465224, 30.758887132349816 ], [ -107.259595372114049, 30.771125694759558 ], [ -107.24911335823144, 30.784731664115796 ], [ -107.244067629055962, 30.799467464997207 ], [ -107.224670856801708, 30.813245806326716 ], [ -107.212650481525841, 30.803377180557888 ], [ -107.205998933454168, 30.804742552937576 ], [ -107.191595912714575, 30.801514824152161 ], [ -107.176125282389677, 30.793564165102289 ], [ -107.167519258528756, 30.832897905243687 ], [ -107.158392490234277, 30.837400266367393 ], [ -107.153814661264761, 30.845733157977275 ], [ -107.145019054646767, 30.850846837764699 ] ] ] } },
{ "type": "Feature", "properties": { "cve_edo": "08", "cve_mpo_ine": "011", "cve_edo_mpo_ine": "08011", "nom_mpo": "CAMARGO", "nom_edo": "Chihuahua", "alianza_ganadora": "Va por México", "margen_pp": 56.825443641547459, "por_participacion": 51.416656135473268 }, "geometry": { "type": "Polygon", "coordinates": [ [ [ -104.083028847463652, 28.782219760959951 ], [ -104.079015672091757, 28.781085219527984 ], [ -104.055011949532911, 28.757269229621922 ], [ -104.06087911061735, 28.756496214127782 ], [ -104.062495250177648, 28.743692137422194 ], [ -104.086493832486426, 28.720368567252027 ], [ -104.085480083068262, 28.719053111059672 ], [ -104.078193361926949, 28.715376847361821 ], [ -104.068123735807362, 28.720300319946357 ], [ -104.051902763739932, 28.722612715573533 ], [ -104.045265596930932, 28.721242892619593 ], [ -104.037588460846393, 28.715915381560642 ], [ -104.03235658363478, 28.717509843304352 ], [ -103.98235087888861, 28.689349786649228 ], [ -103.963914310902538, 28.681673088275495 ], [ -103.957817377470803, 28.684176603937797 ], [ -103.955490966667696, 28.675931652553725 ], [ -103.929166638237305, 28.652104660130757 ], [ -103.919429027732079, 28.652392833849021 ], [ -103.872944270888127, 28.663143003047267 ], [ -103.861249679542837, 28.653776030795918 ], [ -103.858143939554665, 28.670297372115229 ], [ -103.873835155912019, 28.693848121150943 ], [ -103.878602494924507, 28.710505040726158 ], [ -103.878293842314179, 28.718100757707028 ], [ -103.852160944192761, 28.70119253178877 ], [ -103.820671525535616, 28.700312077591523 ], [ -103.794383891165552, 28.693629511089529 ], [ -103.781153798710108, 28.695074353749934 ], [ -103.773094777136492, 28.686761776344913 ], [ -103.769663275912819, 28.679095273756964 ], [ -103.771698699831376, 28.667697624125786 ], [ -103.770397734592493, 28.660932686850956 ], [ -103.774837011806525, 28.653655025642895 ], [ -103.729608411276232, 28.633066593822623 ], [ -103.719324968970312, 28.609403464614775 ], [ -103.682005802256498, 28.591337621018702 ], [ -103.655599539933291, 28.617647475355554 ], [ -103.658011397338129, 28.604930274105435 ], [ -103.644762839552882, 28.582919494334927 ], [ -103.64213925120778, 28.582429763959976 ], [ -103.636801503202179, 28.586733190988216 ], [ -103.63140354705034, 28.581708998182062 ], [ -103.619915729078841, 28.580411038745069 ], [ -103.616492962404791, 28.571833046877781 ], [ -103.606490859402754, 28.568467542826543 ], [ -103.586672750343197, 28.571639269878037 ], [ -103.621825908704935, 28.51090545921419 ], [ -103.739741182382261, 28.335203332066065 ], [ -103.797301256505762, 28.243652940095437 ], [ -103.825006137838699, 28.186059615867538 ], [ -103.830940041150981, 28.17772807419087 ], [ -103.959012286107011, 27.897512131009425 ], [ -103.985667966546515, 27.850679514455734 ], [ -103.904375942499072, 27.74119360903725 ], [ -103.875389254053118, 27.575577601399115 ], [ -103.893165450403501, 27.58222990904067 ], [ -103.902563111826211, 27.577194683431152 ], [ -103.917268203099596, 27.57431886489961 ], [ -103.943993316671254, 27.542978177275835 ], [ -103.944673630040754, 27.531639550051604 ], [ -103.968290709129306, 27.570491010772006 ], [ -103.975079428469726, 27.575299636182109 ], [ -103.979172193641247, 27.559822620371218 ], [ -103.991754810878618, 27.576971136939381 ], [ -103.999661413934646, 27.576646759925122 ], [ -104.000768368473359, 27.582360002520687 ], [ -104.006200452752367, 27.586917669183613 ], [ -104.005945874198204, 27.596189653073939 ], [ -104.013600891130579, 27.603646336060834 ], [ -104.025957405131706, 27.603737643390097 ], [ -104.053639534583724, 27.595308343643495 ], [ -104.090830022487509, 27.60384711173403 ], [ -104.104546776057703, 27.611134298646672 ], [ -104.101086148861512, 27.603434608842161 ], [ -104.103309761010664, 27.595238704075005 ], [ -104.097625921479477, 27.589194499880211 ], [ -104.125171269807339, 27.564937836427976 ], [ -104.144312916374034, 27.554420660618639 ], [ -104.144313787620703, 27.556324837305983 ], [ -104.152465898312116, 27.556405613687097 ], [ -104.158520772292647, 27.560791705032393 ], [ -104.183846632455811, 27.5655831870036 ], [ -104.1923737874328, 27.569800997526965 ], [ -104.201762009419099, 27.569547040763119 ], [ -104.20472968569068, 27.572442833120075 ], [ -104.218690901513455, 27.573923309298156 ], [ -104.228569781039468, 27.570521101246879 ], [ -104.240294658668404, 27.562314592004512 ], [ -104.258303663907768, 27.54507630884985 ], [ -104.263130425697724, 27.551528990141595 ], [ -104.267949938494581, 27.553096736870284 ], [ -104.277084437529396, 27.549691883570159 ], [ -104.284376492647993, 27.552498076521097 ], [ -104.288691618849668, 27.548021911587266 ], [ -104.294995012815903, 27.550414827916395 ], [ -104.304184788292744, 27.576565062324125 ], [ -104.307524429803976, 27.578630280834833 ], [ -104.310011012209671, 27.586657691223554 ], [ -104.321774356322649, 27.599142361828925 ], [ -104.321913818874521, 27.606924657862415 ], [ -104.328700712307253, 27.602278011927748 ], [ -104.334490767462839, 27.594072506120131 ], [ -104.333740722061137, 27.590016835897888 ], [ -104.34606498963835, 27.576170420405219 ], [ -104.352732872766893, 27.574751665717045 ], [ -104.35197750607982, 27.568709043038162 ], [ -104.347764205555336, 27.56300344165837 ], [ -104.348740194446876, 27.557703016591624 ], [ -104.370949769577223, 27.547894056274878 ], [ -104.373780865305321, 27.544080266123874 ], [ -104.385251941603826, 27.538345527738354 ], [ -104.404241656901647, 27.532193222797158 ], [ -104.412878915145669, 27.52545560627491 ], [ -104.419919033721001, 27.525854223376523 ], [ -104.428059922207652, 27.522772611216507 ], [ -104.440493536530468, 27.510572993412879 ], [ -104.444166702805276, 27.500877230996078 ], [ -104.448364215529551, 27.500784360001056 ], [ -104.453139287538818, 27.488601792002452 ], [ -104.465315910216503, 27.475324061224537 ], [ -104.495167412719724, 27.470028853922525 ], [ -104.505536149356644, 27.470248286670991 ], [ -104.511080619026188, 27.467665789252912 ], [ -104.514820219053036, 27.477342220110661 ], [ -104.520385359017837, 27.480058284384857 ], [ -104.528816392195623, 27.489472104864827 ], [ -104.542730788277652, 27.480736071416139 ], [ -104.548732282442259, 27.469374175083328 ], [ -104.55524854455993, 27.463309363756121 ], [ -104.558956370767945, 27.464539453493643 ], [ -104.569307636578387, 27.460779913030127 ], [ -104.573727190654211, 27.455383468032068 ], [ -104.589481091899799, 27.445808500352502 ], [ -104.629705969409642, 27.444919298024132 ], [ -104.634531144291088, 27.447467988918323 ], [ -104.637983141865277, 27.446792583231261 ], [ -104.637346356314794, 27.442820676094577 ], [ -104.62795091003953, 27.439295546347047 ], [ -104.617035285195357, 27.427329898115158 ], [ -104.615811838214498, 27.403488382169343 ], [ -104.623228563290539, 27.40669040837162 ], [ -104.633213587288708, 27.405245696744853 ], [ -104.647781188209521, 27.407508606521681 ], [ -104.649993692131773, 27.405926871480343 ], [ -104.653673345899932, 27.40177261464941 ], [ -104.651049456747273, 27.395158905999878 ], [ -104.653280712537182, 27.37304283037448 ], [ -104.665204086091677, 27.365543833507353 ], [ -104.684993141716745, 27.399494108071409 ], [ -104.697208806752499, 27.400188357493246 ], [ -104.70413337460279, 27.403222585138359 ], [ -104.727539627764529, 27.397738846226183 ], [ -104.728948898019837, 27.406840561002706 ], [ -104.736157161232427, 27.415999124622399 ], [ -104.746512427537581, 27.414627425115626 ], [ -104.772464098223992, 27.401755315096107 ], [ -104.781852782743144, 27.403945970900367 ], [ -104.789361771880792, 27.401425566388987 ], [ -104.809639840590208, 27.415094569423598 ], [ -104.81354176547238, 27.421456879754935 ], [ -104.819372833086419, 27.423995083977932 ], [ -104.824810758531484, 27.434825356810787 ], [ -104.841915453618967, 27.450730169652953 ], [ -104.856726867943749, 27.46051135396328 ], [ -104.861740936636764, 27.456669072522956 ], [ -104.86431534650572, 27.445296698598391 ], [ -104.869078498465058, 27.441206882121666 ], [ -104.935500576186243, 27.442130931735779 ], [ -104.931599626957237, 27.426984344706703 ], [ -104.936407291496778, 27.426539609985166 ], [ -104.93607036907899, 27.419660841507387 ], [ -104.950158201579313, 27.4210635938962 ], [ -104.957146090320549, 27.417536772461446 ], [ -104.971221706458522, 27.390418935579522 ], [ -104.981856035222464, 27.392172685593827 ], [ -104.987404265249651, 27.382767737398527 ], [ -105.025557961821747, 27.384995042002092 ], [ -105.041781631199356, 27.371782677652373 ], [ -105.064929647027185, 27.37733761539776 ], [ -105.070434761651242, 27.374064466628518 ], [ -105.101663114630966, 27.383699551543248 ], [ -105.092812529467508, 27.3689258229406 ], [ -105.120372087765574, 27.330499616616031 ], [ -105.126377194248505, 27.327966555238692 ], [ -105.134679035568752, 27.330638472290442 ], [ -105.19536213404109, 27.37931840659267 ], [ -105.224165758938966, 27.406604373886172 ], [ -105.237352190642582, 27.413291494747714 ], [ -105.239669062205863, 27.419323825917626 ], [ -105.266520947605471, 27.44037498150573 ], [ -105.255061325889756, 27.444187825288829 ], [ -105.256781283072002, 27.447530621143933 ], [ -105.252524170930528, 27.459256513839257 ], [ -105.236977487709041, 27.475472064067755 ], [ -105.236358341276215, 27.490980111859294 ], [ -105.23360205252591, 27.496309153920858 ], [ -105.220694405298914, 27.500148036775037 ], [ -105.216067830035655, 27.504414578652785 ], [ -105.194382400674741, 27.507826247238047 ], [ -105.207696525428588, 27.522059170356933 ], [ -105.267528356723972, 27.601387317839151 ], [ -105.280989563327694, 27.615777597229439 ], [ -105.277798369765804, 27.62484178481763 ], [ -105.282674262627182, 27.63574197277898 ], [ -105.267408331858888, 27.639937330030531 ], [ -105.267232191249775, 27.645097918788078 ], [ -105.261785492004663, 27.647737250432311 ], [ -105.268777871883415, 27.655842464206305 ], [ -105.274194632583502, 27.669556824450151 ], [ -105.285486621735714, 27.679323020853293 ], [ -105.276554008446936, 27.692997046111369 ], [ -105.276713920090359, 27.700089196775352 ], [ -105.267685346333977, 27.711553120172653 ], [ -105.267984233631807, 27.716108597968269 ], [ -105.26073563411714, 27.72091951704947 ], [ -105.258318834276992, 27.726170299579998 ], [ -105.259855093605566, 27.730711134443961 ], [ -105.265565371614528, 27.732135419114979 ], [ -105.281013359389277, 27.72987864435127 ], [ -105.287601655889276, 27.732286180144666 ], [ -105.294520512365693, 27.731125073334713 ], [ -105.296292600676779, 27.755971018043795 ], [ -105.294008197097313, 27.761883927653408 ], [ -105.288366342656758, 27.766593926818587 ], [ -105.288168848255808, 27.781765343644047 ], [ -105.28024380181138, 27.781860597818696 ], [ -105.279215414423575, 27.778557292667539 ], [ -105.273405016161888, 27.779455706933657 ], [ -105.269030835478929, 27.775943566674158 ], [ -105.256404620613992, 27.776424929090915 ], [ -105.243806599666129, 27.768527694789825 ], [ -105.222240925273638, 27.777902046201774 ], [ -105.213548975694053, 27.775764303068605 ], [ -105.190169054428338, 27.778186543215661 ], [ -105.177608063529021, 27.784959631324789 ], [ -105.176594893613697, 27.794669183579707 ], [ -105.172266337218659, 27.795297999281015 ], [ -105.159457239938391, 27.79030178761181 ], [ -105.137495914208756, 27.792574971527316 ], [ -105.136794402048494, 27.77828411423166 ], [ -105.109069948576163, 27.779911235761329 ], [ -105.103771204665705, 27.782620585631047 ], [ -105.092005438403078, 27.78258035873333 ], [ -105.080292023254685, 27.788009302556244 ], [ -105.071995551080761, 27.788179415114239 ], [ -105.053527734338516, 27.799976309898856 ], [ -105.033900181910568, 27.807306506072727 ], [ -105.021753446026878, 27.806518159490413 ], [ -105.015473721306051, 27.810726006567347 ], [ -105.004414302527223, 27.806858285831566 ], [ -104.991530190019688, 27.792563748430112 ], [ -104.980956620810872, 27.787280242002648 ], [ -104.942243457619639, 27.79354024893987 ], [ -104.918347555840313, 27.794595119774979 ], [ -104.909598751174798, 27.800230340772156 ], [ -104.832833737611452, 27.821396623939442 ], [ -104.774967496683516, 27.856371507396194 ], [ -104.757791997569726, 27.863973161524317 ], [ -104.769900053629371, 27.876803579867747 ], [ -104.778730203445235, 27.881164541357322 ], [ -104.797055690182034, 27.878316527765715 ], [ -104.814070985142209, 27.883061452876394 ], [ -104.819114688379486, 27.894953595205497 ], [ -104.826268989856104, 27.941307796849244 ], [ -104.836717402244389, 27.94544382413121 ], [ -104.871110946863823, 27.96652279106539 ], [ -104.875211448549848, 27.967397534609706 ], [ -104.882015314451664, 27.964932174317052 ], [ -104.892644391897917, 28.007272737450986 ], [ -104.863542741868372, 27.999081940070663 ], [ -104.839260443594895, 28.004436005353146 ], [ -104.824186338316238, 28.013518995647853 ], [ -104.823601168804018, 28.01841426991265 ], [ -104.818436950103944, 28.025172544124498 ], [ -104.818226187228092, 28.030396094215352 ], [ -104.825747736735238, 28.040608774345959 ], [ -104.837021031643431, 28.037443836923412 ], [ -104.86224155989845, 28.056615836652728 ], [ -104.89022295964169, 28.062496490712974 ], [ -104.906672063273831, 28.085470110582847 ], [ -104.908378038125875, 28.096892408758457 ], [ -104.921735582235073, 28.105222238924966 ], [ -104.92976626908991, 28.115092986295871 ], [ -104.93437412834966, 28.13154353946349 ], [ -104.94216841248992, 28.142493288857672 ], [ -104.947270839915035, 28.158275600279655 ], [ -104.953037313038465, 28.16418811999873 ], [ -104.958612803371523, 28.176815856330478 ], [ -104.973985030255037, 28.1865302777164 ], [ -104.964391022519663, 28.198475751985544 ], [ -104.934881627221841, 28.208040706731285 ], [ -104.917414033503164, 28.200496447197811 ], [ -104.871355428519266, 28.225202672446912 ], [ -104.874498464206397, 28.229650080139983 ], [ -104.874065507265982, 28.238025131219018 ], [ -104.844715213466941, 28.23803746086957 ], [ -104.840688622454152, 28.231690830206091 ], [ -104.837950471897216, 28.231383247919908 ], [ -104.82640574239079, 28.234218727549102 ], [ -104.81322567721746, 28.234497871910435 ], [ -104.79800948827021, 28.245982010594314 ], [ -104.782847801197903, 28.24776680090654 ], [ -104.771345699594633, 28.238910924883534 ], [ -104.769698933285781, 28.234448889928263 ], [ -104.750159947578439, 28.232287747889142 ], [ -104.781809509847875, 28.285426807351946 ], [ -104.783820051474876, 28.300929004324381 ], [ -104.798491181776967, 28.314149842747796 ], [ -104.787083055658115, 28.324014438039978 ], [ -104.784806216150912, 28.329157911827838 ], [ -104.781340184885565, 28.33035047453486 ], [ -104.773422819897789, 28.326139995849275 ], [ -104.771341827833695, 28.328226060560077 ], [ -104.70454594912097, 28.332541810292476 ], [ -104.711678120180878, 28.33461730475809 ], [ -104.716994249244408, 28.339765802128213 ], [ -104.721261326328303, 28.356649618987092 ], [ -104.721251798421022, 28.378448109007412 ], [ -104.725844989486916, 28.392355935285021 ], [ -104.721541057443631, 28.403216008268839 ], [ -104.722655086757271, 28.410223148683546 ], [ -104.719253439951885, 28.430404282828263 ], [ -104.721422339434469, 28.440868679682271 ], [ -104.718661469720089, 28.454685445894174 ], [ -104.706595239885488, 28.463806229543646 ], [ -104.704616845836625, 28.472330463492906 ], [ -104.698380028199011, 28.479740947063245 ], [ -104.697400071917656, 28.495933955825929 ], [ -104.694121427548282, 28.501333264877282 ], [ -104.697120432657712, 28.509230122655485 ], [ -104.677702360171438, 28.519328875018715 ], [ -104.678777743636886, 28.536893954002768 ], [ -104.697811038833109, 28.535975149248817 ], [ -104.700975981891943, 28.538751094908701 ], [ -104.708221758874032, 28.576907666002477 ], [ -104.698369680482841, 28.59252799732225 ], [ -104.688481164392641, 28.598487616264499 ], [ -104.680266829012169, 28.60765025694954 ], [ -104.665130183916645, 28.613494049248057 ], [ -104.645884625313627, 28.612357115893211 ], [ -104.614825389895373, 28.630069726044638 ], [ -104.615208485592277, 28.646496587580419 ], [ -104.609623279148195, 28.672638604198749 ], [ -104.617900617436632, 28.682634915494752 ], [ -104.633801644311603, 28.684798277604443 ], [ -104.631807814356435, 28.692990878556934 ], [ -104.635820500773832, 28.748849129400973 ], [ -104.628816412837182, 28.756510623777594 ], [ -104.421233427164793, 28.752841910491114 ], [ -104.418190412296468, 28.740729263801747 ], [ -104.418811074285586, 28.731395089254114 ], [ -104.423387932974606, 28.718975222171171 ], [ -104.415779635662744, 28.692945373241908 ], [ -104.401170087193819, 28.693553629608534 ], [ -104.383769414444373, 28.691044097755462 ], [ -104.363954143719113, 28.685412951667402 ], [ -104.384145796120663, 28.663466009529667 ], [ -104.350523730741529, 28.661734373337463 ], [ -104.373665881964357, 28.636464836096714 ], [ -104.380256849552666, 28.634433890202043 ], [ -104.374141553334539, 28.625398099833557 ], [ -104.277947855743818, 28.591244201107308 ], [ -104.263855111944949, 28.602236948920044 ], [ -104.259015263386857, 28.614653062342786 ], [ -104.254799399472418, 28.616992647513818 ], [ -104.254138712575909, 28.624179635386298 ], [ -104.247387543862516, 28.633635731423144 ], [ -104.266719629516118, 28.641928713024985 ], [ -104.249508543339118, 28.664085885829618 ], [ -104.244923852275079, 28.667087975245771 ], [ -104.229075199960121, 28.668263711854415 ], [ -104.222003651722915, 28.672271605698658 ], [ -104.216582686369662, 28.668095510879557 ], [ -104.204942050980165, 28.666022035867886 ], [ -104.198974931659194, 28.657803352872644 ], [ -104.191684124701553, 28.664452841908442 ], [ -104.179614701746061, 28.668406489368621 ], [ -104.180878485573643, 28.701999387448204 ], [ -104.165355583572264, 28.688470537968666 ], [ -104.162649316150151, 28.703098994172489 ], [ -104.156041778168259, 28.70437620939105 ], [ -104.152463459575756, 28.708359803917944 ], [ -104.143759274480146, 28.712125281471138 ], [ -104.136759518533253, 28.71191779650438 ], [ -104.127709846892003, 28.718408508175973 ], [ -104.117602229164717, 28.719703520335237 ], [ -104.111806967199968, 28.726835383621086 ], [ -104.114251802435916, 28.733261114097832 ], [ -104.114213404333967, 28.752579079195105 ], [ -104.103772147204211, 28.758002508714249 ], [ -104.101933808305446, 28.761397245837603 ], [ -104.102333866386317, 28.763706579340212 ], [ -104.106731556321961, 28.765746408167665 ], [ -104.106037133347726, 28.770868559316821 ], [ -104.109341527495559, 28.775803678927378 ], [ -104.107113593182447, 28.777879751352312 ], [ -104.098483384734536, 28.777596536829574 ], [ -104.083028847463652, 28.782219760959951 ] ] ] } },
{ "type": "Feature", "properties": { "cve_edo": "08", "cve_mpo_ine": "012", "cve_edo_mpo_ine": "08012", "nom_mpo": "CARICHI", "nom_edo": "Chihuahua", "alianza_ganadora": "Va por México", "margen_pp": 71.425758172508864, "por_participacion": 65.77720207253887 }, "geometry": { "type": "Polygon", "coordinates": [ [ [ -107.155204088331544, 28.142539005099898 ], [ -107.146090135373882, 28.138709102926597 ], [ -107.100973270606417, 28.091858345363619 ], [ -107.082248839261908, 28.085012095692854 ], [ -107.081848124391655, 28.082871228497368 ], [ -107.07515058876902, 28.083671544397394 ], [ -107.065699322786827, 28.073278488009585 ], [ -107.041147876365002, 28.076620762705467 ], [ -107.019939282649588, 28.069291648870813 ], [ -107.017204017750885, 28.088106548560535 ], [ -107.009218755080965, 28.096184673119691 ], [ -107.000790605537688, 28.09782030970571 ], [ -106.990504614172764, 28.089820447599269 ], [ -106.990068301563909, 28.084627830796396 ], [ -106.977766739745221, 28.082081227352326 ], [ -106.963827870198656, 28.082278954460438 ], [ -106.966150269693543, 28.079126553787258 ], [ -106.967481059749701, 28.065836993707126 ], [ -106.972210246091734, 28.056314714370576 ], [ -106.950366784932797, 28.028772442685479 ], [ -106.949917777519232, 28.020321159262785 ], [ -106.952980472091127, 28.016214733322489 ], [ -106.951301238507398, 28.010701523676975 ], [ -106.936844447071579, 27.995305840641279 ], [ -106.930979626256971, 27.981988343636935 ], [ -106.926248461194049, 27.980704282917404 ], [ -106.92202743189668, 27.948320661837307 ], [ -106.913650945632057, 27.942774213193676 ], [ -106.911981652240613, 27.937837637988878 ], [ -106.915280065775065, 27.933359170355399 ], [ -106.905676344357957, 27.917923343247391 ], [ -106.904829274201276, 27.908856458115959 ], [ -106.912460171575304, 27.903686379709416 ], [ -106.910772864867894, 27.897100215162151 ], [ -106.918368673977312, 27.888960734568958 ], [ -106.903088145599185, 27.875546070003214 ], [ -106.898242625768987, 27.874674069975242 ], [ -106.89231483251703, 27.865726327851682 ], [ -106.879180901166634, 27.855262614928126 ], [ -106.877491051267299, 27.848180995965137 ], [ -106.889847388722828, 27.833492919815445 ], [ -106.900967185167204, 27.830360578470813 ], [ -106.910406089663468, 27.821135933169941 ], [ -106.919578428866615, 27.799540155271966 ], [ -106.918272818107624, 27.793693471161269 ], [ -106.911657252766005, 27.789370520606209 ], [ -106.906072258079234, 27.788504047873438 ], [ -106.896828356134961, 27.781724958526393 ], [ -106.89403227302688, 27.775393819124695 ], [ -106.89944925401754, 27.772385261472554 ], [ -106.892818277274046, 27.766494210834985 ], [ -106.890601644099036, 27.76766491668976 ], [ -106.864727497175053, 27.746236851699226 ], [ -106.864981680893436, 27.73542942480789 ], [ -106.848386329983995, 27.735296740378022 ], [ -106.841029553387841, 27.742193376889833 ], [ -106.833143344516103, 27.745958729642652 ], [ -106.823474161892676, 27.75691195124984 ], [ -106.817892183236353, 27.756124275988061 ], [ -106.81252284662466, 27.751952984282305 ], [ -106.818690967091044, 27.737724303257355 ], [ -106.809078502803601, 27.718320698322426 ], [ -106.795792133386698, 27.702487030312593 ], [ -106.792324781288755, 27.690218588443049 ], [ -106.78658257951821, 27.685471055899473 ], [ -106.784780675530826, 27.678635968823308 ], [ -106.78674224383424, 27.664517814233466 ], [ -106.779073577994026, 27.664808370984947 ], [ -106.78151206720446, 27.655465681039079 ], [ -106.787149982262889, 27.652343455559066 ], [ -106.789736744862864, 27.644481864027668 ], [ -106.786472037300456, 27.634471953012291 ], [ -106.787583639834935, 27.619955382566566 ], [ -106.784124867682266, 27.61299662324101 ], [ -106.790967373942962, 27.6081282481648 ], [ -106.792378446945108, 27.589487788329635 ], [ -106.799747742013878, 27.586589696692283 ], [ -106.801647407778262, 27.560526883228416 ], [ -106.816075836145089, 27.565610115194907 ], [ -106.853907446166289, 27.593613429687004 ], [ -106.877759094615541, 27.599715786344685 ], [ -106.86233350380202, 27.587649097046995 ], [ -106.854462999103646, 27.576137797931878 ], [ -106.852852729738814, 27.56899102177735 ], [ -106.857367413986452, 27.56563410198525 ], [ -106.858859250118826, 27.552183197445945 ], [ -106.868870710442863, 27.552129650454312 ], [ -106.872225033314592, 27.553072701141886 ], [ -106.874280463699264, 27.557411669550728 ], [ -106.882035231567784, 27.555575234006106 ], [ -106.897949231161803, 27.560629465881359 ], [ -106.902839443208265, 27.564434360952788 ], [ -106.917497150773556, 27.588536953543016 ], [ -106.921829789909125, 27.588805907127838 ], [ -106.926367246915902, 27.586764794208975 ], [ -106.926568393078526, 27.577533745660041 ], [ -106.947286288623346, 27.57468711647649 ], [ -106.949620424472229, 27.567238491531718 ], [ -106.954854992026597, 27.562879552277916 ], [ -106.9656595040273, 27.558935174741869 ], [ -106.973322723160891, 27.552316156468059 ], [ -106.975693845402333, 27.553517976233181 ], [ -106.988789826554765, 27.546655106018015 ], [ -106.990978052803825, 27.536677485834065 ], [ -107.002589730373671, 27.536904021854493 ], [ -107.012116276993481, 27.548191883416827 ], [ -107.026947021013854, 27.552453740060578 ], [ -107.030286863830426, 27.555252701341519 ], [ -107.035105455846093, 27.555490252991888 ], [ -107.033864031834341, 27.55161424686775 ], [ -107.058775793072016, 27.556838058453163 ], [ -107.058700876744396, 27.554696075070297 ], [ -107.072795364941399, 27.560357430383714 ], [ -107.08244859203738, 27.568668878986987 ], [ -107.090633170429811, 27.583089810334194 ], [ -107.096449980252544, 27.587283643168526 ], [ -107.104097672556279, 27.580909832549057 ], [ -107.105560624865689, 27.571911288601552 ], [ -107.110525056670596, 27.581718136268812 ], [ -107.118943685812809, 27.588544690882404 ], [ -107.123805681884306, 27.606355597540166 ], [ -107.118992057731475, 27.609174464788037 ], [ -107.122340234887602, 27.613786377664951 ], [ -107.121235056830471, 27.616842632176532 ], [ -107.125934120125635, 27.617654836427757 ], [ -107.122232188431468, 27.620305699228947 ], [ -107.121996395996064, 27.625092464737197 ], [ -107.117551824350684, 27.627497706132953 ], [ -107.121392293793789, 27.630952992160879 ], [ -107.11929754620833, 27.633846920420915 ], [ -107.123515961975684, 27.640106738936993 ], [ -107.125116182453866, 27.637214126848292 ], [ -107.131175261516972, 27.637692233816392 ], [ -107.136254934956, 27.641968732912151 ], [ -107.140445577802922, 27.636923035838084 ], [ -107.144159147588667, 27.638727634504495 ], [ -107.144016232045146, 27.631301412291293 ], [ -107.1489508708366, 27.627408573982706 ], [ -107.157988595540672, 27.632415180666111 ], [ -107.161076198379178, 27.631333094460821 ], [ -107.159332205780132, 27.626469845261568 ], [ -107.164277045317419, 27.626537309368992 ], [ -107.165877827871554, 27.62430442742378 ], [ -107.162031756466021, 27.619200098039865 ], [ -107.167453610135638, 27.613159721159988 ], [ -107.168039302459746, 27.601605460126688 ], [ -107.171534506503377, 27.613889754220711 ], [ -107.175120571625513, 27.614456181666306 ], [ -107.178598856653167, 27.620468977188921 ], [ -107.183176209930153, 27.621774694249908 ], [ -107.186752996730775, 27.619122683534233 ], [ -107.184264335062281, 27.613519534718488 ], [ -107.185339923248719, 27.601056045491323 ], [ -107.187091908490714, 27.608394420515022 ], [ -107.195623593464504, 27.609604450916461 ], [ -107.199812545916259, 27.605299803326471 ], [ -107.203274059423975, 27.605618373910115 ], [ -107.197486359080827, 27.612486399268398 ], [ -107.197493701880219, 27.614879347031529 ], [ -107.201950476019249, 27.617175035464342 ], [ -107.208227786566354, 27.608819894161208 ], [ -107.221186797398175, 27.603247080246184 ], [ -107.225786021511908, 27.61123505726664 ], [ -107.229740462131574, 27.611056136921242 ], [ -107.232450298335863, 27.608323562684642 ], [ -107.231444606775653, 27.603293711952002 ], [ -107.24392917396473, 27.60399164499848 ], [ -107.248229347499489, 27.596797242563976 ], [ -107.247517758726815, 27.605298816608702 ], [ -107.251471611813017, 27.605036777895073 ], [ -107.255043445665564, 27.601640511926924 ], [ -107.257281582825669, 27.605427841894958 ], [ -107.255919478641417, 27.604690280354379 ], [ -107.255073037136171, 27.609891799015323 ], [ -107.259045575514364, 27.614745318174858 ], [ -107.262989738290855, 27.611760022598816 ], [ -107.264945957808735, 27.60597669335397 ], [ -107.286252319868055, 27.618766519446044 ], [ -107.289581074091501, 27.616608047352791 ], [ -107.286718531246706, 27.611503579766129 ], [ -107.288558881947239, 27.60803079462125 ], [ -107.29548651926126, 27.609736016944982 ], [ -107.298187044516737, 27.605104508250665 ], [ -107.30165758551864, 27.607648393437902 ], [ -107.306461980139261, 27.603833339321628 ], [ -107.311172871062027, 27.607444564960709 ], [ -107.312635527850759, 27.602487850022406 ], [ -107.317099038951625, 27.606017374772385 ], [ -107.320214333633189, 27.614447683847029 ], [ -107.321874039754292, 27.633285816924342 ], [ -107.310708799639499, 27.637175920320065 ], [ -107.301869903674614, 27.634519115258165 ], [ -107.301311396033199, 27.648286006560479 ], [ -107.30253065252343, 27.65304430077358 ], [ -107.322447279414774, 27.673504783880425 ], [ -107.324546863067255, 27.681482869828582 ], [ -107.305855802208995, 27.689508441677326 ], [ -107.295817732907139, 27.68020816067666 ], [ -107.288683608948148, 27.683166317883341 ], [ -107.28296639030043, 27.681491561876793 ], [ -107.279421412362694, 27.684495878215152 ], [ -107.270613198548446, 27.683016276531887 ], [ -107.268826503701277, 27.687817337164898 ], [ -107.271767283390261, 27.694303577755093 ], [ -107.284340922912051, 27.699291771993074 ], [ -107.289857689423357, 27.704102350587455 ], [ -107.28925463445421, 27.722004711074391 ], [ -107.280954095986971, 27.721592967522689 ], [ -107.273085013864176, 27.72530004037943 ], [ -107.270721093103901, 27.72449875997637 ], [ -107.271190901575906, 27.731256808695264 ], [ -107.259357113288559, 27.743414575987387 ], [ -107.240322552351188, 27.754486861426845 ], [ -107.239090167648939, 27.763570825871817 ], [ -107.250370315238101, 27.772862847514119 ], [ -107.255591879742681, 27.774213700789915 ], [ -107.255774146085187, 27.778253042220918 ], [ -107.260787812483755, 27.782327294529299 ], [ -107.273076704264028, 27.784102407540274 ], [ -107.290934960955212, 27.79390249246601 ], [ -107.29523555684284, 27.79987939246768 ], [ -107.295830203379779, 27.806553467401621 ], [ -107.29011667985452, 27.813951072381055 ], [ -107.288227164373652, 27.836979345953324 ], [ -107.28328838880482, 27.855007591690061 ], [ -107.287689042077119, 27.867581172087402 ], [ -107.297083634962846, 27.882412994594393 ], [ -107.317026984911095, 27.889465973573408 ], [ -107.318307391775065, 27.900338596556043 ], [ -107.340582041492169, 27.92163066315166 ], [ -107.34905111561153, 27.923932989791822 ], [ -107.348220570022562, 27.918334002222245 ], [ -107.351558710131172, 27.909639681806429 ], [ -107.356073457058741, 27.904891237009991 ], [ -107.362144732309758, 27.904579295715667 ], [ -107.365147248538207, 27.906279076910661 ], [ -107.364624906343664, 27.912552110755598 ], [ -107.372352278527245, 27.915025862815032 ], [ -107.376491722382085, 27.910115879581667 ], [ -107.405262170109054, 27.925719047391407 ], [ -107.408467699701418, 27.932280999338225 ], [ -107.401451195599321, 27.943408306702608 ], [ -107.424670973892461, 27.960221944455625 ], [ -107.443975215078254, 27.957201927157385 ], [ -107.452219700914029, 27.96065463763296 ], [ -107.452077253678155, 27.967088333579706 ], [ -107.436597862101067, 27.976498807510637 ], [ -107.438910267529621, 27.981338138589784 ], [ -107.461043601826475, 27.999146589754393 ], [ -107.461144610231116, 28.012751632599386 ], [ -107.453436571139989, 28.019518895365213 ], [ -107.460017061644123, 28.034616848652785 ], [ -107.457399319410243, 28.039546174472338 ], [ -107.439596361071793, 28.033134789173609 ], [ -107.420354663568304, 28.03365704084225 ], [ -107.395185382453377, 28.019763169462756 ], [ -107.382579199004383, 28.008969376734484 ], [ -107.361350796900268, 28.008840642976271 ], [ -107.352613492623263, 28.000818869441499 ], [ -107.349387749380682, 28.001097146292864 ], [ -107.333081795594524, 28.014893194694313 ], [ -107.318955261397278, 28.019571167965182 ], [ -107.313736446342645, 28.018791798770614 ], [ -107.308794830311271, 28.023219511281713 ], [ -107.299817498782346, 28.016271467195576 ], [ -107.290528774174817, 28.020489501651884 ], [ -107.280961283027821, 28.019086068460801 ], [ -107.271365254474148, 28.012141529468181 ], [ -107.259719323305305, 28.01687439521098 ], [ -107.251380227706235, 28.012729151225805 ], [ -107.239342580732824, 28.013742314148569 ], [ -107.232409898726104, 28.01785364601486 ], [ -107.235186632474012, 28.027174871252189 ], [ -107.234343992042909, 28.032640117708414 ], [ -107.225514151530874, 28.029820675730885 ], [ -107.218563544130063, 28.030458191371995 ], [ -107.218957490509737, 28.035003292850195 ], [ -107.22905126991175, 28.042360808388505 ], [ -107.228582805309671, 28.048236340697621 ], [ -107.237094759663918, 28.061891595599764 ], [ -107.2296415149616, 28.063390722461421 ], [ -107.22086034337498, 28.069637802997736 ], [ -107.217114222677068, 28.091749753005981 ], [ -107.199182829198065, 28.096728608173212 ], [ -107.180930333359299, 28.113386257859677 ], [ -107.172661295001262, 28.12652006275064 ], [ -107.155204088331544, 28.142539005099898 ] ] ] } },
{ "type": "Feature", "properties": { "cve_edo": "08", "cve_mpo_ine": "013", "cve_edo_mpo_ine": "08013", "nom_mpo": "CASAS GRANDES", "nom_edo": "Chihuahua", "alianza_ganadora": "Va por México", "margen_pp": 4.3620689655172411, "por_participacion": 52.741656815495134 }, "geometry": { "type": "Polygon", "coordinates": [ [ [ -107.945962142407552, 30.699047110893847 ], [ -107.943115632261296, 30.6912920740969 ], [ -107.944368156513207, 30.673263934786014 ], [ -107.926328953787518, 30.650695612511598 ], [ -107.92999750258609, 30.647123939107299 ], [ -107.922183934337241, 30.642695239931481 ], [ -107.92381321732401, 30.639215624022281 ], [ -107.917735543651602, 30.62857826921022 ], [ -107.919596467921764, 30.622204123745124 ], [ -107.916627646081082, 30.617587744416138 ], [ -107.916161303585255, 30.607090360788828 ], [ -107.908918928661706, 30.593812002817071 ], [ -107.912213753429441, 30.591482636738931 ], [ -107.912559946782807, 30.586934071301528 ], [ -107.909746868865042, 30.585706358689247 ], [ -107.90816808895552, 30.563226019683565 ], [ -107.912224324058528, 30.560645357555241 ], [ -107.910120979578238, 30.552387202223503 ], [ -107.911875538880253, 30.548741864434636 ], [ -107.90763206139529, 30.54363461614717 ], [ -107.911438028665103, 30.541716500019156 ], [ -107.907944791526958, 30.534787120018677 ], [ -107.910086416054114, 30.531801522608976 ], [ -107.907487660250197, 30.525198890105845 ], [ -107.912301888568422, 30.522036298352226 ], [ -107.912100445206221, 30.512612322388275 ], [ -107.915636158161163, 30.508876503279104 ], [ -107.913938712003016, 30.503510122348924 ], [ -107.91925176561827, 30.499187723125001 ], [ -107.915646801723028, 30.49407777977752 ], [ -107.926621637546049, 30.465506748844987 ], [ -107.923648080409777, 30.459650076673395 ], [ -107.928456707876009, 30.456239089697451 ], [ -107.933944640867068, 30.443244099567728 ], [ -107.937248010111574, 30.442650505979621 ], [ -107.940125157301352, 30.435683529389326 ], [ -107.937333264566206, 30.420732191866996 ], [ -107.939982541345032, 30.417991999395035 ], [ -107.936006271747644, 30.413876216389095 ], [ -107.93239698089242, 30.391900985509096 ], [ -107.936908861534647, 30.383613411857109 ], [ -107.933162921499687, 30.376272090763052 ], [ -107.934717154406641, 30.373057390266673 ], [ -107.931344908276557, 30.371485021942913 ], [ -107.924815607344414, 30.358008295461939 ], [ -107.934467741976917, 30.333284773618775 ], [ -107.946838077330824, 30.322729776412224 ], [ -107.943733115164335, 30.299925524429437 ], [ -107.948153180268946, 30.296598676452927 ], [ -107.95537919511014, 30.278956249184965 ], [ -107.953686689052958, 30.273838116427864 ], [ -107.957318530630502, 30.267455654098413 ], [ -107.955630176338914, 30.262833563379598 ], [ -107.959534925577572, 30.258847384694288 ], [ -107.958718845224354, 30.252154472711322 ], [ -107.971626867551507, 30.24672114767419 ], [ -107.978237715105948, 30.247682278721239 ], [ -107.984318020151051, 30.245917371354924 ], [ -107.994149315879582, 30.237272291438867 ], [ -107.983621475180314, 30.236066855783566 ], [ -107.980414103852794, 30.233276720912265 ], [ -107.972478076840247, 30.21040031275199 ], [ -107.962868558515851, 30.199191644314006 ], [ -107.95668308294394, 30.187637594455015 ], [ -107.956463860750873, 30.176555646021821 ], [ -107.961550606084202, 30.163053857767384 ], [ -107.960227309668838, 30.156442571437278 ], [ -107.962809698602598, 30.146838079346988 ], [ -107.954556480916111, 30.145382353297499 ], [ -107.949510402640399, 30.148462492703857 ], [ -107.944565746997625, 30.148481841550367 ], [ -107.929008842164222, 30.137458423522148 ], [ -107.925870537752985, 30.141357569890978 ], [ -107.9249315606979, 30.150789991458335 ], [ -107.920133257687965, 30.153057334049183 ], [ -107.917671759436232, 30.128274637716039 ], [ -107.919074722204812, 30.124039671317114 ], [ -107.924015398873522, 30.12098087030024 ], [ -107.927992887935986, 30.099795291207517 ], [ -107.939768762296211, 30.093184612414149 ], [ -107.940800788921507, 30.085207219124204 ], [ -107.944604134761676, 30.080980110454711 ], [ -107.943133378545824, 30.063018264400007 ], [ -107.935213372519428, 30.047029603589685 ], [ -107.943686388932548, 30.044647472400946 ], [ -107.951816698562382, 30.027632128093128 ], [ -107.963460145660534, 30.019440000822009 ], [ -107.968665742172377, 30.008483147084576 ], [ -107.990134707044177, 30.010877773891508 ], [ -107.985924890140083, 30.029735900776039 ], [ -107.990738008373768, 30.024097553434359 ], [ -107.993286350723949, 30.013880039142737 ], [ -108.002010906256771, 30.009832567554877 ], [ -108.003282994851347, 30.005430357660465 ], [ -108.013763473922282, 30.007206473059075 ], [ -108.00960247959776, 30.003453634243328 ], [ -108.012518846790968, 29.99764288885692 ], [ -108.008235169902548, 29.992310128209542 ], [ -108.005603790233607, 29.981994174488094 ], [ -107.990349022286225, 29.970309966062622 ], [ -107.994529612172443, 29.963921528134193 ], [ -107.989745459999909, 29.957671989108096 ], [ -107.988245209766646, 29.951016757357795 ], [ -107.991168380661577, 29.942130581872405 ], [ -107.988778116414906, 29.938465367583134 ], [ -107.99220071008034, 29.931908446723746 ], [ -107.98741616296212, 29.926656270222907 ], [ -107.987195343543277, 29.912689227312779 ], [ -107.995915156133506, 29.907063186473884 ], [ -107.997817529609307, 29.902662975997721 ], [ -107.993544485512572, 29.894918496769026 ], [ -107.997354761431879, 29.883457896215571 ], [ -108.001396100694421, 29.881475062305054 ], [ -107.998128996498806, 29.87556265028331 ], [ -107.999915532391071, 29.866174112853674 ], [ -107.991100564690726, 29.85974553146109 ], [ -107.996925746692185, 29.849288884297756 ], [ -107.992275590284876, 29.842208037023727 ], [ -107.980193353666266, 29.832193424444394 ], [ -107.980214825055427, 29.823298101976601 ], [ -107.984643738662044, 29.816578516633523 ], [ -107.989061973701354, 29.81418176117122 ], [ -108.003882590903856, 29.782304885711007 ], [ -108.016551106648208, 29.768659288671167 ], [ -108.121453169459244, 29.772908769650606 ], [ -108.1218672751274, 29.780787275694379 ], [ -108.125732292121725, 29.786773649751289 ], [ -108.153039141868874, 29.797976417712508 ], [ -108.160445461858615, 29.80891230167034 ], [ -108.174110402618936, 29.839294820748059 ], [ -108.181154587603103, 29.846291369347394 ], [ -108.183976738849523, 29.844610009848957 ], [ -108.183265609064932, 29.838601022796762 ], [ -108.188950418484367, 29.838348847507746 ], [ -108.191376462358534, 29.854506708950314 ], [ -108.198913311730621, 29.874564212463099 ], [ -108.209783015133524, 29.883602201365719 ], [ -108.210846002596597, 29.892096769127768 ], [ -108.203605426640991, 29.89443656216968 ], [ -108.204662524173372, 29.90251645362552 ], [ -108.214047706862075, 29.918409766460236 ], [ -108.21948551609195, 29.922928015402476 ], [ -108.229644734542731, 29.925747937464955 ], [ -108.238300545107109, 29.934179086899693 ], [ -108.241557941781238, 29.940995726399674 ], [ -108.239162489669752, 29.950763026443159 ], [ -108.23102100122054, 29.956845091727036 ], [ -108.231431584067266, 29.963685545570701 ], [ -108.245417671266992, 29.96833858965822 ], [ -108.250743789199234, 29.964560710744664 ], [ -108.281731482461737, 29.963258279884403 ], [ -108.288527450806981, 29.951793071713954 ], [ -108.301791222261954, 29.950224952996397 ], [ -108.330831115730021, 29.967384922563504 ], [ -108.367276011264678, 29.97140438999967 ], [ -108.373273971993896, 29.970518740335944 ], [ -108.38016380544822, 29.965891769257897 ], [ -108.385933953607292, 29.970814024748162 ], [ -108.39095072211714, 29.967863209255992 ], [ -108.397919552648759, 29.968418780505356 ], [ -108.403846175207761, 29.962970405331887 ], [ -108.40705423592776, 29.95362000300905 ], [ -108.423655923401057, 29.975427566928182 ], [ -108.460650824622434, 29.974023982822054 ], [ -108.496641071420527, 29.98858651273288 ], [ -108.495854809911705, 29.979263804864893 ], [ -108.512308352863514, 29.998376359414927 ], [ -108.525426396943899, 30.006947001545839 ], [ -108.53528071740665, 30.009537952724664 ], [ -108.538086239457058, 30.006227211780772 ], [ -108.556014676203461, 30.010740715032192 ], [ -108.558828965915993, 30.002508694223447 ], [ -108.569830851651233, 30.012253408743209 ], [ -108.574343918914153, 30.00828276772193 ], [ -108.573764729013291, 30.026940206231174 ], [ -108.572186963689433, 30.030028369361375 ], [ -108.56219562762854, 30.034928330577429 ], [ -108.561284594764416, 30.043407116456539 ], [ -108.581510168338639, 30.048912701135723 ], [ -108.582220939065138, 30.051865733083265 ], [ -108.593631699647347, 30.06043746683773 ], [ -108.591743214147272, 30.066800540542616 ], [ -108.600229243414631, 30.07566617722237 ], [ -108.614360086176305, 30.074017157954486 ], [ -108.615428645868704, 30.078404487058538 ], [ -108.611097273580413, 30.086498975351049 ], [ -108.618454160138413, 30.102158071370496 ], [ -108.610037030922626, 30.111287693091498 ], [ -108.614776445030174, 30.12406874914727 ], [ -108.607466718619875, 30.12669710736537 ], [ -108.595165647206898, 30.143175565132303 ], [ -108.573674122625775, 30.138073116260092 ], [ -108.564922730609013, 30.146333584397528 ], [ -108.562917563065795, 30.165448503791232 ], [ -108.575670332461641, 30.17071157208656 ], [ -108.583076993657201, 30.183047545234857 ], [ -108.584657383102183, 30.195682464889934 ], [ -108.571492567772594, 30.197203319549558 ], [ -108.57154662642894, 30.218284390031116 ], [ -108.577588012312503, 30.223770526960323 ], [ -108.572700149930881, 30.227781648119116 ], [ -108.567627194392088, 30.227825934316108 ], [ -108.560686327293936, 30.221520371386177 ], [ -108.55457045134375, 30.219588980963135 ], [ -108.542365364619371, 30.217543897617048 ], [ -108.53591314683193, 30.218673416705425 ], [ -108.533907872251973, 30.229272744825742 ], [ -108.53976773350999, 30.238626520893181 ], [ -108.54627697446719, 30.241212328744183 ], [ -108.548010387592598, 30.247146842259912 ], [ -108.533678821426193, 30.257110483539709 ], [ -108.525451241357828, 30.258836847228025 ], [ -108.526544567796222, 30.26444682906212 ], [ -108.521598127745918, 30.28316818392053 ], [ -108.505986663370379, 30.292975394271242 ], [ -108.501042359430045, 30.293597213895374 ], [ -108.496118142574474, 30.305045089708262 ], [ -108.498136796169675, 30.313374550034052 ], [ -108.494361426862682, 30.315969440074344 ], [ -108.494148974324432, 30.319029129620834 ], [ -108.493227187801011, 30.335318076913012 ], [ -108.497606707706851, 30.348998740195213 ], [ -108.491338408526673, 30.355251774982733 ], [ -108.490848213209702, 30.365917134158067 ], [ -108.488339290793775, 30.368335654884945 ], [ -108.479818303636634, 30.367913612377833 ], [ -108.468702618105638, 30.363546228687781 ], [ -108.449024430404194, 30.365117837780762 ], [ -108.414878730299222, 30.358540118211806 ], [ -108.395304996970765, 30.358367110861288 ], [ -108.392361460745576, 30.346654271404105 ], [ -108.384162348492424, 30.341346879309182 ], [ -108.368329485013092, 30.366018080867601 ], [ -108.370828189728158, 30.372776009184555 ], [ -108.368459386273472, 30.376513756249345 ], [ -108.350506542247217, 30.384504177541555 ], [ -108.351962396063811, 30.389204187255938 ], [ -108.34652035288444, 30.391229435674425 ], [ -108.332887204079682, 30.388770425066738 ], [ -108.328091234331353, 30.391699253241146 ], [ -108.29252991877776, 30.394936096819393 ], [ -108.273791894983717, 30.390771774298965 ], [ -108.269302789318573, 30.387331844225411 ], [ -108.260124438075337, 30.385164296547444 ], [ -108.246063273959734, 30.378318105604219 ], [ -108.245267462454919, 30.375347864882659 ], [ -108.224087479769949, 30.403181697999898 ], [ -108.217435133444567, 30.399506385124027 ], [ -108.207899006542306, 30.399569347665864 ], [ -108.196395994693347, 30.417912293139153 ], [ -108.185601007889034, 30.419387136716708 ], [ -108.165126624096033, 30.431915999945222 ], [ -108.160047331973942, 30.43277431225729 ], [ -108.159427411873878, 30.4466653811964 ], [ -108.141737602390933, 30.471159806911473 ], [ -108.142386320878629, 30.497359842404581 ], [ -108.151503801823253, 30.529789692723394 ], [ -108.173632652674584, 30.563375539516542 ], [ -108.175498270080311, 30.571133589081356 ], [ -108.150303663718404, 30.586089473320101 ], [ -108.110335116341091, 30.602617570225316 ], [ -108.105673846406958, 30.608018319741745 ], [ -108.10105933263506, 30.60531764515579 ], [ -108.102184080664458, 30.603079117364832 ], [ -108.091190706363491, 30.599588807624546 ], [ -108.075806851549444, 30.603231694175157 ], [ -108.072192800708933, 30.624993037433335 ], [ -108.045901984448804, 30.648699223833226 ], [ -108.0234297369405, 30.659071162574065 ], [ -108.027352253256979, 30.669491045077109 ], [ -107.945962142407552, 30.699047110893847 ] ] ] } },
{ "type": "Feature", "properties": { "cve_edo": "08", "cve_mpo_ine": "014", "cve_edo_mpo_ine": "08014", "nom_mpo": "CORONADO", "nom_edo": "Chihuahua", "alianza_ganadora": "Va por México", "margen_pp": 75.811390079608088, "por_participacion": 82.516422435573517 }, "geometry": { "type": "Polygon", "coordinates": [ [ [ -105.102056266639636, 26.899287072302148 ], [ -105.082998373541287, 26.86812086163404 ], [ -105.094402878766203, 26.851932029958565 ], [ -105.082000694719611, 26.84663476154153 ], [ -105.077698674453259, 26.838202643691016 ], [ -105.067508052756949, 26.832988397558044 ], [ -105.069955611686325, 26.82133868811874 ], [ -105.064915439576623, 26.806377244613142 ], [ -105.059513997204533, 26.801910137778339 ], [ -105.057178013010912, 26.792652709154435 ], [ -105.059382432263561, 26.784886831113258 ], [ -105.04686689952301, 26.780577952086421 ], [ -105.006626504303753, 26.753510286643241 ], [ -104.996323892002266, 26.753166299810697 ], [ -105.00110707364037, 26.736149308345109 ], [ -104.973882384265053, 26.738177051307066 ], [ -104.966891278675405, 26.741554539872162 ], [ -104.950951046980705, 26.735413782692731 ], [ -104.942979431542284, 26.73663988482414 ], [ -104.930344408611603, 26.74306336048345 ], [ -104.898206205372063, 26.750686965006796 ], [ -104.877635761372531, 26.718662905165786 ], [ -104.862793320471255, 26.723918627741938 ], [ -104.848323638209635, 26.724463333630247 ], [ -104.786863918178881, 26.739343526608554 ], [ -104.767117856651296, 26.740278164025383 ], [ -104.754989066835293, 26.73462244222711 ], [ -104.741871552922248, 26.732929182609158 ], [ -104.727291611630875, 26.727593940147393 ], [ -104.697259437853944, 26.723774862914059 ], [ -104.697695945839797, 26.720645864670701 ], [ -104.701984055823573, 26.719409171399391 ], [ -104.704431329561771, 26.715776689463723 ], [ -104.701840464409997, 26.698681160540737 ], [ -104.711154549766789, 26.70033674401131 ], [ -104.718380186991993, 26.69711870410821 ], [ -104.729493167898198, 26.667640308130579 ], [ -104.72544571442468, 26.663510092599925 ], [ -104.725317462756465, 26.658802873531091 ], [ -104.707536389888887, 26.639720137259751 ], [ -104.707646909674978, 26.628571564597763 ], [ -104.702492935611161, 26.617998796946871 ], [ -104.704081606664644, 26.615026526488997 ], [ -104.698196682928128, 26.607178497693653 ], [ -104.726597502965575, 26.604381376450416 ], [ -104.739581839376044, 26.609421928691969 ], [ -104.746201819047542, 26.61545154913706 ], [ -104.769848887261574, 26.625280240324606 ], [ -104.771037315054727, 26.603065400245672 ], [ -104.777027996007234, 26.598110073980887 ], [ -104.777384577271718, 26.591751141803403 ], [ -104.799353032442468, 26.556236760153723 ], [ -104.793946791615298, 26.544428462029686 ], [ -104.818823900286475, 26.53734961033026 ], [ -104.850778127779648, 26.512401025743934 ], [ -104.852333554784266, 26.505329397323358 ], [ -104.873022163802148, 26.506319350736629 ], [ -104.896828449119525, 26.533882582218272 ], [ -104.92110225017521, 26.550044658026096 ], [ -104.976190709083866, 26.52016088270457 ], [ -105.001068695894602, 26.531931524870981 ], [ -105.038927849084601, 26.502444876601196 ], [ -105.025298689919751, 26.481265312803824 ], [ -105.046639427233416, 26.470354875297879 ], [ -105.057121545767203, 26.461562104653311 ], [ -105.058905644011332, 26.463806612703628 ], [ -105.072130489015521, 26.456143675571891 ], [ -105.097758611431672, 26.428920375486516 ], [ -105.120841822535013, 26.468145273030231 ], [ -105.148350127646054, 26.460470343397368 ], [ -105.154715440669747, 26.460956506266928 ], [ -105.198313940014359, 26.439144872830763 ], [ -105.20519337818962, 26.448119806717717 ], [ -105.206532748054073, 26.469753020244351 ], [ -105.215065235675596, 26.464688683312129 ], [ -105.22020240173832, 26.464920154228103 ], [ -105.227521305399293, 26.461675811368821 ], [ -105.22859919822416, 26.45762563894974 ], [ -105.234215396297174, 26.45612076059631 ], [ -105.232730029742143, 26.452904807078433 ], [ -105.235524951787042, 26.449839968524351 ], [ -105.243400399840667, 26.458650427417098 ], [ -105.254441544663962, 26.464889482732215 ], [ -105.262379110674019, 26.463045182560251 ], [ -105.267522642650633, 26.464348535703998 ], [ -105.270449069349965, 26.483497919711461 ], [ -105.286402768805928, 26.488519691907314 ], [ -105.290555505975277, 26.486683971613587 ], [ -105.291386235182344, 26.481374589728592 ], [ -105.298119194097652, 26.481604565185155 ], [ -105.301885230367503, 26.475955135415514 ], [ -105.30076965053378, 26.473138909221955 ], [ -105.308688558016016, 26.469529873453148 ], [ -105.311898766758944, 26.471531403856606 ], [ -105.315320858706428, 26.470609245546868 ], [ -105.316255293893562, 26.461899553209236 ], [ -105.31984674293372, 26.462337944314314 ], [ -105.333092335836611, 26.468397144454769 ], [ -105.342554837826569, 26.475461472569847 ], [ -105.343562518478365, 26.479916965007064 ], [ -105.348304144607511, 26.475685854709536 ], [ -105.353964241621867, 26.480865450278102 ], [ -105.354753739208022, 26.489203229526801 ], [ -105.346900030568094, 26.503770319487437 ], [ -105.349619597254886, 26.508053590838522 ], [ -105.348799474161382, 26.513507509338353 ], [ -105.354837863976101, 26.520089414278008 ], [ -105.397027977941249, 26.517596438908676 ], [ -105.441873532085268, 26.526970477434151 ], [ -105.436815752053732, 26.537895416056152 ], [ -105.44227135659834, 26.547531882997085 ], [ -105.446806300758311, 26.548501278582641 ], [ -105.446576408030268, 26.550484377515083 ], [ -105.442915201436563, 26.551823159247363 ], [ -105.438438352431561, 26.558698782836775 ], [ -105.433417829421415, 26.558309484678983 ], [ -105.426462868135943, 26.56114974432046 ], [ -105.423630660894318, 26.558767935161615 ], [ -105.423287600761711, 26.562072852761496 ], [ -105.425686488829655, 26.572136916585993 ], [ -105.429874511235781, 26.575751109193998 ], [ -105.429166814853644, 26.579388064455447 ], [ -105.44021901118623, 26.584208549162167 ], [ -105.440355548510027, 26.586107310664186 ], [ -105.435376589741765, 26.591498702065557 ], [ -105.433359587787436, 26.600179375570548 ], [ -105.430052988015092, 26.600029676210116 ], [ -105.430577922185449, 26.604817029609947 ], [ -105.423123749236296, 26.60675104867056 ], [ -105.417474069493778, 26.6042995384752 ], [ -105.415910598474213, 26.608188081064529 ], [ -105.400271125687524, 26.612718121738059 ], [ -105.395556747419135, 26.621327671346965 ], [ -105.399529456542083, 26.628990230704026 ], [ -105.395397532948948, 26.633468034285439 ], [ -105.391319238908764, 26.645625659929049 ], [ -105.39198559891453, 26.65330289884032 ], [ -105.382612119860795, 26.661602088372948 ], [ -105.373443677569824, 26.664284182816548 ], [ -105.342040129882193, 26.657477918607881 ], [ -105.333845542461063, 26.659327689634587 ], [ -105.330198310738481, 26.663553917367263 ], [ -105.330561925347894, 26.681803199654432 ], [ -105.346573275031858, 26.694538968438895 ], [ -105.351267328625141, 26.718551080796974 ], [ -105.349025682350629, 26.749941333174807 ], [ -105.34252042678628, 26.767227398352034 ], [ -105.333452545077691, 26.772994104134838 ], [ -105.302226859551652, 26.773292413448296 ], [ -105.300308638014485, 26.78217062715963 ], [ -105.297166039886747, 26.784450035159939 ], [ -105.289994391130492, 26.787450146308398 ], [ -105.287619145069968, 26.784838222766759 ], [ -105.281472191153441, 26.783604706989191 ], [ -105.267211175886814, 26.787451328584716 ], [ -105.261575503542758, 26.794149650321192 ], [ -105.249812543119106, 26.800770492767676 ], [ -105.248107956464693, 26.80815609869834 ], [ -105.228752911465648, 26.815132075871485 ], [ -105.225379182958989, 26.818322948204276 ], [ -105.220588757149216, 26.81764648677343 ], [ -105.218464627096196, 26.822225540743801 ], [ -105.210947327343746, 26.826715246361658 ], [ -105.200085389429333, 26.829183743611971 ], [ -105.196143467861191, 26.827998306386881 ], [ -105.193382425712159, 26.831262536865157 ], [ -105.182597476372095, 26.831164642979282 ], [ -105.158263999829245, 26.855485974314274 ], [ -105.158563209729621, 26.85862477709999 ], [ -105.153987826175438, 26.863401831699175 ], [ -105.161530160983659, 26.874298561758643 ], [ -105.161710015710341, 26.884717280063963 ], [ -105.170074130784116, 26.887741903463862 ], [ -105.140106534870057, 26.88310785579614 ], [ -105.132498488349043, 26.887319619001463 ], [ -105.129924534343417, 26.891450406943171 ], [ -105.123294029760274, 26.892026091610735 ], [ -105.114827722712306, 26.898798222759286 ], [ -105.102056266639636, 26.899287072302148 ] ] ] } },
{ "type": "Feature", "properties": { "cve_edo": "08", "cve_mpo_ine": "015", "cve_edo_mpo_ine": "08015", "nom_mpo": "COYAME DEL SOTOL", "nom_edo": "Chihuahua", "alianza_ganadora": "Va por México", "margen_pp": 45.252403846153847, "por_participacion": 72.379295345802518 }, "geometry": { "type": "Polygon", "coordinates": [ [ [ -104.987731552007801, 30.486618452878236 ], [ -104.941170574813583, 30.359856470187406 ], [ -104.929784297836164, 30.357242854520024 ], [ -104.925302313740005, 30.35987856664962 ], [ -104.913894834840008, 30.358710739241562 ], [ -104.910028390211068, 30.362593834639174 ], [ -104.898881912397997, 30.36514973383893 ], [ -104.893735897431867, 30.369637443310669 ], [ -104.886198585610458, 30.364377854097491 ], [ -104.878614629001277, 30.362218889468451 ], [ -104.871602046047173, 30.364201914496263 ], [ -104.866438891830512, 30.36972223118622 ], [ -104.869311809396947, 30.348045641863671 ], [ -104.863779948264821, 30.336398951700044 ], [ -104.866144018545043, 30.32712275319053 ], [ -104.885637781649692, 30.317846515254239 ], [ -104.896113670712936, 30.3173515447357 ], [ -104.907080332327368, 30.305282062083371 ], [ -104.91007376536021, 30.296012524461176 ], [ -104.913915979657858, 30.293576567147831 ], [ -104.924330917790073, 30.297007400898174 ], [ -104.92990134116593, 30.306377464800487 ], [ -104.940702019814367, 30.305262399181537 ], [ -104.944555931371553, 30.301998581123932 ], [ -104.888916045512445, 30.22731701034974 ], [ -104.880697860872104, 30.205092745639625 ], [ -104.88002502903197, 30.186887928856063 ], [ -104.873177006072098, 30.178947460470692 ], [ -104.881431839860127, 30.115358280117718 ], [ -104.835158924362077, 30.118721055206212 ], [ -104.806678307005456, 30.117950945111151 ], [ -104.79571315404948, 30.110781343807687 ], [ -104.791845152482523, 30.115074603021377 ], [ -104.784268972662204, 30.113737150689417 ], [ -104.790392752885211, 30.106991475201429 ], [ -104.789067484812776, 30.091052091634921 ], [ -104.798436659457508, 30.079177771294116 ], [ -104.805094247625689, 30.078434965760643 ], [ -104.814217167209478, 30.081858555925514 ], [ -104.822460118673462, 30.08092800828517 ], [ -104.875467051301598, 30.049942356046742 ], [ -104.824685617115477, 30.000102256085508 ], [ -104.819858429508258, 29.945449571342021 ], [ -104.82331132737805, 29.946940358778605 ], [ -104.830601601843085, 29.945583871561524 ], [ -104.847882679448986, 29.931736384525344 ], [ -104.857660674724499, 29.932890534700629 ], [ -104.881747360516044, 29.928220604088118 ], [ -104.88588289818766, 29.905523639458035 ], [ -104.897665746627595, 29.899254554492032 ], [ -104.904431204713092, 29.890443310465312 ], [ -104.902183426948426, 29.87180541512171 ], [ -104.896271261278585, 29.865944645676624 ], [ -104.884911328565167, 29.865394600704906 ], [ -104.878546510147046, 29.868626371871954 ], [ -104.872263373104701, 29.866482261555745 ], [ -104.851571474172005, 29.877189148503277 ], [ -104.855724249827688, 29.87413832397452 ], [ -104.859012345701743, 29.865700202446302 ], [ -104.859946127524836, 29.846066421155257 ], [ -104.855019990654171, 29.837941100796321 ], [ -104.855734207840314, 29.832573267886982 ], [ -104.867286550577987, 29.820307069541709 ], [ -104.893948324483731, 29.768517631378693 ], [ -104.901289660914969, 29.762815272589233 ], [ -104.887374340234743, 29.744243661756013 ], [ -104.887127674702626, 29.739691203573134 ], [ -104.878358056729638, 29.735656123306828 ], [ -104.883209887949619, 29.727649813679427 ], [ -104.872559045428787, 29.70229160020704 ], [ -104.873778521251083, 29.684315125773669 ], [ -104.867308735628299, 29.674516848825153 ], [ -104.873364990795721, 29.649361333764361 ], [ -104.861328603545815, 29.63287730692738 ], [ -104.85404896990967, 29.614589567818815 ], [ -104.861406690564721, 29.607235175686728 ], [ -104.863905358859441, 29.588033402655807 ], [ -104.862070051311832, 29.584495322892341 ], [ -104.845514436067617, 29.575812584401579 ], [ -104.837775825050016, 29.567237712943058 ], [ -104.816779318140121, 29.560977630634671 ], [ -104.803044412323828, 29.553565821022357 ], [ -104.795813909456811, 29.533207128919145 ], [ -104.79971849574676, 29.525191568562285 ], [ -104.799578285092736, 29.514229209687166 ], [ -104.778295940796369, 29.487485623599742 ], [ -104.761462751074589, 29.439288622149462 ], [ -104.753799012046201, 29.42719380854248 ], [ -104.736113103138294, 29.412898375080275 ], [ -104.722980955783115, 29.408588024813749 ], [ -104.700700377502798, 29.387608662756854 ], [ -104.69164028345196, 29.384384064055141 ], [ -104.682954828140183, 29.377648188528031 ], [ -104.661107204700045, 29.368869708021681 ], [ -104.647492093222723, 29.356686390663313 ], [ -104.63937880367304, 29.353471342520972 ], [ -104.622623865152846, 29.34144842174009 ], [ -104.612508076637553, 29.327242520090387 ], [ -104.601697149996113, 29.316955349264962 ], [ -104.596011661274332, 29.301156588206485 ], [ -104.564902756061841, 29.267618818769098 ], [ -104.588461370248311, 29.249345243999112 ], [ -104.583928888400507, 29.239559931005999 ], [ -104.584107049055191, 29.229635381970891 ], [ -104.602107788752264, 29.223274672742519 ], [ -104.610298312049537, 29.203743537344003 ], [ -104.605499725874566, 29.191266512658554 ], [ -104.588502102569606, 29.17696044769826 ], [ -104.584905945096011, 29.167602101653749 ], [ -104.57373002664761, 29.161236621534215 ], [ -104.589495248394115, 29.156499819107271 ], [ -104.60784024447868, 29.147661456391806 ], [ -104.763795666354625, 29.024452677188098 ], [ -104.746318698024098, 29.001473543041989 ], [ -104.750452403278487, 28.997598330666381 ], [ -104.739167874284888, 28.979249401511051 ], [ -104.734554541172841, 28.974224619601781 ], [ -104.721773924613629, 28.970952258548678 ], [ -104.718716263779953, 28.966568147098272 ], [ -104.725932243726291, 28.946602767655943 ], [ -104.736699409922849, 28.938886554620236 ], [ -104.795024772242996, 28.970876282673537 ], [ -104.805903268319966, 28.95591728938561 ], [ -104.818613420329172, 28.95542422198449 ], [ -104.8387043373084, 28.997825389397818 ], [ -104.900839364886252, 28.975401405918671 ], [ -104.957623875190535, 28.985118004690587 ], [ -104.967619947097162, 28.988723882725942 ], [ -104.989297764359662, 28.986092324875738 ], [ -104.999668843612071, 28.990028555476329 ], [ -105.012814913889997, 28.990417282440806 ], [ -105.018804953665537, 28.994250188273138 ], [ -105.036692486370299, 28.998050089149771 ], [ -105.062891665207289, 28.992777028529236 ], [ -105.082504190003576, 29.002784778927893 ], [ -105.100700329394982, 29.022053687229143 ], [ -105.123573594364274, 29.033308728876484 ], [ -105.131177827723135, 29.042025115661271 ], [ -105.135149891966478, 29.050728661549538 ], [ -105.129373666514439, 29.05368814087511 ], [ -105.12632964524235, 29.062201900351482 ], [ -105.129440546771065, 29.067261115935029 ], [ -105.136945217749428, 29.070597339092405 ], [ -105.136931208858925, 29.073907709064333 ], [ -105.131004995264021, 29.082328930467053 ], [ -105.116738315022857, 29.077561553432108 ], [ -105.108066713566956, 29.082909831886894 ], [ -105.103534849489975, 29.087279633417918 ], [ -105.106979889877465, 29.101526967379986 ], [ -105.100447129506165, 29.104647973651264 ], [ -105.089789110776266, 29.105187649753809 ], [ -105.078082029586071, 29.115322638775393 ], [ -105.076921844906948, 29.121938984934054 ], [ -105.065868276706524, 29.126033930779368 ], [ -105.063564363138724, 29.135542250117453 ], [ -105.065899215547901, 29.145234374490688 ], [ -105.060853383280772, 29.151173132794341 ], [ -105.059905461343902, 29.16523852194474 ], [ -105.045279321100068, 29.180076259112965 ], [ -105.046251180890621, 29.18628719095388 ], [ -105.056260238906376, 29.191789773399208 ], [ -105.060980518555326, 29.201325911369846 ], [ -105.088007675506134, 29.19075452671941 ], [ -105.094012498334791, 29.194501180189835 ], [ -105.109802205533839, 29.198779742069419 ], [ -105.158102148174237, 29.200351871672915 ], [ -105.163854585134914, 29.205418841821061 ], [ -105.179642827061045, 29.211261533945979 ], [ -105.189271668474802, 29.220311524872216 ], [ -105.220859904194313, 29.231244157907124 ], [ -105.218185447466723, 29.242491794603932 ], [ -105.206001951595056, 29.244608936012597 ], [ -105.207984884916769, 29.251814569861924 ], [ -105.2156072644582, 29.262015402296527 ], [ -105.241423579257855, 29.276567972142619 ], [ -105.250558831705376, 29.286522406115768 ], [ -105.254545395708647, 29.296877120450318 ], [ -105.255887988157482, 29.309542288366135 ], [ -105.269541334936591, 29.322403048636215 ], [ -105.266628960842013, 29.330175135630601 ], [ -105.271986974061818, 29.345332407603504 ], [ -105.276889920225031, 29.344433669425928 ], [ -105.289484058912834, 29.333787044633347 ], [ -105.301543320470415, 29.334475683401102 ], [ -105.311181073067104, 29.348812932454123 ], [ -105.320336826625692, 29.355783202759572 ], [ -105.329885988260841, 29.356298654149686 ], [ -105.328990557615754, 29.36300011344548 ], [ -105.337545391849247, 29.369274315851346 ], [ -105.336729537885134, 29.397094366783989 ], [ -105.326678190990933, 29.404957339210615 ], [ -105.322754442533963, 29.435120340973494 ], [ -105.377756772745215, 29.448234749804662 ], [ -105.40176626379133, 29.456142373117142 ], [ -105.424110148191218, 29.454408791744957 ], [ -105.395607682292777, 29.502094279829095 ], [ -105.362595957914735, 29.537030388628974 ], [ -105.363822897722585, 29.566313443686347 ], [ -105.345552320920703, 29.619901320769586 ], [ -105.347241545687154, 29.63894635919873 ], [ -105.350541245416068, 29.640561789841769 ], [ -105.361598314824931, 29.631283670013065 ], [ -105.36765848993852, 29.624534184985581 ], [ -105.368332253834538, 29.619492987447483 ], [ -105.376059689170745, 29.614705715906684 ], [ -105.407477666603882, 29.611473590149892 ], [ -105.415201243657336, 29.606601547514419 ], [ -105.459342887319693, 29.604205332025657 ], [ -105.488530401156481, 29.654042297699444 ], [ -105.464976598453049, 29.646475388856715 ], [ -105.453486462806978, 29.652053507954715 ], [ -105.428445828057917, 29.653244547049265 ], [ -105.420863219573391, 29.659188553108123 ], [ -105.413840646383363, 29.660999736135398 ], [ -105.416740327530817, 29.68382640698816 ], [ -105.432563656979141, 29.6958627510333 ], [ -105.446861987948779, 29.699497190297357 ], [ -105.45648013227958, 29.709372867040223 ], [ -105.483598712891308, 29.725482147834967 ], [ -105.473675618925, 29.749281149340707 ], [ -105.494460578653346, 29.762902988799819 ], [ -105.512895174059707, 29.735948512975149 ], [ -105.520640563878544, 29.732060428873968 ], [ -105.547799186805705, 29.707472427629344 ], [ -105.585150019253234, 29.696699151635531 ], [ -105.593820300897036, 29.702285421509288 ], [ -105.620460905740998, 29.705251536725026 ], [ -105.624980061573851, 29.724504497492351 ], [ -105.649441550403239, 29.764957479597655 ], [ -105.65716329024481, 29.773192446056008 ], [ -105.668962328489044, 29.777000208613192 ], [ -105.68206270283784, 29.776333654954225 ], [ -105.696242075519393, 29.779282473888578 ], [ -105.703902505426996, 29.784132107745293 ], [ -105.71428690658702, 29.786386708896252 ], [ -105.722241628901557, 29.793294368707794 ], [ -105.745182548662498, 29.805362260410806 ], [ -105.765911267447606, 29.825489892156568 ], [ -105.781603800509927, 29.834359059658453 ], [ -105.78664399917939, 29.842408426677022 ], [ -105.791357711756604, 29.864282288652156 ], [ -105.797313003627252, 29.91566273861849 ], [ -105.804566021234621, 29.927838607860458 ], [ -105.82255506485096, 29.945586581859168 ], [ -105.823810916366185, 29.960236583332549 ], [ -105.846862241513577, 29.984377653388062 ], [ -105.871188955426135, 30.000673372791244 ], [ -105.88446183472405, 30.013255190435661 ], [ -105.902794539227912, 30.023976013062239 ], [ -105.906913325007636, 30.052653697072412 ], [ -105.890161738565965, 30.075771129033857 ], [ -105.86644404568105, 30.094761949247658 ], [ -105.846829689997591, 30.114160834389843 ], [ -105.826576208903262, 30.130461901770737 ], [ -105.78194386862873, 30.152530566569673 ], [ -105.763573151771979, 30.166759507291655 ], [ -105.744577953912653, 30.169843581505642 ], [ -105.723988561697496, 30.179938984574292 ], [ -105.693879520285151, 30.199925775593297 ], [ -105.691331750153253, 30.208176473190722 ], [ -105.679925018434972, 30.211878053304755 ], [ -105.678010764854662, 30.219303882419283 ], [ -105.664387409333713, 30.221969907147752 ], [ -105.656775109814021, 30.227324862489294 ], [ -105.645332899315548, 30.245260480234222 ], [ -105.652273814896503, 30.258268952262863 ], [ -105.666754680862695, 30.304299519887476 ], [ -105.645472793537749, 30.324492376556012 ], [ -105.634996254575967, 30.330667478068253 ], [ -105.628017108425297, 30.332307783074359 ], [ -105.5826787309975, 30.331818834307388 ], [ -105.562074932443878, 30.330128301994709 ], [ -105.559113515539693, 30.325616961298394 ], [ -105.539156638858813, 30.325514243830952 ], [ -105.517850552434382, 30.338224481134315 ], [ -105.475570487250693, 30.312241767110226 ], [ -105.475924418987432, 30.332048626026303 ], [ -105.471317652021654, 30.340166202899564 ], [ -105.442638225722121, 30.348640164159303 ], [ -105.447351992362542, 30.364461593241415 ], [ -105.440616276724242, 30.35981417836885 ], [ -105.434590370970199, 30.359489892253038 ], [ -105.417139926606993, 30.376460854462266 ], [ -105.400788437058594, 30.383920398460003 ], [ -105.361102026001404, 30.379739163326029 ], [ -105.347804831687526, 30.380545016911224 ], [ -105.309960085534101, 30.392006816647648 ], [ -105.243985706025697, 30.368542221583226 ], [ -105.231332136040606, 30.369946847396204 ], [ -105.218443268166794, 30.376718968301049 ], [ -105.208253383623244, 30.394392608834739 ], [ -105.200119781417513, 30.401514064175075 ], [ -105.153809044056672, 30.421087375283591 ], [ -105.138102711545997, 30.431188502322875 ], [ -105.132420061358573, 30.432909687286401 ], [ -105.111716487145543, 30.426353349666012 ], [ -105.099984236779349, 30.426289356897673 ], [ -105.070301719711836, 30.43510590367077 ], [ -105.057421277800472, 30.443925448393543 ], [ -105.05117794378549, 30.451221548374846 ], [ -105.046558342913087, 30.461387498638086 ], [ -105.043687952669188, 30.48370841798555 ], [ -105.024954023099866, 30.482480823501952 ], [ -104.987731552007801, 30.486618452878236 ] ] ] } },
{ "type": "Feature", "properties": { "cve_edo": "08", "cve_mpo_ine": "017", "cve_edo_mpo_ine": "08017", "nom_mpo": "CUAUHTEMOC", "nom_edo": "Chihuahua", "alianza_ganadora": "Va por México", "margen_pp": 28.474069754728671, "por_participacion": 40.68201193520887 }, "geometry": { "type": "Polygon", "coordinates": [ [ [ -107.070810244124388, 29.207123283530109 ], [ -107.070661741574099, 29.185611932880615 ], [ -107.069647063501776, 29.18122624784527 ], [ -107.066560497304337, 29.18054260454522 ], [ -107.066463458974553, 29.173606555718148 ], [ -107.07253281907812, 29.172397957736148 ], [ -107.072497495631382, 29.165856718065065 ], [ -107.034505083090551, 29.166062858638018 ], [ -107.020238569689141, 29.152345709763896 ], [ -107.001342179984533, 29.139310883320665 ], [ -106.998237606501135, 29.143620941583883 ], [ -106.991063306933498, 29.139444725620628 ], [ -106.985823139314192, 29.124522313403055 ], [ -106.972147267743992, 29.122523978271325 ], [ -106.960663874404773, 29.110603346391013 ], [ -106.952906810832943, 29.112704360090806 ], [ -106.943587190571833, 29.105562179941806 ], [ -106.923421936743182, 29.107552570986901 ], [ -106.918225245052312, 29.118642481045811 ], [ -106.915434446642166, 29.113121221238998 ], [ -106.912295694441156, 29.112226423067099 ], [ -106.902047714377645, 29.117225998821809 ], [ -106.892509540188613, 29.115119082640767 ], [ -106.883192201148674, 29.107724755509 ], [ -106.875195711929038, 29.089835281323534 ], [ -106.871036637058296, 29.085557366732331 ], [ -106.865639084297442, 29.083844590210926 ], [ -106.856754463025766, 29.086027128517177 ], [ -106.843782645594857, 29.097309939316876 ], [ -106.834034642380416, 29.102467665621827 ], [ -106.812499101121659, 29.106593991252396 ], [ -106.808148344963669, 29.113795192756864 ], [ -106.806357861263876, 29.112816681304079 ], [ -106.800775125455388, 29.097649142953912 ], [ -106.782116145396884, 29.069115392564296 ], [ -106.787780945468185, 29.040698769135982 ], [ -106.785934696845615, 29.03327161938773 ], [ -106.790695080296175, 29.023057465319191 ], [ -106.80762233469251, 29.014058815585273 ], [ -106.813282436421446, 28.97604773033914 ], [ -106.811983418565731, 28.972337663700941 ], [ -106.793832760449007, 28.962904467432057 ], [ -106.7907796942294, 28.959044118509901 ], [ -106.785660803602795, 28.959622822025672 ], [ -106.780476676394244, 28.956262361708049 ], [ -106.775601546931028, 28.946604913142146 ], [ -106.805062596381177, 28.919551442960699 ], [ -106.808197872190831, 28.910012737379269 ], [ -106.803517737914746, 28.895994387393699 ], [ -106.807433864956138, 28.898937148273266 ], [ -106.820739510372363, 28.921975791076999 ], [ -106.827091574564406, 28.889829773066978 ], [ -106.840277426065853, 28.903273909116784 ], [ -106.861559533844726, 28.913416507933135 ], [ -106.868327379925702, 28.923691478074328 ], [ -106.876707506088039, 28.923199692783381 ], [ -106.885833322594664, 28.912858843424189 ], [ -106.888918171037403, 28.900093625235503 ], [ -106.885731998281784, 28.895740505893439 ], [ -106.868732281435413, 28.887629470754188 ], [ -106.864864752155938, 28.878898892447999 ], [ -106.810872688755367, 28.863674643150603 ], [ -106.821899991713622, 28.835291579530043 ], [ -106.819022684710731, 28.835234550839569 ], [ -106.812974477423651, 28.841656586065916 ], [ -106.793839368482878, 28.82991651933142 ], [ -106.821903697007258, 28.81995700934818 ], [ -106.843072411563554, 28.826805413404127 ], [ -106.852775125425538, 28.812756734459839 ], [ -106.862529823825255, 28.806891523875979 ], [ -106.866877304964163, 28.799792261352909 ], [ -106.871480323186603, 28.798641338424119 ], [ -106.873116164872428, 28.793405636425035 ], [ -106.884690267587175, 28.785111134231496 ], [ -106.888912202420556, 28.778095978284345 ], [ -106.879523017662123, 28.777673523699487 ], [ -106.869842445224862, 28.781058355588726 ], [ -106.884835368648993, 28.769069522933698 ], [ -106.831000406221406, 28.748872151849792 ], [ -106.818501570409225, 28.749074583011271 ], [ -106.805679246781509, 28.757548885997604 ], [ -106.802083851303948, 28.747271765464252 ], [ -106.801917872026877, 28.721892085575529 ], [ -106.798033950607078, 28.709717767918697 ], [ -106.801122493898831, 28.694067373610238 ], [ -106.796684997883986, 28.693286184716044 ], [ -106.769933498184926, 28.710742863439222 ], [ -106.765779072130172, 28.709320121455736 ], [ -106.760345385279564, 28.712464739427016 ], [ -106.754215951715764, 28.712230170640712 ], [ -106.755751480292346, 28.70195379483771 ], [ -106.762672359158671, 28.692254279036568 ], [ -106.758863735880723, 28.665443037941589 ], [ -106.750548151818052, 28.656064955080566 ], [ -106.746302112264004, 28.656131220784658 ], [ -106.743855780718192, 28.658649761746453 ], [ -106.731516562864172, 28.623619168929263 ], [ -106.720410277295926, 28.624038607140378 ], [ -106.714250522911001, 28.628184678399212 ], [ -106.690395341480567, 28.634336431117223 ], [ -106.687235557421403, 28.638683809420865 ], [ -106.680614579284835, 28.632417413634013 ], [ -106.680559787045198, 28.629689721668996 ], [ -106.692595375695561, 28.619585603358615 ], [ -106.6925402984035, 28.616857924032036 ], [ -106.670463428956523, 28.605698417459433 ], [ -106.656779720995843, 28.608301037059633 ], [ -106.658740988826793, 28.600168816822741 ], [ -106.645319580617155, 28.597061192526613 ], [ -106.637839777766942, 28.591301369736954 ], [ -106.62165481833938, 28.58723993922651 ], [ -106.613290491995969, 28.580830184010182 ], [ -106.605218462181185, 28.570116035499133 ], [ -106.592873584819088, 28.570790925107488 ], [ -106.602014877954758, 28.552881419245821 ], [ -106.606423552518208, 28.548517812021174 ], [ -106.606126702721554, 28.526693294883724 ], [ -106.595875013140372, 28.519152066847475 ], [ -106.59641854548741, 28.508477794054912 ], [ -106.603937180249432, 28.503738576371767 ], [ -106.622987657340943, 28.501889950300288 ], [ -106.623439129865744, 28.493036037588112 ], [ -106.588489660665886, 28.491806915950612 ], [ -106.557269180407872, 28.450082256415364 ], [ -106.566552831853045, 28.453092706948183 ], [ -106.565521248267572, 28.451288259263968 ], [ -106.543607165760392, 28.432910509252284 ], [ -106.547108692876378, 28.420797908409646 ], [ -106.551207131748171, 28.419079636532842 ], [ -106.568450387632495, 28.430572199330381 ], [ -106.576154754601333, 28.4389451595796 ], [ -106.580752300365759, 28.437387924590428 ], [ -106.578126645276214, 28.424647575836495 ], [ -106.597146335684613, 28.430675208955318 ], [ -106.600980000466208, 28.426397496339849 ], [ -106.611035393229415, 28.421789227864458 ], [ -106.615230079581579, 28.436004549696502 ], [ -106.619064947770525, 28.43201533720724 ], [ -106.627592011745435, 28.431916240637744 ], [ -106.629855029259517, 28.425501614646318 ], [ -106.631907888715219, 28.425322446614597 ], [ -106.634738257576302, 28.43000955247614 ], [ -106.634307964066764, 28.420971072606747 ], [ -106.654291425465928, 28.43131892194209 ], [ -106.649062458304059, 28.42157094593426 ], [ -106.648921284170598, 28.418970979683817 ], [ -106.653534132372656, 28.420094755151339 ], [ -106.650567887549983, 28.41371631932828 ], [ -106.654609742205125, 28.413192652687048 ], [ -106.656582507091045, 28.400710786475951 ], [ -106.652576763630236, 28.387445049886299 ], [ -106.647690114337507, 28.382194575693436 ], [ -106.650530745480168, 28.378872015088461 ], [ -106.657141451815164, 28.381344214710158 ], [ -106.672292699840952, 28.38066839406715 ], [ -106.710664290600846, 28.37163692027983 ], [ -106.72712385259085, 28.378713247250744 ], [ -106.730868159967883, 28.37666009645201 ], [ -106.73452646423695, 28.361965533906968 ], [ -106.737653200442779, 28.357927295915413 ], [ -106.748008511924439, 28.352590221181412 ], [ -106.758228068061769, 28.350804664576128 ], [ -106.767344260077863, 28.342488015064877 ], [ -106.774322126558658, 28.341434993259885 ], [ -106.795349926724469, 28.350006013611797 ], [ -106.792499465199185, 28.344297184325555 ], [ -106.804448618423592, 28.347635530008017 ], [ -106.812783501609729, 28.352119725865002 ], [ -106.817372969026522, 28.360559109829882 ], [ -106.821231708018743, 28.361891227828096 ], [ -106.837360516238192, 28.334008063871536 ], [ -106.863512161515928, 28.334897906601011 ], [ -106.866576505282254, 28.294257564283232 ], [ -106.910287811965446, 28.284025699470547 ], [ -106.918620251050925, 28.289494870063439 ], [ -106.930571787446425, 28.288608960758086 ], [ -106.954740205996615, 28.270476951207723 ], [ -106.972285450480285, 28.274388473643153 ], [ -106.974526713796294, 28.273318003920021 ], [ -106.978502428525374, 28.281833248180703 ], [ -106.978621867424565, 28.287946774534792 ], [ -107.007725325526991, 28.333341421513374 ], [ -107.031632144656584, 28.342622281028326 ], [ -107.056041518300006, 28.344794812831456 ], [ -107.060151118850612, 28.355785496006426 ], [ -107.069448326880732, 28.36219147528902 ], [ -107.072268657796215, 28.382631443086698 ], [ -107.071582881626895, 28.401706124001677 ], [ -107.066739870159495, 28.406456233929418 ], [ -107.06701057126746, 28.412491302680749 ], [ -107.070385748605631, 28.415360549260978 ], [ -107.086852878983962, 28.419701924074822 ], [ -107.081876108685009, 28.455548409565832 ], [ -107.089674952163293, 28.473682623287328 ], [ -107.098452699273977, 28.48626790363862 ], [ -107.098367082403499, 28.496275006266814 ], [ -107.122575100185387, 28.526276426248266 ], [ -107.152296844728397, 28.542817787106735 ], [ -107.16875080467166, 28.543009856590569 ], [ -107.175399783644693, 28.546757066053029 ], [ -107.169157200241102, 28.556650585043879 ], [ -107.177521717022671, 28.579236707178922 ], [ -107.175254912880391, 28.598771275549339 ], [ -107.181485406186184, 28.598387020804477 ], [ -107.191316344625079, 28.586063808206109 ], [ -107.203323039777132, 28.578682357387795 ], [ -107.209947275061495, 28.56961092333831 ], [ -107.21280830286554, 28.569089558609853 ], [ -107.223689591796855, 28.582388817084958 ], [ -107.225667005783407, 28.632480915182569 ], [ -107.209294456296419, 28.65065277193089 ], [ -107.20457444035597, 28.662849763036427 ], [ -107.194700346835631, 28.671949549492105 ], [ -107.199033125023035, 28.679519061524488 ], [ -107.199907337351561, 28.70051449022472 ], [ -107.19056350104843, 28.72185806343273 ], [ -107.185208602671025, 28.722612701827472 ], [ -107.17916484603947, 28.727665373610883 ], [ -107.179092732523742, 28.736543159332189 ], [ -107.176014562663198, 28.739558618975863 ], [ -107.165300394326394, 28.73925999935544 ], [ -107.15959589349454, 28.760340909588781 ], [ -107.149139677852176, 28.769614374811077 ], [ -107.150035426081786, 28.789608841454378 ], [ -107.113164395426395, 28.817268653288927 ], [ -107.109435186398827, 28.830908235235118 ], [ -107.112990298385469, 28.861235507054232 ], [ -107.125701858930242, 28.88806136219732 ], [ -107.143560885597395, 28.903564249476524 ], [ -107.154293957957535, 28.90527952899788 ], [ -107.175269434144013, 28.913748650762983 ], [ -107.18276944445212, 28.921830342075442 ], [ -107.202509497476711, 28.934346120313805 ], [ -107.202772382045239, 28.941781726525175 ], [ -107.19966424918573, 28.94881183477635 ], [ -107.19932285413708, 28.967568338053123 ], [ -107.201457017462374, 28.974090808815799 ], [ -107.211469144193288, 28.986461175942278 ], [ -107.215233102979894, 28.995623439371045 ], [ -107.22862128007344, 29.007984164654353 ], [ -107.235867251061833, 29.008874722498028 ], [ -107.246219975986875, 29.002733888595881 ], [ -107.254885031614904, 29.02311836652072 ], [ -107.254394662725474, 29.027085515218545 ], [ -107.249045916011767, 29.037014422935943 ], [ -107.249447031963172, 29.043455075440018 ], [ -107.243949739244869, 29.051735414205606 ], [ -107.244338420829763, 29.068588192749846 ], [ -107.233202870757594, 29.085972681106128 ], [ -107.235224739664375, 29.102348242677568 ], [ -107.243350069197859, 29.11218467035 ], [ -107.23871080913888, 29.112628440730791 ], [ -107.233000757313945, 29.109095712035739 ], [ -107.225246459039028, 29.11726755511555 ], [ -107.22318148767728, 29.112784356821201 ], [ -107.219306205808905, 29.112327588748851 ], [ -107.205974727997798, 29.125060305465531 ], [ -107.20088162527847, 29.113521809381613 ], [ -107.192472404651269, 29.106239653817436 ], [ -107.182622050862193, 29.103400199500971 ], [ -107.170149007139372, 29.108623519576447 ], [ -107.159134152179135, 29.105310095278263 ], [ -107.150662578087136, 29.096195711304478 ], [ -107.134242655212773, 29.095551974922831 ], [ -107.112546917069281, 29.109058774306817 ], [ -107.105605286488569, 29.118761354208324 ], [ -107.104498138652858, 29.137348901401399 ], [ -107.112846062927915, 29.146714659295217 ], [ -107.111996282900094, 29.165961299256583 ], [ -107.096748492321439, 29.172326109405514 ], [ -107.077568573658141, 29.189529775686047 ], [ -107.070810244124388, 29.207123283530109 ] ] ] } },
{ "type": "Feature", "properties": { "cve_edo": "08", "cve_mpo_ine": "018", "cve_edo_mpo_ine": "08018", "nom_mpo": "CUSIHUIRIACHI", "nom_edo": "Chihuahua", "alianza_ganadora": "Va por México", "margen_pp": 72.095238095238102, "por_participacion": 59.03298350824587 }, "geometry": { "type": "Polygon", "coordinates": [ [ [ -106.66880353475868, 28.380737988351498 ], [ -106.659501238965049, 28.380667087994812 ], [ -106.654739796809309, 28.376388124207509 ], [ -106.647502442186322, 28.347028412375316 ], [ -106.652777950247327, 28.335646812022475 ], [ -106.663444426709077, 28.32286077370356 ], [ -106.658999694324706, 28.32120785657029 ], [ -106.675135568031862, 28.31838082279581 ], [ -106.697454428340066, 28.346553974792421 ], [ -106.70459241839508, 28.335259849553985 ], [ -106.698516707040284, 28.327306628169264 ], [ -106.696308883368687, 28.317466623489157 ], [ -106.706401942791075, 28.315601984657071 ], [ -106.752346074924446, 28.317490065240023 ], [ -106.739480924707124, 28.289440020724719 ], [ -106.735250989790117, 28.288517287167426 ], [ -106.726147840714489, 28.29327904028381 ], [ -106.719572234505563, 28.286233836981417 ], [ -106.714145659416786, 28.270764704826355 ], [ -106.705200737163906, 28.265693415351116 ], [ -106.70121327695729, 28.26700125772625 ], [ -106.69192120169906, 28.29018514299575 ], [ -106.680109318105181, 28.285928085939876 ], [ -106.672013111257741, 28.287054589993904 ], [ -106.640928229035666, 28.277266865634207 ], [ -106.63573828440245, 28.267744061334785 ], [ -106.639349955760665, 28.267262842571036 ], [ -106.644107024328974, 28.260423917387254 ], [ -106.640153292187364, 28.25313705187126 ], [ -106.654377584506804, 28.243774076859133 ], [ -106.655387184174501, 28.240142501652382 ], [ -106.655031776999095, 28.235514083241718 ], [ -106.65168658002456, 28.231782804587631 ], [ -106.64273653915842, 28.229516375962859 ], [ -106.643877101607359, 28.224315495368881 ], [ -106.64712021335832, 28.222262769607632 ], [ -106.646653606635596, 28.214411438991842 ], [ -106.654644394744011, 28.207089313389677 ], [ -106.654663034861201, 28.202297082380362 ], [ -106.643356591285027, 28.198864527726386 ], [ -106.629545671229906, 28.199634695396334 ], [ -106.621350294493922, 28.196130406468011 ], [ -106.591469279814916, 28.202116917307603 ], [ -106.582562907476884, 28.18798703206782 ], [ -106.572125817461227, 28.177820516631069 ], [ -106.549381817255053, 28.173019380748826 ], [ -106.546551667201911, 28.135997441994977 ], [ -106.559349275346975, 28.137077301828874 ], [ -106.569416492905958, 28.132783851819909 ], [ -106.590909908108983, 28.137994971878403 ], [ -106.592153182828596, 28.136011945894875 ], [ -106.586067196388896, 28.130143847820246 ], [ -106.589298979205196, 28.126673808928647 ], [ -106.576130962151353, 28.123200198136566 ], [ -106.573896243167397, 28.120224713164664 ], [ -106.574770597351261, 28.111383027897318 ], [ -106.578749125204723, 28.104773324115317 ], [ -106.588688974679755, 28.098908500748244 ], [ -106.602227272640008, 28.101306811193158 ], [ -106.608563751414522, 28.094200713560674 ], [ -106.619741707041598, 28.097836677010228 ], [ -106.643465231039755, 28.096015867002457 ], [ -106.653894564009775, 28.075355118068522 ], [ -106.665929163623034, 28.069198258319272 ], [ -106.66606597698906, 28.073836487678143 ], [ -106.720947921104568, 28.111609606478904 ], [ -106.725697779374244, 28.109936297487945 ], [ -106.72751585789959, 28.106401352487541 ], [ -106.727341154571334, 28.092656175394371 ], [ -106.74606009239254, 28.071138585614239 ], [ -106.756613978781644, 28.080967664735237 ], [ -106.774225416862123, 28.080376563552189 ], [ -106.778754384399463, 28.08283787126663 ], [ -106.790216556892346, 28.080175659117234 ], [ -106.79439111800329, 28.081886664015723 ], [ -106.796570607273594, 28.078686871729268 ], [ -106.803658396954091, 28.077621386498759 ], [ -106.828474351609543, 28.076207422810576 ], [ -106.846534542784568, 28.066506834728592 ], [ -106.87975694122062, 28.060141978892904 ], [ -106.895508726364895, 28.048005559859405 ], [ -106.918175480912254, 28.036698158309516 ], [ -106.938123275775965, 28.036446483159505 ], [ -106.950366784932797, 28.028772442685479 ], [ -106.972210246091734, 28.056314714370576 ], [ -106.967481059749701, 28.065836993707126 ], [ -106.966150269693543, 28.079126553787258 ], [ -106.963827870198656, 28.082278954460438 ], [ -106.977766739745221, 28.082081227352326 ], [ -106.990068301563909, 28.084627830796396 ], [ -106.990504614172764, 28.089820447599269 ], [ -107.000790605537688, 28.09782030970571 ], [ -107.009218755080965, 28.096184673119691 ], [ -107.017204017750885, 28.088106548560535 ], [ -107.019939282649588, 28.069291648870813 ], [ -107.041147876365002, 28.076620762705467 ], [ -107.065699322786827, 28.073278488009585 ], [ -107.07515058876902, 28.083671544397394 ], [ -107.081848124391655, 28.082871228497368 ], [ -107.082248839261908, 28.085012095692854 ], [ -107.100973270606417, 28.091858345363619 ], [ -107.146090135373882, 28.138709102926597 ], [ -107.155204088331544, 28.142539005099898 ], [ -107.154595767468237, 28.145686454442856 ], [ -107.16366859599772, 28.14528282807791 ], [ -107.166922610776041, 28.150383908216792 ], [ -107.168096902825738, 28.163192752763571 ], [ -107.212189178887002, 28.180112205785328 ], [ -107.211543872513118, 28.201288086612632 ], [ -107.21408469341138, 28.212430695567722 ], [ -107.198921582048442, 28.241584800188011 ], [ -107.183159299867114, 28.250150815965224 ], [ -107.17227811460387, 28.264395494183429 ], [ -107.199027108886938, 28.260100407234749 ], [ -107.189209836558248, 28.271500265338727 ], [ -107.185993442147236, 28.288764568875933 ], [ -107.178167819515991, 28.303798368461695 ], [ -107.155644645268566, 28.314038513284224 ], [ -107.149407619969651, 28.298672463975468 ], [ -107.147665398098866, 28.299332845617108 ], [ -107.141763245670532, 28.28943711694804 ], [ -107.134290449843192, 28.288421331898196 ], [ -107.132180168895346, 28.289843883378651 ], [ -107.131953528779476, 28.29530379522825 ], [ -107.136363327431923, 28.308087195861575 ], [ -107.108534043650849, 28.323190972391163 ], [ -107.091042817307795, 28.340857490061367 ], [ -107.068673148831024, 28.354340724926463 ], [ -107.064385996955622, 28.35950656125803 ], [ -107.060151118850612, 28.355785496006426 ], [ -107.056041518300006, 28.344794812831456 ], [ -107.031632144656584, 28.342622281028326 ], [ -107.007725325526991, 28.333341421513374 ], [ -106.978621867424565, 28.287946774534792 ], [ -106.978502428525374, 28.281833248180703 ], [ -106.974526713796294, 28.273318003920021 ], [ -106.972285450480285, 28.274388473643153 ], [ -106.954740205996615, 28.270476951207723 ], [ -106.930571787446425, 28.288608960758086 ], [ -106.918620251050925, 28.289494870063439 ], [ -106.910287811965446, 28.284025699470547 ], [ -106.866576505282254, 28.294257564283232 ], [ -106.863512161515928, 28.334897906601011 ], [ -106.837360516238192, 28.334008063871536 ], [ -106.821231708018743, 28.361891227828096 ], [ -106.817372969026522, 28.360559109829882 ], [ -106.812783501609729, 28.352119725865002 ], [ -106.804448618423592, 28.347635530008017 ], [ -106.792499465199185, 28.344297184325555 ], [ -106.795349926724469, 28.350006013611797 ], [ -106.774322126558658, 28.341434993259885 ], [ -106.770335343696004, 28.341836115782591 ], [ -106.758228068061769, 28.350804664576128 ], [ -106.748008511924439, 28.352590221181412 ], [ -106.737653200442779, 28.357927295915413 ], [ -106.73452646423695, 28.361965533906968 ], [ -106.730868159967883, 28.37666009645201 ], [ -106.72712385259085, 28.378713247250744 ], [ -106.710664290600846, 28.37163692027983 ], [ -106.66880353475868, 28.380737988351498 ] ] ] } },
{ "type": "Feature", "properties": { "cve_edo": "08", "cve_mpo_ine": "019", "cve_edo_mpo_ine": "08019", "nom_mpo": "CHIHUAHUA", "nom_edo": "Chihuahua", "alianza_ganadora": "Va por México", "margen_pp": 32.446665736157783, "por_participacion": 51.982865674140847 }, "geometry": { "type": "Polygon", "coordinates": [ [ [ -106.041731061817671, 29.756426522856348 ], [ -106.015240409218393, 29.74656024218854 ], [ -106.016476264443966, 29.7281947919898 ], [ -106.021823445294729, 29.721172184989776 ], [ -106.012051675552087, 29.718296491526917 ], [ -106.005127884429967, 29.724908015469836 ], [ -105.992344746752053, 29.730468632864337 ], [ -105.996298788430067, 29.70449574312558 ], [ -105.977828755304415, 29.701149922480447 ], [ -105.949926454848296, 29.675581410276511 ], [ -105.94713557854017, 29.668939397950513 ], [ -105.963673914671475, 29.659280591082421 ], [ -105.967961759457452, 29.659545189575837 ], [ -105.971661900311659, 29.656022642065103 ], [ -105.975436884244402, 29.655882244365639 ], [ -105.995802391915362, 29.643024826464423 ], [ -105.984043398516334, 29.635201904953949 ], [ -105.977145215334659, 29.625075259400873 ], [ -105.974982100001128, 29.601341985447601 ], [ -105.983410719211534, 29.589824313402492 ], [ -105.977768321090352, 29.579430696122031 ], [ -105.978144686598384, 29.568036751364041 ], [ -105.974473179850833, 29.567020294476766 ], [ -105.96865430553791, 29.571318056755938 ], [ -105.949617804439981, 29.563933075265979 ], [ -105.948590420635526, 29.551487612711973 ], [ -105.953607454072653, 29.545057280240488 ], [ -105.949827305305334, 29.527537068715848 ], [ -105.954807822551913, 29.51376261799513 ], [ -105.963349809579512, 29.507608440059933 ], [ -105.963468680251339, 29.501582387627156 ], [ -105.970666519334301, 29.502957894816717 ], [ -105.972076552386412, 29.498480028727155 ], [ -105.967919784731833, 29.486742673912136 ], [ -105.963053042962926, 29.482690729299247 ], [ -105.961895277870738, 29.475776339861881 ], [ -105.962005188202113, 29.469337775905174 ], [ -105.96448033548549, 29.467567044141955 ], [ -105.961608250695875, 29.451270982483432 ], [ -105.962062522131546, 29.426176576867476 ], [ -105.954867666332404, 29.418941235805701 ], [ -105.952887420386489, 29.408820696433285 ], [ -105.939848256067734, 29.381124164419852 ], [ -105.931489020307779, 29.372089443772296 ], [ -105.93446636384283, 29.370394252881887 ], [ -105.940400906317549, 29.371872985285762 ], [ -105.961108973556605, 29.394171404176799 ], [ -105.990011956249916, 29.406024608576555 ], [ -105.995151706202947, 29.405532544060232 ], [ -106.000444975130762, 29.400664084837214 ], [ -106.004228875975528, 29.401348048243076 ], [ -106.019186743293858, 29.396163231931826 ], [ -106.045813350310922, 29.401520449144748 ], [ -106.065215609976889, 29.393041489016337 ], [ -106.069230281205193, 29.387365528722928 ], [ -106.074357214206444, 29.386375476729235 ], [ -106.078019211328552, 29.381777738259558 ], [ -106.078591643956429, 29.36848206683144 ], [ -106.082349980607233, 29.358413376327768 ], [ -106.078183059637794, 29.346344009885467 ], [ -106.070266131802967, 29.340064104951548 ], [ -106.068461247686812, 29.316748291467263 ], [ -106.057291746592327, 29.313114827674713 ], [ -106.053893847362389, 29.307080132852878 ], [ -106.049123972511524, 29.304766537991384 ], [ -106.042477641699733, 29.304851097697892 ], [ -106.033457334965703, 29.309979530768519 ], [ -106.027187281312948, 29.310311318127258 ], [ -106.026181224859073, 29.308657774275559 ], [ -106.032545217060644, 29.290135483580958 ], [ -106.044314361562755, 29.28070685565012 ], [ -106.052424017652157, 29.259868037006498 ], [ -106.059053253977325, 29.252589531014184 ], [ -106.059294494983448, 29.247793751444828 ], [ -106.05414512335183, 29.242255694231094 ], [ -106.056266108270023, 29.237293908128628 ], [ -106.064787704902784, 29.237125334492895 ], [ -106.071047622732294, 29.23414600120098 ], [ -106.076793224782477, 29.225213374346264 ], [ -106.060986511155463, 29.216124950423058 ], [ -106.042182043073893, 29.210590766418498 ], [ -106.030642685569134, 29.203068578493326 ], [ -106.038896631676863, 29.194715911678234 ], [ -106.042010747981237, 29.184792992141098 ], [ -106.046260834100536, 29.179996215178722 ], [ -106.04524117795772, 29.170239581568985 ], [ -106.040469355822708, 29.163047011752447 ], [ -106.040210481717153, 29.158251289744445 ], [ -106.041953131755903, 29.152297542048682 ], [ -106.055723038083144, 29.150061339288197 ], [ -106.063224941142039, 29.14443612326081 ], [ -106.074996690130931, 29.145423431710675 ], [ -106.084526716846042, 29.151868125724864 ], [ -106.102696321981185, 29.157397050733223 ], [ -106.118727244865951, 29.158294853793478 ], [ -106.121602156308299, 29.156225443752913 ], [ -106.126205037609708, 29.144480476462775 ], [ -106.12602808062509, 29.124388329620789 ], [ -106.128394550657177, 29.119755998490163 ], [ -106.158920780866325, 29.113855908057527 ], [ -106.169543603857221, 29.108304207728267 ], [ -106.178805085936361, 29.108127798781183 ], [ -106.18429667509173, 29.103159943116243 ], [ -106.185395326782924, 29.094311412728317 ], [ -106.197890670528693, 29.088424418364063 ], [ -106.211897876034868, 29.086006774989588 ], [ -106.176402896943685, 29.01775697227286 ], [ -106.167528756672681, 29.019338207300571 ], [ -106.165019963524813, 29.016695074796644 ], [ -106.163596104069697, 28.99999425068955 ], [ -106.14833110294127, 28.995958356194414 ], [ -106.14556951189023, 28.991909411983446 ], [ -106.151785836120823, 28.979335160333832 ], [ -106.158286674463739, 28.979493926948976 ], [ -106.181496831652282, 28.965990109972093 ], [ -106.197741538381848, 28.964729213208365 ], [ -106.203095040276651, 28.958272577112744 ], [ -106.203077033673324, 28.952732718041862 ], [ -106.193552942069559, 28.944476879359581 ], [ -106.175913251836818, 28.937883684921079 ], [ -106.166164435417159, 28.93016353750793 ], [ -106.145957698653049, 28.927787933408872 ], [ -106.133525532816705, 28.921670989058033 ], [ -106.123530683948758, 28.921682364197505 ], [ -106.127092782104128, 28.914600360794406 ], [ -106.124388838326453, 28.911409319937977 ], [ -106.124894268042468, 28.90322157958397 ], [ -106.11340447295629, 28.88708974089781 ], [ -106.111256815670771, 28.887776289411629 ], [ -106.097453503208087, 28.856962818651393 ], [ -106.10439089472932, 28.852958591940638 ], [ -106.084962647532805, 28.817364665122923 ], [ -106.088906222309035, 28.797820357623422 ], [ -105.963962208451164, 28.731623327814173 ], [ -105.93513172308316, 28.729651224346838 ], [ -105.928399828305771, 28.68093496768029 ], [ -105.95076052499337, 28.646845582477667 ], [ -105.963009906012573, 28.643824153875098 ], [ -105.957014320530675, 28.630668462583127 ], [ -105.959435386821582, 28.617822659012489 ], [ -105.947224063274007, 28.615663536209755 ], [ -105.937395818808668, 28.585764895881809 ], [ -105.94257069523249, 28.58827975809028 ], [ -105.941287946869366, 28.580575304567894 ], [ -105.959721876706425, 28.584791037533378 ], [ -105.951487657667755, 28.547800407886598 ], [ -105.933911986158321, 28.522233899076969 ], [ -105.905288811743446, 28.508112248974818 ], [ -105.898601547302121, 28.511322316946856 ], [ -105.883252799621417, 28.528189547456439 ], [ -105.877804180336753, 28.530890122998905 ], [ -105.876936232241718, 28.522207294214791 ], [ -105.872975058873308, 28.515209197785435 ], [ -105.861370288875847, 28.505220246841464 ], [ -105.850350622165081, 28.501515579956063 ], [ -105.844373063088014, 28.501984897932399 ], [ -105.839691476638805, 28.506083988516068 ], [ -105.833688854351863, 28.504649269824753 ], [ -105.841115804189798, 28.500773434297969 ], [ -105.847472627938259, 28.491526823989549 ], [ -105.849352378993018, 28.483066551942112 ], [ -105.835110542116809, 28.47119594500596 ], [ -105.826255244774714, 28.470614753966444 ], [ -105.807586894997215, 28.462920134678448 ], [ -105.786757903248642, 28.461367248557394 ], [ -105.782369195074054, 28.459170980238223 ], [ -105.752607965060363, 28.460670960728159 ], [ -105.737979124218469, 28.459284235666448 ], [ -105.713254224087748, 28.414293276375751 ], [ -105.724519009466235, 28.40209414927962 ], [ -105.725578903760763, 28.39174269219831 ], [ -105.73973941841291, 28.365377571393399 ], [ -105.743936021376413, 28.359405518575468 ], [ -105.755830401469922, 28.350182630907721 ], [ -105.760556162149115, 28.329388926843173 ], [ -105.75965115213728, 28.323927388771796 ], [ -105.735574817176555, 28.3143076914853 ], [ -105.729887881795918, 28.278474502128599 ], [ -105.773551648533726, 28.298222047241907 ], [ -105.817305346607938, 28.291959144731429 ], [ -105.839278177084225, 28.285013829650367 ], [ -105.846457538563641, 28.279856023539089 ], [ -105.851507044839337, 28.272635643461218 ], [ -105.847508157867338, 28.270000424469732 ], [ -105.923178821915727, 28.27575846610879 ], [ -105.92401825426488, 28.271698440281646 ], [ -105.915756544630071, 28.26486026510981 ], [ -105.91560627606097, 28.261466537992415 ], [ -105.92567240275315, 28.244288766211859 ], [ -105.928828592245239, 28.23434127795468 ], [ -105.927874371097289, 28.223499853603176 ], [ -105.940157070204165, 28.204325053816056 ], [ -105.973837224389655, 28.203435633835937 ], [ -105.974292275687702, 28.167751788429939 ], [ -105.938501784504112, 28.167490809839194 ], [ -105.949190137878503, 28.151964530439972 ], [ -105.965484224474608, 28.138731359111734 ], [ -105.969775942525615, 28.131758398943589 ], [ -105.992433217093875, 28.137618424551068 ], [ -106.002357327127314, 28.13591732373229 ], [ -106.019052674156441, 28.141634633891531 ], [ -106.023813201487812, 28.146248189300433 ], [ -106.030040300162895, 28.133634599226635 ], [ -106.032026535884128, 28.11913709713334 ], [ -106.044603729063198, 28.136958154068022 ], [ -106.050108279843172, 28.141318758917645 ], [ -106.063106593842434, 28.136498649694836 ], [ -106.075404453146405, 28.128596061879595 ], [ -106.086276448990048, 28.115227793466079 ], [ -106.09987443154543, 28.112456222812309 ], [ -106.108017086872934, 28.108066507922551 ], [ -106.120214345512267, 28.117836838571147 ], [ -106.137230395008402, 28.11021723991934 ], [ -106.153993249930323, 28.113084288471669 ], [ -106.17182388220624, 28.109927940559288 ], [ -106.183829567136343, 28.104739531979554 ], [ -106.20195724016493, 28.107942220681498 ], [ -106.219073918729677, 28.101717791848067 ], [ -106.226610701398812, 28.10632014872369 ], [ -106.230554347178895, 28.098668933463284 ], [ -106.24315455469204, 28.095545175634296 ], [ -106.279889835170536, 28.123898762209919 ], [ -106.286130392198899, 28.126273052491612 ], [ -106.296408161882937, 28.138743763257487 ], [ -106.274630797116401, 28.144406778349961 ], [ -106.266526668727849, 28.143367710750539 ], [ -106.252916037803246, 28.137046796186411 ], [ -106.244084065566071, 28.140238991671964 ], [ -106.269919526391377, 28.149404989312647 ], [ -106.285370709883452, 28.149329892823616 ], [ -106.291998587769996, 28.154106768450529 ], [ -106.295652360836016, 28.162132238722826 ], [ -106.291864229680641, 28.177326259627723 ], [ -106.286794347660063, 28.185560875336982 ], [ -106.291824656824218, 28.194491752700579 ], [ -106.290715459218049, 28.197067912466011 ], [ -106.285729825928954, 28.197258435928088 ], [ -106.271345869258596, 28.18729475544723 ], [ -106.261123729346281, 28.187177835773713 ], [ -106.234790346247223, 28.180085859359785 ], [ -106.231735142348839, 28.193948283606076 ], [ -106.237974787544204, 28.195412490232631 ], [ -106.241251359706624, 28.2032753175362 ], [ -106.227573794221854, 28.211630186215075 ], [ -106.221590189107189, 28.211905818618835 ], [ -106.214720030017958, 28.208951014706191 ], [ -106.217996438972179, 28.217063195437152 ], [ -106.21717823916272, 28.229837319188572 ], [ -106.221376917651781, 28.249140142837671 ], [ -106.2202776664341, 28.254535173691817 ], [ -106.224436433978326, 28.264301646011244 ], [ -106.224374286914696, 28.278647874928915 ], [ -106.237942785014098, 28.27186923253754 ], [ -106.248872211673756, 28.36950236238102 ], [ -106.252633226668323, 28.372718601598738 ], [ -106.229222841793188, 28.415366929064994 ], [ -106.24612209251724, 28.422917460412986 ], [ -106.272268834802603, 28.43042088784431 ], [ -106.280714302375344, 28.445471002664288 ], [ -106.301915461773802, 28.461699613373671 ], [ -106.309545129019341, 28.462904151662215 ], [ -106.325738944606215, 28.453117713276949 ], [ -106.331237568545689, 28.453171424456041 ], [ -106.344993536724729, 28.477392854138802 ], [ -106.353623213381042, 28.478340668388945 ], [ -106.35664698781504, 28.482552876184599 ], [ -106.350828060413264, 28.492452312284701 ], [ -106.349581155608121, 28.515178998124128 ], [ -106.342002823680644, 28.523926850991664 ], [ -106.337955511718789, 28.538210853458445 ], [ -106.329225883003971, 28.542735385188418 ], [ -106.323556904815163, 28.558271433076957 ], [ -106.319931290197204, 28.558622289369755 ], [ -106.316415199211619, 28.556070300295474 ], [ -106.314297230766201, 28.557656870421773 ], [ -106.316597560065517, 28.56676592074346 ], [ -106.314624409401532, 28.572083100056517 ], [ -106.30802390254479, 28.577756041783573 ], [ -106.315703791968119, 28.586754104643916 ], [ -106.335557282176467, 28.601988268543355 ], [ -106.343722257508233, 28.607499417787384 ], [ -106.35086090178963, 28.608455231807156 ], [ -106.356762565729639, 28.611905083970594 ], [ -106.367169259372119, 28.636556171694348 ], [ -106.364429493414676, 28.638976212897411 ], [ -106.345672220297487, 28.642480070853662 ], [ -106.332710804839721, 28.652915322662011 ], [ -106.330369241206341, 28.659644278365604 ], [ -106.321765046092835, 28.666074975959365 ], [ -106.319779696863989, 28.669402235772687 ], [ -106.32479736814814, 28.671033881589409 ], [ -106.325812306499131, 28.673433069519334 ], [ -106.324622414855469, 28.684799148842426 ], [ -106.320656999350533, 28.692531622392771 ], [ -106.322549240637628, 28.69500907388241 ], [ -106.331033200683294, 28.689076441785026 ], [ -106.339184358588469, 28.690939334508059 ], [ -106.355026478293482, 28.679906978814355 ], [ -106.360228504812341, 28.670010801804107 ], [ -106.370220069137986, 28.665642772468082 ], [ -106.376319614710994, 28.659638010108704 ], [ -106.386085225172863, 28.659581802447999 ], [ -106.387727935258923, 28.662059772498857 ], [ -106.385402307247858, 28.670862396295703 ], [ -106.403166007748283, 28.668105070811841 ], [ -106.41359138857635, 28.673266642042559 ], [ -106.417813265344492, 28.687336895613509 ], [ -106.432151689295623, 28.696784856809636 ], [ -106.432959944388003, 28.705485961358985 ], [ -106.437234308612503, 28.707864132453128 ], [ -106.49761576386723, 28.708803926515753 ], [ -106.499260079224982, 28.711031674061729 ], [ -106.497929099072792, 28.71759065805324 ], [ -106.504171069284411, 28.731975964125063 ], [ -106.513409071481405, 28.727436604426156 ], [ -106.51920829436051, 28.732372078394615 ], [ -106.523538412114036, 28.741877505471383 ], [ -106.51436224339264, 28.773347306288713 ], [ -106.511498890453893, 28.798516527018084 ], [ -106.516357057524587, 28.821892786732448 ], [ -106.522751114551625, 28.822450936875885 ], [ -106.528418564407602, 28.818113255977803 ], [ -106.535218676376331, 28.820161260731933 ], [ -106.538621811496597, 28.833412879592917 ], [ -106.537133017749881, 28.840092649869433 ], [ -106.54049323129253, 28.845193054254906 ], [ -106.536749058366127, 28.857816931475373 ], [ -106.537488538639323, 28.863294428286753 ], [ -106.532876755648886, 28.86428740156904 ], [ -106.532704251655744, 28.874105783573725 ], [ -106.534037350654614, 28.884065076415162 ], [ -106.538333905866992, 28.89197782185439 ], [ -106.547997276072223, 28.898967415643607 ], [ -106.556256706389306, 28.898660313815906 ], [ -106.564476477048004, 28.902429257125068 ], [ -106.573639330917189, 28.915248170475564 ], [ -106.581398901942393, 28.920853918584282 ], [ -106.59129124993008, 28.920682795525813 ], [ -106.593079739474973, 28.922315386318161 ], [ -106.588579438323436, 28.934537714708036 ], [ -106.589304679948683, 28.939183245638255 ], [ -106.60220608865221, 28.956593253916786 ], [ -106.635318710217476, 28.952269164304678 ], [ -106.639021650700954, 28.955447672682986 ], [ -106.63881780558394, 28.963353295244389 ], [ -106.661892376577612, 28.964107451844686 ], [ -106.667652185672821, 28.969577363732874 ], [ -106.666229539059032, 28.973262693923022 ], [ -106.655969539563216, 28.974028244907601 ], [ -106.648523710159893, 28.977404750628647 ], [ -106.64342693681651, 28.985064507125593 ], [ -106.638589402883113, 28.987396048937644 ], [ -106.609384359979998, 28.987410757984705 ], [ -106.606198021624436, 28.990793602740393 ], [ -106.605639346936627, 28.993964170564144 ], [ -106.614792247149296, 28.999876151436318 ], [ -106.616135082592237, 29.004011561241104 ], [ -106.618871093385735, 29.031994808531781 ], [ -106.630699259777785, 29.033866004840316 ], [ -106.636438291576155, 29.032516901961888 ], [ -106.64004249854672, 29.03677834790189 ], [ -106.637973118893186, 29.039643066238455 ], [ -106.627833428098768, 29.040487658118625 ], [ -106.611907272273243, 29.046340492455084 ], [ -106.591953885242745, 29.045773514922093 ], [ -106.591044105525739, 29.056020317468324 ], [ -106.597217501102463, 29.063149547421368 ], [ -106.59960970730269, 29.075251951953341 ], [ -106.590424779096509, 29.085725864904489 ], [ -106.586683531413811, 29.086788912719751 ], [ -106.583678313152078, 29.081184823996157 ], [ -106.5727038220639, 29.078379915342303 ], [ -106.567349866987385, 29.080301988084894 ], [ -106.564027629159838, 29.077447786425939 ], [ -106.563824932726135, 29.073791385074554 ], [ -106.546621755619199, 29.084982008641767 ], [ -106.538409618366941, 29.094271383857297 ], [ -106.518399085384345, 29.103509803739605 ], [ -106.525937485448111, 29.116025990497018 ], [ -106.530889288005085, 29.118770369038593 ], [ -106.533014611836848, 29.124390559583915 ], [ -106.538500191929955, 29.128622817979199 ], [ -106.538177676239343, 29.131206841014443 ], [ -106.546934842093606, 29.129810164634396 ], [ -106.551494424855733, 29.137717511952602 ], [ -106.554867790453017, 29.172677929324795 ], [ -106.548817227691117, 29.183511328511077 ], [ -106.545974595806086, 29.203605736686541 ], [ -106.540994007767807, 29.211675666892674 ], [ -106.553725298345285, 29.207798580059357 ], [ -106.561594792416102, 29.193856181075979 ], [ -106.565446302377367, 29.19187691274055 ], [ -106.574180004427859, 29.195053538725485 ], [ -106.582389961823466, 29.191334928657408 ], [ -106.585306026696543, 29.19261521924998 ], [ -106.58973816616674, 29.206012985610478 ], [ -106.613921344447633, 29.212888260515339 ], [ -106.593662715906092, 29.235727585308695 ], [ -106.576983819489286, 29.240220476138607 ], [ -106.569841109687346, 29.244281137851722 ], [ -106.562960376119022, 29.252636110535761 ], [ -106.556721826905061, 29.266936761377618 ], [ -106.562379948572072, 29.27023069304909 ], [ -106.559512017845861, 29.27758709084862 ], [ -106.566695793979193, 29.287568564877116 ], [ -106.568739006777932, 29.299954543263439 ], [ -106.578449679055325, 29.314308236132149 ], [ -106.58111539277148, 29.324049583218923 ], [ -106.593328474889717, 29.333689049563667 ], [ -106.591373929200913, 29.352112166598459 ], [ -106.585854971574278, 29.355261989690518 ], [ -106.582102252477071, 29.360968634457453 ], [ -106.570935395714656, 29.366772001644776 ], [ -106.586431880110268, 29.380287680887573 ], [ -106.594389642940698, 29.393404265068046 ], [ -106.595156980791273, 29.397697676159318 ], [ -106.587888578804026, 29.40506369675801 ], [ -106.583150832198498, 29.418288661572351 ], [ -106.586109331832859, 29.440583666656693 ], [ -106.580972584781321, 29.44703649029422 ], [ -106.579367867868299, 29.457281589942607 ], [ -106.556899278255358, 29.473678405643561 ], [ -106.548118049065735, 29.482862338576698 ], [ -106.547026667042928, 29.498309801923934 ], [ -106.541285956751352, 29.516490982796189 ], [ -106.536759485842509, 29.518068019448986 ], [ -106.520825523523797, 29.538412731590871 ], [ -106.512782244641841, 29.543876528008102 ], [ -106.510040322761284, 29.555774595082411 ], [ -106.516615270281193, 29.567658488591441 ], [ -106.479452893445526, 29.571201393622239 ], [ -106.597221105229181, 29.672060494365397 ], [ -106.593514951344645, 29.694385401764375 ], [ -106.584968560903988, 29.691352813425933 ], [ -106.561063252972176, 29.696023599001901 ], [ -106.556016966261595, 29.695019393457454 ], [ -106.526207850028953, 29.663405281352016 ], [ -106.519265217906479, 29.660965212851597 ], [ -106.494128935258829, 29.669756321331 ], [ -106.469042095642081, 29.687826610592396 ], [ -106.466923637220901, 29.702691117365237 ], [ -106.455979958000668, 29.716977946331181 ], [ -106.45102102448908, 29.731442767547833 ], [ -106.439399444618658, 29.738097885463741 ], [ -106.42349729122013, 29.710935476703831 ], [ -106.420667583227825, 29.711979469747035 ], [ -106.413720593769952, 29.708914980997541 ], [ -106.354248898215417, 29.72360114263228 ], [ -106.34188085212962, 29.706111436910838 ], [ -106.330491438753853, 29.695219055954251 ], [ -106.326006290148285, 29.749497623133209 ], [ -106.315933765481788, 29.752422714614312 ], [ -106.309356637227765, 29.762143237374357 ], [ -106.300559565415654, 29.768982738263521 ], [ -106.298064422448462, 29.775387325813888 ], [ -106.301863781754662, 29.779294158196159 ], [ -106.297482008137379, 29.78694323696347 ], [ -106.193387095890827, 29.770757240086837 ], [ -106.147951948883986, 29.755602774363783 ], [ -106.124916629025023, 29.744925291622561 ], [ -106.117034167141725, 29.743497713205024 ], [ -106.101278931390581, 29.744767726862335 ], [ -106.092756865570379, 29.738800667067149 ], [ -106.041731061817671, 29.756426522856348 ] ] ] } },
{ "type": "Feature", "properties": { "cve_edo": "08", "cve_mpo_ine": "020", "cve_edo_mpo_ine": "08020", "nom_mpo": "CHINIPAS", "nom_edo": "Chihuahua", "alianza_ganadora": "Va por México", "margen_pp": 1.0638297872340425, "por_participacion": 68.976763147166736 }, "geometry": { "type": "Polygon", "coordinates": [ [ [ -108.56273060303036, 27.797799520497264 ], [ -108.557562585082223, 27.785292200575455 ], [ -108.549471064862331, 27.791667640140407 ], [ -108.536937515490294, 27.792057541439078 ], [ -108.524337100206608, 27.788230566578576 ], [ -108.517867123525548, 27.779456340787078 ], [ -108.501371289236744, 27.764508853915146 ], [ -108.497871595726352, 27.778933271360792 ], [ -108.489850846232827, 27.774060405033506 ], [ -108.481743010137464, 27.763483100568287 ], [ -108.457721188226714, 27.791935737438624 ], [ -108.443922942895341, 27.774388897016081 ], [ -108.447299976568544, 27.767821297106448 ], [ -108.446798102719129, 27.759227772496235 ], [ -108.451202326111044, 27.75496430333698 ], [ -108.43990110939778, 27.72970059616183 ], [ -108.444272490664417, 27.715019853066259 ], [ -108.443916658447193, 27.707830283820954 ], [ -108.439967409178763, 27.700926542497825 ], [ -108.434410076643914, 27.702638455623468 ], [ -108.431527567332608, 27.70068420671614 ], [ -108.428694466462403, 27.693685716779864 ], [ -108.428469243988957, 27.678474388892891 ], [ -108.431638574231769, 27.674720646737867 ], [ -108.428417199292625, 27.666568559077568 ], [ -108.426304230194205, 27.666259774874785 ], [ -108.413220913164039, 27.679045618800885 ], [ -108.409117842474416, 27.686860111852464 ], [ -108.408517579643714, 27.696705690337829 ], [ -108.402622849097398, 27.7093341529336 ], [ -108.408662340409947, 27.715060056286976 ], [ -108.410547275515555, 27.725128073624681 ], [ -108.40867127948691, 27.732588943124007 ], [ -108.382425237108066, 27.736991057654027 ], [ -108.36330222347182, 27.736273578077348 ], [ -108.356641670406688, 27.721704267279016 ], [ -108.356657844159173, 27.714096901928343 ], [ -108.339017057757687, 27.730312072257426 ], [ -108.335747786754411, 27.736132219619513 ], [ -108.337470083367137, 27.743888041166109 ], [ -108.331853881919045, 27.750557978814438 ], [ -108.319017593638705, 27.746878925280036 ], [ -108.309365602681709, 27.749039070137723 ], [ -108.288213569037453, 27.74535387863801 ], [ -108.270698078909817, 27.738663199627997 ], [ -108.273863111061175, 27.730734880629971 ], [ -108.279324446632813, 27.729690707112344 ], [ -108.284328608113071, 27.724008007096725 ], [ -108.294871672631032, 27.722744321506688 ], [ -108.295632817933267, 27.720596423242327 ], [ -108.289880692742159, 27.711954306169471 ], [ -108.280025353148119, 27.705191854225955 ], [ -108.283027713295709, 27.701732619906416 ], [ -108.306448169484355, 27.701039420117286 ], [ -108.308750103295949, 27.707426367225974 ], [ -108.309225224205605, 27.725226354446402 ], [ -108.313907017209175, 27.728563704474617 ], [ -108.317028039397073, 27.725683886957764 ], [ -108.31499027220174, 27.717146426810015 ], [ -108.330582292016473, 27.71963317886091 ], [ -108.334725068210801, 27.712785344762647 ], [ -108.349906343427079, 27.704258569666717 ], [ -108.349320330451036, 27.6999511099303 ], [ -108.34230737659388, 27.693787964463024 ], [ -108.342577790206377, 27.690892263928625 ], [ -108.375198882461191, 27.685105154806401 ], [ -108.379894847503948, 27.686536541181056 ], [ -108.381890166566279, 27.684725774543391 ], [ -108.383301384761182, 27.678193915503936 ], [ -108.380981155199265, 27.673795006537087 ], [ -108.372728196369195, 27.667875323523823 ], [ -108.37373078723725, 27.666307835623442 ], [ -108.386610753863366, 27.666208728363944 ], [ -108.387642081270542, 27.660750966229635 ], [ -108.383711824673469, 27.656426607420894 ], [ -108.386973185925683, 27.650814749611946 ], [ -108.386390582765472, 27.645928131595056 ], [ -108.391489539845608, 27.64289159485056 ], [ -108.398535516923729, 27.644417233185436 ], [ -108.400907910067005, 27.64169768926471 ], [ -108.409179909795569, 27.644884376861253 ], [ -108.411912049943254, 27.643739117309583 ], [ -108.410971432789481, 27.63686440384507 ], [ -108.414499387087574, 27.628356387879766 ], [ -108.397947790497483, 27.623389987521662 ], [ -108.405491844750301, 27.607452931840609 ], [ -108.41414876664804, 27.608406661616847 ], [ -108.419510640275689, 27.602887476493574 ], [ -108.429546835052435, 27.601281161811556 ], [ -108.433563928197373, 27.593271871265653 ], [ -108.432032338954983, 27.582421484384462 ], [ -108.425018113309093, 27.577007106032376 ], [ -108.420631496162301, 27.567632283064466 ], [ -108.416566229288364, 27.565211703933024 ], [ -108.413518059916143, 27.55907132650605 ], [ -108.399466176772592, 27.552130016707341 ], [ -108.402085440700105, 27.549246330018686 ], [ -108.409739600156328, 27.551354482048577 ], [ -108.415820888615087, 27.548653535597225 ], [ -108.417089234378579, 27.544355716199057 ], [ -108.425661043159124, 27.539266438809548 ], [ -108.424876024417742, 27.528088359298103 ], [ -108.432380149429889, 27.516454568543292 ], [ -108.438925871534721, 27.517645354493602 ], [ -108.449949067977585, 27.515215413648651 ], [ -108.4617731972656, 27.522058578756607 ], [ -108.467695424944367, 27.524072705051399 ], [ -108.470671294264989, 27.522927749171298 ], [ -108.464105254775674, 27.506674433593737 ], [ -108.469467118016041, 27.482117082775247 ], [ -108.438893049386039, 27.470300044582768 ], [ -108.441260081577653, 27.450446494466252 ], [ -108.431850266923064, 27.435749331141849 ], [ -108.433630043604481, 27.428888095846794 ], [ -108.413357381526424, 27.413306982698561 ], [ -108.413679733740338, 27.403210218542945 ], [ -108.410876834433438, 27.398063769658584 ], [ -108.405808988231016, 27.398451354245147 ], [ -108.40219529234264, 27.402571239413064 ], [ -108.385864892154927, 27.405547623074586 ], [ -108.384420115657164, 27.40065610769787 ], [ -108.379873093345665, 27.397568945953534 ], [ -108.378878576536934, 27.382498234608331 ], [ -108.366019823336444, 27.384083593376822 ], [ -108.364672918329845, 27.38258617532642 ], [ -108.380546744396653, 27.374477921584738 ], [ -108.378524165777691, 27.348806119160191 ], [ -108.360870012244021, 27.348294993396436 ], [ -108.36097188346308, 27.335547688090706 ], [ -108.347615688975807, 27.322972795056639 ], [ -108.346206414936688, 27.314107344618844 ], [ -108.340499722007465, 27.302485436031226 ], [ -108.34104985487879, 27.295617840826377 ], [ -108.344929450584672, 27.289100505958505 ], [ -108.358184029941143, 27.278610930651283 ], [ -108.362648448080549, 27.27816647314236 ], [ -108.369082638971634, 27.269789134323936 ], [ -108.369812270465872, 27.261947492320527 ], [ -108.37972906608772, 27.259717622907147 ], [ -108.38703527927963, 27.254502292126887 ], [ -108.38777146976426, 27.250579116158381 ], [ -108.391364880787236, 27.249305654235165 ], [ -108.395178988595163, 27.234774557780142 ], [ -108.398766962037527, 27.231166578712724 ], [ -108.412644630005602, 27.227658609197487 ], [ -108.421089347783038, 27.234106223888965 ], [ -108.429639174075135, 27.232132194838204 ], [ -108.434613491575377, 27.238518523341423 ], [ -108.439823693403582, 27.239734154246086 ], [ -108.449736590865854, 27.237499618132713 ], [ -108.455042430688991, 27.227709425573959 ], [ -108.455515337299929, 27.218785801580623 ], [ -108.467793569118726, 27.221202607700487 ], [ -108.475099219385328, 27.218317494743673 ], [ -108.471964493003668, 27.205083868836407 ], [ -108.473806598861373, 27.198818563794656 ], [ -108.48346248413921, 27.194916444751762 ], [ -108.489497196664232, 27.181618847219717 ], [ -108.48252775917004, 27.170663235392535 ], [ -108.485114351857092, 27.165142972264753 ], [ -108.495263963739248, 27.161737061321318 ], [ -108.500883305656473, 27.134269909632248 ], [ -108.496406691158796, 27.128049025003161 ], [ -108.499593440772841, 27.116355288317681 ], [ -108.498950800193697, 27.108106545065645 ], [ -108.487657085084422, 27.098931829301076 ], [ -108.47759061263757, 27.084912257215699 ], [ -108.483238351623584, 27.067116021347619 ], [ -108.480253730226508, 27.061884381554787 ], [ -108.480804258680791, 27.035702998803949 ], [ -108.476821844485443, 27.026976533771975 ], [ -108.473730829059676, 27.027997999219611 ], [ -108.470903950998519, 27.035687127402948 ], [ -108.461717816339572, 27.023994021655081 ], [ -108.446872920446751, 27.025843596386739 ], [ -108.418390044614227, 27.015440492917865 ], [ -108.415286695969712, 27.010457932828825 ], [ -108.424426965667308, 27.012976654000557 ], [ -108.433183227174354, 27.00826999832729 ], [ -108.44832890134974, 27.009761427456887 ], [ -108.454366999310196, 27.008357977484355 ], [ -108.460903588272359, 27.004145077571074 ], [ -108.461536402352621, 26.996213101046575 ], [ -108.460068298789352, 26.991751100611594 ], [ -108.452692834407344, 26.985883325291734 ], [ -108.476850643453602, 26.981426809233668 ], [ -108.50485975989632, 26.995529833062374 ], [ -108.507024093703862, 27.009372623318001 ], [ -108.538587936460758, 27.004239604865813 ], [ -108.557627398129668, 27.006311852943838 ], [ -108.544462782785743, 27.035194514985026 ], [ -108.56355874516855, 27.031931698363348 ], [ -108.579202142366469, 27.025637526114103 ], [ -108.5898084419253, 27.025246180383277 ], [ -108.594416036506502, 27.020824835512624 ], [ -108.599168512710548, 27.025228195382983 ], [ -108.599110262981313, 27.032964534392391 ], [ -108.601906465257784, 27.033890551632673 ], [ -108.600875417861275, 27.038182706904372 ], [ -108.607126658893904, 27.045215599751483 ], [ -108.615465266459779, 27.04616079598874 ], [ -108.636657595853734, 27.061763260004025 ], [ -108.642559293459854, 27.071528878114236 ], [ -108.632700008912508, 27.090504360347772 ], [ -108.631166823345296, 27.098191482920591 ], [ -108.622336775013167, 27.103388006882419 ], [ -108.614468809237195, 27.115439179511299 ], [ -108.613661547186069, 27.126561859221447 ], [ -108.61938346975613, 27.144060653039865 ], [ -108.623860556072813, 27.146207499906236 ], [ -108.630742590969675, 27.145589876414792 ], [ -108.627681403754409, 27.163032188945834 ], [ -108.631351100506365, 27.1701897190413 ], [ -108.630802939349891, 27.180077170806761 ], [ -108.63462433360958, 27.182165905924933 ], [ -108.634713301180653, 27.187786193036459 ], [ -108.643995901368427, 27.190513632071404 ], [ -108.654505959798612, 27.197217264518805 ], [ -108.657575826147109, 27.238241877253653 ], [ -108.629134857178684, 27.267682811347679 ], [ -108.623031036297363, 27.276969663952514 ], [ -108.612098913431609, 27.283690589162209 ], [ -108.613814182714876, 27.290070886914176 ], [ -108.611441878639724, 27.295128021923482 ], [ -108.614880241563895, 27.305650880721078 ], [ -108.607672603920506, 27.310214173561725 ], [ -108.60379806017724, 27.319333228567928 ], [ -108.595470259841647, 27.324642650794171 ], [ -108.608447149810985, 27.339631731160434 ], [ -108.612748321513962, 27.349544705616207 ], [ -108.612927735937589, 27.36070369620403 ], [ -108.603472953493025, 27.372634598252276 ], [ -108.625744299908064, 27.365598840041262 ], [ -108.617561941588463, 27.379665366825169 ], [ -108.616610501144763, 27.389679898810261 ], [ -108.634194774871901, 27.428745268824514 ], [ -108.633155707310792, 27.433304413745272 ], [ -108.623771865769982, 27.434571297812834 ], [ -108.615838933950144, 27.433753937431337 ], [ -108.593561632016119, 27.425825165595164 ], [ -108.571122210516819, 27.430957252510822 ], [ -108.580936597607391, 27.448952484550887 ], [ -108.583312781179714, 27.458267862450885 ], [ -108.588285337566091, 27.459616768941711 ], [ -108.594148610588846, 27.454754692507446 ], [ -108.602447642216518, 27.455155598518576 ], [ -108.611843752967687, 27.462157214461641 ], [ -108.610942084884741, 27.467624102582402 ], [ -108.615080970992494, 27.478571727246795 ], [ -108.636184517820652, 27.474605019944985 ], [ -108.645723902249443, 27.475071283838005 ], [ -108.653628019328522, 27.481425947006251 ], [ -108.659748040873566, 27.492100234586626 ], [ -108.660976559611925, 27.498947193763271 ], [ -108.651602486464952, 27.52344674437629 ], [ -108.646330438151779, 27.526650880641448 ], [ -108.630112373276248, 27.527007709721289 ], [ -108.62813355463436, 27.542242587610211 ], [ -108.634468547017605, 27.543325433232393 ], [ -108.64097189554353, 27.539611061135975 ], [ -108.647543470750193, 27.540029144280176 ], [ -108.655068845415357, 27.545643748990091 ], [ -108.661909220297545, 27.547297949681496 ], [ -108.668083177168043, 27.55350663038956 ], [ -108.68936244269851, 27.559200817768527 ], [ -108.737143518179408, 27.599693911934072 ], [ -108.725938268558863, 27.625129907158755 ], [ -108.719753317970969, 27.63297772559374 ], [ -108.703352767162599, 27.630784079064092 ], [ -108.690671247278402, 27.635817576947769 ], [ -108.67866596397252, 27.636956375987914 ], [ -108.66712448424191, 27.643544667893686 ], [ -108.662800512022542, 27.651781158031127 ], [ -108.658971669155179, 27.652654050205033 ], [ -108.66770891475386, 27.678010314768155 ], [ -108.651425630307486, 27.683167131664671 ], [ -108.646312121199415, 27.688850042894277 ], [ -108.645878186117017, 27.699932958668935 ], [ -108.650953184723946, 27.714008403125966 ], [ -108.63681753203231, 27.714425919188333 ], [ -108.632755060685852, 27.723733421264654 ], [ -108.629517452840631, 27.723027936725966 ], [ -108.626792697749778, 27.715867984833615 ], [ -108.619715678644852, 27.715538444864062 ], [ -108.6181346966723, 27.717458553382642 ], [ -108.617623436873728, 27.731518664774455 ], [ -108.623444218223355, 27.738311431801012 ], [ -108.623682563415215, 27.745170256454632 ], [ -108.62070760276346, 27.745370874328138 ], [ -108.628189396312095, 27.754954441248753 ], [ -108.636902837404236, 27.756503791328996 ], [ -108.638865556501017, 27.762515143671294 ], [ -108.636915838227424, 27.772045498324729 ], [ -108.628651422997805, 27.782560706577879 ], [ -108.606852911059221, 27.793070331694182 ], [ -108.56273060303036, 27.797799520497264 ] ] ] } },
{ "type": "Feature", "properties": { "cve_edo": "08", "cve_mpo_ine": "021", "cve_edo_mpo_ine": "08021", "nom_mpo": "DELICIAS", "nom_edo": "Chihuahua", "alianza_ganadora": "Va por México", "margen_pp": 28.946816688797259, "por_participacion": 48.14319479842203 }, "geometry": { "type": "Polygon", "coordinates": [ [ [ -105.388724368544047, 28.310658313164492 ], [ -105.378596367441489, 28.306302902265614 ], [ -105.357074883604497, 28.30717379086412 ], [ -105.347515132145929, 28.300874962793127 ], [ -105.342969607387303, 28.300535863589289 ], [ -105.336046347939586, 28.289241136833137 ], [ -105.323006956108173, 28.283578973638125 ], [ -105.31352130788224, 28.285429639368459 ], [ -105.311705136500038, 28.281914126396163 ], [ -105.315453518069248, 28.271877418703205 ], [ -105.312077231663622, 28.265673404639493 ], [ -105.319190652829164, 28.266564032253616 ], [ -105.320749785142567, 28.263079566117863 ], [ -105.323183937776378, 28.266013662195199 ], [ -105.326863751485348, 28.260410027061205 ], [ -105.329110301551353, 28.261646075580316 ], [ -105.342397685208809, 28.255598424297901 ], [ -105.349573866377469, 28.258102929582861 ], [ -105.351756430438996, 28.25585894440977 ], [ -105.351877753562704, 28.249188815288978 ], [ -105.357988450071602, 28.243576580260672 ], [ -105.352930228749258, 28.233816029259554 ], [ -105.35592434565234, 28.233765016883606 ], [ -105.356422304001896, 28.231857770541389 ], [ -105.351365719784596, 28.223919930446183 ], [ -105.362215128379077, 28.218416633213927 ], [ -105.361887829882477, 28.192939949722756 ], [ -105.354294043547227, 28.193982960273551 ], [ -105.346607089352048, 28.184413349452743 ], [ -105.362443182574381, 28.18336842634541 ], [ -105.36244858351931, 28.069519438183217 ], [ -105.368980543906687, 28.066639307806867 ], [ -105.374612590129985, 28.071079291287059 ], [ -105.381960844278993, 28.069441571249666 ], [ -105.383818767923131, 28.079581523105542 ], [ -105.393492976657029, 28.081671785052354 ], [ -105.400026925721903, 28.079203888620121 ], [ -105.402292771895702, 28.071182981678884 ], [ -105.40071441602494, 28.067290786110668 ], [ -105.405815880913224, 28.065274587555461 ], [ -105.421804842204949, 28.047435758320578 ], [ -105.424485624383919, 28.04756523443298 ], [ -105.431201651855233, 28.056307534575073 ], [ -105.473527243043605, 28.056590048223011 ], [ -105.473875004974403, 28.052039932408274 ], [ -105.470445148965695, 28.051744704331472 ], [ -105.473735559461844, 28.049474772775206 ], [ -105.474093149117493, 28.035823283079882 ], [ -105.498229997405545, 28.032444659018534 ], [ -105.498013694465186, 28.024064597413286 ], [ -105.501911172293319, 28.01930769403619 ], [ -105.515886228220083, 28.011492657926041 ], [ -105.516915604355603, 28.019343043851229 ], [ -105.539945429376019, 28.011142231993279 ], [ -105.550211097963086, 28.013572850357026 ], [ -105.552147498043993, 28.012225446760663 ], [ -105.547184527305831, 28.006739757855961 ], [ -105.562623346527729, 28.006566791568861 ], [ -105.597787339580222, 27.969142383869013 ], [ -105.676091866579085, 28.048844775636415 ], [ -105.661369015316737, 28.060462213025986 ], [ -105.65305411982159, 28.077075672813947 ], [ -105.642376719997941, 28.077450802770397 ], [ -105.640820965479975, 28.083979688833519 ], [ -105.643908253975994, 28.096168999562448 ], [ -105.576516185565865, 28.124027969055987 ], [ -105.574940134891548, 28.125680598145163 ], [ -105.578058805588725, 28.128275191091483 ], [ -105.555252285833049, 28.13826750695285 ], [ -105.555006884834199, 28.14252342735471 ], [ -105.541398278783049, 28.150029805591206 ], [ -105.532859286693267, 28.164536671463708 ], [ -105.534826307798852, 28.17333960546997 ], [ -105.531965966364211, 28.173792589782867 ], [ -105.527422006052319, 28.179781743480326 ], [ -105.522694706395939, 28.181885959067788 ], [ -105.500449877174646, 28.181787179786873 ], [ -105.494667064647444, 28.183889801652207 ], [ -105.501605854595368, 28.228192226744607 ], [ -105.5004165972789, 28.232530028426282 ], [ -105.515869563396777, 28.247789076614332 ], [ -105.510471961187136, 28.253678159516067 ], [ -105.492423207756815, 28.251035380445611 ], [ -105.485256754237255, 28.259293300485922 ], [ -105.470698825152837, 28.262667976643115 ], [ -105.457980536986724, 28.252860669672561 ], [ -105.459174236951313, 28.244019518426917 ], [ -105.449957975630198, 28.243021312084338 ], [ -105.450435663125532, 28.251576919786295 ], [ -105.439579833575323, 28.251103537326706 ], [ -105.434466666924479, 28.253948605785475 ], [ -105.434266197768608, 28.262542910944635 ], [ -105.408699355005268, 28.263127927889968 ], [ -105.407889438459875, 28.270410981745457 ], [ -105.39974049552923, 28.27020175355285 ], [ -105.399557231669675, 28.281451851029029 ], [ -105.403812693242557, 28.284244127556679 ], [ -105.40537466582002, 28.297626351267823 ], [ -105.401816109189468, 28.303695089511805 ], [ -105.40540565572401, 28.310105333966014 ], [ -105.388724368544047, 28.310658313164492 ] ] ] } },
{ "type": "Feature", "properties": { "cve_edo": "08", "cve_mpo_ine": "022", "cve_edo_mpo_ine": "08022", "nom_mpo": "DR. BELISARIO DOMINGUEZ", "nom_edo": "Chihuahua", "alianza_ganadora": "Va por México", "margen_pp": 16.016073478760045, "por_participacion": 56.853785900783294 }, "geometry": { "type": "Polygon", "coordinates": [ [ [ -106.530837293373665, 28.199453125922588 ], [ -106.523876166844289, 28.198044136985153 ], [ -106.501775092472982, 28.17298967660119 ], [ -106.494538158956757, 28.195047679442386 ], [ -106.463110733646033, 28.177250523117859 ], [ -106.452343392434187, 28.181603216643193 ], [ -106.447445482665088, 28.178720211646127 ], [ -106.437745068556424, 28.181104808869684 ], [ -106.406175653445601, 28.178086289591526 ], [ -106.404430995344157, 28.180149653368041 ], [ -106.395983075327067, 28.177657479349797 ], [ -106.383448094740629, 28.1687121202371 ], [ -106.371004331280389, 28.174393033855509 ], [ -106.338791799457184, 28.180530870497325 ], [ -106.326877421699351, 28.17339952014186 ], [ -106.322294532691984, 28.16760501210408 ], [ -106.321195958467555, 28.160578134327356 ], [ -106.324209302469342, 28.149923696125803 ], [ -106.31563438403073, 28.149740111972111 ], [ -106.30236903969994, 28.138967209866401 ], [ -106.296408161882937, 28.138743763257487 ], [ -106.28900750654752, 28.128663699330424 ], [ -106.279889835170536, 28.123898762209919 ], [ -106.255746340939766, 28.104314871778499 ], [ -106.26401609756978, 28.099008510760093 ], [ -106.274398975798036, 28.082401133232811 ], [ -106.279080322920649, 28.08656616767734 ], [ -106.283063218170199, 28.086347989177874 ], [ -106.315653395948033, 28.098150044301171 ], [ -106.322368056708413, 28.098445899695836 ], [ -106.333638089316182, 28.091339673722782 ], [ -106.344929982109747, 28.094062017967989 ], [ -106.354411241118527, 28.091402011675797 ], [ -106.365589196861819, 28.093130666783431 ], [ -106.376072953827759, 28.102122337739619 ], [ -106.387414230648389, 28.100050763305386 ], [ -106.390288305355099, 28.098748306956566 ], [ -106.394481619989634, 28.089772954917695 ], [ -106.383081388076604, 28.072847147225801 ], [ -106.38061860187689, 28.057880349240254 ], [ -106.365461756935403, 28.044148792235749 ], [ -106.37125065397484, 28.037249961923806 ], [ -106.374830139951627, 28.02744499872448 ], [ -106.379075654116676, 28.025573936531121 ], [ -106.390490781460699, 28.027798040997961 ], [ -106.394995191932495, 28.024854446089552 ], [ -106.403130926015933, 28.031928982152728 ], [ -106.429942757588663, 28.036314954611949 ], [ -106.444500414158213, 28.0350854105046 ], [ -106.450322519282082, 28.037351874351629 ], [ -106.461518084599206, 28.036677734236847 ], [ -106.462660516086558, 28.034124275107001 ], [ -106.43646244603498, 28.004226146289433 ], [ -106.429991109981003, 27.992043160516033 ], [ -106.429244840151256, 27.979070571209633 ], [ -106.425532263497601, 27.977477400051544 ], [ -106.421005618495059, 27.970097006135894 ], [ -106.416654718870802, 27.970316606511535 ], [ -106.396570451249545, 27.953169297119054 ], [ -106.386563251246372, 27.947568239928192 ], [ -106.384131540423809, 27.942265498642985 ], [ -106.385296306937661, 27.9375651736013 ], [ -106.374365250533032, 27.937573699822131 ], [ -106.361978863992462, 27.946326945158532 ], [ -106.336650105827118, 27.956970503854443 ], [ -106.332133835900407, 27.961151094984412 ], [ -106.328914079313023, 27.960136938883934 ], [ -106.320968550149431, 27.947772381163354 ], [ -106.316975135945114, 27.949478204170919 ], [ -106.31253206051116, 27.946720156590192 ], [ -106.301641240357256, 27.931276622307486 ], [ -106.294118387930979, 27.926264991610029 ], [ -106.29810271591532, 27.913821444041279 ], [ -106.295744692562067, 27.902157030679724 ], [ -106.303388785852462, 27.884123394467345 ], [ -106.308348181479204, 27.861526597594775 ], [ -106.314407039197647, 27.852071521126778 ], [ -106.307915672776588, 27.843928976484161 ], [ -106.299489148985785, 27.842710465371624 ], [ -106.29191934568567, 27.83117234836855 ], [ -106.298401341525533, 27.82849460222614 ], [ -106.302396287535615, 27.814729342533468 ], [ -106.310269125588036, 27.80950064264545 ], [ -106.312303466431842, 27.804889746711243 ], [ -106.331729248956464, 27.798091887543649 ], [ -106.338599344762073, 27.793597889453785 ], [ -106.354808512774667, 27.809737359143313 ], [ -106.36190703596462, 27.807143663213253 ], [ -106.36863140448061, 27.792487172223797 ], [ -106.377762997939669, 27.784950665472213 ], [ -106.380220915149749, 27.774890086730881 ], [ -106.386407962965379, 27.776336478062991 ], [ -106.405845514703387, 27.792574277612285 ], [ -106.419321949658709, 27.79720618143503 ], [ -106.429378014235184, 27.809331199176036 ], [ -106.44186414664847, 27.814036950414526 ], [ -106.460486016826721, 27.812832843217844 ], [ -106.486168271887266, 27.785485652533502 ], [ -106.490745069375052, 27.787138569915992 ], [ -106.490361087787051, 27.795650230512191 ], [ -106.492957011787198, 27.799371702306725 ], [ -106.501618184956968, 27.80673511307592 ], [ -106.50743972841282, 27.807401548348651 ], [ -106.515231243891563, 27.818068866231815 ], [ -106.518192798396285, 27.828070742620078 ], [ -106.52314200559573, 27.834189986720183 ], [ -106.515200691682367, 27.843274063553554 ], [ -106.51086548377198, 27.841617633129342 ], [ -106.511244343350398, 27.835915788931839 ], [ -106.506526679463292, 27.842853465105843 ], [ -106.50008007248114, 27.84483098208548 ], [ -106.506761598222809, 27.852935768833234 ], [ -106.505749100701522, 27.869297597072467 ], [ -106.499781550349311, 27.882679897589259 ], [ -106.48911620443063, 27.885562095390597 ], [ -106.484272939836131, 27.891259374777878 ], [ -106.467151726424234, 27.898761019689136 ], [ -106.454855481066872, 27.911142489123634 ], [ -106.460797728780719, 27.917017189413176 ], [ -106.49054718856344, 27.925891808616907 ], [ -106.495633893011814, 27.924409135903542 ], [ -106.501205134886519, 27.931686488442732 ], [ -106.513727847796318, 27.934754708740993 ], [ -106.522775685671263, 27.940298420032246 ], [ -106.525132560962263, 27.940052205919802 ], [ -106.526875819348177, 27.933607636726549 ], [ -106.542872727327861, 27.936014457545774 ], [ -106.549194688026034, 27.93998463064754 ], [ -106.55650429441026, 27.950483332267677 ], [ -106.576221103852404, 27.960325185189895 ], [ -106.609712964259501, 27.967934782679066 ], [ -106.617901484914839, 27.965043024643631 ], [ -106.631547310873501, 27.96892658949546 ], [ -106.64234039945201, 27.964545769714761 ], [ -106.647054479341733, 27.964875529202128 ], [ -106.671374479697434, 27.983461476327431 ], [ -106.661824636085811, 28.001726664019216 ], [ -106.656240911066917, 28.005281495294909 ], [ -106.655373543442849, 28.013462447634506 ], [ -106.651527007786541, 28.020074091366904 ], [ -106.656619550828978, 28.040235319914352 ], [ -106.647186341755543, 28.05412006517955 ], [ -106.649422103247261, 28.061226016433992 ], [ -106.648429525734898, 28.067093204225952 ], [ -106.653894564009775, 28.075355118068522 ], [ -106.645452267813738, 28.093866984490894 ], [ -106.64197480938941, 28.096511966146437 ], [ -106.619741707041598, 28.097836677010228 ], [ -106.608563751414522, 28.094200713560674 ], [ -106.602227272640008, 28.101306811193158 ], [ -106.588688974679755, 28.098908500748244 ], [ -106.578749125204723, 28.104773324115317 ], [ -106.574770597351261, 28.111383027897318 ], [ -106.573896243167397, 28.120224713164664 ], [ -106.576130962151353, 28.123200198136566 ], [ -106.589298979205196, 28.126673808928647 ], [ -106.586067196388896, 28.130143847820246 ], [ -106.592153182828596, 28.136011945894875 ], [ -106.590909908108983, 28.137994971878403 ], [ -106.569416492905958, 28.132783851819909 ], [ -106.559349275346975, 28.137077301828874 ], [ -106.546551667201911, 28.135997441994977 ], [ -106.549381817255053, 28.173019380748826 ], [ -106.572125817461227, 28.177820516631069 ], [ -106.582562907476884, 28.18798703206782 ], [ -106.574978294331785, 28.190877482366531 ], [ -106.547132107074006, 28.189297448637603 ], [ -106.530837293373665, 28.199453125922588 ] ] ] } },
{ "type": "Feature", "properties": { "cve_edo": "08", "cve_mpo_ine": "064", "cve_edo_mpo_ine": "08064", "nom_mpo": "EL TULE", "nom_edo": "Chihuahua", "alianza_ganadora": "Va por México", "margen_pp": 62.048192771084338, "por_participacion": 57.464301168325406 }, "geometry": { "type": "Polygon", "coordinates": [ [ [ -106.453818472596865, 27.199533013378346 ], [ -106.452283705190709, 27.194997137318275 ], [ -106.459778023110417, 27.184914279324879 ], [ -106.459478505941519, 27.171348291714683 ], [ -106.454404934550979, 27.159399940355861 ], [ -106.443901375176679, 27.145765382643081 ], [ -106.427428267877914, 27.145837647266255 ], [ -106.408728392290314, 27.154616049121799 ], [ -106.387009339930913, 27.158124161712138 ], [ -106.373078422229497, 27.15510568013147 ], [ -106.370463375334438, 27.152398709708994 ], [ -106.36150304589026, 27.153636936388434 ], [ -106.344996565483555, 27.151052179063175 ], [ -106.344232210773583, 27.148824903496568 ], [ -106.324592966895409, 27.141135221328678 ], [ -106.316319213704475, 27.1345061695128 ], [ -106.304235121815779, 27.134855387988225 ], [ -106.304274513281939, 27.127656609553224 ], [ -106.301552235428076, 27.126107560815143 ], [ -106.292461558922554, 27.126597776929373 ], [ -106.288873396267007, 27.124559286925244 ], [ -106.28250472344159, 27.126598162244214 ], [ -106.266694825992388, 27.14170490577029 ], [ -106.258331883992369, 27.141442301022902 ], [ -106.249771489956927, 27.134478712347267 ], [ -106.227833392502006, 27.151864653348294 ], [ -106.220307809225787, 27.149524603165926 ], [ -106.211347422115281, 27.150918759955644 ], [ -106.183128095440438, 27.144930650192467 ], [ -106.178221891941988, 27.146043555951557 ], [ -106.169919517526381, 27.139817717397733 ], [ -106.166585866622029, 27.126603794659509 ], [ -106.166391925417287, 27.107905212934231 ], [ -106.17150105822391, 27.102819536338231 ], [ -106.194340323632275, 27.100908382857206 ], [ -106.195440100960994, 27.094528705919871 ], [ -106.192760652109683, 27.079407236475063 ], [ -106.19470548406521, 27.065822384210268 ], [ -106.204201159879702, 27.057640332184445 ], [ -106.227545292321224, 27.057871425080307 ], [ -106.228468253122159, 27.029814180676954 ], [ -106.213191088255385, 27.013964597416138 ], [ -106.209186446015153, 27.006962518859815 ], [ -106.206579705761669, 26.992833492218036 ], [ -106.228621250948692, 26.976112338554227 ], [ -106.232488906643198, 26.970537907351702 ], [ -106.226677680465315, 26.955358898237105 ], [ -106.215038208394574, 26.945851736043608 ], [ -106.212639255496384, 26.939581816009913 ], [ -106.201019242176542, 26.931645407734838 ], [ -106.189742593034467, 26.932890099908363 ], [ -106.178515261225101, 26.927100166036464 ], [ -106.177767727473807, 26.9141974899403 ], [ -106.179190949835601, 26.909470279893743 ], [ -106.183016521452373, 26.908479884248518 ], [ -106.182110300330251, 26.907048645655539 ], [ -106.132442802818076, 26.903833165471688 ], [ -106.137306591204066, 26.892568180504945 ], [ -106.136871512652291, 26.88586884938843 ], [ -106.144353758749062, 26.873650843671996 ], [ -106.143948354547888, 26.869930191646294 ], [ -106.137154321251813, 26.865097367763955 ], [ -106.137480013353112, 26.86087492314336 ], [ -106.142638798287578, 26.861665030496884 ], [ -106.1538864067265, 26.858190306066625 ], [ -106.161775853699638, 26.861212658902673 ], [ -106.161101840476974, 26.863673746390329 ], [ -106.180401269597482, 26.876509027794004 ], [ -106.181513865472667, 26.884287028333318 ], [ -106.188650790139306, 26.894963519806243 ], [ -106.191351495032436, 26.891986035457503 ], [ -106.197127059439012, 26.891905494456029 ], [ -106.199950862726993, 26.889424329442193 ], [ -106.221337330019935, 26.893401418632941 ], [ -106.227480706077216, 26.892657801380022 ], [ -106.229326993265104, 26.894974712173049 ], [ -106.235958349685802, 26.891583187289427 ], [ -106.246656449319133, 26.896547928789463 ], [ -106.249002791033533, 26.904325217404224 ], [ -106.245934542745488, 26.907221017786785 ], [ -106.251236110275542, 26.918473191894009 ], [ -106.251244797748072, 26.924264769450723 ], [ -106.255310922729009, 26.93063529905994 ], [ -106.264661593745473, 26.935764046837562 ], [ -106.26861668965887, 26.948587573871137 ], [ -106.281049951156703, 26.957520448199933 ], [ -106.298442016242248, 26.986224009129373 ], [ -106.346752319446821, 27.028556524182463 ], [ -106.34999693005561, 27.047499917431164 ], [ -106.34362288494161, 27.057846314203655 ], [ -106.357534084664607, 27.059986509229599 ], [ -106.368848719848359, 27.057246499244624 ], [ -106.374024191678927, 27.059889121937719 ], [ -106.38017659973859, 27.05963496330202 ], [ -106.383405540441203, 27.070386851655478 ], [ -106.390562260668219, 27.076997902866896 ], [ -106.396215909604209, 27.074178873549123 ], [ -106.406678352789527, 27.074497796288728 ], [ -106.428098975495018, 27.076208131751926 ], [ -106.435494441969041, 27.079589983166901 ], [ -106.48193793938438, 27.057180882006595 ], [ -106.48919982563784, 27.125958425245159 ], [ -106.495824909268819, 27.133178543601097 ], [ -106.497881360954068, 27.14385420898326 ], [ -106.502541165894485, 27.149908684095021 ], [ -106.498570802130672, 27.158080549744781 ], [ -106.498050060222738, 27.166100074555892 ], [ -106.501374006421287, 27.173027691719501 ], [ -106.489959589178397, 27.179491890350441 ], [ -106.478442782932618, 27.182748333830528 ], [ -106.471551363705416, 27.1824014958849 ], [ -106.465109929920857, 27.188255241663363 ], [ -106.4637369014781, 27.196128444852977 ], [ -106.453818472596865, 27.199533013378346 ] ] ] } },
{ "type": "Feature", "properties": { "cve_edo": "08", "cve_mpo_ine": "023", "cve_edo_mpo_ine": "08023", "nom_mpo": "GALEANA", "nom_edo": "Chihuahua", "alianza_ganadora": "Va por México", "margen_pp": 18.839541547277936, "por_participacion": 57.154554759467757 }, "geometry": { "type": "Polygon", "coordinates": [ [ [ -107.684546132246496, 30.387204502604831 ], [ -107.672338624671482, 30.377113770768105 ], [ -107.63282655602103, 30.369869884808185 ], [ -107.618599220113978, 30.374082061593867 ], [ -107.59307683674669, 30.35125127844405 ], [ -107.561125966459926, 30.373189530858077 ], [ -107.509915076432108, 30.367857171912078 ], [ -107.473289741696647, 30.343265216535986 ], [ -107.448557768039763, 30.316011541938789 ], [ -107.460940490119413, 30.30523723382283 ], [ -107.473051876444401, 30.28436613424153 ], [ -107.473203883086853, 30.278178355014351 ], [ -107.463040518857298, 30.264993167208647 ], [ -107.463629520172233, 30.251374627040761 ], [ -107.460275661887138, 30.244229923022854 ], [ -107.450575047320314, 30.236393813285403 ], [ -107.454899986577431, 30.063956014769104 ], [ -107.459417468956275, 30.067572125878797 ], [ -107.475323883759629, 30.071772734726341 ], [ -107.487561395804093, 30.06862760040476 ], [ -107.500580472827423, 30.059280035502002 ], [ -107.511840870183889, 30.055122747759892 ], [ -107.525753060670681, 30.055649103323574 ], [ -107.536347885567295, 30.003470239868609 ], [ -107.525344875575044, 29.969897419548101 ], [ -107.533285235266135, 29.960037486527572 ], [ -107.578143900470906, 29.932682990841709 ], [ -107.643483738152014, 29.956742017971152 ], [ -107.781760994833505, 29.954507368393482 ], [ -107.791712771513446, 30.021316129626893 ], [ -107.803695696924152, 30.018859155873699 ], [ -107.825504249945027, 30.026568093143517 ], [ -107.850212264930931, 30.020158612954905 ], [ -107.861623638302035, 30.024047757507066 ], [ -107.867401475382891, 30.020467995333505 ], [ -107.873124091830618, 30.011364845302001 ], [ -107.885803648202838, 30.015738810143123 ], [ -107.906966557335238, 30.009340894282065 ], [ -107.912409505972718, 30.010295522821377 ], [ -107.918890449199125, 30.001680437119759 ], [ -107.92254722345811, 30.000997377678065 ], [ -107.93827054635976, 30.006418220301445 ], [ -107.95099675205276, 30.014989703241916 ], [ -107.955660923609045, 30.013969228802427 ], [ -107.96038904663655, 30.0071776509795 ], [ -107.967572243983398, 30.005480277138879 ], [ -107.968665742172377, 30.008483147084576 ], [ -107.963460145660534, 30.019440000822009 ], [ -107.951816698562382, 30.027632128093128 ], [ -107.943686388932548, 30.044647472400946 ], [ -107.935213372519428, 30.047029603589685 ], [ -107.943133378545824, 30.063018264400007 ], [ -107.944604134761676, 30.080980110454711 ], [ -107.940800788921507, 30.085207219124204 ], [ -107.939768762296211, 30.093184612414149 ], [ -107.927992887935986, 30.099795291207517 ], [ -107.924015398873522, 30.12098087030024 ], [ -107.919074722204812, 30.124039671317114 ], [ -107.917671759436232, 30.128274637716039 ], [ -107.920133257687965, 30.153057334049183 ], [ -107.892525504214717, 30.154437960990762 ], [ -107.895229525542334, 30.157125233374536 ], [ -107.896634034912452, 30.16543866300518 ], [ -107.892173864751712, 30.171435703213902 ], [ -107.884735042938814, 30.173511372858567 ], [ -107.876844887609465, 30.163548599442635 ], [ -107.836795850317543, 30.153990689820709 ], [ -107.822197939518645, 30.143860319005668 ], [ -107.816616824391602, 30.143269268743904 ], [ -107.798041557048194, 30.145806767526679 ], [ -107.795713018154885, 30.150784854739996 ], [ -107.799536966506111, 30.160472716635244 ], [ -107.78099098205233, 30.165152518138861 ], [ -107.768803366623359, 30.163319068444494 ], [ -107.764412656764307, 30.166093945922096 ], [ -107.749472718790528, 30.166518942097337 ], [ -107.737983232209288, 30.160549450561284 ], [ -107.729133577167033, 30.229456259922461 ], [ -107.750089310130605, 30.240593920405541 ], [ -107.771831094293162, 30.261287984924181 ], [ -107.775840705345487, 30.385207088778532 ], [ -107.718088590496308, 30.38054680370951 ], [ -107.694902103759816, 30.383538253141733 ], [ -107.684546132246496, 30.387204502604831 ] ] ] } },
{ "type": "Feature", "properties": { "cve_edo": "08", "cve_mpo_ine": "025", "cve_edo_mpo_ine": "08025", "nom_mpo": "GOMEZ FARIAS", "nom_edo": "Chihuahua", "alianza_ganadora": "Va por México", "margen_pp": 12.300810735253005, "por_participacion": 50.838544627629332 }, "geometry": { "type": "Polygon", "coordinates": [ [ [ -107.822054976759077, 29.535291910377705 ], [ -107.819682240322336, 29.530236255829525 ], [ -107.802943057612893, 29.515757463186933 ], [ -107.800722842420072, 29.50624574359739 ], [ -107.788105514434434, 29.494828380796232 ], [ -107.784708086752858, 29.487263174571876 ], [ -107.730825530711542, 29.467504443060143 ], [ -107.725968168262099, 29.473888801788082 ], [ -107.712664786253541, 29.478265986449518 ], [ -107.682204988883271, 29.476811225418249 ], [ -107.673796001155864, 29.479751286033661 ], [ -107.633367533274622, 29.455659675466812 ], [ -107.622805134137749, 29.45638171285313 ], [ -107.607440662205207, 29.453830434257075 ], [ -107.586589324141102, 29.458815609929616 ], [ -107.560090110898713, 29.449254064161867 ], [ -107.558093002378214, 29.436438812477427 ], [ -107.553755954792805, 29.431034578434733 ], [ -107.559174953087407, 29.417622356168653 ], [ -107.558216191771621, 29.401760841949862 ], [ -107.561395414881275, 29.386347675035982 ], [ -107.557415281897065, 29.371368368869536 ], [ -107.550518069086351, 29.359336069834313 ], [ -107.546799936504442, 29.343615346291163 ], [ -107.525454598305103, 29.333684078264138 ], [ -107.514425408435685, 29.321530031747134 ], [ -107.497135820745186, 29.319557111059918 ], [ -107.508576688107453, 29.317348757416561 ], [ -107.520689571270012, 29.31109941047869 ], [ -107.528210218534895, 29.293706730330118 ], [ -107.5369432279508, 29.293243025691645 ], [ -107.552451495713981, 29.285699892636732 ], [ -107.559834297019677, 29.287167723959641 ], [ -107.565274373098688, 29.282755917710734 ], [ -107.569342071085302, 29.266029174136413 ], [ -107.567032442713511, 29.259321113378192 ], [ -107.561952008083992, 29.253827565312768 ], [ -107.592131775844408, 29.233195573466094 ], [ -107.600120930028481, 29.224345417776888 ], [ -107.603520819901661, 29.222805123029801 ], [ -107.616903389285667, 29.225393570623066 ], [ -107.634056938261466, 29.214635515232629 ], [ -107.652208109393712, 29.212213652095031 ], [ -107.653860681842929, 29.21413498287923 ], [ -107.659507249177153, 29.213354409362001 ], [ -107.662855077341462, 29.191666255825957 ], [ -107.661029431843914, 29.186284938984095 ], [ -107.664265032978335, 29.175824824366391 ], [ -107.698459765284269, 29.136791860892558 ], [ -107.70016403917289, 29.130992343252579 ], [ -107.725124574109358, 29.150845736497303 ], [ -107.743792034786722, 29.148581315229322 ], [ -107.754288175542769, 29.142828057510542 ], [ -107.760559712290643, 29.143362216819295 ], [ -107.753374269928884, 29.157412252628731 ], [ -107.752795171571108, 29.165240517256834 ], [ -107.76338148160896, 29.177975590911036 ], [ -107.764524627630706, 29.200369953165431 ], [ -107.767557190249107, 29.203890674935117 ], [ -107.781776067606856, 29.21079286382092 ], [ -107.787374043706905, 29.222860534824562 ], [ -107.786925749552864, 29.231099627677871 ], [ -107.781458446348282, 29.239373901645202 ], [ -107.78379764653539, 29.251793793937551 ], [ -107.790277190309212, 29.260012658119308 ], [ -107.82426132129541, 29.229772547233711 ], [ -107.849627034632633, 29.254751826642995 ], [ -107.915930449724172, 29.254405969000061 ], [ -107.915532406947619, 29.277642489067762 ], [ -107.922850469037897, 29.286522483528067 ], [ -107.92684142123521, 29.308282286282633 ], [ -107.924718261743308, 29.38969823913046 ], [ -107.895366531189765, 29.432923841122278 ], [ -107.881625417714474, 29.444199892238199 ], [ -107.874717507976044, 29.446103547393154 ], [ -107.866008072682419, 29.457144100761674 ], [ -107.893589621599531, 29.476082526481232 ], [ -107.896232649688741, 29.488514917720618 ], [ -107.913000505511789, 29.49589025206533 ], [ -107.918084330312524, 29.50021802644434 ], [ -107.918912998373287, 29.519712970321791 ], [ -107.911953322922542, 29.517564789056841 ], [ -107.900185332492981, 29.524175378081488 ], [ -107.880103841479709, 29.51674490675321 ], [ -107.871591807332749, 29.508067368761779 ], [ -107.862519431747131, 29.50681743536239 ], [ -107.861733272505603, 29.510329215374103 ], [ -107.85404330077499, 29.51587342234847 ], [ -107.846206775882138, 29.526243939282462 ], [ -107.833516312400107, 29.528813906818655 ], [ -107.822054976759077, 29.535291910377705 ] ] ] } },
{ "type": "Feature", "properties": { "cve_edo": "08", "cve_mpo_ine": "026", "cve_edo_mpo_ine": "08026", "nom_mpo": "GRAN MORELOS", "nom_edo": "Chihuahua", "alianza_ganadora": "Va por México", "margen_pp": 19.678089304257529, "por_participacion": 60.395108184383815 }, "geometry": { "type": "Polygon", "coordinates": [ [ [ -106.576154754601333, 28.4389451595796 ], [ -106.568450387632495, 28.430572199330381 ], [ -106.551207131748171, 28.419079636532842 ], [ -106.548417062749479, 28.421037486527016 ], [ -106.542751304494303, 28.420701065668236 ], [ -106.536559984914447, 28.426808306765327 ], [ -106.530966050214261, 28.428328851461206 ], [ -106.52280043189883, 28.414258416418907 ], [ -106.51500759347789, 28.40770310645421 ], [ -106.509978786092574, 28.386532940443722 ], [ -106.503234888258348, 28.379437342731364 ], [ -106.498664497095774, 28.368756884959421 ], [ -106.498960529924503, 28.35842129083845 ], [ -106.490712927002235, 28.357131701036696 ], [ -106.472979170678201, 28.348451900006435 ], [ -106.477075672024384, 28.334840187086659 ], [ -106.484251411376491, 28.332343578598067 ], [ -106.4843245837003, 28.329697691255397 ], [ -106.478147872482964, 28.319451985287099 ], [ -106.46756992946537, 28.309531563345299 ], [ -106.455102052113176, 28.302423668866208 ], [ -106.448896324137067, 28.2839845404724 ], [ -106.440593348554657, 28.273015332674245 ], [ -106.434731051603762, 28.25275157826395 ], [ -106.436283433095511, 28.249257818754767 ], [ -106.434713290090059, 28.245226879117929 ], [ -106.428978817260699, 28.244807083774717 ], [ -106.431743068636024, 28.239560728488449 ], [ -106.437049160064106, 28.237091925952477 ], [ -106.438000219592283, 28.228148517779843 ], [ -106.448393551782786, 28.218334381596396 ], [ -106.453099688273525, 28.210580770890168 ], [ -106.448993409736303, 28.184422652184757 ], [ -106.449691031191293, 28.181849828866238 ], [ -106.458900144294688, 28.177913433637645 ], [ -106.463110733646033, 28.177250523117859 ], [ -106.494538158956757, 28.195047679442386 ], [ -106.501775092472982, 28.17298967660119 ], [ -106.523876166844289, 28.198044136985153 ], [ -106.530837293373665, 28.199453125922588 ], [ -106.547132107074006, 28.189297448637603 ], [ -106.574978294331785, 28.190877482366531 ], [ -106.582562907476884, 28.18798703206782 ], [ -106.591469279814916, 28.202116917307603 ], [ -106.621350294493922, 28.196130406468011 ], [ -106.629545671229906, 28.199634695396334 ], [ -106.648951605868334, 28.199547867777564 ], [ -106.654663034861201, 28.202297082380362 ], [ -106.655523857872112, 28.204861863921575 ], [ -106.646653606635596, 28.214411438991842 ], [ -106.64712021335832, 28.222262769607632 ], [ -106.643877101607359, 28.224315495368881 ], [ -106.64273653915842, 28.229516375962859 ], [ -106.65168658002456, 28.231782804587631 ], [ -106.655031776999095, 28.235514083241718 ], [ -106.655387184174501, 28.240142501652382 ], [ -106.654377584506804, 28.243774076859133 ], [ -106.640153292187364, 28.25313705187126 ], [ -106.644107024328974, 28.260423917387254 ], [ -106.639349955760665, 28.267262842571036 ], [ -106.63573828440245, 28.267744061334785 ], [ -106.640928229035666, 28.277266865634207 ], [ -106.672013111257741, 28.287054589993904 ], [ -106.680109318105181, 28.285928085939876 ], [ -106.69192120169906, 28.29018514299575 ], [ -106.70121327695729, 28.26700125772625 ], [ -106.705200737163906, 28.265693415351116 ], [ -106.714145659416786, 28.270764704826355 ], [ -106.719572234505563, 28.286233836981417 ], [ -106.726147840714489, 28.29327904028381 ], [ -106.735250989790117, 28.288517287167426 ], [ -106.739480924707124, 28.289440020724719 ], [ -106.752346074924446, 28.317490065240023 ], [ -106.706401942791075, 28.315601984657071 ], [ -106.696308883368687, 28.317466623489157 ], [ -106.698516707040284, 28.327306628169264 ], [ -106.70459241839508, 28.335259849553985 ], [ -106.697454428340066, 28.346553974792421 ], [ -106.675135568031862, 28.31838082279581 ], [ -106.658999694324706, 28.32120785657029 ], [ -106.663444426709077, 28.32286077370356 ], [ -106.652777950247327, 28.335646812022475 ], [ -106.647502442186322, 28.347028412375316 ], [ -106.651780211486297, 28.368362157419071 ], [ -106.654739796809309, 28.376388124207509 ], [ -106.659501238965049, 28.380667087994812 ], [ -106.650530745480168, 28.378872015088461 ], [ -106.647806891779581, 28.3809964956153 ], [ -106.652576763630236, 28.387445049886299 ], [ -106.656582507091045, 28.400710786475951 ], [ -106.654609742205125, 28.413192652687048 ], [ -106.650567887549983, 28.41371631932828 ], [ -106.653534132372656, 28.420094755151339 ], [ -106.648921284170598, 28.418970979683817 ], [ -106.654291425465928, 28.43131892194209 ], [ -106.634307964066764, 28.420971072606747 ], [ -106.634738257576302, 28.43000955247614 ], [ -106.631907888715219, 28.425322446614597 ], [ -106.629855029259517, 28.425501614646318 ], [ -106.627592011745435, 28.431916240637744 ], [ -106.619064947770525, 28.43201533720724 ], [ -106.615230079581579, 28.436004549696502 ], [ -106.611035393229415, 28.421789227864458 ], [ -106.600980000466208, 28.426397496339849 ], [ -106.597146335684613, 28.430675208955318 ], [ -106.578126645276214, 28.424647575836495 ], [ -106.580752300365759, 28.437387924590428 ], [ -106.576154754601333, 28.4389451595796 ] ] ] } },
{ "type": "Feature", "properties": { "cve_edo": "08", "cve_mpo_ine": "027", "cve_edo_mpo_ine": "08027", "nom_mpo": "GUACHOCHI", "nom_edo": "Chihuahua", "alianza_ganadora": "Va por México", "margen_pp": 20.881580227692908, "por_participacion": 56.140063367202011 }, "geometry": { "type": "Polygon", "coordinates": [ [ [ -107.571722393422831, 27.704004793274066 ], [ -107.554510810138467, 27.693374087508293 ], [ -107.558308585567531, 27.683206446219966 ], [ -107.554088484808943, 27.677181708196709 ], [ -107.536529179403502, 27.672166904876502 ], [ -107.53307139735881, 27.672667250131592 ], [ -107.505848629198709, 27.702195972353721 ], [ -107.482600481848351, 27.696437268516828 ], [ -107.468246043639937, 27.688353639952968 ], [ -107.464909302452654, 27.688191254446181 ], [ -107.458371274714239, 27.692988697467275 ], [ -107.454167481152012, 27.692000529702621 ], [ -107.448839991554593, 27.685807836245587 ], [ -107.441298470041488, 27.683995407958584 ], [ -107.43187588986531, 27.668716074380402 ], [ -107.432228492499505, 27.659957767223247 ], [ -107.428892266551671, 27.659629206142583 ], [ -107.427526188488443, 27.656077148899062 ], [ -107.429610369768454, 27.648226712943316 ], [ -107.417998354031411, 27.623858558450749 ], [ -107.402635739385033, 27.622377640733109 ], [ -107.398668565095079, 27.613538052232357 ], [ -107.394354344369219, 27.618249052644977 ], [ -107.390155650771803, 27.618332850508448 ], [ -107.38557760111523, 27.612880647349296 ], [ -107.38507064148628, 27.604700748116311 ], [ -107.383591868066816, 27.606601474450287 ], [ -107.375933946477417, 27.605280840569957 ], [ -107.372604326893779, 27.608255885461748 ], [ -107.368529430989199, 27.608338988928615 ], [ -107.368289828371104, 27.613461897735444 ], [ -107.361623680348757, 27.615197603122958 ], [ -107.355559040767687, 27.605034595477211 ], [ -107.35172821012398, 27.602803611901894 ], [ -107.34234277778539, 27.602059430248374 ], [ -107.341236557090426, 27.60635600844946 ], [ -107.335358088975866, 27.609556019126668 ], [ -107.331693232393533, 27.608678828653275 ], [ -107.330195434775277, 27.605219750932228 ], [ -107.324507985650925, 27.604583709313211 ], [ -107.322618978600815, 27.596175505843565 ], [ -107.320684964242346, 27.606497497904694 ], [ -107.312635527850759, 27.602487850022406 ], [ -107.311172871062027, 27.607444564960709 ], [ -107.306461980139261, 27.603833339321628 ], [ -107.30165758551864, 27.607648393437902 ], [ -107.298187044516737, 27.605104508250665 ], [ -107.29548651926126, 27.609736016944982 ], [ -107.287818970898869, 27.608446277786101 ], [ -107.286718531246706, 27.611503579766129 ], [ -107.289581074091501, 27.616608047352791 ], [ -107.286252319868055, 27.618766519446044 ], [ -107.264945957808735, 27.60597669335397 ], [ -107.262989738290855, 27.611760022598816 ], [ -107.259045575514364, 27.614745318174858 ], [ -107.255073037136171, 27.609891799015323 ], [ -107.255919478641417, 27.604690280354379 ], [ -107.257281582825669, 27.605427841894958 ], [ -107.255043445665564, 27.601640511926924 ], [ -107.251471611813017, 27.605036777895073 ], [ -107.247517758726815, 27.605298816608702 ], [ -107.248229347499489, 27.596797242563976 ], [ -107.24392917396473, 27.60399164499848 ], [ -107.231444606775653, 27.603293711952002 ], [ -107.232450298335863, 27.608323562684642 ], [ -107.229740462131574, 27.611056136921242 ], [ -107.225786021511908, 27.61123505726664 ], [ -107.221186797398175, 27.603247080246184 ], [ -107.208227786566354, 27.608819894161208 ], [ -107.201950476019249, 27.617175035464342 ], [ -107.197493701880219, 27.614879347031529 ], [ -107.197486359080827, 27.612486399268398 ], [ -107.203274059423975, 27.605618373910115 ], [ -107.199812545916259, 27.605299803326471 ], [ -107.195623593464504, 27.609604450916461 ], [ -107.187091908490714, 27.608394420515022 ], [ -107.185339923248719, 27.601056045491323 ], [ -107.184264335062281, 27.613519534718488 ], [ -107.186752996730775, 27.619122683534233 ], [ -107.183176209930153, 27.621774694249908 ], [ -107.178598856653167, 27.620468977188921 ], [ -107.175120571625513, 27.614456181666306 ], [ -107.171534506503377, 27.613889754220711 ], [ -107.168039302459746, 27.601605460126688 ], [ -107.167453610135638, 27.613159721159988 ], [ -107.162031756466021, 27.619200098039865 ], [ -107.165877827871554, 27.62430442742378 ], [ -107.164277045317419, 27.626537309368992 ], [ -107.159332205780132, 27.626469845261568 ], [ -107.161076198379178, 27.631333094460821 ], [ -107.157988595540672, 27.632415180666111 ], [ -107.1489508708366, 27.627408573982706 ], [ -107.144016232045146, 27.631301412291293 ], [ -107.144159147588667, 27.638727634504495 ], [ -107.140445577802922, 27.636923035838084 ], [ -107.137861971651745, 27.641881597124936 ], [ -107.131175261516972, 27.637692233816392 ], [ -107.125116182453866, 27.637214126848292 ], [ -107.123515961975684, 27.640106738936993 ], [ -107.11929754620833, 27.633846920420915 ], [ -107.121392293793789, 27.630952992160879 ], [ -107.117551824350684, 27.627497706132953 ], [ -107.121996395996064, 27.625092464737197 ], [ -107.122232188431468, 27.620305699228947 ], [ -107.125934120125635, 27.617654836427757 ], [ -107.121235056830471, 27.616842632176532 ], [ -107.122340234887602, 27.613786377664951 ], [ -107.118992057731475, 27.609174464788037 ], [ -107.123805681884306, 27.606355597540166 ], [ -107.119565431700721, 27.590193394505004 ], [ -107.110525056670596, 27.581718136268812 ], [ -107.105560624865689, 27.571911288601552 ], [ -107.104097672556279, 27.580909832549057 ], [ -107.096449980252544, 27.587283643168526 ], [ -107.090633170429811, 27.583089810334194 ], [ -107.08244859203738, 27.568668878986987 ], [ -107.069951153835817, 27.558961269313578 ], [ -107.058700876744396, 27.554696075070297 ], [ -107.058775793072016, 27.556838058453163 ], [ -107.033864031834341, 27.55161424686775 ], [ -107.035105455846093, 27.555490252991888 ], [ -107.033376857305441, 27.556154054200885 ], [ -107.012116276993481, 27.548191883416827 ], [ -107.002589730373671, 27.536904021854493 ], [ -106.990236054935835, 27.535936069095857 ], [ -106.989728360506263, 27.523888249957714 ], [ -106.986755048133958, 27.51564087029017 ], [ -106.981431046004602, 27.502775924852312 ], [ -106.973767830917268, 27.495608835570724 ], [ -106.974739957869858, 27.479349533741331 ], [ -106.968316099298278, 27.475150966586874 ], [ -106.955210034824347, 27.450082679763746 ], [ -106.964210641499321, 27.438432773981472 ], [ -106.965560224195229, 27.429022573182042 ], [ -106.969379947782187, 27.422331930796293 ], [ -106.957277045115958, 27.409641006923216 ], [ -106.953081979668838, 27.409729635399501 ], [ -106.949995368642206, 27.406928081251383 ], [ -106.942593081703777, 27.408093764345161 ], [ -106.93629793660736, 27.403728174745858 ], [ -106.945544008578025, 27.392244228190911 ], [ -106.960593857369901, 27.3910672982203 ], [ -106.968733118957672, 27.387753866240423 ], [ -106.972558767304477, 27.389398470262002 ], [ -106.978229565870649, 27.38526308158437 ], [ -106.969940235537834, 27.356721495645477 ], [ -106.989909321203911, 27.347198749824781 ], [ -106.985708953087411, 27.33936559242764 ], [ -106.971641947977687, 27.327503886974508 ], [ -106.968428414433674, 27.31777041252418 ], [ -106.959792381166679, 27.309282674395291 ], [ -106.955471400656521, 27.299963030787808 ], [ -106.956811625616368, 27.288106108501196 ], [ -106.951642830103353, 27.288496760770357 ], [ -106.94571913671146, 27.275465052277319 ], [ -106.925996207803394, 27.263522833456101 ], [ -106.918356832781896, 27.265512372266901 ], [ -106.911583910406435, 27.282686320397652 ], [ -106.912201765385959, 27.28838029372637 ], [ -106.906039561363869, 27.290615224464119 ], [ -106.904439140552739, 27.299365206137782 ], [ -106.90197377065877, 27.299202686567824 ], [ -106.894578773090188, 27.306720423284712 ], [ -106.887182143557553, 27.305489448136669 ], [ -106.884839519252992, 27.29690826288882 ], [ -106.89260424937153, 27.288317767232172 ], [ -106.895560721289357, 27.275852633153168 ], [ -106.895066826975849, 27.268260177790729 ], [ -106.890260119221921, 27.260011492799123 ], [ -106.883729218873114, 27.25919203219982 ], [ -106.889520230957217, 27.251428818038651 ], [ -106.882250558860775, 27.249702075163114 ], [ -106.873872851134081, 27.239970134768296 ], [ -106.85884276601432, 27.236679934304547 ], [ -106.848127124674349, 27.227938269103053 ], [ -106.857121186887582, 27.223310640188476 ], [ -106.862417639913119, 27.225948077389564 ], [ -106.871658250540619, 27.21298350888469 ], [ -106.87855624329859, 27.208108590377709 ], [ -106.88594628145286, 27.206369186468709 ], [ -106.886315767951132, 27.20480074025113 ], [ -106.855649970590406, 27.19690073226036 ], [ -106.856147585685562, 27.178660343144522 ], [ -106.850607793921796, 27.17453705732872 ], [ -106.854056636762465, 27.170738359908626 ], [ -106.875727214336422, 27.169155048934318 ], [ -106.878542578229727, 27.146006075428801 ], [ -106.88230991726769, 27.13741299842032 ], [ -106.877485798999359, 27.127593380058869 ], [ -106.877757805036524, 27.121082101038233 ], [ -106.893616043292553, 27.111565043853663 ], [ -106.90051105074626, 27.115044436331619 ], [ -106.915542323460187, 27.105260107476152 ], [ -106.917355518806161, 27.095806864466773 ], [ -106.933962123618073, 27.079768865438314 ], [ -106.934847836234994, 27.073185992179944 ], [ -106.939355550437909, 27.069718603669774 ], [ -106.936450479858749, 27.056553062399317 ], [ -106.929134519340792, 27.048093473642851 ], [ -106.92328303613732, 27.045680526824615 ], [ -106.91929284549407, 27.037114184112468 ], [ -106.912204946650974, 27.035008710650192 ], [ -106.909935560743875, 27.031998950163377 ], [ -106.908165466385896, 27.034111969865975 ], [ -106.894388530875304, 27.023225455555487 ], [ -106.891036633658771, 27.024567563750317 ], [ -106.88899325850808, 27.022468784951123 ], [ -106.884325054635724, 27.027581352579411 ], [ -106.873804708419854, 27.019638135056315 ], [ -106.870301559898692, 27.011491272433833 ], [ -106.8420928523323, 27.018566570209426 ], [ -106.834586626798469, 27.018676486538943 ], [ -106.822367895956049, 27.015152246057497 ], [ -106.812004938384831, 26.995493634894153 ], [ -106.795984058544192, 26.981255311051719 ], [ -106.797378697687705, 26.969072942760462 ], [ -106.789017414710258, 26.963884938718554 ], [ -106.785572693229184, 26.958788581098361 ], [ -106.792423954190312, 26.944646089700438 ], [ -106.791486995865426, 26.916747018523104 ], [ -106.794014270994595, 26.913824667731863 ], [ -106.80002204062842, 26.914431836174199 ], [ -106.806756802848355, 26.910267899982212 ], [ -106.815258430844878, 26.898877444040625 ], [ -106.809783998894318, 26.880875533422977 ], [ -106.811786632768602, 26.847999447256157 ], [ -106.814543909014617, 26.845658550729294 ], [ -106.83159758477268, 26.846469620500983 ], [ -106.834061176042198, 26.840905886473909 ], [ -106.841072410216, 26.835178482316678 ], [ -106.838702690263645, 26.815667487668286 ], [ -106.847906776305649, 26.792121522784935 ], [ -106.847470565752815, 26.78184365365226 ], [ -106.853860077003603, 26.770990132037959 ], [ -106.853811555107683, 26.757213634444291 ], [ -106.845556443403211, 26.742791068129844 ], [ -106.845911190643122, 26.738095717408704 ], [ -106.839737144739402, 26.729237807187083 ], [ -106.83999257938261, 26.723550733547537 ], [ -106.851256225917865, 26.719304161853074 ], [ -106.856258966852877, 26.709909955227072 ], [ -106.863006613342677, 26.70458959549731 ], [ -106.872068450137192, 26.67868912499835 ], [ -106.88367040871681, 26.667078374792869 ], [ -106.881974498106388, 26.655676773942488 ], [ -106.893623274156411, 26.648661220748735 ], [ -106.896940305084215, 26.642466967021047 ], [ -106.90588153472207, 26.642636399348905 ], [ -106.903933875551829, 26.63462212345798 ], [ -106.900753282543377, 26.632142256986754 ], [ -106.903575101621584, 26.628921694154432 ], [ -106.899181220819415, 26.619253900779416 ], [ -106.899558675178113, 26.612810284379055 ], [ -106.918907082569788, 26.612322921615821 ], [ -106.928194842800394, 26.626535191965583 ], [ -106.951944866178877, 26.634305487291591 ], [ -106.95720415674387, 26.641080064798821 ], [ -106.956221955073062, 26.643310463967882 ], [ -106.966377592553698, 26.654215462098822 ], [ -106.97494914623357, 26.657684866039119 ], [ -106.979109820510828, 26.662723742902465 ], [ -107.00483373172311, 26.665280049349242 ], [ -107.01181592014747, 26.668633940943081 ], [ -107.017083554066318, 26.668627312668271 ], [ -107.020759741354411, 26.664200980366733 ], [ -107.031049737925699, 26.664609730084667 ], [ -107.040849930869499, 26.66859497698535 ], [ -107.060406542549771, 26.668565384790622 ], [ -107.06069472018153, 26.666740960112694 ], [ -107.065962372123536, 26.666076525497079 ], [ -107.079563970921953, 26.668461662176735 ], [ -107.080172519555944, 26.666974528326218 ], [ -107.101368682843656, 26.668340461268436 ], [ -107.107734426864312, 26.66438907630009 ], [ -107.113978629755991, 26.654965912668658 ], [ -107.130023011028825, 26.652222541393126 ], [ -107.134918779296839, 26.645278207676128 ], [ -107.141408446077889, 26.642627147701454 ], [ -107.157331060714313, 26.64458929353497 ], [ -107.159041430896622, 26.638639659215603 ], [ -107.161856811860702, 26.636818612611378 ], [ -107.171165600729793, 26.638705482344808 ], [ -107.175938979160421, 26.635477140003154 ], [ -107.182800531080545, 26.639514417745506 ], [ -107.191007170981436, 26.640988609287135 ], [ -107.207411703803487, 26.635758149803543 ], [ -107.213538698244548, 26.639134311139124 ], [ -107.216853245490725, 26.645736515788325 ], [ -107.219056266917335, 26.644576247547249 ], [ -107.216230782268894, 26.637395049961402 ], [ -107.217204943090636, 26.632850371521652 ], [ -107.227355402010929, 26.622468899873041 ], [ -107.230672212361455, 26.621912018910283 ], [ -107.234583357477433, 26.625302438376536 ], [ -107.241229720997609, 26.621154124734851 ], [ -107.252746491534594, 26.62370800051843 ], [ -107.258470042834688, 26.631450696151123 ], [ -107.28567717923346, 26.644112524824731 ], [ -107.287157344777384, 26.649890953705892 ], [ -107.29426415857111, 26.651774498527491 ], [ -107.300407571954636, 26.661919501169535 ], [ -107.30978444995884, 26.665366161061986 ], [ -107.312539659570504, 26.66502909445353 ], [ -107.315958806698418, 26.660065028047423 ], [ -107.330228990980942, 26.633020856333506 ], [ -107.336962509873516, 26.632508004486525 ], [ -107.34628917477815, 26.64132107447502 ], [ -107.351314203348124, 26.643124670924987 ], [ -107.35807367072124, 26.653017455242562 ], [ -107.380355600139879, 26.650311471224814 ], [ -107.381719415601907, 26.656584494662834 ], [ -107.388962480199979, 26.662922720826227 ], [ -107.387415371560465, 26.678366476707019 ], [ -107.394690275615858, 26.698794537396203 ], [ -107.402575556475526, 26.701551274677556 ], [ -107.410617598230786, 26.711732233944048 ], [ -107.420514630995228, 26.717012394153009 ], [ -107.423704447940565, 26.72323048138718 ], [ -107.456359248813641, 26.728617009589748 ], [ -107.462825914957421, 26.722151838158844 ], [ -107.469024762412516, 26.720312324412781 ], [ -107.468042433630089, 26.714470054864023 ], [ -107.469844438548648, 26.712953634566368 ], [ -107.477746478068582, 26.716365933624694 ], [ -107.486663345538673, 26.71579908910056 ], [ -107.491820217859086, 26.722311444453116 ], [ -107.492478402609521, 26.713222530210892 ], [ -107.497644043588963, 26.708924077199892 ], [ -107.509631909870961, 26.714574016120942 ], [ -107.521768254702621, 26.726904496661959 ], [ -107.533569164948133, 26.72950224793216 ], [ -107.536794621368955, 26.737037140040588 ], [ -107.54863731069625, 26.741448262529627 ], [ -107.553082862363595, 26.737820801309994 ], [ -107.558081888330094, 26.737071536805381 ], [ -107.562161532454368, 26.744425460960702 ], [ -107.571665161013712, 26.742687406340092 ], [ -107.577931789866284, 26.743895146064904 ], [ -107.581458168489448, 26.759180181935381 ], [ -107.575645052630023, 26.761842888436806 ], [ -107.573525726750489, 26.77095806331609 ], [ -107.569487534078476, 26.776394300527304 ], [ -107.568689100080007, 26.784412971729321 ], [ -107.571640499100241, 26.790466392945362 ], [ -107.56645426760241, 26.79930647189024 ], [ -107.55917421353486, 26.80215995192972 ], [ -107.55686406236569, 26.808307665595244 ], [ -107.559860091407245, 26.810894717506418 ], [ -107.560581330759533, 26.815750438410099 ], [ -107.55452894977735, 26.829721851279761 ], [ -107.560644651770815, 26.834893701958421 ], [ -107.559368935577481, 26.843498501245239 ], [ -107.546276992057301, 26.849426080187637 ], [ -107.540270808133485, 26.854649134048881 ], [ -107.533234540262711, 26.879612398648959 ], [ -107.539195225687905, 26.894194994772459 ], [ -107.537006837378414, 26.900422828189122 ], [ -107.514879026660481, 26.908076024045616 ], [ -107.507425998002091, 26.91456116427873 ], [ -107.505136385583768, 26.927391987903516 ], [ -107.508247780885597, 26.940623042281775 ], [ -107.493530522044423, 26.962418841675579 ], [ -107.489610280117091, 26.979238958828368 ], [ -107.48078868872426, 26.985086688415066 ], [ -107.473777418275091, 26.984053272525294 ], [ -107.462528371946746, 26.991097327771904 ], [ -107.458714363552758, 26.990503013871866 ], [ -107.455690268432789, 26.986759173821564 ], [ -107.451650977658829, 26.987076276826166 ], [ -107.448885570857669, 26.989599466408933 ], [ -107.450841251995456, 27.000623725949421 ], [ -107.419668234999065, 26.999423523803774 ], [ -107.415635418738333, 26.988598936093865 ], [ -107.404024236116157, 26.984586533963455 ], [ -107.400002261444229, 26.979950457781108 ], [ -107.397428312449421, 26.985770403215323 ], [ -107.392115544689105, 26.989655727387927 ], [ -107.394817001516429, 27.001411232957416 ], [ -107.388307182378711, 27.00671945963035 ], [ -107.382752423798905, 27.016632773278509 ], [ -107.386505526756167, 27.020118469001467 ], [ -107.388789684043928, 27.017934574753149 ], [ -107.398578766280011, 27.016862338928615 ], [ -107.411517966259126, 27.025473811389997 ], [ -107.416364424812215, 27.034139037673565 ], [ -107.412016211882886, 27.043042666975747 ], [ -107.418274543067639, 27.054572108854078 ], [ -107.425823157002554, 27.057579457698832 ], [ -107.432975958448893, 27.064966786605286 ], [ -107.441120641807188, 27.07844323489855 ], [ -107.443648246675821, 27.087477119712837 ], [ -107.449281734669682, 27.092578974245328 ], [ -107.455088563554412, 27.105599527748485 ], [ -107.459193387391551, 27.108086667349973 ], [ -107.465492054208156, 27.118251221601209 ], [ -107.468703030477684, 27.116338757391073 ], [ -107.473030356300782, 27.117748833187004 ], [ -107.476838771347374, 27.123458823898055 ], [ -107.481605173215627, 27.116939118846719 ], [ -107.484057433732346, 27.116813732108 ], [ -107.486470916141414, 27.12048485458185 ], [ -107.488870272052708, 27.117967258634319 ], [ -107.497767300337856, 27.1206166923029 ], [ -107.502841994060503, 27.116979051583641 ], [ -107.515806063123193, 27.125826943953541 ], [ -107.526182655703906, 27.123249680435396 ], [ -107.528943464269034, 27.125923602600263 ], [ -107.529441581540709, 27.131690937988061 ], [ -107.531814106357444, 27.128017883516151 ], [ -107.540284908368506, 27.128031582548942 ], [ -107.544151345760099, 27.119875692862319 ], [ -107.546542479844177, 27.122473359050836 ], [ -107.553090887888288, 27.135145782406777 ], [ -107.559547311678344, 27.159866786980494 ], [ -107.545966796414149, 27.179735301957297 ], [ -107.547820082347528, 27.182790259605653 ], [ -107.545259919402028, 27.191220710848796 ], [ -107.531269154557449, 27.203711944581954 ], [ -107.534005629315658, 27.215111125477375 ], [ -107.530972855527779, 27.231638997616141 ], [ -107.520674279407004, 27.246686945237755 ], [ -107.526006826662282, 27.262297414938622 ], [ -107.533656839475341, 27.269229637744875 ], [ -107.531958103691764, 27.278485240544249 ], [ -107.534306219250524, 27.281870206529817 ], [ -107.531863857619754, 27.289308925074668 ], [ -107.540988239653018, 27.294256020470396 ], [ -107.555126143978882, 27.286885620297276 ], [ -107.561141525908511, 27.281011831948611 ], [ -107.568426836831918, 27.288355477196575 ], [ -107.5798242202235, 27.311142791882975 ], [ -107.58511943636924, 27.311217653397385 ], [ -107.598065734339158, 27.316320224200609 ], [ -107.607301429620634, 27.316305325674005 ], [ -107.60940240698956, 27.318532550905537 ], [ -107.611549766789011, 27.334309060356233 ], [ -107.615858422294608, 27.333723395767493 ], [ -107.620794696545616, 27.336523829710107 ], [ -107.623606745117016, 27.330653014376498 ], [ -107.634175160820547, 27.324272367752709 ], [ -107.635875849314559, 27.317825086501134 ], [ -107.639445742756521, 27.317487961727046 ], [ -107.643400296325709, 27.321280852236715 ], [ -107.647691846658333, 27.316315605807645 ], [ -107.654830127879123, 27.315310211441506 ], [ -107.662796049455153, 27.305462876719741 ], [ -107.664274242776088, 27.273735319934346 ], [ -107.683676326428611, 27.262211114946201 ], [ -107.686861299623828, 27.25848652054464 ], [ -107.686100582681732, 27.252952958275991 ], [ -107.691755209064013, 27.251370883671473 ], [ -107.693953793244759, 27.247317878404711 ], [ -107.71825357714728, 27.260562511793104 ], [ -107.716163134011438, 27.260980593508002 ], [ -107.721101093847494, 27.264438456899285 ], [ -107.733991027663436, 27.284564004622396 ], [ -107.733892365731364, 27.290016670977671 ], [ -107.742412066098922, 27.295612406057561 ], [ -107.749772157516134, 27.289892874748027 ], [ -107.759373250361705, 27.289701876598802 ], [ -107.763732043760641, 27.300264127938565 ], [ -107.777539850904574, 27.304190652200642 ], [ -107.800201615199882, 27.305858816733487 ], [ -107.807978295020902, 27.309800293645676 ], [ -107.833912777526052, 27.301705137409826 ], [ -107.83933487344882, 27.302678630696811 ], [ -107.844652616780365, 27.329425370099397 ], [ -107.851433414876055, 27.330889350546794 ], [ -107.864977473659863, 27.352237205838115 ], [ -107.872535657128225, 27.360057821313109 ], [ -107.870456106402457, 27.362543371069837 ], [ -107.863530191240358, 27.357611595100444 ], [ -107.860747638628894, 27.36646004784382 ], [ -107.842655202285883, 27.369165504544775 ], [ -107.83434113335754, 27.380592898816367 ], [ -107.828075192992856, 27.383752574976494 ], [ -107.827728400850106, 27.387966633438239 ], [ -107.834292989026267, 27.394305651387231 ], [ -107.832840673341082, 27.399101617583099 ], [ -107.837660633462008, 27.401728928380422 ], [ -107.841516161190157, 27.408159168855693 ], [ -107.839596320261293, 27.417500068884443 ], [ -107.829400249202678, 27.423481757571576 ], [ -107.82820702238206, 27.430672413682153 ], [ -107.813530999939488, 27.452115228816389 ], [ -107.809773557785832, 27.464187810218743 ], [ -107.795666492256302, 27.477944940346958 ], [ -107.796277900069043, 27.500577357116853 ], [ -107.784966565485149, 27.507468603355925 ], [ -107.768527202884684, 27.525195803554503 ], [ -107.754120848203144, 27.530772141310116 ], [ -107.755364631151195, 27.532833826857779 ], [ -107.747649643694729, 27.544751271478397 ], [ -107.749539687513504, 27.552841637784553 ], [ -107.739710705519073, 27.561790775826033 ], [ -107.731139161524055, 27.576022947085558 ], [ -107.721656701794842, 27.580591762613757 ], [ -107.708759070339696, 27.594421090282719 ], [ -107.694210404107025, 27.598505358625545 ], [ -107.685118224496293, 27.608523310871458 ], [ -107.68255748182608, 27.615964450530875 ], [ -107.671967862220441, 27.622845984559046 ], [ -107.667062112626809, 27.630870580678184 ], [ -107.641693801373322, 27.648770368248559 ], [ -107.626092239755437, 27.670860180939911 ], [ -107.620052054540636, 27.674341922175856 ], [ -107.610661089773487, 27.673864299408475 ], [ -107.603009911898724, 27.676191766272481 ], [ -107.606988155970598, 27.682958821756465 ], [ -107.605276247115285, 27.687836285438632 ], [ -107.587625666670846, 27.693072759776921 ], [ -107.588508597733693, 27.698193391070152 ], [ -107.586288948614893, 27.699519094891315 ], [ -107.580833863852575, 27.694323613611044 ], [ -107.577274937776195, 27.701517170650533 ], [ -107.571722393422831, 27.704004793274066 ] ] ] } },
{ "type": "Feature", "properties": { "cve_edo": "08", "cve_mpo_ine": "028", "cve_edo_mpo_ine": "08028", "nom_mpo": "GUADALUPE", "nom_edo": "Chihuahua", "alianza_ganadora": "Va por México", "margen_pp": 4.3207616257781032, "por_participacion": 59.227933203209709 }, "geometry": { "type": "Polygon", "coordinates": [ [ [ -106.214862584892089, 31.357089966370459 ], [ -106.238980198338567, 31.397651107619772 ], [ -106.212132631086803, 31.424414056948336 ], [ -106.192636759047076, 31.45102119248353 ], [ -106.183647123351008, 31.450379954153512 ], [ -106.163278532673118, 31.443366501471829 ], [ -106.14246631335206, 31.430264011740881 ], [ -106.129961036610169, 31.423927000725037 ], [ -106.124987524301673, 31.423620480756139 ], [ -106.119388837771083, 31.418250031587075 ], [ -106.102930311891996, 31.413418636771024 ], [ -106.084883129466533, 31.396029308238411 ], [ -106.076798728573465, 31.392886596665253 ], [ -106.061352333405011, 31.389887068896456 ], [ -106.036053440051688, 31.389964958751484 ], [ -106.024113968976806, 31.386274221007088 ], [ -106.018447315609095, 31.367423443986855 ], [ -106.020323877719477, 31.36171555699956 ], [ -106.01499643621932, 31.353227344289422 ], [ -106.047415116661796, 31.343523941673997 ], [ -106.035268178928092, 31.330965307788588 ], [ -106.040242194125483, 31.324885238787058 ], [ -106.061083319916435, 31.313338100382197 ], [ -106.083569073094978, 31.277818952339135 ], [ -106.07941466163804, 31.238900721248754 ], [ -106.045825026025057, 31.225358314633485 ], [ -106.036351366860501, 31.216627529080121 ], [ -106.024953924784668, 31.194561054440506 ], [ -105.98791009400982, 31.182266897510356 ], [ -105.9791261374192, 31.175623134616018 ], [ -105.974345744888893, 31.162506623839047 ], [ -105.932237519317425, 31.13749762411873 ], [ -105.922302236027349, 31.136030018881481 ], [ -105.911549986798718, 31.140767199944921 ], [ -105.902295201754683, 31.141142758537505 ], [ -105.875322345308419, 31.134822464119789 ], [ -105.867668905170717, 31.135372992040271 ], [ -105.864567795167915, 31.139555765466753 ], [ -105.852662778082731, 31.135641899438188 ], [ -105.846596435136746, 31.135750110882665 ], [ -105.842248940747666, 31.141399014410126 ], [ -105.830565567778493, 31.147590451808462 ], [ -105.819046679728572, 31.161412964552227 ], [ -105.810526434145302, 31.166308741024086 ], [ -105.815221867836286, 31.176543920324587 ], [ -105.821956694626635, 31.177663519663039 ], [ -105.82653226845423, 31.182328891150856 ], [ -105.819972239278783, 31.189254162204314 ], [ -105.828530917716506, 31.200658847280469 ], [ -105.826348492904529, 31.203173612435474 ], [ -105.814562427464523, 31.205031985716165 ], [ -105.811505990567497, 31.211482510363769 ], [ -105.807702781752326, 31.212993622599477 ], [ -105.793638359662353, 31.198175537790039 ], [ -105.779994702468997, 31.18788833855789 ], [ -105.77516623004513, 31.171257283776466 ], [ -105.770886769421381, 31.165346866386251 ], [ -105.738792217749108, 31.158467053088124 ], [ -105.70728246280818, 31.133204070649199 ], [ -105.65421518228581, 31.114890259690753 ], [ -105.643671410706006, 31.098553637618362 ], [ -105.623748217653628, 31.0920659680855 ], [ -105.604636478406263, 31.077927192917755 ], [ -105.586264962686514, 31.052218023587312 ], [ -105.58052050405712, 31.035593878195822 ], [ -105.580007496101288, 31.025490542730083 ], [ -105.566923522798035, 31.008568400475927 ], [ -105.56714022642899, 31.003199751106948 ], [ -105.562527104582031, 30.995430322435805 ], [ -105.548004139014978, 30.986370225261318 ], [ -105.531652072275676, 30.981670117920949 ], [ -105.517691375426466, 30.968264472629308 ], [ -105.506800435252586, 30.965541297786629 ], [ -105.499970522498742, 30.958215970673972 ], [ -105.499189422424806, 30.950386215844638 ], [ -105.490513055231403, 30.94659636985417 ], [ -105.479816920512235, 30.936851840799285 ], [ -105.472113344865534, 30.933871618508913 ], [ -105.469145239272848, 30.92834420405682 ], [ -105.455051850218098, 30.924426190501826 ], [ -105.455263642556829, 30.918438684643096 ], [ -105.446298931010062, 30.91609464267469 ], [ -105.444303218144086, 30.911377769209743 ], [ -105.417344708545826, 30.900421643400566 ], [ -105.413715005610229, 30.893251673091669 ], [ -105.404413680897761, 30.889671457432073 ], [ -105.404582135651083, 30.881001983840587 ], [ -105.398152085460794, 30.877586307051025 ], [ -105.397429793051728, 30.872644063648195 ], [ -105.400930466966798, 30.854021502245967 ], [ -105.389142987802444, 30.853777642973256 ], [ -105.381760170341792, 30.850374753335373 ], [ -105.369028514749942, 30.850761567983412 ], [ -105.356455631928782, 30.841652393079531 ], [ -105.350047166792947, 30.839265824870754 ], [ -105.342413782678136, 30.83978502297343 ], [ -105.340140747533354, 30.837133976963109 ], [ -105.334068401978286, 30.835773742384706 ], [ -105.331754728735348, 30.830646804412972 ], [ -105.321849587187316, 30.828513545484245 ], [ -105.320430622148322, 30.819659623364092 ], [ -105.309796065722921, 30.81175741799693 ], [ -105.301718952435678, 30.824042762774098 ], [ -105.294786430150026, 30.828470437845432 ], [ -105.291583346567847, 30.827275657737065 ], [ -105.29085693709402, 30.821713798936319 ], [ -105.282193656418016, 30.817497130689226 ], [ -105.277953835010521, 30.811156992192814 ], [ -105.266733028933359, 30.806148167564505 ], [ -105.261835448012206, 30.798371760811548 ], [ -105.241553332581006, 30.80400526672388 ], [ -105.231983891791074, 30.802686184458363 ], [ -105.217691989907351, 30.804729416643717 ], [ -105.215347283023547, 30.797124530235909 ], [ -105.220690246305296, 30.79272174271745 ], [ -105.214193541467594, 30.784138873840639 ], [ -105.207830121265857, 30.784221025275439 ], [ -105.203775469663313, 30.78963852597521 ], [ -105.197455416575792, 30.792608621664755 ], [ -105.188745995920073, 30.784878243354317 ], [ -105.185112871143332, 30.776051066413221 ], [ -105.175818926300451, 30.771628985225821 ], [ -105.172751230464499, 30.779302976485482 ], [ -105.161215299456344, 30.773876327837993 ], [ -105.158591121673112, 30.768543864435841 ], [ -105.162931993564385, 30.760854241407092 ], [ -105.159344714496712, 30.754914784608808 ], [ -105.151735046212607, 30.756660657391066 ], [ -105.122061307678649, 30.750629764800742 ], [ -105.113373457653111, 30.743719532628567 ], [ -105.115487750689354, 30.735852192350158 ], [ -105.109424878382129, 30.734481376838783 ], [ -105.100969888658952, 30.72137674329414 ], [ -105.089788852628175, 30.71779674073386 ], [ -105.082022683489626, 30.708190719531952 ], [ -105.082910297839604, 30.703433885960166 ], [ -105.077525841603929, 30.704942522514703 ], [ -105.069546562974779, 30.702767198948496 ], [ -105.064065487020116, 30.697260235100011 ], [ -105.065232017680358, 30.689611213252363 ], [ -105.051814102750953, 30.684816190172302 ], [ -105.049344204566751, 30.690210366158929 ], [ -105.045223071235029, 30.691083841001781 ], [ -105.027983359054261, 30.685711728918797 ], [ -105.004103417820772, 30.682889013848349 ], [ -105.002424913005626, 30.676098212895837 ], [ -104.996650190000281, 30.672036265520692 ], [ -104.99145792546922, 30.663840369373737 ], [ -104.983316924837808, 30.624104399919229 ], [ -104.966982365585153, 30.613761586745721 ], [ -104.958711093974173, 30.612820916000661 ], [ -104.952309336343191, 30.608970269886289 ], [ -104.944366539707133, 30.608850533873049 ], [ -104.93541716149889, 30.604407671591964 ], [ -104.927812710593031, 30.605934137435547 ], [ -104.920650986489761, 30.591772208293808 ], [ -104.907838748928938, 30.582828848748495 ], [ -104.900656757095803, 30.56660245592467 ], [ -104.899919937071417, 30.558149516460578 ], [ -104.894456608034687, 30.552635299778412 ], [ -104.893368441303338, 30.541296973849235 ], [ -104.883760987616327, 30.534174856176111 ], [ -104.888735511237442, 30.525455833086074 ], [ -104.884543921163655, 30.519927896655208 ], [ -104.87817069130756, 30.51772424211681 ], [ -104.877682794289271, 30.503284122511282 ], [ -104.871209041221803, 30.492414061000115 ], [ -104.872971691349861, 30.480426940824351 ], [ -104.867165660386206, 30.472232446923126 ], [ -104.871126524218525, 30.458365400603977 ], [ -104.874597849700322, 30.456884956604302 ], [ -104.914005532244673, 30.463487075969251 ], [ -104.922220718190843, 30.46092288698858 ], [ -104.93586743749718, 30.461601275627775 ], [ -104.949236017281137, 30.465376726667788 ], [ -104.95682177424402, 30.488406234561594 ], [ -104.963506862598734, 30.490189885178712 ], [ -105.024954023099866, 30.482480823501952 ], [ -105.043687952669188, 30.48370841798555 ], [ -105.046558342913087, 30.461387498638086 ], [ -105.05117794378549, 30.451221548374846 ], [ -105.057421277800472, 30.443925448393543 ], [ -105.070301719711836, 30.43510590367077 ], [ -105.099984236779349, 30.426289356897673 ], [ -105.111716487145543, 30.426353349666012 ], [ -105.132420061358573, 30.432909687286401 ], [ -105.138102711545997, 30.431188502322875 ], [ -105.153809044056672, 30.421087375283591 ], [ -105.200119781417513, 30.401514064175075 ], [ -105.208253383623244, 30.394392608834739 ], [ -105.218443268166794, 30.376718968301049 ], [ -105.231332136040606, 30.369946847396204 ], [ -105.243985706025697, 30.368542221583226 ], [ -105.309960085534101, 30.392006816647648 ], [ -105.347804831687526, 30.380545016911224 ], [ -105.361102026001404, 30.379739163326029 ], [ -105.400788437058594, 30.383920398460003 ], [ -105.417139926606993, 30.376460854462266 ], [ -105.434590370970199, 30.359489892253038 ], [ -105.440616276724242, 30.35981417836885 ], [ -105.447351992362542, 30.364461593241415 ], [ -105.442638225722121, 30.348640164159303 ], [ -105.471317652021654, 30.340166202899564 ], [ -105.475924418987432, 30.332048626026303 ], [ -105.475570487250693, 30.312241767110226 ], [ -105.517850552434382, 30.338224481134315 ], [ -105.539156638858813, 30.325514243830952 ], [ -105.559113515539693, 30.325616961298394 ], [ -105.573373662141194, 30.369147472603917 ], [ -105.601260140222607, 30.37868931471467 ], [ -105.600600349110223, 30.388179409243076 ], [ -105.62814450768397, 30.411538845413709 ], [ -105.731378534969707, 30.570933868446875 ], [ -105.721504743683326, 30.585988217285426 ], [ -105.715111553169578, 30.610329057928386 ], [ -105.702663099016377, 30.640647580929933 ], [ -105.700725019037492, 30.659214575060155 ], [ -105.702267666936322, 30.689544749121389 ], [ -105.689771525485995, 30.739874610849828 ], [ -105.689753327368791, 30.750603053489883 ], [ -105.701205649843232, 30.757422048712364 ], [ -105.703419045129309, 30.767533433593364 ], [ -105.707552356952363, 30.772075851751072 ], [ -105.716119106492997, 30.794983548857129 ], [ -105.739044473120771, 30.804489265866401 ], [ -105.818056118247085, 30.801828813618705 ], [ -105.884970020817576, 30.838325775946263 ], [ -105.918099780346239, 30.817053713108908 ], [ -106.054482577620647, 30.823473568325984 ], [ -106.056436417495746, 30.843274642576198 ], [ -106.044348497131452, 30.854643259813962 ], [ -106.039593650613881, 30.868061118856385 ], [ -106.068651450184873, 30.889461772840399 ], [ -106.07568649579575, 30.898112073104681 ], [ -106.089776914341343, 30.922012807691985 ], [ -106.091114554897089, 30.946558960748213 ], [ -106.102626151966135, 30.956435544473624 ], [ -106.110957550052092, 30.969412868825898 ], [ -106.17676368342444, 30.989459150850379 ], [ -106.21153789771364, 30.985229849787867 ], [ -106.226241088773719, 30.990752991243831 ], [ -106.273382395751696, 31.040719052132385 ], [ -106.277326943495851, 31.065664860708516 ], [ -106.255659442970938, 31.078118869708302 ], [ -106.267630136461747, 31.112113051126578 ], [ -106.276323089027329, 31.126314959801835 ], [ -106.321068817441457, 31.125937659124897 ], [ -106.323319600847327, 31.128610247255143 ], [ -106.322732122968404, 31.138926446961566 ], [ -106.337116048093066, 31.14949134659248 ], [ -106.335742847124934, 31.234852340540716 ], [ -106.321172217628131, 31.239912518281219 ], [ -106.312218849515872, 31.239898431266319 ], [ -106.295672087841751, 31.230966498091828 ], [ -106.284758222147588, 31.22934147618227 ], [ -106.268819739196203, 31.231123199440724 ], [ -106.285667171351193, 31.263369374188166 ], [ -106.28516565609182, 31.268538673247413 ], [ -106.280739849993125, 31.270489669451809 ], [ -106.270482877723808, 31.269674921158217 ], [ -106.264220624119915, 31.274759313467623 ], [ -106.262455459630758, 31.280574175623187 ], [ -106.254371743104613, 31.289410638082856 ], [ -106.251115753192352, 31.299383533575288 ], [ -106.269676054877223, 31.331343402616955 ], [ -106.248789277726175, 31.34462180914073 ], [ -106.233535417657606, 31.348861019365028 ], [ -106.220296783452412, 31.356771092353181 ], [ -106.214862584892089, 31.357089966370459 ] ] ] } },
{ "type": "Feature", "properties": { "cve_edo": "08", "cve_mpo_ine": "029", "cve_edo_mpo_ine": "08029", "nom_mpo": "GUADALUPE Y CALVO", "nom_edo": "Chihuahua", "alianza_ganadora": "Va por México", "margen_pp": 55.523010195459925, "por_participacion": 55.890316081098099 }, "geometry": { "type": "Polygon", "coordinates": [ [ [ -107.300407571954636, 26.661919501169535 ], [ -107.29426415857111, 26.651774498527491 ], [ -107.287157344777384, 26.649890953705892 ], [ -107.28567717923346, 26.644112524824731 ], [ -107.258470042834688, 26.631450696151123 ], [ -107.252746491534594, 26.62370800051843 ], [ -107.24368362731181, 26.621169984942032 ], [ -107.234583357477433, 26.625302438376536 ], [ -107.230672212361455, 26.621912018910283 ], [ -107.227355402010929, 26.622468899873041 ], [ -107.217204943090636, 26.632850371521652 ], [ -107.216230782268894, 26.637395049961402 ], [ -107.219056266917335, 26.644576247547249 ], [ -107.216853245490725, 26.645736515788325 ], [ -107.213538698244548, 26.639134311139124 ], [ -107.207411703803487, 26.635758149803543 ], [ -107.191007170981436, 26.640988609287135 ], [ -107.182800531080545, 26.639514417745506 ], [ -107.175938979160421, 26.635477140003154 ], [ -107.171165600729793, 26.638705482344808 ], [ -107.161856811860702, 26.636818612611378 ], [ -107.159041430896622, 26.638639659215603 ], [ -107.157331060714313, 26.64458929353497 ], [ -107.141408446077889, 26.642627147701454 ], [ -107.134918779296839, 26.645278207676128 ], [ -107.130023011028825, 26.652222541393126 ], [ -107.113978629755991, 26.654965912668658 ], [ -107.107734426864312, 26.66438907630009 ], [ -107.101368682843656, 26.668340461268436 ], [ -107.080172519555944, 26.666974528326218 ], [ -107.079563970921953, 26.668461662176735 ], [ -107.065962372123536, 26.666076525497079 ], [ -107.06069472018153, 26.666740960112694 ], [ -107.060406542549771, 26.668565384790622 ], [ -107.040849930869499, 26.66859497698535 ], [ -107.031049737925699, 26.664609730084667 ], [ -107.020759741354411, 26.664200980366733 ], [ -107.017083554066318, 26.668627312668271 ], [ -107.01181592014747, 26.668633940943081 ], [ -107.00483373172311, 26.665280049349242 ], [ -106.979109820510828, 26.662723742902465 ], [ -106.97494914623357, 26.657684866039119 ], [ -106.966377592553698, 26.654215462098822 ], [ -106.949007797153598, 26.632239839576599 ], [ -106.928194842800394, 26.626535191965583 ], [ -106.918907082569788, 26.612322921615821 ], [ -106.905223688026169, 26.611821637889406 ], [ -106.912760390550375, 26.590279189163038 ], [ -106.895584840914694, 26.583674751902212 ], [ -106.885865667370837, 26.574872150177328 ], [ -106.875711575112845, 26.5758416805702 ], [ -106.868813526719507, 26.567766766302615 ], [ -106.85311482427764, 26.561645290328883 ], [ -106.849906481138362, 26.556612321524383 ], [ -106.850607969420665, 26.550315555595301 ], [ -106.845603037838671, 26.552744535766784 ], [ -106.839722586792888, 26.551534903092403 ], [ -106.838597111148161, 26.546821399623308 ], [ -106.83456054377551, 26.547174654086398 ], [ -106.82656915498859, 26.538196252580363 ], [ -106.81836460260979, 26.538567758852043 ], [ -106.814774362532546, 26.530058222351723 ], [ -106.803848284410648, 26.522497891121255 ], [ -106.789634329907642, 26.517934438355663 ], [ -106.782682855362481, 26.522772468885083 ], [ -106.770680342763512, 26.520100342514187 ], [ -106.765509339423787, 26.512839291422761 ], [ -106.759133863970249, 26.509724143775671 ], [ -106.74242297442153, 26.492581685632128 ], [ -106.74166664362761, 26.48728577271222 ], [ -106.71971826840398, 26.473974286445891 ], [ -106.709600898556971, 26.451497264811053 ], [ -106.686741771788249, 26.420629115943299 ], [ -106.684641543693274, 26.414676110065127 ], [ -106.678392821826165, 26.41072834895537 ], [ -106.673592257799228, 26.401474400750057 ], [ -106.668208988212271, 26.400006700993696 ], [ -106.665532279198771, 26.403495941264911 ], [ -106.658566056546761, 26.403773511670515 ], [ -106.643856711693587, 26.391329753780905 ], [ -106.629693767467231, 26.39585816078192 ], [ -106.623938014317488, 26.392319984883311 ], [ -106.615500998472754, 26.391110599224263 ], [ -106.612063683128653, 26.386155190493238 ], [ -106.60900783156373, 26.386001234329768 ], [ -106.604253112355963, 26.389911345540366 ], [ -106.598487196780283, 26.382562844420434 ], [ -106.592261595592333, 26.385070266513907 ], [ -106.582112502539132, 26.383202689415139 ], [ -106.567542903757115, 26.373400063249505 ], [ -106.55068553279385, 26.376108264661269 ], [ -106.547736056318811, 26.369493264046667 ], [ -106.540038066221342, 26.369767454406105 ], [ -106.535998523504432, 26.366882358658078 ], [ -106.533543594104216, 26.362252895580106 ], [ -106.533400270000413, 26.353309572684164 ], [ -106.515904399775664, 26.342682712488148 ], [ -106.51369804543819, 26.339377079311447 ], [ -106.514647298768452, 26.326537987404738 ], [ -106.50340215731427, 26.323342951071371 ], [ -106.499738405108559, 26.323768137614536 ], [ -106.499013126037326, 26.327496967154268 ], [ -106.494370453215481, 26.327179643688485 ], [ -106.479733094619974, 26.315236661725088 ], [ -106.475866763350083, 26.303076864585911 ], [ -106.482261574958216, 26.30883408995108 ], [ -106.484034398226356, 26.298954748997581 ], [ -106.479683294216414, 26.287461855574421 ], [ -106.483097992518864, 26.286027480964034 ], [ -106.483414265944603, 26.277899887048026 ], [ -106.490604295261107, 26.278194947909132 ], [ -106.468595187591163, 26.266407280304783 ], [ -106.469074596087566, 26.261198850212828 ], [ -106.460389151441532, 26.253192644181748 ], [ -106.449609160224895, 26.232789033441861 ], [ -106.448133598675213, 26.226260484503776 ], [ -106.44983522938044, 26.221298501191846 ], [ -106.44665284376309, 26.216260034479248 ], [ -106.446267319049738, 26.203778266201322 ], [ -106.439299538700354, 26.197586956482052 ], [ -106.434538146009345, 26.197261907252205 ], [ -106.432337290457241, 26.194784512174309 ], [ -106.431096600877012, 26.18054282808486 ], [ -106.42326986162837, 26.170435962858807 ], [ -106.421737221765369, 26.164629860521487 ], [ -106.427230066311125, 26.155394587583174 ], [ -106.428117687711676, 26.147786562527692 ], [ -106.433372666995766, 26.142139804451702 ], [ -106.430746941762436, 26.137858558202154 ], [ -106.432327362228406, 26.132259303998723 ], [ -106.431251120781411, 26.129513475853557 ], [ -106.425171544652912, 26.128975085118427 ], [ -106.42008305700142, 26.11924866935081 ], [ -106.452984025326003, 26.096073005731959 ], [ -106.45337804783351, 26.084258689160158 ], [ -106.440951975106557, 26.062235165306074 ], [ -106.443734599715967, 26.059111065590848 ], [ -106.452823094356091, 26.061812573393357 ], [ -106.452990032404742, 26.051445789360187 ], [ -106.458046212025039, 26.04413383938827 ], [ -106.454123559794553, 26.034809840827975 ], [ -106.454762041060107, 26.028354842399423 ], [ -106.463025400854605, 26.017783691376998 ], [ -106.46784054673391, 26.015872291295217 ], [ -106.469290807952078, 26.006343607536412 ], [ -106.475346601254685, 26.001592134910375 ], [ -106.474844220987876, 25.999587343751198 ], [ -106.480091668205191, 25.997633504834344 ], [ -106.463808240283285, 25.989602465227367 ], [ -106.459602387500496, 25.986226976819015 ], [ -106.460177225688668, 25.983698524518349 ], [ -106.463619155311903, 25.979256392302727 ], [ -106.470455805552106, 25.977556455842915 ], [ -106.478310079503558, 25.969171981163637 ], [ -106.47718244964345, 25.954962021543857 ], [ -106.479882846623653, 25.951919796574899 ], [ -106.499639110159237, 25.949456018516937 ], [ -106.504161901806654, 25.94716536902618 ], [ -106.512720076536411, 25.942498787754332 ], [ -106.513847451766679, 25.937466565657708 ], [ -106.522908320117253, 25.930076580514474 ], [ -106.524317165166394, 25.91868675829177 ], [ -106.530601015937989, 25.906823982645133 ], [ -106.526025627071931, 25.897966476385356 ], [ -106.530738480819423, 25.88386667816642 ], [ -106.530547399546037, 25.875112029647543 ], [ -106.538003492294877, 25.870439115259231 ], [ -106.537552237934193, 25.864408521178383 ], [ -106.541355169282738, 25.859636105420652 ], [ -106.5416387152856, 25.852865626370026 ], [ -106.533000889009088, 25.85175242556609 ], [ -106.528245206466494, 25.852969135094273 ], [ -106.519047402129488, 25.863827076475719 ], [ -106.511987230030599, 25.86346332801368 ], [ -106.505951443882054, 25.855010944274024 ], [ -106.500615989928193, 25.851516694589552 ], [ -106.5001029781575, 25.836236144856215 ], [ -106.4877255154084, 25.829981729867097 ], [ -106.488866298045892, 25.822885073373484 ], [ -106.498908696447316, 25.813189301539079 ], [ -106.503272933821606, 25.796528420007458 ], [ -106.508790715437257, 25.789865712401831 ], [ -106.515015567528664, 25.786839902793268 ], [ -106.513241868006304, 25.778490412886967 ], [ -106.515616818804574, 25.768261290533744 ], [ -106.508644007153578, 25.756191734995195 ], [ -106.514073951615103, 25.748375763314598 ], [ -106.520228723264083, 25.746107026006339 ], [ -106.527844273491311, 25.734814716349092 ], [ -106.532848997231255, 25.732972469697732 ], [ -106.534069451478913, 25.721417853593561 ], [ -106.529881967888869, 25.711564216967098 ], [ -106.529408824787055, 25.692001092698437 ], [ -106.513893746493721, 25.686981599192912 ], [ -106.521792445144854, 25.669567480643728 ], [ -106.550430830960778, 25.661422165964943 ], [ -106.55869521077274, 25.65117114382732 ], [ -106.573551803510995, 25.64313547179853 ], [ -106.587392619857184, 25.630491748293807 ], [ -106.600992757884029, 25.61352313800575 ], [ -106.604006000311799, 25.612561550476418 ], [ -106.609045771683569, 25.601602938694629 ], [ -106.612938566987893, 25.599600480845766 ], [ -106.615022859158245, 25.581136919434048 ], [ -106.625723496897294, 25.583094943465273 ], [ -106.640073584972754, 25.570616076974268 ], [ -106.641675143127998, 25.561783161162211 ], [ -106.649205071657448, 25.559503682511146 ], [ -106.656620473203517, 25.566775918444229 ], [ -106.665059063840019, 25.564428928820639 ], [ -106.671608414374816, 25.566270687401349 ], [ -106.675117529263844, 25.568926535757221 ], [ -106.682784051347042, 25.590921623669651 ], [ -106.692764823325859, 25.58682923227294 ], [ -106.700418736489652, 25.586609122242052 ], [ -106.709263993139913, 25.59143016257773 ], [ -106.709241453012538, 25.596302268246632 ], [ -106.710940665433753, 25.596638555151326 ], [ -106.716201715936904, 25.588481575284405 ], [ -106.726926856712069, 25.580590882186122 ], [ -106.738967744159297, 25.57699793614583 ], [ -106.73772990787532, 25.582278838793602 ], [ -106.752637347664518, 25.590007467815933 ], [ -106.750419709541561, 25.59726714984798 ], [ -106.756236417304663, 25.600671541728126 ], [ -106.75574350793552, 25.605903317423845 ], [ -106.76601529904687, 25.601771302484146 ], [ -106.773083082900456, 25.592424877020662 ], [ -106.777964986654283, 25.568896317552447 ], [ -106.789618503016143, 25.563346401867054 ], [ -106.798877300926478, 25.572137470696696 ], [ -106.81186910633059, 25.57863788607531 ], [ -106.813364716321828, 25.582939319109411 ], [ -106.826116909166913, 25.581221960994839 ], [ -106.83127589950999, 25.599426972567485 ], [ -106.838768034359234, 25.606785376776212 ], [ -106.896779367412535, 25.643907774447932 ], [ -106.903215957209184, 25.645243012206468 ], [ -106.921576023952639, 25.641565978205001 ], [ -106.935180151102372, 25.643657393545109 ], [ -106.941966440579534, 25.650688884564833 ], [ -106.946716685103354, 25.646569356646705 ], [ -106.962330108071569, 25.646144797082457 ], [ -106.962232567823719, 25.651741753957857 ], [ -106.968072744210374, 25.657478452351686 ], [ -106.970159496494958, 25.671367671106562 ], [ -106.967958438666741, 25.679382556993062 ], [ -106.971243704077438, 25.683321861783956 ], [ -106.970324295798008, 25.688918605182263 ], [ -106.980648346340828, 25.690371451257121 ], [ -106.986167781863415, 25.695842141033957 ], [ -106.991322041311363, 25.71110166926622 ], [ -106.993423763871775, 25.711447253164049 ], [ -106.999549512110178, 25.708130723444359 ], [ -107.003119293637042, 25.700460945173639 ], [ -107.01052207674384, 25.699285959163451 ], [ -107.012170373430308, 25.694103598710466 ], [ -107.024398559707706, 25.723744249426488 ], [ -107.035821137036336, 25.728993002915374 ], [ -107.038561834356216, 25.732308834799703 ], [ -107.038103377922113, 25.735694628114501 ], [ -107.028316818784532, 25.74744326434007 ], [ -107.019903963570371, 25.751728788034224 ], [ -107.014777241812695, 25.763544912938851 ], [ -107.014498847571929, 25.770385427600512 ], [ -107.018976417594999, 25.775359635025413 ], [ -107.021437086677736, 25.79076746547387 ], [ -107.023265119336486, 25.792701768390717 ], [ -107.027380675968843, 25.792286292487582 ], [ -107.035333443416263, 25.800990152738311 ], [ -107.042740118483451, 25.805202553733764 ], [ -107.044747845626233, 25.819089796185562 ], [ -107.063131772991369, 25.830758691467516 ], [ -107.062673018826146, 25.839602882037443 ], [ -107.066057583145252, 25.843263091094123 ], [ -107.0985368711153, 25.848562460649735 ], [ -107.107779403683494, 25.85643166428941 ], [ -107.119766228262051, 25.858424980556887 ], [ -107.122602123930889, 25.856902384051672 ], [ -107.12342411281854, 25.852894337903436 ], [ -107.11601128697977, 25.847028244230849 ], [ -107.112530778391388, 25.83259108415136 ], [ -107.130456777177216, 25.823385786466336 ], [ -107.140792868319039, 25.823168227927894 ], [ -107.144819871885403, 25.827516730319957 ], [ -107.144276542184755, 25.837880891043902 ], [ -107.149492581587538, 25.840638868930544 ], [ -107.149770224691991, 25.846096695207667 ], [ -107.153065942212621, 25.849616613603317 ], [ -107.150983526866568, 25.854245411192352 ], [ -107.155092513132189, 25.861104918523385 ], [ -107.154707336709706, 25.867124543350521 ], [ -107.151287706561121, 25.871814342277869 ], [ -107.143128311821286, 25.876075567762179 ], [ -107.152476464960614, 25.879653767041752 ], [ -107.162895108304681, 25.890492866844141 ], [ -107.163114427716437, 25.897669130627385 ], [ -107.172310155670019, 25.911472535144025 ], [ -107.181661398624442, 25.915213552648716 ], [ -107.187150057384812, 25.909869664828143 ], [ -107.193600092151144, 25.908075003504617 ], [ -107.20317448369471, 25.91866074821635 ], [ -107.202654778962156, 25.92987584999026 ], [ -107.206058998275651, 25.930215838239242 ], [ -107.209840532959873, 25.926268149925448 ], [ -107.224555263740385, 25.926310478604268 ], [ -107.242516486266908, 25.940380593502308 ], [ -107.244811226693884, 25.946572243730195 ], [ -107.261960759114146, 25.946617086454268 ], [ -107.269876758156173, 25.942348557688639 ], [ -107.271102401873137, 25.938392967570824 ], [ -107.274264086595963, 25.938565771756952 ], [ -107.287645409579966, 25.953374645302418 ], [ -107.281086803484612, 25.972524731463785 ], [ -107.280293231689598, 25.98972835553181 ], [ -107.281211506361601, 25.991039038322626 ], [ -107.284974908294942, 25.988981680009761 ], [ -107.292627941242273, 25.994607611086881 ], [ -107.29834873721282, 25.99363110260483 ], [ -107.29992737438188, 25.995119146896666 ], [ -107.296873248949865, 26.000885104286827 ], [ -107.291515172055639, 26.002769593413372 ], [ -107.301236770057358, 26.009059506692704 ], [ -107.29988029342465, 26.017633308375743 ], [ -107.292936427897644, 26.020916308686008 ], [ -107.295485180372907, 26.024220938017802 ], [ -107.294746726416832, 26.028095338436241 ], [ -107.306300732146568, 26.032244694323555 ], [ -107.313732295437603, 26.028632208642605 ], [ -107.323572903951202, 26.038136888388717 ], [ -107.323079242373012, 26.041764470937967 ], [ -107.326602183648944, 26.04556527841547 ], [ -107.35130162408538, 26.052128678476798 ], [ -107.35713235701121, 26.059973811070652 ], [ -107.356245666733855, 26.081990716143206 ], [ -107.371712993368504, 26.079379179608157 ], [ -107.388148730634825, 26.080478501393412 ], [ -107.392892100764186, 26.084609246133606 ], [ -107.400925295001315, 26.087177992892634 ], [ -107.401953977517266, 26.09656528810374 ], [ -107.455084672381986, 26.121883225320556 ], [ -107.485170541353838, 26.115646624247521 ], [ -107.493210637459697, 26.109716638840247 ], [ -107.504291045924575, 26.115167945576946 ], [ -107.51537509329458, 26.106023270569054 ], [ -107.521952967568225, 26.09093798035137 ], [ -107.528406766126096, 26.084015709310297 ], [ -107.524389628036957, 26.079148127018158 ], [ -107.511363005548446, 26.07823192954644 ], [ -107.516477974485781, 26.070072298424506 ], [ -107.524756491380884, 26.066944605448153 ], [ -107.535834555203692, 26.058540867509752 ], [ -107.542407602090478, 26.056730547003202 ], [ -107.549589776001881, 26.066051899157511 ], [ -107.56054659871873, 26.072818255635546 ], [ -107.560422991360525, 26.061521725654988 ], [ -107.563830195009032, 26.055751194556667 ], [ -107.568211560048169, 26.053526569 ], [ -107.574298997925339, 26.059547937764449 ], [ -107.58269773792442, 26.059467956525769 ], [ -107.587567727917914, 26.062437535727209 ], [ -107.588058922128354, 26.073156744395291 ], [ -107.591835120333087, 26.078681962245618 ], [ -107.607904058962021, 26.077529766892287 ], [ -107.612656479249679, 26.085033299922618 ], [ -107.619228066748519, 26.081158139725964 ], [ -107.623859536433557, 26.088578782007925 ], [ -107.632506565573621, 26.092288525226813 ], [ -107.634822469016569, 26.095503893221171 ], [ -107.640909011907382, 26.094183812915869 ], [ -107.645537471643195, 26.096244274561652 ], [ -107.646273315460689, 26.10201571104837 ], [ -107.638966634768153, 26.100780238322411 ], [ -107.637506993063184, 26.102511936249211 ], [ -107.639579796947373, 26.105809684273925 ], [ -107.648347122670259, 26.106137824531775 ], [ -107.655177947818558, 26.118091486852048 ], [ -107.662605551867301, 26.117429646781424 ], [ -107.664808999893239, 26.127900050152448 ], [ -107.670418438975318, 26.134246597224717 ], [ -107.66774567244434, 26.140101543512415 ], [ -107.669208384063907, 26.141090378046417 ], [ -107.673226758388608, 26.140264268890792 ], [ -107.68246911578953, 26.128964638287506 ], [ -107.690997986754098, 26.13192849914909 ], [ -107.691988454707982, 26.143965418304447 ], [ -107.68347457269725, 26.153451431184749 ], [ -107.686037976807683, 26.157572560002013 ], [ -107.696273928634014, 26.160122795920241 ], [ -107.69543374864368, 26.16911010265564 ], [ -107.701526337912895, 26.170013306370905 ], [ -107.6894795506349, 26.180408870972897 ], [ -107.673649617932853, 26.187837180301123 ], [ -107.665487471049985, 26.189242256495408 ], [ -107.653320369488867, 26.206066288839285 ], [ -107.62286510183398, 26.220749131646048 ], [ -107.612140834421467, 26.223058639933015 ], [ -107.607137505857281, 26.229956487819972 ], [ -107.606908664613215, 26.241649892963721 ], [ -107.618829217164432, 26.258062590281909 ], [ -107.591112574153613, 26.277947761051919 ], [ -107.582691433141207, 26.27344889605736 ], [ -107.576817426738657, 26.274249977860045 ], [ -107.569935210908966, 26.282154066207177 ], [ -107.561850901796277, 26.28484576341798 ], [ -107.566586624156386, 26.293131439838582 ], [ -107.562877097509897, 26.302536874324037 ], [ -107.563948594031217, 26.309566625485804 ], [ -107.558753742496293, 26.32284987317998 ], [ -107.565706043812867, 26.328169947296914 ], [ -107.560310220394086, 26.330956199864925 ], [ -107.558931019111327, 26.338801587189838 ], [ -107.546834500761449, 26.334449875470305 ], [ -107.538753646107523, 26.335404975004341 ], [ -107.53653926090702, 26.338039596018628 ], [ -107.538338187142202, 26.346395303646023 ], [ -107.545657958365396, 26.351800621073814 ], [ -107.552591845648905, 26.361749392467729 ], [ -107.554150067128276, 26.369525157537502 ], [ -107.527955223069526, 26.396763177279404 ], [ -107.524104901048673, 26.408977375995455 ], [ -107.514658461512198, 26.412817912642097 ], [ -107.514159605880138, 26.414799147700666 ], [ -107.518292576981835, 26.421595640433132 ], [ -107.518834956176647, 26.437136069390295 ], [ -107.524377705699408, 26.457741011171379 ], [ -107.530592779739393, 26.465207651219288 ], [ -107.534267723821827, 26.465306927561407 ], [ -107.53618894720033, 26.474324112495232 ], [ -107.541939593204702, 26.476168058970252 ], [ -107.541686082750459, 26.478150450614354 ], [ -107.53859709985926, 26.48416988312243 ], [ -107.539314932581874, 26.488222778261182 ], [ -107.524088569091731, 26.495427010785271 ], [ -107.517002880540318, 26.490518275165286 ], [ -107.509777620488563, 26.489492957072525 ], [ -107.506315258205873, 26.496336573188859 ], [ -107.503123775759548, 26.497478656675128 ], [ -107.504314448857599, 26.505087916652585 ], [ -107.512881716030378, 26.507689976660373 ], [ -107.510866765259976, 26.519664579691735 ], [ -107.497383692783927, 26.519684022652466 ], [ -107.49589637763458, 26.523230866026413 ], [ -107.500064279769788, 26.523167925780349 ], [ -107.501362233004031, 26.53416626463045 ], [ -107.507364054617682, 26.535268755652947 ], [ -107.508194543726447, 26.541388559410372 ], [ -107.513957133465269, 26.541249914552509 ], [ -107.513862226537981, 26.535050912134668 ], [ -107.516571969613651, 26.532170715884451 ], [ -107.520377857039321, 26.530865786051201 ], [ -107.52710682569969, 26.533871640906902 ], [ -107.517103134552201, 26.55060350814863 ], [ -107.508602672717771, 26.559655594092334 ], [ -107.477611715484514, 26.578931278753355 ], [ -107.480737026137035, 26.592335464271923 ], [ -107.490498070766321, 26.603374232648441 ], [ -107.483717333908771, 26.61069771539043 ], [ -107.475497352813505, 26.610906199990541 ], [ -107.454367569573037, 26.617001325574037 ], [ -107.441865278625443, 26.614789670673147 ], [ -107.449398247050866, 26.604826938317157 ], [ -107.447624809242726, 26.591511307778767 ], [ -107.438711230958518, 26.583614271774614 ], [ -107.435800780967782, 26.577152582503935 ], [ -107.429916384270243, 26.576709012412753 ], [ -107.427502289253255, 26.569257844787753 ], [ -107.420173288144554, 26.563764541111091 ], [ -107.417267505877561, 26.556723799258602 ], [ -107.41963425029661, 26.549710806003851 ], [ -107.413463715034581, 26.534222118078731 ], [ -107.401191472581061, 26.514071510815398 ], [ -107.396167873816168, 26.513713607885045 ], [ -107.393464000155447, 26.515021314867674 ], [ -107.388813000529709, 26.535824703012992 ], [ -107.381167525703702, 26.543717386071627 ], [ -107.382359299979711, 26.549840407609 ], [ -107.349163305902309, 26.565109855488338 ], [ -107.358231195139211, 26.587478634298851 ], [ -107.36785429423189, 26.59918717821969 ], [ -107.380697769936077, 26.627774011930097 ], [ -107.390732389710948, 26.632622587117435 ], [ -107.389091089841386, 26.641044311657666 ], [ -107.380355600139879, 26.650311471224814 ], [ -107.35807367072124, 26.653017455242562 ], [ -107.351314203348124, 26.643124670924987 ], [ -107.34628917477815, 26.64132107447502 ], [ -107.338311116123791, 26.633247852326427 ], [ -107.330228990980942, 26.633020856333506 ], [ -107.315958806698418, 26.660065028047423 ], [ -107.312539659570504, 26.66502909445353 ], [ -107.300407571954636, 26.661919501169535 ] ] ] } },
{ "type": "Feature", "properties": { "cve_edo": "08", "cve_mpo_ine": "030", "cve_edo_mpo_ine": "08030", "nom_mpo": "GUAZAPARES", "nom_edo": "Chihuahua", "alianza_ganadora": "Va por México", "margen_pp": 28.934707903780069, "por_participacion": 63.407902382335855 }, "geometry": { "type": "Polygon", "coordinates": [ [ [ -108.137742942010391, 27.799742536257252 ], [ -108.124125455839803, 27.797248310544116 ], [ -108.105151592630094, 27.784697302789819 ], [ -108.096033870314528, 27.791256065134924 ], [ -108.086722913454139, 27.792265828408777 ], [ -108.084339258548056, 27.794980854644628 ], [ -108.07499695847963, 27.790763900776273 ], [ -108.075581356281603, 27.783611210007304 ], [ -108.062151823520068, 27.770356026101812 ], [ -108.049140990876595, 27.766795535893827 ], [ -108.038056019950858, 27.7508976547063 ], [ -108.026996482299324, 27.740094178653184 ], [ -108.010751779089333, 27.731364840494834 ], [ -108.007490128518199, 27.723969654359685 ], [ -108.038304990686314, 27.69525550016602 ], [ -108.038540418560814, 27.692542327825908 ], [ -108.03093839418915, 27.679094402313222 ], [ -108.026098680510941, 27.675086617060117 ], [ -108.021268325796029, 27.673215516876731 ], [ -108.020165512440627, 27.675603376477394 ], [ -108.012854726191136, 27.671933601111718 ], [ -107.998888325664524, 27.673466865728166 ], [ -107.986845408173636, 27.661019098792007 ], [ -107.97645911440901, 27.660892853863544 ], [ -107.971172593181251, 27.635843313057958 ], [ -107.959327123831045, 27.624665837681778 ], [ -107.963672637881842, 27.610478319318922 ], [ -107.970517260055829, 27.60349310683085 ], [ -107.971698363336188, 27.597786848667035 ], [ -107.977869713525806, 27.598155498099892 ], [ -107.98344816906534, 27.601088028275196 ], [ -107.988566742546624, 27.607574429734743 ], [ -108.002659524344551, 27.610609070590169 ], [ -108.01047716842757, 27.615340519438242 ], [ -108.033422983066885, 27.602534201038861 ], [ -108.034869254445383, 27.599055116014995 ], [ -108.028714514483596, 27.587706547196177 ], [ -108.017665522302408, 27.580275227663059 ], [ -108.015324616517034, 27.567658710498623 ], [ -108.017872198786691, 27.563263259769762 ], [ -107.9706179209021, 27.560717330892849 ], [ -107.967860365655582, 27.542322075329079 ], [ -107.984565598742051, 27.53551403066902 ], [ -107.98441173843959, 27.532212055709067 ], [ -107.972583407047864, 27.51949709564699 ], [ -107.975411647414631, 27.518733784484624 ], [ -107.987706457468775, 27.528554928607811 ], [ -107.991472332733025, 27.535794452587467 ], [ -107.995908841540768, 27.53559707430486 ], [ -108.005470723424764, 27.529829399471453 ], [ -108.021747995432762, 27.5302869189041 ], [ -108.025518507965145, 27.524973938069973 ], [ -108.032538144450115, 27.524260615303646 ], [ -108.030502104759549, 27.517669969884967 ], [ -108.040169933464, 27.523129427803841 ], [ -108.056902049409416, 27.544718143766737 ], [ -108.069191343435378, 27.540741760405073 ], [ -108.061824995436098, 27.519082439830125 ], [ -108.049511640894167, 27.495313426145263 ], [ -108.039335457102254, 27.48804166310434 ], [ -108.030239085608514, 27.451942213105841 ], [ -108.03158572086717, 27.438224636637198 ], [ -108.03571457911859, 27.432083157039116 ], [ -108.043165713373298, 27.425668824540512 ], [ -108.062705986827623, 27.421391285796311 ], [ -108.0745047073531, 27.406602070032932 ], [ -108.076086318539183, 27.392304601598156 ], [ -108.070136031171913, 27.375753322012052 ], [ -108.075734742626892, 27.356883260252623 ], [ -108.080878294899193, 27.354283601072211 ], [ -108.115167408219293, 27.349471508024585 ], [ -108.130829770010763, 27.340757761244213 ], [ -108.14397857390847, 27.338998975626399 ], [ -108.14756602370899, 27.340786003833703 ], [ -108.14959840330755, 27.34679683308012 ], [ -108.158068805961065, 27.356387216808187 ], [ -108.169467310856817, 27.340521253317196 ], [ -108.161653800999929, 27.323247119555845 ], [ -108.163949042295656, 27.319264665913327 ], [ -108.169333693185706, 27.316577437102385 ], [ -108.17428781384821, 27.308196406408349 ], [ -108.185260450039962, 27.2763149563925 ], [ -108.186319880169719, 27.271929864410211 ], [ -108.184179551967091, 27.26732414363266 ], [ -108.176974263721405, 27.260531634093571 ], [ -108.168448146176175, 27.256639619507645 ], [ -108.161835659677664, 27.247611867032575 ], [ -108.159473039690724, 27.233429341158171 ], [ -108.155990332412017, 27.229577224757108 ], [ -108.145148108736521, 27.227271406430148 ], [ -108.13830625911703, 27.231372963360712 ], [ -108.133358559931054, 27.228440362029506 ], [ -108.113945173902707, 27.205144788560293 ], [ -108.110269765198225, 27.206329824019175 ], [ -108.108828122095574, 27.209644110269839 ], [ -108.099726417443108, 27.209054877538499 ], [ -108.094877326117611, 27.203477610745868 ], [ -108.09147692619409, 27.207632701524272 ], [ -108.095125068831152, 27.178868560540167 ], [ -108.09034930581474, 27.168088225314833 ], [ -108.09298761226546, 27.163654600914843 ], [ -108.086786224298919, 27.15128973889189 ], [ -108.095297438146176, 27.135162425041997 ], [ -108.099562683517831, 27.105177745366873 ], [ -108.103488208314531, 27.104917321638826 ], [ -108.104498424516393, 27.110445831443364 ], [ -108.113837939427356, 27.112891906950413 ], [ -108.144504276992535, 27.110391942690725 ], [ -108.155033103089792, 27.105978390414109 ], [ -108.17263879771474, 27.094767831817414 ], [ -108.177964656349118, 27.08219868001326 ], [ -108.186258531049177, 27.073911197261317 ], [ -108.192884648117186, 27.074215936438264 ], [ -108.199480231635505, 27.069401831868998 ], [ -108.203779404141557, 27.070375636227446 ], [ -108.211719995025945, 27.064977794639141 ], [ -108.228976120183347, 27.058715938006941 ], [ -108.235161406279673, 27.047545163625859 ], [ -108.258770869424794, 27.034547610241241 ], [ -108.266067427737298, 27.025670469907912 ], [ -108.272749002069148, 27.023466870794973 ], [ -108.284508925732851, 27.026738564519327 ], [ -108.291074644488475, 27.03370660254815 ], [ -108.291810259152086, 27.026031555231835 ], [ -108.297499160786558, 27.021747768847224 ], [ -108.30778122669652, 27.031612621519535 ], [ -108.312122706272135, 27.040426352028849 ], [ -108.32501015396646, 27.052609479204154 ], [ -108.330825263644641, 27.04720252122598 ], [ -108.333934565840252, 27.038281204172971 ], [ -108.338628837346278, 27.034402082382258 ], [ -108.348000646132306, 27.031684059347302 ], [ -108.354991335896784, 27.042019359450347 ], [ -108.356938885562528, 27.049871091393562 ], [ -108.37688386241436, 27.055505265924598 ], [ -108.386830124578807, 27.046860290680435 ], [ -108.381424894184065, 27.041155281710939 ], [ -108.382307316199658, 27.034049626477465 ], [ -108.397861975132557, 27.022160484678622 ], [ -108.405993500434633, 27.021586463383727 ], [ -108.407857572798605, 27.015307586144889 ], [ -108.404544307676318, 27.010596003411514 ], [ -108.409955456211989, 27.004905774049451 ], [ -108.418390044614227, 27.015440492917865 ], [ -108.428670607088222, 27.020376707221818 ], [ -108.440801473790032, 27.022298605767112 ], [ -108.4497207532891, 27.026575095286098 ], [ -108.461717816339572, 27.023994021655081 ], [ -108.470903950998519, 27.035687127402948 ], [ -108.473730829059676, 27.027997999219611 ], [ -108.475088827513403, 27.026738232179987 ], [ -108.478310806876735, 27.02855037612089 ], [ -108.481431697450532, 27.039033426166423 ], [ -108.480253730226508, 27.061884381554787 ], [ -108.483238351623584, 27.067116021347619 ], [ -108.47759061263757, 27.084912257215699 ], [ -108.487657085084422, 27.098931829301076 ], [ -108.498950800193697, 27.108106545065645 ], [ -108.499593440772841, 27.116355288317681 ], [ -108.496406691158796, 27.128049025003161 ], [ -108.500883305656473, 27.134269909632248 ], [ -108.498697684898701, 27.14954135614984 ], [ -108.494029601571015, 27.163329723209227 ], [ -108.48808450632292, 27.163955061082177 ], [ -108.483633165521155, 27.167154116385912 ], [ -108.482907519718907, 27.173578428990375 ], [ -108.488991894165196, 27.178204374642924 ], [ -108.489497196664232, 27.181618847219717 ], [ -108.48346248413921, 27.194916444751762 ], [ -108.473806598861373, 27.198818563794656 ], [ -108.471964493003668, 27.205083868836407 ], [ -108.475099219385328, 27.218317494743673 ], [ -108.467793569118726, 27.221202607700487 ], [ -108.455515337299929, 27.218785801580623 ], [ -108.455042430688991, 27.227709425573959 ], [ -108.449736590865854, 27.237499618132713 ], [ -108.439823693403582, 27.239734154246086 ], [ -108.434613491575377, 27.238518523341423 ], [ -108.429639174075135, 27.232132194838204 ], [ -108.421089347783038, 27.234106223888965 ], [ -108.412644630005602, 27.227658609197487 ], [ -108.398766962037527, 27.231166578712724 ], [ -108.395178988595163, 27.234774557780142 ], [ -108.391364880787236, 27.249305654235165 ], [ -108.38777146976426, 27.250579116158381 ], [ -108.38703527927963, 27.254502292126887 ], [ -108.37972906608772, 27.259717622907147 ], [ -108.369812270465872, 27.261947492320527 ], [ -108.369082638971634, 27.269789134323936 ], [ -108.362648448080549, 27.27816647314236 ], [ -108.358184029941143, 27.278610930651283 ], [ -108.344929450584672, 27.289100505958505 ], [ -108.34104985487879, 27.295617840826377 ], [ -108.340499722007465, 27.302485436031226 ], [ -108.346206414936688, 27.314107344618844 ], [ -108.347615688975807, 27.322972795056639 ], [ -108.36097188346308, 27.335547688090706 ], [ -108.360870012244021, 27.348294993396436 ], [ -108.378524165777691, 27.348806119160191 ], [ -108.380546744396653, 27.374477921584738 ], [ -108.364672918329845, 27.38258617532642 ], [ -108.366019823336444, 27.384083593376822 ], [ -108.378878576536934, 27.382498234608331 ], [ -108.379873093345665, 27.397568945953534 ], [ -108.384420115657164, 27.40065610769787 ], [ -108.385864892154927, 27.405547623074586 ], [ -108.40219529234264, 27.402571239413064 ], [ -108.405808988231016, 27.398451354245147 ], [ -108.410876834433438, 27.398063769658584 ], [ -108.413679733740338, 27.403210218542945 ], [ -108.413357381526424, 27.413306982698561 ], [ -108.433630043604481, 27.428888095846794 ], [ -108.431850266923064, 27.435749331141849 ], [ -108.441260081577653, 27.450446494466252 ], [ -108.438893049386039, 27.470300044582768 ], [ -108.469467118016041, 27.482117082775247 ], [ -108.464105254775674, 27.506674433593737 ], [ -108.470671294264989, 27.522927749171298 ], [ -108.467695424944367, 27.524072705051399 ], [ -108.4617731972656, 27.522058578756607 ], [ -108.449949067977585, 27.515215413648651 ], [ -108.438925871534721, 27.517645354493602 ], [ -108.432380149429889, 27.516454568543292 ], [ -108.424876024417742, 27.528088359298103 ], [ -108.425661043159124, 27.539266438809548 ], [ -108.417089234378579, 27.544355716199057 ], [ -108.415820888615087, 27.548653535597225 ], [ -108.409739600156328, 27.551354482048577 ], [ -108.402085440700105, 27.549246330018686 ], [ -108.399466176772592, 27.552130016707341 ], [ -108.413518059916143, 27.55907132650605 ], [ -108.416566229288364, 27.565211703933024 ], [ -108.420631496162301, 27.567632283064466 ], [ -108.425018113309093, 27.577007106032376 ], [ -108.432032338954983, 27.582421484384462 ], [ -108.433563928197373, 27.593271871265653 ], [ -108.429546835052435, 27.601281161811556 ], [ -108.419510640275689, 27.602887476493574 ], [ -108.41414876664804, 27.608406661616847 ], [ -108.405491844750301, 27.607452931840609 ], [ -108.397947790497483, 27.623389987521662 ], [ -108.414499387087574, 27.628356387879766 ], [ -108.410971432789481, 27.63686440384507 ], [ -108.411912049943254, 27.643739117309583 ], [ -108.409179909795569, 27.644884376861253 ], [ -108.400907910067005, 27.64169768926471 ], [ -108.398535516923729, 27.644417233185436 ], [ -108.391489539845608, 27.64289159485056 ], [ -108.386390582765472, 27.645928131595056 ], [ -108.386973185925683, 27.650814749611946 ], [ -108.383711824673469, 27.656426607420894 ], [ -108.387642081270542, 27.660750966229635 ], [ -108.386610753863366, 27.666208728363944 ], [ -108.37373078723725, 27.666307835623442 ], [ -108.372728196369195, 27.667875323523823 ], [ -108.380981155199265, 27.673795006537087 ], [ -108.383301384761182, 27.678193915503936 ], [ -108.379894847503948, 27.686536541181056 ], [ -108.375198882461191, 27.685105154806401 ], [ -108.342577790206377, 27.690892263928625 ], [ -108.34230737659388, 27.693787964463024 ], [ -108.349320330451036, 27.6999511099303 ], [ -108.349906343427079, 27.704258569666717 ], [ -108.334725068210801, 27.712785344762647 ], [ -108.330582292016473, 27.71963317886091 ], [ -108.31499027220174, 27.717146426810015 ], [ -108.317028039397073, 27.725683886957764 ], [ -108.313907017209175, 27.728563704474617 ], [ -108.309225224205605, 27.725226354446402 ], [ -108.308750103295949, 27.707426367225974 ], [ -108.306448169484355, 27.701039420117286 ], [ -108.287249378598148, 27.700598255101436 ], [ -108.281158368550024, 27.703046191000841 ], [ -108.280025353148119, 27.705191854225955 ], [ -108.289880692742159, 27.711954306169471 ], [ -108.295632817933267, 27.720596423242327 ], [ -108.294871672631032, 27.722744321506688 ], [ -108.284328608113071, 27.724008007096725 ], [ -108.272227060441736, 27.733705363199931 ], [ -108.272158684194636, 27.741817453747991 ], [ -108.278289362916169, 27.749717446242919 ], [ -108.282488089929529, 27.751562994169813 ], [ -108.281193527344641, 27.758177866811163 ], [ -108.241481502639076, 27.74924976857594 ], [ -108.184665996548873, 27.754273030950042 ], [ -108.193472589392542, 27.767244565412192 ], [ -108.19281045071456, 27.771876306556191 ], [ -108.188831248098296, 27.773175250967864 ], [ -108.183537019729513, 27.769167236813413 ], [ -108.154098996087669, 27.761935852264969 ], [ -108.151864016541438, 27.788413110367767 ], [ -108.137742942010391, 27.799742536257252 ] ] ] } },
{ "type": "Feature", "properties": { "cve_edo": "08", "cve_mpo_ine": "031", "cve_edo_mpo_ine": "08031", "nom_mpo": "GUERRERO", "nom_edo": "Chihuahua", "alianza_ganadora": "Va por México", "margen_pp": 19.929652243164323, "por_participacion": 49.580467901681416 }, "geometry": { "type": "Polygon", "coordinates": [ [ [ -107.538758326749246, 28.912383474086838 ], [ -107.487033725563265, 28.911992045129963 ], [ -107.477114216412218, 28.879864626275353 ], [ -107.500837267705151, 28.879531205102268 ], [ -107.501457464708992, 28.87057521953308 ], [ -107.512953784162846, 28.84785441722844 ], [ -107.515063067186148, 28.834214545213968 ], [ -107.509787696680718, 28.825441954201921 ], [ -107.491694019406609, 28.808624715522356 ], [ -107.479585008871695, 28.792016896453184 ], [ -107.470143157222935, 28.783915145991944 ], [ -107.455809932676985, 28.776714954660097 ], [ -107.456522783367546, 28.763504974378339 ], [ -107.453058489406587, 28.738399922697003 ], [ -107.443417801122763, 28.745818504981123 ], [ -107.434643043797749, 28.749274372930046 ], [ -107.413091380338159, 28.749737218201339 ], [ -107.405811751252358, 28.728510992295909 ], [ -107.401187633870137, 28.724066485280144 ], [ -107.3655453870375, 28.717333791820707 ], [ -107.354320482164226, 28.712083381151871 ], [ -107.343360900596551, 28.71195363363459 ], [ -107.347802950811257, 28.698224274218152 ], [ -107.343792434573061, 28.689479289742913 ], [ -107.33954854175937, 28.685857412504618 ], [ -107.333691147315264, 28.683892849860264 ], [ -107.322614223505468, 28.685331445052125 ], [ -107.300296635460953, 28.673168994749538 ], [ -107.286594082610932, 28.669737275088988 ], [ -107.281842520153077, 28.660826871878161 ], [ -107.271487544322127, 28.650526509546644 ], [ -107.266986036360947, 28.641119037277281 ], [ -107.255021334918652, 28.633052261764785 ], [ -107.225703315045706, 28.630330674303838 ], [ -107.223689591796855, 28.582388817084958 ], [ -107.21280830286554, 28.569089558609853 ], [ -107.209947275061495, 28.56961092333831 ], [ -107.203323039777132, 28.578682357387795 ], [ -107.191316344625079, 28.586063808206109 ], [ -107.181485406186184, 28.598387020804477 ], [ -107.175254912880391, 28.598771275549339 ], [ -107.177521717022671, 28.579236707178922 ], [ -107.169157200241102, 28.556650585043879 ], [ -107.175399783644693, 28.546757066053029 ], [ -107.16875080467166, 28.543009856590569 ], [ -107.152296844728397, 28.542817787106735 ], [ -107.125085545817655, 28.527909837236372 ], [ -107.100522208923593, 28.500221370188619 ], [ -107.097480187345525, 28.492725853397644 ], [ -107.098452699273977, 28.48626790363862 ], [ -107.089674952163293, 28.473682623287328 ], [ -107.081876108685009, 28.455548409565832 ], [ -107.086601142119193, 28.419042248430603 ], [ -107.070385748605631, 28.415360549260978 ], [ -107.06701057126746, 28.412491302680749 ], [ -107.066739870159495, 28.406456233929418 ], [ -107.07133960664008, 28.403361942743516 ], [ -107.072268657796215, 28.382631443086698 ], [ -107.069448326880732, 28.36219147528902 ], [ -107.066071175506863, 28.358247017695476 ], [ -107.068673148831024, 28.354340724926463 ], [ -107.091042817307795, 28.340857490061367 ], [ -107.108534043650849, 28.323190972391163 ], [ -107.136363327431923, 28.308087195861575 ], [ -107.131953528779476, 28.29530379522825 ], [ -107.132180168895346, 28.289843883378651 ], [ -107.134290449843192, 28.288421331898196 ], [ -107.141763245670532, 28.28943711694804 ], [ -107.147665398098866, 28.299332845617108 ], [ -107.149407619969651, 28.298672463975468 ], [ -107.155644645268566, 28.314038513284224 ], [ -107.178167819515991, 28.303798368461695 ], [ -107.185993442147236, 28.288764568875933 ], [ -107.189209836558248, 28.271500265338727 ], [ -107.199027108886938, 28.260100407234749 ], [ -107.17227811460387, 28.264395494183429 ], [ -107.183159299867114, 28.250150815965224 ], [ -107.198921582048442, 28.241584800188011 ], [ -107.21408469341138, 28.212430695567722 ], [ -107.211543872513118, 28.201288086612632 ], [ -107.212189178887002, 28.180112205785328 ], [ -107.168096902825738, 28.163192752763571 ], [ -107.165667060758025, 28.147499583981876 ], [ -107.161677968637775, 28.144885361586919 ], [ -107.154595767468237, 28.145686454442856 ], [ -107.155204088331544, 28.142539005099898 ], [ -107.172661295001262, 28.12652006275064 ], [ -107.180930333359299, 28.113386257859677 ], [ -107.195160675981342, 28.100037458715395 ], [ -107.202096160388265, 28.095100721056419 ], [ -107.212777539480484, 28.094267169279135 ], [ -107.217114222677068, 28.091749753005981 ], [ -107.22086034337498, 28.069637802997736 ], [ -107.2296415149616, 28.063390722461421 ], [ -107.237094759663918, 28.061891595599764 ], [ -107.228582805309671, 28.048236340697621 ], [ -107.22905126991175, 28.042360808388505 ], [ -107.218957490509737, 28.035003292850195 ], [ -107.218563544130063, 28.030458191371995 ], [ -107.225514151530874, 28.029820675730885 ], [ -107.234343992042909, 28.032640117708414 ], [ -107.235186632474012, 28.027174871252189 ], [ -107.232409898726104, 28.01785364601486 ], [ -107.239342580732824, 28.013742314148569 ], [ -107.251380227706235, 28.012729151225805 ], [ -107.259719323305305, 28.01687439521098 ], [ -107.271365254474148, 28.012141529468181 ], [ -107.280961283027821, 28.019086068460801 ], [ -107.290528774174817, 28.020489501651884 ], [ -107.299817498782346, 28.016271467195576 ], [ -107.308794830311271, 28.023219511281713 ], [ -107.313736446342645, 28.018791798770614 ], [ -107.318955261397278, 28.019571167965182 ], [ -107.333081795594524, 28.014893194694313 ], [ -107.349387749380682, 28.001097146292864 ], [ -107.352613492623263, 28.000818869441499 ], [ -107.361350796900268, 28.008840642976271 ], [ -107.382579199004383, 28.008969376734484 ], [ -107.395185382453377, 28.019763169462756 ], [ -107.420354663568304, 28.03365704084225 ], [ -107.442331652540133, 28.033686177463188 ], [ -107.467860108971337, 28.044425036291791 ], [ -107.475628409819706, 28.036737994173887 ], [ -107.476022406092994, 28.022263467497048 ], [ -107.480470139581939, 28.01924088396504 ], [ -107.492775543301562, 28.020208420465881 ], [ -107.500603740457905, 28.027571124728414 ], [ -107.510446513874271, 28.030369329670474 ], [ -107.528338598917486, 28.026858832190744 ], [ -107.532114377472311, 28.029028897267118 ], [ -107.525259007634716, 28.033521834382952 ], [ -107.525251377619611, 28.043896157552734 ], [ -107.530405039508452, 28.048125695024599 ], [ -107.532575892050119, 28.057322588896966 ], [ -107.525666324390514, 28.061825765621389 ], [ -107.532265245112725, 28.064517410486207 ], [ -107.533474809960566, 28.069240740950498 ], [ -107.544401828195419, 28.077420373612345 ], [ -107.544205968497195, 28.085939464041875 ], [ -107.550100698961174, 28.098469330056428 ], [ -107.571892161183882, 28.092820237549297 ], [ -107.598118538877145, 28.079006311126708 ], [ -107.59976931265949, 28.075625097067761 ], [ -107.596996874128351, 28.062703599964678 ], [ -107.600031972505121, 28.058007526092545 ], [ -107.612832497077164, 28.066689392640068 ], [ -107.616782097699939, 28.073000134573483 ], [ -107.616091526182998, 28.081598620773242 ], [ -107.62417668058194, 28.086445292305864 ], [ -107.63083335258375, 28.098562009084397 ], [ -107.643018781517782, 28.106905934194504 ], [ -107.646299150522879, 28.102706660570114 ], [ -107.650431603187528, 28.101572791898882 ], [ -107.654929821942474, 28.101681663217246 ], [ -107.656281017157212, 28.104915402712351 ], [ -107.658406719324162, 28.104762254553581 ], [ -107.66220177689469, 28.098415018542077 ], [ -107.670708679628504, 28.097140207075618 ], [ -107.673494298342206, 28.092027700178708 ], [ -107.699015451990689, 28.105900413403525 ], [ -107.705879159681174, 28.107343926030694 ], [ -107.71309277883509, 28.093983429930375 ], [ -107.71231315152049, 28.07991808188838 ], [ -107.713947949442499, 28.078355350247374 ], [ -107.72106098281472, 28.079634141619913 ], [ -107.720705534552962, 28.076737316813681 ], [ -107.727760994583178, 28.067841888972918 ], [ -107.723827474233588, 28.058226402028552 ], [ -107.726113868130568, 28.052531416166619 ], [ -107.743054517703698, 28.040544515492456 ], [ -107.758078655579951, 28.034749331462287 ], [ -107.773052047929937, 28.036809791798618 ], [ -107.778182998987717, 28.035098357864538 ], [ -107.788792798547831, 28.035977502673813 ], [ -107.790105207047972, 28.046074338150721 ], [ -107.797914437770913, 28.055954254343739 ], [ -107.806421539881811, 28.053678898312185 ], [ -107.804489404050372, 28.042504211862074 ], [ -107.806449920637007, 28.038303892917952 ], [ -107.809982003320499, 28.042943718350042 ], [ -107.823699558542188, 28.046481287850771 ], [ -107.826925867717222, 28.050135188356027 ], [ -107.8379309602295, 28.047621260689116 ], [ -107.843024260504734, 28.052523707497805 ], [ -107.84808880477577, 28.062718918939417 ], [ -107.866042743249409, 28.071547706296972 ], [ -107.874347033218427, 28.073099738491468 ], [ -107.876410222134226, 28.077072497415564 ], [ -107.874260986349199, 28.080104092601985 ], [ -107.889456723506811, 28.087150802669804 ], [ -107.890869619036053, 28.093590334062107 ], [ -107.895045024751127, 28.097662203207737 ], [ -107.901830970856025, 28.101672435131928 ], [ -107.909795674925888, 28.10066465104029 ], [ -107.912704998778821, 28.106786072889967 ], [ -107.918385520686584, 28.109797705405487 ], [ -107.914702759314508, 28.116443807507459 ], [ -107.909967909202066, 28.117477637500404 ], [ -107.911211224130398, 28.127871115852301 ], [ -107.916099330950587, 28.134914523349199 ], [ -107.922187406187348, 28.135127165593481 ], [ -107.922878733967224, 28.13974746950878 ], [ -107.938887999330888, 28.152644980172372 ], [ -107.951493314599915, 28.169964422231953 ], [ -107.951912043053753, 28.176807341409742 ], [ -107.948514272105925, 28.18032501944537 ], [ -107.950086114682449, 28.184210072350073 ], [ -107.948062621750339, 28.197956593666031 ], [ -107.957470718148429, 28.212695960592431 ], [ -107.967417409019603, 28.202057676821006 ], [ -107.974894762134696, 28.200712300221369 ], [ -107.990667097502026, 28.21393023361934 ], [ -108.025641219748962, 28.223326583585411 ], [ -108.015142392680033, 28.239403369817918 ], [ -108.015317054216197, 28.246243945163133 ], [ -108.01278863158096, 28.249934139438682 ], [ -108.01422975742895, 28.254723631912629 ], [ -108.026192993433838, 28.276231834640445 ], [ -108.029036662506513, 28.277982010606198 ], [ -108.036410303816808, 28.275066581165671 ], [ -108.048787602411565, 28.281496002381221 ], [ -108.047367987302607, 28.291836126232333 ], [ -108.042197864182242, 28.298469001121966 ], [ -108.035643604645813, 28.300088865843943 ], [ -108.030948140348997, 28.310430411215993 ], [ -108.026793578599197, 28.343799571745631 ], [ -108.0194704406303, 28.344448922630047 ], [ -108.021485147384226, 28.332339414204302 ], [ -108.013228382534621, 28.340866073271453 ], [ -107.987907210050111, 28.34872582478399 ], [ -107.982417788443371, 28.357594306706133 ], [ -107.955858016935835, 28.361341025348146 ], [ -107.946502910119406, 28.365573626268386 ], [ -107.943209837877987, 28.363572013750659 ], [ -107.931773242948026, 28.364538694626027 ], [ -107.921372140487819, 28.366971889556023 ], [ -107.918226482356474, 28.370503694943455 ], [ -107.914592695838792, 28.369640080933735 ], [ -107.915665051157703, 28.377820792977158 ], [ -107.924408860724398, 28.384172433361385 ], [ -107.922752984179482, 28.387676814956869 ], [ -107.926383350377463, 28.39859422242451 ], [ -107.9227451541433, 28.417592274176844 ], [ -107.898806280398603, 28.431380292684484 ], [ -107.892052835926762, 28.425069922272098 ], [ -107.880134047231238, 28.421341543215064 ], [ -107.872548847874796, 28.426864335444304 ], [ -107.865794598152831, 28.425593680775574 ], [ -107.850835576847444, 28.430021876613516 ], [ -107.835252882308595, 28.42925426667043 ], [ -107.831141238991904, 28.433813433852226 ], [ -107.83787545042145, 28.448314847896821 ], [ -107.838046669586859, 28.454923060405569 ], [ -107.842264970006354, 28.458893156913131 ], [ -107.840947098459282, 28.465777320211807 ], [ -107.845217615945245, 28.46693646487655 ], [ -107.855683893748392, 28.485663624082775 ], [ -107.864548542657587, 28.495494955197302 ], [ -107.870712520814706, 28.497443596720505 ], [ -107.882205839024408, 28.516900245057034 ], [ -107.873131497809865, 28.526002899643576 ], [ -107.862896130080898, 28.52741778547524 ], [ -107.86453469527109, 28.530640441790549 ], [ -107.871783854306543, 28.531625720039223 ], [ -107.869439482242598, 28.537828166238864 ], [ -107.874957104439034, 28.542369639701189 ], [ -107.875737462615874, 28.548899724109415 ], [ -107.869260558532346, 28.553039516720261 ], [ -107.858262730317591, 28.552222873508089 ], [ -107.85733130842867, 28.554515825760173 ], [ -107.869291332298658, 28.568781385299559 ], [ -107.859812302027237, 28.580100247838008 ], [ -107.855809392383961, 28.58942016478245 ], [ -107.855032536731031, 28.603649657331744 ], [ -107.857133249452829, 28.605711201416796 ], [ -107.852146739982715, 28.610648686638221 ], [ -107.853418517429503, 28.613402774108224 ], [ -107.847591772460845, 28.615697381931533 ], [ -107.861532088612051, 28.637700103056126 ], [ -107.870919373541227, 28.639757527470369 ], [ -107.88077780563755, 28.635779004491429 ], [ -107.885183779517817, 28.641891508211764 ], [ -107.885831686389736, 28.64652015323632 ], [ -107.874272749714763, 28.661082411318532 ], [ -107.860292330872397, 28.655440826887734 ], [ -107.840763591935271, 28.664462573422817 ], [ -107.825932982263211, 28.674683182656263 ], [ -107.818418504741786, 28.671296752173575 ], [ -107.798404086502345, 28.673086963245169 ], [ -107.785681414312833, 28.68090643924635 ], [ -107.771536537012196, 28.678431464777358 ], [ -107.762638164080869, 28.673873266064138 ], [ -107.729514729095627, 28.675026199098472 ], [ -107.712136914506303, 28.684141833045732 ], [ -107.707553451822207, 28.683993223982888 ], [ -107.692961461408245, 28.6897806436832 ], [ -107.68844441698046, 28.697700581211258 ], [ -107.679923544573739, 28.705134345789503 ], [ -107.668757223964718, 28.708963169017071 ], [ -107.664742836121704, 28.712766938887661 ], [ -107.658335887865618, 28.726373658579785 ], [ -107.637842948836521, 28.746584646666744 ], [ -107.629763300859935, 28.760834203071706 ], [ -107.628154108464614, 28.768435142223012 ], [ -107.624397240630643, 28.771151885942974 ], [ -107.610952834003527, 28.773817260552416 ], [ -107.602889015089204, 28.779581842494338 ], [ -107.589946983237112, 28.780786884205504 ], [ -107.575860561279683, 28.789146800834157 ], [ -107.572055451641134, 28.833790317118876 ], [ -107.573962135196155, 28.839746289157723 ], [ -107.571640422812294, 28.843700471976096 ], [ -107.57520519711133, 28.858742084345426 ], [ -107.563064152443701, 28.882424167448654 ], [ -107.547130063577839, 28.897014835494137 ], [ -107.538758326749246, 28.912383474086838 ] ] ] } },
{ "type": "Feature", "properties": { "cve_edo": "08", "cve_mpo_ine": "032", "cve_edo_mpo_ine": "08032", "nom_mpo": "HIDALGO DEL PARRAL", "nom_edo": "Chihuahua", "alianza_ganadora": "Va por México", "margen_pp": 10.897903003805359, "por_participacion": 55.662715760061289 }, "geometry": { "type": "Polygon", "coordinates": [ [ [ -105.444547136033648, 27.339794512897392 ], [ -105.436659701131418, 27.337315677756621 ], [ -105.428924657477907, 27.339753976360985 ], [ -105.4253675656132, 27.336412307959549 ], [ -105.435402921403522, 27.329064057729923 ], [ -105.433921481998041, 27.318537876438178 ], [ -105.428857898005845, 27.307697544895355 ], [ -105.433562273507164, 27.29846788119724 ], [ -105.427226862739673, 27.294849630332671 ], [ -105.427403839620936, 27.288876968724022 ], [ -105.418615157950327, 27.28643152960143 ], [ -105.409260644390457, 27.288384146575016 ], [ -105.397272217081579, 27.286616131873803 ], [ -105.381987678013715, 27.287931061147653 ], [ -105.360859800380297, 27.285289099789317 ], [ -105.355754729448009, 27.281081564191634 ], [ -105.35958377528992, 27.277121050476705 ], [ -105.392388792239714, 27.2620360931612 ], [ -105.401755039927181, 27.26039227798525 ], [ -105.407171686164787, 27.262627853613768 ], [ -105.410366472426716, 27.267340108257958 ], [ -105.411969898034144, 27.266349942390338 ], [ -105.4138234738123, 27.263211737609875 ], [ -105.412604173311223, 27.256022461817693 ], [ -105.409036788270384, 27.253127665769117 ], [ -105.398842933474441, 27.225719821442283 ], [ -105.401842949829813, 27.213296467101664 ], [ -105.406775266465189, 27.209747945195403 ], [ -105.4171194676059, 27.20959122600177 ], [ -105.427479084637582, 27.200014559642373 ], [ -105.427002474943706, 27.190347135900172 ], [ -105.424546824301672, 27.186296736755263 ], [ -105.426524731006225, 27.181423315989417 ], [ -105.422596206938252, 27.174893052780071 ], [ -105.420531236393373, 27.158614353442996 ], [ -105.42535621330417, 27.143828075734817 ], [ -105.423522135253037, 27.136720936755349 ], [ -105.428956176334765, 27.124909478736136 ], [ -105.438196381017875, 27.11747947325086 ], [ -105.440307208230919, 27.111452219761706 ], [ -105.442881797632637, 27.110955019835394 ], [ -105.463544419712704, 27.116171599342643 ], [ -105.472269706267028, 27.12452053993897 ], [ -105.474616970410267, 27.116919963647213 ], [ -105.482989758320102, 27.111634962970459 ], [ -105.488413593344902, 27.102300010610868 ], [ -105.493091209203442, 27.099739920213043 ], [ -105.490265454256473, 27.096351527885048 ], [ -105.489657469658482, 27.089906588297044 ], [ -105.480692130376724, 27.077757811808809 ], [ -105.481806467542086, 27.071478656974154 ], [ -105.49387045914699, 27.061154085551255 ], [ -105.505434860860078, 27.056529569203732 ], [ -105.520940194045366, 27.043559261395377 ], [ -105.499688929132816, 27.023395509101466 ], [ -105.505348199997542, 27.019100101041442 ], [ -105.519366093141755, 27.014805409226799 ], [ -105.520229435381168, 27.0114178178919 ], [ -105.509423561243224, 26.999270539023659 ], [ -105.504409073830132, 26.974068639563111 ], [ -105.489415373785178, 26.975800091195271 ], [ -105.481438554724136, 26.966791155542687 ], [ -105.485633221903811, 26.952167643753036 ], [ -105.494367497321377, 26.941759265796502 ], [ -105.522636235380205, 26.925321320299119 ], [ -105.485701952625647, 26.892923913263793 ], [ -105.575229428430887, 26.866319846375426 ], [ -105.59045125606832, 26.870611151496323 ], [ -105.602113390917395, 26.877463990088131 ], [ -105.604569896092897, 26.869448001746324 ], [ -105.611322183431952, 26.868783442125014 ], [ -105.621634970568962, 26.880262462348426 ], [ -105.62458171619592, 26.880921603228835 ], [ -105.635508903715163, 26.879344239577851 ], [ -105.641401431886678, 26.87529118645346 ], [ -105.654907011645278, 26.876767503389402 ], [ -105.685216962704075, 26.850463265161569 ], [ -105.693932908576983, 26.851940940962024 ], [ -105.699833809909052, 26.864575850224785 ], [ -105.716662467365694, 26.87661835349056 ], [ -105.717780191038727, 26.891158899463555 ], [ -105.740135799507883, 26.898564144605125 ], [ -105.74186308829961, 26.905997803199362 ], [ -105.74985165291146, 26.911356339623946 ], [ -105.757836058476812, 26.912748456202358 ], [ -105.759994249519892, 26.915449247991106 ], [ -105.763363644002666, 26.91356578149195 ], [ -105.765575777808237, 26.914718888514418 ], [ -105.77911202898872, 26.933451499908031 ], [ -105.786237234785148, 26.93401723266334 ], [ -105.788091597784714, 26.941863107276099 ], [ -105.791783249920883, 26.945987530199137 ], [ -105.789459239425383, 26.952601644539133 ], [ -105.796729851209363, 26.966551481621483 ], [ -105.796506362088721, 26.980515162204192 ], [ -105.798968054260129, 26.982989196295549 ], [ -105.804489837072126, 26.978103876857809 ], [ -105.807808893036082, 26.978841017838747 ], [ -105.809290817636921, 26.983134480626067 ], [ -105.807700854564985, 26.987599221781046 ], [ -105.813742299468146, 26.995558355503171 ], [ -105.848518525092516, 26.996188608986674 ], [ -105.854534330143622, 26.99320055617304 ], [ -105.878462320895423, 27.000424777164088 ], [ -105.885741416701265, 26.989572819806579 ], [ -105.887071239090091, 26.980398502972992 ], [ -105.895658037229623, 26.974345234683312 ], [ -105.908455990789093, 26.981664890800971 ], [ -105.912284606734133, 26.989007863686215 ], [ -105.919792893951609, 26.993448892946731 ], [ -105.920171150478438, 26.997000538610926 ], [ -105.927703593026123, 26.996891046949116 ], [ -105.933577375609971, 27.015833961254483 ], [ -105.947917595032237, 27.036478495790156 ], [ -105.947145871796792, 27.041097431421282 ], [ -105.940511546475875, 27.041057709549239 ], [ -105.93503748541174, 27.0500241053767 ], [ -105.934996128925178, 27.055473031607402 ], [ -105.943060488508877, 27.061548658493617 ], [ -105.93687834908792, 27.066547859370345 ], [ -105.947227340436896, 27.0794896679059 ], [ -105.944004689909903, 27.083103209137533 ], [ -105.942781959791049, 27.098617677157527 ], [ -105.929727988450523, 27.117858710801954 ], [ -105.935727771968672, 27.121114913892878 ], [ -105.93655842738805, 27.1250829098894 ], [ -105.944278280273039, 27.128596747124764 ], [ -105.945249621829817, 27.14668361969078 ], [ -105.932275995518609, 27.154696956330707 ], [ -105.924511033778941, 27.156879042724245 ], [ -105.920101060421345, 27.170557451462244 ], [ -105.908588021337877, 27.179981201663161 ], [ -105.908689146088548, 27.182788949111469 ], [ -105.912877370350031, 27.182071784187137 ], [ -105.919964452315, 27.188307474505052 ], [ -105.922606920287237, 27.196662364702856 ], [ -105.915317589109009, 27.200580725435099 ], [ -105.919209516934188, 27.206466482473271 ], [ -105.917673207823611, 27.214217889078903 ], [ -105.910029721991236, 27.215748063890896 ], [ -105.905136507683238, 27.223486236287936 ], [ -105.908239744985053, 27.227706647001295 ], [ -105.908523205563711, 27.241668333492257 ], [ -105.910386431386655, 27.24752911788427 ], [ -105.913717031675674, 27.249337546410747 ], [ -105.912988937882957, 27.25338783038913 ], [ -105.920634998594977, 27.256588612184235 ], [ -105.918567334790581, 27.266178060679444 ], [ -105.932597761320338, 27.261428858144878 ], [ -105.943278653131216, 27.249170106559784 ], [ -105.946355516245063, 27.248334746262326 ], [ -105.941856692382103, 27.268093684343587 ], [ -105.931942215214121, 27.273903610890883 ], [ -105.929205868408033, 27.281514668365713 ], [ -105.931795182426427, 27.282168122432555 ], [ -105.932425085475998, 27.28695808792612 ], [ -105.928121249516494, 27.290027358516593 ], [ -105.931829278959654, 27.293982268099988 ], [ -105.941813330529939, 27.294944339815501 ], [ -105.944795546297868, 27.303197115223103 ], [ -105.944692933548808, 27.31005460599058 ], [ -105.941591840093722, 27.312110667479867 ], [ -105.944213374339213, 27.314517339410369 ], [ -105.942347262549816, 27.315824675939641 ], [ -105.94376157945095, 27.328233032487823 ], [ -105.941428989631987, 27.33137942256457 ], [ -105.925710367888371, 27.3150555475546 ], [ -105.914510118578136, 27.317983390078865 ], [ -105.89499105258453, 27.304996316502894 ], [ -105.885336430724436, 27.293298040106521 ], [ -105.883455184802273, 27.284548929015042 ], [ -105.879242799112234, 27.278119431011042 ], [ -105.868631867386199, 27.27319541409754 ], [ -105.855412837944229, 27.261918293116747 ], [ -105.822666587667456, 27.265889431414649 ], [ -105.814406769865116, 27.263350306068467 ], [ -105.799386246995965, 27.264874481898282 ], [ -105.792093700237075, 27.256137061844456 ], [ -105.781612640282518, 27.251536383050048 ], [ -105.770606151780598, 27.23487717613374 ], [ -105.751494737359138, 27.224676653998994 ], [ -105.735998816142214, 27.231398485854672 ], [ -105.730420393726149, 27.24212304658727 ], [ -105.728719166227663, 27.264019950859261 ], [ -105.725028722797859, 27.26931294163478 ], [ -105.719610669428448, 27.272212241916698 ], [ -105.717753907009097, 27.263209156550221 ], [ -105.701850298569923, 27.249349674227414 ], [ -105.692289090053322, 27.231065350102483 ], [ -105.685751794681465, 27.225294386154246 ], [ -105.681194309455719, 27.224227955745718 ], [ -105.679788675823673, 27.229546396315474 ], [ -105.669692525973431, 27.235092678680672 ], [ -105.66205504521163, 27.232456356300069 ], [ -105.65885338006477, 27.233781351575104 ], [ -105.650481761612369, 27.243786206732807 ], [ -105.641093394761086, 27.245761207212347 ], [ -105.632837392412043, 27.242220092066535 ], [ -105.629515352022736, 27.243958735224819 ], [ -105.625816835193788, 27.241072320323219 ], [ -105.621877329731475, 27.2416551632761 ], [ -105.618188438019786, 27.245293704376436 ], [ -105.615372391810027, 27.256777882585407 ], [ -105.610445910784122, 27.256535549193693 ], [ -105.590974358209863, 27.245404785851981 ], [ -105.584815969267055, 27.244254134073184 ], [ -105.580266746056083, 27.250618184443507 ], [ -105.583481359726207, 27.262096371385571 ], [ -105.555401191042648, 27.262366570221019 ], [ -105.555898345422165, 27.267487266484903 ], [ -105.563051998740264, 27.278054527022611 ], [ -105.564185173975986, 27.303658776363015 ], [ -105.532275765162211, 27.305248920531206 ], [ -105.520697332045302, 27.310788692464183 ], [ -105.51453620588147, 27.310047987202427 ], [ -105.511454356518954, 27.306993117398996 ], [ -105.487798596670487, 27.309643443771183 ], [ -105.478437592102779, 27.326329922346979 ], [ -105.468455995635992, 27.328643848605012 ], [ -105.456871904482171, 27.336325927628316 ], [ -105.444547136033648, 27.339794512897392 ] ] ] } },
{ "type": "Feature", "properties": { "cve_edo": "08", "cve_mpo_ine": "033", "cve_edo_mpo_ine": "08033", "nom_mpo": "HUEJOTITAN", "nom_edo": "Chihuahua", "alianza_ganadora": "Va por México", "margen_pp": 71.699905033238366, "por_participacion": 66.984732824427482 }, "geometry": { "type": "Polygon", "coordinates": [ [ [ -106.113981204013385, 27.274406815092455 ], [ -106.105193356566886, 27.266932133478111 ], [ -106.100757554736361, 27.266539641745592 ], [ -106.091791951738784, 27.27087522128685 ], [ -106.061695867303655, 27.262501597857664 ], [ -106.051648500048756, 27.248917152420681 ], [ -106.032792997265602, 27.245857387267847 ], [ -106.03053352315311, 27.237442351913728 ], [ -106.013509584326329, 27.23082099205374 ], [ -105.998540303192456, 27.241368688486414 ], [ -105.988056938489748, 27.237692126202194 ], [ -105.984002047601663, 27.239441843031909 ], [ -105.97476005479399, 27.237824405387496 ], [ -105.964761622868039, 27.232244658288153 ], [ -105.95884828793254, 27.231439996078105 ], [ -105.953067280826431, 27.232699428325141 ], [ -105.941279665714248, 27.240091330666768 ], [ -105.94309755368856, 27.233395041443806 ], [ -105.940367922941689, 27.228531492739602 ], [ -105.930376153200783, 27.223940319700546 ], [ -105.922461869273079, 27.215459666622401 ], [ -105.917673207823611, 27.214217889078903 ], [ -105.919209516934188, 27.206466482473271 ], [ -105.915317589109009, 27.200580725435099 ], [ -105.922224532380184, 27.198393832916693 ], [ -105.920572565961251, 27.189219374477194 ], [ -105.912877370350031, 27.182071784187137 ], [ -105.907712126372104, 27.181874704089875 ], [ -105.920101060421345, 27.170557451462244 ], [ -105.924511033778941, 27.156879042724245 ], [ -105.932275995518609, 27.154696956330707 ], [ -105.945249621829817, 27.14668361969078 ], [ -105.944278280273039, 27.128596747124764 ], [ -105.93655842738805, 27.1250829098894 ], [ -105.935727771968672, 27.121114913892878 ], [ -105.929727988450523, 27.117858710801954 ], [ -105.942781959791049, 27.098617677157527 ], [ -105.944004689909903, 27.083103209137533 ], [ -105.947227340436896, 27.0794896679059 ], [ -105.93687834908792, 27.066547859370345 ], [ -105.943060488508877, 27.061548658493617 ], [ -105.934996128925178, 27.055473031607402 ], [ -105.93503748541174, 27.0500241053767 ], [ -105.940511546475875, 27.041057709549239 ], [ -105.947145871796792, 27.041097431421282 ], [ -105.947917595032237, 27.036478495790156 ], [ -105.933577375609971, 27.015833961254483 ], [ -105.927561792068687, 26.999367102564111 ], [ -105.929201958614414, 26.993680201129482 ], [ -105.938440585341425, 26.990020920080955 ], [ -105.94229477002807, 26.983769291909041 ], [ -105.948069252163094, 26.983391084986025 ], [ -105.952406451717124, 26.978132849065311 ], [ -105.962865406250472, 26.975222345433934 ], [ -105.95725763564387, 26.969740106988006 ], [ -105.956697623332602, 26.962471181773772 ], [ -105.946090870147941, 26.952500312164084 ], [ -105.952998128768385, 26.948165666563867 ], [ -105.955500511937117, 26.941823097472788 ], [ -105.963518757365094, 26.936503783433061 ], [ -105.965203025890517, 26.924459328282445 ], [ -105.973482407473753, 26.89990359894059 ], [ -105.97963014125672, 26.898205384130492 ], [ -106.001042519219652, 26.906914002934066 ], [ -106.043102260304735, 26.874862151820004 ], [ -106.047722834082577, 26.881078908257621 ], [ -106.046449933529928, 26.888007414946291 ], [ -106.106578542372802, 26.886497206843362 ], [ -106.109591924415923, 26.895345891884574 ], [ -106.113986501727368, 26.89908239015713 ], [ -106.113965038963627, 26.902632394973875 ], [ -106.182110300330251, 26.907048645655539 ], [ -106.183016521452373, 26.908479884248518 ], [ -106.179190949835601, 26.909470279893743 ], [ -106.177767727473807, 26.9141974899403 ], [ -106.178515261225101, 26.927100166036464 ], [ -106.189742593034467, 26.932890099908363 ], [ -106.201019242176542, 26.931645407734838 ], [ -106.212639255496384, 26.939581816009913 ], [ -106.215038208394574, 26.945851736043608 ], [ -106.226677680465315, 26.955358898237105 ], [ -106.232488906643198, 26.970537907351702 ], [ -106.228621250948692, 26.976112338554227 ], [ -106.206579705761669, 26.992833492218036 ], [ -106.209186446015153, 27.006962518859815 ], [ -106.213191088255385, 27.013964597416138 ], [ -106.228468253122159, 27.029814180676954 ], [ -106.227545292321224, 27.057871425080307 ], [ -106.202002373269821, 27.058815743202281 ], [ -106.19470548406521, 27.065822384210268 ], [ -106.193154854225099, 27.070219685676395 ], [ -106.194340323632275, 27.100908382857206 ], [ -106.167833200985172, 27.104667421025862 ], [ -106.165199799592614, 27.111472103048214 ], [ -106.169169011505858, 27.138582206538793 ], [ -106.176853966000152, 27.144564536635443 ], [ -106.172895541383241, 27.146068704999713 ], [ -106.169293843476368, 27.142875188885959 ], [ -106.164494834070751, 27.142254393059474 ], [ -106.159902224539849, 27.14857584018652 ], [ -106.142263276075866, 27.153104354037264 ], [ -106.136688969007295, 27.15968119915518 ], [ -106.126031555738024, 27.162496657856881 ], [ -106.118737841845501, 27.158753235174213 ], [ -106.11534471690635, 27.162831488869365 ], [ -106.107982015161625, 27.163717523403971 ], [ -106.103364344598575, 27.168218675327402 ], [ -106.111008622701959, 27.170389357712416 ], [ -106.110671628255147, 27.173120145381272 ], [ -106.095685984764643, 27.184483044631225 ], [ -106.100068113705376, 27.202139260512535 ], [ -106.107730679737259, 27.216296846596183 ], [ -106.109222054394593, 27.228271751533278 ], [ -106.116427063635058, 27.234578970092759 ], [ -106.109698445859365, 27.237526751305882 ], [ -106.109358397709144, 27.240009536038709 ], [ -106.114511448444063, 27.249557400001908 ], [ -106.109767666725389, 27.254059803362388 ], [ -106.112362919184292, 27.265695016515718 ], [ -106.120182635464744, 27.271748977158861 ], [ -106.113981204013385, 27.274406815092455 ] ] ] } },
{ "type": "Feature", "properties": { "cve_edo": "08", "cve_mpo_ine": "034", "cve_edo_mpo_ine": "08034", "nom_mpo": "IGNACIO ZARAGOZA", "nom_edo": "Chihuahua", "alianza_ganadora": "Juntos Haremos Historia", "margen_pp": 0.99327138737584109, "por_participacion": 56.376445086705203 }, "geometry": { "type": "Polygon", "coordinates": [ [ [ -107.985924890140083, 30.029735900776039 ], [ -107.990134707044177, 30.010877773891508 ], [ -107.968665742172377, 30.008483147084576 ], [ -107.967572243983398, 30.005480277138879 ], [ -107.96038904663655, 30.0071776509795 ], [ -107.955660923609045, 30.013969228802427 ], [ -107.95099675205276, 30.014989703241916 ], [ -107.93827054635976, 30.006418220301445 ], [ -107.92254722345811, 30.000997377678065 ], [ -107.918890449199125, 30.001680437119759 ], [ -107.912409505972718, 30.010295522821377 ], [ -107.906966557335238, 30.009340894282065 ], [ -107.885803648202838, 30.015738810143123 ], [ -107.873124091830618, 30.011364845302001 ], [ -107.867401475382891, 30.020467995333505 ], [ -107.861623638302035, 30.024047757507066 ], [ -107.850212264930931, 30.020158612954905 ], [ -107.825504249945027, 30.026568093143517 ], [ -107.803695696924152, 30.018859155873699 ], [ -107.791712771513446, 30.021316129626893 ], [ -107.781760994833505, 29.954507368393482 ], [ -107.643483738152014, 29.956742017971152 ], [ -107.578143900470906, 29.932682990841709 ], [ -107.562861111273605, 29.913445449707176 ], [ -107.567002328200303, 29.909719673199127 ], [ -107.581892491245924, 29.908674283281186 ], [ -107.586563799460791, 29.890516277229139 ], [ -107.602579112214286, 29.870582301937148 ], [ -107.603126036279875, 29.858706665650189 ], [ -107.588080968722409, 29.854477479739085 ], [ -107.577933551302593, 29.846682620971336 ], [ -107.556453194622833, 29.861026422471589 ], [ -107.52593933162747, 29.864843134052265 ], [ -107.518986359518266, 29.862887329433072 ], [ -107.506176580476961, 29.852374322534114 ], [ -107.498592921215661, 29.850254471233228 ], [ -107.494027395034024, 29.846393150924147 ], [ -107.49070089072012, 29.838652212937134 ], [ -107.508643781584013, 29.781038892784853 ], [ -107.441576397699578, 29.783709440737358 ], [ -107.440425525731584, 29.780743853099761 ], [ -107.442931782193583, 29.777850938153122 ], [ -107.440979586488055, 29.766558731163794 ], [ -107.434229688833256, 29.753794714170269 ], [ -107.436592339934904, 29.74768623329539 ], [ -107.435244790220466, 29.731279490421393 ], [ -107.422158778099515, 29.711026659434395 ], [ -107.421477029940647, 29.700967670314714 ], [ -107.417939486444439, 29.699079715814211 ], [ -107.416350522136312, 29.683910040667552 ], [ -107.411275950650619, 29.676830278960932 ], [ -107.404337616964298, 29.674785059350747 ], [ -107.395107428576253, 29.667631775138975 ], [ -107.389391248107728, 29.657583687416768 ], [ -107.387933976048515, 29.6424954955014 ], [ -107.384886837994813, 29.637224272382358 ], [ -107.385854007996073, 29.62872806253041 ], [ -107.382531671082901, 29.618344371353377 ], [ -107.384405357842937, 29.615206582005271 ], [ -107.380944771837434, 29.60201919976198 ], [ -107.3812536784543, 29.587256830592523 ], [ -107.385399203564177, 29.585598629558518 ], [ -107.389477986750435, 29.569838507656545 ], [ -107.397763644227084, 29.565779358791492 ], [ -107.388333062409131, 29.567202024484136 ], [ -107.383523072822953, 29.561109710171714 ], [ -107.390456998287036, 29.563981179916926 ], [ -107.395095686374731, 29.560424905291409 ], [ -107.403026060813005, 29.561149352500692 ], [ -107.407410503985233, 29.557180918263452 ], [ -107.407016153849909, 29.553718211833338 ], [ -107.398058929199124, 29.548625490482355 ], [ -107.391855813975113, 29.540474840107947 ], [ -107.393542888797583, 29.524802274864719 ], [ -107.401013568844121, 29.51501708210138 ], [ -107.422380494560045, 29.515140029238168 ], [ -107.450124720034523, 29.507392081659873 ], [ -107.482218303489432, 29.492577030167251 ], [ -107.502904030491734, 29.485745145747288 ], [ -107.517966995946395, 29.487117684297971 ], [ -107.52667132893221, 29.472661972564939 ], [ -107.549394326005824, 29.462621005631657 ], [ -107.560090110898713, 29.449254064161867 ], [ -107.586589324141102, 29.458815609929616 ], [ -107.607440662205207, 29.453830434257075 ], [ -107.622805134137749, 29.45638171285313 ], [ -107.633367533274622, 29.455659675466812 ], [ -107.673796001155864, 29.479751286033661 ], [ -107.682204988883271, 29.476811225418249 ], [ -107.712664786253541, 29.478265986449518 ], [ -107.725968168262099, 29.473888801788082 ], [ -107.730825530711542, 29.467504443060143 ], [ -107.784708086752858, 29.487263174571876 ], [ -107.788105514434434, 29.494828380796232 ], [ -107.800722842420072, 29.50624574359739 ], [ -107.802943057612893, 29.515757463186933 ], [ -107.819682240322336, 29.530236255829525 ], [ -107.822054976759077, 29.535291910377705 ], [ -107.833516312400107, 29.528813906818655 ], [ -107.846206775882138, 29.526243939282462 ], [ -107.85404330077499, 29.51587342234847 ], [ -107.861733272505603, 29.510329215374103 ], [ -107.862519431747131, 29.50681743536239 ], [ -107.871591807332749, 29.508067368761779 ], [ -107.880103841479709, 29.51674490675321 ], [ -107.900185332492981, 29.524175378081488 ], [ -107.911953322922542, 29.517564789056841 ], [ -107.936975857579938, 29.529774203060732 ], [ -107.941691075579229, 29.528709599247662 ], [ -107.944120183263109, 29.550061601174768 ], [ -107.935853422892592, 29.573342985536463 ], [ -107.933074795360341, 29.578959967157168 ], [ -107.925865341377431, 29.582942916271008 ], [ -107.91782661732303, 29.598339462438155 ], [ -107.911571671258741, 29.603353514372941 ], [ -107.91128601575636, 29.606259304669734 ], [ -107.928768240918274, 29.619642923646207 ], [ -107.923433006927993, 29.622162971136699 ], [ -107.923810648031449, 29.628176532293754 ], [ -107.919097061298785, 29.629863099047849 ], [ -107.922321737711385, 29.636690096965513 ], [ -107.936939231230696, 29.64697707870042 ], [ -107.934452713437466, 29.65051807521742 ], [ -107.92090776624714, 29.652463579862662 ], [ -107.923789936323956, 29.656595743213376 ], [ -107.939622285203967, 29.662104156735118 ], [ -107.956444955430214, 29.671545837143832 ], [ -107.969858409199816, 29.68639935683899 ], [ -107.990801800833481, 29.696847951799537 ], [ -107.981560449221561, 29.717441420497572 ], [ -107.98172055189896, 29.731960449691762 ], [ -107.994668010092283, 29.760503668784697 ], [ -108.009700110675624, 29.777208345002069 ], [ -108.003882590903856, 29.782304885711007 ], [ -107.989061973701354, 29.81418176117122 ], [ -107.984643738662044, 29.816578516633523 ], [ -107.978819221341766, 29.826868355146839 ], [ -107.980193353666266, 29.832193424444394 ], [ -107.992275590284876, 29.842208037023727 ], [ -107.996925746692185, 29.849288884297756 ], [ -107.991100564690726, 29.85974553146109 ], [ -107.999915532391071, 29.866174112853674 ], [ -107.998128996498806, 29.87556265028331 ], [ -108.001396100694421, 29.881475062305054 ], [ -107.997354761431879, 29.883457896215571 ], [ -107.993544485512572, 29.894918496769026 ], [ -107.997817529609307, 29.902662975997721 ], [ -107.995915156133506, 29.907063186473884 ], [ -107.987195343543277, 29.912689227312779 ], [ -107.98741616296212, 29.926656270222907 ], [ -107.99220071008034, 29.931908446723746 ], [ -107.988778116414906, 29.938465367583134 ], [ -107.991168380661577, 29.942130581872405 ], [ -107.988245209766646, 29.951016757357795 ], [ -107.989745459999909, 29.957671989108096 ], [ -107.994529612172443, 29.963921528134193 ], [ -107.990349022286225, 29.970309966062622 ], [ -108.005603790233607, 29.981994174488094 ], [ -108.008235169902548, 29.992310128209542 ], [ -108.012518846790968, 29.99764288885692 ], [ -108.00960247959776, 30.003453634243328 ], [ -108.013766026628687, 30.005876392215082 ], [ -108.012499219702363, 30.007784768950646 ], [ -108.003282994851347, 30.005430357660465 ], [ -108.002010906256771, 30.009832567554877 ], [ -107.993286350723949, 30.013880039142737 ], [ -107.990738008373768, 30.024097553434359 ], [ -107.985924890140083, 30.029735900776039 ] ] ] } },
{ "type": "Feature", "properties": { "cve_edo": "08", "cve_mpo_ine": "035", "cve_edo_mpo_ine": "08035", "nom_mpo": "JANOS", "nom_edo": "Chihuahua", "alianza_ganadora": "Va por México", "margen_pp": 40.836799608514802, "por_participacion": 50.147239263803677 }, "geometry": { "type": "Polygon", "coordinates": [ [ [ -108.752524425943889, 31.284162338605739 ], [ -108.743255096958109, 31.317403225073445 ], [ -108.776757250218864, 31.328661217786507 ], [ -108.800296734293653, 31.324396956773597 ], [ -108.807545399342757, 31.32822681332101 ], [ -108.80869963290651, 31.332880878204282 ], [ -108.204408523086016, 31.335018710653728 ], [ -108.207884080953846, 31.227296775284451 ], [ -108.099648175044095, 31.108361313699412 ], [ -108.089572419804227, 31.102850936271881 ], [ -108.09864194019849, 31.098883611174138 ], [ -108.089307890071595, 31.062862914048523 ], [ -108.096351058787121, 31.055752604783287 ], [ -108.09310164845725, 31.046828506542024 ], [ -108.086211311740669, 31.045451105609434 ], [ -108.083823070368439, 31.042313450664849 ], [ -108.036990088718753, 31.042055704130807 ], [ -108.036691211173491, 30.970048272341739 ], [ -108.026424480467711, 30.950982540894852 ], [ -108.015173286601708, 30.939654052455083 ], [ -108.009417313914113, 30.936998360897601 ], [ -108.004930773968255, 30.924947782315403 ], [ -108.005800449094195, 30.919184859745414 ], [ -107.990501683638286, 30.913377397369825 ], [ -107.984623220326526, 30.907053604382625 ], [ -107.979490563932302, 30.895296108315641 ], [ -107.981739213465374, 30.883028593152929 ], [ -108.000260663567246, 30.866609386472376 ], [ -107.988840877010148, 30.839558864236093 ], [ -107.990324757408516, 30.827375248704147 ], [ -107.984314153763009, 30.817923933816591 ], [ -107.981718883025195, 30.802703983550895 ], [ -107.983354940313973, 30.797680169892832 ], [ -107.977545412012077, 30.782226462846587 ], [ -107.979966961383795, 30.775553049320191 ], [ -107.966185187001344, 30.766106841792354 ], [ -107.966949398108994, 30.761412357733448 ], [ -107.963503236564506, 30.753183951627133 ], [ -107.966308808792775, 30.750380055255537 ], [ -107.961970931937557, 30.745034815190412 ], [ -107.96413858594893, 30.74206727703244 ], [ -107.963753940826379, 30.732269588181886 ], [ -107.959034431218839, 30.72626605285803 ], [ -107.951382910845169, 30.723807154867888 ], [ -107.952912973146837, 30.721664116197136 ], [ -107.946792068906632, 30.715085697576903 ], [ -107.945962142407552, 30.699047110893847 ], [ -108.027352253256979, 30.669491045077109 ], [ -108.0234297369405, 30.659071162574065 ], [ -108.045901984448804, 30.648699223833226 ], [ -108.072192800708933, 30.624993037433335 ], [ -108.075806851549444, 30.603231694175157 ], [ -108.091190706363491, 30.599588807624546 ], [ -108.102184080664458, 30.603079117364832 ], [ -108.10105933263506, 30.60531764515579 ], [ -108.105673846406958, 30.608018319741745 ], [ -108.110335116341091, 30.602617570225316 ], [ -108.150303663718404, 30.586089473320101 ], [ -108.175498270080311, 30.571133589081356 ], [ -108.173632652674584, 30.563375539516542 ], [ -108.151503801823253, 30.529789692723394 ], [ -108.142386320878629, 30.497359842404581 ], [ -108.141737602390933, 30.471159806911473 ], [ -108.159427411873878, 30.4466653811964 ], [ -108.160047331973942, 30.43277431225729 ], [ -108.165126624096033, 30.431915999945222 ], [ -108.185601007889034, 30.419387136716708 ], [ -108.196395994693347, 30.417912293139153 ], [ -108.207899006542306, 30.399569347665864 ], [ -108.217435133444567, 30.399506385124027 ], [ -108.224087479769949, 30.403181697999898 ], [ -108.245267462454919, 30.375347864882659 ], [ -108.246063273959734, 30.378318105604219 ], [ -108.260124438075337, 30.385164296547444 ], [ -108.269302789318573, 30.387331844225411 ], [ -108.273791894983717, 30.390771774298965 ], [ -108.29252991877776, 30.394936096819393 ], [ -108.328091234331353, 30.391699253241146 ], [ -108.332887204079682, 30.388770425066738 ], [ -108.34652035288444, 30.391229435674425 ], [ -108.351962396063811, 30.389204187255938 ], [ -108.350506542247217, 30.384504177541555 ], [ -108.368459386273472, 30.376513756249345 ], [ -108.370828189728158, 30.372776009184555 ], [ -108.368329485013092, 30.366018080867601 ], [ -108.384162348492424, 30.341346879309182 ], [ -108.392361460745576, 30.346654271404105 ], [ -108.395304996970765, 30.358367110861288 ], [ -108.414878730299222, 30.358540118211806 ], [ -108.449024430404194, 30.365117837780762 ], [ -108.468702618105638, 30.363546228687781 ], [ -108.479818303636634, 30.367913612377833 ], [ -108.488339290793775, 30.368335654884945 ], [ -108.490848213209702, 30.365917134158067 ], [ -108.491338408526673, 30.355251774982733 ], [ -108.497705522940819, 30.346931779372962 ], [ -108.50664854025473, 30.341793642034407 ], [ -108.516404129807142, 30.347806079136909 ], [ -108.527696322626682, 30.3492138128154 ], [ -108.542095627508274, 30.357645106892434 ], [ -108.57032166291458, 30.368113788287769 ], [ -108.592932216620071, 30.370257157123529 ], [ -108.607575697129207, 30.365932619706509 ], [ -108.616585238008227, 30.367118391997078 ], [ -108.622988295627877, 30.370401561844186 ], [ -108.666084670698282, 30.44498876387199 ], [ -108.652761303844485, 30.452326430437104 ], [ -108.634995982007794, 30.457377826587688 ], [ -108.62163462017125, 30.454759362631226 ], [ -108.612105155934501, 30.455426768270897 ], [ -108.601389530867849, 30.471803781301627 ], [ -108.601140208881617, 30.484409921406961 ], [ -108.605028294212843, 30.497822282461637 ], [ -108.619075593185968, 30.508290692391462 ], [ -108.634380895369631, 30.515858002181258 ], [ -108.63888687239222, 30.525133044518093 ], [ -108.624067071878869, 30.547112479216807 ], [ -108.68078148048329, 30.562720269387103 ], [ -108.692911938053541, 30.569264145409367 ], [ -108.709137047446873, 30.569377948271836 ], [ -108.721520887566214, 30.565999874265135 ], [ -108.730139232886955, 30.570287867279774 ], [ -108.746382946238114, 30.573082846222359 ], [ -108.758451897676537, 30.570323052966661 ], [ -108.764503230919914, 30.571318659996599 ], [ -108.811062790470714, 30.586309644872948 ], [ -108.822260673727342, 30.594292841836761 ], [ -108.824237926253275, 30.602956791514938 ], [ -108.829046757839478, 30.607469657472937 ], [ -108.835402482699394, 30.606393693896631 ], [ -108.86414076605223, 30.618384438049496 ], [ -108.867760313951251, 30.632613787398224 ], [ -108.865248598202896, 30.636763316653852 ], [ -108.851635132065326, 30.645741970827753 ], [ -108.833205611374339, 30.65000053808016 ], [ -108.798330531176944, 30.668827301722793 ], [ -108.796142861830589, 30.674213264092604 ], [ -108.796035733130864, 30.701691986590681 ], [ -108.792342000444791, 30.718450898798508 ], [ -108.793989046499078, 30.725464554007143 ], [ -108.800071337346523, 30.729143309057665 ], [ -108.802679943434256, 30.736770221292854 ], [ -108.800564016715711, 30.751452820251803 ], [ -108.796792869578823, 30.758295575278968 ], [ -108.847181496935804, 30.762084614138089 ], [ -108.829148235865617, 30.880683817245178 ], [ -108.865473339629276, 30.893163103683431 ], [ -108.869955270067649, 30.893110979004128 ], [ -108.878858256131792, 30.887718631633639 ], [ -108.890248823635659, 30.888042445466574 ], [ -108.887630266614934, 30.933214329410706 ], [ -108.900113773811611, 30.948993388400758 ], [ -108.903591377432761, 30.968017168608917 ], [ -108.914296784854031, 30.972713232864322 ], [ -108.921715802247519, 30.99003053614441 ], [ -108.886462777397853, 31.057628644569139 ], [ -108.861266522416685, 31.064426810583811 ], [ -108.867122422019065, 31.075745603030473 ], [ -108.872914855773558, 31.079834184014764 ], [ -108.882514926534427, 31.080588591473383 ], [ -108.895392633489934, 31.089993508140356 ], [ -108.902736032529475, 31.088697775654925 ], [ -108.907871748546668, 31.090723910135068 ], [ -108.909963171398743, 31.109092761628691 ], [ -108.913500928014898, 31.111130971171896 ], [ -108.91292758383554, 31.118158909822334 ], [ -108.910376406282737, 31.119005062384471 ], [ -108.905566065190925, 31.130572861817303 ], [ -108.921750763039938, 31.142657687794085 ], [ -108.920627043438571, 31.149416743589704 ], [ -108.933769939892429, 31.15997760244117 ], [ -108.934495345504871, 31.171466031882971 ], [ -108.943236759491924, 31.177184205202732 ], [ -108.921267586510268, 31.209301281536138 ], [ -108.941934413073824, 31.213508335672927 ], [ -108.93996767264359, 31.225378188111112 ], [ -108.946112408432825, 31.233956529207916 ], [ -108.94656879534476, 31.246432772296529 ], [ -108.950127571291532, 31.256880360757691 ], [ -108.947804150756085, 31.258174764815493 ], [ -108.939394029949923, 31.255516372820175 ], [ -108.929112526156999, 31.241025272174983 ], [ -108.923867987935992, 31.240798222845861 ], [ -108.899497839836926, 31.227293876855338 ], [ -108.867944805653877, 31.215349099969057 ], [ -108.85632708069933, 31.205461087898161 ], [ -108.843496815244819, 31.199603766596233 ], [ -108.832401161169031, 31.197400722348164 ], [ -108.815340190563404, 31.200241743715118 ], [ -108.801334161320966, 31.196099731379267 ], [ -108.810737078538281, 31.247669950995451 ], [ -108.752524425943889, 31.284162338605739 ] ] ] } },
{ "type": "Feature", "properties": { "cve_edo": "08", "cve_mpo_ine": "036", "cve_edo_mpo_ine": "08036", "nom_mpo": "JIMENEZ", "nom_edo": "Chihuahua", "alianza_ganadora": "Va por México", "margen_pp": 16.649810366624525, "por_participacion": 52.046321884458479 }, "geometry": { "type": "Polygon", "coordinates": [ [ [ -104.104546776057703, 27.611134298646672 ], [ -104.090830022487509, 27.60384711173403 ], [ -104.053639534583724, 27.595308343643495 ], [ -104.025957405131706, 27.603737643390097 ], [ -104.013600891130579, 27.603646336060834 ], [ -104.005945874198204, 27.596189653073939 ], [ -104.006200452752367, 27.586917669183613 ], [ -104.000768368473359, 27.582360002520687 ], [ -103.999661413934646, 27.576646759925122 ], [ -103.991754810878618, 27.576971136939381 ], [ -103.979172193641247, 27.559822620371218 ], [ -103.975079428469726, 27.575299636182109 ], [ -103.968290709129306, 27.570491010772006 ], [ -103.944673630040754, 27.531639550051604 ], [ -103.943993316671254, 27.542978177275835 ], [ -103.917268203099596, 27.57431886489961 ], [ -103.902563111826211, 27.577194683431152 ], [ -103.893165450403501, 27.58222990904067 ], [ -103.875389254053118, 27.575577601399115 ], [ -103.816424885545914, 27.28529499232625 ], [ -103.814721654482739, 27.258909214916986 ], [ -103.807647473935035, 27.223898543472597 ], [ -103.793605070658558, 27.175152246165702 ], [ -103.77449770008846, 27.090573725388953 ], [ -103.761462077232594, 27.01521456365645 ], [ -103.754715070295333, 27.002833810603139 ], [ -103.741144775573304, 26.944955617830878 ], [ -103.695218496699724, 26.724694192744764 ], [ -103.8814108843615, 26.762160283193193 ], [ -103.983174288537739, 26.771878949959955 ], [ -104.005730775429242, 26.760159782357832 ], [ -104.058099938178202, 26.746426922094994 ], [ -104.06593226111633, 26.738183572573288 ], [ -104.089985150007095, 26.755042623122659 ], [ -104.094721957664106, 26.756197365754034 ], [ -104.187972899642233, 26.744991114417328 ], [ -104.20023306885723, 26.755967145519328 ], [ -104.209645939680271, 26.772585667076225 ], [ -104.224710785573521, 26.780789068291508 ], [ -104.229096824627959, 26.788467217558139 ], [ -104.23860652825401, 26.797614531718356 ], [ -104.249435748953587, 26.826691025134284 ], [ -104.254737551384892, 26.825401297752641 ], [ -104.282350834264292, 26.810095876038879 ], [ -104.310299060033103, 26.798804889446487 ], [ -104.304771065992625, 26.79377804969571 ], [ -104.299487008497493, 26.775133131574247 ], [ -104.291339710926138, 26.781725146866652 ], [ -104.281748777714498, 26.781716842716339 ], [ -104.269097076397102, 26.771266660256281 ], [ -104.253802351341633, 26.731584402874184 ], [ -104.287132010136546, 26.725786483060165 ], [ -104.291783796791648, 26.723349400987203 ], [ -104.305455937769381, 26.706925144251944 ], [ -104.302441371333273, 26.702722715084406 ], [ -104.325531623677676, 26.658648859060492 ], [ -104.337627070249525, 26.651917862209253 ], [ -104.38031552622958, 26.635645936578015 ], [ -104.39115504826016, 26.626659644026809 ], [ -104.408779910219792, 26.633006997293258 ], [ -104.408362064403548, 26.627723485664109 ], [ -104.403058366465999, 26.621387903391767 ], [ -104.408289063323508, 26.616692306641568 ], [ -104.418801459220163, 26.613296185174082 ], [ -104.427446009383317, 26.607555011948207 ], [ -104.438561084526754, 26.589789437349992 ], [ -104.446232684685015, 26.582214513729795 ], [ -104.449187145715541, 26.575645687033546 ], [ -104.434745001402547, 26.573093057248727 ], [ -104.440917608235679, 26.570411628448003 ], [ -104.449351600043869, 26.562544422808184 ], [ -104.458225407406658, 26.535655297117053 ], [ -104.473558366085143, 26.502748025091613 ], [ -104.476588239354058, 26.498304054579627 ], [ -104.481496039101074, 26.497812278791436 ], [ -104.489524735575827, 26.479200323755094 ], [ -104.499184579931338, 26.465978084235822 ], [ -104.500542421384651, 26.451259582588143 ], [ -104.494966760976595, 26.429979418467685 ], [ -104.496969653579143, 26.416290855592681 ], [ -104.564455826465021, 26.350090004780299 ], [ -104.5803179782162, 26.352230240572787 ], [ -104.583908128984547, 26.360412607106934 ], [ -104.5923074659988, 26.363954851945746 ], [ -104.595079565303223, 26.382084804041877 ], [ -104.598338363151555, 26.381062296492111 ], [ -104.607194754168134, 26.370973048380449 ], [ -104.618291986280681, 26.371188068200393 ], [ -104.622935868956318, 26.37356388712686 ], [ -104.625462661895099, 26.378347481360382 ], [ -104.634055779758057, 26.38194558450639 ], [ -104.642812545707883, 26.391180766096742 ], [ -104.653393865402776, 26.39294420245492 ], [ -104.660587892067369, 26.40919027704231 ], [ -104.6672027370428, 26.413527241719422 ], [ -104.668959934694314, 26.41968794513879 ], [ -104.675239093401046, 26.42776215723471 ], [ -104.705424146180576, 26.456218754755223 ], [ -104.710173929985828, 26.464689158200283 ], [ -104.719406009262343, 26.470239816450988 ], [ -104.727410666362402, 26.479352469785198 ], [ -104.75222027855456, 26.485637428381867 ], [ -104.751568093906087, 26.504674713999822 ], [ -104.759160363226542, 26.522297321847592 ], [ -104.772880752503809, 26.525153554501195 ], [ -104.794730634180311, 26.544232378797876 ], [ -104.794689467742415, 26.549053004679088 ], [ -104.799353032442468, 26.556236760153723 ], [ -104.777384577271718, 26.591751141803403 ], [ -104.777027996007234, 26.598110073980887 ], [ -104.771037315054727, 26.603065400245672 ], [ -104.769848887261574, 26.625280240324606 ], [ -104.746201819047542, 26.61545154913706 ], [ -104.739581839376044, 26.609421928691969 ], [ -104.726597502965575, 26.604381376450416 ], [ -104.698196682928128, 26.607178497693653 ], [ -104.704081606664644, 26.615026526488997 ], [ -104.702492935611161, 26.617998796946871 ], [ -104.707646909674978, 26.628571564597763 ], [ -104.707536389888887, 26.639720137259751 ], [ -104.725317462756465, 26.658802873531091 ], [ -104.72544571442468, 26.663510092599925 ], [ -104.729493167898198, 26.667640308130579 ], [ -104.718380186991993, 26.69711870410821 ], [ -104.711154549766789, 26.70033674401131 ], [ -104.701840464409997, 26.698681160540737 ], [ -104.704431329561771, 26.715776689463723 ], [ -104.69554391015447, 26.723355749555154 ], [ -104.696875386317501, 26.72988869766764 ], [ -104.707868167304071, 26.746866841010739 ], [ -104.717169470836339, 26.754748449971668 ], [ -104.723110387250017, 26.783195079055012 ], [ -104.793086924957535, 26.824311690491143 ], [ -104.785427658895188, 26.850981735352281 ], [ -104.781735845027313, 26.855764128780454 ], [ -104.788226541401414, 26.864128760727521 ], [ -104.788939833430945, 26.876691419503782 ], [ -104.797043582175107, 26.876631295271505 ], [ -104.805645517607687, 26.87244025268927 ], [ -104.826175880833745, 26.855140385077036 ], [ -104.827786379313153, 26.845476035585051 ], [ -104.835034647012364, 26.841279745258564 ], [ -104.836881016497969, 26.83764831286841 ], [ -104.838598323049069, 26.838396265740645 ], [ -104.845451167445546, 26.853617995292527 ], [ -104.861152315683626, 26.863323335918299 ], [ -104.871567149016741, 26.881444142846533 ], [ -104.867374911148744, 26.896391845451785 ], [ -104.871297886224497, 26.902350394093649 ], [ -104.877650959864653, 26.933022142259748 ], [ -104.893507778610982, 26.922395848638857 ], [ -104.893747172070647, 26.929089810014968 ], [ -104.897305693661181, 26.933311516774559 ], [ -104.909829393740068, 26.941352132834265 ], [ -104.935976606747147, 26.977512236280571 ], [ -104.937939841522905, 26.98305221937709 ], [ -104.951328933626854, 26.99885826068779 ], [ -104.950705923955738, 27.01819368410516 ], [ -104.996053281817268, 27.018327636681974 ], [ -105.00201529583137, 27.026793500092456 ], [ -104.994202893610236, 27.039532213692709 ], [ -104.998404918931413, 27.039832379019245 ], [ -105.052158030653473, 27.082284306237867 ], [ -105.051552532374032, 27.103107338762982 ], [ -104.976247827673717, 27.127053717761672 ], [ -104.983390279935051, 27.13161754902934 ], [ -105.000126466230199, 27.136515801934163 ], [ -105.000865006934788, 27.155687572903521 ], [ -105.04002035552665, 27.194487752236711 ], [ -105.040707366222904, 27.20234374983735 ], [ -105.032380055519056, 27.204352673133734 ], [ -104.982137391164642, 27.201347366475442 ], [ -105.04893601889205, 27.257990984400639 ], [ -105.044147926415363, 27.270198467799975 ], [ -105.036726193319566, 27.275255900254272 ], [ -105.025987980790191, 27.278643498979509 ], [ -105.101663114630966, 27.383699551543248 ], [ -105.070434761651242, 27.374064466628518 ], [ -105.064929647027185, 27.37733761539776 ], [ -105.041781631199356, 27.371782677652373 ], [ -105.025557961821747, 27.384995042002092 ], [ -104.987404265249651, 27.382767737398527 ], [ -104.981856035222464, 27.392172685593827 ], [ -104.971221706458522, 27.390418935579522 ], [ -104.957146090320549, 27.417536772461446 ], [ -104.950158201579313, 27.4210635938962 ], [ -104.93607036907899, 27.419660841507387 ], [ -104.936407291496778, 27.426539609985166 ], [ -104.931599626957237, 27.426984344706703 ], [ -104.935500576186243, 27.442130931735779 ], [ -104.869078498465058, 27.441206882121666 ], [ -104.86431534650572, 27.445296698598391 ], [ -104.861740936636764, 27.456669072522956 ], [ -104.854999589947923, 27.460604140499122 ], [ -104.824810758531484, 27.434825356810787 ], [ -104.818746803996845, 27.423252389928805 ], [ -104.81354176547238, 27.421456879754935 ], [ -104.809639840590208, 27.415094569423598 ], [ -104.789361771880792, 27.401425566388987 ], [ -104.781852782743144, 27.403945970900367 ], [ -104.772464098223992, 27.401755315096107 ], [ -104.746512427537581, 27.414627425115626 ], [ -104.736157161232427, 27.415999124622399 ], [ -104.728948898019837, 27.406840561002706 ], [ -104.727539627764529, 27.397738846226183 ], [ -104.70413337460279, 27.403222585138359 ], [ -104.697208806752499, 27.400188357493246 ], [ -104.684993141716745, 27.399494108071409 ], [ -104.665204086091677, 27.365543833507353 ], [ -104.653280712537182, 27.37304283037448 ], [ -104.651049456747273, 27.395158905999878 ], [ -104.653673345899932, 27.40177261464941 ], [ -104.649993692131773, 27.405926871480343 ], [ -104.647781188209521, 27.407508606521681 ], [ -104.633213587288708, 27.405245696744853 ], [ -104.623228563290539, 27.40669040837162 ], [ -104.615811838214498, 27.403488382169343 ], [ -104.617035285195357, 27.427329898115158 ], [ -104.62795091003953, 27.439295546347047 ], [ -104.637346356314794, 27.442820676094577 ], [ -104.637983141865277, 27.446792583231261 ], [ -104.634531144291088, 27.447467988918323 ], [ -104.629705969409642, 27.444919298024132 ], [ -104.589481091899799, 27.445808500352502 ], [ -104.573727190654211, 27.455383468032068 ], [ -104.569307636578387, 27.460779913030127 ], [ -104.558956370767945, 27.464539453493643 ], [ -104.55524854455993, 27.463309363756121 ], [ -104.548732282442259, 27.469374175083328 ], [ -104.542730788277652, 27.480736071416139 ], [ -104.528816392195623, 27.489472104864827 ], [ -104.520385359017837, 27.480058284384857 ], [ -104.514820219053036, 27.477342220110661 ], [ -104.511080619026188, 27.467665789252912 ], [ -104.505536149356644, 27.470248286670991 ], [ -104.495167412719724, 27.470028853922525 ], [ -104.465315910216503, 27.475324061224537 ], [ -104.453139287538818, 27.488601792002452 ], [ -104.448364215529551, 27.500784360001056 ], [ -104.444166702805276, 27.500877230996078 ], [ -104.440493536530468, 27.510572993412879 ], [ -104.428059922207652, 27.522772611216507 ], [ -104.419919033721001, 27.525854223376523 ], [ -104.412878915145669, 27.52545560627491 ], [ -104.404241656901647, 27.532193222797158 ], [ -104.385251941603826, 27.538345527738354 ], [ -104.373780865305321, 27.544080266123874 ], [ -104.370949769577223, 27.547894056274878 ], [ -104.348740194446876, 27.557703016591624 ], [ -104.347764205555336, 27.56300344165837 ], [ -104.35197750607982, 27.568709043038162 ], [ -104.352732872766893, 27.574751665717045 ], [ -104.34606498963835, 27.576170420405219 ], [ -104.333740722061137, 27.590016835897888 ], [ -104.334490767462839, 27.594072506120131 ], [ -104.32635895499908, 27.605179346737501 ], [ -104.321913818874521, 27.606924657862415 ], [ -104.321774356322649, 27.599142361828925 ], [ -104.308771938360067, 27.584837989793563 ], [ -104.307524429803976, 27.578630280834833 ], [ -104.304184788292744, 27.576565062324125 ], [ -104.298603300700051, 27.564650432613536 ], [ -104.297222365585284, 27.552647312988643 ], [ -104.294995012815903, 27.550414827916395 ], [ -104.288691618849668, 27.548021911587266 ], [ -104.284376492647993, 27.552498076521097 ], [ -104.277084437529396, 27.549691883570159 ], [ -104.267949938494581, 27.553096736870284 ], [ -104.263130425697724, 27.551528990141595 ], [ -104.258303663907768, 27.54507630884985 ], [ -104.240294658668404, 27.562314592004512 ], [ -104.228569781039468, 27.570521101246879 ], [ -104.218690901513455, 27.573923309298156 ], [ -104.20472968569068, 27.572442833120075 ], [ -104.201762009419099, 27.569547040763119 ], [ -104.1923737874328, 27.569800997526965 ], [ -104.183846632455811, 27.5655831870036 ], [ -104.158520772292647, 27.560791705032393 ], [ -104.152465898312116, 27.556405613687097 ], [ -104.144313787620703, 27.556324837305983 ], [ -104.144312916374034, 27.554420660618639 ], [ -104.125171269807339, 27.564937836427976 ], [ -104.097625921479477, 27.589194499880211 ], [ -104.103309761010664, 27.595238704075005 ], [ -104.101086148861512, 27.603434608842161 ], [ -104.104546776057703, 27.611134298646672 ] ] ] } },
{ "type": "Feature", "properties": { "cve_edo": "08", "cve_mpo_ine": "037", "cve_edo_mpo_ine": "08037", "nom_mpo": "JUAREZ", "nom_edo": "Chihuahua", "alianza_ganadora": "Juntos Haremos Historia", "margen_pp": 19.755529336248756, "por_participacion": 37.84113675701321 }, "geometry": { "type": "Polygon", "coordinates": [ [ [ -106.915207112874526, 31.601848287728323 ], [ -106.895830386952184, 31.658821879280389 ], [ -106.866844213448275, 31.6691488084452 ], [ -106.839551820026387, 31.688318428962152 ], [ -106.838011348995536, 31.692174909864697 ], [ -106.845688988596422, 31.740977484188409 ], [ -106.859735872257147, 31.745019620928534 ], [ -106.863421313252886, 31.752010951152894 ], [ -106.861132829227643, 31.763741370359288 ], [ -106.886538906433898, 31.781573341183947 ], [ -106.616374633673431, 31.784131541416205 ], [ -106.562988841834198, 31.78781251788617 ], [ -106.525587771274914, 31.777742312609206 ], [ -106.512551409615341, 31.76992245080859 ], [ -106.50980969057683, 31.761173339815919 ], [ -106.488530362525296, 31.748037784444858 ], [ -106.473490107994152, 31.75082686054915 ], [ -106.464016075473864, 31.762793741611496 ], [ -106.456035338637676, 31.764197820527169 ], [ -106.446729925845929, 31.762265859895944 ], [ -106.434155863417388, 31.754800208824314 ], [ -106.417028936852731, 31.751615734581261 ], [ -106.380381010851337, 31.731658945862353 ], [ -106.372185284709843, 31.712391941065999 ], [ -106.34946434272274, 31.696790180119663 ], [ -106.334606958751152, 31.663134154667141 ], [ -106.307047533141144, 31.628380574096454 ], [ -106.302853676029784, 31.62083968681284 ], [ -106.302166254688103, 31.609358202675466 ], [ -106.280718878891506, 31.582362855718369 ], [ -106.274317918512196, 31.56066277385565 ], [ -106.251365844490167, 31.550716677222873 ], [ -106.240770319485122, 31.540001317601579 ], [ -106.232958721758379, 31.516304504258983 ], [ -106.222617079651599, 31.502925547135188 ], [ -106.219459368341049, 31.483713310731957 ], [ -106.214411813627592, 31.474901682127506 ], [ -106.203703753527591, 31.465097800692806 ], [ -106.174098091880808, 31.455642642112704 ], [ -106.165202374074184, 31.448181641599827 ], [ -106.163278532673118, 31.443366501471829 ], [ -106.183647123351008, 31.450379954153512 ], [ -106.195167098707046, 31.449730964201279 ], [ -106.200952945313034, 31.438056872355013 ], [ -106.212132631086803, 31.424414056948336 ], [ -106.238980198338567, 31.397651107619772 ], [ -106.214862584892089, 31.357089966370459 ], [ -106.220296783452412, 31.356771092353181 ], [ -106.233535417657606, 31.348861019365028 ], [ -106.248789277726175, 31.34462180914073 ], [ -106.26967605487755, 31.331343402616998 ], [ -106.251115753192352, 31.299383533575288 ], [ -106.254371743104613, 31.289410638082856 ], [ -106.262455459630758, 31.280574175623187 ], [ -106.264220624119915, 31.274759313467623 ], [ -106.270482877723808, 31.269674921158217 ], [ -106.280739849993125, 31.270489669451809 ], [ -106.28516565609182, 31.268538673247413 ], [ -106.285667171351193, 31.263369374188166 ], [ -106.268819739196203, 31.231123199440724 ], [ -106.284758222147588, 31.22934147618227 ], [ -106.295672087841751, 31.230966498091828 ], [ -106.312218849515872, 31.239898431266319 ], [ -106.321172217628131, 31.239912518281219 ], [ -106.335742847124934, 31.234852340540716 ], [ -106.337116048093066, 31.14949134659248 ], [ -106.346479325805717, 31.156362374431822 ], [ -106.362567406647884, 31.175064697258122 ], [ -106.403834055985229, 31.177560892138377 ], [ -106.412115035955253, 31.171952790436585 ], [ -106.425845763197273, 31.168793265567391 ], [ -106.459721477932334, 31.165944009710991 ], [ -106.503963295873604, 31.182831558145541 ], [ -106.517592714770799, 31.165636822248278 ], [ -106.516204530563655, 31.150174589516013 ], [ -106.521811944349025, 31.1295169631567 ], [ -106.603224220469286, 31.118313355955841 ], [ -106.605821836760484, 31.123453794777582 ], [ -106.613200282217022, 31.126914221841268 ], [ -106.639474814147334, 31.134997297527089 ], [ -106.658343595332141, 31.173650123662796 ], [ -106.67649795235981, 31.165484534542994 ], [ -106.699187563267941, 31.164297703979237 ], [ -106.722803096603585, 31.159593996315252 ], [ -106.74712586729747, 31.162305891260779 ], [ -106.774266495403722, 31.158804484034519 ], [ -106.817510544531885, 31.144542458646498 ], [ -106.836027895200885, 31.156027088085466 ], [ -106.840896570867557, 31.165930848167271 ], [ -106.855490793699687, 31.178636873228687 ], [ -106.866509310007316, 31.193489263388635 ], [ -106.880505639115057, 31.231451476528274 ], [ -106.893598226048056, 31.256617710448193 ], [ -106.928351068758332, 31.291513980245398 ], [ -106.934921105677034, 31.305086892738935 ], [ -106.941282186966745, 31.312472146182365 ], [ -106.95648166124171, 31.321201396065558 ], [ -106.965061282888712, 31.331706197732885 ], [ -106.706134353538147, 31.419159607591158 ], [ -106.693566796280052, 31.428377624991079 ], [ -106.740875416313742, 31.480963507639348 ], [ -106.750912868272565, 31.496426531438509 ], [ -106.755723709978056, 31.513730790663473 ], [ -106.752538813411434, 31.526289664238178 ], [ -106.743425866130707, 31.535907701901888 ], [ -106.724140059326587, 31.541201597727234 ], [ -106.717976570244645, 31.539993665306259 ], [ -106.715820775153162, 31.54198446950786 ], [ -106.717025627912918, 31.546599697454532 ], [ -106.737830004103714, 31.561928669404104 ], [ -106.739692123792963, 31.567860629171971 ], [ -106.729742472654493, 31.583258197296512 ], [ -106.705146183902414, 31.607637181455029 ], [ -106.915207112874526, 31.601848287728323 ] ] ] } },
{ "type": "Feature", "properties": { "cve_edo": "08", "cve_mpo_ine": "038", "cve_edo_mpo_ine": "08038", "nom_mpo": "JULIMES", "nom_edo": "Chihuahua", "alianza_ganadora": "Va por México", "margen_pp": 66.330434782608691, "por_participacion": 58.950174287471803 }, "geometry": { "type": "Polygon", "coordinates": [ [ [ -105.430149903563574, 28.364040701544152 ], [ -105.436581725954312, 28.379565612474575 ], [ -105.463903856258298, 28.379455488792644 ], [ -105.464158501486665, 28.389606189186647 ], [ -105.472374674952889, 28.390461114398406 ], [ -105.47044744447436, 28.39401262203052 ], [ -105.484203151268929, 28.394281086033114 ], [ -105.484408186325595, 28.418502872906146 ], [ -105.474009470437096, 28.415629958604878 ], [ -105.472450043402219, 28.410886839156255 ], [ -105.470584477229153, 28.41406687451299 ], [ -105.454555854070293, 28.417761446122675 ], [ -105.455275838214192, 28.426095874564165 ], [ -105.471406715380098, 28.449989345365132 ], [ -105.46974573417117, 28.466721043276348 ], [ -105.4804744833596, 28.47883652432964 ], [ -105.4881400757356, 28.49211191442901 ], [ -105.492009074884223, 28.489588343197912 ], [ -105.491779557280807, 28.512367974561492 ], [ -105.529614090252053, 28.557200082741321 ], [ -105.531649728862718, 28.563987598381313 ], [ -105.546130082885028, 28.577078850738634 ], [ -105.541345137155588, 28.587749831147484 ], [ -105.531426803756943, 28.59752718444464 ], [ -105.522687798429786, 28.598874403442014 ], [ -105.512550181175627, 28.597333714123277 ], [ -105.503061596457769, 28.598764383116322 ], [ -105.500703730688855, 28.60091863662246 ], [ -105.496680262490401, 28.613733795309383 ], [ -105.498047338003815, 28.628434324279066 ], [ -105.503084405116681, 28.632881423901914 ], [ -105.498390085154654, 28.640081097762298 ], [ -105.496966302268504, 28.649750047765473 ], [ -105.492098759327945, 28.651002216185297 ], [ -105.488294632377531, 28.660264350778483 ], [ -105.480233145560234, 28.669041769234372 ], [ -105.4829089740239, 28.675313012265409 ], [ -105.457910266431597, 28.677936491443671 ], [ -105.464099206385455, 28.685686514891735 ], [ -105.465913300794611, 28.693860169986454 ], [ -105.460193937526569, 28.698582818605399 ], [ -105.458110809886222, 28.704370379789474 ], [ -105.473922623770605, 28.710278942454011 ], [ -105.474326174341613, 28.713912628844831 ], [ -105.465263353873524, 28.723352529679715 ], [ -105.454271564652359, 28.726187893692973 ], [ -105.448598838623653, 28.720749270167687 ], [ -105.440828184886726, 28.71919776027076 ], [ -105.43296602586031, 28.722189403942391 ], [ -105.427049415778257, 28.734593562715006 ], [ -105.394711962865415, 28.728134545332257 ], [ -105.384256480192235, 28.736497883274687 ], [ -105.37489385695298, 28.740149828966494 ], [ -105.363615344787362, 28.738187137698667 ], [ -105.325140722508038, 28.750391208572626 ], [ -105.309942641613745, 28.762390291884486 ], [ -105.307655984130065, 28.757023818252705 ], [ -105.301149628033002, 28.757610429000785 ], [ -105.290051255638986, 28.764893427321148 ], [ -105.286586586707656, 28.771753887649133 ], [ -105.269268508992141, 28.786559484038989 ], [ -105.254325937360804, 28.779387144133675 ], [ -105.254800123244223, 28.774678081246197 ], [ -105.247040231358341, 28.775263238494951 ], [ -105.246123616287477, 28.768077162390224 ], [ -105.239364429539819, 28.768413195757056 ], [ -105.225006227374067, 28.75264587946404 ], [ -105.217232883535274, 28.750420657958578 ], [ -105.209316109773425, 28.744642923777416 ], [ -105.206770449793822, 28.736548779450484 ], [ -105.195676193394362, 28.720941577573527 ], [ -105.193673824673283, 28.720942521058884 ], [ -105.18846496091335, 28.730362192889803 ], [ -105.171111007545377, 28.713516334105119 ], [ -105.157197873707148, 28.708728444007932 ], [ -105.147821276827457, 28.710547326683418 ], [ -105.144163038728081, 28.704186858917819 ], [ -105.126887614199802, 28.702452649245497 ], [ -105.112954452252964, 28.692207996723042 ], [ -105.112673285097429, 28.685020971019494 ], [ -105.111047973879081, 28.685268567390803 ], [ -105.103939250436085, 28.690554309388354 ], [ -105.101026298873435, 28.711949406084081 ], [ -105.091563652185144, 28.723594812823624 ], [ -105.085923457873079, 28.721527836017071 ], [ -105.080593616873571, 28.734412904992411 ], [ -105.061203832444619, 28.737212994373341 ], [ -105.037036343946923, 28.734389688279752 ], [ -105.011130314874109, 28.735277920967132 ], [ -105.00236360747013, 28.7337003078344 ], [ -104.987856728466113, 28.7375683478055 ], [ -104.985365895067503, 28.741613512230021 ], [ -104.970626966629368, 28.752253347893603 ], [ -104.959280232719181, 28.76810023173546 ], [ -104.948905734473243, 28.774447502161813 ], [ -104.940516736757701, 28.774518559902067 ], [ -104.896278321515751, 28.813026944751297 ], [ -104.892270791984899, 28.813350360400371 ], [ -104.889899188975221, 28.817146106132153 ], [ -104.871758010554601, 28.828016742012384 ], [ -104.861632504868908, 28.839396771637759 ], [ -104.858979559389269, 28.827826419490428 ], [ -104.840502426813288, 28.791853628467589 ], [ -104.801791534730384, 28.781273704262926 ], [ -104.777488570075604, 28.771877639809549 ], [ -104.762088309920074, 28.772166928705321 ], [ -104.750315982637233, 28.76891258227187 ], [ -104.738163345031609, 28.758303988910662 ], [ -104.722891132311062, 28.760158742125121 ], [ -104.716624459388441, 28.747087602118459 ], [ -104.710491577716482, 28.748803441934285 ], [ -104.699604156995264, 28.757360385376728 ], [ -104.635820500773832, 28.748849129400973 ], [ -104.631807814356435, 28.692990878556934 ], [ -104.633801644311603, 28.684798277604443 ], [ -104.617900617436632, 28.682634915494752 ], [ -104.609623279148195, 28.672638604198749 ], [ -104.615208485592277, 28.646496587580419 ], [ -104.614825389895373, 28.630069726044638 ], [ -104.645884625313627, 28.612357115893211 ], [ -104.665130183916645, 28.613494049248057 ], [ -104.680266829012169, 28.60765025694954 ], [ -104.688481164392641, 28.598487616264499 ], [ -104.698369680482841, 28.59252799732225 ], [ -104.708221758874032, 28.576907666002477 ], [ -104.700975981891943, 28.538751094908701 ], [ -104.697811038833109, 28.535975149248817 ], [ -104.678777743636886, 28.536893954002768 ], [ -104.677702360171438, 28.519328875018715 ], [ -104.697120432657712, 28.509230122655485 ], [ -104.694121427548282, 28.501333264877282 ], [ -104.697400071917656, 28.495933955825929 ], [ -104.698380028199011, 28.479740947063245 ], [ -104.704616845836625, 28.472330463492906 ], [ -104.706595239885488, 28.463806229543646 ], [ -104.718661469720089, 28.454685445894174 ], [ -104.721422339434469, 28.440868679682271 ], [ -104.719253439951885, 28.430404282828263 ], [ -104.722655086757271, 28.410223148683546 ], [ -104.721541057443631, 28.403216008268839 ], [ -104.725844989486916, 28.392355935285021 ], [ -104.721251798421022, 28.378448109007412 ], [ -104.721261326328303, 28.356649618987092 ], [ -104.716994249244408, 28.339765802128213 ], [ -104.711678120180878, 28.33461730475809 ], [ -104.70454594912097, 28.332541810292476 ], [ -104.771341827833695, 28.328226060560077 ], [ -104.773422819897789, 28.326139995849275 ], [ -104.781340184885565, 28.33035047453486 ], [ -104.784806216150912, 28.329157911827838 ], [ -104.787083055658115, 28.324014438039978 ], [ -104.798491181776967, 28.314149842747796 ], [ -104.783820051474876, 28.300929004324381 ], [ -104.781809509847875, 28.285426807351946 ], [ -104.750159947578439, 28.232287747889142 ], [ -104.769698933285781, 28.234448889928263 ], [ -104.771345699594633, 28.238910924883534 ], [ -104.778852397073464, 28.245479337062115 ], [ -104.786206564261633, 28.247821654826456 ], [ -104.79800948827021, 28.245982010594314 ], [ -104.81322567721746, 28.234497871910435 ], [ -104.840688622454152, 28.231690830206091 ], [ -104.877254910629006, 28.275146471133997 ], [ -104.886036788006308, 28.279581426696179 ], [ -104.89304560141619, 28.291016691620651 ], [ -104.906903434447187, 28.290396991184856 ], [ -104.926107335629581, 28.295906826256896 ], [ -104.938585155379982, 28.297479632293388 ], [ -104.951326222487822, 28.294949955552191 ], [ -104.970540869235165, 28.277420076384995 ], [ -105.030653457777078, 28.270547692545197 ], [ -105.034697058137866, 28.275639807442886 ], [ -105.049235558022602, 28.276289316668379 ], [ -105.063826571754205, 28.281577064576556 ], [ -105.064437019134914, 28.287873329927258 ], [ -105.076573212294832, 28.304389066566852 ], [ -105.080812793701526, 28.306869660046928 ], [ -105.090856812669088, 28.309922822594807 ], [ -105.097474775629266, 28.309334248329332 ], [ -105.116309307335356, 28.319581905398874 ], [ -105.131538300988495, 28.32196156034324 ], [ -105.136778205182864, 28.324811671168661 ], [ -105.145270419601871, 28.323762051390542 ], [ -105.17141548766125, 28.335481000592459 ], [ -105.177527244052328, 28.341973459835334 ], [ -105.185778345892942, 28.333423540611584 ], [ -105.181981807203684, 28.322038600473022 ], [ -105.239918215891805, 28.319511005740267 ], [ -105.252534550238494, 28.305188314142153 ], [ -105.254156537911896, 28.307587072511833 ], [ -105.264579910489488, 28.311040770911369 ], [ -105.279562643320048, 28.333827053446125 ], [ -105.290234861276787, 28.331934908837539 ], [ -105.295104841914053, 28.329518753008717 ], [ -105.303657226502366, 28.315078304937749 ], [ -105.308838306233227, 28.31307504328781 ], [ -105.308088940468892, 28.310715870898992 ], [ -105.312707063414052, 28.303245746071191 ], [ -105.317324760833145, 28.296852557727444 ], [ -105.323503104924782, 28.294017275759117 ], [ -105.327809291535914, 28.286131104744427 ], [ -105.336046347939586, 28.289241136833137 ], [ -105.342969607387303, 28.300535863589289 ], [ -105.347515132145929, 28.300874962793127 ], [ -105.357074883604497, 28.30717379086412 ], [ -105.378596367441489, 28.306302902265614 ], [ -105.388724368544047, 28.310658313164492 ], [ -105.389481225055789, 28.318300845729599 ], [ -105.38475182994884, 28.330477898180476 ], [ -105.387176458039832, 28.338894009675197 ], [ -105.398503800388042, 28.345486468140358 ], [ -105.409640250524049, 28.346053703286692 ], [ -105.412067352464675, 28.349806383502724 ], [ -105.408950330038664, 28.355421744542952 ], [ -105.410505945172218, 28.357483456947747 ], [ -105.419591743395259, 28.364860546018356 ], [ -105.430149903563574, 28.364040701544152 ] ] ] } },
{ "type": "Feature", "properties": { "cve_edo": "08", "cve_mpo_ine": "016", "cve_edo_mpo_ine": "08016", "nom_mpo": "LA CRUZ", "nom_edo": "Chihuahua", "alianza_ganadora": "Va por México", "margen_pp": 77.166276346604221, "por_participacion": 70.403957131079963 }, "geometry": { "type": "Polygon", "coordinates": [ [ [ -104.982890714310514, 28.046908280074454 ], [ -104.98136200526524, 28.042017822151372 ], [ -104.973863010260104, 28.036142087638272 ], [ -104.96072097035352, 28.039563327823899 ], [ -104.948766740128491, 28.035766382918961 ], [ -104.940276829731772, 28.029973193258485 ], [ -104.935217187455777, 28.017540168182681 ], [ -104.924141055363535, 28.014486280277975 ], [ -104.917146216871458, 28.008938527692194 ], [ -104.892644391897917, 28.007272737450986 ], [ -104.882015314451664, 27.964932174317052 ], [ -104.875211448549848, 27.967397534609706 ], [ -104.871110946863823, 27.96652279106539 ], [ -104.836717402244389, 27.94544382413121 ], [ -104.826268989856104, 27.941307796849244 ], [ -104.819114688379486, 27.894953595205497 ], [ -104.814070985142209, 27.883061452876394 ], [ -104.797055690182034, 27.878316527765715 ], [ -104.778730203445235, 27.881164541357322 ], [ -104.769900053629371, 27.876803579867747 ], [ -104.757791997569726, 27.863973161524317 ], [ -104.774967496683516, 27.856371507396194 ], [ -104.832833737611452, 27.821396623939442 ], [ -104.909598751174798, 27.800230340772156 ], [ -104.918347555840313, 27.794595119774979 ], [ -104.942243457619639, 27.79354024893987 ], [ -104.980956620810872, 27.787280242002648 ], [ -104.991530190019688, 27.792563748430112 ], [ -105.004414302527223, 27.806858285831566 ], [ -105.015473721306051, 27.810726006567347 ], [ -105.021753446026878, 27.806518159490413 ], [ -105.033900181910568, 27.807306506072727 ], [ -105.053527734338516, 27.799976309898856 ], [ -105.071995551080761, 27.788179415114239 ], [ -105.080292023254685, 27.788009302556244 ], [ -105.092005438403078, 27.78258035873333 ], [ -105.103771204665705, 27.782620585631047 ], [ -105.109069948576163, 27.779911235761329 ], [ -105.136794402048494, 27.77828411423166 ], [ -105.137495914208756, 27.792574971527316 ], [ -105.159457239938391, 27.79030178761181 ], [ -105.172266337218659, 27.795297999281015 ], [ -105.176594893613697, 27.794669183579707 ], [ -105.177608063529021, 27.784959631324789 ], [ -105.190169054428338, 27.778186543215661 ], [ -105.213548975694053, 27.775764303068605 ], [ -105.222240925273638, 27.777902046201774 ], [ -105.243806599666129, 27.768527694789825 ], [ -105.256404620613992, 27.776424929090915 ], [ -105.269030835478929, 27.775943566674158 ], [ -105.273405016161888, 27.779455706933657 ], [ -105.279215414423575, 27.778557292667539 ], [ -105.28024380181138, 27.781860597818696 ], [ -105.288168848255808, 27.781765343644047 ], [ -105.289885343351585, 27.788777219615817 ], [ -105.295522371603951, 27.794394573099989 ], [ -105.279529927709731, 27.794125506276309 ], [ -105.270887332319745, 27.79142171408883 ], [ -105.250777939585106, 27.79456528029182 ], [ -105.247944879092756, 27.796317261212558 ], [ -105.249914729663686, 27.807174722366646 ], [ -105.246254843620889, 27.81299354434422 ], [ -105.25327579542153, 27.820680984533343 ], [ -105.255601614339653, 27.829878300695153 ], [ -105.277269374932331, 27.85069643420519 ], [ -105.315008826802881, 27.865806190134126 ], [ -105.314917912649591, 27.868875165563757 ], [ -105.304315199785364, 27.874889773267359 ], [ -105.29997271110355, 27.886435234901892 ], [ -105.293801858351458, 27.88944551614162 ], [ -105.266440915300805, 27.894859203328135 ], [ -105.257832526817282, 27.90227259304794 ], [ -105.274194849280875, 27.924603337087103 ], [ -105.26532100512236, 27.930525362629322 ], [ -105.261437965725207, 27.927056665555625 ], [ -105.239759562821035, 27.93095090036898 ], [ -105.236694655823186, 27.934693884406464 ], [ -105.229643054749843, 27.936958002315382 ], [ -105.21893200150096, 27.945703233947388 ], [ -105.21139181383694, 27.94888036773964 ], [ -105.205128829377287, 27.943095925929235 ], [ -105.204590959811796, 27.938868052637133 ], [ -105.202925999375324, 27.939951721972257 ], [ -105.201391594582461, 27.941698416740401 ], [ -105.207702346424568, 27.9523760010986 ], [ -105.221864780978947, 27.966012064132975 ], [ -105.221185096753814, 27.972566204392827 ], [ -105.214329011041286, 27.969769876358018 ], [ -105.199566111005879, 27.970897317450895 ], [ -105.183422967963352, 27.983472462684436 ], [ -105.179951187657082, 27.983981023328774 ], [ -105.176936532235914, 27.993362006939567 ], [ -105.170431612766791, 28.001426745262073 ], [ -105.094303617586803, 28.001225034857288 ], [ -105.094718421497234, 28.006034152207995 ], [ -105.080938496207366, 28.006648772713742 ], [ -105.075170095983353, 28.014624271815801 ], [ -105.07471467397643, 28.019435509461161 ], [ -105.050514297906361, 28.021813068769426 ], [ -105.043370264526459, 28.029043833902573 ], [ -105.038628733376072, 28.041493962460596 ], [ -105.010045935559859, 28.040307446682796 ], [ -105.004234899547541, 28.043801605892799 ], [ -104.982890714310514, 28.046908280074454 ] ] ] } },
{ "type": "Feature", "properties": { "cve_edo": "08", "cve_mpo_ine": "039", "cve_edo_mpo_ine": "08039", "nom_mpo": "LOPEZ", "nom_edo": "Chihuahua", "alianza_ganadora": "Va por México", "margen_pp": 12.735109717868339, "por_participacion": 72.192362093352187 }, "geometry": { "type": "Polygon", "coordinates": [ [ [ -105.045776425960725, 27.204097993677113 ], [ -105.040707366222904, 27.20234374983735 ], [ -105.04002035552665, 27.194487752236711 ], [ -105.000865006934788, 27.155687572903521 ], [ -105.000126466230199, 27.136515801934163 ], [ -104.983390279935051, 27.13161754902934 ], [ -104.976247827673717, 27.127053717761672 ], [ -105.051552532374032, 27.103107338762982 ], [ -105.052158030653473, 27.082284306237867 ], [ -104.998404918931413, 27.039832379019245 ], [ -104.994202893610236, 27.039532213692709 ], [ -105.00201529583137, 27.026793500092456 ], [ -104.996053281817268, 27.018327636681974 ], [ -104.950705923955738, 27.01819368410516 ], [ -104.951328933626854, 26.99885826068779 ], [ -104.937939841522905, 26.98305221937709 ], [ -104.935976606747147, 26.977512236280571 ], [ -104.909829393740068, 26.941352132834265 ], [ -104.897305693661181, 26.933311516774559 ], [ -104.893747172070647, 26.929089810014968 ], [ -104.893507778610982, 26.922395848638857 ], [ -104.877650959864653, 26.933022142259748 ], [ -104.871297886224497, 26.902350394093649 ], [ -104.867374911148744, 26.896391845451785 ], [ -104.871567149016741, 26.881444142846533 ], [ -104.861152315683626, 26.863323335918299 ], [ -104.845451167445546, 26.853617995292527 ], [ -104.838598323049069, 26.838396265740645 ], [ -104.836881016497969, 26.83764831286841 ], [ -104.835034647012364, 26.841279745258564 ], [ -104.827786379313153, 26.845476035585051 ], [ -104.826175880833745, 26.855140385077036 ], [ -104.805645517607687, 26.87244025268927 ], [ -104.797043582175107, 26.876631295271505 ], [ -104.788939833430945, 26.876691419503782 ], [ -104.788226541401414, 26.864128760727521 ], [ -104.781735845027313, 26.855764128780454 ], [ -104.785427658895188, 26.850981735352281 ], [ -104.793086924957535, 26.824311690491143 ], [ -104.723110387250017, 26.783195079055012 ], [ -104.717535377072295, 26.755576030869026 ], [ -104.707868167304071, 26.746866841010739 ], [ -104.696875386317501, 26.72988869766764 ], [ -104.696528343183587, 26.722036955594323 ], [ -104.703018113303131, 26.725447352867402 ], [ -104.727291611630875, 26.727593940147393 ], [ -104.741871552922248, 26.732929182609158 ], [ -104.754989066835293, 26.73462244222711 ], [ -104.767117856651296, 26.740278164025383 ], [ -104.786863918178881, 26.739343526608554 ], [ -104.848323638209635, 26.724463333630247 ], [ -104.862793320471255, 26.723918627741938 ], [ -104.877635761372531, 26.718662905165786 ], [ -104.898206205372063, 26.750686965006796 ], [ -104.930344408611603, 26.74306336048345 ], [ -104.942979431542284, 26.73663988482414 ], [ -104.950951046980705, 26.735413782692731 ], [ -104.966891278675405, 26.741554539872162 ], [ -104.973882384265053, 26.738177051307066 ], [ -105.00110707364037, 26.736149308345109 ], [ -104.996323892002266, 26.753166299810697 ], [ -105.006626504303753, 26.753510286643241 ], [ -105.04686689952301, 26.780577952086421 ], [ -105.059382432263561, 26.784886831113258 ], [ -105.057178013010912, 26.792652709154435 ], [ -105.059513997204533, 26.801910137778339 ], [ -105.064915439576623, 26.806377244613142 ], [ -105.069955611686325, 26.82133868811874 ], [ -105.067508052756949, 26.832988397558044 ], [ -105.077698674453259, 26.838202643691016 ], [ -105.082000694719611, 26.84663476154153 ], [ -105.094402878766203, 26.851932029958565 ], [ -105.082998373541287, 26.86812086163404 ], [ -105.102056266639636, 26.899287072302148 ], [ -105.114827722712306, 26.898798222759286 ], [ -105.123294029760274, 26.892026091610735 ], [ -105.129924534343417, 26.891450406943171 ], [ -105.132498488349043, 26.887319619001463 ], [ -105.140106534870057, 26.88310785579614 ], [ -105.170074130784116, 26.887741903463862 ], [ -105.174824458814001, 26.88453648484154 ], [ -105.178628280848116, 26.884731941402233 ], [ -105.180078800837336, 26.890584090203742 ], [ -105.182292292793122, 26.890966913012949 ], [ -105.20413624800203, 26.885203196289577 ], [ -105.206946592052034, 26.891614938644604 ], [ -105.198309440282941, 26.895457962930479 ], [ -105.228502762230335, 26.917859491136419 ], [ -105.231287652894878, 26.943293859524111 ], [ -105.226874446030877, 26.950304009205283 ], [ -105.236760865378031, 26.974892811871161 ], [ -105.253776326990874, 26.979528797216481 ], [ -105.26561768169303, 26.989696369548639 ], [ -105.247380283379869, 26.999056826438665 ], [ -105.247523221530457, 27.013776605043645 ], [ -105.242465851096085, 27.026006914604814 ], [ -105.243157811358884, 27.037162405490363 ], [ -105.212328909935025, 27.050088697155218 ], [ -105.211011438413564, 27.058874097672376 ], [ -105.212912919084161, 27.06223826938724 ], [ -105.208615275163496, 27.069163348452225 ], [ -105.207170794528992, 27.098544191858593 ], [ -105.21628735205924, 27.127693590775312 ], [ -105.214340433753705, 27.135660747507071 ], [ -105.196498072962939, 27.141121490488825 ], [ -105.145081906385954, 27.145055621701502 ], [ -105.153791078136905, 27.151305172671353 ], [ -105.045776425960725, 27.204097993677113 ] ] ] } },
{ "type": "Feature", "properties": { "cve_edo": "08", "cve_mpo_ine": "040", "cve_edo_mpo_ine": "08040", "nom_mpo": "MADERA", "nom_edo": "Chihuahua", "alianza_ganadora": "Va por México", "margen_pp": 16.798902928788323, "por_participacion": 48.383886255924168 }, "geometry": { "type": "Polygon", "coordinates": [ [ [ -108.627886759579923, 29.913768063760642 ], [ -108.623163695160514, 29.914857952293616 ], [ -108.614919718807769, 29.913499085552139 ], [ -108.602163911321469, 29.907213678904526 ], [ -108.604475558769778, 29.894747765376408 ], [ -108.590670272169504, 29.900705705545153 ], [ -108.536049526492278, 29.90481970822691 ], [ -108.525069237996547, 29.909911808511353 ], [ -108.519475674482763, 29.915776225846479 ], [ -108.510609500693917, 29.93411558081349 ], [ -108.512585616978612, 29.938864062836934 ], [ -108.526397076749802, 29.951574941961244 ], [ -108.533069404875349, 29.95337057349418 ], [ -108.538104837945696, 29.951865718191957 ], [ -108.538497911789193, 29.956423159491159 ], [ -108.544239490481118, 29.959264807534822 ], [ -108.544984269923532, 29.965891897283385 ], [ -108.550456072357903, 29.971431578367493 ], [ -108.54837570901465, 29.97933298624741 ], [ -108.545560444136555, 29.981229256632773 ], [ -108.546024455552129, 29.9899327580742 ], [ -108.540438752657593, 29.99642019672217 ], [ -108.540245155694919, 30.003679340249739 ], [ -108.53528071740665, 30.009537952724664 ], [ -108.525426396943899, 30.006947001545839 ], [ -108.512308352863514, 29.998376359414927 ], [ -108.495854809911705, 29.979263804864893 ], [ -108.496641071420527, 29.98858651273288 ], [ -108.460650824622434, 29.974023982822054 ], [ -108.423655923401057, 29.975427566928182 ], [ -108.40705423592776, 29.95362000300905 ], [ -108.403846175207761, 29.962970405331887 ], [ -108.397919552648759, 29.968418780505356 ], [ -108.39095072211714, 29.967863209255992 ], [ -108.385933953607292, 29.970814024748162 ], [ -108.38016380544822, 29.965891769257897 ], [ -108.373273971993896, 29.970518740335944 ], [ -108.367276011264678, 29.97140438999967 ], [ -108.330831115730021, 29.967384922563504 ], [ -108.301791222261954, 29.950224952996397 ], [ -108.288527450806981, 29.951793071713954 ], [ -108.281731482461737, 29.963258279884403 ], [ -108.250743789199234, 29.964560710744664 ], [ -108.245417671266992, 29.96833858965822 ], [ -108.231431584067266, 29.963685545570701 ], [ -108.23102100122054, 29.956845091727036 ], [ -108.239162489669752, 29.950763026443159 ], [ -108.241557941781238, 29.940995726399674 ], [ -108.238300545107109, 29.934179086899693 ], [ -108.229644734542731, 29.925747937464955 ], [ -108.21948551609195, 29.922928015402476 ], [ -108.209852812528439, 29.912222037604149 ], [ -108.204662524173372, 29.90251645362552 ], [ -108.203605426640991, 29.89443656216968 ], [ -108.210846002596597, 29.892096769127768 ], [ -108.209783015133524, 29.883602201365719 ], [ -108.198913311730621, 29.874564212463099 ], [ -108.191376462358534, 29.854506708950314 ], [ -108.188950418484367, 29.838348847507746 ], [ -108.183265609064932, 29.838601022796762 ], [ -108.183976738849523, 29.844610009848957 ], [ -108.181154587603103, 29.846291369347394 ], [ -108.174110402618936, 29.839294820748059 ], [ -108.160445461858615, 29.80891230167034 ], [ -108.153039141868874, 29.797976417712508 ], [ -108.125732292121725, 29.786773649751289 ], [ -108.1218672751274, 29.780787275694379 ], [ -108.121453169459244, 29.772908769650606 ], [ -108.016551106648208, 29.768659288671167 ], [ -108.009700110675624, 29.777208345002069 ], [ -107.994668010092283, 29.760503668784697 ], [ -107.98172055189896, 29.731960449691762 ], [ -107.981560449221561, 29.717441420497572 ], [ -107.990801800833481, 29.696847951799537 ], [ -107.969858409199816, 29.68639935683899 ], [ -107.956444955430214, 29.671545837143832 ], [ -107.939622285203967, 29.662104156735118 ], [ -107.923789936323956, 29.656595743213376 ], [ -107.92090776624714, 29.652463579862662 ], [ -107.934452713437466, 29.65051807521742 ], [ -107.936939231230696, 29.64697707870042 ], [ -107.922321737711385, 29.636690096965513 ], [ -107.919097061298785, 29.629863099047849 ], [ -107.923810648031449, 29.628176532293754 ], [ -107.923433006927993, 29.622162971136699 ], [ -107.928768240918274, 29.619642923646207 ], [ -107.91128601575636, 29.606259304669734 ], [ -107.911571671258741, 29.603353514372941 ], [ -107.91782661732303, 29.598339462438155 ], [ -107.925865341377431, 29.582942916271008 ], [ -107.933074795360341, 29.578959967157168 ], [ -107.935853422892592, 29.573342985536463 ], [ -107.944120183263109, 29.550061601174768 ], [ -107.941691075579229, 29.528709599247662 ], [ -107.936975857579938, 29.529774203060732 ], [ -107.918912998373287, 29.519712970321791 ], [ -107.918084330312524, 29.50021802644434 ], [ -107.913000505511789, 29.49589025206533 ], [ -107.896232649688741, 29.488514917720618 ], [ -107.893589621599531, 29.476082526481232 ], [ -107.866008072682419, 29.457144100761674 ], [ -107.874717507976044, 29.446103547393154 ], [ -107.881625417714474, 29.444199892238199 ], [ -107.895366531189765, 29.432923841122278 ], [ -107.924718261743308, 29.38969823913046 ], [ -107.92684142123521, 29.308282286282633 ], [ -107.922850469037897, 29.286522483528067 ], [ -107.915532406947619, 29.277642489067762 ], [ -107.915930449724172, 29.254405969000061 ], [ -107.849627034632633, 29.254751826642995 ], [ -107.82426132129541, 29.229772547233711 ], [ -107.790277190309212, 29.260012658119308 ], [ -107.787339318350092, 29.256051571382255 ], [ -107.801605933855811, 29.246108823163848 ], [ -107.81839880109402, 29.224409998945344 ], [ -107.825364341603859, 29.197345905879345 ], [ -107.833528644118047, 29.180896930163112 ], [ -107.841289144687465, 29.12475417606224 ], [ -107.851083205264757, 29.109445480851328 ], [ -107.866155088080163, 29.115681234891746 ], [ -107.859228195309953, 29.127009071104386 ], [ -107.854455555959944, 29.143351526492427 ], [ -107.938595344676884, 29.146730838343078 ], [ -107.943831139411046, 29.143064743649106 ], [ -107.952664637835483, 29.150404149940215 ], [ -107.966504975646785, 29.156630713528337 ], [ -107.999974231318717, 29.14152485156152 ], [ -107.998068398017878, 29.138494222792151 ], [ -107.987636878907907, 29.135124315696554 ], [ -107.987110793154301, 29.132164153492788 ], [ -107.991316560136525, 29.125540449345852 ], [ -107.990276778241494, 29.121102352852137 ], [ -107.979692009199056, 29.114109543385098 ], [ -107.970332020973984, 29.103482134361627 ], [ -107.935918357938547, 29.093140575904947 ], [ -107.956343846383817, 29.077903860736239 ], [ -107.960259596485969, 29.066342330869631 ], [ -107.95667763059059, 29.056983531819306 ], [ -107.94369275020054, 29.046218628853953 ], [ -107.94994321418686, 29.028956065155025 ], [ -107.941981360105402, 29.019549830414839 ], [ -107.928726345705954, 28.98902005430525 ], [ -107.929630548215343, 28.976330209303629 ], [ -107.935807100903176, 28.965821957890409 ], [ -107.939666819157367, 28.947096578926399 ], [ -107.941662783732994, 28.946339405225828 ], [ -107.941205022679114, 28.951860836834438 ], [ -107.950880498539519, 28.957135969918497 ], [ -107.953297844020369, 28.962222339975845 ], [ -107.96403018036132, 28.958593672191391 ], [ -107.971103555703849, 28.966853225933587 ], [ -107.969619872051766, 28.969088984393071 ], [ -107.97477345567134, 28.971928787211755 ], [ -107.98138870931534, 28.969815064239658 ], [ -107.985358511162602, 28.965581994895761 ], [ -107.999005150657425, 28.966455555404991 ], [ -108.0084771841925, 28.961928190855833 ], [ -108.017479311582406, 28.961110025017611 ], [ -108.039420748762041, 28.951861352245931 ], [ -108.042017790098171, 28.948379935335037 ], [ -108.048873598964178, 28.945519813970616 ], [ -108.068381389814675, 28.944605366991468 ], [ -108.085360088767203, 28.954498592908944 ], [ -108.089235185325094, 28.954133927622486 ], [ -108.093628477138282, 28.928483907910767 ], [ -108.098055804682005, 28.920291057060073 ], [ -108.104885872758842, 28.915040474190889 ], [ -108.110398827512782, 28.902719984286318 ], [ -108.118634927626715, 28.900914343984137 ], [ -108.142400607232247, 28.914689752826707 ], [ -108.166259146848105, 28.911908613449913 ], [ -108.163618345478397, 28.89768867312808 ], [ -108.161342902151915, 28.895157921876503 ], [ -108.153962602472987, 28.894816972863467 ], [ -108.154400239565959, 28.88838994176044 ], [ -108.150732567190488, 28.884060702675875 ], [ -108.151813774584099, 28.879521451196737 ], [ -108.159381143453999, 28.873520306147629 ], [ -108.158607901961034, 28.871139737827683 ], [ -108.149267811361042, 28.861841604202176 ], [ -108.143805129540368, 28.852670769622655 ], [ -108.157438237321742, 28.8536939483085 ], [ -108.176074025243139, 28.842398122296956 ], [ -108.192325722092747, 28.842980714712272 ], [ -108.205199825074644, 28.830914179209358 ], [ -108.227402164141225, 28.840928308689154 ], [ -108.237619995805446, 28.848885814380782 ], [ -108.241708786229196, 28.857631369055714 ], [ -108.246030283181739, 28.860046357903261 ], [ -108.267581536306793, 28.85865944906454 ], [ -108.278333054731604, 28.846085686018231 ], [ -108.286905218129249, 28.847833380447003 ], [ -108.296897448010668, 28.8458985086551 ], [ -108.301549783979823, 28.85170967986976 ], [ -108.306219981312026, 28.852898223018933 ], [ -108.312906168789908, 28.849093128059856 ], [ -108.311300733859767, 28.844832991548369 ], [ -108.320142575387933, 28.8420313379997 ], [ -108.323675254831414, 28.832218049008734 ], [ -108.336556278702844, 28.830536933794058 ], [ -108.347545151737464, 28.817871566650133 ], [ -108.361670032079076, 28.821105019203166 ], [ -108.377889153516577, 28.812286421837669 ], [ -108.377165094354424, 28.80824942298376 ], [ -108.370650413335426, 28.803296133722906 ], [ -108.353626526026147, 28.772968141420179 ], [ -108.34849347199642, 28.767980904659584 ], [ -108.347029488115069, 28.743202827290901 ], [ -108.342515074953567, 28.737795224803751 ], [ -108.347059281726715, 28.723254686301907 ], [ -108.360579503159244, 28.727962841256115 ], [ -108.36146399308447, 28.72299562902548 ], [ -108.377883911201849, 28.723173625202261 ], [ -108.406747380366411, 28.730105855196729 ], [ -108.421029926029405, 28.72481611111337 ], [ -108.451127225932566, 28.720681657422887 ], [ -108.462989844505643, 28.735289632326136 ], [ -108.467734967957199, 28.734606068260309 ], [ -108.47376779184242, 28.729210006758851 ], [ -108.47757772835881, 28.721170644405266 ], [ -108.486308945118111, 28.719577836648554 ], [ -108.492328025038034, 28.724780996955179 ], [ -108.499732567145315, 28.725246995550556 ], [ -108.508477925065222, 28.735224857007793 ], [ -108.512259878628072, 28.735071995291563 ], [ -108.518441751701332, 28.731756502121303 ], [ -108.52782987613017, 28.731360848153589 ], [ -108.529892959093161, 28.728714933750016 ], [ -108.530430288130361, 28.715323568014949 ], [ -108.525374949435857, 28.703692981380936 ], [ -108.531094919207959, 28.702010099332036 ], [ -108.533857157733507, 28.697319773067758 ], [ -108.540633740858937, 28.697799284485988 ], [ -108.54457160284872, 28.695025275493666 ], [ -108.545799964090762, 28.689156925645168 ], [ -108.543577096038632, 28.685482911287362 ], [ -108.554899336551429, 28.682523863226724 ], [ -108.55804606382415, 28.696100306207796 ], [ -108.566602792048741, 28.703895677025418 ], [ -108.611264227287336, 28.702822351151319 ], [ -108.614790151030078, 28.708384902943664 ], [ -108.617220149873461, 28.723497316125467 ], [ -108.623263557643327, 28.73007032524329 ], [ -108.652817956373923, 28.740957625525319 ], [ -108.673803515254804, 28.739995789724457 ], [ -108.682552820599653, 28.747551974532499 ], [ -108.685420327189988, 28.756507117087409 ], [ -108.68954558108824, 28.760325989460476 ], [ -108.691160195925789, 28.771268034435803 ], [ -108.696910819065437, 28.777409791092943 ], [ -108.706024409699054, 28.800960160990748 ], [ -108.712151248645881, 28.809008075296546 ], [ -108.720039176699572, 28.808853542647885 ], [ -108.724284346831624, 28.822865389429985 ], [ -108.72077476941827, 28.826755688058281 ], [ -108.705246150410218, 28.827561850889456 ], [ -108.7021100966886, 28.832695297691409 ], [ -108.695972521803228, 28.833845956205298 ], [ -108.69846390748458, 28.845866661965648 ], [ -108.693333807970461, 28.841549045303179 ], [ -108.69057637330971, 28.843367810083365 ], [ -108.696952299865984, 28.853571574942187 ], [ -108.70321063576533, 28.857725084817407 ], [ -108.700824797412594, 28.863108205978399 ], [ -108.695309832476298, 28.865917181945537 ], [ -108.696808071557939, 28.870311900348437 ], [ -108.705080193490815, 28.866595516973785 ], [ -108.707960066514133, 28.867925895672716 ], [ -108.707454418993507, 28.87231747281751 ], [ -108.70193593278465, 28.87802728765562 ], [ -108.709439907086818, 28.890801457660931 ], [ -108.706551656788662, 28.89676398766311 ], [ -108.70854632058365, 28.906546186094211 ], [ -108.704775881572388, 28.916485225717754 ], [ -108.705646337683092, 28.922784989441833 ], [ -108.707775143529034, 28.924611516126159 ], [ -108.708911112997342, 28.917154615181168 ], [ -108.714050742112022, 28.916167901698337 ], [ -108.722685704384816, 28.930103430568117 ], [ -108.716290702548989, 28.932331692891687 ], [ -108.712015219354242, 28.945336466070518 ], [ -108.703364586950684, 28.945654499575966 ], [ -108.706621368546351, 28.957160920406125 ], [ -108.695834627265626, 28.956870267001772 ], [ -108.687775334842158, 28.963092311902951 ], [ -108.685945953324293, 28.966038730830775 ], [ -108.690883390595957, 28.974582969599847 ], [ -108.686874412025773, 28.974256848546641 ], [ -108.683800202539103, 28.976764947878323 ], [ -108.685487510209796, 28.984749297809099 ], [ -108.680038889982683, 28.986797077890547 ], [ -108.683792837330373, 28.992419542431129 ], [ -108.675620770073579, 28.997975880815591 ], [ -108.680196378915014, 29.005933654369809 ], [ -108.687931216417269, 29.007988871772461 ], [ -108.692186336826921, 29.013703674466118 ], [ -108.69767680150872, 29.015135094132525 ], [ -108.700345595216362, 29.024132189135276 ], [ -108.696806499463676, 29.030193214013316 ], [ -108.702540902355821, 29.03196049728135 ], [ -108.714556548832931, 29.044036297532593 ], [ -108.714623791575988, 29.046439646218957 ], [ -108.705865345948894, 29.050164192977888 ], [ -108.709218422772381, 29.062073338159298 ], [ -108.702439448504052, 29.066995284976521 ], [ -108.697419948226269, 29.082138830176671 ], [ -108.689792365812792, 29.085718386006924 ], [ -108.684566383675673, 29.093816912661339 ], [ -108.678891267706888, 29.094617583423993 ], [ -108.68496539432212, 29.125241674431397 ], [ -108.689802443382618, 29.132859380614285 ], [ -108.700318785152376, 29.142279074124776 ], [ -108.70882271363439, 29.162087524572268 ], [ -108.712389861506793, 29.186512844569606 ], [ -108.707966651885769, 29.202735481002872 ], [ -108.707254527907196, 29.21580583769741 ], [ -108.715234876774829, 29.241009836770459 ], [ -108.715443988201386, 29.252825562171463 ], [ -108.708222386472443, 29.270739039567175 ], [ -108.699119737255955, 29.277155176179754 ], [ -108.701203177771959, 29.282429878556748 ], [ -108.687188035127164, 29.289430749472789 ], [ -108.682617094773363, 29.297568449591363 ], [ -108.675666072792836, 29.295365698221612 ], [ -108.673856741321842, 29.299740094130456 ], [ -108.670733071507925, 29.300811693986539 ], [ -108.601189169268892, 29.313803398282875 ], [ -108.6073555578119, 29.344218097782218 ], [ -108.594665207374021, 29.375041507277665 ], [ -108.596427766444407, 29.386427031500784 ], [ -108.590650051487259, 29.398307552415851 ], [ -108.596034351125695, 29.403107456607234 ], [ -108.593692803886952, 29.414618367884142 ], [ -108.615464706832782, 29.444653731714094 ], [ -108.564904230023515, 29.445171648096796 ], [ -108.557070809863731, 29.454443867953021 ], [ -108.544834183449524, 29.456381476536212 ], [ -108.538384301749176, 29.469087383064238 ], [ -108.529771089985118, 29.478747279750532 ], [ -108.492363434218632, 29.479480377945144 ], [ -108.49563614804066, 29.486449727476359 ], [ -108.493150914385325, 29.498036615670649 ], [ -108.503898215550905, 29.511527818399539 ], [ -108.505711601619993, 29.52018853881237 ], [ -108.519099102248717, 29.53111389657904 ], [ -108.540616659501083, 29.541711644235768 ], [ -108.541305395391262, 29.543553107461317 ], [ -108.536315350353334, 29.54794820268398 ], [ -108.535241621781054, 29.555939645987308 ], [ -108.539400648508348, 29.569553989434844 ], [ -108.54907942724877, 29.568359817503993 ], [ -108.55368854078587, 29.580338086819975 ], [ -108.553452316051434, 29.58510967459581 ], [ -108.543622046899415, 29.600556562561774 ], [ -108.540637692789446, 29.610747978264264 ], [ -108.545573783310516, 29.623345059833618 ], [ -108.542127050639735, 29.624625161129604 ], [ -108.541013034135986, 29.633552971586674 ], [ -108.544490879242858, 29.634138728172147 ], [ -108.545446909652995, 29.653827217531227 ], [ -108.539819410557811, 29.656788977071479 ], [ -108.537104550920091, 29.664281991856065 ], [ -108.545625340951801, 29.66460765772101 ], [ -108.546732837795304, 29.674341574030091 ], [ -108.541402550533334, 29.678893700133383 ], [ -108.542399097859558, 29.713182990689322 ], [ -108.547922094415625, 29.714843727063929 ], [ -108.557676486440769, 29.728465656611458 ], [ -108.556096495300636, 29.733132251869868 ], [ -108.558945714922942, 29.744719866890595 ], [ -108.554195321907159, 29.76219386459827 ], [ -108.555598404615267, 29.765298338627069 ], [ -108.55989411166783, 29.765927837333578 ], [ -108.55664408479619, 29.771039037957305 ], [ -108.557246923034683, 29.775111429399256 ], [ -108.565566872726478, 29.780084599763221 ], [ -108.563619155552956, 29.787635373351304 ], [ -108.559534934097897, 29.79131441105061 ], [ -108.561976802960075, 29.793871903354624 ], [ -108.568106058733207, 29.79315154108069 ], [ -108.565737686577449, 29.798455653386863 ], [ -108.575418959909442, 29.807689525399155 ], [ -108.571083189414082, 29.821040378035224 ], [ -108.577615857606133, 29.842586058560975 ], [ -108.58024768632815, 29.843577261157684 ], [ -108.588290172795524, 29.839523149788327 ], [ -108.594304843222019, 29.845085497891656 ], [ -108.600885591910441, 29.842640254500672 ], [ -108.60355489961114, 29.84594855709004 ], [ -108.613521207266416, 29.841455485285213 ], [ -108.620611864060336, 29.842251275758166 ], [ -108.621381483496066, 29.85195409793532 ], [ -108.625947697244399, 29.855568051797661 ], [ -108.626597734815746, 29.861792568863642 ], [ -108.620510095774065, 29.871203378647749 ], [ -108.626173377999777, 29.872782610249427 ], [ -108.64413200789366, 29.889032199948737 ], [ -108.638181726302463, 29.8919631403033 ], [ -108.627886759579923, 29.913768063760642 ] ] ] } },
{ "type": "Feature", "properties": { "cve_edo": "08", "cve_mpo_ine": "041", "cve_edo_mpo_ine": "08041", "nom_mpo": "MAGUARICHI", "nom_edo": "Chihuahua", "alianza_ganadora": "Va por México", "margen_pp": 28.401727861771057, "por_participacion": 74.437299035369776 }, "geometry": { "type": "Polygon", "coordinates": [ [ [ -107.942842470965616, 28.058483200266753 ], [ -107.946237935604444, 28.054883484602183 ], [ -107.950335296536949, 28.054997460300349 ], [ -107.949557772054533, 28.047080310273667 ], [ -107.912837873205177, 28.022811136270469 ], [ -107.906157165264602, 28.020779742860377 ], [ -107.902744444484313, 28.015477942178656 ], [ -107.901723384545377, 28.017777221492526 ], [ -107.893092813736075, 28.012762557897197 ], [ -107.884637677631019, 28.013764839550298 ], [ -107.88105582659648, 28.002115210970757 ], [ -107.86937356308232, 27.991833390403244 ], [ -107.863383924440114, 27.979933451386501 ], [ -107.851574244848791, 27.97026961708325 ], [ -107.851188045301257, 27.965421206315078 ], [ -107.858743691223182, 27.962686424941907 ], [ -107.859463275908297, 27.954546942121258 ], [ -107.853985063044291, 27.946754578975515 ], [ -107.84082103693774, 27.938737356829922 ], [ -107.835565386129502, 27.92091543713115 ], [ -107.836897402635984, 27.909486341713141 ], [ -107.831416024000873, 27.89898025289429 ], [ -107.835603908227043, 27.889598221475143 ], [ -107.825029164084611, 27.873434068796371 ], [ -107.827859945223139, 27.86627523884178 ], [ -107.835553657777623, 27.871021749487568 ], [ -107.840386712578677, 27.871501540588504 ], [ -107.844830299756921, 27.865570891270302 ], [ -107.840839722762439, 27.855964990606413 ], [ -107.852838956315694, 27.85017731439488 ], [ -107.853201916297436, 27.847134993509815 ], [ -107.859384979481717, 27.843664882753668 ], [ -107.862094257812899, 27.838314212236604 ], [ -107.861159065374508, 27.814726530383858 ], [ -107.858036069661907, 27.805118521584387 ], [ -107.849488846966835, 27.803663262829101 ], [ -107.860610950150047, 27.796316035119819 ], [ -107.858360581477072, 27.788595988020315 ], [ -107.860878899179767, 27.781766399221858 ], [ -107.846558292108512, 27.77325830314814 ], [ -107.833521386624327, 27.757758239058074 ], [ -107.834873400305597, 27.754137886805623 ], [ -107.847226468525093, 27.745720120225467 ], [ -107.852054156376354, 27.746282115976165 ], [ -107.852255616782401, 27.729430973366263 ], [ -107.861052721577067, 27.733844889595126 ], [ -107.86611493808438, 27.730049304203252 ], [ -107.861870826790792, 27.716745464814647 ], [ -107.866029339356075, 27.699883091303438 ], [ -107.870458775268119, 27.691650604686934 ], [ -107.877635524254345, 27.692698250153338 ], [ -107.880211112446617, 27.685292927588932 ], [ -107.892795613680022, 27.675309414749481 ], [ -107.888253010746993, 27.64499253360858 ], [ -107.89304157643241, 27.634045986846079 ], [ -107.891050434859721, 27.6296133392397 ], [ -107.892769152258339, 27.625662729781904 ], [ -107.882346778065525, 27.612131074221967 ], [ -107.879715068778381, 27.599480276662565 ], [ -107.880059264983529, 27.590190918246755 ], [ -107.884500589156104, 27.5877120786005 ], [ -107.890679564936633, 27.587940485444388 ], [ -107.903435946176145, 27.597436877839705 ], [ -107.910703887064159, 27.590098955167502 ], [ -107.924059871771703, 27.593426769946923 ], [ -107.934851123501161, 27.605556542087704 ], [ -107.945872573775731, 27.612095303783477 ], [ -107.949742447733485, 27.62309613937575 ], [ -107.95382764147169, 27.624890383044931 ], [ -107.957035660234936, 27.623317616486002 ], [ -107.961618641579577, 27.626014016324035 ], [ -107.971172593181251, 27.635843313057958 ], [ -107.97645911440901, 27.660892853863544 ], [ -107.986845408173636, 27.661019098792007 ], [ -107.998888325664524, 27.673466865728166 ], [ -108.012854726191136, 27.671933601111718 ], [ -108.020165512440627, 27.675603376477394 ], [ -108.021268325796029, 27.673215516876731 ], [ -108.03093839418915, 27.679094402313222 ], [ -108.038304990686314, 27.69525550016602 ], [ -108.007490128518199, 27.723969654359685 ], [ -108.008759348126631, 27.728249461397823 ], [ -108.012986246661384, 27.733164199895132 ], [ -108.026996482299324, 27.740094178653184 ], [ -108.038056019950858, 27.7508976547063 ], [ -108.049140990876595, 27.766795535893827 ], [ -108.062151823520068, 27.770356026101812 ], [ -108.075581356281603, 27.783611210007304 ], [ -108.075974869756678, 27.788211823821154 ], [ -108.070572830248906, 27.797440465534191 ], [ -108.075501505057346, 27.818293585314173 ], [ -108.082478006675686, 27.827056008757189 ], [ -108.091300291118898, 27.833261836660498 ], [ -108.095322043235072, 27.844995558961884 ], [ -108.094872866556514, 27.854119980501064 ], [ -108.108806026352681, 27.866053451639051 ], [ -108.114422912567093, 27.874244935423114 ], [ -108.115002539897063, 27.890185435021213 ], [ -108.118494082218774, 27.894442079281216 ], [ -108.118740325798342, 27.917369493048014 ], [ -108.110742987856952, 27.928255976505906 ], [ -108.098023621622986, 27.937109858769936 ], [ -108.096454840363236, 27.945335464000348 ], [ -108.088670226801113, 27.950138434578388 ], [ -108.075300074923746, 27.969793038197778 ], [ -108.077210852950373, 27.988758223862163 ], [ -108.084716951238121, 27.994989173591346 ], [ -108.084142513682565, 28.002483677666316 ], [ -108.074311935813853, 28.004806534719659 ], [ -108.061353346061424, 28.021115322981494 ], [ -108.0487336451218, 28.02860856315819 ], [ -108.04307940076238, 28.03483147717419 ], [ -108.027615191660374, 28.040984551803557 ], [ -108.018601476378805, 28.036305321899462 ], [ -108.007938823657611, 28.034827197601185 ], [ -107.988171555764964, 28.047949077933477 ], [ -107.971557640047664, 28.045517428923862 ], [ -107.960315207105253, 28.040405325921398 ], [ -107.951805551231317, 28.056739321884539 ], [ -107.942842470965616, 28.058483200266753 ] ] ] } },
{ "type": "Feature", "properties": { "cve_edo": "08", "cve_mpo_ine": "042", "cve_edo_mpo_ine": "08042", "nom_mpo": "MANUEL BENAVIDES", "nom_edo": "Chihuahua", "alianza_ganadora": "Juntos Haremos Historia", "margen_pp": 9.6330275229357802, "por_participacion": 71.508903467666357 }, "geometry": { "type": "Polygon", "coordinates": [ [ [ -104.28379415140256, 29.332193093671382 ], [ -104.264619759972632, 29.310258389364609 ], [ -104.254799490301579, 29.304052028022131 ], [ -104.225386834912186, 29.299590084630456 ], [ -104.218090016924691, 29.296030542087149 ], [ -104.221845407535369, 29.291309358299984 ], [ -104.22220401731856, 29.284932517443718 ], [ -104.212859250563938, 29.267211728915637 ], [ -104.207329050888362, 29.265721744021846 ], [ -104.201538556385614, 29.260753313332891 ], [ -104.197390955377386, 29.25951127814821 ], [ -104.190615556003365, 29.26191295022608 ], [ -104.183188388587453, 29.2548733264349 ], [ -104.177916321777644, 29.255783793031053 ], [ -104.175010217879006, 29.248412907979635 ], [ -104.16682901621752, 29.240212890677238 ], [ -104.158410151952751, 29.23739529019608 ], [ -104.149998957593112, 29.237889755996296 ], [ -104.129553979841873, 29.248399068082264 ], [ -104.103045483401303, 29.240516554241665 ], [ -104.082452758558929, 29.239755826381646 ], [ -104.065368167267152, 29.233198395037132 ], [ -104.055061876303242, 29.224161559641381 ], [ -104.025047836218917, 29.213030473561634 ], [ -104.012486603191675, 29.202414181520503 ], [ -103.969053489644622, 29.185952146472033 ], [ -103.959261882450051, 29.17541840036392 ], [ -103.956501738201325, 29.176407335891206 ], [ -103.957381705530537, 29.181543218215754 ], [ -103.953367231829546, 29.185014241678896 ], [ -103.932913120910882, 29.186963785687517 ], [ -103.92287420359078, 29.17932538386783 ], [ -103.916349408875021, 29.178152789057016 ], [ -103.909574312149942, 29.173584097618548 ], [ -103.887991151916069, 29.179664969688236 ], [ -103.866900628630688, 29.197916570464173 ], [ -103.851963407002899, 29.201854347684687 ], [ -103.832115609134377, 29.221925088484099 ], [ -103.820676235344294, 29.237875869512909 ], [ -103.820919919593848, 29.245080890925699 ], [ -103.815768760896759, 29.248213177676206 ], [ -103.814758413962082, 29.253592862935818 ], [ -103.818017750892722, 29.258653355963904 ], [ -103.815993508717668, 29.272559427767014 ], [ -103.810843155618173, 29.27362127688237 ], [ -103.806072908775263, 29.271785752650608 ], [ -103.801565272597443, 29.260759160102385 ], [ -103.79855316733871, 29.259425371669636 ], [ -103.788876001178366, 29.265441398957215 ], [ -103.782094399894518, 29.265669119864018 ], [ -103.774212273337994, 29.24593646430527 ], [ -103.778623605384709, 29.234191516617646 ], [ -103.7757536205132, 29.222258282030261 ], [ -103.772238163196548, 29.222744133754411 ], [ -103.76456534338503, 29.232739526282902 ], [ -103.759416007118148, 29.234130670339958 ], [ -103.754778785623714, 29.229478359485562 ], [ -103.755548046020778, 29.219792411781924 ], [ -103.741865019339073, 29.220409495712904 ], [ -103.741131494377996, 29.209476475185721 ], [ -103.738255186816218, 29.203753052780524 ], [ -103.724975716051702, 29.191534741444624 ], [ -103.718597306381355, 29.180830246070467 ], [ -103.713068688319751, 29.184619731271088 ], [ -103.704912506842618, 29.184673146149944 ], [ -103.69802657736075, 29.177692186542256 ], [ -103.688741763341028, 29.177740468598092 ], [ -103.678086718862986, 29.173642548420005 ], [ -103.657896560803593, 29.170003014498487 ], [ -103.647895043514652, 29.156879516312824 ], [ -103.641111273875637, 29.160495301111773 ], [ -103.631707393616324, 29.158883073666107 ], [ -103.628058169260441, 29.162842446850817 ], [ -103.612120194012931, 29.164844645268911 ], [ -103.590964340893336, 29.150840390864065 ], [ -103.579678364767219, 29.149961357911341 ], [ -103.570255890638634, 29.154389479346523 ], [ -103.560092838586016, 29.155170061041012 ], [ -103.55217795364419, 29.158610315927906 ], [ -103.548181715469582, 29.153705798886762 ], [ -103.549471749069284, 29.143858353631817 ], [ -103.539557722308061, 29.145383825945522 ], [ -103.522785655953427, 29.136441371763013 ], [ -103.523473534743189, 29.120712190811098 ], [ -103.500663329727118, 29.117947175240445 ], [ -103.498665976496696, 29.115784022943298 ], [ -103.504087965497334, 29.108276797161469 ], [ -103.502088361027148, 29.106693305404821 ], [ -103.49518568702689, 29.108396600054906 ], [ -103.48383662006529, 29.094178119810405 ], [ -103.470337496851158, 29.085081000642528 ], [ -103.468341763801661, 29.082834632555116 ], [ -103.472024469081418, 29.071841627921614 ], [ -103.470665289384939, 29.067363024874194 ], [ -103.464281095784742, 29.065672677178078 ], [ -103.45999291250213, 29.071776840724635 ], [ -103.449212814048039, 29.072131885874033 ], [ -103.447499090975029, 29.063179817060291 ], [ -103.431251698533174, 29.053815358230839 ], [ -103.427522073267781, 29.047584152206884 ], [ -103.431299349166707, 29.043713807943881 ], [ -103.429676024354606, 29.042545425621064 ], [ -103.419648737856477, 29.043316447757274 ], [ -103.414038085013516, 29.037653731424768 ], [ -103.405386886869366, 29.038928429042421 ], [ -103.39928653906918, 29.031192243928391 ], [ -103.391251167734978, 29.034622480604504 ], [ -103.387384920291836, 29.031204663156444 ], [ -103.386552653661951, 29.022505609892448 ], [ -103.383536891323359, 29.024309216346911 ], [ -103.361272006398863, 29.01812970894737 ], [ -103.351063987397382, 29.029410154730147 ], [ -103.349368976819093, 29.041488355843441 ], [ -103.344829291494094, 29.046759102925588 ], [ -103.328947972406326, 29.041276485112082 ], [ -103.327335838247947, 29.038368193656058 ], [ -103.326622985182183, 29.031574092145075 ], [ -103.32889298034786, 29.028939048029681 ], [ -103.340690057892445, 29.025122364260351 ], [ -103.333974769056312, 29.01638591343556 ], [ -103.324455442350128, 29.016325119435368 ], [ -103.313640142677855, 29.023707139064051 ], [ -103.306248214319737, 29.023907248890922 ], [ -103.306787382610182, 29.017452479081555 ], [ -103.316111530986035, 29.007991362740146 ], [ -103.309379009065751, 29.002731219912206 ], [ -103.301819436492408, 29.005678979878745 ], [ -103.481729998628879, 28.727425030071835 ], [ -103.470870592835041, 28.725381176405584 ], [ -103.470654966507453, 28.717182190415912 ], [ -103.467177847073259, 28.712361138529193 ], [ -103.479897791932672, 28.686591696360363 ], [ -103.475460008218121, 28.672574288252644 ], [ -103.470349716912665, 28.67047748051856 ], [ -103.465765387754246, 28.662089911429725 ], [ -103.468476156084662, 28.640657032857554 ], [ -103.471620362253361, 28.634876918397786 ], [ -103.480251382429941, 28.630118739641119 ], [ -103.483172204789497, 28.617546903498564 ], [ -103.488200954736101, 28.608132396799952 ], [ -103.502965775402501, 28.597358609695785 ], [ -103.514695695114241, 28.596836683606433 ], [ -103.529202991660597, 28.587135152820686 ], [ -103.57324000848277, 28.587669255198126 ], [ -103.586672750343197, 28.571639269878037 ], [ -103.607615238978894, 28.568713097319467 ], [ -103.616492962404791, 28.571833046877781 ], [ -103.619915729078841, 28.580411038745069 ], [ -103.63140354705034, 28.581708998182062 ], [ -103.636801503202179, 28.586733190988216 ], [ -103.64213925120778, 28.582429763959976 ], [ -103.64639470381357, 28.584401830889224 ], [ -103.658011397338129, 28.604930274105435 ], [ -103.655599539933291, 28.617647475355554 ], [ -103.682005802256498, 28.591337621018702 ], [ -103.719324968970312, 28.609403464614775 ], [ -103.729608411276232, 28.633066593822623 ], [ -103.774837011806525, 28.653655025642895 ], [ -103.770397734592493, 28.660932686850956 ], [ -103.771698699831376, 28.667697624125786 ], [ -103.769663275912819, 28.679095273756964 ], [ -103.773094777136492, 28.686761776344913 ], [ -103.781153798710108, 28.695074353749934 ], [ -103.794383891165552, 28.693629511089529 ], [ -103.820671525535616, 28.700312077591523 ], [ -103.852160944192761, 28.70119253178877 ], [ -103.878293842314179, 28.718100757707028 ], [ -103.878602494924507, 28.710505040726158 ], [ -103.873835155912019, 28.693848121150943 ], [ -103.858143939554665, 28.670297372115229 ], [ -103.861249679542837, 28.653776030795918 ], [ -103.872944270888127, 28.663143003047267 ], [ -103.919429027732079, 28.652392833849021 ], [ -103.929166638237305, 28.652104660130757 ], [ -103.955490966667696, 28.675931652553725 ], [ -103.957817377470803, 28.684176603937797 ], [ -103.963914310902538, 28.681673088275495 ], [ -103.98235087888861, 28.689349786649228 ], [ -104.03235658363478, 28.717509843304352 ], [ -104.037588460846393, 28.715915381560642 ], [ -104.045265596930932, 28.721242892619593 ], [ -104.051902763739932, 28.722612715573533 ], [ -104.068123735807362, 28.720300319946357 ], [ -104.078193361926949, 28.715376847361821 ], [ -104.085480083068262, 28.719053111059672 ], [ -104.086493832486426, 28.720368567252027 ], [ -104.062495250177648, 28.743692137422194 ], [ -104.06087911061735, 28.756496214127782 ], [ -104.055011949532911, 28.757269229621922 ], [ -104.079015672091757, 28.781085219527984 ], [ -104.083028847463652, 28.782219760959951 ], [ -104.098483384734536, 28.777596536829574 ], [ -104.107113593182447, 28.777879751352312 ], [ -104.109341527495559, 28.775803678927378 ], [ -104.106037133347726, 28.770868559316821 ], [ -104.106731556321961, 28.765746408167665 ], [ -104.102333866386317, 28.763706579340212 ], [ -104.101933808305446, 28.761397245837603 ], [ -104.103772147204211, 28.758002508714249 ], [ -104.114213404333967, 28.752579079195105 ], [ -104.114251802435916, 28.733261114097832 ], [ -104.111806967199968, 28.726835383621086 ], [ -104.117602229164717, 28.719703520335237 ], [ -104.127709846892003, 28.718408508175973 ], [ -104.136759518533253, 28.71191779650438 ], [ -104.143759274480146, 28.712125281471138 ], [ -104.152463459575756, 28.708359803917944 ], [ -104.156041778168259, 28.70437620939105 ], [ -104.162649316150151, 28.703098994172489 ], [ -104.165355583572264, 28.688470537968666 ], [ -104.180878485573643, 28.701999387448204 ], [ -104.179614701746061, 28.668406489368621 ], [ -104.182342262272954, 28.666656287090408 ], [ -104.191684124701553, 28.664452841908442 ], [ -104.198974931659194, 28.657803352872644 ], [ -104.204942050980165, 28.666022035867886 ], [ -104.213455636939685, 28.66772307544732 ], [ -104.214339072224107, 28.686899969005122 ], [ -104.216989121308742, 28.696175346110536 ], [ -104.221371201369124, 28.69965257730091 ], [ -104.214401286818543, 28.7082680899011 ], [ -104.211928681941032, 28.717213489590414 ], [ -104.223830156744953, 28.728225437055219 ], [ -104.224217903419657, 28.732532053362792 ], [ -104.230218525381133, 28.733523812002275 ], [ -104.236604959703641, 28.737993673464455 ], [ -104.23712054364988, 28.743045602234421 ], [ -104.232651695128823, 28.752737578586331 ], [ -104.210779885393336, 28.752247353184252 ], [ -104.236079991538148, 28.77012878385549 ], [ -104.232103767763647, 28.777832761065451 ], [ -104.220885996313143, 28.788851776165085 ], [ -104.19963047095591, 28.787862493794595 ], [ -104.185552315322838, 28.806415489215038 ], [ -104.189942237020702, 28.811550163304801 ], [ -104.194442671108646, 28.811135714883203 ], [ -104.202114534049471, 28.827119148767132 ], [ -104.208259418685202, 28.833081181382454 ], [ -104.200190170258111, 28.855029850152462 ], [ -104.1935778736229, 28.86165612996335 ], [ -104.192215862935143, 28.866956699952365 ], [ -104.183463343251077, 28.868944669609633 ], [ -104.182740359209305, 28.879711215351662 ], [ -104.169268957929646, 28.89693685188421 ], [ -104.168428930782099, 28.911761357669157 ], [ -104.137749375367079, 28.904797470949337 ], [ -104.122238926398055, 28.90909777127921 ], [ -104.108966801444979, 28.906192367278365 ], [ -104.106967072561503, 28.907681957456699 ], [ -104.11612291046481, 28.917790704733978 ], [ -104.114256265325068, 28.923504178585279 ], [ -104.119531740877918, 28.932782441731625 ], [ -104.127853338385009, 28.962020916337938 ], [ -104.127235919319972, 28.966327164364003 ], [ -104.146184913412966, 28.984388357045901 ], [ -104.145950209577506, 28.991593419264877 ], [ -104.160361843895515, 28.994578430696002 ], [ -104.175384487097048, 28.991019342020152 ], [ -104.171806309183268, 29.01329700383782 ], [ -104.181997992009229, 29.030523869753626 ], [ -104.167579325602148, 29.026961358021033 ], [ -104.162819825160312, 29.027788746456874 ], [ -104.156672831729821, 29.024640423020269 ], [ -104.154721148829381, 29.04807722187843 ], [ -104.140585681265193, 29.060495491227897 ], [ -104.138466721886886, 29.066126249386787 ], [ -104.142109593230487, 29.069771483826063 ], [ -104.141739362440745, 29.072504300960318 ], [ -104.137863569394597, 29.077389062328063 ], [ -104.130595628045953, 29.078876806920896 ], [ -104.1251044271024, 29.091462361878698 ], [ -104.138907860646, 29.097099730154525 ], [ -104.142080007689103, 29.114740712978229 ], [ -104.146230620413021, 29.120373610640328 ], [ -104.14599213845834, 29.126087834531816 ], [ -104.150028168082684, 29.136358271308019 ], [ -104.16407632225895, 29.136196109439176 ], [ -104.172367716375604, 29.14149770296936 ], [ -104.194946097052039, 29.141167554229227 ], [ -104.204073440029447, 29.149871057281839 ], [ -104.21504088038526, 29.149778293196423 ], [ -104.220443851008369, 29.152758599098384 ], [ -104.234163501268213, 29.167744695074422 ], [ -104.251001083764436, 29.175357368574314 ], [ -104.254284561150882, 29.181898400983428 ], [ -104.262588410973876, 29.188436781442835 ], [ -104.273442919089845, 29.206650318681561 ], [ -104.283497602551265, 29.210370582803169 ], [ -104.289448518419704, 29.224859357337586 ], [ -104.302698801539933, 29.243482908560033 ], [ -104.304165689315965, 29.266836017846373 ], [ -104.318409661203034, 29.280405400412207 ], [ -104.315021870618835, 29.281402316294624 ], [ -104.307848416200315, 29.277764705624936 ], [ -104.283094311255624, 29.27513343781899 ], [ -104.285639013070096, 29.284489938533643 ], [ -104.284174962456859, 29.296996155363058 ], [ -104.291268883974183, 29.313554377392428 ], [ -104.286269316098924, 29.321176949506246 ], [ -104.287293981519454, 29.326724892638516 ], [ -104.28379415140256, 29.332193093671382 ] ] ] } },
{ "type": "Feature", "properties": { "cve_edo": "08", "cve_mpo_ine": "043", "cve_edo_mpo_ine": "08043", "nom_mpo": "MATACHI", "nom_edo": "Chihuahua", "alianza_ganadora": "Va por México", "margen_pp": 27.312228429546867, "por_participacion": 61.747796090456106 }, "geometry": { "type": "Polygon", "coordinates": [ [ [ -107.726662510269804, 28.982977923930278 ], [ -107.710979320816421, 28.976406304407458 ], [ -107.684415484390541, 28.971052811530637 ], [ -107.670973892625057, 28.96149729110364 ], [ -107.664790600347843, 28.95148539296828 ], [ -107.65739929588608, 28.949881840902954 ], [ -107.647238174003348, 28.919217733176374 ], [ -107.637430367304319, 28.905963179246413 ], [ -107.629054286503631, 28.904051633258604 ], [ -107.624670391160734, 28.905941354427938 ], [ -107.610167597326964, 28.904503686435316 ], [ -107.596576254255154, 28.893568606506253 ], [ -107.587330460460606, 28.891397945448656 ], [ -107.578539701517741, 28.900790832328898 ], [ -107.564445667114981, 28.891337621908772 ], [ -107.563064152443701, 28.882424167448654 ], [ -107.57520519711133, 28.858742084345426 ], [ -107.571640422812294, 28.843700471976096 ], [ -107.573962135196155, 28.839746289157723 ], [ -107.572055451641134, 28.833790317118876 ], [ -107.575860561279683, 28.789146800834157 ], [ -107.589946983237112, 28.780786884205504 ], [ -107.602889015089204, 28.779581842494338 ], [ -107.610952834003527, 28.773817260552416 ], [ -107.624397240630643, 28.771151885942974 ], [ -107.628154108464614, 28.768435142223012 ], [ -107.629763300859935, 28.760834203071706 ], [ -107.637842948836521, 28.746584646666744 ], [ -107.658335887865618, 28.726373658579785 ], [ -107.664742836121704, 28.712766938887661 ], [ -107.668757223964718, 28.708963169017071 ], [ -107.679923544573739, 28.705134345789503 ], [ -107.694695427985167, 28.688756968594305 ], [ -107.712136914506303, 28.684141833045732 ], [ -107.729514729095627, 28.675026199098472 ], [ -107.762638164080869, 28.673873266064138 ], [ -107.771536537012196, 28.678431464777358 ], [ -107.785681414312833, 28.68090643924635 ], [ -107.798404086502345, 28.673086963245169 ], [ -107.818418504741786, 28.671296752173575 ], [ -107.825932982263211, 28.674683182656263 ], [ -107.840763591935271, 28.664462573422817 ], [ -107.860292330872397, 28.655440826887734 ], [ -107.863870157183129, 28.656298305430834 ], [ -107.870645224622137, 28.66092088688718 ], [ -107.876023005202754, 28.661160994048466 ], [ -107.87992235385822, 28.67256951585993 ], [ -107.889068597876417, 28.679079263372039 ], [ -107.885631877692006, 28.691544137468949 ], [ -107.889858974717811, 28.700962321894444 ], [ -107.890177579918387, 28.718888230330464 ], [ -107.879750575037718, 28.736064997502176 ], [ -107.881440237365823, 28.745606174990794 ], [ -107.875934457410978, 28.762036675064046 ], [ -107.859391712870121, 28.790572679554312 ], [ -107.853744567531677, 28.842253799984864 ], [ -107.835586289355817, 28.874835257763742 ], [ -107.829866976559344, 28.87973550612519 ], [ -107.812261198298799, 28.883648735757959 ], [ -107.805546689047588, 28.889625727278869 ], [ -107.798809578466361, 28.892143366130192 ], [ -107.781386098792481, 28.885591361536832 ], [ -107.775144246742556, 28.887363201833505 ], [ -107.78453882865189, 28.910114093932798 ], [ -107.747113277447809, 28.948498967707955 ], [ -107.730033101309132, 28.981391264644401 ], [ -107.726662510269804, 28.982977923930278 ] ] ] } },
{ "type": "Feature", "properties": { "cve_edo": "08", "cve_mpo_ine": "044", "cve_edo_mpo_ine": "08044", "nom_mpo": "MATAMOROS", "nom_edo": "Chihuahua", "alianza_ganadora": "Va por México", "margen_pp": 52.983208288674525, "por_participacion": 69.162342475908076 }, "geometry": { "type": "Polygon", "coordinates": [ [ [ -105.483449267652006, 26.8932464798221 ], [ -105.473578157955217, 26.871734431979529 ], [ -105.452128448407549, 26.878029940505765 ], [ -105.445891421704275, 26.872586803532464 ], [ -105.44368258141759, 26.860049764233249 ], [ -105.42333619199016, 26.866323548248424 ], [ -105.409124860159565, 26.866709838883228 ], [ -105.403794033923177, 26.869935270426698 ], [ -105.391417129953496, 26.870125999018182 ], [ -105.381510437263643, 26.864901788235329 ], [ -105.373814220970871, 26.866259939374288 ], [ -105.361137522064155, 26.863557769756024 ], [ -105.371166249965427, 26.843141692387462 ], [ -105.370245508588923, 26.839847332056912 ], [ -105.367545517289471, 26.83964026606461 ], [ -105.36683920288722, 26.821868460566733 ], [ -105.364527324082644, 26.816279316205957 ], [ -105.36694358862583, 26.808054360306681 ], [ -105.359593377201051, 26.801631792018838 ], [ -105.33661799094763, 26.791556443579687 ], [ -105.329838116068672, 26.776191113363932 ], [ -105.333502149445181, 26.775640082150431 ], [ -105.333452545077691, 26.772994104134838 ], [ -105.34252042678628, 26.767227398352034 ], [ -105.347360121254894, 26.757545653077976 ], [ -105.351267328625141, 26.718551080796974 ], [ -105.346573275031858, 26.694538968438895 ], [ -105.330561925347894, 26.681803199654432 ], [ -105.330198310738481, 26.663553917367263 ], [ -105.333845542461063, 26.659327689634587 ], [ -105.342040129882193, 26.657477918607881 ], [ -105.373443677569824, 26.664284182816548 ], [ -105.382612119860795, 26.661602088372948 ], [ -105.39198559891453, 26.65330289884032 ], [ -105.391319238908764, 26.645625659929049 ], [ -105.395397532948948, 26.633468034285439 ], [ -105.399529456542083, 26.628990230704026 ], [ -105.395556747419135, 26.621327671346965 ], [ -105.400271125687524, 26.612718121738059 ], [ -105.415910598474213, 26.608188081064529 ], [ -105.417474069493778, 26.6042995384752 ], [ -105.423123749236296, 26.60675104867056 ], [ -105.430577922185449, 26.604817029609947 ], [ -105.430052988015092, 26.600029676210116 ], [ -105.433359587787436, 26.600179375570548 ], [ -105.435376589741765, 26.591498702065557 ], [ -105.440355548510027, 26.586107310664186 ], [ -105.44021901118623, 26.584208549162167 ], [ -105.429166814853644, 26.579388064455447 ], [ -105.429874511235781, 26.575751109193998 ], [ -105.427297546106701, 26.574854687557188 ], [ -105.423931431785206, 26.566446794147971 ], [ -105.423630660894318, 26.558767935161615 ], [ -105.426462868135943, 26.56114974432046 ], [ -105.433417829421415, 26.558309484678983 ], [ -105.438438352431561, 26.558698782836775 ], [ -105.441357582662619, 26.556290053253885 ], [ -105.442915201436563, 26.551823159247363 ], [ -105.446936090354569, 26.549491658282033 ], [ -105.44227135659834, 26.547531882997085 ], [ -105.436815752053732, 26.537895416056152 ], [ -105.441873532085268, 26.526970477434151 ], [ -105.448717105815732, 26.528615609697905 ], [ -105.471113270529429, 26.507961956321516 ], [ -105.476918683482651, 26.5178919004839 ], [ -105.512817240852797, 26.537557197858675 ], [ -105.546640234541584, 26.54113839602487 ], [ -105.564077552405649, 26.572275721930854 ], [ -105.588317538252525, 26.568046667512643 ], [ -105.585121266551724, 26.608111525562794 ], [ -105.589721227715458, 26.615441633985828 ], [ -105.589393826572802, 26.619992393865896 ], [ -105.600367589124275, 26.617446364723982 ], [ -105.600356394871383, 26.614800733473587 ], [ -105.642545657712802, 26.618425834721172 ], [ -105.640020034933443, 26.626374965556124 ], [ -105.651961751488926, 26.634260537877989 ], [ -105.728381230465573, 26.656805070800111 ], [ -105.754764647761476, 26.668670818124987 ], [ -105.788147913777337, 26.671301616843735 ], [ -105.786030046495469, 26.679753913216398 ], [ -105.788996904128567, 26.681963020075042 ], [ -105.786381341801146, 26.689757710654433 ], [ -105.776012377970019, 26.695133101194212 ], [ -105.76340368692351, 26.697548158141728 ], [ -105.759620340511347, 26.71122317209112 ], [ -105.75767034129241, 26.724304874886847 ], [ -105.76965507502031, 26.732315286016782 ], [ -105.77752296108271, 26.745402059905235 ], [ -105.725388405900858, 26.747212855111098 ], [ -105.710046812640741, 26.759319742658306 ], [ -105.701611064745819, 26.762607825585782 ], [ -105.679906628142874, 26.777239513692443 ], [ -105.666781452767651, 26.778161255514433 ], [ -105.67226714878926, 26.799706270404528 ], [ -105.677654083943906, 26.807770144394603 ], [ -105.675028129435745, 26.818624365036261 ], [ -105.679304676249657, 26.829096088664226 ], [ -105.66816051796765, 26.832319174532678 ], [ -105.665263276100234, 26.837549983785809 ], [ -105.67579126259831, 26.8467363585732 ], [ -105.685216962704075, 26.850463265161569 ], [ -105.654907011645278, 26.876767503389402 ], [ -105.641401431886678, 26.87529118645346 ], [ -105.635508903715163, 26.879344239577851 ], [ -105.62458171619592, 26.880921603228835 ], [ -105.621634970568962, 26.880262462348426 ], [ -105.611322183431952, 26.868783442125014 ], [ -105.604569896092897, 26.869448001746324 ], [ -105.602113390917395, 26.877463990088131 ], [ -105.59045125606832, 26.870611151496323 ], [ -105.575229428430887, 26.866319846375426 ], [ -105.483449267652006, 26.8932464798221 ] ] ] } },
{ "type": "Feature", "properties": { "cve_edo": "08", "cve_mpo_ine": "045", "cve_edo_mpo_ine": "08045", "nom_mpo": "MEOQUI", "nom_edo": "Chihuahua", "alianza_ganadora": "Va por México", "margen_pp": 36.027895694360218, "por_participacion": 45.403232467854295 }, "geometry": { "type": "Polygon", "coordinates": [ [ [ -105.419591743395259, 28.364860546018356 ], [ -105.410505945172218, 28.357483456947747 ], [ -105.408950330038664, 28.355421744542952 ], [ -105.412067352464675, 28.349806383502724 ], [ -105.409640250524049, 28.346053703286692 ], [ -105.398503800388042, 28.345486468140358 ], [ -105.386554090561006, 28.337821643938252 ], [ -105.38475182994884, 28.330477898180476 ], [ -105.389481225055789, 28.318300845729599 ], [ -105.388724368544047, 28.310658313164492 ], [ -105.40540565572401, 28.310105333966014 ], [ -105.401816109189468, 28.303695089511805 ], [ -105.40537466582002, 28.297626351267823 ], [ -105.403812693242557, 28.284244127556679 ], [ -105.399557231669675, 28.281451851029029 ], [ -105.39974049552923, 28.27020175355285 ], [ -105.407889438459875, 28.270410981745457 ], [ -105.408699355005268, 28.263127927889968 ], [ -105.434266197768608, 28.262542910944635 ], [ -105.434466666924479, 28.253948605785475 ], [ -105.439579833575323, 28.251103537326706 ], [ -105.450435663125532, 28.251576919786295 ], [ -105.449957975630198, 28.243021312084338 ], [ -105.459174236951313, 28.244019518426917 ], [ -105.457980536986724, 28.252860669672561 ], [ -105.470698825152837, 28.262667976643115 ], [ -105.485256754237255, 28.259293300485922 ], [ -105.492423207756815, 28.251035380445611 ], [ -105.510471961187136, 28.253678159516067 ], [ -105.520722148376748, 28.26310694309235 ], [ -105.52612543508711, 28.259151589336806 ], [ -105.561550884910616, 28.295560216609658 ], [ -105.57188334887185, 28.297023444410222 ], [ -105.5821737587478, 28.315033313900248 ], [ -105.590749661243066, 28.324283722539082 ], [ -105.599444419316612, 28.323859359937593 ], [ -105.60826710365258, 28.330581170092138 ], [ -105.619829083101465, 28.349284064825643 ], [ -105.629596795749521, 28.358782314931474 ], [ -105.639285572554073, 28.383515466357199 ], [ -105.644960923928309, 28.388823201847924 ], [ -105.638443757138603, 28.392388972404696 ], [ -105.663765879130267, 28.413899893811728 ], [ -105.649437876960704, 28.414022973634019 ], [ -105.63464485844564, 28.42008686979835 ], [ -105.62828578512827, 28.419732479750465 ], [ -105.622941955564812, 28.42552319374645 ], [ -105.618207598632537, 28.424214774220665 ], [ -105.615648708371992, 28.429444818512376 ], [ -105.612167996225992, 28.430471070277559 ], [ -105.599298778971942, 28.428717175416846 ], [ -105.593565002291186, 28.430876814335164 ], [ -105.590261755674021, 28.428986376355777 ], [ -105.580565368984551, 28.438870486482294 ], [ -105.578581580196968, 28.444197929297534 ], [ -105.571495039154371, 28.446111294852386 ], [ -105.560670949181258, 28.453768227840346 ], [ -105.556445460808362, 28.460255425705093 ], [ -105.548477868224396, 28.463448988178662 ], [ -105.544121642539352, 28.472948685660068 ], [ -105.541196053801158, 28.474439938349981 ], [ -105.535260466576631, 28.472581331296446 ], [ -105.510227880821859, 28.477163421055611 ], [ -105.489262003014545, 28.49277036595775 ], [ -105.46974573417117, 28.466721043276348 ], [ -105.471406715380098, 28.449989345365132 ], [ -105.460261527668948, 28.435126041184493 ], [ -105.454682005606841, 28.421186214149376 ], [ -105.454555854070293, 28.417761446122675 ], [ -105.470584477229153, 28.41406687451299 ], [ -105.472450043402219, 28.410886839156255 ], [ -105.474009470437096, 28.415629958604878 ], [ -105.484408186325595, 28.418502872906146 ], [ -105.484203151268929, 28.394281086033114 ], [ -105.47044744447436, 28.39401262203052 ], [ -105.472374674952889, 28.390461114398406 ], [ -105.464158501486665, 28.389606189186647 ], [ -105.463903856258298, 28.379455488792644 ], [ -105.436581725954312, 28.379565612474575 ], [ -105.430149903563574, 28.364040701544152 ], [ -105.419591743395259, 28.364860546018356 ] ] ] } },
{ "type": "Feature", "properties": { "cve_edo": "08", "cve_mpo_ine": "046", "cve_edo_mpo_ine": "08046", "nom_mpo": "MORELOS", "nom_edo": "Chihuahua", "alianza_ganadora": "Juntos Haremos Historia", "margen_pp": 19.676717438607398, "por_participacion": 57.528612303290416 }, "geometry": { "type": "Polygon", "coordinates": [ [ [ -107.736158744146977, 26.816940905265763 ], [ -107.735680336043316, 26.811820058390431 ], [ -107.741322455808231, 26.807449735625443 ], [ -107.74195700986337, 26.797209953630031 ], [ -107.727787633597273, 26.783070529399698 ], [ -107.712339492830878, 26.79262999761443 ], [ -107.701710246669791, 26.783943264383428 ], [ -107.698305949006652, 26.774853621146001 ], [ -107.675272097337057, 26.782167787701091 ], [ -107.665953463939488, 26.787272640887796 ], [ -107.658704706340572, 26.796014538355234 ], [ -107.635197500239912, 26.795723493848115 ], [ -107.630070288962855, 26.79092325060973 ], [ -107.628255143869012, 26.784229781260191 ], [ -107.629529985473951, 26.768374765652482 ], [ -107.627577543685305, 26.766471276817114 ], [ -107.624877900298941, 26.768530650945554 ], [ -107.616436540109845, 26.76702673125213 ], [ -107.615747096522227, 26.7534801699361 ], [ -107.587631677470668, 26.743507364192148 ], [ -107.580912247804221, 26.751268210321175 ], [ -107.576814414501811, 26.743172566251758 ], [ -107.562161532454368, 26.744425460960702 ], [ -107.558081888330094, 26.737071536805381 ], [ -107.547038314276818, 26.741064077910675 ], [ -107.536794621368955, 26.737037140040588 ], [ -107.533569164948133, 26.72950224793216 ], [ -107.521768254702621, 26.726904496661959 ], [ -107.509631909870961, 26.714574016120942 ], [ -107.499490592686826, 26.709469587944362 ], [ -107.49341878448304, 26.711473220736316 ], [ -107.491820217859086, 26.722311444453116 ], [ -107.486663345538673, 26.71579908910056 ], [ -107.477746478068582, 26.716365933624694 ], [ -107.469844438548648, 26.712953634566368 ], [ -107.468042433630089, 26.714470054864023 ], [ -107.469024762412516, 26.720312324412781 ], [ -107.462825914957421, 26.722151838158844 ], [ -107.456359248813641, 26.728617009589748 ], [ -107.423704447940565, 26.72323048138718 ], [ -107.419765255068199, 26.716282300136136 ], [ -107.410617598230786, 26.711732233944048 ], [ -107.402575556475526, 26.701551274677556 ], [ -107.394690275615858, 26.698794537396203 ], [ -107.393415920868094, 26.696339983860028 ], [ -107.387415371560465, 26.678366476707019 ], [ -107.388962480199979, 26.662922720826227 ], [ -107.381719415601907, 26.656584494662834 ], [ -107.380114173906364, 26.651633646488293 ], [ -107.391073825738971, 26.637500963200864 ], [ -107.390732389710948, 26.632622587117435 ], [ -107.380697769936077, 26.627774011930097 ], [ -107.36785429423189, 26.59918717821969 ], [ -107.358231195139211, 26.587478634298851 ], [ -107.349163305902309, 26.565109855488338 ], [ -107.382359299979711, 26.549840407609 ], [ -107.381167525703702, 26.543717386071627 ], [ -107.388813000529709, 26.535824703012992 ], [ -107.393464000155447, 26.515021314867674 ], [ -107.400214972826689, 26.513322335805917 ], [ -107.413463715034581, 26.534222118078731 ], [ -107.41963425029661, 26.549710806003851 ], [ -107.417267505877561, 26.556723799258602 ], [ -107.420173288144554, 26.563764541111091 ], [ -107.427502289253255, 26.569257844787753 ], [ -107.429916384270243, 26.576709012412753 ], [ -107.435800780967782, 26.577152582503935 ], [ -107.438711230958518, 26.583614271774614 ], [ -107.447624809242726, 26.591511307778767 ], [ -107.449398247050866, 26.604826938317157 ], [ -107.441865278625443, 26.614789670673147 ], [ -107.454367569573037, 26.617001325574037 ], [ -107.475497352813505, 26.610906199990541 ], [ -107.483717333908771, 26.61069771539043 ], [ -107.490498070766321, 26.603374232648441 ], [ -107.480737026137035, 26.592335464271923 ], [ -107.477611715484514, 26.578931278753355 ], [ -107.508602672717771, 26.559655594092334 ], [ -107.517103134552201, 26.55060350814863 ], [ -107.52710682569969, 26.533871640906902 ], [ -107.520377857039321, 26.530865786051201 ], [ -107.516571969613651, 26.532170715884451 ], [ -107.513862226537981, 26.535050912134668 ], [ -107.513957133465269, 26.541249914552509 ], [ -107.508194543726447, 26.541388559410372 ], [ -107.507364054617682, 26.535268755652947 ], [ -107.501362233004031, 26.53416626463045 ], [ -107.500064279769788, 26.523167925780349 ], [ -107.49589637763458, 26.523230866026413 ], [ -107.497383692783927, 26.519684022652466 ], [ -107.510866765259976, 26.519664579691735 ], [ -107.512881716030378, 26.507689976660373 ], [ -107.504314448857599, 26.505087916652585 ], [ -107.503123775759548, 26.497478656675128 ], [ -107.506315258205873, 26.496336573188859 ], [ -107.509777620488563, 26.489492957072525 ], [ -107.517002880540318, 26.490518275165286 ], [ -107.524088569091731, 26.495427010785271 ], [ -107.539563891646822, 26.487314775292202 ], [ -107.53859709985926, 26.48416988312243 ], [ -107.541939593204702, 26.476168058970252 ], [ -107.53618894720033, 26.474324112495232 ], [ -107.534267723821827, 26.465306927561407 ], [ -107.530592779739393, 26.465207651219288 ], [ -107.524377705699408, 26.457741011171379 ], [ -107.518834956176647, 26.437136069390295 ], [ -107.518292576981835, 26.421595640433132 ], [ -107.514159605880138, 26.414799147700666 ], [ -107.514658461512198, 26.412817912642097 ], [ -107.524104901048673, 26.408977375995455 ], [ -107.527955223069526, 26.396763177279404 ], [ -107.554150067128276, 26.369525157537502 ], [ -107.552591845648905, 26.361749392467729 ], [ -107.545657958365396, 26.351800621073814 ], [ -107.538338187142202, 26.346395303646023 ], [ -107.536038072612996, 26.340682050236254 ], [ -107.538753646107523, 26.335404975004341 ], [ -107.546834500761449, 26.334449875470305 ], [ -107.558931019111327, 26.338801587189838 ], [ -107.560310220394086, 26.330956199864925 ], [ -107.565706043812867, 26.328169947296914 ], [ -107.558753742496293, 26.32284987317998 ], [ -107.563948594031217, 26.309566625485804 ], [ -107.562877097509897, 26.302536874324037 ], [ -107.566586624156386, 26.293131439838582 ], [ -107.561850901796277, 26.28484576341798 ], [ -107.569935210908966, 26.282154066207177 ], [ -107.576817426738657, 26.274249977860045 ], [ -107.582691433141207, 26.27344889605736 ], [ -107.591112574153613, 26.277947761051919 ], [ -107.618829217164432, 26.258062590281909 ], [ -107.606908664613215, 26.241649892963721 ], [ -107.607137505857281, 26.229956487819972 ], [ -107.612140834421467, 26.223058639933015 ], [ -107.62286510183398, 26.220749131646048 ], [ -107.646012531912845, 26.210273395848109 ], [ -107.654416111517719, 26.205076538166121 ], [ -107.665487471049985, 26.189242256495408 ], [ -107.673649617932853, 26.187837180301123 ], [ -107.6894795506349, 26.180408870972897 ], [ -107.701526337912895, 26.170013306370905 ], [ -107.711390077644879, 26.174795268682477 ], [ -107.717318220793132, 26.16590997525417 ], [ -107.720247245344069, 26.164817344605108 ], [ -107.729938260501868, 26.167488997831445 ], [ -107.732158826527481, 26.171580629615796 ], [ -107.74701572569262, 26.180359551273682 ], [ -107.753910920141351, 26.187651477958344 ], [ -107.773531452329422, 26.197693756924888 ], [ -107.779954344388841, 26.19915236546105 ], [ -107.782991108290091, 26.195675449822332 ], [ -107.79195510344536, 26.200064730790228 ], [ -107.800443119139047, 26.199038050518773 ], [ -107.805637818185232, 26.211311849635329 ], [ -107.803320897927676, 26.220122844139425 ], [ -107.798090813165018, 26.230580111617932 ], [ -107.784848782730379, 26.245147732469 ], [ -107.775022252713356, 26.246664445597933 ], [ -107.775381243681053, 26.249497892871986 ], [ -107.798522540511058, 26.26572063642044 ], [ -107.83205122630892, 26.26483891904746 ], [ -107.852751307575772, 26.267020841558708 ], [ -107.876720071996345, 26.315830516852646 ], [ -107.885333423486458, 26.319128339748918 ], [ -107.90730174694275, 26.311595692274246 ], [ -107.91093549197879, 26.324770985297558 ], [ -107.922582533341355, 26.332496164144153 ], [ -107.930468445663053, 26.340865555747108 ], [ -107.932405239796907, 26.359192385845354 ], [ -107.938107125707162, 26.374875496075525 ], [ -107.93786252866154, 26.383532634431489 ], [ -107.933975733584361, 26.390171806770368 ], [ -107.935674983415183, 26.393178244130567 ], [ -107.934579759174468, 26.404245124255876 ], [ -107.942958118693397, 26.409202509713392 ], [ -107.944293240883553, 26.415120712175813 ], [ -107.949636783221038, 26.416314866226276 ], [ -107.954737384288649, 26.423168728439368 ], [ -107.954251400981391, 26.430658923096026 ], [ -107.957895286180943, 26.433342240303805 ], [ -107.953886901489113, 26.43648469923269 ], [ -107.955344535920105, 26.449646332593908 ], [ -107.953765260646492, 26.452218839393037 ], [ -107.955952001818559, 26.453645656583824 ], [ -107.956924100577652, 26.461226743178401 ], [ -107.946596784251057, 26.466916632274962 ], [ -107.939912344950557, 26.485363189441085 ], [ -107.94452992500554, 26.489050943908364 ], [ -107.953158156701988, 26.491094586868805 ], [ -107.952672268598889, 26.499583774874214 ], [ -107.959723160610224, 26.518935013825931 ], [ -107.959237642143975, 26.525509376781713 ], [ -107.962708489104557, 26.527212018335998 ], [ -108.018240580073808, 26.521801937131961 ], [ -108.013557728563896, 26.536987377036105 ], [ -108.013372544186296, 26.580519498771693 ], [ -108.010608725318122, 26.587925606922749 ], [ -108.019890965405168, 26.595233261607071 ], [ -108.032375059635626, 26.601146229192057 ], [ -108.035276760631078, 26.60826493057057 ], [ -108.032416688280577, 26.614041053137505 ], [ -108.036203074750219, 26.617195193610787 ], [ -108.043806613743115, 26.618626434631569 ], [ -108.045615174643814, 26.624005291317296 ], [ -108.050993431566411, 26.627990913028633 ], [ -108.052972155236077, 26.625683125702974 ], [ -108.058620291913044, 26.625701822633904 ], [ -108.068171888139346, 26.630031025515628 ], [ -108.073964467266308, 26.626412723642336 ], [ -108.074277166010177, 26.635836418681997 ], [ -108.081233986210492, 26.643131932558166 ], [ -108.075316127737352, 26.647080803516982 ], [ -108.056373771280164, 26.651979129334766 ], [ -108.043060876177236, 26.679872799015129 ], [ -108.022558969011641, 26.677748710273757 ], [ -108.011976447758187, 26.687439291416414 ], [ -108.005537106646955, 26.705806526730527 ], [ -108.005427824520936, 26.724037029529057 ], [ -108.009086074516546, 26.731213368457606 ], [ -108.003369057430987, 26.740593407135027 ], [ -108.009437820520446, 26.747892626117999 ], [ -108.007602967093533, 26.752435223839566 ], [ -107.994143255563088, 26.752939147703575 ], [ -107.983865447731603, 26.746669356560691 ], [ -107.974439993963301, 26.768968218025105 ], [ -107.966363334835918, 26.766824797416021 ], [ -107.96269165137889, 26.767899652531632 ], [ -107.962323827324298, 26.77037696249182 ], [ -107.953270471922821, 26.761792446441238 ], [ -107.95202977617393, 26.766820656453007 ], [ -107.930144251416024, 26.756677917825758 ], [ -107.905171969656905, 26.767166212737525 ], [ -107.893425122418407, 26.764688023498501 ], [ -107.882776740971394, 26.76567727826577 ], [ -107.8792343939039, 26.758905199961653 ], [ -107.879982879215632, 26.744867196147663 ], [ -107.873261081780868, 26.737268328706516 ], [ -107.877430814653835, 26.728103302723266 ], [ -107.886980430897751, 26.721251527370868 ], [ -107.895066063517007, 26.708783756837132 ], [ -107.903876529194292, 26.704986260534405 ], [ -107.918921648649572, 26.7049867828073 ], [ -107.929443369421193, 26.701022595651999 ], [ -107.929936315944801, 26.695077144640436 ], [ -107.921145949562515, 26.673029931669397 ], [ -107.916256009002026, 26.671213227114492 ], [ -107.90488314111677, 26.671955683555026 ], [ -107.908924459057403, 26.664771881075435 ], [ -107.905515728494308, 26.647595560133965 ], [ -107.895250335534911, 26.643217371007484 ], [ -107.892443126175877, 26.638592442149729 ], [ -107.907862134125708, 26.620593126539138 ], [ -107.901280283561334, 26.601103859393707 ], [ -107.879525195896946, 26.602749857138029 ], [ -107.877675138761688, 26.617365721750055 ], [ -107.880234859368144, 26.623642543383035 ], [ -107.875956955208096, 26.623393406205185 ], [ -107.8703133695319, 26.640733003488542 ], [ -107.858330712596015, 26.642131920829897 ], [ -107.851110340453204, 26.647496178023907 ], [ -107.845735910549607, 26.643859841903701 ], [ -107.842200511381407, 26.636838517113208 ], [ -107.842086971350412, 26.630810048586138 ], [ -107.827675303305398, 26.622377675615763 ], [ -107.825351741915341, 26.623036724454732 ], [ -107.828019049679241, 26.636994875786588 ], [ -107.831923171701717, 26.642200068817008 ], [ -107.809425441321665, 26.643422636638338 ], [ -107.792405206487814, 26.657282084316194 ], [ -107.793589690676058, 26.678094149019671 ], [ -107.797368953521371, 26.684786662088758 ], [ -107.796494123321082, 26.695191360107849 ], [ -107.802568584356919, 26.719145302478225 ], [ -107.800118716944226, 26.720877568674435 ], [ -107.789602497839084, 26.717895680166968 ], [ -107.784945293697959, 26.722268392538059 ], [ -107.781615486804952, 26.736221892922543 ], [ -107.785273045048626, 26.743409969243441 ], [ -107.802988285405632, 26.760188905338257 ], [ -107.807012527041863, 26.769028139048299 ], [ -107.808712289920066, 26.777535244960841 ], [ -107.806004796450452, 26.78645209253645 ], [ -107.809789750896371, 26.79264836040899 ], [ -107.803159566118737, 26.80445276464425 ], [ -107.805596088208674, 26.811969409358767 ], [ -107.80130802489947, 26.813535356534977 ], [ -107.795679668342629, 26.811136228218533 ], [ -107.790884623122238, 26.812276840431807 ], [ -107.79103378895627, 26.807168600186529 ], [ -107.785411583655687, 26.8016308939842 ], [ -107.773646719659112, 26.80756629434401 ], [ -107.7614048472322, 26.806480709589842 ], [ -107.736158744146977, 26.816940905265763 ] ] ] } },
{ "type": "Feature", "properties": { "cve_edo": "08", "cve_mpo_ine": "047", "cve_edo_mpo_ine": "08047", "nom_mpo": "MORIS", "nom_edo": "Chihuahua", "alianza_ganadora": "Va por México", "margen_pp": 57.45393634840871, "por_participacion": 63.578274760383394 }, "geometry": { "type": "Polygon", "coordinates": [ [ [ -108.456870890947698, 28.433669222946072 ], [ -108.44533816705885, 28.432164023058036 ], [ -108.441762693530507, 28.423817362436466 ], [ -108.432004871753747, 28.418132811768491 ], [ -108.426811687217835, 28.409986651475577 ], [ -108.416467450242777, 28.400584918019046 ], [ -108.38198612451302, 28.416405556830849 ], [ -108.389867319340624, 28.406245198482068 ], [ -108.388245561998971, 28.390471478511543 ], [ -108.389926399008957, 28.387593598460214 ], [ -108.396931000004685, 28.382724430027903 ], [ -108.404309640486247, 28.383116713715285 ], [ -108.413369031780306, 28.370170259541894 ], [ -108.406659399916677, 28.366356830026348 ], [ -108.398767676567147, 28.354786680640718 ], [ -108.392938837758294, 28.351194834422799 ], [ -108.381111524687441, 28.352690799157209 ], [ -108.374508944263795, 28.358684862265115 ], [ -108.371393108887645, 28.330942390967962 ], [ -108.364837258287139, 28.322811167681404 ], [ -108.385140198595408, 28.311243334500578 ], [ -108.401175003049019, 28.318992129999572 ], [ -108.41172342093229, 28.309915761100008 ], [ -108.398933947752326, 28.30202237583844 ], [ -108.393575151360224, 28.301332667672842 ], [ -108.389997738453758, 28.296125860818997 ], [ -108.390158098990909, 28.291517140233626 ], [ -108.401767281183453, 28.290350114949153 ], [ -108.410163707958688, 28.285130368472064 ], [ -108.415479769026973, 28.274789207003327 ], [ -108.471073034395545, 28.260855253293922 ], [ -108.474558492765297, 28.261696800821284 ], [ -108.480221198258306, 28.254236433731133 ], [ -108.489117178341189, 28.24786272004237 ], [ -108.489594927855052, 28.232720371508744 ], [ -108.479817237744967, 28.240570943220337 ], [ -108.462838676940436, 28.243937629425734 ], [ -108.453638143816136, 28.240430726453486 ], [ -108.448834022326508, 28.232420203842196 ], [ -108.432434909665986, 28.224838626009994 ], [ -108.43574796033424, 28.215061972291458 ], [ -108.442372305999911, 28.212547255985562 ], [ -108.450468600343598, 28.213250518764337 ], [ -108.456382527734576, 28.205463315109107 ], [ -108.460363373532701, 28.206472738071604 ], [ -108.461057001417061, 28.214049134661742 ], [ -108.469647287503065, 28.215412398611981 ], [ -108.487508834121698, 28.209827566613775 ], [ -108.48788597198606, 28.19130993221038 ], [ -108.491400346420946, 28.187624401717216 ], [ -108.488579544357108, 28.181107194652814 ], [ -108.476453556986982, 28.169108003271965 ], [ -108.457329628570406, 28.160526271460249 ], [ -108.447736488959436, 28.160637846235126 ], [ -108.445948432233649, 28.166636715740061 ], [ -108.432349804931846, 28.152484597639898 ], [ -108.423394868231284, 28.134159557619292 ], [ -108.415318450190412, 28.131643289633487 ], [ -108.414898454152393, 28.121433735213571 ], [ -108.411602704716358, 28.112771300796069 ], [ -108.411275485252162, 28.090626405060217 ], [ -108.420426410801369, 28.082448483808751 ], [ -108.425507187293348, 28.069142973028896 ], [ -108.437461387974139, 28.051925842142278 ], [ -108.453238511711234, 28.049315214190312 ], [ -108.459381198331869, 28.05293288143416 ], [ -108.462110454651153, 28.049599956882052 ], [ -108.468482822425372, 28.049731692465325 ], [ -108.475149366947846, 28.036256346991134 ], [ -108.482894925006391, 28.036380019214675 ], [ -108.484536712692488, 28.039357492297288 ], [ -108.493542705663671, 28.041298668361339 ], [ -108.517955387090439, 28.02996164053955 ], [ -108.521169182217662, 28.024634019154828 ], [ -108.529759213918268, 28.020270671543383 ], [ -108.541638661622969, 28.022523836981012 ], [ -108.544352596348318, 28.017364640061096 ], [ -108.550973575698109, 28.017657125530015 ], [ -108.549187018571146, 28.011860998434454 ], [ -108.567355647144751, 28.00237808666132 ], [ -108.565214598973682, 27.999653622986351 ], [ -108.578874939242667, 27.988703514508213 ], [ -108.583363699093695, 27.987846338573227 ], [ -108.586662871320428, 27.995540419672086 ], [ -108.595107131597516, 27.988934610258859 ], [ -108.603629300875255, 27.993526193104092 ], [ -108.614651207511244, 27.980930567997103 ], [ -108.616837024313327, 27.972372738106568 ], [ -108.623901029104829, 27.965276589939045 ], [ -108.629635225968002, 27.964244070023955 ], [ -108.633589860809607, 27.958826655836791 ], [ -108.654473160090234, 27.964163432649034 ], [ -108.663703967315854, 27.963437917939771 ], [ -108.665189690078464, 27.961851905300342 ], [ -108.661904006548269, 27.956482506713616 ], [ -108.665731884067057, 27.951065179134837 ], [ -108.675257458099097, 27.956392061259077 ], [ -108.690204565981958, 27.952639700851851 ], [ -108.697699228711031, 27.953499965042692 ], [ -108.707811858564767, 27.938333188673873 ], [ -108.716288398463817, 27.937277895164684 ], [ -108.717486755925492, 27.931131569073216 ], [ -108.723689351039638, 27.926691359075065 ], [ -108.72655579082523, 27.910911692547092 ], [ -108.733413046457429, 27.91044772300722 ], [ -108.734719414319756, 27.917654283108639 ], [ -108.743426945512653, 27.914605208407409 ], [ -108.74924504213773, 27.924183893728557 ], [ -108.754471419002471, 27.922569584481707 ], [ -108.758163044940574, 27.916487654269588 ], [ -108.769788660631903, 27.919304108900899 ], [ -108.783125419985382, 27.917959616757546 ], [ -108.785838862420718, 27.914372664802926 ], [ -108.792066987598929, 27.913329973512514 ], [ -108.797120145216411, 27.90632449081702 ], [ -108.802238980932302, 27.906865706515759 ], [ -108.80801448418687, 27.911133818494328 ], [ -108.811332863398562, 27.905551270880078 ], [ -108.808173729525521, 27.900931293629736 ], [ -108.7998066912794, 27.899751766841671 ], [ -108.790512837417225, 27.892358374895405 ], [ -108.791734763609611, 27.889446221571792 ], [ -108.795855857606441, 27.890078284115571 ], [ -108.801306634158507, 27.885889604161001 ], [ -108.804673569797316, 27.885863699069265 ], [ -108.811072928145535, 27.890292848089377 ], [ -108.816033100420881, 27.887102681959718 ], [ -108.818060101783203, 27.890653158266996 ], [ -108.838134296560511, 27.903847543548451 ], [ -108.849324384706875, 27.913544220832719 ], [ -108.854430533212565, 27.92610896045294 ], [ -108.862724064800645, 27.932510309338507 ], [ -108.884526179854873, 27.916324652787811 ], [ -108.889630379861643, 27.915286946145525 ], [ -108.892703752140733, 27.91061709566619 ], [ -108.905424963729331, 27.910510053419621 ], [ -108.913460577047914, 27.915915201086467 ], [ -108.914498334828423, 27.919969908411989 ], [ -108.919383980995278, 27.922084286126747 ], [ -108.927389043015992, 27.936776742873544 ], [ -108.982026520653406, 27.912577117419605 ], [ -108.982941147607249, 27.916549257218001 ], [ -108.979057641304323, 27.926866983505477 ], [ -108.966570787044915, 27.937676380127993 ], [ -108.965629456825255, 27.943157891744512 ], [ -108.96751870264363, 27.944882452587514 ], [ -108.974450132804648, 27.939596000165476 ], [ -108.980065222457966, 27.939711261898914 ], [ -108.982605311119016, 27.944000384094092 ], [ -108.99332193950822, 27.942824947156609 ], [ -108.993063779876906, 27.953773252510185 ], [ -109.000105852621957, 27.958932895916366 ], [ -109.000971514952766, 27.96987079141233 ], [ -108.996398239652407, 27.973976076113566 ], [ -108.994599906722016, 27.980875221724304 ], [ -108.986670619124865, 27.986337778778502 ], [ -108.997736720888341, 27.994114127547387 ], [ -108.997316132086056, 27.998376050800665 ], [ -108.999601261025774, 28.00092881503641 ], [ -109.008032448896344, 28.005886946033893 ], [ -109.009009195827446, 28.009056780611424 ], [ -109.012886529260911, 28.00997776378335 ], [ -109.008546634598559, 28.012671699384047 ], [ -109.011091682469399, 28.017125792424658 ], [ -109.01811364366128, 28.019962394215483 ], [ -109.027959041185611, 28.029737280996439 ], [ -109.029775534891968, 28.03593912717551 ], [ -109.035661692341336, 28.037541621635416 ], [ -109.034089328819917, 28.042117190671156 ], [ -109.036843458469519, 28.042754321162512 ], [ -109.037123575864868, 28.056682183401382 ], [ -109.040708067956373, 28.064525262377082 ], [ -109.045746982209806, 28.068374086585422 ], [ -109.044577425124899, 28.075433459806135 ], [ -109.041235177042353, 28.078118987166473 ], [ -109.049436480046978, 28.096447971344801 ], [ -109.053450648783624, 28.097901611665907 ], [ -109.060553904722852, 28.107285117778719 ], [ -109.068891922575787, 28.126108525173557 ], [ -109.053849115262324, 28.13288918088228 ], [ -109.032420782039537, 28.138817600042877 ], [ -109.051307121168833, 28.151072965848428 ], [ -109.058355119663233, 28.166178062620329 ], [ -109.068989195555247, 28.177681756352019 ], [ -109.057977317051808, 28.187657345106118 ], [ -109.063816465852298, 28.206007417469987 ], [ -109.062842115396307, 28.208255786031643 ], [ -109.054714376276621, 28.208335757565187 ], [ -109.056473952759944, 28.219926880839417 ], [ -109.054034993795057, 28.225340459357842 ], [ -109.060562275394204, 28.227349127133913 ], [ -109.062880913111087, 28.233130380727438 ], [ -109.071970500105863, 28.240253846564954 ], [ -109.063475795395689, 28.241250304149585 ], [ -109.05864096144461, 28.245029348032133 ], [ -109.057494009334292, 28.253995672999352 ], [ -109.052246682496232, 28.254627781442164 ], [ -109.051577178377258, 28.272461530924602 ], [ -109.044518941379195, 28.278915463292098 ], [ -109.037138338295875, 28.279153400361501 ], [ -109.025619381187667, 28.286092675377024 ], [ -109.025891811476811, 28.280589200845437 ], [ -109.021309304958976, 28.273751105785482 ], [ -109.010842302393741, 28.266554452614947 ], [ -108.999164437436079, 28.251573737272963 ], [ -108.995988673050505, 28.258569051612476 ], [ -108.99001711658201, 28.261693280242266 ], [ -108.982989901652999, 28.259851813461776 ], [ -108.981255506096829, 28.261443500572138 ], [ -108.980344080634652, 28.269661281908721 ], [ -108.973782649050605, 28.27619021345166 ], [ -108.962973038595351, 28.271812172741708 ], [ -108.958436505897339, 28.28056077179216 ], [ -108.964888336438435, 28.286969490804093 ], [ -108.964551348216688, 28.290538289347737 ], [ -108.94467063322891, 28.29246151946586 ], [ -108.940874787341897, 28.288598446454589 ], [ -108.939313435915565, 28.294831919776591 ], [ -108.931704793486901, 28.297388223051307 ], [ -108.926044761863764, 28.294785324153292 ], [ -108.920796611958309, 28.295661397042565 ], [ -108.909588094941881, 28.289043622254457 ], [ -108.897063998825047, 28.288324144257292 ], [ -108.891248770549382, 28.270213427766162 ], [ -108.882254903981305, 28.265711269109367 ], [ -108.862800380517541, 28.265273575386665 ], [ -108.859845532837781, 28.262108268085456 ], [ -108.862292293252921, 28.25585998430093 ], [ -108.861244877519368, 28.24974233782541 ], [ -108.849514130692882, 28.250286564313058 ], [ -108.839157144774617, 28.260664692759601 ], [ -108.838720044120961, 28.265694684237427 ], [ -108.832895599730122, 28.272568755510111 ], [ -108.819680331916061, 28.281760978578895 ], [ -108.818598692875625, 28.276877530258751 ], [ -108.811287953403735, 28.271380229750282 ], [ -108.807965544258039, 28.264025877192918 ], [ -108.799037892334084, 28.259453060513085 ], [ -108.792954779853687, 28.264809303487183 ], [ -108.774858907700022, 28.270508455345652 ], [ -108.773999972665109, 28.272422698568864 ], [ -108.78294670712657, 28.279070396565388 ], [ -108.780802448124476, 28.304880315380629 ], [ -108.779981357966975, 28.2971737504731 ], [ -108.769765776069136, 28.28879420435889 ], [ -108.765421937248092, 28.27895845366276 ], [ -108.767215803651382, 28.269572673413478 ], [ -108.752921587378296, 28.266614012584515 ], [ -108.751259796325314, 28.26264567511619 ], [ -108.748524708723295, 28.264739968767866 ], [ -108.747446849692395, 28.270305035765823 ], [ -108.717759683671389, 28.267541761297604 ], [ -108.702042439053187, 28.27396048958822 ], [ -108.701270990518196, 28.286573186109383 ], [ -108.70769119859294, 28.290839216803064 ], [ -108.707394890642291, 28.300296640483133 ], [ -108.717489187445082, 28.309511493559437 ], [ -108.717272590610449, 28.313494220023756 ], [ -108.725910498934539, 28.313263975014674 ], [ -108.72442861165888, 28.315680301335494 ], [ -108.726472563674008, 28.320392550123078 ], [ -108.721113796060877, 28.323418425752152 ], [ -108.708448386154174, 28.321355819227662 ], [ -108.712784016000484, 28.315766838047271 ], [ -108.708510765275022, 28.313890712040326 ], [ -108.697194520580311, 28.323345846897713 ], [ -108.695773692926977, 28.318130877723476 ], [ -108.686180322206226, 28.308827787500874 ], [ -108.686655301351465, 28.305672573169517 ], [ -108.683021707756495, 28.305366875432501 ], [ -108.684601874742498, 28.299549590600932 ], [ -108.68243028881956, 28.294256822232366 ], [ -108.679167272428373, 28.29328479544521 ], [ -108.679861186736503, 28.28622972060052 ], [ -108.683360836059379, 28.285541207919888 ], [ -108.693027203059756, 28.273611075521671 ], [ -108.690745008987591, 28.270060997830036 ], [ -108.673203077352198, 28.267780634810908 ], [ -108.670509322630039, 28.275264538339968 ], [ -108.664658049881112, 28.279286941255375 ], [ -108.656110608267838, 28.290709927471074 ], [ -108.655363970049748, 28.307138079372081 ], [ -108.648630041694076, 28.310668453211548 ], [ -108.636968533052823, 28.324766328460701 ], [ -108.635503657698109, 28.329670112345365 ], [ -108.627628344600538, 28.331631440692021 ], [ -108.619339153358084, 28.328618335825279 ], [ -108.610347558391524, 28.332079216637695 ], [ -108.606019875958694, 28.339573168723511 ], [ -108.606676578042979, 28.343633225530585 ], [ -108.57221853879966, 28.342198364745681 ], [ -108.567185144312006, 28.338995328586634 ], [ -108.565637325910416, 28.332700940436183 ], [ -108.550878681137959, 28.335779652268577 ], [ -108.539435649150107, 28.32929710914263 ], [ -108.532207829879198, 28.334733072619116 ], [ -108.525272195905131, 28.346471330170008 ], [ -108.517894000371598, 28.34842356919788 ], [ -108.515310673608866, 28.355572951666058 ], [ -108.497867436512365, 28.351196421471801 ], [ -108.501666774043429, 28.365279077825974 ], [ -108.494142913838047, 28.364003672264662 ], [ -108.486153527428201, 28.359009346231062 ], [ -108.477914862610064, 28.364237134362231 ], [ -108.4705456018158, 28.364172900197115 ], [ -108.464277033896707, 28.358000312617811 ], [ -108.451690505652181, 28.410685423919865 ], [ -108.460985118597662, 28.428136976307382 ], [ -108.456870890947698, 28.433669222946072 ] ] ] } },
{ "type": "Feature", "properties": { "cve_edo": "08", "cve_mpo_ine": "048", "cve_edo_mpo_ine": "08048", "nom_mpo": "NAMIQUIPA", "nom_edo": "Chihuahua", "alianza_ganadora": "Va por México", "margen_pp": 44.13801061620125, "por_participacion": 43.745583038869256 }, "geometry": { "type": "Polygon", "coordinates": [ [ [ -107.080950238726331, 29.574750223874474 ], [ -107.078065732718073, 29.569444309254614 ], [ -107.072704474737051, 29.566787679450005 ], [ -107.05774015751534, 29.568854640987812 ], [ -107.04524704692318, 29.564877948026499 ], [ -107.045215072169043, 29.560666544087876 ], [ -107.048831346526043, 29.556187235926714 ], [ -107.048767196352628, 29.547764373536612 ], [ -107.060127611066761, 29.535726755883299 ], [ -107.047423277803176, 29.536540924112984 ], [ -107.039143080022626, 29.539972313174371 ], [ -107.029191905640147, 29.538787719966955 ], [ -107.009449364420476, 29.541039991409555 ], [ -106.9970270467646, 29.54630732050822 ], [ -106.97131784892153, 29.54148256027079 ], [ -106.963397987505118, 29.542842980527229 ], [ -106.962733515552117, 29.537643504722045 ], [ -106.958829951986829, 29.537332239853679 ], [ -106.954272343925965, 29.533307769172144 ], [ -106.947915129072712, 29.523510885436036 ], [ -106.959112589080306, 29.504462658010183 ], [ -106.925300771708891, 29.509495139051349 ], [ -106.921294053055689, 29.512569393628063 ], [ -106.922449425582428, 29.516197643895545 ], [ -106.919958543395083, 29.520255664075091 ], [ -106.916314645737017, 29.521098116772421 ], [ -106.902235133518872, 29.523391141535154 ], [ -106.885104583259249, 29.520658147027014 ], [ -106.872149992045905, 29.521786948070734 ], [ -106.865371608572744, 29.524705846832166 ], [ -106.849377802055457, 29.544922634682141 ], [ -106.836822251179214, 29.550588798741639 ], [ -106.807971926356586, 29.545909698724348 ], [ -106.786569892876457, 29.54516207025419 ], [ -106.774715804798802, 29.540661525455121 ], [ -106.759936502027031, 29.529562648958585 ], [ -106.761670760129348, 29.523775524963138 ], [ -106.760106162873342, 29.520421523327411 ], [ -106.748089516755087, 29.52596801897629 ], [ -106.746218252450333, 29.529525635180452 ], [ -106.748407250432734, 29.540172468774028 ], [ -106.741162708196413, 29.552336830314022 ], [ -106.737391164480954, 29.553422655341258 ], [ -106.706521329856287, 29.546828227439452 ], [ -106.69067947816329, 29.551416928230829 ], [ -106.65852136438096, 29.569510030044647 ], [ -106.650218851493534, 29.571513746275869 ], [ -106.573776644685097, 29.566979393472604 ], [ -106.516615270281193, 29.567658488591441 ], [ -106.510040322761284, 29.555774595082411 ], [ -106.512782244641841, 29.543876528008102 ], [ -106.520825523523797, 29.538412731590871 ], [ -106.536759485842509, 29.518068019448986 ], [ -106.541285956751352, 29.516490982796189 ], [ -106.547026667042928, 29.498309801923934 ], [ -106.548118049065735, 29.482862338576698 ], [ -106.556899278255358, 29.473678405643561 ], [ -106.579367867868299, 29.457281589942607 ], [ -106.580972584781321, 29.44703649029422 ], [ -106.586109331832859, 29.440583666656693 ], [ -106.58672441576968, 29.43603963648679 ], [ -106.583035879095348, 29.42192312977566 ], [ -106.58476604991057, 29.411842907379285 ], [ -106.587888578804026, 29.40506369675801 ], [ -106.595156980791273, 29.397697676159318 ], [ -106.591225822192484, 29.386307499473734 ], [ -106.578237313036141, 29.371466032190202 ], [ -106.570935395714656, 29.366772001644776 ], [ -106.582102252477071, 29.360968634457453 ], [ -106.585854971574278, 29.355261989690518 ], [ -106.591373929200913, 29.352112166598459 ], [ -106.593328474889717, 29.333689049563667 ], [ -106.58111539277148, 29.324049583218923 ], [ -106.578449679055325, 29.314308236132149 ], [ -106.568739006777932, 29.299954543263439 ], [ -106.566695793979193, 29.287568564877116 ], [ -106.559512017845861, 29.27758709084862 ], [ -106.562379948572072, 29.27023069304909 ], [ -106.556721826905061, 29.266936761377618 ], [ -106.557217456635797, 29.264457926613471 ], [ -106.569841109687346, 29.244281137851722 ], [ -106.576983819489286, 29.240220476138607 ], [ -106.593662715906092, 29.235727585308695 ], [ -106.613921344447633, 29.212888260515339 ], [ -106.617056255081096, 29.212303269937092 ], [ -106.638048811380415, 29.223819423386661 ], [ -106.654565553791926, 29.245832955312792 ], [ -106.674129517455981, 29.231854997551103 ], [ -106.683184368873611, 29.23049727073893 ], [ -106.682772072503468, 29.237252859676474 ], [ -106.673669136164762, 29.252804959376604 ], [ -106.698203234584369, 29.251706003327538 ], [ -106.704411372747089, 29.281381196110431 ], [ -106.705895337171881, 29.275843121882243 ], [ -106.72518502233703, 29.265544744606391 ], [ -106.746304064724512, 29.272252154675606 ], [ -106.75006155743084, 29.270340550605585 ], [ -106.745018842561819, 29.265566170325521 ], [ -106.746387078627691, 29.262753669374177 ], [ -106.784167116943863, 29.262133105800725 ], [ -106.783954209782593, 29.218029510520967 ], [ -106.786168321241163, 29.208854113598935 ], [ -106.790541581570636, 29.20520490508833 ], [ -106.822152119325438, 29.204513149685585 ], [ -106.828526210256499, 29.199946809669683 ], [ -106.832364010054661, 29.190269143867464 ], [ -106.842504392495215, 29.186596390748779 ], [ -106.844815029949217, 29.173125104569362 ], [ -106.850550206703488, 29.16690846176645 ], [ -106.850280135487267, 29.163358099348596 ], [ -106.802582379860581, 29.154202944822597 ], [ -106.792635988671435, 29.148180432147846 ], [ -106.794763541180828, 29.145062612968506 ], [ -106.803394956098046, 29.141067800465084 ], [ -106.809623823035565, 29.133116655279022 ], [ -106.806574918584886, 29.117417218782084 ], [ -106.812499101121659, 29.106593991252396 ], [ -106.834034642380416, 29.102467665621827 ], [ -106.859253299711213, 29.084695831717799 ], [ -106.871036637058296, 29.085557366732331 ], [ -106.875195711929038, 29.089835281323534 ], [ -106.883192201148674, 29.107724755509 ], [ -106.892509540188613, 29.115119082640767 ], [ -106.902047714377645, 29.117225998821809 ], [ -106.912295694441156, 29.112226423067099 ], [ -106.915434446642166, 29.113121221238998 ], [ -106.918225245052312, 29.118642481045811 ], [ -106.923421936743182, 29.107552570986901 ], [ -106.943587190571833, 29.105562179941806 ], [ -106.952906810832943, 29.112704360090806 ], [ -106.962171532801563, 29.111174353963925 ], [ -106.972147267743992, 29.122523978271325 ], [ -106.985823139314192, 29.124522313403055 ], [ -106.991063306933498, 29.139444725620628 ], [ -106.998237606501135, 29.143620941583883 ], [ -107.001342179984533, 29.139310883320665 ], [ -107.020238569689141, 29.152345709763896 ], [ -107.034505083090551, 29.166062858638018 ], [ -107.072497495631382, 29.165856718065065 ], [ -107.07253281907812, 29.172397957736148 ], [ -107.066463458974553, 29.173606555718148 ], [ -107.066560497304337, 29.18054260454522 ], [ -107.069647063501776, 29.18122624784527 ], [ -107.070661741574099, 29.185611932880615 ], [ -107.070810244124388, 29.207123283530109 ], [ -107.077568573658141, 29.189529775686047 ], [ -107.096748492321439, 29.172326109405514 ], [ -107.111996282902226, 29.16596129925745 ], [ -107.112846062927915, 29.146714659295217 ], [ -107.104498138652858, 29.137348901401399 ], [ -107.105605286488569, 29.118761354208324 ], [ -107.112546917069281, 29.109058774306817 ], [ -107.134242655212773, 29.095551974922831 ], [ -107.150662578087136, 29.096195711304478 ], [ -107.159134152179135, 29.105310095278263 ], [ -107.170149007139372, 29.108623519576447 ], [ -107.182622050862193, 29.103400199500971 ], [ -107.192472404651269, 29.106239653817436 ], [ -107.20088162527847, 29.113521809381613 ], [ -107.205974727997798, 29.125060305465531 ], [ -107.219306205808905, 29.112327588748851 ], [ -107.22318148767728, 29.112784356821201 ], [ -107.225246459039028, 29.11726755511555 ], [ -107.233000757313945, 29.109095712035739 ], [ -107.23871080913888, 29.112628440730791 ], [ -107.243350069197859, 29.11218467035 ], [ -107.235224739664375, 29.102348242677568 ], [ -107.233202870757594, 29.085972681106128 ], [ -107.244338420829763, 29.068588192749846 ], [ -107.244729526581054, 29.04967936437906 ], [ -107.252857473569037, 29.041180539565094 ], [ -107.264752163894698, 29.040651506966622 ], [ -107.277325740293975, 29.045331950162911 ], [ -107.294064665415107, 29.056663182068025 ], [ -107.300416077831997, 29.068211261227262 ], [ -107.316775974589859, 29.06153134077444 ], [ -107.329660184592598, 29.061997965149466 ], [ -107.334074678546074, 29.059401633064692 ], [ -107.348097680038279, 29.05888743074874 ], [ -107.35940511087064, 29.05545335286233 ], [ -107.348472067816331, 29.039814190587148 ], [ -107.338706271310571, 29.030792986635628 ], [ -107.337256499952957, 29.01739887050627 ], [ -107.341507539778803, 29.016423969750267 ], [ -107.362224872473689, 29.021292468743518 ], [ -107.376654639401991, 29.017889398701143 ], [ -107.39213671340579, 29.000456336877875 ], [ -107.397488939171637, 28.985990838552855 ], [ -107.411861605410465, 28.996078834629625 ], [ -107.414106878968269, 28.995715438132507 ], [ -107.422483308001873, 28.978610388731411 ], [ -107.427832192448292, 28.982247166408158 ], [ -107.435139866740357, 28.983083117684199 ], [ -107.437536134481533, 28.980031046226937 ], [ -107.436551077509009, 28.969743293053604 ], [ -107.431651296740384, 28.968439508561659 ], [ -107.427098166838931, 28.972359076223025 ], [ -107.420682497552903, 28.959845212423055 ], [ -107.41478719816368, 28.937020283693371 ], [ -107.404450584055979, 28.923993307484967 ], [ -107.350676125503426, 28.883318673822036 ], [ -107.353102698098496, 28.8799040393457 ], [ -107.36790157103006, 28.876144054430306 ], [ -107.376167655520561, 28.865390070093063 ], [ -107.389888605617941, 28.858264226727968 ], [ -107.401286631178635, 28.836747341495983 ], [ -107.398527131170994, 28.825084020119707 ], [ -107.407157258798108, 28.797343518226775 ], [ -107.404441295096078, 28.770760680104285 ], [ -107.405335835310069, 28.766049163385436 ], [ -107.412925454894008, 28.75909491767446 ], [ -107.413091380338159, 28.749737218201339 ], [ -107.434643043797749, 28.749274372930046 ], [ -107.443417801122763, 28.745818504981123 ], [ -107.453058489406587, 28.738399922697003 ], [ -107.456522783367546, 28.763504974378339 ], [ -107.455809932676985, 28.776714954660097 ], [ -107.470143157222935, 28.783915145991944 ], [ -107.479585008871695, 28.792016896453184 ], [ -107.491694019406609, 28.808624715522356 ], [ -107.509787696680718, 28.825441954201921 ], [ -107.515063067186148, 28.834214545213968 ], [ -107.512953784162846, 28.84785441722844 ], [ -107.501457464708992, 28.87057521953308 ], [ -107.500837267705151, 28.879531205102268 ], [ -107.477114216412218, 28.879864626275353 ], [ -107.487033725563265, 28.911992045129963 ], [ -107.538758326749246, 28.912383474086838 ], [ -107.547130063577839, 28.897014835494137 ], [ -107.563064152443701, 28.882424167448654 ], [ -107.564445667114981, 28.891337621908772 ], [ -107.578539701517741, 28.900790832328898 ], [ -107.587330460460606, 28.891397945448656 ], [ -107.596576254255154, 28.893568606506253 ], [ -107.610167597326964, 28.904503686435316 ], [ -107.624670391160734, 28.905941354427938 ], [ -107.629054286503631, 28.904051633258604 ], [ -107.637430367304319, 28.905963179246413 ], [ -107.647238174003348, 28.919217733176374 ], [ -107.643035845702855, 28.929785352146126 ], [ -107.638416184903676, 28.931788850419856 ], [ -107.635811607873023, 28.936581235412252 ], [ -107.641259974028543, 28.950635043412419 ], [ -107.639168441622516, 28.958060349594401 ], [ -107.624782328346257, 28.95937811615887 ], [ -107.611115067845034, 28.9537712424417 ], [ -107.593461030101452, 28.951891280603846 ], [ -107.584713417083776, 28.95482146359565 ], [ -107.56863682681923, 28.97113406034498 ], [ -107.556762838591794, 28.975396898168146 ], [ -107.552884420668377, 28.975911111069728 ], [ -107.538206643749476, 28.967665953690297 ], [ -107.530322394245815, 28.968034816028521 ], [ -107.526198977917645, 28.969949828652048 ], [ -107.519637791241976, 28.989669532699466 ], [ -107.534762748905649, 28.983498976087727 ], [ -107.545658747098969, 28.984679594459678 ], [ -107.557489975612299, 29.000269679915803 ], [ -107.575186406856901, 29.010226121369119 ], [ -107.572019487568284, 29.031165331152295 ], [ -107.575693107667007, 29.04086559147505 ], [ -107.571352027274415, 29.050938020768747 ], [ -107.581909401116718, 29.058953861567257 ], [ -107.583451656029993, 29.067841530941067 ], [ -107.588867015521942, 29.074154615593955 ], [ -107.625283175375699, 29.091083551462507 ], [ -107.638748540940526, 29.102619444298199 ], [ -107.648675493474883, 29.107832539619864 ], [ -107.660075729181528, 29.108210593971684 ], [ -107.675406561878091, 29.114590263166789 ], [ -107.690076682635606, 29.115652686268898 ], [ -107.70016403917289, 29.130992343252579 ], [ -107.698459765284269, 29.136791860892558 ], [ -107.664265032978335, 29.175824824366391 ], [ -107.661029431843914, 29.186284938984095 ], [ -107.662855077341462, 29.191666255825957 ], [ -107.659507249177153, 29.213354409362001 ], [ -107.653860681024085, 29.214134982992523 ], [ -107.652208109393712, 29.212213652095031 ], [ -107.634056938261466, 29.214635515232629 ], [ -107.616903389285667, 29.225393570623066 ], [ -107.603520819901661, 29.222805123029801 ], [ -107.600120930028481, 29.224345417776888 ], [ -107.592131775844408, 29.233195573466094 ], [ -107.561952008083992, 29.253827565312768 ], [ -107.567032442713838, 29.259321113378466 ], [ -107.569342071085302, 29.266029174136413 ], [ -107.565274373098688, 29.282755917710734 ], [ -107.559834297019677, 29.287167723959641 ], [ -107.552451495713981, 29.285699892636732 ], [ -107.5369432279508, 29.293243025691645 ], [ -107.528210218534895, 29.293706730330118 ], [ -107.520689571270012, 29.31109941047869 ], [ -107.508576688107453, 29.317348757416561 ], [ -107.497135820745186, 29.319557111059918 ], [ -107.514425408435685, 29.321530031747134 ], [ -107.525454598305103, 29.333684078264138 ], [ -107.546799936504442, 29.343615346291163 ], [ -107.550518069086351, 29.359336069834313 ], [ -107.557415281897065, 29.371368368869536 ], [ -107.561395414881275, 29.386347675035982 ], [ -107.558216191771621, 29.401760841949862 ], [ -107.559174953087407, 29.417622356168653 ], [ -107.553755954792805, 29.431034578434733 ], [ -107.558093002378214, 29.436438812477427 ], [ -107.560090110898713, 29.449254064161867 ], [ -107.549394326005824, 29.462621005631657 ], [ -107.52667132893221, 29.472661972564939 ], [ -107.517966995946395, 29.487117684297971 ], [ -107.502904030491734, 29.485745145747288 ], [ -107.482218303489432, 29.492577030167251 ], [ -107.446085680809048, 29.508840654758043 ], [ -107.418224010208064, 29.51584349966468 ], [ -107.321721930827223, 29.513068183643149 ], [ -107.297970233611267, 29.503159354834793 ], [ -107.289041873696206, 29.50347837304172 ], [ -107.281195584360859, 29.507441934868567 ], [ -107.274967425475737, 29.503246559139257 ], [ -107.271401506117826, 29.506677024221563 ], [ -107.271774212361748, 29.534841942798863 ], [ -107.266482991418542, 29.535611267549793 ], [ -107.246234339389886, 29.526886858905289 ], [ -107.223987836401207, 29.526395695088951 ], [ -107.215112758416808, 29.522746336987741 ], [ -107.204788748347511, 29.523787611377404 ], [ -107.187263766344813, 29.51847023090167 ], [ -107.169456912727497, 29.532638114044378 ], [ -107.137998188390753, 29.532540299245635 ], [ -107.109918812165617, 29.545759237148587 ], [ -107.094210800660761, 29.548742984348763 ], [ -107.091344017058589, 29.552228150469993 ], [ -107.100320276496717, 29.557129807942879 ], [ -107.1148014863264, 29.55786871668759 ], [ -107.100707119420221, 29.573725694967891 ], [ -107.080950238726331, 29.574750223874474 ] ] ] } },
{ "type": "Feature", "properties": { "cve_edo": "08", "cve_mpo_ine": "049", "cve_edo_mpo_ine": "08049", "nom_mpo": "NONOAVA", "nom_edo": "Chihuahua", "alianza_ganadora": "Va por México", "margen_pp": 29.032258064516128, "por_participacion": 86.855759252853687 }, "geometry": { "type": "Polygon", "coordinates": [ [ [ -106.537940078110523, 27.6510683458398 ], [ -106.529434722336759, 27.64586820280191 ], [ -106.506188035462799, 27.640499102899664 ], [ -106.497569314024531, 27.635045567729879 ], [ -106.500003590321811, 27.632633971516359 ], [ -106.508546211196361, 27.632875911865906 ], [ -106.524709766318253, 27.627461502304051 ], [ -106.535106258521566, 27.627836742497504 ], [ -106.5388486665111, 27.61570435134216 ], [ -106.536906469714239, 27.610688630524511 ], [ -106.516502956467619, 27.605731367836331 ], [ -106.515726135378344, 27.59545619075195 ], [ -106.520562221308708, 27.591541113058209 ], [ -106.521891619341872, 27.581242735700428 ], [ -106.518013213246206, 27.578652582652655 ], [ -106.515380568822195, 27.568324894935685 ], [ -106.508018698303559, 27.554969065880091 ], [ -106.531131433935784, 27.548759188711404 ], [ -106.535497923036218, 27.540200032040687 ], [ -106.533834542631737, 27.534282399565335 ], [ -106.52017215577736, 27.524305047201718 ], [ -106.519890641808914, 27.51404375729097 ], [ -106.511716934006088, 27.521667753309597 ], [ -106.504122383677299, 27.519219735211934 ], [ -106.503186692582403, 27.513818377275147 ], [ -106.507354146487927, 27.50756964029495 ], [ -106.52149546680667, 27.506647201989999 ], [ -106.515324624298628, 27.502338148212754 ], [ -106.515127508597743, 27.504565156934841 ], [ -106.506721231463132, 27.504244118846344 ], [ -106.494211214838373, 27.497025224107276 ], [ -106.494155463109877, 27.491235351921457 ], [ -106.489605175493907, 27.490361462628133 ], [ -106.473987975915151, 27.476188547597495 ], [ -106.453641523033184, 27.474033243045142 ], [ -106.442304849915971, 27.461550623929917 ], [ -106.439874218382442, 27.460240026558388 ], [ -106.430725172697464, 27.463696591394132 ], [ -106.423145692744626, 27.453636349909718 ], [ -106.413981529883955, 27.450227749585729 ], [ -106.406151989820316, 27.443963089674426 ], [ -106.390466901506272, 27.439535676869305 ], [ -106.375419977513005, 27.398407819824321 ], [ -106.368546009708723, 27.389687778924653 ], [ -106.374297339143467, 27.384233616361854 ], [ -106.389595987347178, 27.377984285974389 ], [ -106.398995038029256, 27.370651353537937 ], [ -106.402815548071146, 27.371011101980706 ], [ -106.408367851200126, 27.367699971036771 ], [ -106.41469529388182, 27.370696071792015 ], [ -106.425195196764548, 27.363641671267388 ], [ -106.428397985107196, 27.363982780972218 ], [ -106.430734417742187, 27.368019936638166 ], [ -106.429267307337852, 27.349205651120236 ], [ -106.431896789440998, 27.348206944861388 ], [ -106.443658680022821, 27.354997896121471 ], [ -106.445339039561333, 27.352813759667072 ], [ -106.458361164322426, 27.351535867012952 ], [ -106.477512880171432, 27.359198163074758 ], [ -106.499789428861035, 27.358429612071493 ], [ -106.5215156257008, 27.363099462871944 ], [ -106.537964267468823, 27.359099856773522 ], [ -106.545922909750871, 27.353867001971519 ], [ -106.536915335530352, 27.345839922902858 ], [ -106.51464270330078, 27.339089464893199 ], [ -106.523390859330405, 27.332391921281413 ], [ -106.549254636349602, 27.319975763769428 ], [ -106.54975241867109, 27.312299706998221 ], [ -106.546173216597595, 27.308395030678835 ], [ -106.548522716788597, 27.300771212604165 ], [ -106.556747472014479, 27.298605023359322 ], [ -106.574948430325421, 27.301183467358712 ], [ -106.577057255589722, 27.297108148467981 ], [ -106.5663942754434, 27.286886444113424 ], [ -106.553505959198503, 27.280570149234144 ], [ -106.542518015794855, 27.265293078063959 ], [ -106.552866218135051, 27.254752962331285 ], [ -106.559759945138268, 27.251639685350856 ], [ -106.585361061605354, 27.250456496108701 ], [ -106.604195855804832, 27.244615309855742 ], [ -106.602666491644783, 27.242257466261904 ], [ -106.580189057637185, 27.238569927315307 ], [ -106.559577242384279, 27.230714078417485 ], [ -106.539044370409087, 27.228066744937241 ], [ -106.534331130317298, 27.224956282657679 ], [ -106.542170897070264, 27.219307365872623 ], [ -106.593823623175368, 27.210175943584279 ], [ -106.593474389124395, 27.190403678129911 ], [ -106.604708044169286, 27.186500241960712 ], [ -106.608907313880948, 27.182565568490318 ], [ -106.617439053365729, 27.182058775159781 ], [ -106.618649419733671, 27.178950296863977 ], [ -106.615696391121773, 27.169474539827448 ], [ -106.623860155743728, 27.155688946580124 ], [ -106.640878804771731, 27.146972102811343 ], [ -106.64678677566657, 27.148973036364332 ], [ -106.665512377672101, 27.147452077685347 ], [ -106.65678248167076, 27.140069524522016 ], [ -106.655802879947558, 27.137338100862767 ], [ -106.657776207327785, 27.136020335066053 ], [ -106.666646503931773, 27.134638022719013 ], [ -106.669473585534192, 27.137456845061958 ], [ -106.681668940913482, 27.136164844451734 ], [ -106.690921471192794, 27.127422587859389 ], [ -106.698067081237014, 27.125703362793754 ], [ -106.701255309567927, 27.133731808533504 ], [ -106.706051954708258, 27.137629450161015 ], [ -106.699643162360999, 27.140260441846667 ], [ -106.693962053313115, 27.149177304210344 ], [ -106.680901424872374, 27.151460548109384 ], [ -106.685810862290836, 27.161147418904243 ], [ -106.689260067996344, 27.161155868052873 ], [ -106.692211150525452, 27.164222532025001 ], [ -106.705034473628871, 27.15714167457832 ], [ -106.70490462468122, 27.16119312554104 ], [ -106.70958022358225, 27.164594155421913 ], [ -106.713523941013293, 27.163528184377959 ], [ -106.726083363458315, 27.167442382672011 ], [ -106.729526363336063, 27.171914961235739 ], [ -106.732360208965872, 27.171672949223495 ], [ -106.737652257400839, 27.175653096071589 ], [ -106.743814782613057, 27.173681320206647 ], [ -106.745904186960317, 27.177571869568183 ], [ -106.756624508096422, 27.176022131192482 ], [ -106.759205779041139, 27.181153713792852 ], [ -106.767342340468687, 27.176456055941376 ], [ -106.770542118763018, 27.179686777809675 ], [ -106.774977393784638, 27.179694909962013 ], [ -106.781269388347923, 27.170610759464438 ], [ -106.7868139101937, 27.169628272958374 ], [ -106.790021821316216, 27.164011187031011 ], [ -106.800128153353711, 27.157413352369215 ], [ -106.81355247365083, 27.160163437076381 ], [ -106.819461277890724, 27.166208453576075 ], [ -106.830055456417199, 27.165645223334334 ], [ -106.842619130709934, 27.168143150203456 ], [ -106.856147585685562, 27.178660343144522 ], [ -106.855649970590406, 27.19690073226036 ], [ -106.886315767951132, 27.20480074025113 ], [ -106.871658250540619, 27.21298350888469 ], [ -106.862417639913119, 27.225948077389564 ], [ -106.857121186887582, 27.223310640188476 ], [ -106.848127124674349, 27.227938269103053 ], [ -106.85884276601432, 27.236679934304547 ], [ -106.873872851134081, 27.239970134768296 ], [ -106.882250558860775, 27.249702075163114 ], [ -106.889520230957217, 27.251428818038651 ], [ -106.883729218873114, 27.25919203219982 ], [ -106.890260119221921, 27.260011492799123 ], [ -106.895066826975849, 27.268260177790729 ], [ -106.895560721289357, 27.275852633153168 ], [ -106.89260424937153, 27.288317767232172 ], [ -106.884839519252992, 27.29690826288882 ], [ -106.885826055781678, 27.304335242752028 ], [ -106.894578773090188, 27.306720423284712 ], [ -106.90197377065877, 27.299202686567824 ], [ -106.904439140552739, 27.299365206137782 ], [ -106.906039561363869, 27.290615224464119 ], [ -106.912201765385959, 27.28838029372637 ], [ -106.911583910406435, 27.282686320397652 ], [ -106.918356832781896, 27.265512372266901 ], [ -106.925996207803394, 27.263522833456101 ], [ -106.94571913671146, 27.275465052277319 ], [ -106.951642830103353, 27.288496760770357 ], [ -106.956811625616368, 27.288106108501196 ], [ -106.955471400656521, 27.299963030787808 ], [ -106.959792381166679, 27.309282674395291 ], [ -106.968428414433674, 27.31777041252418 ], [ -106.971641947977687, 27.327503886974508 ], [ -106.985708953087411, 27.33936559242764 ], [ -106.989909321203911, 27.347198749824781 ], [ -106.969940235537834, 27.356721495645477 ], [ -106.978229565870649, 27.38526308158437 ], [ -106.972558767304477, 27.389398470262002 ], [ -106.968733118957672, 27.387753866240423 ], [ -106.960593857369901, 27.3910672982203 ], [ -106.945544008578025, 27.392244228190911 ], [ -106.93629793660736, 27.403728174745858 ], [ -106.942593081703777, 27.408093764345161 ], [ -106.949995368642206, 27.406928081251383 ], [ -106.953081979668838, 27.409729635399501 ], [ -106.957277045115958, 27.409641006923216 ], [ -106.969379947782187, 27.422331930796293 ], [ -106.965560224195229, 27.429022573182042 ], [ -106.964210641499321, 27.438432773981472 ], [ -106.955210034824347, 27.450082679763746 ], [ -106.968316099298278, 27.475150966586874 ], [ -106.974739957869858, 27.479349533741331 ], [ -106.973767830917268, 27.495608835570724 ], [ -106.981431046004602, 27.502775924852312 ], [ -106.989728360506263, 27.523888249957714 ], [ -106.990978052803825, 27.536677485834065 ], [ -106.988789826554765, 27.546655106018015 ], [ -106.975693845402333, 27.553517976233181 ], [ -106.973322723160891, 27.552316156468059 ], [ -106.9656595040273, 27.558935174741869 ], [ -106.954854992026597, 27.562879552277916 ], [ -106.949620424472229, 27.567238491531718 ], [ -106.947286288623346, 27.57468711647649 ], [ -106.926568393078526, 27.577533745660041 ], [ -106.926367246915902, 27.586764794208975 ], [ -106.921829789909125, 27.588805907127838 ], [ -106.917497150773556, 27.588536953543016 ], [ -106.902839443208265, 27.564434360952788 ], [ -106.897949231161803, 27.560629465881359 ], [ -106.882035231567784, 27.555575234006106 ], [ -106.874280463699264, 27.557411669550728 ], [ -106.872225033314592, 27.553072701141886 ], [ -106.868870710442863, 27.552129650454312 ], [ -106.858859250118826, 27.552183197445945 ], [ -106.857367413986452, 27.56563410198525 ], [ -106.852852729738814, 27.56899102177735 ], [ -106.854462999103646, 27.576137797931878 ], [ -106.86233350380202, 27.587649097046995 ], [ -106.877759094615541, 27.599715786344685 ], [ -106.853907446166289, 27.593613429687004 ], [ -106.816075836145089, 27.565610115194907 ], [ -106.801647407778262, 27.560526883228416 ], [ -106.799747742013878, 27.586589696692283 ], [ -106.792378446945108, 27.589487788329635 ], [ -106.790967373942962, 27.6081282481648 ], [ -106.784124867682266, 27.61299662324101 ], [ -106.787583639834935, 27.619955382566566 ], [ -106.786472037300456, 27.634471953012291 ], [ -106.789453962159513, 27.642425614125258 ], [ -106.767613365829206, 27.642028999016532 ], [ -106.75071541838085, 27.635463721417569 ], [ -106.74730485646451, 27.63355432042265 ], [ -106.748182486869254, 27.629195878104497 ], [ -106.734346777474897, 27.615847620111598 ], [ -106.726557797683085, 27.611340504066643 ], [ -106.703197222474799, 27.605670767698548 ], [ -106.694659805146202, 27.601389606028402 ], [ -106.68845589126407, 27.601718232755747 ], [ -106.680881668033066, 27.59440306351912 ], [ -106.677307484460897, 27.585955682406986 ], [ -106.671998088525029, 27.589366891171071 ], [ -106.65888533914962, 27.588845045576718 ], [ -106.646181166739211, 27.59106158044569 ], [ -106.642419953704859, 27.604187678152449 ], [ -106.642131159023975, 27.632787235179542 ], [ -106.624624332319968, 27.649422730522573 ], [ -106.601420031545317, 27.634893376392583 ], [ -106.581783254800285, 27.644354332148708 ], [ -106.568488595472616, 27.64158686746498 ], [ -106.565205056291049, 27.643479796345531 ], [ -106.557124481876755, 27.640443036547232 ], [ -106.552971427868144, 27.646197584345629 ], [ -106.553359206047688, 27.653319317142437 ], [ -106.537940078110523, 27.6510683458398 ] ] ] } },
{ "type": "Feature", "properties": { "cve_edo": "08", "cve_mpo_ine": "050", "cve_edo_mpo_ine": "08050", "nom_mpo": "NUEVO CASAS GRANDES", "nom_edo": "Chihuahua", "alianza_ganadora": "Juntos Haremos Historia", "margen_pp": 5.4701511657699209, "por_participacion": 46.234032891749422 }, "geometry": { "type": "Polygon", "coordinates": [ [ [ -107.767070543626659, 30.810170867103132 ], [ -107.741549557968412, 30.805723391144774 ], [ -107.726502716559125, 30.798720861337724 ], [ -107.725362727722469, 30.794767758392947 ], [ -107.71759323581837, 30.787765707689605 ], [ -107.717744187269943, 30.777636593562505 ], [ -107.714943308355942, 30.77483571030173 ], [ -107.669657180484705, 30.769541323609033 ], [ -107.662270231230835, 30.764677040904587 ], [ -107.652449660538323, 30.763186796805716 ], [ -107.64968670232625, 30.748607673667184 ], [ -107.645471084498354, 30.75041574680284 ], [ -107.626843557312029, 30.750644686343197 ], [ -107.629721769930399, 30.728658653365308 ], [ -107.626683010141093, 30.721819908722544 ], [ -107.626209551890298, 30.710701306496063 ], [ -107.589189137431205, 30.720621593001493 ], [ -107.570533123199695, 30.729489762333436 ], [ -107.561468690273855, 30.731452542613042 ], [ -107.550200380175681, 30.741976516897267 ], [ -107.538586979715816, 30.745749782874189 ], [ -107.514902654088715, 30.671024291551298 ], [ -107.503756082265369, 30.670234164006832 ], [ -107.493082440711333, 30.663454839939359 ], [ -107.473350643717879, 30.638933423082602 ], [ -107.45564668578146, 30.630445005367307 ], [ -107.444603797185337, 30.633358035013757 ], [ -107.440984427580133, 30.628692903618379 ], [ -107.448101000660984, 30.621534033520216 ], [ -107.427036459539153, 30.605897207566269 ], [ -107.425982028318927, 30.590045927159043 ], [ -107.420181424691449, 30.586868738855287 ], [ -107.425212854844958, 30.572951745720143 ], [ -107.431204693783954, 30.571383336698535 ], [ -107.437732646602655, 30.56609275114041 ], [ -107.434395455823179, 30.559978345989169 ], [ -107.433821733194492, 30.550301425468692 ], [ -107.449981651521952, 30.549137121333114 ], [ -107.459379036702714, 30.544403429354229 ], [ -107.430194736666181, 30.509147646550097 ], [ -107.452355089372162, 30.471369374531967 ], [ -107.459513655637906, 30.454314135105196 ], [ -107.439776207301875, 30.427517750031171 ], [ -107.432709100644516, 30.411998210923603 ], [ -107.417193168049224, 30.400570937876036 ], [ -107.416757846989597, 30.396044616729803 ], [ -107.429760200708571, 30.384229283570491 ], [ -107.433645044530778, 30.375283586359153 ], [ -107.436151001377965, 30.350080569940964 ], [ -107.447628619424748, 30.328812520056864 ], [ -107.448557768039763, 30.316011541938789 ], [ -107.473289741696647, 30.343265216535986 ], [ -107.509915076432108, 30.367857171912078 ], [ -107.561125966459926, 30.373189530858077 ], [ -107.59307683674669, 30.35125127844405 ], [ -107.618599220113978, 30.374082061593867 ], [ -107.63282655602103, 30.369869884808185 ], [ -107.672338624671482, 30.377113770768105 ], [ -107.684546132246496, 30.387204502604831 ], [ -107.694902103759816, 30.383538253141733 ], [ -107.718088590496308, 30.38054680370951 ], [ -107.775840705345487, 30.385207088778532 ], [ -107.771831094293162, 30.261287984924181 ], [ -107.750089310130605, 30.240593920405541 ], [ -107.729133577167033, 30.229456259922461 ], [ -107.737983232209288, 30.160549450561284 ], [ -107.749472718790528, 30.166518942097337 ], [ -107.764412656764307, 30.166093945922096 ], [ -107.768803366623359, 30.163319068444494 ], [ -107.78099098205233, 30.165152518138861 ], [ -107.799536966506111, 30.160472716635244 ], [ -107.795713018154885, 30.150784854739996 ], [ -107.798041557048194, 30.145806767526679 ], [ -107.816616824391602, 30.143269268743904 ], [ -107.822197939518645, 30.143860319005668 ], [ -107.836795850317543, 30.153990689820709 ], [ -107.876844887609465, 30.163548599442635 ], [ -107.881539200149348, 30.171737619219325 ], [ -107.888148815566481, 30.173137458712553 ], [ -107.896634034912452, 30.16543866300518 ], [ -107.895229525542334, 30.157125233374536 ], [ -107.892525504214717, 30.154437960990762 ], [ -107.922540312106364, 30.153032090540613 ], [ -107.929008842164222, 30.137458423522148 ], [ -107.944565746997625, 30.148481841550367 ], [ -107.949510402640399, 30.148462492703857 ], [ -107.954556480916111, 30.145382353297499 ], [ -107.962809698602598, 30.146838079346988 ], [ -107.960227309668838, 30.156442571437278 ], [ -107.961550606084202, 30.163053857767384 ], [ -107.956463860750873, 30.176555646021821 ], [ -107.95668308294394, 30.187637594455015 ], [ -107.962868558515851, 30.199191644314006 ], [ -107.972478076840247, 30.21040031275199 ], [ -107.980414103852794, 30.233276720912265 ], [ -107.983621475180314, 30.236066855783566 ], [ -107.994149315879582, 30.237272291438867 ], [ -107.984318020151051, 30.245917371354924 ], [ -107.978237715105948, 30.247682278721239 ], [ -107.971626867551507, 30.24672114767419 ], [ -107.958718845224354, 30.252154472711322 ], [ -107.959534925577572, 30.258847384694288 ], [ -107.955630176338914, 30.262833563379598 ], [ -107.957318530630502, 30.267455654098413 ], [ -107.953686689052958, 30.273838116427864 ], [ -107.95537919511014, 30.278956249184965 ], [ -107.948153180268946, 30.296598676452927 ], [ -107.943733115164335, 30.299925524429437 ], [ -107.946838077330824, 30.322729776412224 ], [ -107.934467741976917, 30.333284773618775 ], [ -107.924815607344414, 30.358008295461939 ], [ -107.931344908276557, 30.371485021942913 ], [ -107.934717154406641, 30.373057390266673 ], [ -107.933162921499687, 30.376272090763052 ], [ -107.936908861534647, 30.383613411857109 ], [ -107.93239698089242, 30.391900985509096 ], [ -107.936006271747644, 30.413876216389095 ], [ -107.939982541345032, 30.417991999395035 ], [ -107.937333264566206, 30.420732191866996 ], [ -107.940125157301352, 30.435683529389326 ], [ -107.937248010111574, 30.442650505979621 ], [ -107.933944640867068, 30.443244099567728 ], [ -107.928456707876009, 30.456239089697451 ], [ -107.923648080409777, 30.459650076673395 ], [ -107.926621637546049, 30.465506748844987 ], [ -107.915646801723028, 30.49407777977752 ], [ -107.91925176561827, 30.499187723125001 ], [ -107.913938712003016, 30.503510122348924 ], [ -107.915636158161163, 30.508876503279104 ], [ -107.912100445206221, 30.512612322388275 ], [ -107.912301888568422, 30.522036298352226 ], [ -107.907487660250197, 30.525198890105845 ], [ -107.910086416054114, 30.531801522608976 ], [ -107.907944791526958, 30.534787120018677 ], [ -107.911438028665103, 30.541716500019156 ], [ -107.90763206139529, 30.54363461614717 ], [ -107.911875538880253, 30.548741864434636 ], [ -107.910120979578238, 30.552387202223503 ], [ -107.912224324058528, 30.560645357555241 ], [ -107.90816808895552, 30.563226019683565 ], [ -107.909746868865042, 30.585706358689247 ], [ -107.912559946782807, 30.586934071301528 ], [ -107.912213753429441, 30.591482636738931 ], [ -107.908918928661706, 30.593812002817071 ], [ -107.916161303585255, 30.607090360788828 ], [ -107.916627646081082, 30.617587744416138 ], [ -107.919596467921764, 30.622204123745124 ], [ -107.917735543651602, 30.62857826921022 ], [ -107.92381321732401, 30.639215624022281 ], [ -107.922183934337241, 30.642695239931481 ], [ -107.92999750258609, 30.647123939107299 ], [ -107.926328953787518, 30.650695612511598 ], [ -107.927752392468662, 30.653251942766158 ], [ -107.944368156513207, 30.673263934786014 ], [ -107.943115632261296, 30.6912920740969 ], [ -107.947811993190797, 30.706850295351853 ], [ -107.946792068906632, 30.715085697576903 ], [ -107.952912973146837, 30.721664116197136 ], [ -107.951382910845169, 30.723807154867888 ], [ -107.959034431218839, 30.72626605285803 ], [ -107.963753940826379, 30.732269588181886 ], [ -107.96413858594893, 30.74206727703244 ], [ -107.961970931937557, 30.745034815190412 ], [ -107.966308808792775, 30.750380055255537 ], [ -107.963503236564506, 30.753183951627133 ], [ -107.966949398108994, 30.761412357733448 ], [ -107.966185187001344, 30.766106841792354 ], [ -107.979073141086346, 30.773743143221004 ], [ -107.980222810547403, 30.777199359098123 ], [ -107.977545412012077, 30.782226462846587 ], [ -107.948320037607715, 30.79405663849494 ], [ -107.937855733350901, 30.796212372199172 ], [ -107.921777132060143, 30.789728784130446 ], [ -107.915781523593907, 30.781502127203929 ], [ -107.897408659628255, 30.778146972328763 ], [ -107.881714411303264, 30.777915656940213 ], [ -107.853502530560675, 30.792102258175696 ], [ -107.833470224263749, 30.78857453081628 ], [ -107.820324887223293, 30.789322523906442 ], [ -107.811897015676763, 30.793196499324029 ], [ -107.80206801946332, 30.794600051803908 ], [ -107.789944926339373, 30.793697733894394 ], [ -107.76823185101712, 30.803088841514352 ], [ -107.767070543626659, 30.810170867103132 ] ] ] } },
{ "type": "Feature", "properties": { "cve_edo": "08", "cve_mpo_ine": "051", "cve_edo_mpo_ine": "08051", "nom_mpo": "OCAMPO", "nom_edo": "Chihuahua", "alianza_ganadora": "Va por México", "margen_pp": 14.797580269892974, "por_participacion": 69.222096956031564 }, "geometry": { "type": "Polygon", "coordinates": [ [ [ -108.195468505205582, 28.04364500609098 ], [ -108.213016982476162, 28.03913369843939 ], [ -108.221874734295398, 28.020811613345874 ], [ -108.223693471949389, 28.011923875908398 ], [ -108.227204658171516, 28.007989220283431 ], [ -108.242989853147691, 28.005524337030597 ], [ -108.262716573107042, 27.992204048108828 ], [ -108.262319850397191, 27.980832333538878 ], [ -108.267440889152638, 27.976988044224179 ], [ -108.269487079557535, 27.969996207264344 ], [ -108.268037111562933, 27.965539382862293 ], [ -108.280271812662946, 27.956707648972266 ], [ -108.279446857654193, 27.951677603785107 ], [ -108.323516641909023, 27.947705725014096 ], [ -108.341189228822543, 27.955785076143563 ], [ -108.335772509886866, 27.965973839831186 ], [ -108.337660879019893, 27.977928708419199 ], [ -108.344334601544489, 27.981963006144802 ], [ -108.352530184249005, 27.983579934708342 ], [ -108.362029357528698, 27.993025080217858 ], [ -108.366382839087265, 27.993052598013261 ], [ -108.371439842491171, 27.983123680066768 ], [ -108.399012496899061, 27.98806841410083 ], [ -108.397791114231126, 28.000902595702676 ], [ -108.391009475819303, 28.008928466543086 ], [ -108.39060863439181, 28.012383385158557 ], [ -108.391220430503409, 28.029262345676109 ], [ -108.394168700106547, 28.034054710761119 ], [ -108.401243030567386, 28.03640233082314 ], [ -108.408478685281835, 28.034058461961333 ], [ -108.41366125604867, 28.039686778709694 ], [ -108.416425530234463, 28.036245834647463 ], [ -108.43465567717486, 28.04441907825775 ], [ -108.44846331834195, 28.045156454913069 ], [ -108.448794494782334, 28.050837978130229 ], [ -108.439208575831302, 28.051277336170667 ], [ -108.433824468659566, 28.055609100102508 ], [ -108.420426410801369, 28.082448483808751 ], [ -108.411275485252162, 28.090626405060217 ], [ -108.411602704716358, 28.112771300796069 ], [ -108.414898454152393, 28.121433735213571 ], [ -108.415318450190412, 28.131643289633487 ], [ -108.423394868231284, 28.134159557619292 ], [ -108.432349804931846, 28.152484597639898 ], [ -108.445948432233649, 28.166636715740061 ], [ -108.447736488959436, 28.160637846235126 ], [ -108.457329628570406, 28.160526271460249 ], [ -108.476453556986982, 28.169108003271965 ], [ -108.488579544357108, 28.181107194652814 ], [ -108.491400346420946, 28.187624401717216 ], [ -108.48788597198606, 28.19130993221038 ], [ -108.487508834121698, 28.209827566613775 ], [ -108.469647287503065, 28.215412398611981 ], [ -108.461057001417061, 28.214049134661742 ], [ -108.460363373532701, 28.206472738071604 ], [ -108.456382527734576, 28.205463315109107 ], [ -108.450468600343598, 28.213250518764337 ], [ -108.442372305999911, 28.212547255985562 ], [ -108.43574796033424, 28.215061972291458 ], [ -108.432434909665986, 28.224838626009994 ], [ -108.448834022326508, 28.232420203842196 ], [ -108.453638143816136, 28.240430726453486 ], [ -108.462838676940436, 28.243937629425734 ], [ -108.479817237744967, 28.240570943220337 ], [ -108.489594927855052, 28.232720371508744 ], [ -108.489117178341189, 28.24786272004237 ], [ -108.480221198258306, 28.254236433731133 ], [ -108.474558492765297, 28.261696800821284 ], [ -108.471073034395545, 28.260855253293922 ], [ -108.415479769026973, 28.274789207003327 ], [ -108.410163707958688, 28.285130368472064 ], [ -108.401767281183453, 28.290350114949153 ], [ -108.390158098990909, 28.291517140233626 ], [ -108.389997738453758, 28.296125860818997 ], [ -108.393575151360224, 28.301332667672842 ], [ -108.398933947752326, 28.30202237583844 ], [ -108.41172342093229, 28.309915761100008 ], [ -108.401175003049019, 28.318992129999572 ], [ -108.385140198595408, 28.311243334500578 ], [ -108.364837258287139, 28.322811167681404 ], [ -108.371393108887645, 28.330942390967962 ], [ -108.349857324867642, 28.356506248374107 ], [ -108.342903592743866, 28.358209315005954 ], [ -108.334479477908161, 28.355729532005441 ], [ -108.325543343191825, 28.358126546668803 ], [ -108.315416638515146, 28.357631232152286 ], [ -108.299777363225019, 28.350855786206637 ], [ -108.296031246130582, 28.350860806899178 ], [ -108.290379873617269, 28.354964068875766 ], [ -108.280539530299322, 28.356081419975862 ], [ -108.265973404235837, 28.352521151756989 ], [ -108.260240654142265, 28.341865938871983 ], [ -108.248310941512301, 28.333215850983866 ], [ -108.234619164153642, 28.312521015744839 ], [ -108.228580216155564, 28.316062790559396 ], [ -108.224909857942194, 28.325146830819786 ], [ -108.213274404532868, 28.329686832467129 ], [ -108.213107436506164, 28.315385914178794 ], [ -108.205826657345867, 28.317448855127932 ], [ -108.196094884323173, 28.325432488028415 ], [ -108.181736985273972, 28.327981842231818 ], [ -108.165635603526383, 28.321231006905155 ], [ -108.166188142861927, 28.31403011161483 ], [ -108.15420741531841, 28.29851089046544 ], [ -108.14389314625835, 28.298736437916283 ], [ -108.131399737865209, 28.291819703293445 ], [ -108.126067793882854, 28.297058616671791 ], [ -108.123044434376084, 28.30497415135827 ], [ -108.115973638124601, 28.310333046491802 ], [ -108.112417271659268, 28.312227822985655 ], [ -108.098592963484009, 28.311451587228248 ], [ -108.068627790698329, 28.292508487398528 ], [ -108.05276645125447, 28.289787519879329 ], [ -108.048180028243095, 28.285504835520715 ], [ -108.048787602411565, 28.281496002381221 ], [ -108.046689349468906, 28.279833750469514 ], [ -108.036410303816808, 28.275066581165671 ], [ -108.029036662506513, 28.277982010606198 ], [ -108.024096938071267, 28.274404409597889 ], [ -108.01278863158096, 28.249934139438682 ], [ -108.015317054216197, 28.246243945163133 ], [ -108.015142392680033, 28.239403369817918 ], [ -108.025641219748962, 28.223326583585411 ], [ -107.990667097502026, 28.21393023361934 ], [ -107.974894762134696, 28.200712300221369 ], [ -107.967417409019603, 28.202057676821006 ], [ -107.957470718148429, 28.212695960592431 ], [ -107.948062621750339, 28.197956593666031 ], [ -107.950086114682449, 28.184210072350073 ], [ -107.948514272105925, 28.18032501944537 ], [ -107.951912043053753, 28.176807341409742 ], [ -107.951493314599915, 28.169964422231953 ], [ -107.938887999330888, 28.152644980172372 ], [ -107.922878733967224, 28.13974746950878 ], [ -107.922187406187348, 28.135127165593481 ], [ -107.916099330950587, 28.134914523349199 ], [ -107.911211224130398, 28.127871115852301 ], [ -107.909967909202066, 28.117477637500404 ], [ -107.914702759314508, 28.116443807507459 ], [ -107.918385520686584, 28.109797705405487 ], [ -107.912704998778821, 28.106786072889967 ], [ -107.909795674925888, 28.10066465104029 ], [ -107.901830970856025, 28.101672435131928 ], [ -107.895045024751127, 28.097662203207737 ], [ -107.890869619036053, 28.093590334062107 ], [ -107.889456723506811, 28.087150802669804 ], [ -107.874260986349199, 28.080104092601985 ], [ -107.876410222134226, 28.077072497415564 ], [ -107.874347033218427, 28.073099738491468 ], [ -107.860363551664321, 28.068698440140373 ], [ -107.867102670075909, 28.066199643893501 ], [ -107.86623234363536, 28.056220433806821 ], [ -107.872024713664999, 28.049840194543961 ], [ -107.868971946616369, 28.035557445395082 ], [ -107.873400181570261, 28.018864260006865 ], [ -107.870149182845893, 28.000623925426904 ], [ -107.873927155583033, 27.996287381735087 ], [ -107.882152830640663, 28.00377249720459 ], [ -107.884637677631019, 28.013764839550298 ], [ -107.893092813736075, 28.012762557897197 ], [ -107.901723384545377, 28.017777221492526 ], [ -107.902744444484313, 28.015477942178656 ], [ -107.906157165264602, 28.020779742860377 ], [ -107.912837873205177, 28.022811136270469 ], [ -107.949557772054533, 28.047080310273667 ], [ -107.950335296536949, 28.054997460300349 ], [ -107.946237935604444, 28.054883484602183 ], [ -107.942842470965616, 28.058483200266753 ], [ -107.951805551231317, 28.056739321884539 ], [ -107.960315207105253, 28.040405325921398 ], [ -107.971557640047664, 28.045517428923862 ], [ -107.988171555764964, 28.047949077933477 ], [ -108.007938823657611, 28.034827197601185 ], [ -108.018601476378805, 28.036305321899462 ], [ -108.027615191660374, 28.040984551803557 ], [ -108.04307940076238, 28.03483147717419 ], [ -108.0487336451218, 28.02860856315819 ], [ -108.056965390861379, 28.025122616384717 ], [ -108.074311935813853, 28.004806534719659 ], [ -108.084142513682565, 28.002483677666316 ], [ -108.085281850890084, 28.00034897545434 ], [ -108.084716951238121, 27.994989173591346 ], [ -108.077210852950373, 27.988758223862163 ], [ -108.075127508237287, 27.974406297799959 ], [ -108.075300074923746, 27.969793038197778 ], [ -108.080097166445242, 27.961997747275731 ], [ -108.092217113268504, 27.96587021514171 ], [ -108.104317732220821, 27.983831595765455 ], [ -108.122108024173585, 27.991858417078443 ], [ -108.133626919772979, 28.019205893756688 ], [ -108.13123685812252, 28.03484594534638 ], [ -108.150353137614402, 28.035296254741123 ], [ -108.162537732642733, 28.046412633587327 ], [ -108.195468505205582, 28.04364500609098 ] ] ] } },
{ "type": "Feature", "properties": { "cve_edo": "08", "cve_mpo_ine": "052", "cve_edo_mpo_ine": "08052", "nom_mpo": "OJINAGA", "nom_edo": "Chihuahua", "alianza_ganadora": "Va por México", "margen_pp": 65.802310654685499, "por_participacion": 47.42288961038961 }, "geometry": { "type": "Polygon", "coordinates": [ [ [ -104.963506862598734, 30.490189885178712 ], [ -104.95682177424402, 30.488406234561594 ], [ -104.949236017281137, 30.465376726667788 ], [ -104.93586743749718, 30.461601275627775 ], [ -104.903210429551592, 30.462569903818611 ], [ -104.874597849700322, 30.456884956604302 ], [ -104.871126524218525, 30.458365400603977 ], [ -104.865747186589715, 30.455195322336312 ], [ -104.859557641966518, 30.42405083452379 ], [ -104.849781774644427, 30.41408139548783 ], [ -104.85306232217556, 30.405744268845488 ], [ -104.853199117566575, 30.386078552463488 ], [ -104.839912842809852, 30.375135441722175 ], [ -104.817660088585143, 30.373454437005847 ], [ -104.815388434264122, 30.371424103994769 ], [ -104.813534688180013, 30.360693264014159 ], [ -104.816089475975545, 30.348643947720443 ], [ -104.809076007164563, 30.334483911341909 ], [ -104.795259664044167, 30.327271288335844 ], [ -104.778731730075791, 30.312859298204366 ], [ -104.772446092122408, 30.30220362601823 ], [ -104.763803294943642, 30.298832087884723 ], [ -104.759803818590555, 30.290827724864759 ], [ -104.758032822708032, 30.270159608948564 ], [ -104.750021934226666, 30.266569520778528 ], [ -104.750525099182141, 30.261179496406935 ], [ -104.73069967096491, 30.253854743005878 ], [ -104.709269998527205, 30.232272018454193 ], [ -104.707607657039617, 30.228987898029359 ], [ -104.709656859691449, 30.221916556431868 ], [ -104.702638086946138, 30.206509287618246 ], [ -104.6994473329502, 30.205527140465495 ], [ -104.688388211769961, 30.179836786167357 ], [ -104.684399149038569, 30.158376250642966 ], [ -104.687300200854224, 30.147151550100812 ], [ -104.684379183893611, 30.144094817659759 ], [ -104.691164439243067, 30.136531833044145 ], [ -104.6935194287163, 30.129041620204596 ], [ -104.690305513471202, 30.113570850584733 ], [ -104.686708839824917, 30.108662454141243 ], [ -104.695403869983537, 30.101688669785283 ], [ -104.6873405314998, 30.095198117914272 ], [ -104.685403243852463, 30.080120144884816 ], [ -104.68772312869477, 30.071181633981325 ], [ -104.699230866252236, 30.062919216710302 ], [ -104.702097902781631, 30.050452566542543 ], [ -104.69424181255242, 30.039198359180936 ], [ -104.701538341713359, 30.026865386141868 ], [ -104.689201387697096, 30.013201276126594 ], [ -104.692744116878202, 30.002586469018389 ], [ -104.685947847472789, 29.995867999012937 ], [ -104.68803265832392, 29.990451977101511 ], [ -104.684173269841153, 29.987617730329625 ], [ -104.687220351383104, 29.982806832906242 ], [ -104.677534234290903, 29.974065681774913 ], [ -104.681081635709944, 29.963658032298671 ], [ -104.670766258053717, 29.954926760265206 ], [ -104.676116198859745, 29.940556922676475 ], [ -104.676704359242393, 29.925230113799021 ], [ -104.680308386757986, 29.91730531001501 ], [ -104.670080077720783, 29.912091418681889 ], [ -104.665573533185437, 29.908439314886994 ], [ -104.665831246843723, 29.905951237949235 ], [ -104.654802114727104, 29.906958935162741 ], [ -104.652836043222266, 29.90388605496101 ], [ -104.657029135378195, 29.894089419336964 ], [ -104.650381711741133, 29.893369485525486 ], [ -104.641821644166143, 29.878190955975711 ], [ -104.632441308767582, 29.868406806740456 ], [ -104.629650662292434, 29.856860338439091 ], [ -104.609330315188501, 29.837728595669713 ], [ -104.609537388993473, 29.832964566171846 ], [ -104.614824275959563, 29.82956841854821 ], [ -104.611316843064316, 29.827968481360955 ], [ -104.609278250647463, 29.821584323708503 ], [ -104.585560704834151, 29.805194036499486 ], [ -104.587322176079937, 29.799370601340872 ], [ -104.583820896210597, 29.797976855725853 ], [ -104.576938895376969, 29.786493703843743 ], [ -104.563048938082858, 29.77180787124114 ], [ -104.561983258515596, 29.766442799266134 ], [ -104.565465721171094, 29.752934223947033 ], [ -104.546937333938175, 29.742044947399556 ], [ -104.551179660385671, 29.734320639607716 ], [ -104.547520753088378, 29.725683841206887 ], [ -104.54833312529037, 29.71966858466406 ], [ -104.542076806374979, 29.707553058705166 ], [ -104.54191226348037, 29.700103999947459 ], [ -104.530079063379702, 29.692213777180076 ], [ -104.533074279298575, 29.685130096024835 ], [ -104.538369571559414, 29.682357632624711 ], [ -104.53184726448697, 29.672315645461225 ], [ -104.528369326154376, 29.671748137901762 ], [ -104.520917556195243, 29.662340882313899 ], [ -104.508204088092739, 29.642663927895839 ], [ -104.500625371155053, 29.641744068786252 ], [ -104.483388004203647, 29.631033854930873 ], [ -104.477051883557706, 29.629266044140916 ], [ -104.471558597814806, 29.622724631859402 ], [ -104.463924409801209, 29.61911271705252 ], [ -104.4587340756933, 29.611945329614343 ], [ -104.45239520725309, 29.6099694346956 ], [ -104.4550302809116, 29.600615977972787 ], [ -104.454330610901977, 29.597314549433651 ], [ -104.44925153662534, 29.595319851055994 ], [ -104.450667258047346, 29.587847368012138 ], [ -104.447197077014138, 29.587484688629392 ], [ -104.445055548256789, 29.590414120109813 ], [ -104.437468298194432, 29.588869934964922 ], [ -104.437420389245688, 29.586593783985037 ], [ -104.427281535658494, 29.583430609570893 ], [ -104.414833030216187, 29.575125603639435 ], [ -104.397799915695828, 29.57330212474233 ], [ -104.394279238161559, 29.57045499033536 ], [ -104.389295961081103, 29.557693474208516 ], [ -104.383289225308644, 29.556330574171998 ], [ -104.381516954889747, 29.546627630989935 ], [ -104.371417654449715, 29.545115646940523 ], [ -104.362815705839353, 29.539856020452568 ], [ -104.358143930208371, 29.542198849199902 ], [ -104.3524739518801, 29.541864770145164 ], [ -104.349849094189295, 29.536520107404868 ], [ -104.351044473831578, 29.533398555127235 ], [ -104.341542710204536, 29.530220082829253 ], [ -104.33608009952242, 29.524500871492069 ], [ -104.331044293283313, 29.524364043068577 ], [ -104.317698467830752, 29.533449251627147 ], [ -104.306862111463658, 29.526354116846367 ], [ -104.272752992695587, 29.519366796450633 ], [ -104.258796881721238, 29.51334477137172 ], [ -104.240628376754529, 29.500753869826465 ], [ -104.236151746399514, 29.496880488396659 ], [ -104.232465014029941, 29.484924430638621 ], [ -104.219002456231635, 29.487998895266287 ], [ -104.212350126378496, 29.485395051269798 ], [ -104.213108448619835, 29.458892128148978 ], [ -104.210795586419948, 29.452919940079127 ], [ -104.184550153260744, 29.427594294133886 ], [ -104.180810466768264, 29.412326006299267 ], [ -104.170230620189798, 29.400870526769658 ], [ -104.151502667474375, 29.390345119177699 ], [ -104.145729106443113, 29.383794561599885 ], [ -104.139478258878981, 29.385528743480869 ], [ -104.128453029056686, 29.383803508789075 ], [ -104.116696388805082, 29.376291150081688 ], [ -104.103426680368074, 29.371900941071406 ], [ -104.081970292909773, 29.348360305118419 ], [ -104.066497519324585, 29.343372298356048 ], [ -104.044213706626095, 29.325631068560632 ], [ -103.976974326878633, 29.303021845395932 ], [ -103.942447426559085, 29.302787513367988 ], [ -103.929532218232467, 29.299825377304259 ], [ -103.916829162028762, 29.290443890261187 ], [ -103.860895859511416, 29.285452819014811 ], [ -103.815993508717668, 29.272559427767014 ], [ -103.818017750892722, 29.258653355963904 ], [ -103.814758413962082, 29.253592862935818 ], [ -103.815768760896759, 29.248213177676206 ], [ -103.820919919593848, 29.245080890925699 ], [ -103.820676235344294, 29.237875869512909 ], [ -103.83575960580157, 29.217711587185534 ], [ -103.851963407002899, 29.201854347684687 ], [ -103.866900628630688, 29.197916570464173 ], [ -103.887991151916069, 29.179664969688236 ], [ -103.909574312149942, 29.173584097618548 ], [ -103.916349408875021, 29.178152789057016 ], [ -103.92287420359078, 29.17932538386783 ], [ -103.932913120910882, 29.186963785687517 ], [ -103.953367231829546, 29.185014241678896 ], [ -103.957381705530537, 29.181543218215754 ], [ -103.956501738201325, 29.176407335891206 ], [ -103.959261882450051, 29.17541840036392 ], [ -103.969053489644622, 29.185952146472033 ], [ -104.012486603191675, 29.202414181520503 ], [ -104.025047836218917, 29.213030473561634 ], [ -104.055061876303242, 29.224161559641381 ], [ -104.065368167267152, 29.233198395037132 ], [ -104.082452758558929, 29.239755826381646 ], [ -104.103045483401303, 29.240516554241665 ], [ -104.129553979841873, 29.248399068082264 ], [ -104.149998957593112, 29.237889755996296 ], [ -104.158410151952751, 29.23739529019608 ], [ -104.16682901621752, 29.240212890677238 ], [ -104.175010217879006, 29.248412907979635 ], [ -104.177916321777644, 29.255783793031053 ], [ -104.183188388587453, 29.2548733264349 ], [ -104.190615556003365, 29.26191295022608 ], [ -104.197390955377386, 29.25951127814821 ], [ -104.201538556385614, 29.260753313332891 ], [ -104.207329050888362, 29.265721744021846 ], [ -104.212859250563938, 29.267211728915637 ], [ -104.22220401731856, 29.284932517443718 ], [ -104.221845407535369, 29.291309358299984 ], [ -104.218090016924691, 29.296030542087149 ], [ -104.225386834912186, 29.299590084630456 ], [ -104.254799490301579, 29.304052028022131 ], [ -104.264619759972632, 29.310258389364609 ], [ -104.28379415140256, 29.332193093671382 ], [ -104.285544976588625, 29.329707452083095 ], [ -104.286269316098924, 29.321176949506246 ], [ -104.291268883974183, 29.313554377392428 ], [ -104.284174962456859, 29.296996155363058 ], [ -104.285639013070096, 29.284489938533643 ], [ -104.283094311255624, 29.27513343781899 ], [ -104.307848416200315, 29.277764705624936 ], [ -104.315021870618835, 29.281402316294624 ], [ -104.318409661203034, 29.280405400412207 ], [ -104.304165689315965, 29.266836017846373 ], [ -104.302698801539933, 29.243482908560033 ], [ -104.289448518419704, 29.224859357337586 ], [ -104.283497602551265, 29.210370582803169 ], [ -104.273442919089845, 29.206650318681561 ], [ -104.262588410973876, 29.188436781442835 ], [ -104.254284561150882, 29.181898400983428 ], [ -104.251001083764436, 29.175357368574314 ], [ -104.234163501268213, 29.167744695074422 ], [ -104.220443851008369, 29.152758599098384 ], [ -104.21504088038526, 29.149778293196423 ], [ -104.204073440029447, 29.149871057281839 ], [ -104.194946097052039, 29.141167554229227 ], [ -104.172367716375604, 29.14149770296936 ], [ -104.16407632225895, 29.136196109439176 ], [ -104.150028168082684, 29.136358271308019 ], [ -104.14599213845834, 29.126087834531816 ], [ -104.146230620413021, 29.120373610640328 ], [ -104.142080007689103, 29.114740712978229 ], [ -104.138907860646, 29.097099730154525 ], [ -104.1251044271024, 29.091462361878698 ], [ -104.130595628045953, 29.078876806920896 ], [ -104.137863569394597, 29.077389062328063 ], [ -104.141739362440745, 29.072504300960318 ], [ -104.142109593230487, 29.069771483826063 ], [ -104.138466721886886, 29.066126249386787 ], [ -104.140585681265193, 29.060495491227897 ], [ -104.154721148829381, 29.04807722187843 ], [ -104.156672831729821, 29.024640423020269 ], [ -104.162819825160312, 29.027788746456874 ], [ -104.167579325602148, 29.026961358021033 ], [ -104.181997992009229, 29.030523869753626 ], [ -104.171806309183268, 29.01329700383782 ], [ -104.175384487097048, 28.991019342020152 ], [ -104.160361843895515, 28.994578430696002 ], [ -104.145950209577506, 28.991593419264877 ], [ -104.146184913412966, 28.984388357045901 ], [ -104.127235919319972, 28.966327164364003 ], [ -104.127853338385009, 28.962020916337938 ], [ -104.119531740877918, 28.932782441731625 ], [ -104.114256265325068, 28.923504178585279 ], [ -104.11612291046481, 28.917790704733978 ], [ -104.106967072561503, 28.907681957456699 ], [ -104.108966801444979, 28.906192367278365 ], [ -104.122238926398055, 28.90909777127921 ], [ -104.137749375367079, 28.904797470949337 ], [ -104.168428930782099, 28.911761357669157 ], [ -104.169268957929646, 28.89693685188421 ], [ -104.182740359209305, 28.879711215351662 ], [ -104.183463343251077, 28.868944669609633 ], [ -104.192215862935143, 28.866956699952365 ], [ -104.1935778736229, 28.86165612996335 ], [ -104.200190170258111, 28.855029850152462 ], [ -104.208259418685202, 28.833081181382454 ], [ -104.202114534049471, 28.827119148767132 ], [ -104.194442671108646, 28.811135714883203 ], [ -104.189942237020702, 28.811550163304801 ], [ -104.185552315322838, 28.806415489215038 ], [ -104.19963047095591, 28.787862493794595 ], [ -104.220885996313143, 28.788851776165085 ], [ -104.232103767763647, 28.777832761065451 ], [ -104.236079991538148, 28.77012878385549 ], [ -104.210779885393336, 28.752247353184252 ], [ -104.232651695128823, 28.752737578586331 ], [ -104.23712054364988, 28.743045602234421 ], [ -104.236604959703641, 28.737993673464455 ], [ -104.230218525381133, 28.733523812002275 ], [ -104.224217903419657, 28.732532053362792 ], [ -104.223830156744953, 28.728225437055219 ], [ -104.211928681941032, 28.717213489590414 ], [ -104.214401286818543, 28.7082680899011 ], [ -104.221371201369124, 28.69965257730091 ], [ -104.216989121308742, 28.696175346110536 ], [ -104.214339072224107, 28.686899969005122 ], [ -104.213455636939685, 28.66772307544732 ], [ -104.222003651722915, 28.672271605698658 ], [ -104.229075199960121, 28.668263711854415 ], [ -104.244923852275079, 28.667087975245771 ], [ -104.262317439497906, 28.64947094542315 ], [ -104.266719629516118, 28.641928713024985 ], [ -104.247387543862516, 28.633635731423144 ], [ -104.254138712575909, 28.624179635386298 ], [ -104.254799399472418, 28.616992647513818 ], [ -104.259015263386857, 28.614653062342786 ], [ -104.263855111944949, 28.602236948920044 ], [ -104.277947855743818, 28.591244201107308 ], [ -104.374141553334539, 28.625398099833557 ], [ -104.380256849552666, 28.634433890202043 ], [ -104.373665881964357, 28.636464836096714 ], [ -104.350523730741529, 28.661734373337463 ], [ -104.384145796120663, 28.663466009529667 ], [ -104.363954143719113, 28.685412951667402 ], [ -104.383769414444373, 28.691044097755462 ], [ -104.401170087193819, 28.693553629608534 ], [ -104.415779635662744, 28.692945373241908 ], [ -104.423387932974606, 28.718975222171171 ], [ -104.418811074285586, 28.731395089254114 ], [ -104.418190412296468, 28.740729263801747 ], [ -104.421233427164793, 28.752841910491114 ], [ -104.628816412837182, 28.756510623777594 ], [ -104.635820500773832, 28.748849129400973 ], [ -104.699604156995264, 28.757360385376728 ], [ -104.710491577716482, 28.748803441934285 ], [ -104.716624459388441, 28.747087602118459 ], [ -104.722891132311062, 28.760158742125121 ], [ -104.725895209635752, 28.759259087303576 ], [ -104.818613420329172, 28.95542422198449 ], [ -104.805903268319966, 28.95591728938561 ], [ -104.795024772242996, 28.970876282673537 ], [ -104.736699409922849, 28.938886554620236 ], [ -104.725932243726291, 28.946602767655943 ], [ -104.718716263779953, 28.966568147098272 ], [ -104.721773924613629, 28.970952258548678 ], [ -104.734554541172841, 28.974224619601781 ], [ -104.739167874284888, 28.979249401511051 ], [ -104.750452403278487, 28.997598330666381 ], [ -104.746318698024098, 29.001473543041989 ], [ -104.763795666354625, 29.024452677188098 ], [ -104.60784024447868, 29.147661456391806 ], [ -104.589495248394115, 29.156499819107271 ], [ -104.57373002664761, 29.161236621534215 ], [ -104.584905945096011, 29.167602101653749 ], [ -104.588502102569606, 29.17696044769826 ], [ -104.605499725874566, 29.191266512658554 ], [ -104.610298312049537, 29.203743537344003 ], [ -104.602107788752264, 29.223274672742519 ], [ -104.584107049055191, 29.229635381970891 ], [ -104.583928888400507, 29.239559931005999 ], [ -104.588461370248311, 29.249345243999112 ], [ -104.564902756061841, 29.267618818769098 ], [ -104.596011661274332, 29.301156588206485 ], [ -104.601697149996113, 29.316955349264962 ], [ -104.612508076637553, 29.327242520090387 ], [ -104.622623865152846, 29.34144842174009 ], [ -104.63937880367304, 29.353471342520972 ], [ -104.647492093222723, 29.356686390663313 ], [ -104.661107204700045, 29.368869708021681 ], [ -104.682954828140183, 29.377648188528031 ], [ -104.69164028345196, 29.384384064055141 ], [ -104.700700377502798, 29.387608662756854 ], [ -104.722980955783115, 29.408588024813749 ], [ -104.736113103138294, 29.412898375080275 ], [ -104.753799012046201, 29.42719380854248 ], [ -104.761462751074589, 29.439288622149462 ], [ -104.778295940796369, 29.487485623599742 ], [ -104.799578285092736, 29.514229209687166 ], [ -104.79971849574676, 29.525191568562285 ], [ -104.795813909456811, 29.533207128919145 ], [ -104.803044412323828, 29.553565821022357 ], [ -104.816779318140121, 29.560977630634671 ], [ -104.837775825050016, 29.567237712943058 ], [ -104.845514436067617, 29.575812584401579 ], [ -104.862070051311832, 29.584495322892341 ], [ -104.863905358859441, 29.588033402655807 ], [ -104.861406690564721, 29.607235175686728 ], [ -104.85404896990967, 29.614589567818815 ], [ -104.861328603545815, 29.63287730692738 ], [ -104.873364990795721, 29.649361333764361 ], [ -104.867308735628299, 29.674516848825153 ], [ -104.873778521251083, 29.684315125773669 ], [ -104.872559045428787, 29.70229160020704 ], [ -104.883209887949619, 29.727649813679427 ], [ -104.878358056729638, 29.735656123306828 ], [ -104.887127674702626, 29.739691203573134 ], [ -104.887374340234743, 29.744243661756013 ], [ -104.901289660914969, 29.762815272589233 ], [ -104.893948324483731, 29.768517631378693 ], [ -104.867286550577987, 29.820307069541709 ], [ -104.855734207840314, 29.832573267886982 ], [ -104.855019990654171, 29.837941100796321 ], [ -104.859946127524836, 29.846066421155257 ], [ -104.859012345701743, 29.865700202446302 ], [ -104.855724249827688, 29.87413832397452 ], [ -104.851571474172005, 29.877189148503277 ], [ -104.872263373104701, 29.866482261555745 ], [ -104.878546510147046, 29.868626371871954 ], [ -104.884911328565167, 29.865394600704906 ], [ -104.896271261278585, 29.865944645676624 ], [ -104.902183426948426, 29.87180541512171 ], [ -104.904431204713092, 29.890443310465312 ], [ -104.897665746627595, 29.899254554492032 ], [ -104.88588289818766, 29.905523639458035 ], [ -104.881747360516044, 29.928220604088118 ], [ -104.857660674724499, 29.932890534700629 ], [ -104.847882679448986, 29.931736384525344 ], [ -104.830601601843085, 29.945583871561524 ], [ -104.82331132737805, 29.946940358778605 ], [ -104.819858429508258, 29.945449571342021 ], [ -104.824685617115477, 30.000102256085508 ], [ -104.875467051301598, 30.049942356046742 ], [ -104.822460118673462, 30.08092800828517 ], [ -104.814217167209478, 30.081858555925514 ], [ -104.805094247625689, 30.078434965760643 ], [ -104.798436659457508, 30.079177771294116 ], [ -104.789067484812776, 30.091052091634921 ], [ -104.790392752885211, 30.106991475201429 ], [ -104.784268972662204, 30.113737150689417 ], [ -104.791845152482523, 30.115074603021377 ], [ -104.79571315404948, 30.110781343807687 ], [ -104.806678307005456, 30.117950945111151 ], [ -104.835158924362077, 30.118721055206212 ], [ -104.881431839860127, 30.115358280117718 ], [ -104.873177006072098, 30.178947460470692 ], [ -104.88002502903197, 30.186887928856063 ], [ -104.880697860872104, 30.205092745639625 ], [ -104.888916045512445, 30.22731701034974 ], [ -104.944555931371553, 30.301998581123932 ], [ -104.940702019814367, 30.305262399181537 ], [ -104.92990134116593, 30.306377464800487 ], [ -104.924330917790073, 30.297007400898174 ], [ -104.913915979657858, 30.293576567147831 ], [ -104.91007376536021, 30.296012524461176 ], [ -104.907080332327368, 30.305282062083371 ], [ -104.896113670712936, 30.3173515447357 ], [ -104.885637781649692, 30.317846515254239 ], [ -104.866144018545043, 30.32712275319053 ], [ -104.863779948264821, 30.336398951700044 ], [ -104.869311809396947, 30.348045641863671 ], [ -104.866438891830512, 30.36972223118622 ], [ -104.871602046047173, 30.364201914496263 ], [ -104.878614629001277, 30.362218889468451 ], [ -104.886198585610458, 30.364377854097491 ], [ -104.893735897431867, 30.369637443310669 ], [ -104.898881912397997, 30.36514973383893 ], [ -104.910028390211068, 30.362593834639174 ], [ -104.913894834840008, 30.358710739241562 ], [ -104.925302313740005, 30.35987856664962 ], [ -104.929784297836164, 30.357242854520024 ], [ -104.941170574813583, 30.359856470187406 ], [ -104.987731552007801, 30.486618452878236 ], [ -104.963506862598734, 30.490189885178712 ] ] ] } },
{ "type": "Feature", "properties": { "cve_edo": "08", "cve_mpo_ine": "053", "cve_edo_mpo_ine": "08053", "nom_mpo": "PRAXEDIS G. GUERRERO", "nom_edo": "Chihuahua", "alianza_ganadora": "Va por México", "margen_pp": 4.7238624522403612, "por_participacion": 51.90192897061474 }, "geometry": { "type": "Polygon", "coordinates": [ [ [ -106.004007870730888, 31.391397868732369 ], [ -105.972624702768272, 31.36682759432874 ], [ -105.956752238075794, 31.36518856555012 ], [ -105.953365996979983, 31.362540342712752 ], [ -105.946224498498154, 31.351670458435869 ], [ -105.948435469190727, 31.338218456827647 ], [ -105.935697389503702, 31.315159881813713 ], [ -105.928731163541244, 31.312297052120982 ], [ -105.909472481938849, 31.312625965918862 ], [ -105.903478402156935, 31.3060076725261 ], [ -105.896614287089506, 31.291502894205333 ], [ -105.876463115554358, 31.291577046297988 ], [ -105.870521132262454, 31.289497865260113 ], [ -105.854335634828672, 31.272159179855961 ], [ -105.851227260319988, 31.265133312371766 ], [ -105.838112505644176, 31.249410648275386 ], [ -105.817984832796768, 31.229909170684866 ], [ -105.807702781752326, 31.212993622599477 ], [ -105.811505990567497, 31.211482510363769 ], [ -105.814562427464523, 31.205031985716165 ], [ -105.826348492904529, 31.203173612435474 ], [ -105.828530917716506, 31.200658847280469 ], [ -105.819972239278783, 31.189254162204314 ], [ -105.82653226845423, 31.182328891150856 ], [ -105.821956694626635, 31.177663519663039 ], [ -105.815221867836286, 31.176543920324587 ], [ -105.810526434145302, 31.166308741024086 ], [ -105.819046679728572, 31.161412964552227 ], [ -105.830565567778493, 31.147590451808462 ], [ -105.842248940747666, 31.141399014410126 ], [ -105.846596435136746, 31.135750110882665 ], [ -105.852662778082731, 31.135641899438188 ], [ -105.864567795167915, 31.139555765466753 ], [ -105.867668905170717, 31.135372992040271 ], [ -105.875322345308419, 31.134822464119789 ], [ -105.902295201754683, 31.141142758537505 ], [ -105.911549986798718, 31.140767199944921 ], [ -105.922302236027349, 31.136030018881481 ], [ -105.932237519317425, 31.13749762411873 ], [ -105.974345744888893, 31.162506623839047 ], [ -105.9791261374192, 31.175623134616018 ], [ -105.98791009400982, 31.182266897510356 ], [ -106.024953924784668, 31.194561054440506 ], [ -106.036351366860501, 31.216627529080121 ], [ -106.045825026025057, 31.225358314633485 ], [ -106.07941466163804, 31.238900721248754 ], [ -106.083569073094978, 31.277818952339135 ], [ -106.080833445106279, 31.283650440124546 ], [ -106.061083319916435, 31.313338100382197 ], [ -106.040242194125483, 31.324885238787058 ], [ -106.035268178928092, 31.330965307788588 ], [ -106.047415116661796, 31.343523941673997 ], [ -106.01499643621932, 31.353227344289422 ], [ -106.020323877719477, 31.36171555699956 ], [ -106.018447315609095, 31.367423443986855 ], [ -106.024113968976806, 31.386274221007088 ], [ -106.004007870730888, 31.391397868732369 ] ] ] } },
{ "type": "Feature", "properties": { "cve_edo": "08", "cve_mpo_ine": "054", "cve_edo_mpo_ine": "08054", "nom_mpo": "RIVA PALACIO", "nom_edo": "Chihuahua", "alianza_ganadora": "Va por México", "margen_pp": 81.997571341833634, "por_participacion": 43.290839794979632 }, "geometry": { "type": "Polygon", "coordinates": [ [ [ -106.563824932726135, 29.073791385074554 ], [ -106.564027629159838, 29.077447786425939 ], [ -106.567349866987385, 29.080301988084894 ], [ -106.5727038220639, 29.078379915342303 ], [ -106.583678313152078, 29.081184823996157 ], [ -106.586683531413811, 29.086788912719751 ], [ -106.590424779096509, 29.085725864904489 ], [ -106.59960970730269, 29.075251951953341 ], [ -106.597217501102463, 29.063149547421368 ], [ -106.591044105525739, 29.056020317468324 ], [ -106.591953885242745, 29.045773514922093 ], [ -106.611907272273243, 29.046340492455084 ], [ -106.627833428098768, 29.040487658118625 ], [ -106.637973118893186, 29.039643066238455 ], [ -106.64004249854672, 29.03677834790189 ], [ -106.636438291576155, 29.032516901961888 ], [ -106.630699259777785, 29.033866004840316 ], [ -106.618871093385735, 29.031994808531781 ], [ -106.614792247149296, 28.999876151436318 ], [ -106.605639346936627, 28.993964170564144 ], [ -106.609384359979998, 28.987410757984705 ], [ -106.638589402883113, 28.987396048937644 ], [ -106.64342693681651, 28.985064507125593 ], [ -106.648523710159893, 28.977404750628647 ], [ -106.655969539563216, 28.974028244907601 ], [ -106.666229539059032, 28.973262693923022 ], [ -106.667652185672821, 28.969577363732874 ], [ -106.661892376577612, 28.964107451844686 ], [ -106.63881780558394, 28.963353295244389 ], [ -106.639021650700954, 28.955447672682986 ], [ -106.635318710217476, 28.952269164304678 ], [ -106.60220608865221, 28.956593253916786 ], [ -106.589304679948683, 28.939183245638255 ], [ -106.588579438323436, 28.934537714708036 ], [ -106.593079739474973, 28.922315386318161 ], [ -106.59129124993008, 28.920682795525813 ], [ -106.581398901942393, 28.920853918584282 ], [ -106.573639330917189, 28.915248170475564 ], [ -106.564476477048004, 28.902429257125068 ], [ -106.556256706389306, 28.898660313815906 ], [ -106.547997276072223, 28.898967415643607 ], [ -106.538333905866992, 28.89197782185439 ], [ -106.534037350654614, 28.884065076415162 ], [ -106.532704251655744, 28.874105783573725 ], [ -106.532876755648886, 28.86428740156904 ], [ -106.537488538639323, 28.863294428286753 ], [ -106.536749058366127, 28.857816931475373 ], [ -106.54049323129253, 28.845193054254906 ], [ -106.537133017749881, 28.840092649869433 ], [ -106.538621811496597, 28.833412879592917 ], [ -106.535218676376331, 28.820161260731933 ], [ -106.528418564407602, 28.818113255977803 ], [ -106.522751114551625, 28.822450936875885 ], [ -106.516357057524587, 28.821892786732448 ], [ -106.511498890453893, 28.798516527018084 ], [ -106.51436224339264, 28.773347306288713 ], [ -106.523538412114036, 28.741877505471383 ], [ -106.51920829436051, 28.732372078394615 ], [ -106.513409071481405, 28.727436604426156 ], [ -106.504171069284411, 28.731975964125063 ], [ -106.497929099072792, 28.71759065805324 ], [ -106.499260079224982, 28.711031674061729 ], [ -106.49761576386723, 28.708803926515753 ], [ -106.437234308612503, 28.707864132453128 ], [ -106.432959944388003, 28.705485961358985 ], [ -106.432151689295623, 28.696784856809636 ], [ -106.417813265344492, 28.687336895613509 ], [ -106.41359138857635, 28.673266642042559 ], [ -106.403166007748283, 28.668105070811841 ], [ -106.385402307247858, 28.670862396295703 ], [ -106.387727935258923, 28.662059772498857 ], [ -106.386085225172863, 28.659581802447999 ], [ -106.376319614710994, 28.659638010108704 ], [ -106.370220069137986, 28.665642772468082 ], [ -106.360228504812341, 28.670010801804107 ], [ -106.355026478293482, 28.679906978814355 ], [ -106.341681177755163, 28.689516103403971 ], [ -106.339184358588469, 28.690939334508059 ], [ -106.331033200683294, 28.689076441785026 ], [ -106.322549240637628, 28.69500907388241 ], [ -106.320656999350533, 28.692531622392771 ], [ -106.324622414855469, 28.684799148842426 ], [ -106.325812306499131, 28.673433069519334 ], [ -106.32479736814814, 28.671033881589409 ], [ -106.319779696863989, 28.669402235772687 ], [ -106.321765046092835, 28.666074975959365 ], [ -106.330369241206341, 28.659644278365604 ], [ -106.332710804839721, 28.652915322662011 ], [ -106.345672220297487, 28.642480070853662 ], [ -106.364429493414676, 28.638976212897411 ], [ -106.367169259372119, 28.636556171694348 ], [ -106.356762565729639, 28.611905083970594 ], [ -106.35086090178963, 28.608455231807156 ], [ -106.343722257508233, 28.607499417787384 ], [ -106.335557282176467, 28.601988268543355 ], [ -106.315703791968119, 28.586754104643916 ], [ -106.30802390254479, 28.577756041783573 ], [ -106.314624409401532, 28.572083100056517 ], [ -106.316597560065517, 28.56676592074346 ], [ -106.314297230766201, 28.557656870421773 ], [ -106.316415199211619, 28.556070300295474 ], [ -106.319931290197204, 28.558622289369755 ], [ -106.323556904815163, 28.558271433076957 ], [ -106.329225883003971, 28.542735385188418 ], [ -106.337955511718789, 28.538210853458445 ], [ -106.342002823680644, 28.523926850991664 ], [ -106.348960679150466, 28.516011589584437 ], [ -106.352104878193003, 28.524056334706177 ], [ -106.363449470587085, 28.537050186368266 ], [ -106.38794342994494, 28.538876682060646 ], [ -106.390927216055488, 28.544953304134076 ], [ -106.413294247717531, 28.539778060151754 ], [ -106.418245455136642, 28.531033059359828 ], [ -106.422973622181487, 28.530308049938728 ], [ -106.424462133722216, 28.523262594219208 ], [ -106.437181817684859, 28.503253792919004 ], [ -106.44623468639395, 28.48089715435497 ], [ -106.451474384347847, 28.474461281307192 ], [ -106.457768169644424, 28.470986159556553 ], [ -106.453963386814749, 28.461202950227818 ], [ -106.456250198762461, 28.450426881689229 ], [ -106.453526052366868, 28.444926638850578 ], [ -106.4630254345455, 28.439671613694063 ], [ -106.480536082744422, 28.436123029489561 ], [ -106.509348944671117, 28.436793509991258 ], [ -106.508828417985882, 28.429362312389618 ], [ -106.503130273303185, 28.418532757727231 ], [ -106.508440941061764, 28.409696913535189 ], [ -106.51500759347789, 28.40770310645421 ], [ -106.52280043189883, 28.414258416418907 ], [ -106.530966050214261, 28.428328851461206 ], [ -106.536559984914447, 28.426808306765327 ], [ -106.542751304494303, 28.420701065668236 ], [ -106.547108692876378, 28.420797908409646 ], [ -106.543607165760392, 28.432910509252284 ], [ -106.565521248267572, 28.451288259263968 ], [ -106.566552831853045, 28.453092706948183 ], [ -106.557269180407872, 28.450082256415364 ], [ -106.588489660665886, 28.491806915950612 ], [ -106.623439129865744, 28.493036037588112 ], [ -106.622987657340943, 28.501889950300288 ], [ -106.603937180249432, 28.503738576371767 ], [ -106.59641854548741, 28.508477794054912 ], [ -106.595875013140372, 28.519152066847475 ], [ -106.606126702721554, 28.526693294883724 ], [ -106.606423552518208, 28.548517812021174 ], [ -106.602014877954758, 28.552881419245821 ], [ -106.592873584819088, 28.570790925107488 ], [ -106.605218462181185, 28.570116035499133 ], [ -106.613290491995969, 28.580830184010182 ], [ -106.62165481833938, 28.58723993922651 ], [ -106.637839777766942, 28.591301369736954 ], [ -106.645319580617155, 28.597061192526613 ], [ -106.658740988826793, 28.600168816822741 ], [ -106.656779720995843, 28.608301037059633 ], [ -106.670463428956523, 28.605698417459433 ], [ -106.6925402984035, 28.616857924032036 ], [ -106.692595375695561, 28.619585603358615 ], [ -106.680559787045198, 28.629689721668996 ], [ -106.680614579284835, 28.632417413634013 ], [ -106.687235557421403, 28.638683809420865 ], [ -106.690395341480567, 28.634336431117223 ], [ -106.714250522911001, 28.628184678399212 ], [ -106.720410277295926, 28.624038607140378 ], [ -106.731516562864172, 28.623619168929263 ], [ -106.743855780718192, 28.658649761746453 ], [ -106.746302112264004, 28.656131220784658 ], [ -106.750548151818052, 28.656064955080566 ], [ -106.758863735880723, 28.665443037941589 ], [ -106.762672359158671, 28.692254279036568 ], [ -106.755751480292346, 28.70195379483771 ], [ -106.754215951715764, 28.712230170640712 ], [ -106.760345385279564, 28.712464739427016 ], [ -106.765779072130172, 28.709320121455736 ], [ -106.769933498184926, 28.710742863439222 ], [ -106.796684997883986, 28.693286184716044 ], [ -106.801122493898831, 28.694067373610238 ], [ -106.798033950607078, 28.709717767918697 ], [ -106.801917872026877, 28.721892085575529 ], [ -106.802083851303948, 28.747271765464252 ], [ -106.805679246781509, 28.757548885997604 ], [ -106.818501570409225, 28.749074583011271 ], [ -106.831000406221406, 28.748872151849792 ], [ -106.884835368648993, 28.769069522933698 ], [ -106.869842445224862, 28.781058355588726 ], [ -106.879523017662123, 28.777673523699487 ], [ -106.888912202420556, 28.778095978284345 ], [ -106.884690267587175, 28.785111134231496 ], [ -106.873116164872428, 28.793405636425035 ], [ -106.871480323186603, 28.798641338424119 ], [ -106.866877304964163, 28.799792261352909 ], [ -106.862529823825255, 28.806891523875979 ], [ -106.852775125425538, 28.812756734459839 ], [ -106.843072411563554, 28.826805413404127 ], [ -106.821903697007258, 28.81995700934818 ], [ -106.793839368482878, 28.82991651933142 ], [ -106.812974477423651, 28.841656586065916 ], [ -106.819022684710731, 28.835234550839569 ], [ -106.821899991713622, 28.835291579530043 ], [ -106.810872688755367, 28.863674643150603 ], [ -106.864864752155938, 28.878898892447999 ], [ -106.868732281435413, 28.887629470754188 ], [ -106.885731998281784, 28.895740505893439 ], [ -106.888918171037403, 28.900093625235503 ], [ -106.885833322594664, 28.912858843424189 ], [ -106.876707506088039, 28.923199692783381 ], [ -106.868327379925702, 28.923691478074328 ], [ -106.861559533844726, 28.913416507933135 ], [ -106.840277426065853, 28.903273909116784 ], [ -106.827091574564406, 28.889829773066978 ], [ -106.820739510372363, 28.921975791076999 ], [ -106.807433864956138, 28.898937148273266 ], [ -106.803517737914746, 28.895994387393699 ], [ -106.808197872190831, 28.910012737379269 ], [ -106.805062596381177, 28.919551442960699 ], [ -106.775601546931028, 28.946604913142146 ], [ -106.780476676394244, 28.956262361708049 ], [ -106.785660803602795, 28.959622822025672 ], [ -106.7907796942294, 28.959044118509901 ], [ -106.793832760449007, 28.962904467432057 ], [ -106.811983418565731, 28.972337663700941 ], [ -106.813282436421446, 28.97604773033914 ], [ -106.80762233469251, 29.014058815585273 ], [ -106.790695080296175, 29.023057465319191 ], [ -106.785934696845615, 29.03327161938773 ], [ -106.787780945468185, 29.040698769135982 ], [ -106.782116145396884, 29.069115392564296 ], [ -106.800775125455388, 29.097649142953912 ], [ -106.808148344963669, 29.113795192756864 ], [ -106.806574918584886, 29.117417218782084 ], [ -106.809623823242205, 29.133116655045498 ], [ -106.803394956098046, 29.141067800465084 ], [ -106.794763541180828, 29.145062612968506 ], [ -106.792635988671435, 29.148180432147846 ], [ -106.802582379860581, 29.154202944822597 ], [ -106.850280135487267, 29.163358099348596 ], [ -106.850550206703488, 29.16690846176645 ], [ -106.844815029949217, 29.173125104569362 ], [ -106.842504392495215, 29.186596390748779 ], [ -106.832364010054661, 29.190269143867464 ], [ -106.828526210256499, 29.199946809669683 ], [ -106.822152119325438, 29.204513149685585 ], [ -106.790541581570636, 29.20520490508833 ], [ -106.786168321241163, 29.208854113598935 ], [ -106.783954209782593, 29.218029510520967 ], [ -106.78416711724897, 29.262133105795712 ], [ -106.746387078627691, 29.262753669374177 ], [ -106.745018842561819, 29.265566170325521 ], [ -106.75006155743084, 29.270340550605585 ], [ -106.746304064724512, 29.272252154675606 ], [ -106.72518502233703, 29.265544744606391 ], [ -106.705895337171881, 29.275843121882243 ], [ -106.704411372747089, 29.281381196110431 ], [ -106.698203234584369, 29.251706003327538 ], [ -106.673669136164762, 29.252804959376604 ], [ -106.682772072503468, 29.237252859676474 ], [ -106.683184368873611, 29.23049727073893 ], [ -106.674129517455981, 29.231854997551103 ], [ -106.654565553791926, 29.245832955312792 ], [ -106.638048811380415, 29.223819423386661 ], [ -106.617056255081096, 29.212303269937092 ], [ -106.606054553071431, 29.211218063961557 ], [ -106.599191314954311, 29.20751188336995 ], [ -106.58973816616674, 29.206012985610478 ], [ -106.585306026696543, 29.19261521924998 ], [ -106.582389961823466, 29.191334928657408 ], [ -106.574180004427859, 29.195053538725485 ], [ -106.565446302377367, 29.19187691274055 ], [ -106.561594792416102, 29.193856181075979 ], [ -106.553725298345285, 29.207798580059357 ], [ -106.540994007767807, 29.211675666892674 ], [ -106.545974595806086, 29.203605736686541 ], [ -106.548817227691117, 29.183511328511077 ], [ -106.554867790453017, 29.172677929324795 ], [ -106.551494424855733, 29.137717511952602 ], [ -106.546934842093606, 29.129810164634396 ], [ -106.538177676239343, 29.131206841014443 ], [ -106.538500191929955, 29.128622817979199 ], [ -106.533014611836848, 29.124390559583915 ], [ -106.530889288005085, 29.118770369038593 ], [ -106.525937485448111, 29.116025990497018 ], [ -106.518399085384345, 29.103509803739605 ], [ -106.538409618366941, 29.094271383857297 ], [ -106.546621755619199, 29.084982008641767 ], [ -106.563824932726135, 29.073791385074554 ] ] ] } },
{ "type": "Feature", "properties": { "cve_edo": "08", "cve_mpo_ine": "055", "cve_edo_mpo_ine": "08055", "nom_mpo": "ROSALES", "nom_edo": "Chihuahua", "alianza_ganadora": "Va por México", "margen_pp": 39.084818607002909, "por_participacion": 57.119133574007222 }, "geometry": { "type": "Polygon", "coordinates": [ [ [ -105.55706319860559, 28.55931683600086 ], [ -105.542955972229905, 28.556272705150402 ], [ -105.53498519777186, 28.559097680270252 ], [ -105.529614090252053, 28.557200082741321 ], [ -105.491779557280807, 28.512367974561492 ], [ -105.492009074884223, 28.489588343197912 ], [ -105.510227880821859, 28.477163421055611 ], [ -105.535260466576631, 28.472581331296446 ], [ -105.541196053801158, 28.474439938349981 ], [ -105.544121642539352, 28.472948685660068 ], [ -105.548477868224396, 28.463448988178662 ], [ -105.556445460808362, 28.460255425705093 ], [ -105.560670949181258, 28.453768227840346 ], [ -105.571495039154371, 28.446111294852386 ], [ -105.578581580196968, 28.444197929297534 ], [ -105.580565368984551, 28.438870486482294 ], [ -105.590261755674021, 28.428986376355777 ], [ -105.593565002291186, 28.430876814335164 ], [ -105.599298778971942, 28.428717175416846 ], [ -105.612167996225992, 28.430471070277559 ], [ -105.615648708371992, 28.429444818512376 ], [ -105.618207598632537, 28.424214774220665 ], [ -105.622941955564812, 28.42552319374645 ], [ -105.62828578512827, 28.419732479750465 ], [ -105.63464485844564, 28.42008686979835 ], [ -105.649437876960704, 28.414022973634019 ], [ -105.663765879130267, 28.413899893811728 ], [ -105.638443757138603, 28.392388972404696 ], [ -105.644960923928309, 28.388823201847924 ], [ -105.639285572554073, 28.383515466357199 ], [ -105.629596795749521, 28.358782314931474 ], [ -105.619829083101465, 28.349284064825643 ], [ -105.60826710365258, 28.330581170092138 ], [ -105.599444419316612, 28.323859359937593 ], [ -105.590749661243066, 28.324283722539082 ], [ -105.5821737587478, 28.315033313900248 ], [ -105.57188334887185, 28.297023444410222 ], [ -105.561550884910616, 28.295560216609658 ], [ -105.52612543508711, 28.259151589336806 ], [ -105.520722148376748, 28.26310694309235 ], [ -105.510471961187136, 28.253678159516067 ], [ -105.515869563396777, 28.247789076614332 ], [ -105.5004165972789, 28.232530028426282 ], [ -105.501605854595368, 28.228192226744607 ], [ -105.494667064647444, 28.183889801652207 ], [ -105.500449877174646, 28.181787179786873 ], [ -105.522694706395939, 28.181885959067788 ], [ -105.527422006052319, 28.179781743480326 ], [ -105.531965966364211, 28.173792589782867 ], [ -105.534826307798852, 28.17333960546997 ], [ -105.532859286693267, 28.164536671463708 ], [ -105.541398278783049, 28.150029805591206 ], [ -105.555006884834199, 28.14252342735471 ], [ -105.555252285833049, 28.13826750695285 ], [ -105.578058805588725, 28.128275191091483 ], [ -105.574940134891548, 28.125680598145163 ], [ -105.576516185565865, 28.124027969055987 ], [ -105.643908253975994, 28.096168999562448 ], [ -105.640820965479975, 28.083979688833519 ], [ -105.642376719997941, 28.077450802770397 ], [ -105.65305411982159, 28.077075672813947 ], [ -105.661369015316737, 28.060462213025986 ], [ -105.676091866579085, 28.048844775636415 ], [ -105.651104632805243, 28.024080115651746 ], [ -105.655942336674215, 28.004838649387398 ], [ -105.670162284930058, 27.995937068259092 ], [ -105.693854066007248, 27.994607782279616 ], [ -105.722145973130239, 27.984966544376366 ], [ -105.7389615905835, 27.969058112442521 ], [ -105.75914623257934, 27.93587508297168 ], [ -105.773666496024944, 27.926015712363039 ], [ -105.779380454453687, 27.917093565876517 ], [ -105.792040545926071, 27.909404833260112 ], [ -105.796631993924777, 27.901606935359453 ], [ -105.864058916850894, 27.894072227523505 ], [ -105.872078225527417, 27.906135641822878 ], [ -105.876736349161135, 27.918824384300365 ], [ -105.881177316257407, 27.920936022726266 ], [ -105.875775809133714, 27.933519722681886 ], [ -105.881790002846586, 27.93853922610537 ], [ -105.891970062623898, 27.939057734234208 ], [ -105.894352848929998, 27.946104473481807 ], [ -105.902191144724299, 27.945358855554684 ], [ -105.912830837648002, 27.939849734847741 ], [ -105.931355434261903, 27.947719843481305 ], [ -105.947343105127203, 27.968367117066787 ], [ -105.975506970911511, 27.989791763833765 ], [ -105.979303022759581, 28.003046262991045 ], [ -105.990118486103611, 28.012154909279772 ], [ -105.981270420495036, 28.013722042497626 ], [ -105.977726546501742, 28.018314006678942 ], [ -105.971131296734427, 28.01874572689853 ], [ -105.962876527012, 28.022300132422199 ], [ -105.962350698397174, 28.024360264892447 ], [ -105.962837496589088, 28.034113114766338 ], [ -105.971609751163712, 28.047251049427185 ], [ -105.974092591372099, 28.065697223340255 ], [ -105.980363235583383, 28.080131924584311 ], [ -106.005969100897119, 28.081615315164694 ], [ -106.012413042146932, 28.074158608370333 ], [ -106.014119206247742, 28.067483304067089 ], [ -106.023470244799682, 28.075170804142161 ], [ -106.03527279223745, 28.076271594194719 ], [ -106.034428726961195, 28.083698552385361 ], [ -106.038460803482849, 28.089270486490957 ], [ -106.0527410221476, 28.10088367307198 ], [ -106.067247422534265, 28.10481481252879 ], [ -106.06969638359773, 28.107893270621865 ], [ -106.060551884510929, 28.13193221930409 ], [ -106.052961107633124, 28.140807872879027 ], [ -106.050108279843172, 28.141318758917645 ], [ -106.044603729063198, 28.136958154068022 ], [ -106.032026535884128, 28.11913709713334 ], [ -106.030040300162895, 28.133634599226635 ], [ -106.023813201487812, 28.146248189300433 ], [ -106.019052674156441, 28.141634633891531 ], [ -106.002357327127314, 28.13591732373229 ], [ -105.992433217093875, 28.137618424551068 ], [ -105.986199438904677, 28.134914496796593 ], [ -105.97837545156905, 28.135197733372092 ], [ -105.971632522527315, 28.130922390973897 ], [ -105.965484224474608, 28.138731359111734 ], [ -105.949190137878503, 28.151964530439972 ], [ -105.938501784504112, 28.167490809839194 ], [ -105.974292275687702, 28.167751788429939 ], [ -105.973837224389655, 28.203435633835937 ], [ -105.940157070204165, 28.204325053816056 ], [ -105.927874371097289, 28.223499853603176 ], [ -105.928828592245239, 28.23434127795468 ], [ -105.92567240275315, 28.244288766211859 ], [ -105.91560627606097, 28.261466537992415 ], [ -105.915756544630071, 28.26486026510981 ], [ -105.92401825426488, 28.271698440281646 ], [ -105.923178821915727, 28.27575846610879 ], [ -105.847508157867338, 28.270000424469732 ], [ -105.851507044839337, 28.272635643461218 ], [ -105.846457538563641, 28.279856023539089 ], [ -105.839278177084225, 28.285013829650367 ], [ -105.817305346607938, 28.291959144731429 ], [ -105.773551648533726, 28.298222047241907 ], [ -105.729887881795918, 28.278474502128599 ], [ -105.735574817176555, 28.3143076914853 ], [ -105.75965115213728, 28.323927388771796 ], [ -105.7604435119529, 28.331293415650652 ], [ -105.755830401469922, 28.350182630907721 ], [ -105.743936021376413, 28.359405518575468 ], [ -105.73973941841291, 28.365377571393399 ], [ -105.725578903760763, 28.39174269219831 ], [ -105.724519009466235, 28.40209414927962 ], [ -105.713254224087748, 28.414293276375751 ], [ -105.744742457430306, 28.471582348938171 ], [ -105.708022327072939, 28.479213031299828 ], [ -105.655772978824714, 28.521390735560882 ], [ -105.647729911973698, 28.509072026638915 ], [ -105.625332557225221, 28.517726525435332 ], [ -105.62021707359817, 28.516991056463521 ], [ -105.610879084531703, 28.519657402056154 ], [ -105.599658193877318, 28.519759880297944 ], [ -105.595647215174026, 28.515378875945377 ], [ -105.584095277668595, 28.524753048561074 ], [ -105.579396693535472, 28.533453377979175 ], [ -105.572928765409642, 28.537106088789219 ], [ -105.568465999704657, 28.54307363414949 ], [ -105.566388111479867, 28.552597486584428 ], [ -105.55706319860559, 28.55931683600086 ] ] ] } },
{ "type": "Feature", "properties": { "cve_edo": "08", "cve_mpo_ine": "056", "cve_edo_mpo_ine": "08056", "nom_mpo": "ROSARIO", "nom_edo": "Chihuahua", "alianza_ganadora": "Va por México", "margen_pp": 74.773242630385482, "por_participacion": 81.780250347705135 }, "geometry": { "type": "Polygon", "coordinates": [ [ [ -106.216867678511207, 27.447500561194243 ], [ -106.20371797020286, 27.440259781356694 ], [ -106.198704339170988, 27.443279380961073 ], [ -106.193385074159821, 27.441507151500087 ], [ -106.191728231231124, 27.437057676445139 ], [ -106.19698631574623, 27.433953309064471 ], [ -106.196046753897861, 27.4277616667089 ], [ -106.188386232383905, 27.425844284191129 ], [ -106.182865594350886, 27.427627955256003 ], [ -106.17036869680652, 27.423023248519883 ], [ -106.161775395456004, 27.415243107779027 ], [ -106.152918784591307, 27.416144486772229 ], [ -106.148312499503135, 27.412049854238191 ], [ -106.147505974598815, 27.406435345205704 ], [ -106.134451351543362, 27.40637860203838 ], [ -106.125618644200472, 27.409262021286228 ], [ -106.122130501373405, 27.41631721514495 ], [ -106.118820059486893, 27.417584260252546 ], [ -106.100951500976649, 27.416736949847696 ], [ -106.097587133393361, 27.413374615825827 ], [ -106.098137706335265, 27.407748893268273 ], [ -106.103384680842254, 27.403573444640926 ], [ -106.103704060319004, 27.399272222492566 ], [ -106.098927294419141, 27.390878604732503 ], [ -106.095481767128149, 27.391071505785977 ], [ -106.092484734291659, 27.398122079731998 ], [ -106.089064646362104, 27.400546623361834 ], [ -106.077772134963269, 27.403777217253396 ], [ -106.068260555136675, 27.401206351824435 ], [ -106.063652335139821, 27.396612844930893 ], [ -106.061835618516355, 27.379034981496851 ], [ -106.054411034412354, 27.373863905112024 ], [ -106.053217794754502, 27.358259642892307 ], [ -106.049327423556946, 27.350369561344543 ], [ -106.065624239180536, 27.342202415538111 ], [ -106.075213372441084, 27.341218278994088 ], [ -106.079241677771194, 27.338293301709903 ], [ -106.094431085956131, 27.342719748989364 ], [ -106.107378249161769, 27.334183897518209 ], [ -106.111198887129575, 27.334649041616842 ], [ -106.119276160642116, 27.330780781731143 ], [ -106.125359661519227, 27.324861736643154 ], [ -106.126353884858091, 27.31526422612508 ], [ -106.12856270314083, 27.31475010541525 ], [ -106.123853195589433, 27.311895348177945 ], [ -106.123774331337202, 27.305199957264417 ], [ -106.119486630569696, 27.296306877268194 ], [ -106.121062549057939, 27.294310021606623 ], [ -106.117442818694173, 27.289875447347345 ], [ -106.117805102463564, 27.27879506038229 ], [ -106.120924457669986, 27.2720736052744 ], [ -106.112362919184292, 27.265695016515718 ], [ -106.109792660265526, 27.256208968333826 ], [ -106.110243204996408, 27.25265061232642 ], [ -106.114648885095804, 27.250796305856149 ], [ -106.109698445859365, 27.237526751305882 ], [ -106.116427063635058, 27.234578970092759 ], [ -106.109222054394593, 27.228271751533278 ], [ -106.107730679737259, 27.216296846596183 ], [ -106.096114440535615, 27.189687780699082 ], [ -106.097499977569328, 27.18190587313606 ], [ -106.110671628255147, 27.173120145381272 ], [ -106.111008622701959, 27.170389357712416 ], [ -106.103364344598575, 27.168218675327402 ], [ -106.105296009058051, 27.165227120056102 ], [ -106.11534471690635, 27.162831488869365 ], [ -106.118737841845501, 27.158753235174213 ], [ -106.126031555738024, 27.162496657856881 ], [ -106.136688969007295, 27.15968119915518 ], [ -106.142263276075866, 27.153104354037264 ], [ -106.158435928662215, 27.149249497775365 ], [ -106.162539252177041, 27.143097553384031 ], [ -106.166580223712657, 27.141988787568987 ], [ -106.172895541383241, 27.146068704999713 ], [ -106.183128095440438, 27.144930650192467 ], [ -106.211347422115281, 27.150918759955644 ], [ -106.220307809225787, 27.149524603165926 ], [ -106.227833392502006, 27.151864653348294 ], [ -106.249771489956927, 27.134478712347267 ], [ -106.258331883992369, 27.141442301022902 ], [ -106.266694825992388, 27.14170490577029 ], [ -106.28250472344159, 27.126598162244214 ], [ -106.288873396267007, 27.124559286925244 ], [ -106.292461558922554, 27.126597776929373 ], [ -106.301552235428076, 27.126107560815143 ], [ -106.304274513281939, 27.127656609553224 ], [ -106.304235121815779, 27.134855387988225 ], [ -106.316319213704475, 27.1345061695128 ], [ -106.324592966895409, 27.141135221328678 ], [ -106.344232210773583, 27.148824903496568 ], [ -106.344996565483555, 27.151052179063175 ], [ -106.36150304589026, 27.153636936388434 ], [ -106.370463375334438, 27.152398709708994 ], [ -106.373078422229497, 27.15510568013147 ], [ -106.387009339930913, 27.158124161712138 ], [ -106.408728392290314, 27.154616049121799 ], [ -106.427428267877914, 27.145837647266255 ], [ -106.443901375176679, 27.145765382643081 ], [ -106.454404934550979, 27.159399940355861 ], [ -106.459478505941519, 27.171348291714683 ], [ -106.459778023110417, 27.184914279324879 ], [ -106.452283705190709, 27.194997137318275 ], [ -106.453818472596865, 27.199533013378346 ], [ -106.4637369014781, 27.196128444852977 ], [ -106.465109929920857, 27.188255241663363 ], [ -106.471551363705416, 27.1824014958849 ], [ -106.478442782932618, 27.182748333830528 ], [ -106.489959589178397, 27.179491890350441 ], [ -106.501374006421287, 27.173027691719501 ], [ -106.500618070622721, 27.171650421903969 ], [ -106.507505497254144, 27.175232180964173 ], [ -106.513172292752699, 27.175501276724034 ], [ -106.534744311106124, 27.172271375389652 ], [ -106.567250833453571, 27.179163368865034 ], [ -106.58179469217643, 27.177391364313518 ], [ -106.583651364194168, 27.174254957816899 ], [ -106.6017859532041, 27.165132693545221 ], [ -106.615696391121773, 27.169474539827448 ], [ -106.618649419733671, 27.178950296863977 ], [ -106.617439053365729, 27.182058775159781 ], [ -106.608907313880948, 27.182565568490318 ], [ -106.604708044169286, 27.186500241960712 ], [ -106.593474389124395, 27.190403678129911 ], [ -106.593823623175368, 27.210175943584279 ], [ -106.542170897070264, 27.219307365872623 ], [ -106.534331130317298, 27.224956282657679 ], [ -106.539044370409087, 27.228066744937241 ], [ -106.559577242384279, 27.230714078417485 ], [ -106.580189057637185, 27.238569927315307 ], [ -106.602666491644783, 27.242257466261904 ], [ -106.604195855804832, 27.244615309855742 ], [ -106.585361061605354, 27.250456496108701 ], [ -106.559759945138268, 27.251639685350856 ], [ -106.552866218135051, 27.254752962331285 ], [ -106.542518015794855, 27.265293078063959 ], [ -106.553505959198503, 27.280570149234144 ], [ -106.5663942754434, 27.286886444113424 ], [ -106.577057255589722, 27.297108148467981 ], [ -106.574948430325421, 27.301183467358712 ], [ -106.556747472014479, 27.298605023359322 ], [ -106.548522716788597, 27.300771212604165 ], [ -106.546173216597595, 27.308395030678835 ], [ -106.54975241867109, 27.312299706998221 ], [ -106.549254636349602, 27.319975763769428 ], [ -106.523390859330405, 27.332391921281413 ], [ -106.51464270330078, 27.339089464893199 ], [ -106.536915335530352, 27.345839922902858 ], [ -106.545922909750871, 27.353867001971519 ], [ -106.537964267468823, 27.359099856773522 ], [ -106.5215156257008, 27.363099462871944 ], [ -106.499789428861035, 27.358429612071493 ], [ -106.477512880171432, 27.359198163074758 ], [ -106.458361164322426, 27.351535867012952 ], [ -106.445339039561333, 27.352813759667072 ], [ -106.443658680022821, 27.354997896121471 ], [ -106.431896789440998, 27.348206944861388 ], [ -106.429267307337852, 27.349205651120236 ], [ -106.430734417742187, 27.368019936638166 ], [ -106.428397985107196, 27.363982780972218 ], [ -106.425195196764548, 27.363641671267388 ], [ -106.41469529388182, 27.370696071792015 ], [ -106.408367851200126, 27.367699971036771 ], [ -106.402815548071146, 27.371011101980706 ], [ -106.398995038029256, 27.370651353537937 ], [ -106.389595987347178, 27.377984285974389 ], [ -106.374297339143467, 27.384233616361854 ], [ -106.368546009708723, 27.389687778924653 ], [ -106.375419977513005, 27.398407819824321 ], [ -106.385987849465323, 27.42939833575252 ], [ -106.373145256702131, 27.434595984718378 ], [ -106.365222988240774, 27.435448788449321 ], [ -106.362450043611304, 27.42857280625428 ], [ -106.351953296780721, 27.427341366542226 ], [ -106.329686467247953, 27.416771211741743 ], [ -106.326714747868365, 27.405597322425713 ], [ -106.321482693414353, 27.397793526455452 ], [ -106.31608985500003, 27.396904991053812 ], [ -106.314924686715727, 27.401793237508283 ], [ -106.311751357969143, 27.403890120959861 ], [ -106.309769491666685, 27.393906821231557 ], [ -106.304272376666233, 27.388007343173133 ], [ -106.296962006155383, 27.393697537737534 ], [ -106.289846432168702, 27.386490163378021 ], [ -106.28160356589342, 27.386980566366692 ], [ -106.274173411910382, 27.383743090684195 ], [ -106.272784448020616, 27.381110719791554 ], [ -106.275168142461609, 27.375136847150131 ], [ -106.271697522235655, 27.373350385860409 ], [ -106.266698519121547, 27.386457410486116 ], [ -106.267828183478997, 27.388100269749756 ], [ -106.273962015601356, 27.386390285572951 ], [ -106.279920449646809, 27.390054795128151 ], [ -106.28845704904181, 27.402374533121328 ], [ -106.287668798277295, 27.407920350810745 ], [ -106.273301366382043, 27.411030122284615 ], [ -106.270884270683439, 27.414524364620537 ], [ -106.271705784045466, 27.420799172027778 ], [ -106.261564415316997, 27.427009793283208 ], [ -106.24270234122173, 27.425693865356337 ], [ -106.239347364488893, 27.423409607215909 ], [ -106.238029793021681, 27.416725919566467 ], [ -106.232266260810377, 27.418678840155088 ], [ -106.226999633178124, 27.430629630348697 ], [ -106.221010954006033, 27.434320259552329 ], [ -106.220773840539223, 27.4447380288779 ], [ -106.216867678511207, 27.447500561194243 ] ] ] } },
{ "type": "Feature", "properties": { "cve_edo": "08", "cve_mpo_ine": "057", "cve_edo_mpo_ine": "08057", "nom_mpo": "SAN FRANCISCO DE BORJA", "nom_edo": "Chihuahua", "alianza_ganadora": "Va por México", "margen_pp": 67.603983596953725, "por_participacion": 72.330508474576277 }, "geometry": { "type": "Polygon", "coordinates": [ [ [ -106.720947921104568, 28.111609606478904 ], [ -106.66606597698906, 28.073836487678143 ], [ -106.665929163623034, 28.069198258319272 ], [ -106.653894564009775, 28.075355118068522 ], [ -106.648429525734898, 28.067093204225952 ], [ -106.647930889726851, 28.050731934057289 ], [ -106.656619550828978, 28.040235319914352 ], [ -106.651527007786541, 28.020074091366904 ], [ -106.655373543442849, 28.013462447634506 ], [ -106.656240911066917, 28.005281495294909 ], [ -106.661824636085811, 28.001726664019216 ], [ -106.671747226708789, 27.98519663940899 ], [ -106.659089224162159, 27.973301469601711 ], [ -106.647054479341733, 27.964875529202128 ], [ -106.64234039945201, 27.964545769714761 ], [ -106.631547310873501, 27.96892658949546 ], [ -106.617901484914839, 27.965043024643631 ], [ -106.609712964259501, 27.967934782679066 ], [ -106.576221103852404, 27.960325185189895 ], [ -106.55650429441026, 27.950483332267677 ], [ -106.549194688026034, 27.93998463064754 ], [ -106.542872727327861, 27.936014457545774 ], [ -106.526875819348177, 27.933607636726549 ], [ -106.525132560962263, 27.940052205919802 ], [ -106.522775685671263, 27.940298420032246 ], [ -106.513727847796318, 27.934754708740993 ], [ -106.501205134886519, 27.931686488442732 ], [ -106.495633893011814, 27.924409135903542 ], [ -106.491787015760366, 27.92614092457401 ], [ -106.464142554240283, 27.919087141450937 ], [ -106.454855481066872, 27.911142489123634 ], [ -106.467151726424234, 27.898761019689136 ], [ -106.484272939836131, 27.891259374777878 ], [ -106.48911620443063, 27.885562095390597 ], [ -106.499781550349311, 27.882679897589259 ], [ -106.505749100701522, 27.869297597072467 ], [ -106.506761598222809, 27.852935768833234 ], [ -106.50008007248114, 27.84483098208548 ], [ -106.506526679463292, 27.842853465105843 ], [ -106.511244343350398, 27.835915788931839 ], [ -106.51086548377198, 27.841617633129342 ], [ -106.515200691682367, 27.843274063553554 ], [ -106.52314200559573, 27.834189986720183 ], [ -106.508924190175691, 27.809055673406849 ], [ -106.501618184956968, 27.80673511307592 ], [ -106.490855004704727, 27.796725068697242 ], [ -106.490745069375052, 27.787138569915992 ], [ -106.486168271887266, 27.785485652533502 ], [ -106.487233189173182, 27.777480098909152 ], [ -106.491125611273191, 27.772217369068851 ], [ -106.488606644990242, 27.762785951608702 ], [ -106.480924958350357, 27.748449650457125 ], [ -106.472430684948591, 27.741789489706814 ], [ -106.468677497295403, 27.732019524772763 ], [ -106.467968116715952, 27.728298145789783 ], [ -106.470225468044262, 27.72550379699684 ], [ -106.483728328381162, 27.726578128539778 ], [ -106.482105560651775, 27.660075809066424 ], [ -106.474308221225968, 27.659201655631126 ], [ -106.463249324874141, 27.649385760857829 ], [ -106.46245243905868, 27.641864104127073 ], [ -106.465536832390598, 27.643205098500093 ], [ -106.466730943174028, 27.648003404714846 ], [ -106.483056718639688, 27.650913090427149 ], [ -106.486344646934086, 27.643581885356028 ], [ -106.49976237672567, 27.63618270459725 ], [ -106.508394911457899, 27.641223043927305 ], [ -106.529434722336759, 27.64586820280191 ], [ -106.537940078110523, 27.6510683458398 ], [ -106.553100788619773, 27.653642832023898 ], [ -106.552971427868144, 27.646197584345629 ], [ -106.557124481876755, 27.640443036547232 ], [ -106.565205056291049, 27.643479796345531 ], [ -106.568488595472616, 27.64158686746498 ], [ -106.581783254800285, 27.644354332148708 ], [ -106.601420031545317, 27.634893376392583 ], [ -106.624624332319968, 27.649422730522573 ], [ -106.642131159023975, 27.632787235179542 ], [ -106.642419953704859, 27.604187678152449 ], [ -106.646181166739211, 27.59106158044569 ], [ -106.65888533914962, 27.588845045576718 ], [ -106.671998088525029, 27.589366891171071 ], [ -106.677307484460897, 27.585955682406986 ], [ -106.680881668033066, 27.59440306351912 ], [ -106.68845589126407, 27.601718232755747 ], [ -106.694659805146202, 27.601389606028402 ], [ -106.703197222474799, 27.605670767698548 ], [ -106.726557797683085, 27.611340504066643 ], [ -106.734346777474897, 27.615847620111598 ], [ -106.748182486869254, 27.629195878104497 ], [ -106.74730485646451, 27.63355432042265 ], [ -106.75071541838085, 27.635463721417569 ], [ -106.767613365829206, 27.642028999016532 ], [ -106.789453962159513, 27.642425614125258 ], [ -106.787149982262889, 27.652343455559066 ], [ -106.78151206720446, 27.655465681039079 ], [ -106.779073577994026, 27.664808370984947 ], [ -106.78674224383424, 27.664517814233466 ], [ -106.784780675530826, 27.678635968823308 ], [ -106.78658257951821, 27.685471055899473 ], [ -106.792324781288755, 27.690218588443049 ], [ -106.795792133386698, 27.702487030312593 ], [ -106.809078502803601, 27.718320698322426 ], [ -106.818690967091044, 27.737724303257355 ], [ -106.81252284662466, 27.751952984282305 ], [ -106.817892183236353, 27.756124275988061 ], [ -106.823474161892676, 27.75691195124984 ], [ -106.833143344516103, 27.745958729642652 ], [ -106.841029553387841, 27.742193376889833 ], [ -106.848386329983995, 27.735296740378022 ], [ -106.864981680893436, 27.73542942480789 ], [ -106.864727497175053, 27.746236851699226 ], [ -106.890601644099036, 27.76766491668976 ], [ -106.892818277274046, 27.766494210834985 ], [ -106.89944925401754, 27.772385261472554 ], [ -106.89403227302688, 27.775393819124695 ], [ -106.896828356134961, 27.781724958526393 ], [ -106.906072258079234, 27.788504047873438 ], [ -106.911657252766005, 27.789370520606209 ], [ -106.918272818107624, 27.793693471161269 ], [ -106.919578428866615, 27.799540155271966 ], [ -106.910406089663468, 27.821135933169941 ], [ -106.900967185167204, 27.830360578470813 ], [ -106.889847388722828, 27.833492919815445 ], [ -106.877491051267299, 27.848180995965137 ], [ -106.879180901166634, 27.855262614928126 ], [ -106.89231483251703, 27.865726327851682 ], [ -106.898242625768987, 27.874674069975242 ], [ -106.903088145599185, 27.875546070003214 ], [ -106.918368673977312, 27.888960734568958 ], [ -106.910772864867894, 27.897100215162151 ], [ -106.912460171575304, 27.903686379709416 ], [ -106.904829274201276, 27.908856458115959 ], [ -106.905676344357957, 27.917923343247391 ], [ -106.915280065775065, 27.933359170355399 ], [ -106.911981652240613, 27.937837637988878 ], [ -106.913650945632057, 27.942774213193676 ], [ -106.92202743189668, 27.948320661837307 ], [ -106.926248461194049, 27.980704282917404 ], [ -106.930979626256971, 27.981988343636935 ], [ -106.936844447071579, 27.995305840641279 ], [ -106.951301238507398, 28.010701523676975 ], [ -106.952980472091127, 28.016214733322489 ], [ -106.949917777519232, 28.020321159262785 ], [ -106.950366784932797, 28.028772442685479 ], [ -106.938123275775965, 28.036446483159505 ], [ -106.918175480912254, 28.036698158309516 ], [ -106.895508726364895, 28.048005559859405 ], [ -106.87975694122062, 28.060141978892904 ], [ -106.846534542784568, 28.066506834728592 ], [ -106.828474351609543, 28.076207422810576 ], [ -106.803658396954091, 28.077621386498759 ], [ -106.796570607273594, 28.078686871729268 ], [ -106.79439111800329, 28.081886664015723 ], [ -106.790216556892346, 28.080175659117234 ], [ -106.778754384399463, 28.08283787126663 ], [ -106.774225416862123, 28.080376563552189 ], [ -106.756613978781644, 28.080967664735237 ], [ -106.74606009239254, 28.071138585614239 ], [ -106.727341154571334, 28.092656175394371 ], [ -106.72751585789959, 28.106401352487541 ], [ -106.725697779374244, 28.109936297487945 ], [ -106.720947921104568, 28.111609606478904 ] ] ] } },
{ "type": "Feature", "properties": { "cve_edo": "08", "cve_mpo_ine": "058", "cve_edo_mpo_ine": "08058", "nom_mpo": "SAN FRANCISCO DE CONCHOS", "nom_edo": "Chihuahua", "alianza_ganadora": "Va por México", "margen_pp": 58.131868131868131, "por_participacion": 69.412662090007629 }, "geometry": { "type": "Polygon", "coordinates": [ [ [ -105.323331381213521, 27.809873127344499 ], [ -105.311181349909447, 27.79822940167303 ], [ -105.299759453204203, 27.796533994582227 ], [ -105.292469050706643, 27.792830896635103 ], [ -105.289885343351585, 27.788777219615817 ], [ -105.288366342656758, 27.766593926818587 ], [ -105.294008197097313, 27.761883927653408 ], [ -105.296292600676779, 27.755971018043795 ], [ -105.294520512365693, 27.731125073334713 ], [ -105.287601655889276, 27.732286180144666 ], [ -105.281013359389277, 27.72987864435127 ], [ -105.265565371614528, 27.732135419114979 ], [ -105.258971064687543, 27.729146668109671 ], [ -105.258306780570038, 27.725092854248725 ], [ -105.267984233631807, 27.716108597968269 ], [ -105.267685346333977, 27.711553120172653 ], [ -105.276713920090359, 27.700089196775352 ], [ -105.276554008446936, 27.692997046111369 ], [ -105.285486621735714, 27.679323020853293 ], [ -105.274194632583502, 27.669556824450151 ], [ -105.268777871883415, 27.655842464206305 ], [ -105.261785492004663, 27.647737250432311 ], [ -105.267232191249775, 27.645097918788078 ], [ -105.267408331858888, 27.639937330030531 ], [ -105.282674262627182, 27.63574197277898 ], [ -105.277798369765804, 27.62484178481763 ], [ -105.280989563327694, 27.615777597229439 ], [ -105.267528356723972, 27.601387317839151 ], [ -105.207696525428588, 27.522059170356933 ], [ -105.194382400674741, 27.507826247238047 ], [ -105.216067830035655, 27.504414578652785 ], [ -105.220694405298914, 27.500148036775037 ], [ -105.23360205252591, 27.496309153920858 ], [ -105.236358341276215, 27.490980111859294 ], [ -105.236977487709041, 27.475472064067755 ], [ -105.252524170930528, 27.459256513839257 ], [ -105.256781283072002, 27.447530621143933 ], [ -105.255061325889756, 27.444187825288829 ], [ -105.266520947605471, 27.44037498150573 ], [ -105.265658508633564, 27.435000630979474 ], [ -105.274637452113367, 27.418765160015823 ], [ -105.268604914738091, 27.396725794850617 ], [ -105.278120046866263, 27.385326685076308 ], [ -105.279640796545749, 27.377026676562135 ], [ -105.275615958057585, 27.370075110023446 ], [ -105.279474908199191, 27.361185603369908 ], [ -105.285089208133456, 27.354943292612489 ], [ -105.291487014097257, 27.352844742937034 ], [ -105.302133327091795, 27.343927738304085 ], [ -105.308218946882363, 27.335774946213409 ], [ -105.309365031766177, 27.327476141926002 ], [ -105.312920377656937, 27.325222238649097 ], [ -105.311253195694235, 27.319340181877354 ], [ -105.314697504038577, 27.306718962855538 ], [ -105.345835346595038, 27.287843057900812 ], [ -105.352163301176375, 27.279853153720467 ], [ -105.360859800380297, 27.285289099789317 ], [ -105.381987678013715, 27.287931061147653 ], [ -105.423434504063792, 27.287071656451467 ], [ -105.427403839620936, 27.288876968724022 ], [ -105.427226862739673, 27.294849630332671 ], [ -105.433562273507164, 27.29846788119724 ], [ -105.428857898005845, 27.307697544895355 ], [ -105.433921481998041, 27.318537876438178 ], [ -105.435402921403522, 27.329064057729923 ], [ -105.425366145872957, 27.335174779701234 ], [ -105.428990745633854, 27.340126885806015 ], [ -105.424488546011887, 27.345705993990617 ], [ -105.429733306952429, 27.350822609218962 ], [ -105.42685500093296, 27.358052599343548 ], [ -105.437394544782052, 27.361898743188021 ], [ -105.432259968430898, 27.366237125084833 ], [ -105.430343911561266, 27.371305958757461 ], [ -105.425794964489072, 27.372987115583218 ], [ -105.425402872112244, 27.38169779215815 ], [ -105.420751197799859, 27.385203978766427 ], [ -105.421051317977003, 27.389764244420192 ], [ -105.415821172624291, 27.396673633407033 ], [ -105.41970859444487, 27.412330527630093 ], [ -105.409703921721771, 27.412378736368858 ], [ -105.412901323633903, 27.421818583014137 ], [ -105.41028543480023, 27.430622775382165 ], [ -105.408219817713672, 27.433618489429215 ], [ -105.402919115393715, 27.434638970100472 ], [ -105.406523612587719, 27.447228717661254 ], [ -105.398399500104119, 27.449921241132415 ], [ -105.401517004439185, 27.452394736130625 ], [ -105.399933578735457, 27.454392765103666 ], [ -105.404493570570708, 27.464075132742618 ], [ -105.402552668739361, 27.467236040158934 ], [ -105.40778404613701, 27.470777574909214 ], [ -105.409193299122393, 27.475083696258526 ], [ -105.418128077487026, 27.478192376250508 ], [ -105.414582293912332, 27.492143323479745 ], [ -105.417625080917844, 27.498680813207923 ], [ -105.419973682595156, 27.498669415780302 ], [ -105.421093563378676, 27.488711264135326 ], [ -105.424518421572884, 27.485625794758231 ], [ -105.427002013053979, 27.486608890913985 ], [ -105.431095695396039, 27.498366086656958 ], [ -105.43112985977551, 27.50126878532625 ], [ -105.427936362712927, 27.503026249975107 ], [ -105.430212165710557, 27.507327865836544 ], [ -105.423138648711472, 27.505040303557241 ], [ -105.419961368527893, 27.508207470082631 ], [ -105.422251057160508, 27.524286469731447 ], [ -105.429628683813931, 27.531300071217778 ], [ -105.441399737118203, 27.533314977175209 ], [ -105.446304188938598, 27.529806861257747 ], [ -105.454995132756281, 27.532748468096184 ], [ -105.461881761976045, 27.539845781051621 ], [ -105.461192801387782, 27.544245073987845 ], [ -105.463669020809689, 27.544481088718239 ], [ -105.46114710848353, 27.550714501288326 ], [ -105.464322394262311, 27.547380546242181 ], [ -105.463646509403262, 27.552857976138537 ], [ -105.465446922297218, 27.551886583082968 ], [ -105.467475538609875, 27.545201322653305 ], [ -105.473016199191662, 27.55040392918545 ], [ -105.475968044237462, 27.549061400845069 ], [ -105.474311429951086, 27.55520754516677 ], [ -105.478514277796961, 27.555019517083821 ], [ -105.479947678312058, 27.560983478103385 ], [ -105.480998888937137, 27.555918681450478 ], [ -105.483577731621509, 27.554412093608459 ], [ -105.492693779997566, 27.561495950130851 ], [ -105.501260617994234, 27.564103540001636 ], [ -105.515609814507044, 27.564190470131855 ], [ -105.541071621555972, 27.572423438608372 ], [ -105.570446820762555, 27.57689629010445 ], [ -105.584629087147746, 27.591398950513309 ], [ -105.595920693782176, 27.594822682339817 ], [ -105.605576493259321, 27.604466723792932 ], [ -105.606359918593498, 27.607530519956974 ], [ -105.600945724918319, 27.609803331207804 ], [ -105.602780968752043, 27.617505102961918 ], [ -105.600896279299306, 27.624649295411846 ], [ -105.607890640363024, 27.629416261162657 ], [ -105.608725502339482, 27.636294784154188 ], [ -105.611977852021809, 27.63884550951849 ], [ -105.616666322033979, 27.63773793803734 ], [ -105.620774031678067, 27.639453711128525 ], [ -105.609679638659927, 27.652046725862135 ], [ -105.596345753908508, 27.654700290080243 ], [ -105.588532715934349, 27.672330532035449 ], [ -105.580434967249275, 27.677936309897145 ], [ -105.5854881561783, 27.685535860378753 ], [ -105.553222846158789, 27.718404619124421 ], [ -105.369061532792955, 27.731631560143239 ], [ -105.344725893598053, 27.749072831094633 ], [ -105.345069640433067, 27.813761456836136 ], [ -105.323331381213521, 27.809873127344499 ] ] ] } },
{ "type": "Feature", "properties": { "cve_edo": "08", "cve_mpo_ine": "059", "cve_edo_mpo_ine": "08059", "nom_mpo": "SAN FRANCISCO DEL ORO", "nom_edo": "Chihuahua", "alianza_ganadora": "Juntos Haremos Historia", "margen_pp": 22.236842105263158, "por_participacion": 70.878992772207965 }, "geometry": { "type": "Polygon", "coordinates": [ [ [ -105.952998128768385, 26.948165666563867 ], [ -105.946090870147941, 26.952500312164084 ], [ -105.956697623332602, 26.962471181773772 ], [ -105.95725763564387, 26.969740106988006 ], [ -105.962865406250472, 26.975222345433934 ], [ -105.952406451717124, 26.978132849065311 ], [ -105.948069252163094, 26.983391084986025 ], [ -105.94229477002807, 26.983769291909041 ], [ -105.938440585341425, 26.990020920080955 ], [ -105.930437597118228, 26.992696969789538 ], [ -105.927703593026123, 26.996891046949116 ], [ -105.920171150478438, 26.997000538610926 ], [ -105.919792893951609, 26.993448892946731 ], [ -105.912284606734133, 26.989007863686215 ], [ -105.908455990789093, 26.981664890800971 ], [ -105.895658037229623, 26.974345234683312 ], [ -105.887071239090091, 26.980398502972992 ], [ -105.885741416701265, 26.989572819806579 ], [ -105.878462320895423, 27.000424777164088 ], [ -105.854534330143622, 26.99320055617304 ], [ -105.848518525092516, 26.996188608986674 ], [ -105.813742299468146, 26.995558355503171 ], [ -105.807700854564985, 26.987599221781046 ], [ -105.809290817636921, 26.983134480626067 ], [ -105.807808893036082, 26.978841017838747 ], [ -105.804489837072126, 26.978103876857809 ], [ -105.798968054260129, 26.982989196295549 ], [ -105.796506362088721, 26.980515162204192 ], [ -105.796729851209363, 26.966551481621483 ], [ -105.789459239425383, 26.952601644539133 ], [ -105.791783249920883, 26.945987530199137 ], [ -105.787597987200215, 26.940376780833653 ], [ -105.787347770227839, 26.937361479823654 ], [ -105.808691939154926, 26.937918074379059 ], [ -105.811384525989865, 26.925574255160306 ], [ -105.804519552996837, 26.915872290172793 ], [ -105.816160123503195, 26.91271703663557 ], [ -105.808417494909577, 26.901368539526587 ], [ -105.8089809370002, 26.896717278447387 ], [ -105.817747652178042, 26.893759886517543 ], [ -105.823070178771857, 26.887690627631851 ], [ -105.837904009816512, 26.880996865223604 ], [ -105.834029937476231, 26.878906661163153 ], [ -105.834152722750503, 26.874999860810792 ], [ -105.820333542333088, 26.867447552653083 ], [ -105.816814747813623, 26.860199275198095 ], [ -105.826567841603548, 26.853502803447295 ], [ -105.832839714849754, 26.854194815285794 ], [ -105.833498829501508, 26.847160073393063 ], [ -105.848169291314463, 26.841082522180425 ], [ -105.876008432595768, 26.837619060577648 ], [ -105.885300159756568, 26.844650200308184 ], [ -105.893188568487361, 26.836476919652313 ], [ -105.904454850331049, 26.833731283732064 ], [ -105.908556144813673, 26.827409978820963 ], [ -105.91684510767962, 26.822208911445859 ], [ -105.916968821738763, 26.811870767293168 ], [ -105.925542989448843, 26.810139897837082 ], [ -105.916760342831935, 26.794175588855015 ], [ -105.916576253213506, 26.788967349013905 ], [ -105.920055792290981, 26.782155084719474 ], [ -105.929389640168566, 26.782567314232534 ], [ -105.934319278523688, 26.773922288875006 ], [ -105.943097386318001, 26.779217750014627 ], [ -105.94125162371725, 26.789075446494699 ], [ -105.948582173081917, 26.796368422665626 ], [ -105.950617078114973, 26.802221181017728 ], [ -105.954314801609641, 26.803427627768091 ], [ -105.958241822155927, 26.813397622751118 ], [ -105.964417580292334, 26.816400193941085 ], [ -105.967226158388726, 26.815133668119682 ], [ -105.977161814477398, 26.824302823238906 ], [ -105.984189870932624, 26.816711506084896 ], [ -105.992107940435943, 26.821515725697004 ], [ -105.999964972288424, 26.831199080785094 ], [ -106.006352963629496, 26.831386123605757 ], [ -106.009943754228132, 26.823991829090495 ], [ -106.017924309268466, 26.823914970059022 ], [ -106.014985368297133, 26.814846873980276 ], [ -106.018269704558918, 26.81241702922922 ], [ -106.024189786953883, 26.814509789169932 ], [ -106.036477451277634, 26.82480957999255 ], [ -106.047321445184551, 26.827762695383161 ], [ -106.055025228884034, 26.834715488058503 ], [ -106.066754707089302, 26.811952327330435 ], [ -106.100344657543914, 26.834943865245538 ], [ -106.109064872509308, 26.832470611881121 ], [ -106.118590474071269, 26.838139947719515 ], [ -106.123640527235082, 26.844212053064638 ], [ -106.130537945623715, 26.84078019918066 ], [ -106.140038206398472, 26.840746988818161 ], [ -106.144869712895058, 26.835696494053202 ], [ -106.155438675555203, 26.845053616457772 ], [ -106.161775853699638, 26.861212658902673 ], [ -106.1538864067265, 26.858190306066625 ], [ -106.142638798287578, 26.861665030496884 ], [ -106.137480013353112, 26.86087492314336 ], [ -106.137154321251813, 26.865097367763955 ], [ -106.143948354547888, 26.869930191646294 ], [ -106.144353758749062, 26.873650843671996 ], [ -106.136871512652291, 26.88586884938843 ], [ -106.137306591204066, 26.892568180504945 ], [ -106.132442802818076, 26.903833165471688 ], [ -106.113965038963627, 26.902632394973875 ], [ -106.113986501727368, 26.89908239015713 ], [ -106.109591924415923, 26.895345891884574 ], [ -106.106578542372802, 26.886497206843362 ], [ -106.046449933529928, 26.888007414946291 ], [ -106.047722834082577, 26.881078908257621 ], [ -106.043102260304735, 26.874862151820004 ], [ -106.001042519219652, 26.906914002934066 ], [ -105.97963014125672, 26.898205384130492 ], [ -105.973482407473753, 26.89990359894059 ], [ -105.965203025890517, 26.924459328282445 ], [ -105.963518757365094, 26.936503783433061 ], [ -105.955500511937117, 26.941823097472788 ], [ -105.952998128768385, 26.948165666563867 ] ] ] } },
{ "type": "Feature", "properties": { "cve_edo": "08", "cve_mpo_ine": "060", "cve_edo_mpo_ine": "08060", "nom_mpo": "SANTA BARBARA", "nom_edo": "Chihuahua", "alianza_ganadora": "Va por México", "margen_pp": 17.232330300909727, "por_participacion": 64.976696601114014 }, "geometry": { "type": "Polygon", "coordinates": [ [ [ -105.808691939154926, 26.937918074379059 ], [ -105.787347770227839, 26.937361479823654 ], [ -105.786237234785148, 26.93401723266334 ], [ -105.77911202898872, 26.933451499908031 ], [ -105.765575777808237, 26.914718888514418 ], [ -105.763363644002666, 26.91356578149195 ], [ -105.759994249519892, 26.915449247991106 ], [ -105.757836058476812, 26.912748456202358 ], [ -105.74985165291146, 26.911356339623946 ], [ -105.74186308829961, 26.905997803199362 ], [ -105.740135799507883, 26.898564144605125 ], [ -105.717780191038727, 26.891158899463555 ], [ -105.716662467365694, 26.87661835349056 ], [ -105.699833809909052, 26.864575850224785 ], [ -105.695775183311042, 26.853508732741812 ], [ -105.67579126259831, 26.8467363585732 ], [ -105.665263276100234, 26.837549983785809 ], [ -105.66816051796765, 26.832319174532678 ], [ -105.679304676249657, 26.829096088664226 ], [ -105.675028129435745, 26.818624365036261 ], [ -105.677654083943906, 26.807770144394603 ], [ -105.669741932810723, 26.792446947183986 ], [ -105.667388020233176, 26.777412610014029 ], [ -105.679906628142874, 26.777239513692443 ], [ -105.701611064745819, 26.762607825585782 ], [ -105.710046812640741, 26.759319742658306 ], [ -105.725388405900858, 26.747212855111098 ], [ -105.77752296108271, 26.745402059905235 ], [ -105.76965507502031, 26.732315286016782 ], [ -105.75767034129241, 26.724304874886847 ], [ -105.76340368692351, 26.697548158141728 ], [ -105.776012377970019, 26.695133101194212 ], [ -105.786381341801146, 26.689757710654433 ], [ -105.789008320361717, 26.683038018697872 ], [ -105.786030046495469, 26.679753913216398 ], [ -105.788147913777337, 26.671301616843735 ], [ -105.850661748793996, 26.701715983800405 ], [ -105.856684705815155, 26.70282267466845 ], [ -105.861021323799733, 26.706672550102574 ], [ -105.865897474679358, 26.714817964276374 ], [ -105.863250119958067, 26.719389019814919 ], [ -105.866578000858894, 26.731599815075988 ], [ -105.864244808032595, 26.742287826228932 ], [ -105.872823143505059, 26.741304446853935 ], [ -105.876906077700497, 26.733495603196214 ], [ -105.907219716258496, 26.755144925003616 ], [ -105.940062174226128, 26.761507000831237 ], [ -105.939369914077261, 26.765193298160263 ], [ -105.95212950401492, 26.764828585553417 ], [ -105.956487690982044, 26.769998360136949 ], [ -105.94309738632569, 26.779217750826007 ], [ -105.934319278531262, 26.773922289685537 ], [ -105.929389640176126, 26.782567315044496 ], [ -105.920055792298413, 26.782155085531301 ], [ -105.91657625322091, 26.788967349826919 ], [ -105.916760342839353, 26.794175589669038 ], [ -105.925542989456389, 26.810139898653901 ], [ -105.916968821746224, 26.811870768110282 ], [ -105.916845107687081, 26.822208912264845 ], [ -105.908556144821063, 26.827409979640844 ], [ -105.904454850338382, 26.833731284552982 ], [ -105.893188568494608, 26.836476920473718 ], [ -105.885300159763759, 26.844650201131131 ], [ -105.876008432602845, 26.837619061399305 ], [ -105.848169291321256, 26.841082523002772 ], [ -105.833498829501508, 26.847160073393063 ], [ -105.832839714849754, 26.854194815285794 ], [ -105.826567841603548, 26.853502803447295 ], [ -105.816814747813623, 26.860199275198095 ], [ -105.820333542333088, 26.867447552653083 ], [ -105.834152722750503, 26.874999860810792 ], [ -105.834029937476231, 26.878906661163153 ], [ -105.837904009816512, 26.880996865223604 ], [ -105.823070178771857, 26.887690627631851 ], [ -105.817747652178042, 26.893759886517543 ], [ -105.8089809370002, 26.896717278447387 ], [ -105.808417494909577, 26.901368539526587 ], [ -105.816160123503195, 26.91271703663557 ], [ -105.804519552996837, 26.915872290172793 ], [ -105.811384525989865, 26.925574255160306 ], [ -105.808691939154926, 26.937918074379059 ] ] ] } },
{ "type": "Feature", "properties": { "cve_edo": "08", "cve_mpo_ine": "024", "cve_edo_mpo_ine": "08024", "nom_mpo": "SANTA ISABEL", "nom_edo": "Chihuahua", "alianza_ganadora": "Va por México", "margen_pp": 75.858369098712444, "por_participacion": 64.677307425399036 }, "geometry": { "type": "Polygon", "coordinates": [ [ [ -106.296408161882937, 28.138743763257487 ], [ -106.30236903969994, 28.138967209866401 ], [ -106.31563438403073, 28.149740111972111 ], [ -106.324209302469342, 28.149923696125803 ], [ -106.321195958467555, 28.160578134327356 ], [ -106.322294532691984, 28.16760501210408 ], [ -106.326877421699351, 28.17339952014186 ], [ -106.338791799457184, 28.180530870497325 ], [ -106.371004331280389, 28.174393033855509 ], [ -106.383448094740629, 28.1687121202371 ], [ -106.400081446793379, 28.179481916198188 ], [ -106.404430995344157, 28.180149653368041 ], [ -106.406175653445601, 28.178086289591526 ], [ -106.437745068556424, 28.181104808869684 ], [ -106.447445482665088, 28.178720211646127 ], [ -106.451557060693844, 28.18141912323777 ], [ -106.449691031191293, 28.181849828866238 ], [ -106.448482965221586, 28.190300640636703 ], [ -106.453099688273525, 28.210580770890168 ], [ -106.448393551782786, 28.218334381596396 ], [ -106.438000219592283, 28.228148517779843 ], [ -106.437049160064106, 28.237091925952477 ], [ -106.431743068636024, 28.239560728488449 ], [ -106.428978817260699, 28.244807083774717 ], [ -106.434713290090059, 28.245226879117929 ], [ -106.436283433095511, 28.249257818754767 ], [ -106.434731051603762, 28.25275157826395 ], [ -106.440593348554657, 28.273015332674245 ], [ -106.448896324137067, 28.2839845404724 ], [ -106.455102052113176, 28.302423668866208 ], [ -106.46756992946537, 28.309531563345299 ], [ -106.478147872482964, 28.319451985287099 ], [ -106.4843245837003, 28.329697691255397 ], [ -106.484251411376491, 28.332343578598067 ], [ -106.477075672024384, 28.334840187086659 ], [ -106.472979170678201, 28.348451900006435 ], [ -106.490712927002235, 28.357131701036696 ], [ -106.498960529924503, 28.35842129083845 ], [ -106.498664497095774, 28.368756884959421 ], [ -106.503234888258348, 28.379437342731364 ], [ -106.509978786092574, 28.386532940443722 ], [ -106.51532916632452, 28.405053728532849 ], [ -106.51500759347789, 28.40770310645421 ], [ -106.505631843773841, 28.412629312499007 ], [ -106.505706616205629, 28.416430196392717 ], [ -106.503130273303185, 28.418532757727231 ], [ -106.508828417985882, 28.429362312389618 ], [ -106.509348944671117, 28.436793509991258 ], [ -106.480536082744422, 28.436123029489561 ], [ -106.4630254345455, 28.439671613694063 ], [ -106.453526052366868, 28.444926638850578 ], [ -106.456250198762461, 28.450426881689229 ], [ -106.453963386814749, 28.461202950227818 ], [ -106.457768169644424, 28.470986159556553 ], [ -106.451474384347847, 28.474461281307192 ], [ -106.44623468639395, 28.48089715435497 ], [ -106.437181817684859, 28.503253792919004 ], [ -106.424462133722216, 28.523262594219208 ], [ -106.422973622181487, 28.530308049938728 ], [ -106.418245455136642, 28.531033059359828 ], [ -106.418178548943359, 28.534092050023666 ], [ -106.410462013712547, 28.541799727227964 ], [ -106.390927216055488, 28.544953304134076 ], [ -106.38794342994494, 28.538876682060646 ], [ -106.363449470587085, 28.537050186368266 ], [ -106.36103334601404, 28.534602193988068 ], [ -106.352104878193003, 28.524056334706177 ], [ -106.348960679150466, 28.516011589584437 ], [ -106.350828060413264, 28.492452312284701 ], [ -106.355907889614372, 28.484464102079656 ], [ -106.356130973903575, 28.479736471692188 ], [ -106.344993536724729, 28.477392854138802 ], [ -106.331237568545689, 28.453171424456041 ], [ -106.325738944606215, 28.453117713276949 ], [ -106.309545129019341, 28.462904151662215 ], [ -106.301915461773802, 28.461699613373671 ], [ -106.280714302375344, 28.445471002664288 ], [ -106.272268834802603, 28.43042088784431 ], [ -106.24612209251724, 28.422917460412986 ], [ -106.229222841793188, 28.415366929064994 ], [ -106.252633226668323, 28.372718601598738 ], [ -106.248872211673756, 28.36950236238102 ], [ -106.237942785014098, 28.27186923253754 ], [ -106.224374286914696, 28.278647874928915 ], [ -106.224436433978326, 28.264301646011244 ], [ -106.2202776664341, 28.254535173691817 ], [ -106.221376917651781, 28.249140142837671 ], [ -106.21717823916272, 28.229837319188572 ], [ -106.217996438972179, 28.217063195437152 ], [ -106.214720030017958, 28.208951014706191 ], [ -106.221590189107189, 28.211905818618835 ], [ -106.227573794221854, 28.211630186215075 ], [ -106.241251359706624, 28.2032753175362 ], [ -106.237974787544204, 28.195412490232631 ], [ -106.231735142348839, 28.193948283606076 ], [ -106.234790346247223, 28.180085859359785 ], [ -106.261123729346281, 28.187177835773713 ], [ -106.271345869258596, 28.18729475544723 ], [ -106.285729825928954, 28.197258435928088 ], [ -106.290715459218049, 28.197067912466011 ], [ -106.291824656824218, 28.194491752700579 ], [ -106.286794347660063, 28.185560875336982 ], [ -106.289280351056675, 28.184138869276666 ], [ -106.295177407712899, 28.166861296196149 ], [ -106.295652360836016, 28.162132238722826 ], [ -106.291998587769996, 28.154106768450529 ], [ -106.285370709883452, 28.149329892823616 ], [ -106.269919526391377, 28.149404989312647 ], [ -106.244084065566071, 28.140238991671964 ], [ -106.252916037803246, 28.137046796186411 ], [ -106.266526668727849, 28.143367710750539 ], [ -106.274630797116401, 28.144406778349961 ], [ -106.296408161882937, 28.138743763257487 ] ] ] } },
{ "type": "Feature", "properties": { "cve_edo": "08", "cve_mpo_ine": "061", "cve_edo_mpo_ine": "08061", "nom_mpo": "SATEVO", "nom_edo": "Chihuahua", "alianza_ganadora": "Va por México", "margen_pp": 34.82905982905983, "por_participacion": 57.763515181436688 }, "geometry": { "type": "Polygon", "coordinates": [ [ [ -106.055240903551493, 28.138410120529485 ], [ -106.059144639165069, 28.134893358104247 ], [ -106.067215841461007, 28.11695777244238 ], [ -106.06897005395443, 28.106317217388124 ], [ -106.0527410221476, 28.10088367307198 ], [ -106.045223563984052, 28.095362955598233 ], [ -106.036005557271608, 28.086769614758165 ], [ -106.03527279223745, 28.076271594194719 ], [ -106.023470244799682, 28.075170804142161 ], [ -106.014119206247742, 28.067483304067089 ], [ -106.012413042146932, 28.074158608370333 ], [ -106.005969100897119, 28.081615315164694 ], [ -105.980363235583383, 28.080131924584311 ], [ -105.974092591372099, 28.065697223340255 ], [ -105.971609751163712, 28.047251049427185 ], [ -105.962837496589088, 28.034113114766338 ], [ -105.962350698397174, 28.024360264892447 ], [ -105.962876527012, 28.022300132422199 ], [ -105.971131296734427, 28.01874572689853 ], [ -105.977726546501742, 28.018314006678942 ], [ -105.981270420495036, 28.013722042497626 ], [ -105.990118486103611, 28.012154909279772 ], [ -105.979303022759581, 28.003046262991045 ], [ -105.975506970911511, 27.989791763833765 ], [ -105.947343105127203, 27.968367117066787 ], [ -105.931355434261903, 27.947719843481305 ], [ -105.912830837648002, 27.939849734847741 ], [ -105.902191144724299, 27.945358855554684 ], [ -105.894352848929998, 27.946104473481807 ], [ -105.891970062623898, 27.939057734234208 ], [ -105.881790002846586, 27.93853922610537 ], [ -105.875775809133714, 27.933519722681886 ], [ -105.881177316257407, 27.920936022726266 ], [ -105.876736349161135, 27.918824384300365 ], [ -105.872078225527417, 27.906135641822878 ], [ -105.864058916850894, 27.894072227523505 ], [ -105.796631993924777, 27.901606935359453 ], [ -105.792040545926071, 27.909404833260112 ], [ -105.779380454453687, 27.917093565876517 ], [ -105.778329983172156, 27.909617067872702 ], [ -105.77215026282164, 27.900871833150994 ], [ -105.773441441778104, 27.89481249873403 ], [ -105.76108673758192, 27.898328944801332 ], [ -105.762094240752376, 27.88937890252549 ], [ -105.773526611568343, 27.884990165952001 ], [ -105.776786744965435, 27.880345796378002 ], [ -105.776199174448408, 27.869528905790617 ], [ -105.780259589913442, 27.85816179614827 ], [ -105.779829445320544, 27.850606362493323 ], [ -105.784757107350188, 27.83903789741905 ], [ -105.800246584632617, 27.829883336677586 ], [ -105.804744460297158, 27.824915322282841 ], [ -105.814971998183225, 27.822992738859579 ], [ -105.823782164119521, 27.812765703229797 ], [ -105.825010382798069, 27.806375379629067 ], [ -105.83803005260215, 27.795593238521906 ], [ -105.838404185706082, 27.787588464124209 ], [ -105.86304615301124, 27.785163460466581 ], [ -105.867943099454891, 27.76021987770137 ], [ -105.865212759776924, 27.753477954400996 ], [ -105.866600521908353, 27.750018478894923 ], [ -105.855377459515296, 27.738113033061527 ], [ -105.824965778940097, 27.744053491286394 ], [ -105.794802330115644, 27.756757579708733 ], [ -105.786755915002317, 27.750230434386555 ], [ -105.771583805194126, 27.752492593069466 ], [ -105.752626060290524, 27.749157953031816 ], [ -105.745795649026036, 27.738384632618907 ], [ -105.744934954412287, 27.691452146674731 ], [ -105.757253727470783, 27.697181267783073 ], [ -105.761750878723419, 27.695001580088334 ], [ -105.772338975996618, 27.675870778374271 ], [ -105.779650427478643, 27.675952952691581 ], [ -105.786778017146602, 27.671901706053351 ], [ -105.79301115514005, 27.677589268688347 ], [ -105.816409575678776, 27.67123786881826 ], [ -105.830420472767642, 27.662632981847718 ], [ -105.8436127861426, 27.658892426680733 ], [ -105.846336180208795, 27.659086929823747 ], [ -105.845020523098611, 27.664195137871477 ], [ -105.84865270424956, 27.669934773344409 ], [ -105.886827038701242, 27.669760282484187 ], [ -105.895850047496779, 27.671423919776718 ], [ -105.910896116781458, 27.66794407807167 ], [ -105.967195649187772, 27.665371326059159 ], [ -105.9744675304118, 27.668251761301462 ], [ -105.984914781639489, 27.683637541651137 ], [ -105.998222197293416, 27.680296566373602 ], [ -106.008473443116316, 27.682955971221553 ], [ -106.01623442422266, 27.677246978057394 ], [ -106.024467342967171, 27.691864942668992 ], [ -106.032458686084581, 27.696814321871283 ], [ -106.039148316757107, 27.697124751686978 ], [ -106.042156049804362, 27.692402184619336 ], [ -106.044760467404686, 27.694533404524275 ], [ -106.075325029710939, 27.688948605611717 ], [ -106.084047830829164, 27.68530995104512 ], [ -106.093218386279474, 27.675644129478787 ], [ -106.09494829662934, 27.685820813320877 ], [ -106.102356895789256, 27.697865412894529 ], [ -106.136229727166508, 27.685109493012476 ], [ -106.143916638253671, 27.674766785902548 ], [ -106.147120418816243, 27.666120186228088 ], [ -106.145398570380976, 27.644791962886291 ], [ -106.151147305640109, 27.630549589932606 ], [ -106.163712288812022, 27.615869187766346 ], [ -106.175653108502146, 27.611673993354771 ], [ -106.175229908610532, 27.605639916026131 ], [ -106.160978268874388, 27.595852745359281 ], [ -106.139184134177412, 27.58704306030895 ], [ -106.135270302573218, 27.582002805242478 ], [ -106.125610990592094, 27.582083864365483 ], [ -106.113950366527433, 27.573885373405382 ], [ -106.109350982313089, 27.575331684346299 ], [ -106.108267932154945, 27.57284370455562 ], [ -106.11219181883375, 27.566021654981583 ], [ -106.108655857039579, 27.561694465703503 ], [ -106.108852404302965, 27.555913331754152 ], [ -106.114322636179281, 27.554061701994311 ], [ -106.127335261111341, 27.542940861723903 ], [ -106.143384368547387, 27.536306188549975 ], [ -106.161485245164315, 27.533817771238752 ], [ -106.18201496101095, 27.535147448218723 ], [ -106.196905742998737, 27.53188409663306 ], [ -106.211673301355845, 27.517878887062011 ], [ -106.215840165227036, 27.51072572765484 ], [ -106.216353447053052, 27.498503612846111 ], [ -106.218751000542241, 27.494475180040769 ], [ -106.216063944178742, 27.491479397615617 ], [ -106.209719149802979, 27.494484254825423 ], [ -106.201357023309882, 27.479628336189567 ], [ -106.186841635327738, 27.472733852502628 ], [ -106.178521895206728, 27.465063896353254 ], [ -106.179998846743857, 27.445001663797125 ], [ -106.191877128987045, 27.439122994879458 ], [ -106.196857723983612, 27.443378172060211 ], [ -106.20371797020286, 27.440259781356694 ], [ -106.218712360770354, 27.447318939554556 ], [ -106.220773840539223, 27.4447380288779 ], [ -106.221010954006033, 27.434320259552329 ], [ -106.226999633178124, 27.430629630348697 ], [ -106.231045359259298, 27.419516433082443 ], [ -106.238029793021681, 27.416725919566467 ], [ -106.239347364488893, 27.423409607215909 ], [ -106.24270234122173, 27.425693865356337 ], [ -106.260090318857308, 27.427271262525547 ], [ -106.269152251961359, 27.423302690237332 ], [ -106.271705784045466, 27.420799172027778 ], [ -106.271473878884478, 27.41253498832204 ], [ -106.287668798277295, 27.407920350810745 ], [ -106.289102385701639, 27.40460038606124 ], [ -106.277802421008019, 27.388173239465221 ], [ -106.273962015601356, 27.386390285572951 ], [ -106.267828183478997, 27.388100269749756 ], [ -106.266698519121547, 27.386457410486116 ], [ -106.270845620490732, 27.374102236125228 ], [ -106.273301025351046, 27.373583538255183 ], [ -106.275168142461609, 27.375136847150131 ], [ -106.272784448020616, 27.381110719791554 ], [ -106.274173411910382, 27.383743090684195 ], [ -106.28160356589342, 27.386980566366692 ], [ -106.289846432168702, 27.386490163378021 ], [ -106.296962006155383, 27.393697537737534 ], [ -106.304272376666233, 27.388007343173133 ], [ -106.309769491666685, 27.393906821231557 ], [ -106.311751357969143, 27.403890120959861 ], [ -106.314924686715727, 27.401793237508283 ], [ -106.31608985500003, 27.396904991053812 ], [ -106.321482693414353, 27.397793526455452 ], [ -106.326714747868365, 27.405597322425713 ], [ -106.329686467247953, 27.416771211741743 ], [ -106.351953296780721, 27.427341366542226 ], [ -106.362450043611304, 27.42857280625428 ], [ -106.363741007284389, 27.435273076239607 ], [ -106.373145256702131, 27.434595984718378 ], [ -106.385987849465323, 27.42939833575252 ], [ -106.390466901506272, 27.439535676869305 ], [ -106.406151989820316, 27.443963089674426 ], [ -106.413981529883955, 27.450227749585729 ], [ -106.423145692744626, 27.453636349909718 ], [ -106.430725172697464, 27.463696591394132 ], [ -106.439874218382442, 27.460240026558388 ], [ -106.448454030991485, 27.466358817228009 ], [ -106.453641523033184, 27.474033243045142 ], [ -106.473987975915151, 27.476188547597495 ], [ -106.489605175493907, 27.490361462628133 ], [ -106.494155463109877, 27.491235351921457 ], [ -106.494211214838373, 27.497025224107276 ], [ -106.506721231463132, 27.504244118846344 ], [ -106.517776063632638, 27.503069067172692 ], [ -106.52149546680667, 27.506647201989999 ], [ -106.507354146487927, 27.50756964029495 ], [ -106.503186692582403, 27.513818377275147 ], [ -106.504122383677299, 27.519219735211934 ], [ -106.511716934006088, 27.521667753309597 ], [ -106.519890641808914, 27.51404375729097 ], [ -106.52017215577736, 27.524305047201718 ], [ -106.535747099769736, 27.536402982128994 ], [ -106.531131433935784, 27.548759188711404 ], [ -106.508018698303559, 27.554969065880091 ], [ -106.515380568822195, 27.568324894935685 ], [ -106.518013213246206, 27.578652582652655 ], [ -106.521891619341872, 27.581242735700428 ], [ -106.520562221308708, 27.591541113058209 ], [ -106.515726135378344, 27.59545619075195 ], [ -106.516502956467619, 27.605731367836331 ], [ -106.532012077345158, 27.608814598299187 ], [ -106.538340506502337, 27.612299953878157 ], [ -106.535106258521566, 27.627836742497504 ], [ -106.524709766318253, 27.627461502304051 ], [ -106.508546211196361, 27.632875911865906 ], [ -106.497365412861157, 27.633716777588184 ], [ -106.49976237672567, 27.63618270459725 ], [ -106.486344646934086, 27.643581885356028 ], [ -106.483056718639688, 27.650913090427149 ], [ -106.466730943174028, 27.648003404714846 ], [ -106.465536832390598, 27.643205098500093 ], [ -106.46245243905868, 27.641864104127073 ], [ -106.463249324874141, 27.649385760857829 ], [ -106.474308221225968, 27.659201655631126 ], [ -106.482105560651775, 27.660075809066424 ], [ -106.483728328381162, 27.726578128539778 ], [ -106.474075155035266, 27.724784244037263 ], [ -106.467968116715952, 27.728298145789783 ], [ -106.472430684948591, 27.741789489706814 ], [ -106.483249853740446, 27.751850398760265 ], [ -106.491125611273191, 27.772217369068851 ], [ -106.487233189173182, 27.777480098909152 ], [ -106.483644822058253, 27.790178412020655 ], [ -106.47978613896467, 27.791641653828702 ], [ -106.460486016826721, 27.812832843217844 ], [ -106.44186414664847, 27.814036950414526 ], [ -106.429378014235184, 27.809331199176036 ], [ -106.419321949658709, 27.79720618143503 ], [ -106.405845514703387, 27.792574277612285 ], [ -106.386407962965379, 27.776336478062991 ], [ -106.380220915149749, 27.774890086730881 ], [ -106.377762997939669, 27.784950665472213 ], [ -106.36863140448061, 27.792487172223797 ], [ -106.36190703596462, 27.807143663213253 ], [ -106.354808512774667, 27.809737359143313 ], [ -106.338599344762073, 27.793597889453785 ], [ -106.331729248956464, 27.798091887543649 ], [ -106.312303466431842, 27.804889746711243 ], [ -106.310269125588036, 27.80950064264545 ], [ -106.302396287535615, 27.814729342533468 ], [ -106.298401341525533, 27.82849460222614 ], [ -106.29191934568567, 27.83117234836855 ], [ -106.299489148985785, 27.842710465371624 ], [ -106.307915672776588, 27.843928976484161 ], [ -106.314407039197647, 27.852071521126778 ], [ -106.308348181479204, 27.861526597594775 ], [ -106.303388785852462, 27.884123394467345 ], [ -106.295744692562067, 27.902157030679724 ], [ -106.29810271591532, 27.913821444041279 ], [ -106.294118387930979, 27.926264991610029 ], [ -106.301641240357256, 27.931276622307486 ], [ -106.31253206051116, 27.946720156590192 ], [ -106.316975135945114, 27.949478204170919 ], [ -106.320968550149431, 27.947772381163354 ], [ -106.328914079313023, 27.960136938883934 ], [ -106.332133835900407, 27.961151094984412 ], [ -106.336650105827118, 27.956970503854443 ], [ -106.361978863992462, 27.946326945158532 ], [ -106.374365250533032, 27.937573699822131 ], [ -106.385296306937661, 27.9375651736013 ], [ -106.384131540423809, 27.942265498642985 ], [ -106.386563251246372, 27.947568239928192 ], [ -106.396570451249545, 27.953169297119054 ], [ -106.416654718870802, 27.970316606511535 ], [ -106.421005618495059, 27.970097006135894 ], [ -106.425532263497601, 27.977477400051544 ], [ -106.429244840151256, 27.979070571209633 ], [ -106.429991109981003, 27.992043160516033 ], [ -106.43646244603498, 28.004226146289433 ], [ -106.462660516086558, 28.034124275107001 ], [ -106.461518084599206, 28.036677734236847 ], [ -106.450322519282082, 28.037351874351629 ], [ -106.444500414158213, 28.0350854105046 ], [ -106.429942757588663, 28.036314954611949 ], [ -106.403130926015933, 28.031928982152728 ], [ -106.394995191932495, 28.024854446089552 ], [ -106.390490781460699, 28.027798040997961 ], [ -106.379075654116676, 28.025573936531121 ], [ -106.374830139951627, 28.02744499872448 ], [ -106.37125065397484, 28.037249961923806 ], [ -106.365461756935403, 28.044148792235749 ], [ -106.38061860187689, 28.057880349240254 ], [ -106.383081388076604, 28.072847147225801 ], [ -106.394481619989634, 28.089772954917695 ], [ -106.390288305355099, 28.098748306956566 ], [ -106.387414230648389, 28.100050763305386 ], [ -106.376072953827759, 28.102122337739619 ], [ -106.365589196861819, 28.093130666783431 ], [ -106.354411241118527, 28.091402011675797 ], [ -106.344929982109747, 28.094062017967989 ], [ -106.333638089316182, 28.091339673722782 ], [ -106.322368056708413, 28.098445899695836 ], [ -106.315653395948033, 28.098150044301171 ], [ -106.283063218170199, 28.086347989177874 ], [ -106.279080322920649, 28.08656616767734 ], [ -106.274398975798036, 28.082401133232811 ], [ -106.26401609756978, 28.099008510760093 ], [ -106.255746340939766, 28.104314871778499 ], [ -106.24315455469204, 28.095545175634296 ], [ -106.230554347178895, 28.098668933463284 ], [ -106.226610701398812, 28.10632014872369 ], [ -106.219073918729677, 28.101717791848067 ], [ -106.20195724016493, 28.107942220681498 ], [ -106.183829567136343, 28.104739531979554 ], [ -106.17182388220624, 28.109927940559288 ], [ -106.153993249930323, 28.113084288471669 ], [ -106.137230395008402, 28.11021723991934 ], [ -106.120214345512267, 28.117836838571147 ], [ -106.108017086872934, 28.108066507922551 ], [ -106.09987443154543, 28.112456222812309 ], [ -106.086276448990048, 28.115227793466079 ], [ -106.075404453146405, 28.128596061879595 ], [ -106.055240903551493, 28.138410120529485 ] ] ] } },
{ "type": "Feature", "properties": { "cve_edo": "08", "cve_mpo_ine": "062", "cve_edo_mpo_ine": "08062", "nom_mpo": "SAUCILLO", "nom_edo": "Chihuahua", "alianza_ganadora": "Va por México", "margen_pp": 50.570165231556899, "por_participacion": 51.293172051567723 }, "geometry": { "type": "Polygon", "coordinates": [ [ [ -105.177527244052328, 28.341973459835334 ], [ -105.17141548766125, 28.335481000592459 ], [ -105.145270419601871, 28.323762051390542 ], [ -105.136778205182864, 28.324811671168661 ], [ -105.131538300988495, 28.32196156034324 ], [ -105.116309307335356, 28.319581905398874 ], [ -105.097474775629266, 28.309334248329332 ], [ -105.090856812669088, 28.309922822594807 ], [ -105.080812793701526, 28.306869660046928 ], [ -105.076573212294832, 28.304389066566852 ], [ -105.064437019134914, 28.287873329927258 ], [ -105.063826571754205, 28.281577064576556 ], [ -105.049235558022602, 28.276289316668379 ], [ -105.034697058137866, 28.275639807442886 ], [ -105.030653457777078, 28.270547692545197 ], [ -104.970540869235165, 28.277420076384995 ], [ -104.951326222487822, 28.294949955552191 ], [ -104.94251834088027, 28.297188958903611 ], [ -104.926107335629581, 28.295906826256896 ], [ -104.906903434447187, 28.290396991184856 ], [ -104.892858988166111, 28.290850950953853 ], [ -104.886036788006308, 28.279581426696179 ], [ -104.877254910629006, 28.275146471133997 ], [ -104.860121860907995, 28.252976918162013 ], [ -104.844715213466941, 28.23803746086957 ], [ -104.874065507265982, 28.238025131219018 ], [ -104.874498464206397, 28.229650080139983 ], [ -104.871355428519266, 28.225202672446912 ], [ -104.917414033503164, 28.200496447197811 ], [ -104.934881627221841, 28.208040706731285 ], [ -104.964391022519663, 28.198475751985544 ], [ -104.973985030255037, 28.1865302777164 ], [ -104.958612803371523, 28.176815856330478 ], [ -104.953037313038465, 28.16418811999873 ], [ -104.947270839915035, 28.158275600279655 ], [ -104.94216841248992, 28.142493288857672 ], [ -104.93437412834966, 28.13154353946349 ], [ -104.92976626908991, 28.115092986295871 ], [ -104.921735582235073, 28.105222238924966 ], [ -104.908378038125875, 28.096892408758457 ], [ -104.906672063273831, 28.085470110582847 ], [ -104.89022295964169, 28.062496490712974 ], [ -104.86224155989845, 28.056615836652728 ], [ -104.837021031643431, 28.037443836923412 ], [ -104.825747736735238, 28.040608774345959 ], [ -104.82375327046509, 28.039465668040712 ], [ -104.817956550172454, 28.027414570037408 ], [ -104.827636434504115, 28.010090784458608 ], [ -104.835439833124695, 28.008033528899684 ], [ -104.839260443594895, 28.004436005353146 ], [ -104.863542741868372, 27.999081940070663 ], [ -104.889788989138765, 28.007133094411557 ], [ -104.917146216871458, 28.008938527692194 ], [ -104.924141055363535, 28.014486280277975 ], [ -104.935217187455777, 28.017540168182681 ], [ -104.940276829731772, 28.029973193258485 ], [ -104.948766740128491, 28.035766382918961 ], [ -104.96072097035352, 28.039563327823899 ], [ -104.973863010260104, 28.036142087638272 ], [ -104.98136200526524, 28.042017822151372 ], [ -104.982890714310514, 28.046908280074454 ], [ -105.004234899547541, 28.043801605892799 ], [ -105.010045935559859, 28.040307446682796 ], [ -105.038628733376072, 28.041493962460596 ], [ -105.043370264526459, 28.029043833902573 ], [ -105.050514297906361, 28.021813068769426 ], [ -105.07471467397643, 28.019435509461161 ], [ -105.075170095983353, 28.014624271815801 ], [ -105.080938496207366, 28.006648772713742 ], [ -105.094718421497234, 28.006034152207995 ], [ -105.094303617586803, 28.001225034857288 ], [ -105.170431612766791, 28.001426745262073 ], [ -105.176936532235914, 27.993362006939567 ], [ -105.179951187657082, 27.983981023328774 ], [ -105.183422967963352, 27.983472462684436 ], [ -105.199566111005879, 27.970897317450895 ], [ -105.214329011041286, 27.969769876358018 ], [ -105.221185096753814, 27.972566204392827 ], [ -105.221864780978947, 27.966012064132975 ], [ -105.207702346424568, 27.9523760010986 ], [ -105.201391594582461, 27.941698416740401 ], [ -105.202925999375324, 27.939951721972257 ], [ -105.204590959811796, 27.938868052637133 ], [ -105.205128829377287, 27.943095925929235 ], [ -105.21139181383694, 27.94888036773964 ], [ -105.21893200150096, 27.945703233947388 ], [ -105.229643054749843, 27.936958002315382 ], [ -105.236694655823186, 27.934693884406464 ], [ -105.239759562821035, 27.93095090036898 ], [ -105.261437965725207, 27.927056665555625 ], [ -105.26532100512236, 27.930525362629322 ], [ -105.274194849280875, 27.924603337087103 ], [ -105.257832526817282, 27.90227259304794 ], [ -105.266440915300805, 27.894859203328135 ], [ -105.293801858351458, 27.88944551614162 ], [ -105.29997271110355, 27.886435234901892 ], [ -105.304315199785364, 27.874889773267359 ], [ -105.314917912649591, 27.868875165563757 ], [ -105.315008826802881, 27.865806190134126 ], [ -105.277269374932331, 27.85069643420519 ], [ -105.257859745719415, 27.832440959868169 ], [ -105.25327579542153, 27.820680984533343 ], [ -105.246254843620889, 27.81299354434422 ], [ -105.249914729663686, 27.807174722366646 ], [ -105.247944879092756, 27.796317261212558 ], [ -105.270887332319745, 27.79142171408883 ], [ -105.279529927709731, 27.794125506276309 ], [ -105.295522371603951, 27.794394573099989 ], [ -105.311181349909447, 27.79822940167303 ], [ -105.325697496420943, 27.810858448856628 ], [ -105.345069640433067, 27.813761456836136 ], [ -105.344725893598053, 27.749072831094633 ], [ -105.369061532792955, 27.731631560143239 ], [ -105.553222846158789, 27.718404619124421 ], [ -105.5854881561783, 27.685535860378753 ], [ -105.596671055807775, 27.680832141036344 ], [ -105.603373148064406, 27.684265434485344 ], [ -105.607334719197382, 27.683716225090965 ], [ -105.611523677994043, 27.67904101712675 ], [ -105.636617671515396, 27.685286514947101 ], [ -105.636613781587272, 27.691890477608275 ], [ -105.639299898742181, 27.695293802984565 ], [ -105.653537143555425, 27.699643785786062 ], [ -105.653699554861461, 27.701997561405285 ], [ -105.657591611786088, 27.702271922133171 ], [ -105.683856751455068, 27.716193696998953 ], [ -105.70533878496569, 27.693345289324746 ], [ -105.73545661676755, 27.684994253378459 ], [ -105.744934954412287, 27.691452146674731 ], [ -105.745795649026036, 27.738384632618907 ], [ -105.751397276569861, 27.748242371344435 ], [ -105.755152115045661, 27.750246579546531 ], [ -105.772387786480778, 27.752497425748444 ], [ -105.786755915002317, 27.750230434386555 ], [ -105.794802330115644, 27.756757579708733 ], [ -105.824965778940097, 27.744053491286394 ], [ -105.855377459515296, 27.738113033061527 ], [ -105.85722075366553, 27.739608805467967 ], [ -105.866600521908353, 27.750018478894923 ], [ -105.865212759776924, 27.753477954400996 ], [ -105.867943099454891, 27.76021987770137 ], [ -105.86304615301124, 27.785163460466581 ], [ -105.838404185706082, 27.787588464124209 ], [ -105.83803005260215, 27.795593238521906 ], [ -105.825010382798069, 27.806375379629067 ], [ -105.823782164119521, 27.812765703229797 ], [ -105.814971998183225, 27.822992738859579 ], [ -105.804744460297158, 27.824915322282841 ], [ -105.800246584632617, 27.829883336677586 ], [ -105.784757107350188, 27.83903789741905 ], [ -105.779829445320544, 27.850606362493323 ], [ -105.780259589913442, 27.85816179614827 ], [ -105.776199174448408, 27.869528905790617 ], [ -105.776786744965435, 27.880345796378002 ], [ -105.773526611568343, 27.884990165952001 ], [ -105.764468247567265, 27.886999436882981 ], [ -105.761086079372078, 27.891353882621317 ], [ -105.76108673758192, 27.898328944801332 ], [ -105.773441441778104, 27.89481249873403 ], [ -105.77215026282164, 27.900871833150994 ], [ -105.778329983172156, 27.909617067872702 ], [ -105.779380454453687, 27.917093565876517 ], [ -105.773666496024944, 27.926015712363039 ], [ -105.75914623257934, 27.93587508297168 ], [ -105.7389615905835, 27.969058112442521 ], [ -105.72983049493412, 27.97824621625594 ], [ -105.722145973130239, 27.984966544376366 ], [ -105.710879308860967, 27.990177781434653 ], [ -105.693854066007248, 27.994607782279616 ], [ -105.670162284930058, 27.995937068259092 ], [ -105.65525241331531, 28.005659417375298 ], [ -105.651104632805243, 28.024080115651746 ], [ -105.597787339580222, 27.969142383869013 ], [ -105.562623346527729, 28.006566791568861 ], [ -105.547184527305831, 28.006739757855961 ], [ -105.552147498043993, 28.012225446760663 ], [ -105.550211097963086, 28.013572850357026 ], [ -105.539945429376019, 28.011142231993279 ], [ -105.516915604355603, 28.019343043851229 ], [ -105.515886228220083, 28.011492657926041 ], [ -105.501911172293319, 28.01930769403619 ], [ -105.498013694465186, 28.024064597413286 ], [ -105.498229997405545, 28.032444659018534 ], [ -105.474093149117493, 28.035823283079882 ], [ -105.473735559461844, 28.049474772775206 ], [ -105.470445148965695, 28.051744704331472 ], [ -105.473875004974403, 28.052039932408274 ], [ -105.473527243043605, 28.056590048223011 ], [ -105.431201651855233, 28.056307534575073 ], [ -105.424485624383919, 28.04756523443298 ], [ -105.421804842204949, 28.047435758320578 ], [ -105.405815880913224, 28.065274587555461 ], [ -105.40071441602494, 28.067290786110668 ], [ -105.402292771895702, 28.071182981678884 ], [ -105.400026925721903, 28.079203888620121 ], [ -105.393492976657029, 28.081671785052354 ], [ -105.383818767923131, 28.079581523105542 ], [ -105.381960844278993, 28.069441571249666 ], [ -105.374612590129985, 28.071079291287059 ], [ -105.368980543906687, 28.066639307806867 ], [ -105.36244858351931, 28.069519438183217 ], [ -105.362443182574381, 28.18336842634541 ], [ -105.346607089352048, 28.184413349452846 ], [ -105.354294043547227, 28.193982960273551 ], [ -105.361887829882477, 28.192939949722756 ], [ -105.362215128379077, 28.218416633213927 ], [ -105.351365719784596, 28.223919930446183 ], [ -105.356422304001896, 28.231857770541389 ], [ -105.35592434565234, 28.233765016883606 ], [ -105.352930228749258, 28.233816029259554 ], [ -105.357988450071602, 28.243576580260672 ], [ -105.351877753562704, 28.249188815288978 ], [ -105.351444839229444, 28.256564194060942 ], [ -105.347764754649532, 28.258647197710761 ], [ -105.342397685208809, 28.255598424297901 ], [ -105.329110301551353, 28.261646075580316 ], [ -105.326863751485348, 28.260410027061205 ], [ -105.323183937776378, 28.266013662195199 ], [ -105.320749785142567, 28.263079566117863 ], [ -105.319190652829164, 28.266564032253616 ], [ -105.312077231663622, 28.265673404639493 ], [ -105.315453518069248, 28.271877418703205 ], [ -105.312334097070334, 28.275946325897422 ], [ -105.312085659605202, 28.284315566238039 ], [ -105.317203524012029, 28.285957442114604 ], [ -105.323006956108173, 28.283578973638125 ], [ -105.327809291535914, 28.286131104744427 ], [ -105.323503104924782, 28.294017275759117 ], [ -105.317324760833145, 28.296852557727444 ], [ -105.308088940468892, 28.310715870898992 ], [ -105.308838306233227, 28.31307504328781 ], [ -105.303657226502366, 28.315078304937749 ], [ -105.294542930666978, 28.329976002198613 ], [ -105.279562643320048, 28.333827053446125 ], [ -105.264579910489488, 28.311040770911369 ], [ -105.254156537911896, 28.307587072511833 ], [ -105.252534550238494, 28.305188314142153 ], [ -105.239918215891805, 28.319511005740267 ], [ -105.181981807203684, 28.322038600473022 ], [ -105.185778345892942, 28.333423540611584 ], [ -105.177527244052328, 28.341973459835334 ] ] ] } },
{ "type": "Feature", "properties": { "cve_edo": "08", "cve_mpo_ine": "063", "cve_edo_mpo_ine": "08063", "nom_mpo": "TEMOSACHIC", "nom_edo": "Chihuahua", "alianza_ganadora": "Va por México", "margen_pp": 22.777777777777779, "por_participacion": 58.868795690650252 }, "geometry": { "type": "Polygon", "coordinates": [ [ [ -107.787339318350092, 29.256051571382255 ], [ -107.78379764653539, 29.251793793937551 ], [ -107.781458446348282, 29.239373901645202 ], [ -107.786184197925039, 29.23283438512215 ], [ -107.788139633752508, 29.224831778940501 ], [ -107.781776067606856, 29.21079286382092 ], [ -107.767557190249107, 29.203890674935117 ], [ -107.764524627630706, 29.200369953165431 ], [ -107.76338148160896, 29.177975590911036 ], [ -107.752795171571108, 29.165240517256834 ], [ -107.753374269928884, 29.157412252628731 ], [ -107.760559712290643, 29.143362216819295 ], [ -107.754288175542769, 29.142828057510542 ], [ -107.743792034786722, 29.148581315229322 ], [ -107.725124574109358, 29.150845736497303 ], [ -107.70016403917289, 29.130992343252579 ], [ -107.690076682635606, 29.115652686268898 ], [ -107.675406561878091, 29.114590263166789 ], [ -107.660075729181528, 29.108210593971684 ], [ -107.648675493474883, 29.107832539619864 ], [ -107.638748540940526, 29.102619444298199 ], [ -107.625283175375699, 29.091083551462507 ], [ -107.588867015521942, 29.074154615593955 ], [ -107.583451656029993, 29.067841530941067 ], [ -107.581909401116718, 29.058953861567257 ], [ -107.571352027274415, 29.050938020768747 ], [ -107.575693107667007, 29.04086559147505 ], [ -107.572019487568284, 29.031165331152295 ], [ -107.575186406856901, 29.010226121369119 ], [ -107.557489975612299, 29.000269679915803 ], [ -107.545658747098969, 28.984679594459678 ], [ -107.534762748905649, 28.983498976087727 ], [ -107.524515413258996, 28.988327577243631 ], [ -107.519637791241976, 28.989669532699466 ], [ -107.518630144388837, 28.988026974709694 ], [ -107.526198977917645, 28.969949828652048 ], [ -107.528821941319407, 28.968454126392487 ], [ -107.538206643749476, 28.967665953690297 ], [ -107.552884420668377, 28.975911111069728 ], [ -107.559013621142455, 28.974808645636777 ], [ -107.56863682681923, 28.97113406034498 ], [ -107.582842922279653, 28.956396544117975 ], [ -107.589959178996111, 28.952404461694584 ], [ -107.611115067845034, 28.9537712424417 ], [ -107.624782328346257, 28.95937811615887 ], [ -107.639168441622516, 28.958060349594401 ], [ -107.641259974028543, 28.950635043412419 ], [ -107.635811607873023, 28.936581235412252 ], [ -107.638416184903676, 28.931788850419856 ], [ -107.643035845702855, 28.929785352146126 ], [ -107.647238174003348, 28.919217733176374 ], [ -107.65739929588608, 28.949881840902954 ], [ -107.664790600347843, 28.95148539296828 ], [ -107.67612676084066, 28.965666976414489 ], [ -107.688052948125858, 28.972513129081722 ], [ -107.705714353428533, 28.97495685665691 ], [ -107.729038361900052, 28.982550792037582 ], [ -107.747113277447809, 28.948498967707955 ], [ -107.78453882865189, 28.910114093932798 ], [ -107.775144246742556, 28.887363201833505 ], [ -107.781386098792481, 28.885591361536832 ], [ -107.798809578466361, 28.892143366130192 ], [ -107.805546689047588, 28.889625727278869 ], [ -107.812261198298799, 28.883648735757959 ], [ -107.826626322759182, 28.881323472240076 ], [ -107.835586289355817, 28.874835257763742 ], [ -107.845597122675883, 28.85746733021001 ], [ -107.853744567531677, 28.842253799984864 ], [ -107.859391712870121, 28.790572679554312 ], [ -107.868794831939269, 28.777243677915301 ], [ -107.880470495926374, 28.749813738528498 ], [ -107.879750575037718, 28.736064997502176 ], [ -107.890177579918387, 28.718888230330464 ], [ -107.890167751307203, 28.703352584886034 ], [ -107.885631877692006, 28.691544137468949 ], [ -107.889068597876417, 28.679079263372039 ], [ -107.87992235385822, 28.67256951585993 ], [ -107.876023005202754, 28.661160994048466 ], [ -107.874272749714763, 28.661082411318532 ], [ -107.885831686389736, 28.64652015323632 ], [ -107.885183779517817, 28.641891508211764 ], [ -107.88077780563755, 28.635779004491429 ], [ -107.870919373541227, 28.639757527470369 ], [ -107.861532088612051, 28.637700103056126 ], [ -107.847565325856038, 28.618285313077713 ], [ -107.847591772460845, 28.615697381931533 ], [ -107.853418517429503, 28.613402774108224 ], [ -107.852146739982715, 28.610648686638221 ], [ -107.857133249452829, 28.605711201416796 ], [ -107.854652852086758, 28.598285601890652 ], [ -107.859812302027237, 28.580100247838008 ], [ -107.869291332298658, 28.568781385299559 ], [ -107.85733130842867, 28.554515825760173 ], [ -107.859382579842944, 28.551229851604944 ], [ -107.866514355570246, 28.553538128734168 ], [ -107.873503179092936, 28.551960699564397 ], [ -107.875737462615874, 28.548899724109415 ], [ -107.874957104439034, 28.542369639701189 ], [ -107.869439482242598, 28.537828166238864 ], [ -107.871783854306543, 28.531625720039223 ], [ -107.86453469527109, 28.530640441790549 ], [ -107.862896130080898, 28.52741778547524 ], [ -107.873131497809865, 28.526002899643576 ], [ -107.882205839024408, 28.516900245057034 ], [ -107.870712520814706, 28.497443596720505 ], [ -107.864548542657587, 28.495494955197302 ], [ -107.855683893748392, 28.485663624082775 ], [ -107.845217615945245, 28.46693646487655 ], [ -107.840947098459282, 28.465777320211807 ], [ -107.842264970006354, 28.458893156913131 ], [ -107.838046669586859, 28.454923060405569 ], [ -107.83787545042145, 28.448314847896821 ], [ -107.831495896750056, 28.433062995425512 ], [ -107.835252882308595, 28.42925426667043 ], [ -107.850835576847444, 28.430021876613516 ], [ -107.865794598152831, 28.425593680775574 ], [ -107.872548847874796, 28.426864335444304 ], [ -107.880134047231238, 28.421341543215064 ], [ -107.892052835926762, 28.425069922272098 ], [ -107.898806280398603, 28.431380292684484 ], [ -107.9227451541433, 28.417592274176844 ], [ -107.926383350377463, 28.39859422242451 ], [ -107.922752984179482, 28.387676814956869 ], [ -107.924408860724398, 28.384172433361385 ], [ -107.915665051157703, 28.377820792977158 ], [ -107.914592695838792, 28.369640080933735 ], [ -107.918226482356474, 28.370503694943455 ], [ -107.921372140487819, 28.366971889556023 ], [ -107.931773242948026, 28.364538694626027 ], [ -107.943209837877987, 28.363572013750659 ], [ -107.946502910119406, 28.365573626268386 ], [ -107.955858016935835, 28.361341025348146 ], [ -107.982417788443371, 28.357594306706133 ], [ -107.987907210050111, 28.34872582478399 ], [ -108.013228382534621, 28.340866073271453 ], [ -108.021485147384226, 28.332339414204302 ], [ -108.0194704406303, 28.344448922630047 ], [ -108.026793578599197, 28.343799571745631 ], [ -108.030948140348997, 28.310430411215993 ], [ -108.035643604645813, 28.300088865843943 ], [ -108.042197864182242, 28.298469001121966 ], [ -108.047367987302607, 28.291836126232333 ], [ -108.048180028243095, 28.285504835520715 ], [ -108.05276645125447, 28.289787519879329 ], [ -108.068627790698329, 28.292508487398528 ], [ -108.098592963484009, 28.311451587228248 ], [ -108.112417271659268, 28.312227822985655 ], [ -108.115973638124601, 28.310333046491802 ], [ -108.123044434376084, 28.30497415135827 ], [ -108.126067793882854, 28.297058616671791 ], [ -108.131399737865209, 28.291819703293445 ], [ -108.14389314625835, 28.298736437916283 ], [ -108.15420741531841, 28.29851089046544 ], [ -108.166188142861927, 28.31403011161483 ], [ -108.165635603526383, 28.321231006905155 ], [ -108.181736985273972, 28.327981842231818 ], [ -108.196094884323173, 28.325432488028415 ], [ -108.205826657345867, 28.317448855127932 ], [ -108.213107436506164, 28.315385914178794 ], [ -108.213274404532868, 28.329686832467129 ], [ -108.224909857942194, 28.325146830819786 ], [ -108.228580216155564, 28.316062790559396 ], [ -108.234619164153642, 28.312521015744839 ], [ -108.248310941512301, 28.333215850983866 ], [ -108.260240654142265, 28.341865938871983 ], [ -108.265973404235837, 28.352521151756989 ], [ -108.280539530299322, 28.356081419975862 ], [ -108.290379873617269, 28.354964068875766 ], [ -108.296031246130582, 28.350860806899178 ], [ -108.299777363225019, 28.350855786206637 ], [ -108.315416638515146, 28.357631232152286 ], [ -108.325543343191825, 28.358126546668803 ], [ -108.334479477908161, 28.355729532005441 ], [ -108.345515260624225, 28.357742928142677 ], [ -108.354642003381372, 28.352826381440629 ], [ -108.371393108887645, 28.330942390967962 ], [ -108.374508944263795, 28.358684862265115 ], [ -108.381111524687441, 28.352690799157209 ], [ -108.392938837758294, 28.351194834422799 ], [ -108.398767676567147, 28.354786680640718 ], [ -108.406659399916677, 28.366356830026348 ], [ -108.413369031780306, 28.370170259541894 ], [ -108.404309640486247, 28.383116713715285 ], [ -108.396931000004685, 28.382724430027903 ], [ -108.389926399008957, 28.387593598460214 ], [ -108.388245561998971, 28.390471478511543 ], [ -108.389867319340624, 28.406245198482068 ], [ -108.38198612451302, 28.416405556830849 ], [ -108.416467450242777, 28.400584918019046 ], [ -108.426811687217835, 28.409986651475577 ], [ -108.432004871753747, 28.418132811768491 ], [ -108.441762693530507, 28.423817362436466 ], [ -108.446862293898889, 28.433181355918478 ], [ -108.456870890947698, 28.433669222946072 ], [ -108.460985118597662, 28.428136976307382 ], [ -108.451690505652181, 28.410685423919865 ], [ -108.464277033896707, 28.358000312617811 ], [ -108.4705456018158, 28.364172900197115 ], [ -108.477914862610064, 28.364237134362231 ], [ -108.486153527428201, 28.359009346231062 ], [ -108.494142913838047, 28.364003672264662 ], [ -108.505076342434691, 28.366817168242839 ], [ -108.507325212411686, 28.372983419575281 ], [ -108.504802228791732, 28.381013327505322 ], [ -108.520272874254317, 28.400357211041612 ], [ -108.519406549566924, 28.426131921198518 ], [ -108.53093893964548, 28.432423735827008 ], [ -108.532422013290699, 28.436765377812133 ], [ -108.542023044048562, 28.436991824100527 ], [ -108.544171532884249, 28.446852146690446 ], [ -108.550104014233668, 28.455195991029324 ], [ -108.561772866541986, 28.457012920645635 ], [ -108.56804787863112, 28.466850557890016 ], [ -108.588910896137762, 28.477249981232319 ], [ -108.590478435339747, 28.479886018932422 ], [ -108.587390045164241, 28.485174768198153 ], [ -108.578061646342121, 28.487031079580472 ], [ -108.563053072801466, 28.507493035349565 ], [ -108.569003162165657, 28.524068013976553 ], [ -108.565262867700241, 28.529431892053374 ], [ -108.580513334081246, 28.537930469785138 ], [ -108.586999041469085, 28.550991199615687 ], [ -108.570639012616297, 28.563674111956846 ], [ -108.567564150773364, 28.570642956482814 ], [ -108.567409889787442, 28.593997259309358 ], [ -108.559436904082389, 28.596445546247264 ], [ -108.553090855127522, 28.606680086119638 ], [ -108.555072915689124, 28.616743335699521 ], [ -108.562768632957685, 28.6229774947608 ], [ -108.560737177421089, 28.626758053451191 ], [ -108.562740016776445, 28.632685616245237 ], [ -108.559218527490202, 28.641854703775607 ], [ -108.560204079531303, 28.645095017648785 ], [ -108.555056421019586, 28.649440155913144 ], [ -108.559547713929248, 28.654737811868912 ], [ -108.559033866000092, 28.658096823197301 ], [ -108.570258500277887, 28.662252000570462 ], [ -108.554899336551429, 28.682523863226724 ], [ -108.543577096038632, 28.685482911287362 ], [ -108.545799964090762, 28.689156925645168 ], [ -108.54457160284872, 28.695025275493666 ], [ -108.540633740858937, 28.697799284485988 ], [ -108.533857157733507, 28.697319773067758 ], [ -108.531094919207959, 28.702010099332036 ], [ -108.525374949435857, 28.703692981380936 ], [ -108.530430288130361, 28.715323568014949 ], [ -108.529892959093161, 28.728714933750016 ], [ -108.52782987613017, 28.731360848153589 ], [ -108.518441751701332, 28.731756502121303 ], [ -108.508477925065222, 28.735224857007793 ], [ -108.499732567145315, 28.725246995550556 ], [ -108.492328025038034, 28.724780996955179 ], [ -108.486308945118111, 28.719577836648554 ], [ -108.47757772835881, 28.721170644405266 ], [ -108.47376779184242, 28.729210006758851 ], [ -108.467734967957199, 28.734606068260309 ], [ -108.462989844505643, 28.735289632326136 ], [ -108.451127225932566, 28.720681657422887 ], [ -108.421029926029405, 28.72481611111337 ], [ -108.406747380366411, 28.730105855196729 ], [ -108.377883911201849, 28.723173625202261 ], [ -108.36146399308447, 28.72299562902548 ], [ -108.360579503159244, 28.727962841256115 ], [ -108.347059281726715, 28.723254686301907 ], [ -108.342515074953567, 28.737795224803751 ], [ -108.347029488115069, 28.743202827290901 ], [ -108.34849347199642, 28.767980904659584 ], [ -108.353626526026147, 28.772968141420179 ], [ -108.370650413335426, 28.803296133722906 ], [ -108.378606162212861, 28.810809795668209 ], [ -108.361670032079076, 28.821105019203166 ], [ -108.347545151737464, 28.817871566650133 ], [ -108.336556278702844, 28.830536933794058 ], [ -108.323675254831414, 28.832218049008734 ], [ -108.320142575387933, 28.8420313379997 ], [ -108.311300733859767, 28.844832991548369 ], [ -108.312298183834116, 28.849918217042667 ], [ -108.306219981312026, 28.852898223018933 ], [ -108.301549783979823, 28.85170967986976 ], [ -108.296897448010668, 28.8458985086551 ], [ -108.286905218129249, 28.847833380447003 ], [ -108.278333054731604, 28.846085686018231 ], [ -108.267581536306793, 28.85865944906454 ], [ -108.246030283181739, 28.860046357903261 ], [ -108.241708786229196, 28.857631369055714 ], [ -108.237619995805446, 28.848885814380782 ], [ -108.227402164141225, 28.840928308689154 ], [ -108.205199825074644, 28.830914179209358 ], [ -108.192325722092747, 28.842980714712272 ], [ -108.176074025243139, 28.842398122296956 ], [ -108.157438237321742, 28.8536939483085 ], [ -108.143805129540368, 28.852670769622655 ], [ -108.149267811361042, 28.861841604202176 ], [ -108.158607901961034, 28.871139737827683 ], [ -108.159381143453999, 28.873520306147629 ], [ -108.151813774584099, 28.879521451196737 ], [ -108.150732567190488, 28.884060702675875 ], [ -108.154400239565959, 28.88838994176044 ], [ -108.153962602472987, 28.894816972863467 ], [ -108.161342902151915, 28.895157921876503 ], [ -108.163618345478397, 28.89768867312808 ], [ -108.166259146848105, 28.911908613449913 ], [ -108.142400607232247, 28.914689752826707 ], [ -108.118634927626715, 28.900914343984137 ], [ -108.110398827512782, 28.902719984286318 ], [ -108.104885872758842, 28.915040474190889 ], [ -108.098055804682005, 28.920291057060073 ], [ -108.093628477138282, 28.928483907910767 ], [ -108.089235185325094, 28.954133927622486 ], [ -108.085360088767203, 28.954498592908944 ], [ -108.068381389814675, 28.944605366991468 ], [ -108.048873598964178, 28.945519813970616 ], [ -108.042017790098171, 28.948379935335037 ], [ -108.039420748762041, 28.951861352245931 ], [ -108.017479311582406, 28.961110025017611 ], [ -108.0084771841925, 28.961928190855833 ], [ -107.999005150657425, 28.966455555404991 ], [ -107.985358511162602, 28.965581994895761 ], [ -107.98138870931534, 28.969815064239658 ], [ -107.97477345567134, 28.971928787211755 ], [ -107.969619872051766, 28.969088984393071 ], [ -107.971103555703849, 28.966853225933587 ], [ -107.96403018036132, 28.958593672191391 ], [ -107.953297844020369, 28.962222339975845 ], [ -107.950880498539519, 28.957135969918497 ], [ -107.941205022679114, 28.951860836834438 ], [ -107.941662783732994, 28.946339405225828 ], [ -107.939666819157367, 28.947096578926399 ], [ -107.935807100903176, 28.965821957890409 ], [ -107.929630548215343, 28.976330209303629 ], [ -107.928726345705954, 28.98902005430525 ], [ -107.941981360105402, 29.019549830414839 ], [ -107.94994321418686, 29.028956065155025 ], [ -107.94369275020054, 29.046218628853953 ], [ -107.95667763059059, 29.056983531819306 ], [ -107.960259596485969, 29.066342330869631 ], [ -107.956343846383817, 29.077903860736239 ], [ -107.935918357938547, 29.093140575904947 ], [ -107.970332020973984, 29.103482134361627 ], [ -107.979692009199056, 29.114109543385098 ], [ -107.990276778241494, 29.121102352852137 ], [ -107.991316560136525, 29.125540449345852 ], [ -107.987110793154301, 29.132164153492788 ], [ -107.987636878907907, 29.135124315696554 ], [ -107.998068398017878, 29.138494222792151 ], [ -107.999974231318717, 29.14152485156152 ], [ -107.966504975646785, 29.156630713528337 ], [ -107.952664637835483, 29.150404149940215 ], [ -107.943831139411046, 29.143064743649106 ], [ -107.938595344676884, 29.146730838343078 ], [ -107.854455555959944, 29.143351526492427 ], [ -107.859228195309953, 29.127009071104386 ], [ -107.866155088080163, 29.115681234891746 ], [ -107.851083205264757, 29.109445480851328 ], [ -107.841289144687465, 29.12475417606224 ], [ -107.833528644118047, 29.180896930163112 ], [ -107.825364341603859, 29.197345905879345 ], [ -107.81839880109402, 29.224409998945344 ], [ -107.801605933855811, 29.246108823163848 ], [ -107.787339318350092, 29.256051571382255 ] ] ] } },
{ "type": "Feature", "properties": { "cve_edo": "08", "cve_mpo_ine": "065", "cve_edo_mpo_ine": "08065", "nom_mpo": "URIQUE", "nom_edo": "Chihuahua", "alianza_ganadora": "Va por México", "margen_pp": 0.62042437026926422, "por_participacion": 58.496044131523547 }, "geometry": { "type": "Polygon", "coordinates": [ [ [ -107.858621280926087, 27.648676495326505 ], [ -107.84652485833719, 27.648587748153403 ], [ -107.84030130664658, 27.642102550944337 ], [ -107.837993036468291, 27.631298425119223 ], [ -107.827451568584024, 27.624756641688371 ], [ -107.822633317424589, 27.624042788333064 ], [ -107.820388872352666, 27.621083375600598 ], [ -107.819091540042407, 27.612997916383048 ], [ -107.820918291925153, 27.609931204681281 ], [ -107.815972000279928, 27.59270079291402 ], [ -107.802921734788413, 27.580060460274886 ], [ -107.797908095965624, 27.569601550740753 ], [ -107.783904501685427, 27.560763668923759 ], [ -107.783077764551933, 27.54912360823614 ], [ -107.76581818934315, 27.526195028970989 ], [ -107.77356582505837, 27.521380958973616 ], [ -107.785826121107675, 27.506722518984471 ], [ -107.796277900069043, 27.500577357116853 ], [ -107.795666492256302, 27.477944940346958 ], [ -107.809773557785832, 27.464187810218743 ], [ -107.813530999939488, 27.452115228816389 ], [ -107.82820702238206, 27.430672413682153 ], [ -107.829400249202678, 27.423481757571576 ], [ -107.839596320261293, 27.417500068884443 ], [ -107.841516161190157, 27.408159168855693 ], [ -107.837660633462008, 27.401728928380422 ], [ -107.832840673341082, 27.399101617583099 ], [ -107.834292989026267, 27.394305651387231 ], [ -107.827728400850106, 27.387966633438239 ], [ -107.828075192992856, 27.383752574976494 ], [ -107.83434113335754, 27.380592898816367 ], [ -107.842655202285883, 27.369165504544775 ], [ -107.860747638628894, 27.36646004784382 ], [ -107.863530191240358, 27.357611595100444 ], [ -107.870456106402457, 27.362543371069837 ], [ -107.872535657128225, 27.360057821313109 ], [ -107.864977473659863, 27.352237205838115 ], [ -107.851433414876055, 27.330889350546794 ], [ -107.844652616780365, 27.329425370099397 ], [ -107.83933487344882, 27.302678630696811 ], [ -107.833912777526052, 27.301705137409826 ], [ -107.807978295020902, 27.309800293645676 ], [ -107.800201615199882, 27.305858816733487 ], [ -107.777539850904574, 27.304190652200642 ], [ -107.763732043760641, 27.300264127938565 ], [ -107.759373250361705, 27.289701876598802 ], [ -107.749772157516134, 27.289892874748027 ], [ -107.742412066098922, 27.295612406057561 ], [ -107.733892365731364, 27.290016670977671 ], [ -107.733991027663436, 27.284564004622396 ], [ -107.721101093847494, 27.264438456899285 ], [ -107.716163134011438, 27.260980593508002 ], [ -107.71825357714728, 27.260562511793104 ], [ -107.693953793244759, 27.247317878404711 ], [ -107.69364284177955, 27.226439206604301 ], [ -107.707261503639458, 27.214424834529943 ], [ -107.713148585103468, 27.203307601986534 ], [ -107.719471486497866, 27.197882205197565 ], [ -107.721813792824108, 27.188366566602596 ], [ -107.728001679190641, 27.182034054105383 ], [ -107.729060071261117, 27.17814406025504 ], [ -107.72382436357907, 27.161517983734946 ], [ -107.725547957442174, 27.151677937498327 ], [ -107.722646795114997, 27.145266178121229 ], [ -107.74707856320677, 27.124973816599464 ], [ -107.765971924376245, 27.133954674415392 ], [ -107.781961906021778, 27.136357366500757 ], [ -107.788178826691293, 27.132828975084323 ], [ -107.794328866669588, 27.133758675209858 ], [ -107.810494597460632, 27.140283764646604 ], [ -107.813549779612984, 27.139179915332171 ], [ -107.841248094691622, 27.144924358294205 ], [ -107.852371304117085, 27.150505447462422 ], [ -107.857404625733821, 27.150453270600224 ], [ -107.859408139527503, 27.153404115582731 ], [ -107.872670170772139, 27.153513195567808 ], [ -107.881471588578421, 27.150614013223905 ], [ -107.882054370351568, 27.148296596528365 ], [ -107.877338721493032, 27.144549221505454 ], [ -107.880322426618221, 27.138161804868858 ], [ -107.869600322029996, 27.125809977940548 ], [ -107.86635687251237, 27.112636464102639 ], [ -107.867620366511332, 27.106102133965557 ], [ -107.861893787770086, 27.099970755257957 ], [ -107.870534831037745, 27.094515240726711 ], [ -107.863605379276649, 27.080884701793657 ], [ -107.863661652029307, 27.075848767359322 ], [ -107.871654669199671, 27.067923633429718 ], [ -107.870306687029952, 27.058775029788926 ], [ -107.874266963984624, 27.052129990696795 ], [ -107.868540905442941, 27.045833584265221 ], [ -107.872875387449582, 27.039679987259081 ], [ -107.871479410990375, 27.03614502864383 ], [ -107.863667493266078, 27.029704953961659 ], [ -107.866720073928946, 27.019354922300629 ], [ -107.865689191719952, 27.015568439454423 ], [ -107.860224903375112, 27.010341914246144 ], [ -107.865217233703603, 27.00764879044689 ], [ -107.865986559824364, 27.000871943310784 ], [ -107.875060001372418, 27.00086023849326 ], [ -107.885109424771429, 26.99126232579264 ], [ -107.889634148650359, 26.990389346132826 ], [ -107.89016012349424, 26.983862658797765 ], [ -107.901745200472774, 26.979282872379823 ], [ -107.897378888253996, 26.973633398881066 ], [ -107.90102679498213, 26.962286034717675 ], [ -107.903548349677948, 26.958379676975678 ], [ -107.905692738785348, 26.962896952316612 ], [ -107.913001391902938, 26.959517370045287 ], [ -107.912690525674762, 26.954650506040426 ], [ -107.908113017189677, 26.951479943380772 ], [ -107.908697948035723, 26.949410085625281 ], [ -107.913191800571454, 26.946390617775219 ], [ -107.920914911111083, 26.946555730073687 ], [ -107.923768275342269, 26.940086626010466 ], [ -107.929493494331808, 26.94654611328815 ], [ -107.933803656307774, 26.948067955020385 ], [ -107.94099581677888, 26.945266104321991 ], [ -107.94166066459303, 26.940141154144857 ], [ -107.938756516662892, 26.933899287980058 ], [ -107.947464255908571, 26.922150050697741 ], [ -107.959107263163702, 26.916612932489851 ], [ -107.967807723049418, 26.91627842965012 ], [ -107.974057107368338, 26.920733861307728 ], [ -107.990600323516645, 26.918659340512164 ], [ -107.997829548066292, 26.914690940316685 ], [ -108.008245377795546, 26.915838931448064 ], [ -108.002725939986576, 26.889586408264957 ], [ -108.019873497379365, 26.879086487392737 ], [ -108.021344871930921, 26.883213606487686 ], [ -108.031271504109043, 26.892699823832441 ], [ -108.045775406773259, 26.902721000250683 ], [ -108.054285187197721, 26.899854808962498 ], [ -108.065464194137064, 26.903608503941669 ], [ -108.076950224505055, 26.89669999897086 ], [ -108.083642557005021, 26.888454384062875 ], [ -108.11306884378385, 26.885974760616715 ], [ -108.142402085039194, 26.877207605236038 ], [ -108.169395280914983, 26.884108224728958 ], [ -108.176470028658827, 26.880677184952919 ], [ -108.178675862884674, 26.88258300202093 ], [ -108.181557533111516, 26.897713581623453 ], [ -108.184509989888028, 26.897968003034759 ], [ -108.188957370382951, 26.894341269375534 ], [ -108.195578054704995, 26.899727299344828 ], [ -108.206451723878004, 26.903716686136004 ], [ -108.231485032335044, 26.92867735896683 ], [ -108.233351449217182, 26.933375620708453 ], [ -108.232559053019145, 26.944028821322654 ], [ -108.237252159831584, 26.950036413547309 ], [ -108.237537020283909, 26.95647474056987 ], [ -108.234140027952748, 26.962020004222108 ], [ -108.223994933120608, 26.966354084453798 ], [ -108.238542819768227, 26.98032970185433 ], [ -108.236853573858511, 26.984629646894657 ], [ -108.254638389111733, 26.986536630418207 ], [ -108.263234618003807, 26.98905909291404 ], [ -108.266568599949352, 26.99284223713736 ], [ -108.25892695976701, 27.005423651040019 ], [ -108.246193872604351, 27.008036964670406 ], [ -108.246368640607258, 27.016291880681486 ], [ -108.243707317502711, 27.021999464583992 ], [ -108.247066402784355, 27.029663071794229 ], [ -108.246892975970354, 27.04097401102149 ], [ -108.235161406279673, 27.047545163625859 ], [ -108.228976120183347, 27.058715938006941 ], [ -108.211719995025945, 27.064977794639141 ], [ -108.203779404141557, 27.070375636227446 ], [ -108.199480231635505, 27.069401831868998 ], [ -108.192884648117186, 27.074215936438264 ], [ -108.186258531049177, 27.073911197261317 ], [ -108.177964656349118, 27.08219868001326 ], [ -108.17263879771474, 27.094767831817414 ], [ -108.144504276992535, 27.110391942690725 ], [ -108.113837939427356, 27.112891906950413 ], [ -108.104498424516393, 27.110445831443364 ], [ -108.103488208314531, 27.104917321638826 ], [ -108.099562683517831, 27.105177745366873 ], [ -108.095297438146176, 27.135162425041997 ], [ -108.087747084551907, 27.14707588242036 ], [ -108.087414215993832, 27.15409494960662 ], [ -108.09298761226546, 27.163654600914843 ], [ -108.090332239468538, 27.16635428734704 ], [ -108.090863527256317, 27.170396350012023 ], [ -108.095125068831152, 27.178868560540167 ], [ -108.09147692619409, 27.207632701524272 ], [ -108.094877326117611, 27.203477610745868 ], [ -108.099726417443108, 27.209054877538499 ], [ -108.108828122095574, 27.209644110269839 ], [ -108.110269765198225, 27.206329824019175 ], [ -108.113945173902707, 27.205144788560293 ], [ -108.133358559931054, 27.228440362029506 ], [ -108.13830625911703, 27.231372963360712 ], [ -108.145148108736521, 27.227271406430148 ], [ -108.155990332412017, 27.229577224757108 ], [ -108.159473039690724, 27.233429341158171 ], [ -108.161835659677664, 27.247611867032575 ], [ -108.168448146176175, 27.256639619507645 ], [ -108.181066413008821, 27.263717398631382 ], [ -108.186319880169719, 27.271929864410211 ], [ -108.172364843103466, 27.312423569725578 ], [ -108.161653800999929, 27.323247119555845 ], [ -108.169467310856817, 27.340521253317196 ], [ -108.158068805961065, 27.356387216808187 ], [ -108.14959840330755, 27.34679683308012 ], [ -108.14756602370899, 27.340786003833703 ], [ -108.14397857390847, 27.338998975626399 ], [ -108.130829770010763, 27.340757761244213 ], [ -108.115167408219293, 27.349471508024585 ], [ -108.080878294899193, 27.354283601072211 ], [ -108.075734742626892, 27.356883260252623 ], [ -108.070136031171913, 27.375753322012052 ], [ -108.076086318539183, 27.392304601598156 ], [ -108.0745047073531, 27.406602070032932 ], [ -108.062705986827623, 27.421391285796311 ], [ -108.043165713373298, 27.425668824540512 ], [ -108.03158572086717, 27.438224636637198 ], [ -108.030239085608514, 27.451942213105841 ], [ -108.035183320063197, 27.466438386622514 ], [ -108.037184691414353, 27.482277682538015 ], [ -108.042946694484726, 27.491895303161158 ], [ -108.049511640894167, 27.495313426145263 ], [ -108.061824995436098, 27.519082439830125 ], [ -108.069191343435378, 27.540741760405073 ], [ -108.056902049409416, 27.544718143766737 ], [ -108.040169933464, 27.523129427803841 ], [ -108.030502104759549, 27.517669969884967 ], [ -108.032538144450115, 27.524260615303646 ], [ -108.025518507965145, 27.524973938069973 ], [ -108.021747995432762, 27.5302869189041 ], [ -108.005470723424764, 27.529829399471453 ], [ -107.995908841540768, 27.53559707430486 ], [ -107.991472332733025, 27.535794452587467 ], [ -107.987706457468775, 27.528554928607811 ], [ -107.975411647414631, 27.518733784484624 ], [ -107.972583407047864, 27.51949709564699 ], [ -107.98441173843959, 27.532212055709067 ], [ -107.984565598742051, 27.53551403066902 ], [ -107.967860365655582, 27.542322075329079 ], [ -107.9706179209021, 27.560717330892849 ], [ -108.017872198786691, 27.563263259769762 ], [ -108.015324616517034, 27.567658710498623 ], [ -108.015899359141315, 27.576159656142849 ], [ -108.017665522302408, 27.580275227663059 ], [ -108.033208512161565, 27.59320499138127 ], [ -108.034869254445383, 27.599055116014995 ], [ -108.033422983066885, 27.602534201038861 ], [ -108.01047716842757, 27.615340519438242 ], [ -108.002659524344551, 27.610609070590169 ], [ -107.988566742546624, 27.607574429734743 ], [ -107.98344816906534, 27.601088028275196 ], [ -107.977869713525806, 27.598155498099892 ], [ -107.971698363336188, 27.597786848667035 ], [ -107.970517260055829, 27.60349310683085 ], [ -107.963672637881842, 27.610478319318922 ], [ -107.959327123831045, 27.624665837681778 ], [ -107.957035660234936, 27.623317616486002 ], [ -107.95382764147169, 27.624890383044931 ], [ -107.949742447733485, 27.62309613937575 ], [ -107.945872573775731, 27.612095303783477 ], [ -107.934851123501161, 27.605556542087704 ], [ -107.924059871771703, 27.593426769946923 ], [ -107.910703887064159, 27.590098955167502 ], [ -107.903435946176145, 27.597436877839705 ], [ -107.890679564936633, 27.587940485444388 ], [ -107.884500589156104, 27.5877120786005 ], [ -107.880059264983529, 27.590190918246755 ], [ -107.879715068778381, 27.599480276662565 ], [ -107.882346778065525, 27.612131074221967 ], [ -107.892769152258339, 27.625662729781904 ], [ -107.891144433841148, 27.630044591463285 ], [ -107.867977728774946, 27.645808869010654 ], [ -107.858621280926087, 27.648676495326505 ] ] ] } },
{ "type": "Feature", "properties": { "cve_edo": "08", "cve_mpo_ine": "066", "cve_edo_mpo_ine": "08066", "nom_mpo": "URUACHI", "nom_edo": "Chihuahua", "alianza_ganadora": "Va por México", "margen_pp": 48.527224040464148, "por_participacion": 68.285249898415273 }, "geometry": { "type": "Polygon", "coordinates": [ [ [ -108.195468505205582, 28.04364500609098 ], [ -108.162537732642733, 28.046412633587327 ], [ -108.150353137614402, 28.035296254741123 ], [ -108.13123685812252, 28.03484594534638 ], [ -108.133626919772979, 28.019205893756688 ], [ -108.122108024173585, 27.991858417078443 ], [ -108.104317732220821, 27.983831595765455 ], [ -108.092831530935058, 27.966451143289824 ], [ -108.081586052870605, 27.962007888397938 ], [ -108.088670226801113, 27.950138434578388 ], [ -108.096454840363236, 27.945335464000348 ], [ -108.098023621622986, 27.937109858769936 ], [ -108.110742987856952, 27.928255976505906 ], [ -108.118740325798342, 27.917369493048014 ], [ -108.118494082218774, 27.894442079281216 ], [ -108.115002539897063, 27.890185435021213 ], [ -108.114422912567093, 27.874244935423114 ], [ -108.108806026352681, 27.866053451639051 ], [ -108.094872866556514, 27.854119980501064 ], [ -108.095322043235072, 27.844995558961884 ], [ -108.091300291118898, 27.833261836660498 ], [ -108.082478006675686, 27.827056008757189 ], [ -108.075501505057346, 27.818293585314173 ], [ -108.070572830248906, 27.797440465534191 ], [ -108.07499695847963, 27.790763900776273 ], [ -108.084339258548056, 27.794980854644628 ], [ -108.086722913454139, 27.792265828408777 ], [ -108.096033870314528, 27.791256065134924 ], [ -108.105151592630094, 27.784697302789819 ], [ -108.124125455839803, 27.797248310544116 ], [ -108.137742942010391, 27.799742536257252 ], [ -108.151864016541438, 27.788413110367767 ], [ -108.154098996087669, 27.761935852264969 ], [ -108.183537019729513, 27.769167236813413 ], [ -108.188831248098296, 27.773175250967864 ], [ -108.19281045071456, 27.771876306556191 ], [ -108.193472589392542, 27.767244565412192 ], [ -108.184665996548873, 27.754273030950042 ], [ -108.241481502639076, 27.74924976857594 ], [ -108.281193527344641, 27.758177866811163 ], [ -108.282488089929529, 27.751562994169813 ], [ -108.278289362916169, 27.749717446242919 ], [ -108.270698078909817, 27.738663199627997 ], [ -108.288213569037453, 27.74535387863801 ], [ -108.309365602681709, 27.749039070137723 ], [ -108.319017593638705, 27.746878925280036 ], [ -108.331853881919045, 27.750557978814438 ], [ -108.337470083367137, 27.743888041166109 ], [ -108.335747786754411, 27.736132219619513 ], [ -108.339017057757687, 27.730312072257426 ], [ -108.356657844159173, 27.714096901928343 ], [ -108.356641670406688, 27.721704267279016 ], [ -108.36330222347182, 27.736273578077348 ], [ -108.382425237108066, 27.736991057654027 ], [ -108.40867127948691, 27.732588943124007 ], [ -108.410547275515555, 27.725128073624681 ], [ -108.408662340409947, 27.715060056286976 ], [ -108.402622849097398, 27.7093341529336 ], [ -108.408517579643714, 27.696705690337829 ], [ -108.410902028355835, 27.681632678740687 ], [ -108.426304230194205, 27.666259774874785 ], [ -108.431341551648259, 27.671416424666017 ], [ -108.427833984300023, 27.685839791389395 ], [ -108.431527567332608, 27.70068420671614 ], [ -108.434410076643914, 27.702638455623468 ], [ -108.439967409178763, 27.700926542497825 ], [ -108.443916658447193, 27.707830283820954 ], [ -108.444272490664417, 27.715019853066259 ], [ -108.43990110939778, 27.72970059616183 ], [ -108.451202326111044, 27.75496430333698 ], [ -108.446798102719129, 27.759227772496235 ], [ -108.447299976568544, 27.767821297106448 ], [ -108.443922942895341, 27.774388897016081 ], [ -108.457721188226714, 27.791935737438624 ], [ -108.481743010137464, 27.763483100568287 ], [ -108.489850846232827, 27.774060405033506 ], [ -108.497871595726352, 27.778933271360792 ], [ -108.501371289236744, 27.764508853915146 ], [ -108.517867123525548, 27.779456340787078 ], [ -108.524337100206608, 27.788230566578576 ], [ -108.536937515490294, 27.792057541439078 ], [ -108.549471064862331, 27.791667640140407 ], [ -108.557562585082223, 27.785292200575455 ], [ -108.56273060303036, 27.797799520497264 ], [ -108.606852911059221, 27.793070331694182 ], [ -108.628651422997805, 27.782560706577879 ], [ -108.6389281418883, 27.766234514088303 ], [ -108.636902837404236, 27.756503791328996 ], [ -108.628189396312095, 27.754954441248753 ], [ -108.62070760276346, 27.745370874328138 ], [ -108.623682563415215, 27.745170256454632 ], [ -108.623444218223355, 27.738311431801012 ], [ -108.617623436873728, 27.731518664774455 ], [ -108.6181346966723, 27.717458553382642 ], [ -108.619715678644852, 27.715538444864062 ], [ -108.626792697749778, 27.715867984833615 ], [ -108.629517452840631, 27.723027936725966 ], [ -108.632755060685852, 27.723733421264654 ], [ -108.63681753203231, 27.714425919188333 ], [ -108.650953184723946, 27.714008403125966 ], [ -108.645878186117017, 27.699932958668935 ], [ -108.646312121199415, 27.688850042894277 ], [ -108.651425630307486, 27.683167131664671 ], [ -108.66770891475386, 27.678010314768155 ], [ -108.658971669155179, 27.652654050205033 ], [ -108.662800512022542, 27.651781158031127 ], [ -108.66712448424191, 27.643544667893686 ], [ -108.675836377824808, 27.63823084394021 ], [ -108.690671247278402, 27.635817576947769 ], [ -108.703352767162599, 27.630784079064092 ], [ -108.721241718204027, 27.633058896823538 ], [ -108.7284083683642, 27.639974257840024 ], [ -108.729219285460218, 27.651859668596408 ], [ -108.737365752397139, 27.661934920463409 ], [ -108.737454184196068, 27.669331107270487 ], [ -108.746114457868416, 27.676249354004639 ], [ -108.746954178627092, 27.682483930124572 ], [ -108.764528272495099, 27.696153279974016 ], [ -108.776680102178275, 27.701000105040482 ], [ -108.790006462678932, 27.721554744255716 ], [ -108.80579118680879, 27.72042333455051 ], [ -108.809004135601768, 27.724584794294721 ], [ -108.81669101009291, 27.728671647187113 ], [ -108.82179214653226, 27.727102259775172 ], [ -108.822395362274861, 27.731507877629159 ], [ -108.825752163998743, 27.731098552094622 ], [ -108.832630604458046, 27.720141233488693 ], [ -108.837099362205635, 27.721229462132854 ], [ -108.843447932612577, 27.718248629424501 ], [ -108.848443236776504, 27.711691729613964 ], [ -108.849514410704614, 27.723909935806397 ], [ -108.855729131132847, 27.723421464415306 ], [ -108.864320119693062, 27.718781134916252 ], [ -108.877975304208775, 27.722292051319034 ], [ -108.881555365100979, 27.728862590284265 ], [ -108.89015800059056, 27.73667327792791 ], [ -108.890815112215506, 27.747033588011043 ], [ -108.865971278758437, 27.770843951873644 ], [ -108.871272966722159, 27.785198975895156 ], [ -108.885178566499548, 27.789213350911233 ], [ -108.889002697227241, 27.793184705891107 ], [ -108.896240736041321, 27.794028292137057 ], [ -108.902278709319319, 27.802251164904842 ], [ -108.9066880969675, 27.804557101849284 ], [ -108.913283697551293, 27.831527160350763 ], [ -108.898666782343881, 27.859142486303313 ], [ -108.88757608673329, 27.867095321596917 ], [ -108.886902771606898, 27.87033211772745 ], [ -108.890624609122384, 27.875131668264903 ], [ -108.886471143582838, 27.884142034991953 ], [ -108.890738480244238, 27.885542087213846 ], [ -108.889278412510805, 27.887059573349379 ], [ -108.892238762657399, 27.891213509503395 ], [ -108.89294151359563, 27.90012426998355 ], [ -108.899997626086332, 27.89816104238686 ], [ -108.908104362635996, 27.903943910018587 ], [ -108.906375089805906, 27.911233558417401 ], [ -108.892703752140733, 27.91061709566619 ], [ -108.889630379861643, 27.915286946145525 ], [ -108.884526179854873, 27.916324652787811 ], [ -108.863719708916733, 27.932253373337268 ], [ -108.854430533212565, 27.92610896045294 ], [ -108.848315857291226, 27.91239125813167 ], [ -108.818060101783203, 27.890653158266996 ], [ -108.816033100420881, 27.887102681959718 ], [ -108.811072928145535, 27.890292848089377 ], [ -108.804673569797316, 27.885863699069265 ], [ -108.801306634158507, 27.885889604161001 ], [ -108.795855857606441, 27.890078284115571 ], [ -108.791734763609611, 27.889446221571792 ], [ -108.790512837417225, 27.892358374895405 ], [ -108.7998066912794, 27.899751766841671 ], [ -108.808173729525521, 27.900931293629736 ], [ -108.811332863398562, 27.905551270880078 ], [ -108.80801448418687, 27.911133818494328 ], [ -108.802238980932302, 27.906865706515759 ], [ -108.797120145216411, 27.90632449081702 ], [ -108.792066987598929, 27.913329973512514 ], [ -108.785838862420718, 27.914372664802926 ], [ -108.783125419985382, 27.917959616757546 ], [ -108.769788660631903, 27.919304108900899 ], [ -108.758163044940574, 27.916487654269588 ], [ -108.754471419002471, 27.922569584481707 ], [ -108.74924504213773, 27.924183893728557 ], [ -108.743426945512653, 27.914605208407409 ], [ -108.734719414319756, 27.917654283108639 ], [ -108.733413046457429, 27.91044772300722 ], [ -108.72655579082523, 27.910911692547092 ], [ -108.723689351039638, 27.926691359075065 ], [ -108.717486755925492, 27.931131569073216 ], [ -108.716288398463817, 27.937277895164684 ], [ -108.707811858564767, 27.938333188673873 ], [ -108.697699228711031, 27.953499965042692 ], [ -108.690204565981958, 27.952639700851851 ], [ -108.675257458099097, 27.956392061259077 ], [ -108.665731884067057, 27.951065179134837 ], [ -108.661904006548269, 27.956482506713616 ], [ -108.665189690078464, 27.961851905300342 ], [ -108.663703967315854, 27.963437917939771 ], [ -108.654473160090234, 27.964163432649034 ], [ -108.633589860809607, 27.958826655836791 ], [ -108.629635225968002, 27.964244070023955 ], [ -108.623901029104829, 27.965276589939045 ], [ -108.616837024313327, 27.972372738106568 ], [ -108.614651207511244, 27.980930567997103 ], [ -108.603629300875255, 27.993526193104092 ], [ -108.595107131597516, 27.988934610258859 ], [ -108.586662871320428, 27.995540419672086 ], [ -108.583363699093695, 27.987846338573227 ], [ -108.577629866650597, 27.989208873379368 ], [ -108.565214598973682, 27.999653622986351 ], [ -108.567355647144751, 28.00237808666132 ], [ -108.549187018571146, 28.011860998434454 ], [ -108.550973575698109, 28.017657125530015 ], [ -108.544352596348318, 28.017364640061096 ], [ -108.542633987962745, 28.02193728101398 ], [ -108.540017254217119, 28.022865211736356 ], [ -108.529759213918268, 28.020270671543383 ], [ -108.521169182217662, 28.024634019154828 ], [ -108.517955387090439, 28.02996164053955 ], [ -108.493542705663671, 28.041298668361339 ], [ -108.484536712692488, 28.039357492297288 ], [ -108.482894925006391, 28.036380019214675 ], [ -108.475149366947846, 28.036256346991134 ], [ -108.468482822425372, 28.049731692465325 ], [ -108.462110454651153, 28.049599956882052 ], [ -108.458382206672937, 28.053021155355065 ], [ -108.454613220332149, 28.049390914253689 ], [ -108.448794494782334, 28.050837978130229 ], [ -108.44846331834195, 28.045156454913069 ], [ -108.43465567717486, 28.04441907825775 ], [ -108.416425530234463, 28.036245834647463 ], [ -108.41366125604867, 28.039686778709694 ], [ -108.408478685281835, 28.034058461961333 ], [ -108.401243030567386, 28.03640233082314 ], [ -108.394168700106547, 28.034054710761119 ], [ -108.391220430503409, 28.029262345676109 ], [ -108.39060863439181, 28.012383385158557 ], [ -108.391009475819303, 28.008928466543086 ], [ -108.397791114231126, 28.000902595702676 ], [ -108.399012496899061, 27.98806841410083 ], [ -108.371439842491171, 27.983123680066768 ], [ -108.366382839087265, 27.993052598013261 ], [ -108.362029357528698, 27.993025080217858 ], [ -108.352530184249005, 27.983579934708342 ], [ -108.344334601544489, 27.981963006144802 ], [ -108.337660879019893, 27.977928708419199 ], [ -108.335772509886866, 27.965973839831186 ], [ -108.341189228822543, 27.955785076143563 ], [ -108.323516641909023, 27.947705725014096 ], [ -108.279446857654193, 27.951677603785107 ], [ -108.280271812662946, 27.956707648972266 ], [ -108.268037111562933, 27.965539382862293 ], [ -108.269487079557535, 27.969996207264344 ], [ -108.267440889152638, 27.976988044224179 ], [ -108.262319850397191, 27.980832333538878 ], [ -108.262716573107042, 27.992204048108828 ], [ -108.242989853147691, 28.005524337030597 ], [ -108.227204658171516, 28.007989220283431 ], [ -108.223693471949389, 28.011923875908398 ], [ -108.221874734295398, 28.020811613345874 ], [ -108.213016982476162, 28.03913369843939 ], [ -108.195468505205582, 28.04364500609098 ] ] ] } },
{ "type": "Feature", "properties": { "cve_edo": "08", "cve_mpo_ine": "067", "cve_edo_mpo_ine": "08067", "nom_mpo": "VALLE DE ZARAGOZA", "nom_edo": "Chihuahua", "alianza_ganadora": "Va por México", "margen_pp": 19.492808478425435, "por_participacion": 59.50450450450451 }, "geometry": { "type": "Polygon", "coordinates": [ [ [ -105.683856751455068, 27.716193696998953 ], [ -105.657591611786088, 27.702271922133171 ], [ -105.653699554861461, 27.701997561405285 ], [ -105.653537143555425, 27.699643785786062 ], [ -105.639299898742181, 27.695293802984565 ], [ -105.635633269118472, 27.684825591597722 ], [ -105.611523677994043, 27.67904101712675 ], [ -105.607334719197382, 27.683716225090965 ], [ -105.603373148064406, 27.684265434485344 ], [ -105.596671055807775, 27.680832141036344 ], [ -105.5854881561783, 27.685535860378753 ], [ -105.583686830190331, 27.680404745415927 ], [ -105.580077739731948, 27.679016632251049 ], [ -105.582257092825657, 27.675271356872461 ], [ -105.588532715934349, 27.672330532035449 ], [ -105.596345753908508, 27.654700290080243 ], [ -105.609679638659927, 27.652046725862135 ], [ -105.620774031678067, 27.639453711128525 ], [ -105.616666322033979, 27.63773793803734 ], [ -105.611977852021809, 27.63884550951849 ], [ -105.608725502339482, 27.636294784154188 ], [ -105.607890640363024, 27.629416261162657 ], [ -105.600896279299306, 27.624649295411846 ], [ -105.602780968752043, 27.617505102961918 ], [ -105.600945724918319, 27.609803331207804 ], [ -105.60658405853053, 27.605787456521377 ], [ -105.595920693782176, 27.594822682339817 ], [ -105.584629087147746, 27.591398950513309 ], [ -105.570446820762555, 27.57689629010445 ], [ -105.541071621555972, 27.572423438608372 ], [ -105.515609814507044, 27.564190470131855 ], [ -105.501260617994234, 27.564103540001636 ], [ -105.492693779997566, 27.561495950130851 ], [ -105.483577731621509, 27.554412093608459 ], [ -105.480998888937137, 27.555918681450478 ], [ -105.479947678312058, 27.560983478103385 ], [ -105.478514277796961, 27.555019517083821 ], [ -105.474311429951086, 27.55520754516677 ], [ -105.475968044237462, 27.549061400845069 ], [ -105.473016199191662, 27.55040392918545 ], [ -105.467475538609875, 27.545201322653305 ], [ -105.465446922297218, 27.551886583082968 ], [ -105.463646509403262, 27.552857976138537 ], [ -105.464322394262311, 27.547380546242181 ], [ -105.46114710848353, 27.550714501288326 ], [ -105.463669020809689, 27.544481088718239 ], [ -105.461192801387782, 27.544245073987845 ], [ -105.461881761976045, 27.539845781051621 ], [ -105.454995132756281, 27.532748468096184 ], [ -105.446304188938598, 27.529806861257747 ], [ -105.441399737118203, 27.533314977175209 ], [ -105.429628683813931, 27.531300071217778 ], [ -105.422251057160508, 27.524286469731447 ], [ -105.419961368527893, 27.508207470082631 ], [ -105.423138648711472, 27.505040303557241 ], [ -105.430212165710557, 27.507327865836544 ], [ -105.427936362712927, 27.503026249975107 ], [ -105.43112985977551, 27.50126878532625 ], [ -105.431095695396039, 27.498366086656958 ], [ -105.427002013053979, 27.486608890913985 ], [ -105.424518421572884, 27.485625794758231 ], [ -105.421093563378676, 27.488711264135326 ], [ -105.419973682595156, 27.498669415780302 ], [ -105.417625080917844, 27.498680813207923 ], [ -105.414582293912332, 27.492143323479745 ], [ -105.418128077487026, 27.478192376250508 ], [ -105.409193299122393, 27.475083696258526 ], [ -105.40778404613701, 27.470777574909214 ], [ -105.402552668739361, 27.467236040158934 ], [ -105.404493570570708, 27.464075132742618 ], [ -105.399933578735457, 27.454392765103666 ], [ -105.401517004439185, 27.452394736130625 ], [ -105.398399500104119, 27.449921241132415 ], [ -105.406523612587719, 27.447228717661254 ], [ -105.402919115393715, 27.434638970100472 ], [ -105.408219817713672, 27.433618489429215 ], [ -105.41028543480023, 27.430622775382165 ], [ -105.412901323633903, 27.421818583014137 ], [ -105.409703921721771, 27.412378736368858 ], [ -105.41970859444487, 27.412330527630093 ], [ -105.415821172624291, 27.396673633407033 ], [ -105.421051317977003, 27.389764244420192 ], [ -105.420751197799859, 27.385203978766427 ], [ -105.425402872112244, 27.38169779215815 ], [ -105.425794964489072, 27.372987115583218 ], [ -105.430343911561266, 27.371305958757461 ], [ -105.432259968430898, 27.366237125084833 ], [ -105.437394544782052, 27.361898743188021 ], [ -105.42685500093296, 27.358052599343548 ], [ -105.429733306952429, 27.350822609218962 ], [ -105.424488546011887, 27.345705993990617 ], [ -105.428924657477907, 27.339753976360985 ], [ -105.436659701131418, 27.337315677756621 ], [ -105.444547136033648, 27.339794512897392 ], [ -105.450216607204823, 27.338555919832867 ], [ -105.462664204091269, 27.333434879694543 ], [ -105.468455995635992, 27.328643848605012 ], [ -105.478437592102779, 27.326329922346979 ], [ -105.487798596670487, 27.309643443771183 ], [ -105.511454356518954, 27.306993117398996 ], [ -105.51453620588147, 27.310047987202427 ], [ -105.520697332045302, 27.310788692464183 ], [ -105.532275765162211, 27.305248920531206 ], [ -105.563446331598698, 27.30407232516799 ], [ -105.563051998740264, 27.278054527022611 ], [ -105.555898345422165, 27.267487266484903 ], [ -105.555401191042648, 27.262366570221019 ], [ -105.583481359726207, 27.262096371385571 ], [ -105.580266746056083, 27.250618184443507 ], [ -105.584815969267055, 27.244254134073184 ], [ -105.590974358209863, 27.245404785851981 ], [ -105.610445910784122, 27.256535549193693 ], [ -105.615372391810027, 27.256777882585407 ], [ -105.618188438019786, 27.245293704376436 ], [ -105.621877329731475, 27.2416551632761 ], [ -105.625816835193788, 27.241072320323219 ], [ -105.629515352022736, 27.243958735224819 ], [ -105.632837392412043, 27.242220092066535 ], [ -105.641093394761086, 27.245761207212347 ], [ -105.650481761612369, 27.243786206732807 ], [ -105.65885338006477, 27.233781351575104 ], [ -105.66205504521163, 27.232456356300069 ], [ -105.669692525973431, 27.235092678680672 ], [ -105.679788675823673, 27.229546396315474 ], [ -105.681194309455719, 27.224227955745718 ], [ -105.685751794681465, 27.225294386154246 ], [ -105.692289090053322, 27.231065350102483 ], [ -105.701850298569923, 27.249349674227414 ], [ -105.717753907009097, 27.263209156550221 ], [ -105.719610669428448, 27.272212241916698 ], [ -105.725028722797859, 27.26931294163478 ], [ -105.728719166227663, 27.264019950859261 ], [ -105.730420393726149, 27.24212304658727 ], [ -105.735998816142214, 27.231398485854672 ], [ -105.751494737359138, 27.224676653998994 ], [ -105.770606151780598, 27.23487717613374 ], [ -105.781612640282518, 27.251536383050048 ], [ -105.792093700237075, 27.256137061844456 ], [ -105.799386246995965, 27.264874481898282 ], [ -105.814406769865116, 27.263350306068467 ], [ -105.822666587667456, 27.265889431414649 ], [ -105.855412837944229, 27.261918293116747 ], [ -105.868631867386199, 27.27319541409754 ], [ -105.879242799112234, 27.278119431011042 ], [ -105.883455184802273, 27.284548929015042 ], [ -105.885336430724436, 27.293298040106521 ], [ -105.89499105258453, 27.304996316502894 ], [ -105.914510118578136, 27.317983390078865 ], [ -105.925710367888371, 27.3150555475546 ], [ -105.941428989631987, 27.33137942256457 ], [ -105.94376157945095, 27.328233032487823 ], [ -105.942347262549816, 27.315824675939641 ], [ -105.944213374339213, 27.314517339410369 ], [ -105.941591840093722, 27.312110667479867 ], [ -105.944692933548808, 27.31005460599058 ], [ -105.944795546297868, 27.303197115223103 ], [ -105.941813330529939, 27.294944339815501 ], [ -105.931829278959654, 27.293982268099988 ], [ -105.928121249516494, 27.290027358516593 ], [ -105.932425085475998, 27.28695808792612 ], [ -105.931795182426427, 27.282168122432555 ], [ -105.929205868408033, 27.281514668365713 ], [ -105.931942215214121, 27.273903610890883 ], [ -105.941856692382103, 27.268093684343587 ], [ -105.946355516245063, 27.248334746262326 ], [ -105.943278653131216, 27.249170106559784 ], [ -105.932597761320338, 27.261428858144878 ], [ -105.918567334790566, 27.266178060679444 ], [ -105.920634998594977, 27.256588612184235 ], [ -105.912988937882957, 27.25338783038913 ], [ -105.913717031675674, 27.249337546410747 ], [ -105.910386431386655, 27.247529117884351 ], [ -105.908523205563711, 27.241668333492257 ], [ -105.908239744985053, 27.227706647001295 ], [ -105.905136507683238, 27.223486236287936 ], [ -105.910029721991236, 27.215748063890896 ], [ -105.918639308097823, 27.213903000056625 ], [ -105.922461869273079, 27.215459666622401 ], [ -105.930376153200783, 27.223940319700546 ], [ -105.940367922941689, 27.228531492739602 ], [ -105.94309755368856, 27.233395041443856 ], [ -105.941279665714248, 27.240091330666768 ], [ -105.953067280826431, 27.232699428325141 ], [ -105.95884828793254, 27.231439996078105 ], [ -105.964761622868039, 27.232244658288153 ], [ -105.97476005479399, 27.237824405387496 ], [ -105.984002047601663, 27.239441843031909 ], [ -105.988056938489748, 27.237692126202194 ], [ -105.998540303192456, 27.241368688486414 ], [ -106.013509584326329, 27.23082099205374 ], [ -106.03053352315311, 27.237442351913728 ], [ -106.032792997265602, 27.245857387267847 ], [ -106.051648500048756, 27.248917152420681 ], [ -106.061695867303655, 27.262501597857664 ], [ -106.069225024141232, 27.265607328951781 ], [ -106.091791951738784, 27.27087522128685 ], [ -106.102480705120328, 27.266366533126082 ], [ -106.108896057735848, 27.268318970152414 ], [ -106.113981204013385, 27.274406815092455 ], [ -106.120924457669986, 27.2720736052744 ], [ -106.117174533885461, 27.28797627617212 ], [ -106.121062549057939, 27.294310021606623 ], [ -106.119486630569696, 27.296306877268194 ], [ -106.123774331337202, 27.305199957264417 ], [ -106.123853195589433, 27.311895348177945 ], [ -106.12856270314083, 27.31475010541525 ], [ -106.126353884858091, 27.31526422612508 ], [ -106.124632093115565, 27.325777029389219 ], [ -106.119276160642116, 27.330780781731143 ], [ -106.111198887129575, 27.334649041616842 ], [ -106.107378249161769, 27.334183897518209 ], [ -106.094431085956131, 27.342719748989364 ], [ -106.079241677771194, 27.338293301709903 ], [ -106.075213372441084, 27.341218278994088 ], [ -106.065624239180536, 27.342202415538111 ], [ -106.049327423556946, 27.350369561344543 ], [ -106.053217794754502, 27.358259642892307 ], [ -106.054411034412354, 27.373863905112024 ], [ -106.061835618516355, 27.379034981496851 ], [ -106.063652335139821, 27.396612844930893 ], [ -106.068260555136675, 27.401206351824435 ], [ -106.07937009462303, 27.403516641313121 ], [ -106.091393706219776, 27.399618768210871 ], [ -106.097567201254634, 27.390393497483405 ], [ -106.103704060319004, 27.399272222492566 ], [ -106.103384680842254, 27.403573444640926 ], [ -106.098137706335265, 27.407748893268273 ], [ -106.097587133393361, 27.413374615825827 ], [ -106.100951500976649, 27.416736949847696 ], [ -106.118820059486893, 27.417584260252546 ], [ -106.122130501373405, 27.41631721514495 ], [ -106.125618644200472, 27.409262021286228 ], [ -106.134451351543362, 27.40637860203838 ], [ -106.147505974598815, 27.406435345205704 ], [ -106.148312499503135, 27.412049854238191 ], [ -106.152918784591307, 27.416144486772229 ], [ -106.161775395456004, 27.415243107779027 ], [ -106.17036869680652, 27.423023248519883 ], [ -106.182865594350886, 27.427627955256003 ], [ -106.188386232383905, 27.425844284191129 ], [ -106.196046753897861, 27.4277616667089 ], [ -106.19698631574623, 27.433953309064471 ], [ -106.191728231231124, 27.437057676445139 ], [ -106.191877128987045, 27.439122994879458 ], [ -106.179998846743857, 27.445001663797125 ], [ -106.178521895206728, 27.465063896353254 ], [ -106.186841635327738, 27.472733852502628 ], [ -106.201357023309882, 27.479628336189567 ], [ -106.209719149802979, 27.494484254825423 ], [ -106.216063944178742, 27.491479397615617 ], [ -106.218751000542241, 27.494475180040769 ], [ -106.216353447053052, 27.498503612846111 ], [ -106.215840165227036, 27.51072572765484 ], [ -106.211673301355845, 27.517878887062011 ], [ -106.196905742998737, 27.53188409663306 ], [ -106.18201496101095, 27.535147448218723 ], [ -106.161485245164315, 27.533817771238752 ], [ -106.143384368547387, 27.536306188549975 ], [ -106.127335261111341, 27.542940861723903 ], [ -106.114322636179281, 27.554061701994311 ], [ -106.108852404302965, 27.555913331754152 ], [ -106.108655857039579, 27.561694465703503 ], [ -106.11219181883375, 27.566021654981583 ], [ -106.108267932154945, 27.57284370455562 ], [ -106.109350982313089, 27.575331684346299 ], [ -106.113950366527433, 27.573885373405382 ], [ -106.125610990592094, 27.582083864365483 ], [ -106.135270302573218, 27.582002805242478 ], [ -106.139184134177412, 27.58704306030895 ], [ -106.160978268874388, 27.595852745359281 ], [ -106.175229908610532, 27.605639916026131 ], [ -106.175653108502146, 27.611673993354771 ], [ -106.163712288812022, 27.615869187766346 ], [ -106.151147305640109, 27.630549589932606 ], [ -106.145398570380976, 27.644791962886291 ], [ -106.147771198960413, 27.66356484255699 ], [ -106.138735662589269, 27.682900634293244 ], [ -106.12912296683686, 27.688517580889762 ], [ -106.102356895789256, 27.697865412894529 ], [ -106.09494829662934, 27.685820813320877 ], [ -106.093218386279474, 27.675644129478787 ], [ -106.084047830829164, 27.68530995104512 ], [ -106.075325029710939, 27.688948605611717 ], [ -106.044760467404686, 27.694533404524275 ], [ -106.042156049804362, 27.692402184619336 ], [ -106.039148316757107, 27.697124751686978 ], [ -106.032458686084581, 27.696814321871283 ], [ -106.024467342967171, 27.691864942668992 ], [ -106.01623442422266, 27.677246978057394 ], [ -106.008473443116316, 27.682955971221553 ], [ -105.998222197293416, 27.680296566373602 ], [ -105.984914781639489, 27.683637541651137 ], [ -105.9744675304118, 27.668251761301462 ], [ -105.967195649187772, 27.665371326059159 ], [ -105.910896116781458, 27.66794407807167 ], [ -105.895850047496779, 27.671423919776718 ], [ -105.886827038701242, 27.669760282484187 ], [ -105.84865270424956, 27.669934773344409 ], [ -105.845020523098611, 27.664195137871477 ], [ -105.846336180208795, 27.659086929823747 ], [ -105.8436127861426, 27.658892426680733 ], [ -105.830420472767642, 27.662632981847718 ], [ -105.816409575678776, 27.67123786881826 ], [ -105.79301115514005, 27.677589268688347 ], [ -105.786778017146602, 27.671901706053351 ], [ -105.779650427478643, 27.675952952691581 ], [ -105.772338975996618, 27.675870778374271 ], [ -105.761750878723419, 27.695001580088334 ], [ -105.757253727470783, 27.697181267783073 ], [ -105.749235090432975, 27.694693888859877 ], [ -105.73545661676755, 27.684994253378459 ], [ -105.70533878496569, 27.693345289324746 ], [ -105.683856751455068, 27.716193696998953 ] ] ] } }
]
}
