{
"type": "FeatureCollection",
"name": "11",
"crs": { "type": "name", "properties": { "name": "urn:ogc:def:crs:OGC:1.3:CRS84" } },
"features": [
{ "type": "Feature", "properties": { "cve_edo": "11", "cve_mpo_ine": "001", "cve_edo_mpo_ine": "11001", "nom_mpo": "ABASOLO", "nom_edo": "Guanajuato", "alianza_ganadora": "Va por México", "margen_pp": 22.280941533788916, "por_participacion": 47.615948631177055 }, "geometry": { "type": "Polygon", "coordinates": [ [ [ -101.501528551300439, 20.520637141493626 ], [ -101.500329801755711, 20.519418795681929 ], [ -101.494473046062396, 20.521739008826781 ], [ -101.47502566599043, 20.514520218313805 ], [ -101.467272824210838, 20.509582351996048 ], [ -101.465730199334757, 20.503494746184295 ], [ -101.44745528541776, 20.507005629331815 ], [ -101.44437951070914, 20.501125477321864 ], [ -101.403003683898163, 20.514791172744939 ], [ -101.403071319635799, 20.503104007220127 ], [ -101.387930930532761, 20.501298157011973 ], [ -101.366704792543715, 20.503537378790071 ], [ -101.369726872454834, 20.491005151571017 ], [ -101.373291118956075, 20.486655307928253 ], [ -101.387108176534667, 20.48212342335399 ], [ -101.391203589929177, 20.485334275193505 ], [ -101.390488558836338, 20.480960289777627 ], [ -101.394848248892913, 20.475110273986608 ], [ -101.397455506044395, 20.476894008012589 ], [ -101.39860486109356, 20.48275079464447 ], [ -101.403309346495718, 20.480121643401056 ], [ -101.402592681820266, 20.475665042424531 ], [ -101.390607621680346, 20.459204900750581 ], [ -101.387561905830154, 20.448328493938149 ], [ -101.388922228990992, 20.441816751349069 ], [ -101.381166590247602, 20.425793744490186 ], [ -101.380123621141649, 20.415510023195207 ], [ -101.384235607534137, 20.412558759037168 ], [ -101.39207259764504, 20.415429004323943 ], [ -101.396670783643813, 20.413587426358724 ], [ -101.401770628357767, 20.406527846074141 ], [ -101.406994717612051, 20.407200161388587 ], [ -101.403781952808217, 20.396842755642407 ], [ -101.405258582239171, 20.393972025139306 ], [ -101.412445254757046, 20.392885878040921 ], [ -101.411938536354356, 20.385744307857532 ], [ -101.434319188844086, 20.402867145164873 ], [ -101.44797903585534, 20.417895638566968 ], [ -101.453740114902274, 20.419099964989353 ], [ -101.460518673254256, 20.414462721388873 ], [ -101.482288360904576, 20.409499023789557 ], [ -101.486361956472862, 20.41494084281468 ], [ -101.489861454392312, 20.410470970977826 ], [ -101.496255685466608, 20.411003996794999 ], [ -101.496512827585704, 20.408851307183205 ], [ -101.500205321101376, 20.408966318835674 ], [ -101.510858806572983, 20.401463945904421 ], [ -101.518268566583473, 20.406693905861673 ], [ -101.530213814424158, 20.40640540088382 ], [ -101.542775879213409, 20.404495670814409 ], [ -101.550968863038634, 20.400579486745166 ], [ -101.555962056535876, 20.401419138193297 ], [ -101.565943771892194, 20.39594816261992 ], [ -101.572377471293706, 20.39528597502818 ], [ -101.57725216622471, 20.382481587217725 ], [ -101.565108232911243, 20.38128808460813 ], [ -101.565615104898384, 20.364184598377147 ], [ -101.5870628580615, 20.356926332252918 ], [ -101.575825226795018, 20.357249776803595 ], [ -101.574083027129362, 20.351240213709637 ], [ -101.569410199032234, 20.351925625704997 ], [ -101.567615083433921, 20.339345385163647 ], [ -101.569338514357, 20.330518192355427 ], [ -101.56646469665732, 20.330227728912536 ], [ -101.562312930941161, 20.323631666746024 ], [ -101.559982139407126, 20.324284086170856 ], [ -101.563192662100292, 20.319959398850081 ], [ -101.561530068016836, 20.316042921267346 ], [ -101.570951007854589, 20.315302332043562 ], [ -101.572970057954947, 20.320043138041438 ], [ -101.575899365899744, 20.320390882825667 ], [ -101.577170861301965, 20.326316913717886 ], [ -101.583218081599654, 20.327306523481742 ], [ -101.586799639933886, 20.311428958994803 ], [ -101.597736171498042, 20.310938883866161 ], [ -101.601203479519569, 20.307914752293822 ], [ -101.599111573813303, 20.306169503320138 ], [ -101.600058982987491, 20.298466438043999 ], [ -101.60603024598889, 20.298580883333702 ], [ -101.605392059594323, 20.308887657250313 ], [ -101.611376166932658, 20.310987554467399 ], [ -101.611066505665988, 20.312613144970292 ], [ -101.617619963304591, 20.312437213527026 ], [ -101.619779135531218, 20.31542336240291 ], [ -101.626223907979366, 20.312355708867813 ], [ -101.627055239185054, 20.302921102273253 ], [ -101.628267626388222, 20.308689634630706 ], [ -101.633658984385917, 20.309025674543065 ], [ -101.630945742669013, 20.311213600165082 ], [ -101.631486545416209, 20.315379935475399 ], [ -101.627284148633493, 20.316101360226646 ], [ -101.629256147696296, 20.32177634051277 ], [ -101.621484246449512, 20.325978944918401 ], [ -101.626034880633227, 20.328434879886515 ], [ -101.627400158502482, 20.332878719365322 ], [ -101.620165948035748, 20.337734857947872 ], [ -101.621729460713581, 20.340109529332675 ], [ -101.626518603958729, 20.339421102015105 ], [ -101.629818423021334, 20.337266116622281 ], [ -101.62882076156933, 20.333767576508311 ], [ -101.636262362586493, 20.334115387306756 ], [ -101.639084135715791, 20.338124884728195 ], [ -101.635655122821689, 20.339579326653759 ], [ -101.636168835635459, 20.342175565692109 ], [ -101.641405982999714, 20.347018133018839 ], [ -101.640105142620527, 20.349640488361214 ], [ -101.645442265670724, 20.350142110864827 ], [ -101.645886074815223, 20.352078077900867 ], [ -101.641471794679433, 20.354125459832321 ], [ -101.644437165222286, 20.356273026852556 ], [ -101.641402473512073, 20.36020154870463 ], [ -101.642545341585645, 20.368615796228656 ], [ -101.638030819720285, 20.368308933870363 ], [ -101.637986003901531, 20.372442298120554 ], [ -101.633073183891014, 20.369454778850297 ], [ -101.628685601429552, 20.373071954753943 ], [ -101.62340549373296, 20.372527743499756 ], [ -101.61857214607214, 20.377473561229444 ], [ -101.619665895926076, 20.383119803951914 ], [ -101.613067620615652, 20.387636149427397 ], [ -101.610325942772633, 20.395031606240906 ], [ -101.60640700676143, 20.39872430100279 ], [ -101.60167660927371, 20.399535503892512 ], [ -101.603349853307861, 20.401454127212055 ], [ -101.600094051152823, 20.402864231309646 ], [ -101.604002092971783, 20.412066120501287 ], [ -101.597928534415246, 20.416533239485631 ], [ -101.602746012544898, 20.420721528043718 ], [ -101.599765516202055, 20.421135873737978 ], [ -101.600230522439489, 20.424311516066194 ], [ -101.598504177101418, 20.422724264786023 ], [ -101.595893584643022, 20.424207821432951 ], [ -101.594677760536996, 20.431829439976266 ], [ -101.598139914841596, 20.432152219957324 ], [ -101.60127863553285, 20.437480205297277 ], [ -101.605649618947567, 20.439525648653845 ], [ -101.605622072027259, 20.444692008652488 ], [ -101.609970648472071, 20.448804017088236 ], [ -101.606730483690455, 20.451164642231905 ], [ -101.607405140843071, 20.454184377209064 ], [ -101.610453964806453, 20.455588071564495 ], [ -101.608793264313761, 20.458100896580586 ], [ -101.610051783193228, 20.466945659051408 ], [ -101.614371635350366, 20.469363465637446 ], [ -101.599841184341798, 20.472877285223316 ], [ -101.600637210642475, 20.474849671162435 ], [ -101.60360796533422, 20.47381544208341 ], [ -101.601670491, 20.476983984165447 ], [ -101.603827305443303, 20.483069703124876 ], [ -101.600989110080349, 20.501872957998604 ], [ -101.602099889373605, 20.505080654242938 ], [ -101.608616306222984, 20.507501514308807 ], [ -101.606863644251703, 20.508837647323531 ], [ -101.609438513188024, 20.519108283659591 ], [ -101.608696296859534, 20.523051641133332 ], [ -101.605353128698098, 20.52311058882799 ], [ -101.603031921353207, 20.528015938460545 ], [ -101.595877955185472, 20.52850920596482 ], [ -101.597352210048484, 20.530035911000041 ], [ -101.595656990026001, 20.531205794779975 ], [ -101.585761793197918, 20.534905895792551 ], [ -101.587078159474089, 20.540041268610043 ], [ -101.585109594566518, 20.545234927007421 ], [ -101.586939264611587, 20.547423390957064 ], [ -101.589102167404448, 20.545877949353017 ], [ -101.590939026202591, 20.549476255235856 ], [ -101.589309126880579, 20.552014225298848 ], [ -101.590501142359344, 20.555698780817433 ], [ -101.588325786803139, 20.554797672990027 ], [ -101.586933607449467, 20.557956434782916 ], [ -101.593998869983579, 20.562813270650516 ], [ -101.595264796722304, 20.569441633517208 ], [ -101.592555843351775, 20.579034856886352 ], [ -101.58750408873459, 20.577982781655304 ], [ -101.586870790448316, 20.580391213625841 ], [ -101.579255217618382, 20.58295985356585 ], [ -101.58369423468173, 20.590484392868383 ], [ -101.58046469551806, 20.601780405076244 ], [ -101.581890744460907, 20.605256441044016 ], [ -101.577523649582091, 20.612162607539251 ], [ -101.578088137928518, 20.619375244810819 ], [ -101.58915069198089, 20.624833469474595 ], [ -101.590285845367006, 20.628725578821967 ], [ -101.587673253475472, 20.634378826267746 ], [ -101.586241871485939, 20.62994914658351 ], [ -101.580677119113389, 20.632258639785928 ], [ -101.580000821948289, 20.63781888699334 ], [ -101.587997680793862, 20.640431496755312 ], [ -101.598755964174657, 20.654764601818144 ], [ -101.601743728288341, 20.653546271845133 ], [ -101.608695663302555, 20.658195225127916 ], [ -101.610381784620714, 20.655076171584458 ], [ -101.612977354508047, 20.657425945472927 ], [ -101.617960158609108, 20.656030783321857 ], [ -101.621335223171087, 20.661403323944938 ], [ -101.618645254106141, 20.663408265700291 ], [ -101.620327672981915, 20.670614477933093 ], [ -101.623509460390522, 20.672712074730988 ], [ -101.623363396238844, 20.678310918685227 ], [ -101.635741618523781, 20.687075703696966 ], [ -101.634700771674062, 20.690025564257756 ], [ -101.637194431494962, 20.695029288223015 ], [ -101.63575103175522, 20.710255487378213 ], [ -101.627582414486767, 20.709263714782946 ], [ -101.626966124881875, 20.714740703512813 ], [ -101.622827542134715, 20.720527197645566 ], [ -101.627949978487052, 20.722862799041472 ], [ -101.637521589908133, 20.72251978531915 ], [ -101.63936650498907, 20.726904995925885 ], [ -101.63797589316809, 20.730354424649619 ], [ -101.645272180097635, 20.743251251937135 ], [ -101.644535830081793, 20.748148380515627 ], [ -101.640399614919005, 20.750583884552874 ], [ -101.63889758094021, 20.756308573768354 ], [ -101.633458696761082, 20.761748118079687 ], [ -101.601734882761193, 20.776340201878561 ], [ -101.594551405469943, 20.774809167002495 ], [ -101.586641702238623, 20.763401495348681 ], [ -101.594364664444171, 20.761618163317809 ], [ -101.600447154127608, 20.751788475661666 ], [ -101.598877419560154, 20.74870453665481 ], [ -101.591739985185271, 20.754493078984758 ], [ -101.589840451763052, 20.752984389213953 ], [ -101.586164843242699, 20.754556280945405 ], [ -101.570359162028581, 20.753369648001375 ], [ -101.567077095281178, 20.741390401446889 ], [ -101.557709532569902, 20.747658587605841 ], [ -101.558524624999393, 20.759168256494242 ], [ -101.529232620228015, 20.750594935822384 ], [ -101.533651032147802, 20.741558837557232 ], [ -101.51750674785886, 20.717985329297584 ], [ -101.523551579576946, 20.700985874400452 ], [ -101.522531650210638, 20.69748417937052 ], [ -101.505984264535812, 20.676404676943367 ], [ -101.505927641173201, 20.668985925192526 ], [ -101.499901284688448, 20.66177629219273 ], [ -101.50002022356108, 20.656840941188062 ], [ -101.496661945873242, 20.650984140468708 ], [ -101.499208230361077, 20.609519302290423 ], [ -101.474930009211121, 20.610485710734086 ], [ -101.490173171458835, 20.594126253662576 ], [ -101.47800153163611, 20.590538280371781 ], [ -101.473391340196116, 20.593500359525557 ], [ -101.474740707723996, 20.58849288362843 ], [ -101.472296386674174, 20.572734904418212 ], [ -101.48447763755388, 20.564871312922079 ], [ -101.493586635839023, 20.565878095658118 ], [ -101.497841057438436, 20.561377560981221 ], [ -101.507600638267235, 20.56156235193032 ], [ -101.501528551300439, 20.520637141493626 ] ] ] } },
{ "type": "Feature", "properties": { "cve_edo": "11", "cve_mpo_ine": "002", "cve_edo_mpo_ine": "11002", "nom_mpo": "ACAMBARO", "nom_edo": "Guanajuato", "alianza_ganadora": "Va por México", "margen_pp": 6.0851600440020395, "por_participacion": 38.609194687881995 }, "geometry": { "type": "Polygon", "coordinates": [ [ [ -100.730424960628596, 20.173053391713434 ], [ -100.735637788324681, 20.17014389509901 ], [ -100.733501810857632, 20.161529474762997 ], [ -100.727913061124113, 20.163064868851578 ], [ -100.727712948557283, 20.161619788170313 ], [ -100.721119442916034, 20.165984277336992 ], [ -100.724553995742795, 20.168454847085034 ], [ -100.721978194053904, 20.171763729455744 ], [ -100.72380932916343, 20.176245343566727 ], [ -100.722893402489319, 20.184286763570231 ], [ -100.715595776504443, 20.185144994427496 ], [ -100.717583990547368, 20.191982728574157 ], [ -100.715517765146643, 20.197766250057317 ], [ -100.707369075723335, 20.196775411602722 ], [ -100.705405381328006, 20.201729702567654 ], [ -100.690460647159668, 20.203656776296253 ], [ -100.685311579250367, 20.196660363296751 ], [ -100.684939909518491, 20.191949019421738 ], [ -100.653169129911618, 20.201911110410371 ], [ -100.647353104852201, 20.199807487638132 ], [ -100.649041126392561, 20.192479336995682 ], [ -100.643526944458927, 20.197605559614409 ], [ -100.639553633489669, 20.198462936782068 ], [ -100.637595684995517, 20.201990955583657 ], [ -100.635365638021511, 20.195106443938414 ], [ -100.638580838533386, 20.188262499212179 ], [ -100.647626836172563, 20.185216686726154 ], [ -100.649346748043996, 20.18131848324613 ], [ -100.654355040905969, 20.178510421170341 ], [ -100.651916519311683, 20.161874417327461 ], [ -100.6537846577029, 20.15508208617462 ], [ -100.636790198134207, 20.152899624236849 ], [ -100.63009792856019, 20.15712525178726 ], [ -100.634011913310374, 20.162633120411012 ], [ -100.626718028737386, 20.158762962424628 ], [ -100.622506528533449, 20.159084459729428 ], [ -100.619251481909984, 20.161588974324502 ], [ -100.615725692596769, 20.160086644387412 ], [ -100.616337354585539, 20.162974979235468 ], [ -100.609723270186663, 20.163025123688477 ], [ -100.602030981304495, 20.16684402573539 ], [ -100.598431961092444, 20.157200163542338 ], [ -100.588869032564048, 20.15475053470178 ], [ -100.591454780347377, 20.149358537725774 ], [ -100.58225973751658, 20.148724242408942 ], [ -100.580522835162142, 20.144273562628626 ], [ -100.584299135839814, 20.134533321131151 ], [ -100.581205905422308, 20.135506773179419 ], [ -100.57678748232243, 20.132233045614147 ], [ -100.582240226342961, 20.133350019826683 ], [ -100.580043425481264, 20.129811956192821 ], [ -100.586541005459381, 20.129970520079123 ], [ -100.5930643664515, 20.124008780821324 ], [ -100.585592653091311, 20.109657018127002 ], [ -100.587230028682185, 20.106354472873338 ], [ -100.596363046582837, 20.100880052724033 ], [ -100.605053930212165, 20.099662264437548 ], [ -100.605108432617854, 20.092718620523765 ], [ -100.613807699137837, 20.097116573616795 ], [ -100.618959522380209, 20.084554989476178 ], [ -100.618229350217078, 20.081460879329317 ], [ -100.624358891455032, 20.073561890577597 ], [ -100.623753204985107, 20.071293427497192 ], [ -100.612138716733597, 20.074315736054007 ], [ -100.604402750970038, 20.072803414360681 ], [ -100.603443539630405, 20.076736848792784 ], [ -100.608747653006205, 20.081036544674117 ], [ -100.599806956748239, 20.08874944980078 ], [ -100.591009174046505, 20.086335276246981 ], [ -100.588661983661652, 20.092138762787393 ], [ -100.580337661403604, 20.090340485407136 ], [ -100.581736657098901, 20.083138893218738 ], [ -100.585410969833205, 20.081830559768783 ], [ -100.584868691504468, 20.080057414243448 ], [ -100.587630383959663, 20.081400845262667 ], [ -100.591573911999333, 20.077486663458263 ], [ -100.594112668427883, 20.080071519051472 ], [ -100.597898243660282, 20.078142173053468 ], [ -100.596345619743317, 20.068069473237063 ], [ -100.598300874903501, 20.064293954858972 ], [ -100.593838638049405, 20.062467376755436 ], [ -100.594039092479065, 20.058704937675731 ], [ -100.591343243333057, 20.058146348722509 ], [ -100.590195418017032, 20.060634610132773 ], [ -100.585147696547622, 20.058729479790696 ], [ -100.582894213201243, 20.068499811413563 ], [ -100.577936681500717, 20.076843491024942 ], [ -100.578731413118888, 20.067455897581077 ], [ -100.574225310361285, 20.067282314209773 ], [ -100.573554944024494, 20.07088288041475 ], [ -100.568081763219354, 20.07385726362779 ], [ -100.570329648559806, 20.083346619542919 ], [ -100.565300859792401, 20.076977233250535 ], [ -100.56228187283098, 20.079644268900967 ], [ -100.56103027819907, 20.07700826203811 ], [ -100.554587252272654, 20.076145627307778 ], [ -100.553688131759657, 20.080409069067375 ], [ -100.55021967770017, 20.078491557552603 ], [ -100.542626481022936, 20.07995122583673 ], [ -100.545504425565412, 20.088031257566886 ], [ -100.53925035939325, 20.095598015271282 ], [ -100.534972327066356, 20.081729113295086 ], [ -100.52368155782834, 20.082139573604731 ], [ -100.524739023733886, 20.075644778937452 ], [ -100.522021500703119, 20.072564857285489 ], [ -100.518394754568888, 20.072714283414765 ], [ -100.514388088489596, 20.069395339992973 ], [ -100.510300145351209, 20.070374236060577 ], [ -100.507993929039003, 20.067456494590839 ], [ -100.510497926213219, 20.065992841630365 ], [ -100.528588770670709, 20.074171382956308 ], [ -100.527668862280279, 20.076119952877193 ], [ -100.532259722965321, 20.079269142110256 ], [ -100.544531969957518, 20.077322267077449 ], [ -100.553859123600333, 20.073164530453678 ], [ -100.565859372471493, 20.073697378666825 ], [ -100.558693580565432, 20.063749918484628 ], [ -100.554303335662127, 20.063533709166478 ], [ -100.553161657725511, 20.060029713160613 ], [ -100.561214053050421, 20.064268824985064 ], [ -100.563360356154263, 20.062104604137208 ], [ -100.56804273701627, 20.062277140939255 ], [ -100.571688966008352, 20.057664007831303 ], [ -100.580477040231798, 20.059004450427604 ], [ -100.579812591474379, 20.056612783931367 ], [ -100.570220484399641, 20.050237121151614 ], [ -100.562046754902468, 20.052238616557471 ], [ -100.55375002436439, 20.046720331416218 ], [ -100.554439688296398, 20.045269151594233 ], [ -100.557804013355749, 20.048715784243182 ], [ -100.566464888914851, 20.048942237417418 ], [ -100.568809595965007, 20.042685828235236 ], [ -100.567573291871781, 20.035009279372897 ], [ -100.570365376297886, 20.019617839609097 ], [ -100.57773601987779, 20.019646629896833 ], [ -100.579253892558413, 20.005834589485769 ], [ -100.595249010917598, 19.998416896765008 ], [ -100.596814067143171, 19.993878340455431 ], [ -100.594416311828056, 19.989976975355123 ], [ -100.606730781343686, 19.981720011015252 ], [ -100.611779993560106, 19.972159152677612 ], [ -100.614738302788737, 19.970831856114742 ], [ -100.614743851491767, 19.959938650720535 ], [ -100.640654503124637, 19.945395186122351 ], [ -100.657435796781328, 19.941705932605203 ], [ -100.668941686034884, 19.948491315819904 ], [ -100.675372746861328, 19.941300392698626 ], [ -100.681797766749767, 19.943114749548062 ], [ -100.687490694912256, 19.940784169084903 ], [ -100.696024969602163, 19.950607680033123 ], [ -100.723957682641355, 19.935716861097795 ], [ -100.74209175222866, 19.934775864481761 ], [ -100.741261021870628, 19.92075693450478 ], [ -100.763718151721136, 19.921169548092415 ], [ -100.772746177855112, 19.918538929865615 ], [ -100.775965704626401, 19.920582692583444 ], [ -100.780537680332372, 19.930423792806838 ], [ -100.786311695098078, 19.929403612345673 ], [ -100.787390517944075, 19.935849378778087 ], [ -100.794270858320004, 19.934484673821849 ], [ -100.803493361799298, 19.937811517306265 ], [ -100.813780202850296, 19.933259127407318 ], [ -100.817933486419207, 19.933457874838485 ], [ -100.817471167120857, 19.929489002876128 ], [ -100.819497470393443, 19.928015750914319 ], [ -100.822809421455389, 19.930874061738166 ], [ -100.835447765797298, 19.931715631246316 ], [ -100.835251198097751, 19.930144812472633 ], [ -100.849871397959106, 19.929335027614751 ], [ -100.847289807020459, 19.933502214711293 ], [ -100.85412087000006, 19.935441348068757 ], [ -100.853373072690175, 19.941128240326062 ], [ -100.859453819671756, 19.948919171621789 ], [ -100.865042103111108, 19.9488943802695 ], [ -100.871528042120289, 19.944465625775994 ], [ -100.884033180569531, 19.944934210790098 ], [ -100.900342249287561, 19.959925195790898 ], [ -100.907135416681882, 19.962381849506748 ], [ -100.910881340705771, 19.962666239517642 ], [ -100.956821193208057, 19.93699903278436 ], [ -100.961380817044741, 19.938762860182713 ], [ -100.966956095452161, 19.936215204708454 ], [ -100.972188189870181, 19.939733012971878 ], [ -100.976677467347372, 19.936243261295793 ], [ -100.980825560769361, 19.954398775105513 ], [ -100.982969570872967, 19.95550266702687 ], [ -101.00207175888643, 19.952011875123823 ], [ -101.004652584552844, 19.95721047492237 ], [ -101.001924246865826, 19.964330169510671 ], [ -101.00429047286687, 19.966341269106376 ], [ -100.982048515158695, 19.979624239269015 ], [ -100.979058052122951, 19.989999776860831 ], [ -100.98438528946501, 19.996541508330086 ], [ -100.980382238312956, 20.001453332655473 ], [ -100.983180371794447, 20.007204596814571 ], [ -100.971068966748859, 20.01324488205222 ], [ -100.958651616146653, 20.005241640024042 ], [ -100.954653445078648, 20.00704660424385 ], [ -100.955318181074318, 20.011421076136088 ], [ -100.936655457890993, 20.016491977665083 ], [ -100.936430943521984, 20.029776868800653 ], [ -100.924727446948182, 20.03208224215178 ], [ -100.924854443985041, 20.04225824247505 ], [ -100.921641212404964, 20.042311735212007 ], [ -100.918251482645829, 20.055152829113915 ], [ -100.911417591845904, 20.052163212059057 ], [ -100.911211918726408, 20.060151922458438 ], [ -100.907106107174741, 20.059351109316605 ], [ -100.905455118175951, 20.061778179333167 ], [ -100.901397982993061, 20.06043855659177 ], [ -100.897831052454549, 20.053877513824709 ], [ -100.889237984264724, 20.057756097679757 ], [ -100.885378395328615, 20.066660658785676 ], [ -100.890212371208321, 20.068939477129319 ], [ -100.887288219891971, 20.078586604620341 ], [ -100.876419075035471, 20.082033795998186 ], [ -100.870602509003803, 20.080391325605348 ], [ -100.87139121150831, 20.085260687002339 ], [ -100.874102453673643, 20.086498907981156 ], [ -100.872367772105534, 20.087561704548328 ], [ -100.874934720514446, 20.087271394291108 ], [ -100.874078311894039, 20.091671191264208 ], [ -100.876321628566998, 20.096144290755241 ], [ -100.882730744558387, 20.091694672796855 ], [ -100.894510451206784, 20.093321130795822 ], [ -100.8909584815285, 20.100578935788441 ], [ -100.894449355455762, 20.102879700364134 ], [ -100.891779339126089, 20.107185358391053 ], [ -100.894249893100948, 20.113310151617036 ], [ -100.888831215074049, 20.122004751746925 ], [ -100.881663412913511, 20.120095400575035 ], [ -100.881652228715353, 20.112979107922602 ], [ -100.876201985793671, 20.109013881800248 ], [ -100.876933577714766, 20.107429627097581 ], [ -100.87182494283077, 20.101383574847244 ], [ -100.861176260704823, 20.102474246072358 ], [ -100.857291755008589, 20.110854036527812 ], [ -100.858940076337078, 20.114757807897718 ], [ -100.856937568153782, 20.123768894427627 ], [ -100.858720032651746, 20.125353456135059 ], [ -100.848381914577459, 20.129286982722245 ], [ -100.84586530501393, 20.12916237891001 ], [ -100.847576333296544, 20.126734804643171 ], [ -100.845756828335965, 20.126350612971311 ], [ -100.841923991624199, 20.13112962869673 ], [ -100.834251444382346, 20.133736463115461 ], [ -100.836893559978094, 20.140934410005659 ], [ -100.828564239615147, 20.146116954573692 ], [ -100.82795030031258, 20.141161793648624 ], [ -100.821408231489642, 20.144908371618307 ], [ -100.824039049685027, 20.151486075456479 ], [ -100.811698114604525, 20.161408009334103 ], [ -100.781425359199517, 20.17285637141395 ], [ -100.74610122665618, 20.176312986638646 ], [ -100.733872626473755, 20.181208012092377 ], [ -100.730424960628596, 20.173053391713434 ] ] ] } },
{ "type": "Feature", "properties": { "cve_edo": "11", "cve_mpo_ine": "004", "cve_edo_mpo_ine": "11004", "nom_mpo": "APASEO EL ALTO", "nom_edo": "Guanajuato", "alianza_ganadora": "Va por México", "margen_pp": 3.6796040874306923, "por_participacion": 42.608067476277874 }, "geometry": { "type": "Polygon", "coordinates": [ [ [ -100.477118137891836, 20.357106655252721 ], [ -100.508577358839389, 20.332321474280558 ], [ -100.51830630823568, 20.33298548968888 ], [ -100.532264309583013, 20.324404238725947 ], [ -100.536683686114756, 20.329309736033245 ], [ -100.540018905240501, 20.328509585313654 ], [ -100.538721619168669, 20.326901311503896 ], [ -100.542530218025178, 20.327009432762264 ], [ -100.544520910866126, 20.330589919922296 ], [ -100.555130752318917, 20.32613792045203 ], [ -100.55162253163823, 20.3181575255315 ], [ -100.562693722027291, 20.318027220286965 ], [ -100.56681843988477, 20.322478039945725 ], [ -100.578510743748879, 20.317475441910524 ], [ -100.585006885361835, 20.329778812128108 ], [ -100.593047562817205, 20.325717953171527 ], [ -100.59214111036961, 20.323492480284177 ], [ -100.59800101250309, 20.323304704581307 ], [ -100.613774210191295, 20.314108641080029 ], [ -100.616960196448801, 20.320531180707491 ], [ -100.615284597033593, 20.325735994870296 ], [ -100.621802126615719, 20.32831238382559 ], [ -100.619917187997544, 20.33672051297998 ], [ -100.613586884073882, 20.336212017921497 ], [ -100.60534856363158, 20.340180673026868 ], [ -100.604041277495426, 20.347303373046966 ], [ -100.609271296417816, 20.350010193982378 ], [ -100.615935450606244, 20.347331304535398 ], [ -100.613262316681087, 20.351191672041058 ], [ -100.614402304114279, 20.355861884668748 ], [ -100.631604606803322, 20.351685056276597 ], [ -100.634671904141072, 20.345174516835876 ], [ -100.636391088905526, 20.348600526921857 ], [ -100.646692254461925, 20.346772033446246 ], [ -100.655262984075264, 20.349544046286407 ], [ -100.658055546957826, 20.385237265762978 ], [ -100.650603851526071, 20.383742734423777 ], [ -100.652515286879108, 20.389774228238746 ], [ -100.654273918342454, 20.389848404940736 ], [ -100.654870693558038, 20.401389166092216 ], [ -100.650139947566387, 20.404184368329489 ], [ -100.654373787910373, 20.406480737876368 ], [ -100.654394178971216, 20.409873398878716 ], [ -100.659266726187454, 20.411132133651801 ], [ -100.657782444613233, 20.407994921683414 ], [ -100.662885884664007, 20.408673174222915 ], [ -100.668425690269572, 20.420132181996475 ], [ -100.672244433611837, 20.420876516696264 ], [ -100.673191102193584, 20.416845037902885 ], [ -100.676792021937288, 20.414192766752958 ], [ -100.680718976509056, 20.418956430140014 ], [ -100.687904181328165, 20.421776061691236 ], [ -100.687183893621665, 20.429364924187276 ], [ -100.692468275793559, 20.429055978900028 ], [ -100.697316343857395, 20.431651206227635 ], [ -100.692034112141286, 20.437220487629439 ], [ -100.691899151474431, 20.440784062778416 ], [ -100.696383044333103, 20.442347990815254 ], [ -100.703153002492471, 20.453494626945901 ], [ -100.710261975911479, 20.458382804547242 ], [ -100.71168095214874, 20.464123566111322 ], [ -100.69911251855676, 20.479924855516707 ], [ -100.693747372177839, 20.478657855024242 ], [ -100.692582692139041, 20.503121563747051 ], [ -100.678861531175741, 20.50344926405446 ], [ -100.679317723866177, 20.492930894497576 ], [ -100.675015151566711, 20.480270926834141 ], [ -100.66966086602865, 20.479697430207604 ], [ -100.667670663054835, 20.474710133228584 ], [ -100.663709915474996, 20.474398977040309 ], [ -100.655653032085624, 20.483325741791838 ], [ -100.655687610673581, 20.481464530364686 ], [ -100.64406883839743, 20.476200483332942 ], [ -100.641756444863532, 20.481923000345883 ], [ -100.647662305499821, 20.488470974252984 ], [ -100.647861432162742, 20.492318149589526 ], [ -100.642786318611599, 20.497186393163151 ], [ -100.627370378683025, 20.48969486200388 ], [ -100.617911817752301, 20.497564463830351 ], [ -100.610789069375713, 20.49350440857328 ], [ -100.612506314346533, 20.486088713937164 ], [ -100.601026825730614, 20.488202204644324 ], [ -100.598463638759256, 20.492697904224482 ], [ -100.569234579661838, 20.512971487187684 ], [ -100.568272076774846, 20.521903219382899 ], [ -100.571097987741666, 20.522990483764904 ], [ -100.57090091411105, 20.526586096572604 ], [ -100.558020028037745, 20.52848958225119 ], [ -100.557633504895151, 20.530806556605345 ], [ -100.549504928479664, 20.532993034376659 ], [ -100.551415127926518, 20.519177870160945 ], [ -100.540584065277329, 20.522278029716443 ], [ -100.541793387244866, 20.52543509104953 ], [ -100.537343186938287, 20.526372553403696 ], [ -100.536993239246712, 20.523307809451104 ], [ -100.504277172704775, 20.532202976432789 ], [ -100.503626133515141, 20.519185484085586 ], [ -100.500983007020707, 20.512533568015186 ], [ -100.510546938284094, 20.505599810115676 ], [ -100.497773053797616, 20.503949399507352 ], [ -100.498357740111231, 20.494738360121406 ], [ -100.492141202580413, 20.490841673774433 ], [ -100.492622260195844, 20.481445972740858 ], [ -100.4886316938031, 20.469421544058459 ], [ -100.488296399111803, 20.425434346849183 ], [ -100.48411685339309, 20.422266174427794 ], [ -100.486045410775304, 20.420892180515278 ], [ -100.483233520427319, 20.421525139783043 ], [ -100.478400020229714, 20.416497468178182 ], [ -100.475814267458574, 20.403307746173109 ], [ -100.476098843522365, 20.389443539344438 ], [ -100.469625918423162, 20.387280060647331 ], [ -100.468784986947384, 20.383999873581974 ], [ -100.477886172873738, 20.373917878825516 ], [ -100.477118137891836, 20.357106655252721 ] ] ] } },
{ "type": "Feature", "properties": { "cve_edo": "11", "cve_mpo_ine": "005", "cve_edo_mpo_ine": "11005", "nom_mpo": "APASEO EL GRANDE", "nom_edo": "Guanajuato", "alianza_ganadora": "Va por México", "margen_pp": 1.7040132574392968, "por_participacion": 39.203446084316077 }, "geometry": { "type": "Polygon", "coordinates": [ [ [ -100.489308352288731, 20.596245476514206 ], [ -100.482216031009088, 20.576356307818564 ], [ -100.485003385009222, 20.55380421481501 ], [ -100.504765446010254, 20.555033399815233 ], [ -100.506980648529009, 20.531875997377512 ], [ -100.536993239246712, 20.523307809451104 ], [ -100.537343186938287, 20.526372553403696 ], [ -100.541793387244866, 20.52543509104953 ], [ -100.540584065277329, 20.522278029716443 ], [ -100.551415127926518, 20.519177870160945 ], [ -100.549504928479664, 20.532993034376659 ], [ -100.557633504895151, 20.530806556605345 ], [ -100.558020028037745, 20.52848958225119 ], [ -100.57090091411105, 20.526586096572604 ], [ -100.571097987741666, 20.522990483764904 ], [ -100.568272076774846, 20.521903219382899 ], [ -100.569234579661838, 20.512971487187684 ], [ -100.598463638759256, 20.492697904224482 ], [ -100.601026825730614, 20.488202204644324 ], [ -100.612506314346533, 20.486088713937164 ], [ -100.610789069375713, 20.49350440857328 ], [ -100.617911817752301, 20.497564463830351 ], [ -100.627370378683025, 20.48969486200388 ], [ -100.642786318611599, 20.497186393163151 ], [ -100.647861432162742, 20.492318149589526 ], [ -100.647662305499821, 20.488470974252984 ], [ -100.641756444863532, 20.481923000345883 ], [ -100.64406883839743, 20.476200483332942 ], [ -100.655687610673581, 20.481464530364686 ], [ -100.655653032085624, 20.483325741791838 ], [ -100.665348853943129, 20.473810816855469 ], [ -100.669868174771921, 20.476965786005884 ], [ -100.66966086602865, 20.479697430207604 ], [ -100.675015151566711, 20.480270926834141 ], [ -100.679317723866177, 20.492930894497576 ], [ -100.678861531175741, 20.50344926405446 ], [ -100.691005479740525, 20.50431900219894 ], [ -100.692937813588316, 20.502130425280047 ], [ -100.693747372177839, 20.478657855024242 ], [ -100.719275629242958, 20.486246230824271 ], [ -100.722205706909264, 20.480170602630679 ], [ -100.726664948230436, 20.483830240783622 ], [ -100.729412566934201, 20.477626850236263 ], [ -100.73874323880716, 20.481369473837521 ], [ -100.737428141545607, 20.484449839040362 ], [ -100.746264956973448, 20.486168336476101 ], [ -100.739403583442993, 20.497307641537656 ], [ -100.765833182680311, 20.507947919560809 ], [ -100.758878261818253, 20.535119300998939 ], [ -100.752937485873204, 20.541067812583069 ], [ -100.75104517345433, 20.552278733021719 ], [ -100.746412518052253, 20.553451876374137 ], [ -100.745457039300774, 20.556762681372351 ], [ -100.739674337568246, 20.556616420149417 ], [ -100.731438872880958, 20.569294773331453 ], [ -100.712676094726845, 20.567326067958327 ], [ -100.711275569416046, 20.583181092218666 ], [ -100.699015628761529, 20.620738041217351 ], [ -100.695430033454628, 20.62060782890601 ], [ -100.692988481970318, 20.61774524116673 ], [ -100.676200235492601, 20.618086161732766 ], [ -100.663479940006837, 20.624849114628237 ], [ -100.663885220789822, 20.641870290740005 ], [ -100.669627444766405, 20.646006629874847 ], [ -100.657834036822976, 20.651846817694274 ], [ -100.654449998925656, 20.65894529391813 ], [ -100.658446854934368, 20.670096985219168 ], [ -100.654464757782506, 20.665595171421966 ], [ -100.645819203665738, 20.663950543384011 ], [ -100.64208431373838, 20.665889376946655 ], [ -100.645061614157598, 20.669782381975498 ], [ -100.64268927622895, 20.667535283017163 ], [ -100.636243892352979, 20.668510815558765 ], [ -100.632055030764732, 20.671899811988993 ], [ -100.633663909411581, 20.674113650155391 ], [ -100.627461902795432, 20.675912454315085 ], [ -100.625741303906523, 20.685017250135108 ], [ -100.629653208960008, 20.688487842504376 ], [ -100.627655149743319, 20.693671552668011 ], [ -100.612649648881231, 20.695725626664807 ], [ -100.609444478893991, 20.697906227056887 ], [ -100.608941107027249, 20.700224447688907 ], [ -100.613889140213615, 20.701784786982721 ], [ -100.608994037498519, 20.705139210094554 ], [ -100.610461327559193, 20.718204209910297 ], [ -100.596636477150668, 20.717099817768641 ], [ -100.590445859877619, 20.710945018970001 ], [ -100.581093186326726, 20.692616975397364 ], [ -100.584135041875001, 20.682906558524305 ], [ -100.583505781200714, 20.676213687053536 ], [ -100.575558938689028, 20.667894835090276 ], [ -100.561787281562616, 20.670834979669888 ], [ -100.55139493274315, 20.633806135893469 ], [ -100.529598896909789, 20.638465200631899 ], [ -100.526455552578085, 20.631311592914162 ], [ -100.527805976296065, 20.629951650968106 ], [ -100.498098425840027, 20.615916664091859 ], [ -100.491307224388919, 20.595327783761547 ], [ -100.489308352288731, 20.596245476514206 ] ] ] } },
{ "type": "Feature", "properties": { "cve_edo": "11", "cve_mpo_ine": "006", "cve_edo_mpo_ine": "11006", "nom_mpo": "ATARJEA", "nom_edo": "Guanajuato", "alianza_ganadora": "Va por México", "margen_pp": 11.730286988018946, "por_participacion": 80.057996877091227 }, "geometry": { "type": "Polygon", "coordinates": [ [ [ -99.705696677133801, 21.313403431071389 ], [ -99.704317098732986, 21.316864673133413 ], [ -99.69341899422183, 21.314653830599894 ], [ -99.678086279839263, 21.304222665953933 ], [ -99.67074928109048, 21.288111010996154 ], [ -99.671731167186707, 21.282510181825266 ], [ -99.669167861258373, 21.277195875898677 ], [ -99.675713396772323, 21.274134262285738 ], [ -99.680039866169992, 21.263476687310618 ], [ -99.700049495813644, 21.259227755393638 ], [ -99.698789332421811, 21.241468119494886 ], [ -99.690003842279296, 21.235260688654765 ], [ -99.683714055437633, 21.221572670376741 ], [ -99.702620930893374, 21.230652595899237 ], [ -99.738316700708097, 21.234581865618576 ], [ -99.745887415196151, 21.229073677338068 ], [ -99.749336608405912, 21.220965001826929 ], [ -99.757080664709548, 21.214670475883672 ], [ -99.763893276907893, 21.212305053478207 ], [ -99.768112581966676, 21.207172257527166 ], [ -99.776103733140005, 21.206210739868951 ], [ -99.777368403395442, 21.1950445170888 ], [ -99.780946663694777, 21.19239328235329 ], [ -99.775165454911061, 21.183800199010864 ], [ -99.781935458109672, 21.177376736703501 ], [ -99.788584911301498, 21.178391946465229 ], [ -99.796206388398147, 21.183913313320932 ], [ -99.800067759309457, 21.178265863314135 ], [ -99.811394408455683, 21.172873347473931 ], [ -99.815581227093176, 21.166339841535745 ], [ -99.836668505471707, 21.156701752764445 ], [ -99.854173099319851, 21.164194136832265 ], [ -99.877859813477116, 21.162532313495653 ], [ -99.893195958314053, 21.174381952431997 ], [ -99.901280855632237, 21.18462001881603 ], [ -99.909119841639807, 21.185344943169078 ], [ -99.907455432449012, 21.189237149643866 ], [ -99.911938531798356, 21.19559420629248 ], [ -99.912708696371098, 21.206446775111143 ], [ -99.921363308583125, 21.212308850876742 ], [ -99.924775302406843, 21.217478459717061 ], [ -99.918091722645912, 21.219443048992513 ], [ -99.909604518668175, 21.217997532144818 ], [ -99.906096916018981, 21.219930897900522 ], [ -99.897971054879633, 21.219224577545255 ], [ -99.890753956087792, 21.215618668944153 ], [ -99.881202205775253, 21.224174797417277 ], [ -99.873573501917832, 21.220572063870303 ], [ -99.87932321801307, 21.235052705333285 ], [ -99.872940101694979, 21.237714664714503 ], [ -99.875380440181715, 21.240251726453522 ], [ -99.874595841932859, 21.243769060227542 ], [ -99.881821344981802, 21.248036229976631 ], [ -99.88596255041692, 21.259599724973366 ], [ -99.882264075495399, 21.258959722796156 ], [ -99.880895167874925, 21.26196838602014 ], [ -99.892045193792299, 21.264673551545158 ], [ -99.879678672422543, 21.269109622637064 ], [ -99.882359124800217, 21.273090804699038 ], [ -99.879113539758876, 21.27538676563632 ], [ -99.881868547975117, 21.276641411590823 ], [ -99.878961199196851, 21.281418269325354 ], [ -99.873509862944587, 21.278909166311074 ], [ -99.86379188870518, 21.282408453260789 ], [ -99.865349431524606, 21.287416568746313 ], [ -99.874879521539341, 21.296104776724448 ], [ -99.875325339512898, 21.300321605591076 ], [ -99.871191113926855, 21.303686784835882 ], [ -99.869802587189142, 21.309959330391113 ], [ -99.87737327450651, 21.322313668363339 ], [ -99.865623793853999, 21.330925324447424 ], [ -99.865373966607194, 21.343484384033815 ], [ -99.859217516831791, 21.360514063493937 ], [ -99.859357950654399, 21.366629795254781 ], [ -99.852942493784738, 21.357627954274584 ], [ -99.853899228389551, 21.354947714843522 ], [ -99.846291952047935, 21.358581987069119 ], [ -99.849813772878079, 21.3695510081888 ], [ -99.848830809421443, 21.376610708291579 ], [ -99.84358067951338, 21.379266582813948 ], [ -99.839843316994319, 21.384616559733001 ], [ -99.832262219278306, 21.383622857632904 ], [ -99.832764769712867, 21.378337117205238 ], [ -99.828645525057567, 21.378726571041916 ], [ -99.822725152079499, 21.37551085163404 ], [ -99.820977817858576, 21.382318090947876 ], [ -99.808974481713619, 21.383156844618824 ], [ -99.802659276405265, 21.386672872193582 ], [ -99.795378330592598, 21.384728967015995 ], [ -99.791042767116338, 21.391355206705864 ], [ -99.779904523126831, 21.394717486336265 ], [ -99.77345871657603, 21.400049652030042 ], [ -99.777228862776582, 21.392737465440778 ], [ -99.774556579879899, 21.38339619634338 ], [ -99.776346234626459, 21.369996590766792 ], [ -99.770046373746752, 21.368475156956229 ], [ -99.768620522899212, 21.363060275954563 ], [ -99.771481929333021, 21.354538499918274 ], [ -99.777290773941189, 21.348410936423576 ], [ -99.777887877000282, 21.342263615056137 ], [ -99.784308092000273, 21.332517708055988 ], [ -99.784878400000309, 21.327868508055879 ], [ -99.787790831000223, 21.329621723055951 ], [ -99.779934800000277, 21.313028169055681 ], [ -99.765723477000179, 21.303350415055515 ], [ -99.757893569000274, 21.292140369055232 ], [ -99.752424738000187, 21.291783400055341 ], [ -99.734161154000304, 21.301443923055398 ], [ -99.734250538000225, 21.308280538055595 ], [ -99.737253123000244, 21.312884969055602 ], [ -99.710734769000169, 21.315048815055732 ], [ -99.705696677133801, 21.313403431071389 ] ] ] } },
{ "type": "Feature", "properties": { "cve_edo": "11", "cve_mpo_ine": "007", "cve_edo_mpo_ine": "11007", "nom_mpo": "CELAYA", "nom_edo": "Guanajuato", "alianza_ganadora": "Va por México", "margen_pp": 13.066777869755457, "por_participacion": 41.172702042657221 }, "geometry": { "type": "Polygon", "coordinates": [ [ [ -100.829932989208189, 20.693804276358073 ], [ -100.826155966142352, 20.69009798110023 ], [ -100.812169045342742, 20.689159038438358 ], [ -100.798161251129301, 20.683423145045342 ], [ -100.791505736255303, 20.679519873805035 ], [ -100.790551876240272, 20.676298519147554 ], [ -100.777042109602348, 20.676760584780407 ], [ -100.775684500584717, 20.675235675369748 ], [ -100.77890079328769, 20.671751309518964 ], [ -100.77723309190327, 20.666341155617911 ], [ -100.767017784649738, 20.667782895186885 ], [ -100.760941144088349, 20.661350274742205 ], [ -100.758224776077995, 20.661710699839062 ], [ -100.758851445942796, 20.659891690100022 ], [ -100.753895270686812, 20.662955211698986 ], [ -100.752894446560234, 20.6590367026221 ], [ -100.751803067039702, 20.662508014637957 ], [ -100.748712018928074, 20.659787170541723 ], [ -100.752876706573034, 20.654181263185006 ], [ -100.75226675997618, 20.647301952413283 ], [ -100.747908341292529, 20.63646076329357 ], [ -100.74875263272655, 20.629949760129868 ], [ -100.745051476499796, 20.628042354223059 ], [ -100.730336351045011, 20.634002747874039 ], [ -100.723404565868748, 20.641295740650257 ], [ -100.72205249192433, 20.646529773995336 ], [ -100.712174010501954, 20.65112079578542 ], [ -100.710608423835751, 20.658062861551279 ], [ -100.707457014150705, 20.654877632219126 ], [ -100.696939216075705, 20.665328861157022 ], [ -100.691766809258809, 20.665296477388043 ], [ -100.667250436215653, 20.680292550080839 ], [ -100.662521817669159, 20.677654237758851 ], [ -100.654460489001778, 20.659895188462404 ], [ -100.657834036887706, 20.651846817050128 ], [ -100.669571464183079, 20.646254551310271 ], [ -100.663885220856315, 20.641870290091497 ], [ -100.663479940073117, 20.624849113972292 ], [ -100.67620023556276, 20.618086161073936 ], [ -100.692988482046019, 20.617745240507642 ], [ -100.695430033531139, 20.620607828248232 ], [ -100.699015628839362, 20.620738040559555 ], [ -100.711275569497829, 20.583181091544546 ], [ -100.712676094809012, 20.567326067277314 ], [ -100.731438872970202, 20.569294772651155 ], [ -100.73967433766056, 20.55661641946369 ], [ -100.745457039395461, 20.556762680686621 ], [ -100.746412518147281, 20.553451875687056 ], [ -100.751045173551262, 20.552278732333981 ], [ -100.751426899204318, 20.544959338144992 ], [ -100.758878261918326, 20.535119300303737 ], [ -100.765841234456474, 20.509932460141268 ], [ -100.765833182783098, 20.50794791885393 ], [ -100.739403583534681, 20.497307640826186 ], [ -100.746264957067794, 20.486168335759825 ], [ -100.737428141636357, 20.4844498383234 ], [ -100.738743238898451, 20.481369473119219 ], [ -100.729412567021811, 20.477626849516433 ], [ -100.726664948317023, 20.483830240066439 ], [ -100.722205706994146, 20.480170601911862 ], [ -100.719275629326816, 20.486246230108208 ], [ -100.69911251863337, 20.479924854798018 ], [ -100.711680952229628, 20.464123565385613 ], [ -100.709779779424494, 20.457352914876601 ], [ -100.703153002570247, 20.453494626215715 ], [ -100.696383044408435, 20.442347990080318 ], [ -100.691899151548242, 20.440784062042816 ], [ -100.692034112215126, 20.437220486892347 ], [ -100.697316343932982, 20.431651205488137 ], [ -100.692468275867469, 20.429055978159418 ], [ -100.687183893693827, 20.42936492344678 ], [ -100.688510178683742, 20.427195980747214 ], [ -100.686577666598211, 20.422661953359544 ], [ -100.691047549678146, 20.423066483222847 ], [ -100.698544267048533, 20.415980756798845 ], [ -100.696451859518959, 20.407803805933771 ], [ -100.699595359366953, 20.405324015986871 ], [ -100.698549191099644, 20.401235544969179 ], [ -100.706802605305981, 20.402405535082671 ], [ -100.704778773434981, 20.406506985306557 ], [ -100.713765188254982, 20.411373540422716 ], [ -100.717627907055217, 20.410127678166166 ], [ -100.719745272446417, 20.405339985081355 ], [ -100.723386390720094, 20.407741412038312 ], [ -100.727796176717959, 20.405577768537182 ], [ -100.723599709509941, 20.398419748350211 ], [ -100.72632717562918, 20.390601344126605 ], [ -100.722294464423811, 20.387334705987595 ], [ -100.725690091794419, 20.386384052632813 ], [ -100.725435660726333, 20.384730264521526 ], [ -100.740367318612897, 20.380828414222769 ], [ -100.737929856826511, 20.373401607429003 ], [ -100.769598106993897, 20.374353892258956 ], [ -100.769431615602173, 20.380030129426157 ], [ -100.779306111220436, 20.380616704633212 ], [ -100.783682512217524, 20.363748831955736 ], [ -100.797100917714772, 20.370877466920501 ], [ -100.797832885194339, 20.368300774546462 ], [ -100.806998224143385, 20.373367426620938 ], [ -100.807504680519244, 20.376343352503806 ], [ -100.801874532341799, 20.38179559743514 ], [ -100.814204933787082, 20.386243756261692 ], [ -100.814237903209815, 20.3984199966776 ], [ -100.825124890266522, 20.395305486807583 ], [ -100.826340692598748, 20.398604003756702 ], [ -100.838117840027152, 20.405624919544913 ], [ -100.826687681525897, 20.431194817799536 ], [ -100.834399658676446, 20.432425713163042 ], [ -100.834676272549331, 20.445137215183433 ], [ -100.8371799930744, 20.452685685794155 ], [ -100.834736687540442, 20.459342347012967 ], [ -100.83649378853201, 20.46882730948299 ], [ -100.842122084957126, 20.470551505966437 ], [ -100.843085617853831, 20.464375239625959 ], [ -100.847930230378651, 20.46642766053667 ], [ -100.846267339076618, 20.483677364301638 ], [ -100.855113460959913, 20.487837292417314 ], [ -100.863020767263095, 20.488563679260302 ], [ -100.865469696034154, 20.491639346131997 ], [ -100.879715833156524, 20.493407621201531 ], [ -100.879340106137278, 20.496187182178531 ], [ -100.887991588319622, 20.497072330079977 ], [ -100.899829616917629, 20.501774117347683 ], [ -100.907458010681609, 20.501866025419353 ], [ -100.907949634965945, 20.506328928426491 ], [ -100.892102793112784, 20.505568501124831 ], [ -100.892149180221324, 20.515077138505283 ], [ -100.90663748123464, 20.513858809523963 ], [ -100.90652855381957, 20.515554310322894 ], [ -100.909285497116969, 20.515335904156167 ], [ -100.909602858992955, 20.520130268508762 ], [ -100.894986921557162, 20.519364972531811 ], [ -100.894904022771982, 20.526393564811009 ], [ -100.887274370423938, 20.526301199415499 ], [ -100.886898913130409, 20.536847523326568 ], [ -100.903203390259065, 20.531361175981864 ], [ -100.909791100514639, 20.522568665518619 ], [ -100.913671443398485, 20.523999085950258 ], [ -100.913462625809757, 20.531984114340606 ], [ -100.909134786200482, 20.53169590936999 ], [ -100.910725451719841, 20.56841319876219 ], [ -100.912683854330311, 20.572621688820281 ], [ -100.8897735293003, 20.569369874759463 ], [ -100.888602518291677, 20.581984214317099 ], [ -100.896120183384184, 20.58261423757083 ], [ -100.894257704512526, 20.585888108493545 ], [ -100.890855707328939, 20.586522489276398 ], [ -100.890650551777782, 20.5925593392179 ], [ -100.879654864074595, 20.589132162152897 ], [ -100.874468749895925, 20.585060487765855 ], [ -100.880220864187322, 20.608974272342177 ], [ -100.873800656265061, 20.617021121079368 ], [ -100.882017432986245, 20.61616044183183 ], [ -100.883994816385652, 20.624255356232275 ], [ -100.882619213958932, 20.631165249763328 ], [ -100.874871452003021, 20.632024089402755 ], [ -100.875715252054945, 20.636485613754822 ], [ -100.87041729693901, 20.658294856700156 ], [ -100.868032387024471, 20.663141680810476 ], [ -100.863406904680744, 20.666261195949524 ], [ -100.8659612928152, 20.672204142633408 ], [ -100.853709844973693, 20.677669523457098 ], [ -100.850565109581694, 20.68351142633589 ], [ -100.847111277246356, 20.686129772334191 ], [ -100.845167192385944, 20.684979881053852 ], [ -100.841313531408076, 20.690080279116582 ], [ -100.829932989208189, 20.693804276358073 ] ] ] } },
{ "type": "Feature", "properties": { "cve_edo": "11", "cve_mpo_ine": "009", "cve_edo_mpo_ine": "11009", "nom_mpo": "COMONFORT", "nom_edo": "Guanajuato", "alianza_ganadora": "Juntos Haremos Historia", "margen_pp": 1.3849859494179044, "por_participacion": 39.932030586236195 }, "geometry": { "type": "Polygon", "coordinates": [ [ [ -100.95531415714504, 20.819473940449409 ], [ -100.945173262006406, 20.814376757261293 ], [ -100.936516258388494, 20.816372765573099 ], [ -100.930810897248563, 20.809675110267907 ], [ -100.925194658342619, 20.817250846508507 ], [ -100.923181199851996, 20.803710238480569 ], [ -100.920418362512024, 20.806773217046196 ], [ -100.913148621452791, 20.807546784698019 ], [ -100.909261228720354, 20.803799610859691 ], [ -100.899741721450965, 20.803613951632688 ], [ -100.878969145894459, 20.795157249976111 ], [ -100.872572903415559, 20.798729552007686 ], [ -100.870717852195725, 20.796854141712664 ], [ -100.868633128520841, 20.798499278706853 ], [ -100.869178263339137, 20.796173913471602 ], [ -100.863541242948926, 20.789803765251268 ], [ -100.854254759217284, 20.786219016750898 ], [ -100.847058532659773, 20.778009568603633 ], [ -100.839505592264359, 20.776053205817629 ], [ -100.825720672995914, 20.76715447056278 ], [ -100.818364522284, 20.766311439944442 ], [ -100.81012266545558, 20.768501772199532 ], [ -100.826623438536274, 20.778230571431305 ], [ -100.82892652904809, 20.782210174324611 ], [ -100.826852826128373, 20.791054518895209 ], [ -100.835130924541161, 20.807193393491545 ], [ -100.831432385528544, 20.810599982647453 ], [ -100.819980722673634, 20.804231799491063 ], [ -100.816073236708306, 20.805820502595584 ], [ -100.814463233883345, 20.804478754313099 ], [ -100.810900120915719, 20.808917394462515 ], [ -100.803768062527922, 20.807574009793651 ], [ -100.804196006607654, 20.798588522926551 ], [ -100.795763221085735, 20.780132953154027 ], [ -100.792710996813554, 20.783570652806127 ], [ -100.783941895893676, 20.78258130149176 ], [ -100.772584153780187, 20.791394562208687 ], [ -100.767079958278842, 20.792384605378746 ], [ -100.765428296686338, 20.795346428058519 ], [ -100.738480575127923, 20.806368458224469 ], [ -100.732657263852332, 20.816134538834561 ], [ -100.727544663118991, 20.820224487961983 ], [ -100.724858365559655, 20.81794218692853 ], [ -100.726658289839278, 20.813402809173905 ], [ -100.725317918073827, 20.810770575547402 ], [ -100.730148957754579, 20.794965110885158 ], [ -100.726649063711264, 20.796463071840897 ], [ -100.722291966857767, 20.792754124868026 ], [ -100.721075384656871, 20.795552655059808 ], [ -100.712578542537116, 20.795207059829039 ], [ -100.706824846348752, 20.798889273236455 ], [ -100.705129488938596, 20.802722934944704 ], [ -100.706807185585902, 20.807761796088773 ], [ -100.710880917114252, 20.808815450513595 ], [ -100.708715968666922, 20.814916977437381 ], [ -100.706404333163348, 20.816747889731232 ], [ -100.701758536108201, 20.81624175461603 ], [ -100.700710763349122, 20.812102401983264 ], [ -100.692219385413409, 20.807289376279122 ], [ -100.687295877574343, 20.80810181862099 ], [ -100.682015041706649, 20.805315559469054 ], [ -100.678340966186511, 20.806980604420332 ], [ -100.679045812166279, 20.800261275664411 ], [ -100.671452443178268, 20.79294987487777 ], [ -100.660399351600205, 20.796163488237188 ], [ -100.651046761973404, 20.795702527896353 ], [ -100.650892209110779, 20.793618795024972 ], [ -100.647268756435693, 20.794924661671345 ], [ -100.646043323016826, 20.792147677942229 ], [ -100.643107770876256, 20.792441865483362 ], [ -100.644491512746697, 20.787539831161741 ], [ -100.641974993253896, 20.788244945541173 ], [ -100.637119732579819, 20.783060470054401 ], [ -100.632173510565366, 20.782716858814368 ], [ -100.632299281729317, 20.779836220481382 ], [ -100.625804735579067, 20.778388951549552 ], [ -100.625268085603622, 20.771262546389245 ], [ -100.619523654929694, 20.768969466365281 ], [ -100.616384145500689, 20.764301325432225 ], [ -100.617460319920255, 20.761949021488551 ], [ -100.624687649124382, 20.761633492101449 ], [ -100.619649780973063, 20.759371647734717 ], [ -100.625158875793232, 20.751613352033473 ], [ -100.645704555298394, 20.7496806232522 ], [ -100.648995869941274, 20.752927414104128 ], [ -100.651745435050174, 20.752135295578299 ], [ -100.651330739076244, 20.748636926493862 ], [ -100.645166707406275, 20.744644421503057 ], [ -100.641131646615221, 20.738013803141957 ], [ -100.621171527431059, 20.731396395832252 ], [ -100.618486147608138, 20.728582739106841 ], [ -100.620424508272464, 20.724481279964319 ], [ -100.611525755189277, 20.722725639232316 ], [ -100.608994037515757, 20.705139209887594 ], [ -100.613889140231279, 20.701784786775264 ], [ -100.608941107044487, 20.700224447481276 ], [ -100.609444478911257, 20.697906226848911 ], [ -100.612649648898753, 20.69572562645639 ], [ -100.627655149762177, 20.69367155245936 ], [ -100.629653208979008, 20.688487842295004 ], [ -100.625741303925167, 20.685017249925185 ], [ -100.626365679806185, 20.677658549832284 ], [ -100.629383324237594, 20.674488283952666 ], [ -100.633663909430922, 20.674113649943951 ], [ -100.632055030783917, 20.671899811777195 ], [ -100.636243892372534, 20.668510815346494 ], [ -100.642689276249087, 20.667535282804764 ], [ -100.645061614177976, 20.669782381763383 ], [ -100.642084313758474, 20.665889376733993 ], [ -100.64675631647377, 20.663775572557917 ], [ -100.653875186602036, 20.665353506615372 ], [ -100.662486959549454, 20.674515473027341 ], [ -100.662760239180017, 20.677982168002981 ], [ -100.667250436170406, 20.680292550501925 ], [ -100.69176680920836, 20.66529647781357 ], [ -100.696939216024063, 20.665328861582616 ], [ -100.707457014096647, 20.654877632647729 ], [ -100.710608423780926, 20.65806286197898 ], [ -100.712174010446816, 20.651120796215146 ], [ -100.722052491866776, 20.64652977442638 ], [ -100.723404565810881, 20.641295741082899 ], [ -100.730336350985411, 20.634002748308799 ], [ -100.745051476436331, 20.62804235465962 ], [ -100.748752632662033, 20.629949760565811 ], [ -100.747908341228225, 20.636460763727598 ], [ -100.752266759910597, 20.647301952844252 ], [ -100.752876706507209, 20.654181263613889 ], [ -100.748712018863387, 20.659787170968979 ], [ -100.751803066974162, 20.662508015064521 ], [ -100.753851645940827, 20.659154735256365 ], [ -100.753895270620689, 20.662955212125393 ], [ -100.758851445875266, 20.659891690527211 ], [ -100.758224776010636, 20.661710700265822 ], [ -100.760941144020208, 20.661350275169077 ], [ -100.767017784579792, 20.66778289561185 ], [ -100.777233091830254, 20.666341156043401 ], [ -100.778900793214163, 20.671751309942906 ], [ -100.775684500512114, 20.675235675792599 ], [ -100.777042109529347, 20.676760585202771 ], [ -100.79055187616305, 20.676298519570203 ], [ -100.793332795958662, 20.680877553021812 ], [ -100.81128669245642, 20.688914301713307 ], [ -100.826155966052966, 20.690097981518932 ], [ -100.82993298911741, 20.693804276775797 ], [ -100.839731331827565, 20.690954707555367 ], [ -100.845167192289537, 20.684979881474145 ], [ -100.847111277149182, 20.686129772754249 ], [ -100.850565109483185, 20.683511426756681 ], [ -100.853709844874032, 20.677669523879604 ], [ -100.865961292710651, 20.672204143057616 ], [ -100.867564839329518, 20.675835742463011 ], [ -100.869890188695649, 20.670782447648449 ], [ -100.877279437021201, 20.668271481298454 ], [ -100.881393281535352, 20.674662456282078 ], [ -100.884748537689575, 20.670100810926375 ], [ -100.886247667655098, 20.676295855003772 ], [ -100.901540057709127, 20.680075830991001 ], [ -100.906847336672129, 20.684063154127191 ], [ -100.912016036709772, 20.683875396145659 ], [ -100.912272168919742, 20.688008438541782 ], [ -100.918332834102927, 20.689883670072131 ], [ -100.915768811134271, 20.693946361995152 ], [ -100.919519946633329, 20.692234917836991 ], [ -100.922988169566068, 20.695905718822981 ], [ -100.9333689071847, 20.689238279433432 ], [ -100.93667811091467, 20.692902796300338 ], [ -100.948012996025355, 20.69223136388414 ], [ -100.951160807654574, 20.69858345310849 ], [ -100.958670800879204, 20.696729896008101 ], [ -100.970596003915333, 20.698283605772598 ], [ -100.976540905908251, 20.703328334340917 ], [ -100.974745781424332, 20.705368743858656 ], [ -100.976908162235105, 20.7088484323816 ], [ -100.975563833140882, 20.713851999884668 ], [ -100.980214271324172, 20.714335155663584 ], [ -100.976842386061207, 20.721587949788855 ], [ -100.96867390811137, 20.726256517225362 ], [ -100.964963258598445, 20.73462605520027 ], [ -100.972622159153488, 20.749092160641439 ], [ -100.97694180617107, 20.75114565306718 ], [ -100.973989546102104, 20.754642125427388 ], [ -100.977232963037267, 20.759758499683397 ], [ -100.970265507472604, 20.762022515895737 ], [ -100.968258854558897, 20.770331607185408 ], [ -100.97370055216976, 20.797629761328668 ], [ -100.966254779668759, 20.79836692261982 ], [ -100.960213085735717, 20.801936835910546 ], [ -100.952521094426444, 20.798953385288133 ], [ -100.953929418644307, 20.808282529843527 ], [ -100.958024124552267, 20.810494459777996 ], [ -100.954257370879674, 20.813242579866202 ], [ -100.95531415714504, 20.819473940449409 ] ] ] } },
{ "type": "Feature", "properties": { "cve_edo": "11", "cve_mpo_ine": "010", "cve_edo_mpo_ine": "11010", "nom_mpo": "CORONEO", "nom_edo": "Guanajuato", "alianza_ganadora": "Va por México", "margen_pp": 42.931188561215372, "por_participacion": 58.360279545217487 }, "geometry": { "type": "Polygon", "coordinates": [ [ [ -100.3898245778785, 20.306565445023569 ], [ -100.38031622697082, 20.302210612150901 ], [ -100.366665883030848, 20.301882402453497 ], [ -100.36853699143353, 20.30104880305786 ], [ -100.362127337087756, 20.295027748584459 ], [ -100.350561342543429, 20.288443179837316 ], [ -100.34597110652615, 20.297809351540241 ], [ -100.307693225434335, 20.284151884742858 ], [ -100.309589566264535, 20.28099279517328 ], [ -100.31749177527368, 20.279645775206422 ], [ -100.321457151502798, 20.275040906996828 ], [ -100.319511965360732, 20.271777505701198 ], [ -100.325704522163221, 20.267662607385056 ], [ -100.320807999951569, 20.258324904229081 ], [ -100.322893766981281, 20.252401315785132 ], [ -100.327383173145321, 20.249324817730695 ], [ -100.322589198701579, 20.244906073811539 ], [ -100.323434859870318, 20.241812331652266 ], [ -100.319393077035784, 20.240187504151422 ], [ -100.323230771131193, 20.238422388943199 ], [ -100.324967754024456, 20.233681549896684 ], [ -100.330027235700925, 20.234296783289746 ], [ -100.327027536301927, 20.23078827207349 ], [ -100.331516675611596, 20.225726496535692 ], [ -100.342284946396134, 20.222086619446291 ], [ -100.347385240578845, 20.214658887758173 ], [ -100.356915653525135, 20.212369189765319 ], [ -100.353553844612236, 20.209207971924936 ], [ -100.3512012282184, 20.19988345529346 ], [ -100.346346726052545, 20.200780803265651 ], [ -100.345398238961721, 20.199216303913261 ], [ -100.340615483740649, 20.201931258975662 ], [ -100.337661392102035, 20.190296064524841 ], [ -100.355868522055459, 20.182062355601538 ], [ -100.350695069934389, 20.162737444833034 ], [ -100.362212676409484, 20.152460227160809 ], [ -100.362070282712509, 20.149031321210416 ], [ -100.374108346163567, 20.145981645734043 ], [ -100.382862470908279, 20.126670730898208 ], [ -100.392018598803034, 20.122109023950937 ], [ -100.395500921479183, 20.125888664628754 ], [ -100.400047203059657, 20.123297834661741 ], [ -100.41130292728829, 20.125457308405192 ], [ -100.414376967829199, 20.129363134217211 ], [ -100.412164652745176, 20.130947608901625 ], [ -100.413299748076298, 20.13391549500373 ], [ -100.422071240994015, 20.140222391538643 ], [ -100.422352520574179, 20.146294881311302 ], [ -100.425415049702707, 20.148630315305009 ], [ -100.423694064738328, 20.153186911184555 ], [ -100.429283578728786, 20.156704146532235 ], [ -100.428958287749879, 20.167532555854685 ], [ -100.432829145759626, 20.175812850349661 ], [ -100.437772984459983, 20.17900341711476 ], [ -100.434504323221987, 20.180347219941154 ], [ -100.437236876020307, 20.185287815862061 ], [ -100.434880214015692, 20.19092305416763 ], [ -100.432187802045377, 20.191106032300738 ], [ -100.439334721170781, 20.198827401620175 ], [ -100.441856086600012, 20.206620456637449 ], [ -100.433006206354236, 20.213290282013787 ], [ -100.43525160754028, 20.215796106089293 ], [ -100.433916566872327, 20.217333789284964 ], [ -100.425069764225981, 20.217019905629471 ], [ -100.411118605911867, 20.245911659593869 ], [ -100.40568755275126, 20.263311487373446 ], [ -100.394752452935492, 20.267155375026583 ], [ -100.397845067581969, 20.278152026317198 ], [ -100.402194016634411, 20.281571835596569 ], [ -100.393262433718604, 20.288553747637913 ], [ -100.383281166362536, 20.282917814171011 ], [ -100.388736046132593, 20.298541385508504 ], [ -100.393384493106865, 20.303408680620691 ], [ -100.392927008425474, 20.30601713812953 ], [ -100.3898245778785, 20.306565445023569 ] ] ] } },
{ "type": "Feature", "properties": { "cve_edo": "11", "cve_mpo_ine": "011", "cve_edo_mpo_ine": "11011", "nom_mpo": "CORTAZAR", "nom_edo": "Guanajuato", "alianza_ganadora": "Va por México", "margen_pp": 16.715039942504905, "por_participacion": 47.195188770318573 }, "geometry": { "type": "Polygon", "coordinates": [ [ [ -100.892149180164168, 20.515077138740221 ], [ -100.892102793055699, 20.505568501361125 ], [ -100.907949634905279, 20.506328928662732 ], [ -100.907458010621056, 20.501866025656224 ], [ -100.899829616858824, 20.5017741175845 ], [ -100.887991588263475, 20.497072330317408 ], [ -100.879340106082992, 20.49618718241609 ], [ -100.879715833102154, 20.493407621439488 ], [ -100.865469695982767, 20.49163934637016 ], [ -100.86302076721222, 20.488563679498924 ], [ -100.855113460910601, 20.487837292656032 ], [ -100.846267339029026, 20.483677364540874 ], [ -100.847930230330803, 20.466427660778542 ], [ -100.843085617806949, 20.464375239867962 ], [ -100.842122084910372, 20.470551506207578 ], [ -100.836493788486294, 20.468827309724489 ], [ -100.834736687495095, 20.459342347255678 ], [ -100.837179993028627, 20.452685686037938 ], [ -100.834676272504055, 20.44513721542825 ], [ -100.834399658631241, 20.432425713409661 ], [ -100.826687681482113, 20.431194818046297 ], [ -100.838117839981408, 20.405624919795347 ], [ -100.826340692555149, 20.39860400400817 ], [ -100.825124890223151, 20.395305487059552 ], [ -100.814237903168305, 20.398419996929082 ], [ -100.814204933745643, 20.386243756514908 ], [ -100.801874532302421, 20.381795597688907 ], [ -100.807504680478985, 20.37634335275834 ], [ -100.806998224103182, 20.37336742687587 ], [ -100.797832885155657, 20.36830077480224 ], [ -100.797100917676204, 20.37087746717582 ], [ -100.783682512181088, 20.363748832212043 ], [ -100.784101148459911, 20.360424729030878 ], [ -100.792954971220198, 20.365499852103621 ], [ -100.794154731999924, 20.363164286276252 ], [ -100.816002119372598, 20.376122723969896 ], [ -100.820927172827311, 20.376394451108407 ], [ -100.82360092301019, 20.374786841858803 ], [ -100.828315000447077, 20.345963935527031 ], [ -100.84729522695261, 20.346062954597905 ], [ -100.859753846340737, 20.349059238876812 ], [ -100.862358058660945, 20.346705880604961 ], [ -100.863387838373114, 20.349221451912079 ], [ -100.866203280652215, 20.345166047440557 ], [ -100.865415291273138, 20.347538372444134 ], [ -100.867102516609322, 20.346688460331666 ], [ -100.873254729670208, 20.351129762799186 ], [ -100.882275696289966, 20.346830911635738 ], [ -100.879335289391122, 20.358887545455559 ], [ -100.88031301489427, 20.374749824868754 ], [ -100.8874557725903, 20.378680748290616 ], [ -100.890848744778935, 20.378306547428792 ], [ -100.89147142160833, 20.38312735544368 ], [ -100.897871305482425, 20.352147662340442 ], [ -100.895030032975427, 20.341448509777322 ], [ -100.936034998953403, 20.341715379529195 ], [ -100.970010486354681, 20.337836665810954 ], [ -100.979694853345705, 20.331037606996404 ], [ -100.980937722782187, 20.323726854085191 ], [ -100.987988061673605, 20.333498754440374 ], [ -100.987959726612559, 20.33561286978161 ], [ -100.981728913654464, 20.33403659531356 ], [ -100.984256404744755, 20.342872982870286 ], [ -100.982837333978082, 20.346041451260724 ], [ -100.993556558393493, 20.354231472524219 ], [ -101.002951242371566, 20.365085375041868 ], [ -101.00645418254453, 20.361531874116704 ], [ -101.014046013039064, 20.363091469746717 ], [ -101.015377726929287, 20.369714927587559 ], [ -101.011485990628032, 20.37996563254103 ], [ -101.017346164163968, 20.379691366562582 ], [ -101.012464936470096, 20.387126039189166 ], [ -101.012481983937533, 20.404503445541653 ], [ -101.018575453849152, 20.40509853354375 ], [ -101.020146026459571, 20.397593116578786 ], [ -101.025224494776452, 20.406661789845241 ], [ -101.035236031644175, 20.410584125072472 ], [ -101.035991940921747, 20.412881390577923 ], [ -101.033072454391743, 20.412132304811088 ], [ -101.028908123663072, 20.415388785718971 ], [ -101.032881759335893, 20.427835487745515 ], [ -101.035400304039015, 20.429823991062701 ], [ -101.033231227867986, 20.430191700723224 ], [ -101.033228205461214, 20.433415051750522 ], [ -101.042951715307069, 20.441078816658926 ], [ -101.04413237148448, 20.457337328779612 ], [ -101.052194150170408, 20.461813319992764 ], [ -101.044496437706243, 20.465186909220009 ], [ -101.044622352972411, 20.468614154879575 ], [ -101.036266977650655, 20.467457871758853 ], [ -101.035242108304232, 20.47474390507157 ], [ -101.044443597656368, 20.479059027340639 ], [ -101.039292180419778, 20.50674076340637 ], [ -101.036680102237412, 20.502349035209104 ], [ -101.025724071870442, 20.502464256231349 ], [ -101.024729756328682, 20.509474085283919 ], [ -101.017882334019617, 20.508743709740511 ], [ -101.013349863753547, 20.505662118093063 ], [ -100.996708237158956, 20.507828085676092 ], [ -100.992142176227475, 20.504282735504663 ], [ -100.977380101489516, 20.502556683495339 ], [ -100.977360807797979, 20.506153117571337 ], [ -100.962737948889909, 20.506367913899116 ], [ -100.963036382713099, 20.510397236855191 ], [ -100.958892731132195, 20.512220421517434 ], [ -100.892149180164168, 20.515077138740221 ] ] ] } },
{ "type": "Feature", "properties": { "cve_edo": "11", "cve_mpo_ine": "012", "cve_edo_mpo_ine": "11012", "nom_mpo": "CUERAMARO", "nom_edo": "Guanajuato", "alianza_ganadora": "Va por México", "margen_pp": 41.94116167965803, "por_participacion": 49.857918930213117 }, "geometry": { "type": "Polygon", "coordinates": [ [ [ -101.708205337864285, 20.704303849584594 ], [ -101.708556428103023, 20.701905612218095 ], [ -101.705270862176718, 20.699595523509906 ], [ -101.701693329435756, 20.701213087429359 ], [ -101.690312543021008, 20.695731221518564 ], [ -101.678872793456677, 20.683137989327239 ], [ -101.670837572268866, 20.683024450674846 ], [ -101.671951793307429, 20.68149340544494 ], [ -101.663421083448412, 20.680742698870226 ], [ -101.655763016590271, 20.67626607277704 ], [ -101.63609800259151, 20.687820141280682 ], [ -101.623363396238844, 20.678310918685227 ], [ -101.623509460390522, 20.672712074730988 ], [ -101.620327672981915, 20.670614477933093 ], [ -101.618645254106141, 20.663408265700291 ], [ -101.621335223171087, 20.661403323944938 ], [ -101.617960158609108, 20.656030783321857 ], [ -101.612977354508047, 20.657425945472927 ], [ -101.610381784620714, 20.655076171584458 ], [ -101.608695663302555, 20.658195225127916 ], [ -101.601743728288341, 20.653546271845133 ], [ -101.598755964174657, 20.654764601818144 ], [ -101.587997680793862, 20.640431496755312 ], [ -101.580000821948289, 20.63781888699334 ], [ -101.580677119113389, 20.632258639785928 ], [ -101.586241871485939, 20.62994914658351 ], [ -101.587673253475472, 20.634378826267746 ], [ -101.590349423393477, 20.629679015595055 ], [ -101.58915069198089, 20.624833469474595 ], [ -101.578088137928518, 20.619375244810819 ], [ -101.577523649582091, 20.612162607539251 ], [ -101.581890744460907, 20.605256441044119 ], [ -101.58046469551806, 20.601780405076244 ], [ -101.58369423468173, 20.590484392868383 ], [ -101.579255217618382, 20.58295985356585 ], [ -101.586870790448316, 20.580391213625841 ], [ -101.58750408873459, 20.577982781655304 ], [ -101.592555843351775, 20.579034856886352 ], [ -101.595264796722304, 20.569441633517208 ], [ -101.593998869983579, 20.562813270650516 ], [ -101.586933607449467, 20.557956434782849 ], [ -101.588325786803139, 20.554797672990027 ], [ -101.590501142359344, 20.555698780817433 ], [ -101.589309126880579, 20.552014225298848 ], [ -101.590939026202591, 20.549476255235856 ], [ -101.589102167404448, 20.545877949353017 ], [ -101.586939264611587, 20.547423390957064 ], [ -101.585109594566518, 20.545234927007421 ], [ -101.587023037611672, 20.540746517451808 ], [ -101.586168679904674, 20.534157378862314 ], [ -101.595656990026001, 20.531205794779975 ], [ -101.597352210048484, 20.530035911000041 ], [ -101.595877955185472, 20.52850920596482 ], [ -101.603031921353207, 20.528015938460545 ], [ -101.606054657892869, 20.522650776518322 ], [ -101.629637401536769, 20.528188461396031 ], [ -101.629971403705696, 20.538956205424448 ], [ -101.632578156942955, 20.545699679196545 ], [ -101.652201478946594, 20.553261415987471 ], [ -101.663678494798106, 20.547924381328702 ], [ -101.667433864122344, 20.540938571731175 ], [ -101.67575456581848, 20.535512987001788 ], [ -101.690989169765075, 20.536486140053782 ], [ -101.694270023470324, 20.533133252601672 ], [ -101.697258682186103, 20.536064506713764 ], [ -101.711377286198029, 20.525627377719864 ], [ -101.715074107820399, 20.547325782972404 ], [ -101.735993274042187, 20.54745973496496 ], [ -101.739160139251936, 20.553614341786925 ], [ -101.70112990649838, 20.558383253390559 ], [ -101.702772927993706, 20.56892282722222 ], [ -101.697853225833796, 20.586416643844341 ], [ -101.703539892480848, 20.591658991655933 ], [ -101.709288729949293, 20.608228218406538 ], [ -101.736664571375485, 20.608517034600382 ], [ -101.744987814147066, 20.607056565930577 ], [ -101.746745029789309, 20.604490625709904 ], [ -101.748857351993294, 20.608331617269322 ], [ -101.753134430966767, 20.604603882173379 ], [ -101.766616251197078, 20.604332370355873 ], [ -101.785366902150457, 20.595741024770696 ], [ -101.807639004468683, 20.595077593618466 ], [ -101.808812571934965, 20.596522030251858 ], [ -101.804890664727836, 20.602193112971513 ], [ -101.788598766238906, 20.605986677038938 ], [ -101.786154330639306, 20.627983026098683 ], [ -101.775368993243703, 20.630359570991335 ], [ -101.777777067480443, 20.636183751794423 ], [ -101.774908324680524, 20.641687046656369 ], [ -101.764644269402041, 20.636331806775225 ], [ -101.762123775454313, 20.637204413357544 ], [ -101.755975805550662, 20.650402246008753 ], [ -101.756918868550471, 20.658130892236979 ], [ -101.753816285146385, 20.666569404288094 ], [ -101.745962124073756, 20.67319718724448 ], [ -101.740154503067586, 20.669817232182758 ], [ -101.734938886438272, 20.677018889390379 ], [ -101.735532206686685, 20.690246399093265 ], [ -101.723511154626308, 20.695888116734043 ], [ -101.719115659724025, 20.704286987488775 ], [ -101.708205337864285, 20.704303849584594 ] ] ] } },
{ "type": "Feature", "properties": { "cve_edo": "11", "cve_mpo_ine": "013", "cve_edo_mpo_ine": "11013", "nom_mpo": "DOCTOR MORA", "nom_edo": "Guanajuato", "alianza_ganadora": "Juntos Haremos Historia", "margen_pp": 1.1701741654571842, "por_participacion": 57.374830852503379 }, "geometry": { "type": "Polygon", "coordinates": [ [ [ -100.444346530966357, 21.191786265069613 ], [ -100.435136315228277, 21.191316214695188 ], [ -100.429883158476713, 21.19342894986762 ], [ -100.427788208595601, 21.197426831977694 ], [ -100.418330082691128, 21.184656241715007 ], [ -100.408835564824528, 21.179216276476879 ], [ -100.407354238616392, 21.17310177495002 ], [ -100.391633764381695, 21.191152212328049 ], [ -100.355663995786799, 21.191001143656376 ], [ -100.354769487312694, 21.195559561289542 ], [ -100.358712904898653, 21.197374351944124 ], [ -100.357394471330124, 21.203972835462615 ], [ -100.360604797986312, 21.206465562745354 ], [ -100.355977609951367, 21.209237897139072 ], [ -100.35371997715221, 21.207688916134458 ], [ -100.34941533212681, 21.213148120288821 ], [ -100.337385446160681, 21.218514209874368 ], [ -100.329960923477316, 21.219494419920409 ], [ -100.327656819177037, 21.217859149493478 ], [ -100.328788419514922, 21.214496641544319 ], [ -100.325774139587708, 21.209819228886253 ], [ -100.31509154303744, 21.204860793004396 ], [ -100.314323092167129, 21.200528600740963 ], [ -100.30881031455425, 21.198402552837972 ], [ -100.301552447407701, 21.189516147590655 ], [ -100.284851554290725, 21.195214456106047 ], [ -100.27954404426589, 21.179602792157411 ], [ -100.286514665616266, 21.172161835498315 ], [ -100.273672500661405, 21.159907504646434 ], [ -100.269612137154851, 21.151809326243903 ], [ -100.254002908574847, 21.140937916890611 ], [ -100.248341780693323, 21.129980301271384 ], [ -100.251634092042551, 21.12269449211335 ], [ -100.251430224499302, 21.114095814619418 ], [ -100.247048155737801, 21.105600378236531 ], [ -100.251943476504167, 21.102633041074029 ], [ -100.259706321212946, 21.102145552400774 ], [ -100.260362258827925, 21.099158282174084 ], [ -100.262745876696471, 21.100859681050206 ], [ -100.263462703745049, 21.097995556865293 ], [ -100.269032959562196, 21.100145616063042 ], [ -100.273322068738224, 21.094077767607025 ], [ -100.27869682458811, 21.096614359091461 ], [ -100.287091726646622, 21.096327616588457 ], [ -100.290813443378482, 21.0913354604529 ], [ -100.295984782321781, 21.093312180855264 ], [ -100.2995621513938, 21.089812489692616 ], [ -100.301608981209654, 21.080504281190088 ], [ -100.307780695199881, 21.082227762671145 ], [ -100.309252074231125, 21.077440897030915 ], [ -100.315116773974523, 21.078894790589722 ], [ -100.317543498921808, 21.076698627614146 ], [ -100.328365447290238, 21.081014104357319 ], [ -100.325906000487265, 21.09235823314949 ], [ -100.344647496207486, 21.092550874273378 ], [ -100.348308296554734, 21.088550745550542 ], [ -100.362248997237046, 21.094458359829726 ], [ -100.388309906158327, 21.097492520151764 ], [ -100.386691359297487, 21.104995084918443 ], [ -100.406591310284028, 21.109432463238491 ], [ -100.40893929361485, 21.108788817848154 ], [ -100.410543775935551, 21.100210792101816 ], [ -100.450001646605443, 21.105151570128228 ], [ -100.452366798474728, 21.11546822133467 ], [ -100.45871692156112, 21.114617790228127 ], [ -100.485731319889837, 21.178796863292035 ], [ -100.444346530966357, 21.191786265069613 ] ] ] } },
{ "type": "Feature", "properties": { "cve_edo": "11", "cve_mpo_ine": "014", "cve_edo_mpo_ine": "11014", "nom_mpo": "DOLORES HIDALGO CUNA DE LA INDEPENDENCIA NACIONAL", "nom_edo": "Guanajuato", "alianza_ganadora": "Va por México", "margen_pp": 37.336280740536061, "por_participacion": 45.876715570279224 }, "geometry": { "type": "Polygon", "coordinates": [ [ [ -100.89353395169779, 21.323281870042528 ], [ -100.894560959672319, 21.329575464791088 ], [ -100.872112771244801, 21.32763524090878 ], [ -100.869759348490064, 21.345278392583097 ], [ -100.857957812333268, 21.334284977909086 ], [ -100.853363083429741, 21.340869750641321 ], [ -100.850760252716555, 21.340319480304917 ], [ -100.85066365588996, 21.336681332920666 ], [ -100.840790699144691, 21.335135593767586 ], [ -100.837949575001048, 21.32859126133015 ], [ -100.831198865788849, 21.324777496141319 ], [ -100.831055719039497, 21.319856173879206 ], [ -100.836827637668875, 21.320801851959114 ], [ -100.842662327437949, 21.316215903679268 ], [ -100.844967072255358, 21.310773141849069 ], [ -100.834655903010812, 21.312374719458084 ], [ -100.81779446833346, 21.325750165421443 ], [ -100.812950637168896, 21.319475103091133 ], [ -100.807457945362259, 21.319079329635656 ], [ -100.803697813496484, 21.326687773806807 ], [ -100.797022487438952, 21.326097581798706 ], [ -100.796226277626772, 21.317255977128482 ], [ -100.769142736033388, 21.335987935778562 ], [ -100.761613401760755, 21.332593120616725 ], [ -100.763003610445097, 21.323811027734422 ], [ -100.758812400138595, 21.317651484684195 ], [ -100.755015908546468, 21.31673501644817 ], [ -100.749178330188059, 21.318915347184678 ], [ -100.743322751495853, 21.314876474676339 ], [ -100.738767670398687, 21.301399997903179 ], [ -100.730200898850882, 21.302094057822966 ], [ -100.72488351806048, 21.294024786178799 ], [ -100.726584630725299, 21.293307829237886 ], [ -100.72483070234378, 21.2883969420425 ], [ -100.71518957409512, 21.277547179642553 ], [ -100.67426627621002, 21.245167993208227 ], [ -100.669942421801807, 21.242262292289531 ], [ -100.661700601008292, 21.244172416196108 ], [ -100.652424262981228, 21.243340861703693 ], [ -100.649286343399311, 21.242385864985124 ], [ -100.64987508653536, 21.237660230731422 ], [ -100.636657804391533, 21.237117552553293 ], [ -100.632555826096507, 21.234518325254946 ], [ -100.631776454707449, 21.228815923957033 ], [ -100.634472711853192, 21.222823082369956 ], [ -100.64535649792218, 21.225463948361885 ], [ -100.648177096097385, 21.215371795824215 ], [ -100.658339301344057, 21.216944507774471 ], [ -100.659143495764155, 21.210643394248823 ], [ -100.662845288536687, 21.205669612112715 ], [ -100.672949459125732, 21.204564682343751 ], [ -100.67165131353714, 21.199340594866538 ], [ -100.68142203615443, 21.199683739845696 ], [ -100.692735455927149, 21.195559096916757 ], [ -100.693298445855021, 21.192945674805159 ], [ -100.692542231967067, 21.187729590821935 ], [ -100.685526231716722, 21.179897459271423 ], [ -100.684632901369298, 21.172610487519311 ], [ -100.686586004765658, 21.173883812319016 ], [ -100.685908460588024, 21.1706973900198 ], [ -100.688130118863356, 21.169317529403603 ], [ -100.682178164516415, 21.161934885227858 ], [ -100.683055439489863, 21.152188590755156 ], [ -100.674314740130313, 21.151372402940371 ], [ -100.672765262688088, 21.13062344076134 ], [ -100.667053792972425, 21.132898782217474 ], [ -100.664155386270096, 21.127429466745198 ], [ -100.655866990402984, 21.124426624498145 ], [ -100.652417307727731, 21.107954757573129 ], [ -100.688976911732041, 21.104324714649103 ], [ -100.701115488743142, 21.105421339503526 ], [ -100.706153486748192, 21.103269531385731 ], [ -100.711583645575544, 21.094208398930778 ], [ -100.721499892315819, 21.101773509834761 ], [ -100.752650835514132, 21.092735989180031 ], [ -100.781811808677944, 21.0899548172622 ], [ -100.78339986252098, 21.08489574769629 ], [ -100.791863546593973, 21.078989165583224 ], [ -100.797826974738143, 21.070747830349873 ], [ -100.800273535721246, 21.073581420141668 ], [ -100.805125716023525, 21.068550064462293 ], [ -100.81524194790741, 21.06550329493227 ], [ -100.81228088092557, 21.068838404678374 ], [ -100.814366736008807, 21.071010934726303 ], [ -100.825239535500359, 21.069836072456877 ], [ -100.831577320101701, 21.073209688078364 ], [ -100.833015174864784, 21.070467268438446 ], [ -100.847310092207266, 21.070044959818176 ], [ -100.851867659935721, 21.067397298998543 ], [ -100.85311279817563, 21.063374688617703 ], [ -100.851289080964506, 21.049043290289617 ], [ -100.848275479477593, 21.043199719236625 ], [ -100.852752598480734, 21.038857476937267 ], [ -100.850648961106643, 21.035238328829422 ], [ -100.846417946121164, 21.035649949252285 ], [ -100.843297036837441, 21.025796269102948 ], [ -100.845902840757958, 21.017584670635134 ], [ -100.845649306821102, 21.006463783255303 ], [ -100.860560780982993, 21.008846825442337 ], [ -100.868564433825853, 21.018654137098626 ], [ -100.885897822736965, 21.026428764369996 ], [ -100.888292996302667, 21.02508270198016 ], [ -100.883908734702828, 21.008460641442529 ], [ -100.898681791631617, 21.0091462773659 ], [ -100.903252719314025, 21.007779101431208 ], [ -100.901791199857499, 21.003823642190099 ], [ -100.909693582150396, 21.00544269327931 ], [ -100.910570343305736, 20.991960640032467 ], [ -100.901996139137424, 20.986299610687812 ], [ -100.903448169098539, 20.982139704488517 ], [ -100.905044049471343, 20.982570363263275 ], [ -100.904250463305033, 20.979417243258339 ], [ -100.915491414418554, 20.984602663668014 ], [ -100.928501250146425, 20.994704333407814 ], [ -100.93298580192662, 20.982925437304555 ], [ -100.932509062283117, 20.973168106076304 ], [ -100.935253464339965, 20.968987944286514 ], [ -100.929766872605882, 20.961749431969945 ], [ -100.930587554420555, 20.958468015340227 ], [ -100.94057168509471, 20.960961169939946 ], [ -100.962544828996627, 20.950646673858785 ], [ -100.971143004353308, 20.938967980917226 ], [ -100.96955688318414, 20.935931114586239 ], [ -100.97159358200058, 20.934823354404056 ], [ -100.968223200719663, 20.930697363408878 ], [ -100.974191302028757, 20.932299982784468 ], [ -100.973775134705207, 20.928955118468082 ], [ -100.976744968239416, 20.927460248052231 ], [ -100.974426257758424, 20.926089971958366 ], [ -100.977101184928429, 20.918352049270997 ], [ -100.982178490541614, 20.916410157586853 ], [ -100.984731643032873, 20.920838405275028 ], [ -100.990517643473453, 20.922153716622852 ], [ -101.014273257852267, 20.898400764918733 ], [ -101.025217390249836, 20.890994166954538 ], [ -101.05099604611992, 20.883071203794078 ], [ -101.099604023946952, 20.860777571719471 ], [ -101.103968881783842, 20.865000790882327 ], [ -101.111274349706861, 20.864611359247199 ], [ -101.113628699271032, 20.868404137299279 ], [ -101.111045064885005, 20.873219735219951 ], [ -101.107195171849341, 20.872024512275129 ], [ -101.104225184297178, 20.874600368860879 ], [ -101.100254996324026, 20.873240320634864 ], [ -101.101951832104689, 20.884608120217877 ], [ -101.104611308943191, 20.889103619507154 ], [ -101.108699274375837, 20.890420371154875 ], [ -101.105620067184645, 20.89362131627146 ], [ -101.104493515117341, 20.901368777633312 ], [ -101.100010838412004, 20.905419974587861 ], [ -101.093940409113614, 20.90570936133517 ], [ -101.092563451951207, 20.90838840797835 ], [ -101.093427814512978, 20.911078971263144 ], [ -101.098947991722994, 20.909425127535116 ], [ -101.099512454365168, 20.913490580452798 ], [ -101.094192805672364, 20.915059578751553 ], [ -101.09733895979501, 20.936925482319246 ], [ -101.110539002298111, 20.935999184882959 ], [ -101.117639195388577, 20.945589049550563 ], [ -101.101838440955504, 20.946218456491764 ], [ -101.10614952243975, 20.954682385558574 ], [ -101.073447706502222, 20.961689308441031 ], [ -101.059524653690488, 20.978378257291105 ], [ -101.068462507345245, 20.996883785461677 ], [ -101.072363874174599, 21.000433153904996 ], [ -101.082112639092145, 21.002375195508289 ], [ -101.10448609311338, 21.015930544008061 ], [ -101.109198788454805, 21.012825545031294 ], [ -101.113968037099497, 21.016720877645231 ], [ -101.123333119070253, 21.013865469699113 ], [ -101.127162128197156, 21.0098070570617 ], [ -101.133581060833109, 21.011755360705408 ], [ -101.137762784905618, 21.009602227503901 ], [ -101.13952884560014, 21.014780300338145 ], [ -101.136171053997131, 21.020123146072255 ], [ -101.138820897156123, 21.023768760556759 ], [ -101.144886993154117, 21.02762191571599 ], [ -101.149716765271705, 21.026504096782396 ], [ -101.153427265764279, 21.029321114819311 ], [ -101.148715094780414, 21.032841518463712 ], [ -101.143353520987048, 21.050279454570898 ], [ -101.137108744309316, 21.054462155891166 ], [ -101.125503949707237, 21.052140232375699 ], [ -101.120731972696362, 21.053505994497204 ], [ -101.115781661722139, 21.060546448361709 ], [ -101.115191541741424, 21.064274295502042 ], [ -101.119492825097254, 21.061997244406463 ], [ -101.115484987971044, 21.068582306215443 ], [ -101.11772301908843, 21.071772439540467 ], [ -101.124086729590545, 21.068501667141074 ], [ -101.126621050332602, 21.06344873565773 ], [ -101.129388980276161, 21.069455516248158 ], [ -101.137820416321858, 21.066857906435107 ], [ -101.135830687686365, 21.073204431680914 ], [ -101.140043087690572, 21.077054070894153 ], [ -101.135455947077745, 21.0806405204081 ], [ -101.126618011975765, 21.080017570872357 ], [ -101.125674500113945, 21.084325265203038 ], [ -101.129363794442426, 21.087281760452093 ], [ -101.128914423321262, 21.089255137445107 ], [ -101.125909191146235, 21.089917289869117 ], [ -101.124317515071482, 21.093810624023103 ], [ -101.118542461329469, 21.095259058304716 ], [ -101.12184132160381, 21.100396184544149 ], [ -101.117363067631331, 21.099028180470167 ], [ -101.121428542008317, 21.101804441330867 ], [ -101.124491534815434, 21.109261068933602 ], [ -101.122075226258715, 21.109799041439885 ], [ -101.11977502422809, 21.118952795465191 ], [ -101.117359101184377, 21.116881122865227 ], [ -101.114235225314232, 21.118205843468697 ], [ -101.116708927440712, 21.125538181748233 ], [ -101.107218690271978, 21.129532867660824 ], [ -101.108573233764801, 21.133613353967704 ], [ -101.106332547710522, 21.136802214076173 ], [ -101.11016292430196, 21.140531304530349 ], [ -101.107744670622054, 21.146288314941348 ], [ -101.118058763820713, 21.154740998703829 ], [ -101.12672403152547, 21.157600760827822 ], [ -101.144232407721333, 21.153087819370477 ], [ -101.147415651487577, 21.155904635681711 ], [ -101.146000877812611, 21.161330750272668 ], [ -101.140046530090814, 21.167750664849144 ], [ -101.140282217074926, 21.172389871350148 ], [ -101.14470394516141, 21.175289634192335 ], [ -101.143465833540731, 21.182206910909414 ], [ -101.155434625342082, 21.181420108695999 ], [ -101.152958536428031, 21.184568129780963 ], [ -101.152074652761584, 21.192893744522777 ], [ -101.160093693498496, 21.192479303455173 ], [ -101.164162860697118, 21.197076731144335 ], [ -101.162807367806408, 21.202047311325508 ], [ -101.155200723423391, 21.20370453717538 ], [ -101.157147132782143, 21.207929384494982 ], [ -101.151368461896666, 21.213189990905299 ], [ -101.163929657811806, 21.214307717129696 ], [ -101.172538913287696, 21.211283054162489 ], [ -101.182270757794726, 21.217328774834051 ], [ -101.187341690382709, 21.215091012988541 ], [ -101.189819597970271, 21.218362605776033 ], [ -101.185813304325592, 21.230665270679413 ], [ -101.169950010856738, 21.239242134232228 ], [ -101.166412422209305, 21.246035525699501 ], [ -101.161339812760843, 21.246533108508565 ], [ -101.156561488613619, 21.242474257942636 ], [ -101.150899027128744, 21.242184559763647 ], [ -101.140282091501206, 21.249764546161174 ], [ -101.132495882578283, 21.246450424917523 ], [ -101.122054963041975, 21.250094346796573 ], [ -101.119695569326694, 21.24905846375454 ], [ -101.116258296625602, 21.255460843295392 ], [ -101.110609699536482, 21.255623499004482 ], [ -101.109371043760916, 21.260872788551382 ], [ -101.105839024344448, 21.263475279625691 ], [ -101.105362260649656, 21.2735201388627 ], [ -101.10005844229714, 21.285712022339915 ], [ -101.103701351776024, 21.295511013227291 ], [ -101.101812253894721, 21.305017734253493 ], [ -101.10428142649161, 21.309979524036645 ], [ -101.101865307963024, 21.314732139886651 ], [ -101.09368073976789, 21.31882020140397 ], [ -101.08897219545041, 21.317908066645227 ], [ -101.084319741101012, 21.320964291399637 ], [ -101.079141377766035, 21.318522077382944 ], [ -101.078147831009787, 21.309054959881276 ], [ -101.084096360321851, 21.304098177224169 ], [ -101.084100996526928, 21.297690754100454 ], [ -101.087164208547151, 21.293889536228164 ], [ -101.08592997639893, 21.291491159501724 ], [ -101.081456618315272, 21.292108399845688 ], [ -101.081636423745493, 21.287767990348016 ], [ -101.070396694417767, 21.286396157351497 ], [ -101.062790760742217, 21.287896605073204 ], [ -101.062510980973215, 21.285811586491562 ], [ -101.059568846949603, 21.285271911279327 ], [ -101.053326618466073, 21.289400823076861 ], [ -101.049671820134222, 21.295474645219933 ], [ -101.052115201787998, 21.30471625619316 ], [ -101.048110503886832, 21.30759568448941 ], [ -101.04873987908951, 21.315754842961105 ], [ -101.047045855521091, 21.319857713883902 ], [ -101.042922574468463, 21.322185607884297 ], [ -101.042662087381686, 21.326178267769851 ], [ -101.03628076725164, 21.325292981136531 ], [ -101.030801816114632, 21.321714381349498 ], [ -101.028296166346479, 21.327488458253786 ], [ -101.02222452447576, 21.332017884578192 ], [ -101.019737563334999, 21.331871415454966 ], [ -101.021916022223294, 21.329601869289327 ], [ -101.009641343062498, 21.32935001048444 ], [ -101.014376418806137, 21.337018267450045 ], [ -101.006258798759163, 21.34259113604152 ], [ -101.01322071243699, 21.34639821632874 ], [ -101.00517792077882, 21.354158256399646 ], [ -100.997088185007726, 21.349733437803035 ], [ -100.991777719814692, 21.342179688842609 ], [ -100.988200636390346, 21.342686365942164 ], [ -100.98446077794506, 21.337776450610694 ], [ -100.958695782210711, 21.335194255100546 ], [ -100.959103838630639, 21.317684014918861 ], [ -100.952659702191809, 21.315477444052718 ], [ -100.951826912750931, 21.312834705040522 ], [ -100.939716971596908, 21.319301013921912 ], [ -100.931436107501384, 21.31757680173007 ], [ -100.926616753434175, 21.319410291047067 ], [ -100.93059319390828, 21.321473697250692 ], [ -100.924767852911017, 21.323070571422132 ], [ -100.928766566917361, 21.332618715272226 ], [ -100.926141427797958, 21.335460854716324 ], [ -100.928385328981435, 21.335559176789939 ], [ -100.926340587805328, 21.342943526157672 ], [ -100.92395794527225, 21.340944517983228 ], [ -100.908660380502837, 21.339933152213032 ], [ -100.908453810567579, 21.342298265481777 ], [ -100.903369995619499, 21.341827267589164 ], [ -100.899789615864748, 21.324057019477642 ], [ -100.89353395169779, 21.323281870042528 ] ] ] } },
{ "type": "Feature", "properties": { "cve_edo": "11", "cve_mpo_ine": "015", "cve_edo_mpo_ine": "11015", "nom_mpo": "GUANAJUATO", "nom_edo": "Guanajuato", "alianza_ganadora": "Va por México", "margen_pp": 44.799042748491999, "por_participacion": 41.92816791060163 }, "geometry": { "type": "Polygon", "coordinates": [ [ [ -101.213884854683002, 21.227301592696097 ], [ -101.203553920505627, 21.203530474064099 ], [ -101.195889974104119, 21.208171747050084 ], [ -101.189288317900221, 21.216788776874004 ], [ -101.18657499403129, 21.214884085270612 ], [ -101.182270757961774, 21.217328774700476 ], [ -101.173305540863851, 21.211324367414598 ], [ -101.163929657969121, 21.214307716995823 ], [ -101.151368462047628, 21.213189990771387 ], [ -101.157147132935918, 21.207929384360259 ], [ -101.155200723576172, 21.203704537040057 ], [ -101.16280736796304, 21.202047311189826 ], [ -101.16416286085439, 21.197076731007922 ], [ -101.16009369365365, 21.19247930331807 ], [ -101.152074652912702, 21.192893744385842 ], [ -101.152958536579476, 21.18456812964277 ], [ -101.155434625494735, 21.181420108557234 ], [ -101.1434658336875, 21.182206910770976 ], [ -101.144703945308706, 21.175289634052834 ], [ -101.140282217220062, 21.172389871210274 ], [ -101.140046530235793, 21.167750664708596 ], [ -101.146000877960418, 21.161330750131057 ], [ -101.147415651635995, 21.15590463553934 ], [ -101.144232407868188, 21.153087819227743 ], [ -101.126724031664097, 21.157600760685831 ], [ -101.118058763955347, 21.154740998561525 ], [ -101.107744670752041, 21.146288314797836 ], [ -101.110162924432942, 21.140531304386052 ], [ -101.106332547839784, 21.136802213931357 ], [ -101.108573233895015, 21.133613353822348 ], [ -101.107218690401552, 21.129532867514808 ], [ -101.11670892757445, 21.125538181601609 ], [ -101.114235225446834, 21.118205843320858 ], [ -101.117359101318371, 21.116881122717285 ], [ -101.119775024363179, 21.118952795317565 ], [ -101.12207522639477, 21.109799041290803 ], [ -101.124491534952554, 21.109261068784502 ], [ -101.121428542144002, 21.101804441180597 ], [ -101.117363067765154, 21.099028180319575 ], [ -101.12184132173968, 21.100396184393659 ], [ -101.118542461463804, 21.095259058153481 ], [ -101.124317515208418, 21.093810623871661 ], [ -101.125909191283867, 21.0899172897171 ], [ -101.128914423460287, 21.089255137293065 ], [ -101.129363794581622, 21.087281760299629 ], [ -101.125674500251407, 21.084325265050083 ], [ -101.126618012113639, 21.080017570718784 ], [ -101.135455947219739, 21.080640520254597 ], [ -101.140043087834712, 21.077054070740015 ], [ -101.135830687828459, 21.073204431526324 ], [ -101.137820416464834, 21.066857906279505 ], [ -101.1293889804152, 21.06945551609309 ], [ -101.126621050470305, 21.063448735501741 ], [ -101.124086729727154, 21.068501666985956 ], [ -101.117723019222197, 21.071772439385789 ], [ -101.115484988103773, 21.068582306060271 ], [ -101.119492825231717, 21.061997244250357 ], [ -101.115191541873997, 21.064274295346241 ], [ -101.115781661854925, 21.060546448205354 ], [ -101.120731972831308, 21.053505994339815 ], [ -101.125503949844358, 21.052140232217933 ], [ -101.137108744451865, 21.054462155733759 ], [ -101.143353521132525, 21.050279454412824 ], [ -101.148715094928335, 21.032841518302991 ], [ -101.153427265914473, 21.029321114658 ], [ -101.149716765420081, 21.026504096620741 ], [ -101.144886993300148, 21.027621915554594 ], [ -101.138820897299169, 21.02376876039478 ], [ -101.136171054138941, 21.020123145909718 ], [ -101.139528845743456, 21.014780300174852 ], [ -101.137762785048054, 21.009602227339865 ], [ -101.133581060973597, 21.011755360541695 ], [ -101.127162128334646, 21.009807056897717 ], [ -101.123333119206038, 21.013865469535844 ], [ -101.113968037231089, 21.016720877482364 ], [ -101.109198788584266, 21.012825544867958 ], [ -101.104486093240823, 21.01593054384529 ], [ -101.082112639210152, 21.002375195343703 ], [ -101.072363874288726, 21.000433153740065 ], [ -101.068462507457809, 20.996883785296166 ], [ -101.059524653799471, 20.978378257123087 ], [ -101.073447706616463, 20.961689308270405 ], [ -101.106149522567407, 20.954682385386686 ], [ -101.101838441081227, 20.94621845631864 ], [ -101.117639195521207, 20.945589049377169 ], [ -101.110539002427515, 20.935999184708312 ], [ -101.097338959918758, 20.93692548214479 ], [ -101.094192805794592, 20.915059578573899 ], [ -101.099512454489656, 20.913490580274882 ], [ -101.098947991847211, 20.909425127356609 ], [ -101.093427814634865, 20.911078971084915 ], [ -101.092563452072724, 20.908388407799649 ], [ -101.093940409235671, 20.905709361156166 ], [ -101.100010838536605, 20.905419974408677 ], [ -101.104321426584846, 20.901703667103696 ], [ -101.105620067311548, 20.893621316090496 ], [ -101.108699274504062, 20.890420370973484 ], [ -101.104611309069625, 20.889103619325514 ], [ -101.101951832229958, 20.884608120035733 ], [ -101.100254996448484, 20.873240320451011 ], [ -101.104225184423328, 20.874600368677147 ], [ -101.107195171976741, 20.872024512091016 ], [ -101.111045065014082, 20.873219735035974 ], [ -101.113628699401218, 20.868404137114627 ], [ -101.112401590169725, 20.865095000149541 ], [ -101.120928021871265, 20.863524672899832 ], [ -101.128651800010289, 20.855438183380389 ], [ -101.145931939390266, 20.851835203007518 ], [ -101.146940777981897, 20.844255505322401 ], [ -101.150636843522562, 20.843040872069444 ], [ -101.152130238427915, 20.838364464775626 ], [ -101.164754501643856, 20.844966761770529 ], [ -101.177796034349583, 20.845867138968966 ], [ -101.17579790017399, 20.842319813043364 ], [ -101.181140240106188, 20.836883130902372 ], [ -101.206482819142778, 20.832663270354615 ], [ -101.214436569030028, 20.824611674942432 ], [ -101.218332801650007, 20.825014040688178 ], [ -101.219129717542543, 20.827039701360924 ], [ -101.233107184094123, 20.823054955035818 ], [ -101.241824310507468, 20.823309388700817 ], [ -101.252904193364401, 20.830924618825165 ], [ -101.254101202700681, 20.835937293718018 ], [ -101.260085297661618, 20.830281340708645 ], [ -101.271274109875591, 20.829621616628462 ], [ -101.282164745019145, 20.836323026604767 ], [ -101.301133211286398, 20.825126178132667 ], [ -101.31815502420416, 20.831059426592756 ], [ -101.317385846725173, 20.834603940834189 ], [ -101.334874603623987, 20.836102575808557 ], [ -101.33077138484542, 20.846087160082245 ], [ -101.322256253309305, 20.848385743349983 ], [ -101.319581115709198, 20.852002222103824 ], [ -101.325674736024752, 20.855514939538555 ], [ -101.33015059675958, 20.855241051018368 ], [ -101.330997078924099, 20.849159778419853 ], [ -101.339497371461988, 20.85044193530231 ], [ -101.340997851666359, 20.838480140112665 ], [ -101.354722897632399, 20.839425019076355 ], [ -101.354667582892276, 20.844091066921621 ], [ -101.350434811732214, 20.843802525887959 ], [ -101.35304506190576, 20.845844580881081 ], [ -101.349943890961157, 20.860766431592324 ], [ -101.347248234417691, 20.861289736975635 ], [ -101.336886439272646, 20.87256044966168 ], [ -101.332151717867148, 20.872778860374162 ], [ -101.323790166374053, 20.877259833093611 ], [ -101.319292553207291, 20.883924611985368 ], [ -101.319782666841206, 20.899267528470471 ], [ -101.3224233776494, 20.902301725727536 ], [ -101.319852816618905, 20.907572235795204 ], [ -101.322010587366677, 20.909866027149821 ], [ -101.321097868981738, 20.915610440114751 ], [ -101.327690946497611, 20.918793826028431 ], [ -101.33602813388211, 20.91749044880963 ], [ -101.335908530759156, 20.922000256172417 ], [ -101.343144531527898, 20.92258987860184 ], [ -101.34359500138693, 20.917047515499451 ], [ -101.350357499365842, 20.921359443129848 ], [ -101.348253500435106, 20.9269232162967 ], [ -101.342782270098752, 20.926481648381856 ], [ -101.339960257676765, 20.945040597370266 ], [ -101.344210735929707, 20.941854473115299 ], [ -101.362030635943839, 20.947300407654783 ], [ -101.35698292297991, 20.952480422474313 ], [ -101.339686446970347, 20.951289184226038 ], [ -101.340890062450441, 21.000385978298151 ], [ -101.347219301738704, 21.001834032473752 ], [ -101.346026176511131, 21.007545514480153 ], [ -101.348002689765238, 21.010983595757949 ], [ -101.353145478109369, 21.012023785378272 ], [ -101.356988301648428, 21.01703553819782 ], [ -101.34907937980914, 21.032778907907829 ], [ -101.367195661735764, 21.04363397893238 ], [ -101.374591676888301, 21.053704895011165 ], [ -101.402660579605566, 21.071205188942319 ], [ -101.402629659557434, 21.074275670293243 ], [ -101.399795865628761, 21.075961316329746 ], [ -101.402263713838948, 21.077976415023898 ], [ -101.401962139001327, 21.083957181376242 ], [ -101.398218573533825, 21.084668996195536 ], [ -101.404351861696298, 21.093606958867365 ], [ -101.398693191554912, 21.095235810926191 ], [ -101.398960784701003, 21.09846508090936 ], [ -101.403311834742851, 21.099641229406782 ], [ -101.406467463181642, 21.103666618193028 ], [ -101.41236127891672, 21.098821484722205 ], [ -101.418976337023551, 21.097072382187847 ], [ -101.435996492764758, 21.098705042189035 ], [ -101.437130527696056, 21.105750777237208 ], [ -101.432969662155699, 21.107849926504503 ], [ -101.432948209060768, 21.11478064880518 ], [ -101.43907068924922, 21.123219562763115 ], [ -101.433941016748093, 21.128985071519754 ], [ -101.430537474472317, 21.129274636954182 ], [ -101.427864480651081, 21.134565874915687 ], [ -101.42126266629964, 21.132028591499278 ], [ -101.411798203838487, 21.132256178292764 ], [ -101.39687426185337, 21.12664043515927 ], [ -101.39199206134883, 21.129414090126293 ], [ -101.393624411782781, 21.135447475312084 ], [ -101.390603758109691, 21.137907802434714 ], [ -101.391008819692061, 21.141839004804996 ], [ -101.385664711390774, 21.142174060321594 ], [ -101.378721320674089, 21.137942426519512 ], [ -101.367773516434639, 21.141936417863676 ], [ -101.35790000057321, 21.148600708100748 ], [ -101.348830518374783, 21.148276188864518 ], [ -101.345042621778219, 21.151684449703051 ], [ -101.32967137357727, 21.150678607220691 ], [ -101.328023301982, 21.152544055411187 ], [ -101.331096216290035, 21.158919055175563 ], [ -101.327383688970045, 21.159709813672041 ], [ -101.323016148282221, 21.154992702201209 ], [ -101.314325160829043, 21.183537483927147 ], [ -101.308550230576031, 21.185903712019286 ], [ -101.289626059970914, 21.186665734681533 ], [ -101.275457890310733, 21.191750360057814 ], [ -101.265760957018543, 21.208029600614363 ], [ -101.254264151077649, 21.203258287924424 ], [ -101.223839450812008, 21.205635209067832 ], [ -101.213884854683002, 21.227301592696097 ] ] ] } },
{ "type": "Feature", "properties": { "cve_edo": "11", "cve_mpo_ine": "016", "cve_edo_mpo_ine": "11016", "nom_mpo": "HUANIMARO", "nom_edo": "Guanajuato", "alianza_ganadora": "Juntos Haremos Historia", "margen_pp": 22.848788638262324, "por_participacion": 56.147757255936668 }, "geometry": { "type": "Polygon", "coordinates": [ [ [ -101.454560815295523, 20.419130318210467 ], [ -101.44797903585534, 20.417895638566968 ], [ -101.434319188844086, 20.402867145164873 ], [ -101.411938536354356, 20.385744307857532 ], [ -101.419774073903923, 20.37526797296028 ], [ -101.428801468060655, 20.379405080663094 ], [ -101.434860571127174, 20.357886630397783 ], [ -101.437480490463116, 20.354950356889468 ], [ -101.442889986554732, 20.356324795678042 ], [ -101.44108921331437, 20.340211012710512 ], [ -101.446712963859127, 20.331716255101579 ], [ -101.454744212264771, 20.332901646602071 ], [ -101.457270981257338, 20.3254096308298 ], [ -101.460396252668104, 20.32349557157729 ], [ -101.464734948244299, 20.328519347508951 ], [ -101.473030855526233, 20.330970654794442 ], [ -101.479987479232548, 20.330298420824214 ], [ -101.493313229466807, 20.313742447979902 ], [ -101.501202345910997, 20.311155940465465 ], [ -101.504641213655731, 20.318906676133675 ], [ -101.502253160798446, 20.32111854503178 ], [ -101.503851915602851, 20.324332890985648 ], [ -101.511893369121822, 20.317565964731994 ], [ -101.524554662727667, 20.320277090919433 ], [ -101.521978025057123, 20.330749416847233 ], [ -101.523494387473619, 20.332269271504657 ], [ -101.530196895569148, 20.332177155210196 ], [ -101.538746618255388, 20.324381379372941 ], [ -101.542284172788925, 20.328613698190054 ], [ -101.553509070355631, 20.332722680527457 ], [ -101.560552756667718, 20.323408221716573 ], [ -101.563319900567507, 20.324320222184031 ], [ -101.56646469665732, 20.330227728912536 ], [ -101.569338514357, 20.330518192355427 ], [ -101.567615083433921, 20.339345385163647 ], [ -101.569410199032234, 20.351925625704997 ], [ -101.574083027129362, 20.351240213709637 ], [ -101.575825226795018, 20.357249776803595 ], [ -101.5870628580615, 20.356926332252918 ], [ -101.565615104898384, 20.364184598377147 ], [ -101.565108232911243, 20.38128808460813 ], [ -101.57725216622471, 20.382481587217725 ], [ -101.572377471293706, 20.39528597502818 ], [ -101.565943771892194, 20.39594816261992 ], [ -101.555962056535876, 20.401419138193297 ], [ -101.550968863038634, 20.400579486745166 ], [ -101.542775879213409, 20.404495670814409 ], [ -101.530213814424158, 20.40640540088382 ], [ -101.518268566583473, 20.406693905861673 ], [ -101.510858806572983, 20.401463945904421 ], [ -101.500205321101376, 20.408966318835674 ], [ -101.496512827585704, 20.408851307183205 ], [ -101.496255685466608, 20.411003996794999 ], [ -101.489861454392312, 20.410470970977826 ], [ -101.486361956472862, 20.41494084281468 ], [ -101.482288360904576, 20.409499023789557 ], [ -101.460518673254256, 20.414462721388873 ], [ -101.454560815295523, 20.419130318210467 ] ] ] } },
{ "type": "Feature", "properties": { "cve_edo": "11", "cve_mpo_ine": "017", "cve_edo_mpo_ine": "11017", "nom_mpo": "IRAPUATO", "nom_edo": "Guanajuato", "alianza_ganadora": "Va por México", "margen_pp": 23.971727936289611, "por_participacion": 39.335605118563997 }, "geometry": { "type": "Polygon", "coordinates": [ [ [ -101.507600638267235, 20.56156235193032 ], [ -101.497841057438436, 20.561377560981221 ], [ -101.493586635839023, 20.565878095658118 ], [ -101.48447763755388, 20.564871312922079 ], [ -101.472296386674174, 20.572734904418212 ], [ -101.474740707723996, 20.58849288362843 ], [ -101.473391340196116, 20.593500359525557 ], [ -101.47800153163611, 20.590538280371781 ], [ -101.490173171458835, 20.594126253662576 ], [ -101.474930009211121, 20.610485710734086 ], [ -101.499208230361077, 20.609519302290423 ], [ -101.496661945873242, 20.650984140468708 ], [ -101.50002022356108, 20.656840941188062 ], [ -101.499901284688448, 20.66177629219273 ], [ -101.505927641173201, 20.668985925192526 ], [ -101.505984264535812, 20.676404676943367 ], [ -101.522531650210638, 20.69748417937052 ], [ -101.523551579576946, 20.700985874400452 ], [ -101.51750674785886, 20.717985329297584 ], [ -101.533651032147802, 20.741558837557232 ], [ -101.52940802955564, 20.749833941575407 ], [ -101.526672296765597, 20.748886782844828 ], [ -101.510214887838472, 20.759797188381839 ], [ -101.509140693390876, 20.767603191493198 ], [ -101.506569049289041, 20.770327100529819 ], [ -101.497313904624036, 20.777417536597923 ], [ -101.494334362951065, 20.777032072994494 ], [ -101.487387329877961, 20.784034652977919 ], [ -101.453166899032539, 20.79424063225721 ], [ -101.455158363848895, 20.799921824338611 ], [ -101.423147124649901, 20.802909827998352 ], [ -101.419033460323121, 20.79979421307798 ], [ -101.411568515018942, 20.800077435599174 ], [ -101.419693828719559, 20.803873331444755 ], [ -101.422962641948914, 20.812413754821172 ], [ -101.420461019219005, 20.813981828110958 ], [ -101.421252062216027, 20.822107108266511 ], [ -101.419452639747036, 20.820152804543671 ], [ -101.417540422137179, 20.821794126902585 ], [ -101.414728547103792, 20.815807525199634 ], [ -101.413841927210129, 20.822224415229218 ], [ -101.41168488985457, 20.823332533626623 ], [ -101.402622065004181, 20.821471967775082 ], [ -101.40103680208, 20.831214125723182 ], [ -101.412308240842961, 20.831806826185733 ], [ -101.412715874172534, 20.844633572808608 ], [ -101.408655502546807, 20.843818027615754 ], [ -101.407176757812181, 20.848854138316163 ], [ -101.390933065371073, 20.846453757708609 ], [ -101.389602492649047, 20.842227844814232 ], [ -101.369922802633624, 20.840593694633132 ], [ -101.370724254738391, 20.846075414148444 ], [ -101.366366399186262, 20.845854040420047 ], [ -101.363913126861988, 20.840108773850435 ], [ -101.340997851397987, 20.838480140304732 ], [ -101.339497371194625, 20.850441935492533 ], [ -101.330997078663557, 20.849159778610154 ], [ -101.330150596499607, 20.855241051207706 ], [ -101.327628219749116, 20.856026495397828 ], [ -101.319581115457481, 20.852002222293443 ], [ -101.322256253055613, 20.848385743540145 ], [ -101.330771384585091, 20.846087160273004 ], [ -101.334874603360575, 20.83610257600084 ], [ -101.317385846475403, 20.834603941026309 ], [ -101.318155023953878, 20.831059426785487 ], [ -101.301133211048921, 20.825126178325917 ], [ -101.282164744795068, 20.83632302679603 ], [ -101.271274109659075, 20.829621616820596 ], [ -101.26008529745252, 20.83028134090052 ], [ -101.254101202495406, 20.835937293909002 ], [ -101.252904193159964, 20.830924619016923 ], [ -101.241824310310136, 20.823309388893545 ], [ -101.233107183902206, 20.823054955228407 ], [ -101.219129717358953, 20.827039701552735 ], [ -101.218332801466858, 20.82501404088033 ], [ -101.214436568849138, 20.824611675134637 ], [ -101.206482818966407, 20.83266327054546 ], [ -101.181140239943673, 20.836883131092364 ], [ -101.175797900014217, 20.842319813232457 ], [ -101.177796034188759, 20.845867139157587 ], [ -101.164754501489753, 20.844966761959114 ], [ -101.149370130679955, 20.837072050073431 ], [ -101.147508099130704, 20.830695650599786 ], [ -101.15219131626624, 20.824478998344301 ], [ -101.150504332519603, 20.817975508047663 ], [ -101.160586757139484, 20.814220417781186 ], [ -101.174277727271246, 20.785349322164635 ], [ -101.193840858625293, 20.768785434809921 ], [ -101.187605526987596, 20.768451892607651 ], [ -101.198862395112485, 20.764720093871055 ], [ -101.202886881511361, 20.75838396584761 ], [ -101.182214443948112, 20.752599290594787 ], [ -101.206667336251101, 20.74639203761777 ], [ -101.208564074868676, 20.743921376566895 ], [ -101.22422205847225, 20.738635756488275 ], [ -101.231407842713395, 20.726067870303019 ], [ -101.239037716184257, 20.722185518195317 ], [ -101.249240122217842, 20.720954215991995 ], [ -101.252893001034707, 20.714813836265087 ], [ -101.257740046665603, 20.713125549279376 ], [ -101.259840557456585, 20.705601417269797 ], [ -101.264354972905181, 20.701724258594794 ], [ -101.263840329471094, 20.692501630995039 ], [ -101.267484997232131, 20.689300005167805 ], [ -101.266459439520176, 20.684431412963722 ], [ -101.273208317473859, 20.680726811189068 ], [ -101.27771962729571, 20.666749723759128 ], [ -101.251617802678737, 20.648587296072371 ], [ -101.256873825175418, 20.643977779709243 ], [ -101.261311400840839, 20.627583846549111 ], [ -101.268102283152487, 20.623596102973327 ], [ -101.268651974295452, 20.617062490118109 ], [ -101.28623582094977, 20.607918485924667 ], [ -101.304741438967937, 20.585914427275387 ], [ -101.306488539608935, 20.579427517803389 ], [ -101.345842641262166, 20.564567730154479 ], [ -101.364744530212477, 20.577480727308259 ], [ -101.368887212736965, 20.569022564330329 ], [ -101.383797138362098, 20.570791738131398 ], [ -101.397533846555049, 20.566119752377077 ], [ -101.401400729470637, 20.561470108981919 ], [ -101.405088589839991, 20.56223081859865 ], [ -101.40681698565858, 20.558422948356494 ], [ -101.401656452066504, 20.557409547420235 ], [ -101.400217191091443, 20.553915377672777 ], [ -101.406285021758663, 20.555614941818288 ], [ -101.41097576383477, 20.552995919142937 ], [ -101.409316704307074, 20.543408079304523 ], [ -101.41492345924668, 20.54454633620227 ], [ -101.417202975434932, 20.531498160628669 ], [ -101.41289032539234, 20.526833992244331 ], [ -101.402114205721034, 20.527997965893327 ], [ -101.400808358746005, 20.515824995921818 ], [ -101.44437951070914, 20.501125477321864 ], [ -101.44745528541776, 20.507005629331815 ], [ -101.465730199334757, 20.503494746184295 ], [ -101.467272824210838, 20.509582351996048 ], [ -101.47502566599043, 20.514520218313805 ], [ -101.494473046062396, 20.521739008826781 ], [ -101.500329801755711, 20.519418795681929 ], [ -101.507600638267235, 20.56156235193032 ] ] ] } },
{ "type": "Feature", "properties": { "cve_edo": "11", "cve_mpo_ine": "018", "cve_edo_mpo_ine": "11018", "nom_mpo": "JARAL DEL PROGRESO", "nom_edo": "Guanajuato", "alianza_ganadora": "Va por México", "margen_pp": 8.9069995953991103, "por_participacion": 57.522359277853511 }, "geometry": { "type": "Polygon", "coordinates": [ [ [ -101.070728347299379, 20.453113029862987 ], [ -101.062697216435367, 20.452975048219319 ], [ -101.060647697272344, 20.44995473516386 ], [ -101.054025207014121, 20.447793945387271 ], [ -101.045640820122784, 20.449720742947399 ], [ -101.043239228803699, 20.447526028056554 ], [ -101.042951715307069, 20.441078816658926 ], [ -101.033228205461214, 20.433415051750522 ], [ -101.033231227867986, 20.430191700723224 ], [ -101.035400304039015, 20.429823991062701 ], [ -101.032881759335893, 20.427835487745515 ], [ -101.028908123663072, 20.415388785718971 ], [ -101.033072454391743, 20.412132304811088 ], [ -101.035991940921747, 20.412881390577923 ], [ -101.03497461384903, 20.410209710122352 ], [ -101.025224494776452, 20.406661789845241 ], [ -101.020146026459571, 20.397593116578786 ], [ -101.018575453849152, 20.40509853354375 ], [ -101.012481983937533, 20.404503445541653 ], [ -101.012464936470096, 20.387126039189166 ], [ -101.017346164163968, 20.379691366562582 ], [ -101.011485990628032, 20.37996563254103 ], [ -101.015377726929287, 20.369714927587559 ], [ -101.014046013039064, 20.363091469746717 ], [ -101.00645418254453, 20.361531874116704 ], [ -101.002951242371566, 20.365085375041868 ], [ -100.993556558393493, 20.354231472524219 ], [ -100.982837333978082, 20.346041451260724 ], [ -100.984256404744755, 20.342872982870286 ], [ -100.981728913654464, 20.33403659531356 ], [ -100.987959726612559, 20.33561286978161 ], [ -100.987988061673605, 20.333498754440374 ], [ -100.978513006602213, 20.317956045457258 ], [ -100.98143066927048, 20.313110199957048 ], [ -100.989653106612579, 20.314784788044523 ], [ -100.990953524023837, 20.311534948318865 ], [ -100.989321175209909, 20.307950544249987 ], [ -100.999084922729878, 20.306869069774102 ], [ -101.005973390103264, 20.286981152203847 ], [ -101.010000335655079, 20.292536340110669 ], [ -101.017808849853736, 20.283272572715216 ], [ -101.023374918508608, 20.28393415215659 ], [ -101.048827321034281, 20.27465139970742 ], [ -101.071212556021067, 20.286030974001527 ], [ -101.076100203286543, 20.300314703508398 ], [ -101.082482551031461, 20.300825836228718 ], [ -101.081650333911469, 20.306988586081065 ], [ -101.096873926122186, 20.308760252155309 ], [ -101.098557643915385, 20.316542056181632 ], [ -101.108749173131514, 20.316191565085195 ], [ -101.106072117048271, 20.343084395634822 ], [ -101.108349319029344, 20.357757890454398 ], [ -101.106936877636684, 20.370483368687424 ], [ -101.112792830358686, 20.376980194462224 ], [ -101.109569138006719, 20.379372019374237 ], [ -101.113310849127913, 20.397766654575804 ], [ -101.111785790930284, 20.401028895373077 ], [ -101.102290157729911, 20.405477198576484 ], [ -101.097778421164321, 20.404189035652816 ], [ -101.086465158973922, 20.409005541473952 ], [ -101.087867924681191, 20.415289091143507 ], [ -101.100467969089351, 20.416135823800797 ], [ -101.094075177858841, 20.424514375242442 ], [ -101.101630827557457, 20.434733227601708 ], [ -101.093424584606822, 20.435216165963418 ], [ -101.094125280150166, 20.44017612253187 ], [ -101.091429757495462, 20.438684152146823 ], [ -101.084802851116152, 20.444210748826155 ], [ -101.079356468531955, 20.436143527757388 ], [ -101.074432756618236, 20.436176504300825 ], [ -101.070728347299379, 20.453113029862987 ] ] ] } },
{ "type": "Feature", "properties": { "cve_edo": "11", "cve_mpo_ine": "019", "cve_edo_mpo_ine": "11019", "nom_mpo": "JERECUARO", "nom_edo": "Guanajuato", "alianza_ganadora": "Va por México", "margen_pp": 35.074997516638518, "por_participacion": 47.793576566097748 }, "geometry": { "type": "Polygon", "coordinates": [ [ [ -100.469625918423162, 20.387280060647331 ], [ -100.443849246345124, 20.386640607364118 ], [ -100.413514990365414, 20.377361538242841 ], [ -100.403652073987999, 20.364111076730943 ], [ -100.403318111522736, 20.360648261087526 ], [ -100.393646341909417, 20.349553507961531 ], [ -100.390705574336877, 20.335871666190073 ], [ -100.392958399529206, 20.327037917531829 ], [ -100.392024730973915, 20.314213347338601 ], [ -100.383252467399146, 20.303938918596 ], [ -100.3898245778785, 20.306565445023569 ], [ -100.392927008425474, 20.30601713812953 ], [ -100.393384493106865, 20.303408680620691 ], [ -100.388736046132593, 20.298541385508504 ], [ -100.383281166362536, 20.282917814171011 ], [ -100.393262433718604, 20.288553747637913 ], [ -100.402194016634411, 20.281571835596569 ], [ -100.397845067581969, 20.278152026317198 ], [ -100.394752452935492, 20.267155375026583 ], [ -100.40568755275126, 20.263311487373446 ], [ -100.411118605911867, 20.245911659593869 ], [ -100.425069764225981, 20.217019905629471 ], [ -100.433916566872327, 20.217333789284964 ], [ -100.43525160754028, 20.215796106089293 ], [ -100.433006206354236, 20.213290282013787 ], [ -100.441856086600012, 20.206620456637449 ], [ -100.439334721170781, 20.198827401620175 ], [ -100.432187802045377, 20.191106032300738 ], [ -100.434880214015692, 20.19092305416763 ], [ -100.437236876020307, 20.185287815862061 ], [ -100.434504323221987, 20.180347219941154 ], [ -100.437772984459983, 20.17900341711476 ], [ -100.432829145759626, 20.175812850349661 ], [ -100.428958287749879, 20.167532555854685 ], [ -100.429283578728786, 20.156704146532235 ], [ -100.423694064738328, 20.153186911184555 ], [ -100.425415049702707, 20.148630315305009 ], [ -100.422352520574179, 20.146294881311302 ], [ -100.422071240994015, 20.140222391538643 ], [ -100.413299748076298, 20.13391549500373 ], [ -100.412164652745176, 20.130947608901625 ], [ -100.414376967829199, 20.129363134217211 ], [ -100.41130292728829, 20.125457308405192 ], [ -100.400047203059657, 20.123297834661741 ], [ -100.395500921479183, 20.125888664628754 ], [ -100.392018598803034, 20.122109023950937 ], [ -100.382862470908279, 20.126670730898208 ], [ -100.386550119856665, 20.119445217994514 ], [ -100.372938760102386, 20.119483045515704 ], [ -100.377438792414551, 20.112362588095163 ], [ -100.371322202270363, 20.110381438584824 ], [ -100.360912765583308, 20.111761065935379 ], [ -100.359869383261312, 20.113604792452467 ], [ -100.360899816990596, 20.094893863558507 ], [ -100.366540269753472, 20.080490611525754 ], [ -100.370458313982269, 20.080094552557465 ], [ -100.37396391390061, 20.071436394294871 ], [ -100.371506210499518, 20.055624913044756 ], [ -100.365130429496077, 20.055912096572662 ], [ -100.360771002529091, 20.051889132333176 ], [ -100.350657490592369, 20.028933561726923 ], [ -100.345217519277568, 20.029049018881125 ], [ -100.339100812333413, 20.024540122251381 ], [ -100.347167760399159, 20.007466426478562 ], [ -100.359465684500421, 20.009375486751615 ], [ -100.36335085290726, 20.004723574109786 ], [ -100.367510718875195, 20.00564854121755 ], [ -100.372931227232328, 20.003011847324277 ], [ -100.380787054947817, 20.005401310892719 ], [ -100.385863455791252, 20.003716798113434 ], [ -100.389331087425631, 20.005926574836959 ], [ -100.406714257684754, 20.005765281798528 ], [ -100.411869742410971, 20.00352447618258 ], [ -100.411417883368443, 20.001703422265397 ], [ -100.415641159795442, 20.00260439627791 ], [ -100.412829620061842, 19.995445948795865 ], [ -100.424787299792868, 19.984178673442624 ], [ -100.431577491094203, 19.985081573827557 ], [ -100.443514248482629, 19.982351242003777 ], [ -100.449473302109027, 19.982353197830015 ], [ -100.462415761914684, 19.988433137956186 ], [ -100.465792024155206, 19.987599731309142 ], [ -100.463972395297844, 19.990980686549911 ], [ -100.465143442535378, 19.995107941180621 ], [ -100.473169471468637, 20.000508450452351 ], [ -100.479894090785152, 20.00087172582014 ], [ -100.487909130961796, 19.997653727868617 ], [ -100.498819598823559, 19.996632571968654 ], [ -100.502035621333974, 20.004565644298999 ], [ -100.501129663995727, 20.015356749242468 ], [ -100.499164605673386, 20.018262773932872 ], [ -100.494901689308975, 20.019159810044773 ], [ -100.491971997445617, 20.025749980634593 ], [ -100.494973835818143, 20.028002082528765 ], [ -100.500063043824312, 20.027967086435687 ], [ -100.498323037354851, 20.036945780154031 ], [ -100.503958391865396, 20.039262200094601 ], [ -100.503687250216046, 20.048974539112411 ], [ -100.497881496479536, 20.05446900903987 ], [ -100.50738543858985, 20.05754368621745 ], [ -100.499558664714641, 20.059209378274456 ], [ -100.492399751671741, 20.05669670882115 ], [ -100.49260191606102, 20.059959699097618 ], [ -100.510497926203982, 20.06599284192859 ], [ -100.507993929029908, 20.067456494888837 ], [ -100.510300145341972, 20.070374236358088 ], [ -100.514388088480132, 20.069395340290747 ], [ -100.518394754559182, 20.072714283712056 ], [ -100.522021500693228, 20.072564857582819 ], [ -100.524739023723853, 20.075644779234317 ], [ -100.523681557818321, 20.082139573900768 ], [ -100.534972327055712, 20.081729113591063 ], [ -100.5383702470251, 20.09531498607253 ], [ -100.545504425554086, 20.088031257862102 ], [ -100.542626481011808, 20.07995122613297 ], [ -100.55021967768856, 20.078491557849024 ], [ -100.553688131747833, 20.08040906936359 ], [ -100.554587252260788, 20.076145627604532 ], [ -100.561030278186763, 20.077008262334786 ], [ -100.562281872818588, 20.079644269197203 ], [ -100.565300859779825, 20.076977233547332 ], [ -100.570329648546846, 20.083346619838718 ], [ -100.568081763206592, 20.073857263924925 ], [ -100.573554944011349, 20.070882880712318 ], [ -100.574225310348083, 20.06728231450791 ], [ -100.578731413105388, 20.067455897879057 ], [ -100.577936681487245, 20.076843491321771 ], [ -100.58289421318743, 20.068499811711479 ], [ -100.585147696533681, 20.058729480089962 ], [ -100.590195418002736, 20.060634610431734 ], [ -100.591343243318633, 20.058146349021843 ], [ -100.594039092464442, 20.058704937974994 ], [ -100.593838638034811, 20.062467377054208 ], [ -100.598300874888551, 20.064293955157375 ], [ -100.596345619728524, 20.068069473535036 ], [ -100.597898243645318, 20.078142173350017 ], [ -100.594112668413231, 20.080071519347687 ], [ -100.591573911984867, 20.077486663754868 ], [ -100.587630383945495, 20.081400845558772 ], [ -100.584868691490485, 20.08005741453972 ], [ -100.585410969819193, 20.081830560064766 ], [ -100.581736657085159, 20.083138893514576 ], [ -100.580337661389905, 20.090340485701994 ], [ -100.588661983647356, 20.092138763081962 ], [ -100.591009174032081, 20.086335276542385 ], [ -100.599806956733119, 20.088749450095825 ], [ -100.608747652990402, 20.081036544970203 ], [ -100.603443539615029, 20.076736849089571 ], [ -100.604402750954605, 20.072803414658029 ], [ -100.612138716717524, 20.074315736351121 ], [ -100.623753204968111, 20.071293427794803 ], [ -100.624358891437979, 20.073561890874778 ], [ -100.618229350200494, 20.081460879625435 ], [ -100.618959522363568, 20.08455498977187 ], [ -100.613807699121594, 20.097116573910732 ], [ -100.605108432602336, 20.092718620818243 ], [ -100.605053930196604, 20.099662264731087 ], [ -100.596363046567959, 20.100880053017363 ], [ -100.587230028668003, 20.10635447316594 ], [ -100.585592653077228, 20.109657018419099 ], [ -100.593064366436806, 20.124008781111424 ], [ -100.586541005445184, 20.129970520368346 ], [ -100.580043425467537, 20.129811956482104 ], [ -100.582240226329063, 20.133350020115529 ], [ -100.57678748230893, 20.132233045903078 ], [ -100.581205905408495, 20.135506773467927 ], [ -100.584299135825773, 20.134533321419767 ], [ -100.580480811959106, 20.146133676326304 ], [ -100.582259737502653, 20.148724242695568 ], [ -100.591454780332754, 20.149358538012336 ], [ -100.588869032549596, 20.154750534987546 ], [ -100.598431961077281, 20.157200163827806 ], [ -100.602441834457963, 20.16696492128936 ], [ -100.609723270170591, 20.163025123973082 ], [ -100.616337354568913, 20.162974979520094 ], [ -100.615725692580185, 20.160086644672482 ], [ -100.619251481893144, 20.161588974609295 ], [ -100.622506528516325, 20.159084460014675 ], [ -100.626718028719921, 20.158762962709854 ], [ -100.634011913292241, 20.162633120695663 ], [ -100.630097928542426, 20.157125252072696 ], [ -100.636790198115875, 20.152899624522963 ], [ -100.652901339542197, 20.154510394497539 ], [ -100.654675711893262, 20.156480267378228 ], [ -100.651913046234128, 20.161502495092002 ], [ -100.654355040885932, 20.178510421452788 ], [ -100.649346748024442, 20.181318483528276 ], [ -100.647626836153137, 20.185216687007614 ], [ -100.638580838514798, 20.188262499493263 ], [ -100.635365638003194, 20.19510644421846 ], [ -100.637595684976986, 20.201990955862801 ], [ -100.639553633470953, 20.198462937061674 ], [ -100.643526944439884, 20.1976055598942 ], [ -100.649041126372978, 20.1924793372762 ], [ -100.64735310483276, 20.199807487917678 ], [ -100.653169129891666, 20.201911110689565 ], [ -100.684939909495327, 20.191949019702271 ], [ -100.689217029366901, 20.202765603053628 ], [ -100.694429613799755, 20.203099127936284 ], [ -100.68422699160412, 20.212193618154988 ], [ -100.672491160350148, 20.213656145500988 ], [ -100.675307626861169, 20.217626697738723 ], [ -100.673467295049505, 20.223033958149482 ], [ -100.674909097422912, 20.228763389563078 ], [ -100.678839200519135, 20.23979236928929 ], [ -100.682841992544994, 20.244318943849404 ], [ -100.677356278182884, 20.245728173967503 ], [ -100.677775538764948, 20.251277960989228 ], [ -100.672012791836522, 20.253995900262357 ], [ -100.674424606363061, 20.264497430973055 ], [ -100.670583534786346, 20.275981406934847 ], [ -100.673379353742575, 20.279556169095923 ], [ -100.6834149377746, 20.281390835755399 ], [ -100.68259536687431, 20.286167046937244 ], [ -100.675525464326952, 20.292216106736049 ], [ -100.681017298921375, 20.300692935771444 ], [ -100.677993818737491, 20.307235063427399 ], [ -100.687476014483906, 20.321013602431023 ], [ -100.67030739981675, 20.334762803994458 ], [ -100.668076216678628, 20.334332012621342 ], [ -100.669199496563323, 20.339956735717951 ], [ -100.661502867429604, 20.344672643252583 ], [ -100.659074204043506, 20.340257372576257 ], [ -100.653768594460828, 20.344586267022414 ], [ -100.653438314988165, 20.348146157662065 ], [ -100.646692254461925, 20.346772033446246 ], [ -100.636391088905526, 20.348600526921857 ], [ -100.634496381556801, 20.345216726151008 ], [ -100.631604606803322, 20.351685056276597 ], [ -100.614402304114279, 20.355861884668748 ], [ -100.613262316681087, 20.351191672041058 ], [ -100.615935450606244, 20.347331304535398 ], [ -100.607278976786148, 20.349977983109856 ], [ -100.603555261700564, 20.344243752135082 ], [ -100.60534856363158, 20.340180673026868 ], [ -100.613586884073882, 20.336212017921497 ], [ -100.619917187997544, 20.33672051297998 ], [ -100.621802126615719, 20.32831238382559 ], [ -100.615284597033593, 20.325735994870296 ], [ -100.616960196448801, 20.320531180707491 ], [ -100.613774210191295, 20.314108641080029 ], [ -100.59800101250309, 20.323304704581307 ], [ -100.59214111036961, 20.323492480284177 ], [ -100.593047562817205, 20.325717953171527 ], [ -100.585006885361835, 20.329778812128108 ], [ -100.578510743748879, 20.317475441910524 ], [ -100.56681843988477, 20.322478039945725 ], [ -100.562693722027291, 20.318027220286965 ], [ -100.55162253163823, 20.3181575255315 ], [ -100.555130752318917, 20.32613792045203 ], [ -100.544520910866126, 20.330589919922296 ], [ -100.542530218025178, 20.327009432762264 ], [ -100.538721619168669, 20.326901311503896 ], [ -100.540018905240501, 20.328509585313654 ], [ -100.536683686114756, 20.329309736033245 ], [ -100.532264309583013, 20.324404238725947 ], [ -100.51830630823568, 20.33298548968888 ], [ -100.508577358839389, 20.332321474280558 ], [ -100.477118137891836, 20.357106655252721 ], [ -100.47910614691493, 20.362748200226083 ], [ -100.478462712662349, 20.372485924804021 ], [ -100.468784986947384, 20.383999873581974 ], [ -100.469625918423162, 20.387280060647331 ] ] ] } },
{ "type": "Feature", "properties": { "cve_edo": "11", "cve_mpo_ine": "020", "cve_edo_mpo_ine": "11020", "nom_mpo": "LEON", "nom_edo": "Guanajuato", "alianza_ganadora": "Va por México", "margen_pp": 42.066037753330335, "por_participacion": 45.554852106969207 }, "geometry": { "type": "Polygon", "coordinates": [ [ [ -101.792840954574743, 21.111898330608401 ], [ -101.811944945990831, 21.109192001443049 ], [ -101.812658698839144, 21.135578367884868 ], [ -101.804595871379746, 21.143557803902272 ], [ -101.798548964789845, 21.144660308932618 ], [ -101.789724599467007, 21.151265125012838 ], [ -101.78770995386995, 21.155112273463718 ], [ -101.78145622326663, 21.15605811446245 ], [ -101.779732130470279, 21.158226510974774 ], [ -101.781442227945959, 21.162733180414424 ], [ -101.77516274793615, 21.163370886405882 ], [ -101.770593053906481, 21.168515170512364 ], [ -101.770920300863949, 21.174127488075573 ], [ -101.768136948999938, 21.177867836776954 ], [ -101.76968164008521, 21.182791570586573 ], [ -101.77125534320642, 21.182218899606056 ], [ -101.768981177169735, 21.191774084195384 ], [ -101.774354403564018, 21.205536720754537 ], [ -101.774541401221256, 21.219044484284119 ], [ -101.783918454295147, 21.222405306133318 ], [ -101.782938815015257, 21.231265314941943 ], [ -101.740054044074, 21.24177727233884 ], [ -101.73128445323178, 21.241967489956295 ], [ -101.724752017992017, 21.237311107544976 ], [ -101.723187408532581, 21.238255103207596 ], [ -101.72041536275654, 21.244721864638247 ], [ -101.738881871930829, 21.25517739018381 ], [ -101.736915302963453, 21.269385716115742 ], [ -101.725218603720691, 21.268415253259441 ], [ -101.718412149239754, 21.265226319187086 ], [ -101.717357412885903, 21.267604096724462 ], [ -101.712326977103771, 21.266851852767068 ], [ -101.712746976462768, 21.269278525258947 ], [ -101.698859358668486, 21.265240604926799 ], [ -101.695162926826882, 21.268354662533124 ], [ -101.679947400492182, 21.26665343356963 ], [ -101.670708729292215, 21.260074777425093 ], [ -101.65790696536213, 21.267319337561659 ], [ -101.656318627221751, 21.271944891215913 ], [ -101.659731375719531, 21.278431826704892 ], [ -101.653435968739288, 21.285078996366579 ], [ -101.655730884228632, 21.289500045340887 ], [ -101.649493705953347, 21.294701409296287 ], [ -101.645904263591405, 21.293790642078118 ], [ -101.644845013238012, 21.296268467666895 ], [ -101.639078351609811, 21.294777983688174 ], [ -101.639842941850461, 21.301181090108134 ], [ -101.637076987394423, 21.303368696197804 ], [ -101.639018641388162, 21.3086985306557 ], [ -101.634015393809094, 21.320633302524097 ], [ -101.635587944969558, 21.332327255935059 ], [ -101.627588899276631, 21.33627143926574 ], [ -101.614623172277405, 21.332495173221414 ], [ -101.612354900142975, 21.32888002367751 ], [ -101.616593226652057, 21.326280733989456 ], [ -101.614888257099707, 21.31723304522373 ], [ -101.61700752785724, 21.314590889636431 ], [ -101.613830146950676, 21.311573057633769 ], [ -101.583578331937176, 21.315513318945484 ], [ -101.582871026468069, 21.317949888584703 ], [ -101.573865370177728, 21.319428408344972 ], [ -101.568392708765344, 21.317522716144687 ], [ -101.562800447001578, 21.319169321893604 ], [ -101.556034249401847, 21.315320293434187 ], [ -101.550030374391326, 21.316222453223133 ], [ -101.546731136281437, 21.321093279306609 ], [ -101.54455957482088, 21.31212651071387 ], [ -101.546326825460113, 21.309773884444596 ], [ -101.545450007458086, 21.301139072804705 ], [ -101.539807906352436, 21.290928782201949 ], [ -101.536346414878622, 21.277374768658522 ], [ -101.538826966459141, 21.265315180288926 ], [ -101.537187647660588, 21.254985540415905 ], [ -101.531421459651952, 21.255721857913443 ], [ -101.529187621857261, 21.253570829966975 ], [ -101.51695254228764, 21.251365078803389 ], [ -101.513302737242199, 21.253714787002675 ], [ -101.50600804422821, 21.253126150315119 ], [ -101.497766908079853, 21.257410563012193 ], [ -101.487589016365959, 21.25689947985526 ], [ -101.481172482053239, 21.259905269939651 ], [ -101.475585894232225, 21.257500276321192 ], [ -101.46787664306899, 21.258892319948533 ], [ -101.453530257626369, 21.251638239731033 ], [ -101.440821314217544, 21.252111357985811 ], [ -101.432140837846063, 21.243228411338951 ], [ -101.434289323918179, 21.23807416773403 ], [ -101.429380288329838, 21.23520621590427 ], [ -101.428402026970801, 21.231869828044278 ], [ -101.380828181784821, 21.212727615493716 ], [ -101.380239366416632, 21.196024046923181 ], [ -101.382585529916895, 21.191570855826544 ], [ -101.374330087095402, 21.184715612426473 ], [ -101.372611652874809, 21.180110424205022 ], [ -101.37259699970312, 21.177497332393845 ], [ -101.38875730669821, 21.155872565534931 ], [ -101.386908310080841, 21.144550388989494 ], [ -101.391461595780967, 21.141205938502793 ], [ -101.390603758109691, 21.137907802434714 ], [ -101.393624411782781, 21.135447475312084 ], [ -101.39199206134883, 21.129414090126293 ], [ -101.39541167710459, 21.126924322490439 ], [ -101.411798203838487, 21.132256178292764 ], [ -101.42126266629964, 21.132028591499278 ], [ -101.427864480651081, 21.13456587491579 ], [ -101.430537474472317, 21.129274636954182 ], [ -101.433941016748093, 21.128985071519754 ], [ -101.437694018922471, 21.130636649746556 ], [ -101.436491246954574, 21.137966563810824 ], [ -101.440921940650952, 21.140680201694014 ], [ -101.444144165015899, 21.138154777042416 ], [ -101.447936128346228, 21.146844529583806 ], [ -101.448557009915504, 21.144353107546042 ], [ -101.452605118049959, 21.143964553253525 ], [ -101.471589507983097, 21.126993237508849 ], [ -101.478452822926315, 21.12429548495113 ], [ -101.480885378457344, 21.116852433385031 ], [ -101.48496028683644, 21.115383998334369 ], [ -101.479869471392234, 21.116296500807181 ], [ -101.480054451242424, 21.114549771786155 ], [ -101.470523677685037, 21.112417740910836 ], [ -101.471880331030789, 21.10641136361637 ], [ -101.465455418300635, 21.099764777401681 ], [ -101.465318063048727, 21.092923648226467 ], [ -101.484276652732234, 21.074292789641607 ], [ -101.479981485211525, 21.038391693752022 ], [ -101.485566425306516, 21.028175475204637 ], [ -101.490158975682178, 21.028436672540764 ], [ -101.491133996478311, 21.025550636119942 ], [ -101.499292012808567, 21.021037057036512 ], [ -101.49922233979197, 21.022698010834304 ], [ -101.506882265875163, 21.023339936898051 ], [ -101.508849335666156, 21.026319792795366 ], [ -101.51461298602969, 21.026427143216647 ], [ -101.513494564103326, 21.028404224695471 ], [ -101.516779272474864, 21.030190130902593 ], [ -101.513287546981886, 21.038724881605642 ], [ -101.522885298270381, 21.042135146370011 ], [ -101.526903075631253, 21.020628056669928 ], [ -101.530332462621743, 21.017101245560475 ], [ -101.536280521155689, 21.018379927735104 ], [ -101.538849273616677, 21.015850681424595 ], [ -101.541091872037512, 21.017651560042193 ], [ -101.545708303389617, 21.014140517775083 ], [ -101.545670879409002, 21.011142083852885 ], [ -101.553038606804392, 21.011430505157133 ], [ -101.552551582135379, 21.016091214559189 ], [ -101.546473479711395, 21.016714166872312 ], [ -101.546247923409908, 21.024023125162721 ], [ -101.566649364906354, 21.026524044905386 ], [ -101.571139606533478, 21.023742819783468 ], [ -101.576294581074606, 21.025149099113136 ], [ -101.578316896269769, 21.019955197478172 ], [ -101.572731517948085, 21.017896014888318 ], [ -101.575563127562077, 21.010234682851426 ], [ -101.567115960790019, 21.004762278641309 ], [ -101.579092905059895, 20.993353075101524 ], [ -101.567385838943693, 20.980334718908374 ], [ -101.556006338354308, 20.98625358594149 ], [ -101.551132967791276, 20.99503504834578 ], [ -101.540999194542991, 20.989276005162715 ], [ -101.544287858338137, 20.968576194110856 ], [ -101.547017136140212, 20.964669726283379 ], [ -101.557691139090309, 20.959806873494703 ], [ -101.55360725017303, 20.953607821312922 ], [ -101.55476459469017, 20.948135532868072 ], [ -101.551995794969528, 20.947670375570162 ], [ -101.555716542963125, 20.940597650496471 ], [ -101.551702167874851, 20.930923614853565 ], [ -101.561046636920636, 20.930983884661497 ], [ -101.576455014232366, 20.935979056823058 ], [ -101.578834864014411, 20.921476833897216 ], [ -101.589391328627755, 20.924168670235343 ], [ -101.588770498518628, 20.938319959218038 ], [ -101.601384206779798, 20.936851661285452 ], [ -101.600927317864404, 20.925483761521143 ], [ -101.632681574949956, 20.927100344273775 ], [ -101.641931071960784, 20.920705778368454 ], [ -101.662141149347036, 20.89660501754862 ], [ -101.659559714540123, 20.88484925022755 ], [ -101.663942768463656, 20.883308541927047 ], [ -101.666995399350938, 20.887159735111872 ], [ -101.674806088914579, 20.884728275257302 ], [ -101.680179305454757, 20.873077201516388 ], [ -101.690695689511728, 20.863254109200078 ], [ -101.694234597943932, 20.870561559713792 ], [ -101.690129653587263, 20.877523682641584 ], [ -101.694668915514896, 20.878368125670502 ], [ -101.694948535773065, 20.880844366830964 ], [ -101.690882819068747, 20.883465519295719 ], [ -101.688171640283429, 20.892805258205545 ], [ -101.697064459689685, 20.893917978270995 ], [ -101.700849523425845, 20.905024664095194 ], [ -101.707516609783227, 20.906499454280279 ], [ -101.7033014660134, 20.918614260461428 ], [ -101.71539820790754, 20.934711039930082 ], [ -101.712750957698006, 20.935022672853123 ], [ -101.714156186915332, 20.938003815804247 ], [ -101.702940720954757, 20.939387042238046 ], [ -101.703024610739192, 20.944015579452746 ], [ -101.714781151519489, 20.944052335983713 ], [ -101.71416475398776, 20.948938997940104 ], [ -101.7126155761554, 20.954252537462413 ], [ -101.709503886343839, 20.954462920128119 ], [ -101.671707515222607, 20.951285013861341 ], [ -101.669039152516717, 20.989353755347015 ], [ -101.684670993189215, 20.988882295460929 ], [ -101.686368672106312, 20.993789332746484 ], [ -101.720852875661549, 20.993278651545108 ], [ -101.719916582811649, 20.98709181685571 ], [ -101.72224718936036, 20.98271758299105 ], [ -101.735595122606128, 20.982812111020511 ], [ -101.745991955366378, 20.979104759033213 ], [ -101.739347360793417, 20.988626853948094 ], [ -101.74023862029243, 20.995516873734548 ], [ -101.737308516776281, 21.000997505134944 ], [ -101.730238868943161, 21.005470241822373 ], [ -101.730770438430881, 21.009407442213202 ], [ -101.744111376730913, 21.013697290346645 ], [ -101.74631688599662, 21.017155329248101 ], [ -101.749326051952977, 21.017465223473117 ], [ -101.752712138240398, 21.007720149099391 ], [ -101.783972412289657, 21.015985457807183 ], [ -101.780691463566484, 21.025191439045663 ], [ -101.782274938959475, 21.027734482499486 ], [ -101.791647947201767, 21.019407259251604 ], [ -101.796093325808954, 21.020753049403652 ], [ -101.799142181482338, 21.027006216615639 ], [ -101.804436011926541, 21.02928293781742 ], [ -101.803957421574594, 21.033343240506536 ], [ -101.79661327494054, 21.036809295063748 ], [ -101.798542172248759, 21.04404408813155 ], [ -101.79368176330297, 21.045321849753687 ], [ -101.796447373291301, 21.049622369870921 ], [ -101.801854594151635, 21.05132419869793 ], [ -101.802673277681464, 21.055520378142656 ], [ -101.799246682314219, 21.065845632281274 ], [ -101.793442683732053, 21.066514204852833 ], [ -101.797262381236223, 21.097752915257999 ], [ -101.791320920174968, 21.109539391016003 ], [ -101.792840954574743, 21.111898330608401 ] ] ] } },
{ "type": "Feature", "properties": { "cve_edo": "11", "cve_mpo_ine": "008", "cve_edo_mpo_ine": "11008", "nom_mpo": "MANUEL DOBLADO", "nom_edo": "Guanajuato", "alianza_ganadora": "Va por México", "margen_pp": 73.511904761904759, "por_participacion": 54.276135324596162 }, "geometry": { "type": "Polygon", "coordinates": [ [ [ -101.935185566806851, 20.809619800879886 ], [ -101.861138399013413, 20.845976514224038 ], [ -101.861944209465847, 20.835878906630402 ], [ -101.859475056754349, 20.835751287570986 ], [ -101.858032531855571, 20.830937308904492 ], [ -101.854696916618977, 20.831566828975969 ], [ -101.855171869254846, 20.838007596976919 ], [ -101.848662582850977, 20.844720057608114 ], [ -101.845850103329454, 20.835793419227805 ], [ -101.83514438464556, 20.834922324812826 ], [ -101.839990415460832, 20.8303022489219 ], [ -101.81737679593725, 20.827047238208618 ], [ -101.81518775230569, 20.81992922417264 ], [ -101.803396146078541, 20.820601678364181 ], [ -101.7775338640634, 20.803542216072518 ], [ -101.77428759442482, 20.809005093137088 ], [ -101.762520226263945, 20.804589978377162 ], [ -101.759071680370525, 20.80546728815321 ], [ -101.756836390756675, 20.81165912412834 ], [ -101.748711668664313, 20.810537876051821 ], [ -101.749464475668589, 20.803541043793388 ], [ -101.754403458926802, 20.803882212688595 ], [ -101.756659581574851, 20.795623292358176 ], [ -101.746940155015125, 20.793946502104244 ], [ -101.723655478946128, 20.795441889373581 ], [ -101.719642937239797, 20.797608004618944 ], [ -101.721265353466677, 20.793161524096696 ], [ -101.725325222419855, 20.790374644168875 ], [ -101.720426278800232, 20.785732944325154 ], [ -101.712040823171549, 20.786349720448083 ], [ -101.710907286224923, 20.7788425982055 ], [ -101.706101337907555, 20.779324928516527 ], [ -101.707676645906218, 20.782030616722231 ], [ -101.703965102691441, 20.784605412107549 ], [ -101.702878004426452, 20.782926138487621 ], [ -101.69327087975573, 20.78417954218045 ], [ -101.686221386074365, 20.790563321709378 ], [ -101.683046126354327, 20.79031909370649 ], [ -101.678261785773358, 20.765666698922502 ], [ -101.687961019806352, 20.763048768783015 ], [ -101.684600410955511, 20.758962698154242 ], [ -101.686154611218583, 20.753938709860869 ], [ -101.701824913526707, 20.744537073422279 ], [ -101.695953080061173, 20.729828779953682 ], [ -101.696715232473011, 20.728050045330345 ], [ -101.706101304053547, 20.726093081763949 ], [ -101.7042222489967, 20.721093807392627 ], [ -101.694071838020747, 20.715982585774629 ], [ -101.692369792203166, 20.712843174350848 ], [ -101.690196435751659, 20.700898923583157 ], [ -101.688202268239905, 20.701728524194365 ], [ -101.689843736061192, 20.69763353409046 ], [ -101.688434698000023, 20.691723829714466 ], [ -101.690312543021008, 20.695731221518564 ], [ -101.701693329435756, 20.701213087429359 ], [ -101.705270862176718, 20.699595523509906 ], [ -101.708556428103023, 20.701905612218095 ], [ -101.708205337864285, 20.704303849584594 ], [ -101.719115659724025, 20.704286987488775 ], [ -101.723511154626294, 20.695888116733933 ], [ -101.735532206686685, 20.690246399093265 ], [ -101.735641877306477, 20.675529522248492 ], [ -101.739921372765806, 20.672504654228387 ], [ -101.740154503067586, 20.669817232182758 ], [ -101.745962124073756, 20.67319718724448 ], [ -101.753816285146385, 20.666569404288094 ], [ -101.756918868550471, 20.658130892236979 ], [ -101.755975805550662, 20.650402246008753 ], [ -101.762123775454313, 20.637204413357544 ], [ -101.764644269402041, 20.636331806775225 ], [ -101.774908324680524, 20.641687046656369 ], [ -101.777777067480443, 20.636183751794423 ], [ -101.775368993243703, 20.630359570991335 ], [ -101.786154330639306, 20.627983026098683 ], [ -101.788598766238906, 20.605986677038938 ], [ -101.804890664727836, 20.602193112971513 ], [ -101.823909477621285, 20.571895511903886 ], [ -101.824966107153429, 20.573670783310998 ], [ -101.833287205081604, 20.573239777775179 ], [ -101.834159483534066, 20.566913420698743 ], [ -101.850207083032004, 20.559520454917461 ], [ -101.855051055074483, 20.543099213365029 ], [ -101.860140077103424, 20.536267292848141 ], [ -101.860656182733706, 20.527006892130956 ], [ -101.865222146600473, 20.524144314811334 ], [ -101.874479587951839, 20.525321581315094 ], [ -101.872728915232287, 20.530616620263263 ], [ -101.881111323766092, 20.534275636581711 ], [ -101.880941898788663, 20.538988252470425 ], [ -101.875910112030226, 20.544084467873244 ], [ -101.876966957559077, 20.545776707867628 ], [ -101.882590414556219, 20.544936554516109 ], [ -101.897067766250316, 20.548993221123315 ], [ -101.894206468224283, 20.555655221897553 ], [ -101.8946865605661, 20.563466279473111 ], [ -101.899894962355546, 20.559030433121762 ], [ -101.928877914691824, 20.546678931350534 ], [ -101.928620229708869, 20.567759753377938 ], [ -101.945077998058593, 20.563540039208831 ], [ -101.96956710572266, 20.562147509742399 ], [ -101.969986187818861, 20.566734162198689 ], [ -101.964429966362019, 20.572040899753866 ], [ -101.967254416404046, 20.578149858338556 ], [ -101.953913382931944, 20.58856284288429 ], [ -101.957556650191165, 20.593801638442006 ], [ -101.95999532799587, 20.594131777079387 ], [ -101.959962034977224, 20.598357654314285 ], [ -101.951856512129297, 20.608102549058813 ], [ -101.951965816172503, 20.612665338481218 ], [ -101.954072164655415, 20.610716668429756 ], [ -101.957238718633008, 20.611534194310327 ], [ -101.957794448380781, 20.626246925556892 ], [ -101.962975020626885, 20.637598148251211 ], [ -101.968662287850208, 20.638118624254279 ], [ -101.969080448374697, 20.642002583180023 ], [ -101.964813689534594, 20.648380399975661 ], [ -101.961207680595265, 20.662939966761222 ], [ -101.973640392713534, 20.664431966468577 ], [ -101.981950622417642, 20.657173702632992 ], [ -101.991445952942243, 20.656111011820386 ], [ -101.995037159010124, 20.662919376181382 ], [ -102.011844644317605, 20.653715393143617 ], [ -102.013266166597433, 20.658445864227144 ], [ -102.017219534708985, 20.660040159201269 ], [ -102.016411665437715, 20.666078491976759 ], [ -102.021576850359352, 20.673070994127823 ], [ -102.016793794064455, 20.676956165718039 ], [ -102.014931760062012, 20.698130782854026 ], [ -102.011857170277622, 20.699393881573208 ], [ -102.008173224530694, 20.707165080241928 ], [ -102.009214709450234, 20.715932267441751 ], [ -102.020583172981375, 20.718743824619715 ], [ -102.012875223052305, 20.736425768017316 ], [ -102.009637638565366, 20.753324299289044 ], [ -102.010631536083395, 20.758872098460575 ], [ -102.026746571094932, 20.770107441430969 ], [ -102.032990727762666, 20.763291304295052 ], [ -102.039929218757251, 20.76234717438113 ], [ -102.048832131046225, 20.751783323156179 ], [ -102.052226266448088, 20.754816991632982 ], [ -102.060850261623088, 20.749033880992773 ], [ -102.073370993979751, 20.750212893635908 ], [ -102.065647651511554, 20.766040455199505 ], [ -102.060272102239352, 20.7679222279328 ], [ -102.061125481197109, 20.771899299830768 ], [ -102.065659373408934, 20.773757089396607 ], [ -102.070178828937955, 20.787333577261126 ], [ -102.062066856179214, 20.788257225803815 ], [ -102.05761440220256, 20.801792265111619 ], [ -102.057932697938966, 20.808854271611189 ], [ -102.053338122377355, 20.818012494703776 ], [ -102.041157629841692, 20.814403243120065 ], [ -102.039134203238618, 20.815768633829354 ], [ -102.039804134668358, 20.82007246687407 ], [ -102.034280672006616, 20.825994234631359 ], [ -102.032819429697625, 20.820313983981492 ], [ -102.016720415795135, 20.824346187932758 ], [ -102.004322648367904, 20.82266961622495 ], [ -102.004152494382666, 20.82510090103592 ], [ -101.996995125703407, 20.822850937346921 ], [ -101.975811574626746, 20.832489139147263 ], [ -101.972881582542968, 20.838735343134807 ], [ -101.964268982960817, 20.827878479490241 ], [ -101.970890458521524, 20.827153286902313 ], [ -101.971120720154246, 20.818015656280146 ], [ -101.96216458522467, 20.819439138402949 ], [ -101.960091332949645, 20.815545602890808 ], [ -101.94101395373923, 20.821881086984519 ], [ -101.935185566806851, 20.809619800879886 ] ] ] } },
{ "type": "Feature", "properties": { "cve_edo": "11", "cve_mpo_ine": "021", "cve_edo_mpo_ine": "11021", "nom_mpo": "MOROLEON", "nom_edo": "Guanajuato", "alianza_ganadora": "Va por México", "margen_pp": 5.3338324053712629, "por_participacion": 47.472346852649814 }, "geometry": { "type": "Polygon", "coordinates": [ [ [ -101.185579175558445, 20.169053567934011 ], [ -101.185771918748401, 20.166525657658404 ], [ -101.181600364484538, 20.165260589484017 ], [ -101.189645768712793, 20.164913510765349 ], [ -101.190637509514744, 20.156596342790756 ], [ -101.192633546580893, 20.156780028238501 ], [ -101.192778994371011, 20.1517315137846 ], [ -101.191193518481839, 20.151506941634203 ], [ -101.193212067239585, 20.144347586887669 ], [ -101.198331902849532, 20.144271543607786 ], [ -101.190221843523972, 20.137565233839453 ], [ -101.184853937645244, 20.138318659823849 ], [ -101.183735566139973, 20.134218204969041 ], [ -101.180270878500494, 20.132628264104227 ], [ -101.17880190594164, 20.121710361334738 ], [ -101.182749606016884, 20.117896577220883 ], [ -101.180597336546143, 20.117227656346515 ], [ -101.182125917680878, 20.108006610037876 ], [ -101.185218331001224, 20.108037214638312 ], [ -101.185167540279963, 20.106169609009282 ], [ -101.190539490641569, 20.103825274017574 ], [ -101.200671089652872, 20.105128995699616 ], [ -101.199345337339153, 20.095502764819322 ], [ -101.197041852549134, 20.094004133801764 ], [ -101.197526358855939, 20.087870579329355 ], [ -101.192939718902878, 20.078911876081392 ], [ -101.196111000819087, 20.076299947811457 ], [ -101.196166594285316, 20.072532105257554 ], [ -101.204950917162208, 20.070170779896095 ], [ -101.206690841801631, 20.06579921202718 ], [ -101.202835314160509, 20.062253115429748 ], [ -101.203213554890922, 20.046020436968881 ], [ -101.214204643839153, 20.046524826569247 ], [ -101.218520098323154, 20.038928593365874 ], [ -101.217052062663484, 20.034892968332649 ], [ -101.213586534397692, 20.037302445559824 ], [ -101.19416394725279, 20.039153996512294 ], [ -101.188843052956855, 20.042458841867521 ], [ -101.189742506655762, 20.047496373932901 ], [ -101.1927326697067, 20.048157435244615 ], [ -101.185431590281695, 20.051863040131629 ], [ -101.175931988975975, 20.049679860393471 ], [ -101.163655074767831, 20.041906827338195 ], [ -101.165528359142357, 20.038930246135404 ], [ -101.171616421934743, 20.036603264268916 ], [ -101.168657691468638, 20.036898778141488 ], [ -101.16841662375549, 20.035315039400636 ], [ -101.191641053622419, 20.021015588695761 ], [ -101.206555153273385, 20.015433636907726 ], [ -101.213177624469026, 20.015439743767576 ], [ -101.240475830365313, 20.024246392830378 ], [ -101.258025049757052, 20.024954213704827 ], [ -101.258342048524199, 20.028220408047499 ], [ -101.265158132167983, 20.026575556008364 ], [ -101.265923372499401, 20.029935147556735 ], [ -101.268804644607826, 20.030760158195452 ], [ -101.261062125407932, 20.036548286019706 ], [ -101.263464744365209, 20.039665812181067 ], [ -101.268985075243251, 20.03804670542489 ], [ -101.272949465780727, 20.04014748947743 ], [ -101.285999848833811, 20.036854202046385 ], [ -101.297779089464015, 20.038305871583042 ], [ -101.312448745113812, 20.036632596569241 ], [ -101.305640278624324, 20.040299886840728 ], [ -101.304345134741894, 20.046611077781129 ], [ -101.321858511632655, 20.063072023636455 ], [ -101.324496483047511, 20.080707353158633 ], [ -101.320384565990977, 20.086274491491224 ], [ -101.30791986842425, 20.09548514017321 ], [ -101.30800564533557, 20.100533880858912 ], [ -101.297701102376266, 20.106275917728023 ], [ -101.293058261921999, 20.111643483816948 ], [ -101.287820113975755, 20.112921788175207 ], [ -101.290506259340276, 20.119711871286835 ], [ -101.287724936597186, 20.124596309460177 ], [ -101.281894889203329, 20.12199222330344 ], [ -101.280962189990007, 20.125607336331583 ], [ -101.270746231209245, 20.126337970234541 ], [ -101.268174554880517, 20.140284423842456 ], [ -101.262534869179774, 20.145583251958147 ], [ -101.267881844803796, 20.154197232812329 ], [ -101.260136547343791, 20.155967171377899 ], [ -101.258377055501313, 20.162616174632589 ], [ -101.245467016016306, 20.1597010230496 ], [ -101.242088110270643, 20.153375642752323 ], [ -101.237426298615475, 20.154271608462647 ], [ -101.240318915834919, 20.159486534750879 ], [ -101.237338142020846, 20.159530050446435 ], [ -101.231007640979342, 20.154986053819893 ], [ -101.227035412498509, 20.148089424737108 ], [ -101.219129260693819, 20.147210602879351 ], [ -101.207883888970244, 20.142322819777306 ], [ -101.209152551751941, 20.144829658607545 ], [ -101.203983010852582, 20.146849737476373 ], [ -101.201635328133051, 20.153424036258162 ], [ -101.195071451547207, 20.156002079094737 ], [ -101.194995705771447, 20.16568978328495 ], [ -101.185579175558445, 20.169053567934011 ] ] ] } },
{ "type": "Feature", "properties": { "cve_edo": "11", "cve_mpo_ine": "022", "cve_edo_mpo_ine": "11022", "nom_mpo": "OCAMPO", "nom_edo": "Guanajuato", "alianza_ganadora": "Va por México", "margen_pp": 23.387479813812103, "por_participacion": 56.081189068243567 }, "geometry": { "type": "Polygon", "coordinates": [ [ [ -101.369795458423852, 21.838323909214438 ], [ -101.395474981700929, 21.820519548602849 ], [ -101.396279141008293, 21.822079529955538 ], [ -101.414767734734482, 21.817528208405015 ], [ -101.417985458029975, 21.819216332057245 ], [ -101.417572841704313, 21.808375688816934 ], [ -101.41208238540392, 21.785812583343873 ], [ -101.385533468414678, 21.774951038412262 ], [ -101.384774717294121, 21.765571076750174 ], [ -101.403579650452883, 21.77116560273689 ], [ -101.426159429657062, 21.773156722288014 ], [ -101.425912644858357, 21.768859333744622 ], [ -101.422245379643641, 21.767459975977189 ], [ -101.422995214292754, 21.759772394912574 ], [ -101.426245844729991, 21.760015310145778 ], [ -101.42652803934314, 21.754518671135926 ], [ -101.421444979403091, 21.753947956581367 ], [ -101.420368858080863, 21.748659995894236 ], [ -101.425688474152878, 21.749395694565258 ], [ -101.426207944940899, 21.744270606803134 ], [ -101.421067534038201, 21.74427848590943 ], [ -101.423889937141837, 21.738530012304732 ], [ -101.432101822541497, 21.738269290131335 ], [ -101.431733655414931, 21.732649703248899 ], [ -101.443432613779052, 21.73308543968146 ], [ -101.443936744774916, 21.698454648802628 ], [ -101.440138412337674, 21.666971298457486 ], [ -101.40425270473574, 21.670306219231311 ], [ -101.406672646355986, 21.674996777919237 ], [ -101.398112286755349, 21.676992153549083 ], [ -101.391736082172955, 21.677413729735374 ], [ -101.392491171878405, 21.671420469129767 ], [ -101.338463881051055, 21.677474319548917 ], [ -101.349770669706629, 21.626506385190361 ], [ -101.35561583688704, 21.626624339725431 ], [ -101.363591945278287, 21.59814142312613 ], [ -101.371062224445069, 21.584371306695008 ], [ -101.36951570807571, 21.578049982985789 ], [ -101.371231938481344, 21.57183506177023 ], [ -101.354501088078734, 21.564799730460614 ], [ -101.342822230232798, 21.568406565987186 ], [ -101.336444399597553, 21.565974062714364 ], [ -101.315960537869614, 21.541591498869856 ], [ -101.311665358395288, 21.542044689867652 ], [ -101.311135631185905, 21.545026811765926 ], [ -101.305604853935023, 21.543863638429009 ], [ -101.304310164641166, 21.54601681821643 ], [ -101.303015978751205, 21.543530629537234 ], [ -101.298485360967462, 21.543651955489405 ], [ -101.295189804633949, 21.546963583415632 ], [ -101.287070080319879, 21.545673735434278 ], [ -101.28836561675709, 21.540869579001757 ], [ -101.281662322626119, 21.5250822371715 ], [ -101.307432174794044, 21.510395103075382 ], [ -101.314079469485748, 21.50973639360312 ], [ -101.316197696367851, 21.499961868262879 ], [ -101.319523642739554, 21.499539673464696 ], [ -101.325704407077581, 21.49308630770312 ], [ -101.329299930075592, 21.494033551543815 ], [ -101.330591214518137, 21.489320538983058 ], [ -101.346400566430901, 21.4815017631378 ], [ -101.341574262451601, 21.47843361987826 ], [ -101.341886202388409, 21.469592950444977 ], [ -101.337233138310424, 21.468549459826708 ], [ -101.338362480063509, 21.463635568022905 ], [ -101.332091458312789, 21.459891114616056 ], [ -101.332966899110701, 21.452202624554356 ], [ -101.329470616435344, 21.447095567351774 ], [ -101.333194185853415, 21.444390750261793 ], [ -101.33089249690488, 21.440259745950797 ], [ -101.332595361038202, 21.435174371818714 ], [ -101.329880654074699, 21.430175753923752 ], [ -101.334423162814744, 21.43032647310768 ], [ -101.342739193926306, 21.42542921464872 ], [ -101.346163781492265, 21.421388158262555 ], [ -101.343814006323228, 21.418118913434668 ], [ -101.362374645150879, 21.415061774914253 ], [ -101.374704676549385, 21.40418123341848 ], [ -101.386018058926069, 21.401271465611838 ], [ -101.390959276840945, 21.404917129679639 ], [ -101.392063391087689, 21.413925760052106 ], [ -101.396538809293062, 21.414595684011797 ], [ -101.398478495046902, 21.417119635205484 ], [ -101.402427695121673, 21.415392173521465 ], [ -101.429692977405026, 21.419656755655463 ], [ -101.438593424327266, 21.415004000144211 ], [ -101.444904503139483, 21.408239537122018 ], [ -101.445911957807468, 21.403449004263599 ], [ -101.456622153082449, 21.410572418462849 ], [ -101.462870582916509, 21.406079426700607 ], [ -101.46399371527491, 21.402569694445905 ], [ -101.465404432159715, 21.404926693251493 ], [ -101.470531548798789, 21.402042850364452 ], [ -101.476538369411017, 21.402341187033773 ], [ -101.478197254349709, 21.393213833944088 ], [ -101.483264413522051, 21.390701374650689 ], [ -101.488043672583132, 21.381619866389517 ], [ -101.493816038377645, 21.379934387053645 ], [ -101.496521932553946, 21.382788666195907 ], [ -101.501530884881944, 21.378788442334368 ], [ -101.503055589381731, 21.385565514113871 ], [ -101.507763216004292, 21.389207190276451 ], [ -101.524953096036441, 21.395797470280066 ], [ -101.530194358044, 21.395597239129081 ], [ -101.531546307393342, 21.399068884530426 ], [ -101.528952932480408, 21.402081440973394 ], [ -101.53088501603159, 21.407077574598564 ], [ -101.522907915193485, 21.420167579882147 ], [ -101.525742773043746, 21.4305417679738 ], [ -101.543803306207849, 21.433824262636588 ], [ -101.554025524904148, 21.429208383506758 ], [ -101.557736087550637, 21.429625236140858 ], [ -101.562098463442695, 21.422069998601955 ], [ -101.568814470055671, 21.41839996555116 ], [ -101.572995671758321, 21.419436578123285 ], [ -101.579000649669979, 21.426010044956957 ], [ -101.580117411162533, 21.4324138394546 ], [ -101.582119704499434, 21.433448273181899 ], [ -101.580057205833199, 21.436048933837348 ], [ -101.582113914579296, 21.450549941804354 ], [ -101.580576382294623, 21.468146000101722 ], [ -101.58888436646366, 21.464972041411396 ], [ -101.589353554457531, 21.472903560220413 ], [ -101.593947902819494, 21.478111890838591 ], [ -101.593592843058843, 21.484844808827031 ], [ -101.599897100253017, 21.486997414338258 ], [ -101.628415297373039, 21.472309977557941 ], [ -101.63907925832693, 21.47590917217174 ], [ -101.636428527593182, 21.484210508356888 ], [ -101.619705871522925, 21.50094746410938 ], [ -101.629336413683774, 21.501614606628696 ], [ -101.632651814866776, 21.506207966408372 ], [ -101.632761796711875, 21.512832314721315 ], [ -101.628649477394646, 21.522938971919508 ], [ -101.631650105545631, 21.523627167348863 ], [ -101.632625330112091, 21.526326313525562 ], [ -101.619875730922075, 21.541126202840097 ], [ -101.621183873234912, 21.543998025063097 ], [ -101.618644536715209, 21.547307075881008 ], [ -101.621455355436083, 21.548713929892834 ], [ -101.616266997906791, 21.554834315952256 ], [ -101.616392439744118, 21.557770739267866 ], [ -101.609156143935579, 21.55939575338164 ], [ -101.607402361500462, 21.561683352147273 ], [ -101.609034939712188, 21.562907010255714 ], [ -101.606768549638446, 21.564112128443238 ], [ -101.606743593279162, 21.574313624154552 ], [ -101.612055968722956, 21.574754644375513 ], [ -101.610719420605875, 21.58058426815915 ], [ -101.612261055385787, 21.582646351366634 ], [ -101.611088158125483, 21.584715385886863 ], [ -101.608666593592858, 21.584143077305828 ], [ -101.596209439825302, 21.599669675440623 ], [ -101.596879438087072, 21.605659544167096 ], [ -101.593828425384231, 21.610914870704562 ], [ -101.587442550415219, 21.607624851183637 ], [ -101.582135217351436, 21.609042601460565 ], [ -101.582097950810194, 21.615488809938807 ], [ -101.58928962532076, 21.629892392658423 ], [ -101.595263197326304, 21.633141943161142 ], [ -101.596102493470866, 21.636817395621883 ], [ -101.593451828112293, 21.63851816766504 ], [ -101.588713553095189, 21.651174106970643 ], [ -101.582945767455257, 21.656518668009152 ], [ -101.584496471297541, 21.661060190340152 ], [ -101.581678964410756, 21.665942956398855 ], [ -101.584760479769045, 21.669158453302931 ], [ -101.578226763438138, 21.675248586426719 ], [ -101.57260182056767, 21.688319625091623 ], [ -101.569950239574951, 21.690102774319119 ], [ -101.57044185525173, 21.695803933821438 ], [ -101.566733376013076, 21.699490349177715 ], [ -101.563939102627373, 21.711728068774626 ], [ -101.558943126571918, 21.719218968363712 ], [ -101.555977696053972, 21.733564422708895 ], [ -101.556399532283081, 21.736084048746257 ], [ -101.566738728023765, 21.73630755516642 ], [ -101.59347274357242, 21.735963991344839 ], [ -101.597550284695117, 21.732886404848891 ], [ -101.605782266508598, 21.73561802933439 ], [ -101.609229806623375, 21.734679524685536 ], [ -101.605407570680754, 21.766403079691347 ], [ -101.583551162092405, 21.764532975994051 ], [ -101.58561928208411, 21.777749402145236 ], [ -101.588016795512445, 21.77931611842784 ], [ -101.591173463044939, 21.778166929031141 ], [ -101.590712332907856, 21.787745054154509 ], [ -101.586646459811149, 21.786311144761058 ], [ -101.582672459277774, 21.78760363853872 ], [ -101.578278541098172, 21.781229900195882 ], [ -101.572764697395002, 21.781845784586917 ], [ -101.567785819351258, 21.779080966004678 ], [ -101.564278635798345, 21.779976176093868 ], [ -101.557547414854085, 21.787252116348249 ], [ -101.553316519386257, 21.784618511004968 ], [ -101.544896062190929, 21.787115549260548 ], [ -101.538165948134278, 21.77786729332335 ], [ -101.512923916870307, 21.796675766934722 ], [ -101.519946591280871, 21.812321903627623 ], [ -101.51476310646494, 21.818242093471369 ], [ -101.500816307849533, 21.819510917794023 ], [ -101.476740099550398, 21.834517465351482 ], [ -101.47422603059735, 21.827404877578829 ], [ -101.484503808692793, 21.819337398240478 ], [ -101.479982045112834, 21.808656369713781 ], [ -101.469406713786157, 21.814695138354647 ], [ -101.455564553705997, 21.82967250818518 ], [ -101.454196740669389, 21.827063991539227 ], [ -101.423825470929458, 21.825140442588669 ], [ -101.406708131252174, 21.831708741751751 ], [ -101.369795458423852, 21.838323909214438 ] ] ] } },
{ "type": "Feature", "properties": { "cve_edo": "11", "cve_mpo_ine": "023", "cve_edo_mpo_ine": "11023", "nom_mpo": "PENJAMO", "nom_edo": "Guanajuato", "alianza_ganadora": "Va por México", "margen_pp": 4.7550947443689671, "por_participacion": 34.676688233698812 }, "geometry": { "type": "Polygon", "coordinates": [ [ [ -101.748857351993294, 20.608331617269322 ], [ -101.746745029789309, 20.604490625709904 ], [ -101.744987814147066, 20.607056565930577 ], [ -101.736664571375485, 20.608517034600382 ], [ -101.709288729949293, 20.608228218406538 ], [ -101.703539892480848, 20.591658991655933 ], [ -101.697853225833796, 20.586416643844341 ], [ -101.702772927993706, 20.56892282722222 ], [ -101.70112990649838, 20.558383253390559 ], [ -101.739160139251936, 20.553614341786925 ], [ -101.735993274042187, 20.54745973496496 ], [ -101.715074107820399, 20.547325782972404 ], [ -101.711377286198029, 20.525627377719864 ], [ -101.697258682186103, 20.536064506713764 ], [ -101.694270023470324, 20.533133252601672 ], [ -101.690989169765075, 20.536486140053782 ], [ -101.67575456581848, 20.535512987001788 ], [ -101.667433864122344, 20.540938571731175 ], [ -101.663678494798106, 20.547924381328702 ], [ -101.652201478946594, 20.553261415987471 ], [ -101.632578156942955, 20.545699679196545 ], [ -101.629971403705696, 20.538956205424448 ], [ -101.629637401536769, 20.528188461396031 ], [ -101.608696296859534, 20.523051641133332 ], [ -101.608934497398167, 20.512351622202619 ], [ -101.606863644251703, 20.508837647323531 ], [ -101.608616306222984, 20.507501514308807 ], [ -101.601799712256977, 20.504671664506194 ], [ -101.600634401831357, 20.498323842594587 ], [ -101.603827305443303, 20.483069703124876 ], [ -101.601670491, 20.476983984165447 ], [ -101.60360796533422, 20.47381544208341 ], [ -101.600637210642475, 20.474849671162435 ], [ -101.599841184341798, 20.472877285223316 ], [ -101.614379557425053, 20.469817953660062 ], [ -101.610051783193228, 20.466945659051408 ], [ -101.608793264313761, 20.458100896580586 ], [ -101.610453964806453, 20.455588071564495 ], [ -101.607405140843071, 20.454184377209064 ], [ -101.606730483690455, 20.451164642231905 ], [ -101.609970648472071, 20.448804017088236 ], [ -101.605622072027259, 20.444692008652488 ], [ -101.605649618947567, 20.439525648653845 ], [ -101.60127863553285, 20.437480205297277 ], [ -101.598139914841596, 20.432152219957324 ], [ -101.594677760536996, 20.431829439976266 ], [ -101.595893584643022, 20.424207821432951 ], [ -101.598504177101418, 20.422724264786023 ], [ -101.600230522439489, 20.424311516066194 ], [ -101.599765516202055, 20.421135873737978 ], [ -101.602746012544898, 20.420721528043718 ], [ -101.597928534415246, 20.416533239485631 ], [ -101.604002092971783, 20.412066120501287 ], [ -101.600094051152823, 20.402864231309646 ], [ -101.603349853307861, 20.401454127212055 ], [ -101.60167660927371, 20.399535503892512 ], [ -101.60640700676143, 20.39872430100279 ], [ -101.610325942772633, 20.395031606240906 ], [ -101.613067620615652, 20.387636149427397 ], [ -101.619665895926076, 20.383119803951914 ], [ -101.61857214607214, 20.377473561229444 ], [ -101.62340549373296, 20.372527743499756 ], [ -101.628685601429552, 20.373071954753943 ], [ -101.633073183891014, 20.369454778850297 ], [ -101.637986003901531, 20.372442298120554 ], [ -101.638030819720285, 20.368308933870363 ], [ -101.642545341585645, 20.368615796228656 ], [ -101.641402473512073, 20.36020154870463 ], [ -101.644437165222286, 20.356273026852556 ], [ -101.641471794679433, 20.354125459832321 ], [ -101.645886074815223, 20.352078077900867 ], [ -101.645442265670724, 20.350142110864827 ], [ -101.640105142620527, 20.349640488361214 ], [ -101.641405982999714, 20.347018133018839 ], [ -101.636472334745534, 20.342791112211625 ], [ -101.635655122821689, 20.339579326653759 ], [ -101.639084135715791, 20.338124884728195 ], [ -101.636971968054425, 20.334518461025588 ], [ -101.62882076156933, 20.333767576508311 ], [ -101.629818423021334, 20.337266116622281 ], [ -101.623135038875233, 20.340130763588487 ], [ -101.620040993720153, 20.337282037022725 ], [ -101.627400158502482, 20.332878719365322 ], [ -101.626034880633227, 20.328434879886515 ], [ -101.621484246449512, 20.325978944918401 ], [ -101.629256147696296, 20.32177634051277 ], [ -101.627284148633493, 20.316101360226646 ], [ -101.631486545416209, 20.315379935475399 ], [ -101.630945742669013, 20.311213600165082 ], [ -101.633658984385917, 20.309025674543065 ], [ -101.627969983527947, 20.308404600026261 ], [ -101.628969041191795, 20.296046013447366 ], [ -101.634868388143801, 20.288887608348915 ], [ -101.624522949625359, 20.276590415413356 ], [ -101.626342168257665, 20.266495368247707 ], [ -101.632067989090757, 20.264708395332384 ], [ -101.634487951177178, 20.271171206307727 ], [ -101.639063529037742, 20.266255325914678 ], [ -101.643180065853912, 20.267291478084324 ], [ -101.644053524899959, 20.261707289213486 ], [ -101.650951209819183, 20.253433324734534 ], [ -101.644214372683393, 20.247282103976996 ], [ -101.645297502858924, 20.238948538890334 ], [ -101.646960198560663, 20.237536146214197 ], [ -101.653216925145955, 20.238935249259512 ], [ -101.655359745071664, 20.242471473676485 ], [ -101.662189923191377, 20.237558525109989 ], [ -101.668023696567403, 20.225786922209313 ], [ -101.668445019821903, 20.219906661889031 ], [ -101.665245911176683, 20.216423063295192 ], [ -101.667681678514626, 20.212756106745111 ], [ -101.673896593015201, 20.211738946716544 ], [ -101.678176134446304, 20.218066096233112 ], [ -101.686149915526727, 20.21674022790528 ], [ -101.691990896023356, 20.206126588843397 ], [ -101.689247086356389, 20.200942080565152 ], [ -101.690434527796597, 20.195508865904149 ], [ -101.69830037887273, 20.188473503140553 ], [ -101.704295627527998, 20.189402501945754 ], [ -101.710596846558289, 20.205131621594603 ], [ -101.725667274771141, 20.205141648693573 ], [ -101.726780943677042, 20.210333759206364 ], [ -101.731329866387398, 20.21458166683739 ], [ -101.732973993777861, 20.210434751784135 ], [ -101.742508121529866, 20.206659947067219 ], [ -101.743700643289486, 20.203839221404866 ], [ -101.757960493819567, 20.204474410860254 ], [ -101.75956001219464, 20.201525432127543 ], [ -101.768595311438403, 20.204816451880717 ], [ -101.778024602650603, 20.211613034207314 ], [ -101.782213908981532, 20.210288191371209 ], [ -101.785715266076608, 20.21946003685343 ], [ -101.793331155555421, 20.216528971956482 ], [ -101.798677352663674, 20.210871756065455 ], [ -101.804125265962483, 20.213701391076032 ], [ -101.808893896408463, 20.204379888637988 ], [ -101.818196335289215, 20.20124196857714 ], [ -101.825925495205283, 20.201799292131085 ], [ -101.819866811138894, 20.207758124896976 ], [ -101.828514867491194, 20.214450212321239 ], [ -101.82926214720527, 20.221714571398913 ], [ -101.832859982894632, 20.22444197342271 ], [ -101.850697144206038, 20.216936270536866 ], [ -101.855313258806376, 20.212507885396256 ], [ -101.87210648269739, 20.210297519188675 ], [ -101.872837085689014, 20.203558347888791 ], [ -101.881436925611141, 20.200158471629898 ], [ -101.878802926544765, 20.190690310589943 ], [ -101.87999071638923, 20.188133603081496 ], [ -101.884162090521727, 20.189639131731933 ], [ -101.888759938195093, 20.188431194052541 ], [ -101.886256754036523, 20.193538538338981 ], [ -101.887011157407585, 20.197659464613732 ], [ -101.894567504336507, 20.203850932560627 ], [ -101.906455247747019, 20.201816677019465 ], [ -101.910146599519479, 20.193846334667661 ], [ -101.917434101253392, 20.194081266418586 ], [ -101.919947342059544, 20.196268385714873 ], [ -101.918732305070165, 20.202427723367517 ], [ -101.916112984435628, 20.206563823404426 ], [ -101.910678370683854, 20.202561917450517 ], [ -101.906970025816946, 20.213160554388129 ], [ -101.917068343648182, 20.219126104140297 ], [ -101.928139460679247, 20.20844906892507 ], [ -101.931581946056454, 20.207865814343471 ], [ -101.93142124219689, 20.21584211833925 ], [ -101.929030763126448, 20.21729182802606 ], [ -101.933131832076427, 20.225675531325912 ], [ -101.940313710784253, 20.226863861867987 ], [ -101.937004432078709, 20.236497670981258 ], [ -101.938531088565924, 20.241248043794336 ], [ -101.932932388668135, 20.244231505410845 ], [ -101.934692476887349, 20.248940258527444 ], [ -101.940300213295146, 20.250667925258114 ], [ -101.945914450833399, 20.255701484472365 ], [ -101.94459564267946, 20.268101311176121 ], [ -101.95166613622149, 20.270983451797047 ], [ -101.946188626743748, 20.276570788865037 ], [ -101.937671504802779, 20.280674717989253 ], [ -101.937678285686758, 20.284228776191615 ], [ -101.945268366743576, 20.283721593709103 ], [ -101.947434589322427, 20.286611141123242 ], [ -101.934607428223615, 20.296879132447433 ], [ -101.943257067833073, 20.300337725079991 ], [ -101.950027074832491, 20.298219766615102 ], [ -101.959675615359174, 20.304486085123994 ], [ -101.959914950619847, 20.307254513179871 ], [ -101.956122640109157, 20.309078901026368 ], [ -101.956655643245412, 20.312673384674468 ], [ -101.950229582193856, 20.311815666658987 ], [ -101.949068088040178, 20.315082215084967 ], [ -101.95929792668548, 20.319487866342726 ], [ -101.962331605500665, 20.317871250509121 ], [ -101.96385325592297, 20.319356476258317 ], [ -101.955283787359534, 20.32718086945566 ], [ -101.947464800331986, 20.331036491018125 ], [ -101.944623464000458, 20.34141369690618 ], [ -101.961418664586731, 20.344191829357364 ], [ -101.968784377678844, 20.359838397671851 ], [ -101.987885838143228, 20.360077136488247 ], [ -101.998589955592976, 20.353578598089168 ], [ -102.008047932319954, 20.353851281767394 ], [ -102.013703173115303, 20.351648284327588 ], [ -102.011162802812649, 20.341551254000365 ], [ -102.004448180694695, 20.334203561652995 ], [ -102.005932987860007, 20.328018764953224 ], [ -102.013118795014336, 20.327844511913309 ], [ -102.017713069832567, 20.342201611292587 ], [ -102.023305809189921, 20.34388765808421 ], [ -102.025518734622437, 20.348620545823781 ], [ -102.02124135910887, 20.364978257068735 ], [ -102.009718022704206, 20.383081809535593 ], [ -102.013706891890706, 20.38896971241855 ], [ -102.01407757724553, 20.394209700334113 ], [ -102.018647563993227, 20.393165455729413 ], [ -102.022008236006741, 20.381555734560163 ], [ -102.032931851039663, 20.379278694988859 ], [ -102.043424793600451, 20.379565295377514 ], [ -102.066128025656582, 20.375388230026967 ], [ -102.082197689390156, 20.380757350426542 ], [ -102.080025381289559, 20.383132103533974 ], [ -102.08990273164062, 20.387679648273171 ], [ -102.08890718372821, 20.395120159597486 ], [ -102.086451643353016, 20.396484186107113 ], [ -102.084695661112775, 20.404999416598457 ], [ -102.081188257803859, 20.404131176818108 ], [ -102.080895142063241, 20.406983379895877 ], [ -102.077503705138113, 20.409132650861071 ], [ -102.071072995583776, 20.40855332020508 ], [ -102.07130510833305, 20.413637778117845 ], [ -102.075514044200574, 20.415291653888271 ], [ -102.075688357367554, 20.418805285036616 ], [ -102.065980560910717, 20.425170136215321 ], [ -102.071769195136795, 20.424592078181202 ], [ -102.076913174502494, 20.428932843867763 ], [ -102.073288134017403, 20.428560543495628 ], [ -102.066442870109171, 20.440588866512567 ], [ -102.062875870714038, 20.440629758282213 ], [ -102.061529273504405, 20.445052634327308 ], [ -102.057700464283784, 20.445077755607365 ], [ -102.056894900757015, 20.451341895389572 ], [ -102.051682298343721, 20.452011944522976 ], [ -102.051432196139729, 20.454237557158123 ], [ -102.047870081784666, 20.453226393818429 ], [ -102.04410405459474, 20.456131972900192 ], [ -102.045414261583673, 20.461047721968644 ], [ -102.042955140191054, 20.469281384684727 ], [ -102.044923546498012, 20.472003130073865 ], [ -102.041571040726566, 20.47451079729613 ], [ -102.045847568807488, 20.481960273495094 ], [ -102.034456261792926, 20.495006145101552 ], [ -102.034415276732702, 20.500573569121723 ], [ -102.021713086000233, 20.500619305736969 ], [ -102.019307054847957, 20.508123149234681 ], [ -102.020024932051939, 20.515021535634315 ], [ -102.010436502195077, 20.525570515665422 ], [ -102.008725347987735, 20.534249699980602 ], [ -102.003697187415312, 20.53747882038277 ], [ -102.006318010181502, 20.54369933888454 ], [ -101.995393509217692, 20.539733423349617 ], [ -101.993902677622501, 20.535485896759379 ], [ -101.991792168107665, 20.543411822685037 ], [ -101.974737567507574, 20.55199575061361 ], [ -101.96956710572266, 20.562147509742399 ], [ -101.945077998058593, 20.563540039208831 ], [ -101.928620229708869, 20.567759753377938 ], [ -101.928877914691824, 20.546678931350534 ], [ -101.899894962355546, 20.559030433121762 ], [ -101.8946865605661, 20.563466279473111 ], [ -101.894206468224283, 20.555655221897553 ], [ -101.897067766250316, 20.548993221123315 ], [ -101.882590414556219, 20.544936554516109 ], [ -101.876966957559077, 20.545776707867628 ], [ -101.875910112030226, 20.544084467873244 ], [ -101.880941898788663, 20.538988252470425 ], [ -101.881111323766092, 20.534275636581711 ], [ -101.872728915232287, 20.530616620263263 ], [ -101.874479587951839, 20.525321581315094 ], [ -101.865222146600473, 20.524144314811334 ], [ -101.860656182733706, 20.527006892130956 ], [ -101.860140077103424, 20.536267292848141 ], [ -101.855051055074483, 20.543099213365029 ], [ -101.850207083032004, 20.559520454917461 ], [ -101.834159483534066, 20.566913420698743 ], [ -101.833287205081604, 20.573239777775179 ], [ -101.824966107153429, 20.573670783310998 ], [ -101.823909477621285, 20.571895511903886 ], [ -101.808812571934965, 20.596522030251858 ], [ -101.807639004468683, 20.595077593618466 ], [ -101.785366902150457, 20.595741024770696 ], [ -101.766616251197078, 20.604332370355873 ], [ -101.753134430966767, 20.604603882173379 ], [ -101.748857351993294, 20.608331617269322 ] ] ] } },
{ "type": "Feature", "properties": { "cve_edo": "11", "cve_mpo_ine": "024", "cve_edo_mpo_ine": "11024", "nom_mpo": "PUEBLO NUEVO", "nom_edo": "Guanajuato", "alianza_ganadora": "Va por México", "margen_pp": 0.32137118371719336, "por_participacion": 66.84568564267812 }, "geometry": { "type": "Polygon", "coordinates": [ [ [ -101.306488539608935, 20.579427517803389 ], [ -101.306330416271337, 20.574575880853409 ], [ -101.311494142289092, 20.565388025883866 ], [ -101.304389408526617, 20.56128519919919 ], [ -101.305389008297738, 20.551459810416656 ], [ -101.312380665604309, 20.548578246352832 ], [ -101.313402380653372, 20.536724296845549 ], [ -101.321246270020367, 20.535609066179031 ], [ -101.323121814623661, 20.538767051041017 ], [ -101.327416485127941, 20.539362413501998 ], [ -101.339644892808678, 20.547118473545822 ], [ -101.341845356830888, 20.542199809724689 ], [ -101.340686030706991, 20.536464577473513 ], [ -101.351137006953095, 20.53675583678131 ], [ -101.367314576560801, 20.525987388948312 ], [ -101.366676455187644, 20.519913020797748 ], [ -101.369840731169404, 20.511073700216802 ], [ -101.366704792543715, 20.503537378790071 ], [ -101.387930930532761, 20.501298157011973 ], [ -101.403071319635799, 20.503104007220127 ], [ -101.402999094352708, 20.515584784639408 ], [ -101.400808358746005, 20.515824995921818 ], [ -101.402114205721034, 20.527997965893327 ], [ -101.41289032539234, 20.526833992244331 ], [ -101.417202975434932, 20.531498160628669 ], [ -101.417597064382889, 20.536909592671847 ], [ -101.414930064942027, 20.53657739113488 ], [ -101.41492345924668, 20.54454633620227 ], [ -101.409316704307074, 20.543408079304523 ], [ -101.41097576383477, 20.552995919142937 ], [ -101.406285021758663, 20.555614941818288 ], [ -101.400217191091443, 20.553915377672777 ], [ -101.401656452066504, 20.557409547420235 ], [ -101.40681698565858, 20.558422948356494 ], [ -101.405088589839977, 20.56223081859865 ], [ -101.401400729470637, 20.561470108981919 ], [ -101.397533846555049, 20.566119752377077 ], [ -101.383797138362098, 20.570791738131398 ], [ -101.368887212736965, 20.569022564330329 ], [ -101.364744530212477, 20.577480727308259 ], [ -101.345842641262166, 20.564567730154479 ], [ -101.306488539608935, 20.579427517803389 ] ] ] } },
{ "type": "Feature", "properties": { "cve_edo": "11", "cve_mpo_ine": "025", "cve_edo_mpo_ine": "11025", "nom_mpo": "PURISIMA DEL RINCON", "nom_edo": "Guanajuato", "alianza_ganadora": "Va por México", "margen_pp": 58.573655494933746, "por_participacion": 40.085398875234326 }, "geometry": { "type": "Polygon", "coordinates": [ [ [ -102.08787139746272, 20.782184583522792 ], [ -102.093988180778709, 20.771991864171859 ], [ -102.097610345404448, 20.771751419402321 ], [ -102.090139724006335, 20.785588015943816 ], [ -102.091062676988045, 20.794574985416759 ], [ -102.079940202954219, 20.801623197929523 ], [ -102.081353350953066, 20.805157474485146 ], [ -102.078371317356442, 20.808633063152786 ], [ -102.076805760865909, 20.819365126069961 ], [ -102.07972547910434, 20.828047921049844 ], [ -102.073483424274116, 20.837848806040213 ], [ -102.064742073961938, 20.838268999224361 ], [ -102.054949641079787, 20.84624284760789 ], [ -102.043416921345155, 20.845931600810101 ], [ -102.036956845567701, 20.848080226483301 ], [ -102.015407165195825, 20.868678928168993 ], [ -102.015407134180833, 20.874084318839337 ], [ -102.011995533372883, 20.879879581588536 ], [ -102.016580071809301, 20.879511699955032 ], [ -102.017214914331191, 20.882700815733479 ], [ -102.009840472828728, 20.884543016354979 ], [ -102.005068562189706, 20.890807665484147 ], [ -101.989539993869883, 20.890709597277684 ], [ -101.985778487665641, 20.896514786802122 ], [ -101.980700130863028, 20.898166734584819 ], [ -101.976990121662183, 20.897730168604099 ], [ -101.973685917666216, 20.894063309562974 ], [ -101.968082752566588, 20.901840105427162 ], [ -101.96137000624293, 20.904054863637974 ], [ -101.960113981117601, 20.908869142560544 ], [ -101.956619142935267, 20.910412584087965 ], [ -101.958848240280361, 20.916163383909474 ], [ -101.955802015355417, 20.919600882722829 ], [ -101.963493353479095, 20.922247623533654 ], [ -101.959497831719645, 20.931155890057347 ], [ -101.955969929763896, 20.934022461917383 ], [ -101.946617639526352, 20.930616473481908 ], [ -101.948651742841548, 20.929468317266362 ], [ -101.946944111407376, 20.923337137771227 ], [ -101.934792029799553, 20.931935986063774 ], [ -101.938701312409592, 20.940807055510248 ], [ -101.938032808411748, 20.951252267512892 ], [ -101.934087622415248, 20.956852894171025 ], [ -101.931407561585218, 20.967021221721648 ], [ -101.923800549361133, 20.971770133782172 ], [ -101.925464600656014, 20.972694552663608 ], [ -101.924790036337029, 20.983244555461326 ], [ -101.915370147217146, 20.991534880494733 ], [ -101.91771042295089, 20.996953823594861 ], [ -101.910112203498443, 21.011153947724043 ], [ -101.905994381699756, 21.011043156394809 ], [ -101.905700513969393, 21.015305792926231 ], [ -101.900057572412848, 21.021717346703507 ], [ -101.896899894472412, 21.022327795239843 ], [ -101.901253746496792, 21.030986235969401 ], [ -101.894289101106708, 21.049204195572614 ], [ -101.889710333535078, 21.04947566970495 ], [ -101.886613344246314, 21.052315793341663 ], [ -101.887908695812641, 21.054516998163308 ], [ -101.886159739386585, 21.057201922998541 ], [ -101.884497319163088, 21.056620640421585 ], [ -101.887540618354265, 21.062426718972784 ], [ -101.889639212644227, 21.076788993520903 ], [ -101.886600495739231, 21.079627810892319 ], [ -101.876376267993479, 21.079947144352118 ], [ -101.88082595409908, 21.087777431690888 ], [ -101.878416376499786, 21.089981783572728 ], [ -101.880625487715562, 21.093318799550623 ], [ -101.876478547754246, 21.096513686698191 ], [ -101.836194393406316, 21.096738278030998 ], [ -101.836610319922556, 21.104433072577645 ], [ -101.83155128665453, 21.105662133470918 ], [ -101.825169704473922, 21.111455565156586 ], [ -101.818420410362606, 21.107776695639672 ], [ -101.792840954574743, 21.111898330608401 ], [ -101.791320920174968, 21.109539391016003 ], [ -101.797262381236223, 21.097752915257999 ], [ -101.793442683732053, 21.066514204852833 ], [ -101.799246682314219, 21.065845632281274 ], [ -101.802673277681464, 21.055520378142656 ], [ -101.801854594151635, 21.05132419869793 ], [ -101.796447373291301, 21.049622369870921 ], [ -101.79368176330297, 21.045321849753687 ], [ -101.798542172248759, 21.04404408813155 ], [ -101.79661327494054, 21.036809295063748 ], [ -101.806671802697721, 21.036979918279229 ], [ -101.819793935080028, 21.033024891963368 ], [ -101.8137595404405, 21.043616255899206 ], [ -101.821887145275056, 21.044724605826261 ], [ -101.827233399830604, 21.041780624348554 ], [ -101.828795611319634, 21.044100245903241 ], [ -101.83563228052877, 21.045198445809369 ], [ -101.845020258793454, 21.039618354863258 ], [ -101.867365960749737, 21.036126566597133 ], [ -101.869998402369546, 21.033067388352485 ], [ -101.870398085137268, 21.027362505754628 ], [ -101.867870194095161, 21.027018665856556 ], [ -101.868250744167668, 21.023776330500159 ], [ -101.872519244472826, 21.02521580181357 ], [ -101.874129092875151, 21.004030778614865 ], [ -101.856099797491453, 20.997355887775708 ], [ -101.854941970388978, 20.992281354182303 ], [ -101.851588297981309, 20.992906105048622 ], [ -101.848441264538906, 20.989177859869685 ], [ -101.850798443197633, 20.986245037344478 ], [ -101.860926600908911, 20.985271657567715 ], [ -101.862918476971203, 20.981851748783171 ], [ -101.861129952195483, 20.977497990653962 ], [ -101.86333139797074, 20.972752220201144 ], [ -101.860762334618727, 20.970601079732713 ], [ -101.867261334469106, 20.95855599949908 ], [ -101.863293321675442, 20.958534370705756 ], [ -101.862787517448709, 20.956682172706813 ], [ -101.86514222069988, 20.929325063011049 ], [ -101.873169626119889, 20.931144185803937 ], [ -101.872238445372616, 20.934671798587456 ], [ -101.880308454174695, 20.938680501452755 ], [ -101.877941468197506, 20.946983540568034 ], [ -101.881483144882694, 20.950814017728629 ], [ -101.889991967508323, 20.941010467154012 ], [ -101.891066979909226, 20.935827284533516 ], [ -101.886566267468297, 20.937095701569895 ], [ -101.88677212030062, 20.932545978116462 ], [ -101.892848204257831, 20.918564194568031 ], [ -101.878900723146288, 20.914440150920917 ], [ -101.874280609262826, 20.915586036090065 ], [ -101.873744689367285, 20.912163689068986 ], [ -101.874521790569062, 20.909795763558094 ], [ -101.884511132224802, 20.909806924017648 ], [ -101.887199846993823, 20.902986843803152 ], [ -101.885975831368043, 20.873039846974031 ], [ -101.891622525236755, 20.85819691878611 ], [ -101.891042512569811, 20.84944344166388 ], [ -101.900276390587109, 20.850085740643351 ], [ -101.897931345265079, 20.841194364966519 ], [ -101.903459128850216, 20.829885149168383 ], [ -101.903152250558804, 20.826016421033387 ], [ -101.935185566806851, 20.809619800879886 ], [ -101.94101395373923, 20.821881086984519 ], [ -101.960091332949645, 20.815545602890808 ], [ -101.96216458522467, 20.819439138402949 ], [ -101.971120720154246, 20.818015656280146 ], [ -101.970890458521524, 20.827153286902313 ], [ -101.964268982960817, 20.827878479490241 ], [ -101.972881582542968, 20.838735343134807 ], [ -101.975811574626746, 20.832489139147263 ], [ -101.996995125703407, 20.822850937346921 ], [ -102.004152494382666, 20.82510090103592 ], [ -102.004322648367904, 20.82266961622495 ], [ -102.016720415795135, 20.824346187932758 ], [ -102.032819429697625, 20.820313983981492 ], [ -102.034280672006616, 20.825994234631359 ], [ -102.039804134668358, 20.82007246687407 ], [ -102.039134203238618, 20.815768633829354 ], [ -102.041157629841692, 20.814403243120065 ], [ -102.054411079376067, 20.817207054387033 ], [ -102.061140982568503, 20.79042716567216 ], [ -102.062066856179214, 20.788257225803815 ], [ -102.069930326224963, 20.787989241011239 ], [ -102.068944692668879, 20.781946539503195 ], [ -102.073966544268416, 20.781992975465947 ], [ -102.077585672359362, 20.784570650309362 ], [ -102.083947670969792, 20.781136121477576 ], [ -102.08787139746272, 20.782184583522792 ] ] ] } },
{ "type": "Feature", "properties": { "cve_edo": "11", "cve_mpo_ine": "026", "cve_edo_mpo_ine": "11026", "nom_mpo": "ROMITA", "nom_edo": "Guanajuato", "alianza_ganadora": "Va por México", "margen_pp": 31.606503168917058, "por_participacion": 53.155471856036826 }, "geometry": { "type": "Polygon", "coordinates": [ [ [ -101.558524625499828, 20.759168256285164 ], [ -101.557709533068902, 20.747658587395083 ], [ -101.56707709579301, 20.741390401234892 ], [ -101.570359162545387, 20.753369647791022 ], [ -101.58616484378237, 20.754556280734683 ], [ -101.589840452308096, 20.752984389002837 ], [ -101.591739985733184, 20.754493078773791 ], [ -101.598877420118612, 20.748704536442769 ], [ -101.600447154688553, 20.751788475450002 ], [ -101.594364664996235, 20.761618163107741 ], [ -101.586641702779261, 20.763401495139178 ], [ -101.59389641214166, 20.774154896279047 ], [ -101.598979217699963, 20.776578449585646 ], [ -101.626936289249386, 20.765338996875879 ], [ -101.637222589047752, 20.758189095040358 ], [ -101.640399615543544, 20.750583884339417 ], [ -101.644998127519827, 20.746777409351981 ], [ -101.645152392980265, 20.742837260545937 ], [ -101.637975893787925, 20.730354424433376 ], [ -101.639366505611079, 20.726904995709074 ], [ -101.637521590526944, 20.722519785101731 ], [ -101.627949979090204, 20.722862798824387 ], [ -101.622827542729567, 20.720527197428424 ], [ -101.626966125483179, 20.714740703294694 ], [ -101.627582415088895, 20.709263714563999 ], [ -101.635751032370706, 20.710255487159046 ], [ -101.637192614529184, 20.694697565339762 ], [ -101.634757906352149, 20.689734983043536 ], [ -101.655763017238257, 20.67626607255205 ], [ -101.663421084109828, 20.680742698645656 ], [ -101.671951793983936, 20.681493405220067 ], [ -101.670837572943427, 20.683024450450215 ], [ -101.67887279414569, 20.683137989102175 ], [ -101.688024386520311, 20.6929646113283 ], [ -101.689843736770868, 20.697633533867016 ], [ -101.688202268946682, 20.701728523971628 ], [ -101.690196436462131, 20.700898923360175 ], [ -101.690550259652468, 20.708711737335989 ], [ -101.694071838739035, 20.715982585553693 ], [ -101.704222249734414, 20.721093807171822 ], [ -101.706101304795098, 20.726093081543922 ], [ -101.696715233196727, 20.728050045110965 ], [ -101.695953080783525, 20.729828779734692 ], [ -101.701824914260769, 20.744537073205048 ], [ -101.686154611923556, 20.753938709645812 ], [ -101.684600411657783, 20.758962697939999 ], [ -101.687961020515019, 20.763048768569114 ], [ -101.678261786464304, 20.765666698709538 ], [ -101.683046127054965, 20.79031909349689 ], [ -101.686221386780829, 20.79056332149958 ], [ -101.693270880475097, 20.784179541969383 ], [ -101.702878005164038, 20.782926138275936 ], [ -101.703965103431187, 20.784605411895967 ], [ -101.707676646653056, 20.782030616510223 ], [ -101.706101338651209, 20.779324928304217 ], [ -101.708851307851546, 20.778789438222301 ], [ -101.710907286977886, 20.778842597992799 ], [ -101.71204082392704, 20.786349720236462 ], [ -101.720426279572308, 20.785732944112986 ], [ -101.725325223201935, 20.790374643957101 ], [ -101.721265354240771, 20.793161523885576 ], [ -101.717785802184295, 20.80255340588052 ], [ -101.704691132400413, 20.804165966298378 ], [ -101.703276370597365, 20.809998316470026 ], [ -101.708662360104938, 20.810573052401828 ], [ -101.69706445968967, 20.893917978270892 ], [ -101.688171640283429, 20.892805258205545 ], [ -101.690882819068747, 20.883465519295719 ], [ -101.694948535773065, 20.880844366830964 ], [ -101.694668915514896, 20.878368125670502 ], [ -101.690129653587263, 20.877523682641584 ], [ -101.694234597943918, 20.870561559713792 ], [ -101.690695689511728, 20.863254109200078 ], [ -101.680179305454757, 20.873077201516388 ], [ -101.674806088914579, 20.884728275257302 ], [ -101.666995399350938, 20.887159735111872 ], [ -101.663942768463656, 20.883308541927047 ], [ -101.659559714540123, 20.88484925022755 ], [ -101.662141149347036, 20.89660501754862 ], [ -101.641931071960784, 20.920705778368454 ], [ -101.632681574949956, 20.927100344273775 ], [ -101.600927317864404, 20.925483761521143 ], [ -101.601384206779798, 20.936851661285452 ], [ -101.588770498518628, 20.938319959217964 ], [ -101.589391328627755, 20.924168670235343 ], [ -101.578834864014411, 20.921476833897216 ], [ -101.576455014232366, 20.935979056823058 ], [ -101.561046636920636, 20.930983884661497 ], [ -101.551702167874851, 20.930923614853565 ], [ -101.555589147385291, 20.939895997184234 ], [ -101.554889974978465, 20.943724258289073 ], [ -101.519167225380571, 20.93918340834766 ], [ -101.519612516555242, 20.917810569535074 ], [ -101.498842854162618, 20.91591630188536 ], [ -101.498659877010709, 20.911120584269188 ], [ -101.502899515010725, 20.911777416317413 ], [ -101.50042014771671, 20.906634548220893 ], [ -101.502888152502791, 20.906648961166148 ], [ -101.502720350506209, 20.902969796019846 ], [ -101.499252574710596, 20.902883558506474 ], [ -101.497453656571224, 20.895913374288341 ], [ -101.507807323303751, 20.897756050940341 ], [ -101.508335518667565, 20.89609429073947 ], [ -101.497713569745216, 20.893428962494465 ], [ -101.495020370324653, 20.888955492667645 ], [ -101.495137260599904, 20.875210311347903 ], [ -101.498945770522525, 20.875104235506655 ], [ -101.498457919363915, 20.867467472189283 ], [ -101.495777580472733, 20.867406869677549 ], [ -101.500978202176924, 20.852023640843672 ], [ -101.460183281075317, 20.846899872754271 ], [ -101.464403803811194, 20.823392530196106 ], [ -101.461992012950503, 20.814277447014689 ], [ -101.459997373021366, 20.814422724453099 ], [ -101.46023574365131, 20.805858474623346 ], [ -101.452861455541722, 20.800326645120979 ], [ -101.45515836422382, 20.799921824138476 ], [ -101.452996168337009, 20.794655080287704 ], [ -101.487387330288669, 20.784034652774661 ], [ -101.494334363369788, 20.777032072790053 ], [ -101.49731390504634, 20.777417536393415 ], [ -101.506569049722302, 20.770327100323911 ], [ -101.509140693827206, 20.767603191286931 ], [ -101.510655378942289, 20.759425284071504 ], [ -101.526672297223456, 20.748886782635186 ], [ -101.558524625499828, 20.759168256285164 ] ] ] } },
{ "type": "Feature", "properties": { "cve_edo": "11", "cve_mpo_ine": "027", "cve_edo_mpo_ine": "11027", "nom_mpo": "SALAMANCA", "nom_edo": "Guanajuato", "alianza_ganadora": "Juntos Haremos Historia", "margen_pp": 8.9891386713816619, "por_participacion": 45.075303879732395 }, "geometry": { "type": "Polygon", "coordinates": [ [ [ -101.182555637359883, 20.468006168519203 ], [ -101.20157842052069, 20.471082325882861 ], [ -101.209191386098709, 20.469896410757524 ], [ -101.207432449381272, 20.467219651650616 ], [ -101.21259016868207, 20.462844363274154 ], [ -101.23462638545189, 20.449516372108949 ], [ -101.234746718906138, 20.457656532653736 ], [ -101.240437391602313, 20.468775913252561 ], [ -101.241789814217285, 20.478115192849625 ], [ -101.248825895349782, 20.480186109995294 ], [ -101.252281988160931, 20.474610279937931 ], [ -101.252285306498308, 20.481097457421747 ], [ -101.256505224772965, 20.482226532660263 ], [ -101.26260854856551, 20.479039669720176 ], [ -101.265241185803561, 20.480237809766344 ], [ -101.268998540857453, 20.48875170929616 ], [ -101.273921718475421, 20.486275247532205 ], [ -101.285417709957983, 20.493098559291123 ], [ -101.29022344802263, 20.490621593582709 ], [ -101.290755764650271, 20.496654331198961 ], [ -101.288534642875376, 20.500889669149512 ], [ -101.292688474876215, 20.52019757642384 ], [ -101.286161543752002, 20.519428596798196 ], [ -101.279706662808451, 20.526108960019275 ], [ -101.281401629808087, 20.529063278682727 ], [ -101.293445137977784, 20.529830379561748 ], [ -101.294988504348083, 20.534152822060879 ], [ -101.298233556546734, 20.535137622166577 ], [ -101.305561275231085, 20.53138196043783 ], [ -101.306253544283322, 20.527397608073414 ], [ -101.310292647166236, 20.526838400515356 ], [ -101.30826374374746, 20.53816985395774 ], [ -101.312917016219046, 20.539132558979322 ], [ -101.312380665604309, 20.548578246352832 ], [ -101.305496817279547, 20.550920045303709 ], [ -101.304389408526617, 20.56128519919919 ], [ -101.311494142289092, 20.565388025883866 ], [ -101.306330416271337, 20.574575880853409 ], [ -101.304741438967937, 20.585914427275387 ], [ -101.28623582094977, 20.607918485924667 ], [ -101.268651974295452, 20.617062490118109 ], [ -101.268102283152487, 20.623596102973327 ], [ -101.261311400840839, 20.627583846549111 ], [ -101.256873825175418, 20.643977779709243 ], [ -101.251617802678737, 20.648587296072371 ], [ -101.27771962729571, 20.666749723759128 ], [ -101.273208317473859, 20.680726811189068 ], [ -101.266459439520176, 20.684431412963722 ], [ -101.267484997232131, 20.689300005167805 ], [ -101.263840329471094, 20.692501630995039 ], [ -101.264354972905181, 20.701724258594794 ], [ -101.259840557456585, 20.705601417269797 ], [ -101.257740046665603, 20.713125549279376 ], [ -101.252893001034707, 20.714813836265087 ], [ -101.249240122217842, 20.720954215991995 ], [ -101.239037716184257, 20.722185518195317 ], [ -101.231407842713395, 20.726067870303019 ], [ -101.22422205847225, 20.738635756488275 ], [ -101.208564074868676, 20.743921376566895 ], [ -101.206667336251101, 20.74639203761777 ], [ -101.182214443948112, 20.752599290594787 ], [ -101.202886881511361, 20.75838396584761 ], [ -101.198862395112485, 20.764720093871055 ], [ -101.187605526987596, 20.768451892607651 ], [ -101.193840858625293, 20.768785434809921 ], [ -101.174277727271246, 20.785349322164635 ], [ -101.160586757139484, 20.814220417781186 ], [ -101.150504332519603, 20.817975508047663 ], [ -101.15219131626624, 20.824478998344301 ], [ -101.147472949904241, 20.832317394525948 ], [ -101.149130721652853, 20.83682590618897 ], [ -101.152130238280165, 20.838364464965057 ], [ -101.15063684337548, 20.843040872258161 ], [ -101.146940777836605, 20.844255505510937 ], [ -101.145931939245386, 20.851835203194998 ], [ -101.128651799873509, 20.855438183567056 ], [ -101.125360281325698, 20.860180433373888 ], [ -101.116821542332119, 20.864952123600954 ], [ -101.103968881783842, 20.865000790882327 ], [ -101.099604023946952, 20.860777571719471 ], [ -101.068437453671379, 20.875078180564742 ], [ -101.053125486962955, 20.856943241291368 ], [ -101.053919026473238, 20.854608726742473 ], [ -101.05658227135244, 20.855669326238683 ], [ -101.062824515092927, 20.851338593591795 ], [ -101.061617757668913, 20.844653701737862 ], [ -101.072634187905862, 20.836377372480428 ], [ -101.072584484374801, 20.828186741752329 ], [ -101.062184041999473, 20.816167723672631 ], [ -101.069532476748336, 20.810668215727212 ], [ -101.073656426942151, 20.802215998674452 ], [ -101.085605895481436, 20.801184286995298 ], [ -101.091806387857289, 20.793784928057864 ], [ -101.104302232324883, 20.785719026375165 ], [ -101.109191902515988, 20.77742213456802 ], [ -101.1148152660611, 20.754648273779001 ], [ -101.120309203470754, 20.751581056525449 ], [ -101.123289270065342, 20.75395197389992 ], [ -101.125305248880608, 20.750765279053024 ], [ -101.112214702597186, 20.742318287856389 ], [ -101.103472378245755, 20.728990803534458 ], [ -101.103987798263859, 20.721076843626037 ], [ -101.109916236638725, 20.717141681755031 ], [ -101.117651668067793, 20.717650904760589 ], [ -101.117670254163045, 20.713469711579233 ], [ -101.113568085151172, 20.710589914923887 ], [ -101.096966741897575, 20.715796264826949 ], [ -101.089144626286625, 20.715370129204178 ], [ -101.090433330323989, 20.707983241265904 ], [ -101.084970859110499, 20.70810266820224 ], [ -101.082989554070636, 20.705522980211928 ], [ -101.076321781983552, 20.682229066951468 ], [ -101.078545827543209, 20.670937686897357 ], [ -101.074506935292078, 20.661018534735902 ], [ -101.067004796134583, 20.662035523365443 ], [ -101.053869859392407, 20.659819784704872 ], [ -101.050760500751252, 20.652784636479858 ], [ -101.059921061721795, 20.649012827043713 ], [ -101.051831590570515, 20.628179849538991 ], [ -101.066353949612392, 20.621972832112046 ], [ -101.083764174450849, 20.623671729685292 ], [ -101.083249175448472, 20.620905498736793 ], [ -101.07077832298522, 20.619592089180099 ], [ -101.067112622108624, 20.601635991088035 ], [ -101.072667269926114, 20.598015691054108 ], [ -101.072152739018122, 20.595769587406984 ], [ -101.057969816121584, 20.579203816971869 ], [ -101.066921131846101, 20.580517592167094 ], [ -101.059804450657282, 20.547385102314482 ], [ -101.063383442211688, 20.547293387460577 ], [ -101.067747840293478, 20.563086946399682 ], [ -101.083010193997154, 20.563078026325034 ], [ -101.083932344136031, 20.565631525429204 ], [ -101.086370269968768, 20.563941036804906 ], [ -101.092799307491859, 20.565679824306823 ], [ -101.102057608972856, 20.575515322315027 ], [ -101.109321780078531, 20.574583326216892 ], [ -101.11193358314668, 20.562085635327737 ], [ -101.083211226709182, 20.561005343996875 ], [ -101.078063328585372, 20.551267297518415 ], [ -101.077231578026613, 20.539812163797723 ], [ -101.085234908737164, 20.537504741134995 ], [ -101.086040314305649, 20.522093749413465 ], [ -101.073623170166712, 20.52359418958725 ], [ -101.070522216589751, 20.520516907649885 ], [ -101.071501893268646, 20.514780533879499 ], [ -101.062293221618063, 20.508065069904564 ], [ -101.048729676370286, 20.507350230494392 ], [ -101.039162241715758, 20.509350455261245 ], [ -101.044443597656368, 20.479059027340639 ], [ -101.035242108304232, 20.47474390507157 ], [ -101.036266977650655, 20.467457871758853 ], [ -101.044622352972411, 20.468614154879575 ], [ -101.044496437706243, 20.465186909220009 ], [ -101.052194150170408, 20.461813319992764 ], [ -101.04413237148448, 20.457337328779612 ], [ -101.044137737502027, 20.448315830332714 ], [ -101.04851296069738, 20.450098004722108 ], [ -101.054025207014121, 20.447793945387271 ], [ -101.060647697272344, 20.44995473516386 ], [ -101.062697216435367, 20.452975048219319 ], [ -101.070728347299379, 20.453113029862987 ], [ -101.074432756618236, 20.436176504300825 ], [ -101.079356468531955, 20.436143527757388 ], [ -101.084802851116152, 20.444210748826155 ], [ -101.084973833473853, 20.452434467188766 ], [ -101.093415202875477, 20.452572073329744 ], [ -101.096989496462982, 20.455676985112593 ], [ -101.102206616167791, 20.456180970622615 ], [ -101.101324785916333, 20.461386356552186 ], [ -101.107010894211825, 20.462345456148118 ], [ -101.114278263540427, 20.467521635712821 ], [ -101.113807086592345, 20.473058230967077 ], [ -101.118672563141715, 20.474883481930835 ], [ -101.125352869131802, 20.485678148729875 ], [ -101.129632245874177, 20.488535292453051 ], [ -101.138369632406722, 20.483960187105197 ], [ -101.13897225587445, 20.474346119521464 ], [ -101.146773159652113, 20.479689577561594 ], [ -101.148974200350267, 20.478631241845587 ], [ -101.150559048330891, 20.480467640093853 ], [ -101.153221171332262, 20.47774072689122 ], [ -101.157083824673776, 20.484904300891333 ], [ -101.163405608521543, 20.475809562838609 ], [ -101.166400064763067, 20.474568245826315 ], [ -101.180173052358299, 20.477109408229516 ], [ -101.182752611034701, 20.476327062295685 ], [ -101.182555637359883, 20.468006168519203 ] ] ] } },
{ "type": "Feature", "properties": { "cve_edo": "11", "cve_mpo_ine": "028", "cve_edo_mpo_ine": "11028", "nom_mpo": "SALVATIERRA", "nom_edo": "Guanajuato", "alianza_ganadora": "Va por México", "margen_pp": 7.4696626603959819, "por_participacion": 40.263702352982435 }, "geometry": { "type": "Polygon", "coordinates": [ [ [ -100.89147142160833, 20.38312735544368 ], [ -100.890848744778935, 20.378306547428792 ], [ -100.8874557725903, 20.378680748290616 ], [ -100.88031301489427, 20.374749824868754 ], [ -100.879335289391122, 20.358887545455559 ], [ -100.882275696289966, 20.346830911635738 ], [ -100.873254729670208, 20.351129762799186 ], [ -100.867102516609322, 20.346688460331666 ], [ -100.865415291273138, 20.347538372444134 ], [ -100.866203280652215, 20.345166047440557 ], [ -100.863387838373114, 20.349221451912079 ], [ -100.862358058660945, 20.346705880604961 ], [ -100.859753846340737, 20.349059238876812 ], [ -100.84729522695261, 20.346062954597905 ], [ -100.828315000447077, 20.345963935527031 ], [ -100.829547431595415, 20.328498956035208 ], [ -100.822333996913258, 20.327799271773202 ], [ -100.821657489318142, 20.325362005574135 ], [ -100.804295238900821, 20.318940248416585 ], [ -100.807941411455602, 20.315621782843554 ], [ -100.820968359182814, 20.317536516880466 ], [ -100.821704465501512, 20.320055964436182 ], [ -100.829239740055442, 20.318554984303702 ], [ -100.831123927865931, 20.310490921816296 ], [ -100.830052906696622, 20.309219069488364 ], [ -100.827398975088002, 20.312235734073337 ], [ -100.825049377356564, 20.302855414261742 ], [ -100.83506598154726, 20.289842703731402 ], [ -100.83439101737919, 20.286491664907089 ], [ -100.828943823717722, 20.286290418066077 ], [ -100.831340054230239, 20.279507434628432 ], [ -100.841239390784011, 20.27665722133079 ], [ -100.836057679074571, 20.26834235897163 ], [ -100.8363606928949, 20.259069435087191 ], [ -100.822634407317821, 20.260574454945946 ], [ -100.825018150178693, 20.253088370958341 ], [ -100.815511909839174, 20.251628223460596 ], [ -100.816295882299713, 20.246319534846812 ], [ -100.808859536836266, 20.246066880547183 ], [ -100.827919170558218, 20.241787369368673 ], [ -100.829098471087278, 20.238996137635407 ], [ -100.821974681410765, 20.236546066006461 ], [ -100.816059735317538, 20.239579148130222 ], [ -100.806085169643367, 20.234733179546676 ], [ -100.80554512564116, 20.230645663608268 ], [ -100.80373112095981, 20.237294880675517 ], [ -100.793928386431517, 20.235548615512883 ], [ -100.789381888405629, 20.229870004623393 ], [ -100.787480794993058, 20.208136576808339 ], [ -100.782718675263666, 20.206805644295148 ], [ -100.77210462449051, 20.208753422171785 ], [ -100.773717579803204, 20.193832387222272 ], [ -100.78257961954796, 20.19547079942193 ], [ -100.788561588665459, 20.192975715463163 ], [ -100.789483493846674, 20.182120484778668 ], [ -100.785969095087111, 20.175142535045939 ], [ -100.786582822662936, 20.170084868952518 ], [ -100.811698114564322, 20.161408009619183 ], [ -100.821241335583153, 20.155337741715087 ], [ -100.824039049642778, 20.151486075742898 ], [ -100.821408231447862, 20.1449083719057 ], [ -100.827950300269663, 20.141161793936572 ], [ -100.828564239572117, 20.146116954860918 ], [ -100.8368935599336, 20.14093441029361 ], [ -100.834251444338335, 20.133736463404524 ], [ -100.841923991578838, 20.131129628986098 ], [ -100.845756828289893, 20.126350613261366 ], [ -100.847576333250132, 20.126734804933207 ], [ -100.845865304967859, 20.129162379199649 ], [ -100.848381914530876, 20.129286983011838 ], [ -100.858720032603202, 20.125353456425319 ], [ -100.856937568105593, 20.123768894718111 ], [ -100.858940076288562, 20.114757808189427 ], [ -100.857291754960386, 20.11085403682009 ], [ -100.860539993249887, 20.10285700673122 ], [ -100.871824942779739, 20.101383575140865 ], [ -100.876933577662669, 20.10742962739036 ], [ -100.87620198574173, 20.109013882092707 ], [ -100.881652228662247, 20.11297910821472 ], [ -100.881663412860391, 20.120095400866088 ], [ -100.888831215019394, 20.122004752037686 ], [ -100.894249893045156, 20.113310151909097 ], [ -100.891779339070865, 20.107185358683893 ], [ -100.894449355399956, 20.102879700657564 ], [ -100.890958481473476, 20.100578936082222 ], [ -100.894510451151035, 20.09332113109064 ], [ -100.882730744505153, 20.091694673091887 ], [ -100.876321628515086, 20.096144291049562 ], [ -100.874078311842595, 20.09167119155919 ], [ -100.874934720462832, 20.087271394586715 ], [ -100.872367772054446, 20.087561704843878 ], [ -100.874102453622214, 20.086498908276916 ], [ -100.871391211457436, 20.085260687298135 ], [ -100.870602508953127, 20.080391325901989 ], [ -100.876419074983616, 20.082033796294574 ], [ -100.887288219837842, 20.07858660491722 ], [ -100.890212371153609, 20.06893947742752 ], [ -100.885378395274927, 20.066660659084196 ], [ -100.889237984210268, 20.057756097979507 ], [ -100.897831052398232, 20.053877514125059 ], [ -100.901397982935947, 20.060438556891263 ], [ -100.905455118117928, 20.061778179632434 ], [ -100.907106107116334, 20.059351109616234 ], [ -100.911211918667064, 20.060151922757949 ], [ -100.911417591786559, 20.052163212359638 ], [ -100.918251482584907, 20.055152829414148 ], [ -100.921641212343289, 20.04231173551409 ], [ -100.924854443922612, 20.042258242777102 ], [ -100.924727446885811, 20.032082242455285 ], [ -100.936430943456784, 20.02977686910447 ], [ -100.936655457825808, 20.016491977970759 ], [ -100.955318181004401, 20.011421076442602 ], [ -100.954653445008915, 20.007046604550908 ], [ -100.958651616075869, 20.005241640331427 ], [ -100.960218981739146, 20.007863184301367 ], [ -100.978323551823266, 20.016907772901405 ], [ -100.98391565104599, 20.025418591165352 ], [ -101.001299213098591, 20.0300047711704 ], [ -100.997949837130861, 20.036507348075009 ], [ -100.999932591994224, 20.040165833406551 ], [ -100.996910045068859, 20.042263865554411 ], [ -100.994341816824473, 20.05494718184703 ], [ -100.997466919676313, 20.056424658940312 ], [ -100.996982421083032, 20.061770060438295 ], [ -100.991622824392266, 20.065833310618888 ], [ -100.977975063544193, 20.067389355548286 ], [ -100.979006815504121, 20.072584891091484 ], [ -100.977143128980018, 20.076091884420169 ], [ -100.994507638480741, 20.076334255776516 ], [ -100.999688551216607, 20.078422728774051 ], [ -101.002227547495664, 20.076277793508176 ], [ -101.011866654215481, 20.079958928612307 ], [ -101.002690211066138, 20.087615260998874 ], [ -101.001869794581197, 20.091352100130496 ], [ -100.997343904682097, 20.093523273590353 ], [ -101.005826797541332, 20.10185669768827 ], [ -101.006140403752752, 20.107151714591886 ], [ -100.996299372623795, 20.109608916758638 ], [ -100.99409357675431, 20.107329714672634 ], [ -100.995849629118425, 20.110568179438882 ], [ -100.994432631613662, 20.112950644662536 ], [ -100.986465138695564, 20.118340935581564 ], [ -100.981216852203175, 20.112803528521813 ], [ -100.978183797599996, 20.113186067769014 ], [ -100.978466097666754, 20.115787783749369 ], [ -100.97280051435709, 20.116090825841276 ], [ -100.974604712663904, 20.118790853913836 ], [ -100.971665363248249, 20.117930499704734 ], [ -100.972766634879818, 20.12055971612217 ], [ -100.970280185537064, 20.122049937971617 ], [ -100.974315563066128, 20.125249988024766 ], [ -100.975602352764781, 20.131558244167923 ], [ -100.962456586064945, 20.128967601009929 ], [ -100.964425186773255, 20.121611214644648 ], [ -100.959119670835321, 20.109785292993411 ], [ -100.960354521131791, 20.10384802680457 ], [ -100.955062149296452, 20.099013834949883 ], [ -100.954912214860826, 20.08772133974232 ], [ -100.944172604762869, 20.091791079441446 ], [ -100.941804059760315, 20.099691869356409 ], [ -100.944473069857452, 20.108128710526088 ], [ -100.941808549819456, 20.122199175637167 ], [ -100.943115937744821, 20.126521472569916 ], [ -100.9390896826567, 20.133332983438297 ], [ -100.942004384533604, 20.139200512047729 ], [ -100.947195927144023, 20.141678414132002 ], [ -100.947049037428599, 20.146397480371594 ], [ -100.945358266834916, 20.146674162906642 ], [ -100.945381379919297, 20.151100754674783 ], [ -100.93164579282309, 20.151496724498976 ], [ -100.924593930886033, 20.149628682484593 ], [ -100.927500892938411, 20.155082847933716 ], [ -100.926998849626386, 20.159600999083327 ], [ -100.929058872174991, 20.157125489279249 ], [ -100.940104576916696, 20.166249449825742 ], [ -100.941098016788871, 20.182078859561525 ], [ -100.938697549899061, 20.181953692999269 ], [ -100.938295251300232, 20.185518580681819 ], [ -100.953680916103977, 20.195106400967408 ], [ -100.960402032164581, 20.194785927452269 ], [ -100.962027784265942, 20.197282172191258 ], [ -100.963924521245815, 20.195471000780749 ], [ -100.964909376373683, 20.198102191656609 ], [ -100.988213258600155, 20.2055251033314 ], [ -100.994171490339781, 20.201947909151517 ], [ -100.992977360640694, 20.206891684129523 ], [ -101.019044465890943, 20.210188731881356 ], [ -101.017860367235059, 20.205402261935514 ], [ -101.020479000920076, 20.204539267909162 ], [ -101.01970231797398, 20.199623160660188 ], [ -101.037622305445083, 20.205680764006335 ], [ -101.039690077138815, 20.210201239296207 ], [ -101.04737684247678, 20.21183611959011 ], [ -101.048767061357253, 20.214756593614652 ], [ -101.046057021033718, 20.217277189458461 ], [ -101.043982187020291, 20.226868318911333 ], [ -101.037001573035468, 20.236981048177153 ], [ -101.034862454821877, 20.24624178830577 ], [ -101.031950807885565, 20.247108983352469 ], [ -101.045580120267914, 20.251998880722869 ], [ -101.040213262850017, 20.269073028369874 ], [ -101.041004758369255, 20.27740529847517 ], [ -101.023374918508608, 20.28393415215659 ], [ -101.017808849853736, 20.283272572715216 ], [ -101.010000335655079, 20.292536340110669 ], [ -101.005973390103264, 20.286981152203847 ], [ -100.999660873215703, 20.306198355814804 ], [ -100.989321175209909, 20.307950544249987 ], [ -100.990953524023837, 20.311534948318865 ], [ -100.989653106612579, 20.314784788044523 ], [ -100.98143066927048, 20.313110199957048 ], [ -100.978513006602213, 20.317956045457258 ], [ -100.980988601187164, 20.323187389672462 ], [ -100.979694853345705, 20.331037606996404 ], [ -100.970010486354681, 20.337836665810954 ], [ -100.936034998953403, 20.341715379529195 ], [ -100.895030032975427, 20.341448509777322 ], [ -100.897871305482425, 20.352147662340442 ], [ -100.89147142160833, 20.38312735544368 ] ] ] } },
{ "type": "Feature", "properties": { "cve_edo": "11", "cve_mpo_ine": "029", "cve_edo_mpo_ine": "11029", "nom_mpo": "SAN DIEGO DE LA UNION", "nom_edo": "Guanajuato", "alianza_ganadora": "Va por México", "margen_pp": 5.494148244473342, "por_participacion": 52.336066968387385 }, "geometry": { "type": "Polygon", "coordinates": [ [ [ -100.89353395169779, 21.323281870042528 ], [ -100.899789615864748, 21.324057019477642 ], [ -100.903369995619499, 21.341827267589164 ], [ -100.908453810567579, 21.342298265481777 ], [ -100.908660380502837, 21.339933152213032 ], [ -100.92395794527225, 21.340944517983228 ], [ -100.926340587805328, 21.342943526157672 ], [ -100.928385328981435, 21.335559176789939 ], [ -100.926141427797958, 21.33546085471643 ], [ -100.928766566917361, 21.332618715272226 ], [ -100.924767852911017, 21.323070571422132 ], [ -100.930593193908265, 21.321473697250692 ], [ -100.926616753434175, 21.319410291047067 ], [ -100.931436107501384, 21.31757680173007 ], [ -100.939716971596908, 21.319301013921912 ], [ -100.951826912750931, 21.312834705040522 ], [ -100.952659702191809, 21.315477444052718 ], [ -100.959103838630639, 21.317684014918861 ], [ -100.958695782210711, 21.335194255100546 ], [ -100.98446077794506, 21.337776450610694 ], [ -100.988200636390346, 21.342686365942164 ], [ -100.991777719814692, 21.342179688842609 ], [ -100.993851723492, 21.347125095580449 ], [ -101.004834838735619, 21.354181499597289 ], [ -101.01322071243699, 21.34639821632874 ], [ -101.006258798759163, 21.34259113604152 ], [ -101.014376418806137, 21.337018267450045 ], [ -101.009641343062498, 21.32935001048444 ], [ -101.021916022223294, 21.329601869289327 ], [ -101.019737563334999, 21.331871415454966 ], [ -101.02222452447576, 21.332017884578192 ], [ -101.028296166346479, 21.327488458253786 ], [ -101.030801816114632, 21.321714381349498 ], [ -101.03628076725164, 21.325292981136531 ], [ -101.042636798479791, 21.325820581834531 ], [ -101.042924641093009, 21.333211494598242 ], [ -101.036214048448628, 21.332420190748049 ], [ -101.040965933877857, 21.349290695967436 ], [ -101.039199624827333, 21.349247835637097 ], [ -101.037956741938956, 21.35565430666411 ], [ -101.040951042670599, 21.364462081969521 ], [ -101.026131814451503, 21.401199390767914 ], [ -101.023578141066352, 21.420874444350137 ], [ -101.021693986683928, 21.420045917038241 ], [ -101.010200849934677, 21.425408921556709 ], [ -101.000380672111717, 21.422920889341263 ], [ -100.994675643380035, 21.424973821265137 ], [ -100.989717032856888, 21.419946539654386 ], [ -100.973682942735834, 21.417241606319632 ], [ -100.972138744303194, 21.421725827498953 ], [ -100.963385769170699, 21.431174288019424 ], [ -100.968785776098045, 21.444012740494998 ], [ -100.950642955385334, 21.453777625113283 ], [ -100.957644122771001, 21.4671766683668 ], [ -100.977929414696007, 21.469212269018843 ], [ -100.985929609401751, 21.476643429290831 ], [ -100.98660943015166, 21.484492159034382 ], [ -100.991867332913188, 21.484470911000979 ], [ -100.995420995717637, 21.490424465981064 ], [ -101.000639090688949, 21.491854696532474 ], [ -101.000387250130842, 21.498124634191019 ], [ -101.008411187397996, 21.496717260722235 ], [ -101.004392568271641, 21.538847115891045 ], [ -100.983458394182932, 21.537099817900355 ], [ -100.944423800852746, 21.554389354363472 ], [ -100.936116348919114, 21.560712094930508 ], [ -100.936355366047351, 21.566332727347952 ], [ -100.924055383727833, 21.58530336170702 ], [ -100.927888259794216, 21.590435022862714 ], [ -100.923959083412797, 21.592663705674457 ], [ -100.926966087355666, 21.597803222150716 ], [ -100.872278984562669, 21.593932519756589 ], [ -100.857671624788907, 21.618997976449496 ], [ -100.816081725261256, 21.601856414672476 ], [ -100.809759749830931, 21.591518687702877 ], [ -100.79267790345294, 21.594686812575706 ], [ -100.773663538711631, 21.587574275966311 ], [ -100.770525144096354, 21.598393012232854 ], [ -100.764814516940291, 21.587856882583591 ], [ -100.758404332225524, 21.584107527808509 ], [ -100.754639695389528, 21.585338605799805 ], [ -100.750553783412244, 21.580605765058483 ], [ -100.746421674264866, 21.568266014417837 ], [ -100.740230111978676, 21.562522629590198 ], [ -100.738121067309621, 21.551821517496911 ], [ -100.730071438623654, 21.536740096059159 ], [ -100.719519900743407, 21.53752785698742 ], [ -100.719328106693567, 21.529749329404289 ], [ -100.714130272555849, 21.529004280010898 ], [ -100.717744002823054, 21.524423465570504 ], [ -100.726582251859213, 21.52344265252178 ], [ -100.726463721805246, 21.517194736058194 ], [ -100.741589925868055, 21.513886758665958 ], [ -100.741188676712866, 21.50896542211083 ], [ -100.704899135065915, 21.513309974195575 ], [ -100.696319880498351, 21.504065803767642 ], [ -100.697769489312932, 21.501405929441852 ], [ -100.702065077607202, 21.500379125244866 ], [ -100.704336700409726, 21.491049987043766 ], [ -100.704435744938152, 21.482731082543161 ], [ -100.700176103273648, 21.481233225299444 ], [ -100.699143268432451, 21.477971969821702 ], [ -100.703902656147491, 21.45724283721216 ], [ -100.691170418791728, 21.432014923217359 ], [ -100.69554207608698, 21.426683856122565 ], [ -100.687462071859329, 21.419793842948195 ], [ -100.687194328781644, 21.416319625497543 ], [ -100.68359308776509, 21.415685206396464 ], [ -100.678076721807656, 21.398966804604772 ], [ -100.672533495197982, 21.398595271629588 ], [ -100.66885166979722, 21.395519421051358 ], [ -100.645164235663827, 21.401955405113476 ], [ -100.621440648375156, 21.399094898076573 ], [ -100.616972939989935, 21.40111066965197 ], [ -100.612822983469371, 21.397786744943982 ], [ -100.605122167507133, 21.40131310383012 ], [ -100.605205025613088, 21.396057813866385 ], [ -100.597975566989561, 21.390643518592995 ], [ -100.604215894121751, 21.371486947345677 ], [ -100.59855024864018, 21.37057234142366 ], [ -100.598670470076343, 21.362006683923351 ], [ -100.608977196716879, 21.360573768311667 ], [ -100.611989589451042, 21.361464192518159 ], [ -100.612597926090288, 21.364273745233824 ], [ -100.615785823115885, 21.356184354143643 ], [ -100.622291608967416, 21.359368485495612 ], [ -100.623157022382017, 21.356590538768504 ], [ -100.619426454324227, 21.354091422175912 ], [ -100.617672780216949, 21.347524277456898 ], [ -100.603693702646993, 21.346126786577713 ], [ -100.607856727416802, 21.33397627739863 ], [ -100.659488337285879, 21.367805481997415 ], [ -100.662701343825503, 21.363645816305461 ], [ -100.659973513542141, 21.361347606367747 ], [ -100.67063915831514, 21.358673389306556 ], [ -100.678078571597254, 21.360396304842133 ], [ -100.681647856410237, 21.364135020597583 ], [ -100.68354403002968, 21.358864641325631 ], [ -100.688305439285742, 21.357669301437884 ], [ -100.690821275943563, 21.362160837171498 ], [ -100.6946190965201, 21.358696597727846 ], [ -100.688851719394378, 21.346574026863692 ], [ -100.69073985071563, 21.340475953944924 ], [ -100.702002854840359, 21.34167174241357 ], [ -100.703007969249583, 21.335704573577715 ], [ -100.700932519913437, 21.327857642249466 ], [ -100.702891812054204, 21.316792770650164 ], [ -100.71171975939167, 21.316020453571834 ], [ -100.711502628523846, 21.311676789894989 ], [ -100.716263415584208, 21.310604911726372 ], [ -100.715878764126529, 21.307255796354333 ], [ -100.733275269174214, 21.300960386482348 ], [ -100.738767670398687, 21.301399997903179 ], [ -100.742251417713049, 21.313936375581431 ], [ -100.746593662872002, 21.31759936958516 ], [ -100.758812400138595, 21.317651484684195 ], [ -100.763003610445097, 21.323811027734422 ], [ -100.761613401760755, 21.332593120616725 ], [ -100.769142736033388, 21.335987935778562 ], [ -100.796226277626772, 21.317255977128482 ], [ -100.797022487438952, 21.326097581798706 ], [ -100.803697813496484, 21.326687773806807 ], [ -100.807457945362259, 21.319079329635656 ], [ -100.812950637168896, 21.319475103091133 ], [ -100.81779446833346, 21.325750165421443 ], [ -100.834655903010798, 21.312374719458084 ], [ -100.844967072255358, 21.310773141849069 ], [ -100.842662327437949, 21.316215903679268 ], [ -100.836827637668875, 21.320801851959114 ], [ -100.831055719039497, 21.319856173879206 ], [ -100.831198865788849, 21.324777496141319 ], [ -100.837949575001048, 21.32859126133015 ], [ -100.840790699144691, 21.335135593767586 ], [ -100.85066365588996, 21.336681332920666 ], [ -100.850760252716555, 21.340319480304917 ], [ -100.853363083429727, 21.340869750641321 ], [ -100.857957812333268, 21.334284977909086 ], [ -100.869759348490064, 21.345278392583097 ], [ -100.872112771244801, 21.32763524090878 ], [ -100.894560959672319, 21.329575464791088 ], [ -100.89353395169779, 21.323281870042528 ] ] ] } },
{ "type": "Feature", "properties": { "cve_edo": "11", "cve_mpo_ine": "030", "cve_edo_mpo_ine": "11030", "nom_mpo": "SAN FELIPE", "nom_edo": "Guanajuato", "alianza_ganadora": "Juntos Haremos Historia", "margen_pp": 3.3613880616340799, "por_participacion": 44.989572532068834 }, "geometry": { "type": "Polygon", "coordinates": [ [ [ -101.530194358523076, 21.395597239015171 ], [ -101.524953096508582, 21.395797470166354 ], [ -101.507763216454137, 21.389207190162317 ], [ -101.503055589825564, 21.385565513999374 ], [ -101.501530885323703, 21.378788442218934 ], [ -101.496521932989623, 21.382788666081165 ], [ -101.493816038809967, 21.379934386938618 ], [ -101.488043673008477, 21.381619866274889 ], [ -101.483264413941896, 21.390701374537571 ], [ -101.478197254763629, 21.393213833831453 ], [ -101.476538369823189, 21.402341186922499 ], [ -101.470531549203983, 21.402042850253345 ], [ -101.465404432559097, 21.404926693140975 ], [ -101.463993715672615, 21.40256969433516 ], [ -101.462870583313034, 21.40607942659031 ], [ -101.456622153472054, 21.4105724183534 ], [ -101.445911958185121, 21.40344900415338 ], [ -101.444904503516128, 21.408239537012577 ], [ -101.438593424697274, 21.415004000035886 ], [ -101.429692977765754, 21.4196567555481 ], [ -101.402427695454733, 21.415392173414027 ], [ -101.398478495376168, 21.417119635098437 ], [ -101.396538809620409, 21.414595683904448 ], [ -101.392063391410744, 21.413925759944771 ], [ -101.390959277162793, 21.404917129570958 ], [ -101.386018059243185, 21.401271465502667 ], [ -101.374704676856098, 21.404181233309998 ], [ -101.362374645446778, 21.4150617748077 ], [ -101.343814006603168, 21.418118913328893 ], [ -101.346163781774266, 21.42138815815721 ], [ -101.342739194205464, 21.425429214544153 ], [ -101.334423163087052, 21.430326473003909 ], [ -101.329880654343299, 21.430175753820063 ], [ -101.332595361309089, 21.435174371715721 ], [ -101.330892497174503, 21.440259745848611 ], [ -101.333194186124942, 21.444390750160217 ], [ -101.329470616703887, 21.447095567250607 ], [ -101.332966899382157, 21.452202624453946 ], [ -101.332091458583662, 21.459891114516815 ], [ -101.338362480339597, 21.463635567924189 ], [ -101.337233138585674, 21.468549459728756 ], [ -101.341886202667567, 21.469592950347067 ], [ -101.34157426273066, 21.478433619781725 ], [ -101.346400566714067, 21.481501763041638 ], [ -101.330591214788257, 21.4893205388883 ], [ -101.329299930344732, 21.494033551449828 ], [ -101.325704407343792, 21.49308630760904 ], [ -101.31952364300092, 21.499539673371785 ], [ -101.316197696626602, 21.499961868170079 ], [ -101.314079469742978, 21.509736393511766 ], [ -101.307432175046117, 21.510395102984322 ], [ -101.281662322859262, 21.52508223708298 ], [ -101.288365616995293, 21.540869578915594 ], [ -101.2870700805572, 21.545673735348863 ], [ -101.295189804877296, 21.546963583330282 ], [ -101.298485361213224, 21.543651955403476 ], [ -101.303015979000421, 21.543530629451286 ], [ -101.304310164891376, 21.546016818130806 ], [ -101.305604854186186, 21.543863638343147 ], [ -101.31113563144136, 21.545026811680039 ], [ -101.311665358651112, 21.542044689781353 ], [ -101.315960538128778, 21.54159149878339 ], [ -101.336444399873713, 21.565974062631184 ], [ -101.342822230514315, 21.568406565904287 ], [ -101.354501088370256, 21.564799730376862 ], [ -101.371231938787872, 21.571835061687331 ], [ -101.369515708380774, 21.578049982903721 ], [ -101.371062224751682, 21.584371306613967 ], [ -101.363591945578378, 21.598141423047274 ], [ -101.355615837180579, 21.626624339651119 ], [ -101.349770669995081, 21.626506385116137 ], [ -101.338463881330711, 21.67747431948278 ], [ -101.392491172206661, 21.671420469061559 ], [ -101.391736082500586, 21.677413729668096 ], [ -101.398112287089162, 21.676992153481567 ], [ -101.406672646698226, 21.674996777851256 ], [ -101.404252705075479, 21.670306219162537 ], [ -101.440138412714646, 21.666971298387388 ], [ -101.443936745156662, 21.698454648737219 ], [ -101.443432614161026, 21.733085439621362 ], [ -101.4317336557842, 21.732649703189068 ], [ -101.432101822911306, 21.738269290072417 ], [ -101.423889937502935, 21.738530012246006 ], [ -101.421067534396514, 21.744278485851584 ], [ -101.426207945304569, 21.744270606745239 ], [ -101.425688474516107, 21.749395694508131 ], [ -101.420368858438522, 21.748659995837158 ], [ -101.421444979761958, 21.753947956525113 ], [ -101.42652803970735, 21.754518671079595 ], [ -101.42624584509403, 21.760015310090314 ], [ -101.422995214653369, 21.759772394857144 ], [ -101.422245380003631, 21.767459975922961 ], [ -101.425912645222226, 21.768859333690518 ], [ -101.426159430021286, 21.773156722234557 ], [ -101.40357965079393, 21.771165602683634 ], [ -101.384774717616736, 21.765571076696517 ], [ -101.385533468738188, 21.774951038360012 ], [ -101.412082385753791, 21.785812583292767 ], [ -101.417572842060281, 21.808375688769122 ], [ -101.417985458386596, 21.81921633201102 ], [ -101.414767735087722, 21.817528208358645 ], [ -101.396279141343058, 21.822079529910365 ], [ -101.395474982034884, 21.820519548557375 ], [ -101.369795458733805, 21.838323909172285 ], [ -101.365098783471296, 21.839451222405501 ], [ -101.319983612625535, 21.835670604962647 ], [ -101.28790373784615, 21.812813864021056 ], [ -101.279992019312772, 21.820418502970149 ], [ -101.255678446921692, 21.823523887640452 ], [ -101.216814150426188, 21.816206231505909 ], [ -101.219978184005853, 21.802094969085456 ], [ -101.176889970834097, 21.766303447756535 ], [ -101.161764541415593, 21.758258582054154 ], [ -101.158988831523004, 21.764879254870895 ], [ -101.149771974595012, 21.756577599806448 ], [ -101.126256296092208, 21.755544443678531 ], [ -101.060098311458219, 21.765869446733685 ], [ -101.017200176880536, 21.759885198777329 ], [ -101.00357824353091, 21.750987064347697 ], [ -101.0009165040657, 21.75626103258114 ], [ -100.994129089292059, 21.756988239243285 ], [ -100.981342343270228, 21.753879163148405 ], [ -100.970950232909956, 21.74530675849601 ], [ -100.965833571511794, 21.73518280736236 ], [ -100.943887192135136, 21.732776207813643 ], [ -100.938301795648059, 21.720468955752743 ], [ -100.915303692824082, 21.713682956145671 ], [ -100.931772613993573, 21.696281791971085 ], [ -100.913715329632012, 21.697446414257527 ], [ -100.901415501181901, 21.695908887159348 ], [ -100.896512435615335, 21.679416913719496 ], [ -100.874424895391883, 21.673503445435422 ], [ -100.87019709693395, 21.672877043507331 ], [ -100.863623687568506, 21.684943754704548 ], [ -100.852773985670495, 21.673722398917263 ], [ -100.834725467585898, 21.664392653756515 ], [ -100.872278984620522, 21.593932519681932 ], [ -100.926966087426663, 21.597803222076482 ], [ -100.923959083482956, 21.592663705599502 ], [ -100.927888259865398, 21.590435022787407 ], [ -100.924055383797977, 21.585303361630906 ], [ -100.936355366120665, 21.566332727268897 ], [ -100.936116348992343, 21.560712094850508 ], [ -100.944423800928192, 21.554389354282591 ], [ -100.983458394269675, 21.537099817816575 ], [ -101.004392568365105, 21.538847115807492 ], [ -101.008411187492513, 21.496717260632256 ], [ -101.000387250222715, 21.498124634101249 ], [ -101.000639090780837, 21.491854696441781 ], [ -100.995420995807862, 21.490424465890229 ], [ -100.991867333002247, 21.484470910909153 ], [ -100.986609430239028, 21.484492158942718 ], [ -100.985929609488878, 21.476643429197882 ], [ -100.977929414780618, 21.469212268924824 ], [ -100.957644122849629, 21.467176668272639 ], [ -100.950642955461902, 21.453777625017029 ], [ -100.968785776179772, 21.44401274039722 ], [ -100.963385769250763, 21.431174287919699 ], [ -100.972138744385788, 21.421725827397736 ], [ -100.97368294281884, 21.417241606217772 ], [ -100.989717032944839, 21.419946539552832 ], [ -100.994675643469591, 21.424973821164386 ], [ -101.000380672203093, 21.422920889240082 ], [ -101.010200850029292, 21.425408921455851 ], [ -101.02169398678241, 21.420045916936512 ], [ -101.023578141165501, 21.420874444248554 ], [ -101.026131814551391, 21.401199390663287 ], [ -101.040951042775561, 21.364462081859337 ], [ -101.037956742042724, 21.355654306552587 ], [ -101.039199624931513, 21.349247835524597 ], [ -101.040965933982704, 21.349290695854862 ], [ -101.036214048551614, 21.332420190633023 ], [ -101.042924641198454, 21.333211494483244 ], [ -101.042922574573808, 21.322185607767683 ], [ -101.04764394403152, 21.318887895759005 ], [ -101.047558119781613, 21.308967281278381 ], [ -101.052115201896612, 21.30471625607375 ], [ -101.049671820241869, 21.295474645099251 ], [ -101.052796425806804, 21.289937796834383 ], [ -101.059568847060916, 21.285271911157047 ], [ -101.062510981085666, 21.285811586369277 ], [ -101.062790760854796, 21.287896604951275 ], [ -101.070396694533329, 21.286396157229227 ], [ -101.081636423865589, 21.287767990225952 ], [ -101.081456618435325, 21.292108399724309 ], [ -101.085929976520816, 21.291491159380204 ], [ -101.087164208669577, 21.293889536106899 ], [ -101.084100996648075, 21.297690753979897 ], [ -101.084096360443056, 21.304098177104535 ], [ -101.078147831128604, 21.309054959762395 ], [ -101.0793764063081, 21.319100964476785 ], [ -101.085379380020044, 21.320882261793795 ], [ -101.088972195573788, 21.317908066527639 ], [ -101.09368073989323, 21.318820201286428 ], [ -101.101570896674446, 21.314897339665372 ], [ -101.104459280392092, 21.307788713553112 ], [ -101.101812254023443, 21.305017734133838 ], [ -101.103701351905499, 21.2955110131062 ], [ -101.100058442424981, 21.285712022217414 ], [ -101.105362260779657, 21.273520138738281 ], [ -101.105839024474562, 21.263475279499712 ], [ -101.10937104389258, 21.260872788425019 ], [ -101.110609699668643, 21.255623498877419 ], [ -101.116258296760307, 21.255460843168166 ], [ -101.119695569462877, 21.24905846362628 ], [ -101.122054963179252, 21.250094346668469 ], [ -101.134029524133766, 21.246160592915292 ], [ -101.140282091647066, 21.249764546032885 ], [ -101.152904445516484, 21.241935970108749 ], [ -101.161339812917149, 21.246533108379612 ], [ -101.166412422368197, 21.246035525570402 ], [ -101.16995001101742, 21.239242134102 ], [ -101.184457389700071, 21.232529472526227 ], [ -101.191999649820858, 21.212811796486164 ], [ -101.203553920505627, 21.203530474064099 ], [ -101.213884854683002, 21.227301592696097 ], [ -101.223839450812008, 21.205635209067832 ], [ -101.254264151077649, 21.203258287924424 ], [ -101.265760957018543, 21.208029600614363 ], [ -101.275457890310733, 21.191750360057814 ], [ -101.289626059970914, 21.186665734681533 ], [ -101.308550230576031, 21.185903712019286 ], [ -101.314325160829043, 21.183537483927147 ], [ -101.323016148282221, 21.154992702201209 ], [ -101.327383688970045, 21.159709813672041 ], [ -101.331096216290035, 21.158919055175563 ], [ -101.328023301982, 21.152544055411187 ], [ -101.32967137357727, 21.150678607220691 ], [ -101.345042621778219, 21.151684449703051 ], [ -101.348830518374783, 21.148276188864518 ], [ -101.35790000057321, 21.148600708100748 ], [ -101.367773516434639, 21.141936417863676 ], [ -101.378721320674089, 21.137942426519512 ], [ -101.385664711390774, 21.142174060321594 ], [ -101.391008819692061, 21.141839004804996 ], [ -101.38685769916971, 21.144841978658263 ], [ -101.388591444705071, 21.156249875069665 ], [ -101.372489882313786, 21.177873231323101 ], [ -101.374330087095402, 21.184715612426473 ], [ -101.382585529916895, 21.191570855826544 ], [ -101.380239366416632, 21.196024046923181 ], [ -101.380828181784821, 21.212727615493716 ], [ -101.428402026970801, 21.231869828044207 ], [ -101.429380288329838, 21.23520621590427 ], [ -101.434289323918179, 21.23807416773403 ], [ -101.432140837846063, 21.243228411338951 ], [ -101.44129169560054, 21.252318778781884 ], [ -101.453530257626369, 21.251638239731033 ], [ -101.46787664306899, 21.258892319948533 ], [ -101.475585894232225, 21.257500276321192 ], [ -101.481172482053239, 21.259905269939651 ], [ -101.487589016365959, 21.25689947985526 ], [ -101.497766908079853, 21.257410563012193 ], [ -101.50600804422821, 21.253126150315119 ], [ -101.513302737242199, 21.253714787002675 ], [ -101.51695254228764, 21.251365078803389 ], [ -101.529187621857261, 21.253570829966975 ], [ -101.531421459651952, 21.255721857913443 ], [ -101.537187647660588, 21.254985540415905 ], [ -101.538826966459141, 21.265315180288926 ], [ -101.536346414878622, 21.277374768658522 ], [ -101.539807906352436, 21.290928782201949 ], [ -101.545450007458086, 21.301139072804705 ], [ -101.545966399258916, 21.320472754549911 ], [ -101.548144281725996, 21.320268689772799 ], [ -101.550030374391326, 21.316222453223133 ], [ -101.556034249401847, 21.315320293434187 ], [ -101.562800447001578, 21.319169321893604 ], [ -101.568392708765344, 21.317522716144687 ], [ -101.573865370177728, 21.319428408344972 ], [ -101.582871026468069, 21.317949888584703 ], [ -101.583578331937176, 21.315513318945484 ], [ -101.613830146950676, 21.311573057633769 ], [ -101.61700752785724, 21.314590889636431 ], [ -101.614888257099707, 21.31723304522373 ], [ -101.616593226652057, 21.326280733989456 ], [ -101.612354900142975, 21.32888002367751 ], [ -101.614623172277405, 21.332495173221414 ], [ -101.627588899276631, 21.33627143926574 ], [ -101.635587944969558, 21.332327255935059 ], [ -101.635118349023145, 21.325745899304117 ], [ -101.643977965712764, 21.330171599873665 ], [ -101.645885187318328, 21.328334458793336 ], [ -101.646573079730857, 21.338060552694071 ], [ -101.644694234915448, 21.339636186181917 ], [ -101.642844929410487, 21.355106091880995 ], [ -101.651585749610661, 21.365270275306209 ], [ -101.651611585079593, 21.369646151415481 ], [ -101.668743476951278, 21.3809135475395 ], [ -101.676231742457247, 21.389812021982028 ], [ -101.677963409570822, 21.388160444575419 ], [ -101.67976271019171, 21.390261329427336 ], [ -101.670377939408525, 21.402345747502551 ], [ -101.658515864303851, 21.406800196625262 ], [ -101.638406284456167, 21.410002297999654 ], [ -101.630944230475137, 21.40731307530519 ], [ -101.618816891487555, 21.415387524684036 ], [ -101.606634145688545, 21.414965919869218 ], [ -101.60205210029352, 21.419914773047047 ], [ -101.597564743665714, 21.420976934218544 ], [ -101.589139342766728, 21.415131482349349 ], [ -101.578749284865523, 21.418439672525537 ], [ -101.568814470589274, 21.418399965439331 ], [ -101.562098463966663, 21.422069998490876 ], [ -101.55773608806858, 21.42962523603121 ], [ -101.554025525416819, 21.429208383397217 ], [ -101.54380330670638, 21.433824262527949 ], [ -101.52574277351782, 21.430541767865328 ], [ -101.522907915663566, 21.420167579772226 ], [ -101.530885016511903, 21.40707757448639 ], [ -101.528952932957992, 21.402081440860545 ], [ -101.531546307874308, 21.399068884417112 ], [ -101.530194358523076, 21.395597239015171 ] ] ] } },
{ "type": "Feature", "properties": { "cve_edo": "11", "cve_mpo_ine": "031", "cve_edo_mpo_ine": "11031", "nom_mpo": "SAN FRANCISCO DEL RINCON", "nom_edo": "Guanajuato", "alianza_ganadora": "Va por México", "margen_pp": 60.890808667327576, "por_participacion": 43.939472510604752 }, "geometry": { "type": "Polygon", "coordinates": [ [ [ -101.86333139797074, 20.972752220201144 ], [ -101.861216492316061, 20.985060537240638 ], [ -101.850798443197633, 20.986245037344478 ], [ -101.848391705420624, 20.989674795254707 ], [ -101.851588297981309, 20.992906105048622 ], [ -101.854941970388978, 20.992281354182303 ], [ -101.856099797491453, 20.997355887775708 ], [ -101.874129092875151, 21.004030778614865 ], [ -101.872519244472826, 21.02521580181357 ], [ -101.868250744167668, 21.023776330500159 ], [ -101.867870194095161, 21.027018665856556 ], [ -101.870398085137268, 21.027362505754628 ], [ -101.869998402369546, 21.033067388352485 ], [ -101.867365960749737, 21.036126566597133 ], [ -101.845020258793454, 21.039618354863258 ], [ -101.836746053155494, 21.045105896425056 ], [ -101.828795611319634, 21.044100245903241 ], [ -101.827233399830604, 21.041780624348554 ], [ -101.821887145275056, 21.044724605826261 ], [ -101.8137595404405, 21.043616255899206 ], [ -101.819793935080028, 21.033024891963368 ], [ -101.806671802697721, 21.036979918279229 ], [ -101.79661327494054, 21.036809295063748 ], [ -101.803957421574594, 21.033343240506536 ], [ -101.804248620247847, 21.028873975020819 ], [ -101.799142181482338, 21.027006216615639 ], [ -101.796093325808954, 21.020753049403652 ], [ -101.791647946264291, 21.019407259433734 ], [ -101.782274938043514, 21.027734482679815 ], [ -101.780691462654303, 21.025191439226276 ], [ -101.783972411370314, 21.015985457989341 ], [ -101.752712137391612, 21.007720149280942 ], [ -101.749326051111069, 21.017465223652994 ], [ -101.746316885161164, 21.017155329427769 ], [ -101.743694621476621, 21.0134999712728 ], [ -101.733108759699633, 21.01113234976874 ], [ -101.729626878802293, 21.008399795093229 ], [ -101.73023886814201, 21.005470242002982 ], [ -101.737308515960621, 21.000997505316523 ], [ -101.740238619470873, 20.995516873917126 ], [ -101.739347359974019, 20.988626854131638 ], [ -101.745991954533352, 20.979104759218487 ], [ -101.73559512179483, 20.982812111204634 ], [ -101.722247188576532, 20.982717583174484 ], [ -101.719916582032326, 20.987091817038468 ], [ -101.72085287488008, 20.993278651726964 ], [ -101.686368671391904, 20.993789332926493 ], [ -101.684670992478146, 20.988882295641584 ], [ -101.669039151834255, 20.989353755526842 ], [ -101.671707514536735, 20.951285014046867 ], [ -101.709503885586571, 20.954462920315056 ], [ -101.712615575392007, 20.95425253764952 ], [ -101.714164753221496, 20.948938998128057 ], [ -101.714781150752202, 20.944052336172469 ], [ -101.703024609994984, 20.944015579640862 ], [ -101.702940720210876, 20.939387042426837 ], [ -101.714156186149538, 20.938003815993845 ], [ -101.712750956935125, 20.935022673043093 ], [ -101.715407224934467, 20.93455078057427 ], [ -101.703301465269632, 20.918614260653246 ], [ -101.707516609031785, 20.906499454474229 ], [ -101.700849522687378, 20.905024664288952 ], [ -101.697064458958891, 20.893917978466181 ], [ -101.708662359355031, 20.810573052609755 ], [ -101.703276369857946, 20.809998316677749 ], [ -101.704779616005752, 20.804074029700953 ], [ -101.717242574989413, 20.802843379808873 ], [ -101.719642937239797, 20.797608004618944 ], [ -101.723655478946128, 20.795441889373581 ], [ -101.746940155015125, 20.793946502104244 ], [ -101.756659581574851, 20.795623292358176 ], [ -101.754403458926802, 20.803882212688595 ], [ -101.749464475668589, 20.803541043793388 ], [ -101.748711668664313, 20.810537876051821 ], [ -101.756836390756675, 20.81165912412834 ], [ -101.759071680370525, 20.80546728815321 ], [ -101.762520226263945, 20.804589978377162 ], [ -101.77428759442482, 20.809005093137088 ], [ -101.7775338640634, 20.803542216072518 ], [ -101.803396146078541, 20.820601678364181 ], [ -101.81518775230569, 20.81992922417264 ], [ -101.81737679593725, 20.827047238208618 ], [ -101.839990415460832, 20.8303022489219 ], [ -101.83514438464556, 20.834922324812826 ], [ -101.845850103329454, 20.835793419227805 ], [ -101.848662582850977, 20.844720057608114 ], [ -101.855171869254846, 20.838007596976919 ], [ -101.854696916618977, 20.831566828975969 ], [ -101.858032531855571, 20.830937308904492 ], [ -101.859475056754349, 20.835751287570986 ], [ -101.861944209465847, 20.835878906630402 ], [ -101.861138399013413, 20.845976514224038 ], [ -101.903152250558804, 20.826016421033387 ], [ -101.903459128850216, 20.829885149168383 ], [ -101.897931345265079, 20.841194364966519 ], [ -101.900276390587109, 20.850085740643351 ], [ -101.891042512569811, 20.84944344166388 ], [ -101.891622525236755, 20.85819691878611 ], [ -101.885975831368043, 20.873039846974031 ], [ -101.887199846993823, 20.902986843803152 ], [ -101.884511132224802, 20.909806924017648 ], [ -101.874521790569062, 20.909795763558094 ], [ -101.873744689367285, 20.912163689068986 ], [ -101.874280609262826, 20.915586036090065 ], [ -101.878900723146288, 20.914440150920917 ], [ -101.892848204257831, 20.918564194568031 ], [ -101.88677212030062, 20.932545978116462 ], [ -101.886566267468297, 20.937095701569895 ], [ -101.891066979909226, 20.935827284533516 ], [ -101.889991967508323, 20.941010467154012 ], [ -101.881483144882694, 20.950814017728629 ], [ -101.877941468197506, 20.946983540568034 ], [ -101.880308454174695, 20.938680501452755 ], [ -101.872238445372616, 20.934671798587456 ], [ -101.873169626119889, 20.931144185803937 ], [ -101.86514222069988, 20.929325063011049 ], [ -101.862787517448709, 20.956682172706813 ], [ -101.863293321675442, 20.958534370705756 ], [ -101.867261334469106, 20.95855599949908 ], [ -101.860762334618727, 20.970601079732713 ], [ -101.86333139797074, 20.972752220201144 ] ] ] } },
{ "type": "Feature", "properties": { "cve_edo": "11", "cve_mpo_ine": "032", "cve_edo_mpo_ine": "11032", "nom_mpo": "SAN JOSE ITURBIDE", "nom_edo": "Guanajuato", "alianza_ganadora": "Va por México", "margen_pp": 11.475469900707141, "por_participacion": 43.216581689204169 }, "geometry": { "type": "Polygon", "coordinates": [ [ [ -100.452366798474728, 21.11546822133467 ], [ -100.450001646605443, 21.105151570128228 ], [ -100.410543775935551, 21.100210792101816 ], [ -100.40893929361485, 21.108788817848154 ], [ -100.406591310284028, 21.109432463238491 ], [ -100.386691359297487, 21.104995084918443 ], [ -100.388309906158327, 21.097492520151764 ], [ -100.362248997237046, 21.094458359829726 ], [ -100.348308296554734, 21.088550745550542 ], [ -100.344647496207486, 21.092550874273378 ], [ -100.325906000487265, 21.09235823314949 ], [ -100.328365447290238, 21.081014104357319 ], [ -100.317543498921808, 21.076698627614146 ], [ -100.315116773974523, 21.078894790589722 ], [ -100.309252074231125, 21.077440897030915 ], [ -100.307780695199881, 21.082227762671145 ], [ -100.301608981209654, 21.080504281190088 ], [ -100.2995621513938, 21.089812489692616 ], [ -100.295984782321781, 21.093312180855264 ], [ -100.290813443378482, 21.0913354604529 ], [ -100.287091726646622, 21.096327616588457 ], [ -100.279968798938043, 21.094054379811677 ], [ -100.279736365922986, 21.085676932011872 ], [ -100.276758700971627, 21.083653828698335 ], [ -100.27703019663258, 21.078852670730292 ], [ -100.280891566436893, 21.077471478268226 ], [ -100.280172831659684, 21.069831717170434 ], [ -100.272195242978967, 21.06796609365546 ], [ -100.267584470555377, 21.059846745776401 ], [ -100.26497192415701, 21.058887560242823 ], [ -100.258728512432327, 21.068663021773833 ], [ -100.252248037706863, 21.068304310497933 ], [ -100.245568738047339, 21.059097597659836 ], [ -100.248245911253079, 21.054522718580031 ], [ -100.25191407868472, 21.054409617815217 ], [ -100.249929711620794, 21.052946069681049 ], [ -100.264138470408994, 21.047491747193735 ], [ -100.265052834536945, 21.035443957459265 ], [ -100.26362706335884, 21.031164304872991 ], [ -100.256299845150224, 21.025855725660392 ], [ -100.25529177387385, 21.014911674219576 ], [ -100.246281921795301, 21.007435747906332 ], [ -100.244122013220348, 20.997914657257315 ], [ -100.240306590611823, 20.994910658632495 ], [ -100.239776611663203, 20.991361936684022 ], [ -100.242694439540216, 20.975893499862622 ], [ -100.241427017669253, 20.970453313058062 ], [ -100.245406406855807, 20.969236679571701 ], [ -100.243189821306785, 20.959799062818981 ], [ -100.263818590891276, 20.971048407844059 ], [ -100.270516420879147, 20.968642967095256 ], [ -100.268939430270507, 20.96382823131222 ], [ -100.271135789633362, 20.956504325741573 ], [ -100.265995661007167, 20.950304183602935 ], [ -100.2662554203512, 20.945994874346919 ], [ -100.262607437171511, 20.943410551281406 ], [ -100.263004802653001, 20.926433026136149 ], [ -100.304443209284045, 20.928632061115973 ], [ -100.305857099527017, 20.923308588144508 ], [ -100.30314507119445, 20.917769531198907 ], [ -100.299266351412285, 20.915397083416966 ], [ -100.33353061465732, 20.890826292971997 ], [ -100.394478177954568, 20.890896845988966 ], [ -100.414062724291071, 20.886333581760137 ], [ -100.454306329948693, 20.899799538265931 ], [ -100.453214673710136, 20.921777172364649 ], [ -100.459321527395588, 20.924023452918483 ], [ -100.472439787222783, 20.924089733972465 ], [ -100.482054228613961, 20.919268402594696 ], [ -100.485029054536767, 20.899662904962693 ], [ -100.484798079429666, 20.910514055091888 ], [ -100.489915256861536, 20.910275214648021 ], [ -100.484673039760111, 20.913603290209277 ], [ -100.487839565119401, 20.916395923979049 ], [ -100.484488450382017, 20.916651638198662 ], [ -100.48875233838946, 20.918177155658761 ], [ -100.482702855467508, 20.926064309595017 ], [ -100.475931021312945, 20.929497055979503 ], [ -100.476703279244774, 20.933449899905874 ], [ -100.480455931567121, 20.936067551859026 ], [ -100.484271113221126, 20.952995067980314 ], [ -100.487283994065891, 20.960629626402774 ], [ -100.491825920480906, 20.964612707338436 ], [ -100.494092988716062, 20.973384127936978 ], [ -100.503823074011862, 20.981173679598683 ], [ -100.516157642350024, 21.009832642110958 ], [ -100.520005700131591, 21.011612172541739 ], [ -100.523907170850222, 21.01756860523319 ], [ -100.529069023586914, 21.039187739022285 ], [ -100.528573233647947, 21.041840133720342 ], [ -100.523997217726503, 21.043046576063794 ], [ -100.522206540079083, 21.054936291517087 ], [ -100.524039720357365, 21.05557875218447 ], [ -100.52384605592826, 21.058848374327535 ], [ -100.528090575639368, 21.059299887032413 ], [ -100.529047326191659, 21.07422132267229 ], [ -100.49495822638788, 21.08839407932189 ], [ -100.496121332841298, 21.096488507589648 ], [ -100.487387327128985, 21.099681253458762 ], [ -100.486293363951006, 21.106351863157389 ], [ -100.475723308232602, 21.108777143396985 ], [ -100.472349358725722, 21.107405482963014 ], [ -100.469099744428732, 21.111285488045727 ], [ -100.452366798474728, 21.11546822133467 ] ] ] } },
{ "type": "Feature", "properties": { "cve_edo": "11", "cve_mpo_ine": "033", "cve_edo_mpo_ine": "11033", "nom_mpo": "SAN LUIS DE LA PAZ", "nom_edo": "Guanajuato", "alianza_ganadora": "Va por México", "margen_pp": 39.508824595000256, "por_participacion": 41.105012339375371 }, "geometry": { "type": "Polygon", "coordinates": [ [ [ -100.444346530966357, 21.191786265069613 ], [ -100.485731319889837, 21.178796863292035 ], [ -100.45871692156112, 21.114617790228127 ], [ -100.469099744428732, 21.111285488045727 ], [ -100.472349358725722, 21.107405482963014 ], [ -100.475723308232602, 21.108777143396985 ], [ -100.486293363951006, 21.106351863157389 ], [ -100.487387327128985, 21.099681253458762 ], [ -100.496121332841298, 21.096488507589648 ], [ -100.49495822638788, 21.08839407932189 ], [ -100.529047326191659, 21.07422132267229 ], [ -100.537919407395719, 21.077521371900648 ], [ -100.535570943029072, 21.080640191298059 ], [ -100.542418918410874, 21.081041158842666 ], [ -100.551436337759043, 21.089534630630045 ], [ -100.552087276238268, 21.097163894784341 ], [ -100.561401651071662, 21.100015199473074 ], [ -100.593641514909223, 21.100795642633205 ], [ -100.605349659801036, 21.104174904895473 ], [ -100.606220144603938, 21.093527024054207 ], [ -100.607506237830023, 21.097485250674165 ], [ -100.620417797888848, 21.102877276655832 ], [ -100.619997880028777, 21.107021400909449 ], [ -100.627621130360623, 21.108792382566726 ], [ -100.652417307727731, 21.107954757573129 ], [ -100.655866990402984, 21.124426624498145 ], [ -100.664155386270096, 21.127429466745198 ], [ -100.667053792972425, 21.132898782217474 ], [ -100.672765262688088, 21.13062344076134 ], [ -100.674314740130313, 21.151372402940371 ], [ -100.683055439489863, 21.152188590755156 ], [ -100.682178164516415, 21.161934885227858 ], [ -100.688130118863356, 21.169317529403603 ], [ -100.685908460588024, 21.1706973900198 ], [ -100.686586004765658, 21.173883812319016 ], [ -100.684632901369298, 21.172610487519311 ], [ -100.685526231716722, 21.179897459271423 ], [ -100.692542231967067, 21.187729590821935 ], [ -100.692735455927149, 21.195559096916757 ], [ -100.68142203615443, 21.199683739845696 ], [ -100.67165131353714, 21.199340594866538 ], [ -100.672949459125732, 21.204564682343751 ], [ -100.662845288536687, 21.205669612112715 ], [ -100.659143495764155, 21.210643394248823 ], [ -100.658339301344057, 21.216944507774471 ], [ -100.648177096097385, 21.215371795824215 ], [ -100.64535649792218, 21.225463948361885 ], [ -100.634472711853192, 21.222823082369956 ], [ -100.632250071943218, 21.23365283585801 ], [ -100.636657804391533, 21.237117552553293 ], [ -100.64987508653536, 21.237660230731422 ], [ -100.649286343399311, 21.242385864985124 ], [ -100.652424262981228, 21.243340861703693 ], [ -100.661700601008292, 21.244172416196108 ], [ -100.669942421801807, 21.242262292289531 ], [ -100.67426627621002, 21.245167993208227 ], [ -100.71518957409512, 21.277547179642553 ], [ -100.72483070234378, 21.2883969420425 ], [ -100.726584630725299, 21.293307829237886 ], [ -100.72488351806048, 21.294024786178799 ], [ -100.730200898850882, 21.302094057822966 ], [ -100.715878764126529, 21.307255796354333 ], [ -100.716263415584208, 21.310604911726372 ], [ -100.711502628523846, 21.311676789894989 ], [ -100.71171975939167, 21.316020453571834 ], [ -100.702891812054204, 21.316792770650164 ], [ -100.700932519913437, 21.327857642249466 ], [ -100.703007969249583, 21.335704573577715 ], [ -100.702002854840359, 21.34167174241357 ], [ -100.69073985071563, 21.340475953944924 ], [ -100.688851719394378, 21.346574026863692 ], [ -100.6946190965201, 21.358696597727846 ], [ -100.690821275943563, 21.362160837171498 ], [ -100.688305439285742, 21.357669301437884 ], [ -100.68354403002968, 21.358864641325631 ], [ -100.681647856410237, 21.364135020597583 ], [ -100.678078571597254, 21.360396304842133 ], [ -100.67063915831514, 21.358673389306556 ], [ -100.659973513542141, 21.361347606367747 ], [ -100.662701343825503, 21.363645816305461 ], [ -100.659488337285879, 21.367805481997415 ], [ -100.607856727416802, 21.33397627739863 ], [ -100.603693702646993, 21.346126786577713 ], [ -100.617672780216949, 21.347524277456898 ], [ -100.619426454324227, 21.354091422175912 ], [ -100.623157022382017, 21.356590538768504 ], [ -100.622291608967416, 21.359368485495612 ], [ -100.615785823115885, 21.356184354143643 ], [ -100.612597926090288, 21.364273745233824 ], [ -100.611989589451042, 21.361464192518159 ], [ -100.608977196716879, 21.360573768311667 ], [ -100.598670470076343, 21.362006683923351 ], [ -100.59855024864018, 21.37057234142366 ], [ -100.604215894121751, 21.371486947345677 ], [ -100.597975566989561, 21.390643518592995 ], [ -100.605205025613088, 21.396057813866385 ], [ -100.605122167507133, 21.40131310383012 ], [ -100.612822983469371, 21.397786744943982 ], [ -100.616972939989935, 21.40111066965197 ], [ -100.621440648375156, 21.399094898076573 ], [ -100.645164235663827, 21.401955405113476 ], [ -100.66885166979722, 21.395519421051358 ], [ -100.672533495197982, 21.398595271629588 ], [ -100.678076721807656, 21.398966804604772 ], [ -100.68359308776509, 21.415685206396464 ], [ -100.687194328781644, 21.416319625497543 ], [ -100.687462071859343, 21.419793842948195 ], [ -100.69554207608698, 21.426683856122565 ], [ -100.691170418791728, 21.432014923217359 ], [ -100.703902656147491, 21.45724283721216 ], [ -100.699143268432451, 21.477971969821702 ], [ -100.700176103273648, 21.481233225299444 ], [ -100.704435744938166, 21.482731082543161 ], [ -100.704336700409726, 21.491049987043766 ], [ -100.702065077607216, 21.500379125244866 ], [ -100.697769489312932, 21.501405929441852 ], [ -100.696319880498365, 21.504065803767642 ], [ -100.704899135065915, 21.513309974195575 ], [ -100.741188676712866, 21.50896542211083 ], [ -100.741589925868055, 21.513886758665958 ], [ -100.726463721805246, 21.517194736058194 ], [ -100.726582251859213, 21.52344265252178 ], [ -100.717744002823054, 21.524423465570504 ], [ -100.714130272555849, 21.529004280010898 ], [ -100.719328106693567, 21.529749329404289 ], [ -100.719519900743407, 21.53752785698742 ], [ -100.730071438623654, 21.536740096059159 ], [ -100.738121067309621, 21.551821517496911 ], [ -100.740230111978676, 21.562522629590198 ], [ -100.746421674264866, 21.568266014417837 ], [ -100.750553783412244, 21.580605765058483 ], [ -100.745713980512846, 21.581923598213478 ], [ -100.728661056844487, 21.575063367866548 ], [ -100.716930809098372, 21.550799381256951 ], [ -100.703725595590342, 21.548958179065771 ], [ -100.700376906775148, 21.552930945022386 ], [ -100.692236598143538, 21.546759080815328 ], [ -100.680184862533579, 21.547482705333362 ], [ -100.667315489976275, 21.53656776300933 ], [ -100.661803842717234, 21.522374039316926 ], [ -100.636614919119395, 21.52615724640113 ], [ -100.621808959508755, 21.519923417012375 ], [ -100.606161251876713, 21.546346798566091 ], [ -100.601722605801612, 21.545680456906197 ], [ -100.60276330672572, 21.53668218060244 ], [ -100.585104906459676, 21.520593810007664 ], [ -100.584061972799731, 21.523843061762975 ], [ -100.576927479656476, 21.526821242267683 ], [ -100.563894677555894, 21.52992051516231 ], [ -100.559765211439242, 21.528303670639517 ], [ -100.546929858244255, 21.532346427238767 ], [ -100.534606540603647, 21.53978006883635 ], [ -100.533976597738601, 21.542022251287783 ], [ -100.479713786638342, 21.542329156360747 ], [ -100.476953797357965, 21.539973880200318 ], [ -100.467553790168338, 21.538966802403788 ], [ -100.460141772096549, 21.549959557847988 ], [ -100.464860442143518, 21.554477888117315 ], [ -100.455505587239088, 21.556497143353326 ], [ -100.45431061484723, 21.564833051853459 ], [ -100.467220087373548, 21.579273202495372 ], [ -100.471918265027369, 21.588074418868516 ], [ -100.481259791478507, 21.591469206283431 ], [ -100.485567420667323, 21.59507551511534 ], [ -100.485508465696682, 21.597559730099878 ], [ -100.471522514415838, 21.605040243615189 ], [ -100.469161327442137, 21.61269768756971 ], [ -100.460602531647524, 21.622584379824563 ], [ -100.459208135815189, 21.62839199904122 ], [ -100.461136094556792, 21.636429454973179 ], [ -100.45621486540675, 21.641390925359307 ], [ -100.45708371141157, 21.649610916243414 ], [ -100.452996320139817, 21.654972683768953 ], [ -100.452638601058581, 21.660853887832889 ], [ -100.44890758136745, 21.663313494356387 ], [ -100.451278176639562, 21.666792534511107 ], [ -100.445472569171542, 21.671892023073372 ], [ -100.447362924359993, 21.67496502690944 ], [ -100.443937887321454, 21.677998910737532 ], [ -100.439302714894879, 21.676500613626054 ], [ -100.434456896896592, 21.682411959466631 ], [ -100.433245475524913, 21.677797061291376 ], [ -100.429890919346789, 21.678388320373355 ], [ -100.42498776846378, 21.675238806409265 ], [ -100.413181534915054, 21.682191584555675 ], [ -100.396828391728491, 21.677365779345845 ], [ -100.391100758508003, 21.677895688093219 ], [ -100.387378991770632, 21.681036979635476 ], [ -100.383248385578597, 21.676972974104054 ], [ -100.372694865965329, 21.689135524054894 ], [ -100.369469859165719, 21.687240923823417 ], [ -100.359581552993191, 21.689007965078854 ], [ -100.353872781754049, 21.696337271887757 ], [ -100.341730164748697, 21.688166076116339 ], [ -100.341317784134219, 21.685069091347831 ], [ -100.274898183377928, 21.689386580243124 ], [ -100.239785252788778, 21.681094687061524 ], [ -100.21665387069875, 21.665627558734297 ], [ -100.224222433244705, 21.659599640621678 ], [ -100.223209300541271, 21.649186993822781 ], [ -100.220854657367212, 21.64628355225825 ], [ -100.21405914932572, 21.649279361925871 ], [ -100.209969960594606, 21.648428630746956 ], [ -100.212185012402173, 21.646823950534117 ], [ -100.206774486160739, 21.644709641573375 ], [ -100.207595850450659, 21.641097709670156 ], [ -100.204888031334008, 21.64155087429598 ], [ -100.204497336617194, 21.636177259762391 ], [ -100.20933833879711, 21.626217235424861 ], [ -100.20240352754135, 21.618000801102831 ], [ -100.189287736279212, 21.610700950715831 ], [ -100.190658033690724, 21.608074264974409 ], [ -100.192904892632015, 21.608290082543927 ], [ -100.197296209270746, 21.596267908633138 ], [ -100.195306518301592, 21.583882858132611 ], [ -100.203005345178241, 21.578723044282633 ], [ -100.202278619069361, 21.574347361023893 ], [ -100.21046778629028, 21.570255974483171 ], [ -100.213323600534395, 21.558297119629053 ], [ -100.223147016000553, 21.553270985172805 ], [ -100.222904960438683, 21.546322783213665 ], [ -100.218263453196215, 21.544114705437771 ], [ -100.212766283641955, 21.536912026106318 ], [ -100.224773342383855, 21.525398830111115 ], [ -100.225207274933396, 21.516661403054773 ], [ -100.218561811777064, 21.501241108564162 ], [ -100.214235470592044, 21.496643747066326 ], [ -100.220674296378903, 21.49049558728375 ], [ -100.219789492790312, 21.485951170585764 ], [ -100.222429510024241, 21.483938255815968 ], [ -100.223452839674934, 21.485294080191739 ], [ -100.223918564105333, 21.479825687699709 ], [ -100.227731245500181, 21.481691960261152 ], [ -100.234764482321651, 21.475827142432916 ], [ -100.241619914849977, 21.474765314528401 ], [ -100.244592007183741, 21.470927491245128 ], [ -100.261838628446895, 21.46752527160201 ], [ -100.281691492979675, 21.450269783852189 ], [ -100.283657476929136, 21.451243056944325 ], [ -100.287099712331596, 21.442598265002264 ], [ -100.292350904223539, 21.436583874331841 ], [ -100.290946591081365, 21.428568314115903 ], [ -100.295929219773782, 21.424750353625022 ], [ -100.306698875559789, 21.424514781462275 ], [ -100.309752430008217, 21.422620447478035 ], [ -100.309648581621119, 21.419144628821936 ], [ -100.311702761481058, 21.422393207406341 ], [ -100.314949742590201, 21.421738517363149 ], [ -100.315510084145316, 21.419290572259364 ], [ -100.320689236997453, 21.421595806154091 ], [ -100.325560113915088, 21.427505161026946 ], [ -100.325757714418415, 21.438182069711868 ], [ -100.322715616106919, 21.445540240783075 ], [ -100.324661217212153, 21.449493414115384 ], [ -100.333030224116158, 21.437526120439191 ], [ -100.339765917473756, 21.432032762302622 ], [ -100.338558999292573, 21.430265697384442 ], [ -100.346702511149445, 21.428358230054403 ], [ -100.344347401324413, 21.420270535049053 ], [ -100.346192917777941, 21.416567144180863 ], [ -100.343012102237864, 21.413206775255833 ], [ -100.344538598437339, 21.403215301408604 ], [ -100.353359536250949, 21.394429446124917 ], [ -100.362294153358036, 21.380881958373013 ], [ -100.360024434774871, 21.374780312924731 ], [ -100.35395522271503, 21.372195975983256 ], [ -100.353932408613574, 21.370457781903951 ], [ -100.362293478600563, 21.362876770919538 ], [ -100.369250012820572, 21.347570282854551 ], [ -100.363169538354427, 21.339564080864662 ], [ -100.367566762450878, 21.336578238000449 ], [ -100.369048786765759, 21.332340436262928 ], [ -100.363446743265726, 21.32917187352199 ], [ -100.3615059207645, 21.330020433362279 ], [ -100.351334591092311, 21.321188128723051 ], [ -100.355778207125397, 21.3172501029253 ], [ -100.357772007999301, 21.311434060828741 ], [ -100.372503922977387, 21.30734436125843 ], [ -100.371385936158163, 21.303299996819412 ], [ -100.373192769249172, 21.301293816215097 ], [ -100.387138897160924, 21.300481237443417 ], [ -100.384763763650454, 21.29976187542211 ], [ -100.388458242130469, 21.292975135484433 ], [ -100.376042608122233, 21.273214017886005 ], [ -100.379746695434832, 21.260227717784733 ], [ -100.364002432295607, 21.252275091230871 ], [ -100.364969437226165, 21.24497443640082 ], [ -100.358891103532159, 21.244577231448162 ], [ -100.364477109166998, 21.232115240245768 ], [ -100.359759748622935, 21.226617424553353 ], [ -100.358290651590607, 21.22158505800147 ], [ -100.360271638586568, 21.219374024384514 ], [ -100.357365100523722, 21.217747055641144 ], [ -100.355919299899313, 21.209364015642436 ], [ -100.360604797986312, 21.206465562745354 ], [ -100.357394471330124, 21.203972835462615 ], [ -100.358712904898653, 21.197374351944124 ], [ -100.354769487312694, 21.195559561289542 ], [ -100.355663995786799, 21.191001143656376 ], [ -100.391633764381695, 21.191152212328049 ], [ -100.407825359686939, 21.173055312255961 ], [ -100.408835564824528, 21.179216276476879 ], [ -100.418330082691128, 21.184656241715007 ], [ -100.427788208595601, 21.197426831977694 ], [ -100.429883158476713, 21.19342894986762 ], [ -100.435136315228277, 21.191316214695188 ], [ -100.444346530966357, 21.191786265069613 ] ] ] } },
{ "type": "Feature", "properties": { "cve_edo": "11", "cve_mpo_ine": "003", "cve_edo_mpo_ine": "11003", "nom_mpo": "SAN MIGUEL DE ALLENDE", "nom_edo": "Guanajuato", "alianza_ganadora": "Va por México", "margen_pp": 25.963936313063495, "por_participacion": 46.220343867063683 }, "geometry": { "type": "Polygon", "coordinates": [ [ [ -100.644354100528034, 21.108672884175633 ], [ -100.619997880028777, 21.107021400909449 ], [ -100.620417797888848, 21.102877276655832 ], [ -100.607506237830023, 21.097485250674165 ], [ -100.606220144603938, 21.093527024054207 ], [ -100.605349659801036, 21.104174904895473 ], [ -100.593641514909223, 21.100795642633205 ], [ -100.567362442646186, 21.10081490327401 ], [ -100.557085534000919, 21.098782261858069 ], [ -100.552087276238268, 21.097163894784341 ], [ -100.551436337759043, 21.089534630630045 ], [ -100.542418918410874, 21.081041158842666 ], [ -100.535570943029072, 21.080640191298059 ], [ -100.537919407395719, 21.077521371900648 ], [ -100.529047326191659, 21.07422132267229 ], [ -100.528090575639368, 21.059299887032413 ], [ -100.52384605592826, 21.058848374327535 ], [ -100.524039720357365, 21.05557875218447 ], [ -100.522206540079083, 21.054936291517087 ], [ -100.523997217726503, 21.043046576063794 ], [ -100.528573233647947, 21.041840133720342 ], [ -100.529069023586914, 21.039187739022285 ], [ -100.523907170850222, 21.01756860523319 ], [ -100.520005700131591, 21.011612172541739 ], [ -100.516157642350024, 21.009832642110958 ], [ -100.503823074011862, 20.981173679598683 ], [ -100.494092988716062, 20.973384127936978 ], [ -100.491825920480906, 20.964612707338436 ], [ -100.487283994065891, 20.960629626402774 ], [ -100.484271113221126, 20.952995067980314 ], [ -100.480455931567121, 20.936067551859026 ], [ -100.476703279244774, 20.933449899905874 ], [ -100.475931021312945, 20.929497055979503 ], [ -100.482702855467508, 20.926064309595017 ], [ -100.48875233838946, 20.918177155658761 ], [ -100.484488450382017, 20.916651638198662 ], [ -100.487839565119401, 20.916395923979049 ], [ -100.484673039760111, 20.913603290209277 ], [ -100.489915256861536, 20.910275214648021 ], [ -100.484798079429666, 20.910514055091888 ], [ -100.484497352693381, 20.899545202887413 ], [ -100.489505122276398, 20.896303893924575 ], [ -100.502726054333522, 20.875138730295969 ], [ -100.509325957128382, 20.870600902555918 ], [ -100.502646815080681, 20.852528123026612 ], [ -100.537512020131942, 20.83625105145865 ], [ -100.562785289642548, 20.82791809245029 ], [ -100.564242185574301, 20.823683071450581 ], [ -100.569620797140345, 20.821727599930266 ], [ -100.564307069121568, 20.813752281489965 ], [ -100.56331045522532, 20.807091172192386 ], [ -100.558469141818364, 20.804406912145094 ], [ -100.560869286732398, 20.791430448156209 ], [ -100.559619943643924, 20.787368211181636 ], [ -100.561831491093542, 20.78600114103844 ], [ -100.56334300891919, 20.77467255534382 ], [ -100.562394898689604, 20.767384862607869 ], [ -100.548679144424639, 20.749308093900645 ], [ -100.548954328134499, 20.736101010679818 ], [ -100.582593078075362, 20.72947285363238 ], [ -100.596693747423259, 20.71699615978315 ], [ -100.610461327559193, 20.718204209910297 ], [ -100.611525755171755, 20.722725639436689 ], [ -100.620424508254217, 20.724481280168405 ], [ -100.618486147590005, 20.728582739310379 ], [ -100.621171527412713, 20.731396396035279 ], [ -100.641131646595014, 20.738013803344042 ], [ -100.64516670738567, 20.744644421704219 ], [ -100.651330739055069, 20.748636926694424 ], [ -100.651745435028943, 20.752135295778444 ], [ -100.648995869920299, 20.752927414304022 ], [ -100.645704555277746, 20.749680623452637 ], [ -100.625158875774446, 20.751613352233647 ], [ -100.619649780954774, 20.759371647933712 ], [ -100.624687649105638, 20.761633492300152 ], [ -100.61746031990215, 20.761949021687219 ], [ -100.616384145482641, 20.764301325630512 ], [ -100.61952365491139, 20.768969466562844 ], [ -100.625268085584807, 20.771262546586485 ], [ -100.625804735560195, 20.7783889517458 ], [ -100.632299281709834, 20.77983622067741 ], [ -100.632173510545897, 20.782716859010037 ], [ -100.637119732559896, 20.783060470249985 ], [ -100.641974993233518, 20.788244945736054 ], [ -100.644491512726063, 20.787539831356618 ], [ -100.643107770855707, 20.792441865677603 ], [ -100.646043322996022, 20.79214767813642 ], [ -100.647268756414761, 20.794924661865142 ], [ -100.650892209089477, 20.793618795218961 ], [ -100.651046761952102, 20.79570252809004 ], [ -100.660399351577965, 20.796163488430814 ], [ -100.671452443154891, 20.792949875071923 ], [ -100.679045812142093, 20.800261275857487 ], [ -100.678340966162381, 20.806980604612402 ], [ -100.682015041682106, 20.805315559661459 ], [ -100.687295877549218, 20.808101818812922 ], [ -100.692219385387716, 20.80728937647114 ], [ -100.700710763322448, 20.812102402174549 ], [ -100.703623977199484, 20.816718229682888 ], [ -100.70813489326234, 20.815722991501314 ], [ -100.710880917086328, 20.808815450705456 ], [ -100.706807185558503, 20.807761796280825 ], [ -100.705238202759659, 20.802224430878034 ], [ -100.71257854250905, 20.795207060022886 ], [ -100.721075384627724, 20.795552655253687 ], [ -100.722291966828507, 20.792754125062178 ], [ -100.726649063681435, 20.79646307203458 ], [ -100.730148957724282, 20.794965111079048 ], [ -100.725317918044126, 20.810770575738918 ], [ -100.726658289809379, 20.813402809365083 ], [ -100.724858365529968, 20.817942187119076 ], [ -100.727544663088963, 20.820224488152242 ], [ -100.732657263821665, 20.816134539025359 ], [ -100.738480575096474, 20.806368458416713 ], [ -100.765428296651137, 20.795346428252458 ], [ -100.767079958243443, 20.792384605573162 ], [ -100.772584153743949, 20.791394562403173 ], [ -100.783941895855733, 20.782581301687546 ], [ -100.79271099677419, 20.783570653001817 ], [ -100.795763221045874, 20.780132953350165 ], [ -100.804196006566372, 20.798588523119996 ], [ -100.803768062486654, 20.807574009985853 ], [ -100.810900120873242, 20.808917394654522 ], [ -100.814463233840272, 20.804478754505777 ], [ -100.81607323666492, 20.805820502788048 ], [ -100.819980722629595, 20.80423179968373 ], [ -100.831432385482415, 20.810599982839268 ], [ -100.835130924494337, 20.807193393683921 ], [ -100.82685282608314, 20.791054519089862 ], [ -100.828926529002516, 20.782210174520593 ], [ -100.82662343849114, 20.778230571627898 ], [ -100.810122665413388, 20.768501772397375 ], [ -100.818364522240401, 20.766311440142697 ], [ -100.825720672951007, 20.767154470760914 ], [ -100.839505592216867, 20.776053206014527 ], [ -100.847058532610816, 20.778009568800112 ], [ -100.854254759166878, 20.786219016946234 ], [ -100.863541242896645, 20.789803765446234 ], [ -100.869178263285662, 20.796173913665587 ], [ -100.868633128467451, 20.79849927890055 ], [ -100.870717852141937, 20.796854141906664 ], [ -100.872572903361345, 20.798729552201348 ], [ -100.878969145838923, 20.795157250170256 ], [ -100.89974172139074, 20.803613951825742 ], [ -100.909261228657925, 20.803799611052703 ], [ -100.913148621389411, 20.807546784890469 ], [ -100.920418362446881, 20.806773217238764 ], [ -100.9231811997862, 20.803710238673645 ], [ -100.92519465827624, 20.817250846699565 ], [ -100.93081089718082, 20.809675110460137 ], [ -100.936516258319259, 20.816372765764402 ], [ -100.945173261934883, 20.814376757452873 ], [ -100.95466736170971, 20.819442635507141 ], [ -100.954257370805735, 20.813242580058024 ], [ -100.958024124477319, 20.810494459970222 ], [ -100.953929418570496, 20.808282530036045 ], [ -100.95252109435306, 20.79895338548204 ], [ -100.9602130856602, 20.80193683610408 ], [ -100.972403253616193, 20.797360454192933 ], [ -100.978463017339919, 20.800989263632164 ], [ -100.976779389720747, 20.789595927036096 ], [ -100.989254959603969, 20.797054301046028 ], [ -100.989574978097721, 20.792249672968492 ], [ -100.994614997940772, 20.788570481009838 ], [ -100.995951614319026, 20.781639638645284 ], [ -101.007019304543547, 20.782862111710962 ], [ -101.010432862772376, 20.778304692745866 ], [ -101.01119592985296, 20.782748146698005 ], [ -101.014766931232145, 20.785881821445606 ], [ -101.033118328953748, 20.789736516200634 ], [ -101.038459838947333, 20.806785496350653 ], [ -101.05317366541766, 20.811288950363881 ], [ -101.069691729322344, 20.823094990085401 ], [ -101.072584484374801, 20.828186741752329 ], [ -101.072634187905862, 20.836377372480428 ], [ -101.061617757668913, 20.844653701737862 ], [ -101.062824515092927, 20.851338593591795 ], [ -101.05658227135244, 20.855669326238683 ], [ -101.053919026473238, 20.854608726742473 ], [ -101.053125486962955, 20.856943241291368 ], [ -101.068437453671379, 20.875078180564742 ], [ -101.05099604611992, 20.883071203794078 ], [ -101.025217390249836, 20.890994166954538 ], [ -101.014273257852267, 20.898400764918733 ], [ -100.992849402351496, 20.92112380422094 ], [ -100.985740922822785, 20.921360346699998 ], [ -100.982178490541614, 20.916410157586853 ], [ -100.977101184928429, 20.918352049270997 ], [ -100.974426257758424, 20.926089971958366 ], [ -100.976744968239416, 20.927460248052231 ], [ -100.973775134705207, 20.928955118468082 ], [ -100.974191302028757, 20.932299982784468 ], [ -100.968223200719663, 20.930697363408878 ], [ -100.97159358200058, 20.934823354404056 ], [ -100.96955688318414, 20.935931114586239 ], [ -100.971143004353308, 20.938967980917226 ], [ -100.962544828996627, 20.950646673858785 ], [ -100.94057168509471, 20.960961169939946 ], [ -100.930587554420555, 20.958468015340227 ], [ -100.929766872605882, 20.961749431969945 ], [ -100.935253464339965, 20.968987944286514 ], [ -100.932509062283117, 20.973168106076304 ], [ -100.93298580192662, 20.982925437304555 ], [ -100.928501250146425, 20.994704333407814 ], [ -100.915491414418554, 20.984602663668014 ], [ -100.904250463305033, 20.979417243258339 ], [ -100.905044049471343, 20.982570363263275 ], [ -100.903448169098539, 20.982139704488517 ], [ -100.901996139137424, 20.986299610687812 ], [ -100.910570343305736, 20.991960640032467 ], [ -100.909693582150396, 21.00544269327931 ], [ -100.901791199857499, 21.003823642190099 ], [ -100.903252719314025, 21.007779101431208 ], [ -100.898681791631617, 21.0091462773659 ], [ -100.883908734702828, 21.008460641442529 ], [ -100.888292996302667, 21.02508270198016 ], [ -100.885897822736965, 21.026428764369996 ], [ -100.868564433825853, 21.018654137098626 ], [ -100.860560780982993, 21.008846825442337 ], [ -100.845649306821102, 21.006463783255303 ], [ -100.845902840757958, 21.017584670635134 ], [ -100.843297036837441, 21.025796269102948 ], [ -100.846417946121164, 21.035649949252285 ], [ -100.850648961106643, 21.035238328829422 ], [ -100.852752598480734, 21.038857476937267 ], [ -100.848275479477593, 21.043199719236625 ], [ -100.853145699517142, 21.061265530237396 ], [ -100.851867659935721, 21.067397298998543 ], [ -100.844560765350238, 21.071393809266731 ], [ -100.833015174864784, 21.070467268438446 ], [ -100.831577320101701, 21.073209688078364 ], [ -100.825239535500359, 21.069836072456877 ], [ -100.81330408614626, 21.070731191736495 ], [ -100.812392594739961, 21.068341176450115 ], [ -100.81524194790741, 21.06550329493227 ], [ -100.805125716023525, 21.068550064462293 ], [ -100.800273535721246, 21.073581420141668 ], [ -100.797826974738143, 21.070747830349873 ], [ -100.791863546593973, 21.078989165583224 ], [ -100.78339986252098, 21.08489574769629 ], [ -100.781811808677944, 21.0899548172622 ], [ -100.752650835514132, 21.092735989180031 ], [ -100.721499892315819, 21.101773509834761 ], [ -100.711583645575544, 21.094208398930778 ], [ -100.706153486748192, 21.103269531385731 ], [ -100.701115488743142, 21.105421339503526 ], [ -100.688976911732041, 21.104324714649103 ], [ -100.644354100528034, 21.108672884175633 ] ] ] } },
{ "type": "Feature", "properties": { "cve_edo": "11", "cve_mpo_ine": "034", "cve_edo_mpo_ine": "11034", "nom_mpo": "SANTA CATARINA", "nom_edo": "Guanajuato", "alianza_ganadora": "Va por México", "margen_pp": 49.012345679012348, "por_participacion": 69.112627986348116 }, "geometry": { "type": "Polygon", "coordinates": [ [ [ -100.084077836058469, 21.243701729902746 ], [ -100.085857037729312, 21.240009934098165 ], [ -100.083131330362605, 21.228358268375271 ], [ -100.076021966405122, 21.228844897909948 ], [ -100.074229860476024, 21.226469675350955 ], [ -100.073014144790889, 21.228091897869486 ], [ -100.05623140418777, 21.221000881966976 ], [ -100.042734330724784, 21.22332621973035 ], [ -100.043374352603621, 21.217665331185852 ], [ -100.049106686832928, 21.215089247508562 ], [ -100.044521485164907, 21.21517728217006 ], [ -100.042460485440131, 21.209832789855721 ], [ -100.044163899939306, 21.204615074340527 ], [ -100.039931732978545, 21.204699379967078 ], [ -100.038128305431215, 21.196174185320494 ], [ -100.034106318782378, 21.194068736399306 ], [ -100.028027000416287, 21.197101802371428 ], [ -100.021429030934286, 21.195930010556371 ], [ -100.019710494878169, 21.190099293897443 ], [ -100.000807628874327, 21.182171895944638 ], [ -100.000122961889815, 21.178418343299239 ], [ -100.003542267356721, 21.173347250597114 ], [ -100.002428493346457, 21.167862312885216 ], [ -100.007479931636553, 21.161371793268327 ], [ -100.002041982995536, 21.158652473532353 ], [ -100.011181259003465, 21.142930114750886 ], [ -100.008391084963534, 21.129220303654119 ], [ -100.010192446881902, 21.127097017774247 ], [ -100.014023144087716, 21.127971436738566 ], [ -100.020635095195445, 21.113203405275435 ], [ -100.027508387318292, 21.106902396583056 ], [ -100.03065339985352, 21.098238858595835 ], [ -100.027180703367677, 21.097816005431262 ], [ -100.026809097993407, 21.095960193283325 ], [ -100.029792131204729, 21.094487011045988 ], [ -100.029400711998363, 21.090689563455555 ], [ -100.02453897778517, 21.080818058530937 ], [ -100.020053400295126, 21.055780165686535 ], [ -100.028544306613099, 21.046985589912815 ], [ -100.041317674638762, 21.043315857233992 ], [ -100.047147993444597, 21.044543098327161 ], [ -100.05864498286077, 21.053856824745296 ], [ -100.06694258920615, 21.054936531537404 ], [ -100.077432130809825, 21.06326673345578 ], [ -100.079863181874828, 21.070887184731422 ], [ -100.075060583046763, 21.072502225057807 ], [ -100.067438414921227, 21.085546410502587 ], [ -100.072741588766846, 21.086777621971887 ], [ -100.073598672526657, 21.090033480418526 ], [ -100.078259412193432, 21.091642361750822 ], [ -100.082585516819691, 21.100525677397112 ], [ -100.08620413583354, 21.098053973831725 ], [ -100.090334913237115, 21.099543567588313 ], [ -100.093558698965481, 21.109717752429045 ], [ -100.100643544372133, 21.118037248018883 ], [ -100.102577777399645, 21.117481711225128 ], [ -100.107268616673139, 21.127269732741109 ], [ -100.114924752395453, 21.128435700581079 ], [ -100.12321994295985, 21.13430497123025 ], [ -100.130315409277685, 21.148737498511593 ], [ -100.132243600295013, 21.147603275357632 ], [ -100.143587713075931, 21.152491568428051 ], [ -100.133399536923761, 21.151145044167549 ], [ -100.145176008522668, 21.157888137384848 ], [ -100.151457879887715, 21.17290599522482 ], [ -100.151445613332811, 21.177120125998815 ], [ -100.146467624515466, 21.184398987493758 ], [ -100.133538344787624, 21.185393025278433 ], [ -100.134471593002417, 21.190052405598319 ], [ -100.128751775211256, 21.204939772500879 ], [ -100.12965460980422, 21.212202239585711 ], [ -100.12453115380049, 21.217127027917414 ], [ -100.129403330627341, 21.218253554093717 ], [ -100.125000875610212, 21.223707193088373 ], [ -100.118137609030498, 21.225059676365255 ], [ -100.118103267431124, 21.227082374528205 ], [ -100.101394426086088, 21.236132584665253 ], [ -100.092063242788015, 21.237716353554468 ], [ -100.084077836058469, 21.243701729902746 ] ] ] } },
{ "type": "Feature", "properties": { "cve_edo": "11", "cve_mpo_ine": "035", "cve_edo_mpo_ine": "11035", "nom_mpo": "SANTA CRUZ DE JUVENTINO ROSAS", "nom_edo": "Guanajuato", "alianza_ganadora": "Va por México", "margen_pp": 39.846842754234537, "por_participacion": 48.572824562233045 }, "geometry": { "type": "Polygon", "coordinates": [ [ [ -100.97370055216976, 20.797629761328668 ], [ -100.968258854636503, 20.770331606987259 ], [ -100.970265507550721, 20.762022515696302 ], [ -100.977232963117387, 20.759758499483592 ], [ -100.973989546181244, 20.754642125226976 ], [ -100.976941806251034, 20.75114565286621 ], [ -100.972622159232202, 20.749092160440227 ], [ -100.964963258674899, 20.734626054997033 ], [ -100.969424951754718, 20.725258606238555 ], [ -100.976842386140987, 20.721587949583512 ], [ -100.980112636113461, 20.71553185668656 ], [ -100.978846514332787, 20.713155144588615 ], [ -100.975563833220264, 20.713851999678258 ], [ -100.976299248068955, 20.702836363236006 ], [ -100.970005573048468, 20.698084146293638 ], [ -100.958670800953698, 20.696729895799308 ], [ -100.951160807727035, 20.698583452899957 ], [ -100.948012996096949, 20.692231363674686 ], [ -100.936678110983323, 20.69290279609103 ], [ -100.933368907252472, 20.689238279223588 ], [ -100.922988169631267, 20.695905718614149 ], [ -100.919519946697648, 20.692234917627623 ], [ -100.915768811197708, 20.693946361786079 ], [ -100.918332834166975, 20.689883669862407 ], [ -100.912272168982327, 20.688008438331789 ], [ -100.912016036772272, 20.683875395935164 ], [ -100.906847336733406, 20.684063153916686 ], [ -100.901540057769125, 20.680075830780027 ], [ -100.886247667711686, 20.676295854792222 ], [ -100.884748537745821, 20.670100810713919 ], [ -100.881393281590874, 20.67466245607034 ], [ -100.877279437075813, 20.668271481085782 ], [ -100.869890188748727, 20.670782447436153 ], [ -100.86756483938214, 20.675835742251433 ], [ -100.866022418453426, 20.672700004236244 ], [ -100.863406904577289, 20.666261196375373 ], [ -100.868032386919154, 20.663141681237352 ], [ -100.870417296832741, 20.658294857128343 ], [ -100.87571525194663, 20.636485614189446 ], [ -100.874871451895146, 20.632024089838694 ], [ -100.882619213847704, 20.631165250199594 ], [ -100.883994816273969, 20.624255356670517 ], [ -100.882017432875458, 20.61616044227236 ], [ -100.873800656157769, 20.617021121519603 ], [ -100.880220864077387, 20.608974272784756 ], [ -100.874468749788619, 20.58506048821528 ], [ -100.879654863965044, 20.589132162601295 ], [ -100.890650551663427, 20.592559339665382 ], [ -100.890855707214556, 20.586522489725574 ], [ -100.894257704396651, 20.5858881089429 ], [ -100.896120183267499, 20.582614238021115 ], [ -100.888602518178345, 20.581984214767623 ], [ -100.889773529186556, 20.569369875213642 ], [ -100.91268385420608, 20.572621689273625 ], [ -100.911682369410897, 20.570819544425266 ], [ -100.916394422848839, 20.570647822876815 ], [ -100.930312223829517, 20.572364057942462 ], [ -100.930846819814278, 20.577214298393141 ], [ -100.948462700469207, 20.578086665923362 ], [ -100.948238814971987, 20.580154739928247 ], [ -100.953481917676228, 20.583603692848229 ], [ -100.955864765395432, 20.579086678186897 ], [ -100.965346732467907, 20.579311992510998 ], [ -100.966955262350609, 20.575241356605957 ], [ -100.969441115141692, 20.577657459494603 ], [ -100.974859131839722, 20.576650293225342 ], [ -100.979088619868008, 20.58559395786633 ], [ -100.976931034936754, 20.588249861517546 ], [ -100.977834528640599, 20.592421039391606 ], [ -100.992010306887096, 20.586731775849298 ], [ -100.992505907364077, 20.580859082161862 ], [ -101.002363892241519, 20.581610852912505 ], [ -101.003555874426098, 20.574102914807131 ], [ -100.996919892530997, 20.573572379570749 ], [ -100.99688822805409, 20.569231226716941 ], [ -101.00107127954152, 20.567450429970208 ], [ -101.006417552754925, 20.567708188635407 ], [ -101.023809121279001, 20.561258531926725 ], [ -101.031133600732261, 20.567780565434784 ], [ -101.036174475628314, 20.567296487036419 ], [ -101.036709755977327, 20.564060032131358 ], [ -101.042631855139859, 20.56728926537879 ], [ -101.042607673226925, 20.569442264686831 ], [ -101.052058804833393, 20.569204703564896 ], [ -101.054876269502302, 20.565751810723189 ], [ -101.051563940179292, 20.553254893269649 ], [ -101.05326715313096, 20.553313827553165 ], [ -101.058564398911685, 20.565120472510326 ], [ -101.063549011766014, 20.564801985764429 ], [ -101.066921131954956, 20.580517591940836 ], [ -101.057969816227086, 20.579203816745395 ], [ -101.072152739129081, 20.595769587182865 ], [ -101.072667270037286, 20.598015690830202 ], [ -101.067112622217707, 20.601635990864839 ], [ -101.070778323095837, 20.619592088959461 ], [ -101.083249175563964, 20.620905498516183 ], [ -101.083764174566539, 20.62367172946507 ], [ -101.066353949721332, 20.621972831891849 ], [ -101.051831590674112, 20.628179849319643 ], [ -101.059921061828518, 20.64901282682742 ], [ -101.050760500854651, 20.652784636264183 ], [ -101.05386985949697, 20.659819784490171 ], [ -101.067004796244063, 20.662035523150887 ], [ -101.074506935404443, 20.661018534521251 ], [ -101.078545827657223, 20.670937686684024 ], [ -101.076321782096755, 20.682229066739847 ], [ -101.082989554186696, 20.705522980003629 ], [ -101.08497085922734, 20.708102667994421 ], [ -101.090433330443048, 20.707983241057896 ], [ -101.089144626405187, 20.715370128997275 ], [ -101.09696674201939, 20.715796264620032 ], [ -101.113568085279994, 20.710589914716099 ], [ -101.117670254293657, 20.713469711371836 ], [ -101.117651668198462, 20.717650904553864 ], [ -101.109916236766026, 20.717141681548192 ], [ -101.10398779838863, 20.721076843419823 ], [ -101.103472378370384, 20.728990803329509 ], [ -101.11221470272568, 20.742318287653244 ], [ -101.119796828260178, 20.745892774163963 ], [ -101.125263181804925, 20.751929852962643 ], [ -101.123289270198839, 20.753951973698268 ], [ -101.119016303090319, 20.751806356330757 ], [ -101.114815266190817, 20.75464827357764 ], [ -101.109191902643474, 20.777422134370013 ], [ -101.104302232450337, 20.785719026178416 ], [ -101.091806387977584, 20.79378492786239 ], [ -101.085605895599258, 20.801184286800943 ], [ -101.073656427055241, 20.802215998480342 ], [ -101.069532476859877, 20.810668215534399 ], [ -101.062184042108257, 20.816167723480628 ], [ -101.038459839047405, 20.806785496157456 ], [ -101.03311832905186, 20.78973651600495 ], [ -101.014766931324019, 20.785881821249529 ], [ -101.011195929943682, 20.782748146501465 ], [ -101.0104328628628, 20.77830469254863 ], [ -101.007019304632919, 20.782862111514433 ], [ -100.995951614404902, 20.781639638448659 ], [ -100.994614998026265, 20.788570480814194 ], [ -100.989574978181722, 20.79224967277344 ], [ -100.989254959687884, 20.797054300851777 ], [ -100.978522808568499, 20.791720120514317 ], [ -100.977533332457071, 20.789087587845298 ], [ -100.975817900042571, 20.791555676645121 ], [ -100.978463017420651, 20.800989263438499 ], [ -100.97370055216976, 20.797629761328668 ] ] ] } },
{ "type": "Feature", "properties": { "cve_edo": "11", "cve_mpo_ine": "036", "cve_edo_mpo_ine": "11036", "nom_mpo": "SANTIAGO MARAVATIO", "nom_edo": "Guanajuato", "alianza_ganadora": "Va por México", "margen_pp": 43.176545032693525, "por_participacion": 69.730842770995736 }, "geometry": { "type": "Polygon", "coordinates": [ [ [ -101.019044465890943, 20.210188731881356 ], [ -100.992977360640694, 20.206891684129523 ], [ -100.994171490339781, 20.201947909151517 ], [ -100.988213258600155, 20.2055251033314 ], [ -100.980338172326498, 20.20359083264858 ], [ -100.964909376373683, 20.198102191656609 ], [ -100.963924521245815, 20.195471000780749 ], [ -100.962027784265942, 20.197282172191258 ], [ -100.960402032164581, 20.194785927452269 ], [ -100.953680916103977, 20.195106400967408 ], [ -100.938295251300232, 20.185518580681819 ], [ -100.938697549899061, 20.181953692999269 ], [ -100.941098016788871, 20.182078859561525 ], [ -100.940104576916696, 20.166249449825742 ], [ -100.929058872174991, 20.157125489279249 ], [ -100.926998849626386, 20.159600999083327 ], [ -100.927500892938411, 20.155082847933716 ], [ -100.924251483270098, 20.150089514972798 ], [ -100.945381379919297, 20.151100754674783 ], [ -100.945358266834916, 20.146674162906642 ], [ -100.947049037428599, 20.146397480371594 ], [ -100.947195927144023, 20.141678414132002 ], [ -100.942004384533604, 20.139200512047729 ], [ -100.9390896826567, 20.133332983438297 ], [ -100.943115937744821, 20.126521472569916 ], [ -100.941808549819456, 20.122199175637167 ], [ -100.944473069857452, 20.108128710526088 ], [ -100.941804059760315, 20.099691869356409 ], [ -100.944172604762869, 20.091791079441446 ], [ -100.954912214860826, 20.08772133974232 ], [ -100.955062149296452, 20.099013834949883 ], [ -100.960354521131791, 20.10384802680457 ], [ -100.959119670835321, 20.109785292993411 ], [ -100.961592253796226, 20.117025278322942 ], [ -100.963404161078032, 20.116994654686913 ], [ -100.96444665173378, 20.122769307457297 ], [ -100.962703090227478, 20.123336645725576 ], [ -100.962456586064945, 20.128967601009929 ], [ -100.964284732123375, 20.129805526026168 ], [ -100.97676295166967, 20.131083426287063 ], [ -100.970280185537064, 20.122049937971617 ], [ -100.972766634879818, 20.12055971612217 ], [ -100.971665363248249, 20.117930499704734 ], [ -100.974604712663904, 20.118790853913836 ], [ -100.97280051435709, 20.116090825841276 ], [ -100.978466097666754, 20.115787783749369 ], [ -100.978183797599996, 20.113186067769014 ], [ -100.981216852203175, 20.112803528521813 ], [ -100.986465138695564, 20.118340935581564 ], [ -100.994432631613662, 20.112950644662536 ], [ -100.995849629118425, 20.110568179438882 ], [ -100.99409357675431, 20.107329714672634 ], [ -100.996299372623795, 20.109608916758638 ], [ -101.001493537936582, 20.109076223878709 ], [ -101.010604338582496, 20.104732722813125 ], [ -101.018684032270457, 20.105660263708717 ], [ -101.018869292141673, 20.110170343490584 ], [ -101.029749016350323, 20.10687868832651 ], [ -101.031042372838186, 20.111208296605362 ], [ -101.037091058175747, 20.113072933852656 ], [ -101.035239729864628, 20.118148486562909 ], [ -101.03147652381638, 20.120517311672909 ], [ -101.027407608275226, 20.118170633406674 ], [ -101.019865733969752, 20.12191451255001 ], [ -101.019197765524623, 20.120267440845463 ], [ -101.020069325583407, 20.123774772051487 ], [ -101.028315261792457, 20.124037188122585 ], [ -101.031616126487876, 20.12200581281019 ], [ -101.038476456705922, 20.123404098871397 ], [ -101.04352774370885, 20.124992084405729 ], [ -101.045101794503537, 20.132339882277918 ], [ -101.053260355328817, 20.130697927621224 ], [ -101.054425403524789, 20.14181841730306 ], [ -101.044322251815586, 20.146301823258352 ], [ -101.031425764978735, 20.147841447279315 ], [ -101.023623146140949, 20.15374183190961 ], [ -101.023563576590306, 20.157509959134153 ], [ -101.026477040886675, 20.16070010722656 ], [ -101.024514968063272, 20.166232463274884 ], [ -101.021018855911208, 20.167024402761033 ], [ -101.009591818568794, 20.184647290447515 ], [ -101.02030341139492, 20.200691499642602 ], [ -101.020479000920076, 20.204539267909162 ], [ -101.017860367235059, 20.205402261935514 ], [ -101.019044465890943, 20.210188731881356 ] ] ] } },
{ "type": "Feature", "properties": { "cve_edo": "11", "cve_mpo_ine": "037", "cve_edo_mpo_ine": "11037", "nom_mpo": "SILAO DE LA VICTORIA", "nom_edo": "Guanajuato", "alianza_ganadora": "Va por México", "margen_pp": 7.0724791777423359, "por_participacion": 39.681869963292691 }, "geometry": { "type": "Polygon", "coordinates": [ [ [ -101.519496167185409, 20.917803413438335 ], [ -101.519167225380571, 20.93918340834766 ], [ -101.554889974978465, 20.943724258289073 ], [ -101.551995794969528, 20.947670375570031 ], [ -101.55476459469017, 20.948135532867973 ], [ -101.55360725017303, 20.953607821312922 ], [ -101.557691139090309, 20.959806873494703 ], [ -101.547017136140212, 20.964669726283379 ], [ -101.544287858338137, 20.968576194110856 ], [ -101.540999194542991, 20.989276005162715 ], [ -101.551132967791276, 20.99503504834578 ], [ -101.556006338354308, 20.98625358594149 ], [ -101.567385838943693, 20.980334718908374 ], [ -101.579092905059895, 20.993353075101524 ], [ -101.567115960790019, 21.004762278641309 ], [ -101.575563127562077, 21.010234682851426 ], [ -101.572731517948085, 21.017896014888318 ], [ -101.578316896269769, 21.019955197478172 ], [ -101.578131851224953, 21.021660474134652 ], [ -101.576294581074606, 21.025149099113136 ], [ -101.571139606533478, 21.023742819783468 ], [ -101.566649364906354, 21.026524044905386 ], [ -101.546247923409908, 21.024023125162721 ], [ -101.546473479711395, 21.016714166872312 ], [ -101.552551582135379, 21.016091214559189 ], [ -101.553038606804392, 21.011430505157133 ], [ -101.545670879409002, 21.011142083852885 ], [ -101.545708303389617, 21.014140517775083 ], [ -101.541091872037512, 21.017651560042193 ], [ -101.538849273616677, 21.015850681424595 ], [ -101.536280521155689, 21.018379927735104 ], [ -101.530332462621743, 21.017101245560475 ], [ -101.526903075631253, 21.020628056669928 ], [ -101.522885298270381, 21.042135146370011 ], [ -101.513287546981886, 21.038724881605642 ], [ -101.516779272474864, 21.030190130902593 ], [ -101.513494564103326, 21.028404224695471 ], [ -101.51461298602969, 21.026427143216647 ], [ -101.508849335666156, 21.026319792795366 ], [ -101.506882265875163, 21.023339936898051 ], [ -101.49922233979197, 21.022698010834304 ], [ -101.499292012808567, 21.021037057036512 ], [ -101.491133996478311, 21.025550636119942 ], [ -101.490158975682178, 21.028436672540764 ], [ -101.485566425306516, 21.028175475204637 ], [ -101.479981485211525, 21.038391693752022 ], [ -101.484276652732234, 21.074292789641607 ], [ -101.465318063048727, 21.092923648226467 ], [ -101.465455418300635, 21.099764777401681 ], [ -101.471880331030789, 21.10641136361637 ], [ -101.470523677685037, 21.112417740910836 ], [ -101.480054451242424, 21.114549771786155 ], [ -101.479869471392234, 21.116296500807181 ], [ -101.48496028683644, 21.115383998334369 ], [ -101.480885378457344, 21.116852433385031 ], [ -101.478452822926315, 21.12429548495113 ], [ -101.471589507983097, 21.126993237508849 ], [ -101.452605118049959, 21.143964553253525 ], [ -101.448557009915504, 21.144353107546042 ], [ -101.447936128346228, 21.146844529583806 ], [ -101.444144165015899, 21.138154777042416 ], [ -101.440921940650952, 21.140680201694014 ], [ -101.436491246954574, 21.137966563810824 ], [ -101.437694018922471, 21.130636649746556 ], [ -101.433941016748093, 21.128985071519754 ], [ -101.43907068924922, 21.123219562763115 ], [ -101.432948209060768, 21.11478064880518 ], [ -101.432969662155699, 21.107849926504503 ], [ -101.437130527696056, 21.105750777237208 ], [ -101.435996492764758, 21.098705042189035 ], [ -101.418976337023551, 21.097072382187847 ], [ -101.41236127891672, 21.098821484722205 ], [ -101.406467463181642, 21.103666618193028 ], [ -101.403311834742851, 21.099641229406782 ], [ -101.398960784701003, 21.09846508090936 ], [ -101.398693191554912, 21.095235810926191 ], [ -101.404351861696298, 21.093606958867365 ], [ -101.398218573533825, 21.084668996195536 ], [ -101.401962139001327, 21.083957181376242 ], [ -101.402263713838948, 21.077976415023898 ], [ -101.399795865628761, 21.075961316329746 ], [ -101.402629659557434, 21.074275670293243 ], [ -101.402660579605566, 21.071205188942319 ], [ -101.374591676888301, 21.053704895011165 ], [ -101.367195661735764, 21.04363397893238 ], [ -101.34907937980914, 21.032778907907829 ], [ -101.356988301648428, 21.01703553819782 ], [ -101.353145478109369, 21.012023785378272 ], [ -101.348002689765238, 21.010983595757949 ], [ -101.346026176511131, 21.007545514480153 ], [ -101.347219301738704, 21.001834032473752 ], [ -101.340890062450441, 21.000385978298151 ], [ -101.339686446970347, 20.951289184226038 ], [ -101.35698292297991, 20.952480422474313 ], [ -101.362030635943839, 20.947300407654783 ], [ -101.344210735929735, 20.941854473115249 ], [ -101.339960257676765, 20.945040597370266 ], [ -101.342782270098752, 20.926481648381856 ], [ -101.348253500435106, 20.9269232162967 ], [ -101.350357499365842, 20.921359443129848 ], [ -101.34359500138693, 20.917047515499451 ], [ -101.343144531527898, 20.92258987860184 ], [ -101.335908530759156, 20.922000256172417 ], [ -101.33602813388211, 20.91749044880963 ], [ -101.327690946497611, 20.918793826028335 ], [ -101.321097868981738, 20.915610440114751 ], [ -101.322010587366677, 20.909866027149821 ], [ -101.319852816618905, 20.907572235795204 ], [ -101.3224233776494, 20.902301725727536 ], [ -101.319782666841206, 20.899267528470471 ], [ -101.319562276251148, 20.88226063477375 ], [ -101.324666035450932, 20.876707416686067 ], [ -101.336886439272646, 20.87256044966168 ], [ -101.347248234417691, 20.861289736975635 ], [ -101.349943890961157, 20.860766431592324 ], [ -101.35304506190576, 20.845844580881081 ], [ -101.350434811732214, 20.843802525887959 ], [ -101.354667582892276, 20.844091066921621 ], [ -101.354722897632399, 20.839425019076355 ], [ -101.363913127149544, 20.840108773658283 ], [ -101.36636639947605, 20.845854040228769 ], [ -101.370724255031959, 20.84607541395701 ], [ -101.369922802926396, 20.840593694440919 ], [ -101.389602492959469, 20.842227844621831 ], [ -101.390933065682802, 20.846453757516809 ], [ -101.407176758139229, 20.848854138124363 ], [ -101.408655502875163, 20.843818027423229 ], [ -101.412715874504855, 20.844633572616129 ], [ -101.412308241174642, 20.831806825991283 ], [ -101.401036802400881, 20.831214125528973 ], [ -101.402622065326369, 20.821471967579267 ], [ -101.411684890185469, 20.823332533430968 ], [ -101.413841927543132, 20.822224415033379 ], [ -101.414728547437548, 20.815807525002889 ], [ -101.417540422473792, 20.821794126706575 ], [ -101.41945264008551, 20.820152804347359 ], [ -101.421252062556306, 20.822107108070437 ], [ -101.420461019558331, 20.813981827913722 ], [ -101.422962642290713, 20.812413754623755 ], [ -101.420902802679109, 20.805713079363809 ], [ -101.411568515349316, 20.800077435400219 ], [ -101.419033460660799, 20.799794212878655 ], [ -101.423147124991701, 20.80290982779945 ], [ -101.452861455541722, 20.800326645120979 ], [ -101.46023574365131, 20.805858474623346 ], [ -101.459997373021366, 20.814422724453099 ], [ -101.461992012950503, 20.814277447014689 ], [ -101.464209440046545, 20.822029693549485 ], [ -101.460183281075317, 20.846899872754271 ], [ -101.500978202176924, 20.852023640843672 ], [ -101.495777580472733, 20.867406869677549 ], [ -101.498457919363915, 20.867467472189283 ], [ -101.498945770522525, 20.875104235506655 ], [ -101.495137260599904, 20.875210311347903 ], [ -101.495020370324653, 20.888955492667645 ], [ -101.497713569745216, 20.893428962494465 ], [ -101.508335518667565, 20.89609429073947 ], [ -101.507807323303751, 20.897756050940341 ], [ -101.497453656571224, 20.895913374288341 ], [ -101.499252574710596, 20.902883558506474 ], [ -101.502720350506209, 20.902969796019846 ], [ -101.502888152502791, 20.906648961166148 ], [ -101.50042014771671, 20.906634548220893 ], [ -101.502899515010725, 20.911777416317413 ], [ -101.498659877010709, 20.911120584269188 ], [ -101.498842854162618, 20.91591630188536 ], [ -101.519496167185409, 20.917803413438335 ] ] ] } },
{ "type": "Feature", "properties": { "cve_edo": "11", "cve_mpo_ine": "038", "cve_edo_mpo_ine": "11038", "nom_mpo": "TARANDACUAO", "nom_edo": "Guanajuato", "alianza_ganadora": "Va por México", "margen_pp": 41.473880597014926, "por_participacion": 50.887686319187317 }, "geometry": { "type": "Polygon", "coordinates": [ [ [ -100.532259722954819, 20.079269142406712 ], [ -100.527668862270048, 20.07611995317404 ], [ -100.528588770660448, 20.074171383253336 ], [ -100.49260191606102, 20.059959699097618 ], [ -100.492399751671741, 20.05669670882115 ], [ -100.499558664714641, 20.059209378274456 ], [ -100.50738543858985, 20.05754368621745 ], [ -100.497881496479536, 20.05446900903987 ], [ -100.503687250216046, 20.048974539112411 ], [ -100.503958391865396, 20.039262200094601 ], [ -100.498323037354851, 20.036945780154031 ], [ -100.500063043824312, 20.027967086435687 ], [ -100.494973835818143, 20.028002082528765 ], [ -100.491971997445617, 20.025749980634593 ], [ -100.494901689308975, 20.019159810044773 ], [ -100.499164605673386, 20.018262773932872 ], [ -100.501129663995727, 20.015356749242468 ], [ -100.502035621333974, 20.004565644298999 ], [ -100.498819598823559, 19.996632571968654 ], [ -100.487909130961796, 19.997653727868617 ], [ -100.479894090785152, 20.00087172582014 ], [ -100.470174908292336, 19.999513735162569 ], [ -100.464541553220499, 19.993914627703685 ], [ -100.465792024155206, 19.987599731309142 ], [ -100.461795959860382, 19.982060950504234 ], [ -100.463032075100841, 19.978729427665243 ], [ -100.470057619905248, 19.9797519346778 ], [ -100.470170931089797, 19.975565671041849 ], [ -100.490629066464592, 19.980255927296973 ], [ -100.489289787389239, 19.960966868359623 ], [ -100.501975236347917, 19.957725197326418 ], [ -100.511908119652048, 19.957918480033069 ], [ -100.510110039696016, 19.954877541215403 ], [ -100.511389718542006, 19.944549133357722 ], [ -100.516041200149971, 19.942077216605579 ], [ -100.521340530740858, 19.929454118797842 ], [ -100.51960514854926, 19.920413908439553 ], [ -100.515501512645343, 19.916411755419627 ], [ -100.523441828353782, 19.918520106256839 ], [ -100.530066917745373, 19.91730694696864 ], [ -100.530355416825174, 19.91980549318626 ], [ -100.532331728425447, 19.918942031838395 ], [ -100.531689323218245, 19.922975456766832 ], [ -100.534706095289451, 19.929150717056899 ], [ -100.534470844780969, 19.935892147350692 ], [ -100.528894789579397, 19.941770956744541 ], [ -100.526225807747551, 19.966087612545941 ], [ -100.528158090809669, 19.97409832304777 ], [ -100.532159182975818, 19.975989421189933 ], [ -100.532718065337392, 19.974324284635749 ], [ -100.539321577086426, 19.974479896544324 ], [ -100.539289397908234, 19.972367324552906 ], [ -100.534005343136243, 19.970618734975286 ], [ -100.534154742171268, 19.968917922797658 ], [ -100.54419416890174, 19.960738625807995 ], [ -100.552090826386035, 19.957643846987633 ], [ -100.560053931830154, 19.958898111921688 ], [ -100.566585520095217, 19.965807104533372 ], [ -100.574424151464711, 19.962753600026936 ], [ -100.57965512152029, 19.957292677270296 ], [ -100.592510872432456, 19.959745858504451 ], [ -100.599520356037175, 19.957669978467777 ], [ -100.57676749604795, 19.974528034375002 ], [ -100.553374163808328, 19.980413099633395 ], [ -100.551901276929655, 19.983417059470483 ], [ -100.551736144215425, 19.991705729115708 ], [ -100.589580229363307, 19.994562611867856 ], [ -100.596387098947417, 19.992724433332139 ], [ -100.594159209862269, 19.999716972773946 ], [ -100.579253892545012, 20.005834589792443 ], [ -100.577736019864474, 20.019646630201507 ], [ -100.570365376285068, 20.019617839913888 ], [ -100.567573291859105, 20.035009279675474 ], [ -100.568809595952246, 20.042685828536737 ], [ -100.56646488890226, 20.048942237717998 ], [ -100.557804013343713, 20.048715784543884 ], [ -100.554439688284589, 20.045269151895337 ], [ -100.553750024352624, 20.046720331717143 ], [ -100.562046754890162, 20.052238616857611 ], [ -100.570220484386766, 20.05023712145206 ], [ -100.57851145294552, 20.055010869267807 ], [ -100.580477040218184, 20.0590044507267 ], [ -100.571688965995364, 20.057664008130722 ], [ -100.568042737003509, 20.062277141238052 ], [ -100.563360356141828, 20.062104604435959 ], [ -100.5612140530381, 20.064268825283573 ], [ -100.553161657713758, 20.060029713459734 ], [ -100.554303335650289, 20.063533709465055 ], [ -100.558693580553296, 20.063749918783206 ], [ -100.566499432328555, 20.073279517780623 ], [ -100.553859123588495, 20.073164530750905 ], [ -100.544531969946291, 20.077322267374178 ], [ -100.532259722954819, 20.079269142406712 ] ] ] } },
{ "type": "Feature", "properties": { "cve_edo": "11", "cve_mpo_ine": "039", "cve_edo_mpo_ine": "11039", "nom_mpo": "TARIMORO", "nom_edo": "Guanajuato", "alianza_ganadora": "Va por México", "margen_pp": 49.709752321981426, "por_participacion": 48.649157488468418 }, "geometry": { "type": "Polygon", "coordinates": [ [ [ -100.781425359199517, 20.17285637141395 ], [ -100.78658282269916, 20.170084868668717 ], [ -100.789238822211004, 20.191558131045159 ], [ -100.787240301419217, 20.194362185817816 ], [ -100.782579619583672, 20.195470799141759 ], [ -100.77371757983758, 20.193832386941917 ], [ -100.772104624524687, 20.208753421893523 ], [ -100.782718675299435, 20.206805644016562 ], [ -100.787480795029566, 20.208136576529821 ], [ -100.789381888442477, 20.229870004348047 ], [ -100.793928386469091, 20.235548615238358 ], [ -100.803731120998989, 20.237294880401237 ], [ -100.805545125680624, 20.230645663333 ], [ -100.806085169682902, 20.23473317927202 ], [ -100.816059735358778, 20.23957914785618 ], [ -100.821974681453014, 20.236546065731932 ], [ -100.829098471130735, 20.238996137361251 ], [ -100.82791917060149, 20.241787369094926 ], [ -100.808859536876298, 20.246066880274071 ], [ -100.816295882340995, 20.246319534573772 ], [ -100.815511909880343, 20.251628223188249 ], [ -100.825018150221496, 20.2530883706862 ], [ -100.822634407360269, 20.260574454674895 ], [ -100.836360692939763, 20.259069434815792 ], [ -100.836057679119392, 20.268342358701656 ], [ -100.841239390829841, 20.276657221061935 ], [ -100.83134005427425, 20.279507434360102 ], [ -100.828943823761335, 20.286290417798714 ], [ -100.834391017423783, 20.286491664639694 ], [ -100.835065981591995, 20.289842703464469 ], [ -100.82504937739958, 20.302855413996653 ], [ -100.827398975131459, 20.312235733809601 ], [ -100.830052906740534, 20.309219069224241 ], [ -100.831123927910042, 20.310490921552301 ], [ -100.82923974009924, 20.318554984040848 ], [ -100.821704465544002, 20.320055964173584 ], [ -100.820968359225162, 20.317536516617537 ], [ -100.807941411495733, 20.315621782580308 ], [ -100.804295238940355, 20.318940248153744 ], [ -100.821657489360646, 20.325362005312233 ], [ -100.822333996955891, 20.327799271511623 ], [ -100.829547431639298, 20.328498955773728 ], [ -100.823322324970761, 20.375867902888636 ], [ -100.816002119414321, 20.376122723715294 ], [ -100.794154732037953, 20.363164286019845 ], [ -100.792954971258069, 20.365499851847538 ], [ -100.78410114849639, 20.360424728774049 ], [ -100.779306111220436, 20.380616704633212 ], [ -100.769431615602173, 20.380030129426157 ], [ -100.769598106993897, 20.374353892258956 ], [ -100.737929856826511, 20.373401607429003 ], [ -100.740367318612897, 20.380828414222769 ], [ -100.72543566066949, 20.384730265028047 ], [ -100.725690091737533, 20.386384053138862 ], [ -100.722294464367778, 20.38733470649338 ], [ -100.726327175572095, 20.390601344631502 ], [ -100.723599709453467, 20.398419748852742 ], [ -100.72747120827232, 20.402930766950892 ], [ -100.72616716699342, 20.406922124422881 ], [ -100.723386390663606, 20.407741412538261 ], [ -100.719745272390881, 20.405339985581978 ], [ -100.717627907000164, 20.410127678665383 ], [ -100.713765188200838, 20.411373540921531 ], [ -100.704778773383055, 20.406506985806853 ], [ -100.706802605253557, 20.402405535584034 ], [ -100.698549191049153, 20.401235545470914 ], [ -100.699595359316191, 20.405324016487477 ], [ -100.69645185946888, 20.407803806433687 ], [ -100.698544266997956, 20.415980757296452 ], [ -100.691047549629232, 20.423066483718337 ], [ -100.680718976532376, 20.418956429891651 ], [ -100.676792021960182, 20.414192766503959 ], [ -100.673191102216094, 20.416845037654227 ], [ -100.67224443363429, 20.420876516448239 ], [ -100.669073356374653, 20.420373561369413 ], [ -100.662885884685465, 20.408673173973217 ], [ -100.657782444634165, 20.407994921433524 ], [ -100.659266726208529, 20.411132133402329 ], [ -100.654394178991851, 20.409873398629106 ], [ -100.654373787930993, 20.406480737626353 ], [ -100.650139947586567, 20.404184368079083 ], [ -100.654870693578687, 20.401389165841461 ], [ -100.654273918363018, 20.389848404688216 ], [ -100.652515286899472, 20.389774227986241 ], [ -100.650603851546251, 20.383742734170461 ], [ -100.65805554697873, 20.385237265509875 ], [ -100.656987377941078, 20.353755925295548 ], [ -100.653438315008543, 20.348146157403637 ], [ -100.653768594481235, 20.344586266763521 ], [ -100.65907420406441, 20.340257372316707 ], [ -100.661502867450764, 20.344672642993636 ], [ -100.664076457521105, 20.34395662646568 ], [ -100.669778597442715, 20.339411331087561 ], [ -100.668076216700413, 20.33433201236096 ], [ -100.670307399838777, 20.334762803734229 ], [ -100.687476014507695, 20.321013602168719 ], [ -100.677993818760228, 20.307235063163102 ], [ -100.681017298944411, 20.300692935506191 ], [ -100.675525464349391, 20.29221610646967 ], [ -100.682595366897488, 20.286167046669977 ], [ -100.683414937797849, 20.281390835487457 ], [ -100.673379353764773, 20.279556168827675 ], [ -100.670583534808216, 20.275981406666155 ], [ -100.674424606385315, 20.264497430702693 ], [ -100.672012791858492, 20.253995899990496 ], [ -100.677775538787529, 20.251277960717069 ], [ -100.67735627820538, 20.245728173694463 ], [ -100.682841992568086, 20.244318943576157 ], [ -100.678839200541773, 20.239792369015436 ], [ -100.674909097445124, 20.228763389287593 ], [ -100.673467295071546, 20.223033957873319 ], [ -100.675307626883395, 20.217626697461679 ], [ -100.672491160372076, 20.213656145223549 ], [ -100.684226991627256, 20.212193617877237 ], [ -100.694429613823985, 20.203099127657278 ], [ -100.705405381328006, 20.201729702567654 ], [ -100.707369075723335, 20.196775411602722 ], [ -100.715517765146643, 20.197766250057317 ], [ -100.717583990547368, 20.191982728574157 ], [ -100.715595776504443, 20.185144994427496 ], [ -100.722893402489319, 20.184286763570231 ], [ -100.723774834874447, 20.181087004049722 ], [ -100.721978194053904, 20.171763729455744 ], [ -100.724553995742795, 20.168454847085034 ], [ -100.721119442916034, 20.165984277336992 ], [ -100.727712948557283, 20.161619788170313 ], [ -100.727913061124113, 20.163064868851485 ], [ -100.733501810857632, 20.161529474762997 ], [ -100.735637788324681, 20.17014389509901 ], [ -100.730424960628596, 20.173053391713434 ], [ -100.733872626473755, 20.181208012092377 ], [ -100.74610122665618, 20.176312986638646 ], [ -100.781425359199517, 20.17285637141395 ] ] ] } },
{ "type": "Feature", "properties": { "cve_edo": "11", "cve_mpo_ine": "040", "cve_edo_mpo_ine": "11040", "nom_mpo": "TIERRA BLANCA", "nom_edo": "Guanajuato", "alianza_ganadora": "Va por México", "margen_pp": 24.528301886792452, "por_participacion": 69.815440969287124 }, "geometry": { "type": "Polygon", "coordinates": [ [ [ -100.147852594204025, 21.164275228766488 ], [ -100.145176008522668, 21.157888137384848 ], [ -100.133399536923761, 21.151145044167549 ], [ -100.143587713075931, 21.152491568428051 ], [ -100.132243600295013, 21.147603275357632 ], [ -100.130315409277685, 21.148737498511593 ], [ -100.12321994295985, 21.13430497123025 ], [ -100.114924752395453, 21.128435700581079 ], [ -100.107268616673139, 21.127269732741109 ], [ -100.102577777399645, 21.117481711225128 ], [ -100.100643544372133, 21.118037248018883 ], [ -100.093558698965481, 21.109717752429045 ], [ -100.090334913237115, 21.099543567588313 ], [ -100.08620413583354, 21.098053973831725 ], [ -100.082585516819691, 21.100525677397112 ], [ -100.078259412193432, 21.091642361750822 ], [ -100.073598672526657, 21.090033480418526 ], [ -100.072741588766846, 21.086777621971887 ], [ -100.067438414921227, 21.085546410502587 ], [ -100.075060583046763, 21.072502225057807 ], [ -100.080149201072587, 21.070140826433885 ], [ -100.073805405070303, 21.059293157581561 ], [ -100.06694258920615, 21.054936531537404 ], [ -100.05864498286077, 21.053856824745296 ], [ -100.044018890645106, 21.043125816322878 ], [ -100.028544306613099, 21.046985589912815 ], [ -100.0208089732497, 21.054947019577131 ], [ -100.021466484531757, 21.053433988400947 ], [ -100.007271006062496, 21.044396412001053 ], [ -100.010998064379038, 21.040563041459567 ], [ -100.012536981223775, 21.026799574366994 ], [ -100.01892132730822, 21.020755284549089 ], [ -100.018485650403207, 21.013563644836179 ], [ -100.029191090084822, 21.01415012324621 ], [ -100.05342413406045, 21.02847308418464 ], [ -100.061768716939298, 21.030865021969714 ], [ -100.067086794269827, 21.02597126793431 ], [ -100.067297867918342, 21.018369488023584 ], [ -100.060239404687863, 21.005116505574893 ], [ -100.073547279282039, 20.989473249248057 ], [ -100.069516865380706, 20.983175267309743 ], [ -100.076308041224081, 20.977296032629255 ], [ -100.077621938555822, 20.972880547095869 ], [ -100.069711662294679, 20.966193919875213 ], [ -100.068353543569359, 20.954453323285154 ], [ -100.073955385934099, 20.9512134583393 ], [ -100.076815489049807, 20.942961976200486 ], [ -100.061085709682487, 20.936282205466195 ], [ -100.09209976613775, 20.930920799417372 ], [ -100.092447268124616, 20.915222210183892 ], [ -100.110229627099173, 20.931641637624935 ], [ -100.124919241863182, 20.93457903118205 ], [ -100.132532799892061, 20.939972302643341 ], [ -100.145408163773311, 20.936068329512423 ], [ -100.146555530891249, 20.941593791358041 ], [ -100.149356472607906, 20.940230672475383 ], [ -100.154907973888115, 20.941681977521611 ], [ -100.166225509579149, 20.939659613128608 ], [ -100.181106160968724, 20.933563245990715 ], [ -100.181235788872954, 20.929254396276662 ], [ -100.185108096068561, 20.932781217568586 ], [ -100.196700338253891, 20.931014134618643 ], [ -100.208827646168217, 20.938255007147735 ], [ -100.21477638895341, 20.946456211728993 ], [ -100.223209161006722, 20.948884149049103 ], [ -100.244796836545277, 20.960933302742031 ], [ -100.245352448678929, 20.969526961464197 ], [ -100.241427017669253, 20.970453313058062 ], [ -100.242694439540216, 20.975893499862622 ], [ -100.240306590611823, 20.994910658632495 ], [ -100.243694371158796, 20.996969804515185 ], [ -100.246281921795301, 21.007435747906332 ], [ -100.25529177387385, 21.014911674219576 ], [ -100.256299845150224, 21.025855725660392 ], [ -100.26362706335884, 21.031164304872991 ], [ -100.26554639246838, 21.043748871860473 ], [ -100.264138470408994, 21.047491747193735 ], [ -100.249929711620794, 21.052946069681049 ], [ -100.25191407868472, 21.054409617815217 ], [ -100.248245911253079, 21.054522718580031 ], [ -100.245568738047339, 21.059097597659836 ], [ -100.252248037706863, 21.068304310497933 ], [ -100.257562105523604, 21.069300670298926 ], [ -100.266182633111285, 21.05913943337892 ], [ -100.272195242978967, 21.06796609365546 ], [ -100.278564353359414, 21.068697898304269 ], [ -100.281563569913729, 21.072002641577772 ], [ -100.280090953164262, 21.078848171005252 ], [ -100.27703019663258, 21.078852670730292 ], [ -100.276758700971627, 21.083653828698335 ], [ -100.279736365922986, 21.085676932011872 ], [ -100.279968798938043, 21.094054379811677 ], [ -100.283917487261547, 21.095314624757648 ], [ -100.27869682458811, 21.096614359091461 ], [ -100.273322068738224, 21.094077767607025 ], [ -100.269032959562196, 21.100145616063042 ], [ -100.263462703745049, 21.097995556865293 ], [ -100.262745876696471, 21.100859681050206 ], [ -100.260362258827925, 21.099158282174084 ], [ -100.259706321212946, 21.102145552400774 ], [ -100.251943476504167, 21.102633041074029 ], [ -100.247048155737801, 21.105600378236531 ], [ -100.251430224499302, 21.114095814619418 ], [ -100.251634092042551, 21.12269449211335 ], [ -100.248341780693323, 21.129980301271384 ], [ -100.255601542633713, 21.141451772546116 ], [ -100.25062068763684, 21.139416651158754 ], [ -100.245616169719867, 21.142964557329087 ], [ -100.236111262309791, 21.14504863606026 ], [ -100.227501909587545, 21.140833154917402 ], [ -100.216877239362603, 21.139334761558914 ], [ -100.209361893426959, 21.133572193179695 ], [ -100.201126842735292, 21.13410565292401 ], [ -100.187530074462472, 21.130870309279757 ], [ -100.173818734016976, 21.131398805046107 ], [ -100.163439366880183, 21.137668242535611 ], [ -100.161445707609715, 21.145430166655167 ], [ -100.152043660467513, 21.150320239865149 ], [ -100.147852594204025, 21.164275228766488 ] ] ] } },
{ "type": "Feature", "properties": { "cve_edo": "11", "cve_mpo_ine": "041", "cve_edo_mpo_ine": "11041", "nom_mpo": "URIANGATO", "nom_edo": "Guanajuato", "alianza_ganadora": "Juntos Haremos Historia", "margen_pp": 7.7567037279267499, "por_participacion": 44.886096759041806 }, "geometry": { "type": "Polygon", "coordinates": [ [ [ -101.19807920042831, 20.196940616096555 ], [ -101.198473494212351, 20.185302777437759 ], [ -101.194646689320507, 20.183701944833835 ], [ -101.188125075848291, 20.185368513513499 ], [ -101.186744140653843, 20.183152910092456 ], [ -101.177190027214564, 20.181716359506996 ], [ -101.176182031975088, 20.188064332150475 ], [ -101.177514492510312, 20.190901658138383 ], [ -101.179735325219681, 20.190828566710611 ], [ -101.178357806179861, 20.192421278607256 ], [ -101.174801140334026, 20.189450085015444 ], [ -101.172355485633602, 20.182861530265022 ], [ -101.165632502179179, 20.186558563575996 ], [ -101.165002463467317, 20.183752556403192 ], [ -101.163164509716822, 20.185807050460326 ], [ -101.156808917519385, 20.183289087229731 ], [ -101.154561635544894, 20.185349288539477 ], [ -101.158537030906814, 20.159875609279887 ], [ -101.154847369290735, 20.1594723876599 ], [ -101.149511038273175, 20.165757170410586 ], [ -101.128853724870581, 20.171925487943202 ], [ -101.121561897068673, 20.169295051647339 ], [ -101.120237466575347, 20.155817978650806 ], [ -101.117289914400672, 20.157970258379418 ], [ -101.11392028702555, 20.155616033282527 ], [ -101.111216230548123, 20.150975640478499 ], [ -101.110373868215675, 20.142045443676658 ], [ -101.107802931434904, 20.142122454934732 ], [ -101.102501638868929, 20.128410310741017 ], [ -101.099877663695935, 20.128819104880986 ], [ -101.096942730914236, 20.124305792016216 ], [ -101.094687577321622, 20.12586856722675 ], [ -101.09364682682957, 20.122860833691227 ], [ -101.09201766196577, 20.123338614506721 ], [ -101.092071771587115, 20.119322260323635 ], [ -101.097759643309331, 20.120485927884019 ], [ -101.096184528260395, 20.116947396527213 ], [ -101.100240044326029, 20.110930217944698 ], [ -101.097094327763756, 20.111594530296721 ], [ -101.099074093650458, 20.103660247880416 ], [ -101.090355889862423, 20.10676081037488 ], [ -101.089060991888886, 20.102431775376459 ], [ -101.085387555724282, 20.102978914575587 ], [ -101.085443813640069, 20.099086707671663 ], [ -101.091744826052874, 20.094653480817151 ], [ -101.084042581123938, 20.095421446866187 ], [ -101.08045884900406, 20.082926747951362 ], [ -101.095516721283047, 20.081726835603348 ], [ -101.111024548990486, 20.075717279787064 ], [ -101.118608750663171, 20.082360039148021 ], [ -101.122618330080783, 20.080938229085774 ], [ -101.11964986187661, 20.074273042365853 ], [ -101.124750873672639, 20.07167691561558 ], [ -101.134688583345891, 20.07563677021761 ], [ -101.148291857381565, 20.077117841769191 ], [ -101.148912589119078, 20.080860568512716 ], [ -101.15786413775308, 20.083866962683739 ], [ -101.160489428628722, 20.091730472428083 ], [ -101.164653396121764, 20.093632638413283 ], [ -101.167316042904361, 20.08792827547158 ], [ -101.171687743303977, 20.087245384309711 ], [ -101.169673176596902, 20.081892380081566 ], [ -101.17434916395662, 20.07834876350303 ], [ -101.178903964191932, 20.067313996278152 ], [ -101.177345105174453, 20.057607953378316 ], [ -101.1927326697067, 20.048157435244615 ], [ -101.189742506655762, 20.047496373932901 ], [ -101.188843052956855, 20.042458841867521 ], [ -101.19416394725279, 20.039153996512294 ], [ -101.213586534397692, 20.037302445559824 ], [ -101.217464934909003, 20.035135392573093 ], [ -101.218144483459739, 20.040962404054881 ], [ -101.215363953582411, 20.045969981091115 ], [ -101.203213554890922, 20.046020436968881 ], [ -101.202835314160509, 20.062253115429748 ], [ -101.206690841801631, 20.06579921202718 ], [ -101.204950917162208, 20.070170779896095 ], [ -101.196166594285316, 20.072532105257554 ], [ -101.196111000819087, 20.076299947811457 ], [ -101.192939718902878, 20.078911876081392 ], [ -101.197526358855939, 20.087870579329355 ], [ -101.197041852549134, 20.094004133801764 ], [ -101.199345337339153, 20.095502764819322 ], [ -101.200671089652872, 20.105128995699616 ], [ -101.190539490641569, 20.103825274017574 ], [ -101.185167540279963, 20.106169609009282 ], [ -101.185218331001224, 20.108037214638312 ], [ -101.182125917680878, 20.108006610037876 ], [ -101.180597336546143, 20.117227656346515 ], [ -101.182749606016884, 20.117896577220883 ], [ -101.17880190594164, 20.121710361334738 ], [ -101.180270878500494, 20.132628264104227 ], [ -101.183735566139973, 20.134218204969041 ], [ -101.184853937645244, 20.138318659823849 ], [ -101.190221843523972, 20.137565233839453 ], [ -101.198331902849532, 20.144271543607786 ], [ -101.193212067239585, 20.144347586887669 ], [ -101.191193518481839, 20.151506941634203 ], [ -101.192778994371011, 20.1517315137846 ], [ -101.192633546580893, 20.156780028238597 ], [ -101.190637509514744, 20.156596342790756 ], [ -101.189645768712793, 20.164913510765349 ], [ -101.181600364484538, 20.165260589484017 ], [ -101.185771918748401, 20.166525657658404 ], [ -101.185579175558445, 20.169053567934011 ], [ -101.199291270511168, 20.163806668025046 ], [ -101.198971283857347, 20.162114043764706 ], [ -101.204926300331238, 20.161614393550874 ], [ -101.207242771323266, 20.199457858233135 ], [ -101.19807920042831, 20.196940616096555 ] ] ] } },
{ "type": "Feature", "properties": { "cve_edo": "11", "cve_mpo_ine": "042", "cve_edo_mpo_ine": "11042", "nom_mpo": "VALLE DE SANTIAGO", "nom_edo": "Guanajuato", "alianza_ganadora": "Va por México", "margen_pp": 9.2002797854977842, "por_participacion": 36.458377606446732 }, "geometry": { "type": "Polygon", "coordinates": [ [ [ -101.209191386098709, 20.469896410757524 ], [ -101.20157842052069, 20.471082325882861 ], [ -101.182555637359883, 20.468006168519203 ], [ -101.182752611034701, 20.476327062295685 ], [ -101.166400064763067, 20.474568245826315 ], [ -101.157083824673776, 20.484904300891333 ], [ -101.153221171332262, 20.47774072689122 ], [ -101.150559048330891, 20.480467640093853 ], [ -101.148974200350267, 20.478631241845587 ], [ -101.146773159652113, 20.479689577561594 ], [ -101.13897225587445, 20.474346119521464 ], [ -101.138369632406722, 20.483960187105197 ], [ -101.129632245874177, 20.488535292453051 ], [ -101.125352869131802, 20.485678148729875 ], [ -101.118672563141715, 20.474883481930835 ], [ -101.113807086592345, 20.473058230967077 ], [ -101.114278263540427, 20.467521635712821 ], [ -101.107010894211825, 20.462345456148118 ], [ -101.101324785916333, 20.461386356552186 ], [ -101.102206616167791, 20.456180970622615 ], [ -101.096989496462982, 20.455676985112593 ], [ -101.093415202875477, 20.452572073329744 ], [ -101.084973833473853, 20.452434467188766 ], [ -101.084802851116152, 20.444210748826155 ], [ -101.091429757495462, 20.438684152146823 ], [ -101.094125280150166, 20.44017612253187 ], [ -101.093424584606822, 20.435216165963418 ], [ -101.101630827557457, 20.434733227601708 ], [ -101.094075177858841, 20.424514375242442 ], [ -101.100467969089351, 20.416135823800797 ], [ -101.087867924681191, 20.415289091143507 ], [ -101.086465158973922, 20.409005541473952 ], [ -101.097778421164321, 20.404189035652816 ], [ -101.102290157729911, 20.405477198576484 ], [ -101.111785790930284, 20.401028895373077 ], [ -101.113663955484341, 20.39433734819718 ], [ -101.111847502272397, 20.394127982259981 ], [ -101.109569138006719, 20.379372019374237 ], [ -101.112792830358686, 20.376980194462224 ], [ -101.106936877636684, 20.370483368687424 ], [ -101.108349319029344, 20.357757890454398 ], [ -101.106072117048271, 20.343084395634822 ], [ -101.108749173131514, 20.316191565085195 ], [ -101.098557643915385, 20.316542056181632 ], [ -101.096873926122186, 20.308760252155309 ], [ -101.081650333911469, 20.306988586081065 ], [ -101.082482551031461, 20.300825836228718 ], [ -101.091457354157654, 20.295455162915122 ], [ -101.094975658427373, 20.28810536255666 ], [ -101.101297474201743, 20.29241355578959 ], [ -101.10826619141946, 20.292300859205024 ], [ -101.116292683067712, 20.284585957012929 ], [ -101.118579999177598, 20.277109903886988 ], [ -101.139603275827298, 20.269868288080612 ], [ -101.13755571440025, 20.265237128368298 ], [ -101.143997228336133, 20.261733854404145 ], [ -101.147625724769242, 20.26640845234289 ], [ -101.158280158125606, 20.272538699969612 ], [ -101.169287956661222, 20.270858701185603 ], [ -101.178891328132536, 20.259217652630003 ], [ -101.190658975801796, 20.255925775350132 ], [ -101.193176426268153, 20.252003054444053 ], [ -101.201594120702921, 20.254346841084697 ], [ -101.20251836224547, 20.260749763155953 ], [ -101.216374090012962, 20.274375005561797 ], [ -101.218723526147485, 20.281998900605728 ], [ -101.222723025039599, 20.28326530901359 ], [ -101.221707514822995, 20.278478308669186 ], [ -101.223573066672145, 20.278078580829014 ], [ -101.221124147840285, 20.275051034275617 ], [ -101.226358031847653, 20.273153402639043 ], [ -101.227531222239207, 20.276861807502321 ], [ -101.238184078638824, 20.287675536399792 ], [ -101.24290204881521, 20.286405870981014 ], [ -101.244257162314582, 20.293961112601657 ], [ -101.272040717652686, 20.286513613115321 ], [ -101.29785037930651, 20.283561975483796 ], [ -101.300382024680118, 20.277646164711879 ], [ -101.304303437294649, 20.284582674985142 ], [ -101.306409095790556, 20.284550999740986 ], [ -101.319606047064511, 20.272886129716682 ], [ -101.324834078214437, 20.274131575806155 ], [ -101.320479691579948, 20.27606015580308 ], [ -101.320230642293268, 20.281983073735379 ], [ -101.332516440871132, 20.275215408830483 ], [ -101.331790125548267, 20.270424919789942 ], [ -101.343430590418663, 20.272116246329709 ], [ -101.350985785541241, 20.261234124637937 ], [ -101.358991520303306, 20.256751520521231 ], [ -101.361038299039862, 20.24621615364892 ], [ -101.358750417463142, 20.242111855389723 ], [ -101.36866352611419, 20.250346249616058 ], [ -101.390844272535901, 20.261548872340764 ], [ -101.422984418074563, 20.273196312511562 ], [ -101.430500430976508, 20.271113802617961 ], [ -101.441156896529293, 20.272202653612471 ], [ -101.442211056261741, 20.281412537413111 ], [ -101.445224734661736, 20.286892428601973 ], [ -101.443995337087955, 20.298155803449468 ], [ -101.450687480353679, 20.313946989980966 ], [ -101.459610127956438, 20.323582800553925 ], [ -101.455128276288434, 20.332641864031423 ], [ -101.446712963859127, 20.331716255101579 ], [ -101.441372724182429, 20.339498223557676 ], [ -101.442889986554732, 20.356324795678042 ], [ -101.437480490463116, 20.354950356889468 ], [ -101.434860571127174, 20.357886630397783 ], [ -101.428801468060655, 20.379405080663094 ], [ -101.419368228977447, 20.375521266988201 ], [ -101.411291164193088, 20.386702427782584 ], [ -101.412445254757046, 20.392885878040921 ], [ -101.404457389884911, 20.395139607649845 ], [ -101.406994717612051, 20.407200161388587 ], [ -101.401770628357767, 20.406527846074141 ], [ -101.396670783643813, 20.413587426358724 ], [ -101.39207259764504, 20.415429004323943 ], [ -101.384235607534137, 20.412558759037168 ], [ -101.380123621141649, 20.415510023195207 ], [ -101.381166590247602, 20.425793744490186 ], [ -101.388922228990992, 20.441816751349069 ], [ -101.387561905830154, 20.448328493938149 ], [ -101.390607621680346, 20.459204900750581 ], [ -101.402592681820266, 20.475665042424531 ], [ -101.403309346495718, 20.480121643401056 ], [ -101.39860486109356, 20.48275079464447 ], [ -101.397455506044395, 20.476894008012589 ], [ -101.394848248892913, 20.475110273986608 ], [ -101.390488558836338, 20.480960289777627 ], [ -101.391203589929177, 20.485334275193505 ], [ -101.385588098804831, 20.482351095698355 ], [ -101.373291118956075, 20.486655307928253 ], [ -101.370525438611125, 20.489629457827988 ], [ -101.366704792543715, 20.503537378790071 ], [ -101.369840731169404, 20.511073700216802 ], [ -101.366794859659862, 20.52645090674196 ], [ -101.351137006953095, 20.53675583678131 ], [ -101.340686030706991, 20.53646457747362 ], [ -101.34179560738859, 20.542697285732473 ], [ -101.339177748087451, 20.54724996531446 ], [ -101.327416485127941, 20.539362413501998 ], [ -101.323121814623661, 20.538767051041017 ], [ -101.320596497029413, 20.535370820253444 ], [ -101.313402380653372, 20.536724296845549 ], [ -101.312339878053024, 20.539679603808796 ], [ -101.308571777177974, 20.538992926963811 ], [ -101.30987538291626, 20.52647233276673 ], [ -101.305790818413371, 20.527777292099575 ], [ -101.303996316528213, 20.532482346163924 ], [ -101.295286961223226, 20.534437971906328 ], [ -101.293445137977784, 20.529830379561748 ], [ -101.281401629808087, 20.529063278682727 ], [ -101.279706662808451, 20.526108960019275 ], [ -101.286161543752002, 20.519428596798196 ], [ -101.292688474876215, 20.52019757642384 ], [ -101.288534642875376, 20.500889669149512 ], [ -101.290755764650271, 20.496654331198961 ], [ -101.28993001999595, 20.490249598603398 ], [ -101.285417709957983, 20.493098559291123 ], [ -101.275915279615319, 20.486606846890655 ], [ -101.268998540857453, 20.48875170929616 ], [ -101.265241185803561, 20.480237809766344 ], [ -101.26260854856551, 20.479039669720176 ], [ -101.256505224772965, 20.482226532660263 ], [ -101.252285306498308, 20.481097457421747 ], [ -101.252281988160931, 20.474610279937931 ], [ -101.248825895349782, 20.480186109995294 ], [ -101.241789814217285, 20.478115192849625 ], [ -101.240437391602313, 20.468775913252561 ], [ -101.234746718906138, 20.457656532653736 ], [ -101.23462638545189, 20.449516372108949 ], [ -101.212590169033604, 20.462844362774753 ], [ -101.207432449381272, 20.467219651650616 ], [ -101.209191386098709, 20.469896410757524 ] ] ] } },
{ "type": "Feature", "properties": { "cve_edo": "11", "cve_mpo_ine": "043", "cve_edo_mpo_ine": "11043", "nom_mpo": "VICTORIA", "nom_edo": "Guanajuato", "alianza_ganadora": "Va por México", "margen_pp": 28.972818894431438, "por_participacion": 61.516783567134269 }, "geometry": { "type": "Polygon", "coordinates": [ [ [ -100.20436039124408, 21.669289203376398 ], [ -100.195887254246969, 21.660260697032637 ], [ -100.186242998612485, 21.654235273568297 ], [ -100.181323619317823, 21.648241171334558 ], [ -100.181703047758518, 21.644600885965765 ], [ -100.175445506779113, 21.644310202721691 ], [ -100.171683632916768, 21.64180088819867 ], [ -100.17396205928658, 21.640699534705533 ], [ -100.171996213644476, 21.626305949413265 ], [ -100.17338243117085, 21.616691185930954 ], [ -100.165427153286714, 21.618485962777321 ], [ -100.170339417655725, 21.607024823089986 ], [ -100.151096563454914, 21.617535083455607 ], [ -100.144201794961333, 21.6173713491185 ], [ -100.135606148139459, 21.609321103737539 ], [ -100.134436749652309, 21.601596956022497 ], [ -100.131012931079269, 21.60054303226374 ], [ -100.127605081829046, 21.592791174987685 ], [ -100.125546461251474, 21.593299866537226 ], [ -100.068991905774169, 21.554150568450794 ], [ -100.055557080303515, 21.533099820007486 ], [ -100.042044893873083, 21.532442721632293 ], [ -100.021860056311837, 21.525322089765911 ], [ -100.020185358982914, 21.522641152825379 ], [ -100.021957720523787, 21.51575743981158 ], [ -100.032407796971796, 21.509275711069073 ], [ -100.037240826064348, 21.508583315004525 ], [ -100.036841594960407, 21.503203436937991 ], [ -100.039571836404477, 21.50509099066679 ], [ -100.047226228189814, 21.496382606170194 ], [ -100.052123055800692, 21.492944045533463 ], [ -100.057063051689681, 21.492540509185289 ], [ -100.060363515825429, 21.483746992068959 ], [ -100.063834224511183, 21.481311663073519 ], [ -100.065175397361898, 21.482974373973118 ], [ -100.06658906540838, 21.480751969920785 ], [ -100.065307414405396, 21.470329527490996 ], [ -100.07368673045741, 21.472944131323445 ], [ -100.074466845961965, 21.4668942872927 ], [ -100.086619949038038, 21.458679041931585 ], [ -100.091039447545839, 21.443413987789846 ], [ -100.090633373672361, 21.437102576610922 ], [ -100.084916274356729, 21.430460656109599 ], [ -100.086592241258842, 21.424885604316319 ], [ -100.082988504044778, 21.417946401162737 ], [ -100.076150495472007, 21.424343933376303 ], [ -100.080073825868695, 21.416898853188091 ], [ -100.079647255770368, 21.411992514024067 ], [ -100.083489136183161, 21.408102188362967 ], [ -100.083862137501072, 21.402268326477692 ], [ -100.093747333300499, 21.406251549173337 ], [ -100.097575567254736, 21.404055066937154 ], [ -100.106743637431933, 21.407641155271421 ], [ -100.108576799250983, 21.399211598812819 ], [ -100.110732618976641, 21.404862222995408 ], [ -100.11316288149024, 21.405424859632827 ], [ -100.112448787007509, 21.400814562830583 ], [ -100.118153412813612, 21.39398779378498 ], [ -100.111430059259931, 21.389312115630482 ], [ -100.120569260780954, 21.383189559535705 ], [ -100.122978834368524, 21.378671032825551 ], [ -100.115458414342754, 21.377154062275963 ], [ -100.105355669958087, 21.371607275550236 ], [ -100.110120661274166, 21.367075021308239 ], [ -100.10944855981657, 21.359654397084164 ], [ -100.122742177228858, 21.354797574174604 ], [ -100.125441821350364, 21.356634421267501 ], [ -100.135238559006169, 21.355287939364985 ], [ -100.137893105708429, 21.340352490914427 ], [ -100.130314277896346, 21.334458314185753 ], [ -100.141012819349399, 21.329537318087638 ], [ -100.146321791061027, 21.312679847511905 ], [ -100.141985126335584, 21.306915949955819 ], [ -100.143927948515611, 21.302614726419012 ], [ -100.142017132419127, 21.295140879158339 ], [ -100.145055730875171, 21.292177072636701 ], [ -100.144436237026099, 21.288886655846856 ], [ -100.136456792537629, 21.278994739605444 ], [ -100.137326573412935, 21.272033531818362 ], [ -100.141246146001535, 21.266859374187639 ], [ -100.136214412920538, 21.261442200640371 ], [ -100.13837411230908, 21.256474892472582 ], [ -100.146555994651521, 21.250426439824896 ], [ -100.139172809230558, 21.247823331245062 ], [ -100.146437838863051, 21.245598922099415 ], [ -100.142469844032718, 21.2433304923746 ], [ -100.142987481402827, 21.237588134556528 ], [ -100.141201809871944, 21.235832673694443 ], [ -100.144151393801778, 21.227010001723794 ], [ -100.12453115380049, 21.217127027917414 ], [ -100.12965460980422, 21.212202239585711 ], [ -100.128751775211256, 21.204939772500879 ], [ -100.134471593002417, 21.190052405598319 ], [ -100.133538344787624, 21.185393025278433 ], [ -100.146467624515466, 21.184398987493758 ], [ -100.151445613332811, 21.177120125998815 ], [ -100.150058805906653, 21.168705749552249 ], [ -100.147199257813867, 21.165387424235767 ], [ -100.14976763689782, 21.162511056914912 ], [ -100.148879666388737, 21.15859496589481 ], [ -100.152043660467513, 21.150320239865149 ], [ -100.161445707609715, 21.145430166655167 ], [ -100.163960473602245, 21.137123166278744 ], [ -100.174818179909678, 21.131301724991125 ], [ -100.209361893426959, 21.133572193179695 ], [ -100.216877239362603, 21.139334761558914 ], [ -100.227501909587545, 21.140833154917402 ], [ -100.236111262309791, 21.14504863606026 ], [ -100.245616169719867, 21.142964557329087 ], [ -100.25062068763684, 21.139416651158754 ], [ -100.258224025600867, 21.142224365097487 ], [ -100.269612137154851, 21.151809326243903 ], [ -100.273672500661405, 21.159907504646434 ], [ -100.286028275979575, 21.171092516615843 ], [ -100.27954404426589, 21.179602792157411 ], [ -100.284851554290725, 21.195214456106047 ], [ -100.301552447407701, 21.189516147590655 ], [ -100.30881031455425, 21.198402552837972 ], [ -100.314323092167129, 21.200528600740963 ], [ -100.31509154303744, 21.204860793004396 ], [ -100.325774139587708, 21.209819228886253 ], [ -100.328788419514922, 21.214496641544319 ], [ -100.327656819177037, 21.217859149493478 ], [ -100.329960923477316, 21.219494419920409 ], [ -100.348887837457838, 21.213442633346908 ], [ -100.35371997715221, 21.207688916134458 ], [ -100.355375909400806, 21.208169622318348 ], [ -100.357365100523722, 21.217747055641144 ], [ -100.360271638586568, 21.219374024384514 ], [ -100.358290651590607, 21.22158505800147 ], [ -100.359759748622935, 21.226617424553353 ], [ -100.364477109166998, 21.232115240245768 ], [ -100.358891103532159, 21.244577231448162 ], [ -100.364969437226165, 21.24497443640082 ], [ -100.364002432295607, 21.252275091230871 ], [ -100.379746695434832, 21.260227717784733 ], [ -100.376042608122233, 21.273214017886005 ], [ -100.388458242130469, 21.292975135484433 ], [ -100.384763763650454, 21.29976187542211 ], [ -100.387138897160924, 21.300481237443417 ], [ -100.373192769249172, 21.301293816215097 ], [ -100.371385936158163, 21.303299996819412 ], [ -100.372503922977387, 21.30734436125843 ], [ -100.357772007999301, 21.311434060828741 ], [ -100.355778207125397, 21.3172501029253 ], [ -100.351334591092311, 21.321188128723051 ], [ -100.3615059207645, 21.330020433362279 ], [ -100.363446743265726, 21.32917187352199 ], [ -100.369048786765759, 21.332340436262928 ], [ -100.367566762450878, 21.336578238000449 ], [ -100.363169538354427, 21.339564080864662 ], [ -100.369250012820572, 21.347570282854551 ], [ -100.362293478600563, 21.362876770919538 ], [ -100.353932408613574, 21.370457781903951 ], [ -100.35395522271503, 21.372195975983256 ], [ -100.360024434774871, 21.374780312924731 ], [ -100.362294153358036, 21.380881958373013 ], [ -100.353359536250949, 21.394429446124917 ], [ -100.344538598437339, 21.403215301408604 ], [ -100.343012102237864, 21.413206775255833 ], [ -100.346192917777941, 21.416567144180863 ], [ -100.344347401324413, 21.420270535049053 ], [ -100.346702511149445, 21.428358230054403 ], [ -100.338558999292573, 21.430265697384442 ], [ -100.339765917473756, 21.432032762302622 ], [ -100.333030224116158, 21.437526120439191 ], [ -100.324661217212153, 21.449493414115384 ], [ -100.322715616106919, 21.445540240783075 ], [ -100.325757714418415, 21.438182069711868 ], [ -100.325560113915088, 21.427505161026946 ], [ -100.320689236997453, 21.421595806154091 ], [ -100.315510084145316, 21.419290572259364 ], [ -100.314949742590201, 21.421738517363149 ], [ -100.311702761481058, 21.422393207406341 ], [ -100.309648581621119, 21.419144628821936 ], [ -100.309752430008217, 21.422620447478035 ], [ -100.306698875559789, 21.424514781462275 ], [ -100.295929219773782, 21.424750353625022 ], [ -100.290946591081365, 21.428568314115903 ], [ -100.292350904223539, 21.436583874331841 ], [ -100.287099712331596, 21.442598265002264 ], [ -100.283657476929136, 21.451243056944325 ], [ -100.281691492979675, 21.450269783852189 ], [ -100.261838628446895, 21.46752527160201 ], [ -100.244592007183741, 21.470927491245128 ], [ -100.241619914849977, 21.474765314528401 ], [ -100.234764482321651, 21.475827142432916 ], [ -100.227731245500181, 21.481691960261152 ], [ -100.223918564105333, 21.479825687699709 ], [ -100.223452839674934, 21.485294080191739 ], [ -100.222429510024241, 21.483938255815968 ], [ -100.219789492790312, 21.485951170585764 ], [ -100.220674296378903, 21.49049558728375 ], [ -100.214235470592044, 21.496643747066326 ], [ -100.218561811777064, 21.501241108564162 ], [ -100.225207274933396, 21.516661403054773 ], [ -100.224773342383855, 21.525398830111115 ], [ -100.212766283641955, 21.536912026106318 ], [ -100.218263453196215, 21.544114705437771 ], [ -100.222904960438683, 21.546322783213665 ], [ -100.223147016000553, 21.553270985172805 ], [ -100.213323600534395, 21.558297119629053 ], [ -100.21046778629028, 21.570255974483171 ], [ -100.202278619069361, 21.574347361023893 ], [ -100.203005345178241, 21.578723044282633 ], [ -100.195306518301592, 21.583882858132611 ], [ -100.197296209270746, 21.596267908633138 ], [ -100.192904892632015, 21.608290082543927 ], [ -100.190658033690724, 21.608074264974409 ], [ -100.189287736279212, 21.610700950715831 ], [ -100.206429664390626, 21.621997488834332 ], [ -100.209344964943156, 21.626589551611989 ], [ -100.20464573873474, 21.634561315439051 ], [ -100.204888031334008, 21.64155087429598 ], [ -100.207595850450659, 21.641097709670156 ], [ -100.206774486160739, 21.644709641573375 ], [ -100.211943002687718, 21.646496445755652 ], [ -100.209969960594606, 21.648428630746956 ], [ -100.21405914932572, 21.649279361925871 ], [ -100.221568164618702, 21.646562765202813 ], [ -100.224334568881247, 21.659266966345982 ], [ -100.213549394005582, 21.667016057696816 ], [ -100.209705510636937, 21.660832741698318 ], [ -100.205692007799186, 21.661032073535868 ], [ -100.203482559612794, 21.664365499899802 ], [ -100.20436039124408, 21.669289203376398 ] ] ] } },
{ "type": "Feature", "properties": { "cve_edo": "11", "cve_mpo_ine": "044", "cve_edo_mpo_ine": "11044", "nom_mpo": "VILLAGRAN", "nom_edo": "Guanajuato", "alianza_ganadora": "Juntos Haremos Historia", "margen_pp": 7.3575980296336843, "por_participacion": 52.767405879319242 }, "geometry": { "type": "Polygon", "coordinates": [ [ [ -100.977834528640599, 20.592421039391606 ], [ -100.976931034936754, 20.588249861517546 ], [ -100.979088619868008, 20.58559395786633 ], [ -100.974859131839722, 20.576650293225342 ], [ -100.969441115141692, 20.577657459494603 ], [ -100.966955262350609, 20.575241356605957 ], [ -100.965346732467907, 20.579311992510998 ], [ -100.955864765395432, 20.579086678186897 ], [ -100.953481917676228, 20.583603692848229 ], [ -100.948238814971987, 20.580154739928247 ], [ -100.948462700469207, 20.578086665923362 ], [ -100.930846819814278, 20.577214298393141 ], [ -100.929842654091942, 20.572162345625149 ], [ -100.911682369410897, 20.570819544425266 ], [ -100.909134786078326, 20.531695909835118 ], [ -100.913462625685554, 20.53198411480572 ], [ -100.913671443274254, 20.523999086417717 ], [ -100.909791100392269, 20.522568665986267 ], [ -100.903203390139652, 20.531361176446989 ], [ -100.886898913130409, 20.536847523326568 ], [ -100.887274370311701, 20.526301199881981 ], [ -100.894904022656377, 20.526393565277626 ], [ -100.8949869214416, 20.519364973000449 ], [ -100.909602858870684, 20.520130268977255 ], [ -100.909285496994926, 20.515335904626042 ], [ -100.906528553698777, 20.515554310792616 ], [ -100.906637481113819, 20.513858809994108 ], [ -100.958892731205736, 20.512220421281864 ], [ -100.963036382787777, 20.51039723661934 ], [ -100.962737948964474, 20.506367913662743 ], [ -100.977360807876664, 20.506153117334801 ], [ -100.977380101568173, 20.50255668325833 ], [ -100.992142176310495, 20.504282735267822 ], [ -100.996708237243382, 20.507828085439709 ], [ -101.013349863843175, 20.505662117856321 ], [ -101.017882334110737, 20.508743709504191 ], [ -101.024729756422076, 20.509474085047604 ], [ -101.02572407196412, 20.502464255993981 ], [ -101.036680102334813, 20.502349034971672 ], [ -101.040409575631159, 20.509912075786207 ], [ -101.048729676471922, 20.507350230257732 ], [ -101.063242366492361, 20.508423869248336 ], [ -101.071501893378738, 20.514780533643606 ], [ -101.070522216699487, 20.520516907414887 ], [ -101.073623170277685, 20.523594189352757 ], [ -101.086040314421467, 20.522093749178588 ], [ -101.085234908852783, 20.537504740902357 ], [ -101.07723157813912, 20.539812163565422 ], [ -101.078063328698263, 20.551267297287833 ], [ -101.083211226824204, 20.561005343767718 ], [ -101.11193358327354, 20.562085635098413 ], [ -101.109321780204397, 20.574583325989373 ], [ -101.102057609095681, 20.575515322087643 ], [ -101.092799307610761, 20.565679824078117 ], [ -101.086370270085055, 20.56394103657609 ], [ -101.083932344251352, 20.565631525200658 ], [ -101.083010194112092, 20.563078026096083 ], [ -101.067747840402532, 20.563086946170767 ], [ -101.063383442318951, 20.547293387229551 ], [ -101.059804450763238, 20.54738510208346 ], [ -101.063549011766014, 20.564801985764429 ], [ -101.058564398911685, 20.565120472510326 ], [ -101.056381491342563, 20.557161486278726 ], [ -101.051563940179292, 20.553254893269649 ], [ -101.054876269502302, 20.565751810723189 ], [ -101.052058804833393, 20.569204703564896 ], [ -101.042607673226925, 20.569442264686831 ], [ -101.042631855139859, 20.56728926537879 ], [ -101.036709755977327, 20.564060032131358 ], [ -101.036174475628314, 20.567296487036419 ], [ -101.031133600732261, 20.567780565434784 ], [ -101.023809121279001, 20.561258531926725 ], [ -101.006417552754925, 20.567708188635407 ], [ -101.00107127954152, 20.567450429970208 ], [ -100.99688822805409, 20.569231226716941 ], [ -100.996919892530997, 20.573572379570749 ], [ -101.003555874426098, 20.574102914807131 ], [ -101.002363892241519, 20.581610852912505 ], [ -100.992505907364077, 20.580859082161862 ], [ -100.992010306887096, 20.586731775849298 ], [ -100.977834528640599, 20.592421039391606 ] ] ] } },
{ "type": "Feature", "properties": { "cve_edo": "11", "cve_mpo_ine": "045", "cve_edo_mpo_ine": "11045", "nom_mpo": "XICHU", "nom_edo": "Guanajuato", "alianza_ganadora": "Va por México", "margen_pp": 66.438467807660956, "por_participacion": 70.428194237171397 }, "geometry": { "type": "Polygon", "coordinates": [ [ [ -100.050173406761473, 21.494972158093717 ], [ -100.047694027945198, 21.487457419431674 ], [ -100.04462162662054, 21.485531360642796 ], [ -100.045411873525524, 21.479697216087754 ], [ -100.049926799538326, 21.47665370381408 ], [ -100.048224891611653, 21.467443172886046 ], [ -100.044495876751157, 21.463866940692267 ], [ -100.028301382652643, 21.462468030312714 ], [ -100.021374660166813, 21.455352997499261 ], [ -100.018727108443898, 21.455532755940087 ], [ -100.019521775814226, 21.460779384752396 ], [ -100.011418811328653, 21.464296233597278 ], [ -100.006798065283988, 21.469571977573572 ], [ -99.999850630551222, 21.469278256654228 ], [ -99.99606135143884, 21.465246418157388 ], [ -99.987814737240825, 21.464132129545874 ], [ -99.98425087830914, 21.458155548262344 ], [ -99.978835818325635, 21.469140484069939 ], [ -99.971684333352627, 21.474759177778555 ], [ -99.973661599478461, 21.481281711559877 ], [ -99.972095928716783, 21.485755180203725 ], [ -99.963718628472876, 21.493571222046508 ], [ -99.961701443813524, 21.487853980169195 ], [ -99.95840547356373, 21.487878961194713 ], [ -99.95900875616816, 21.485031189330044 ], [ -99.950543178911389, 21.472015863326973 ], [ -99.951859189122203, 21.467932214340706 ], [ -99.94702703455043, 21.458033476460436 ], [ -99.948799642138795, 21.45663767069011 ], [ -99.942541354629043, 21.449499740400409 ], [ -99.930233831670336, 21.451378719199468 ], [ -99.92555271869, 21.457428024235845 ], [ -99.913613882631907, 21.456291643703381 ], [ -99.901177513844985, 21.459985762767271 ], [ -99.898977782861664, 21.453487395222353 ], [ -99.890983272900712, 21.452081144752736 ], [ -99.884372543664441, 21.445352180553765 ], [ -99.86878680334496, 21.444234056193164 ], [ -99.847065140072814, 21.448436627627164 ], [ -99.843740773004029, 21.455314896715425 ], [ -99.842438588104756, 21.453666686890212 ], [ -99.840443628529869, 21.455081205124621 ], [ -99.842164390628028, 21.458216115060395 ], [ -99.836006966602895, 21.463452683313779 ], [ -99.825479480350239, 21.465523978319084 ], [ -99.816394305862218, 21.460766172973781 ], [ -99.805898951391526, 21.470568138851114 ], [ -99.794367545144823, 21.472104142613873 ], [ -99.787557559607336, 21.476680079061513 ], [ -99.792244551368867, 21.485592190815943 ], [ -99.790847319928218, 21.489443221339602 ], [ -99.777805036134652, 21.494732896872318 ], [ -99.774282847394758, 21.491242839505233 ], [ -99.772546513768049, 21.477556194927832 ], [ -99.77689303565873, 21.469732236116155 ], [ -99.774007906217022, 21.469962642759722 ], [ -99.772033760177109, 21.465818879190344 ], [ -99.777135917366564, 21.459404312318004 ], [ -99.774688175090489, 21.455712196962622 ], [ -99.778041139954965, 21.446725282128391 ], [ -99.776249839942238, 21.4416323497653 ], [ -99.779561358887136, 21.439049395801145 ], [ -99.780653201523961, 21.433932603443413 ], [ -99.778158928166704, 21.428380935673307 ], [ -99.774643184725335, 21.426169753012495 ], [ -99.779935754402814, 21.417359851555091 ], [ -99.776062489438829, 21.406758998568783 ], [ -99.772125666965223, 21.406073940959736 ], [ -99.77345871657603, 21.400049652030042 ], [ -99.779904523126831, 21.394717486336265 ], [ -99.791042767116338, 21.391355206705864 ], [ -99.795378330592598, 21.384728967015995 ], [ -99.802659276405265, 21.386672872193582 ], [ -99.808974481713619, 21.383156844618824 ], [ -99.820977817858576, 21.382318090947876 ], [ -99.822725152079499, 21.37551085163404 ], [ -99.828645525057567, 21.378726571041916 ], [ -99.832764769712867, 21.378337117205238 ], [ -99.832262219278306, 21.383622857632904 ], [ -99.839843316994319, 21.384616559733001 ], [ -99.84358067951338, 21.379266582813948 ], [ -99.848830809421443, 21.376610708291579 ], [ -99.849813772878079, 21.3695510081888 ], [ -99.846172619571377, 21.358870531922037 ], [ -99.851307574131297, 21.355676824894424 ], [ -99.853899228389551, 21.354947714843522 ], [ -99.852942493784738, 21.357627954274584 ], [ -99.859357950654399, 21.366629795254781 ], [ -99.859217516831791, 21.360514063493937 ], [ -99.865373966607194, 21.343484384033815 ], [ -99.865623793853999, 21.330925324447424 ], [ -99.87737327450651, 21.322313668363339 ], [ -99.869802587189142, 21.309959330391113 ], [ -99.871191113926855, 21.303686784835882 ], [ -99.875325339512898, 21.300321605591076 ], [ -99.874879521539341, 21.296104776724448 ], [ -99.865349431524606, 21.287416568746313 ], [ -99.86379188870518, 21.282408453260789 ], [ -99.873509862944587, 21.278909166311074 ], [ -99.878961199196851, 21.281418269325354 ], [ -99.881868547975117, 21.276641411590823 ], [ -99.879113539758876, 21.27538676563632 ], [ -99.882359124800217, 21.273090804699038 ], [ -99.879678672422543, 21.269109622637064 ], [ -99.892045193792299, 21.264673551545158 ], [ -99.880895167874925, 21.26196838602014 ], [ -99.882264075495399, 21.258959722796156 ], [ -99.88596255041692, 21.259599724973366 ], [ -99.881821344981802, 21.248036229976631 ], [ -99.874595841932859, 21.243769060227542 ], [ -99.875380440181715, 21.240251726453522 ], [ -99.872940101694979, 21.237714664714503 ], [ -99.87932321801307, 21.235052705333285 ], [ -99.873573501917832, 21.220572063870303 ], [ -99.881202205775253, 21.224174797417277 ], [ -99.890753956087792, 21.215618668944153 ], [ -99.897971054879633, 21.219224577545255 ], [ -99.906096916018981, 21.219930897900522 ], [ -99.909604518668175, 21.217997532144818 ], [ -99.918091722645912, 21.219443048992513 ], [ -99.924775302406843, 21.217478459717061 ], [ -99.921363308583125, 21.212308850876742 ], [ -99.912708696371098, 21.206446775111143 ], [ -99.911938531798356, 21.19559420629248 ], [ -99.907455432449012, 21.189237149643866 ], [ -99.909119841639807, 21.185344943169078 ], [ -99.920154844315107, 21.188866291784759 ], [ -99.926444288472695, 21.188557215588723 ], [ -99.944052466602727, 21.19565181372429 ], [ -99.944922482583365, 21.209847887471817 ], [ -99.950066154056913, 21.212109365756668 ], [ -99.950011045835765, 21.207361267326295 ], [ -99.954034572950377, 21.204348278442129 ], [ -99.957219821877345, 21.215217826843372 ], [ -99.978380526973297, 21.218887318380741 ], [ -99.986470566410688, 21.217272338238583 ], [ -100.004561603427504, 21.196030224486272 ], [ -100.014668242497251, 21.189388556766698 ], [ -100.019710494878169, 21.190099293897443 ], [ -100.021429030934286, 21.195930010556371 ], [ -100.028027000416287, 21.197101802371428 ], [ -100.035638948688103, 21.194424678035997 ], [ -100.039147164035015, 21.197856038983218 ], [ -100.040349919206903, 21.205272953234815 ], [ -100.044163899939306, 21.204615074340527 ], [ -100.042460485440131, 21.209832789855721 ], [ -100.044521485164907, 21.21517728217006 ], [ -100.049106686832928, 21.215089247508562 ], [ -100.043374352603621, 21.217665331185852 ], [ -100.042734330724784, 21.22332621973035 ], [ -100.05623140418777, 21.221000881966976 ], [ -100.073014144790889, 21.228091897869486 ], [ -100.074229860476024, 21.226469675350955 ], [ -100.076021966405122, 21.228844897909948 ], [ -100.083131330362605, 21.228358268375271 ], [ -100.085857037729312, 21.240009934098165 ], [ -100.084077836058469, 21.243701729902746 ], [ -100.092063242788015, 21.237716353554468 ], [ -100.109465311293079, 21.232456756712626 ], [ -100.113995151576333, 21.227745049165687 ], [ -100.118103267431124, 21.227082374528205 ], [ -100.118137609030498, 21.225059676365255 ], [ -100.125000875610212, 21.223707193088373 ], [ -100.129403330627341, 21.218253554093717 ], [ -100.140854917681651, 21.226715323414879 ], [ -100.144151393801778, 21.227010001723794 ], [ -100.141201809871944, 21.235832673694443 ], [ -100.142987481402827, 21.237588134556528 ], [ -100.142469844032718, 21.2433304923746 ], [ -100.146437838863051, 21.245598922099415 ], [ -100.139178872388754, 21.248318527745255 ], [ -100.146555994651521, 21.250426439824896 ], [ -100.136694233137192, 21.259613076247113 ], [ -100.138509444505729, 21.265767252373436 ], [ -100.141246146001535, 21.266859374187639 ], [ -100.137326573412935, 21.272033531818362 ], [ -100.136456792537629, 21.278994739605444 ], [ -100.144436237026099, 21.288886655846856 ], [ -100.145055730875171, 21.292177072636701 ], [ -100.142017132419127, 21.295140879158339 ], [ -100.143927948515611, 21.302614726419012 ], [ -100.141985126335584, 21.306915949955819 ], [ -100.146321791061027, 21.312679847511905 ], [ -100.141012819349399, 21.329537318087638 ], [ -100.130314277896346, 21.334458314185753 ], [ -100.137893105708429, 21.340352490914427 ], [ -100.135238559006169, 21.355287939364985 ], [ -100.125441821350364, 21.356634421267501 ], [ -100.122742177228858, 21.354797574174604 ], [ -100.10944855981657, 21.359654397084164 ], [ -100.110120661274166, 21.367075021308239 ], [ -100.105355669958087, 21.371607275550236 ], [ -100.115458414342754, 21.377154062275963 ], [ -100.122978834368524, 21.378671032825551 ], [ -100.120569260780954, 21.383189559535705 ], [ -100.111430059259931, 21.389312115630482 ], [ -100.118153412813612, 21.39398779378498 ], [ -100.112448787007509, 21.400814562830583 ], [ -100.112707643042327, 21.406013933932204 ], [ -100.108576799250983, 21.399211598812819 ], [ -100.106743637431933, 21.407641155271421 ], [ -100.097575567254736, 21.404055066937154 ], [ -100.093747333300499, 21.406251549173337 ], [ -100.084507423257776, 21.402170656627661 ], [ -100.082658219039885, 21.403494470908782 ], [ -100.083925595941366, 21.40681130406988 ], [ -100.079647255770368, 21.411992514024067 ], [ -100.080073825868695, 21.416898853188091 ], [ -100.076150495472007, 21.424343933376303 ], [ -100.082988504044778, 21.417946401162737 ], [ -100.086592241258842, 21.424885604316319 ], [ -100.084916274356729, 21.430460656109599 ], [ -100.090633373672361, 21.437102576610922 ], [ -100.088658345058832, 21.453426028576708 ], [ -100.086619949038038, 21.458679041931585 ], [ -100.074466845961965, 21.4668942872927 ], [ -100.07368673045741, 21.472944131323445 ], [ -100.065307414405396, 21.470329527490996 ], [ -100.066033359219077, 21.482004260645088 ], [ -100.060363515825429, 21.483746992068959 ], [ -100.056316136625256, 21.493260128049602 ], [ -100.052123055800692, 21.492944045533463 ], [ -100.050173406761473, 21.494972158093717 ] ] ] } },
{ "type": "Feature", "properties": { "cve_edo": "11", "cve_mpo_ine": "046", "cve_edo_mpo_ine": "11046", "nom_mpo": "YURIRIA", "nom_edo": "Guanajuato", "alianza_ganadora": "Juntos Haremos Historia", "margen_pp": 3.1646471846044193, "por_participacion": 43.323863636363633 }, "geometry": { "type": "Polygon", "coordinates": [ [ [ -101.082482551031461, 20.300825836228718 ], [ -101.076100203286543, 20.300314703508398 ], [ -101.0753915212469, 20.293937958099519 ], [ -101.069465381232519, 20.284567269457145 ], [ -101.066505922369885, 20.284886865731522 ], [ -101.049413327314284, 20.274651436157253 ], [ -101.041004758369255, 20.27740529847517 ], [ -101.040213262850017, 20.269073028369874 ], [ -101.045580120267914, 20.251998880722869 ], [ -101.031950807885565, 20.247108983352469 ], [ -101.034862454821877, 20.24624178830577 ], [ -101.037001573035468, 20.236981048177153 ], [ -101.043982187020291, 20.226868318911333 ], [ -101.048743438746499, 20.213225168408588 ], [ -101.039690077138815, 20.210201239296207 ], [ -101.037602215100236, 20.207538472257113 ], [ -101.038837393948526, 20.206233705604507 ], [ -101.01970231797398, 20.199623160660188 ], [ -101.009591818568794, 20.184647290447515 ], [ -101.021018855911208, 20.167024402761033 ], [ -101.024514968063272, 20.166232463274884 ], [ -101.026477040886675, 20.16070010722656 ], [ -101.023563576590306, 20.157509959134153 ], [ -101.024082576245277, 20.153197497726211 ], [ -101.031425764978735, 20.147841447279315 ], [ -101.044322251815586, 20.146301823258352 ], [ -101.054425403524789, 20.14181841730306 ], [ -101.053260355328817, 20.130697927621224 ], [ -101.045101794503537, 20.132339882277918 ], [ -101.04352774370885, 20.124992084405729 ], [ -101.031616126487876, 20.12200581281019 ], [ -101.024172199044983, 20.124506587790137 ], [ -101.0194170455798, 20.123162479253551 ], [ -101.019197765524623, 20.120267440845463 ], [ -101.019865733969752, 20.12191451255001 ], [ -101.027407608275226, 20.118170633406674 ], [ -101.03147652381638, 20.120517311672909 ], [ -101.03609608407362, 20.11681221796616 ], [ -101.037091058175747, 20.113072933852656 ], [ -101.031042372838186, 20.111208296605362 ], [ -101.029749016350323, 20.10687868832651 ], [ -101.018869292141673, 20.110170343490584 ], [ -101.018684032270457, 20.105660263708717 ], [ -101.006298861398378, 20.106031821052792 ], [ -101.005826797541332, 20.10185669768827 ], [ -101.001065529610059, 20.096165121059919 ], [ -100.997839945209407, 20.095421126417136 ], [ -100.997846792234427, 20.091984837800602 ], [ -101.001869794581197, 20.091352100130496 ], [ -101.002690211066138, 20.087615260998874 ], [ -101.011158049386509, 20.079471533950642 ], [ -101.029685488591184, 20.078213140716162 ], [ -101.030479351247365, 20.087065064316501 ], [ -101.049882036658289, 20.091067545821417 ], [ -101.075323385498066, 20.086972438998561 ], [ -101.08045884900406, 20.082926747951362 ], [ -101.084042581123938, 20.095421446866187 ], [ -101.091744826052874, 20.094653480817151 ], [ -101.085443813640069, 20.099086707671663 ], [ -101.085387555724282, 20.102978914575587 ], [ -101.089060991888886, 20.102431775376459 ], [ -101.090355889862423, 20.10676081037488 ], [ -101.099074093650458, 20.103660247880416 ], [ -101.097094327763756, 20.111594530296721 ], [ -101.100240044326029, 20.110930217944698 ], [ -101.096184528260395, 20.116947396527213 ], [ -101.097759643309331, 20.120485927884019 ], [ -101.092071771587115, 20.119322260323635 ], [ -101.09201766196577, 20.123338614506721 ], [ -101.09364682682957, 20.122860833691227 ], [ -101.094687577321622, 20.12586856722675 ], [ -101.096942730914236, 20.124305792016216 ], [ -101.099877663695935, 20.128819104880986 ], [ -101.102501638868929, 20.128410310741017 ], [ -101.107802931434904, 20.142122454934732 ], [ -101.110373868215675, 20.142045443676658 ], [ -101.111216230548123, 20.150975640478499 ], [ -101.11392028702555, 20.155616033282527 ], [ -101.117289914400672, 20.157970258379418 ], [ -101.120237466575347, 20.155817978650806 ], [ -101.121561897068673, 20.169295051647339 ], [ -101.128853724870581, 20.171925487943202 ], [ -101.149511038273175, 20.165757170410586 ], [ -101.154847369290735, 20.1594723876599 ], [ -101.158537030906814, 20.159875609279887 ], [ -101.154561635544894, 20.185349288539477 ], [ -101.156808917519385, 20.183289087229731 ], [ -101.163164509716822, 20.185807050460326 ], [ -101.165002463467317, 20.183752556403192 ], [ -101.165632502179179, 20.186558563575996 ], [ -101.172355485633602, 20.182861530265022 ], [ -101.174801140334026, 20.189450085015444 ], [ -101.178357806179861, 20.192421278607256 ], [ -101.179735325219681, 20.190828566710611 ], [ -101.177514492510312, 20.190901658138383 ], [ -101.176182031975088, 20.188064332150475 ], [ -101.177190027214564, 20.181716359506996 ], [ -101.186744140653843, 20.183152910092456 ], [ -101.188125075848291, 20.185368513513499 ], [ -101.194646689320507, 20.183701944833835 ], [ -101.198473494212351, 20.185302777437759 ], [ -101.19807920042831, 20.196940616096555 ], [ -101.204386244791351, 20.199995826336071 ], [ -101.207242771323266, 20.199457858233135 ], [ -101.204926300331238, 20.161614393550874 ], [ -101.198971283857347, 20.162114043764706 ], [ -101.199291270511168, 20.163806668025046 ], [ -101.195276473055927, 20.164982025128953 ], [ -101.195021783116232, 20.156540937375588 ], [ -101.201635328133051, 20.153424036258162 ], [ -101.203983010852582, 20.146849737476373 ], [ -101.209152551751941, 20.144829658607545 ], [ -101.207883888970244, 20.142322819777306 ], [ -101.219129260693819, 20.147210602879351 ], [ -101.227035412498509, 20.148089424737108 ], [ -101.231007640979342, 20.154986053819893 ], [ -101.237338142020846, 20.159530050446435 ], [ -101.240318915834919, 20.159486534750879 ], [ -101.237426298615475, 20.154271608462647 ], [ -101.242088110270643, 20.153375642752323 ], [ -101.245467016016306, 20.1597010230496 ], [ -101.258784106893216, 20.162486002430825 ], [ -101.260136547343791, 20.155967171377899 ], [ -101.267881844803796, 20.154197232812329 ], [ -101.262534869179774, 20.145583251958147 ], [ -101.268174554880517, 20.140284423842456 ], [ -101.270746231209245, 20.126337970234541 ], [ -101.280962189990007, 20.125607336331583 ], [ -101.281894889203329, 20.12199222330344 ], [ -101.287724936597186, 20.124596309460177 ], [ -101.290506259340276, 20.119711871286835 ], [ -101.287820113975755, 20.112921788175207 ], [ -101.293058261921999, 20.111643483816948 ], [ -101.297701102376266, 20.106275917728023 ], [ -101.30800564533557, 20.100533880858912 ], [ -101.30791986842425, 20.09548514017321 ], [ -101.320384565990977, 20.086274491491224 ], [ -101.324496483047511, 20.080707353158633 ], [ -101.321858511632655, 20.063072023636455 ], [ -101.304345134741894, 20.046611077781129 ], [ -101.304674798196302, 20.041928648703241 ], [ -101.307540823901391, 20.038698560692357 ], [ -101.32983044801702, 20.033367489390052 ], [ -101.337307118055335, 20.03456036156917 ], [ -101.343454862667002, 20.031386743381269 ], [ -101.347741244979574, 20.033080992214177 ], [ -101.355120186976066, 20.028240079817852 ], [ -101.35738037123447, 20.02921808843805 ], [ -101.38635541876576, 20.01860298215631 ], [ -101.407306883221096, 20.043001521445728 ], [ -101.416099187635879, 20.043407795728495 ], [ -101.423663305189706, 20.051378143205927 ], [ -101.436006824394525, 20.05555062394442 ], [ -101.44013115484907, 20.059500140149748 ], [ -101.429546564320731, 20.064465734188207 ], [ -101.414299865249205, 20.077037454955992 ], [ -101.404792951802506, 20.080300163026173 ], [ -101.404881163858548, 20.096732322697505 ], [ -101.407229883635921, 20.101548397738615 ], [ -101.400953914105898, 20.105002392770466 ], [ -101.409051150389629, 20.117414673719836 ], [ -101.408995140401501, 20.123275145240768 ], [ -101.40368698025145, 20.12752117472505 ], [ -101.390960979683072, 20.126481438624801 ], [ -101.389485729701022, 20.129791293779757 ], [ -101.39456185129049, 20.147934328073902 ], [ -101.424130270490167, 20.169363975736488 ], [ -101.402548743412027, 20.198195041714644 ], [ -101.372190129689528, 20.209953640573897 ], [ -101.384615912765966, 20.217288557103494 ], [ -101.390214357328887, 20.223718802661107 ], [ -101.385586111645878, 20.227760576334468 ], [ -101.382388413273304, 20.239398937873027 ], [ -101.39334928439834, 20.250306714148522 ], [ -101.385067723693666, 20.258937460546658 ], [ -101.36866352611419, 20.250346249616058 ], [ -101.358750417463142, 20.242111855389723 ], [ -101.361038299039862, 20.24621615364892 ], [ -101.358991520303306, 20.256751520521231 ], [ -101.350985785541241, 20.261234124637937 ], [ -101.343140592977278, 20.272285230464238 ], [ -101.331790125548267, 20.270424919789942 ], [ -101.332516440871132, 20.275215408830483 ], [ -101.321165039135508, 20.281886151710118 ], [ -101.320479691579948, 20.27606015580308 ], [ -101.324378318714722, 20.274842153499641 ], [ -101.323935395278141, 20.272903409269819 ], [ -101.316130333231044, 20.274884102409207 ], [ -101.306409095790556, 20.284550999740986 ], [ -101.304303437294649, 20.284582674985142 ], [ -101.300382024680118, 20.277646164711879 ], [ -101.29785037930651, 20.283561975483796 ], [ -101.272040717652686, 20.286513613115321 ], [ -101.244257162314582, 20.293961112601657 ], [ -101.24290204881521, 20.286405870981014 ], [ -101.238184078638824, 20.287675536399792 ], [ -101.227531222239207, 20.276861807502321 ], [ -101.226358031847653, 20.273153402639043 ], [ -101.221124147840285, 20.275051034275617 ], [ -101.223573066672145, 20.278078580829014 ], [ -101.221707514822995, 20.278478308669186 ], [ -101.222723025039599, 20.28326530901359 ], [ -101.218723526147485, 20.281998900605728 ], [ -101.216374090012962, 20.274375005561797 ], [ -101.20251836224547, 20.260749763155953 ], [ -101.201594120702921, 20.254346841084697 ], [ -101.193176426268153, 20.252003054444053 ], [ -101.190658975801796, 20.255925775350132 ], [ -101.178891328132536, 20.259217652630003 ], [ -101.169287956661222, 20.270858701185603 ], [ -101.161676016611963, 20.272956389967852 ], [ -101.154006436688832, 20.270632135133095 ], [ -101.144758275171299, 20.261941543192403 ], [ -101.139781318271005, 20.263132844620497 ], [ -101.13755571440025, 20.265237128368298 ], [ -101.139603275827298, 20.269868288080612 ], [ -101.118579999177598, 20.277109903886988 ], [ -101.116292683067712, 20.284585957012929 ], [ -101.10826619141946, 20.292300859205024 ], [ -101.101297474201743, 20.29241355578959 ], [ -101.094975658427373, 20.28810536255666 ], [ -101.091457354157654, 20.295455162915122 ], [ -101.082482551031461, 20.300825836228718 ] ] ] } }
]
}
