{
"type": "FeatureCollection",
"name": "14",
"crs": { "type": "name", "properties": { "name": "urn:ogc:def:crs:OGC:1.3:CRS84" } },
"features": [
{ "type": "Feature", "properties": { "cve_edo": "14", "cve_mpo_ine": "001", "cve_edo_mpo_ine": "14001", "nom_mpo": "ACATIC", "nom_edo": "Jalisco", "alianza_ganadora": "Va por México", "margen_pp": 29.74027421692119, "por_participacion": 52.733364683752647 }, "geometry": { "type": "Polygon", "coordinates": [ [ [ -102.906631690563458, 20.854451363141717 ], [ -102.897237830246127, 20.853183234297109 ], [ -102.88874823133601, 20.856994000664148 ], [ -102.883326648339633, 20.863909448802517 ], [ -102.872691979315817, 20.871704125707971 ], [ -102.871925204533937, 20.875786910404152 ], [ -102.868103261758947, 20.873341007268291 ], [ -102.858552440684875, 20.875008955851673 ], [ -102.853417306944905, 20.872631768119749 ], [ -102.842922046318378, 20.859895652308008 ], [ -102.842065440265813, 20.853915345715414 ], [ -102.82623818563539, 20.847745380912183 ], [ -102.82936514909197, 20.835193742287931 ], [ -102.826158806307305, 20.830926369842132 ], [ -102.822759711625721, 20.829550927942858 ], [ -102.819102234309199, 20.832224222353837 ], [ -102.81048013391522, 20.830003757440352 ], [ -102.80984900609586, 20.827439473102871 ], [ -102.814531035708384, 20.820307036574611 ], [ -102.813629919798728, 20.815218468830089 ], [ -102.810390974192615, 20.815127028103038 ], [ -102.80526073198908, 20.798579475961866 ], [ -102.81889873082055, 20.796354599834711 ], [ -102.807753626411198, 20.784042459360847 ], [ -102.813778514543841, 20.777989047694554 ], [ -102.817622160203598, 20.763167199918964 ], [ -102.811208157448746, 20.765582958506961 ], [ -102.80674543007342, 20.755566981137264 ], [ -102.811808713842382, 20.753146634999631 ], [ -102.814190533575299, 20.747369589592914 ], [ -102.815951302342114, 20.747458343677735 ], [ -102.816167087468969, 20.750764998985282 ], [ -102.819093532641958, 20.749762757239068 ], [ -102.822816729217678, 20.737812165968567 ], [ -102.820103035785849, 20.72986866023636 ], [ -102.821355593089393, 20.726401720111099 ], [ -102.824764904405512, 20.725586864676753 ], [ -102.820918340807978, 20.720738836240734 ], [ -102.816958020916573, 20.720925718779558 ], [ -102.814034277750622, 20.717063215789292 ], [ -102.816593000892155, 20.707293678335084 ], [ -102.822894819065766, 20.704716420581732 ], [ -102.832911072329907, 20.707101046174309 ], [ -102.834397420030527, 20.703717400419571 ], [ -102.838629011106789, 20.702698320560124 ], [ -102.855994417615179, 20.704118587242995 ], [ -102.86943316577063, 20.700671398613835 ], [ -102.880544255269712, 20.701178772612511 ], [ -102.885978819961977, 20.694583216987379 ], [ -102.898546551538658, 20.69552789524446 ], [ -102.896706456050424, 20.674448251431318 ], [ -102.906620138628753, 20.663732429743348 ], [ -102.920886881107549, 20.673939404934522 ], [ -102.929162429425574, 20.685533961952427 ], [ -102.946764184955654, 20.686573678188015 ], [ -102.948989718733188, 20.699638968218153 ], [ -102.951681064322557, 20.701423180358276 ], [ -102.958570790563414, 20.696771303763526 ], [ -102.959221865699774, 20.707890039495506 ], [ -102.971804087239221, 20.703500342810315 ], [ -102.974169597213717, 20.699745503446692 ], [ -102.991296886353496, 20.689538403852055 ], [ -102.99296840645809, 20.696237573305961 ], [ -102.990007150525201, 20.702016340784464 ], [ -102.992754750777522, 20.704461336493011 ], [ -102.991482331822269, 20.713137135877496 ], [ -103.003369040992268, 20.719736707064129 ], [ -103.007077104597755, 20.7306560590836 ], [ -103.020868316725995, 20.731886322179982 ], [ -103.028274677874279, 20.743309613364907 ], [ -103.025963485604635, 20.748181223755203 ], [ -103.016549728593617, 20.752499347588408 ], [ -103.025949904155524, 20.751280832150332 ], [ -103.040660408333679, 20.757719143876866 ], [ -103.027591925763645, 20.76517088685554 ], [ -103.023828390088781, 20.792976390104929 ], [ -103.009163035941725, 20.801993205717256 ], [ -102.999305866005983, 20.799696574197689 ], [ -102.984320623749696, 20.804744935328436 ], [ -102.980605187236463, 20.817007711013506 ], [ -102.972577251423871, 20.822306396029884 ], [ -102.966912066674638, 20.830527595234241 ], [ -102.959335317303939, 20.830218239377515 ], [ -102.952302753784338, 20.838712574903866 ], [ -102.938540994670873, 20.841608787556513 ], [ -102.929029356701989, 20.840466086284902 ], [ -102.919325971005762, 20.853786340209222 ], [ -102.906631690563458, 20.854451363141717 ] ] ] } },
{ "type": "Feature", "properties": { "cve_edo": "14", "cve_mpo_ine": "002", "cve_edo_mpo_ine": "14002", "nom_mpo": "ACATLAN DE JUAREZ", "nom_edo": "Jalisco", "alianza_ganadora": "Juntos Haremos Historia", "margen_pp": 6.8969030154849227, "por_participacion": 54.785957470558685 }, "geometry": { "type": "Polygon", "coordinates": [ [ [ -103.650030766358412, 20.42517253817698 ], [ -103.655896431271003, 20.419985930364142 ], [ -103.656757872025793, 20.424906099683181 ], [ -103.660447240195609, 20.423472255720796 ], [ -103.668733968544856, 20.429367397937284 ], [ -103.675499773250337, 20.4355050016392 ], [ -103.677463883857172, 20.443527519266485 ], [ -103.682243355482967, 20.449162411880177 ], [ -103.682208619267129, 20.460690585378902 ], [ -103.687565362262589, 20.469219393235644 ], [ -103.686326882838074, 20.472562404218863 ], [ -103.688371967279295, 20.473436526271229 ], [ -103.686652127249289, 20.50123929548851 ], [ -103.671019163400999, 20.499399286164032 ], [ -103.662767397861643, 20.50027114786479 ], [ -103.65992316739198, 20.50442246558563 ], [ -103.654591390994653, 20.503996052777957 ], [ -103.643241761656725, 20.496115176262961 ], [ -103.637084901154935, 20.494741321836425 ], [ -103.637516721309794, 20.48857643960115 ], [ -103.623031574696498, 20.484846751004589 ], [ -103.605184946645764, 20.487005978334011 ], [ -103.594695995596638, 20.485652538137931 ], [ -103.572340959910605, 20.468873599593056 ], [ -103.569375142650856, 20.462598518012562 ], [ -103.570524388289599, 20.45833085224 ], [ -103.567231029594979, 20.456443477828739 ], [ -103.55602963494826, 20.433821492623196 ], [ -103.554277296096544, 20.434988492074176 ], [ -103.553882054291961, 20.426797138509166 ], [ -103.546424371093821, 20.411330780202093 ], [ -103.548869132313186, 20.407514834838732 ], [ -103.548088138345818, 20.402307409282905 ], [ -103.542972755539779, 20.39662324003498 ], [ -103.548117668595879, 20.394656235916898 ], [ -103.544717536151964, 20.393513594391404 ], [ -103.540531640486421, 20.385757219369825 ], [ -103.546835161583076, 20.380600634626621 ], [ -103.54797225968629, 20.371621032443187 ], [ -103.541386586297449, 20.3530715167261 ], [ -103.553503233756743, 20.349793025326658 ], [ -103.560193086276911, 20.343516541016442 ], [ -103.571361149496397, 20.343340596870874 ], [ -103.580348843356134, 20.347713844626789 ], [ -103.580221907589006, 20.350405556818785 ], [ -103.591917737003001, 20.349856883171451 ], [ -103.592610348094169, 20.368495710252859 ], [ -103.594882539758899, 20.370820872107018 ], [ -103.613544232334092, 20.351734648923916 ], [ -103.614029415939399, 20.383804863345539 ], [ -103.622801428380413, 20.383630224976976 ], [ -103.630372566649129, 20.409608292129317 ], [ -103.625631064207397, 20.410831119276992 ], [ -103.622329029731489, 20.418588085874461 ], [ -103.646630059107693, 20.409954396498915 ], [ -103.648843305339838, 20.412730587123377 ], [ -103.648291954882581, 20.420331932855472 ], [ -103.650030766358412, 20.42517253817698 ] ] ] } },
{ "type": "Feature", "properties": { "cve_edo": "14", "cve_mpo_ine": "003", "cve_edo_mpo_ine": "14003", "nom_mpo": "AHUALULCO DE MERCADO", "nom_edo": "Jalisco", "alianza_ganadora": "Movimiento Ciudadano", "margen_pp": 0.21546366122482805, "por_participacion": 67.685663002019297 }, "geometry": { "type": "Polygon", "coordinates": [ [ [ -103.906042670771043, 20.809371487422133 ], [ -103.894421807496812, 20.807309526847465 ], [ -103.89228291236185, 20.801992759578212 ], [ -103.883442514071348, 20.797213253211272 ], [ -103.877089176707941, 20.798373982253782 ], [ -103.867461527815351, 20.788492591778443 ], [ -103.857523069689748, 20.789877886576285 ], [ -103.85307265398886, 20.787735711070052 ], [ -103.850175435265399, 20.790409647105847 ], [ -103.84841438852132, 20.790190876484893 ], [ -103.84885078483137, 20.786547842347773 ], [ -103.840495082669761, 20.788439754444362 ], [ -103.824529012123108, 20.79475462078824 ], [ -103.819194432038159, 20.801347448347524 ], [ -103.807260202297883, 20.802301940043371 ], [ -103.79302967055844, 20.795823701823078 ], [ -103.787738230774394, 20.796325564577899 ], [ -103.790185938807525, 20.790998084427063 ], [ -103.786044208849702, 20.786950563618095 ], [ -103.789202175533703, 20.780882288066316 ], [ -103.793153689807326, 20.778755308130393 ], [ -103.792422835234134, 20.774234349825726 ], [ -103.808380461026488, 20.768958126932553 ], [ -103.822332752426007, 20.748047480082402 ], [ -103.827164230156072, 20.745884153905298 ], [ -103.834614188930516, 20.747218363879192 ], [ -103.840344850260593, 20.742409072300919 ], [ -103.842679492594925, 20.736044173685745 ], [ -103.839210153884281, 20.728190711159009 ], [ -103.841135829669085, 20.72149165318158 ], [ -103.846417486278099, 20.713488923508869 ], [ -103.856020712081772, 20.70887023232099 ], [ -103.864182771950041, 20.691522186870078 ], [ -103.86607970517494, 20.697542038567185 ], [ -103.87193273037397, 20.700314313238913 ], [ -103.874607540689397, 20.704226084364066 ], [ -103.875616200095948, 20.711441646239706 ], [ -103.884320840485245, 20.718209246492346 ], [ -103.884387397337562, 20.725874505128566 ], [ -103.889710850362746, 20.729015729001333 ], [ -103.908133453730997, 20.71371901062636 ], [ -103.916903190327261, 20.692311700524503 ], [ -103.908411544946546, 20.679829443301248 ], [ -103.910656190411487, 20.659500259464263 ], [ -103.905676891697595, 20.657894868222503 ], [ -103.896045156097529, 20.649631019628256 ], [ -103.886801033379939, 20.636148698424066 ], [ -103.9110819780459, 20.638952551828496 ], [ -103.920381033242364, 20.644188975980004 ], [ -103.927167596609706, 20.638430020821282 ], [ -103.94020118023397, 20.637887611447976 ], [ -103.973957976822746, 20.617164233041827 ], [ -103.989837727507108, 20.611372563780122 ], [ -104.013295523823913, 20.624391280215974 ], [ -104.024435498750393, 20.636676179598457 ], [ -104.021504147791305, 20.646355300376179 ], [ -104.037448621098193, 20.650213660202816 ], [ -104.034892627726279, 20.65587603284791 ], [ -104.050089320858035, 20.657201720050853 ], [ -104.054103699390069, 20.663769831833132 ], [ -104.056491201504699, 20.663003320966499 ], [ -104.057756460425963, 20.682807390502656 ], [ -104.032074911406468, 20.728492862121541 ], [ -104.020045066492713, 20.726768753413015 ], [ -104.012107193627884, 20.728381533741661 ], [ -103.991566400451021, 20.71600053537604 ], [ -103.977454129296333, 20.719026249847335 ], [ -103.971627350305909, 20.730759259150201 ], [ -103.965672737213112, 20.734494547937832 ], [ -103.961996916433449, 20.740107591572364 ], [ -103.961950552288769, 20.747730560615754 ], [ -103.952190919227974, 20.758693349309539 ], [ -103.94181337646134, 20.755564918510551 ], [ -103.942260138911706, 20.768618685054456 ], [ -103.937421291473854, 20.772069622043979 ], [ -103.93313272910811, 20.772084933228204 ], [ -103.915042265820802, 20.8079361497436 ], [ -103.906042670771043, 20.809371487422133 ] ] ] } },
{ "type": "Feature", "properties": { "cve_edo": "14", "cve_mpo_ine": "004", "cve_edo_mpo_ine": "14004", "nom_mpo": "AMACUECA", "nom_edo": "Jalisco", "alianza_ganadora": "Movimiento Ciudadano", "margen_pp": 20.101458465440711, "por_participacion": 68.253624756546202 }, "geometry": { "type": "Polygon", "coordinates": [ [ [ -103.625331090566064, 20.039696226826017 ], [ -103.626189509623998, 20.047518239137951 ], [ -103.629936649115024, 20.050729016601338 ], [ -103.61614914847361, 20.059882660197019 ], [ -103.621743895474467, 20.064844658150843 ], [ -103.620306233539708, 20.068084666074636 ], [ -103.615345739740874, 20.067342804092604 ], [ -103.612108026800385, 20.070171578009781 ], [ -103.590885213242032, 20.044316541056975 ], [ -103.584643760202681, 20.043149747782998 ], [ -103.580906775221351, 20.049614127358389 ], [ -103.565644540893857, 20.044361456391353 ], [ -103.560262277368864, 20.045144973576832 ], [ -103.546057065290512, 20.034352267962635 ], [ -103.543868287348459, 20.030125510044517 ], [ -103.545002857591086, 20.024283201453532 ], [ -103.557159270979497, 20.013708565891573 ], [ -103.568270044715746, 20.014097710727285 ], [ -103.585596126248561, 19.989101006541144 ], [ -103.593682160816854, 19.973401265502439 ], [ -103.610074945061939, 19.959199839847162 ], [ -103.611606792621799, 19.949968579469026 ], [ -103.606725716777532, 19.929070666376315 ], [ -103.613926201950122, 19.929862546135183 ], [ -103.60980268022594, 19.909261065823149 ], [ -103.625751658395103, 19.921862270049225 ], [ -103.64578708960525, 19.933118497722074 ], [ -103.6533935089046, 19.935278709679327 ], [ -103.663207345695767, 19.934882070130161 ], [ -103.661402927069332, 19.939030581614681 ], [ -103.655981050387254, 19.942348904594741 ], [ -103.658842496110125, 19.946000671897359 ], [ -103.656336086620499, 19.948199219172079 ], [ -103.653709974270569, 19.946912393357124 ], [ -103.656221289339527, 19.950356769640145 ], [ -103.6562970122758, 19.958054583109767 ], [ -103.660026313470993, 19.96337995417802 ], [ -103.669836593288949, 19.954501607184884 ], [ -103.684339932961336, 19.952423443453984 ], [ -103.678814352858396, 19.959361602079369 ], [ -103.673071368897425, 19.97865940066751 ], [ -103.676682640538601, 19.989625205550347 ], [ -103.680416285516259, 19.992213276908142 ], [ -103.679752225275351, 19.996910197694785 ], [ -103.68283851777413, 19.999260773627405 ], [ -103.668547406401871, 20.014894570113771 ], [ -103.66712105460762, 20.019480490046902 ], [ -103.64716467501971, 20.023892456151732 ], [ -103.655313143394494, 20.033784576887317 ], [ -103.65608750766927, 20.0460442452503 ], [ -103.660011211543591, 20.049292650781322 ], [ -103.658837135413989, 20.051925399954669 ], [ -103.654294031435185, 20.05561221950358 ], [ -103.650555903557205, 20.055760479961837 ], [ -103.625331090566064, 20.039696226826017 ] ] ] } },
{ "type": "Feature", "properties": { "cve_edo": "14", "cve_mpo_ine": "005", "cve_edo_mpo_ine": "14005", "nom_mpo": "AMATITAN", "nom_edo": "Jalisco", "alianza_ganadora": "Juntos Haremos Historia", "margen_pp": 10.195567144719687, "por_participacion": 65.071689149062522 }, "geometry": { "type": "Polygon", "coordinates": [ [ [ -103.768920558478115, 20.904444576858175 ], [ -103.760838881400034, 20.915600861930006 ], [ -103.760442666443041, 20.922508642547637 ], [ -103.75682307020044, 20.925359972675221 ], [ -103.755112306092812, 20.92604177976223 ], [ -103.749179598254884, 20.91888732743201 ], [ -103.745375101332272, 20.918424510398715 ], [ -103.739818154376437, 20.921416127337693 ], [ -103.733955534100346, 20.91744941669306 ], [ -103.725077088702974, 20.922922608705981 ], [ -103.715493012465018, 20.916920041293491 ], [ -103.710678937540465, 20.909613326324553 ], [ -103.706232532180238, 20.908975690860313 ], [ -103.704326711381427, 20.914745859826862 ], [ -103.699390619303912, 20.91161800918562 ], [ -103.696362798316969, 20.914061856531994 ], [ -103.693245939728726, 20.907025345373647 ], [ -103.690651375963682, 20.907984625746955 ], [ -103.689101086812187, 20.905853121303068 ], [ -103.684796333446499, 20.907452051851504 ], [ -103.684273923609425, 20.903305799594222 ], [ -103.675956121250067, 20.899014966084245 ], [ -103.666775291843166, 20.901252406211526 ], [ -103.661309703590121, 20.8983234146624 ], [ -103.657122582342438, 20.907415386457231 ], [ -103.648852038088322, 20.900143582757423 ], [ -103.649141534617755, 20.896629049755315 ], [ -103.64213481055269, 20.891071017458767 ], [ -103.642177653632629, 20.888339648949263 ], [ -103.633423692356402, 20.885820850811395 ], [ -103.63786100753309, 20.87950618320756 ], [ -103.631788655362669, 20.870524730615994 ], [ -103.636006890711499, 20.870664454333802 ], [ -103.640336330817917, 20.867452723816349 ], [ -103.640182875007227, 20.858551119777331 ], [ -103.646065870128396, 20.85341463558817 ], [ -103.646336152005048, 20.847374837133291 ], [ -103.649322825121047, 20.843772271141304 ], [ -103.652370397750886, 20.843771689488712 ], [ -103.654702082797556, 20.83705574252097 ], [ -103.652279561611095, 20.825499220671144 ], [ -103.654033302347983, 20.82595945011888 ], [ -103.655923289768666, 20.822772345747527 ], [ -103.654838939261936, 20.818334511486906 ], [ -103.662167510586684, 20.819305489893949 ], [ -103.664680091069954, 20.813342558066761 ], [ -103.674918383874314, 20.810713618107329 ], [ -103.676850249383804, 20.808189555769481 ], [ -103.680572380418511, 20.813420868311646 ], [ -103.680689279684032, 20.821006650721682 ], [ -103.686862516330564, 20.819321092510709 ], [ -103.696722876355423, 20.825187485771625 ], [ -103.704668756087699, 20.81562941100303 ], [ -103.708331231257475, 20.790227499658211 ], [ -103.707017574881718, 20.787032972921224 ], [ -103.715919200573069, 20.777061697211213 ], [ -103.730695290534868, 20.769422838896741 ], [ -103.732362837340133, 20.771415797974729 ], [ -103.732820993105491, 20.768017642215408 ], [ -103.74064878299879, 20.763390133138557 ], [ -103.747022507256091, 20.763899589932581 ], [ -103.747671108746914, 20.765903981072746 ], [ -103.742038140925544, 20.765550135561181 ], [ -103.737181248774462, 20.76932914710547 ], [ -103.738027533951012, 20.777018514492159 ], [ -103.745544293833831, 20.779186024044471 ], [ -103.758096311403833, 20.778193499314995 ], [ -103.767731560142039, 20.782089927726371 ], [ -103.774239263540565, 20.780703029913774 ], [ -103.778006635780628, 20.784246692264979 ], [ -103.783743717891269, 20.780628866926257 ], [ -103.788902715168561, 20.781667382241622 ], [ -103.786044208849702, 20.786950563618095 ], [ -103.790119341197538, 20.792074806584107 ], [ -103.788174588811884, 20.792889898572884 ], [ -103.786939584354144, 20.803545246321129 ], [ -103.78332343021755, 20.806397341811987 ], [ -103.785811702635115, 20.81251376280969 ], [ -103.778247958536525, 20.824754001281566 ], [ -103.77821189759463, 20.831169745771156 ], [ -103.77274625809433, 20.844098497462689 ], [ -103.770853522910258, 20.861087691324268 ], [ -103.767183424473401, 20.867457218607722 ], [ -103.760653974773149, 20.865055962648256 ], [ -103.75270712837883, 20.87906989759415 ], [ -103.769830159802979, 20.886615133429913 ], [ -103.768920558478115, 20.904444576858175 ] ] ] } },
{ "type": "Feature", "properties": { "cve_edo": "14", "cve_mpo_ine": "006", "cve_edo_mpo_ine": "14006", "nom_mpo": "AMECA", "nom_edo": "Jalisco", "alianza_ganadora": "Movimiento Ciudadano", "margen_pp": 5.6582258571877952, "por_participacion": 50.963889222876837 }, "geometry": { "type": "Polygon", "coordinates": [ [ [ -104.249107644695741, 20.598900457532839 ], [ -104.258480701742826, 20.604553893306598 ], [ -104.256069981363837, 20.606785727027102 ], [ -104.258406731157805, 20.61729054739379 ], [ -104.257446185044827, 20.624375566740625 ], [ -104.25064962250616, 20.62814997660691 ], [ -104.243239142611358, 20.641706393085069 ], [ -104.248125029299885, 20.672544935131082 ], [ -104.252785168730284, 20.67435585208176 ], [ -104.258084706400496, 20.680607296953177 ], [ -104.257192919215143, 20.683255813980974 ], [ -104.242123541170301, 20.694041902113607 ], [ -104.239963112846695, 20.690809019506155 ], [ -104.233560608190487, 20.694226732416617 ], [ -104.231750746835644, 20.691491179050939 ], [ -104.229050342466564, 20.69239438855357 ], [ -104.224919331189056, 20.689603635829343 ], [ -104.217881985723736, 20.681689626152746 ], [ -104.215782421634941, 20.677960104002103 ], [ -104.218562120096664, 20.670271592009602 ], [ -104.209977978081952, 20.658911245929342 ], [ -104.203347963602511, 20.660341186869989 ], [ -104.198546312990459, 20.658383142254344 ], [ -104.188974632285152, 20.662866110935109 ], [ -104.184348727934236, 20.660990928223367 ], [ -104.18295383718926, 20.657263057482766 ], [ -104.175809428741218, 20.654676971991769 ], [ -104.155245597837123, 20.650229703748185 ], [ -104.155609159559489, 20.651647336591477 ], [ -104.153486034306439, 20.650431215280463 ], [ -104.150897834035206, 20.652864462731792 ], [ -104.145050051718968, 20.648584693643048 ], [ -104.127993638757928, 20.64741375822901 ], [ -104.125269441962004, 20.654852627211497 ], [ -104.118070359395873, 20.651519248112542 ], [ -104.106863883507756, 20.638283548985417 ], [ -104.099655039032641, 20.637804310518735 ], [ -104.098490070424717, 20.63585573929377 ], [ -104.095560586037067, 20.635432083624323 ], [ -104.095363919425253, 20.640810223902726 ], [ -104.090207149696511, 20.640254782702371 ], [ -104.081255118266, 20.650650500664952 ], [ -104.076614821731766, 20.652827201276686 ], [ -104.076894082606515, 20.656303694862792 ], [ -104.06993292294797, 20.652389921547073 ], [ -104.064946886848972, 20.653034197930626 ], [ -104.058928754832664, 20.662280612472657 ], [ -104.054103699390069, 20.663769831833132 ], [ -104.050089320858035, 20.657201720050853 ], [ -104.034892627726279, 20.65587603284791 ], [ -104.037448621098193, 20.650213660202816 ], [ -104.021504147791305, 20.646355300376179 ], [ -104.024435498750393, 20.636676179598457 ], [ -104.013295523823913, 20.624391280215974 ], [ -103.989837727507108, 20.611372563780122 ], [ -103.973957976822746, 20.617164233041827 ], [ -103.94020118023397, 20.637887611447976 ], [ -103.927167596609706, 20.638430020821282 ], [ -103.920381033242364, 20.644188975980004 ], [ -103.9110819780459, 20.638952551828496 ], [ -103.915707492124582, 20.637309414898592 ], [ -103.90264559789081, 20.626198266132132 ], [ -103.898994575433093, 20.608843146155561 ], [ -103.895126202743654, 20.608776658070738 ], [ -103.890372330221609, 20.599146904100557 ], [ -103.882360865881921, 20.597580175374734 ], [ -103.881054691710673, 20.581429182755716 ], [ -103.88407959018592, 20.574619255334543 ], [ -103.858783738837019, 20.578400785934839 ], [ -103.864747124488687, 20.565694888206714 ], [ -103.868572620079718, 20.566528801347161 ], [ -103.893324261460336, 20.552006615773426 ], [ -103.877917811930956, 20.541557941437819 ], [ -103.878572726139012, 20.540277889313813 ], [ -103.886983099200179, 20.533006828374955 ], [ -103.895610329223814, 20.529634651492191 ], [ -103.904172461517234, 20.527505457215952 ], [ -103.913188920729667, 20.529194033088004 ], [ -103.916443267142611, 20.526897757508664 ], [ -103.915688987750883, 20.524113734181711 ], [ -103.918296837464439, 20.521273285919229 ], [ -103.923011592798048, 20.522140076403755 ], [ -103.926030996465329, 20.519509599846387 ], [ -103.927368134943421, 20.510522386606048 ], [ -103.923313451150861, 20.507214984431752 ], [ -103.924810114647016, 20.50216811011839 ], [ -103.922816869960286, 20.499498793993293 ], [ -103.92572038859818, 20.49641172313169 ], [ -103.928720500108952, 20.498093735415871 ], [ -103.929673459126448, 20.495945043115459 ], [ -103.941418601645296, 20.493548452584236 ], [ -103.935666249362939, 20.487408639060543 ], [ -103.941500898433674, 20.488200190082765 ], [ -103.941636270148436, 20.484137711424211 ], [ -103.94600573386478, 20.482678771219497 ], [ -103.947228267349729, 20.472612341073884 ], [ -103.944895812950065, 20.466457672727891 ], [ -103.946910788424645, 20.464026794501748 ], [ -103.951687425770032, 20.463814531531227 ], [ -103.95387972127736, 20.461219238611768 ], [ -103.977428427362128, 20.484244895833278 ], [ -103.980841092068886, 20.471499435055424 ], [ -103.993636762531622, 20.471180329845531 ], [ -103.995035691173115, 20.445482488551491 ], [ -103.999059257656924, 20.441697499394962 ], [ -104.003069448541112, 20.42613623680867 ], [ -104.015675569506371, 20.412669507626912 ], [ -104.000479731640183, 20.409945780981168 ], [ -103.992483964630694, 20.404910816615079 ], [ -103.991620746996162, 20.399638344100335 ], [ -104.002371633048952, 20.393249256652592 ], [ -104.008205288720973, 20.393416496631602 ], [ -104.016533690669519, 20.388418551249728 ], [ -104.019530192186465, 20.390886774846901 ], [ -104.028257664343698, 20.389291337099642 ], [ -104.03678442308302, 20.39428701985976 ], [ -104.05115608524531, 20.396545597746272 ], [ -104.063591467721352, 20.379549316387571 ], [ -104.068770286597214, 20.381534423458753 ], [ -104.073844268586527, 20.379745254801325 ], [ -104.081914872656128, 20.38050606689038 ], [ -104.082630627415014, 20.377940114395532 ], [ -104.088950925066499, 20.391169788134256 ], [ -104.102623633964953, 20.409300836716714 ], [ -104.108864887967471, 20.411292002731358 ], [ -104.117206515802451, 20.420180420386917 ], [ -104.129215993312627, 20.42511210246364 ], [ -104.132338684874952, 20.425588935717617 ], [ -104.13293444934655, 20.42351957021399 ], [ -104.148187760834091, 20.428139674017199 ], [ -104.146279871195603, 20.435425264655493 ], [ -104.150460028799102, 20.437235616901571 ], [ -104.139770554997213, 20.443675784119893 ], [ -104.134086035263877, 20.451890025384621 ], [ -104.150587321010889, 20.454113202036716 ], [ -104.159830580003643, 20.458651597841239 ], [ -104.166490862923951, 20.459399488474421 ], [ -104.171712478145665, 20.468597047426602 ], [ -104.181969754733586, 20.469450286579924 ], [ -104.184275965320651, 20.467018386662154 ], [ -104.183407948447069, 20.461000262388602 ], [ -104.187563014722087, 20.454157995028751 ], [ -104.192240998520163, 20.460901111004169 ], [ -104.197669195188638, 20.461688835166537 ], [ -104.197517509620639, 20.463633998234819 ], [ -104.204514760621947, 20.468340542483446 ], [ -104.213115091891481, 20.468471863813619 ], [ -104.215338895056348, 20.471779193312255 ], [ -104.220124034819179, 20.472556427442669 ], [ -104.228802652165754, 20.484870352529761 ], [ -104.244292400350673, 20.496043535625841 ], [ -104.24411695213881, 20.501497670830773 ], [ -104.251026481398782, 20.513605135234243 ], [ -104.24575841145132, 20.518561626336396 ], [ -104.246051726302326, 20.52278592303654 ], [ -104.243183525114262, 20.527044079109064 ], [ -104.231825635860375, 20.530867412489336 ], [ -104.235514288307229, 20.532698389524096 ], [ -104.237915298774212, 20.538625535570976 ], [ -104.241720950468149, 20.536978427551123 ], [ -104.24505852927669, 20.538435697918441 ], [ -104.245994872455697, 20.534959679205649 ], [ -104.265552174491404, 20.54096788629921 ], [ -104.268187652102355, 20.543168466570531 ], [ -104.273379574669192, 20.559836909301254 ], [ -104.273287479020141, 20.561440770765486 ], [ -104.259995424414157, 20.566503788382107 ], [ -104.259704289746736, 20.574163541840047 ], [ -104.254434762151291, 20.581397626843074 ], [ -104.242546139393554, 20.587290657763994 ], [ -104.2431907843402, 20.590811847322961 ], [ -104.2397153428481, 20.596187824706853 ], [ -104.249107644695741, 20.598900457532839 ] ] ] } },
{ "type": "Feature", "properties": { "cve_edo": "14", "cve_mpo_ine": "008", "cve_edo_mpo_ine": "14008", "nom_mpo": "ARANDAS", "nom_edo": "Jalisco", "alianza_ganadora": "Va por México", "margen_pp": 16.446051527087235, "por_participacion": 52.048395227692822 }, "geometry": { "type": "Polygon", "coordinates": [ [ [ -102.468355214006692, 20.86668191949606 ], [ -102.453969888360646, 20.864795213389495 ], [ -102.445080105245083, 20.866448258165565 ], [ -102.434355634522092, 20.882053260777521 ], [ -102.428637672314537, 20.883817840128234 ], [ -102.428914097468024, 20.885680312455833 ], [ -102.416410218503415, 20.883991116176396 ], [ -102.411400849597527, 20.885389869600811 ], [ -102.404126929320682, 20.880846198094705 ], [ -102.405814100885593, 20.874912449443947 ], [ -102.381631884332677, 20.870017708958748 ], [ -102.381448470369421, 20.883513142762077 ], [ -102.37970382609933, 20.885788983580465 ], [ -102.371422713125497, 20.886367033010888 ], [ -102.370872505508231, 20.882518073488971 ], [ -102.366354110149999, 20.881771186567182 ], [ -102.351210694100885, 20.890920564115447 ], [ -102.340767410119383, 20.889659687797597 ], [ -102.321613962670185, 20.883061860773356 ], [ -102.318750525128394, 20.887248364947286 ], [ -102.320070000412969, 20.896271054628947 ], [ -102.318535650200047, 20.896875458638068 ], [ -102.317323156686896, 20.89471418781946 ], [ -102.295139390075704, 20.891968587416649 ], [ -102.291260701297091, 20.896885019373315 ], [ -102.28328139945728, 20.897035862330807 ], [ -102.278217601075596, 20.892216486678244 ], [ -102.278203234590578, 20.895195118735781 ], [ -102.271528908159482, 20.894285974293719 ], [ -102.273482130801625, 20.884341528397183 ], [ -102.25297519245612, 20.887108102271966 ], [ -102.244290606963645, 20.883153590448956 ], [ -102.236691331004565, 20.885581951173108 ], [ -102.23714865527613, 20.894935436716263 ], [ -102.235290107012062, 20.897848898268109 ], [ -102.225534464069668, 20.899215654658967 ], [ -102.223798598621329, 20.910154617699384 ], [ -102.219979513668548, 20.910602870717401 ], [ -102.215477429255344, 20.909553404078004 ], [ -102.210210534302689, 20.904482138101134 ], [ -102.204118493019266, 20.909865282229116 ], [ -102.195633447027859, 20.902477182210337 ], [ -102.193376371377198, 20.904475075140486 ], [ -102.184214875968109, 20.905267914915292 ], [ -102.181830929594312, 20.90792578213836 ], [ -102.17350029941143, 20.908025550383499 ], [ -102.165306010823485, 20.910897777614213 ], [ -102.151351527279772, 20.898267693694443 ], [ -102.154362569329479, 20.892805979366621 ], [ -102.154669411522278, 20.883837347688548 ], [ -102.160804014234543, 20.876325210814407 ], [ -102.153001933037487, 20.881373088708266 ], [ -102.140795351695303, 20.881958740571303 ], [ -102.138540910645659, 20.879695925841741 ], [ -102.137289884921955, 20.881044414366738 ], [ -102.134084875703564, 20.875584482320853 ], [ -102.128410913655927, 20.874600270505816 ], [ -102.126302862881602, 20.870354013247528 ], [ -102.114159613741776, 20.874702281399141 ], [ -102.109479548822222, 20.873937362232407 ], [ -102.104035784417363, 20.869274527250514 ], [ -102.092593839614551, 20.869784223686786 ], [ -102.086610795252341, 20.873881548949445 ], [ -102.082911473048526, 20.881335090877013 ], [ -102.075520563568134, 20.878323707090139 ], [ -102.075430342089462, 20.876502781709874 ], [ -102.060418139584655, 20.884365158823847 ], [ -102.050751718321891, 20.884037067057189 ], [ -102.0441425961275, 20.890974231706945 ], [ -102.040490117190103, 20.889666637938699 ], [ -102.043552102370128, 20.883566996421028 ], [ -102.041498877383233, 20.872275087384448 ], [ -102.050300930124678, 20.860861536633358 ], [ -102.054949639713342, 20.846242847388773 ], [ -102.06474207262734, 20.838268999005038 ], [ -102.073483422966916, 20.837848805821572 ], [ -102.077062728883433, 20.833678296578377 ], [ -102.076822973997963, 20.830076977100269 ], [ -102.079791428118781, 20.82755251019567 ], [ -102.076805759570291, 20.819365125849036 ], [ -102.078371316066409, 20.80863306293038 ], [ -102.081353349672398, 20.805157474262543 ], [ -102.079940204212448, 20.80162319815355 ], [ -102.091062678212168, 20.794574985640836 ], [ -102.090139725232675, 20.785588016169331 ], [ -102.099474455773077, 20.768423880161439 ], [ -102.105532061254735, 20.770943958554589 ], [ -102.106972104689788, 20.772658633638155 ], [ -102.10487505758573, 20.775815614972764 ], [ -102.108866085435238, 20.779425036002788 ], [ -102.124512207272758, 20.783559398532489 ], [ -102.14377000050284, 20.78112173560681 ], [ -102.153790501038898, 20.772979327937165 ], [ -102.16300218559509, 20.76946075861871 ], [ -102.16584062767005, 20.762132463372883 ], [ -102.160712345377164, 20.756116920837336 ], [ -102.165068922958866, 20.750417581570616 ], [ -102.170183953267539, 20.748451570001659 ], [ -102.189895305770875, 20.748115633471247 ], [ -102.192534395032354, 20.743127517986817 ], [ -102.189912538487775, 20.727731901093033 ], [ -102.193617667726414, 20.722921773093876 ], [ -102.197451576534846, 20.72543409735901 ], [ -102.202374486375106, 20.722867968731698 ], [ -102.213688652700242, 20.707731624452745 ], [ -102.223916778460151, 20.710851935241514 ], [ -102.220305474046626, 20.705691705271917 ], [ -102.220827127363876, 20.699401404708265 ], [ -102.232555716921652, 20.693968425735711 ], [ -102.232417181738825, 20.685277481062755 ], [ -102.238769302002581, 20.686567770825611 ], [ -102.240901769469588, 20.683668774770602 ], [ -102.25396065276118, 20.68273303433336 ], [ -102.263388133507505, 20.673379276018885 ], [ -102.256910852007181, 20.668402518625353 ], [ -102.258401019432441, 20.653685622575615 ], [ -102.246364575109141, 20.646463319008816 ], [ -102.24562220752037, 20.641850274608117 ], [ -102.260079884089464, 20.634513871362469 ], [ -102.280636814937296, 20.6172915297918 ], [ -102.286223672699819, 20.606486174047717 ], [ -102.283118544742194, 20.60262061533043 ], [ -102.288434062347079, 20.597364170349959 ], [ -102.305348835558803, 20.597152101869309 ], [ -102.310129625620746, 20.602785570123096 ], [ -102.336346733933013, 20.593855560111749 ], [ -102.337254846147616, 20.5956494068312 ], [ -102.342064471743072, 20.595809867619906 ], [ -102.354215611383879, 20.609370117144163 ], [ -102.358499016393679, 20.609438929603812 ], [ -102.362168686906912, 20.604201628113316 ], [ -102.36684533000809, 20.608745201348693 ], [ -102.385350747201244, 20.597330710778696 ], [ -102.399863736087923, 20.599836498910758 ], [ -102.410739537066277, 20.598766766540059 ], [ -102.416383500848923, 20.594676383484167 ], [ -102.418579954447338, 20.589662775101427 ], [ -102.435842392584178, 20.585629501606469 ], [ -102.441410639973057, 20.589605810629287 ], [ -102.443554847086205, 20.594811482886033 ], [ -102.440676304451401, 20.609166366611898 ], [ -102.433213534565397, 20.609670614924429 ], [ -102.431545455653335, 20.607617025723954 ], [ -102.42526065215587, 20.611408207110053 ], [ -102.420655937802948, 20.623542457361939 ], [ -102.425172059971359, 20.62729594519416 ], [ -102.429940892712423, 20.640570232719636 ], [ -102.443721868442267, 20.6450474442534 ], [ -102.44329226158959, 20.649716495035495 ], [ -102.45080999178613, 20.660219494751093 ], [ -102.459912782780108, 20.660112524911057 ], [ -102.460898314896795, 20.657314044926881 ], [ -102.475520226654368, 20.657208873124532 ], [ -102.491298310723195, 20.6618374125011 ], [ -102.492135316978775, 20.668139894840113 ], [ -102.49665300984752, 20.668374540807665 ], [ -102.497917746576874, 20.662807636888889 ], [ -102.508927032927573, 20.653747781175035 ], [ -102.509893654078837, 20.648424477865852 ], [ -102.513072069801908, 20.647934815949828 ], [ -102.516233180454748, 20.648520716619053 ], [ -102.520073667641611, 20.654330737329143 ], [ -102.52525935293032, 20.653167784075141 ], [ -102.526661259089664, 20.657285608030421 ], [ -102.531805994197313, 20.658687424531212 ], [ -102.539201374683131, 20.666247262914037 ], [ -102.547923633236621, 20.664267809032026 ], [ -102.549085485702605, 20.668754324164759 ], [ -102.549661141262973, 20.676873564804861 ], [ -102.54504023178751, 20.686776973961706 ], [ -102.549802779863555, 20.686434620616172 ], [ -102.54840186109611, 20.696965667621704 ], [ -102.544240544215086, 20.704021902793944 ], [ -102.535242643646512, 20.694562023393335 ], [ -102.535274238148872, 20.687360581254072 ], [ -102.528359633132311, 20.681334826213039 ], [ -102.517840524127848, 20.677303302224566 ], [ -102.514521611727474, 20.672292376717937 ], [ -102.503789550146905, 20.669089011493167 ], [ -102.491033818252319, 20.66847973945762 ], [ -102.469526432035451, 20.673127272007054 ], [ -102.433246939253067, 20.788614580559727 ], [ -102.435144896530332, 20.788903032017576 ], [ -102.435744726842202, 20.828177476562367 ], [ -102.451648463220295, 20.82653586766067 ], [ -102.465500366692524, 20.818094926862287 ], [ -102.466463400872868, 20.820944952878047 ], [ -102.463726326032003, 20.82646510402822 ], [ -102.470689744157667, 20.83276165405184 ], [ -102.475093524607672, 20.833979462390904 ], [ -102.477611396348664, 20.844482407807845 ], [ -102.476276453385751, 20.849403065894904 ], [ -102.474226268788016, 20.849308162670081 ], [ -102.474150180636855, 20.845912237091319 ], [ -102.468615903055579, 20.846504444744919 ], [ -102.468933305900137, 20.849473916091487 ], [ -102.464188017779108, 20.849643394596637 ], [ -102.464336599463977, 20.857582972088288 ], [ -102.459514636519529, 20.864649510200135 ], [ -102.468355214006692, 20.86668191949606 ] ] ] } },
{ "type": "Feature", "properties": { "cve_edo": "14", "cve_mpo_ine": "010", "cve_edo_mpo_ine": "14010", "nom_mpo": "ATEMAJAC DE BRIZUELA", "nom_edo": "Jalisco", "alianza_ganadora": "Va por México", "margen_pp": 19.963749352667012, "por_participacion": 76.962933439617373 }, "geometry": { "type": "Polygon", "coordinates": [ [ [ -103.832356537096487, 20.293285059973904 ], [ -103.833994305765813, 20.296548960354418 ], [ -103.821044143058103, 20.298223454360102 ], [ -103.823163696755941, 20.287079136676738 ], [ -103.821409734087609, 20.283154392107132 ], [ -103.813973092123476, 20.279345164180668 ], [ -103.81180891644351, 20.275873879081917 ], [ -103.809370912717995, 20.276443194493655 ], [ -103.801795175600148, 20.27218415475139 ], [ -103.795934873514355, 20.274239291850581 ], [ -103.787794530241143, 20.27203804702334 ], [ -103.787974228986798, 20.268529013766646 ], [ -103.783935666504135, 20.265591078985508 ], [ -103.777198685925285, 20.265992701853158 ], [ -103.769403320788086, 20.269571252135037 ], [ -103.764662434001238, 20.266425241928683 ], [ -103.742533978966492, 20.264717306891157 ], [ -103.743440067537236, 20.261014136875392 ], [ -103.736698262054603, 20.245529200934222 ], [ -103.72771780743912, 20.242478825324898 ], [ -103.728821616511311, 20.234246929535381 ], [ -103.722299161105624, 20.23832257385941 ], [ -103.711390559286997, 20.228306920436893 ], [ -103.694280375057048, 20.233245360400854 ], [ -103.686263199427344, 20.233467279827103 ], [ -103.67725642415418, 20.241920132458262 ], [ -103.665531403663636, 20.239632862833588 ], [ -103.661664166210144, 20.231517638774896 ], [ -103.662022547499802, 20.224827490840756 ], [ -103.655564159915414, 20.222212694246778 ], [ -103.655724524685695, 20.212533038608289 ], [ -103.660417354462382, 20.206270568787023 ], [ -103.661511047087899, 20.196210815709374 ], [ -103.657398283733954, 20.18635224797551 ], [ -103.644610372550432, 20.174391113175048 ], [ -103.638347556413009, 20.158398056210753 ], [ -103.630072308361903, 20.154921278743803 ], [ -103.624350835250297, 20.148602741721763 ], [ -103.606056345442624, 20.159188754611247 ], [ -103.599305764396718, 20.139790083066437 ], [ -103.588383100882112, 20.134001303527484 ], [ -103.592333929133559, 20.121887721611046 ], [ -103.601191912863371, 20.117179336281421 ], [ -103.602099069424483, 20.113144046577887 ], [ -103.60588284764016, 20.110586097081072 ], [ -103.606837680939122, 20.10505500804712 ], [ -103.610598730321442, 20.107523675268745 ], [ -103.613572653571552, 20.106258529945269 ], [ -103.61659381977077, 20.095313932836223 ], [ -103.624293689732681, 20.092523037042657 ], [ -103.624271452485928, 20.089449154439684 ], [ -103.629140657612524, 20.083477590836971 ], [ -103.636449719249896, 20.083347399425772 ], [ -103.638689774768011, 20.085783770564451 ], [ -103.646279146897982, 20.087057450246231 ], [ -103.651024691720437, 20.081803644462045 ], [ -103.66042779161927, 20.087070523958062 ], [ -103.670143269002779, 20.084702132198824 ], [ -103.672474238008064, 20.087190285115437 ], [ -103.683870200352899, 20.08980844908336 ], [ -103.703553516157498, 20.083198396111126 ], [ -103.715601444826589, 20.089078263662358 ], [ -103.727646114052163, 20.08351416422223 ], [ -103.735435691996045, 20.084203452474689 ], [ -103.737614015257279, 20.082132748686949 ], [ -103.73806595189599, 20.07296206495014 ], [ -103.741138217344414, 20.074523697581053 ], [ -103.747573765498203, 20.063586894138965 ], [ -103.764583155055732, 20.060779802582815 ], [ -103.76610212655028, 20.06352996589159 ], [ -103.76392952695474, 20.068627257048888 ], [ -103.76872759806821, 20.079982624624144 ], [ -103.772716003677786, 20.083392572763987 ], [ -103.775546579553719, 20.093039355430438 ], [ -103.768587213050111, 20.103454054167344 ], [ -103.771615450843541, 20.106350142084139 ], [ -103.764140754745739, 20.10674960148253 ], [ -103.74659552943919, 20.116862314919381 ], [ -103.761005065311522, 20.115161385114433 ], [ -103.766032431108641, 20.118773826607743 ], [ -103.768590105074509, 20.135758135905697 ], [ -103.773285215873258, 20.1440138223434 ], [ -103.779239342246342, 20.143470797470552 ], [ -103.780556955617072, 20.138274460720236 ], [ -103.784264029149568, 20.136190502673443 ], [ -103.792238843130264, 20.141208368446506 ], [ -103.814458342347152, 20.144978774843398 ], [ -103.821432321883876, 20.152992293240096 ], [ -103.830752584615652, 20.150947638664427 ], [ -103.840061644967918, 20.158676964594775 ], [ -103.826952769412742, 20.168440862374808 ], [ -103.827102942242405, 20.170426598197519 ], [ -103.824177980479547, 20.170346098805442 ], [ -103.826364189777351, 20.175200525841742 ], [ -103.821802201972076, 20.182143797665212 ], [ -103.827000200852268, 20.185255162734389 ], [ -103.829958516357038, 20.190802082292901 ], [ -103.842024768047722, 20.202383265881799 ], [ -103.837072211936004, 20.21019996242223 ], [ -103.829436049224029, 20.215773359947551 ], [ -103.84711784974013, 20.221043712643251 ], [ -103.845151297150309, 20.227479007719175 ], [ -103.838141261283099, 20.231763656446102 ], [ -103.842575778182564, 20.236735251752322 ], [ -103.839256144887543, 20.242271293670548 ], [ -103.843317581458038, 20.245258599573031 ], [ -103.845304806622906, 20.250499924141661 ], [ -103.859582013331078, 20.258656058985672 ], [ -103.848768550417574, 20.262187788897307 ], [ -103.841711241777674, 20.267549468524557 ], [ -103.835591940092641, 20.268306563680778 ], [ -103.836932363783177, 20.273139512135675 ], [ -103.842743884790679, 20.275987448216291 ], [ -103.84203705882959, 20.280424121393565 ], [ -103.844348605988571, 20.283426673512039 ], [ -103.843857251751174, 20.286329441829455 ], [ -103.832356537096487, 20.293285059973904 ] ] ] } },
{ "type": "Feature", "properties": { "cve_edo": "14", "cve_mpo_ine": "011", "cve_edo_mpo_ine": "14011", "nom_mpo": "ATENGO", "nom_edo": "Jalisco", "alianza_ganadora": "Va por México", "margen_pp": 61.082175925925924, "por_participacion": 75.574021430133385 }, "geometry": { "type": "Polygon", "coordinates": [ [ [ -104.320353883672809, 20.381689803995702 ], [ -104.321404847656623, 20.384439472009845 ], [ -104.327847945816245, 20.387351218757008 ], [ -104.325470923633205, 20.389554139428505 ], [ -104.326084848562417, 20.39474269635393 ], [ -104.319037713989673, 20.403258590889148 ], [ -104.317786290716754, 20.408046936844961 ], [ -104.319816371609036, 20.412510365659699 ], [ -104.313408875189182, 20.414322619299117 ], [ -104.307372163939576, 20.421816899958078 ], [ -104.28268041672257, 20.418593109775887 ], [ -104.278432442054665, 20.413889131168244 ], [ -104.27138502645947, 20.412085343150668 ], [ -104.264583196997989, 20.419732453642034 ], [ -104.255943587060273, 20.422006443207277 ], [ -104.24942661982881, 20.426673789431476 ], [ -104.2516397387556, 20.433958399156161 ], [ -104.246057327401715, 20.438681073452749 ], [ -104.245511180763017, 20.429764050797601 ], [ -104.233604266103441, 20.418147981890435 ], [ -104.228601697597938, 20.423168925951263 ], [ -104.214736203305478, 20.423165484412674 ], [ -104.207247175896313, 20.426490464441802 ], [ -104.207459696619495, 20.437598590720146 ], [ -104.204252448550037, 20.435850432903653 ], [ -104.201987073744675, 20.42842412547839 ], [ -104.205690535734277, 20.422995686814176 ], [ -104.1978400480983, 20.418857807501571 ], [ -104.193522927189449, 20.419496457576958 ], [ -104.193814371914783, 20.409951876448638 ], [ -104.191167085514365, 20.406741042380911 ], [ -104.192462085991266, 20.398968527727394 ], [ -104.189388806341256, 20.392908934143104 ], [ -104.190825443270882, 20.389184484929661 ], [ -104.183709707483104, 20.380746262215055 ], [ -104.185396976845126, 20.370286729324178 ], [ -104.188008520133749, 20.367796576025949 ], [ -104.18717203903492, 20.364660419549907 ], [ -104.177141083887165, 20.366149776456631 ], [ -104.163541617349381, 20.356623085344875 ], [ -104.159580000040606, 20.348087985335908 ], [ -104.159571316004417, 20.336850886539889 ], [ -104.157990185247158, 20.335948640613928 ], [ -104.158549642939875, 20.331897615914851 ], [ -104.161481626697736, 20.334240122558391 ], [ -104.163863690393143, 20.332453601294976 ], [ -104.164360408736584, 20.327700492335271 ], [ -104.160415222250478, 20.321809379681657 ], [ -104.167412509362421, 20.32091218419357 ], [ -104.164294209919674, 20.316670163556573 ], [ -104.160446166978801, 20.317223493558508 ], [ -104.161677737299755, 20.308501222526232 ], [ -104.159799452690521, 20.306650052919935 ], [ -104.16341334539942, 20.306015091400123 ], [ -104.161645826145616, 20.303171955530779 ], [ -104.16431268040175, 20.300310055204246 ], [ -104.163418646535305, 20.297174037620266 ], [ -104.156175608385652, 20.295641666734962 ], [ -104.17850060467805, 20.278203432627034 ], [ -104.186035274270239, 20.240843223015847 ], [ -104.193401365962472, 20.24784132245729 ], [ -104.231759619628932, 20.217841696599226 ], [ -104.239255557220233, 20.209802963934095 ], [ -104.247442166036535, 20.216550131040492 ], [ -104.251776647102403, 20.210044988388166 ], [ -104.250784076894234, 20.207021939075073 ], [ -104.253532956943786, 20.208594336555393 ], [ -104.261728866252724, 20.201465412202722 ], [ -104.264007821124551, 20.206102959273007 ], [ -104.284188368919686, 20.204836156058633 ], [ -104.289582156874204, 20.208926804000281 ], [ -104.296592683345182, 20.227516476876911 ], [ -104.299709216476941, 20.225436916324949 ], [ -104.303786904776871, 20.227852244968016 ], [ -104.309191857649026, 20.226272450329972 ], [ -104.318193808261199, 20.232578303872092 ], [ -104.324727639941514, 20.23197240611286 ], [ -104.335799831529144, 20.23952565800888 ], [ -104.344257215567211, 20.241700892746941 ], [ -104.344767973295163, 20.23784347226179 ], [ -104.356843685278719, 20.23060401070294 ], [ -104.363982453527754, 20.240960393470502 ], [ -104.364623805779587, 20.246455399099958 ], [ -104.371720148021012, 20.25458154298159 ], [ -104.375235160767332, 20.266626987382242 ], [ -104.379962085651414, 20.266005883827386 ], [ -104.390162810348158, 20.269099236659027 ], [ -104.385898365658889, 20.274803568902609 ], [ -104.38998113842689, 20.289368989329081 ], [ -104.386241758593414, 20.294184719696528 ], [ -104.388502388411908, 20.301392790732486 ], [ -104.386098381627633, 20.306492306792741 ], [ -104.398771248047183, 20.322077576880151 ], [ -104.390554420727611, 20.324418289522836 ], [ -104.389813425233612, 20.328818905565868 ], [ -104.392106819108307, 20.335118887868294 ], [ -104.398347091029962, 20.340214688166455 ], [ -104.392376633802542, 20.340585794153828 ], [ -104.390346501523624, 20.343126055782605 ], [ -104.390658343407424, 20.356100335372634 ], [ -104.385882932647178, 20.361957899830575 ], [ -104.386624820232385, 20.370131577910552 ], [ -104.366702811070468, 20.375855113707239 ], [ -104.349454648245839, 20.372043144058441 ], [ -104.337006189115172, 20.374970542403503 ], [ -104.330348856529724, 20.374376492955687 ], [ -104.320353883672809, 20.381689803995702 ] ] ] } },
{ "type": "Feature", "properties": { "cve_edo": "14", "cve_mpo_ine": "012", "cve_edo_mpo_ine": "14012", "nom_mpo": "ATENGUILLO", "nom_edo": "Jalisco", "alianza_ganadora": "Movimiento Ciudadano", "margen_pp": 20.807993049522153, "por_participacion": 65.379153649531389 }, "geometry": { "type": "Polygon", "coordinates": [ [ [ -104.485778854898967, 20.515670063105805 ], [ -104.478771344407306, 20.511643318963987 ], [ -104.485753804703293, 20.50798527196714 ], [ -104.480681280484646, 20.508440817080597 ], [ -104.476339146069378, 20.503578306082485 ], [ -104.48158820292592, 20.491234539191691 ], [ -104.473146898460882, 20.477241243409122 ], [ -104.476459140828965, 20.471990331874075 ], [ -104.472490104665084, 20.470979896441548 ], [ -104.478168777787218, 20.467916560579631 ], [ -104.473151439945923, 20.45604343475156 ], [ -104.473544747324524, 20.453565073709871 ], [ -104.479650955755915, 20.449431490988093 ], [ -104.479696043255259, 20.446741007670639 ], [ -104.465048262246029, 20.439529134129774 ], [ -104.460828487234593, 20.432594228781422 ], [ -104.462740354055427, 20.4269502852089 ], [ -104.45745656006919, 20.424057043378745 ], [ -104.451572818704449, 20.425460604569452 ], [ -104.448886651346882, 20.428360414494541 ], [ -104.447596722839634, 20.424946328662323 ], [ -104.44072800014861, 20.422236108491557 ], [ -104.448815439775458, 20.422190426098222 ], [ -104.455432177761494, 20.419017484733981 ], [ -104.461720193704906, 20.414473170099502 ], [ -104.459621840168651, 20.410343416375468 ], [ -104.461958109742028, 20.407314070470335 ], [ -104.441914007400641, 20.390373936815823 ], [ -104.431880542184686, 20.387823379092769 ], [ -104.432326519716767, 20.382282103622273 ], [ -104.438454858775316, 20.381573289679082 ], [ -104.438733139029438, 20.376603803861691 ], [ -104.426027372578091, 20.377219857001162 ], [ -104.422682377522349, 20.370711093921866 ], [ -104.416959706308916, 20.366236773378915 ], [ -104.419663585864811, 20.35542982294637 ], [ -104.419304701796364, 20.352443470211806 ], [ -104.416916610724243, 20.351662456802991 ], [ -104.422347251962023, 20.345781783291148 ], [ -104.427531186258904, 20.344037509617085 ], [ -104.4330466394251, 20.346893704169187 ], [ -104.437525727420933, 20.34526284317479 ], [ -104.432487806614276, 20.338439253458851 ], [ -104.418410277688949, 20.332846670117377 ], [ -104.409459333089572, 20.336518124635283 ], [ -104.399390937713207, 20.33364094652142 ], [ -104.392106819108307, 20.335118887868294 ], [ -104.390554420727611, 20.324418289522836 ], [ -104.398771248047183, 20.322077576880151 ], [ -104.386098381627633, 20.306492306792741 ], [ -104.388502388411908, 20.301392790732486 ], [ -104.386241758593414, 20.294184719696528 ], [ -104.38998113842689, 20.289368989329081 ], [ -104.388604618189675, 20.283630688168138 ], [ -104.392117366263349, 20.285212427746256 ], [ -104.395305994846836, 20.290999380851865 ], [ -104.402584635418535, 20.291979684788313 ], [ -104.40262184006599, 20.299210560883047 ], [ -104.409395082134637, 20.287989515546226 ], [ -104.416850715173055, 20.282281158205397 ], [ -104.416668019257116, 20.274178795904874 ], [ -104.427976448755416, 20.272001965338518 ], [ -104.436484681123105, 20.272931027828918 ], [ -104.440391461139697, 20.276629286790023 ], [ -104.442075982255162, 20.271964332272965 ], [ -104.452101895703194, 20.264628938242687 ], [ -104.449690917285452, 20.256632712729793 ], [ -104.456764899197694, 20.256737749424087 ], [ -104.460732861557247, 20.253661732379804 ], [ -104.466685134901752, 20.257413577239799 ], [ -104.469650276640422, 20.256252574545368 ], [ -104.471599774794328, 20.25081311439672 ], [ -104.481748570568101, 20.254397975792454 ], [ -104.48593323073608, 20.25237291779148 ], [ -104.491845040878147, 20.253267781082524 ], [ -104.497500098741298, 20.257308234417451 ], [ -104.497189942249832, 20.260909486478607 ], [ -104.500577734867051, 20.26596419747656 ], [ -104.504159501185114, 20.262290117092242 ], [ -104.508599579170266, 20.267355228200472 ], [ -104.512912190300597, 20.265364396469256 ], [ -104.514286684606375, 20.257757363724714 ], [ -104.517736091609947, 20.257806322483066 ], [ -104.520626668259624, 20.268953966878964 ], [ -104.533140259457255, 20.279278548381505 ], [ -104.529364337887415, 20.288682169931093 ], [ -104.537072294376358, 20.297600261414477 ], [ -104.541670403069546, 20.298298362336887 ], [ -104.541482657380669, 20.302052997344802 ], [ -104.544614740613994, 20.299449104145246 ], [ -104.545106039648232, 20.295371851240663 ], [ -104.550078669177466, 20.293683291188767 ], [ -104.553821564499728, 20.288616291073065 ], [ -104.557837418065276, 20.287913534009771 ], [ -104.562935672014916, 20.277036945898288 ], [ -104.569359859376647, 20.279062330556837 ], [ -104.571091432904296, 20.272910088806775 ], [ -104.566561257360974, 20.263414734133914 ], [ -104.572968042017166, 20.257383404795814 ], [ -104.571859940336878, 20.255578279168763 ], [ -104.579476327179492, 20.25350276567892 ], [ -104.584921782809445, 20.255047879923556 ], [ -104.589712429963981, 20.251783594785419 ], [ -104.591261186124839, 20.244097834496877 ], [ -104.58076273775923, 20.232961790429897 ], [ -104.579521076720084, 20.228219991603677 ], [ -104.583207274043872, 20.219597905761425 ], [ -104.586767807324435, 20.21807845820376 ], [ -104.589836110880341, 20.212125697070686 ], [ -104.60106681481976, 20.210307548526991 ], [ -104.603249675299338, 20.204579688610277 ], [ -104.599627447504929, 20.195893387930042 ], [ -104.600392713062305, 20.190583573518264 ], [ -104.604265047611378, 20.190187256531072 ], [ -104.609520081696019, 20.183505303796121 ], [ -104.617286729281702, 20.182051727436058 ], [ -104.62352749748176, 20.172130796073738 ], [ -104.633097360464049, 20.169194000608154 ], [ -104.638650441968409, 20.164974433147723 ], [ -104.644467832146546, 20.164856527505883 ], [ -104.652963522060276, 20.169493056959187 ], [ -104.653294683931335, 20.175285390090224 ], [ -104.658426920747146, 20.180869045222089 ], [ -104.659557484815011, 20.178542836073674 ], [ -104.663821978310139, 20.182121267333141 ], [ -104.670931197942906, 20.17759146065945 ], [ -104.674659938774539, 20.177974925122527 ], [ -104.678071328665126, 20.184340772692412 ], [ -104.684455007636089, 20.189252913860017 ], [ -104.688012951634178, 20.189507843705655 ], [ -104.690043753709816, 20.195218951049373 ], [ -104.693251324478553, 20.195464949439344 ], [ -104.698896846086839, 20.203249915242498 ], [ -104.706427008709952, 20.208669340349037 ], [ -104.705060430405652, 20.212866368038693 ], [ -104.710768466509251, 20.222937771954342 ], [ -104.70946672591603, 20.232194492898937 ], [ -104.706282537073463, 20.233900844381985 ], [ -104.709842283430362, 20.242833505543814 ], [ -104.716409605830165, 20.250182006621593 ], [ -104.718376229543466, 20.260091859879239 ], [ -104.714673096203541, 20.261213867361022 ], [ -104.708763135459876, 20.269469821242719 ], [ -104.706087535762492, 20.266433244307446 ], [ -104.698884831628931, 20.266665548893062 ], [ -104.686905924256507, 20.271528306766047 ], [ -104.684839271893296, 20.277342698436222 ], [ -104.676551214471033, 20.273291471600299 ], [ -104.675088878875371, 20.283748086936789 ], [ -104.670260381803729, 20.289905651030633 ], [ -104.662793855683987, 20.294467694620128 ], [ -104.653774923555403, 20.296469924293078 ], [ -104.651301650782329, 20.300414508947334 ], [ -104.645572667155278, 20.302004079473903 ], [ -104.640126457854421, 20.298684393636474 ], [ -104.633131096971766, 20.297927772203355 ], [ -104.63611546640989, 20.310025982269131 ], [ -104.634131016691185, 20.318527224765401 ], [ -104.630602155410045, 20.319056927818451 ], [ -104.63641206097104, 20.323749496534482 ], [ -104.636715830108471, 20.335531459056153 ], [ -104.628856397321812, 20.339503671680337 ], [ -104.627509057269606, 20.346451182679296 ], [ -104.629124897181214, 20.350582411355781 ], [ -104.624841787257381, 20.35262133534593 ], [ -104.623479374819183, 20.356552576339663 ], [ -104.615195564397837, 20.359191319764147 ], [ -104.612334336407471, 20.364158238462728 ], [ -104.604032542279924, 20.369026895265616 ], [ -104.603371806839192, 20.382836910979893 ], [ -104.624017153303527, 20.401101590979692 ], [ -104.637520879459487, 20.406899292922958 ], [ -104.642086080332888, 20.413873397629217 ], [ -104.6355008141593, 20.411226983224417 ], [ -104.623965906647229, 20.414692172416167 ], [ -104.620205697008004, 20.418520788358176 ], [ -104.617775298811779, 20.429736998773464 ], [ -104.60252085535592, 20.432320657120364 ], [ -104.602754322896871, 20.434061781467648 ], [ -104.614656867354043, 20.438787299339605 ], [ -104.616965601976275, 20.443225513922712 ], [ -104.615036788059243, 20.451727863325356 ], [ -104.616624045124894, 20.461890048432718 ], [ -104.61459129490477, 20.466547930516985 ], [ -104.600695473838059, 20.470453684887179 ], [ -104.585262538511884, 20.471480022853132 ], [ -104.580661438249976, 20.469635145053768 ], [ -104.574852466292825, 20.455476665095759 ], [ -104.560161730805248, 20.454192703421612 ], [ -104.550683414086606, 20.463953306153957 ], [ -104.561274588086761, 20.475903239766904 ], [ -104.562416799335168, 20.484986486152568 ], [ -104.540163467708339, 20.490714779804016 ], [ -104.527297615174845, 20.499473385255872 ], [ -104.516248584126174, 20.511734996905176 ], [ -104.50315932608585, 20.512580786129618 ], [ -104.503121213276131, 20.507819009267092 ], [ -104.500048926456742, 20.505704345261712 ], [ -104.496465016458984, 20.509668278720554 ], [ -104.491070767727507, 20.509672591423591 ], [ -104.485778854898967, 20.515670063105805 ] ] ] } },
{ "type": "Feature", "properties": { "cve_edo": "14", "cve_mpo_ine": "013", "cve_edo_mpo_ine": "14013", "nom_mpo": "ATOTONILCO EL ALTO", "nom_edo": "Jalisco", "alianza_ganadora": "Va por México", "margen_pp": 36.597725774555045, "por_participacion": 48.832109445729806 }, "geometry": { "type": "Polygon", "coordinates": [ [ [ -102.568428575227514, 20.637303269139188 ], [ -102.562571226084117, 20.636948200293318 ], [ -102.556104277080706, 20.648157367290121 ], [ -102.555516615255854, 20.658726421306973 ], [ -102.544018016860747, 20.666154107045067 ], [ -102.536929627271476, 20.665095812047717 ], [ -102.531805994197313, 20.658687424531212 ], [ -102.526661259089664, 20.657285608030421 ], [ -102.52525935293032, 20.653167784075141 ], [ -102.520073667641611, 20.654330737329143 ], [ -102.516233180454748, 20.648520716619053 ], [ -102.513072069801908, 20.647934815949828 ], [ -102.509893654078837, 20.648424477865852 ], [ -102.508927032927573, 20.653747781175035 ], [ -102.497917746576874, 20.662807636888889 ], [ -102.49665300984752, 20.668374540807665 ], [ -102.492135316978775, 20.668139894840113 ], [ -102.491298310723195, 20.6618374125011 ], [ -102.475520226654368, 20.657208873124532 ], [ -102.460898314896795, 20.657314044926881 ], [ -102.459912782780108, 20.660112524911057 ], [ -102.45080999178613, 20.660219494751093 ], [ -102.44329226158959, 20.649716495035495 ], [ -102.443721868442267, 20.6450474442534 ], [ -102.429192355362119, 20.639689572527914 ], [ -102.425172059971359, 20.62729594519416 ], [ -102.420655937802948, 20.623542457361939 ], [ -102.42526065215587, 20.611408207110053 ], [ -102.431545455653335, 20.607617025723954 ], [ -102.433213534565397, 20.609670614924429 ], [ -102.440676304451401, 20.609166366611898 ], [ -102.443554847086205, 20.594811482886033 ], [ -102.441410639973057, 20.589605810629287 ], [ -102.435842392584178, 20.585629501606469 ], [ -102.427395303892752, 20.588931967160637 ], [ -102.422061134801112, 20.587115280886966 ], [ -102.424581398718473, 20.580297389459485 ], [ -102.424242654092282, 20.550274777211257 ], [ -102.41991188796824, 20.54865281142871 ], [ -102.415292783872005, 20.538511396413387 ], [ -102.419454865666225, 20.525122097602875 ], [ -102.426951506404677, 20.512773749246687 ], [ -102.432806602619991, 20.505218655423349 ], [ -102.435146909655401, 20.506050615992404 ], [ -102.441176183011535, 20.500397892105418 ], [ -102.445101730526417, 20.486015460342905 ], [ -102.45914321839696, 20.487491029124886 ], [ -102.460493159219695, 20.471738793297895 ], [ -102.442887982759828, 20.461530439018418 ], [ -102.445001528477746, 20.450285716368263 ], [ -102.455938322911379, 20.445843569778912 ], [ -102.453385092203547, 20.432418342434715 ], [ -102.464213395179399, 20.439699922114048 ], [ -102.466906052386832, 20.436085947612401 ], [ -102.465319275267149, 20.433104737122186 ], [ -102.484970291238852, 20.438020075697356 ], [ -102.484461192709617, 20.453619857311537 ], [ -102.491494998850939, 20.451652389491123 ], [ -102.509733639066781, 20.453302125009568 ], [ -102.519165675074461, 20.448010088610548 ], [ -102.520341429700409, 20.4499138644723 ], [ -102.522855526803568, 20.445470513173994 ], [ -102.529242793335968, 20.443213271964368 ], [ -102.536108288254638, 20.44646843403395 ], [ -102.539915888386929, 20.444425694425458 ], [ -102.549014178749459, 20.450202616311575 ], [ -102.563499900875073, 20.451940865546163 ], [ -102.566612776562934, 20.454708812783952 ], [ -102.568597712153164, 20.450225177223501 ], [ -102.564410675418657, 20.437469292241694 ], [ -102.574599498867045, 20.431094408883805 ], [ -102.572951446419722, 20.427700091479387 ], [ -102.583326591619908, 20.427086779453603 ], [ -102.588169986469694, 20.416043678610649 ], [ -102.604114266300755, 20.416115988712253 ], [ -102.609689320532382, 20.419082271275119 ], [ -102.602500671980337, 20.429221514395522 ], [ -102.603218264206319, 20.43585213221872 ], [ -102.596085782606252, 20.445327777064023 ], [ -102.603671627619164, 20.455873953487142 ], [ -102.613164699852746, 20.453437493624197 ], [ -102.621199375598607, 20.457909899097917 ], [ -102.626680876831088, 20.466863972755412 ], [ -102.644706835337288, 20.452995788217255 ], [ -102.654116204517933, 20.464527546416541 ], [ -102.651939910153644, 20.46858366962401 ], [ -102.656878400802455, 20.467087600529627 ], [ -102.66512848606655, 20.483141351639119 ], [ -102.679371544385546, 20.480766146043198 ], [ -102.681552972529019, 20.485151838193946 ], [ -102.688245750973323, 20.488027803698831 ], [ -102.689134813423721, 20.49146493189243 ], [ -102.682698805289007, 20.496837162165154 ], [ -102.685225683225099, 20.498734262225252 ], [ -102.685715763923838, 20.506359668409466 ], [ -102.682514082051711, 20.515118565671226 ], [ -102.677483380536415, 20.520029354268082 ], [ -102.673670178547297, 20.519753760045834 ], [ -102.666472190105935, 20.525957603104299 ], [ -102.650939240148645, 20.530285319353116 ], [ -102.64401455509244, 20.529108557650694 ], [ -102.6308575737864, 20.521901476622169 ], [ -102.620172476532289, 20.542791219298671 ], [ -102.634667622298082, 20.544812255771699 ], [ -102.632404786260778, 20.555059709259808 ], [ -102.633816000121953, 20.556339705725996 ], [ -102.629362607322378, 20.558594311074227 ], [ -102.630383573840049, 20.568208124311262 ], [ -102.635204309186989, 20.572004480009237 ], [ -102.635683548627242, 20.575940905836177 ], [ -102.646080831492881, 20.580421175555138 ], [ -102.65305779125319, 20.578239558605798 ], [ -102.65752057487127, 20.579507829806918 ], [ -102.658396104812311, 20.577763474184348 ], [ -102.667318263023958, 20.579014575632119 ], [ -102.670099250007183, 20.587501772422836 ], [ -102.669415988956771, 20.595131764289011 ], [ -102.658799406211301, 20.596996363518016 ], [ -102.651893595832874, 20.607467998802434 ], [ -102.639417408002785, 20.61218539470417 ], [ -102.631946245545947, 20.610559482653038 ], [ -102.629071764426911, 20.615985330446343 ], [ -102.623841399141597, 20.619170242785572 ], [ -102.617582777130437, 20.621091947552024 ], [ -102.614926861215736, 20.619177538752396 ], [ -102.613035959036026, 20.622504575630757 ], [ -102.609762939178026, 20.621989759991649 ], [ -102.607400535360782, 20.628088151018193 ], [ -102.600911458157981, 20.629797642592809 ], [ -102.603732300105463, 20.640220725128327 ], [ -102.598765251424922, 20.642040287424141 ], [ -102.594785869209289, 20.646947716669501 ], [ -102.591211038970414, 20.646800514585902 ], [ -102.588591803364437, 20.651192837656453 ], [ -102.581000351692325, 20.652300768442796 ], [ -102.579277729559848, 20.655920786584765 ], [ -102.570213644070137, 20.65655402054443 ], [ -102.568428575227514, 20.637303269139188 ] ] ] } },
{ "type": "Feature", "properties": { "cve_edo": "14", "cve_mpo_ine": "014", "cve_edo_mpo_ine": "14014", "nom_mpo": "ATOYAC", "nom_edo": "Jalisco", "alianza_ganadora": "Va por México", "margen_pp": 1.9612213059950969, "por_participacion": 63.143822122150297 }, "geometry": { "type": "Polygon", "coordinates": [ [ [ -103.519160564958156, 20.134080978153886 ], [ -103.466119488165347, 20.118933456970485 ], [ -103.46532421226506, 20.112734525715922 ], [ -103.469045708528114, 20.108616940935594 ], [ -103.485013510497112, 20.09755072139604 ], [ -103.496930365183204, 20.094520035628317 ], [ -103.499080320829222, 20.092000041190602 ], [ -103.498089252977138, 20.082429465555684 ], [ -103.478997145544525, 20.078447692764339 ], [ -103.472874827183787, 20.066354415000617 ], [ -103.473564541386693, 20.058797116827808 ], [ -103.464086667606693, 20.068925711613439 ], [ -103.459696792686728, 20.089669629082778 ], [ -103.45486934957863, 20.094797145203525 ], [ -103.432834606703906, 20.085920960712219 ], [ -103.423117156786091, 20.075557099588462 ], [ -103.414813188162626, 20.076091832644448 ], [ -103.414974140753486, 20.073299338727519 ], [ -103.411093189510467, 20.069419183896319 ], [ -103.404827060773201, 20.068060126620146 ], [ -103.404852004079146, 20.061519680690061 ], [ -103.396831051531365, 20.060092943118931 ], [ -103.393035837370888, 20.06146038025722 ], [ -103.388980835455428, 20.057706133566032 ], [ -103.383563800868018, 20.062295697048672 ], [ -103.380344161888047, 20.038204282682425 ], [ -103.355195996899113, 20.013973244657397 ], [ -103.348192804605645, 20.017034139757662 ], [ -103.33823742002258, 20.014121346599179 ], [ -103.328780446254584, 20.017827748103972 ], [ -103.319994366757527, 20.014820447117764 ], [ -103.318673615345688, 20.007249360062769 ], [ -103.307504776023876, 19.994221096568094 ], [ -103.297356774982845, 19.986932652402324 ], [ -103.299688730200032, 19.985329816851095 ], [ -103.296786142703354, 19.976688425473128 ], [ -103.30902632734103, 19.981251245941603 ], [ -103.323629050241095, 19.977960497917262 ], [ -103.330101196692738, 19.974030474134398 ], [ -103.333309328327402, 19.959504818324824 ], [ -103.336130320908126, 19.962771762632133 ], [ -103.343089859939553, 19.963336574131457 ], [ -103.348152211255751, 19.959244340198737 ], [ -103.3636943080094, 19.955020755811368 ], [ -103.377004053157691, 19.963963139824813 ], [ -103.378412932840817, 19.952482836723846 ], [ -103.37637798683032, 19.943986271649866 ], [ -103.380370685536519, 19.935556723151254 ], [ -103.373914822469573, 19.929989644143006 ], [ -103.389067020864999, 19.932980160273502 ], [ -103.402429971120299, 19.9404843682989 ], [ -103.41081253990744, 19.933660495187169 ], [ -103.424134151890641, 19.932873515548206 ], [ -103.425895886116834, 19.934523782586343 ], [ -103.430037003173297, 19.932861475854768 ], [ -103.431527726822196, 19.927224249676648 ], [ -103.436309480360933, 19.925181093641523 ], [ -103.434880482509257, 19.920028754017817 ], [ -103.42299106747528, 19.914846421139998 ], [ -103.426723136769155, 19.913271293090332 ], [ -103.430771865845117, 19.905028156743231 ], [ -103.427665729601742, 19.903223451513686 ], [ -103.42600488498617, 19.886700707448075 ], [ -103.429546344264011, 19.882211390481832 ], [ -103.436331861118177, 19.883816091648665 ], [ -103.438540271290663, 19.881504898115534 ], [ -103.439196930074885, 19.8842482363473 ], [ -103.442993786274499, 19.884088639843032 ], [ -103.445585164392512, 19.888105591721292 ], [ -103.449019700313158, 19.885658094070141 ], [ -103.446953836898246, 19.892925150146578 ], [ -103.453117296112538, 19.887161744414126 ], [ -103.460964093346064, 19.890546833631301 ], [ -103.473711707978865, 19.892552978265893 ], [ -103.477091806383356, 19.890938593884094 ], [ -103.498389715657382, 19.897108185468035 ], [ -103.500697938665581, 19.905009072855997 ], [ -103.497200348230606, 19.90725774492039 ], [ -103.499902168822913, 19.910974871068525 ], [ -103.514283091349483, 19.912578787315169 ], [ -103.514039574920744, 19.925250693996809 ], [ -103.523987100688828, 19.928567637997972 ], [ -103.522433547975325, 19.934784686320267 ], [ -103.52455548831739, 19.939372975459396 ], [ -103.523659032799031, 19.949190049414536 ], [ -103.529669572076131, 19.946806959993733 ], [ -103.552391772291372, 19.929452252142273 ], [ -103.571048065530604, 19.932980352433368 ], [ -103.573979459630422, 19.92141636828762 ], [ -103.595656391439391, 19.914397746846234 ], [ -103.596305836164461, 19.909193350241782 ], [ -103.608563503697823, 19.932825043676871 ], [ -103.611809493905199, 19.952974759030425 ], [ -103.609496321684333, 19.960121972141941 ], [ -103.59368216081684, 19.973401265502439 ], [ -103.585596126248547, 19.989101006541144 ], [ -103.568270044715746, 20.014097710727285 ], [ -103.557159270979497, 20.013708565891505 ], [ -103.54402059086442, 20.026250475853413 ], [ -103.546057065290512, 20.034352267962635 ], [ -103.553279589982793, 20.039362047800665 ], [ -103.545356339368567, 20.054018354687884 ], [ -103.539417018669809, 20.077859814651539 ], [ -103.542668281601465, 20.122143982917454 ], [ -103.535870964364364, 20.130083671454493 ], [ -103.519160564958156, 20.134080978153886 ] ] ] } },
{ "type": "Feature", "properties": { "cve_edo": "14", "cve_mpo_ine": "015", "cve_edo_mpo_ine": "14015", "nom_mpo": "AUTLAN DE NAVARRO", "nom_edo": "Jalisco", "alianza_ganadora": "Va por México", "margen_pp": 12.341999018978983, "por_participacion": 52.100493424285908 }, "geometry": { "type": "Polygon", "coordinates": [ [ [ -104.421782263573306, 19.887760858538801 ], [ -104.420596877263264, 19.902224222970929 ], [ -104.413414233288691, 19.903042534046694 ], [ -104.419134543875444, 19.908870989930293 ], [ -104.417742450944644, 19.914236460796978 ], [ -104.413885828344135, 19.91491249570598 ], [ -104.413213781226233, 19.918132890386104 ], [ -104.410111109377638, 19.919268922962683 ], [ -104.408160929636622, 19.915740748340141 ], [ -104.405336631323834, 19.918284454302558 ], [ -104.403366970277929, 19.916823452223102 ], [ -104.401927708789373, 19.92094803638868 ], [ -104.396594300155272, 19.917395870450122 ], [ -104.391306671390197, 19.921286357469839 ], [ -104.388957257467041, 19.91684550653116 ], [ -104.380682585031494, 19.915876777370645 ], [ -104.376117801013663, 19.917373855275901 ], [ -104.371028991282927, 19.924779654777389 ], [ -104.367750094614507, 19.925996360325339 ], [ -104.362546065975792, 19.921203713604182 ], [ -104.362169192378389, 19.911980595117594 ], [ -104.364547096216569, 19.907408341382336 ], [ -104.355254297594513, 19.903247332350386 ], [ -104.356130708737567, 19.897134372065789 ], [ -104.351945402504896, 19.889702648094911 ], [ -104.346629419105184, 19.890531928205174 ], [ -104.341056029805529, 19.887885999574284 ], [ -104.342151491219127, 19.883263217907327 ], [ -104.340534002201053, 19.881680091098811 ], [ -104.333729078767192, 19.885640358517122 ], [ -104.331474984828986, 19.877684987208347 ], [ -104.322263074456288, 19.877368165298442 ], [ -104.318760220444659, 19.871884104894512 ], [ -104.308567299635541, 19.870566889600664 ], [ -104.305312081112518, 19.863719998872632 ], [ -104.289688496823089, 19.857440189490834 ], [ -104.283237101713326, 19.84961739899294 ], [ -104.283860209956899, 19.834282501670209 ], [ -104.281124688478656, 19.828100733204899 ], [ -104.275108995195453, 19.823423386506821 ], [ -104.272463897000407, 19.825511573151338 ], [ -104.257342589620734, 19.827502279804683 ], [ -104.248183442660945, 19.822427236042184 ], [ -104.243504068813394, 19.823878711012352 ], [ -104.241264217137342, 19.820635909520423 ], [ -104.243554658156327, 19.819041544233997 ], [ -104.239012971423634, 19.801805263751863 ], [ -104.230803292191766, 19.795331114202376 ], [ -104.231947298451402, 19.791867119836066 ], [ -104.226081344815867, 19.789835559718114 ], [ -104.226509343850509, 19.776897443399776 ], [ -104.231853334612069, 19.773094908571409 ], [ -104.228665481909189, 19.765875088668786 ], [ -104.221331367335793, 19.76498935930173 ], [ -104.217108724948901, 19.767477528670881 ], [ -104.216427452246819, 19.760277690498111 ], [ -104.211273577905715, 19.757176395692294 ], [ -104.210377735293562, 19.753737359451481 ], [ -104.206696011670161, 19.754699837111612 ], [ -104.200850303667053, 19.750034840999561 ], [ -104.19669979849084, 19.752137617471522 ], [ -104.191559867414014, 19.746114014834628 ], [ -104.190117402388779, 19.748400701037845 ], [ -104.187199114318773, 19.747672453853344 ], [ -104.184641612966232, 19.739403564683922 ], [ -104.180910334648786, 19.739094228902001 ], [ -104.180472817653694, 19.743694436491097 ], [ -104.174511793716803, 19.740912879324998 ], [ -104.175233622313371, 19.735151263699183 ], [ -104.172771800261572, 19.732804735157639 ], [ -104.167406195152736, 19.732007636786985 ], [ -104.163761817710636, 19.736336480320912 ], [ -104.161945138464702, 19.734648786660866 ], [ -104.158814319916701, 19.727666916164118 ], [ -104.159771701857125, 19.722235374965905 ], [ -104.156531987656336, 19.716455277192182 ], [ -104.153616709636054, 19.716099273264931 ], [ -104.152416367989815, 19.710307378428748 ], [ -104.154603757710603, 19.705945710879014 ], [ -104.1465123450525, 19.707027587000081 ], [ -104.143690639491993, 19.702818848537618 ], [ -104.144304305106985, 19.698300585522198 ], [ -104.151286969033578, 19.696976635582768 ], [ -104.149270308909237, 19.691023720812534 ], [ -104.146350267969169, 19.689797826463845 ], [ -104.138549157119513, 19.691522088699571 ], [ -104.140041963486809, 19.685131719805991 ], [ -104.147860053896665, 19.670347631087317 ], [ -104.15792794450266, 19.66484660761969 ], [ -104.157448779206888, 19.661530206616323 ], [ -104.161232632917759, 19.659819658400526 ], [ -104.162965424597431, 19.655501939148063 ], [ -104.171742535796938, 19.650708442245509 ], [ -104.171235527637279, 19.646647811335519 ], [ -104.175384114588255, 19.642682933463011 ], [ -104.178920781554638, 19.631757592560106 ], [ -104.18276788970806, 19.630235519869235 ], [ -104.186403909421301, 19.623328084326563 ], [ -104.1951350570329, 19.622771516616339 ], [ -104.201083412377926, 19.61955632781746 ], [ -104.204684264722914, 19.621346806098611 ], [ -104.202434859612396, 19.616246174017387 ], [ -104.207436496338616, 19.60205170154838 ], [ -104.214488536733825, 19.599045973629995 ], [ -104.217359434564713, 19.59387557475798 ], [ -104.22137178198183, 19.594465530950416 ], [ -104.227384748734991, 19.589137086396168 ], [ -104.227425872712004, 19.59365211293326 ], [ -104.225447212196826, 19.593771494338107 ], [ -104.228980707116747, 19.597922330941138 ], [ -104.242071734680252, 19.598036827695328 ], [ -104.246459788104445, 19.591419790046313 ], [ -104.260118389334039, 19.595386503746877 ], [ -104.263327595406238, 19.59282565607478 ], [ -104.263633669888193, 19.588559921295865 ], [ -104.266892667932552, 19.588318728144973 ], [ -104.275151009427034, 19.58928975508039 ], [ -104.282057321171393, 19.594316825440906 ], [ -104.2926978287542, 19.59641057680744 ], [ -104.294375820024882, 19.599189355705942 ], [ -104.297869269602003, 19.598492457651929 ], [ -104.299769481604642, 19.60446113096889 ], [ -104.304134318910585, 19.604221550165725 ], [ -104.306220720278617, 19.606752525389219 ], [ -104.313728559915845, 19.606270526323094 ], [ -104.322416654246894, 19.600612753087276 ], [ -104.322341267552844, 19.605997467237383 ], [ -104.326654373842459, 19.603727561615273 ], [ -104.327286303577452, 19.606296935367283 ], [ -104.332060174646386, 19.605518972400208 ], [ -104.333099905448151, 19.607964829515826 ], [ -104.341377336565728, 19.60321664238667 ], [ -104.340568974903576, 19.601185475431802 ], [ -104.349121967652877, 19.601325239673645 ], [ -104.347967861142379, 19.607524667758859 ], [ -104.351236353198885, 19.613672180964222 ], [ -104.364044129706429, 19.618194205911877 ], [ -104.375468815959977, 19.618581973553173 ], [ -104.39000620453713, 19.626734620368971 ], [ -104.38052294735752, 19.628153541411333 ], [ -104.373191747920472, 19.634734629738748 ], [ -104.379125626528065, 19.661340717641405 ], [ -104.376921866868841, 19.67342886882917 ], [ -104.380627432856457, 19.676586060212365 ], [ -104.375408581481651, 19.679165884764846 ], [ -104.374085332502148, 19.686352391284515 ], [ -104.370268895697833, 19.689291749989991 ], [ -104.373599180425472, 19.690006149537101 ], [ -104.377440450294543, 19.694945181205256 ], [ -104.379644522537077, 19.693887250883122 ], [ -104.387150082936117, 19.698002811817474 ], [ -104.386999011498489, 19.711232210438148 ], [ -104.392931526484176, 19.715362790333629 ], [ -104.385146446455593, 19.717967773801917 ], [ -104.38305656330499, 19.724332400016639 ], [ -104.384216552992456, 19.729255729619879 ], [ -104.37674054846498, 19.733598925124454 ], [ -104.384268824005716, 19.734189764669811 ], [ -104.38932442173315, 19.738038689554603 ], [ -104.407522089075556, 19.733009698054694 ], [ -104.417321132743467, 19.738677331340053 ], [ -104.426123974359072, 19.749205958280903 ], [ -104.42500556281685, 19.759087352996431 ], [ -104.436986521669326, 19.755981646032595 ], [ -104.441563965741096, 19.758589902891416 ], [ -104.453345160432661, 19.758637775237901 ], [ -104.457098764937342, 19.760548978621774 ], [ -104.458624916035674, 19.766712225530284 ], [ -104.464899390872944, 19.77502528054649 ], [ -104.470917300050274, 19.778432862238571 ], [ -104.473165101937212, 19.800851363883712 ], [ -104.462632872238572, 19.826120352416041 ], [ -104.444195807808498, 19.824498808473329 ], [ -104.440963859770775, 19.82789197394407 ], [ -104.447871959290296, 19.833795476355235 ], [ -104.451230187945185, 19.845494251700792 ], [ -104.456070844489545, 19.845720933054746 ], [ -104.44810655608434, 19.860362497661814 ], [ -104.445056083764158, 19.874978847625297 ], [ -104.43942302326964, 19.878661743393611 ], [ -104.437553453158756, 19.885305914532548 ], [ -104.424370142177921, 19.885463318063195 ], [ -104.421782263573306, 19.887760858538801 ] ] ] } },
{ "type": "Feature", "properties": { "cve_edo": "14", "cve_mpo_ine": "016", "cve_edo_mpo_ine": "14016", "nom_mpo": "AYOTLAN", "nom_edo": "Jalisco", "alianza_ganadora": "Movimiento Ciudadano", "margen_pp": 7.6270173341303051, "por_participacion": 54.673202614379079 }, "geometry": { "type": "Polygon", "coordinates": [ [ [ -102.358499016393679, 20.609438929603812 ], [ -102.354215611383879, 20.609370117144163 ], [ -102.342064471743072, 20.595809867619906 ], [ -102.337254846147616, 20.5956494068312 ], [ -102.336346733933013, 20.593855560111749 ], [ -102.310129625620746, 20.602785570123096 ], [ -102.305348835558803, 20.597152101869309 ], [ -102.288434062347079, 20.597364170349959 ], [ -102.284837188199333, 20.601696495633018 ], [ -102.283645076264776, 20.598970668738549 ], [ -102.279490263262659, 20.597799787409155 ], [ -102.282351807071038, 20.589463844974876 ], [ -102.27605074483435, 20.584494717580295 ], [ -102.267632276629456, 20.590895824895473 ], [ -102.264182086478499, 20.589567685753082 ], [ -102.259114812445745, 20.594104058783916 ], [ -102.259624121609207, 20.597177295989557 ], [ -102.253788015054141, 20.592959240943483 ], [ -102.257300816253917, 20.583720318803945 ], [ -102.269065731752619, 20.576284194107359 ], [ -102.259745593405441, 20.57662287023398 ], [ -102.253624381220249, 20.571199443635649 ], [ -102.255350970680198, 20.566621032854705 ], [ -102.24916597530121, 20.562149876714326 ], [ -102.24918103490279, 20.559622028924924 ], [ -102.251584345241, 20.559486646815817 ], [ -102.253568249763887, 20.551015812685804 ], [ -102.251700987410999, 20.549707491227483 ], [ -102.253954599091486, 20.545135721389713 ], [ -102.248396649418467, 20.543739332273269 ], [ -102.238542033008869, 20.535864577662839 ], [ -102.23639738284254, 20.532024575240367 ], [ -102.239351578145303, 20.527876338492888 ], [ -102.234904449472808, 20.526990995335336 ], [ -102.230713753007095, 20.522461835801352 ], [ -102.233116046484369, 20.512670425376772 ], [ -102.225560459422852, 20.512491311551905 ], [ -102.223778977685896, 20.509062846490959 ], [ -102.223771098210847, 20.498358086671725 ], [ -102.234349487802945, 20.488140152648118 ], [ -102.24341547395484, 20.489165075966074 ], [ -102.252828620892529, 20.48601481405553 ], [ -102.251363801686026, 20.482957833146482 ], [ -102.255454907503108, 20.480101968480302 ], [ -102.259430727357852, 20.479188653969917 ], [ -102.26161177963057, 20.481322777065948 ], [ -102.274787761765538, 20.4746219118223 ], [ -102.274675892626277, 20.471147453105349 ], [ -102.277826863336941, 20.467293278234866 ], [ -102.288128820219427, 20.465559473174324 ], [ -102.29537547201592, 20.462079126839825 ], [ -102.298176813151798, 20.457570855666912 ], [ -102.306945381152374, 20.456030654247833 ], [ -102.308404034556119, 20.453549077823318 ], [ -102.306471057766444, 20.450658575600475 ], [ -102.308219217600183, 20.445903577661518 ], [ -102.306927760545577, 20.441607078217356 ], [ -102.311359859634749, 20.432633155666796 ], [ -102.301354247657315, 20.393871382378389 ], [ -102.282263919776511, 20.358187523972312 ], [ -102.219293197127129, 20.353866480296201 ], [ -102.212689028448494, 20.351886976052889 ], [ -102.218681729011323, 20.350829889530765 ], [ -102.221371396497943, 20.344316793952135 ], [ -102.237555818448158, 20.341861348443114 ], [ -102.254713889770372, 20.336313909607565 ], [ -102.25917608315909, 20.33942361916624 ], [ -102.261780228309505, 20.336298167991071 ], [ -102.267560394014609, 20.336060091621501 ], [ -102.281463279466152, 20.34517301448216 ], [ -102.28578535849266, 20.345515589717269 ], [ -102.290411535400239, 20.341742207956873 ], [ -102.293308438555471, 20.345728629809646 ], [ -102.290635380254201, 20.353617356259821 ], [ -102.296965430921205, 20.353350595968198 ], [ -102.301104441473726, 20.35662363271944 ], [ -102.307534151232304, 20.357800837808416 ], [ -102.315326405286399, 20.345747372593905 ], [ -102.319536521565965, 20.345097942465987 ], [ -102.32718947679956, 20.349421159905798 ], [ -102.346965837851798, 20.335374071586784 ], [ -102.349240508827322, 20.339888167158826 ], [ -102.346960412055353, 20.340088682937175 ], [ -102.347951932569444, 20.342076513455321 ], [ -102.344500170945054, 20.344382958808495 ], [ -102.341334187058578, 20.352149206276444 ], [ -102.342606283605448, 20.364311528648852 ], [ -102.348088792499709, 20.376402566142705 ], [ -102.384165459544008, 20.376289983915388 ], [ -102.384511761178857, 20.381501552306386 ], [ -102.393441903169929, 20.401621877233936 ], [ -102.41255814393439, 20.41109590073544 ], [ -102.416648748007788, 20.41606771543006 ], [ -102.422203957045767, 20.417238199703341 ], [ -102.435180615400455, 20.430582462501349 ], [ -102.433307735509558, 20.4331422668191 ], [ -102.448221032679271, 20.436275414653885 ], [ -102.452141166546141, 20.432603212875552 ], [ -102.454071014042924, 20.433268813171296 ], [ -102.455938322911379, 20.445843569778912 ], [ -102.445001528477746, 20.450285716368263 ], [ -102.442887982759828, 20.461530439018418 ], [ -102.460493159219695, 20.471738793297895 ], [ -102.45914321839696, 20.487491029124886 ], [ -102.445101730526417, 20.486015460342905 ], [ -102.441176183011535, 20.500397892105418 ], [ -102.435146909655401, 20.506050615992404 ], [ -102.432806602619991, 20.505218655423349 ], [ -102.426951506404677, 20.512773749246687 ], [ -102.419454865666225, 20.525122097602875 ], [ -102.415292783872005, 20.538511396413387 ], [ -102.41991188796824, 20.54865281142871 ], [ -102.424242654092282, 20.550274777211257 ], [ -102.42317294520268, 20.588741729272346 ], [ -102.418579954447338, 20.589662775101427 ], [ -102.416383500848923, 20.594676383484167 ], [ -102.410739537066277, 20.598766766540059 ], [ -102.399863736087923, 20.599836498910758 ], [ -102.385350747201244, 20.597330710778696 ], [ -102.36684533000809, 20.608745201348693 ], [ -102.362168686906912, 20.604201628113316 ], [ -102.358499016393679, 20.609438929603812 ] ] ] } },
{ "type": "Feature", "properties": { "cve_edo": "14", "cve_mpo_ine": "017", "cve_edo_mpo_ine": "14017", "nom_mpo": "AYUTLA", "nom_edo": "Jalisco", "alianza_ganadora": "Movimiento Ciudadano", "margen_pp": 8.5855466337245208, "por_participacion": 61.605783866057841 }, "geometry": { "type": "Polygon", "coordinates": [ [ [ -104.344257215567211, 20.241700892746941 ], [ -104.334325042024091, 20.238805506182015 ], [ -104.324727639941514, 20.23197240611286 ], [ -104.318193808261199, 20.232578303872092 ], [ -104.309191857649026, 20.226272450329972 ], [ -104.303786904776871, 20.227852244968016 ], [ -104.299709216476941, 20.225436916324949 ], [ -104.296592683345182, 20.227516476876911 ], [ -104.289582156874204, 20.208926804000281 ], [ -104.280267073707151, 20.204487051423463 ], [ -104.279897745496584, 20.194105637849475 ], [ -104.264739284709137, 20.183264089862025 ], [ -104.26350191862727, 20.173269377937309 ], [ -104.265456629772615, 20.168436688862965 ], [ -104.241073820112959, 20.176657097420836 ], [ -104.228602882669847, 20.184681298359049 ], [ -104.227418250146684, 20.190163170718083 ], [ -104.223094721024168, 20.190150401603752 ], [ -104.219118501675737, 20.193152929776158 ], [ -104.203833757797184, 20.18475001302486 ], [ -104.197794906130937, 20.183564064631518 ], [ -104.205735686744035, 20.132037938222123 ], [ -104.218688735325685, 20.12181400578854 ], [ -104.218581120824297, 20.119125780510615 ], [ -104.221616838412018, 20.122263230703602 ], [ -104.231608995095826, 20.122597776838209 ], [ -104.233320013907701, 20.129894981586091 ], [ -104.235747248228265, 20.131676418042897 ], [ -104.244954135587093, 20.124242745696836 ], [ -104.256734899021893, 20.120242678036035 ], [ -104.259288241662091, 20.116227884762225 ], [ -104.272911210979245, 20.117121243356365 ], [ -104.271823362155558, 20.105758348373968 ], [ -104.274896029866383, 20.101445038459445 ], [ -104.269842039336993, 20.099707421061222 ], [ -104.27106528978949, 20.096417863853148 ], [ -104.266241747023443, 20.091365567797425 ], [ -104.288040377622849, 20.095557918784099 ], [ -104.290485227077852, 20.088937140294753 ], [ -104.294288496019732, 20.089370619535838 ], [ -104.296746204422917, 20.086556962037651 ], [ -104.304477086269571, 20.08473144675974 ], [ -104.305329623032051, 20.077309249915665 ], [ -104.302086077116428, 20.07558374933199 ], [ -104.304686521968506, 20.071070780446487 ], [ -104.298196700320617, 20.067453974360525 ], [ -104.298129695370676, 20.063896187662912 ], [ -104.30232285114414, 20.060267207607719 ], [ -104.310594294288393, 20.062405356893429 ], [ -104.314405249687567, 20.060189572284251 ], [ -104.321989910519477, 20.063042244065556 ], [ -104.308536164025426, 20.052341675586391 ], [ -104.314242049939821, 20.048480176972117 ], [ -104.314827181255737, 20.042386690684729 ], [ -104.320316599540647, 20.0456055537468 ], [ -104.324411032594469, 20.052199935914654 ], [ -104.328704762855921, 20.053907361637943 ], [ -104.330697295592046, 20.060454180010783 ], [ -104.341396926010319, 20.049099605767488 ], [ -104.329614540709429, 20.040358893737238 ], [ -104.32283034939627, 20.028772220477993 ], [ -104.326108425551809, 20.027657281103835 ], [ -104.325404034573566, 20.025590356236425 ], [ -104.316914927015873, 20.0269100963834 ], [ -104.319839808300046, 20.023480441055455 ], [ -104.318781580522057, 20.018147983998066 ], [ -104.321642113455056, 20.007939488407779 ], [ -104.318821864206029, 20.000787718047732 ], [ -104.322278396897175, 19.993804143187926 ], [ -104.325811003712658, 19.995157982573936 ], [ -104.334950737474131, 19.99231268886745 ], [ -104.340120936306832, 20.000777232543115 ], [ -104.344570123508348, 20.000912396309733 ], [ -104.344885277297323, 19.988001565122691 ], [ -104.356266270097365, 19.989849375278233 ], [ -104.35827435696612, 19.983882396419506 ], [ -104.365712312860268, 19.984341597837663 ], [ -104.36540739096894, 19.976503522166894 ], [ -104.376034395245952, 19.975250057465782 ], [ -104.377294988997477, 19.970125069284641 ], [ -104.374896479229292, 19.96306839112308 ], [ -104.371210779476911, 19.959518663275947 ], [ -104.37557293344959, 19.950939854764531 ], [ -104.376512046786218, 19.944077223057192 ], [ -104.373439730264579, 19.938691537616801 ], [ -104.376906902483228, 19.932617252837858 ], [ -104.367750094614507, 19.925996360325339 ], [ -104.371028991282927, 19.924779654777389 ], [ -104.375470536310146, 19.917948058751666 ], [ -104.380682585031494, 19.915876777370645 ], [ -104.383117103005546, 19.917506739960025 ], [ -104.387793745124043, 19.916506443636621 ], [ -104.392065035663578, 19.921291744415928 ], [ -104.397293918762074, 19.917442166256002 ], [ -104.402569401678107, 19.92095255642235 ], [ -104.402722940835332, 19.917067002099863 ], [ -104.405336631323834, 19.918284454302558 ], [ -104.408160929636622, 19.915740748340141 ], [ -104.410752406448054, 19.919314757789177 ], [ -104.413885828344135, 19.91491249570598 ], [ -104.417742450944644, 19.914236460796978 ], [ -104.419024086778364, 19.90820866549527 ], [ -104.413414233288691, 19.903042534046694 ], [ -104.420596877263264, 19.902224222970929 ], [ -104.422199814211993, 19.886771413626672 ], [ -104.437553453158756, 19.885305914532548 ], [ -104.43942302326964, 19.878661743393611 ], [ -104.445056083764158, 19.874978847625297 ], [ -104.44810655608434, 19.860362497661814 ], [ -104.456070844489545, 19.845720933054746 ], [ -104.481582610896396, 19.862009239244482 ], [ -104.484286207328068, 19.85928626715441 ], [ -104.487961735670225, 19.85952739340695 ], [ -104.491536533607004, 19.847820718926346 ], [ -104.495767562844946, 19.8460283899832 ], [ -104.511569211083383, 19.846480696009969 ], [ -104.525272747219034, 19.855559728677207 ], [ -104.524767855571739, 19.86995504028588 ], [ -104.543835636842502, 19.88743704508202 ], [ -104.543235325205785, 19.894722104129773 ], [ -104.539934744826979, 19.900679015108739 ], [ -104.539707821268891, 19.9139955964698 ], [ -104.535684596938921, 19.918308248556158 ], [ -104.540421948193696, 19.923619699398422 ], [ -104.543814110722835, 19.937177039903265 ], [ -104.542090733828104, 19.939102134133183 ], [ -104.538401456888792, 19.937993975781172 ], [ -104.535565135247893, 19.943861819150822 ], [ -104.540667387302435, 19.954502040232718 ], [ -104.541790167989646, 19.968420610960859 ], [ -104.546210275772239, 19.976010229460314 ], [ -104.550385273791733, 19.974176130440991 ], [ -104.55736710307464, 19.977100173684036 ], [ -104.563083096564839, 19.981281489439834 ], [ -104.564727868825898, 19.986344786432909 ], [ -104.574332434954982, 19.989025883001187 ], [ -104.563611403824183, 20.011208951985999 ], [ -104.582348830701505, 20.024391705992617 ], [ -104.589540480371312, 20.012840499558841 ], [ -104.594778148336502, 20.011859099931435 ], [ -104.601327011814419, 20.017020122155468 ], [ -104.602207193421364, 20.013204144802508 ], [ -104.606584241458066, 20.013267896313007 ], [ -104.608187471784078, 20.01940640524284 ], [ -104.614181599860473, 20.026559250158233 ], [ -104.613035878588903, 20.036374183904975 ], [ -104.618304445145242, 20.041676337367342 ], [ -104.617380112726352, 20.046485313147311 ], [ -104.622357822856145, 20.044007392582674 ], [ -104.62460657936677, 20.050384668890803 ], [ -104.620166206942088, 20.05953358435276 ], [ -104.62471962746163, 20.06722914465168 ], [ -104.6416532138402, 20.074794152278223 ], [ -104.652172991099647, 20.073459726622271 ], [ -104.659644524626145, 20.07851053391936 ], [ -104.654706229376202, 20.083121586077116 ], [ -104.648448950466133, 20.083033238573154 ], [ -104.642729035927218, 20.093139530033195 ], [ -104.636608490450584, 20.09602264342751 ], [ -104.640186463120941, 20.106200473641241 ], [ -104.654711676823823, 20.109338800326604 ], [ -104.662938049060187, 20.114906829102949 ], [ -104.660331213126568, 20.118513725436387 ], [ -104.670897147363789, 20.123985419389065 ], [ -104.669012965760089, 20.130560921372759 ], [ -104.664595360425565, 20.136040550033766 ], [ -104.659799630094724, 20.12497081821833 ], [ -104.655316337944768, 20.122860885045718 ], [ -104.653354806638518, 20.115695803169402 ], [ -104.650838416453126, 20.115452973398984 ], [ -104.649250036012518, 20.112130059557305 ], [ -104.647405451155734, 20.113281892505825 ], [ -104.637792645099964, 20.108824972894869 ], [ -104.62530228353647, 20.106366027698787 ], [ -104.620833597601745, 20.110504655221668 ], [ -104.617793681434179, 20.110353798410657 ], [ -104.618824339108045, 20.114970306535788 ], [ -104.610127901553412, 20.120842112625226 ], [ -104.613130666832518, 20.127615943167982 ], [ -104.610085522077014, 20.13284552926487 ], [ -104.605273050457015, 20.134548121582132 ], [ -104.588026321680871, 20.122447552497743 ], [ -104.578435570279865, 20.121836136808806 ], [ -104.573847610972763, 20.125934292123663 ], [ -104.566871398335877, 20.1275096201141 ], [ -104.562651939818991, 20.132511311221386 ], [ -104.562455828316445, 20.137191699828442 ], [ -104.552901504691079, 20.138399270820148 ], [ -104.547763562467637, 20.13563626534037 ], [ -104.540514391017823, 20.135311612568795 ], [ -104.536793005060176, 20.127514887625733 ], [ -104.523807084649164, 20.120753364618029 ], [ -104.520979069121211, 20.122418094849962 ], [ -104.514532053127098, 20.121291684208625 ], [ -104.512145991629311, 20.124603876851619 ], [ -104.508514621963329, 20.124089194015713 ], [ -104.510404536069274, 20.125131582785794 ], [ -104.507592059373508, 20.133376407706109 ], [ -104.511258685952754, 20.135628759670229 ], [ -104.516822477301332, 20.145048575526165 ], [ -104.510068443129882, 20.143223868258744 ], [ -104.502956487132451, 20.146827006492863 ], [ -104.48726727731929, 20.127570540889764 ], [ -104.48201659813607, 20.124931830535481 ], [ -104.469716046694373, 20.126059236431512 ], [ -104.464552067933866, 20.121887175319447 ], [ -104.456117304689883, 20.120628011424351 ], [ -104.450921719874501, 20.126637287436306 ], [ -104.443654874998913, 20.122418631015851 ], [ -104.443124952510829, 20.125159402978568 ], [ -104.439123152275599, 20.12361509495431 ], [ -104.438317852640964, 20.130168220549258 ], [ -104.440055856212936, 20.13241420629566 ], [ -104.436676860108889, 20.132845541069376 ], [ -104.420115904727353, 20.116288756827338 ], [ -104.41251757848562, 20.118944758714644 ], [ -104.407401923969005, 20.111169641295874 ], [ -104.40158801735241, 20.115491229905956 ], [ -104.409129458484017, 20.124880121723809 ], [ -104.408521974037896, 20.126670215594022 ], [ -104.404684353993787, 20.12454289833256 ], [ -104.398930295014722, 20.125966300423929 ], [ -104.396021305398619, 20.123533125608553 ], [ -104.390766161244244, 20.123581944445256 ], [ -104.387931930289113, 20.124996271582621 ], [ -104.38708039808931, 20.129273628709832 ], [ -104.38042545902286, 20.129428872689328 ], [ -104.390469685786115, 20.150446608075558 ], [ -104.399844481284561, 20.157942097048835 ], [ -104.401792045146678, 20.161964442758467 ], [ -104.394687556164016, 20.187166408740687 ], [ -104.399379986112024, 20.194121458022952 ], [ -104.397388795927881, 20.19688712410025 ], [ -104.386928098107319, 20.199797858618656 ], [ -104.377304205171228, 20.194623483598924 ], [ -104.367944591969618, 20.194037912638279 ], [ -104.365573136433184, 20.201362065599529 ], [ -104.370641077435963, 20.203593503103257 ], [ -104.370909592970861, 20.208431043274274 ], [ -104.367230081224136, 20.21155613266221 ], [ -104.371447069990992, 20.212063824686215 ], [ -104.366360730261363, 20.2149645099542 ], [ -104.368101502831124, 20.220397812844553 ], [ -104.366219891801009, 20.222830133659109 ], [ -104.36175624447732, 20.221664322014821 ], [ -104.357441562693339, 20.225213802353451 ], [ -104.355098711879336, 20.227984883827013 ], [ -104.356843685278719, 20.23060401070294 ], [ -104.344767973295163, 20.23784347226179 ], [ -104.344257215567211, 20.241700892746941 ] ] ] } },
{ "type": "Feature", "properties": { "cve_edo": "14", "cve_mpo_ine": "019", "cve_edo_mpo_ine": "14019", "nom_mpo": "BOLAÑOS", "nom_edo": "Jalisco", "alianza_ganadora": "Va por México", "margen_pp": 50.86021505376344, "por_participacion": 81.614743308468633 }, "geometry": { "type": "Polygon", "coordinates": [ [ [ -104.206361062868339, 21.892764473244196 ], [ -104.205243879833503, 21.894972175529471 ], [ -104.19760433309979, 21.893212449382567 ], [ -104.193167360697743, 21.889154081498255 ], [ -104.183864800370671, 21.897087086360525 ], [ -104.17794445393632, 21.893948287859736 ], [ -104.17080088884849, 21.8950543497231 ], [ -104.161636201439691, 21.906103774554179 ], [ -104.15961622198077, 21.916255281771232 ], [ -104.153618796202608, 21.919684894407716 ], [ -104.143825113936899, 21.907328030071994 ], [ -104.14475260677564, 21.903250491997468 ], [ -104.139828088623119, 21.906676040820184 ], [ -104.133386724419907, 21.905865634297271 ], [ -104.123290853421864, 21.911510956531156 ], [ -104.128006910107004, 21.903263793504873 ], [ -104.117483408294603, 21.897601522247314 ], [ -104.109451566524953, 21.899705523409235 ], [ -104.103350780851144, 21.896024175679091 ], [ -104.102358785355989, 21.899478006247271 ], [ -104.09832817803904, 21.893212416789616 ], [ -104.092471816898083, 21.890444601379755 ], [ -104.090468860764688, 21.894275576925541 ], [ -104.088205016421043, 21.89436550496816 ], [ -104.084306826328117, 21.91017577010496 ], [ -104.080816665705086, 21.914551472197161 ], [ -104.073031808391192, 21.918357495661382 ], [ -104.072823722270556, 21.923513424329439 ], [ -104.067897823716635, 21.927103026978358 ], [ -104.064117281408656, 21.943203322369744 ], [ -104.052074728310387, 21.9533396191073 ], [ -104.040891593852379, 21.9470506486491 ], [ -104.034294272898677, 21.939875809624777 ], [ -104.029470805707632, 21.940719997963161 ], [ -104.023363136781541, 21.935705344529364 ], [ -104.022089182185454, 21.931675892844236 ], [ -104.018565773907895, 21.930437689905567 ], [ -104.021524770045602, 21.926605243059793 ], [ -104.017634300661769, 21.923621835994215 ], [ -104.013761036860103, 21.92375639016662 ], [ -104.017966993059986, 21.919089355426568 ], [ -104.017002481806074, 21.917096233818558 ], [ -104.006751902360222, 21.917122030731267 ], [ -103.995806473844794, 21.909790204411905 ], [ -103.982420086997848, 21.91402106578801 ], [ -103.975141546906187, 21.912499681515772 ], [ -103.97094089105164, 21.918412786397365 ], [ -103.965399928943341, 21.918716274310416 ], [ -103.961612062331042, 21.923879859915804 ], [ -103.95025256785965, 21.928643971871281 ], [ -103.947085442934764, 21.926987765076415 ], [ -103.941326552110937, 21.931489826620219 ], [ -103.94065435440848, 21.940180111291436 ], [ -103.944677061009941, 21.946033589334004 ], [ -103.936654608339722, 21.951039057203111 ], [ -103.933048338432769, 21.944976682358394 ], [ -103.927914075488431, 21.943324083195105 ], [ -103.927104276518619, 21.936133496143967 ], [ -103.921851199074553, 21.934480959303404 ], [ -103.923975056829022, 21.942292572952798 ], [ -103.921497244320506, 21.947618833790447 ], [ -103.924195462489365, 21.950897822921043 ], [ -103.92031996092517, 21.96312796333482 ], [ -103.927040677513205, 21.972177723078364 ], [ -103.910763758411719, 21.984556407043723 ], [ -103.909533645668034, 21.989214890169119 ], [ -103.912589685047365, 21.992410259392603 ], [ -103.912981531498033, 21.999601642503269 ], [ -103.906023431289356, 22.003564070897653 ], [ -103.906577469482556, 22.007263029973835 ], [ -103.902887245618729, 22.008766432600055 ], [ -103.896485872172349, 22.017217252054451 ], [ -103.892537923726493, 22.027617395953701 ], [ -103.889718672062827, 22.024088660892701 ], [ -103.885524839174536, 22.006760164398219 ], [ -103.882951074630412, 22.004644373508917 ], [ -103.872901617910372, 22.010980214076486 ], [ -103.854470994337078, 22.010094864025493 ], [ -103.845484538534478, 22.014348717598541 ], [ -103.840639575806691, 22.010905315501969 ], [ -103.840773449855263, 22.000262689480891 ], [ -103.836853016646373, 21.989667466170673 ], [ -103.838367095484912, 21.981101448414442 ], [ -103.842461104957323, 21.976439414936905 ], [ -103.85234969160102, 21.974553849476031 ], [ -103.853035621000316, 21.953974477408604 ], [ -103.839742789323836, 21.953994399931474 ], [ -103.836690454265465, 21.951088767820615 ], [ -103.831096367803909, 21.953258482705596 ], [ -103.83031260629393, 21.951139404062577 ], [ -103.835516924745349, 21.941362552779179 ], [ -103.84198875484212, 21.935491426567104 ], [ -103.827807994315265, 21.936551075260205 ], [ -103.842139730405961, 21.928964338919492 ], [ -103.846708638448575, 21.924259820483122 ], [ -103.847346670760629, 21.920184750478789 ], [ -103.835506576466727, 21.924775222449796 ], [ -103.829807530322086, 21.930104587762902 ], [ -103.814629993595275, 21.935072287417469 ], [ -103.799074421487845, 21.935133523174709 ], [ -103.794506588722072, 21.940584913211779 ], [ -103.796845189378132, 21.944157289067984 ], [ -103.790460424396741, 21.957634027427336 ], [ -103.784397375796118, 21.962089078172582 ], [ -103.779329778806428, 21.961928382992312 ], [ -103.775357547097698, 21.967669498955772 ], [ -103.769399622331832, 21.968590283335306 ], [ -103.762561240416105, 21.973253116264328 ], [ -103.759236952311937, 21.977122454523151 ], [ -103.758603668054164, 21.983150442265838 ], [ -103.734361578500554, 21.972821103890151 ], [ -103.726140878779304, 21.974615093849817 ], [ -103.724754614816206, 21.970209659069223 ], [ -103.727300083560579, 21.965011393472697 ], [ -103.725142790912471, 21.96172896000844 ], [ -103.72115033411788, 21.962147642741108 ], [ -103.718013502675419, 21.968801196475734 ], [ -103.709070063114538, 21.96835004582713 ], [ -103.702309762639558, 21.960996409079634 ], [ -103.702462970909522, 21.953181090293015 ], [ -103.699767683384053, 21.949191994574011 ], [ -103.702761224521993, 21.948491093301485 ], [ -103.688372556237823, 21.945831337802609 ], [ -103.679889492814112, 21.939600181738673 ], [ -103.684075657492954, 21.925214789950541 ], [ -103.693577958756521, 21.915066393799119 ], [ -103.70173058889533, 21.911652663926315 ], [ -103.70064666444307, 21.908202990617827 ], [ -103.705215036224146, 21.902213890574711 ], [ -103.703807708048174, 21.891073872903313 ], [ -103.700873907444063, 21.886710841855095 ], [ -103.703062625124119, 21.881970374617872 ], [ -103.70185269900756, 21.876400681861448 ], [ -103.705115859845264, 21.872366176821025 ], [ -103.705250398912753, 21.85910499200784 ], [ -103.712380578171633, 21.853820530888441 ], [ -103.71130096631552, 21.851618039643672 ], [ -103.706420892649092, 21.85286856674076 ], [ -103.703492839851876, 21.850043716363238 ], [ -103.693065512789545, 21.848886336188702 ], [ -103.687385566105618, 21.842196778205551 ], [ -103.687603334404926, 21.835836335861188 ], [ -103.68205872087951, 21.834010312423459 ], [ -103.68946922268664, 21.805114415946928 ], [ -103.696621667201768, 21.807271695277258 ], [ -103.706022865448887, 21.805186874301516 ], [ -103.719211817014155, 21.796488762045847 ], [ -103.740190783420246, 21.802124845028516 ], [ -103.751854868985248, 21.800326306708708 ], [ -103.763064224698027, 21.804347480267428 ], [ -103.772543982215879, 21.791907275240707 ], [ -103.778858335045001, 21.792690063314566 ], [ -103.783710184967475, 21.800125894396402 ], [ -103.783504898123468, 21.808565297307421 ], [ -103.779968080553147, 21.817881534677184 ], [ -103.786753747669025, 21.824050657862088 ], [ -103.787569691107237, 21.820529387818585 ], [ -103.789738587486099, 21.820039966456783 ], [ -103.790956366359111, 21.825684233974684 ], [ -103.79749082066779, 21.821519009435324 ], [ -103.803271672047529, 21.822551026186652 ], [ -103.807606777650363, 21.819510634334051 ], [ -103.811543364071696, 21.821002056971761 ], [ -103.815586485613224, 21.819416873746611 ], [ -103.819660984860846, 21.811055198177471 ], [ -103.823780645955011, 21.81362696361802 ], [ -103.829840943363635, 21.810334078723674 ], [ -103.839089047308534, 21.814519334402714 ], [ -103.851483480245292, 21.802651956621077 ], [ -103.850813768620881, 21.799285586382055 ], [ -103.841392088788552, 21.796140598837628 ], [ -103.840726926268658, 21.793771943630443 ], [ -103.844719332542965, 21.794472589795895 ], [ -103.847089132172442, 21.791725098568495 ], [ -103.853703381842209, 21.792878737235466 ], [ -103.853501222207925, 21.787516111451176 ], [ -103.85737059837696, 21.787343604116405 ], [ -103.857240504881389, 21.784849416023167 ], [ -103.873796930547513, 21.785819567312036 ], [ -103.889171901362516, 21.779641315658317 ], [ -103.912201154022611, 21.778958759449324 ], [ -103.923395969694397, 21.771273310271912 ], [ -103.925801311028636, 21.776429134502646 ], [ -103.930735464357994, 21.7784713074543 ], [ -103.935363692121683, 21.776378849874124 ], [ -103.952244017232147, 21.776415182366634 ], [ -103.957830345082357, 21.773094221121575 ], [ -103.965031054235368, 21.773096814422338 ], [ -103.966957211913311, 21.769814877128326 ], [ -103.969910696970629, 21.769601849460265 ], [ -103.975651819921225, 21.773387157761547 ], [ -103.984494744563605, 21.774316976308526 ], [ -103.989141603171447, 21.780980630493154 ], [ -103.99658532040894, 21.780406373219733 ], [ -103.999978818656544, 21.783089533641196 ], [ -104.010738714723786, 21.781561671783855 ], [ -104.022954584183651, 21.787154918667447 ], [ -104.040519628062142, 21.789503413856032 ], [ -104.052272356930061, 21.794428328293861 ], [ -104.056426405306098, 21.792409713999184 ], [ -104.065745167557537, 21.793175346478584 ], [ -104.069087702670885, 21.789742801804476 ], [ -104.076882326834578, 21.789499328043554 ], [ -104.080738815861139, 21.782106573225647 ], [ -104.085186756337279, 21.785708542646823 ], [ -104.093813565679255, 21.784895157611022 ], [ -104.093167635440011, 21.790175621001715 ], [ -104.095864493463736, 21.791940361981268 ], [ -104.105795361935222, 21.790645016300452 ], [ -104.109493636563187, 21.786967671763119 ], [ -104.117846662403224, 21.789785268767222 ], [ -104.129767910024043, 21.790079899024917 ], [ -104.13771076557795, 21.798427547412647 ], [ -104.142475987725902, 21.798652030546798 ], [ -104.144161727137856, 21.801515176013115 ], [ -104.149231792899414, 21.802786990313873 ], [ -104.152478956190549, 21.807640450888698 ], [ -104.159269876080714, 21.807908268391536 ], [ -104.161197255348242, 21.811227765243416 ], [ -104.166849747124303, 21.810418205635617 ], [ -104.182667134077988, 21.83356222137833 ], [ -104.187578106058908, 21.837535968838871 ], [ -104.192707468299872, 21.838515248309474 ], [ -104.196434821319187, 21.852388340543612 ], [ -104.189781009962871, 21.864012437630596 ], [ -104.195110091561475, 21.876798748845676 ], [ -104.200851954449547, 21.880020734750666 ], [ -104.206361062868339, 21.892764473244196 ] ] ] } },
{ "type": "Feature", "properties": { "cve_edo": "14", "cve_mpo_ine": "020", "cve_edo_mpo_ine": "14020", "nom_mpo": "CABO CORRIENTES", "nom_edo": "Jalisco", "alianza_ganadora": "Juntos Haremos Historia", "margen_pp": 19.961208986584776, "por_participacion": 67.758186397984886 }, "geometry": { "type": "Polygon", "coordinates": [ [ [ -105.44400080692661, 20.488783153544659 ], [ -105.443488322607962, 20.493522595028768 ], [ -105.446107249078779, 20.499106028199748 ], [ -105.444017355602554, 20.501561781930445 ], [ -105.424719077958869, 20.500719005256656 ], [ -105.416681701309159, 20.504459187284883 ], [ -105.412292553316547, 20.503570792057825 ], [ -105.401295976744748, 20.508925620676663 ], [ -105.370721413002173, 20.504525588596071 ], [ -105.354107488779789, 20.508598055560181 ], [ -105.345387729268197, 20.506860206491517 ], [ -105.324017813623797, 20.514795753887284 ], [ -105.30815648953434, 20.507944210969168 ], [ -105.304126309390085, 20.5028351015659 ], [ -105.306035369615728, 20.49702471032775 ], [ -105.300411618662324, 20.492513629436253 ], [ -105.295181258677133, 20.48123031514578 ], [ -105.287570042868126, 20.481633449667328 ], [ -105.282427724782011, 20.486498500297486 ], [ -105.26963388996532, 20.490204270396319 ], [ -105.263757271019287, 20.4869303813946 ], [ -105.246637134652374, 20.485809747955379 ], [ -105.232734186039238, 20.477986254971935 ], [ -105.226064953902352, 20.469863437256745 ], [ -105.226220543654222, 20.46497489777094 ], [ -105.231190756556373, 20.444786572367629 ], [ -105.228795828915963, 20.441473215067795 ], [ -105.231775301824229, 20.441894558843895 ], [ -105.235121393364594, 20.438591304987462 ], [ -105.235652196332722, 20.435449710454471 ], [ -105.234450590776277, 20.436963907039438 ], [ -105.232083101537356, 20.435226127819845 ], [ -105.235881971967572, 20.432717741693615 ], [ -105.228645684924103, 20.43131557123678 ], [ -105.22567774857022, 20.427371114871253 ], [ -105.226273020945953, 20.423940438430019 ], [ -105.222488073462628, 20.422801248451457 ], [ -105.224655404747296, 20.419852075110853 ], [ -105.218146323292103, 20.411373309666743 ], [ -105.219415322311562, 20.400575509075633 ], [ -105.201997152670572, 20.390011440170341 ], [ -105.203177418510066, 20.388941354768587 ], [ -105.197414780188296, 20.390723873818803 ], [ -105.194285656022927, 20.389055946375915 ], [ -105.195344031365906, 20.385923104675118 ], [ -105.192845718007803, 20.384928709135483 ], [ -105.192911353790834, 20.381655211964571 ], [ -105.18622994917672, 20.381918336142927 ], [ -105.183958648672217, 20.384202129841526 ], [ -105.182838415524742, 20.378753656956075 ], [ -105.169324610177995, 20.36936969724751 ], [ -105.168487635634506, 20.364423208874754 ], [ -105.175106345405965, 20.358522469454265 ], [ -105.176567046353512, 20.35286789534403 ], [ -105.177377611821512, 20.335886542337683 ], [ -105.173509834263456, 20.324465071519878 ], [ -105.178809200938545, 20.320034589301219 ], [ -105.180841104080642, 20.312151064638673 ], [ -105.182849844588318, 20.311230858454085 ], [ -105.182537734133518, 20.306375969763327 ], [ -105.174974841230835, 20.294439784404133 ], [ -105.172952061126495, 20.28070447597225 ], [ -105.183426514766694, 20.26547611397201 ], [ -105.183461859233432, 20.261409869418394 ], [ -105.190346051557654, 20.259721221167901 ], [ -105.193873405542078, 20.253898560636536 ], [ -105.200586485769733, 20.251998617354825 ], [ -105.199235099691265, 20.239521919461978 ], [ -105.19487071596518, 20.238522103173633 ], [ -105.193599380543446, 20.235301325160805 ], [ -105.184822268779357, 20.237948284290763 ], [ -105.184163685965615, 20.236067652223653 ], [ -105.180364071471942, 20.235950238867776 ], [ -105.181365688061575, 20.233106782894978 ], [ -105.170332306128586, 20.232138938782647 ], [ -105.151119659849911, 20.223203731887718 ], [ -105.148365515103052, 20.220907192402834 ], [ -105.148061625177306, 20.216377565377805 ], [ -105.150323785411885, 20.214680197559883 ], [ -105.146802144928998, 20.207678647238719 ], [ -105.147671812385354, 20.205496699346373 ], [ -105.140385035196928, 20.191944952932474 ], [ -105.130837485122953, 20.19009158088307 ], [ -105.132717642984574, 20.186514594561814 ], [ -105.138776107982537, 20.183885810163371 ], [ -105.14300253335837, 20.190720994609233 ], [ -105.149640470144803, 20.188967462059853 ], [ -105.152380255939121, 20.190983408821015 ], [ -105.157034898331474, 20.187925435160619 ], [ -105.160370736093583, 20.188663636062337 ], [ -105.163758890602438, 20.182528095766521 ], [ -105.16927252570143, 20.182087475739195 ], [ -105.167111604575297, 20.181030153581457 ], [ -105.168476065625356, 20.178890711066284 ], [ -105.166329965700882, 20.175887214645705 ], [ -105.173595502884709, 20.176292568116516 ], [ -105.173667859801611, 20.174471223615217 ], [ -105.183907650369036, 20.169067449108177 ], [ -105.186872159200931, 20.164542213024859 ], [ -105.190324237034403, 20.165363849950779 ], [ -105.193861639472672, 20.170493006310668 ], [ -105.228090316885627, 20.170875391833224 ], [ -105.24143809070894, 20.164960602150281 ], [ -105.247535458166297, 20.156448186191874 ], [ -105.253645915512166, 20.154312929535759 ], [ -105.250382904268349, 20.159913023650553 ], [ -105.260014589646687, 20.16551416699404 ], [ -105.259036046136913, 20.179708491860538 ], [ -105.266224228655958, 20.191290071889167 ], [ -105.272682904841446, 20.189820063810984 ], [ -105.277692248382678, 20.185975553083733 ], [ -105.285606671756355, 20.185885557183049 ], [ -105.288881632460104, 20.178421491692024 ], [ -105.308661674359428, 20.183329403387038 ], [ -105.353193810666895, 20.167923979355798 ], [ -105.357159767873469, 20.171024573874803 ], [ -105.360624933549971, 20.169938111943836 ], [ -105.365689537979208, 20.175450286815352 ], [ -105.369201879266456, 20.176186116718039 ], [ -105.366588656076274, 20.181587105595607 ], [ -105.368975189651294, 20.184258975666467 ], [ -105.372727144701955, 20.184210114722056 ], [ -105.370714673251641, 20.187297643013665 ], [ -105.371876100084336, 20.189047361190905 ], [ -105.401436459571329, 20.185563963265626 ], [ -105.420234171296727, 20.186516988005383 ], [ -105.432079000487875, 20.193267444615863 ], [ -105.435479099109699, 20.200835754656921 ], [ -105.427068064161645, 20.21441469234076 ], [ -105.420073401751225, 20.218262836288343 ], [ -105.436111952432086, 20.225421998531832 ], [ -105.447440648176112, 20.22634469376932 ], [ -105.447180988884398, 20.228993778865927 ], [ -105.452753963203747, 20.232850993777806 ], [ -105.461647636644003, 20.231805653945759 ], [ -105.460896632916189, 20.218833323012856 ], [ -105.465139128822173, 20.21522264386142 ], [ -105.471112063006061, 20.213945801666114 ], [ -105.470491233650577, 20.211662341469303 ], [ -105.474942794560391, 20.204490549566344 ], [ -105.490459554181825, 20.201136264580494 ], [ -105.491197657078814, 20.197248213686468 ], [ -105.497157532970874, 20.19725458956826 ], [ -105.500182231348106, 20.192514860368355 ], [ -105.513132410788486, 20.18851672081594 ], [ -105.5143376561644, 20.184590856925215 ], [ -105.524147079177098, 20.185248110773951 ], [ -105.530194771958421, 20.18202290941792 ], [ -105.543865531411427, 20.182087838316633 ], [ -105.547116648877079, 20.203529676231238 ], [ -105.559660040201308, 20.231504885417845 ], [ -105.573264506955454, 20.239437547902273 ], [ -105.576690800189937, 20.235362398591512 ], [ -105.580654750296517, 20.236510715578667 ], [ -105.581018406062739, 20.241608657790621 ], [ -105.585340103334545, 20.248558964794491 ], [ -105.585210605695821, 20.256552894851499 ], [ -105.595730869904315, 20.269928551355015 ], [ -105.656769102102743, 20.317345554675015 ], [ -105.658750441940057, 20.325105719601922 ], [ -105.673603262767912, 20.344038606084069 ], [ -105.677841137070956, 20.355334592519387 ], [ -105.687092091694396, 20.367938400679929 ], [ -105.688738269894458, 20.378704039076382 ], [ -105.694700491827817, 20.38926975212329 ], [ -105.696592192584106, 20.409909832622258 ], [ -105.681816932876941, 20.411904312945801 ], [ -105.674206646601675, 20.407525237306256 ], [ -105.675202198473585, 20.413826489579165 ], [ -105.672846901974026, 20.415673340897381 ], [ -105.672688368834358, 20.426293015406653 ], [ -105.664343953455969, 20.428694404440762 ], [ -105.659314358343948, 20.426760874396894 ], [ -105.656064162035747, 20.428846893068432 ], [ -105.651741836951246, 20.438626033671508 ], [ -105.652861707196863, 20.442679616959122 ], [ -105.649714007185523, 20.446516173172416 ], [ -105.645255944573094, 20.443422722621765 ], [ -105.636116231091805, 20.447729434197925 ], [ -105.629593777799812, 20.453524813227315 ], [ -105.620010890808686, 20.46928010772973 ], [ -105.617254926915038, 20.471996170830433 ], [ -105.611204023847492, 20.472548236076587 ], [ -105.607404097151644, 20.476792758521846 ], [ -105.59421129396199, 20.475008676998332 ], [ -105.584394497700956, 20.478763063892249 ], [ -105.576610407509278, 20.484666134070448 ], [ -105.568242366280586, 20.483772133536267 ], [ -105.561618835467385, 20.488022655273156 ], [ -105.555101455222726, 20.489191858000382 ], [ -105.546952668576949, 20.487424812354089 ], [ -105.517809824934474, 20.494225401201554 ], [ -105.494840241873746, 20.490394510907837 ], [ -105.474154529076628, 20.496878543929359 ], [ -105.458886013865907, 20.496223905517567 ], [ -105.44400080692661, 20.488783153544659 ] ] ] } },
{ "type": "Feature", "properties": { "cve_edo": "14", "cve_mpo_ine": "117", "cve_edo_mpo_ine": "14117", "nom_mpo": "CAÑADAS DE OBREGON", "nom_edo": "Jalisco", "alianza_ganadora": "Juntos Haremos Historia", "margen_pp": 14.678492239467849, "por_participacion": 58.678116055165233 }, "geometry": { "type": "Polygon", "coordinates": [ [ [ -102.748582315453746, 21.18862385520476 ], [ -102.747918330570897, 21.199104177098299 ], [ -102.745859554139713, 21.20146494095647 ], [ -102.733551195556771, 21.191778039217169 ], [ -102.717091236227702, 21.200416235161093 ], [ -102.717519931515056, 21.207021217825293 ], [ -102.725799557955824, 21.212845612054501 ], [ -102.726587114007302, 21.216803714517305 ], [ -102.722936791117903, 21.22406527825245 ], [ -102.718627312482198, 21.217208584972866 ], [ -102.713456946269503, 21.216720818609531 ], [ -102.696017496045243, 21.207415311899531 ], [ -102.693520076489662, 21.203584990750091 ], [ -102.694034203578809, 21.199406884554989 ], [ -102.701391776978255, 21.194675731559737 ], [ -102.700594868194514, 21.191132157754733 ], [ -102.694572152849176, 21.189421999451522 ], [ -102.690649513551037, 21.190629745839914 ], [ -102.689831388510385, 21.195497077672403 ], [ -102.68344141496847, 21.199170802418109 ], [ -102.677171685654329, 21.20753422991589 ], [ -102.671638436953316, 21.20985775241525 ], [ -102.665210391427181, 21.217428980921671 ], [ -102.655064882050354, 21.218113617830578 ], [ -102.648779873797693, 21.212704185953132 ], [ -102.644736892959557, 21.214272235215528 ], [ -102.650913776545877, 21.221670406205956 ], [ -102.651630130818901, 21.230812088930858 ], [ -102.657489045944303, 21.234428250380418 ], [ -102.655066940227485, 21.25142195153304 ], [ -102.646204347279706, 21.247543544033476 ], [ -102.635125153567301, 21.247892051548831 ], [ -102.633073207329502, 21.256318726539135 ], [ -102.619979467599677, 21.257516111633397 ], [ -102.620154372188409, 21.267001172551247 ], [ -102.610400416109727, 21.265851074367308 ], [ -102.603381220488274, 21.259962891859939 ], [ -102.589745053882396, 21.260044178439681 ], [ -102.583763794842469, 21.257726783271707 ], [ -102.57334846404423, 21.259816711690881 ], [ -102.57097379326477, 21.244173608157737 ], [ -102.57896681813817, 21.224243297832462 ], [ -102.58251451627126, 21.22049322434367 ], [ -102.586570644353586, 21.220186928211596 ], [ -102.594952571905409, 21.223721147590467 ], [ -102.598980967553175, 21.218066754179553 ], [ -102.601846151679055, 21.220488744656031 ], [ -102.60355654273981, 21.21937996965427 ], [ -102.608346172857921, 21.214103067797375 ], [ -102.608016630440417, 21.210079943392707 ], [ -102.614904148965167, 21.207758892608226 ], [ -102.617390954046499, 21.204374629162306 ], [ -102.621435472275294, 21.206057224265617 ], [ -102.624736960564803, 21.204045758889187 ], [ -102.623580286305625, 21.200763855512957 ], [ -102.61964707488778, 21.200201280404823 ], [ -102.622187964353571, 21.197604897269269 ], [ -102.615484592439998, 21.18823709334729 ], [ -102.617930229915828, 21.181660490165338 ], [ -102.61294231098951, 21.180718350636052 ], [ -102.614598783469262, 21.178655617861086 ], [ -102.612104139337305, 21.173127003551414 ], [ -102.607514985856483, 21.174425711461534 ], [ -102.605428755206418, 21.169438421878091 ], [ -102.609990976918724, 21.162501711107868 ], [ -102.609659408233256, 21.148446435665896 ], [ -102.600450634386249, 21.146359139130343 ], [ -102.598966061610312, 21.149210447925 ], [ -102.591372830797326, 21.152148551181611 ], [ -102.585155758950549, 21.160774086746095 ], [ -102.58381797894431, 21.158527239975701 ], [ -102.577530529795865, 21.159026959526681 ], [ -102.578611311696463, 21.155012647062541 ], [ -102.572991351280663, 21.151909863727994 ], [ -102.571550101380012, 21.147340860446377 ], [ -102.578263940489578, 21.144149450511485 ], [ -102.575626888628307, 21.143179532043824 ], [ -102.578237779809342, 21.138594406080742 ], [ -102.585003505938602, 21.134780686234095 ], [ -102.599144068724456, 21.133719620931181 ], [ -102.60859400851308, 21.135799712828852 ], [ -102.611239552842122, 21.140628507500637 ], [ -102.614348354232774, 21.141486936500055 ], [ -102.635746521690407, 21.13912706432032 ], [ -102.629359781554371, 21.132192247907273 ], [ -102.63165961988814, 21.122608428410263 ], [ -102.636926289964691, 21.125019199337565 ], [ -102.635976748541026, 21.116356359973597 ], [ -102.650039237710672, 21.135371843449121 ], [ -102.650788295816255, 21.131983721938031 ], [ -102.656006079990746, 21.128969329600263 ], [ -102.660514578532428, 21.121476206938119 ], [ -102.66836254246445, 21.115173762762979 ], [ -102.672786568611457, 21.114387231165864 ], [ -102.677677959233066, 21.1091330691279 ], [ -102.680490344018651, 21.110153113109956 ], [ -102.682757724131605, 21.117171966199916 ], [ -102.685873199186076, 21.112729102975564 ], [ -102.685373153939281, 21.105561116864525 ], [ -102.689311151335232, 21.091643682818628 ], [ -102.690818617882456, 21.093479558116169 ], [ -102.701606480544314, 21.091964345801561 ], [ -102.706341627884655, 21.099378326933387 ], [ -102.704007731612393, 21.102545220582734 ], [ -102.708251719353939, 21.102004500492747 ], [ -102.724739721164042, 21.081741022885254 ], [ -102.736862525376409, 21.081684830797457 ], [ -102.740538606500024, 21.089212672638805 ], [ -102.754702811868299, 21.095716050881219 ], [ -102.76028818337906, 21.091210722879463 ], [ -102.766983213478255, 21.092387927545399 ], [ -102.772363392800969, 21.08527160917653 ], [ -102.77627190524781, 21.073131736435592 ], [ -102.780729201821288, 21.069361086311307 ], [ -102.781745088573942, 21.078107216499752 ], [ -102.784854454177193, 21.073869199096929 ], [ -102.79254855732087, 21.070043541696439 ], [ -102.806655140569447, 21.071407358146541 ], [ -102.816866786210412, 21.068637344972846 ], [ -102.821932058121533, 21.078535906633107 ], [ -102.819528668291994, 21.09830928746171 ], [ -102.823538670701993, 21.102774208891368 ], [ -102.808582706902016, 21.123765283042335 ], [ -102.802707330585832, 21.127897025920813 ], [ -102.800677606501367, 21.135415944291044 ], [ -102.801419787971184, 21.137409990641263 ], [ -102.810897334476948, 21.137450204106909 ], [ -102.813049559538911, 21.139704765752384 ], [ -102.821616856050369, 21.152407865516853 ], [ -102.820095198249589, 21.15674286248171 ], [ -102.809251824849213, 21.162695640626978 ], [ -102.807714830529662, 21.168314032673479 ], [ -102.798557925505008, 21.171750273014283 ], [ -102.792718881759242, 21.169715707278495 ], [ -102.788301611091356, 21.172274868576981 ], [ -102.784793171972652, 21.176222556327811 ], [ -102.784164407736142, 21.18533505090668 ], [ -102.772020627101895, 21.183494587281146 ], [ -102.768382904826964, 21.187895369808139 ], [ -102.769398600996553, 21.189742734254484 ], [ -102.774399756570148, 21.189893190131798 ], [ -102.777981785907457, 21.195239404443754 ], [ -102.770552147662315, 21.198147281439368 ], [ -102.760239192332506, 21.198502877366472 ], [ -102.752626023575843, 21.191865095456606 ], [ -102.752366454794597, 21.187960115691137 ], [ -102.748582315453746, 21.18862385520476 ] ] ] } },
{ "type": "Feature", "properties": { "cve_edo": "14", "cve_mpo_ine": "021", "cve_edo_mpo_ine": "14021", "nom_mpo": "CASIMIRO CASTILLO", "nom_edo": "Jalisco", "alianza_ganadora": "Va por México", "margen_pp": 5.218461538461538, "por_participacion": 50.534892399552177 }, "geometry": { "type": "Polygon", "coordinates": [ [ [ -104.479197880230998, 19.681951280292079 ], [ -104.480223952498548, 19.695500768763821 ], [ -104.473982143963767, 19.71082450098115 ], [ -104.478987234920922, 19.725660392801156 ], [ -104.476920789121323, 19.728584186331933 ], [ -104.474640400886003, 19.748926478689544 ], [ -104.467083436449556, 19.761609248512258 ], [ -104.472145624259724, 19.765787595297489 ], [ -104.474486551451591, 19.771735115029269 ], [ -104.467071957624199, 19.776330255965906 ], [ -104.458624916035674, 19.766712225530284 ], [ -104.457098764937342, 19.760548978621774 ], [ -104.453345160432661, 19.758637775237901 ], [ -104.441563965741096, 19.758589902891416 ], [ -104.436986521669326, 19.755981646032595 ], [ -104.42500556281685, 19.759087352996431 ], [ -104.426123974359072, 19.749205958280903 ], [ -104.417321132743467, 19.738677331340053 ], [ -104.407522089075556, 19.733009698054694 ], [ -104.38932442173315, 19.738038689554603 ], [ -104.384268824005716, 19.734189764669811 ], [ -104.37674054846498, 19.733598925124454 ], [ -104.384216552992456, 19.729255729619879 ], [ -104.38305656330499, 19.724332400016639 ], [ -104.385146446455593, 19.717967773801917 ], [ -104.392931526484176, 19.715362790333629 ], [ -104.386999011498489, 19.711232210438148 ], [ -104.387150082936117, 19.698002811817474 ], [ -104.379644522537077, 19.693887250883122 ], [ -104.377440450294543, 19.694945181205256 ], [ -104.373599180425472, 19.690006149537101 ], [ -104.370268895697833, 19.689291749989991 ], [ -104.374085332502148, 19.686352391284515 ], [ -104.375408581481651, 19.679165884764846 ], [ -104.380627432856457, 19.676586060212365 ], [ -104.376921866868841, 19.67342886882917 ], [ -104.379125626528065, 19.661340717641405 ], [ -104.373191747920472, 19.634734629738748 ], [ -104.38052294735752, 19.628153541411333 ], [ -104.39000620453713, 19.626734620368971 ], [ -104.375468815959977, 19.618581973553173 ], [ -104.364044129706429, 19.618194205911877 ], [ -104.351236353198885, 19.613672180964222 ], [ -104.347967861142379, 19.607524667758859 ], [ -104.349121967652877, 19.601325239673645 ], [ -104.365667377719419, 19.594353694340548 ], [ -104.358933400960112, 19.569530162979387 ], [ -104.360604693230314, 19.55515945287457 ], [ -104.370878183716982, 19.54283287034567 ], [ -104.380586356732294, 19.524167060959801 ], [ -104.389921097153845, 19.51627580539428 ], [ -104.439243250948294, 19.520041028248599 ], [ -104.452980409825543, 19.514971542963028 ], [ -104.457931901489559, 19.51071631588735 ], [ -104.469220205714549, 19.508497427272324 ], [ -104.460067732620246, 19.485062366522765 ], [ -104.453737607482523, 19.479466716494684 ], [ -104.448638363195059, 19.468451589129458 ], [ -104.448735420947173, 19.461076810965363 ], [ -104.452052550684527, 19.461598390252654 ], [ -104.462867627566069, 19.451917842616112 ], [ -104.52356832317983, 19.461747306278628 ], [ -104.528833415677965, 19.464192218107279 ], [ -104.551165388733267, 19.500846327847601 ], [ -104.527893191337412, 19.525438698249754 ], [ -104.534606447320144, 19.524716995300334 ], [ -104.543077295625366, 19.541156315654355 ], [ -104.555123186689954, 19.537137318466435 ], [ -104.556561973957713, 19.543353279838907 ], [ -104.559789736218093, 19.537687915800358 ], [ -104.562906172803636, 19.543218103329863 ], [ -104.57464015065014, 19.54874415638459 ], [ -104.583642264376692, 19.568891368482792 ], [ -104.596082683535826, 19.563996366952654 ], [ -104.598205436386422, 19.558470781943296 ], [ -104.605770217730438, 19.554598218775887 ], [ -104.603266323419874, 19.565292934636734 ], [ -104.605040793396412, 19.574105814774025 ], [ -104.617606474255425, 19.580401489576314 ], [ -104.615529457253245, 19.588694138185108 ], [ -104.61799197943013, 19.593241955256911 ], [ -104.621328526678568, 19.594562094470131 ], [ -104.614008739956063, 19.597752148968194 ], [ -104.613000011130268, 19.601080755534404 ], [ -104.603563313038251, 19.601266948387199 ], [ -104.601201516910663, 19.603532047070505 ], [ -104.6021492526868, 19.609700612783573 ], [ -104.597252496313146, 19.614398487303571 ], [ -104.598510489566024, 19.631926196750765 ], [ -104.59529240410032, 19.635734862339305 ], [ -104.595007970924996, 19.641211850881515 ], [ -104.588241842921306, 19.645639440424588 ], [ -104.584929902234663, 19.641569839299176 ], [ -104.572300720763579, 19.638098071205508 ], [ -104.557799885150956, 19.629005643870116 ], [ -104.549905042552766, 19.636636889404755 ], [ -104.54962106762882, 19.647297325019359 ], [ -104.541965362925509, 19.665624484785845 ], [ -104.534624559152363, 19.670968285114149 ], [ -104.52246247567993, 19.657494284038819 ], [ -104.518593406450194, 19.655544215356006 ], [ -104.51343751463493, 19.658293368497919 ], [ -104.523159677133918, 19.677640558921826 ], [ -104.518861373978041, 19.689172116504999 ], [ -104.515451672557262, 19.691778661775579 ], [ -104.513421457100193, 19.692670611267438 ], [ -104.50070865880248, 19.6871626975278 ], [ -104.497583599049634, 19.689185405384652 ], [ -104.481004517191835, 19.676707880082191 ], [ -104.479197880230998, 19.681951280292079 ] ] ] } },
{ "type": "Feature", "properties": { "cve_edo": "14", "cve_mpo_ine": "022", "cve_edo_mpo_ine": "14022", "nom_mpo": "CIHUATLAN", "nom_edo": "Jalisco", "alianza_ganadora": "Juntos Haremos Historia", "margen_pp": 13.85843821897415, "por_participacion": 54.473073095211767 }, "geometry": { "type": "Polygon", "coordinates": [ [ [ -104.757154091516739, 19.284987943536116 ], [ -104.766634077001086, 19.287301184219512 ], [ -104.765849579662074, 19.290769039532819 ], [ -104.778926378837369, 19.291639723625966 ], [ -104.788836363890425, 19.308851398707155 ], [ -104.797358845851647, 19.311327752310124 ], [ -104.798028463003234, 19.313930705246634 ], [ -104.796277094459867, 19.313411121705549 ], [ -104.783961546891632, 19.325394107972325 ], [ -104.774762320643703, 19.330050714503088 ], [ -104.774374620143504, 19.33697403325526 ], [ -104.763276472658205, 19.338418727479088 ], [ -104.75768849216135, 19.343491586842369 ], [ -104.748131873532543, 19.342308715785407 ], [ -104.744200945043033, 19.344670511486189 ], [ -104.738212599441979, 19.339886215268422 ], [ -104.726476201875101, 19.34154254371192 ], [ -104.72075422168426, 19.339779412134305 ], [ -104.711834478754071, 19.354332020792906 ], [ -104.703839733082148, 19.352301946298557 ], [ -104.702286573362414, 19.348589176436118 ], [ -104.699261159087698, 19.354047979978073 ], [ -104.677747174139881, 19.36669829170371 ], [ -104.68083819307428, 19.372757125719069 ], [ -104.674533175391815, 19.376425993716285 ], [ -104.657916521881759, 19.373694334699827 ], [ -104.654162826981775, 19.370956306988155 ], [ -104.653764929432299, 19.366320022705619 ], [ -104.646776100638689, 19.365851695906112 ], [ -104.642939504919028, 19.360711269177177 ], [ -104.631465943760972, 19.359872916728179 ], [ -104.626093078862311, 19.352427293822196 ], [ -104.624086847203145, 19.355388800473694 ], [ -104.618643144330235, 19.355222190052487 ], [ -104.617683629302647, 19.348916545105183 ], [ -104.62272965209759, 19.346352013197265 ], [ -104.625188006760212, 19.337491966451765 ], [ -104.622680167349102, 19.335763702666078 ], [ -104.623545147909084, 19.334263410368798 ], [ -104.617720271391903, 19.331766913737805 ], [ -104.615961934702042, 19.328663585290826 ], [ -104.619969750594748, 19.327974164079883 ], [ -104.620477039682015, 19.324566016004201 ], [ -104.613358804806637, 19.31883860514159 ], [ -104.620367039909937, 19.313438248432185 ], [ -104.619587451646694, 19.308294137464738 ], [ -104.61762152848577, 19.310507209285269 ], [ -104.612218605598684, 19.311080697739445 ], [ -104.613688947345125, 19.314808716424171 ], [ -104.603952678331027, 19.321139192852904 ], [ -104.603975573183732, 19.31341558743356 ], [ -104.597289471673378, 19.313041494535007 ], [ -104.599336219990803, 19.315769507612835 ], [ -104.59385381555343, 19.324564671934681 ], [ -104.590724971338247, 19.326826068449964 ], [ -104.583734087897781, 19.323380560786358 ], [ -104.584209246384901, 19.325661492253658 ], [ -104.575632003454459, 19.33156813982858 ], [ -104.572201427615752, 19.331381121364664 ], [ -104.569772801714052, 19.334343849928278 ], [ -104.565060425850135, 19.333499979871181 ], [ -104.565481888731171, 19.336860887115449 ], [ -104.562878840785544, 19.339866079577078 ], [ -104.554968879686342, 19.338999398218867 ], [ -104.553385001348303, 19.335645325068512 ], [ -104.551542054364788, 19.339725484215339 ], [ -104.545143264737987, 19.338766437677393 ], [ -104.538060438016331, 19.341049973391229 ], [ -104.539537296486628, 19.346688583501685 ], [ -104.527587799748801, 19.353193785299588 ], [ -104.534704435168649, 19.358924495267164 ], [ -104.533079099497996, 19.359556741486077 ], [ -104.526328621447902, 19.358059246823554 ], [ -104.518194004747471, 19.359309928203363 ], [ -104.511029586466748, 19.356028729073568 ], [ -104.504584767810798, 19.358224270600804 ], [ -104.495470089510462, 19.346731838930118 ], [ -104.485833243183606, 19.35031474182831 ], [ -104.479840906365581, 19.364507051361176 ], [ -104.464037753490885, 19.367624182342379 ], [ -104.464138655853205, 19.363471354173214 ], [ -104.458940342099226, 19.357021775090125 ], [ -104.459507676487277, 19.353198625600385 ], [ -104.456885429614914, 19.351551783504725 ], [ -104.454349821531068, 19.341765962422539 ], [ -104.451725847167609, 19.339579263011188 ], [ -104.452114960576196, 19.33467748789058 ], [ -104.445099474061294, 19.323628185556576 ], [ -104.44664239692483, 19.316270446077148 ], [ -104.442220974642055, 19.315172750208426 ], [ -104.441677079793706, 19.309362416627575 ], [ -104.434808048471268, 19.306367410878565 ], [ -104.436546602211664, 19.288544940116136 ], [ -104.438558120391065, 19.282222852071026 ], [ -104.44134377113312, 19.281170069733459 ], [ -104.436522767881954, 19.27162387915309 ], [ -104.438868846101144, 19.264052246632929 ], [ -104.458130852524192, 19.259030304414551 ], [ -104.459401088795815, 19.254310852366707 ], [ -104.456731752957452, 19.250162783299452 ], [ -104.468051678028942, 19.246572284792116 ], [ -104.463474387388615, 19.23745543387561 ], [ -104.466718454348708, 19.232055528246786 ], [ -104.47094074819816, 19.231986155031244 ], [ -104.47681321975584, 19.23916709982835 ], [ -104.480062406120268, 19.238253916640218 ], [ -104.484308225625071, 19.231204927808975 ], [ -104.490198597554482, 19.231904611299726 ], [ -104.489714805687584, 19.248682640743709 ], [ -104.495606466518595, 19.254326057132037 ], [ -104.501052824238656, 19.253482475275629 ], [ -104.5089502190216, 19.245690676584875 ], [ -104.518689796174641, 19.25375092570842 ], [ -104.523439260764931, 19.253147011855891 ], [ -104.527131418520909, 19.259052092648918 ], [ -104.53325384655848, 19.259794906316781 ], [ -104.537027386372259, 19.253444951769843 ], [ -104.549627507625132, 19.243506101270615 ], [ -104.557294514201971, 19.233736314974859 ], [ -104.5601680060375, 19.223200040597764 ], [ -104.564807605203256, 19.221386852426178 ], [ -104.573305659393569, 19.21190989493574 ], [ -104.568970047525141, 19.203423465668255 ], [ -104.576999727578695, 19.180204512356653 ], [ -104.583319555681456, 19.177799303893156 ], [ -104.59021148314406, 19.186435900895354 ], [ -104.596174440981571, 19.182163829552518 ], [ -104.600473685752348, 19.182469539412828 ], [ -104.599848513919426, 19.172715113224065 ], [ -104.59621425666937, 19.165304593832715 ], [ -104.588775885586216, 19.164187513850642 ], [ -104.586733183317165, 19.161916133549891 ], [ -104.58780285742921, 19.154393647169329 ], [ -104.594640392929279, 19.151154357135141 ], [ -104.613317914222776, 19.156367784989399 ], [ -104.611871693964915, 19.160473781843166 ], [ -104.616408100869407, 19.161940321876681 ], [ -104.619283402397983, 19.168317110493774 ], [ -104.615943551847963, 19.174442180824464 ], [ -104.618875570691841, 19.180486419201099 ], [ -104.624040326534185, 19.179581928068888 ], [ -104.629586231009213, 19.173318178540654 ], [ -104.642027140988148, 19.175938092754716 ], [ -104.645038157391909, 19.180087475840008 ], [ -104.652862879033705, 19.183630487196218 ], [ -104.675320740815664, 19.18660093381791 ], [ -104.68136107326707, 19.195023786779014 ], [ -104.687792940034441, 19.199213421884121 ], [ -104.685134600364478, 19.201651827965556 ], [ -104.68585349627341, 19.205965658048832 ], [ -104.69759514626125, 19.218801654506589 ], [ -104.710509461806652, 19.222202811775851 ], [ -104.713930360947032, 19.220933878314483 ], [ -104.712504476525197, 19.214880891425778 ], [ -104.717228697560969, 19.218461486736615 ], [ -104.721642046461795, 19.218140727618525 ], [ -104.723689943381501, 19.220908913672442 ], [ -104.727683677113362, 19.21814089755869 ], [ -104.730025455084657, 19.221529874148764 ], [ -104.734033781422184, 19.221502278250867 ], [ -104.736100433971217, 19.227716785749109 ], [ -104.731107686265275, 19.228374075840701 ], [ -104.730131159177432, 19.230457045058628 ], [ -104.732068262137446, 19.234180977565231 ], [ -104.730163490543219, 19.236519482610451 ], [ -104.732788736605357, 19.238536148671777 ], [ -104.740403115523648, 19.239147951307658 ], [ -104.746479035445034, 19.23462103925587 ], [ -104.751779412907695, 19.237075569413452 ], [ -104.758411677518978, 19.228142690259936 ], [ -104.76133426496304, 19.231361094431019 ], [ -104.769227578444301, 19.229934992279006 ], [ -104.771798587995562, 19.232574370643771 ], [ -104.771795127083834, 19.236777093076462 ], [ -104.775479853226045, 19.238643376801715 ], [ -104.773942698170998, 19.241097510619355 ], [ -104.786330240568304, 19.244512249594891 ], [ -104.784885459745851, 19.250579292957479 ], [ -104.776155147785175, 19.248695533262875 ], [ -104.775561657173824, 19.257300193321235 ], [ -104.757154091516739, 19.284987943536116 ] ] ] } },
{ "type": "Feature", "properties": { "cve_edo": "14", "cve_mpo_ine": "025", "cve_edo_mpo_ine": "14025", "nom_mpo": "COCULA", "nom_edo": "Jalisco", "alianza_ganadora": "Va por México", "margen_pp": 10.142267094997706, "por_participacion": 55.745533620432354 }, "geometry": { "type": "Polygon", "coordinates": [ [ [ -103.875562429674588, 20.444036456893407 ], [ -103.872915879615704, 20.455345806882232 ], [ -103.876665960701175, 20.46104778839619 ], [ -103.876251899032084, 20.466497109655421 ], [ -103.87091257984963, 20.468926614669325 ], [ -103.87085104399506, 20.473179032443692 ], [ -103.865627170068876, 20.477796669972118 ], [ -103.865272312604404, 20.481842277578398 ], [ -103.854829298112151, 20.483480362818838 ], [ -103.854997724242153, 20.493100235142354 ], [ -103.843903170485248, 20.500970932345862 ], [ -103.847357502190036, 20.509728251378593 ], [ -103.842183392842387, 20.521941736841168 ], [ -103.836780745994744, 20.527053529428457 ], [ -103.839469547240981, 20.538287058338732 ], [ -103.825323700398016, 20.541940860123727 ], [ -103.824153050244632, 20.53867756757715 ], [ -103.828674085953097, 20.536124603488748 ], [ -103.824570978174918, 20.531783509764118 ], [ -103.815300195940026, 20.531191253328249 ], [ -103.805437926396635, 20.534891457108557 ], [ -103.792413727626894, 20.532310338331683 ], [ -103.77411832909921, 20.522865612110536 ], [ -103.770137205290354, 20.516335449259113 ], [ -103.773195032742962, 20.51118033783996 ], [ -103.778241582601936, 20.510528730543495 ], [ -103.778132346560255, 20.504253219462964 ], [ -103.781714775296322, 20.501369525599369 ], [ -103.778742073236259, 20.486295290573509 ], [ -103.782570378535524, 20.474081530516415 ], [ -103.785446042610701, 20.472889188636358 ], [ -103.786095517020641, 20.469422333122516 ], [ -103.783343238924047, 20.465784528235364 ], [ -103.785689114430966, 20.465912309286221 ], [ -103.777543384519262, 20.460407406212088 ], [ -103.779131214474575, 20.457066069759154 ], [ -103.775920773529762, 20.445129033520228 ], [ -103.772044699961, 20.449292004451486 ], [ -103.762133497196587, 20.449150270411671 ], [ -103.758552167229311, 20.451909766051994 ], [ -103.753159452951067, 20.449876723998802 ], [ -103.752641903236082, 20.443187550686257 ], [ -103.749357325832648, 20.443511607646538 ], [ -103.75371485350135, 20.430515114008486 ], [ -103.749677661552795, 20.4243147507791 ], [ -103.756728450799642, 20.414584650560617 ], [ -103.753214164599513, 20.411935859549647 ], [ -103.755515540368407, 20.401412438260667 ], [ -103.763550260032787, 20.399528033634368 ], [ -103.754472265555307, 20.392823180721045 ], [ -103.745097434351067, 20.389213705694051 ], [ -103.746973702739453, 20.389010855109046 ], [ -103.746691285085149, 20.381620278522593 ], [ -103.742657299210677, 20.374222534505176 ], [ -103.744133057571304, 20.367165597287556 ], [ -103.73816393880098, 20.360259519193065 ], [ -103.738815685252391, 20.355554275085666 ], [ -103.754546008053438, 20.339317563550054 ], [ -103.763684689033681, 20.342182848515208 ], [ -103.760644951561517, 20.336356123073667 ], [ -103.761355527397967, 20.33086642293366 ], [ -103.770970027475812, 20.327993450526012 ], [ -103.770749206923384, 20.317258773597739 ], [ -103.778192337186226, 20.316239424560916 ], [ -103.779601613969717, 20.313805943562599 ], [ -103.773465362858332, 20.300707854481026 ], [ -103.763021872481815, 20.266711349562154 ], [ -103.76998911470875, 20.269572266395855 ], [ -103.777198685925285, 20.265992701853158 ], [ -103.783935666504135, 20.265591078985508 ], [ -103.787974228986798, 20.268529013766646 ], [ -103.787794530241143, 20.27203804702334 ], [ -103.795934873514355, 20.274239291850581 ], [ -103.801795175600148, 20.27218415475139 ], [ -103.809370912717995, 20.276443194493655 ], [ -103.81180891644351, 20.275873879081917 ], [ -103.813973092123476, 20.279345164180668 ], [ -103.821409734087609, 20.283154392107132 ], [ -103.823163696755941, 20.287079136676738 ], [ -103.821044143058103, 20.298223454360102 ], [ -103.833994305765813, 20.296548960354418 ], [ -103.83358839882878, 20.291552715608507 ], [ -103.843857251751174, 20.286329441829455 ], [ -103.850642668300551, 20.292522593656834 ], [ -103.85340505321895, 20.299082080331004 ], [ -103.86854729686948, 20.301019073948286 ], [ -103.873314934296985, 20.299403349277661 ], [ -103.885522802591026, 20.304884528310396 ], [ -103.888939916777048, 20.302617935084328 ], [ -103.891176923957886, 20.304171343237233 ], [ -103.901655333565188, 20.301716731441065 ], [ -103.901655669128544, 20.296913459045861 ], [ -103.906250969994773, 20.290743533506181 ], [ -103.905534317225403, 20.294228268105076 ], [ -103.909137979017913, 20.297756625406684 ], [ -103.914913548572414, 20.297455626719454 ], [ -103.917356138549025, 20.301491300575805 ], [ -103.921265992940334, 20.301372751228129 ], [ -103.928823260277952, 20.308301363040847 ], [ -103.931444493042846, 20.307821763840888 ], [ -103.948781642649678, 20.317102338378717 ], [ -103.948101651191081, 20.32348550465229 ], [ -103.945059932356173, 20.322916406560115 ], [ -103.933769240113349, 20.327499485330112 ], [ -103.930602512685454, 20.33608472773059 ], [ -103.915888366649426, 20.3469304743065 ], [ -103.911961125506409, 20.347711281005662 ], [ -103.911666108895233, 20.353738945616524 ], [ -103.915534143815705, 20.35427931082797 ], [ -103.907733320062562, 20.367153568665 ], [ -103.904972632150375, 20.38106463409861 ], [ -103.901159351956309, 20.386469437356755 ], [ -103.885079330119197, 20.384931984505439 ], [ -103.884107091138475, 20.37245503076981 ], [ -103.891555322365704, 20.365692051521542 ], [ -103.883352127878723, 20.359779091584059 ], [ -103.879363290661843, 20.365348343833315 ], [ -103.857967475232712, 20.365611797023508 ], [ -103.843012411696307, 20.374964392644422 ], [ -103.848460215001694, 20.379926013356858 ], [ -103.849917585846697, 20.396964227537506 ], [ -103.852263714584993, 20.399271190440484 ], [ -103.857877723333175, 20.391828216412499 ], [ -103.869305051068906, 20.395148160420398 ], [ -103.870670963208809, 20.391555366247928 ], [ -103.880803053721607, 20.408866318934422 ], [ -103.8835000227363, 20.409695088719811 ], [ -103.883144793434596, 20.41514455584592 ], [ -103.879683904827687, 20.417370103815834 ], [ -103.87956441631394, 20.421498620083977 ], [ -103.877335842419669, 20.421537346247504 ], [ -103.872052690736751, 20.430201304941203 ], [ -103.875562429674588, 20.444036456893407 ] ] ] } },
{ "type": "Feature", "properties": { "cve_edo": "14", "cve_mpo_ine": "026", "cve_edo_mpo_ine": "14026", "nom_mpo": "COLOTLAN", "nom_edo": "Jalisco", "alianza_ganadora": "Movimiento Ciudadano", "margen_pp": 9.4216316305413361, "por_participacion": 60.010458199882343 }, "geometry": { "type": "Polygon", "coordinates": [ [ [ -103.299297694641879, 22.261041184417092 ], [ -103.290401947595726, 22.255225994673758 ], [ -103.280899667922498, 22.254051634017404 ], [ -103.28679972861913, 22.247450203468738 ], [ -103.285203817083357, 22.244579511964254 ], [ -103.294976998843367, 22.233396605495152 ], [ -103.27148831965296, 22.221649469141482 ], [ -103.279968301544301, 22.205483303200243 ], [ -103.279449770487119, 22.199840193969578 ], [ -103.272346647039811, 22.191753639747112 ], [ -103.277137216772019, 22.177681068050788 ], [ -103.283867410193082, 22.170296335297824 ], [ -103.285615510711054, 22.160809305794587 ], [ -103.283793125842251, 22.154287821757098 ], [ -103.278335131946619, 22.152929416864492 ], [ -103.272096272352726, 22.154801097968758 ], [ -103.2694359832537, 22.150887344036562 ], [ -103.266940624981771, 22.151577850557754 ], [ -103.259948530760539, 22.167296098237252 ], [ -103.231285423911672, 22.162978194513503 ], [ -103.233413821380452, 22.146858869968469 ], [ -103.240670786737752, 22.142091794708698 ], [ -103.243600115480973, 22.13692897600508 ], [ -103.231331266258124, 22.129469983814342 ], [ -103.230866951228393, 22.126108033321838 ], [ -103.222177545065264, 22.13352012694153 ], [ -103.210945681892369, 22.137598405444663 ], [ -103.197350909898958, 22.138094681265077 ], [ -103.190449428918754, 22.142737579071969 ], [ -103.180061777592584, 22.142630462653091 ], [ -103.170114116582241, 22.135682982620036 ], [ -103.166282675014585, 22.128235284244163 ], [ -103.15330275135004, 22.12321642790473 ], [ -103.144970079284278, 22.113624012235075 ], [ -103.130553182642402, 22.112492156871369 ], [ -103.128311812915527, 22.108910902380522 ], [ -103.133662942843529, 22.106250914572623 ], [ -103.129940609685704, 22.101996364406105 ], [ -103.135655329633309, 22.097265234210884 ], [ -103.13602877188022, 22.092664593285985 ], [ -103.140431172829182, 22.089624842403573 ], [ -103.154422983275509, 22.088340540127192 ], [ -103.158458384531968, 22.069832337327853 ], [ -103.108184333274338, 22.063135496895203 ], [ -103.105968819725561, 22.048369177972599 ], [ -103.107395288121921, 22.041134460957249 ], [ -103.10817667824071, 22.038527177136743 ], [ -103.112796595329456, 22.040217046663521 ], [ -103.114047526744358, 22.038856959670689 ], [ -103.108463430961237, 22.025963940950881 ], [ -103.110108963007264, 22.014695372562368 ], [ -103.114681903605742, 22.013025807490202 ], [ -103.120492360926832, 22.015856219348869 ], [ -103.124222984204863, 22.014270314560175 ], [ -103.132971410452114, 22.004033451198111 ], [ -103.137439234185891, 22.003772757899803 ], [ -103.142993415309149, 22.007069942037258 ], [ -103.159957018691856, 22.003919831019736 ], [ -103.159850766075522, 22.001303888254444 ], [ -103.16480072489712, 21.99775870295618 ], [ -103.171886143627049, 21.997213398967961 ], [ -103.179946886465444, 21.999454158518546 ], [ -103.190518937885543, 21.99879455480874 ], [ -103.196725479420351, 22.001766864274806 ], [ -103.201708051216571, 21.999106140557899 ], [ -103.201799326816499, 21.993835438937214 ], [ -103.191646846112732, 21.989776805954168 ], [ -103.198207231186302, 21.986971998315159 ], [ -103.192736815655209, 21.979537240949924 ], [ -103.191612701991559, 21.971486676924652 ], [ -103.204124832584483, 21.968471052510761 ], [ -103.205566364600401, 21.966251637148687 ], [ -103.210445491046315, 21.968566073336909 ], [ -103.215112134502803, 21.9674520139389 ], [ -103.222220415854551, 21.969298462297655 ], [ -103.229954886968173, 21.974969431146558 ], [ -103.244505090060755, 21.978458196641615 ], [ -103.249472241991327, 21.976547982604064 ], [ -103.256102413845056, 21.980236223038659 ], [ -103.261392094381378, 21.975829382518828 ], [ -103.266467943016167, 21.984153117565238 ], [ -103.267096263446078, 21.99270001941375 ], [ -103.274506787667178, 21.99340606091765 ], [ -103.308326941836668, 21.967744403344831 ], [ -103.309666832617083, 21.960210723177269 ], [ -103.3183598586469, 21.956780947129079 ], [ -103.325730515861153, 21.948691998880047 ], [ -103.331367635721236, 21.946441184920563 ], [ -103.33190820232312, 21.943416502624512 ], [ -103.340720799081353, 21.94218368477005 ], [ -103.346656052603009, 21.95437693741065 ], [ -103.343138094207504, 21.957446627121044 ], [ -103.346450453457138, 21.960679198033265 ], [ -103.33972403618823, 21.96772636719917 ], [ -103.346460110093361, 21.969548348887937 ], [ -103.347333267979693, 21.972438539734359 ], [ -103.33975935146637, 21.982521790131727 ], [ -103.339235896792502, 21.99152189020446 ], [ -103.336465146378984, 21.997068685335275 ], [ -103.352928245466359, 21.997898395738563 ], [ -103.356627514424105, 22.003156777798925 ], [ -103.368848135229044, 22.002173336129818 ], [ -103.369529823177885, 22.008174285112862 ], [ -103.372582706020822, 22.009793355430265 ], [ -103.372722866972865, 22.019365488247747 ], [ -103.38010357562257, 22.020390636391998 ], [ -103.380598808128127, 22.013670127114843 ], [ -103.387739412946146, 22.010511945279756 ], [ -103.383601476506456, 22.019931570888026 ], [ -103.385814591077832, 22.025001135598536 ], [ -103.376354443183729, 22.02802289944178 ], [ -103.379261112911465, 22.039880787908043 ], [ -103.383408327557646, 22.04314360207086 ], [ -103.377417652019929, 22.047861767917766 ], [ -103.373617188803806, 22.047992924256377 ], [ -103.373632381066969, 22.053090509179789 ], [ -103.383093969161919, 22.054089237708368 ], [ -103.388425216719924, 22.048964844103793 ], [ -103.393052997594779, 22.056573107341926 ], [ -103.397862365715383, 22.056345680539923 ], [ -103.398674308472081, 22.075068762684197 ], [ -103.403583066804501, 22.077492472834667 ], [ -103.405436862515202, 22.082276350688662 ], [ -103.398946541721685, 22.089446936712076 ], [ -103.408324003167664, 22.092600655512797 ], [ -103.410109456610328, 22.09676368893065 ], [ -103.419489543060436, 22.104019943112188 ], [ -103.431974180488297, 22.100252082274707 ], [ -103.441347537857325, 22.110905874360576 ], [ -103.447364280061294, 22.11178039262121 ], [ -103.449207572847968, 22.115808892951236 ], [ -103.44506940051312, 22.114036644927882 ], [ -103.439047517732874, 22.117658474732895 ], [ -103.437870801783575, 22.128267632439005 ], [ -103.43654879739249, 22.127352785248657 ], [ -103.434259919952666, 22.132265495612575 ], [ -103.432561352655512, 22.131832408731054 ], [ -103.426308682557931, 22.139326229231177 ], [ -103.428565553694781, 22.158027866691643 ], [ -103.423448966620228, 22.166594845084031 ], [ -103.426032041770483, 22.172509803721329 ], [ -103.425217148820167, 22.177558363373482 ], [ -103.412815329922154, 22.179195495197199 ], [ -103.40146294967974, 22.196222928847238 ], [ -103.396741486163847, 22.193119642513199 ], [ -103.393288426732582, 22.193489161189358 ], [ -103.390583235454201, 22.20639530033273 ], [ -103.381078620075755, 22.218929124249229 ], [ -103.384928252790431, 22.22299186684463 ], [ -103.383016506829065, 22.227339518158772 ], [ -103.370494327702829, 22.231711797448728 ], [ -103.361576344481065, 22.238981393262168 ], [ -103.349832329767509, 22.240490639398907 ], [ -103.338587872193827, 22.245402759884559 ], [ -103.329167286074309, 22.240018926587783 ], [ -103.327662141590096, 22.241862506909023 ], [ -103.324869766870322, 22.240686089955837 ], [ -103.312693101336436, 22.233341792538358 ], [ -103.298480065378754, 22.251517440876295 ], [ -103.299297694641879, 22.261041184417092 ] ] ] } },
{ "type": "Feature", "properties": { "cve_edo": "14", "cve_mpo_ine": "027", "cve_edo_mpo_ine": "14027", "nom_mpo": "CONCEPCION DE BUENOS AIRES", "nom_edo": "Jalisco", "alianza_ganadora": "Movimiento Ciudadano", "margen_pp": 11.708515283842795, "por_participacion": 71.325676464862767 }, "geometry": { "type": "Polygon", "coordinates": [ [ [ -103.229522648433644, 20.076157137876443 ], [ -103.222011897535978, 20.071713291571058 ], [ -103.192706543278504, 20.064758231092441 ], [ -103.190096833389532, 20.058760037820711 ], [ -103.193489639791224, 20.053278307878546 ], [ -103.18474784927237, 20.052793470886286 ], [ -103.182426058435581, 20.048572193561618 ], [ -103.176056155496056, 20.055819315661822 ], [ -103.17078010936136, 20.05382203937269 ], [ -103.164856984110102, 20.045333409653111 ], [ -103.161039769307891, 20.028789996989872 ], [ -103.157808689032521, 20.025568113534849 ], [ -103.17229688418935, 20.021771434220959 ], [ -103.176243018906348, 20.014970155440437 ], [ -103.18462158173125, 20.015438395253064 ], [ -103.187444570290751, 20.01343403759256 ], [ -103.1827484649246, 20.012773297525424 ], [ -103.173007800125561, 20.006266111370525 ], [ -103.173293629379131, 20.003311915745204 ], [ -103.17575665186483, 20.003557221001095 ], [ -103.171726122101276, 20.001222571977767 ], [ -103.167901931220484, 19.992321659583105 ], [ -103.164347084322785, 19.992968565541297 ], [ -103.167607113511636, 19.981611288709136 ], [ -103.166365121722478, 19.978352968114148 ], [ -103.157032879972206, 19.974329659792222 ], [ -103.148652361114401, 19.974914400911988 ], [ -103.158556253170204, 19.961222919195318 ], [ -103.15883333872425, 19.952411406001843 ], [ -103.153390907799533, 19.943756078652221 ], [ -103.150869873829393, 19.929747207226875 ], [ -103.156166222504524, 19.92578032918561 ], [ -103.162288084894541, 19.926082731291267 ], [ -103.161580880505781, 19.921648795686071 ], [ -103.16341879657773, 19.924147827979287 ], [ -103.174872900089227, 19.92238631440642 ], [ -103.183258459346689, 19.918569709024233 ], [ -103.186951951981072, 19.913473313684847 ], [ -103.197796074760788, 19.918952326469505 ], [ -103.204791477929362, 19.918709921138412 ], [ -103.205513289137869, 19.921077791151145 ], [ -103.206060608358555, 19.919553601844189 ], [ -103.209885483538912, 19.920926134357156 ], [ -103.210734304822367, 19.926481963523553 ], [ -103.21585221050114, 19.927125828807224 ], [ -103.225622231063639, 19.932716569564672 ], [ -103.237098066978504, 19.92926762920872 ], [ -103.239333655638148, 19.927724603251313 ], [ -103.231366997435387, 19.916241454401945 ], [ -103.236495718516807, 19.907081704804213 ], [ -103.236574965052043, 19.900627935317015 ], [ -103.245813482564003, 19.900486749484756 ], [ -103.248912982451174, 19.895319109486618 ], [ -103.255277689144009, 19.89490774632845 ], [ -103.258305305708461, 19.884009176810995 ], [ -103.264412213173344, 19.885139207561934 ], [ -103.264666732343628, 19.883472884024936 ], [ -103.27931450990414, 19.88219668089258 ], [ -103.280220801830424, 19.883605698391587 ], [ -103.275034953148023, 19.886847512726995 ], [ -103.277706555256557, 19.896308555146838 ], [ -103.281559058533759, 19.898561052263783 ], [ -103.280426967642128, 19.910462359246448 ], [ -103.291028167803731, 19.918816294289453 ], [ -103.297140520921189, 19.920111390799601 ], [ -103.299389145796781, 19.918697485589824 ], [ -103.300536796835601, 19.927938355483821 ], [ -103.305745923363972, 19.928087477155444 ], [ -103.305907625683489, 19.93767959833097 ], [ -103.314122892725507, 19.938809128603236 ], [ -103.317824344271912, 19.944594616309775 ], [ -103.326501176311282, 19.942890110223406 ], [ -103.334345086306868, 19.945645923403738 ], [ -103.330486961154548, 19.950829874910148 ], [ -103.325833933287882, 19.951999880208085 ], [ -103.333309328327402, 19.959504818324824 ], [ -103.330101196692738, 19.974030474134398 ], [ -103.323629050241095, 19.977960497917262 ], [ -103.30902632734103, 19.981251245941603 ], [ -103.296786142703354, 19.976688425473128 ], [ -103.299688730200032, 19.985329816851095 ], [ -103.297356774982845, 19.986932652402324 ], [ -103.307504776023876, 19.994221096568094 ], [ -103.318673615345688, 20.007249360062769 ], [ -103.319994366757527, 20.014820447117764 ], [ -103.328780446254584, 20.017827748103972 ], [ -103.320093354932311, 20.022451607786468 ], [ -103.322426770409535, 20.030701237829508 ], [ -103.31750998842827, 20.034728849617 ], [ -103.322093444494499, 20.036617644055777 ], [ -103.317454464072839, 20.046811649656444 ], [ -103.30423188903859, 20.04183967879559 ], [ -103.304231867309113, 20.033784478872033 ], [ -103.298759501782556, 20.032728983101705 ], [ -103.292679643592095, 20.020966994275039 ], [ -103.290459427298586, 20.024677447157799 ], [ -103.283540355973827, 20.01581869159277 ], [ -103.272242620759272, 20.01248043429608 ], [ -103.273685651657104, 20.020249378721683 ], [ -103.271114314256948, 20.024536812360616 ], [ -103.272792907070368, 20.030984841341454 ], [ -103.267601011856001, 20.034190465592058 ], [ -103.2664277203761, 20.038606071846857 ], [ -103.267793271684567, 20.057526050375923 ], [ -103.280202449414816, 20.060454290409339 ], [ -103.27996474947453, 20.063220701831607 ], [ -103.272729769043579, 20.067824807491448 ], [ -103.269982183450722, 20.072607436964084 ], [ -103.264327525715899, 20.075074459838298 ], [ -103.263283294127447, 20.070191721796768 ], [ -103.256749821936509, 20.073145395981673 ], [ -103.235126617981507, 20.072003615860922 ], [ -103.229522648433644, 20.076157137876443 ] ] ] } },
{ "type": "Feature", "properties": { "cve_edo": "14", "cve_mpo_ine": "028", "cve_edo_mpo_ine": "14028", "nom_mpo": "CUAUTITLAN DE GARCIA BARRAGAN", "nom_edo": "Jalisco", "alianza_ganadora": "Va por México", "margen_pp": 5.6565470148565105, "por_participacion": 79.298990194643636 }, "geometry": { "type": "Polygon", "coordinates": [ [ [ -104.165674846181403, 19.654212200131173 ], [ -104.16213246337206, 19.65229684187031 ], [ -104.159072892670011, 19.646323585440129 ], [ -104.163822983450601, 19.637763013823289 ], [ -104.159208035713078, 19.628057507299591 ], [ -104.154244190164974, 19.604682082641723 ], [ -104.141916841435801, 19.602823771811174 ], [ -104.130719026887704, 19.582245950938304 ], [ -104.121023042549751, 19.573977482851127 ], [ -104.109372642238327, 19.577331727167714 ], [ -104.095753681187759, 19.563050908495065 ], [ -104.088952584487132, 19.561413594908018 ], [ -104.094145496876138, 19.557666072886409 ], [ -104.09313920034819, 19.547152277646891 ], [ -104.081696302651224, 19.542560714933362 ], [ -104.086713250736167, 19.539061040092445 ], [ -104.089782526741587, 19.527775168397984 ], [ -104.085245555785562, 19.527676629659091 ], [ -104.079386137421295, 19.523683676937281 ], [ -104.07496951479898, 19.508068102766018 ], [ -104.077817955149143, 19.493843690140675 ], [ -104.070774506919037, 19.48090838948734 ], [ -104.075612456072761, 19.478111749585278 ], [ -104.075225174230354, 19.473144853354 ], [ -104.070034119661159, 19.466156768881909 ], [ -104.070898647538058, 19.462276742517592 ], [ -104.061157878580531, 19.434038581996063 ], [ -104.070113003880905, 19.427169765051069 ], [ -104.068877731547644, 19.422345647312426 ], [ -104.070890969347829, 19.4119445023175 ], [ -104.065112051042746, 19.407048263326125 ], [ -104.062652033985458, 19.401484280144736 ], [ -104.055773447089848, 19.399271888694688 ], [ -104.051446992203495, 19.392432980203115 ], [ -104.054932832027433, 19.388712229466048 ], [ -104.059302585815971, 19.389321303253119 ], [ -104.065974525448524, 19.378662106596288 ], [ -104.072495667849196, 19.37794572317495 ], [ -104.081266668998722, 19.368807487159273 ], [ -104.084701154952114, 19.368221714373799 ], [ -104.08927847100415, 19.359216793905404 ], [ -104.087455494459491, 19.352372617250023 ], [ -104.096137922403756, 19.354620585584286 ], [ -104.097104901781577, 19.34595431392227 ], [ -104.107527432418308, 19.345763284913776 ], [ -104.114360439785145, 19.331966121811238 ], [ -104.118270530802008, 19.335215349790658 ], [ -104.120591003499143, 19.332156321858708 ], [ -104.122984349233235, 19.334336706649527 ], [ -104.125299591452332, 19.329462319203842 ], [ -104.12215054707093, 19.327696508053723 ], [ -104.125170430769202, 19.324965641982946 ], [ -104.123115241287792, 19.318782471648415 ], [ -104.130390097112539, 19.317855639575967 ], [ -104.13249464863091, 19.320861809072472 ], [ -104.136604856050852, 19.31276439125886 ], [ -104.141270966324399, 19.31572229580172 ], [ -104.144750461290954, 19.311091994475749 ], [ -104.153086782848263, 19.314823414124586 ], [ -104.154533059844937, 19.311766338650241 ], [ -104.157907050250728, 19.310890488173801 ], [ -104.161607755734266, 19.302628557214341 ], [ -104.164069472360111, 19.308067565625997 ], [ -104.168666773763789, 19.307476831401061 ], [ -104.170371573968353, 19.312794160139553 ], [ -104.173752220164729, 19.314063389907865 ], [ -104.180906305674341, 19.311897142434105 ], [ -104.180371499862574, 19.308474324242173 ], [ -104.185602816128153, 19.30590092979158 ], [ -104.183965008737957, 19.303471566745621 ], [ -104.189607201846385, 19.302010794162037 ], [ -104.189288461580347, 19.293430119372537 ], [ -104.191901959041772, 19.29156569603958 ], [ -104.192728159350509, 19.295028877051241 ], [ -104.204806399341592, 19.303532601908859 ], [ -104.207587522072913, 19.299563284106984 ], [ -104.212951530301822, 19.302022147197306 ], [ -104.218180482033105, 19.298952699714754 ], [ -104.219876979023311, 19.301381590007743 ], [ -104.22517564528728, 19.30169488519585 ], [ -104.247385126534425, 19.312304806792262 ], [ -104.255978716318637, 19.310011506683065 ], [ -104.261049024654454, 19.312501286693237 ], [ -104.262133323364068, 19.308343747930312 ], [ -104.269893887801729, 19.302269475145163 ], [ -104.277213451655754, 19.301131409271594 ], [ -104.280655810569584, 19.303585713156977 ], [ -104.28411127880031, 19.297074858709284 ], [ -104.293794838973866, 19.303576101907797 ], [ -104.297628899529357, 19.302985380223401 ], [ -104.299630977808434, 19.296603270646987 ], [ -104.310526849032584, 19.290144718264127 ], [ -104.311251973789496, 19.284261037252175 ], [ -104.314484477923031, 19.279888900168412 ], [ -104.322803114104786, 19.281047915433845 ], [ -104.331154056377883, 19.288251730921115 ], [ -104.343447715997215, 19.290722179622101 ], [ -104.360647229679984, 19.27055989897077 ], [ -104.365217985089615, 19.270456202957945 ], [ -104.364513504651626, 19.275972034607477 ], [ -104.375131969807214, 19.282680871669804 ], [ -104.38232680760116, 19.276172985957562 ], [ -104.384601945716057, 19.269122433296964 ], [ -104.395920086874867, 19.268028202917307 ], [ -104.401993463175486, 19.263689527706696 ], [ -104.403815747780456, 19.267632425559487 ], [ -104.403104398866333, 19.275424596304727 ], [ -104.398210828575785, 19.283121757382265 ], [ -104.401016067967049, 19.286257610480099 ], [ -104.413306185747004, 19.282250786295645 ], [ -104.418330019942417, 19.277161858594283 ], [ -104.42420460072843, 19.278716712036836 ], [ -104.430403261958872, 19.276017690709047 ], [ -104.440048123077105, 19.276360241319132 ], [ -104.439126065180602, 19.278524306884691 ], [ -104.44134377113312, 19.281170069733459 ], [ -104.438558120391065, 19.282222852071026 ], [ -104.436546602211664, 19.288544940116136 ], [ -104.434808048471268, 19.306367410878565 ], [ -104.441677079793706, 19.309362416627575 ], [ -104.442220974642055, 19.315172750208426 ], [ -104.44664239692483, 19.316270446077148 ], [ -104.445099474061294, 19.323628185556576 ], [ -104.452114960576196, 19.33467748789058 ], [ -104.451725847167609, 19.339579263011188 ], [ -104.454349821531068, 19.341765962422539 ], [ -104.456885429614914, 19.351551783504725 ], [ -104.459507676487277, 19.353198625600385 ], [ -104.458940342099226, 19.357021775090125 ], [ -104.464138655853205, 19.363471354173214 ], [ -104.464037753490885, 19.367624182342379 ], [ -104.479840906365581, 19.364507051361176 ], [ -104.485833243183606, 19.35031474182831 ], [ -104.495470089510462, 19.346731838930118 ], [ -104.504584767810798, 19.358224270600804 ], [ -104.511029586466748, 19.356028729073568 ], [ -104.518194004747471, 19.359309928203363 ], [ -104.526328621447902, 19.358059246823554 ], [ -104.533079099497996, 19.359556741486077 ], [ -104.534704435168649, 19.358924495267164 ], [ -104.527587799748801, 19.353193785299588 ], [ -104.539537296486628, 19.346688583501685 ], [ -104.538060438016331, 19.341049973391229 ], [ -104.545143264737987, 19.338766437677393 ], [ -104.551542054364788, 19.339725484215339 ], [ -104.553385001348303, 19.335645325068512 ], [ -104.554968879686342, 19.338999398218867 ], [ -104.562878840785544, 19.339866079577078 ], [ -104.565481888731171, 19.336860887115449 ], [ -104.565060425850135, 19.333499979871181 ], [ -104.569772801714052, 19.334343849928278 ], [ -104.572201427615752, 19.331381121364664 ], [ -104.575632003454459, 19.33156813982858 ], [ -104.584209246384901, 19.325661492253658 ], [ -104.583734087897781, 19.323380560786358 ], [ -104.590724971338247, 19.326826068449964 ], [ -104.59385381555343, 19.324564671934681 ], [ -104.599336219990803, 19.315769507612835 ], [ -104.597289471673378, 19.313041494535007 ], [ -104.603975573183732, 19.31341558743356 ], [ -104.603952678331027, 19.321139192852904 ], [ -104.613688947345125, 19.314808716424171 ], [ -104.612218605598684, 19.311080697739445 ], [ -104.61762152848577, 19.310507209285269 ], [ -104.619587451646694, 19.308294137464738 ], [ -104.620367039909937, 19.313438248432185 ], [ -104.613358804806637, 19.31883860514159 ], [ -104.620477039682015, 19.324566016004201 ], [ -104.619969750594748, 19.327974164079883 ], [ -104.615961934702042, 19.328663585290826 ], [ -104.617720271391903, 19.331766913737805 ], [ -104.623545147909084, 19.334263410368798 ], [ -104.622680167349102, 19.335763702666078 ], [ -104.625188006760212, 19.337491966451765 ], [ -104.62272965209759, 19.346352013197265 ], [ -104.617683629302647, 19.348916545105183 ], [ -104.617174271399776, 19.351909446854975 ], [ -104.6195192797462, 19.356088717145877 ], [ -104.624086847203145, 19.355388800473694 ], [ -104.622825398302538, 19.362858886975879 ], [ -104.625117561234561, 19.36503201147416 ], [ -104.6249416842562, 19.370544079149312 ], [ -104.622712674127243, 19.374502110092138 ], [ -104.625190709598655, 19.37775059944326 ], [ -104.633115426364313, 19.37862475736404 ], [ -104.636299300936471, 19.393756763598883 ], [ -104.628958639462098, 19.404394711761594 ], [ -104.617649756898302, 19.414201483983447 ], [ -104.612385789657651, 19.411808944138055 ], [ -104.610149115178146, 19.415103964144631 ], [ -104.603958524458577, 19.413176023914399 ], [ -104.597182887650277, 19.416680993925308 ], [ -104.58709565019511, 19.415121899735436 ], [ -104.583105221862056, 19.411970415611833 ], [ -104.57377804122477, 19.410693248144451 ], [ -104.570014740605544, 19.41275953172595 ], [ -104.567683512447161, 19.418333583240738 ], [ -104.56900270824498, 19.428015626849984 ], [ -104.576692431343247, 19.434280502182116 ], [ -104.577067495570503, 19.436845568453325 ], [ -104.573083184517557, 19.440156933475048 ], [ -104.576690984472236, 19.451556959872541 ], [ -104.556522294798128, 19.449388678496284 ], [ -104.553412668649912, 19.452898402959502 ], [ -104.548858145094897, 19.451615888002202 ], [ -104.539037471572215, 19.453655962842522 ], [ -104.537383979409071, 19.463200435705641 ], [ -104.535583787336932, 19.463714539564982 ], [ -104.462867627566069, 19.451917842616112 ], [ -104.452052550684527, 19.461598390252654 ], [ -104.448735420947173, 19.461076810965363 ], [ -104.448638363195059, 19.468451589129458 ], [ -104.453737607482523, 19.479466716494684 ], [ -104.460067732620246, 19.485062366522765 ], [ -104.469220205714549, 19.508497427272324 ], [ -104.457931901489559, 19.51071631588735 ], [ -104.452980409825543, 19.514971542963028 ], [ -104.439243250948294, 19.520041028248599 ], [ -104.389921097153845, 19.51627580539428 ], [ -104.380586356732294, 19.524167060959801 ], [ -104.370878183716982, 19.54283287034567 ], [ -104.360604693230314, 19.55515945287457 ], [ -104.358933400960112, 19.569530162979387 ], [ -104.365667377719419, 19.594353694340548 ], [ -104.349121967652877, 19.601325239673645 ], [ -104.340568974903576, 19.601185475431802 ], [ -104.342135929181893, 19.602513853761895 ], [ -104.333856873505468, 19.607800561479454 ], [ -104.332110701243224, 19.607962968793707 ], [ -104.332060174646386, 19.605518972400208 ], [ -104.327286303577452, 19.606296935367283 ], [ -104.326654373842459, 19.603727561615273 ], [ -104.322341267552844, 19.605997467237383 ], [ -104.322416654246894, 19.600612753087276 ], [ -104.309419555053367, 19.607214622715091 ], [ -104.304593653960211, 19.606086469792142 ], [ -104.304134318910585, 19.604221550165725 ], [ -104.299769481604642, 19.60446113096889 ], [ -104.297869269602003, 19.598492457651929 ], [ -104.294375820024882, 19.599189355705942 ], [ -104.2926978287542, 19.59641057680744 ], [ -104.282057321171393, 19.594316825440906 ], [ -104.274337485403308, 19.588998014332958 ], [ -104.263633669888193, 19.588559921295865 ], [ -104.263327595406238, 19.59282565607478 ], [ -104.260118389334039, 19.595386503746877 ], [ -104.246459788104445, 19.591419790046313 ], [ -104.243119501239022, 19.597915055812908 ], [ -104.238871164741155, 19.598153440712942 ], [ -104.228980707116747, 19.597922330941138 ], [ -104.225447212196826, 19.593771494338107 ], [ -104.227425872712004, 19.59365211293326 ], [ -104.226919148696155, 19.589177361084442 ], [ -104.22137178198183, 19.594465530950416 ], [ -104.217359434564713, 19.59387557475798 ], [ -104.212970949481175, 19.600284755590348 ], [ -104.207436496338616, 19.60205170154838 ], [ -104.202434859612396, 19.616246174017387 ], [ -104.204684264722914, 19.621346806098611 ], [ -104.201083412377926, 19.61955632781746 ], [ -104.1951350570329, 19.622771516616339 ], [ -104.185819642867614, 19.623906400145486 ], [ -104.18276788970806, 19.630235519869235 ], [ -104.178920781554638, 19.631757592560106 ], [ -104.175384114588255, 19.642682933463011 ], [ -104.171235527637279, 19.646647811335519 ], [ -104.171742535796938, 19.650708442245509 ], [ -104.165674846181403, 19.654212200131173 ] ] ] } },
{ "type": "Feature", "properties": { "cve_edo": "14", "cve_mpo_ine": "029", "cve_edo_mpo_ine": "14029", "nom_mpo": "CUAUTLA", "nom_edo": "Jalisco", "alianza_ganadora": "Va por México", "margen_pp": 36.446766819072501, "por_participacion": 68.13529149977748 }, "geometry": { "type": "Polygon", "coordinates": [ [ [ -104.541482657380669, 20.302052997344802 ], [ -104.541670403069546, 20.298298362336887 ], [ -104.537072294376358, 20.297600261414477 ], [ -104.529364337887415, 20.288682169931093 ], [ -104.533140259457255, 20.279278548381505 ], [ -104.520626668259624, 20.268953966878964 ], [ -104.517736091609947, 20.257806322483066 ], [ -104.514286684606375, 20.257757363724714 ], [ -104.512912190300597, 20.265364396469256 ], [ -104.508599579170266, 20.267355228200472 ], [ -104.504159501185114, 20.262290117092242 ], [ -104.500577734867051, 20.26596419747656 ], [ -104.497189942249832, 20.260909486478607 ], [ -104.497500098741298, 20.257308234417451 ], [ -104.491845040878147, 20.253267781082524 ], [ -104.48593323073608, 20.25237291779148 ], [ -104.481748570568101, 20.254397975792454 ], [ -104.471599774794328, 20.25081311439672 ], [ -104.469650276640422, 20.256252574545368 ], [ -104.466685134901752, 20.257413577239799 ], [ -104.460732861557247, 20.253661732379804 ], [ -104.456764899197694, 20.256737749424087 ], [ -104.449690917285452, 20.256632712729793 ], [ -104.452101895703194, 20.264628938242687 ], [ -104.442075982255162, 20.271964332272965 ], [ -104.440391461139697, 20.276629286790023 ], [ -104.436484681123105, 20.272931027828918 ], [ -104.427976448755416, 20.272001965338518 ], [ -104.416668019257116, 20.274178795904874 ], [ -104.416850715173055, 20.282281158205397 ], [ -104.409395082134637, 20.287989515546226 ], [ -104.40262184006599, 20.299210560883047 ], [ -104.402584635418535, 20.291979684788313 ], [ -104.395305994846836, 20.290999380851865 ], [ -104.392117366263349, 20.285212427746256 ], [ -104.388604618189675, 20.283630688168138 ], [ -104.385898365658889, 20.274803568902609 ], [ -104.390162810348158, 20.269099236659027 ], [ -104.379962085651414, 20.266005883827386 ], [ -104.375235160767332, 20.266626987382242 ], [ -104.371720148021012, 20.25458154298159 ], [ -104.364623805779587, 20.246455399099958 ], [ -104.363982453527754, 20.240960393470502 ], [ -104.355098711879336, 20.227984883827013 ], [ -104.36175624447732, 20.221664322014821 ], [ -104.366565625906688, 20.222575949239758 ], [ -104.368382438364364, 20.219813642024054 ], [ -104.366360730261363, 20.2149645099542 ], [ -104.371447069990992, 20.212063824686215 ], [ -104.367230081224136, 20.21155613266221 ], [ -104.370909592970861, 20.208431043274274 ], [ -104.370641077435963, 20.203593503103257 ], [ -104.365573136433184, 20.201362065599529 ], [ -104.367944591969618, 20.194037912638279 ], [ -104.377304205171228, 20.194623483598924 ], [ -104.386928098107319, 20.199797858618656 ], [ -104.397388795927881, 20.19688712410025 ], [ -104.399379986112024, 20.194121458022952 ], [ -104.394687556164016, 20.187166408740687 ], [ -104.401792045146678, 20.161964442758467 ], [ -104.399844481284561, 20.157942097048835 ], [ -104.390469685786115, 20.150446608075558 ], [ -104.38058540905304, 20.128639804586843 ], [ -104.386618138600809, 20.129529862100974 ], [ -104.388329375366126, 20.124410055530728 ], [ -104.390766161244244, 20.123581944445256 ], [ -104.396021305398619, 20.123533125608553 ], [ -104.398930295014722, 20.125966300423929 ], [ -104.404684353993787, 20.12454289833256 ], [ -104.408521974037896, 20.126670215594022 ], [ -104.409129458484017, 20.124880121723809 ], [ -104.40158801735241, 20.115491229905956 ], [ -104.407810563019424, 20.111162592640074 ], [ -104.41169056053873, 20.118462406262147 ], [ -104.415031960082842, 20.119108237519832 ], [ -104.417421565497293, 20.11588014705265 ], [ -104.420115904727353, 20.116288756827338 ], [ -104.436676860108889, 20.132845541069376 ], [ -104.440055856212936, 20.13241420629566 ], [ -104.438317852640964, 20.130168220549258 ], [ -104.439123152275599, 20.12361509495431 ], [ -104.443124952510829, 20.125159402978568 ], [ -104.443654874998913, 20.122418631015851 ], [ -104.450921719874501, 20.126637287436306 ], [ -104.456117304689883, 20.120628011424351 ], [ -104.464552067933866, 20.121887175319447 ], [ -104.469716046694373, 20.126059236431512 ], [ -104.48201659813607, 20.124931830535481 ], [ -104.48726727731929, 20.127570540889764 ], [ -104.503540391647604, 20.146816623154049 ], [ -104.510068443129882, 20.143223868258744 ], [ -104.516822477301332, 20.145048575526165 ], [ -104.511258685952754, 20.135628759670229 ], [ -104.507592059373508, 20.133376407706109 ], [ -104.510404536069274, 20.125131582785794 ], [ -104.508514621963329, 20.124089194015713 ], [ -104.512145991629311, 20.124603876851619 ], [ -104.514532053127098, 20.121291684208625 ], [ -104.520979069121211, 20.122418094849962 ], [ -104.523807084649164, 20.120753364618029 ], [ -104.536793005060176, 20.127514887625733 ], [ -104.540514391017823, 20.135311612568795 ], [ -104.547763562467637, 20.13563626534037 ], [ -104.552901504691079, 20.138399270820148 ], [ -104.562455828316445, 20.137191699828442 ], [ -104.562651939818991, 20.132511311221386 ], [ -104.566871398335877, 20.1275096201141 ], [ -104.573847610972763, 20.125934292123663 ], [ -104.578435570279865, 20.121836136808806 ], [ -104.588026321680871, 20.122447552497743 ], [ -104.605273050457015, 20.134548121582132 ], [ -104.610085522077014, 20.13284552926487 ], [ -104.613130666832518, 20.127615943167982 ], [ -104.610127901553412, 20.120842112625226 ], [ -104.618824339108045, 20.114970306535788 ], [ -104.617793681434179, 20.110353798410657 ], [ -104.620833597601745, 20.110504655221668 ], [ -104.62530228353647, 20.106366027698787 ], [ -104.637792645099964, 20.108824972894869 ], [ -104.647405451155734, 20.113281892505825 ], [ -104.649250036012518, 20.112130059557305 ], [ -104.650838416453126, 20.115452973398984 ], [ -104.653354806638518, 20.115695803169402 ], [ -104.655316337944768, 20.122860885045718 ], [ -104.659799630094724, 20.12497081821833 ], [ -104.668269680922549, 20.149763599715754 ], [ -104.674344057155508, 20.156747258694161 ], [ -104.677212439953493, 20.1653182695723 ], [ -104.684997852132497, 20.157676079953209 ], [ -104.681487471121144, 20.149356652590182 ], [ -104.683480719464882, 20.149964310750601 ], [ -104.686551125214137, 20.14573506219909 ], [ -104.689673091708912, 20.148771954993322 ], [ -104.692801508084329, 20.144500964991629 ], [ -104.698228144242123, 20.142610940744817 ], [ -104.70159732669471, 20.147462787851339 ], [ -104.705255726214887, 20.145662863573271 ], [ -104.706284469060932, 20.151466713040922 ], [ -104.703533034102449, 20.151646183407184 ], [ -104.702605796183278, 20.155154462032552 ], [ -104.704910868817635, 20.15757766959112 ], [ -104.704211078911513, 20.16154343309104 ], [ -104.709470728056104, 20.165982408143115 ], [ -104.706044728184665, 20.180680530708273 ], [ -104.711667179774622, 20.196710181222759 ], [ -104.706427008709952, 20.208669340349037 ], [ -104.698896846086839, 20.203249915242498 ], [ -104.693251324478553, 20.195464949439344 ], [ -104.690043753709816, 20.195218951049373 ], [ -104.688012951634178, 20.189507843705655 ], [ -104.684455007636089, 20.189252913860017 ], [ -104.678071328665126, 20.184340772692412 ], [ -104.674659938774539, 20.177974925122527 ], [ -104.670931197942906, 20.17759146065945 ], [ -104.663821978310139, 20.182121267333141 ], [ -104.659557484815011, 20.178542836073674 ], [ -104.658426920747146, 20.180869045222089 ], [ -104.653294683931335, 20.175285390090224 ], [ -104.652963522060276, 20.169493056959187 ], [ -104.644467832146546, 20.164856527505883 ], [ -104.638650441968409, 20.164974433147723 ], [ -104.633097360464049, 20.169194000608154 ], [ -104.626271626206488, 20.170507054418074 ], [ -104.62214492933181, 20.173252236006601 ], [ -104.617286729281702, 20.182051727436058 ], [ -104.609520081696019, 20.183505303796121 ], [ -104.604265047611378, 20.190187256531072 ], [ -104.600392713062305, 20.190583573518264 ], [ -104.599627447504929, 20.195893387930042 ], [ -104.603249675299338, 20.204579688610277 ], [ -104.600760656381851, 20.21071282073132 ], [ -104.589836110880341, 20.212125697070686 ], [ -104.582015440674553, 20.221963359862521 ], [ -104.579521076720084, 20.228219991603677 ], [ -104.58076273775923, 20.232961790429897 ], [ -104.591261186124839, 20.244097834496877 ], [ -104.589712429963981, 20.251783594785419 ], [ -104.584921782809445, 20.255047879923556 ], [ -104.579476327179492, 20.25350276567892 ], [ -104.571859940336878, 20.255578279168763 ], [ -104.572968042017166, 20.257383404795814 ], [ -104.566561257360974, 20.263414734133914 ], [ -104.571091432904296, 20.272910088806775 ], [ -104.569359859376647, 20.279062330556837 ], [ -104.562935672014916, 20.277036945898288 ], [ -104.557837418065276, 20.287913534009771 ], [ -104.553821564499728, 20.288616291073065 ], [ -104.550078669177466, 20.293683291188767 ], [ -104.545106039648232, 20.295371851240663 ], [ -104.544614740613994, 20.299449104145246 ], [ -104.541482657380669, 20.302052997344802 ] ] ] } },
{ "type": "Feature", "properties": { "cve_edo": "14", "cve_mpo_ine": "030", "cve_edo_mpo_ine": "14030", "nom_mpo": "CUQUIO", "nom_edo": "Jalisco", "alianza_ganadora": "Va por México", "margen_pp": 34.002521578896321, "por_participacion": 70.914718019257222 }, "geometry": { "type": "Polygon", "coordinates": [ [ [ -103.071387504296197, 21.078930768783657 ], [ -103.060506560336663, 21.094977968493787 ], [ -103.046525074805487, 21.104147259849263 ], [ -103.037853124894383, 21.096478821338721 ], [ -103.027188250795703, 21.098351241861561 ], [ -103.017271358302594, 21.103689010953119 ], [ -103.014805382968902, 21.10843653827644 ], [ -103.006034780532332, 21.106044065125779 ], [ -102.997741437116147, 21.100189547229668 ], [ -102.99131391001329, 21.091286885426928 ], [ -102.983036229868986, 21.089716834621601 ], [ -102.978783781985754, 21.091362979474109 ], [ -102.972781932772449, 21.08674011200857 ], [ -102.962706246143213, 21.08392611410596 ], [ -102.965541685614269, 21.06605972216305 ], [ -102.963729248638558, 21.057062634548377 ], [ -102.955580162876274, 21.048349868285808 ], [ -102.955955853226271, 21.045449189755114 ], [ -102.950244811461658, 21.039230188749336 ], [ -102.931277634856272, 21.028910256917491 ], [ -102.929467689816747, 21.029718173809425 ], [ -102.93059866553827, 21.03102843500578 ], [ -102.925565178031746, 21.032247531698054 ], [ -102.925717996784442, 21.030301206121472 ], [ -102.922791914369867, 21.031039739511716 ], [ -102.921553943352393, 21.02567626837795 ], [ -102.918950487088381, 21.023928551350046 ], [ -102.914031114453209, 21.024856349053135 ], [ -102.90870809781714, 21.021444799866856 ], [ -102.906199791019816, 21.022757267354308 ], [ -102.906003599764134, 21.016098784917521 ], [ -102.910644768408275, 21.01153381219655 ], [ -102.908654796538073, 21.007048088799831 ], [ -102.897215819767666, 21.002509508137809 ], [ -102.887851597904998, 21.009695075236912 ], [ -102.878349718926074, 21.010179574557768 ], [ -102.875656577749083, 21.006744771813523 ], [ -102.877662728315656, 21.000325527270242 ], [ -102.884626135721859, 20.997794651217777 ], [ -102.886907391252208, 20.989352982010018 ], [ -102.892160443916367, 20.987372311286595 ], [ -102.895834350124986, 20.979532764279508 ], [ -102.904900194140737, 20.974347173290614 ], [ -102.90186046292186, 20.971194391287721 ], [ -102.902138670934434, 20.966152477131153 ], [ -102.906985353264957, 20.961062147042419 ], [ -102.904416879806433, 20.954897566270866 ], [ -102.905344664291661, 20.949576825942824 ], [ -102.912110708252101, 20.936410456514846 ], [ -102.925799720341459, 20.934071293996571 ], [ -102.943483863522971, 20.904701532850972 ], [ -102.943166301193244, 20.897167714199608 ], [ -102.934667923465284, 20.894795097571862 ], [ -102.933077672804089, 20.892369845533807 ], [ -102.941173886861634, 20.882657072287213 ], [ -102.941875248594599, 20.871869506612907 ], [ -102.935609166262125, 20.865357878520079 ], [ -102.924086422406404, 20.862149447704084 ], [ -102.919325971005762, 20.853786340209222 ], [ -102.923300545386397, 20.846359245767768 ], [ -102.927837781360296, 20.843727433235667 ], [ -102.929029356701989, 20.840466086284902 ], [ -102.938540994670873, 20.841608787556513 ], [ -102.952302753784338, 20.838712574903866 ], [ -102.959335317303939, 20.830218239377515 ], [ -102.966912066674638, 20.830527595234241 ], [ -102.972577251423871, 20.822306396029884 ], [ -102.980605187361931, 20.817007710613769 ], [ -102.984320623749696, 20.804744935328436 ], [ -102.999305865918473, 20.799696573994805 ], [ -103.004348205968356, 20.801651122707575 ], [ -103.012574558754082, 20.800926715699056 ], [ -103.025301696184968, 20.791338036126593 ], [ -103.029787709507062, 20.795298705402413 ], [ -103.05165302565068, 20.795703842869308 ], [ -103.061276068414116, 20.795504391405757 ], [ -103.070182402112309, 20.79103208874017 ], [ -103.078745017585021, 20.791120519869697 ], [ -103.078831691285018, 20.793907206109608 ], [ -103.072147448865408, 20.802640458071483 ], [ -103.075897431438761, 20.818941025656205 ], [ -103.075786558807422, 20.829034966826523 ], [ -103.079117902486757, 20.828343396337758 ], [ -103.085730921224567, 20.840128267881305 ], [ -103.09064246454183, 20.841312579944944 ], [ -103.098486626691923, 20.855844077964278 ], [ -103.098847093826379, 20.861174483247851 ], [ -103.1045710898659, 20.860979473239563 ], [ -103.104457359920985, 20.865340858260922 ], [ -103.112783287432265, 20.867599398166373 ], [ -103.111776494269563, 20.87837417776182 ], [ -103.11610437894501, 20.87909845385013 ], [ -103.121381279664121, 20.884299887590473 ], [ -103.13871217476273, 20.876179817568577 ], [ -103.144765387094864, 20.886028278540788 ], [ -103.154710634746763, 20.89072967795407 ], [ -103.148636963235219, 20.897717113084585 ], [ -103.147538007420422, 20.910009249971264 ], [ -103.149654990763395, 20.921275643384856 ], [ -103.157326497146968, 20.929531434694095 ], [ -103.176294685322944, 20.942068003584488 ], [ -103.171210691872915, 20.947199687585695 ], [ -103.154890346117028, 20.949752889225206 ], [ -103.148693254073052, 20.954380899871978 ], [ -103.144421004253687, 20.953117469624623 ], [ -103.140973851819027, 20.958254736959343 ], [ -103.134478986439333, 20.957812862502905 ], [ -103.134476275643507, 20.954738764110502 ], [ -103.131785362700683, 20.955226237551212 ], [ -103.120495054227419, 20.96205834990932 ], [ -103.127756726216489, 20.972247243252234 ], [ -103.130455031024425, 20.973249855669341 ], [ -103.135016620205377, 20.970360681907714 ], [ -103.133675749562428, 20.976046395843401 ], [ -103.130400900163451, 20.978442335053849 ], [ -103.119164721337953, 20.977066287992162 ], [ -103.119125800021749, 20.99537398323379 ], [ -103.136328387531293, 20.998198981332791 ], [ -103.1481987642115, 20.98761250875603 ], [ -103.149132015041062, 20.984417533239139 ], [ -103.15134226080545, 20.987653629741889 ], [ -103.151309957476087, 20.99747044527102 ], [ -103.14588351860553, 21.0150207662547 ], [ -103.149696100417003, 21.023510696789614 ], [ -103.147941976645697, 21.024577647542362 ], [ -103.149174409708479, 21.028950562223226 ], [ -103.143952563199534, 21.040673602582817 ], [ -103.137301498497379, 21.040616897584226 ], [ -103.13999688843208, 21.043494328754388 ], [ -103.137543918166372, 21.050297051050087 ], [ -103.13239512342119, 21.054139114837078 ], [ -103.134681795876901, 21.058219637868174 ], [ -103.122692833941557, 21.064764091874725 ], [ -103.124414412090445, 21.068481429051044 ], [ -103.108802150592865, 21.066353371238865 ], [ -103.105614855305959, 21.062602885986752 ], [ -103.087960720081995, 21.066709658503726 ], [ -103.071387504296197, 21.078930768783657 ] ] ] } },
{ "type": "Feature", "properties": { "cve_edo": "14", "cve_mpo_ine": "031", "cve_edo_mpo_ine": "14031", "nom_mpo": "CHAPALA", "nom_edo": "Jalisco", "alianza_ganadora": "Va por México", "margen_pp": 10.876682429974537, "por_participacion": 62.488318642184225 }, "geometry": { "type": "MultiPolygon", "coordinates": [ [ [ [ -103.1877655361953, 20.249229036948847 ], [ -103.192957623353365, 20.249958842544398 ], [ -103.194723206291869, 20.253183634312194 ], [ -103.1877655361953, 20.249229036948847 ] ] ], [ [ [ -103.141515762719635, 20.312925745167046 ], [ -103.140455603966913, 20.307049719561345 ], [ -103.144023195701422, 20.306137007306575 ], [ -103.149000801194759, 20.310023929370981 ], [ -103.157010518467828, 20.305962702935684 ], [ -103.162687573049425, 20.307738085471822 ], [ -103.170759748385805, 20.306945579596913 ], [ -103.177831440290987, 20.302097971750854 ], [ -103.178054085763037, 20.297158348656939 ], [ -103.183860889008642, 20.288106062922658 ], [ -103.18858882443061, 20.285265147856968 ], [ -103.208888799158615, 20.290368656941368 ], [ -103.220110985394342, 20.28770498855938 ], [ -103.22609922414685, 20.291048543307713 ], [ -103.23054147649556, 20.286883994529884 ], [ -103.236126379929857, 20.287184301873495 ], [ -103.247542738014943, 20.293046848301056 ], [ -103.247490285817307, 20.296332442255828 ], [ -103.247940265450652, 20.294222385216514 ], [ -103.25162412708832, 20.29370787670582 ], [ -103.27004161003768, 20.296304221047656 ], [ -103.280161435351431, 20.290726826677997 ], [ -103.283118554946213, 20.294628219853553 ], [ -103.285400686007563, 20.294373399998026 ], [ -103.299855295971724, 20.28961975902584 ], [ -103.303327003854406, 20.302428870174872 ], [ -103.299703737232562, 20.305170112037423 ], [ -103.300534725750168, 20.310752468049486 ], [ -103.296878429154276, 20.325987337278477 ], [ -103.291728108934834, 20.326581887245929 ], [ -103.28916296259591, 20.331843440631769 ], [ -103.283988821087789, 20.333918969640465 ], [ -103.284429999768861, 20.337639601614523 ], [ -103.27263701927366, 20.342481113723636 ], [ -103.263648559551612, 20.339697428448297 ], [ -103.234821915757706, 20.337899624510467 ], [ -103.220294186280071, 20.340489050786577 ], [ -103.214461042630163, 20.338260633420727 ], [ -103.207307080133432, 20.340443646807298 ], [ -103.189295766848758, 20.331976301603518 ], [ -103.184594895518288, 20.334629580566602 ], [ -103.171437182919476, 20.333960515038136 ], [ -103.15801823740442, 20.33667649605529 ], [ -103.157961325389778, 20.34378240248132 ], [ -103.154919120203644, 20.343761097588743 ], [ -103.146208284332445, 20.335684438787109 ], [ -103.139076821778389, 20.342120575784751 ], [ -103.125813818775768, 20.361279665249768 ], [ -103.126376772900727, 20.378306351966057 ], [ -103.133686913911191, 20.378936796950814 ], [ -103.136958942046988, 20.386810123621249 ], [ -103.135495869338982, 20.393689161495594 ], [ -103.131069051770069, 20.395687320521034 ], [ -103.126630780760792, 20.404585797935237 ], [ -103.122718441126281, 20.403442396833295 ], [ -103.121227210246872, 20.406861091970949 ], [ -103.11007598254119, 20.402461479930537 ], [ -103.088385169699563, 20.400250779954266 ], [ -103.088360978033364, 20.393188364108621 ], [ -103.090559190059267, 20.392872837670428 ], [ -103.089064651960626, 20.387533229895627 ], [ -103.067010981094697, 20.379058984866738 ], [ -103.063381581905475, 20.375502957021926 ], [ -103.063494455958448, 20.372277606857327 ], [ -103.074646138316197, 20.361029822634137 ], [ -103.08732985096033, 20.359746649445853 ], [ -103.089599938612537, 20.352799601517496 ], [ -103.101749259696902, 20.346553712581041 ], [ -103.102441613596554, 20.340392573229046 ], [ -103.104317567723712, 20.344154923667915 ], [ -103.109812225936125, 20.344360366083542 ], [ -103.116046875479299, 20.331788781671666 ], [ -103.114110300902894, 20.320084148084764 ], [ -103.125266944695312, 20.327171958598463 ], [ -103.130997792733226, 20.324313091139231 ], [ -103.141515762719635, 20.312925745167046 ] ] ] ] } },
{ "type": "Feature", "properties": { "cve_edo": "14", "cve_mpo_ine": "032", "cve_edo_mpo_ine": "14032", "nom_mpo": "CHIMALTITAN", "nom_edo": "Jalisco", "alianza_ganadora": "Va por México", "margen_pp": 76.7388300322432, "por_participacion": 80.556586270871989 }, "geometry": { "type": "Polygon", "coordinates": [ [ [ -103.661441769039541, 21.922582773071749 ], [ -103.655265920728951, 21.921298536113245 ], [ -103.652715570076637, 21.918107600024896 ], [ -103.653940109185044, 21.902317948012307 ], [ -103.658855174696669, 21.892910111750084 ], [ -103.652086873425162, 21.868708101640408 ], [ -103.645194402774067, 21.872976945875937 ], [ -103.640626660012018, 21.87434455433128 ], [ -103.637797317558224, 21.872852565619755 ], [ -103.631301848122945, 21.875421670582028 ], [ -103.626461622070593, 21.871981552520062 ], [ -103.622041930871802, 21.86220069199409 ], [ -103.623714926740035, 21.843386068245522 ], [ -103.627746170058614, 21.841065662985219 ], [ -103.62586865944219, 21.83360586478096 ], [ -103.608835400013447, 21.816363517160649 ], [ -103.601208238285992, 21.816444816065701 ], [ -103.59515214372189, 21.807077391813586 ], [ -103.579475133427422, 21.805497713277404 ], [ -103.569183916758789, 21.799124802370748 ], [ -103.569305249910585, 21.789265027616398 ], [ -103.566285699249264, 21.785349710399306 ], [ -103.562783127681328, 21.784920350577991 ], [ -103.560802816116663, 21.779193020076381 ], [ -103.553501468380901, 21.779308170996373 ], [ -103.546973952768596, 21.77206260643479 ], [ -103.543216830880411, 21.773146731101612 ], [ -103.541246927418484, 21.770655363612786 ], [ -103.528352515570035, 21.772619656587501 ], [ -103.52218394519663, 21.759301364156187 ], [ -103.509892413853748, 21.744051832758771 ], [ -103.508992884295665, 21.738313986298621 ], [ -103.510970898217863, 21.736389291119906 ], [ -103.512298154159154, 21.718888669086947 ], [ -103.509802632690722, 21.716147711389215 ], [ -103.510959352788831, 21.713685959259358 ], [ -103.513807810216136, 21.714476428617381 ], [ -103.518156848490008, 21.711444698793919 ], [ -103.519588084175041, 21.703429230653043 ], [ -103.527433860827244, 21.688381688104641 ], [ -103.526445791721144, 21.678033156820856 ], [ -103.541807445917627, 21.664053049158952 ], [ -103.554900994473257, 21.637411103475284 ], [ -103.555176018081681, 21.626138088873841 ], [ -103.549924041862596, 21.604301365490912 ], [ -103.551031841192156, 21.59776816251167 ], [ -103.546063019088308, 21.587616613957373 ], [ -103.551929828667355, 21.584709828711933 ], [ -103.555042134202694, 21.577045219691453 ], [ -103.558723328478621, 21.576558642058721 ], [ -103.566351712912649, 21.581499296594263 ], [ -103.572009336276381, 21.582093817347456 ], [ -103.573911394554159, 21.584822209707845 ], [ -103.579034882366642, 21.58475543195695 ], [ -103.581890921189327, 21.589262703220971 ], [ -103.591084591594239, 21.590129361520102 ], [ -103.594982930216659, 21.582809019241292 ], [ -103.597302778546194, 21.559360269264456 ], [ -103.61017961094629, 21.556473690618155 ], [ -103.614726348803885, 21.558358369920228 ], [ -103.619843671020249, 21.557502156432758 ], [ -103.621722919398536, 21.565498365028173 ], [ -103.62425896946354, 21.566065862063962 ], [ -103.625637179513774, 21.569584610536214 ], [ -103.631263418313523, 21.574242507831553 ], [ -103.637807926715595, 21.5753279011874 ], [ -103.639864855416661, 21.574694734704423 ], [ -103.639637625962479, 21.567312119963198 ], [ -103.648230684447384, 21.566602432798334 ], [ -103.648155464362205, 21.564238344641268 ], [ -103.650806521120444, 21.564390000343483 ], [ -103.658100529513419, 21.554768049445109 ], [ -103.668609242691289, 21.55860992800692 ], [ -103.67406613857834, 21.555841955054344 ], [ -103.682273829939334, 21.558990507458159 ], [ -103.686641800519212, 21.554983561069019 ], [ -103.686856695214303, 21.558576224048366 ], [ -103.691680130436893, 21.56074653078835 ], [ -103.69249446403272, 21.572846386335065 ], [ -103.69906502332465, 21.578988174022431 ], [ -103.698508978185799, 21.583862374522059 ], [ -103.703895800810898, 21.590303796587538 ], [ -103.703165443505497, 21.59402202939776 ], [ -103.708850499880057, 21.599637421488524 ], [ -103.700000539076086, 21.600497600688577 ], [ -103.684220465374494, 21.606322107043543 ], [ -103.684253217229042, 21.619888038573926 ], [ -103.693211834987679, 21.630196313832862 ], [ -103.696586433179448, 21.637618765752187 ], [ -103.702161505388446, 21.642158462583851 ], [ -103.696958926347591, 21.653626805713174 ], [ -103.693718154289201, 21.653070700978621 ], [ -103.693865724551799, 21.657786456000935 ], [ -103.690840642411075, 21.660457510514938 ], [ -103.692049391720275, 21.665262043863603 ], [ -103.68859795268834, 21.670039907006267 ], [ -103.685766667254157, 21.6699822857688 ], [ -103.685147462711981, 21.665263827920977 ], [ -103.682792098889848, 21.664588517547553 ], [ -103.678705393820664, 21.667170487582968 ], [ -103.672537064721823, 21.68161011966205 ], [ -103.669836022713227, 21.679609128660999 ], [ -103.663986019175965, 21.681063697062601 ], [ -103.664532771008581, 21.687766972775385 ], [ -103.662230543341664, 21.687960197770391 ], [ -103.658650715044431, 21.694101421495581 ], [ -103.659321679461058, 21.699812833627373 ], [ -103.65599628770282, 21.703060407277547 ], [ -103.653653442360167, 21.70039954695779 ], [ -103.650694127753439, 21.70178807252567 ], [ -103.651241095967734, 21.708367278703037 ], [ -103.647723075118336, 21.71392956462865 ], [ -103.646598564248649, 21.723393797438238 ], [ -103.65319265951247, 21.716733259373484 ], [ -103.672577551567642, 21.712174232754922 ], [ -103.679571967899079, 21.707251952679332 ], [ -103.681611709193376, 21.70196988447649 ], [ -103.688748012457737, 21.702507333956863 ], [ -103.696931260366156, 21.69601946115624 ], [ -103.7055408786821, 21.6968127116738 ], [ -103.706235214450302, 21.708603892529815 ], [ -103.711603559828092, 21.708840881174627 ], [ -103.718590909746936, 21.714546095950723 ], [ -103.726254404398233, 21.715870717898746 ], [ -103.72680034842989, 21.723194274958153 ], [ -103.732186912044099, 21.720494228506467 ], [ -103.739420573284562, 21.724711039356048 ], [ -103.745268094422372, 21.723874233594486 ], [ -103.746611996443463, 21.726156255114724 ], [ -103.751055574960446, 21.723202332780474 ], [ -103.7609123077996, 21.723006857811438 ], [ -103.764764195212152, 21.720256202013875 ], [ -103.767877129323978, 21.722836931231154 ], [ -103.772900873213686, 21.721539838636097 ], [ -103.771792709830123, 21.729557772476383 ], [ -103.778147247416555, 21.732982503188563 ], [ -103.792602358621124, 21.733843071318052 ], [ -103.796696484415108, 21.729934830325554 ], [ -103.802778696320516, 21.729345344614529 ], [ -103.813651031569123, 21.737837477884874 ], [ -103.824106188502995, 21.736317746612627 ], [ -103.832946553296296, 21.738760045345114 ], [ -103.837684429140793, 21.735722461585706 ], [ -103.846382184482323, 21.742919793639668 ], [ -103.848990401436453, 21.740781566134828 ], [ -103.851149174064105, 21.745631049050541 ], [ -103.861180246288768, 21.74629906147948 ], [ -103.875306315592482, 21.754347665540106 ], [ -103.875500127877331, 21.774532496213599 ], [ -103.885429250316463, 21.772386124713925 ], [ -103.884440736098625, 21.781232757336205 ], [ -103.881822225188728, 21.783061728135394 ], [ -103.870464203525856, 21.786157845915369 ], [ -103.857240504881389, 21.784849416023167 ], [ -103.857370598376946, 21.787343604116405 ], [ -103.853501222207925, 21.787516111451176 ], [ -103.853703381842195, 21.792878737235466 ], [ -103.847089132172428, 21.791725098568495 ], [ -103.844719332542951, 21.794472589795895 ], [ -103.840726926268616, 21.793771943630443 ], [ -103.841392088788524, 21.796140598837628 ], [ -103.850813768620867, 21.799285586382055 ], [ -103.851483480245292, 21.802651956621077 ], [ -103.839089047308505, 21.814519334402714 ], [ -103.829840943363621, 21.810334078723674 ], [ -103.823780645954997, 21.81362696361802 ], [ -103.819660984860832, 21.811055198177471 ], [ -103.81558648561321, 21.819416873746611 ], [ -103.811543364071682, 21.821002056971761 ], [ -103.807606777650363, 21.819510634334051 ], [ -103.803271672047529, 21.822551026186652 ], [ -103.79749082066779, 21.821519009435324 ], [ -103.790956366359097, 21.825684233974684 ], [ -103.789738587486084, 21.820039966456783 ], [ -103.787569691107208, 21.820529387818585 ], [ -103.78675374766901, 21.824050657862191 ], [ -103.779968080553147, 21.817881534677184 ], [ -103.783504898123468, 21.808565297307421 ], [ -103.783710184967475, 21.800125894396402 ], [ -103.778858335045001, 21.792690063314566 ], [ -103.772543982215865, 21.791907275240707 ], [ -103.763064224698027, 21.804347480267513 ], [ -103.751854868985234, 21.800326306708708 ], [ -103.740190783420218, 21.802124845028516 ], [ -103.719211817014141, 21.796488762045847 ], [ -103.706022865448872, 21.805186874301516 ], [ -103.69662166720174, 21.807271695277258 ], [ -103.689469222686625, 21.805114415946928 ], [ -103.682058720879482, 21.834010312423459 ], [ -103.687603334404926, 21.835836335861188 ], [ -103.687385566105604, 21.842196778205551 ], [ -103.693065512789531, 21.848886336188702 ], [ -103.703492839851862, 21.850043716363238 ], [ -103.706420892649078, 21.85286856674076 ], [ -103.711300966315505, 21.851618039643672 ], [ -103.712380578171604, 21.853820530888441 ], [ -103.705250398912753, 21.85910499200784 ], [ -103.705115859845236, 21.872366176821039 ], [ -103.70185269900756, 21.876400681861448 ], [ -103.703062625124076, 21.881970374617872 ], [ -103.700873907444048, 21.886710841855095 ], [ -103.703807708048146, 21.891073872903313 ], [ -103.705215036224132, 21.902213890574711 ], [ -103.700646664443056, 21.908202990617827 ], [ -103.70107907289578, 21.912858620447029 ], [ -103.693577958756478, 21.915066393799151 ], [ -103.68650976354138, 21.922303585982217 ], [ -103.675848861636567, 21.91789771975581 ], [ -103.661441769039541, 21.922582773071749 ] ] ] } },
{ "type": "Feature", "properties": { "cve_edo": "14", "cve_mpo_ine": "033", "cve_edo_mpo_ine": "14033", "nom_mpo": "CHIQUILISTLAN", "nom_edo": "Jalisco", "alianza_ganadora": "Va por México", "margen_pp": 26.362484157160964, "por_participacion": 67.827208252740164 }, "geometry": { "type": "Polygon", "coordinates": [ [ [ -103.842024768047722, 20.202383265881799 ], [ -103.829958516357038, 20.190802082292901 ], [ -103.827000200852268, 20.185255162734389 ], [ -103.821802201972076, 20.182143797665212 ], [ -103.826364189777351, 20.175200525841742 ], [ -103.824177980479547, 20.170346098805442 ], [ -103.827102942242405, 20.170426598197519 ], [ -103.826952769412742, 20.168440862374808 ], [ -103.840061644967918, 20.158676964594775 ], [ -103.836184278861694, 20.154096601204099 ], [ -103.832554715351691, 20.153819762192281 ], [ -103.82981182615724, 20.150630410594697 ], [ -103.821432321883876, 20.152992293240096 ], [ -103.814458342347152, 20.144978774843398 ], [ -103.792238843130264, 20.141208368446506 ], [ -103.784264029149568, 20.136190502673443 ], [ -103.780556955617072, 20.138274460720236 ], [ -103.779239342246342, 20.143470797470552 ], [ -103.773285216108718, 20.144013822015065 ], [ -103.768590105074509, 20.135758135905697 ], [ -103.766032431108641, 20.118773826607743 ], [ -103.761005065311522, 20.115161385114433 ], [ -103.74659552943919, 20.116862314919381 ], [ -103.764140754745739, 20.10674960148253 ], [ -103.771615450843541, 20.106350142084139 ], [ -103.768587213050111, 20.103454054167344 ], [ -103.775546579553719, 20.093039355430438 ], [ -103.778137043591386, 20.090640539406483 ], [ -103.7919101744165, 20.089484675486894 ], [ -103.800785011370124, 20.081939595272154 ], [ -103.8015150036493, 20.076627462975125 ], [ -103.806974935324405, 20.071120693860678 ], [ -103.814383296113533, 20.070347542511659 ], [ -103.816846292479696, 20.067370159908261 ], [ -103.82691258421336, 20.064817204746454 ], [ -103.836381253234748, 20.064964761676755 ], [ -103.83971932780733, 20.061932425594573 ], [ -103.841455606455042, 20.057474601813531 ], [ -103.835543764708518, 20.056859644534217 ], [ -103.83443863822302, 20.050208147284611 ], [ -103.839490594506515, 20.048351072761427 ], [ -103.840911203357621, 20.035573147692169 ], [ -103.837406595660667, 20.032146990321749 ], [ -103.830301189751253, 20.016059928990103 ], [ -103.825919857257972, 20.012563937132491 ], [ -103.825934600281869, 20.006475406480433 ], [ -103.829695637857114, 20.007827032834069 ], [ -103.829576754814383, 20.004225529816477 ], [ -103.842771774724881, 20.007339864184342 ], [ -103.845431478415108, 20.005725763461321 ], [ -103.856397805307409, 20.015168301993686 ], [ -103.860049649772151, 20.010059822107895 ], [ -103.867742307438306, 20.015865326894907 ], [ -103.873186305680306, 20.016527693176599 ], [ -103.878688029572331, 20.010313633156091 ], [ -103.884498076473392, 20.008484952451838 ], [ -103.886288002940333, 20.003860046875133 ], [ -103.894417961766962, 20.0078767361519 ], [ -103.893923009838616, 20.001997260043076 ], [ -103.899529294782496, 19.999887965907188 ], [ -103.902851584801027, 19.992362478908717 ], [ -103.912721645756903, 19.990086659723691 ], [ -103.919784837525341, 19.985454242658633 ], [ -103.919891075179464, 19.976068546300596 ], [ -103.924378018486806, 19.966805706929062 ], [ -103.930045194445469, 19.96812712555662 ], [ -103.959353105550122, 19.95844034857312 ], [ -103.949956106809552, 19.983495103195079 ], [ -103.9530700970206, 19.989127345845461 ], [ -103.956767889938533, 20.010605336155816 ], [ -103.961893852876216, 20.016998931633964 ], [ -103.980512588636302, 20.019315628159525 ], [ -103.988676460662148, 20.025175521827393 ], [ -103.984115705974645, 20.029601844334518 ], [ -103.980657826885093, 20.037843450357784 ], [ -103.981170645698725, 20.045678226805563 ], [ -103.968711049978779, 20.059165799948779 ], [ -103.964035887141961, 20.061311636545938 ], [ -103.964932026530462, 20.083405387573801 ], [ -103.957394797827376, 20.085296453993553 ], [ -103.946980186876985, 20.095553535863463 ], [ -103.949596455689999, 20.102107911446009 ], [ -103.940136583492276, 20.113736509953466 ], [ -103.941312186265748, 20.120800687263845 ], [ -103.938704043698294, 20.122083995961212 ], [ -103.935387268738893, 20.116254362873221 ], [ -103.928831936907571, 20.119131542335396 ], [ -103.929101505371946, 20.127908011614508 ], [ -103.923745623244159, 20.139298419247908 ], [ -103.924053693339047, 20.150310836070357 ], [ -103.921684179987182, 20.155276344558558 ], [ -103.923197952879292, 20.158276372717239 ], [ -103.918103821500267, 20.157858328471637 ], [ -103.91441502918137, 20.160938922450718 ], [ -103.905662302218715, 20.155192760872282 ], [ -103.901370967975041, 20.160643163508642 ], [ -103.898232282741745, 20.15833064459224 ], [ -103.894438454556905, 20.158720273065228 ], [ -103.89202385681746, 20.161118122843362 ], [ -103.893513763651654, 20.172982069746716 ], [ -103.883401542435649, 20.180053599469115 ], [ -103.880990459666592, 20.17926208517466 ], [ -103.876601723820684, 20.18251815587962 ], [ -103.8677414048868, 20.184185409415115 ], [ -103.847377329935355, 20.183375332852428 ], [ -103.842024768047722, 20.202383265881799 ] ] ] } },
{ "type": "Feature", "properties": { "cve_edo": "14", "cve_mpo_ine": "034", "cve_edo_mpo_ine": "14034", "nom_mpo": "DEGOLLADO", "nom_edo": "Jalisco", "alianza_ganadora": "Va por México", "margen_pp": 15.630199667221298, "por_participacion": 50.902546186014504 }, "geometry": { "type": "Polygon", "coordinates": [ [ [ -102.100630207522315, 20.544666877338926 ], [ -102.104270556343636, 20.552009307444109 ], [ -102.098900442501261, 20.557572519581001 ], [ -102.090258352213041, 20.561765095156083 ], [ -102.085403282807988, 20.560621722200924 ], [ -102.086475558031196, 20.558108541723559 ], [ -102.090499558724233, 20.55240319431951 ], [ -102.094655759282702, 20.552915353850093 ], [ -102.096845481584651, 20.549754187507119 ], [ -102.094667764181239, 20.542762966426476 ], [ -102.088882050476457, 20.540736936637149 ], [ -102.091952924883628, 20.537214822877242 ], [ -102.090784567797954, 20.528331062141646 ], [ -102.065943051468622, 20.537150593439407 ], [ -102.061368237690559, 20.53791663338049 ], [ -102.057054501496665, 20.534956723010247 ], [ -102.051145407376566, 20.550124479824532 ], [ -102.043471798008426, 20.549977041172848 ], [ -102.040814984363251, 20.544760583807072 ], [ -102.037768372211644, 20.544801243551767 ], [ -102.024951100577539, 20.551045783077395 ], [ -102.019154296012331, 20.55063336254408 ], [ -102.007482346345185, 20.544668728315205 ], [ -102.003502345443707, 20.538754740171917 ], [ -102.004776813156923, 20.535802870684492 ], [ -102.008725346490337, 20.534249699711964 ], [ -102.010436500704358, 20.525570515395735 ], [ -102.020024930595071, 20.515021535364088 ], [ -102.019307053389142, 20.508123148963495 ], [ -102.021713086142526, 20.500619305188156 ], [ -102.034415275325273, 20.500573568851024 ], [ -102.034456260386037, 20.495006144829997 ], [ -102.045847567438813, 20.481960273222846 ], [ -102.041571039344575, 20.474510797022408 ], [ -102.044867053106515, 20.471932441291735 ], [ -102.042955138813952, 20.469281384410369 ], [ -102.045414260215153, 20.461047721693333 ], [ -102.044104053222341, 20.456131972624085 ], [ -102.04787008042463, 20.453226393542277 ], [ -102.051432194791005, 20.454237556882489 ], [ -102.051682296995963, 20.452011944247037 ], [ -102.056894899425799, 20.451341895113963 ], [ -102.057700462955594, 20.44507775533102 ], [ -102.061529274797394, 20.445052634603908 ], [ -102.062875869402333, 20.440629758005763 ], [ -102.066442868808494, 20.440588866236343 ], [ -102.073288132738597, 20.42856054321831 ], [ -102.076913173234601, 20.428932843590875 ], [ -102.071769193853612, 20.424592077903228 ], [ -102.065980559609756, 20.42517013593687 ], [ -102.075688356096677, 20.418805284758257 ], [ -102.075514042929427, 20.415291653609362 ], [ -102.071305107049227, 20.413637777838268 ], [ -102.071072994299598, 20.408553319924831 ], [ -102.077503703873404, 20.409132650581515 ], [ -102.080895140808863, 20.406983379616172 ], [ -102.081188256550533, 20.40413117653814 ], [ -102.084695659869823, 20.404999416318901 ], [ -102.086451642115861, 20.396484185826484 ], [ -102.088907182498374, 20.395120159316928 ], [ -102.089902730414238, 20.387679647991547 ], [ -102.080025380034215, 20.383132103250965 ], [ -102.082197688141477, 20.380757350143288 ], [ -102.086776913798843, 20.383869345646001 ], [ -102.095836075310004, 20.383940187222176 ], [ -102.104532559979816, 20.379150423577393 ], [ -102.112853314591831, 20.380779562912579 ], [ -102.122865583644838, 20.377636557837722 ], [ -102.131468161210904, 20.38113806928947 ], [ -102.134146300321092, 20.37597956003474 ], [ -102.13868498748468, 20.375364918728813 ], [ -102.160277447766333, 20.379234966562358 ], [ -102.167632376992088, 20.378445653696652 ], [ -102.166596973253704, 20.376420473443755 ], [ -102.159940894011001, 20.375029775791024 ], [ -102.157930060859826, 20.366465696192101 ], [ -102.177424298739396, 20.36799421302214 ], [ -102.177932328163678, 20.363654568655193 ], [ -102.174138199249541, 20.361401498716106 ], [ -102.173549667368619, 20.357563240644151 ], [ -102.196268104098692, 20.350036925196161 ], [ -102.208425603060761, 20.356560248577143 ], [ -102.212689028448494, 20.351886976052889 ], [ -102.219293197127129, 20.353866480296201 ], [ -102.282263919776511, 20.358187523972312 ], [ -102.301354247657315, 20.393871382378389 ], [ -102.311359859634749, 20.432633155666796 ], [ -102.306927760545577, 20.441607078217356 ], [ -102.307529510482354, 20.455575292041456 ], [ -102.298176813151798, 20.457570855666912 ], [ -102.29537547201592, 20.462079126839825 ], [ -102.288128820219427, 20.465559473174324 ], [ -102.277826863336941, 20.467293278234866 ], [ -102.274675892626277, 20.471147453105349 ], [ -102.274787761765538, 20.4746219118223 ], [ -102.26161177963057, 20.481322777065948 ], [ -102.259430727357852, 20.479188653969917 ], [ -102.255454907503108, 20.480101968480302 ], [ -102.251363801686026, 20.482957833146482 ], [ -102.252828620892529, 20.48601481405553 ], [ -102.244000250595647, 20.489081860294544 ], [ -102.233005015338932, 20.489009297609968 ], [ -102.223771098210847, 20.498358086671725 ], [ -102.225179506880934, 20.504639223612788 ], [ -102.223543904714916, 20.507575125457201 ], [ -102.225743977488563, 20.511208926562482 ], [ -102.21874836282629, 20.515263798609315 ], [ -102.213044717160869, 20.522290980534727 ], [ -102.197530213696908, 20.526636138712924 ], [ -102.189004723820076, 20.531540149726599 ], [ -102.166902590953114, 20.524952770516393 ], [ -102.161250886600556, 20.520237225121559 ], [ -102.133196741655013, 20.528278834191983 ], [ -102.124936224787703, 20.528375955590629 ], [ -102.122332243870289, 20.523617030414965 ], [ -102.111792843524171, 20.531515158572816 ], [ -102.108045424277208, 20.531257600880476 ], [ -102.100630207522315, 20.544666877338926 ] ] ] } },
{ "type": "Feature", "properties": { "cve_edo": "14", "cve_mpo_ine": "035", "cve_edo_mpo_ine": "14035", "nom_mpo": "EJUTLA", "nom_edo": "Jalisco", "alianza_ganadora": "Va por México", "margen_pp": 7.0189274447949526, "por_participacion": 62.555500740009862 }, "geometry": { "type": "Polygon", "coordinates": [ [ [ -104.087473490078935, 19.990647219134402 ], [ -104.088409179689904, 19.98023188166875 ], [ -104.084114752092958, 19.980357263133182 ], [ -104.07962575553772, 19.975045595300877 ], [ -104.075541620784222, 19.973713574030029 ], [ -104.070697139608754, 19.974038379966718 ], [ -104.068416866251638, 19.977972867741187 ], [ -104.06491768446115, 19.975439394935254 ], [ -104.059255274080655, 19.976467343444 ], [ -104.059784916330429, 19.972488953908893 ], [ -104.063464201305948, 19.970214612734544 ], [ -104.057396248867391, 19.967428046085505 ], [ -104.055417043888056, 19.964192507836454 ], [ -104.045322362488065, 19.962933593870865 ], [ -104.021915278846052, 19.966874763946524 ], [ -104.018524228401461, 19.971428428578943 ], [ -103.989149864310988, 19.9834788824101 ], [ -103.977590918932293, 19.985073299964313 ], [ -103.971291750740335, 19.982449673457378 ], [ -103.950216809565546, 19.985391014962676 ], [ -103.955838633234777, 19.964823571032664 ], [ -103.961100715095071, 19.955173075841305 ], [ -103.96212304348731, 19.934581649693133 ], [ -103.964978293766663, 19.930238724710566 ], [ -103.973560702662979, 19.92907633315852 ], [ -103.973607560150114, 19.921302984531756 ], [ -103.969923652063258, 19.917749167365372 ], [ -103.969685251715902, 19.914441502183749 ], [ -103.974809248065668, 19.904887326954171 ], [ -103.978312358367873, 19.904843907198085 ], [ -103.974278579644192, 19.90141443926122 ], [ -103.976786694034047, 19.899800411034398 ], [ -103.975615024776289, 19.897154856788063 ], [ -103.978816518513156, 19.89086809983494 ], [ -103.975419385918968, 19.88355159879486 ], [ -103.978270709630493, 19.877513123937916 ], [ -103.972889159314491, 19.870197778861179 ], [ -103.969131609937875, 19.855521490862031 ], [ -103.973858799149653, 19.8551052855641 ], [ -103.974447660918045, 19.858536802730807 ], [ -103.977778249884551, 19.860850274729156 ], [ -103.998502438424978, 19.862490334148948 ], [ -104.012350321425501, 19.870459931523957 ], [ -104.022993286576337, 19.848660511056298 ], [ -104.010611295707477, 19.843874429317061 ], [ -104.013870817438345, 19.838827300198805 ], [ -104.021167272347682, 19.839441399138373 ], [ -104.02600470988115, 19.835798509169386 ], [ -104.021625337812225, 19.834561892226514 ], [ -104.020569311045918, 19.831503018586265 ], [ -104.031621152473065, 19.812017998417573 ], [ -104.037341582553779, 19.812963629827223 ], [ -104.037286952330135, 19.814907070562818 ], [ -104.041197088929437, 19.81511002964384 ], [ -104.042718896706404, 19.817465411762072 ], [ -104.045470733840872, 19.815978260390825 ], [ -104.062446530902321, 19.822895173120006 ], [ -104.074861572588446, 19.836818946502742 ], [ -104.077910725324287, 19.846978444600062 ], [ -104.075338183299621, 19.84645202570848 ], [ -104.073321070042951, 19.850182478539097 ], [ -104.060972575794068, 19.845934754333886 ], [ -104.053297006586547, 19.850391919649564 ], [ -104.055464658399131, 19.868329657648584 ], [ -104.035968197280084, 19.877756307628037 ], [ -104.037745284099245, 19.881470682143824 ], [ -104.03535093680631, 19.890040350406409 ], [ -104.040165638811928, 19.893866292743166 ], [ -104.030407995714071, 19.910405590891322 ], [ -104.035637052012234, 19.914974318067298 ], [ -104.036667582623565, 19.920511234291109 ], [ -104.04412629794939, 19.926476550848001 ], [ -104.050669008242721, 19.926573433732077 ], [ -104.049826541862373, 19.922979333279656 ], [ -104.057222918914036, 19.919846954810584 ], [ -104.055196497696073, 19.913983495231946 ], [ -104.057283900166311, 19.911783058021573 ], [ -104.063607106536452, 19.913989319229415 ], [ -104.06692117631593, 19.911824900163648 ], [ -104.074386325947359, 19.893680599660655 ], [ -104.068825801886248, 19.891885002925584 ], [ -104.065822140496778, 19.888258848133365 ], [ -104.069936054580964, 19.883651140719241 ], [ -104.069082321979153, 19.878485765550025 ], [ -104.075428124969349, 19.87577053276561 ], [ -104.089653799373878, 19.876952884396609 ], [ -104.092177851006838, 19.874498078079981 ], [ -104.080107778069021, 19.869459471355523 ], [ -104.088572361231783, 19.868393795742136 ], [ -104.093081021935006, 19.870152059998016 ], [ -104.123691143180224, 19.863976426080786 ], [ -104.131663376590922, 19.868198949035349 ], [ -104.13644852203349, 19.867804490689508 ], [ -104.146630345531676, 19.862918325149071 ], [ -104.160560428335558, 19.867318083641315 ], [ -104.167285638808224, 19.860999914680164 ], [ -104.179520100183623, 19.854560314699086 ], [ -104.201008528983024, 19.860913967834307 ], [ -104.201892116945345, 19.862856028042621 ], [ -104.206378880447872, 19.86205722624906 ], [ -104.208036802872954, 19.867513796463072 ], [ -104.212047963953808, 19.864730285484903 ], [ -104.215151240645909, 19.867410611333355 ], [ -104.216007774804112, 19.863477647581654 ], [ -104.230988592780363, 19.874356237619931 ], [ -104.229220803471208, 19.886414916677513 ], [ -104.222142398605186, 19.890062261373092 ], [ -104.21502461708819, 19.890434643730575 ], [ -104.211873940506891, 19.895487246195067 ], [ -104.202051832428324, 19.928891733631581 ], [ -104.196760049316353, 19.92571676297402 ], [ -104.182232596249094, 19.93172735617096 ], [ -104.179636067633339, 19.939384763110787 ], [ -104.173773135666693, 19.942394401016827 ], [ -104.175126992039878, 19.953323630129457 ], [ -104.169998429291994, 19.959268224255002 ], [ -104.147918630511455, 19.958976373533435 ], [ -104.144095428971923, 19.961713518272592 ], [ -104.141398271945107, 19.960789964386819 ], [ -104.139117237572108, 19.975822288475413 ], [ -104.134934546056016, 19.977816979359357 ], [ -104.134739235574969, 19.981177057397407 ], [ -104.125381569286887, 19.974978920293626 ], [ -104.116858742542988, 19.975404079182095 ], [ -104.11326683241154, 19.978013610933129 ], [ -104.099804217886273, 19.980688982204434 ], [ -104.097453277708269, 19.979387904447581 ], [ -104.087473490078935, 19.990647219134402 ] ] ] } },
{ "type": "Feature", "properties": { "cve_edo": "14", "cve_mpo_ine": "009", "cve_edo_mpo_ine": "14009", "nom_mpo": "EL ARENAL", "nom_edo": "Jalisco", "alianza_ganadora": "Juntos Haremos Historia", "margen_pp": 3.7440507667900582, "por_participacion": 62.657388999337307 }, "geometry": { "type": "Polygon", "coordinates": [ [ [ -103.707017574881718, 20.787032972921224 ], [ -103.708331231257475, 20.790227499658211 ], [ -103.704668756087699, 20.81562941100303 ], [ -103.696722876355423, 20.825187485771625 ], [ -103.686862516330564, 20.819321092510709 ], [ -103.680689279684032, 20.821006650721682 ], [ -103.680572380418511, 20.813420868311646 ], [ -103.676850249383804, 20.808189555769481 ], [ -103.674918383874314, 20.810713618107329 ], [ -103.664680091069954, 20.813342558066761 ], [ -103.662167510586684, 20.819305489893949 ], [ -103.654838939261936, 20.818334511486906 ], [ -103.655923289768666, 20.822772345747527 ], [ -103.654033302347983, 20.82595945011888 ], [ -103.652279561611095, 20.825499220671144 ], [ -103.648229030335443, 20.819934923589628 ], [ -103.64921701763825, 20.812269018046283 ], [ -103.645470221380535, 20.805669155286331 ], [ -103.640106588429916, 20.80267136753962 ], [ -103.660955904591702, 20.794597993551662 ], [ -103.654511395413692, 20.78625094449372 ], [ -103.66019213920714, 20.777850063789973 ], [ -103.658399370321831, 20.77195977554026 ], [ -103.66442482561159, 20.767994772649317 ], [ -103.662637833206887, 20.761234063996422 ], [ -103.655317630744307, 20.764201092277144 ], [ -103.653995808242598, 20.767596873692067 ], [ -103.648771053999695, 20.766755176976567 ], [ -103.647182803662687, 20.764056996497242 ], [ -103.648834262111336, 20.756185397943902 ], [ -103.636182110039485, 20.751801771572584 ], [ -103.634724356816278, 20.754036435737355 ], [ -103.629187107996131, 20.753110483696297 ], [ -103.618062047504466, 20.769786196613289 ], [ -103.611865590399788, 20.769148083810268 ], [ -103.607354425872501, 20.766939178713809 ], [ -103.605135600927028, 20.758187243346566 ], [ -103.601712781685123, 20.757127908704327 ], [ -103.605277325368689, 20.75267475991776 ], [ -103.597588778212227, 20.745980446218738 ], [ -103.598632059975728, 20.741092186049773 ], [ -103.60477729694297, 20.735139996311961 ], [ -103.605895881591621, 20.729505767429451 ], [ -103.61465894137649, 20.725052377498741 ], [ -103.620788381233979, 20.723700499895507 ], [ -103.626226681621475, 20.729849181957611 ], [ -103.633108311980806, 20.72485113739658 ], [ -103.634159446386136, 20.722035135408039 ], [ -103.631655382718648, 20.717510704865841 ], [ -103.687632499603893, 20.703420531168348 ], [ -103.684901907980787, 20.717042701459018 ], [ -103.687628644944866, 20.721742864560941 ], [ -103.715594776218069, 20.720430238401686 ], [ -103.728177806292109, 20.725487880109966 ], [ -103.732101237571499, 20.724555627797546 ], [ -103.735197876883461, 20.731775994289023 ], [ -103.744031854762611, 20.737308913162199 ], [ -103.75047370115675, 20.735782665307674 ], [ -103.753655358420886, 20.73795627543349 ], [ -103.761242359245585, 20.737240821087603 ], [ -103.754930801096307, 20.744085628824273 ], [ -103.756933628006223, 20.746601657658346 ], [ -103.755008675918603, 20.749792454740994 ], [ -103.759020426952546, 20.756561414265789 ], [ -103.756518104977886, 20.762524977247029 ], [ -103.747671108746914, 20.765903981072746 ], [ -103.747022507256091, 20.763899589932581 ], [ -103.739382576799287, 20.763802234401282 ], [ -103.732820993105491, 20.768017642215408 ], [ -103.732362837340133, 20.771415797974729 ], [ -103.730695290534868, 20.769422838896741 ], [ -103.717105322585098, 20.776359453055246 ], [ -103.707017574881718, 20.787032972921224 ] ] ] } },
{ "type": "Feature", "properties": { "cve_edo": "14", "cve_mpo_ine": "039", "cve_edo_mpo_ine": "14039", "nom_mpo": "EL GRULLO", "nom_edo": "Jalisco", "alianza_ganadora": "Juntos Haremos Historia", "margen_pp": 6.492204899777283, "por_participacion": 44.486277618151192 }, "geometry": { "type": "Polygon", "coordinates": [ [ [ -104.270860036671948, 19.893595958485662 ], [ -104.260969380611286, 19.886883398258483 ], [ -104.256612951740266, 19.8905793156135 ], [ -104.256426155482217, 19.900095861888769 ], [ -104.24676046583312, 19.891602754325476 ], [ -104.24109933817337, 19.890916662471923 ], [ -104.234954340618373, 19.886590968207134 ], [ -104.234589639367883, 19.883489041767984 ], [ -104.231138325702375, 19.881347929920928 ], [ -104.232277341151061, 19.875552227538002 ], [ -104.216007774804112, 19.863477647581654 ], [ -104.215151240645909, 19.867410611333355 ], [ -104.212047963953808, 19.864730285484903 ], [ -104.208036802872954, 19.867513796463072 ], [ -104.207080191964266, 19.862386217356111 ], [ -104.201892116945345, 19.862856028042621 ], [ -104.201008528983024, 19.860913967834307 ], [ -104.177821732958549, 19.852909957245689 ], [ -104.172941803372765, 19.843779529976008 ], [ -104.176777098459795, 19.840790407583459 ], [ -104.177968555886906, 19.833298642967801 ], [ -104.186677418281718, 19.82500030414575 ], [ -104.188403708650085, 19.819906626558165 ], [ -104.198279311909545, 19.812059551412666 ], [ -104.199965451926417, 19.805026526036063 ], [ -104.166902957267908, 19.809331612816688 ], [ -104.15881752395039, 19.813490063709175 ], [ -104.146625957265641, 19.811783551729373 ], [ -104.143174102988624, 19.808854737206119 ], [ -104.135713082494902, 19.809080123533651 ], [ -104.125759534278473, 19.812786531703445 ], [ -104.12347819289819, 19.810888852819961 ], [ -104.118116592670404, 19.81131532794533 ], [ -104.11720292037289, 19.806987827230746 ], [ -104.122017176540737, 19.798516147449551 ], [ -104.120665849141034, 19.795989788912301 ], [ -104.127643172507376, 19.788715238044919 ], [ -104.129629333519816, 19.789249385416781 ], [ -104.132449976359609, 19.778501479231487 ], [ -104.130505936539961, 19.773446993654517 ], [ -104.127995531376826, 19.77312152635858 ], [ -104.127038746721254, 19.766696013914224 ], [ -104.120385383471302, 19.766339271434248 ], [ -104.121484888008865, 19.763765404509627 ], [ -104.114340920033641, 19.756608531024664 ], [ -104.116994808818376, 19.748100651458188 ], [ -104.124862224216997, 19.745551533751673 ], [ -104.123623483857244, 19.741780813619815 ], [ -104.114094431748541, 19.736330147451117 ], [ -104.11530916863191, 19.733382791724964 ], [ -104.110108290587817, 19.730907186371859 ], [ -104.110556677688692, 19.725680839486831 ], [ -104.116227177562166, 19.729026157021135 ], [ -104.114798365809818, 19.720901444749934 ], [ -104.118456767538248, 19.716206314747247 ], [ -104.11744522478061, 19.710610284967029 ], [ -104.12187672902553, 19.710143162548331 ], [ -104.110587189198739, 19.701130273705207 ], [ -104.110737978974882, 19.694245805493146 ], [ -104.12186790323787, 19.691398471753413 ], [ -104.135227271201813, 19.692235632393341 ], [ -104.148741795333663, 19.69032260807246 ], [ -104.151286969033578, 19.696976635582768 ], [ -104.144304305106985, 19.698300585522198 ], [ -104.143690639491993, 19.702818848537618 ], [ -104.1465123450525, 19.707027587000081 ], [ -104.154603757710603, 19.705945710879014 ], [ -104.152416367989815, 19.710307378428748 ], [ -104.153616709636054, 19.716099273264931 ], [ -104.156531987656336, 19.716455277192182 ], [ -104.159771701857125, 19.722235374965905 ], [ -104.158814319916701, 19.727666916164118 ], [ -104.162824973310748, 19.735596350563466 ], [ -104.165737070767705, 19.73537235891936 ], [ -104.167406195152736, 19.732007636786985 ], [ -104.172771800261572, 19.732804735157639 ], [ -104.175233622313371, 19.735151263699183 ], [ -104.174511793716803, 19.740912879324998 ], [ -104.180472817653694, 19.743694436491097 ], [ -104.180910334648786, 19.739094228902001 ], [ -104.184641612966232, 19.739403564683922 ], [ -104.187199114318773, 19.747672453853344 ], [ -104.190117402388779, 19.748400701037845 ], [ -104.191559867414014, 19.746114014834628 ], [ -104.19669979849084, 19.752137617471522 ], [ -104.201141931942217, 19.750074510967803 ], [ -104.206696011670161, 19.754699837111612 ], [ -104.211072600977246, 19.754156451986091 ], [ -104.211273577905715, 19.757176395692294 ], [ -104.216427452246819, 19.760277690498111 ], [ -104.217108724948901, 19.767477528670881 ], [ -104.221331367335793, 19.76498935930173 ], [ -104.229473085209577, 19.766667135183027 ], [ -104.231726774291474, 19.774044876699655 ], [ -104.226509343850509, 19.776897443399776 ], [ -104.226081344815867, 19.789835559718114 ], [ -104.231947298451402, 19.791867119836066 ], [ -104.230803292191766, 19.795331114202376 ], [ -104.239012971423634, 19.801805263751863 ], [ -104.243554658156327, 19.819041544233997 ], [ -104.241264217137342, 19.820635909520423 ], [ -104.243504068813394, 19.823878711012352 ], [ -104.248183442660945, 19.822427236042184 ], [ -104.257342589620734, 19.827502279804683 ], [ -104.272463897000407, 19.825511573151338 ], [ -104.275108995195453, 19.823423386506821 ], [ -104.281412807971279, 19.828433730367699 ], [ -104.283860209956899, 19.834282501670209 ], [ -104.283237101713326, 19.84961739899294 ], [ -104.289688496823089, 19.857440189490834 ], [ -104.297645701698897, 19.860602044555964 ], [ -104.296241766800406, 19.872536231201462 ], [ -104.299776274949252, 19.879351115164607 ], [ -104.292271810744381, 19.883141257772042 ], [ -104.294047852467727, 19.888265741393472 ], [ -104.29004715571044, 19.892954294082596 ], [ -104.281014819725996, 19.894680273955661 ], [ -104.278672094726943, 19.892784685388907 ], [ -104.270860036671948, 19.893595958485662 ] ] ] } },
{ "type": "Feature", "properties": { "cve_edo": "14", "cve_mpo_ine": "056", "cve_edo_mpo_ine": "14056", "nom_mpo": "EL LIMON", "nom_edo": "Jalisco", "alianza_ganadora": "Juntos Haremos Historia", "margen_pp": 21.421740516416961, "por_participacion": 55.384887005649709 }, "geometry": { "type": "Polygon", "coordinates": [ [ [ -104.050085481738591, 19.926658570690876 ], [ -104.040609614545346, 19.924712930908651 ], [ -104.036194990856188, 19.919727485760497 ], [ -104.035637052012234, 19.914974318067298 ], [ -104.030407995714071, 19.910405590891322 ], [ -104.040165638811928, 19.893866292743166 ], [ -104.03535093680631, 19.890040350406409 ], [ -104.037745284099245, 19.881470682143824 ], [ -104.035968197280084, 19.877756307628037 ], [ -104.055464658399131, 19.868329657648584 ], [ -104.053297006586547, 19.850391919649564 ], [ -104.060972575794068, 19.845934754333886 ], [ -104.073321070042951, 19.850182478539097 ], [ -104.075338183299621, 19.84645202570848 ], [ -104.077910725324287, 19.846978444600062 ], [ -104.074861572588446, 19.836818946502742 ], [ -104.067964501399686, 19.827296265214301 ], [ -104.061509123785441, 19.822402940748152 ], [ -104.045470733840872, 19.815978260390825 ], [ -104.049797030180684, 19.808516720266795 ], [ -104.048454973881178, 19.791650559662607 ], [ -104.043652120355105, 19.789148157211486 ], [ -104.047193788933896, 19.786486790425528 ], [ -104.047370201861682, 19.778215550544704 ], [ -104.049350021047559, 19.777945490973334 ], [ -104.052046379769493, 19.781796578394093 ], [ -104.060970456559474, 19.78040935266274 ], [ -104.07372782541529, 19.773497823443424 ], [ -104.083208163164159, 19.781646298736156 ], [ -104.090557545063149, 19.780592877687468 ], [ -104.094896284794913, 19.786596031902835 ], [ -104.095379483686031, 19.791405424112906 ], [ -104.101630253212278, 19.793215531058692 ], [ -104.108618259803066, 19.805598517925187 ], [ -104.116151606337652, 19.806783030457268 ], [ -104.118116592670404, 19.81131532794533 ], [ -104.12347819289819, 19.810888852819961 ], [ -104.125759534278473, 19.812786531703445 ], [ -104.135713082494902, 19.809080123533651 ], [ -104.143174102988624, 19.808854737206119 ], [ -104.146625957265641, 19.811783551729373 ], [ -104.15881752395039, 19.813490063709175 ], [ -104.166902957267908, 19.809331612816688 ], [ -104.199965451926417, 19.805026526036063 ], [ -104.198279311909545, 19.812059551412666 ], [ -104.188403708650085, 19.819906626558165 ], [ -104.186677418281718, 19.82500030414575 ], [ -104.177968555886906, 19.833298642967801 ], [ -104.176777098459795, 19.840790407583459 ], [ -104.172941803372765, 19.843779529976008 ], [ -104.179520100183623, 19.854560314699086 ], [ -104.167285638808224, 19.860999914680164 ], [ -104.160560428335558, 19.867318083641315 ], [ -104.146630345531676, 19.862918325149071 ], [ -104.13644852203349, 19.867804490689508 ], [ -104.131663376590922, 19.868198949035349 ], [ -104.123691143180224, 19.863976426080786 ], [ -104.093081021935006, 19.870152059998016 ], [ -104.088572361231783, 19.868393795742136 ], [ -104.080107778069021, 19.869459471355523 ], [ -104.092177851006838, 19.874498078079981 ], [ -104.089653799373878, 19.876952884396609 ], [ -104.086733714021776, 19.876818649823914 ], [ -104.087104023950019, 19.87538883200105 ], [ -104.074961286640686, 19.875813903597741 ], [ -104.0687348658697, 19.878900778349635 ], [ -104.069936054580964, 19.883651140719241 ], [ -104.065822140496778, 19.888258848133365 ], [ -104.068825801886248, 19.891885002925584 ], [ -104.074383416133983, 19.893267089196922 ], [ -104.073934558928713, 19.895874219458832 ], [ -104.066458850313992, 19.912529858448238 ], [ -104.063607106536452, 19.913989319229415 ], [ -104.057283900166311, 19.911783058021573 ], [ -104.055367424974406, 19.913362497346295 ], [ -104.057222918914036, 19.919846954810584 ], [ -104.049826541862373, 19.922979333279656 ], [ -104.050085481738591, 19.926658570690876 ] ] ] } },
{ "type": "Feature", "properties": { "cve_edo": "14", "cve_mpo_ine": "072", "cve_edo_mpo_ine": "14072", "nom_mpo": "EL SALTO", "nom_edo": "Jalisco", "alianza_ganadora": "Movimiento Ciudadano", "margen_pp": 7.6235311291146628, "por_participacion": 42.963648194168975 }, "geometry": { "type": "Polygon", "coordinates": [ [ [ -103.237729762587435, 20.562094569078305 ], [ -103.230990969856407, 20.559247378125555 ], [ -103.230949355043975, 20.557540160570419 ], [ -103.229145200307528, 20.558488425632802 ], [ -103.214963068453002, 20.55250524782906 ], [ -103.213328387485575, 20.564802901885479 ], [ -103.206740397147158, 20.563777978788622 ], [ -103.206201689725248, 20.566247073303316 ], [ -103.185832401814736, 20.564506167429002 ], [ -103.180229030323119, 20.537129011015818 ], [ -103.181220008237958, 20.533960947647294 ], [ -103.178802040113439, 20.531336670516787 ], [ -103.169711234711713, 20.531773444129787 ], [ -103.168662480562631, 20.52988068498497 ], [ -103.176679403459133, 20.504141949528364 ], [ -103.182471867798483, 20.502484878826284 ], [ -103.190429510097758, 20.504666946569213 ], [ -103.19973107771952, 20.494621245059122 ], [ -103.200853142728747, 20.497058129816541 ], [ -103.205067080628339, 20.496404653522379 ], [ -103.207928862348098, 20.49893459857169 ], [ -103.209840024852042, 20.496566573943589 ], [ -103.215847900110049, 20.498756601585232 ], [ -103.221376159580601, 20.496019749346917 ], [ -103.226053183535527, 20.498139226715541 ], [ -103.233303420104249, 20.49671431720083 ], [ -103.23747805476917, 20.49880036462179 ], [ -103.243554267162523, 20.507797213551257 ], [ -103.246445609648333, 20.506238105510526 ], [ -103.2474136869087, 20.510346129078322 ], [ -103.251421931390752, 20.509261638604549 ], [ -103.255696020633351, 20.512030993461284 ], [ -103.265594338400973, 20.508389746419915 ], [ -103.263637147848996, 20.512749961055142 ], [ -103.272755264192412, 20.528081491021815 ], [ -103.278106931809006, 20.526640561368801 ], [ -103.28304710172975, 20.52830153297208 ], [ -103.285727944473308, 20.525819133304228 ], [ -103.286948051938325, 20.53226593083464 ], [ -103.294094266593973, 20.535823117717424 ], [ -103.294939266246516, 20.538273735866202 ], [ -103.312822323508684, 20.542310139979378 ], [ -103.319836668775693, 20.550498347722638 ], [ -103.330238546236004, 20.549032597504855 ], [ -103.333420489324951, 20.572213879641165 ], [ -103.331623046551556, 20.578261104888906 ], [ -103.318882392503795, 20.585155049815153 ], [ -103.315584071479847, 20.578317044532714 ], [ -103.306008547756207, 20.576819667872787 ], [ -103.302365244485898, 20.587589297459949 ], [ -103.295072804772957, 20.590475403037839 ], [ -103.294856088628933, 20.593141921718431 ], [ -103.290957373362104, 20.5929645036666 ], [ -103.285604268050704, 20.589688864765812 ], [ -103.289161495834961, 20.583059676372919 ], [ -103.288580647487436, 20.580049748112259 ], [ -103.284240247672344, 20.579810421461477 ], [ -103.283948563967414, 20.577327300721478 ], [ -103.272179523526987, 20.576008315649911 ], [ -103.272906122512936, 20.578998683261787 ], [ -103.262053697208373, 20.578652339500053 ], [ -103.257412407219192, 20.585018030115791 ], [ -103.253582665596312, 20.579447416076338 ], [ -103.256121717994134, 20.559684077003364 ], [ -103.252865888339059, 20.558247426483675 ], [ -103.237729762587435, 20.562094569078305 ] ] ] } },
{ "type": "Feature", "properties": { "cve_edo": "14", "cve_mpo_ine": "036", "cve_edo_mpo_ine": "14036", "nom_mpo": "ENCARNACION DE DIAZ", "nom_edo": "Jalisco", "alianza_ganadora": "Va por México", "margen_pp": 9.1640333237575415, "por_participacion": 53.703941786017332 }, "geometry": { "type": "Polygon", "coordinates": [ [ [ -102.154245810017159, 21.700247995972894 ], [ -102.148400971401074, 21.699675967183108 ], [ -102.140161629784629, 21.704815205257201 ], [ -102.136801586715677, 21.716535174546678 ], [ -102.12942186529132, 21.718164715471154 ], [ -102.125395374245485, 21.725865013509043 ], [ -102.118699715082812, 21.723983499091553 ], [ -102.118316961966272, 21.726793392573661 ], [ -102.123240536203269, 21.729155277139668 ], [ -102.120626660008682, 21.736909645864618 ], [ -102.122830147065017, 21.740281030155298 ], [ -102.112460348918475, 21.746019670096121 ], [ -102.111599567453339, 21.74944572909931 ], [ -102.107586330451753, 21.747097565612791 ], [ -102.107750632451868, 21.744318338801101 ], [ -102.105316547871794, 21.744150387969828 ], [ -102.102786796304784, 21.748669883648489 ], [ -102.099582328105612, 21.748750076714234 ], [ -102.096003410544398, 21.745054951295579 ], [ -102.091859902610324, 21.74729125173625 ], [ -102.087868999853441, 21.74425931497224 ], [ -102.083018786133621, 21.747656216158298 ], [ -102.062958464468338, 21.747469524814388 ], [ -102.063463997519762, 21.754107132986878 ], [ -102.061922431494466, 21.754437285746491 ], [ -102.060784255642886, 21.752154539089069 ], [ -102.055796283187561, 21.751568175837964 ], [ -102.031304565627167, 21.755852361243694 ], [ -102.018690861407265, 21.748493571838317 ], [ -102.024405350471483, 21.738877824728949 ], [ -102.024891627839779, 21.727969113770673 ], [ -102.02169826850826, 21.730453716957026 ], [ -102.008985570279677, 21.72707641566079 ], [ -102.009548726286596, 21.720025610765866 ], [ -102.005207855204361, 21.717779574278055 ], [ -102.005494971129338, 21.715540069124028 ], [ -102.001753758470954, 21.71474660361562 ], [ -101.998197517150757, 21.71459864718037 ], [ -101.988922847365814, 21.725304846881894 ], [ -101.983269055686506, 21.72114820655559 ], [ -101.982640327859031, 21.712519567039728 ], [ -101.96739832014056, 21.699056077963728 ], [ -101.968429906025207, 21.690056871807347 ], [ -101.971994776841598, 21.691472900723561 ], [ -101.972690960316811, 21.687616475208884 ], [ -101.969366121249791, 21.686864519610907 ], [ -101.967511065678949, 21.68283807335613 ], [ -101.974867646369134, 21.683181678939487 ], [ -101.978859404305936, 21.673025534718366 ], [ -101.977932859597885, 21.664064596308879 ], [ -101.98944929704335, 21.666570761235423 ], [ -101.992551978490724, 21.670972159407448 ], [ -101.995725681428127, 21.664091127713274 ], [ -101.995773906597762, 21.661477970366381 ], [ -101.988511424128234, 21.655414459746609 ], [ -101.971706518361927, 21.633527407257155 ], [ -101.992419669731348, 21.618770491825369 ], [ -101.995996474967185, 21.611008813639806 ], [ -101.986839431860247, 21.603103462995477 ], [ -101.983866610420463, 21.596488411239285 ], [ -101.979963976394657, 21.598795769894195 ], [ -101.976504610725229, 21.595154480606261 ], [ -101.989933106076549, 21.574270556443128 ], [ -101.988200990717544, 21.567120415792825 ], [ -101.992337668834296, 21.553203571173242 ], [ -102.00126999645957, 21.546482370628652 ], [ -102.005246678155117, 21.528722386584271 ], [ -102.025332758493775, 21.530278164540011 ], [ -102.027292226788418, 21.527140639621877 ], [ -102.025424920665017, 21.523295836924948 ], [ -102.026354062779404, 21.513752957431507 ], [ -102.022374141817039, 21.508170166146225 ], [ -102.027854591497203, 21.507929244286942 ], [ -102.031882877934692, 21.503265486578922 ], [ -102.033106739422394, 21.506117830490172 ], [ -102.044384025414274, 21.500883991990143 ], [ -102.044253436899865, 21.49092554388821 ], [ -102.048242514840268, 21.482285666844849 ], [ -102.045920882643202, 21.474070972210473 ], [ -102.05172119477551, 21.467962412082709 ], [ -102.052045584642286, 21.461351983648321 ], [ -102.057112976001306, 21.460902861511247 ], [ -102.063579823207505, 21.463636461383725 ], [ -102.07072316360717, 21.459924888988109 ], [ -102.088054412539719, 21.45651122389339 ], [ -102.093964576296997, 21.451723201166693 ], [ -102.10603432639067, 21.452765598951522 ], [ -102.115647587779108, 21.449632206751392 ], [ -102.118669768405795, 21.445089098545793 ], [ -102.124809012498702, 21.441580879127024 ], [ -102.134520499922388, 21.443156820925569 ], [ -102.129712198390678, 21.437823753092669 ], [ -102.133032373436905, 21.432206157065472 ], [ -102.121910910414442, 21.42996820691512 ], [ -102.116977864012583, 21.426576807157083 ], [ -102.121416693076384, 21.421042830167202 ], [ -102.121097792418325, 21.412448118158625 ], [ -102.124644400798147, 21.409020742404493 ], [ -102.12366297265504, 21.404103083449151 ], [ -102.1244953236355, 21.402078906280249 ], [ -102.129967656995831, 21.402949800450976 ], [ -102.131801501650003, 21.400760855836829 ], [ -102.140723735503727, 21.399868408665544 ], [ -102.148375983536951, 21.392449987358187 ], [ -102.145516526073038, 21.389964862946741 ], [ -102.154970791492403, 21.3861491949115 ], [ -102.156588921946096, 21.38179622015927 ], [ -102.159405410019644, 21.380788621600114 ], [ -102.166065450634093, 21.382864336724118 ], [ -102.176181645963226, 21.391542166121582 ], [ -102.179281300551253, 21.397608444208132 ], [ -102.18717175029812, 21.398429398802584 ], [ -102.190416679192481, 21.391590805844601 ], [ -102.195173379269093, 21.390448079543141 ], [ -102.196564550594786, 21.387461314049389 ], [ -102.215003336495954, 21.383057515471808 ], [ -102.215549244887754, 21.393813191437378 ], [ -102.211441290868478, 21.403642618570384 ], [ -102.220694873682703, 21.406157353988505 ], [ -102.225336325358313, 21.405304094109283 ], [ -102.227831000857663, 21.400366041410944 ], [ -102.230754865736472, 21.381356326109032 ], [ -102.24393109121732, 21.381447609344711 ], [ -102.242615200351693, 21.386586241867604 ], [ -102.251159940756438, 21.388730822289464 ], [ -102.259744870150868, 21.396337042900822 ], [ -102.267225672340857, 21.389672826390939 ], [ -102.275746246683894, 21.388464455260927 ], [ -102.275315167750918, 21.385859948978844 ], [ -102.278244809664159, 21.38431164540226 ], [ -102.287227450925357, 21.382726061753946 ], [ -102.284331148587086, 21.380137594390273 ], [ -102.286322606450852, 21.379008492100901 ], [ -102.298411910588811, 21.375336130662582 ], [ -102.300591290593346, 21.375736854881957 ], [ -102.299983620645804, 21.383149903870155 ], [ -102.306894502915682, 21.384678810810104 ], [ -102.311115057374892, 21.382749636432546 ], [ -102.30952788877994, 21.39058056604258 ], [ -102.313252511505851, 21.392999533869283 ], [ -102.316913262754895, 21.387100891897145 ], [ -102.323275728395103, 21.388303415845225 ], [ -102.330867124837454, 21.403775295769766 ], [ -102.348271041406448, 21.409874450552529 ], [ -102.351011632807683, 21.406753451312962 ], [ -102.358635569514817, 21.411050606611013 ], [ -102.366141861901312, 21.400615442378172 ], [ -102.368394697108329, 21.402753016306217 ], [ -102.372821110947285, 21.397179111823537 ], [ -102.37652785999849, 21.396489493112021 ], [ -102.381887569516095, 21.387516282317641 ], [ -102.391437486385612, 21.385925770140066 ], [ -102.396615957668558, 21.393258330416778 ], [ -102.401033891803991, 21.393932767888803 ], [ -102.403410765001126, 21.40389093091494 ], [ -102.424994845230515, 21.414805733216479 ], [ -102.420887302690801, 21.417037158785519 ], [ -102.42333715867089, 21.420517661598794 ], [ -102.422725256426858, 21.424526539640254 ], [ -102.425199161489317, 21.430606159266958 ], [ -102.433096642840027, 21.436379102787196 ], [ -102.426450152786359, 21.444786047710494 ], [ -102.406719942689008, 21.454530215514087 ], [ -102.409436071868754, 21.454831096075619 ], [ -102.40650865361745, 21.457255607592391 ], [ -102.404683819108996, 21.46420676355536 ], [ -102.407872329057497, 21.477581855536631 ], [ -102.400284864917026, 21.497941655749276 ], [ -102.390915153143368, 21.503008864494767 ], [ -102.378702989288556, 21.504289238549141 ], [ -102.38026103878785, 21.507030204591601 ], [ -102.378505413668137, 21.510934961450218 ], [ -102.37295898301808, 21.51645270336012 ], [ -102.368588975297655, 21.51723390595582 ], [ -102.366694588855424, 21.522829960959736 ], [ -102.365420708857087, 21.530703275593929 ], [ -102.369757345829413, 21.542473982827627 ], [ -102.367716443340143, 21.564997311679821 ], [ -102.370309720282251, 21.569896076830393 ], [ -102.382799542504017, 21.560691955472276 ], [ -102.385103015186914, 21.57012950312205 ], [ -102.387806915508818, 21.5707762859106 ], [ -102.390606848908391, 21.568327226612713 ], [ -102.392409349472331, 21.5704099722889 ], [ -102.393121852266177, 21.565049425415378 ], [ -102.403204959825089, 21.559824477557868 ], [ -102.403014017077098, 21.565974866508025 ], [ -102.399029091207495, 21.568949009196306 ], [ -102.40038025258653, 21.579243948790193 ], [ -102.398542585993184, 21.580092539750286 ], [ -102.399361329550601, 21.585592420922804 ], [ -102.405294131127292, 21.592382462767013 ], [ -102.405175288236066, 21.597418717894861 ], [ -102.400953021072667, 21.605386579540948 ], [ -102.401732488198888, 21.614189292512183 ], [ -102.397778891764162, 21.619351970124118 ], [ -102.388808217465012, 21.619962994041355 ], [ -102.385757879232941, 21.623524197180213 ], [ -102.380330171524832, 21.618844384882127 ], [ -102.381723142031532, 21.635333246123547 ], [ -102.386303246392629, 21.636990268209008 ], [ -102.388177602994077, 21.642955103404429 ], [ -102.383629482841613, 21.652251091143693 ], [ -102.384133785468379, 21.650850466679728 ], [ -102.36932535933947, 21.649391853188465 ], [ -102.366892067017616, 21.64190214521847 ], [ -102.324210229119828, 21.62158260885403 ], [ -102.317489556916541, 21.629185039788087 ], [ -102.312326783247073, 21.640233943574035 ], [ -102.305512714061749, 21.638483318274396 ], [ -102.298988384714335, 21.643727783277001 ], [ -102.296998701229029, 21.64238773234996 ], [ -102.282432333551114, 21.651290916050986 ], [ -102.281580136489467, 21.654304630779045 ], [ -102.23378028270983, 21.655547118937651 ], [ -102.22503615352278, 21.661210278436737 ], [ -102.218031795516012, 21.678028409190606 ], [ -102.221157543550987, 21.681102927577928 ], [ -102.213862823709675, 21.686941730721035 ], [ -102.215170088488961, 21.694801658731915 ], [ -102.194236296853546, 21.691460830209813 ], [ -102.189633259984504, 21.687378742869328 ], [ -102.17702630097105, 21.68776523362046 ], [ -102.160829702892499, 21.693704586957733 ], [ -102.154245810017159, 21.700247995972894 ] ], [ [ -101.979461530265098, 21.697499302737697 ], [ -101.988015692870931, 21.706704352675612 ], [ -102.001218883745267, 21.695067009054419 ], [ -102.000485909203832, 21.692163890025366 ], [ -101.979461530265098, 21.697499302737697 ] ] ] } },
{ "type": "Feature", "properties": { "cve_edo": "14", "cve_mpo_ine": "037", "cve_edo_mpo_ine": "14037", "nom_mpo": "ETZATLAN", "nom_edo": "Jalisco", "alianza_ganadora": "Movimiento Ciudadano", "margen_pp": 19.794182505512968, "por_participacion": 63.212744772651838 }, "geometry": { "type": "Polygon", "coordinates": [ [ [ -104.14125557493449, 20.807288990040885 ], [ -104.137798834525086, 20.805664407690191 ], [ -104.133205260431311, 20.809994113824565 ], [ -104.125862031441784, 20.811873651657653 ], [ -104.124087134272969, 20.815674361224552 ], [ -104.132256041517238, 20.812763188572383 ], [ -104.136164575898718, 20.819271571682794 ], [ -104.134392113580304, 20.822451774309457 ], [ -104.128631973057168, 20.824626096786201 ], [ -104.132260245918161, 20.82757541885724 ], [ -104.127718077141068, 20.833642848074607 ], [ -104.133093830358462, 20.840321551400997 ], [ -104.128334444720252, 20.841547431435352 ], [ -104.12708617163257, 20.845722229636568 ], [ -104.139042774552095, 20.850932528965657 ], [ -104.144827447507126, 20.858481058739752 ], [ -104.146656028537791, 20.856087066187182 ], [ -104.153926649573023, 20.858674973171791 ], [ -104.155420867638242, 20.867782071648023 ], [ -104.154468711889578, 20.871378740622333 ], [ -104.1494097350065, 20.874052367275198 ], [ -104.149219066213774, 20.878106500451111 ], [ -104.145981040930337, 20.880496077298965 ], [ -104.140465732715754, 20.879361513942847 ], [ -104.14303410258735, 20.883548505696805 ], [ -104.139323696494145, 20.88659844672463 ], [ -104.129474737657617, 20.88230518915676 ], [ -104.129996282425424, 20.884168736764714 ], [ -104.122065933944342, 20.885053086525897 ], [ -104.118138872239982, 20.883178277697507 ], [ -104.112378548344708, 20.884731339109553 ], [ -104.104045750493711, 20.88337928703919 ], [ -104.091641324227425, 20.887143178439462 ], [ -104.090835039483025, 20.883168455601933 ], [ -104.084135034261863, 20.876424151009029 ], [ -104.086945632437974, 20.871983872121405 ], [ -104.079433939476232, 20.871088629588751 ], [ -104.08050169577858, 20.882925413564255 ], [ -104.070635935896874, 20.883221289249189 ], [ -104.074868269914589, 20.85324015592861 ], [ -104.06630671425151, 20.850933910306182 ], [ -104.060986663937868, 20.845618752999133 ], [ -104.069682536729559, 20.843705564236362 ], [ -104.065515595449199, 20.829250969869001 ], [ -104.072116173693047, 20.822737500068122 ], [ -104.072249239696973, 20.818890158798791 ], [ -104.074006799863966, 20.819682527979015 ], [ -104.075602049346244, 20.817081603223464 ], [ -104.071515436598119, 20.811729773475516 ], [ -104.06418358645918, 20.81066910435235 ], [ -104.068630150769692, 20.785363942183917 ], [ -104.054286408757349, 20.777533636598356 ], [ -104.048334670226367, 20.769650622557045 ], [ -104.059759091650747, 20.75955567434228 ], [ -104.052195869570127, 20.758328240198985 ], [ -104.047810246314995, 20.754878021333084 ], [ -104.047098738495961, 20.756654493324589 ], [ -104.035942905528145, 20.75872297947069 ], [ -104.027139959108453, 20.772798234481694 ], [ -104.027422642242087, 20.764237735619513 ], [ -104.017420517202055, 20.754887247847552 ], [ -104.057756460425963, 20.682807390502656 ], [ -104.056491201504699, 20.663003320966499 ], [ -104.064946886848972, 20.653034197930626 ], [ -104.06993292294797, 20.652389921547073 ], [ -104.076894082606515, 20.656303694862792 ], [ -104.076614821731766, 20.652827201276686 ], [ -104.087492476716193, 20.644838139509542 ], [ -104.089207643622558, 20.640996117832024 ], [ -104.095363919425253, 20.640810223902726 ], [ -104.095560586037067, 20.635432083624323 ], [ -104.102583002093255, 20.638641648416478 ], [ -104.106863883507756, 20.638283548985417 ], [ -104.118070359395873, 20.651519248112542 ], [ -104.125269441962004, 20.654852627211497 ], [ -104.127993638757928, 20.64741375822901 ], [ -104.145050051718968, 20.648584693643048 ], [ -104.150897834035206, 20.652864462731792 ], [ -104.153486034306439, 20.650431215280463 ], [ -104.155609159559489, 20.651647336591477 ], [ -104.155245597837123, 20.650229703748185 ], [ -104.175809428741218, 20.654676971991769 ], [ -104.18295383718926, 20.657263057482766 ], [ -104.184348727934236, 20.660990928223367 ], [ -104.188974632285152, 20.662866110935109 ], [ -104.198546312990459, 20.658383142254344 ], [ -104.203347963602511, 20.660341186869989 ], [ -104.209977978081952, 20.658911245929342 ], [ -104.218562120096664, 20.670271592009602 ], [ -104.215782421634941, 20.677960104002103 ], [ -104.222847568088838, 20.687909350923334 ], [ -104.229050342466564, 20.69239438855357 ], [ -104.231750746835644, 20.691491179050939 ], [ -104.233560608190487, 20.694226732416617 ], [ -104.239963112846695, 20.690809019506155 ], [ -104.244221031750627, 20.694174900463334 ], [ -104.248138197330704, 20.703035822806999 ], [ -104.242894461181933, 20.711215061718388 ], [ -104.247328004684775, 20.719542951983424 ], [ -104.247075042601168, 20.725872888665251 ], [ -104.240981138893275, 20.723623060592423 ], [ -104.234520935647183, 20.726254462001776 ], [ -104.220270030572877, 20.725223785605625 ], [ -104.212156890549167, 20.731077219020296 ], [ -104.209051693748606, 20.729868805985419 ], [ -104.196370314392553, 20.733226295230029 ], [ -104.184025426772592, 20.741093761069632 ], [ -104.191288740954789, 20.744466087048274 ], [ -104.205947158725493, 20.765443490418384 ], [ -104.206448411133138, 20.773885537152132 ], [ -104.202814583953597, 20.772592774877886 ], [ -104.20073658703771, 20.7801587081448 ], [ -104.195693044986172, 20.779275586331146 ], [ -104.194035887553483, 20.783615314857261 ], [ -104.132229778892224, 20.770951066984583 ], [ -104.126522382598864, 20.776251938482666 ], [ -104.126279245323587, 20.77852677897209 ], [ -104.130267913750501, 20.778912034750036 ], [ -104.130259082028459, 20.781311760934745 ], [ -104.136343083228951, 20.786420371613382 ], [ -104.13746613352852, 20.800325970216644 ], [ -104.14125557493449, 20.807288990040885 ] ] ] } },
{ "type": "Feature", "properties": { "cve_edo": "14", "cve_mpo_ine": "038", "cve_edo_mpo_ine": "14038", "nom_mpo": "GOMEZ FARIAS", "nom_edo": "Jalisco", "alianza_ganadora": "Movimiento Ciudadano", "margen_pp": 13.115863562533839, "por_participacion": 59.047314578005114 }, "geometry": { "type": "Polygon", "coordinates": [ [ [ -103.373914822469573, 19.929989644143006 ], [ -103.380370685536519, 19.935556723151254 ], [ -103.37637798683032, 19.943986271649866 ], [ -103.378412932840817, 19.952482836723846 ], [ -103.377004053157691, 19.963963139824813 ], [ -103.3636943080094, 19.955020755811368 ], [ -103.348152211255751, 19.959244340198737 ], [ -103.343089859939553, 19.963336574131457 ], [ -103.336130320908126, 19.962771762632133 ], [ -103.325833933287882, 19.951999880208085 ], [ -103.330486961154548, 19.950829874910148 ], [ -103.334345086306868, 19.945645923403738 ], [ -103.326501176311282, 19.942890110223406 ], [ -103.317824344271912, 19.944594616309775 ], [ -103.314122892725507, 19.938809128603236 ], [ -103.305907625683489, 19.93767959833097 ], [ -103.305745923363972, 19.928087477155444 ], [ -103.300536796835601, 19.927938355483821 ], [ -103.299389145796781, 19.918697485589824 ], [ -103.297140520921189, 19.920111390799601 ], [ -103.291028167803731, 19.918816294289453 ], [ -103.280426967642128, 19.910462359246448 ], [ -103.281559058533759, 19.898561052263783 ], [ -103.277706555256557, 19.896308555146838 ], [ -103.275034953148023, 19.886847512726995 ], [ -103.276564835935289, 19.884699908040719 ], [ -103.29311177453188, 19.884105143203374 ], [ -103.299431568020879, 19.887206386413407 ], [ -103.305646216171155, 19.88443038508014 ], [ -103.307380219889069, 19.880811131127889 ], [ -103.322200090718582, 19.875205699353476 ], [ -103.322598417680553, 19.871072874960401 ], [ -103.319145324817285, 19.872146523115536 ], [ -103.318540410549943, 19.869035501790318 ], [ -103.315156841065331, 19.869158249230832 ], [ -103.310083693525797, 19.864211367129052 ], [ -103.297974557021192, 19.842913220666464 ], [ -103.298728504301963, 19.838329836651862 ], [ -103.309313525071104, 19.835567774889903 ], [ -103.314745777294746, 19.83965022811611 ], [ -103.312175645892736, 19.835107470579985 ], [ -103.313970085757617, 19.831240586567908 ], [ -103.315418591971522, 19.832003705309873 ], [ -103.31453648530325, 19.827689191969103 ], [ -103.319982003766526, 19.810709914991044 ], [ -103.32326371464228, 19.80922022018915 ], [ -103.323694550873313, 19.802274006050734 ], [ -103.329201279415329, 19.804908662968852 ], [ -103.328658447510009, 19.801467406281844 ], [ -103.334426022117697, 19.796698344231345 ], [ -103.336636054486362, 19.802146635284963 ], [ -103.339279250060756, 19.80040036608343 ], [ -103.34122310739528, 19.793597081785482 ], [ -103.364229774643647, 19.81079390030833 ], [ -103.366974839112885, 19.809714402764932 ], [ -103.37608765152892, 19.813148102020648 ], [ -103.380000253630172, 19.810078079845081 ], [ -103.394546554306572, 19.816697952689168 ], [ -103.393903305285946, 19.814791952488303 ], [ -103.403015215779874, 19.81482552344843 ], [ -103.405584257186476, 19.812709472446276 ], [ -103.404590630801877, 19.811176861731951 ], [ -103.408853901426554, 19.810136850907053 ], [ -103.408621483373537, 19.812706707207809 ], [ -103.413879815748146, 19.815893107469531 ], [ -103.412950520595857, 19.811401927558826 ], [ -103.417835454933339, 19.801943422709549 ], [ -103.420811066337393, 19.801689587701517 ], [ -103.422954040185417, 19.797660089504845 ], [ -103.426712658287443, 19.800394945120608 ], [ -103.424706749695218, 19.792012038657099 ], [ -103.428642178128356, 19.790348379362182 ], [ -103.432315073434495, 19.779734789249005 ], [ -103.438154816758797, 19.780267556941837 ], [ -103.437221572089669, 19.782009201620028 ], [ -103.441425407495132, 19.781092991361046 ], [ -103.442245059590206, 19.784407658679449 ], [ -103.447503476702622, 19.788587776896811 ], [ -103.447734457009432, 19.784774672765487 ], [ -103.453400218157725, 19.786799060671829 ], [ -103.458536856388221, 19.783933532249964 ], [ -103.457716488886973, 19.780080239407489 ], [ -103.454037181437513, 19.779297024515241 ], [ -103.454152608634999, 19.777390483104032 ], [ -103.456427373647955, 19.773906629291954 ], [ -103.462089698615529, 19.771869353257028 ], [ -103.461268512472429, 19.766855664023897 ], [ -103.477971797359231, 19.772264475751513 ], [ -103.488770561510194, 19.768976618549466 ], [ -103.491276359772016, 19.763793064709702 ], [ -103.498278999387765, 19.760219675519657 ], [ -103.501495641166215, 19.765892740983894 ], [ -103.505935463597083, 19.768455887563956 ], [ -103.505825036090656, 19.774630772892298 ], [ -103.522876284361701, 19.776677757846617 ], [ -103.528651197610287, 19.772110499062915 ], [ -103.543896167612047, 19.775409071625788 ], [ -103.548864465701683, 19.790444998219936 ], [ -103.559295250462512, 19.801603404629532 ], [ -103.566143206048793, 19.820210003060438 ], [ -103.560959732767373, 19.823666719625049 ], [ -103.558097752458181, 19.838170002659535 ], [ -103.552536826147062, 19.835002973490145 ], [ -103.551736428371868, 19.839353744427946 ], [ -103.546425753257907, 19.840409083484435 ], [ -103.544547069943263, 19.837931745330113 ], [ -103.543505203950545, 19.840337291908572 ], [ -103.537844920929601, 19.841642152764123 ], [ -103.543437299869808, 19.852801136827829 ], [ -103.542582811397281, 19.858311534779343 ], [ -103.529066604126541, 19.852357989913386 ], [ -103.527097321425245, 19.85671311050719 ], [ -103.524410690196589, 19.856805828867941 ], [ -103.518072011524225, 19.848837185670558 ], [ -103.510260345337159, 19.852964874985084 ], [ -103.510555737232238, 19.869485952783489 ], [ -103.516163981528791, 19.875952796223924 ], [ -103.509765521066967, 19.876859587564631 ], [ -103.509851029709168, 19.884064417704042 ], [ -103.498389715657382, 19.897108185468035 ], [ -103.477091806383356, 19.890938593884094 ], [ -103.473711707978865, 19.892552978265893 ], [ -103.460964093346064, 19.890546833631301 ], [ -103.453117296112538, 19.887161744414126 ], [ -103.446953836898246, 19.892925150146578 ], [ -103.449019700313158, 19.885658094070141 ], [ -103.445585164392512, 19.888105591721292 ], [ -103.442993786274499, 19.884088639843032 ], [ -103.439196930074885, 19.8842482363473 ], [ -103.438540271290663, 19.881504898115534 ], [ -103.436331861118177, 19.883816091648665 ], [ -103.429546344264011, 19.882211390481832 ], [ -103.42600488498617, 19.886700707448075 ], [ -103.427665729601742, 19.903223451513686 ], [ -103.430771865845117, 19.905028156743231 ], [ -103.426723136769155, 19.913271293090332 ], [ -103.42299106747528, 19.914846421139998 ], [ -103.434880482509257, 19.920028754017817 ], [ -103.436309480360933, 19.925181093641523 ], [ -103.431527726822196, 19.927224249676648 ], [ -103.430037003173297, 19.932861475854768 ], [ -103.425895886116834, 19.934523782586343 ], [ -103.424134151890641, 19.932873515548206 ], [ -103.41081253990744, 19.933660495187169 ], [ -103.402429971120299, 19.9404843682989 ], [ -103.39234661911469, 19.934325728595002 ], [ -103.373914822469573, 19.929989644143006 ] ] ] } },
{ "type": "Feature", "properties": { "cve_edo": "14", "cve_mpo_ine": "040", "cve_edo_mpo_ine": "14040", "nom_mpo": "GUACHINANGO", "nom_edo": "Jalisco", "alianza_ganadora": "Movimiento Ciudadano", "margen_pp": 8.6060606060606055, "por_participacion": 67.438692098092645 }, "geometry": { "type": "Polygon", "coordinates": [ [ [ -104.619617931178809, 20.923276066848508 ], [ -104.607417672110302, 20.926843192061011 ], [ -104.601171012350221, 20.931866249462335 ], [ -104.592471950112639, 20.931429626465345 ], [ -104.589874415771803, 20.934892452468819 ], [ -104.582468009286103, 20.934624098110071 ], [ -104.575075883494577, 20.929976735730332 ], [ -104.569663288792896, 20.931283197447474 ], [ -104.565446884440718, 20.926396637717506 ], [ -104.5592188525723, 20.925469741366445 ], [ -104.55361070292372, 20.91512606477681 ], [ -104.547380662724791, 20.914942294558724 ], [ -104.543629368994061, 20.911874179663073 ], [ -104.546016328218926, 20.90147155366741 ], [ -104.543557535500881, 20.898655162858393 ], [ -104.537215564578361, 20.897066197012538 ], [ -104.535468352002852, 20.892516892944013 ], [ -104.537367208042042, 20.887317785846768 ], [ -104.535030690757381, 20.883262382087192 ], [ -104.533272053617623, 20.882017722945829 ], [ -104.523975436865371, 20.885210990090986 ], [ -104.524987428098257, 20.880586918260406 ], [ -104.519937608626392, 20.869584698628543 ], [ -104.513353574578133, 20.866050337429158 ], [ -104.513716841640715, 20.862045688705813 ], [ -104.511490078423137, 20.860386229741238 ], [ -104.50725861154136, 20.860620499979433 ], [ -104.501928613890385, 20.840279297969737 ], [ -104.49417863555945, 20.838932043180414 ], [ -104.486558937406585, 20.834280169030343 ], [ -104.484003876713885, 20.826505553406832 ], [ -104.47990583135963, 20.822856580019867 ], [ -104.476733719327072, 20.822845836260708 ], [ -104.476981848629933, 20.81945935294085 ], [ -104.461381337659745, 20.813209369951789 ], [ -104.463274113370105, 20.809911248654757 ], [ -104.457883828358518, 20.806505119508252 ], [ -104.450965341017366, 20.803423885294311 ], [ -104.442726156211279, 20.80736012724774 ], [ -104.434981538486838, 20.805266693269207 ], [ -104.429969058826302, 20.795995235805631 ], [ -104.427034549458838, 20.795488749467996 ], [ -104.427402924632275, 20.791689702439037 ], [ -104.419868934924978, 20.795544829155009 ], [ -104.41529247164091, 20.794453698602837 ], [ -104.412608614602377, 20.790312745130382 ], [ -104.403699746606279, 20.786148100607981 ], [ -104.397031701999026, 20.78000884208646 ], [ -104.395411821223547, 20.774467232445527 ], [ -104.384527095395612, 20.765997873478447 ], [ -104.385788452924885, 20.76270121697625 ], [ -104.379168534741112, 20.756310534740916 ], [ -104.376735403883032, 20.749030570796247 ], [ -104.378279870603336, 20.745071061026909 ], [ -104.376883883473383, 20.742173919677594 ], [ -104.362196716004803, 20.744180453253652 ], [ -104.359758832247238, 20.738139499888618 ], [ -104.353195442397947, 20.735551553635542 ], [ -104.352632363065084, 20.730426976220208 ], [ -104.348544367952385, 20.725866194536682 ], [ -104.334828683719934, 20.7214303013109 ], [ -104.332038444527427, 20.715717957313995 ], [ -104.32557424209179, 20.717177636215272 ], [ -104.323125743988484, 20.713697270000598 ], [ -104.318083718639159, 20.712436384126207 ], [ -104.316698105416563, 20.707721247396659 ], [ -104.308387832022504, 20.702728198883644 ], [ -104.305725772708143, 20.695115816392814 ], [ -104.287095213527977, 20.688506600307392 ], [ -104.290962079675879, 20.677793498372726 ], [ -104.284864183129145, 20.669540224870712 ], [ -104.288611820843272, 20.6620950138119 ], [ -104.28398069139952, 20.657033247218497 ], [ -104.284388999471943, 20.651858202185387 ], [ -104.28098883775283, 20.647006077898016 ], [ -104.282977463549429, 20.637031223589833 ], [ -104.278930247082329, 20.623275016536496 ], [ -104.275414576316393, 20.621238249812592 ], [ -104.274944407929084, 20.616351106505665 ], [ -104.266039251941464, 20.613142646737124 ], [ -104.257953420937852, 20.604097185274739 ], [ -104.2397153428481, 20.596187824706853 ], [ -104.2431907843402, 20.590811847322961 ], [ -104.242546139393554, 20.587290657763994 ], [ -104.254434762151291, 20.581397626843074 ], [ -104.259704289746736, 20.574163541840047 ], [ -104.259995424414157, 20.566503788382107 ], [ -104.273287479020141, 20.561440770765486 ], [ -104.268187652102355, 20.543168466570531 ], [ -104.259637706067551, 20.537972996680068 ], [ -104.245994872455697, 20.534959679205649 ], [ -104.24505852927669, 20.538435697918441 ], [ -104.241720950468149, 20.536978427551123 ], [ -104.237915298774212, 20.538625535570976 ], [ -104.235514288307229, 20.532698389524096 ], [ -104.231825635860375, 20.530867412489336 ], [ -104.243183525114262, 20.527044079109064 ], [ -104.246051726302326, 20.52278592303654 ], [ -104.24575841145132, 20.518561626336396 ], [ -104.251026481398782, 20.513605135234243 ], [ -104.24411695213881, 20.501497670830773 ], [ -104.245137030254227, 20.494606000408311 ], [ -104.25102183755294, 20.496144804842867 ], [ -104.249735343674985, 20.492727710738116 ], [ -104.254279262849138, 20.49731250412562 ], [ -104.258793006876459, 20.493568082163385 ], [ -104.267621270402714, 20.497512263987943 ], [ -104.279790121906615, 20.497859309686529 ], [ -104.278153302993104, 20.494354337072235 ], [ -104.280845980294359, 20.490955162319846 ], [ -104.272519601036194, 20.478317534716552 ], [ -104.280522325062648, 20.458878699677019 ], [ -104.300248019817914, 20.468825297269902 ], [ -104.304686063066939, 20.476224905960425 ], [ -104.309910225786552, 20.478746463268894 ], [ -104.318762384290068, 20.47788179021062 ], [ -104.322840593356517, 20.48241656660808 ], [ -104.321112678818849, 20.494532152640289 ], [ -104.32901147258967, 20.501608798415432 ], [ -104.337608364703243, 20.502065423536386 ], [ -104.341902699659812, 20.51120232735769 ], [ -104.350180356414413, 20.51326972176815 ], [ -104.354256151555575, 20.504129735991452 ], [ -104.363565743324855, 20.510976569063494 ], [ -104.373772972198864, 20.513194891338728 ], [ -104.379687298414396, 20.520116511088155 ], [ -104.392315293063746, 20.514081038557997 ], [ -104.404114348758043, 20.515657221415491 ], [ -104.407605633330562, 20.513386139979232 ], [ -104.404747481194846, 20.523414797172677 ], [ -104.414775113506522, 20.518832595504946 ], [ -104.416992991463289, 20.515673214589761 ], [ -104.418582302954263, 20.52102208042756 ], [ -104.428754198796753, 20.521777244395825 ], [ -104.435439179344385, 20.517531696330703 ], [ -104.436127315793868, 20.519690241934939 ], [ -104.444995913922355, 20.522981783682063 ], [ -104.444884711388539, 20.531211628739634 ], [ -104.449801595196391, 20.530363271650785 ], [ -104.455517237240073, 20.532751443184484 ], [ -104.452960776513947, 20.539620782505999 ], [ -104.444429995959396, 20.547996870171254 ], [ -104.45013880056247, 20.551587246096201 ], [ -104.454646966981073, 20.550736933276781 ], [ -104.458784503730129, 20.553117969784843 ], [ -104.462617181508236, 20.55757007096987 ], [ -104.461048252461012, 20.565521562073634 ], [ -104.466342682481056, 20.57010438534121 ], [ -104.464984449166352, 20.572253821697597 ], [ -104.470214241152632, 20.577913946236663 ], [ -104.475178812375034, 20.579096159279683 ], [ -104.48732453429507, 20.592412460324091 ], [ -104.495369019450422, 20.597171933843445 ], [ -104.496609945631349, 20.615000686098071 ], [ -104.500623420390042, 20.618996771959878 ], [ -104.502977929621153, 20.626591982603905 ], [ -104.495880521638526, 20.629629441007108 ], [ -104.488876423425964, 20.626739666193707 ], [ -104.480146796444231, 20.64829756579465 ], [ -104.482283192629083, 20.653114949052917 ], [ -104.491116390315483, 20.653650156087519 ], [ -104.494966368181906, 20.655738984069153 ], [ -104.496582006230781, 20.659642095299265 ], [ -104.497483152074011, 20.655666719096629 ], [ -104.503024290363996, 20.658798740139947 ], [ -104.508945834837021, 20.656916735745458 ], [ -104.510664028581729, 20.663390035808582 ], [ -104.515809644255043, 20.664157372476399 ], [ -104.518123244577211, 20.679130256062457 ], [ -104.514830420588453, 20.681769505520581 ], [ -104.523826773991132, 20.69507026197677 ], [ -104.520929686713046, 20.700115311894962 ], [ -104.525902401096161, 20.700632959188862 ], [ -104.53080934621849, 20.711541296261373 ], [ -104.54252875567326, 20.710813366385263 ], [ -104.533207422336687, 20.723315674713451 ], [ -104.541544222350765, 20.734071633092618 ], [ -104.53754396830557, 20.741579259090734 ], [ -104.548527910028213, 20.749805892726034 ], [ -104.549114065925593, 20.752545323675925 ], [ -104.555460737757969, 20.752675182124129 ], [ -104.556397046420003, 20.760602235293682 ], [ -104.559569472924025, 20.762928748738215 ], [ -104.566269648525051, 20.762062526187492 ], [ -104.569618537868791, 20.764471989431247 ], [ -104.568674587076828, 20.773103045568213 ], [ -104.57548999006697, 20.779498857160892 ], [ -104.572785268056194, 20.782028335881613 ], [ -104.584419031774615, 20.795274548158098 ], [ -104.58142015226008, 20.798094452339669 ], [ -104.580005877189151, 20.808011684101267 ], [ -104.583885719857477, 20.808470801712915 ], [ -104.585001506427375, 20.812206428044348 ], [ -104.589352652078745, 20.809677824916413 ], [ -104.591292270318164, 20.811131502612117 ], [ -104.59187727722113, 20.821714043192397 ], [ -104.596283408418145, 20.835411294573422 ], [ -104.590579912408302, 20.835573786238275 ], [ -104.589402624209882, 20.840096388793683 ], [ -104.592166303857866, 20.839849138488908 ], [ -104.592577241615629, 20.842297811906491 ], [ -104.58769468331981, 20.849100481504429 ], [ -104.5922800549492, 20.853917229830923 ], [ -104.591806363962789, 20.865578018735519 ], [ -104.600569136754359, 20.865334295858759 ], [ -104.60103924661621, 20.867036005548826 ], [ -104.595275216943321, 20.869273524376968 ], [ -104.594392334328774, 20.871970387469656 ], [ -104.600567140526721, 20.874339471530199 ], [ -104.605975891154884, 20.885588593676189 ], [ -104.613974530973991, 20.890157607124991 ], [ -104.616501298761619, 20.910908065673006 ], [ -104.620207144658039, 20.914188202804965 ], [ -104.619617931178809, 20.923276066848508 ] ] ] } },
{ "type": "Feature", "properties": { "cve_edo": "14", "cve_mpo_ine": "041", "cve_edo_mpo_ine": "14041", "nom_mpo": "GUADALAJARA", "nom_edo": "Jalisco", "alianza_ganadora": "Movimiento Ciudadano", "margen_pp": 5.116370821540829, "por_participacion": 48.542999345515035 }, "geometry": { "type": "Polygon", "coordinates": [ [ [ -103.324600438825925, 20.626331866529632 ], [ -103.329093383062258, 20.627991598774557 ], [ -103.332782852397841, 20.622229889029224 ], [ -103.33003904668611, 20.618863276673888 ], [ -103.335855465039359, 20.612983018273912 ], [ -103.339597478767175, 20.614690129075335 ], [ -103.340231671126332, 20.609536467332031 ], [ -103.346454492854804, 20.608333130679011 ], [ -103.352269246436094, 20.615372601123759 ], [ -103.354068196548681, 20.613822042234801 ], [ -103.367621839503641, 20.61570731063458 ], [ -103.367995628752695, 20.610958912268689 ], [ -103.375232125213572, 20.612830361938226 ], [ -103.377559838079861, 20.609085364820153 ], [ -103.384129317613287, 20.611167442296018 ], [ -103.387325822146749, 20.603976992457596 ], [ -103.389238635630662, 20.604735967042018 ], [ -103.387707076266977, 20.609333995482636 ], [ -103.389370114263741, 20.612985699473402 ], [ -103.394411883652381, 20.611587080531539 ], [ -103.396224301202949, 20.613093470785884 ], [ -103.390036428336344, 20.620965288683294 ], [ -103.399060906682905, 20.626272383369265 ], [ -103.395086033994119, 20.642174779837333 ], [ -103.399927714178347, 20.64291000565586 ], [ -103.399268471463316, 20.650534043942329 ], [ -103.395229747122642, 20.652905329392556 ], [ -103.402586812981482, 20.665699289459589 ], [ -103.400125318437361, 20.673613324449487 ], [ -103.402756193448795, 20.674884856901528 ], [ -103.4036856488502, 20.681536401771979 ], [ -103.400840914525944, 20.681773298149274 ], [ -103.401337251148874, 20.68704369703774 ], [ -103.398154427593212, 20.690863425090278 ], [ -103.40508772149758, 20.692568248602566 ], [ -103.399464130329889, 20.699295409066163 ], [ -103.401686250891245, 20.699422686265596 ], [ -103.406964778789813, 20.70969397819222 ], [ -103.405333066288605, 20.711944961277435 ], [ -103.395724284094612, 20.712130196882271 ], [ -103.390533215192903, 20.709502134536269 ], [ -103.371263579241571, 20.713834067545534 ], [ -103.362418807771704, 20.712827200336758 ], [ -103.347355737073613, 20.717257562995901 ], [ -103.344247871608317, 20.716032050796532 ], [ -103.340987542759379, 20.723131114311229 ], [ -103.330027255325476, 20.729646942850547 ], [ -103.325577368177548, 20.737335270692899 ], [ -103.326240976445632, 20.744880359498996 ], [ -103.312382648167016, 20.752683154431161 ], [ -103.304532231918884, 20.746140503289531 ], [ -103.286366273867898, 20.73740134902182 ], [ -103.276333653917249, 20.713640204907122 ], [ -103.265773503214746, 20.705689549670591 ], [ -103.270498541921626, 20.695999421442931 ], [ -103.270551210723582, 20.689758181247708 ], [ -103.26680463454602, 20.680126871295759 ], [ -103.268303593541972, 20.67798138137724 ], [ -103.266247265702006, 20.675467066224712 ], [ -103.268731557084124, 20.657104680473239 ], [ -103.273459846654703, 20.645422005045141 ], [ -103.282230297335715, 20.641223439068597 ], [ -103.320673928674324, 20.646287888828418 ], [ -103.31785886740731, 20.642563028576344 ], [ -103.319565939958181, 20.632841952001062 ], [ -103.324600438825925, 20.626331866529632 ] ] ] } },
{ "type": "Feature", "properties": { "cve_edo": "14", "cve_mpo_ine": "042", "cve_edo_mpo_ine": "14042", "nom_mpo": "HOSTOTIPAQUILLO", "nom_edo": "Jalisco", "alianza_ganadora": "Va por México", "margen_pp": 26.117068811438784, "por_participacion": 66.360266864343956 }, "geometry": { "type": "Polygon", "coordinates": [ [ [ -104.230129392948697, 21.152116579195745 ], [ -104.224784949065594, 21.154121188926553 ], [ -104.222134407506331, 21.159214331131324 ], [ -104.223101288276808, 21.169968582926913 ], [ -104.21821209808482, 21.17387890992843 ], [ -104.219121076277361, 21.178021360214291 ], [ -104.210522804438952, 21.189505613080762 ], [ -104.203795013770545, 21.193283959586843 ], [ -104.195913868661549, 21.193750174762844 ], [ -104.17900130435406, 21.187811227945271 ], [ -104.168879986697803, 21.188349336988573 ], [ -104.159960818693079, 21.184591496296566 ], [ -104.148158084342398, 21.190827586091284 ], [ -104.140880354960302, 21.188067976028208 ], [ -104.131927814793571, 21.189849261222871 ], [ -104.127418676162875, 21.196032206225475 ], [ -104.11240677276858, 21.188358776511631 ], [ -104.110361346276918, 21.19554441568641 ], [ -104.102567759045456, 21.199975519131751 ], [ -104.095780746405381, 21.194156388097596 ], [ -104.092603596602132, 21.194224781080521 ], [ -104.088070272950574, 21.203879761716486 ], [ -104.084784912785778, 21.202458973852231 ], [ -104.080351069965943, 21.1888603017984 ], [ -104.072187736972865, 21.188487409993783 ], [ -104.071320912892133, 21.165486999543283 ], [ -104.054541270765824, 21.160428528080587 ], [ -104.046062919266006, 21.149362791581805 ], [ -104.028614131235003, 21.134809928599353 ], [ -104.013229218001499, 21.135224223728343 ], [ -104.00323235808402, 21.139437278444511 ], [ -103.998247264981899, 21.137835331939765 ], [ -103.989245881691971, 21.126805448341482 ], [ -103.965709611817218, 21.109767741792961 ], [ -103.963624045311619, 21.102587818448317 ], [ -103.95737712143125, 21.093850932097268 ], [ -103.940374859361782, 21.088821665115987 ], [ -103.933610913322184, 21.077802097559715 ], [ -103.921400777987159, 21.078351228774796 ], [ -103.903062067385591, 21.070907229739575 ], [ -103.893421085403247, 21.074618845070034 ], [ -103.888574831043954, 21.082337037343013 ], [ -103.870224626469778, 21.077748322657897 ], [ -103.865898104855162, 21.074075088637414 ], [ -103.858277439297609, 21.072121091493038 ], [ -103.85699846144658, 21.069461299636568 ], [ -103.859033426577071, 21.060773331892086 ], [ -103.866086317614375, 21.058373268843916 ], [ -103.869059053377612, 21.049773897167249 ], [ -103.877329736700929, 21.050488430464465 ], [ -103.882799402285286, 21.047663463230034 ], [ -103.877216815910714, 21.036234792553575 ], [ -103.87182316389918, 21.035248241390462 ], [ -103.869354099517949, 21.036310062142817 ], [ -103.870108876572985, 21.038096399432568 ], [ -103.864364860757505, 21.036734523583828 ], [ -103.863244552278502, 21.024960542328181 ], [ -103.865990961867524, 21.014370966346441 ], [ -103.874042671737328, 21.011106638226323 ], [ -103.876235372639201, 21.006106867177952 ], [ -103.88111152222244, 21.0044797538288 ], [ -103.883435107727635, 20.982865942997815 ], [ -103.888830755507172, 20.982981973607391 ], [ -103.904884329791983, 20.973259883318601 ], [ -103.909951189509513, 20.967779706613836 ], [ -103.910496668038164, 20.963556745837163 ], [ -103.92549957006959, 20.966173544366075 ], [ -103.939309114328935, 20.974044196680083 ], [ -103.93522941699581, 20.967598100455152 ], [ -103.932809965758707, 20.956728232887848 ], [ -103.934994547885125, 20.953053409951504 ], [ -103.933902161971972, 20.947619161859059 ], [ -103.937610833698713, 20.944036082674376 ], [ -103.940693393744439, 20.935642918037441 ], [ -103.963748324511599, 20.937014673288168 ], [ -104.011712417062824, 21.008177569933309 ], [ -104.022071445967171, 21.006812827400594 ], [ -104.020705258266858, 21.003186360484218 ], [ -104.027840762455327, 20.996249871930036 ], [ -104.026283307625903, 20.993855090561176 ], [ -104.031589874874186, 20.987480892635038 ], [ -104.032371364094203, 20.981156992797224 ], [ -104.041526746150325, 20.982001941622816 ], [ -104.056129891089043, 20.974376252460466 ], [ -104.054630930853776, 20.971982119866873 ], [ -104.061230171460949, 20.960478284456123 ], [ -104.080049255629419, 20.953742357332061 ], [ -104.092622424361792, 20.958594268498917 ], [ -104.097030848362607, 20.958376987313873 ], [ -104.098405313535778, 20.956372175736202 ], [ -104.09319305540518, 20.949966945996401 ], [ -104.092482231331999, 20.945441142957343 ], [ -104.103553124288553, 20.943048501370786 ], [ -104.109841403120086, 20.94785755986598 ], [ -104.119293612604636, 20.943192719906229 ], [ -104.127164595129685, 20.943202638132892 ], [ -104.133952398348868, 20.940328175306565 ], [ -104.139308806189689, 20.944513673862115 ], [ -104.138403479671254, 20.946645139898887 ], [ -104.144947103421046, 20.949769429071328 ], [ -104.147679253974985, 20.947115204055944 ], [ -104.149543527056366, 20.948483347308049 ], [ -104.154502963058732, 20.941034258102434 ], [ -104.157862391739897, 20.94002785428987 ], [ -104.157421609030635, 20.937435712676649 ], [ -104.178404472191701, 20.941511931200068 ], [ -104.189299533577824, 20.938948187794463 ], [ -104.195039298049224, 20.945805905945825 ], [ -104.200202781848759, 20.94633034331882 ], [ -104.199094143514856, 20.95100921610118 ], [ -104.205777373781999, 20.957625674218132 ], [ -104.214703055593077, 20.957966709787815 ], [ -104.212847182962449, 20.961161575570394 ], [ -104.230370427315052, 20.965087554422109 ], [ -104.236526948261414, 20.97169976060032 ], [ -104.241441138560603, 20.973660078203036 ], [ -104.239781219202456, 20.975047906670312 ], [ -104.241764072036943, 20.977216994635469 ], [ -104.240879498597536, 20.983570308071915 ], [ -104.236124168201698, 20.986491190468069 ], [ -104.23841488674222, 20.994698794542238 ], [ -104.23253090531405, 21.004713822296225 ], [ -104.23234319301757, 21.012397283845804 ], [ -104.236019411735583, 21.024339581075537 ], [ -104.241324116458486, 21.02621816554446 ], [ -104.243964482951796, 21.035090782675905 ], [ -104.249481077109294, 21.039781317766465 ], [ -104.247806982428941, 21.041828344691968 ], [ -104.227788185424259, 21.045236126134331 ], [ -104.225721360332912, 21.051410447339919 ], [ -104.232949912981411, 21.062980319318626 ], [ -104.22870625112823, 21.061361548162257 ], [ -104.222638088332118, 21.065258601214506 ], [ -104.22314355353852, 21.074685405225747 ], [ -104.217488038070769, 21.085115567793526 ], [ -104.220986442658315, 21.100052506825925 ], [ -104.214748152115121, 21.10719456484728 ], [ -104.215380421683506, 21.113371165161968 ], [ -104.212619365575804, 21.114146722066749 ], [ -104.214552406665362, 21.116143845685453 ], [ -104.211378854101, 21.117580600484779 ], [ -104.21278315305787, 21.119741232685413 ], [ -104.210528261442121, 21.130463448008985 ], [ -104.215159796614586, 21.133673696716446 ], [ -104.215208965588147, 21.13802464191172 ], [ -104.218850962121493, 21.137377083834291 ], [ -104.218906083335099, 21.139034740609759 ], [ -104.230991929241753, 21.144016166010303 ], [ -104.230129392948697, 21.152116579195745 ] ] ] } },
{ "type": "Feature", "properties": { "cve_edo": "14", "cve_mpo_ine": "043", "cve_edo_mpo_ine": "14043", "nom_mpo": "HUEJUCAR", "nom_edo": "Jalisco", "alianza_ganadora": "Va por México", "margen_pp": 11.562593367194502, "por_participacion": 62.374207976146103 }, "geometry": { "type": "Polygon", "coordinates": [ [ [ -103.288352903264226, 22.402311432334148 ], [ -103.284338833497159, 22.414468821689937 ], [ -103.27999374239505, 22.411111813896099 ], [ -103.273069236868167, 22.409745785528219 ], [ -103.267290569211013, 22.411325310902242 ], [ -103.26499496695358, 22.409975378645264 ], [ -103.26158097256436, 22.412203572157757 ], [ -103.250610435678951, 22.398977224118219 ], [ -103.233696646391337, 22.399093799721388 ], [ -103.235211640040262, 22.401053589302656 ], [ -103.229508697208374, 22.405646793349945 ], [ -103.226247766425359, 22.405440135111878 ], [ -103.22294254512002, 22.408329488558131 ], [ -103.210709782720556, 22.408874848116017 ], [ -103.204076686028927, 22.403834982967407 ], [ -103.205258792793771, 22.400051672971756 ], [ -103.198408793269152, 22.381342396447344 ], [ -103.189129310217723, 22.39113156763618 ], [ -103.187268159327616, 22.388547571570161 ], [ -103.176869596928512, 22.389568403263663 ], [ -103.171570393418463, 22.390820439834091 ], [ -103.168315329951881, 22.394287321962761 ], [ -103.165239506411808, 22.393627708186123 ], [ -103.165204672504331, 22.387929545052788 ], [ -103.171790119246992, 22.379882029411824 ], [ -103.174345705343839, 22.379585094572448 ], [ -103.169172274965803, 22.37229212809644 ], [ -103.173754656945874, 22.367273573874328 ], [ -103.166374927790741, 22.364823706894857 ], [ -103.168673644147745, 22.361798481793937 ], [ -103.166666130091727, 22.361152898177025 ], [ -103.168802970622821, 22.355534724295989 ], [ -103.175339437428718, 22.346186592021635 ], [ -103.179253382929431, 22.34275484977525 ], [ -103.18380658030685, 22.342510929185071 ], [ -103.184882464250038, 22.3390762803669 ], [ -103.194128813890401, 22.332006466014171 ], [ -103.203344088669326, 22.334166924201273 ], [ -103.208198364820205, 22.332142596643543 ], [ -103.209596998537577, 22.320056588716334 ], [ -103.21238111675207, 22.318237416640216 ], [ -103.209256975886731, 22.315502944996254 ], [ -103.21508030268177, 22.305903935957456 ], [ -103.220646974461658, 22.302513665257138 ], [ -103.223395276406563, 22.293036226416771 ], [ -103.221168127471643, 22.287032437907875 ], [ -103.223961541642964, 22.281942828317309 ], [ -103.222315949144701, 22.279002665490069 ], [ -103.220547294428741, 22.281129379262591 ], [ -103.21278320749218, 22.276777618923308 ], [ -103.206135844499286, 22.277270623038149 ], [ -103.206997104860164, 22.275093344539322 ], [ -103.202384805395496, 22.274249718226404 ], [ -103.190885167942128, 22.29870971585758 ], [ -103.195496658009489, 22.303765134634411 ], [ -103.178974722914347, 22.298142559985742 ], [ -103.167293918834034, 22.297168344869466 ], [ -103.167203870560755, 22.298585323859221 ], [ -103.161854653513501, 22.297700701912351 ], [ -103.160062891259741, 22.302955731454794 ], [ -103.158016140305435, 22.296827265815661 ], [ -103.141123144794918, 22.294117270883561 ], [ -103.131718374104395, 22.296216733389862 ], [ -103.125405662410614, 22.293311156704529 ], [ -103.118719365804765, 22.295413362645888 ], [ -103.099210508297205, 22.294981234772592 ], [ -103.101900022706999, 22.289346663588987 ], [ -103.097714588538494, 22.28673286468344 ], [ -103.092455108903835, 22.286725069428009 ], [ -103.083096802435207, 22.277480364463941 ], [ -103.083800899086953, 22.264235997862865 ], [ -103.078531266616039, 22.258112190265656 ], [ -103.085066571179581, 22.247828818489435 ], [ -103.083891306019751, 22.242530234267935 ], [ -103.087386087808326, 22.242663774602267 ], [ -103.093417069202502, 22.249175040770783 ], [ -103.095849544730612, 22.247071578648981 ], [ -103.094317093478196, 22.242558141214552 ], [ -103.095980770931092, 22.239625220773675 ], [ -103.099238567164804, 22.23975787782669 ], [ -103.099778513622297, 22.235704961216538 ], [ -103.109151113896445, 22.227372211389799 ], [ -103.109339038889246, 22.221001565998368 ], [ -103.106799099588642, 22.216733886433143 ], [ -103.126694560812268, 22.220134586551197 ], [ -103.137786352834766, 22.208784040018653 ], [ -103.148503327511392, 22.210877579377666 ], [ -103.159761769927727, 22.206476237958171 ], [ -103.160642482769305, 22.21268399609551 ], [ -103.155070822064914, 22.216064012068902 ], [ -103.154947340698456, 22.219994059510629 ], [ -103.160030658669484, 22.228403973425209 ], [ -103.175947928941341, 22.243043123729713 ], [ -103.176237035777248, 22.249249562699084 ], [ -103.1815041987889, 22.254184059789441 ], [ -103.182151499150777, 22.25815715741512 ], [ -103.18860593590351, 22.261439067398559 ], [ -103.192579261370156, 22.257889230458858 ], [ -103.197665074788119, 22.267332481877183 ], [ -103.201877131826976, 22.261962505573241 ], [ -103.210940482588441, 22.263924818847904 ], [ -103.216334397849991, 22.261452805517905 ], [ -103.216686599449005, 22.26525977432922 ], [ -103.223324357078155, 22.263244987538801 ], [ -103.221008033270593, 22.269901697236264 ], [ -103.226104282995493, 22.269290589250364 ], [ -103.232381853376026, 22.273563479580996 ], [ -103.243638678734783, 22.275941726035629 ], [ -103.24819884817849, 22.279880065577746 ], [ -103.262540832561129, 22.277090610674982 ], [ -103.28268004428439, 22.254725452886809 ], [ -103.290401947595726, 22.255225994673758 ], [ -103.302693186737358, 22.26327443750149 ], [ -103.308685543435587, 22.263166022379203 ], [ -103.305283673658039, 22.268943752074176 ], [ -103.30695130531943, 22.275363268670215 ], [ -103.294123609059923, 22.295571248495826 ], [ -103.307441676998224, 22.306633556631034 ], [ -103.327640788844121, 22.308453471449635 ], [ -103.338770639562441, 22.287684842598285 ], [ -103.356656820230086, 22.280168146334304 ], [ -103.351285081152028, 22.298218608004319 ], [ -103.356511875197313, 22.3006812478095 ], [ -103.350559184333946, 22.308951669195157 ], [ -103.363232833867457, 22.314759306962689 ], [ -103.359173761698116, 22.32119380839368 ], [ -103.348486111755975, 22.326516814017825 ], [ -103.34297113092866, 22.335287007530855 ], [ -103.362468813353246, 22.336593187605743 ], [ -103.366593535984109, 22.347625501047215 ], [ -103.365119835907393, 22.369285750888892 ], [ -103.360401588908843, 22.371624562710451 ], [ -103.352885869237852, 22.370172393888044 ], [ -103.348414817155941, 22.376188657646768 ], [ -103.348422714985318, 22.3800287744948 ], [ -103.33979040442388, 22.38657295158696 ], [ -103.330677365849724, 22.384728891316321 ], [ -103.323675032607113, 22.389144752905803 ], [ -103.315621250402472, 22.40535642035432 ], [ -103.310877217931576, 22.400756659135538 ], [ -103.309731770860566, 22.39339306234427 ], [ -103.306503698125809, 22.390793621428234 ], [ -103.288352903264226, 22.402311432334148 ] ] ] } },
{ "type": "Feature", "properties": { "cve_edo": "14", "cve_mpo_ine": "044", "cve_edo_mpo_ine": "14044", "nom_mpo": "HUEJUQUILLA EL ALTO", "nom_edo": "Jalisco", "alianza_ganadora": "Va por México", "margen_pp": 36.147038801906056, "por_participacion": 62.018012946805513 }, "geometry": { "type": "Polygon", "coordinates": [ [ [ -104.01330155928666, 22.7471054952312 ], [ -104.007509923941257, 22.744432236875998 ], [ -104.004465396249728, 22.746729283673591 ], [ -103.990156974060795, 22.748085584003533 ], [ -103.990444850758195, 22.742064380108495 ], [ -103.977295997790961, 22.746629827210079 ], [ -103.972414740632559, 22.741637779371441 ], [ -103.969458152323426, 22.74746632263631 ], [ -103.95986287159721, 22.745709144159257 ], [ -103.951304895867764, 22.747493091418594 ], [ -103.948412766395151, 22.745802287135092 ], [ -103.941846385448187, 22.750472286118782 ], [ -103.931921812204862, 22.745718909902578 ], [ -103.92412212273382, 22.748921591537808 ], [ -103.910465871701362, 22.750235824852812 ], [ -103.903565711859869, 22.739155509950304 ], [ -103.903519472591171, 22.731136985601907 ], [ -103.898854289997018, 22.728845378459638 ], [ -103.89090178318763, 22.735825387940206 ], [ -103.880885815982737, 22.734676515370335 ], [ -103.876066282939192, 22.737193227532217 ], [ -103.867827494343047, 22.732546769798169 ], [ -103.865975400617415, 22.73560559823839 ], [ -103.858678520726329, 22.733359855377909 ], [ -103.855000176331274, 22.729169613479264 ], [ -103.851974705974669, 22.731404383486332 ], [ -103.839263375820792, 22.731962214947607 ], [ -103.83614242036586, 22.726089356686057 ], [ -103.835523951728391, 22.731417863037208 ], [ -103.832246000803394, 22.733972807964463 ], [ -103.829329716890669, 22.731787918411374 ], [ -103.826486512319718, 22.735727503561943 ], [ -103.822026388025236, 22.733960729845069 ], [ -103.819580214473064, 22.729291340435697 ], [ -103.805979642421448, 22.731812123613128 ], [ -103.780548989919922, 22.731176167905598 ], [ -103.774019412517347, 22.7344206970145 ], [ -103.770808512055851, 22.73306318701788 ], [ -103.76823215803006, 22.721068703683677 ], [ -103.755397464430303, 22.719734697163688 ], [ -103.755807530093122, 22.716340343408945 ], [ -103.751523012761297, 22.712046916422519 ], [ -103.753758283579032, 22.699006054904778 ], [ -103.751436413417181, 22.695866589463005 ], [ -103.76368225949733, 22.676049149689931 ], [ -103.764323495244867, 22.662892812371105 ], [ -103.759975256429613, 22.659932966369578 ], [ -103.759893820815506, 22.65748546138947 ], [ -103.7705940421843, 22.645900666614423 ], [ -103.766138579881428, 22.629138587074927 ], [ -103.762146042122609, 22.624740075744384 ], [ -103.775349243086694, 22.610823999269869 ], [ -103.8047417276115, 22.59876728361909 ], [ -103.806865129210252, 22.599787490083003 ], [ -103.818337388479435, 22.596090010631322 ], [ -103.823762500652137, 22.592658918405583 ], [ -103.825344569232556, 22.588313828831353 ], [ -103.842755188115021, 22.57978680707086 ], [ -103.852899425759631, 22.577893597822577 ], [ -103.857198408319363, 22.565472065892823 ], [ -103.850492591017257, 22.564451033697988 ], [ -103.855114493802162, 22.561664018270335 ], [ -103.856174413809256, 22.558349961910977 ], [ -103.850703911637439, 22.553814556685211 ], [ -103.861608534542711, 22.548359275576459 ], [ -103.857913696531313, 22.541997599001526 ], [ -103.869180814312116, 22.539520322754065 ], [ -103.876132788760415, 22.52083332878998 ], [ -103.865036471085304, 22.514752959532313 ], [ -103.862225862214629, 22.501616812681352 ], [ -103.864164448470746, 22.493489256406985 ], [ -103.86066935458264, 22.487913924978098 ], [ -103.86595720313467, 22.487593285894871 ], [ -103.867247842268057, 22.479004482116476 ], [ -103.87148481308158, 22.472222403826933 ], [ -103.881479755205461, 22.475379072251357 ], [ -103.881385863330536, 22.458340779874487 ], [ -103.87576844349843, 22.441621377977963 ], [ -103.881070265794548, 22.43997702367005 ], [ -103.892864543985482, 22.441372059314954 ], [ -103.893299982695041, 22.439680740118419 ], [ -103.883611925929458, 22.430862441245473 ], [ -103.870641827367379, 22.423665954712376 ], [ -103.880132939097365, 22.419002000247712 ], [ -103.87384247573948, 22.419024031155669 ], [ -103.874227118925702, 22.416629270984661 ], [ -103.861142288201265, 22.414186548618083 ], [ -103.855674800406689, 22.409956544599066 ], [ -103.853803429627007, 22.397863183879231 ], [ -103.862069526649591, 22.396289728721385 ], [ -103.866575581435868, 22.401502657164251 ], [ -103.879979596554108, 22.401963027689664 ], [ -103.885521076195673, 22.399989950865788 ], [ -103.883036276416831, 22.394383418789264 ], [ -103.884079606691103, 22.39145735197609 ], [ -103.88642454648388, 22.388833224422825 ], [ -103.892477358597333, 22.388725686478026 ], [ -103.891807946488058, 22.385121553616674 ], [ -103.898446971517458, 22.380553209304622 ], [ -103.899020183180198, 22.377209024692039 ], [ -103.891378697522612, 22.371222709618934 ], [ -103.894187918734133, 22.369429949039986 ], [ -103.893513660202785, 22.366239305234135 ], [ -103.895558021464609, 22.363901628257484 ], [ -103.90415146145223, 22.364562147086538 ], [ -103.909073441822898, 22.359604869857545 ], [ -103.912141683829418, 22.360998458350696 ], [ -103.912891794756362, 22.35261071610606 ], [ -103.910434137488195, 22.349734167159276 ], [ -103.912950489174861, 22.347566111676972 ], [ -103.918920188364964, 22.34935902130869 ], [ -103.921552625657156, 22.347398684718918 ], [ -103.919166739520534, 22.338319859059219 ], [ -103.925997227584304, 22.332304668960109 ], [ -103.925463788780903, 22.329509808484509 ], [ -103.93429821558091, 22.328002860689196 ], [ -103.938325733225582, 22.324941918468859 ], [ -103.943726607214444, 22.327070905891262 ], [ -103.948405587727976, 22.32363696550156 ], [ -103.951320695328249, 22.328451763839961 ], [ -103.95778401602422, 22.327733185290192 ], [ -103.959448574481613, 22.329748343460672 ], [ -103.963170083610251, 22.322112159919008 ], [ -103.971459945861127, 22.315658225010253 ], [ -103.974471590209106, 22.309384040612635 ], [ -103.979980049321028, 22.306235272769467 ], [ -103.983538219375092, 22.306307275921171 ], [ -103.990977891726033, 22.318816300378799 ], [ -104.004467349474481, 22.330770708527798 ], [ -104.004415113314579, 22.33390364845728 ], [ -104.009066912551575, 22.338294555637695 ], [ -104.008534812420478, 22.342177065883359 ], [ -104.013223582247321, 22.348786913581648 ], [ -104.013106569794957, 22.352256481276175 ], [ -104.022484988211431, 22.364277973802153 ], [ -104.014059714590545, 22.365318128645207 ], [ -104.011404242921245, 22.371551914321206 ], [ -104.012429080827772, 22.378526980259352 ], [ -104.01059564379868, 22.381128137845231 ], [ -104.003953392253962, 22.382699372798712 ], [ -104.005258279426769, 22.408702176804852 ], [ -103.992917539874739, 22.41048144523598 ], [ -103.985745150195584, 22.414693625454063 ], [ -103.98398256995354, 22.423237980623117 ], [ -103.980843363804141, 22.426416928232971 ], [ -103.976867006022246, 22.426665492243437 ], [ -103.973671548557633, 22.43149528633062 ], [ -103.975165833933858, 22.436571760879474 ], [ -103.961980309547187, 22.432694124616678 ], [ -103.959076412939325, 22.435129649869701 ], [ -103.958454468441971, 22.451350539986873 ], [ -103.952464158131718, 22.454405305781464 ], [ -103.947966206176631, 22.462041231446978 ], [ -103.937162100006617, 22.462825392691091 ], [ -103.938005557832085, 22.469800731322639 ], [ -103.932427523200872, 22.471616494770497 ], [ -103.936705026994517, 22.473061325202266 ], [ -103.93664968716098, 22.475372664635003 ], [ -103.928218462585079, 22.475495890038403 ], [ -103.932447049443184, 22.477805454421084 ], [ -103.939725498463744, 22.490196376912191 ], [ -103.933091761090495, 22.488811427958691 ], [ -103.937774830400514, 22.494603077668611 ], [ -103.934736764354014, 22.500612409246553 ], [ -103.940095822834152, 22.499297530440181 ], [ -103.943011638470082, 22.503914751164753 ], [ -103.949730164776497, 22.503149721982293 ], [ -103.950254404338096, 22.509233486707942 ], [ -103.956656461352054, 22.504991578009967 ], [ -103.960584204849653, 22.509452360474278 ], [ -103.96350342317092, 22.508610613470186 ], [ -103.96365560488961, 22.516138319472571 ], [ -103.965899323524198, 22.517275327979842 ], [ -103.974643792342277, 22.515948780391305 ], [ -103.975625013427802, 22.513186984714316 ], [ -103.978197648766738, 22.51676665761984 ], [ -103.981537211856391, 22.515514849115291 ], [ -103.980899841414285, 22.519396330144414 ], [ -103.992020864678935, 22.523300814352794 ], [ -103.987264593239587, 22.529089002105191 ], [ -103.999655682536613, 22.531019415364838 ], [ -104.006246551514636, 22.536536673252151 ], [ -103.999802704522978, 22.544543340725731 ], [ -103.980539793681942, 22.540896872049903 ], [ -103.976533288170344, 22.543300495237819 ], [ -103.98322208918168, 22.545345882094281 ], [ -103.991064869339482, 22.55449273324891 ], [ -103.993606301292772, 22.565219440511068 ], [ -103.999963784360773, 22.565217503696161 ], [ -104.000799204949033, 22.56686819908148 ], [ -103.991604133748936, 22.573722462400081 ], [ -103.990253593594588, 22.58266800097995 ], [ -103.983641996620889, 22.584873328098006 ], [ -103.987261581766475, 22.591348313746757 ], [ -103.997106389129314, 22.590364004039564 ], [ -104.006668622683804, 22.594901959119326 ], [ -104.016856245380779, 22.595498494135526 ], [ -104.024198083965956, 22.603587076619426 ], [ -104.026852062224663, 22.612503208631328 ], [ -104.025991859294308, 22.623587759821142 ], [ -104.030960563170197, 22.627614118681976 ], [ -104.03389468422202, 22.634223682453815 ], [ -104.028398364388536, 22.641158140642922 ], [ -104.025588616008733, 22.652137154194925 ], [ -104.016521516539655, 22.657306252409722 ], [ -104.015409921642643, 22.661946022047001 ], [ -104.017383657622702, 22.665786891828912 ], [ -104.022995807493473, 22.67383420694923 ], [ -104.042587295992092, 22.671600387574895 ], [ -104.049327780754538, 22.679145425704824 ], [ -104.046851091882559, 22.68383264947802 ], [ -104.050670415317526, 22.68845162133886 ], [ -104.05951313572092, 22.687219883516686 ], [ -104.070340720048947, 22.690311914344989 ], [ -104.073751141438365, 22.694041073331583 ], [ -104.071023144375104, 22.701660248185714 ], [ -104.065529656953473, 22.698867223153787 ], [ -104.063674141630329, 22.693490549638465 ], [ -104.060428820129331, 22.691424554131292 ], [ -104.05846385163251, 22.692444849052883 ], [ -104.058070702930394, 22.697177388513339 ], [ -104.060905926579494, 22.698616421076945 ], [ -104.064284654145155, 22.706375417191051 ], [ -104.05952471130837, 22.708325222241161 ], [ -104.049147268751639, 22.708144864122005 ], [ -104.047748524761843, 22.71249398817492 ], [ -104.054226333587835, 22.718329683336844 ], [ -104.055782590508613, 22.724036011354599 ], [ -104.048276719189701, 22.728078535156808 ], [ -104.038657521671567, 22.729317140734782 ], [ -104.036121860998293, 22.734818631782041 ], [ -104.028848064884741, 22.739360954734785 ], [ -104.026618212204625, 22.743660378277013 ], [ -104.01330155928666, 22.7471054952312 ] ] ] } },
{ "type": "Feature", "properties": { "cve_edo": "14", "cve_mpo_ine": "046", "cve_edo_mpo_ine": "14046", "nom_mpo": "IXTLAHUACAN DE LOS MEMBRILLOS", "nom_edo": "Jalisco", "alianza_ganadora": "Va por México", "margen_pp": 15.885305425032037, "por_participacion": 48.555872439719991 }, "geometry": { "type": "Polygon", "coordinates": [ [ [ -103.21871976920562, 20.45686907775708 ], [ -103.22630587685822, 20.467558830076904 ], [ -103.221561244510141, 20.468920247269796 ], [ -103.218916297833005, 20.475287432183968 ], [ -103.211945309373561, 20.480032180675593 ], [ -103.207572687675764, 20.474795524060646 ], [ -103.204756075765928, 20.463885609529434 ], [ -103.200373161666533, 20.459007856826062 ], [ -103.192086275944547, 20.455482495866594 ], [ -103.175252495523637, 20.452741127782677 ], [ -103.169183021835764, 20.452610589429192 ], [ -103.164336927342049, 20.455171319761071 ], [ -103.144352284189793, 20.44288681924078 ], [ -103.145739624371899, 20.427588080871121 ], [ -103.143108903578877, 20.42160084218321 ], [ -103.121227210246872, 20.406861091970949 ], [ -103.122718441126281, 20.403442396833295 ], [ -103.126630780760792, 20.404585797935237 ], [ -103.131069051770069, 20.395687320521034 ], [ -103.134201400918712, 20.395667090012452 ], [ -103.136958942046988, 20.386810123621249 ], [ -103.133686913911191, 20.378936796950814 ], [ -103.126376772900727, 20.378306351966057 ], [ -103.125813818775768, 20.361279665249768 ], [ -103.139076821778389, 20.342120575784751 ], [ -103.146208284332445, 20.335684438787109 ], [ -103.154919120203644, 20.343761097588743 ], [ -103.157961325389778, 20.34378240248132 ], [ -103.15801823740442, 20.33667649605529 ], [ -103.171437182919476, 20.333960515038136 ], [ -103.184594895518288, 20.334629580566602 ], [ -103.189295766848787, 20.331976301603518 ], [ -103.207307080133432, 20.340443646807298 ], [ -103.214461042630163, 20.338260633420727 ], [ -103.220294186280071, 20.340489050786577 ], [ -103.234821915757706, 20.337899624510467 ], [ -103.263648559551612, 20.339697428448297 ], [ -103.27263701927366, 20.342481113723636 ], [ -103.284429999768861, 20.337639601614523 ], [ -103.283988821087789, 20.333918969640465 ], [ -103.286179291524093, 20.33284512994134 ], [ -103.290516596943704, 20.335355842116389 ], [ -103.294170011851705, 20.346804265251208 ], [ -103.294133798653789, 20.357519043756902 ], [ -103.289522819907702, 20.36460710561586 ], [ -103.29859292290972, 20.389152881551496 ], [ -103.296792880188349, 20.396315278477111 ], [ -103.290354253717666, 20.398072504157327 ], [ -103.287994130485984, 20.405153436828908 ], [ -103.283139476889673, 20.408714122042618 ], [ -103.282226968861764, 20.406995336791503 ], [ -103.27755433785876, 20.412029983795165 ], [ -103.262202774567456, 20.420043314709233 ], [ -103.262158061183499, 20.42579090083866 ], [ -103.257980530560118, 20.429893215986205 ], [ -103.26188941421097, 20.434909864307635 ], [ -103.261090537809125, 20.441892986212263 ], [ -103.256156858907801, 20.43626437089571 ], [ -103.255132566606093, 20.428962903291058 ], [ -103.240720952604818, 20.431751431205544 ], [ -103.249025598012423, 20.451487504834308 ], [ -103.21871976920562, 20.45686907775708 ] ] ] } },
{ "type": "Feature", "properties": { "cve_edo": "14", "cve_mpo_ine": "047", "cve_edo_mpo_ine": "14047", "nom_mpo": "IXTLAHUACAN DEL RIO", "nom_edo": "Jalisco", "alianza_ganadora": "Juntos Haremos Historia", "margen_pp": 5.5490217042660106, "por_participacion": 59.523961051358739 }, "geometry": { "type": "Polygon", "coordinates": [ [ [ -103.343110242429645, 21.000458270814907 ], [ -103.346633353056774, 21.005412315298777 ], [ -103.342818886148237, 21.027171119649111 ], [ -103.347448864945918, 21.029469472800798 ], [ -103.344942719357462, 21.034447698793432 ], [ -103.348822597772056, 21.04148003351089 ], [ -103.34590278187234, 21.044836802216398 ], [ -103.344644644225056, 21.045996697147221 ], [ -103.338083042238424, 21.041974541502235 ], [ -103.334149254803549, 21.043245936675838 ], [ -103.333660665293564, 21.051341411071984 ], [ -103.327080653089595, 21.054960988972979 ], [ -103.318164154630736, 21.054237138105332 ], [ -103.30648078774334, 21.057182364819234 ], [ -103.301616609957875, 21.054980685212705 ], [ -103.29636968162076, 21.06450952654567 ], [ -103.279321225322676, 21.054963765677662 ], [ -103.276809411756403, 21.050950121715193 ], [ -103.269568319913546, 21.05972911340697 ], [ -103.261930663988394, 21.063260521034952 ], [ -103.257862782544407, 21.069941019890898 ], [ -103.262305873862999, 21.075653938173296 ], [ -103.25525898392948, 21.084510732167104 ], [ -103.255673426046599, 21.0823271187787 ], [ -103.252216669678347, 21.080511716730506 ], [ -103.244059202777237, 21.083678681637295 ], [ -103.238614250187482, 21.078935954364226 ], [ -103.233101156892104, 21.079261250268814 ], [ -103.22757726845056, 21.085025416146777 ], [ -103.220245700926213, 21.085472353854907 ], [ -103.209847819651102, 21.093868594110507 ], [ -103.205686790552548, 21.092463642280563 ], [ -103.202122714769914, 21.086238263476567 ], [ -103.190102362649171, 21.08540184609242 ], [ -103.189759805195919, 21.081239852045943 ], [ -103.192049433360239, 21.080088545113409 ], [ -103.187311091565448, 21.074891783839586 ], [ -103.188785854050934, 21.070978951654421 ], [ -103.181389576610755, 21.074390880270766 ], [ -103.177995133911338, 21.07150280288451 ], [ -103.172715836139758, 21.072279653062978 ], [ -103.167328437141165, 21.069183042268325 ], [ -103.16181514224786, 21.069753258309085 ], [ -103.161633152642736, 21.072266465548694 ], [ -103.150965477532807, 21.06609606128659 ], [ -103.14159805658538, 21.066971819888582 ], [ -103.140598200311246, 21.061775039423654 ], [ -103.137084850642665, 21.061303628174624 ], [ -103.13239512342119, 21.054139114837078 ], [ -103.139414341990673, 21.046815258185948 ], [ -103.13999688843208, 21.043494328754388 ], [ -103.137301498497379, 21.040616897584226 ], [ -103.143952563199534, 21.040673602582817 ], [ -103.149174409708479, 21.028950562223226 ], [ -103.147941976645697, 21.024577647542362 ], [ -103.149696100417003, 21.023510696789614 ], [ -103.14588351860553, 21.0150207662547 ], [ -103.151309957476087, 20.99747044527102 ], [ -103.15134226080545, 20.987653629741889 ], [ -103.149132015041062, 20.984417533239139 ], [ -103.1481987642115, 20.98761250875603 ], [ -103.136328387531293, 20.998198981332791 ], [ -103.119125800021749, 20.99537398323379 ], [ -103.119164721281166, 20.977066287817053 ], [ -103.130400900109066, 20.978442334878942 ], [ -103.133675749562428, 20.976046395843401 ], [ -103.135016620205377, 20.970360681907714 ], [ -103.130455031024425, 20.973249855669341 ], [ -103.127756726216489, 20.972247243252234 ], [ -103.120495054334228, 20.962058349892757 ], [ -103.131785362700683, 20.955226237551212 ], [ -103.134476275643507, 20.954738764110502 ], [ -103.134478986439333, 20.957812862502905 ], [ -103.140973851819027, 20.958254736959343 ], [ -103.144421004253687, 20.953117469624623 ], [ -103.148693254073052, 20.954380899871978 ], [ -103.154890346117028, 20.949752889225206 ], [ -103.171210691872915, 20.947199687585695 ], [ -103.176294685322944, 20.942068003584488 ], [ -103.157326497146968, 20.929531434694095 ], [ -103.149654990763395, 20.921275643384856 ], [ -103.147538007420422, 20.910009249971264 ], [ -103.148636963235219, 20.897717113084585 ], [ -103.154710634746763, 20.89072967795407 ], [ -103.144765387094864, 20.886028278540788 ], [ -103.138712174482563, 20.876179817699814 ], [ -103.121381279664121, 20.884299887590473 ], [ -103.11610437894501, 20.87909845385013 ], [ -103.111776494269563, 20.87837417776182 ], [ -103.112783287432265, 20.867599398166373 ], [ -103.104457359920985, 20.865340858260922 ], [ -103.1045710898659, 20.860979473239563 ], [ -103.098847093826379, 20.861174483247851 ], [ -103.09848662741426, 20.855844077851636 ], [ -103.09064246454183, 20.841312579944944 ], [ -103.085730921224567, 20.840128267881305 ], [ -103.079117902486757, 20.828343396337758 ], [ -103.075786558807422, 20.829034966826523 ], [ -103.075897431717109, 20.818941026052784 ], [ -103.072147448865408, 20.802640458071483 ], [ -103.078831691285018, 20.793907206109608 ], [ -103.081195522281604, 20.784692416460729 ], [ -103.086860675538588, 20.779399471349844 ], [ -103.083750796108575, 20.759986182248159 ], [ -103.100519889229147, 20.759309608133083 ], [ -103.103793039343643, 20.76061111387358 ], [ -103.106601640673532, 20.765441707223655 ], [ -103.113494323236182, 20.762562307597033 ], [ -103.119630492498658, 20.763418336302703 ], [ -103.132712704219799, 20.756492132933289 ], [ -103.148078810470125, 20.755389812009998 ], [ -103.153506412303443, 20.749636497429009 ], [ -103.171607279490317, 20.739943106918531 ], [ -103.175924626854609, 20.735140285228066 ], [ -103.19274553555546, 20.731421964363712 ], [ -103.202794558671158, 20.731624482854841 ], [ -103.212662059700605, 20.727671343225467 ], [ -103.222699320046416, 20.720560803532337 ], [ -103.227887917443311, 20.713973110635251 ], [ -103.242268445925987, 20.719713539048779 ], [ -103.250094817890897, 20.718659426032328 ], [ -103.261909788824951, 20.726342414904909 ], [ -103.269329372724755, 20.726283211667607 ], [ -103.274184034664501, 20.729165305628133 ], [ -103.283507330034965, 20.730434476145131 ], [ -103.287347721485446, 20.738221957376549 ], [ -103.310960461240157, 20.750755795763649 ], [ -103.31434828764823, 20.756806348146849 ], [ -103.306977542030964, 20.764663342825049 ], [ -103.306601214058276, 20.780117274904459 ], [ -103.311866804347801, 20.782708861293944 ], [ -103.322271529666196, 20.783321144678634 ], [ -103.324560773434257, 20.787731690489455 ], [ -103.321357942661109, 20.793081801871757 ], [ -103.327278212749405, 20.800577312475628 ], [ -103.332778896117972, 20.803252092913475 ], [ -103.330208691736814, 20.814245852149739 ], [ -103.325449474733915, 20.819350816333248 ], [ -103.329430491438529, 20.821896669762058 ], [ -103.333074897443609, 20.830631839257578 ], [ -103.325237525542846, 20.846540588892292 ], [ -103.333142617335611, 20.858302211540764 ], [ -103.33093259267514, 20.864699144955502 ], [ -103.335350896378401, 20.868774352295091 ], [ -103.341791129417018, 20.883420196042337 ], [ -103.3512892602308, 20.893376461984634 ], [ -103.353067727220875, 20.903435576368558 ], [ -103.351803716059791, 20.913153823928869 ], [ -103.357313593595123, 20.917822311451808 ], [ -103.360786443321786, 20.926722758002565 ], [ -103.368634642707605, 20.930317139770946 ], [ -103.369293085824978, 20.93638466980584 ], [ -103.36357133191504, 20.941313085617924 ], [ -103.353112279958907, 20.947266714661509 ], [ -103.34392835879548, 20.948237812819482 ], [ -103.342560717005924, 20.964395158760794 ], [ -103.354090988492615, 20.965424996638532 ], [ -103.357490821846071, 20.967885708751208 ], [ -103.351071819009931, 20.975678296340611 ], [ -103.355642666879206, 20.97830854600732 ], [ -103.355847412017553, 20.990772847550925 ], [ -103.351349488402832, 20.994540819358509 ], [ -103.346318511632617, 20.993162560634026 ], [ -103.343110242429645, 21.000458270814907 ] ] ] } },
{ "type": "Feature", "properties": { "cve_edo": "14", "cve_mpo_ine": "048", "cve_edo_mpo_ine": "14048", "nom_mpo": "JALOSTOTITLAN", "nom_edo": "Jalisco", "alianza_ganadora": "Va por México", "margen_pp": 38.764257119117758, "por_participacion": 50.269592952612399 }, "geometry": { "type": "Polygon", "coordinates": [ [ [ -102.484462646956175, 21.325427745137368 ], [ -102.470747413257357, 21.336482733376226 ], [ -102.467042085272709, 21.33662225691986 ], [ -102.447995839363301, 21.327368814756149 ], [ -102.432945459617756, 21.327178011442872 ], [ -102.430105440947017, 21.329727355332984 ], [ -102.434551007382808, 21.316163920553041 ], [ -102.448897461710047, 21.299142724540026 ], [ -102.45203244008745, 21.30459981935546 ], [ -102.453687176669774, 21.303326572530032 ], [ -102.456675191701208, 21.296176740077161 ], [ -102.454676904316813, 21.287499470985527 ], [ -102.457807582632924, 21.276578567494859 ], [ -102.452097827375255, 21.27782326763273 ], [ -102.441976880305603, 21.270953591881895 ], [ -102.439210468629824, 21.280052895658365 ], [ -102.44108332939247, 21.289724164327499 ], [ -102.435682034372078, 21.286280730840648 ], [ -102.432872375631888, 21.280878380300667 ], [ -102.423977372005609, 21.281476978705857 ], [ -102.422410863435474, 21.278564152036719 ], [ -102.421395197110769, 21.272546578209056 ], [ -102.427543474117613, 21.267409787729296 ], [ -102.425020792767185, 21.266769823573377 ], [ -102.425631917002534, 21.263416796151631 ], [ -102.423213710052522, 21.261928116292747 ], [ -102.425905094056787, 21.260461176247947 ], [ -102.421305078090953, 21.251760051005302 ], [ -102.416368536522356, 21.251835070644173 ], [ -102.413816674038571, 21.245576950500844 ], [ -102.418264818588042, 21.245043334206297 ], [ -102.41850255654569, 21.238878965745041 ], [ -102.427556046834098, 21.233511323254152 ], [ -102.438899715275852, 21.231346594003668 ], [ -102.427085203969582, 21.223510914573161 ], [ -102.414300036136453, 21.220226963113298 ], [ -102.412673151240483, 21.215932788800284 ], [ -102.407142850759811, 21.213836708563942 ], [ -102.402963645702982, 21.209842674610488 ], [ -102.402593106150633, 21.205841531534805 ], [ -102.396053574803105, 21.200239340255905 ], [ -102.413738869662737, 21.191373814561402 ], [ -102.417416502265837, 21.186260609289896 ], [ -102.413084588492936, 21.184156798077886 ], [ -102.402663060208951, 21.187687120675058 ], [ -102.402038405163111, 21.184656747334689 ], [ -102.409559728431589, 21.175882717172374 ], [ -102.412923519637488, 21.165213014680937 ], [ -102.409814201628109, 21.16473455497551 ], [ -102.409189437113739, 21.161704184284996 ], [ -102.401961181403493, 21.161938997232163 ], [ -102.397817797031252, 21.166926908028898 ], [ -102.387054804415243, 21.160879080105573 ], [ -102.379745492750644, 21.164638295648643 ], [ -102.374338879654701, 21.159682668158467 ], [ -102.364895296030141, 21.163532600140197 ], [ -102.351677454832682, 21.164095950733799 ], [ -102.350277491204295, 21.161639072941412 ], [ -102.340320372108678, 21.159284274157137 ], [ -102.337415043956213, 21.155158657393969 ], [ -102.321902836606696, 21.148656037351216 ], [ -102.313133931245673, 21.135863440439589 ], [ -102.312298724001721, 21.122220728557991 ], [ -102.315840228901408, 21.112010761110184 ], [ -102.315538730509815, 21.105335359254205 ], [ -102.31686459507128, 21.1085371181242 ], [ -102.326948668793307, 21.110272995469675 ], [ -102.34040049931636, 21.101257456580068 ], [ -102.346108273204322, 21.107352307725918 ], [ -102.349864256786859, 21.107505109869205 ], [ -102.356807593400347, 21.097278212149497 ], [ -102.359980008485451, 21.096928991923697 ], [ -102.364301387861232, 21.100028563236062 ], [ -102.370392036386122, 21.110146109263663 ], [ -102.37787813493901, 21.114097913381656 ], [ -102.378883096353107, 21.111831923982628 ], [ -102.393504175929891, 21.112762150344441 ], [ -102.394292563433666, 21.109203237992777 ], [ -102.398988334474907, 21.10932036995602 ], [ -102.39914424523046, 21.103850124231101 ], [ -102.403190943288806, 21.104418352130036 ], [ -102.403930490043109, 21.099408261348994 ], [ -102.415031033767477, 21.098617816294993 ], [ -102.41789994765135, 21.09971608506914 ], [ -102.418695453547272, 21.103535213959571 ], [ -102.427380712592964, 21.104011649658272 ], [ -102.428628434780009, 21.097019060312622 ], [ -102.421256734894726, 21.081544123511808 ], [ -102.432830901113661, 21.079511408520549 ], [ -102.434730181467302, 21.07641598302073 ], [ -102.437662602822641, 21.076768221318957 ], [ -102.438447992455096, 21.073457656489133 ], [ -102.469597481149393, 21.067206982722727 ], [ -102.482160710641182, 21.057675440265463 ], [ -102.491354105184328, 21.060970561897776 ], [ -102.495814722681203, 21.070202859513699 ], [ -102.495203781120637, 21.07397095677517 ], [ -102.502539345251122, 21.083512505365803 ], [ -102.51741744355445, 21.088668036753084 ], [ -102.531929751407816, 21.086648546279651 ], [ -102.539419606020658, 21.080976293513782 ], [ -102.539967529435671, 21.077746431600488 ], [ -102.549899492312875, 21.075820155135229 ], [ -102.554162891007977, 21.079453732512395 ], [ -102.548508781398141, 21.111793190648935 ], [ -102.572334552797571, 21.113892215384791 ], [ -102.584404128809311, 21.118361465092772 ], [ -102.592454111823969, 21.117374654939425 ], [ -102.592546596417179, 21.121728022571407 ], [ -102.589169292306281, 21.126971997110704 ], [ -102.573183531003025, 21.129277067396981 ], [ -102.572831303928837, 21.139223878507853 ], [ -102.573878074409691, 21.140971513384653 ], [ -102.578237779809342, 21.138594406080742 ], [ -102.575626888978022, 21.143179532198385 ], [ -102.578263940836663, 21.1441494506658 ], [ -102.572204422307436, 21.145935526604639 ], [ -102.572991351633249, 21.151909863881208 ], [ -102.578611312043392, 21.155012647215155 ], [ -102.577530530143989, 21.159026959678695 ], [ -102.583817979286081, 21.158527240127665 ], [ -102.585155759291027, 21.160774086897668 ], [ -102.591372831131508, 21.152148551334342 ], [ -102.598966061937048, 21.149210448078087 ], [ -102.600450634711535, 21.146359139283774 ], [ -102.609659408549859, 21.148446435818883 ], [ -102.609990977235285, 21.162501711258628 ], [ -102.605428755527399, 21.169438422027799 ], [ -102.607514986175573, 21.174425711610436 ], [ -102.612104139652075, 21.173127003700419 ], [ -102.614598783781815, 21.178655618009241 ], [ -102.612942311303613, 21.180718350783859 ], [ -102.617930230225369, 21.181660490312993 ], [ -102.615484592751926, 21.18823709349391 ], [ -102.622187964659531, 21.197604897414287 ], [ -102.61964707519607, 21.200201280549436 ], [ -102.623580286610363, 21.200763855657478 ], [ -102.624736960564803, 21.204045758889187 ], [ -102.621435472275294, 21.206057224265617 ], [ -102.617390954046499, 21.204374629162306 ], [ -102.614904148965167, 21.207758892608226 ], [ -102.608016630440417, 21.210079943392707 ], [ -102.608346172857921, 21.214103067797375 ], [ -102.60355654273981, 21.21937996965427 ], [ -102.601846151679055, 21.220488744656031 ], [ -102.598980967553175, 21.218066754179553 ], [ -102.594952571905409, 21.223721147590467 ], [ -102.589799332469994, 21.220704478052603 ], [ -102.58251451627126, 21.22049322434367 ], [ -102.57896681813817, 21.224243297832462 ], [ -102.57097379326477, 21.244173608157737 ], [ -102.572599337313292, 21.257324741135438 ], [ -102.57334846404423, 21.259816711690881 ], [ -102.575874399474756, 21.260039968066334 ], [ -102.583763794842469, 21.257726783271707 ], [ -102.589745053882396, 21.260044178439681 ], [ -102.603381220488274, 21.259962891859939 ], [ -102.610400416109727, 21.265851074367308 ], [ -102.619270802287701, 21.266734226041688 ], [ -102.618544740517763, 21.270377840438769 ], [ -102.625771618937677, 21.281324234473029 ], [ -102.613644170599215, 21.291003151173232 ], [ -102.611583432003698, 21.295249600533825 ], [ -102.612734863015859, 21.29948501727219 ], [ -102.608880058795236, 21.305264974457707 ], [ -102.598006453539512, 21.304741725066002 ], [ -102.590751034494374, 21.308800400845492 ], [ -102.588133742131987, 21.313924267320665 ], [ -102.584401310864237, 21.30880196799929 ], [ -102.580035140044629, 21.311385982698539 ], [ -102.576694193392981, 21.309665211079498 ], [ -102.573511470912052, 21.310971492311545 ], [ -102.574497030135205, 21.30351612781697 ], [ -102.570451122691594, 21.301749316973165 ], [ -102.567392142411649, 21.302061401919879 ], [ -102.564584738947062, 21.309339197207542 ], [ -102.559365583223823, 21.31132389891167 ], [ -102.555465833526327, 21.310316743293697 ], [ -102.554186215719625, 21.308069991574257 ], [ -102.557095901814549, 21.303363166994394 ], [ -102.557446209726976, 21.294162831464028 ], [ -102.555456186150437, 21.292740573529262 ], [ -102.542709681831994, 21.300575189765226 ], [ -102.536892701376544, 21.30008104559607 ], [ -102.531571656316729, 21.295527637332221 ], [ -102.529277121086466, 21.30512942476123 ], [ -102.523190642465963, 21.300777947703448 ], [ -102.517834267391564, 21.301819944239117 ], [ -102.506703657763026, 21.313931918534159 ], [ -102.500407424320869, 21.314759677437866 ], [ -102.494843894558201, 21.320400587197199 ], [ -102.49161114274419, 21.320254087079732 ], [ -102.489707355450918, 21.323640024680671 ], [ -102.484462646956175, 21.325427745137368 ] ] ] } },
{ "type": "Feature", "properties": { "cve_edo": "14", "cve_mpo_ine": "049", "cve_edo_mpo_ine": "14049", "nom_mpo": "JAMAY", "nom_edo": "Jalisco", "alianza_ganadora": "Movimiento Ciudadano", "margen_pp": 7.6142613313104492, "por_participacion": 54.330019061356957 }, "geometry": { "type": "Polygon", "coordinates": [ [ [ -102.679918174115855, 20.376450371736777 ], [ -102.669083559352018, 20.376269863998896 ], [ -102.65780552192534, 20.368919045058728 ], [ -102.658560474908199, 20.362316671774764 ], [ -102.665785191656639, 20.355824860585805 ], [ -102.66549218316618, 20.352970638561413 ], [ -102.662159383973815, 20.346101834674389 ], [ -102.652690752696572, 20.336290910916432 ], [ -102.662154944470089, 20.327736916801758 ], [ -102.662210863115959, 20.316610457897198 ], [ -102.653972365466927, 20.313956116448175 ], [ -102.638139070033702, 20.31485129482045 ], [ -102.630660405878714, 20.310376511596886 ], [ -102.635860062008348, 20.306121326568494 ], [ -102.647953882978314, 20.308449360948405 ], [ -102.662325152531594, 20.30461542532522 ], [ -102.663492430361714, 20.29919792858044 ], [ -102.65819354569291, 20.299504736079758 ], [ -102.656013931818421, 20.293938328770157 ], [ -102.604290936203782, 20.292572251616789 ], [ -102.610800408204454, 20.275815458297345 ], [ -102.611346866876787, 20.268886542823196 ], [ -102.615573592235819, 20.262379814070691 ], [ -102.613560625066128, 20.256145022428761 ], [ -102.621487486047343, 20.252346476830464 ], [ -102.617552220384368, 20.247278215784643 ], [ -102.62052105627302, 20.245031949245671 ], [ -102.627285243694999, 20.229329830841944 ], [ -102.642575766262411, 20.223525024852151 ], [ -102.647772654540461, 20.224523102757612 ], [ -102.651334761382117, 20.228621645804868 ], [ -102.664648742204989, 20.231488350772985 ], [ -102.669962430910445, 20.230831312220985 ], [ -102.67334835137197, 20.226325766006639 ], [ -102.688529006481176, 20.223070685099945 ], [ -102.690632931173027, 20.229442016293742 ], [ -102.703303420964886, 20.228541302130328 ], [ -102.707914178772867, 20.223539762973246 ], [ -102.71381249360698, 20.226066629497272 ], [ -102.723971867465238, 20.225659189049495 ], [ -102.730683982254433, 20.221196058703828 ], [ -102.755550451201472, 20.213266895124175 ], [ -102.766287564800052, 20.206736315207703 ], [ -102.777864232237476, 20.20764090117693 ], [ -102.767691275455633, 20.21012820601635 ], [ -102.752872428822968, 20.224143218439618 ], [ -102.739096805307327, 20.229844599893088 ], [ -102.730169947093103, 20.241586257658675 ], [ -102.708277116891239, 20.252988957188435 ], [ -102.710793064625278, 20.263248005015313 ], [ -102.710069697162496, 20.272196554852449 ], [ -102.706155551699396, 20.275718455009986 ], [ -102.707302692746651, 20.282451801107818 ], [ -102.722609420499765, 20.288400177727635 ], [ -102.744457616468878, 20.291000537029429 ], [ -102.744234671827058, 20.299611970120079 ], [ -102.757956829534422, 20.308638131773005 ], [ -102.7463994864097, 20.319825412751193 ], [ -102.736369865513993, 20.335836694739768 ], [ -102.726854715469472, 20.343315513402192 ], [ -102.72237862727026, 20.352349303272074 ], [ -102.688864620854176, 20.354558957476051 ], [ -102.679386183469575, 20.36079351211847 ], [ -102.67342747495448, 20.368394790452243 ], [ -102.674369820558823, 20.373061203336633 ], [ -102.678584058894899, 20.373964969235811 ], [ -102.679918174115855, 20.376450371736777 ] ] ] } },
{ "type": "Feature", "properties": { "cve_edo": "14", "cve_mpo_ine": "050", "cve_edo_mpo_ine": "14050", "nom_mpo": "JESUS MARIA", "nom_edo": "Jalisco", "alianza_ganadora": "Va por México", "margen_pp": 28.837677874323134, "por_participacion": 48.217863865444166 }, "geometry": { "type": "Polygon", "coordinates": [ [ [ -102.171521050260409, 20.748439716002427 ], [ -102.161428236899894, 20.753621046452654 ], [ -102.160712345377164, 20.756116920837336 ], [ -102.16584062767005, 20.762132463372883 ], [ -102.16300218559509, 20.76946075861871 ], [ -102.153790501038898, 20.772979327937165 ], [ -102.14377000050284, 20.78112173560681 ], [ -102.124512207272758, 20.783559398532489 ], [ -102.108866085435238, 20.779425036002788 ], [ -102.10487505758573, 20.775815614972764 ], [ -102.106972104689788, 20.772658633638155 ], [ -102.105532061254735, 20.770943958554589 ], [ -102.099474455773077, 20.768423880161439 ], [ -102.09761034417474, 20.771751419176393 ], [ -102.093988179538314, 20.771991863945672 ], [ -102.087871396203369, 20.782184583297397 ], [ -102.083947669698674, 20.781136121251695 ], [ -102.077585671068633, 20.784570650083467 ], [ -102.073966542966716, 20.781992975239209 ], [ -102.068944693153043, 20.781946539034145 ], [ -102.06565937386911, 20.773757088925262 ], [ -102.061125481624458, 20.771899299358989 ], [ -102.060272102660463, 20.76792222745987 ], [ -102.065647651971517, 20.766040454725996 ], [ -102.0724385989257, 20.749948214550805 ], [ -102.060850262048064, 20.749033880514421 ], [ -102.052226266810891, 20.754816991156506 ], [ -102.048832131384515, 20.751783322678925 ], [ -102.039929219031521, 20.762347173907063 ], [ -102.03299072798697, 20.763291303821358 ], [ -102.026746571274316, 20.770107440959276 ], [ -102.010631536146903, 20.75887209798573 ], [ -102.009637638621726, 20.753324298812572 ], [ -102.012875223131928, 20.736425767535998 ], [ -102.020583173116279, 20.718743824133249 ], [ -102.00921470950361, 20.715932266954635 ], [ -102.008173224576595, 20.707165079752226 ], [ -102.011857170349941, 20.699393881081313 ], [ -102.014931760156358, 20.69813078236173 ], [ -102.016793794172088, 20.676956165219654 ], [ -102.021576848895293, 20.67307099388028 ], [ -102.016411666894001, 20.66607849222585 ], [ -102.017219533230971, 20.660040158951556 ], [ -102.013266165105833, 20.65844586397672 ], [ -102.011844642821472, 20.653715392892419 ], [ -101.995037157453524, 20.662919375929551 ], [ -101.991445951373208, 20.656111011567312 ], [ -101.981950620813663, 20.657173702378991 ], [ -101.973640391077822, 20.664431966214664 ], [ -101.963379643164686, 20.664256161239042 ], [ -101.961207678912245, 20.662939966505618 ], [ -101.963667220479508, 20.656129548265238 ], [ -101.956124960953744, 20.653617767387523 ], [ -101.947212909530265, 20.639194229097289 ], [ -101.962975020349859, 20.637598147741084 ], [ -101.957794448066863, 20.626246925043379 ], [ -101.957238718315395, 20.611534193792618 ], [ -101.954072164315164, 20.610716667911738 ], [ -101.951965815817147, 20.612665337963673 ], [ -101.952749219681579, 20.606414384802317 ], [ -101.959962036634764, 20.598357654578926 ], [ -101.959995329652912, 20.594131777344664 ], [ -101.957556648500258, 20.593801638176135 ], [ -101.953913381227338, 20.588562842617144 ], [ -101.967254414751793, 20.578149858071615 ], [ -101.964429964699519, 20.572040899485742 ], [ -101.969986186177977, 20.56673416193048 ], [ -101.969567105493937, 20.56214750921081 ], [ -101.974737569105272, 20.551995750883261 ], [ -101.989903252304671, 20.545291174316588 ], [ -101.993902676072466, 20.535485896489377 ], [ -101.995393507672674, 20.539733423080374 ], [ -102.019154296012331, 20.55063336254408 ], [ -102.024951100577539, 20.551045783077395 ], [ -102.037768372211644, 20.544801243551767 ], [ -102.040814984363251, 20.544760583807072 ], [ -102.043471798008426, 20.549977041172848 ], [ -102.051145407376566, 20.550124479824532 ], [ -102.057054501496665, 20.534956723010247 ], [ -102.061368237690559, 20.53791663338049 ], [ -102.065943051468622, 20.537150593439407 ], [ -102.090784567797954, 20.528331062141646 ], [ -102.091952924883628, 20.537214822877242 ], [ -102.088882050476457, 20.540736936637149 ], [ -102.094667764181239, 20.542762966426476 ], [ -102.096845481584651, 20.549754187507119 ], [ -102.094655759282702, 20.552915353850093 ], [ -102.090499558724233, 20.55240319431951 ], [ -102.086475558031196, 20.558108541723559 ], [ -102.085403282807988, 20.560621722200924 ], [ -102.090258352213041, 20.561765095156083 ], [ -102.098900442501261, 20.557572519581001 ], [ -102.104270556343636, 20.552009307444109 ], [ -102.100630207522315, 20.544666877338926 ], [ -102.108045424277208, 20.531257600880476 ], [ -102.111792843524171, 20.531515158572816 ], [ -102.122332243870289, 20.523617030414965 ], [ -102.124936224787703, 20.528375955590629 ], [ -102.133196741655013, 20.528278834191983 ], [ -102.161250886600556, 20.520237225121559 ], [ -102.166902590953114, 20.524952770516393 ], [ -102.189004723820076, 20.531540149726599 ], [ -102.197530213696908, 20.526636138712924 ], [ -102.213044717160869, 20.522290980534617 ], [ -102.21874836282629, 20.515263798609315 ], [ -102.225743977488563, 20.511208926562482 ], [ -102.233116046484369, 20.512670425376772 ], [ -102.230713753007095, 20.522461835801352 ], [ -102.234904449472808, 20.526990995335336 ], [ -102.239351578145303, 20.527876338492888 ], [ -102.23639738284254, 20.532024575240367 ], [ -102.238542033008869, 20.535864577662839 ], [ -102.248396649418467, 20.543739332273269 ], [ -102.253954599091486, 20.545135721389713 ], [ -102.251700987410999, 20.549707491227483 ], [ -102.253568249763887, 20.551015812685804 ], [ -102.251584345241, 20.559486646815817 ], [ -102.24918103490279, 20.559622028924924 ], [ -102.24916597530121, 20.562149876714326 ], [ -102.255350970680198, 20.566621032854705 ], [ -102.253624381220249, 20.571199443635649 ], [ -102.259745593405441, 20.57662287023398 ], [ -102.269065731752619, 20.576284194107359 ], [ -102.257300816253917, 20.583720318803945 ], [ -102.253788015054141, 20.592959240943483 ], [ -102.259624121609207, 20.597177295989557 ], [ -102.259114812445745, 20.594104058783916 ], [ -102.264182086478499, 20.589567685753082 ], [ -102.267632276629456, 20.590895824895473 ], [ -102.27605074483435, 20.584494717580295 ], [ -102.282351807071038, 20.589463844974876 ], [ -102.279490263262659, 20.597799787409155 ], [ -102.283645076264776, 20.598970668738549 ], [ -102.284837188199333, 20.601696495633018 ], [ -102.283118544742194, 20.60262061533043 ], [ -102.286223672699819, 20.606486174047717 ], [ -102.280636814937296, 20.6172915297918 ], [ -102.272989355377476, 20.624911748521207 ], [ -102.24562220752037, 20.641850274608117 ], [ -102.246364575109141, 20.646463319008816 ], [ -102.258401019432441, 20.653685622575615 ], [ -102.256910852007181, 20.668402518625353 ], [ -102.263388133507505, 20.673379276018885 ], [ -102.25396065276118, 20.68273303433336 ], [ -102.240901769469588, 20.683668774770602 ], [ -102.238769302002581, 20.686567770825611 ], [ -102.232417181738825, 20.685277481062755 ], [ -102.232555716921652, 20.693968425735711 ], [ -102.220827127363876, 20.699401404708265 ], [ -102.220305474046626, 20.705691705271917 ], [ -102.223916778460151, 20.710851935241514 ], [ -102.213688652700242, 20.707731624452745 ], [ -102.202374486375106, 20.722867968731698 ], [ -102.197451576534846, 20.72543409735901 ], [ -102.193617667726414, 20.722921773093876 ], [ -102.189912538487775, 20.727731901093033 ], [ -102.192534395032354, 20.743127517986817 ], [ -102.189895305770875, 20.748115633471247 ], [ -102.171521050260409, 20.748439716002427 ] ] ] } },
{ "type": "Feature", "properties": { "cve_edo": "14", "cve_mpo_ine": "051", "cve_edo_mpo_ine": "14051", "nom_mpo": "JILOTLAN DE LOS DOLORES", "nom_edo": "Jalisco", "alianza_ganadora": "Juntos Haremos Historia", "margen_pp": 38.559892328398384, "por_participacion": 35.652591170825339 }, "geometry": { "type": "Polygon", "coordinates": [ [ [ -103.077035875331987, 19.515494350100663 ], [ -103.045394026733391, 19.495640192691805 ], [ -103.033130779448442, 19.495921472292206 ], [ -103.017518927315749, 19.485063706834858 ], [ -103.00938728835014, 19.483036730918613 ], [ -103.0064948839061, 19.476600505551122 ], [ -103.000392995186431, 19.476801880316629 ], [ -102.99110720420785, 19.471350010656309 ], [ -102.987440951694367, 19.473903899505665 ], [ -102.985934448237131, 19.471922897508286 ], [ -102.983433690649548, 19.472910493425104 ], [ -102.97943704730848, 19.467132827330346 ], [ -102.974897582942035, 19.470386776679518 ], [ -102.972005936459809, 19.46432131818608 ], [ -102.967004788248786, 19.466172367372078 ], [ -102.936126365476753, 19.452859253938392 ], [ -102.933736766031529, 19.45590839280495 ], [ -102.91522374643931, 19.44792621144267 ], [ -102.913355666667954, 19.451388129313678 ], [ -102.916421818922231, 19.456423495571109 ], [ -102.911637404234014, 19.464170785435627 ], [ -102.900992304432634, 19.468816954404417 ], [ -102.8943766767878, 19.465838512712491 ], [ -102.896532372191103, 19.463655718291694 ], [ -102.891865923878115, 19.449132391153359 ], [ -102.888485589637526, 19.453045537696411 ], [ -102.880992023715905, 19.452704849827022 ], [ -102.874505469849026, 19.445560652898823 ], [ -102.869916773969379, 19.445306321942436 ], [ -102.867890497091267, 19.442870053397613 ], [ -102.870579839609718, 19.436894243619992 ], [ -102.872841039273524, 19.43842353712785 ], [ -102.875755030405202, 19.435087366353645 ], [ -102.877052837374748, 19.428037102557777 ], [ -102.867374679235596, 19.420186961085644 ], [ -102.868554139884111, 19.413961404676247 ], [ -102.861980613977153, 19.397372709044703 ], [ -102.863266226870564, 19.394611550541775 ], [ -102.859845987503249, 19.392461807669608 ], [ -102.858351111085284, 19.387263196119761 ], [ -102.852880578815927, 19.391254985028365 ], [ -102.857741053958847, 19.397366173769043 ], [ -102.856162292476057, 19.401034112741073 ], [ -102.821632240224204, 19.411743359559431 ], [ -102.817715983090224, 19.425078596011694 ], [ -102.811285924968274, 19.431080076715904 ], [ -102.805982211283421, 19.421775640443375 ], [ -102.800871580739496, 19.420760798738517 ], [ -102.801609540628419, 19.413251801521042 ], [ -102.796207807600098, 19.411701595798128 ], [ -102.794122301425901, 19.413605439821023 ], [ -102.788141965051352, 19.412881717870995 ], [ -102.787484302231036, 19.403933591350601 ], [ -102.783997814415784, 19.402088380919629 ], [ -102.782667826086438, 19.404443449993206 ], [ -102.780402955966068, 19.403872992789864 ], [ -102.779051050438071, 19.395793151517722 ], [ -102.782590492264021, 19.39532855813771 ], [ -102.782585770398981, 19.393101345001764 ], [ -102.779738588532396, 19.391542816451341 ], [ -102.775969564921255, 19.393204162521066 ], [ -102.773521727269213, 19.38826225343708 ], [ -102.769749191550716, 19.388191207735623 ], [ -102.77074460344889, 19.392477641405772 ], [ -102.76750719197436, 19.398756582020663 ], [ -102.762516746240948, 19.399266438168603 ], [ -102.753878884793707, 19.404488708278901 ], [ -102.754019856318678, 19.417356469869834 ], [ -102.749898506438029, 19.41732720539185 ], [ -102.746720034083381, 19.424801528839968 ], [ -102.743584417900905, 19.424274341083304 ], [ -102.74231430889499, 19.428031148022665 ], [ -102.738020604902943, 19.429115655408861 ], [ -102.736182784383999, 19.440050382206891 ], [ -102.7406622064901, 19.445110731272379 ], [ -102.733296078345262, 19.449008288894586 ], [ -102.726099427866657, 19.450389206615196 ], [ -102.718200639097091, 19.448596007523207 ], [ -102.714664311985857, 19.45165750162618 ], [ -102.712042487440755, 19.446055474442336 ], [ -102.694636234952668, 19.4526586278614 ], [ -102.687491390039753, 19.450078574280766 ], [ -102.680179657209436, 19.452323996098194 ], [ -102.673961425207551, 19.447926482449471 ], [ -102.669260187158017, 19.448762806683725 ], [ -102.660660552394177, 19.443092171660926 ], [ -102.655841864832411, 19.442814917873452 ], [ -102.653163948909906, 19.437006187682488 ], [ -102.646834375804872, 19.435288816175039 ], [ -102.635641113209772, 19.443810008428109 ], [ -102.621033625985746, 19.463472698444978 ], [ -102.612384943343869, 19.46534693057685 ], [ -102.594210229680669, 19.462538746442053 ], [ -102.588232239039911, 19.464612618392493 ], [ -102.582436736125288, 19.476748308006414 ], [ -102.583141062107131, 19.485819584126556 ], [ -102.575312242116112, 19.498453658711657 ], [ -102.549932284525269, 19.491777705797482 ], [ -102.543597134144463, 19.476909493437869 ], [ -102.544640388506608, 19.474477534027027 ], [ -102.547390441880282, 19.474793871530618 ], [ -102.548815373475037, 19.470863382386025 ], [ -102.536609185902009, 19.468467601573657 ], [ -102.537775118020519, 19.465943419440503 ], [ -102.543739410587989, 19.468804339997963 ], [ -102.554451813481563, 19.464062795883997 ], [ -102.564135671285669, 19.464146557946002 ], [ -102.56852439256734, 19.443536520891406 ], [ -102.566354786041501, 19.442713238389171 ], [ -102.558710311270303, 19.447578833824508 ], [ -102.546955046283244, 19.447656666311353 ], [ -102.544334341371936, 19.439475477023578 ], [ -102.56039024573225, 19.437675402196902 ], [ -102.553759806794019, 19.433176451817818 ], [ -102.547313623105225, 19.434682609472535 ], [ -102.544392339233312, 19.432197661473044 ], [ -102.544322968168032, 19.428547996533872 ], [ -102.54977869836668, 19.429389399912392 ], [ -102.551578703125841, 19.42657087470711 ], [ -102.558380060206346, 19.432106215493373 ], [ -102.564931275907483, 19.434209148093515 ], [ -102.57117982192527, 19.425831399083879 ], [ -102.577408885671602, 19.423094601385568 ], [ -102.569327038896745, 19.412722665677705 ], [ -102.569273532560558, 19.407013133351825 ], [ -102.571278095086171, 19.405155177642552 ], [ -102.567297878660341, 19.405209533326833 ], [ -102.568722062398393, 19.401670813035853 ], [ -102.56706315888465, 19.389431196221743 ], [ -102.575194844275856, 19.387583100174332 ], [ -102.573275149344823, 19.38971542702355 ], [ -102.577800391058602, 19.390186255952486 ], [ -102.575478655330883, 19.393566723615297 ], [ -102.588845618562814, 19.386797952442485 ], [ -102.594954132145602, 19.371108789904628 ], [ -102.601253128183316, 19.36420819451132 ], [ -102.601531543743306, 19.358278909282777 ], [ -102.606004610842447, 19.350030554481666 ], [ -102.605677908213991, 19.338234839324148 ], [ -102.610574210533613, 19.330569024510886 ], [ -102.609290797913502, 19.328546801527487 ], [ -102.611431158600226, 19.323244312816868 ], [ -102.618388072270662, 19.316065660743178 ], [ -102.627741845186137, 19.312531068444322 ], [ -102.638758461310815, 19.293969406668069 ], [ -102.64347754334446, 19.278557677805768 ], [ -102.640763062114857, 19.277156960995626 ], [ -102.641699890948942, 19.273722209770359 ], [ -102.639581774228361, 19.269963011571352 ], [ -102.64322349256129, 19.2652404090612 ], [ -102.639032247289975, 19.261692164841552 ], [ -102.646454831498644, 19.258310522405544 ], [ -102.645814709239218, 19.255783474549439 ], [ -102.651227927630899, 19.248676632356045 ], [ -102.651244367016261, 19.243997036833488 ], [ -102.656847295602518, 19.240985659944734 ], [ -102.652270525819148, 19.235413487485783 ], [ -102.656794124972507, 19.23282811015639 ], [ -102.657028207038664, 19.228594155949121 ], [ -102.661136585589048, 19.229190496725728 ], [ -102.661908243618626, 19.21906238389991 ], [ -102.667709215606379, 19.221439633068947 ], [ -102.669582023902095, 19.213073720815366 ], [ -102.674986154605264, 19.223894325953395 ], [ -102.688816268882874, 19.22341026693903 ], [ -102.694907384572076, 19.226193186473964 ], [ -102.699368517966803, 19.224407546840204 ], [ -102.700303991350395, 19.228941767025066 ], [ -102.694524721737778, 19.23988701287449 ], [ -102.701612991817854, 19.248281373468807 ], [ -102.707805990890023, 19.241830304125422 ], [ -102.707220708650112, 19.238738654730682 ], [ -102.712724120548657, 19.236042453476568 ], [ -102.726765441820191, 19.242900254203221 ], [ -102.737206677202479, 19.243168055523626 ], [ -102.740437426764117, 19.249278202151263 ], [ -102.754040812260286, 19.256270101147869 ], [ -102.775709643254558, 19.243856433718236 ], [ -102.791409741681122, 19.242112991112524 ], [ -102.795142514264086, 19.232993278209708 ], [ -102.794397662280574, 19.225963661904633 ], [ -102.8100908979834, 19.222719226805694 ], [ -102.821557730035423, 19.207718975046841 ], [ -102.826147587104074, 19.207654039173395 ], [ -102.830085877163796, 19.217134111310621 ], [ -102.846665830166927, 19.199589678046095 ], [ -102.848755460653408, 19.201044075282272 ], [ -102.849512573022693, 19.19947632772201 ], [ -102.851775276417897, 19.201964600290115 ], [ -102.855436369893255, 19.200986232886134 ], [ -102.863448835766675, 19.205521786941453 ], [ -102.866212195922571, 19.213237819621966 ], [ -102.896297001500571, 19.199667575389455 ], [ -102.903691954308414, 19.18845858047953 ], [ -102.91444409096033, 19.179645039295526 ], [ -102.9268035161207, 19.177472567521011 ], [ -102.932016735702319, 19.180447471233752 ], [ -102.935627786346842, 19.173934702709978 ], [ -102.939272250328116, 19.178145126661079 ], [ -102.942519132541335, 19.178684450830534 ], [ -102.955867285140101, 19.175149887336431 ], [ -102.956759613869565, 19.178479345931638 ], [ -102.961928401602975, 19.179032876384955 ], [ -102.965120804370088, 19.182803505316073 ], [ -102.968722029757771, 19.182360110359109 ], [ -102.969073643064164, 19.17612104217719 ], [ -102.96535781716922, 19.173877889463565 ], [ -102.963445801888938, 19.16556541292211 ], [ -102.966871899163706, 19.166154712919628 ], [ -102.976747321124932, 19.160358445393463 ], [ -102.977386879732165, 19.158748728338967 ], [ -102.972450455425005, 19.159394686826356 ], [ -102.974834388381723, 19.15336856333148 ], [ -102.979190000850636, 19.152555490619928 ], [ -102.987439148229626, 19.144728936647716 ], [ -102.98720437887637, 19.150555023873743 ], [ -102.993013924200625, 19.143588689612869 ], [ -102.990634278803185, 19.1411020375159 ], [ -102.989495987924116, 19.133425355574118 ], [ -103.006701934495666, 19.138229257980761 ], [ -103.018221436652738, 19.132799288742792 ], [ -103.036118572514781, 19.130362424734017 ], [ -103.053321466974495, 19.165905588926186 ], [ -103.048359108624211, 19.177488386972158 ], [ -103.048365933384076, 19.184008511648152 ], [ -103.058431575039478, 19.183786473922343 ], [ -103.069313997341325, 19.189419148481399 ], [ -103.083781944600645, 19.193255904897093 ], [ -103.087378384914246, 19.200704389085256 ], [ -103.096582438129431, 19.204323285850666 ], [ -103.10591491933684, 19.216854892476167 ], [ -103.092501069998548, 19.224857317532695 ], [ -103.093615483140283, 19.236447014261444 ], [ -103.089569184481505, 19.240060917731292 ], [ -103.082916081691835, 19.241708984631067 ], [ -103.078826243541442, 19.25766177584147 ], [ -103.083690100246528, 19.259490739027715 ], [ -103.086706309301263, 19.264838032563357 ], [ -103.092781296534795, 19.262986948141702 ], [ -103.095155899036016, 19.264211114668321 ], [ -103.101226870226213, 19.259388485718691 ], [ -103.101635724837223, 19.262192287809164 ], [ -103.110848511198327, 19.269483579581816 ], [ -103.112358442180891, 19.273106203981236 ], [ -103.121627245399154, 19.278333304842864 ], [ -103.132215692366358, 19.275298356284985 ], [ -103.132508953778554, 19.277855223712788 ], [ -103.14050491695609, 19.282882783169867 ], [ -103.142597390467799, 19.288358764893577 ], [ -103.141796287566422, 19.294388844234593 ], [ -103.150197787629864, 19.298918378035989 ], [ -103.148926904100918, 19.30065944088809 ], [ -103.152173501372545, 19.303487091292894 ], [ -103.150384438547135, 19.307047159436141 ], [ -103.159017533774232, 19.311038447880133 ], [ -103.160307534878157, 19.320893735158609 ], [ -103.160545185751232, 19.324565191549471 ], [ -103.156327165495895, 19.330038625925578 ], [ -103.149848590337911, 19.334287690959997 ], [ -103.149101330820329, 19.337800071545942 ], [ -103.144356132280848, 19.339851096568228 ], [ -103.14877266821469, 19.349811190612684 ], [ -103.145992136608726, 19.349291613955735 ], [ -103.144434063798727, 19.352891415145685 ], [ -103.137375625052769, 19.357473577574968 ], [ -103.129906415515208, 19.358591378590944 ], [ -103.128867587422135, 19.36111493231002 ], [ -103.127128407968286, 19.359887278150975 ], [ -103.126784735178205, 19.362571739219785 ], [ -103.121171495833451, 19.365824001727983 ], [ -103.111379929784178, 19.362951803903034 ], [ -103.109648411519203, 19.367460125137086 ], [ -103.11150493383424, 19.369884008475704 ], [ -103.101719911909072, 19.372210921665822 ], [ -103.100684484921629, 19.377870551716391 ], [ -103.09802244768656, 19.379701752850007 ], [ -103.100344227409565, 19.383691200400953 ], [ -103.096233992397487, 19.385489497784722 ], [ -103.097454294691858, 19.388701271152076 ], [ -103.092762300216208, 19.388522025173245 ], [ -103.092186320663757, 19.391248961008532 ], [ -103.089405503673987, 19.390852277088182 ], [ -103.089121687979741, 19.395805930035877 ], [ -103.086688785177458, 19.395778603342325 ], [ -103.084549184743665, 19.398968375132043 ], [ -103.092666655709095, 19.405483284464964 ], [ -103.10599191422196, 19.40668544917613 ], [ -103.10744662119555, 19.411752839318201 ], [ -103.114232398297233, 19.417655658312661 ], [ -103.113546727646963, 19.424963988820554 ], [ -103.11864517211211, 19.42497533348368 ], [ -103.120622056301556, 19.430204656423889 ], [ -103.118365044016556, 19.43215750468131 ], [ -103.119246816961038, 19.441685079767151 ], [ -103.113876472187457, 19.439778173166143 ], [ -103.113581914422468, 19.442747838234801 ], [ -103.116543536845001, 19.443861954908215 ], [ -103.114856082612278, 19.445717762276097 ], [ -103.110499100063947, 19.445263297764367 ], [ -103.111129063389782, 19.451862764496589 ], [ -103.107463178718149, 19.455656663196095 ], [ -103.103162055907191, 19.456604369003916 ], [ -103.103282597612221, 19.453593457449983 ], [ -103.100201404133529, 19.45474760135772 ], [ -103.098171085772918, 19.452478576559844 ], [ -103.100381778303372, 19.450581830696578 ], [ -103.096894940241171, 19.451034646235573 ], [ -103.095910549963008, 19.448765874950958 ], [ -103.088418730479887, 19.446577700416164 ], [ -103.083647712750931, 19.45090692789066 ], [ -103.085968376545352, 19.453134946415272 ], [ -103.084217897963427, 19.457877582130674 ], [ -103.092638291607884, 19.461097378084659 ], [ -103.095894520859076, 19.459572216148921 ], [ -103.104773212972347, 19.467617351022685 ], [ -103.096396983757998, 19.47334836731422 ], [ -103.094830961876895, 19.471368140990474 ], [ -103.092793988796188, 19.473429819463405 ], [ -103.094933677494922, 19.480359684945164 ], [ -103.08970012504264, 19.482544094478957 ], [ -103.090683130661915, 19.485761544049463 ], [ -103.087074087807295, 19.489554930394345 ], [ -103.091832439785037, 19.49425844667007 ], [ -103.089387775267099, 19.496649887648445 ], [ -103.089729723801199, 19.501021998499869 ], [ -103.088743982770765, 19.499536842250219 ], [ -103.087056051546142, 19.501103588105138 ], [ -103.088212995706627, 19.504609826526014 ], [ -103.084378137710786, 19.503866070500877 ], [ -103.085875117679578, 19.512858046073653 ], [ -103.077035875331987, 19.515494350100663 ] ] ] } },
{ "type": "Feature", "properties": { "cve_edo": "14", "cve_mpo_ine": "052", "cve_edo_mpo_ine": "14052", "nom_mpo": "JOCOTEPEC", "nom_edo": "Jalisco", "alianza_ganadora": "Juntos Haremos Historia", "margen_pp": 12.579422012707521, "por_participacion": 55.261071469022539 }, "geometry": { "type": "Polygon", "coordinates": [ [ [ -103.404544245451348, 20.223916054156703 ], [ -103.361712972611414, 20.229063119677253 ], [ -103.35902531784518, 20.219932776411852 ], [ -103.371998924046594, 20.214802295331047 ], [ -103.376018341611385, 20.20796359294966 ], [ -103.374125304477516, 20.199076163517567 ], [ -103.370249426228014, 20.192428931875515 ], [ -103.347972880251518, 20.168796791247502 ], [ -103.377057743879547, 20.178093930471078 ], [ -103.38444455003814, 20.185680750059067 ], [ -103.38608200714387, 20.185675272376287 ], [ -103.385957437994179, 20.182573273966835 ], [ -103.398429283682972, 20.188777209409306 ], [ -103.421306978511737, 20.193164670361188 ], [ -103.425420560716375, 20.200471333812441 ], [ -103.43077063675311, 20.20130836309961 ], [ -103.447773293588639, 20.213301080664309 ], [ -103.446761921832149, 20.217108377023973 ], [ -103.44861964548862, 20.219641937227891 ], [ -103.452569789542835, 20.224544110877702 ], [ -103.455611080683369, 20.223933642719942 ], [ -103.455632865319075, 20.231762679296878 ], [ -103.465274635817593, 20.231713883605206 ], [ -103.466882923313818, 20.237767191598 ], [ -103.465410048074446, 20.240371668239273 ], [ -103.468609203636916, 20.243613755510886 ], [ -103.460827337250137, 20.245699137110332 ], [ -103.467692844773552, 20.252309272829926 ], [ -103.462524965373248, 20.257759076377571 ], [ -103.460948506968876, 20.270138948457738 ], [ -103.480491108369861, 20.2784902173183 ], [ -103.478482952744443, 20.283164113970436 ], [ -103.484522852698106, 20.292007087643739 ], [ -103.498311724525436, 20.293460613619821 ], [ -103.499174059136223, 20.296818473390619 ], [ -103.504484726293924, 20.298865137892381 ], [ -103.515880566506183, 20.313522347725243 ], [ -103.517594368627812, 20.323137017556036 ], [ -103.523110020170606, 20.33247331373358 ], [ -103.538735284669684, 20.343413277082409 ], [ -103.54797225968629, 20.371621032443187 ], [ -103.546835161583076, 20.380600634626621 ], [ -103.540531640486421, 20.385757219369825 ], [ -103.544717536151964, 20.393513594391404 ], [ -103.548117668595879, 20.394656235916898 ], [ -103.542972755539779, 20.39662324003498 ], [ -103.548088138345818, 20.402307409282905 ], [ -103.547293086399904, 20.408804061070779 ], [ -103.539907754309695, 20.40681091621007 ], [ -103.527978078204924, 20.410999911975193 ], [ -103.52040624830903, 20.406028936355789 ], [ -103.505410150477132, 20.404356899983796 ], [ -103.502515640952595, 20.39713143766939 ], [ -103.487702841755123, 20.397483529061965 ], [ -103.472326900201466, 20.386958805291613 ], [ -103.464120599839703, 20.384138181153432 ], [ -103.457306569612697, 20.377175418938531 ], [ -103.4569457117192, 20.374157465351868 ], [ -103.442477215149935, 20.371815395873007 ], [ -103.435898822193181, 20.364850595515996 ], [ -103.420604683093856, 20.360151945929978 ], [ -103.420216280435071, 20.356125468094614 ], [ -103.416743410297585, 20.361076385179857 ], [ -103.410769967220659, 20.360436743955937 ], [ -103.406853897405583, 20.362726188902098 ], [ -103.391453953821141, 20.361954809896837 ], [ -103.381040303493307, 20.364887402425076 ], [ -103.361361818179418, 20.362597864187531 ], [ -103.350370051505479, 20.368922767209764 ], [ -103.342932998264203, 20.368575272023328 ], [ -103.336443897338242, 20.372898856349803 ], [ -103.337104739033293, 20.379887755214781 ], [ -103.33303023851893, 20.390201617644813 ], [ -103.317054460369377, 20.395341594734813 ], [ -103.317337056409755, 20.390872930899707 ], [ -103.312175514837392, 20.387331646588887 ], [ -103.310894388348132, 20.390562428704772 ], [ -103.306096966338643, 20.392728667855931 ], [ -103.309855180606135, 20.397226033016651 ], [ -103.308342938740452, 20.40190544627956 ], [ -103.287994130485984, 20.405153436828908 ], [ -103.288484722749658, 20.400270767673678 ], [ -103.296792880188349, 20.396315278477111 ], [ -103.298771567490974, 20.390517509200038 ], [ -103.289522819907702, 20.36460710561586 ], [ -103.294133798653789, 20.357519043756902 ], [ -103.294170011851705, 20.346804265251208 ], [ -103.290516596943704, 20.335355842116389 ], [ -103.286062537831441, 20.333010953210437 ], [ -103.28916296259591, 20.331843440631769 ], [ -103.291728108934834, 20.326581887245929 ], [ -103.296878429154276, 20.325987337278477 ], [ -103.297984677037661, 20.323088164599191 ], [ -103.299703737232562, 20.305170112037423 ], [ -103.303327003854406, 20.302428870174872 ], [ -103.299855295971724, 20.28961975902584 ], [ -103.31769526664857, 20.288485224505155 ], [ -103.336858336598027, 20.283477911520432 ], [ -103.351994782402855, 20.289269219070732 ], [ -103.375758640968826, 20.292102543570202 ], [ -103.38512092127695, 20.291656673381006 ], [ -103.394263262500118, 20.286683742290048 ], [ -103.411087421100689, 20.286499579561809 ], [ -103.416814239671126, 20.283192265423711 ], [ -103.420991051914214, 20.269936826317871 ], [ -103.41986980845563, 20.266507730796821 ], [ -103.421968255958561, 20.26368736321259 ], [ -103.423388925661399, 20.248625859450794 ], [ -103.421597465015964, 20.235437364375148 ], [ -103.404544245451348, 20.223916054156703 ] ] ] } },
{ "type": "Feature", "properties": { "cve_edo": "14", "cve_mpo_ine": "053", "cve_edo_mpo_ine": "14053", "nom_mpo": "JUANACATLAN", "nom_edo": "Jalisco", "alianza_ganadora": "Juntos Haremos Historia", "margen_pp": 7.2888039192257139, "por_participacion": 53.781890623995885 }, "geometry": { "type": "Polygon", "coordinates": [ [ [ -103.148289802094595, 20.568995051503695 ], [ -103.14492617222939, 20.573191268751138 ], [ -103.140913823216451, 20.573061564986276 ], [ -103.130496099904732, 20.567904543613434 ], [ -103.134772096477235, 20.557204769349656 ], [ -103.130909863388084, 20.554852633789558 ], [ -103.128512506027562, 20.54758461846188 ], [ -103.116691821606651, 20.543790646438335 ], [ -103.096098606936422, 20.530127952736827 ], [ -103.104820432702766, 20.524466230203764 ], [ -103.109153466174831, 20.517856013137894 ], [ -103.09938271662466, 20.515712253736531 ], [ -103.09423137514105, 20.519968257587955 ], [ -103.090077321281242, 20.519143604785413 ], [ -103.093898826862826, 20.483994066863353 ], [ -103.083132608485045, 20.487714836500832 ], [ -103.081263359571352, 20.482965642450338 ], [ -103.086122639577965, 20.476107989098413 ], [ -103.088057962892108, 20.466938240171952 ], [ -103.08678643013225, 20.438150911406943 ], [ -103.090424929884122, 20.412707229695659 ], [ -103.084993376004135, 20.400194544848048 ], [ -103.095086563234673, 20.399861691181219 ], [ -103.09959716339452, 20.402632466576176 ], [ -103.112945267276004, 20.403122057502163 ], [ -103.127344316685097, 20.410416553634537 ], [ -103.143695114025434, 20.422554750876731 ], [ -103.145739624371899, 20.427588080871121 ], [ -103.144352284189793, 20.44288681924078 ], [ -103.164336927342049, 20.455171319761071 ], [ -103.169183021835764, 20.452610589429192 ], [ -103.175252495523637, 20.452741127782677 ], [ -103.192086275944547, 20.455482495866594 ], [ -103.200373161666533, 20.459007856826062 ], [ -103.204756075765928, 20.463885609529434 ], [ -103.207572687675764, 20.474795524060646 ], [ -103.211945309373561, 20.480032180675593 ], [ -103.190429510097758, 20.504666946569213 ], [ -103.182471867798483, 20.502484878826284 ], [ -103.176679403459133, 20.504141949528364 ], [ -103.170008670548498, 20.523394948028599 ], [ -103.169891246838091, 20.534010108683994 ], [ -103.164740832492143, 20.540705216601054 ], [ -103.165214270873335, 20.548290526215112 ], [ -103.149000570022849, 20.557718933740652 ], [ -103.148289802094595, 20.568995051503695 ] ] ] } },
{ "type": "Feature", "properties": { "cve_edo": "14", "cve_mpo_ine": "054", "cve_edo_mpo_ine": "14054", "nom_mpo": "JUCHITLAN", "nom_edo": "Jalisco", "alianza_ganadora": "Va por México", "margen_pp": 8.0037082818294198, "por_participacion": 62.96944930920413 }, "geometry": { "type": "Polygon", "coordinates": [ [ [ -104.045254077277349, 20.163298743876695 ], [ -104.039302164256441, 20.156864541400466 ], [ -104.038374155405648, 20.151516139678606 ], [ -104.035975625922404, 20.153791859959508 ], [ -104.035675587586681, 20.159842862990036 ], [ -104.034393415371142, 20.157312364865202 ], [ -104.033890727441246, 20.139654400488705 ], [ -104.026834067600177, 20.130316566095935 ], [ -104.033784521212056, 20.131530276295258 ], [ -104.030651067854564, 20.115484375864412 ], [ -104.024345430795378, 20.113152559253859 ], [ -104.011950756922957, 20.120715986871591 ], [ -104.000855401024509, 20.118208930350857 ], [ -103.991797245140532, 20.120595971783406 ], [ -103.944035937442052, 20.108354591376937 ], [ -103.949596455689999, 20.102107911446009 ], [ -103.946744107896251, 20.096879363445893 ], [ -103.949731876731548, 20.09195344484834 ], [ -103.957394797827376, 20.085296453993553 ], [ -103.964932026530462, 20.083405387573801 ], [ -103.964035887141961, 20.061311636545938 ], [ -103.968711049978779, 20.059165799948779 ], [ -103.981170645698725, 20.045678226805563 ], [ -103.980657826885093, 20.037843450357784 ], [ -103.984115705974645, 20.029601844334518 ], [ -103.988676460662148, 20.025175521827393 ], [ -103.980512588636302, 20.019315628159525 ], [ -103.960610632452344, 20.016374581069805 ], [ -103.956071045725452, 20.008531470998388 ], [ -103.9530700970206, 19.989127345845461 ], [ -103.950216809565546, 19.985391014962676 ], [ -103.971291750740335, 19.982449673457378 ], [ -103.977590918932293, 19.985073299964313 ], [ -103.989149864310988, 19.9834788824101 ], [ -104.018524228401461, 19.971428428578943 ], [ -104.021915278846052, 19.966874763946524 ], [ -104.045322362488065, 19.962933593870865 ], [ -104.055417043888056, 19.964192507836454 ], [ -104.057396248867391, 19.967428046085505 ], [ -104.063464201305948, 19.970214612734544 ], [ -104.059784916330429, 19.972488953908893 ], [ -104.059255274080655, 19.976467343444 ], [ -104.06491768446115, 19.975439394935254 ], [ -104.068416866251638, 19.977972867741187 ], [ -104.070697139608754, 19.974038379966718 ], [ -104.075541620784222, 19.973713574030029 ], [ -104.07962575553772, 19.975045595300877 ], [ -104.084114752092958, 19.980357263133182 ], [ -104.087733583147823, 19.980196281916427 ], [ -104.083703518201645, 19.983175305916664 ], [ -104.075473189000135, 19.983785794698722 ], [ -104.070972834808202, 19.989706794257476 ], [ -104.066419001583512, 19.990695070969032 ], [ -104.06658765050534, 19.996788420414383 ], [ -104.076157483051404, 19.999910719762489 ], [ -104.083155318598628, 20.007132586929384 ], [ -104.089516549651492, 20.009006327011832 ], [ -104.092662828213932, 20.015725325913742 ], [ -104.099664071934484, 20.020666842780546 ], [ -104.102576174564348, 20.028919031420134 ], [ -104.105902322646244, 20.031037100766529 ], [ -104.107771642803215, 20.029795893405574 ], [ -104.111386312363408, 20.036349359952283 ], [ -104.112964402282799, 20.03423729991248 ], [ -104.122891791354277, 20.031803296553775 ], [ -104.125341015054119, 20.036033968596598 ], [ -104.130537589615571, 20.035832472454342 ], [ -104.139174736453157, 20.042556630880316 ], [ -104.128128093399354, 20.05862735428834 ], [ -104.131397122105, 20.060288958696571 ], [ -104.134368487177483, 20.070779040189645 ], [ -104.130799535301136, 20.080474441872845 ], [ -104.135935289407342, 20.086283018135632 ], [ -104.127583322015525, 20.08623240434466 ], [ -104.124899431466275, 20.082374539252378 ], [ -104.114443632982201, 20.084269049438745 ], [ -104.112663819392424, 20.082654335510206 ], [ -104.108146079858443, 20.084778440576887 ], [ -104.104406214420663, 20.095627083658943 ], [ -104.094407001764708, 20.104955262358647 ], [ -104.090697949318084, 20.10232253927752 ], [ -104.085451027308736, 20.109018777983533 ], [ -104.075339895366994, 20.114434538215701 ], [ -104.075507084420664, 20.122185779437746 ], [ -104.067959549581346, 20.132827284643177 ], [ -104.064557261756661, 20.145215504843097 ], [ -104.048591698667579, 20.157625594782132 ], [ -104.045254077277349, 20.163298743876695 ] ] ] } },
{ "type": "Feature", "properties": { "cve_edo": "14", "cve_mpo_ine": "018", "cve_edo_mpo_ine": "14018", "nom_mpo": "LA BARCA", "nom_edo": "Jalisco", "alianza_ganadora": "Juntos Haremos Historia", "margen_pp": 7.9469416673226796, "por_participacion": 44.565674992983439 }, "geometry": { "type": "Polygon", "coordinates": [ [ [ -102.484461192709617, 20.453619857311537 ], [ -102.484970291238852, 20.438020075697356 ], [ -102.465319275267149, 20.433104737122186 ], [ -102.466906052386832, 20.436085947612401 ], [ -102.464213395179399, 20.439699922114048 ], [ -102.453385092980298, 20.43241834275894 ], [ -102.448221032679271, 20.436275414653885 ], [ -102.433307735509558, 20.4331422668191 ], [ -102.435180615400455, 20.430582462501349 ], [ -102.422203957045767, 20.417238199703341 ], [ -102.416648748007788, 20.41606771543006 ], [ -102.41255814393439, 20.41109590073544 ], [ -102.392799125375191, 20.400999998461501 ], [ -102.384165459544008, 20.376289983915388 ], [ -102.348088792499709, 20.376402566142705 ], [ -102.342606283605463, 20.364311528648852 ], [ -102.341334187058578, 20.352149206276444 ], [ -102.344500170945054, 20.344382958808495 ], [ -102.347951932569444, 20.342076513455321 ], [ -102.346960412055353, 20.340088682937175 ], [ -102.349240508827322, 20.339888167158826 ], [ -102.346965837851798, 20.335374071586784 ], [ -102.358118287149694, 20.336819349537606 ], [ -102.366051883256404, 20.327848675664885 ], [ -102.38048490820141, 20.329335055819772 ], [ -102.39277928130339, 20.333604361733499 ], [ -102.399370375312145, 20.32781635535552 ], [ -102.409844741049767, 20.333188734594323 ], [ -102.423282454311305, 20.333366707120256 ], [ -102.431932240899528, 20.34054566114855 ], [ -102.448487255703498, 20.338136137989139 ], [ -102.454711514211226, 20.334164695527456 ], [ -102.455688396511562, 20.328708700091553 ], [ -102.467434581403793, 20.330517357756463 ], [ -102.482782086439045, 20.324008311638046 ], [ -102.491422584995263, 20.308300371824274 ], [ -102.496390577826361, 20.30796104247646 ], [ -102.502471536428985, 20.315077750692375 ], [ -102.506204061741329, 20.315930022924839 ], [ -102.50923144503578, 20.30150762120692 ], [ -102.521914703966104, 20.300473368079739 ], [ -102.531406327111071, 20.294373550850324 ], [ -102.529578174042044, 20.289956165083101 ], [ -102.521324673956698, 20.285853932789955 ], [ -102.521463517167675, 20.276176676823589 ], [ -102.532775545528807, 20.270548676492051 ], [ -102.536995981179615, 20.273049340546631 ], [ -102.537090510362873, 20.279293488836974 ], [ -102.543856286706344, 20.280975055400702 ], [ -102.547159389256819, 20.278341332034195 ], [ -102.554290165607568, 20.260081121272304 ], [ -102.558271387581499, 20.262380275321053 ], [ -102.556493946991452, 20.270782169256908 ], [ -102.563764643154769, 20.277492036876442 ], [ -102.56930088639686, 20.274160460740013 ], [ -102.566363844066487, 20.270161793995253 ], [ -102.568010934636547, 20.265099466487879 ], [ -102.581314675502213, 20.263663939831051 ], [ -102.590508139733259, 20.25826224490768 ], [ -102.593614547249913, 20.261484568258187 ], [ -102.598453730510272, 20.261091479133079 ], [ -102.599587050208044, 20.266627449833585 ], [ -102.611346866876787, 20.268886542823196 ], [ -102.610800408204454, 20.275815458297345 ], [ -102.604290936203782, 20.292572251616789 ], [ -102.656013931818421, 20.293938328770157 ], [ -102.65819354569291, 20.299504736079758 ], [ -102.663492430361714, 20.29919792858044 ], [ -102.662325152531594, 20.30461542532522 ], [ -102.647953882978314, 20.308449360948405 ], [ -102.635860062008348, 20.306121326568494 ], [ -102.631069369064662, 20.309218745161441 ], [ -102.638139070033702, 20.31485129482045 ], [ -102.653972365466927, 20.313956116448175 ], [ -102.662210863115959, 20.316610457897198 ], [ -102.662154944470089, 20.327736916801758 ], [ -102.652690752696572, 20.336290910916432 ], [ -102.662159383973815, 20.346101834674389 ], [ -102.665785191656639, 20.355824860585805 ], [ -102.658560474908199, 20.362316671774764 ], [ -102.65780552192534, 20.368919045058728 ], [ -102.661877130724932, 20.372665465570911 ], [ -102.659201913169255, 20.377373072302596 ], [ -102.654308080314493, 20.375296485969372 ], [ -102.653084157067497, 20.377663763749037 ], [ -102.649119559303855, 20.377659890348941 ], [ -102.645110107387637, 20.387673451076942 ], [ -102.635198391198173, 20.396560110136665 ], [ -102.63017804595377, 20.404729333650025 ], [ -102.625570881631745, 20.404987859701063 ], [ -102.623319497222582, 20.410890784263017 ], [ -102.609689320532382, 20.419082271275119 ], [ -102.604114266300755, 20.416115988712253 ], [ -102.588169986469694, 20.416043678610649 ], [ -102.583326591619908, 20.427086779453603 ], [ -102.572951446419722, 20.427700091479387 ], [ -102.574599498867045, 20.431094408883805 ], [ -102.564410675418657, 20.437469292241694 ], [ -102.568597712153164, 20.450225177223501 ], [ -102.566612776562934, 20.454708812783952 ], [ -102.563499900875073, 20.451940865546163 ], [ -102.549014178749459, 20.450202616311575 ], [ -102.539915888386929, 20.444425694425458 ], [ -102.536108288254638, 20.44646843403395 ], [ -102.529242793335968, 20.443213271964368 ], [ -102.522855526803568, 20.445470513173994 ], [ -102.520341429700409, 20.4499138644723 ], [ -102.519165675074461, 20.448010088610548 ], [ -102.509733639066781, 20.453302125009568 ], [ -102.491494998850939, 20.451652389491123 ], [ -102.484461192709617, 20.453619857311537 ] ] ] } },
{ "type": "Feature", "properties": { "cve_edo": "14", "cve_mpo_ine": "045", "cve_edo_mpo_ine": "14045", "nom_mpo": "LA HUERTA", "nom_edo": "Jalisco", "alianza_ganadora": "Movimiento Ciudadano", "margen_pp": 3.9025793460542717, "por_participacion": 55.764089402202977 }, "geometry": { "type": "Polygon", "coordinates": [ [ [ -104.766235781193416, 19.290864477921481 ], [ -104.766634077001086, 19.287301184219512 ], [ -104.757154091516739, 19.284987943536116 ], [ -104.775561657173824, 19.257300193321235 ], [ -104.776155147785175, 19.248695533262875 ], [ -104.784885459745851, 19.250579292957479 ], [ -104.786330240568304, 19.244512249594891 ], [ -104.773942698170998, 19.241097510619355 ], [ -104.775479853226045, 19.238643376801715 ], [ -104.789654409690399, 19.237288765608465 ], [ -104.79626085454521, 19.230132069627178 ], [ -104.799612882979005, 19.233410199308736 ], [ -104.806200945625321, 19.23487132962337 ], [ -104.808200061334759, 19.231700587686696 ], [ -104.811018593608253, 19.234072829287644 ], [ -104.808554488245179, 19.242344906665164 ], [ -104.810112877755955, 19.246388250221212 ], [ -104.807041416258471, 19.252429579619459 ], [ -104.809624067506945, 19.259569169284664 ], [ -104.805807100841534, 19.261475367064314 ], [ -104.801494087549003, 19.260693776203624 ], [ -104.799833409874395, 19.268086854684778 ], [ -104.789520670317401, 19.281954421148171 ], [ -104.791125461303849, 19.29009920729062 ], [ -104.797430805376919, 19.297198552461328 ], [ -104.814333396744644, 19.305010447771942 ], [ -104.832733393807558, 19.306340777586797 ], [ -104.839150019660366, 19.302789333907445 ], [ -104.841606495694208, 19.298908823078172 ], [ -104.837020663754359, 19.294775048527498 ], [ -104.83731383120913, 19.289965620558636 ], [ -104.840051504023691, 19.290266694511708 ], [ -104.839320398284102, 19.292429307043371 ], [ -104.847589421070126, 19.288152617611075 ], [ -104.848194798954538, 19.290176066027328 ], [ -104.867145774136446, 19.289010798359225 ], [ -104.873497918897073, 19.285044514183237 ], [ -104.872248850043263, 19.277807879270885 ], [ -104.87491055702337, 19.276617705619675 ], [ -104.874251379625647, 19.279898342632414 ], [ -104.882886554306197, 19.287626527752902 ], [ -104.898602940822514, 19.294850738607956 ], [ -104.910487953346902, 19.296690223089865 ], [ -104.932776050994491, 19.309477506952391 ], [ -104.93742798729906, 19.309229246274995 ], [ -104.943429716315222, 19.316163998095078 ], [ -104.954539960747795, 19.321853306154679 ], [ -104.960365060049952, 19.329586042862026 ], [ -104.964516351659611, 19.331242364232114 ], [ -104.97087408893519, 19.341355219136592 ], [ -104.984512764932319, 19.348128390854676 ], [ -104.98548020569001, 19.351918776128553 ], [ -105.013851347826574, 19.377419182754924 ], [ -105.030044246286181, 19.384652595197888 ], [ -105.033140999502322, 19.389602630828712 ], [ -105.031065195164615, 19.394370373966488 ], [ -105.032107501565349, 19.397415893467699 ], [ -105.019991055204954, 19.398301703141065 ], [ -105.017190910411756, 19.409935211294432 ], [ -105.018948489702922, 19.417760782754449 ], [ -105.027621905294652, 19.428744965492918 ], [ -105.030177177698675, 19.428959876825662 ], [ -105.025555663932124, 19.435833737840664 ], [ -105.031369706750496, 19.437879737518969 ], [ -105.032123571641563, 19.443248316747052 ], [ -105.037500403195097, 19.445182319432639 ], [ -105.039515133515749, 19.442930234473128 ], [ -105.043924088590856, 19.446982155071463 ], [ -105.043839303467848, 19.450042973789611 ], [ -105.046698271107971, 19.450594682276378 ], [ -105.044641587286449, 19.454418601184543 ], [ -105.052734052914658, 19.45425872012434 ], [ -105.053465890051598, 19.457435788470676 ], [ -105.056909010381219, 19.458147155412057 ], [ -105.056287051328042, 19.459931228283118 ], [ -105.062828411771761, 19.461770621499642 ], [ -105.074526859553941, 19.472202396681759 ], [ -105.065849476782944, 19.47220347260199 ], [ -105.065230162609183, 19.474235656867275 ], [ -105.062349520053729, 19.471658226327342 ], [ -105.059501791820708, 19.472223143940973 ], [ -105.061267333046573, 19.473984305255481 ], [ -105.05882891499445, 19.47471068545152 ], [ -105.061544801570832, 19.478240836548952 ], [ -105.060394817696775, 19.479657828598008 ], [ -105.063017526679346, 19.479839387395689 ], [ -105.060229620971924, 19.480569145381459 ], [ -105.060262468160772, 19.483714555917039 ], [ -105.063524617787138, 19.483834105703252 ], [ -105.064402390940771, 19.489458557431458 ], [ -105.066438182564866, 19.48813217661467 ], [ -105.06742914301033, 19.489950900753655 ], [ -105.061730766063448, 19.49599770948533 ], [ -105.066795097191559, 19.496983759672062 ], [ -105.06749811964238, 19.502236139129696 ], [ -105.073258287019542, 19.500118718330441 ], [ -105.082344039877626, 19.506517541456279 ], [ -105.079726020771432, 19.507762190726449 ], [ -105.083397974263818, 19.512927563298415 ], [ -105.080023363989966, 19.514380119597387 ], [ -105.085495502961052, 19.515034150034872 ], [ -105.083404633305591, 19.519752721027736 ], [ -105.080727684195779, 19.520459727461606 ], [ -105.08515899060977, 19.527940397861848 ], [ -105.082195099878831, 19.533032484460374 ], [ -105.083894364313295, 19.544322579413731 ], [ -105.090250367664737, 19.554364932739958 ], [ -105.089499739629531, 19.560529337485733 ], [ -105.097073926952987, 19.565316362832053 ], [ -105.10850523388045, 19.582175446498916 ], [ -105.11782739960023, 19.586462460191594 ], [ -105.131454459173327, 19.586853490857393 ], [ -105.134072015457718, 19.584573993485971 ], [ -105.134702238522294, 19.576589601209616 ], [ -105.142039981661682, 19.577197333339836 ], [ -105.142211843035952, 19.575087450948153 ], [ -105.145077531690362, 19.584265270551718 ], [ -105.151660431475264, 19.586156237941982 ], [ -105.154578054228338, 19.590370089822908 ], [ -105.151029105569606, 19.592775659613316 ], [ -105.153654538962655, 19.596204130162892 ], [ -105.151504302781987, 19.599434440690523 ], [ -105.152848192654346, 19.602575684059723 ], [ -105.154597584811285, 19.60414433726384 ], [ -105.162458617196251, 19.60326116377502 ], [ -105.160017804658168, 19.606864393463965 ], [ -105.161829064033029, 19.610831980815426 ], [ -105.168767365380504, 19.615823956429914 ], [ -105.176922803048214, 19.616676881310774 ], [ -105.18951237732405, 19.622111943261864 ], [ -105.197200803915081, 19.622096244886972 ], [ -105.201739929108612, 19.619729072753959 ], [ -105.199359470756704, 19.624201343679466 ], [ -105.20088375595148, 19.629989134971225 ], [ -105.206717178314094, 19.634899196610629 ], [ -105.208580241776943, 19.634357512200218 ], [ -105.217599262815881, 19.643678418551527 ], [ -105.202456846304898, 19.641327825031414 ], [ -105.196051092315926, 19.646545339278234 ], [ -105.188839455472987, 19.644335534621444 ], [ -105.183472433134895, 19.650679775538858 ], [ -105.179687784116041, 19.662383946202564 ], [ -105.172198132545248, 19.658678883478192 ], [ -105.165089600140675, 19.664014347412817 ], [ -105.159270710280126, 19.662518787134697 ], [ -105.156038588962261, 19.665022943457945 ], [ -105.157987313264996, 19.68087500966794 ], [ -105.155673894397069, 19.684878705868499 ], [ -105.161844311542893, 19.692429967720908 ], [ -105.148618660190721, 19.696639977117457 ], [ -105.144378351691586, 19.700753011755388 ], [ -105.14462896378825, 19.70502515705186 ], [ -105.149538048235172, 19.704192483182805 ], [ -105.153654136661146, 19.706960443813959 ], [ -105.142834000219523, 19.715707479998642 ], [ -105.140453818208286, 19.714445262459826 ], [ -105.137751894515617, 19.716289878941094 ], [ -105.133745882844806, 19.72625009879658 ], [ -105.13116561648657, 19.727556609677741 ], [ -105.117486203762482, 19.724091030445944 ], [ -105.116020735919307, 19.718814251159699 ], [ -105.105922204491208, 19.719190204750817 ], [ -105.097597447364208, 19.723103759698876 ], [ -105.08797042441067, 19.73467623742593 ], [ -105.079934372978968, 19.732952970007897 ], [ -105.066807774006762, 19.738360094220798 ], [ -105.058664508821622, 19.747165534085582 ], [ -105.053544824645016, 19.741670183826724 ], [ -105.05453335040302, 19.738690747877342 ], [ -105.052198269289121, 19.734185064049942 ], [ -105.047534749644512, 19.733404963158129 ], [ -105.045375474235925, 19.729808971829463 ], [ -105.04135351409316, 19.729400198611344 ], [ -105.037678972983187, 19.725681830657894 ], [ -105.032136501249241, 19.71733279929299 ], [ -105.033125247652265, 19.714312109129118 ], [ -105.017738025742602, 19.711764623709993 ], [ -105.01598808966672, 19.708953744501137 ], [ -105.017619288736384, 19.707959282776322 ], [ -105.015811189819601, 19.705272554032671 ], [ -105.016798830443335, 19.699894213353979 ], [ -105.010681535274529, 19.702713339785063 ], [ -105.00537654301209, 19.698789147068123 ], [ -104.99144726672543, 19.694293842931465 ], [ -104.982704253981197, 19.688138458467364 ], [ -104.974547099428932, 19.690213573269354 ], [ -104.977815709193749, 19.706963190735298 ], [ -104.969307264012741, 19.706804713559841 ], [ -104.966625246086963, 19.701760447557973 ], [ -104.95916502743421, 19.696802466297068 ], [ -104.956366768164386, 19.690806760200562 ], [ -104.94692738171338, 19.694494731912354 ], [ -104.943838946284387, 19.694414052836912 ], [ -104.941449416448506, 19.69069285729584 ], [ -104.934923196315012, 19.692558296970745 ], [ -104.932009428126463, 19.687844560254351 ], [ -104.924725713553386, 19.686194148908029 ], [ -104.922511546486078, 19.682720786753453 ], [ -104.912314492495256, 19.684835520286715 ], [ -104.915344120847735, 19.690335430689469 ], [ -104.910857284267252, 19.690296236603825 ], [ -104.904504889611559, 19.697206868015407 ], [ -104.901358196362509, 19.696835936966686 ], [ -104.901241166166926, 19.700062358710184 ], [ -104.893840397444137, 19.699817111530852 ], [ -104.892619251344414, 19.68699479873645 ], [ -104.889939640263293, 19.683438482223394 ], [ -104.88317945542542, 19.687577132548252 ], [ -104.879448218914277, 19.694527388305517 ], [ -104.867255539196549, 19.699264948134768 ], [ -104.866475512393947, 19.694775269168204 ], [ -104.85104578429511, 19.676027299054301 ], [ -104.839062520238741, 19.6542889698901 ], [ -104.840321426894263, 19.649724568428528 ], [ -104.837049273885029, 19.649199679299613 ], [ -104.831630059070847, 19.642596179431187 ], [ -104.835314337905587, 19.633531057010014 ], [ -104.829606941945613, 19.63692866121006 ], [ -104.811944631498932, 19.639693727546064 ], [ -104.809745073549266, 19.643818743592778 ], [ -104.806837001507901, 19.630853856967406 ], [ -104.797086089357819, 19.622956112389822 ], [ -104.786269550953833, 19.607350445226725 ], [ -104.777553287435424, 19.615255848539032 ], [ -104.778559823739698, 19.622881625750612 ], [ -104.771241002116071, 19.627459735843644 ], [ -104.77170304312807, 19.633937615501011 ], [ -104.765531945058768, 19.637547087985574 ], [ -104.750780506107901, 19.633485383138048 ], [ -104.74295907701358, 19.625843352767863 ], [ -104.742780133338414, 19.622211148541879 ], [ -104.738312223013708, 19.619844547714301 ], [ -104.732114772625934, 19.621924927864079 ], [ -104.724309325701029, 19.628780640251176 ], [ -104.724447951229891, 19.633487463634779 ], [ -104.721176813472781, 19.636388869066817 ], [ -104.706820425894549, 19.624634397628686 ], [ -104.702825018440166, 19.626059793152397 ], [ -104.69295641877892, 19.62121508851558 ], [ -104.683286961602548, 19.624710742320325 ], [ -104.673236028994495, 19.619372115553134 ], [ -104.663105416351186, 19.605731531042448 ], [ -104.654367642458169, 19.602189215062552 ], [ -104.650168273320261, 19.601840424465621 ], [ -104.648290513193075, 19.611534814490142 ], [ -104.643861326435754, 19.607884823835828 ], [ -104.640693262964334, 19.61355078785359 ], [ -104.631464181271269, 19.611997556420466 ], [ -104.625985997844936, 19.601217055235466 ], [ -104.629301449963222, 19.590344499910856 ], [ -104.628352126923332, 19.589284932464146 ], [ -104.621740279914903, 19.594507088451817 ], [ -104.618583072248114, 19.593770006419124 ], [ -104.615197014577163, 19.586179467558871 ], [ -104.617606474255425, 19.580401489576314 ], [ -104.605040793396412, 19.574105814774025 ], [ -104.603266323419874, 19.565292934636734 ], [ -104.605770217730438, 19.554598218775887 ], [ -104.598205436386422, 19.558470781943296 ], [ -104.596082683535826, 19.563996366952654 ], [ -104.583642264376692, 19.568891368482792 ], [ -104.57464015065014, 19.54874415638459 ], [ -104.562906172803636, 19.543218103329863 ], [ -104.559789736218093, 19.537687915800358 ], [ -104.556561973957713, 19.543353279838907 ], [ -104.555123186689954, 19.537137318466435 ], [ -104.543077295625366, 19.541156315654355 ], [ -104.534606447320144, 19.524716995300334 ], [ -104.527893191337412, 19.525438698249754 ], [ -104.551165388733267, 19.500846327847601 ], [ -104.528187268299348, 19.463618253542371 ], [ -104.530730308932547, 19.461647210498793 ], [ -104.537383979409071, 19.463200435705641 ], [ -104.539037471572215, 19.453655962842522 ], [ -104.548858145094897, 19.451615888002202 ], [ -104.553412668649912, 19.452898402959502 ], [ -104.556522294798128, 19.449388678496284 ], [ -104.577268648180578, 19.451095659070546 ], [ -104.573083184517557, 19.440156933475048 ], [ -104.577067495570503, 19.436845568453325 ], [ -104.576692431343247, 19.434280502182116 ], [ -104.56900270824498, 19.428015626849984 ], [ -104.567683512447161, 19.418333583240738 ], [ -104.570014740605544, 19.41275953172595 ], [ -104.57377804122477, 19.410693248144451 ], [ -104.583105221862056, 19.411970415611833 ], [ -104.58709565019511, 19.415121899735436 ], [ -104.597182887650277, 19.416680993925308 ], [ -104.603958524458577, 19.413176023914399 ], [ -104.610149115178146, 19.415103964144631 ], [ -104.612385789657651, 19.411808944138055 ], [ -104.617649756898302, 19.414201483983447 ], [ -104.634650990030266, 19.397584843910316 ], [ -104.636133379247653, 19.388993856999058 ], [ -104.633115426364313, 19.37862475736404 ], [ -104.625190709598655, 19.37775059944326 ], [ -104.622350256739651, 19.373221339078615 ], [ -104.6249416842562, 19.370544079149312 ], [ -104.625117561234561, 19.36503201147416 ], [ -104.622825398302538, 19.362858886975879 ], [ -104.624814647283998, 19.352605702381474 ], [ -104.631465943760972, 19.359872916728179 ], [ -104.642939504919028, 19.360711269177177 ], [ -104.646776100638689, 19.365851695906112 ], [ -104.652358726639207, 19.365422698509416 ], [ -104.654162826981775, 19.370956306988155 ], [ -104.657916521881759, 19.373694334699827 ], [ -104.674533175391815, 19.376425993716285 ], [ -104.68083819307428, 19.372757125719069 ], [ -104.677747174139881, 19.36669829170371 ], [ -104.699261159087698, 19.354047979978073 ], [ -104.702286573362414, 19.348589176436118 ], [ -104.703839733082148, 19.352301946298557 ], [ -104.712412320880958, 19.35395312823044 ], [ -104.718719646974719, 19.345311072601266 ], [ -104.719247309642597, 19.340333760619874 ], [ -104.726476201875101, 19.34154254371192 ], [ -104.738212599441979, 19.339886215268422 ], [ -104.744200945043033, 19.344670511486189 ], [ -104.748131873532543, 19.342308715785407 ], [ -104.75768849216135, 19.343491586842369 ], [ -104.763276472658205, 19.338418727479088 ], [ -104.774374620143504, 19.33697403325526 ], [ -104.774762320643703, 19.330050714503088 ], [ -104.783961546891632, 19.325394107972325 ], [ -104.796277094459867, 19.313411121705549 ], [ -104.798028463003234, 19.313930705246634 ], [ -104.797358845851647, 19.311327752310124 ], [ -104.788836363890425, 19.308851398707155 ], [ -104.778926378837369, 19.291639723625966 ], [ -104.766235781193416, 19.290864477921481 ] ] ] } },
{ "type": "Feature", "properties": { "cve_edo": "14", "cve_mpo_ine": "059", "cve_edo_mpo_ine": "14059", "nom_mpo": "LA MANZANILLA DE LA PAZ", "nom_edo": "Jalisco", "alianza_ganadora": "Movimiento Ciudadano", "margen_pp": 21.529968454258675, "por_participacion": 73.978996499416567 }, "geometry": { "type": "Polygon", "coordinates": [ [ [ -103.163073638009905, 20.089617323371183 ], [ -103.158139623380535, 20.08544435750305 ], [ -103.147331603718968, 20.082872079537466 ], [ -103.122691462406067, 20.08155032924142 ], [ -103.113628971708252, 20.057077998483397 ], [ -103.115342455164651, 20.054975634300359 ], [ -103.118164814583153, 20.055834376499377 ], [ -103.12675610753729, 20.052693094980853 ], [ -103.126928979398642, 20.050771552449415 ], [ -103.118829036693242, 20.047788036569564 ], [ -103.113248121209793, 20.052446874337964 ], [ -103.110946904812707, 20.048265434520918 ], [ -103.112650023532865, 20.045624919869212 ], [ -103.110550064098206, 20.036677338464202 ], [ -103.101568498930277, 20.043842070727951 ], [ -103.092997078983871, 20.035717744187963 ], [ -103.086623037091826, 20.041715494079323 ], [ -103.076831044068399, 20.043178947309364 ], [ -103.066955623141922, 20.049529877438768 ], [ -103.068280915613968, 20.051617636928956 ], [ -103.0647780199007, 20.054953069671136 ], [ -103.065384157176084, 20.062313171624417 ], [ -103.058809358082598, 20.067071025408257 ], [ -103.055794817988613, 20.065303808961154 ], [ -103.054657097201755, 20.066980928540751 ], [ -103.049788091813298, 20.06607553684594 ], [ -103.048545817037592, 20.068417076581749 ], [ -103.043249505228118, 20.069672598455746 ], [ -103.036903925393304, 20.064818212178402 ], [ -103.035367745767729, 20.067082134883126 ], [ -103.031329663611132, 20.066300062729166 ], [ -103.02945207649536, 20.065365184935899 ], [ -103.029347294704905, 20.059743146310684 ], [ -103.024834137681594, 20.058045129773056 ], [ -103.024503335675249, 20.053334577662834 ], [ -103.021284877935429, 20.052741743119945 ], [ -103.021293611597386, 20.046663882189659 ], [ -103.026108351383854, 20.049558497479936 ], [ -103.027525819221907, 20.04429558281927 ], [ -103.027869968576681, 20.036395712342635 ], [ -103.024522859735157, 20.034315542118488 ], [ -103.024679858847364, 20.032081558346285 ], [ -103.036098525191264, 20.028221911359559 ], [ -103.032740999550469, 20.024860277364184 ], [ -103.0399539632581, 20.014049006951161 ], [ -103.044608570842385, 20.01181786987302 ], [ -103.044924124056323, 20.007598014060669 ], [ -103.04795544229944, 20.006869139352286 ], [ -103.044664173795837, 20.004416707128591 ], [ -103.044521341825615, 20.000306039331267 ], [ -103.058839595790275, 19.994572541928292 ], [ -103.064856167173062, 19.989332810718107 ], [ -103.067836675463596, 19.984188519178865 ], [ -103.064858637102475, 19.974767686004061 ], [ -103.069576088141787, 19.975515374300464 ], [ -103.07593510715175, 19.970816304949071 ], [ -103.080050569811689, 19.973089099689673 ], [ -103.083800225202012, 19.962158611018914 ], [ -103.086228652914144, 19.964001799837074 ], [ -103.091318855808169, 19.962848921794794 ], [ -103.096513157460052, 19.967614038853998 ], [ -103.107557657804534, 19.971149912320872 ], [ -103.133870778769023, 19.966505983503424 ], [ -103.148652361114401, 19.974914400911988 ], [ -103.157032879972206, 19.974329659792222 ], [ -103.166365121722478, 19.978352968114148 ], [ -103.167607113511636, 19.981611288709136 ], [ -103.164347084322785, 19.992968565541297 ], [ -103.167901931220484, 19.992321659583105 ], [ -103.171726122101276, 20.001222571977767 ], [ -103.17575665186483, 20.003557221001095 ], [ -103.173293629379131, 20.003311915745204 ], [ -103.173007800125561, 20.006266111370525 ], [ -103.1827484649246, 20.012773297525424 ], [ -103.187444570290751, 20.01343403759256 ], [ -103.18462158173125, 20.015438395253064 ], [ -103.176243018906348, 20.014970155440437 ], [ -103.17229688418935, 20.021771434220959 ], [ -103.157808689032521, 20.025568113534849 ], [ -103.161039769307891, 20.028789996989872 ], [ -103.164856984110102, 20.045333409653111 ], [ -103.17078010936136, 20.05382203937269 ], [ -103.176056155496056, 20.055819315661822 ], [ -103.17301671346803, 20.059443348270079 ], [ -103.169999939979164, 20.078226547834319 ], [ -103.166258396890882, 20.082715475559656 ], [ -103.16764185765372, 20.088536838832514 ], [ -103.163073638009905, 20.089617323371183 ] ] ] } },
{ "type": "Feature", "properties": { "cve_edo": "14", "cve_mpo_ine": "055", "cve_edo_mpo_ine": "14055", "nom_mpo": "LAGOS DE MORENO", "nom_edo": "Jalisco", "alianza_ganadora": "Movimiento Ciudadano", "margen_pp": 9.7853765005456523, "por_participacion": 48.924087496764173 }, "geometry": { "type": "MultiPolygon", "coordinates": [ [ [ [ -102.100147086097621, 21.755014465257162 ], [ -102.102718745470256, 21.75899904869835 ], [ -102.101660927468657, 21.761155235428344 ], [ -102.094766561666873, 21.759240883883578 ], [ -102.092936220384388, 21.761230363772537 ], [ -102.087993306865968, 21.757782685196101 ], [ -102.086292325197022, 21.762012249672246 ], [ -102.082735807406607, 21.763004349138718 ], [ -102.085145218651164, 21.770390545870384 ], [ -102.077004834351499, 21.781209156853681 ], [ -102.079519558358527, 21.785774760190758 ], [ -102.07291837390153, 21.783237476804125 ], [ -102.066091931915366, 21.796130829729904 ], [ -102.067990178379503, 21.800475582721226 ], [ -102.060786447807715, 21.80885308579661 ], [ -102.057166126075273, 21.807714710627089 ], [ -102.055714941997365, 21.817193546013183 ], [ -102.052798016095892, 21.816018576405522 ], [ -102.046735045888084, 21.818534996689511 ], [ -102.042256506916345, 21.826136390507248 ], [ -102.039497094490329, 21.826612443725022 ], [ -102.037261415428034, 21.837351164869819 ], [ -102.042373502442075, 21.842726919692463 ], [ -102.039124208805944, 21.846580361285106 ], [ -102.038800019064993, 21.853921960744263 ], [ -102.022101980326227, 21.851659088447267 ], [ -102.00533291684161, 21.846407960653039 ], [ -101.998570481636122, 21.848222609674547 ], [ -101.993218189081261, 21.846347597807124 ], [ -101.999431140994389, 21.869876028274636 ], [ -101.943554346642742, 21.889272727434459 ], [ -101.934998054430281, 21.888509395808079 ], [ -101.926673151218949, 21.885962606517175 ], [ -101.932924264024592, 21.873490668638684 ], [ -101.93365598082535, 21.86462495643983 ], [ -101.928668768752914, 21.862698229667828 ], [ -101.932093464802861, 21.857271574314264 ], [ -101.924133646941129, 21.856674982503122 ], [ -101.91824041335849, 21.852681213976435 ], [ -101.905522492496601, 21.849792724941672 ], [ -101.890073726227669, 21.846897262618501 ], [ -101.882773014086908, 21.84779332778799 ], [ -101.87212420475997, 21.841630486012214 ], [ -101.870796518646117, 21.834949985279227 ], [ -101.863300163160872, 21.830121281591762 ], [ -101.856913904519885, 21.800534662362494 ], [ -101.843283772963488, 21.790515179253575 ], [ -101.833836786399758, 21.789570182449932 ], [ -101.82672812432952, 21.785283766361122 ], [ -101.830659646285355, 21.776190473362444 ], [ -101.838252416783291, 21.767291595020232 ], [ -101.847581533435374, 21.762014042599173 ], [ -101.832418568093402, 21.759656064393422 ], [ -101.825100473590794, 21.752796698030142 ], [ -101.81432807839181, 21.760591375787858 ], [ -101.807552184931694, 21.758670987343262 ], [ -101.801675524200093, 21.749624149176732 ], [ -101.786686919283042, 21.747802742030267 ], [ -101.785228993287703, 21.745924621913773 ], [ -101.794447050736267, 21.745791899439062 ], [ -101.80153120132934, 21.728946854192987 ], [ -101.821044852157726, 21.733030113385475 ], [ -101.822664597506801, 21.730268552838428 ], [ -101.802857159320524, 21.70668327677873 ], [ -101.7897781304885, 21.696893927387009 ], [ -101.783013845706364, 21.687650107200618 ], [ -101.772585374139169, 21.67887405255259 ], [ -101.772256222455212, 21.67618043349465 ], [ -101.76273532427021, 21.677802481804473 ], [ -101.750142545432936, 21.673354997393929 ], [ -101.732257264980845, 21.660666726991362 ], [ -101.739706536609418, 21.647106619845943 ], [ -101.734686614717319, 21.641187397242735 ], [ -101.716262572456344, 21.629818390849021 ], [ -101.70401324131366, 21.627068170943016 ], [ -101.694312725073274, 21.629264665367838 ], [ -101.693893797683629, 21.623838051844764 ], [ -101.681605733727778, 21.613179030225719 ], [ -101.68163639509396, 21.610074469821868 ], [ -101.683347147691734, 21.610130193377838 ], [ -101.681411657272264, 21.602952203284925 ], [ -101.683683934104764, 21.599907789549441 ], [ -101.674428630469251, 21.581159943789906 ], [ -101.674195080899594, 21.574948366231961 ], [ -101.680212662144442, 21.568954716492172 ], [ -101.674769646773257, 21.56456241884554 ], [ -101.678049888315243, 21.554944235239244 ], [ -101.658837680476367, 21.559087886004871 ], [ -101.657318682137316, 21.551706349691564 ], [ -101.642421351389373, 21.549136999265066 ], [ -101.643449831759668, 21.54657922212056 ], [ -101.639518813292028, 21.544517116805007 ], [ -101.639958794272118, 21.541830124906035 ], [ -101.630558198565197, 21.544067440967996 ], [ -101.62313923254213, 21.53704873513659 ], [ -101.632625326664169, 21.526326313133591 ], [ -101.631650094878808, 21.523627166579498 ], [ -101.628649466595334, 21.522938971146065 ], [ -101.632761793273048, 21.512832314315247 ], [ -101.632651811427252, 21.506207965995365 ], [ -101.629336402930846, 21.501614605827612 ], [ -101.619705860341128, 21.500947463297347 ], [ -101.636428517166124, 21.484210507539778 ], [ -101.639079248022171, 21.475909171346302 ], [ -101.627060224502657, 21.472598375246708 ], [ -101.599897088183852, 21.486997413486236 ], [ -101.59359283070107, 21.484844807965079 ], [ -101.593947890483747, 21.478111889968087 ], [ -101.589353541913269, 21.472903559337752 ], [ -101.588884353904277, 21.464972040517605 ], [ -101.580576369344655, 21.468145999202552 ], [ -101.582113901716482, 21.450549940883558 ], [ -101.580057192886358, 21.436048932894966 ], [ -101.5821196916514, 21.433448272238397 ], [ -101.580117398221631, 21.432413838507383 ], [ -101.579000636682139, 21.42601004399987 ], [ -101.570255528812993, 21.418561672500715 ], [ -101.578749279303977, 21.418439672101975 ], [ -101.589139337506964, 21.415131481929802 ], [ -101.59756473864411, 21.420976933809595 ], [ -101.602052095399799, 21.419914772640002 ], [ -101.60663414092646, 21.414965919460602 ], [ -101.618816887066316, 21.415387524283307 ], [ -101.630944226392359, 21.407313074904351 ], [ -101.638406280576305, 21.410002297605534 ], [ -101.658515860967526, 21.406800196239161 ], [ -101.670377936388618, 21.402345747118446 ], [ -101.671913884191483, 21.398224399218762 ], [ -101.679443526374911, 21.392148872046857 ], [ -101.677963406755239, 21.388160444182489 ], [ -101.676231739595721, 21.389812021589734 ], [ -101.66874347389593, 21.380913547135606 ], [ -101.651402913743638, 21.369353093452858 ], [ -101.651585746104644, 21.365270274879581 ], [ -101.642759127073759, 21.354588166612309 ], [ -101.646524744083138, 21.329592685658174 ], [ -101.639343003453661, 21.328938617502491 ], [ -101.635118346104278, 21.325745898959038 ], [ -101.634074195141352, 21.321170334937765 ], [ -101.634898652624088, 21.314809503437019 ], [ -101.63901863150187, 21.30869852987303 ], [ -101.637076977464787, 21.303368695410665 ], [ -101.639842931987403, 21.301181089321524 ], [ -101.639078341731889, 21.294777982897301 ], [ -101.644845003495178, 21.29626846688079 ], [ -101.64590425387459, 21.293790641291338 ], [ -101.649493696319908, 21.294701408512399 ], [ -101.655730875411805, 21.289500044423335 ], [ -101.653435959867338, 21.285078995444426 ], [ -101.659731367006685, 21.278431825781567 ], [ -101.656318618427335, 21.271944890285869 ], [ -101.657906956609082, 21.267319336629082 ], [ -101.670298639108452, 21.260166620329876 ], [ -101.673132669249682, 21.262088017286707 ], [ -101.673171948978663, 21.255473485090167 ], [ -101.678641195605437, 21.253806381433467 ], [ -101.682125309792525, 21.257518344074427 ], [ -101.692078411891515, 21.259146794961364 ], [ -101.698099308688242, 21.264464288951491 ], [ -101.700328474560976, 21.26197802825472 ], [ -101.712746969022689, 21.269278524357979 ], [ -101.712326969654868, 21.266851851864139 ], [ -101.717357405553145, 21.26760409582463 ], [ -101.71841214193222, 21.265226318286075 ], [ -101.725218596568297, 21.268415252364051 ], [ -101.736915296076617, 21.269385715226679 ], [ -101.738881865093333, 21.255177389285144 ], [ -101.720415355502638, 21.244721863723115 ], [ -101.72318740134466, 21.238255102289017 ], [ -101.724752010840234, 21.237311106626372 ], [ -101.731284445413664, 21.241967489189999 ], [ -101.740054036435538, 21.241777271577032 ], [ -101.782219441387852, 21.231398018762444 ], [ -101.783017526455424, 21.224449668666193 ], [ -101.77542350910511, 21.219302160608972 ], [ -101.780273570174472, 21.217571513418939 ], [ -101.783205950768732, 21.218785170240889 ], [ -101.789527334947181, 21.213906977800796 ], [ -101.794463577039352, 21.214347019806311 ], [ -101.799543767764717, 21.210452478312597 ], [ -101.808612429484057, 21.208106992566645 ], [ -101.810561760387245, 21.206589840908538 ], [ -101.808694509506424, 21.20422634309563 ], [ -101.80942820926812, 21.199523438836405 ], [ -101.81845408315489, 21.192727658815894 ], [ -101.829654199630625, 21.189226381814219 ], [ -101.833284855448582, 21.181565661107275 ], [ -101.841376414595331, 21.185199978728527 ], [ -101.849471547178069, 21.177974788486463 ], [ -101.852345848403857, 21.17906305206731 ], [ -101.862647702189363, 21.176514171480957 ], [ -101.860342586094077, 21.189178547394562 ], [ -101.862248702409403, 21.195216563839235 ], [ -101.868819941503858, 21.197644593725524 ], [ -101.870788496294139, 21.203104812971837 ], [ -101.868870115928743, 21.209701594987457 ], [ -101.877129745625055, 21.22588761500116 ], [ -101.879243942770003, 21.226393673738443 ], [ -101.888336817597377, 21.241960961008861 ], [ -101.906847767126067, 21.254855150013196 ], [ -101.922973618138286, 21.258116538126934 ], [ -101.948532895218932, 21.258355717433137 ], [ -101.978230302665565, 21.271951649833277 ], [ -101.985025020885956, 21.265911516119289 ], [ -102.000190619114406, 21.268372584849757 ], [ -102.004386114782037, 21.264426350718288 ], [ -102.013270935754306, 21.264009910053041 ], [ -102.016769875246482, 21.257954332550884 ], [ -102.01906017552075, 21.258789838949799 ], [ -102.018123063865076, 21.245199899141603 ], [ -102.016198509618562, 21.241640478472309 ], [ -102.013254968255694, 21.242206236379573 ], [ -102.013384318583135, 21.23968780054496 ], [ -102.016439323293781, 21.240443937185919 ], [ -102.015800950501799, 21.23858299262745 ], [ -102.028803296722771, 21.224803091411516 ], [ -102.028049804659119, 21.222363573787749 ], [ -102.031932389264554, 21.222131706475004 ], [ -102.039671939953195, 21.240580994961437 ], [ -102.064463458270112, 21.233948337713308 ], [ -102.069775948649209, 21.229508946176917 ], [ -102.074398058394806, 21.221349995721077 ], [ -102.080816326392593, 21.219516105742258 ], [ -102.091320206647453, 21.225254640160486 ], [ -102.091005407066461, 21.230291728368414 ], [ -102.104221311332637, 21.2347594871996 ], [ -102.101437931940524, 21.239415883980215 ], [ -102.098730183676565, 21.239901453230825 ], [ -102.090675572764795, 21.238962908196999 ], [ -102.090513598329537, 21.235452039533598 ], [ -102.086860706216513, 21.236925007569791 ], [ -102.089190044333094, 21.242591480971996 ], [ -102.084365183788819, 21.242944942169903 ], [ -102.086987228160083, 21.248942928965782 ], [ -102.088933881814242, 21.247628765142871 ], [ -102.091927550515862, 21.24916800725207 ], [ -102.094197547325876, 21.255040710705213 ], [ -102.10401992603353, 21.258155304066577 ], [ -102.110733386525212, 21.26330403237656 ], [ -102.117417529879219, 21.274122984257691 ], [ -102.122427942297179, 21.270376516546303 ], [ -102.129760400731755, 21.276827021499127 ], [ -102.142627112548851, 21.275426629895019 ], [ -102.144844158915532, 21.277063680564506 ], [ -102.144796957121557, 21.280460259798378 ], [ -102.132634844331207, 21.290566736818739 ], [ -102.131390605979334, 21.297454538354152 ], [ -102.17284154599291, 21.289605989492063 ], [ -102.167452279052242, 21.300155300735117 ], [ -102.163379873011621, 21.324694374912077 ], [ -102.156987060098501, 21.345403485264871 ], [ -102.155837915411055, 21.347504199580619 ], [ -102.139720843284081, 21.353304495621117 ], [ -102.14246222692293, 21.355444809218767 ], [ -102.143388826402244, 21.365146073572198 ], [ -102.149454756502365, 21.374195611869695 ], [ -102.147854022872181, 21.379066644367288 ], [ -102.143812710773034, 21.379832363212181 ], [ -102.144471829634654, 21.389055285502675 ], [ -102.148375983536951, 21.392449987358187 ], [ -102.140723735503727, 21.399868408665544 ], [ -102.131801501650003, 21.400760855836829 ], [ -102.129967656995831, 21.402949800450976 ], [ -102.1244953236355, 21.402078906280249 ], [ -102.124165623462233, 21.41096248913011 ], [ -102.121097792418325, 21.412448118158625 ], [ -102.121416693076384, 21.421042830167202 ], [ -102.116977864012583, 21.426576807157083 ], [ -102.121910910414442, 21.42996820691512 ], [ -102.133032373436905, 21.432206157065472 ], [ -102.129712198390678, 21.437823753092669 ], [ -102.134520499922388, 21.443156820925569 ], [ -102.124809012498702, 21.441580879127024 ], [ -102.118669768405795, 21.445089098545793 ], [ -102.115647587779108, 21.449632206751392 ], [ -102.10603432639067, 21.452765598951522 ], [ -102.093964576296997, 21.451723201166693 ], [ -102.088054412539719, 21.45651122389339 ], [ -102.07072316360717, 21.459924888988109 ], [ -102.063579823207505, 21.463636461383725 ], [ -102.057112976001306, 21.460902861511247 ], [ -102.052045584642286, 21.461351983648321 ], [ -102.05172119477551, 21.467962412082709 ], [ -102.045920882643202, 21.474070972210473 ], [ -102.048242514840268, 21.482285666844849 ], [ -102.044253436899865, 21.49092554388821 ], [ -102.044384025414274, 21.500883991990143 ], [ -102.033106739422394, 21.506117830490172 ], [ -102.031882877934692, 21.503265486578922 ], [ -102.027854591497203, 21.507929244286942 ], [ -102.022374141817039, 21.508170166146225 ], [ -102.026354062779404, 21.513752957431507 ], [ -102.025424920665017, 21.523295836924948 ], [ -102.027292226788418, 21.527140639621877 ], [ -102.025332758493775, 21.530278164540011 ], [ -102.005246678155117, 21.528722386584271 ], [ -102.00126999645957, 21.546482370628652 ], [ -101.992337668834296, 21.553203571173242 ], [ -101.988200990717544, 21.567120415792825 ], [ -101.989933106076549, 21.574270556443128 ], [ -101.976504610725229, 21.595154480606261 ], [ -101.979963976394657, 21.598795769894195 ], [ -101.983866610420463, 21.596488411239285 ], [ -101.986839431860247, 21.603103462995477 ], [ -101.995996474967185, 21.611008813639806 ], [ -101.992419669731348, 21.618770491825369 ], [ -101.971706518361927, 21.633527407257155 ], [ -101.988511424128234, 21.655414459746609 ], [ -101.995773906597762, 21.661477970366381 ], [ -101.992551978490724, 21.670972159407448 ], [ -101.98944929704335, 21.666570761235423 ], [ -101.977932859597885, 21.664064596308879 ], [ -101.978859404305936, 21.673025534718366 ], [ -101.974867646369134, 21.683181678939487 ], [ -101.967511065678949, 21.68283807335613 ], [ -101.969366121249791, 21.686864519610907 ], [ -101.972690960316811, 21.687616475208884 ], [ -101.971994776841598, 21.691472900723561 ], [ -101.968429906025207, 21.690056871807347 ], [ -101.96739832014056, 21.699056077963728 ], [ -101.982640327859031, 21.712519567039728 ], [ -101.983269055686506, 21.72114820655559 ], [ -101.988922847365814, 21.725304846881894 ], [ -101.998197517150757, 21.71459864718037 ], [ -102.001753758470954, 21.71474660361562 ], [ -102.005494971129338, 21.715540069124028 ], [ -102.005207855204361, 21.717779574278055 ], [ -102.009548726286596, 21.720025610765866 ], [ -102.008985570279677, 21.72707641566079 ], [ -102.02169826850826, 21.730453716957026 ], [ -102.024891627839779, 21.727969113770673 ], [ -102.024405350471483, 21.738877824728949 ], [ -102.018690861407265, 21.748493571838317 ], [ -102.031304565627167, 21.755852361243694 ], [ -102.055796283187561, 21.751568175837964 ], [ -102.060784255642886, 21.752154539089069 ], [ -102.061922431494466, 21.754437285746491 ], [ -102.063463997519762, 21.754107132986878 ], [ -102.062958464468338, 21.747469524814388 ], [ -102.083018786133621, 21.747656216158298 ], [ -102.087868999853441, 21.74425931497224 ], [ -102.091859902610324, 21.74729125173625 ], [ -102.096003410544398, 21.745054951295579 ], [ -102.099582328105612, 21.748750076714234 ], [ -102.102786796304784, 21.748669883648489 ], [ -102.105316547871794, 21.744150387969828 ], [ -102.107750632451868, 21.744318338801101 ], [ -102.108456158318987, 21.749464863321435 ], [ -102.100147086097621, 21.755014465257162 ] ] ], [ [ [ -102.000485909207484, 21.69216388982634 ], [ -102.002237199036713, 21.69352142771071 ], [ -101.98801569278065, 21.706704352480823 ], [ -101.979461530110456, 21.697499302540116 ], [ -102.000485909207484, 21.69216388982634 ] ] ] ] } },
{ "type": "Feature", "properties": { "cve_edo": "14", "cve_mpo_ine": "057", "cve_edo_mpo_ine": "14057", "nom_mpo": "MAGDALENA", "nom_edo": "Jalisco", "alianza_ganadora": "Va por México", "margen_pp": 44.100895036615135, "por_participacion": 55.392440924602397 }, "geometry": { "type": "Polygon", "coordinates": [ [ [ -104.033612028273225, 20.980590301384229 ], [ -104.030987952013092, 20.988668558363344 ], [ -104.026283307625903, 20.993855090561176 ], [ -104.027840762455327, 20.996249871930036 ], [ -104.020705258266858, 21.003186360484218 ], [ -104.022071445967171, 21.006812827400594 ], [ -104.011712417062824, 21.008177569933309 ], [ -103.946580730164854, 20.912349127244251 ], [ -103.888781501081453, 20.890821480503153 ], [ -103.891194985600791, 20.881305409160795 ], [ -103.887293700634501, 20.878808885219165 ], [ -103.885877932095013, 20.874811157631388 ], [ -103.87901921271127, 20.874017351686746 ], [ -103.878816596164185, 20.871549811138614 ], [ -103.884628323344529, 20.867074709226735 ], [ -103.889848958261624, 20.858361552129722 ], [ -103.889524459130755, 20.847180026534904 ], [ -103.894150437848879, 20.843517242766833 ], [ -103.899849421765595, 20.843109510769349 ], [ -103.892528307363918, 20.823735805285189 ], [ -103.894221121090084, 20.824447699410509 ], [ -103.897432029531927, 20.821225845617978 ], [ -103.902063804748678, 20.821590595838078 ], [ -103.902451901157974, 20.81879883762635 ], [ -103.911546738923121, 20.81327862399635 ], [ -103.914118636675781, 20.8142854964855 ], [ -103.92618344415331, 20.824640985513177 ], [ -103.926340835377644, 20.827573603935246 ], [ -103.92239503145295, 20.830646292827275 ], [ -103.924219867801881, 20.83866789782904 ], [ -103.932466483203584, 20.841402069251505 ], [ -103.933917231075824, 20.843723164332609 ], [ -103.939747016892184, 20.839298982453435 ], [ -103.943842778868785, 20.830900240801444 ], [ -103.95775975447927, 20.826358586772589 ], [ -103.961417256566733, 20.822374942036703 ], [ -103.963805654468345, 20.824742617663532 ], [ -103.967444857109882, 20.823772999782332 ], [ -103.967056522145953, 20.82988184385702 ], [ -103.973553307299028, 20.831282450081876 ], [ -103.980477463222499, 20.839704834387572 ], [ -103.979695487648371, 20.843086200666388 ], [ -103.985131926590881, 20.845512527020613 ], [ -104.021188016959954, 20.843734573900374 ], [ -104.020211546343845, 20.902198127272829 ], [ -104.02303020922804, 20.91179344313964 ], [ -104.058800366427249, 20.911575594072701 ], [ -104.066691154735324, 20.90538253872003 ], [ -104.07989799358441, 20.902768056216544 ], [ -104.080261362457605, 20.900581474702093 ], [ -104.076808203661642, 20.899407235066867 ], [ -104.079715226922275, 20.892980880549203 ], [ -104.090296941976945, 20.887585243094296 ], [ -104.104045750493711, 20.88337928703919 ], [ -104.112378548344708, 20.884731339109553 ], [ -104.118138872239982, 20.883178277697507 ], [ -104.122065933944342, 20.885053086525897 ], [ -104.129996282425424, 20.884168736764714 ], [ -104.129474737657617, 20.88230518915676 ], [ -104.139323696494145, 20.88659844672463 ], [ -104.14303410258735, 20.883548505696805 ], [ -104.147536656894701, 20.890709591892062 ], [ -104.154264421736769, 20.892930450970852 ], [ -104.167166042723366, 20.903441673783206 ], [ -104.167956964423269, 20.910013830804473 ], [ -104.172976841563454, 20.914415695843676 ], [ -104.183894817801672, 20.910209747575792 ], [ -104.188973783019264, 20.914611419954198 ], [ -104.196062496301096, 20.915055870833985 ], [ -104.202070995081641, 20.921485532521316 ], [ -104.216010700097414, 20.923363540693799 ], [ -104.217258515539669, 20.919237689113508 ], [ -104.22570995812714, 20.916133906451286 ], [ -104.240133408233405, 20.899586762931769 ], [ -104.241945210903822, 20.900750993698342 ], [ -104.254224010046485, 20.892456155238449 ], [ -104.260664117933956, 20.893762832315254 ], [ -104.266386663695172, 20.883540242160525 ], [ -104.272114705805436, 20.887157144349981 ], [ -104.268240253622452, 20.889124796329043 ], [ -104.268092706094563, 20.897097509190456 ], [ -104.265566081603623, 20.898946505567903 ], [ -104.270461735733136, 20.913245674813883 ], [ -104.26492099316755, 20.925166626268226 ], [ -104.265115151594571, 20.929962046614186 ], [ -104.253975533819343, 20.946695461103513 ], [ -104.252858256431495, 20.952715674678352 ], [ -104.244997910721807, 20.959320561580864 ], [ -104.245635420366639, 20.967344027383341 ], [ -104.242137221703047, 20.975155206009603 ], [ -104.239775502112025, 20.975582194103541 ], [ -104.241441138560603, 20.973660078203036 ], [ -104.236526948261414, 20.97169976060032 ], [ -104.232825369138808, 20.96625276096184 ], [ -104.218546648924473, 20.961072142623468 ], [ -104.212847182962449, 20.961161575570394 ], [ -104.214703055593077, 20.957966709787815 ], [ -104.205777373781999, 20.957625674218132 ], [ -104.199094143514856, 20.95100921610118 ], [ -104.200202781848759, 20.94633034331882 ], [ -104.190551396790525, 20.942613836896165 ], [ -104.190644542725011, 20.939490697180347 ], [ -104.178404472191701, 20.941511931200068 ], [ -104.15965717053534, 20.937120928793046 ], [ -104.150044974912177, 20.945691647016478 ], [ -104.149543527056366, 20.948483347308049 ], [ -104.147679253974985, 20.947115204055944 ], [ -104.144947103421046, 20.949769429071328 ], [ -104.138403479671254, 20.946645139898887 ], [ -104.139308806189689, 20.944513673862115 ], [ -104.133952398348868, 20.940328175306565 ], [ -104.127164595129685, 20.943202638132892 ], [ -104.119293612604636, 20.943192719906229 ], [ -104.109841403120086, 20.94785755986598 ], [ -104.103553124288553, 20.943048501370786 ], [ -104.092482231331999, 20.945441142957343 ], [ -104.09319305540518, 20.949966945996401 ], [ -104.098405313535778, 20.956372175736202 ], [ -104.097030848362607, 20.958376987313873 ], [ -104.078873034484985, 20.953857730318241 ], [ -104.074783247693205, 20.956953732562326 ], [ -104.061230171460949, 20.960478284456123 ], [ -104.054630930853776, 20.971982119866873 ], [ -104.056129891089043, 20.974376252460466 ], [ -104.052872836472616, 20.976532115686815 ], [ -104.041526746150325, 20.982001941622816 ], [ -104.033612028273225, 20.980590301384229 ] ] ] } },
{ "type": "Feature", "properties": { "cve_edo": "14", "cve_mpo_ine": "060", "cve_edo_mpo_ine": "14060", "nom_mpo": "MASCOTA", "nom_edo": "Jalisco", "alianza_ganadora": "Juntos Haremos Historia", "margen_pp": 5.1709401709401712, "por_participacion": 62.101910828025474 }, "geometry": { "type": "Polygon", "coordinates": [ [ [ -104.596616796510872, 20.841239134456835 ], [ -104.589402624209882, 20.840096388793683 ], [ -104.590579912408302, 20.835573786238275 ], [ -104.596283408418145, 20.835411294573422 ], [ -104.59187727722113, 20.821714043192397 ], [ -104.591292270318164, 20.811131502612117 ], [ -104.589352652078745, 20.809677824916413 ], [ -104.585001506427375, 20.812206428044348 ], [ -104.583885719857477, 20.808470801712915 ], [ -104.580005877189151, 20.808011684101267 ], [ -104.58142015226008, 20.798094452339669 ], [ -104.584419031774615, 20.795274548158098 ], [ -104.572785268056194, 20.782028335881613 ], [ -104.57548999006697, 20.779498857160892 ], [ -104.568674587076828, 20.773103045568213 ], [ -104.569618537868791, 20.764471989431247 ], [ -104.566269648525051, 20.762062526187492 ], [ -104.559569472924025, 20.762928748738215 ], [ -104.556397046420003, 20.760602235293682 ], [ -104.555460737757969, 20.752675182124129 ], [ -104.549114065925593, 20.752545323675925 ], [ -104.548527910028213, 20.749805892726034 ], [ -104.53754396830557, 20.741579259090734 ], [ -104.541544222350765, 20.734071633092618 ], [ -104.533207422336687, 20.723315674713451 ], [ -104.54252875567326, 20.710813366385263 ], [ -104.573448629489974, 20.687182312840079 ], [ -104.58100221213688, 20.675646150751437 ], [ -104.578741124596462, 20.671617034168172 ], [ -104.579987828374229, 20.668305697678324 ], [ -104.588076404395622, 20.666014562486446 ], [ -104.589971836477233, 20.661710740028742 ], [ -104.601118920662941, 20.65636290598114 ], [ -104.599406648130611, 20.648025208330147 ], [ -104.59665313066823, 20.64863695315438 ], [ -104.598756201575938, 20.638074784650467 ], [ -104.600639576178239, 20.635967645427936 ], [ -104.603202737344375, 20.638173768136898 ], [ -104.609817444380965, 20.637658627133472 ], [ -104.605349174539015, 20.630430279300946 ], [ -104.608230850222569, 20.627580528315058 ], [ -104.606784559424398, 20.624383674345733 ], [ -104.610551756495965, 20.619961934937386 ], [ -104.611398615529055, 20.614534941341599 ], [ -104.617866623038637, 20.608132987796495 ], [ -104.623133628225744, 20.607778375850049 ], [ -104.629887563255153, 20.602537570429824 ], [ -104.623020139509123, 20.595467168780385 ], [ -104.620854300911915, 20.595749759100126 ], [ -104.619113458198129, 20.592966472085614 ], [ -104.616710088207512, 20.593952836956465 ], [ -104.617131759379689, 20.591550188865263 ], [ -104.609936872710804, 20.591524715318553 ], [ -104.604877718400886, 20.58570354790681 ], [ -104.602757389009966, 20.577198555614878 ], [ -104.604649984791877, 20.573143202083504 ], [ -104.600106400018618, 20.569562076915446 ], [ -104.60280100492551, 20.557426757859222 ], [ -104.607560801169967, 20.553008600143503 ], [ -104.618934912539814, 20.558893409274134 ], [ -104.623945924388437, 20.550952361332669 ], [ -104.620198519670268, 20.540286434636037 ], [ -104.61179094366382, 20.537728322449876 ], [ -104.610470172526433, 20.532998240478772 ], [ -104.611044954013408, 20.534948470810257 ], [ -104.616416947728339, 20.536459689949112 ], [ -104.626307407901379, 20.523147028372364 ], [ -104.638306240489214, 20.520618185667715 ], [ -104.640188864044447, 20.516127860305229 ], [ -104.649443192820513, 20.513025102832483 ], [ -104.650844649849759, 20.509649261642846 ], [ -104.648744494453751, 20.505231968194241 ], [ -104.643548927032924, 20.503794660715055 ], [ -104.640125007171221, 20.505279639408155 ], [ -104.614338144356154, 20.489853874962659 ], [ -104.616201800510638, 20.486940132947048 ], [ -104.613637237673018, 20.47125456869842 ], [ -104.616624045124894, 20.461890048432718 ], [ -104.615036788059243, 20.451727863325356 ], [ -104.617543308085232, 20.445181983568329 ], [ -104.614656867354043, 20.438787299339605 ], [ -104.602754322896871, 20.434061781467648 ], [ -104.60252085535592, 20.432320657120364 ], [ -104.617775298811779, 20.429736998773464 ], [ -104.620205697008004, 20.418520788358176 ], [ -104.623965906647229, 20.414692172416167 ], [ -104.6355008141593, 20.411226983224417 ], [ -104.642086080332888, 20.413873397629217 ], [ -104.637520879459487, 20.406899292922958 ], [ -104.624017153303527, 20.401101590979692 ], [ -104.603371806839192, 20.382836910979893 ], [ -104.604032542279924, 20.369026895265616 ], [ -104.612334336407471, 20.364158238462728 ], [ -104.615195564397837, 20.359191319764147 ], [ -104.623479374819183, 20.356552576339663 ], [ -104.624841787257381, 20.35262133534593 ], [ -104.629124897181214, 20.350582411355781 ], [ -104.627509057269606, 20.346451182679296 ], [ -104.628856397321812, 20.339503671680337 ], [ -104.636715830108471, 20.335531459056153 ], [ -104.63641206097104, 20.323749496534482 ], [ -104.630602155410045, 20.319056927818451 ], [ -104.634131016691185, 20.318527224765401 ], [ -104.63611546640989, 20.310025982269131 ], [ -104.633131096971766, 20.297927772203355 ], [ -104.640126457854421, 20.298684393636474 ], [ -104.645572667155278, 20.302004079473903 ], [ -104.651301650782329, 20.300414508947334 ], [ -104.653774923555403, 20.296469924293078 ], [ -104.668814470898226, 20.291149789099812 ], [ -104.675088878875371, 20.283748086936789 ], [ -104.676551214471033, 20.273291471600299 ], [ -104.684839271893296, 20.277342698436222 ], [ -104.686905924256507, 20.271528306766047 ], [ -104.698884831628931, 20.266665548893062 ], [ -104.706087535762492, 20.266433244307446 ], [ -104.709919551901194, 20.270353509868137 ], [ -104.719138700515529, 20.26825171494249 ], [ -104.72561835039879, 20.286068683003425 ], [ -104.72544838093448, 20.303443111928406 ], [ -104.735495260789804, 20.310495926097186 ], [ -104.736188793215675, 20.31733398652176 ], [ -104.732518888698195, 20.321871116161592 ], [ -104.73178375018594, 20.331269792431439 ], [ -104.725259121576556, 20.340596592338503 ], [ -104.73688990154676, 20.34740913447148 ], [ -104.748334627827319, 20.349373722070801 ], [ -104.761328721504569, 20.360582240809208 ], [ -104.763099413561321, 20.377242311663224 ], [ -104.752926648208827, 20.394794287492616 ], [ -104.754922781369274, 20.400147738598953 ], [ -104.761861781112444, 20.396496611253795 ], [ -104.773656755266913, 20.398958368177581 ], [ -104.780641612578819, 20.396590756924809 ], [ -104.782788787099548, 20.404636975153007 ], [ -104.790717404512705, 20.41391279017223 ], [ -104.800051932228172, 20.404348739227636 ], [ -104.810662983739064, 20.408417651396704 ], [ -104.804306814949825, 20.418659388273394 ], [ -104.800119268694985, 20.41993788197626 ], [ -104.810486183081935, 20.427470223702397 ], [ -104.813223201979511, 20.43522892645597 ], [ -104.825299651944619, 20.44568266557329 ], [ -104.821033706157294, 20.451337132941415 ], [ -104.8136300002583, 20.454491330642902 ], [ -104.814731126478634, 20.461993652895163 ], [ -104.810987277054579, 20.468064550367036 ], [ -104.831759103343728, 20.481707148461741 ], [ -104.828749807165565, 20.484302548328198 ], [ -104.816666929053866, 20.486854993554278 ], [ -104.823726141189496, 20.502213856725746 ], [ -104.828814613976661, 20.50915492079082 ], [ -104.836743021478895, 20.512919686591619 ], [ -104.837628391489957, 20.505716701164779 ], [ -104.852060188178015, 20.502510789270048 ], [ -104.85674049419967, 20.509407759069937 ], [ -104.853026922916641, 20.51866900994786 ], [ -104.861097546792664, 20.526285367129034 ], [ -104.860000847708179, 20.531043727264866 ], [ -104.864591142679501, 20.528496308338894 ], [ -104.870095177877374, 20.535106646652441 ], [ -104.886158206629261, 20.526437720849355 ], [ -104.893744475442872, 20.529411407505208 ], [ -104.899310524252002, 20.535772566111888 ], [ -104.89935398894869, 20.544222417834117 ], [ -104.905433519579049, 20.545490918298896 ], [ -104.905569650043773, 20.556799122179022 ], [ -104.925058133262922, 20.537951813475264 ], [ -104.934012292591731, 20.538609862118079 ], [ -104.943374102051337, 20.532600478999626 ], [ -104.957776563691695, 20.532947782424472 ], [ -104.955225936720353, 20.522831237651282 ], [ -104.94824100553096, 20.51787448166808 ], [ -104.951843473841748, 20.514202459111459 ], [ -104.950751515536183, 20.511754331560574 ], [ -104.953009623128352, 20.507786983378114 ], [ -104.954225262652756, 20.509448606814193 ], [ -104.961465174588469, 20.504838094275257 ], [ -104.978911649732765, 20.507790820912078 ], [ -104.987123745941375, 20.499272306873465 ], [ -104.993315162629941, 20.497515878247295 ], [ -104.982806086516902, 20.492895715499127 ], [ -104.981603383014729, 20.4861180012016 ], [ -104.97268153967218, 20.481317927959442 ], [ -104.965760763694448, 20.473955451407399 ], [ -104.969036547884528, 20.468237775408706 ], [ -104.965181634501818, 20.464936278261547 ], [ -104.970307141100008, 20.460923415502037 ], [ -104.971473633438123, 20.455721211262183 ], [ -104.974643530346626, 20.455445665487819 ], [ -104.978419625929604, 20.451491611302377 ], [ -104.979903618181325, 20.436926979470485 ], [ -104.986400629003711, 20.439943108602069 ], [ -104.986457488036194, 20.442762791301874 ], [ -104.997213175146797, 20.443905249875893 ], [ -105.00170122397752, 20.442243004617158 ], [ -105.00717726742306, 20.449219754839358 ], [ -105.014914370166068, 20.449064753930934 ], [ -105.01602744529994, 20.446306950705434 ], [ -105.028362418658617, 20.442044932813708 ], [ -105.031979475254218, 20.442770938743344 ], [ -105.036376175152085, 20.43986269284034 ], [ -105.041285294007324, 20.443222293252308 ], [ -105.045332423189791, 20.443002086954642 ], [ -105.058571615717966, 20.462670672626746 ], [ -105.059292060860102, 20.473045736000323 ], [ -105.057140360951792, 20.477858469242687 ], [ -105.042531269497744, 20.487057346012399 ], [ -105.05555219072113, 20.486535784694837 ], [ -105.058699635999318, 20.490154670187181 ], [ -105.068074966146227, 20.48741403330985 ], [ -105.075259064864625, 20.488573252567839 ], [ -105.093546607043322, 20.499744904461867 ], [ -105.104220238207802, 20.502247110089389 ], [ -105.100875092857081, 20.50529923286976 ], [ -105.106659264309883, 20.52608080581291 ], [ -105.114955727500387, 20.531409696759084 ], [ -105.116899515705683, 20.540690366118948 ], [ -105.118316254745366, 20.551546003476762 ], [ -105.115445258043835, 20.560084142651327 ], [ -105.114694325835018, 20.578027072734951 ], [ -105.119749071896891, 20.584363431878817 ], [ -105.125504931494675, 20.585395131966415 ], [ -105.127739975019111, 20.58986866849229 ], [ -105.132613772899816, 20.589160435745555 ], [ -105.133322703517578, 20.594339535354401 ], [ -105.138199344556867, 20.596863251050831 ], [ -105.139553279643394, 20.600550044251648 ], [ -105.131044203694515, 20.609300189666403 ], [ -105.137686180731691, 20.615178931629643 ], [ -105.130410198928544, 20.624508135350229 ], [ -105.137884061120545, 20.64086978817102 ], [ -105.136835016116038, 20.650898415622787 ], [ -105.143476728675068, 20.654166366728784 ], [ -105.150709912336879, 20.66137003927517 ], [ -105.150424977340577, 20.670900789122836 ], [ -105.155772425337716, 20.671351703939305 ], [ -105.155190840849315, 20.677609213004565 ], [ -105.163658760919887, 20.683858117745181 ], [ -105.161780662137474, 20.68618040318449 ], [ -105.174179589264384, 20.685877927794213 ], [ -105.168776338196281, 20.688784024770666 ], [ -105.162143663294771, 20.696539249724207 ], [ -105.155679600685929, 20.697001190477028 ], [ -105.142507411512227, 20.68781397174719 ], [ -105.137632621223304, 20.691008701062344 ], [ -105.137990449539586, 20.697182490091599 ], [ -105.130289495935727, 20.694329553341682 ], [ -105.119536410091769, 20.696202295723506 ], [ -105.112776261086552, 20.69355507781577 ], [ -105.107547540297077, 20.695961898405145 ], [ -105.108311329953665, 20.701023932056227 ], [ -105.10155465647253, 20.698369024519785 ], [ -105.101136821872984, 20.687720009078841 ], [ -105.093731631124271, 20.686274103636894 ], [ -105.089444964934046, 20.692201971769215 ], [ -105.085331837976767, 20.693281527166132 ], [ -105.082921197544493, 20.690837993196247 ], [ -105.078572652705958, 20.691171643002416 ], [ -105.069761690812399, 20.70112052529506 ], [ -105.071886733283662, 20.703289970293742 ], [ -105.069580995628868, 20.708265514275677 ], [ -105.063702007803101, 20.712744432121617 ], [ -105.063915768924801, 20.717997464310862 ], [ -105.059989806380003, 20.717537998468238 ], [ -105.05660497758916, 20.723947700983764 ], [ -105.052570950680334, 20.722866656896972 ], [ -105.045531447078005, 20.730225278356052 ], [ -105.023537349934841, 20.740299580484411 ], [ -105.018085404239358, 20.739779584545417 ], [ -105.011870733765079, 20.743012454055169 ], [ -105.011222764016168, 20.746932224619336 ], [ -104.999640121753245, 20.742021804116334 ], [ -104.994853132914102, 20.742960546166788 ], [ -104.98261562347696, 20.725568568184993 ], [ -104.974425855434475, 20.706221155349329 ], [ -104.968834969390258, 20.704234042048853 ], [ -104.963587824759458, 20.696600938707149 ], [ -104.96155786860534, 20.698484461131798 ], [ -104.960649676428716, 20.696934805996868 ], [ -104.959897253999529, 20.699458950788436 ], [ -104.954884141819548, 20.697936287714874 ], [ -104.94684957177472, 20.704058375910851 ], [ -104.946075093998232, 20.707703947760933 ], [ -104.939468922507572, 20.709690522331432 ], [ -104.939724832079534, 20.711605241286726 ], [ -104.9318702579112, 20.714446841582518 ], [ -104.927445616913559, 20.712806867152928 ], [ -104.920035174284521, 20.716556157512407 ], [ -104.913725761317522, 20.7156910386826 ], [ -104.90143974070368, 20.708290315501774 ], [ -104.897453787711513, 20.711184417815865 ], [ -104.893002742311438, 20.704972914278756 ], [ -104.893723960642532, 20.701119079675617 ], [ -104.891644326762261, 20.702502515131005 ], [ -104.886218012027442, 20.698188331713627 ], [ -104.877792641789142, 20.688430395132791 ], [ -104.871455265386132, 20.697522873539118 ], [ -104.860720679921187, 20.697744452840382 ], [ -104.845889067402638, 20.703432673476001 ], [ -104.83553924863142, 20.701996270349149 ], [ -104.827467999482906, 20.696948424645083 ], [ -104.821405805985108, 20.704991797155579 ], [ -104.823485661951423, 20.721017833311503 ], [ -104.821022232009412, 20.723932153653937 ], [ -104.804621397837408, 20.720079651613627 ], [ -104.790774569294896, 20.72041776774812 ], [ -104.78528166374079, 20.716597997898194 ], [ -104.778678386689876, 20.715462357676717 ], [ -104.777610590249395, 20.713203060733921 ], [ -104.773892548841246, 20.714353239085185 ], [ -104.756688034463977, 20.701260619516834 ], [ -104.747233165422813, 20.699125851413633 ], [ -104.739323144188404, 20.701667033399811 ], [ -104.737563193051457, 20.732718761866671 ], [ -104.72613164544191, 20.735289792017085 ], [ -104.714053287809477, 20.732324419099488 ], [ -104.708513610893036, 20.750355774687815 ], [ -104.702544959910014, 20.752467551234105 ], [ -104.699935995430266, 20.751015396495625 ], [ -104.695335101882947, 20.755017307834954 ], [ -104.68950179622577, 20.756258178234688 ], [ -104.689381732011597, 20.75916471078277 ], [ -104.682272508162583, 20.765247027722445 ], [ -104.67863579389028, 20.765233045369918 ], [ -104.67744231058586, 20.768954120999165 ], [ -104.672084544601503, 20.769869284902118 ], [ -104.666993488099564, 20.780302849503645 ], [ -104.652666716161974, 20.791840420924249 ], [ -104.65484165329211, 20.802634854750554 ], [ -104.650254897964174, 20.811330656030631 ], [ -104.652309812933453, 20.814021437396878 ], [ -104.646689736482102, 20.82162094217383 ], [ -104.651275364952639, 20.832203363492688 ], [ -104.650679803331371, 20.83809393342359 ], [ -104.64215227115514, 20.836175490804877 ], [ -104.639167060148907, 20.838538981582612 ], [ -104.632798811724669, 20.837193667771171 ], [ -104.630313415184787, 20.829967266074625 ], [ -104.623596226008303, 20.833934280066064 ], [ -104.618802150944788, 20.830369420971877 ], [ -104.609314478028296, 20.832173624431128 ], [ -104.600368147452627, 20.827961409100897 ], [ -104.602744661215254, 20.834729511062623 ], [ -104.596616796510872, 20.841239134456835 ] ] ] } },
{ "type": "Feature", "properties": { "cve_edo": "14", "cve_mpo_ine": "061", "cve_edo_mpo_ine": "14061", "nom_mpo": "MAZAMITLA", "nom_edo": "Jalisco", "alianza_ganadora": "Movimiento Ciudadano", "margen_pp": 4.8952813525107244, "por_participacion": 68.333477023881372 }, "geometry": { "type": "Polygon", "coordinates": [ [ [ -103.088422667749541, 19.96297761599569 ], [ -103.086228652914144, 19.964001799837074 ], [ -103.083800225202012, 19.962158611018914 ], [ -103.080050569811689, 19.973089099689673 ], [ -103.07593510715175, 19.970816304949071 ], [ -103.069576088141787, 19.975515374300464 ], [ -103.064858637102475, 19.974767686004061 ], [ -103.067836675463596, 19.984188519178865 ], [ -103.064856167173062, 19.989332810718107 ], [ -103.058839595790275, 19.994572541928292 ], [ -103.050586470168156, 19.99656335506959 ], [ -103.051157947442931, 19.991585528007967 ], [ -103.043359510943816, 19.980778704946591 ], [ -103.031324599025965, 19.980260869397693 ], [ -103.022811502688597, 19.969997771184342 ], [ -103.011399013027443, 19.967769693138543 ], [ -103.015225123179661, 19.959997881817177 ], [ -103.008254629479211, 19.956511070244783 ], [ -103.006369519750891, 19.940672647256264 ], [ -102.99114485143842, 19.934434890246155 ], [ -102.992699183166678, 19.927941734341189 ], [ -102.988808876940396, 19.897423871323326 ], [ -102.989645252311277, 19.884462971579939 ], [ -102.976409423329613, 19.877741214167909 ], [ -102.988007700378304, 19.857026490755416 ], [ -102.985106743300861, 19.85534901677649 ], [ -102.985477358366836, 19.851871714105499 ], [ -102.98218728273585, 19.847208691869014 ], [ -102.986170166724051, 19.843301085263384 ], [ -102.982130168411032, 19.828027368847792 ], [ -102.989780769344605, 19.823979678996782 ], [ -102.991091523355749, 19.819017507786242 ], [ -102.995811149564915, 19.818263256054479 ], [ -103.000452593115213, 19.811128429590127 ], [ -102.996713168069178, 19.794117054056507 ], [ -102.998294741326347, 19.792429467957216 ], [ -102.992389206073554, 19.787292840653578 ], [ -102.991943874873712, 19.783934082739549 ], [ -102.993752677254378, 19.783159526412117 ], [ -103.010523911808448, 19.791270896488591 ], [ -103.016787250866088, 19.785182328778387 ], [ -103.023818749896975, 19.80203862763258 ], [ -103.037776905962204, 19.809329777194474 ], [ -103.047442701355124, 19.805407316692811 ], [ -103.046933585699151, 19.808919707873329 ], [ -103.051231450228329, 19.81500142416607 ], [ -103.057377140705185, 19.812948748270223 ], [ -103.060787168621061, 19.82018056160334 ], [ -103.070445201049495, 19.821760205752106 ], [ -103.074611806923485, 19.829164353811429 ], [ -103.083198827360363, 19.837478235344253 ], [ -103.088034922883651, 19.837729693411873 ], [ -103.093561100679622, 19.833890788188725 ], [ -103.097781487791892, 19.841791534671902 ], [ -103.09426550951865, 19.848173141777281 ], [ -103.102451359721385, 19.856068753388275 ], [ -103.113090626152257, 19.858731096508574 ], [ -103.11422987160293, 19.86101730971578 ], [ -103.127405866428489, 19.856253420844695 ], [ -103.131192186707793, 19.846604478687475 ], [ -103.145921467198448, 19.843508216970111 ], [ -103.15696421780298, 19.846585321255429 ], [ -103.154394701961351, 19.851983490243544 ], [ -103.159878313148994, 19.85683200062654 ], [ -103.177401185542521, 19.854254311567814 ], [ -103.191888876041105, 19.867373540847598 ], [ -103.194697319954116, 19.876874039880402 ], [ -103.185621074654264, 19.880106051797874 ], [ -103.180261613621326, 19.884694147941193 ], [ -103.187758272666912, 19.912732731433167 ], [ -103.183258459346689, 19.918569709024233 ], [ -103.168029748656849, 19.923940136331492 ], [ -103.16341879657773, 19.924147827979287 ], [ -103.161580880505781, 19.921648795686071 ], [ -103.162288084894541, 19.926082731291267 ], [ -103.156166222504524, 19.92578032918561 ], [ -103.150869873829393, 19.929747207226875 ], [ -103.153390907799533, 19.943756078652221 ], [ -103.15883333872425, 19.952411406001843 ], [ -103.158556253170204, 19.961222919195318 ], [ -103.148652361114401, 19.974914400911988 ], [ -103.133870778769023, 19.966505983503424 ], [ -103.107557657804534, 19.971149912320872 ], [ -103.088422667749541, 19.96297761599569 ] ] ] } },
{ "type": "Feature", "properties": { "cve_edo": "14", "cve_mpo_ine": "062", "cve_edo_mpo_ine": "14062", "nom_mpo": "MEXTICACAN", "nom_edo": "Jalisco", "alianza_ganadora": "Va por México", "margen_pp": 14.100719424460431, "por_participacion": 56.44670050761421 }, "geometry": { "type": "Polygon", "coordinates": [ [ [ -102.757572846190627, 21.329153260240155 ], [ -102.755035350448807, 21.332563795997896 ], [ -102.758572471322864, 21.334955784477422 ], [ -102.757519298197082, 21.339461240764017 ], [ -102.75063780962418, 21.345585759753735 ], [ -102.744926542870587, 21.346708622283842 ], [ -102.740875902117679, 21.356093504084924 ], [ -102.734982415959081, 21.35349731411565 ], [ -102.727389752700958, 21.357472879293631 ], [ -102.732823933575489, 21.368953864971129 ], [ -102.729067791072907, 21.379453635601159 ], [ -102.713995617622714, 21.380913355522107 ], [ -102.699150560386016, 21.356399915396601 ], [ -102.700327628747189, 21.34443836824089 ], [ -102.695996995388413, 21.340774508168149 ], [ -102.68416093870988, 21.342749956643232 ], [ -102.681900595997718, 21.338800240809327 ], [ -102.696776988419785, 21.328181916791092 ], [ -102.704014894503771, 21.319377518627885 ], [ -102.690537159326354, 21.311077270915423 ], [ -102.68699822860772, 21.31116587082056 ], [ -102.686865671831512, 21.307013160189566 ], [ -102.681740477134696, 21.302169817323414 ], [ -102.678798052943804, 21.302020990982996 ], [ -102.678779614538854, 21.293185331857448 ], [ -102.673372360463617, 21.29264937429113 ], [ -102.672796366201666, 21.287327020162461 ], [ -102.666744530794119, 21.281881802652347 ], [ -102.654279524755225, 21.276126115076391 ], [ -102.657527606412316, 21.268649947343132 ], [ -102.652488908796016, 21.255636304825682 ], [ -102.653178043257654, 21.251586817994362 ], [ -102.655066940227485, 21.25142195153304 ], [ -102.657489045944303, 21.234428250380418 ], [ -102.651630130818901, 21.230812088930858 ], [ -102.650913776545877, 21.221670406205956 ], [ -102.644736892959557, 21.214272235215528 ], [ -102.648779873797693, 21.212704185953132 ], [ -102.655064882050354, 21.218113617830578 ], [ -102.665210391427181, 21.217428980921671 ], [ -102.671638436953316, 21.20985775241525 ], [ -102.677171685654329, 21.20753422991589 ], [ -102.68344141496847, 21.199170802418109 ], [ -102.689831388510385, 21.195497077672403 ], [ -102.690649513551037, 21.190629745839914 ], [ -102.694572152849176, 21.189421999451522 ], [ -102.700594868194514, 21.191132157754733 ], [ -102.701391776978255, 21.194675731559737 ], [ -102.694034203578809, 21.199406884554989 ], [ -102.693520076489662, 21.203584990750091 ], [ -102.696017496045243, 21.207415311899531 ], [ -102.713456946269503, 21.216720818609531 ], [ -102.718627312482198, 21.217208584972866 ], [ -102.722936791117903, 21.22406527825245 ], [ -102.726587114007302, 21.216803714517305 ], [ -102.725799557955824, 21.212845612054501 ], [ -102.717519931515056, 21.207021217825293 ], [ -102.717091236227702, 21.200416235161093 ], [ -102.718900955941891, 21.19863108355969 ], [ -102.725890384189967, 21.196918801104243 ], [ -102.733551195556771, 21.191778039217169 ], [ -102.745859554139713, 21.20146494095647 ], [ -102.747918330570897, 21.199104177098299 ], [ -102.747187979096736, 21.19029402719573 ], [ -102.750366648008054, 21.187874816981761 ], [ -102.760239192332506, 21.198502877366472 ], [ -102.770552147662315, 21.198147281439368 ], [ -102.777981785907457, 21.195239404443754 ], [ -102.774399756570148, 21.189893190131798 ], [ -102.769398600996553, 21.189742734254484 ], [ -102.768382904826964, 21.187895369808139 ], [ -102.772020627101895, 21.183494587281146 ], [ -102.784164407736142, 21.18533505090668 ], [ -102.784793171972652, 21.176222556327811 ], [ -102.788301611091356, 21.172274868576981 ], [ -102.792718881759242, 21.169715707278495 ], [ -102.798557925505008, 21.171750273014283 ], [ -102.806157395878074, 21.169052109881552 ], [ -102.809591070081353, 21.173232980188352 ], [ -102.810122470495486, 21.170672490759607 ], [ -102.813004995239424, 21.173265063652671 ], [ -102.814930906095924, 21.181478695608856 ], [ -102.820652711649956, 21.188529476732946 ], [ -102.821105191619296, 21.199324809812989 ], [ -102.82510571928195, 21.20198273726928 ], [ -102.826454298139467, 21.207238575878421 ], [ -102.829963384544158, 21.208268006708774 ], [ -102.833186400511551, 21.221487305305303 ], [ -102.837163873778508, 21.222651100875574 ], [ -102.839477227773784, 21.226973410432912 ], [ -102.849418427795925, 21.222456792962024 ], [ -102.851007567431537, 21.225021198721649 ], [ -102.847780326019759, 21.227026484416076 ], [ -102.846965300421886, 21.231655219977732 ], [ -102.853352166528978, 21.230547033669396 ], [ -102.859370201069524, 21.232624987161685 ], [ -102.858855744272205, 21.234480796544975 ], [ -102.854432745700095, 21.234718426746934 ], [ -102.860985491293917, 21.24166131741611 ], [ -102.863521565142491, 21.261607342052493 ], [ -102.859383223907003, 21.265487415209808 ], [ -102.857847974323775, 21.271380233849612 ], [ -102.845488049896318, 21.277130829103296 ], [ -102.845636613421632, 21.289195852432474 ], [ -102.843006234261694, 21.298126736955517 ], [ -102.844205552423375, 21.30829019824986 ], [ -102.832295582942237, 21.30079096585666 ], [ -102.815148499481282, 21.294167714774435 ], [ -102.81799803390453, 21.306105311585664 ], [ -102.816264518711748, 21.323092087723008 ], [ -102.814148168781472, 21.324996492815021 ], [ -102.808727223182714, 21.323352518688072 ], [ -102.808614266730643, 21.325914727589531 ], [ -102.793649412798132, 21.32205416903728 ], [ -102.791599873137912, 21.328586287823022 ], [ -102.785149978296488, 21.324404786717732 ], [ -102.78478473602064, 21.319958268739367 ], [ -102.771850446931069, 21.318680622183127 ], [ -102.771045485098441, 21.315385980141745 ], [ -102.761156049324242, 21.332094047017108 ], [ -102.757572846190627, 21.329153260240155 ] ] ] } },
{ "type": "Feature", "properties": { "cve_edo": "14", "cve_mpo_ine": "063", "cve_edo_mpo_ine": "14063", "nom_mpo": "MEZQUITIC", "nom_edo": "Jalisco", "alianza_ganadora": "Va por México", "margen_pp": 61.331388410025198, "por_participacion": 70.51617729567981 }, "geometry": { "type": "Polygon", "coordinates": [ [ [ -103.84430164788084, 22.343787835480253 ], [ -103.832135033624226, 22.353771057175049 ], [ -103.826110934406074, 22.355395585657025 ], [ -103.819936921650509, 22.370110884568042 ], [ -103.813249294133058, 22.376022670457392 ], [ -103.809871726149225, 22.39770840325335 ], [ -103.81252083014644, 22.406618869123193 ], [ -103.807445911685662, 22.426632772336642 ], [ -103.807492732498687, 22.438486847950749 ], [ -103.788241049753111, 22.47573738441616 ], [ -103.783950371760454, 22.495075291210746 ], [ -103.785400257748918, 22.508272881442682 ], [ -103.777428362034129, 22.526916756798464 ], [ -103.774737296569072, 22.546787939798158 ], [ -103.769650307585195, 22.55524332994608 ], [ -103.761760914386656, 22.556670433657537 ], [ -103.758426914173612, 22.553600072449676 ], [ -103.75250852986143, 22.559217848472365 ], [ -103.749836336247895, 22.558107055898738 ], [ -103.727941433961234, 22.573437404748969 ], [ -103.718601884418661, 22.571130080681936 ], [ -103.711912433509141, 22.565326424549546 ], [ -103.701560637625292, 22.563359342663556 ], [ -103.693791765809323, 22.558656625589521 ], [ -103.686793699319736, 22.55884628982475 ], [ -103.682447284423404, 22.555515806475675 ], [ -103.673370973072821, 22.561730327284064 ], [ -103.673190529157679, 22.558823665424931 ], [ -103.663114138334691, 22.547548987695354 ], [ -103.651467625423294, 22.556028736612824 ], [ -103.646226410159827, 22.554693584289147 ], [ -103.622073386011422, 22.563416157742733 ], [ -103.617405203771796, 22.559695885209962 ], [ -103.602884554988918, 22.556927178450284 ], [ -103.60263616609862, 22.552753982590868 ], [ -103.607452060945477, 22.547353541479982 ], [ -103.601412153344981, 22.530360316349086 ], [ -103.598497309599622, 22.525622407068422 ], [ -103.584624312339358, 22.523329350196523 ], [ -103.583836599358804, 22.519604664780051 ], [ -103.592926274821068, 22.504256730222576 ], [ -103.580297753898776, 22.497351618874013 ], [ -103.578986200123396, 22.492359582379841 ], [ -103.582131059484368, 22.487442216788576 ], [ -103.58005358962761, 22.478558057346376 ], [ -103.570865512361621, 22.469774223174468 ], [ -103.573806421039791, 22.462289016103398 ], [ -103.570198030123706, 22.457311927988712 ], [ -103.570973771985578, 22.452317821746973 ], [ -103.568142638257626, 22.446814539709457 ], [ -103.572268316329257, 22.443856417461998 ], [ -103.572440049913695, 22.438714705433242 ], [ -103.567282864900008, 22.438081830048532 ], [ -103.563732294633738, 22.43213910376716 ], [ -103.557952057850727, 22.429021713665939 ], [ -103.560575961987524, 22.423020941656929 ], [ -103.571853634244817, 22.418020541875276 ], [ -103.577273742590464, 22.411388377621474 ], [ -103.594237291647076, 22.407272187316885 ], [ -103.592621954945045, 22.388012417830254 ], [ -103.600727100858307, 22.369679955674275 ], [ -103.602119795583675, 22.360401888244283 ], [ -103.6072498552045, 22.362008326469592 ], [ -103.609705967637751, 22.359727770566519 ], [ -103.609199439068959, 22.352976894897783 ], [ -103.602381900072857, 22.343804205767135 ], [ -103.603989202264941, 22.341404439430416 ], [ -103.611004212730691, 22.338596452636516 ], [ -103.635361310535174, 22.344210523741609 ], [ -103.642197763476702, 22.341276777976834 ], [ -103.637864460730214, 22.336552554629289 ], [ -103.644599164663262, 22.314281553729202 ], [ -103.643890583335562, 22.309477738718368 ], [ -103.639497767060362, 22.3057887096254 ], [ -103.643784064969736, 22.295854735340829 ], [ -103.629705680325586, 22.294575317356866 ], [ -103.618118111551283, 22.281035890427962 ], [ -103.602425494175137, 22.279180806546421 ], [ -103.595021889227894, 22.273322643794593 ], [ -103.605220996829772, 22.270070077379451 ], [ -103.607655862009736, 22.263054495620665 ], [ -103.620033793256141, 22.248089479970027 ], [ -103.630792904308692, 22.239053302648401 ], [ -103.635963445316179, 22.228995243469598 ], [ -103.635774570357341, 22.222225856563284 ], [ -103.639816509241854, 22.217053414128312 ], [ -103.64035695600441, 22.210180239364636 ], [ -103.647249198874917, 22.203436459065525 ], [ -103.649632442886329, 22.192837986296862 ], [ -103.657296772948996, 22.183775462926018 ], [ -103.658845929140227, 22.17586768309279 ], [ -103.653744928147248, 22.171557541283221 ], [ -103.662830023853829, 22.165435680283402 ], [ -103.677500114511986, 22.147349705942812 ], [ -103.683144411944895, 22.135054653296642 ], [ -103.688782781510014, 22.132324708941169 ], [ -103.690521881818285, 22.127377891292117 ], [ -103.694483855283238, 22.129197556981982 ], [ -103.702055858955774, 22.127007651760099 ], [ -103.699511050719295, 22.13010780704202 ], [ -103.705602654685975, 22.131844814930137 ], [ -103.706665956301364, 22.135152111537646 ], [ -103.703587869151676, 22.140153903950658 ], [ -103.704590944751274, 22.145900253100233 ], [ -103.699739064176839, 22.148255996481964 ], [ -103.704056478965839, 22.150530247518695 ], [ -103.708075234183937, 22.15995614780239 ], [ -103.714228703154944, 22.158220351102074 ], [ -103.722805505971152, 22.163098742816885 ], [ -103.725526044821876, 22.166323259909522 ], [ -103.724992628258292, 22.169382421925182 ], [ -103.729547802570934, 22.171573361185533 ], [ -103.731618859167995, 22.170746482115149 ], [ -103.733158533676985, 22.165330854788895 ], [ -103.731680528759156, 22.161031560384266 ], [ -103.734461577442687, 22.15929511722678 ], [ -103.735764274269826, 22.154251524404575 ], [ -103.739787310240956, 22.153383026864034 ], [ -103.739431951517886, 22.155408734050699 ], [ -103.742744574743313, 22.157434051682316 ], [ -103.745584918449282, 22.153547704296848 ], [ -103.7510868953472, 22.152472014242399 ], [ -103.764456841179211, 22.156520573329242 ], [ -103.762267645293576, 22.162432802764844 ], [ -103.765107489696533, 22.16313489976379 ], [ -103.76723736196567, 22.168632643708285 ], [ -103.774337233312181, 22.166274200498567 ], [ -103.772858191995041, 22.169209834051763 ], [ -103.775698340119206, 22.171978787231232 ], [ -103.789661456384593, 22.168335804568873 ], [ -103.790192934418315, 22.161803731964582 ], [ -103.792795952785951, 22.160686447616264 ], [ -103.793800764142432, 22.155435717736886 ], [ -103.800900135150528, 22.155432504765916 ], [ -103.80900411599869, 22.151501046996348 ], [ -103.805689267404603, 22.144557438768665 ], [ -103.807759382759386, 22.143233456905879 ], [ -103.821600292286803, 22.138719454956629 ], [ -103.841240488951243, 22.14007063489958 ], [ -103.83655623368692, 22.118038865698551 ], [ -103.847019847127626, 22.10877057759842 ], [ -103.844826901589173, 22.100503877352129 ], [ -103.839385650173895, 22.099681089310263 ], [ -103.847126051053323, 22.088016837436893 ], [ -103.846467445857357, 22.074085086077652 ], [ -103.845046983397836, 22.071688347552517 ], [ -103.837951360341151, 22.071032192928666 ], [ -103.837122418831356, 22.068800328209495 ], [ -103.823047477856193, 22.061781798528873 ], [ -103.822572169480182, 22.056283638760902 ], [ -103.81955652355164, 22.055045282052422 ], [ -103.816479373895191, 22.047440273314329 ], [ -103.811572571347398, 22.047112429392644 ], [ -103.802463766150723, 22.030250005852608 ], [ -103.807427004109812, 22.024294113451365 ], [ -103.813809387574508, 22.021148456471462 ], [ -103.819071641732037, 22.025610167291401 ], [ -103.823031246171865, 22.024202009876575 ], [ -103.82722201094488, 22.011755257258077 ], [ -103.840639575806691, 22.010905315501969 ], [ -103.847273568519014, 22.014346070385759 ], [ -103.854470994337078, 22.010094864025493 ], [ -103.87427207249722, 22.010728522808279 ], [ -103.882951074630412, 22.004644373508917 ], [ -103.887999699284052, 22.013324355738003 ], [ -103.890502917137226, 22.026041203111415 ], [ -103.893074117317269, 22.027491735112022 ], [ -103.896485872172349, 22.017217252054451 ], [ -103.902887245618729, 22.008766432600055 ], [ -103.906577469482556, 22.007263029973835 ], [ -103.906023431289356, 22.003564070897653 ], [ -103.912981531498033, 21.999601642503269 ], [ -103.912589685047365, 21.992410259392603 ], [ -103.909533645668034, 21.989214890169119 ], [ -103.910763758411719, 21.984556407043723 ], [ -103.927040677513205, 21.972177723078364 ], [ -103.92031996092517, 21.96312796333482 ], [ -103.924195462489365, 21.950897822921043 ], [ -103.921497244320506, 21.947618833790447 ], [ -103.923975056829022, 21.942292572952798 ], [ -103.921851199074553, 21.934480959303404 ], [ -103.927104276518619, 21.936133496143967 ], [ -103.927914075488431, 21.943324083195105 ], [ -103.933048338432769, 21.944976682358394 ], [ -103.936654608339722, 21.951039057203111 ], [ -103.944677061009941, 21.946033589334004 ], [ -103.94065435440848, 21.940180111291436 ], [ -103.941326552110937, 21.931489826620219 ], [ -103.947085442934764, 21.926987765076415 ], [ -103.95025256785965, 21.928643971871281 ], [ -103.961612062331042, 21.923879859915804 ], [ -103.965399928943341, 21.918716274310416 ], [ -103.97094089105164, 21.918412786397365 ], [ -103.975141546906187, 21.912499681515772 ], [ -103.982420086997848, 21.91402106578801 ], [ -103.995806473844794, 21.909790204411905 ], [ -104.006751902360222, 21.917122030731267 ], [ -104.017002481806074, 21.917096233818558 ], [ -104.017966993059986, 21.919089355426568 ], [ -104.013761036860103, 21.92375639016662 ], [ -104.017634300661769, 21.923621835994215 ], [ -104.021524770045602, 21.926605243059793 ], [ -104.018565773907895, 21.930437689905567 ], [ -104.022089182185454, 21.931675892844236 ], [ -104.023363136781541, 21.935705344529364 ], [ -104.029470805707632, 21.940719997963161 ], [ -104.034294272898677, 21.939875809624777 ], [ -104.040891593852379, 21.9470506486491 ], [ -104.052074728310387, 21.9533396191073 ], [ -104.064117281408656, 21.943203322369744 ], [ -104.067897823716635, 21.927103026978358 ], [ -104.072823722270556, 21.923513424329439 ], [ -104.073031808391192, 21.918357495661382 ], [ -104.080816665705086, 21.914551472197161 ], [ -104.084306826328117, 21.91017577010496 ], [ -104.088205016421043, 21.89436550496816 ], [ -104.090468860764688, 21.894275576925541 ], [ -104.092471816898083, 21.890444601379755 ], [ -104.09832817803904, 21.893212416789616 ], [ -104.102358785355989, 21.899478006247271 ], [ -104.103350780851144, 21.896024175679091 ], [ -104.109451566524953, 21.899705523409235 ], [ -104.117483408294603, 21.897601522247314 ], [ -104.128006910107004, 21.903263793504873 ], [ -104.123290853421864, 21.911510956531156 ], [ -104.133386724419907, 21.905865634297271 ], [ -104.139828088623119, 21.906676040820184 ], [ -104.14475260677564, 21.903250491997468 ], [ -104.143825113936899, 21.907328030071994 ], [ -104.153618796202608, 21.919684894407716 ], [ -104.15961622198077, 21.916255281771232 ], [ -104.161636201439691, 21.906103774554179 ], [ -104.169555240808478, 21.895931794034777 ], [ -104.17794445393632, 21.893948287859736 ], [ -104.183864800370671, 21.897087086360525 ], [ -104.193167360697743, 21.889154081498255 ], [ -104.203277421898221, 21.89497943485204 ], [ -104.200829322000416, 21.908290816823072 ], [ -104.190632541794571, 21.915882623431784 ], [ -104.188168080212208, 21.920925863242761 ], [ -104.189487963869425, 21.926523016929718 ], [ -104.17948202302459, 21.938598036732444 ], [ -104.17379597309457, 21.969953415129144 ], [ -104.179138797015696, 21.976352365504496 ], [ -104.19407735793088, 21.985165392859905 ], [ -104.216468654672084, 21.980358267820858 ], [ -104.226832722496226, 21.972203040051248 ], [ -104.245921674535282, 21.966283890492544 ], [ -104.256513448347803, 21.971265430398923 ], [ -104.260493391904461, 21.975436414065065 ], [ -104.269347271461115, 21.976764436533013 ], [ -104.273574974230698, 21.979780921732239 ], [ -104.276387382004586, 21.982452743225107 ], [ -104.276097033768465, 21.98823317254412 ], [ -104.281315514374015, 21.999190729501986 ], [ -104.290307616747896, 21.998536164985957 ], [ -104.297016186417579, 22.001907002143888 ], [ -104.302491003470067, 21.997995018614155 ], [ -104.307293805681041, 21.98994532918859 ], [ -104.316763354177652, 21.988715629204165 ], [ -104.320832685146215, 21.9832195934132 ], [ -104.323787309474227, 21.983330795247202 ], [ -104.326216093932572, 21.976166364630679 ], [ -104.335998030932927, 21.979565241090025 ], [ -104.343491462116745, 21.974431899459432 ], [ -104.358173855635968, 21.971762297881867 ], [ -104.364779034748153, 21.973477006683623 ], [ -104.368578884285895, 21.971529858740144 ], [ -104.371562717386325, 21.975107726004055 ], [ -104.373018610424296, 21.979845793911899 ], [ -104.369716213473211, 21.985917950753677 ], [ -104.368785789848801, 21.998479537607274 ], [ -104.361954351374763, 22.009958227380398 ], [ -104.363702859189445, 22.018258434063316 ], [ -104.369937407402475, 22.020587349772281 ], [ -104.370910013449503, 22.025897197571961 ], [ -104.367411088106095, 22.036351219467896 ], [ -104.369755066359971, 22.044494949578134 ], [ -104.363334786885773, 22.052670494082779 ], [ -104.364979796808768, 22.073627448713484 ], [ -104.36892178823885, 22.07848616702719 ], [ -104.368175721639659, 22.087244638438523 ], [ -104.373185083043111, 22.098820994333405 ], [ -104.368802178567861, 22.105538453772802 ], [ -104.362241033081219, 22.128272902660381 ], [ -104.362671626799326, 22.137462940205143 ], [ -104.359786025530283, 22.139818098514677 ], [ -104.355796171186057, 22.151008790446809 ], [ -104.356317096829756, 22.161772138496119 ], [ -104.354087716742882, 22.167198376041636 ], [ -104.350371876636004, 22.169540618429835 ], [ -104.351872687817092, 22.178498867948424 ], [ -104.348983123607681, 22.181019220520408 ], [ -104.342700805123471, 22.181005286992487 ], [ -104.337024927274186, 22.186874534664113 ], [ -104.337631403463817, 22.192757952823566 ], [ -104.332144623931981, 22.201277392180266 ], [ -104.337813114264463, 22.20252326185544 ], [ -104.342411430309284, 22.210619287525216 ], [ -104.34038685229865, 22.217785841424352 ], [ -104.333650903279533, 22.216523553940473 ], [ -104.330286073558156, 22.219036202839195 ], [ -104.330757565717249, 22.225827592941819 ], [ -104.327352493104613, 22.230573335997743 ], [ -104.328741394825997, 22.24573493564554 ], [ -104.319177559985718, 22.256589866807072 ], [ -104.314424376760527, 22.257094984031674 ], [ -104.31148332815043, 22.262343989587812 ], [ -104.306443496647418, 22.26557456202697 ], [ -104.304047028315154, 22.273479365739387 ], [ -104.300366469484246, 22.273669919016161 ], [ -104.296866091685885, 22.277007035893742 ], [ -104.291014672896381, 22.285684685554457 ], [ -104.2913838347351, 22.291481727085444 ], [ -104.28570580512239, 22.297100811708937 ], [ -104.288299698772221, 22.304504812052002 ], [ -104.29514597572053, 22.31296839885254 ], [ -104.295462793699954, 22.321660199771355 ], [ -104.298326381944506, 22.327330900845823 ], [ -104.294184918029757, 22.326686750723546 ], [ -104.293928044909748, 22.334294014115496 ], [ -104.298666148322241, 22.347853638981462 ], [ -104.293161989865098, 22.343796087463836 ], [ -104.282337846903985, 22.345731159074042 ], [ -104.276222931782598, 22.343509271053257 ], [ -104.266733170833007, 22.343894084830168 ], [ -104.26596918953355, 22.347034451362504 ], [ -104.262762131675203, 22.34530382114438 ], [ -104.255177452046794, 22.348907372441484 ], [ -104.256862321143132, 22.359768955600618 ], [ -104.254993823511143, 22.373402619297568 ], [ -104.25909803930611, 22.378147659225892 ], [ -104.258752292503473, 22.382774474860444 ], [ -104.256978941577103, 22.385792149235527 ], [ -104.253241256569879, 22.38596210627006 ], [ -104.254323674594815, 22.392569831492558 ], [ -104.245079078701423, 22.398240222968226 ], [ -104.245996619922963, 22.411209403068835 ], [ -104.22968295472549, 22.414284896982821 ], [ -104.225775567089002, 22.419080699617748 ], [ -104.221446218621708, 22.420654945987437 ], [ -104.207619566665613, 22.421494996096669 ], [ -104.201734776833547, 22.41633729032651 ], [ -104.199404150459245, 22.407293381381738 ], [ -104.194110916017934, 22.400565236666466 ], [ -104.178189708297353, 22.389425900538686 ], [ -104.166676043574853, 22.386845660989938 ], [ -104.164022623960889, 22.391843849159258 ], [ -104.17892471441624, 22.427650793245125 ], [ -104.170125477307963, 22.440871989615552 ], [ -104.179827402790323, 22.448122693382107 ], [ -104.190742055843671, 22.446833391863045 ], [ -104.189992807049123, 22.454281478971094 ], [ -104.196809502977814, 22.454327569715016 ], [ -104.198095539076036, 22.459062406377576 ], [ -104.195322940040739, 22.464727521586369 ], [ -104.185248253181499, 22.464558801820402 ], [ -104.179182073028613, 22.473359080818977 ], [ -104.179313087127909, 22.479055234047109 ], [ -104.188398195120058, 22.478622105808288 ], [ -104.193513571086925, 22.482173622013168 ], [ -104.204094302691786, 22.483344472507412 ], [ -104.209074464542667, 22.481323015563206 ], [ -104.214562655528567, 22.484305579408808 ], [ -104.201485209600762, 22.4874461371083 ], [ -104.202736509643259, 22.489292367950885 ], [ -104.199939618834847, 22.495781990318306 ], [ -104.190456066960238, 22.507880321437042 ], [ -104.180155580508398, 22.507210607703261 ], [ -104.172262786690183, 22.50940573940073 ], [ -104.170768658038341, 22.507759455078727 ], [ -104.166514602731525, 22.513304396430332 ], [ -104.161959628178977, 22.514922674359397 ], [ -104.157732936417503, 22.511392511028127 ], [ -104.155957748088966, 22.515308114867771 ], [ -104.152275801644464, 22.515462982586548 ], [ -104.148025609605824, 22.520842512167459 ], [ -104.146430028168638, 22.51861591352278 ], [ -104.133631121855657, 22.520190350547473 ], [ -104.126578295114228, 22.515969089616746 ], [ -104.115531992353354, 22.518452778583811 ], [ -104.106758564753122, 22.524293773270344 ], [ -104.104973928699536, 22.530477437100075 ], [ -104.102332864079742, 22.531523963824103 ], [ -104.079310069369726, 22.533740718331465 ], [ -104.076009979420732, 22.531015974344324 ], [ -104.069016144496601, 22.522874748481708 ], [ -104.074167549109291, 22.514215041792308 ], [ -104.069175019793605, 22.509259006990476 ], [ -104.071663840085264, 22.502939184875853 ], [ -104.05455308344203, 22.490590024521644 ], [ -104.055438869241129, 22.483940008201415 ], [ -104.053061521984176, 22.480553042725621 ], [ -104.051092299488715, 22.466385586119586 ], [ -104.061825843170453, 22.451515727623406 ], [ -104.057903889234055, 22.445939764308431 ], [ -104.058079760167388, 22.443048431124492 ], [ -104.063301624116548, 22.441230764665956 ], [ -104.061745690487101, 22.425163302750235 ], [ -104.066435400988169, 22.426608621987956 ], [ -104.071000765683465, 22.421362427200627 ], [ -104.073306298091097, 22.411118503344362 ], [ -104.076447760431904, 22.407028848446643 ], [ -104.075667755864956, 22.397487496669804 ], [ -104.080763204495554, 22.3894734334622 ], [ -104.074349556051814, 22.383154817387798 ], [ -104.077547949798515, 22.377206361700509 ], [ -104.085553787512694, 22.373652548276112 ], [ -104.088525400314538, 22.378938949195007 ], [ -104.092914731517155, 22.377946519799046 ], [ -104.097177947264186, 22.369973388184373 ], [ -104.095156127287225, 22.365430369263969 ], [ -104.096512169983114, 22.35749932901977 ], [ -104.093127804310228, 22.354484980904068 ], [ -104.082513253455872, 22.358122387553962 ], [ -104.075044496286054, 22.364278232372058 ], [ -104.067448395555402, 22.360974835037943 ], [ -104.059861677113091, 22.368988690983201 ], [ -104.048654097634227, 22.375597794661903 ], [ -104.040704011057741, 22.375184483881011 ], [ -104.034590802944876, 22.371012232608841 ], [ -104.029844790878002, 22.370970411243832 ], [ -104.01963648888281, 22.362212237732805 ], [ -104.019872504915725, 22.35973399882408 ], [ -104.013106569794957, 22.352256481276175 ], [ -104.013223582247321, 22.348786913581648 ], [ -104.008534812420478, 22.342177065883359 ], [ -104.009066912551575, 22.338294555637695 ], [ -104.004415113314579, 22.33390364845728 ], [ -104.004467349474481, 22.330770708527798 ], [ -103.990977891726033, 22.318816300378799 ], [ -103.983538219375092, 22.306307275921171 ], [ -103.974471590209106, 22.309384040612635 ], [ -103.971459945861127, 22.315658225010253 ], [ -103.963170083610251, 22.322112159919008 ], [ -103.959448574481613, 22.329748343460672 ], [ -103.95778401602422, 22.327733185290192 ], [ -103.951320695328249, 22.328451763839961 ], [ -103.948405587727976, 22.32363696550156 ], [ -103.943726607214444, 22.327070905891262 ], [ -103.938325733225582, 22.324941918468859 ], [ -103.93429821558091, 22.328002860689196 ], [ -103.923863003980642, 22.329843688417956 ], [ -103.923616398065846, 22.324279643316601 ], [ -103.920172368852448, 22.321732827907795 ], [ -103.922540371597293, 22.319212362636847 ], [ -103.916002202328656, 22.310243079877253 ], [ -103.918482742073678, 22.304136250904794 ], [ -103.91420752363112, 22.300602164011298 ], [ -103.915807585598884, 22.300021047620703 ], [ -103.915794960963723, 22.292312958353136 ], [ -103.913660746475784, 22.292524445619943 ], [ -103.915610328462549, 22.288191432881444 ], [ -103.910204458466382, 22.281733503983482 ], [ -103.913933992667666, 22.278261661497094 ], [ -103.913923974429636, 22.272119909544219 ], [ -103.911787666555014, 22.270847471905526 ], [ -103.917642613081043, 22.2623000987683 ], [ -103.907077358947021, 22.253917836507391 ], [ -103.901063014619737, 22.23624932754181 ], [ -103.896852205481025, 22.234487162241614 ], [ -103.8930513186545, 22.229343869893313 ], [ -103.889732719008919, 22.229557934333265 ], [ -103.88575735517685, 22.226434676551378 ], [ -103.88432711868181, 22.220955812506812 ], [ -103.886338629718182, 22.218601519493344 ], [ -103.88236305437816, 22.215065993031732 ], [ -103.881047465098291, 22.206701440725816 ], [ -103.885715897445039, 22.197869355218252 ], [ -103.880617173330222, 22.1957791668619 ], [ -103.876699947394059, 22.191048011945874 ], [ -103.874376526608756, 22.181861346382615 ], [ -103.862864754353978, 22.167996451016798 ], [ -103.860163124621778, 22.186262856869561 ], [ -103.845020436990751, 22.207400173838046 ], [ -103.848643442379029, 22.214440974916347 ], [ -103.844859986359864, 22.222321936759901 ], [ -103.844942390268059, 22.242354348491201 ], [ -103.851464507917996, 22.244277763131596 ], [ -103.853549450710574, 22.252888110482374 ], [ -103.844844385877678, 22.260243695435225 ], [ -103.842479942826415, 22.266184207207775 ], [ -103.838983601477992, 22.267304383055865 ], [ -103.831351480033405, 22.281829029928968 ], [ -103.831005721205386, 22.291433719810865 ], [ -103.837186542293026, 22.304899760463694 ], [ -103.839454554904904, 22.318414892865654 ], [ -103.846884381029298, 22.33332070580154 ], [ -103.84430164788084, 22.343787835480253 ] ] ] } },
{ "type": "Feature", "properties": { "cve_edo": "14", "cve_mpo_ine": "064", "cve_edo_mpo_ine": "14064", "nom_mpo": "MIXTLAN", "nom_edo": "Jalisco", "alianza_ganadora": "Va por México", "margen_pp": 8.8131089459698853, "por_participacion": 70.452418096723875 }, "geometry": { "type": "Polygon", "coordinates": [ [ [ -104.53080934621849, 20.711541296261373 ], [ -104.525902401096161, 20.700632959188862 ], [ -104.520929686713046, 20.700115311894962 ], [ -104.523826773991132, 20.69507026197677 ], [ -104.514830420588453, 20.681769505520581 ], [ -104.518123244577211, 20.679130256062457 ], [ -104.515809644255043, 20.664157372476399 ], [ -104.510664028581729, 20.663390035808582 ], [ -104.508945834837021, 20.656916735745458 ], [ -104.503024290363996, 20.658798740139947 ], [ -104.497483152074011, 20.655666719096629 ], [ -104.496582006230781, 20.659642095299265 ], [ -104.494966368181906, 20.655738984069153 ], [ -104.491116390315483, 20.653650156087519 ], [ -104.482283192629083, 20.653114949052917 ], [ -104.480401914699755, 20.644775436826137 ], [ -104.488876423425964, 20.626739666193707 ], [ -104.495880521638526, 20.629629441007108 ], [ -104.502977929621153, 20.626591982603905 ], [ -104.500623420390042, 20.618996771959878 ], [ -104.496609945631349, 20.615000686098071 ], [ -104.495369019450422, 20.597171933843445 ], [ -104.48732453429507, 20.592412460324091 ], [ -104.475178812375034, 20.579096159279683 ], [ -104.470214241152632, 20.577913946236663 ], [ -104.464984449166352, 20.572253821697597 ], [ -104.466342682481056, 20.57010438534121 ], [ -104.461048252461012, 20.565521562073634 ], [ -104.462617181508236, 20.55757007096987 ], [ -104.458784503730129, 20.553117969784843 ], [ -104.454646966981073, 20.550736933276781 ], [ -104.45013880056247, 20.551587246096201 ], [ -104.444429995959396, 20.547996870171254 ], [ -104.448596932517219, 20.545570069354007 ], [ -104.4556204922213, 20.534990212366882 ], [ -104.453188298556739, 20.531124513497563 ], [ -104.444884711388539, 20.531211628739634 ], [ -104.444995913922355, 20.522981783682063 ], [ -104.436127315793868, 20.519690241934939 ], [ -104.435439179344385, 20.517531696330703 ], [ -104.428754198796753, 20.521777244395825 ], [ -104.418582302954263, 20.52102208042756 ], [ -104.416992991463289, 20.515673214589761 ], [ -104.414775113506522, 20.518832595504946 ], [ -104.404747481194846, 20.523414797172677 ], [ -104.407605633330562, 20.513386139979232 ], [ -104.404114348758043, 20.515657221415491 ], [ -104.392315293063746, 20.514081038557997 ], [ -104.379687298414396, 20.520116511088155 ], [ -104.373772972198864, 20.513194891338728 ], [ -104.363565743324855, 20.510976569063494 ], [ -104.354256151555575, 20.504129735991452 ], [ -104.350180356414413, 20.51326972176815 ], [ -104.347541841444453, 20.513521604313109 ], [ -104.341902699659812, 20.51120232735769 ], [ -104.337608364703243, 20.502065423536386 ], [ -104.32901147258967, 20.501608798415432 ], [ -104.321112678818849, 20.494532152640289 ], [ -104.322840593356517, 20.48241656660808 ], [ -104.318762384290068, 20.47788179021062 ], [ -104.309910225786552, 20.478746463268894 ], [ -104.304686063066939, 20.476224905960425 ], [ -104.300248019817914, 20.468825297269902 ], [ -104.280522325062648, 20.458878699677019 ], [ -104.272519601036194, 20.478317534716552 ], [ -104.280845980294359, 20.490955162319846 ], [ -104.278153302993104, 20.494354337072235 ], [ -104.279790121906615, 20.497859309686529 ], [ -104.267621270402714, 20.497512263987943 ], [ -104.258793006876459, 20.493568082163385 ], [ -104.254279262849138, 20.49731250412562 ], [ -104.249735343674985, 20.492727710738116 ], [ -104.25102183755294, 20.496144804842867 ], [ -104.245137030254227, 20.494606000408311 ], [ -104.241893940505008, 20.495965942922066 ], [ -104.239516217689129, 20.491372107665519 ], [ -104.225409618126676, 20.48146258060985 ], [ -104.220124034819179, 20.472556427442669 ], [ -104.215338895056348, 20.471779193312255 ], [ -104.213115091891481, 20.468471863813619 ], [ -104.204514760621947, 20.468340542483446 ], [ -104.197517509620639, 20.463633998234819 ], [ -104.197669195188638, 20.461688835166537 ], [ -104.192240998520163, 20.460901111004169 ], [ -104.186925440900708, 20.453816694258208 ], [ -104.204210896725527, 20.445919023730561 ], [ -104.207459696619495, 20.437598590720146 ], [ -104.207247175896313, 20.426490464441802 ], [ -104.214736203305478, 20.423165484412674 ], [ -104.228601697597938, 20.423168925951263 ], [ -104.233604266103441, 20.418147981890435 ], [ -104.245511180763017, 20.429764050797601 ], [ -104.246057327401715, 20.438681073452749 ], [ -104.2516397387556, 20.433958399156161 ], [ -104.24942661982881, 20.426673789431476 ], [ -104.255943587060273, 20.422006443207277 ], [ -104.264583196997989, 20.419732453642034 ], [ -104.27138502645947, 20.412085343150668 ], [ -104.278432442054665, 20.413889131168244 ], [ -104.28268041672257, 20.418593109775887 ], [ -104.307372163939576, 20.421816899958078 ], [ -104.313408875189182, 20.414322619299117 ], [ -104.319816371609036, 20.412510365659699 ], [ -104.317786290716754, 20.408046936844961 ], [ -104.319037713989673, 20.403258590889148 ], [ -104.325533233837064, 20.396226372547467 ], [ -104.325470923633205, 20.389554139428505 ], [ -104.327847945816245, 20.387351218757008 ], [ -104.320089470167432, 20.382679897467099 ], [ -104.327496941912315, 20.37503109449019 ], [ -104.349454648245839, 20.372043144058441 ], [ -104.366702811070468, 20.375855113707239 ], [ -104.383439884810002, 20.371743681420991 ], [ -104.387580938088433, 20.368902076405419 ], [ -104.385678706574382, 20.363695350568761 ], [ -104.390658343407424, 20.356100335372634 ], [ -104.390346501523624, 20.343126055782605 ], [ -104.392376633802542, 20.340585794153828 ], [ -104.398347091029962, 20.340214688166455 ], [ -104.394216563465775, 20.335390823205387 ], [ -104.399390937713207, 20.33364094652142 ], [ -104.409459333089572, 20.336518124635283 ], [ -104.418410277688949, 20.332846670117377 ], [ -104.432487806614276, 20.338439253458851 ], [ -104.437525727420933, 20.34526284317479 ], [ -104.4330466394251, 20.346893704169187 ], [ -104.427531186258904, 20.344037509617085 ], [ -104.422347251962023, 20.345781783291148 ], [ -104.416916610724243, 20.351662456802991 ], [ -104.419304701796364, 20.352443470211806 ], [ -104.419663585864811, 20.35542982294637 ], [ -104.416959706308916, 20.366236773378915 ], [ -104.422682377522349, 20.370711093921866 ], [ -104.426027372578091, 20.377219857001162 ], [ -104.438733139029438, 20.376603803861691 ], [ -104.438454858775316, 20.381573289679082 ], [ -104.432326519716767, 20.382282103622273 ], [ -104.431880542184686, 20.387823379092769 ], [ -104.441914007400641, 20.390373936815823 ], [ -104.461958109742028, 20.407314070470335 ], [ -104.459621840168651, 20.410343416375468 ], [ -104.461720193704906, 20.414473170099502 ], [ -104.455432177761494, 20.419017484733981 ], [ -104.448815439775458, 20.422190426098222 ], [ -104.44072800014861, 20.422236108491557 ], [ -104.447596722839634, 20.424946328662323 ], [ -104.448886651346882, 20.428360414494541 ], [ -104.451572818704449, 20.425460604569452 ], [ -104.45745656006919, 20.424057043378745 ], [ -104.462740354055427, 20.4269502852089 ], [ -104.460828487234593, 20.432594228781422 ], [ -104.465048262246029, 20.439529134129774 ], [ -104.479696043255259, 20.446741007670639 ], [ -104.479650955755915, 20.449431490988093 ], [ -104.473544747324524, 20.453565073709871 ], [ -104.473151439945923, 20.45604343475156 ], [ -104.478168777787218, 20.467916560579631 ], [ -104.472450984990061, 20.469820064204843 ], [ -104.476459140828965, 20.471990331874075 ], [ -104.473146898460882, 20.477241243409122 ], [ -104.48158820292592, 20.491234539191691 ], [ -104.476339146069378, 20.503578306082485 ], [ -104.480681280484646, 20.508440817080597 ], [ -104.485753804703293, 20.50798527196714 ], [ -104.479089421691398, 20.512601896328235 ], [ -104.483639305692279, 20.513135433411815 ], [ -104.485778854898967, 20.515670063105805 ], [ -104.491070767727507, 20.509672591423591 ], [ -104.496465016458984, 20.509668278720554 ], [ -104.500048926456742, 20.505704345261712 ], [ -104.503121213276131, 20.507819009267092 ], [ -104.50315932608585, 20.512580786129618 ], [ -104.516248584126174, 20.511734996905176 ], [ -104.527297615174845, 20.499473385255872 ], [ -104.540163467708339, 20.490714779804016 ], [ -104.562416799335168, 20.484986486152568 ], [ -104.561274588086761, 20.475903239766904 ], [ -104.550683414086606, 20.463953306153957 ], [ -104.560161730805248, 20.454192703421612 ], [ -104.574852466292825, 20.455476665095759 ], [ -104.580661438249976, 20.469635145053768 ], [ -104.585262538511884, 20.471480022853132 ], [ -104.600695473838059, 20.470453684887179 ], [ -104.61459129490477, 20.466547930516985 ], [ -104.616201800510638, 20.486940132947048 ], [ -104.614338144356154, 20.489853874962659 ], [ -104.640125007171221, 20.505279639408155 ], [ -104.643548927032924, 20.503794660715055 ], [ -104.648744494453751, 20.505231968194241 ], [ -104.650844649849759, 20.509649261642846 ], [ -104.649443192820513, 20.513025102832483 ], [ -104.640188864044447, 20.516127860305229 ], [ -104.638306240489214, 20.520618185667715 ], [ -104.626307407901379, 20.523147028372364 ], [ -104.616416947728339, 20.536459689949112 ], [ -104.611044954013408, 20.534948470810257 ], [ -104.610470172526433, 20.532998240478772 ], [ -104.61179094366382, 20.537728322449876 ], [ -104.620198519670268, 20.540286434636037 ], [ -104.623945924388437, 20.550952361332669 ], [ -104.618934912539814, 20.558893409274134 ], [ -104.607560801169967, 20.553008600143503 ], [ -104.601550808482259, 20.561691672167811 ], [ -104.600106400018618, 20.569562076915446 ], [ -104.604649984791877, 20.573143202083504 ], [ -104.602757389009966, 20.577198555614878 ], [ -104.604877718400886, 20.58570354790681 ], [ -104.609936872710804, 20.591524715318553 ], [ -104.617131759379689, 20.591550188865263 ], [ -104.616710088207512, 20.593952836956465 ], [ -104.619113458198129, 20.592966472085614 ], [ -104.620854300911915, 20.595749759100126 ], [ -104.623020139509123, 20.595467168780385 ], [ -104.629887563255153, 20.602537570429824 ], [ -104.623133628225744, 20.607778375850049 ], [ -104.617866623038637, 20.608132987796495 ], [ -104.611398615529055, 20.614534941341599 ], [ -104.610551756495965, 20.619961934937386 ], [ -104.606784559424398, 20.624383674345733 ], [ -104.608230850222569, 20.627580528315058 ], [ -104.605349174539015, 20.630430279300946 ], [ -104.609817444380965, 20.637658627133472 ], [ -104.603202737344375, 20.638173768136898 ], [ -104.600639576178239, 20.635967645427936 ], [ -104.597092352632799, 20.642959869057051 ], [ -104.59665313066823, 20.64863695315438 ], [ -104.599406648130611, 20.648025208330147 ], [ -104.601118920662941, 20.65636290598114 ], [ -104.589971836477233, 20.661710740028742 ], [ -104.588076404395622, 20.666014562486446 ], [ -104.579987828374229, 20.668305697678324 ], [ -104.578741124596462, 20.671617034168172 ], [ -104.58100221213688, 20.675646150751437 ], [ -104.573448629489974, 20.687182312840079 ], [ -104.544694508381895, 20.710863384180957 ], [ -104.53080934621849, 20.711541296261373 ] ] ] } },
{ "type": "Feature", "properties": { "cve_edo": "14", "cve_mpo_ine": "065", "cve_edo_mpo_ine": "14065", "nom_mpo": "OCOTLAN", "nom_edo": "Jalisco", "alianza_ganadora": "Juntos Haremos Historia", "margen_pp": 10.847421470854888, "por_participacion": 47.750741688630839 }, "geometry": { "type": "Polygon", "coordinates": [ [ [ -102.727917580926288, 20.425561499974791 ], [ -102.725749860279606, 20.429787814842047 ], [ -102.716614553627707, 20.436367096295857 ], [ -102.709530744805264, 20.43681216758867 ], [ -102.694009958689833, 20.447900203853315 ], [ -102.695755432468445, 20.466148723381458 ], [ -102.6807062108129, 20.467118743262432 ], [ -102.681224797906083, 20.479559998470982 ], [ -102.66512848606655, 20.483141351639119 ], [ -102.656878400802455, 20.467087600529627 ], [ -102.651939910153644, 20.46858366962401 ], [ -102.653770612804095, 20.467016052748818 ], [ -102.651541191428635, 20.466485262190776 ], [ -102.654470279484514, 20.465438245199326 ], [ -102.646526650825763, 20.453942715616819 ], [ -102.641602086245285, 20.454084696743358 ], [ -102.626680876831088, 20.466863972755412 ], [ -102.621199375598607, 20.457909899097917 ], [ -102.61034904352293, 20.452825202068272 ], [ -102.604258937683724, 20.456328004407801 ], [ -102.596088391855673, 20.446571462441064 ], [ -102.597017483388598, 20.442298387068533 ], [ -102.603218264206319, 20.43585213221872 ], [ -102.602500671980337, 20.429221514395522 ], [ -102.609689320532382, 20.419082271275119 ], [ -102.623319497222582, 20.410890784263017 ], [ -102.625570881631745, 20.404987859701063 ], [ -102.63017804595377, 20.404729333650025 ], [ -102.635198391198173, 20.396560110136665 ], [ -102.645110107387637, 20.387673451076942 ], [ -102.649119559303855, 20.377659890348941 ], [ -102.653084157067497, 20.377663763749037 ], [ -102.654308080314493, 20.375296485969372 ], [ -102.659201913169255, 20.377373072302596 ], [ -102.661877130724932, 20.372665465570911 ], [ -102.669083559352018, 20.376269863998896 ], [ -102.679918174115855, 20.376450371736777 ], [ -102.678584058894899, 20.373964969235811 ], [ -102.674369820558823, 20.373061203336633 ], [ -102.67342747495448, 20.368394790452243 ], [ -102.679386183469575, 20.36079351211847 ], [ -102.688864620854176, 20.354558957476051 ], [ -102.723472316765822, 20.351343177955076 ], [ -102.726854715469472, 20.343315513402192 ], [ -102.736369865513993, 20.335836694739768 ], [ -102.7463994864097, 20.319825412751193 ], [ -102.757956829534422, 20.308638131773005 ], [ -102.744234671827058, 20.299611970120079 ], [ -102.744457616468878, 20.291000537029429 ], [ -102.76620608661942, 20.294716699993661 ], [ -102.774435395098877, 20.302978939802468 ], [ -102.782511857571706, 20.316540023207541 ], [ -102.790749902252756, 20.318089863975331 ], [ -102.786011121662725, 20.323914363585754 ], [ -102.784572979935476, 20.336585898612249 ], [ -102.778380989770397, 20.342496751971517 ], [ -102.780543869255652, 20.348715737667565 ], [ -102.784173472979987, 20.350855932749482 ], [ -102.787524938800189, 20.357336370267564 ], [ -102.790639964281809, 20.368094912284548 ], [ -102.794814072569594, 20.372694911108795 ], [ -102.81077552737672, 20.382438585031668 ], [ -102.823698916225851, 20.38725443122059 ], [ -102.834343006034715, 20.387351165210045 ], [ -102.844693871851248, 20.392492834449865 ], [ -102.875294064472584, 20.386187092600515 ], [ -102.876435256679002, 20.399128839798863 ], [ -102.879843042940024, 20.401434980937886 ], [ -102.869574564971828, 20.40502141570758 ], [ -102.869892091026671, 20.408701382801421 ], [ -102.86260113662685, 20.411617212323925 ], [ -102.860441071666671, 20.412202323423163 ], [ -102.860663540808559, 20.410505997594729 ], [ -102.848811079192686, 20.413558155084235 ], [ -102.848892830135824, 20.417032087054253 ], [ -102.827118993307423, 20.414691786686273 ], [ -102.821009419054775, 20.410613058188147 ], [ -102.807785160899911, 20.409736811889946 ], [ -102.806842912025459, 20.417845885503855 ], [ -102.80233242213491, 20.416823130583715 ], [ -102.800152790254558, 20.423570380378891 ], [ -102.794152294349033, 20.427431747005208 ], [ -102.789992954689637, 20.435714161922188 ], [ -102.789817459936273, 20.444938179055182 ], [ -102.784856967544584, 20.446894208254673 ], [ -102.775078970747515, 20.44567667553045 ], [ -102.768772058156998, 20.447552722064543 ], [ -102.764601538522101, 20.444873797567748 ], [ -102.765453512102837, 20.44073560096848 ], [ -102.75864519547828, 20.437205013407247 ], [ -102.758413436746949, 20.431865360938492 ], [ -102.754433434800347, 20.429621012441118 ], [ -102.755252205943535, 20.432690505402025 ], [ -102.751856431054392, 20.434842165497194 ], [ -102.755075695971996, 20.436422116194866 ], [ -102.751621048330648, 20.439568868255645 ], [ -102.752322594389184, 20.443343121777744 ], [ -102.744653397460112, 20.443788882825139 ], [ -102.739092841359266, 20.440712707245179 ], [ -102.739211539218431, 20.435944334188903 ], [ -102.727917580926288, 20.425561499974791 ] ] ] } },
{ "type": "Feature", "properties": { "cve_edo": "14", "cve_mpo_ine": "066", "cve_edo_mpo_ine": "14066", "nom_mpo": "OJUELOS DE JALISCO", "nom_edo": "Jalisco", "alianza_ganadora": "Movimiento Ciudadano", "margen_pp": 8.6608442503639012, "por_participacion": 63.924816227784497 }, "geometry": { "type": "Polygon", "coordinates": [ [ [ -101.848458066774725, 21.938524517275905 ], [ -101.845069471175293, 21.944900901547399 ], [ -101.857622187888623, 21.944590461141797 ], [ -101.865608031971547, 21.948449754957171 ], [ -101.866984739494811, 21.946192145629588 ], [ -101.872481163363588, 21.947473682550367 ], [ -101.880077124363495, 21.94493559600679 ], [ -101.885835939931184, 21.939165144879375 ], [ -101.882804727974758, 21.937697403174571 ], [ -101.885898019989483, 21.934091966029943 ], [ -101.890021108762696, 21.951779295447256 ], [ -101.897980736140283, 21.960334105142518 ], [ -101.896282087511878, 21.965165932317699 ], [ -101.899561879965717, 21.983195617005759 ], [ -101.897977440273664, 21.985639157875095 ], [ -101.901137859995259, 21.988664907637038 ], [ -101.901619085384354, 21.985665199110294 ], [ -101.909624779259659, 21.990016574992062 ], [ -101.913776911346417, 21.999994235334082 ], [ -101.909891016325716, 21.996244761094783 ], [ -101.894992260722603, 21.990199867533164 ], [ -101.889681816065675, 21.97864424699916 ], [ -101.869515474626752, 21.984801072924135 ], [ -101.858723540236525, 22.023902720921193 ], [ -101.860921681353688, 22.02551078233035 ], [ -101.857685358836065, 22.029141940413734 ], [ -101.842522115345446, 22.029771927609364 ], [ -101.838148223022046, 22.025721855584404 ], [ -101.819401041549767, 22.019539695697532 ], [ -101.812400394864866, 22.012927750667153 ], [ -101.799413453351747, 22.011514232916831 ], [ -101.784467717873284, 22.001431419498974 ], [ -101.774307336330054, 22.00085548888503 ], [ -101.752370526112898, 22.007858331840271 ], [ -101.733622974869746, 21.991118312676885 ], [ -101.731933147701227, 21.994652800266834 ], [ -101.727820376658116, 21.992225781465354 ], [ -101.726025372581418, 21.994438995260438 ], [ -101.700054352265994, 21.979616295511082 ], [ -101.705554198009523, 21.971478646445494 ], [ -101.676998607210763, 21.958609648911747 ], [ -101.670216540100824, 21.947139006459516 ], [ -101.662173630087835, 21.943157044287002 ], [ -101.652348502918116, 21.921869151779102 ], [ -101.648963774712144, 21.920387979562634 ], [ -101.650613590234158, 21.9072081140954 ], [ -101.64178745874527, 21.910559747544024 ], [ -101.636537305539505, 21.908209841586455 ], [ -101.631664321782324, 21.909420494679551 ], [ -101.621351497512421, 21.919758599000804 ], [ -101.616817281944989, 21.930311000486036 ], [ -101.609578332593969, 21.918497567353164 ], [ -101.602071114982365, 21.916673010648914 ], [ -101.598787451412349, 21.911475958053398 ], [ -101.595281222979736, 21.910156171220024 ], [ -101.5935158660361, 21.909950296714467 ], [ -101.590654782757383, 21.91533625939574 ], [ -101.583263846849817, 21.913596167011036 ], [ -101.581232059244527, 21.923213882523946 ], [ -101.573881289307494, 21.919987400234898 ], [ -101.57078427752954, 21.920989465626398 ], [ -101.562848041992325, 21.856870455902726 ], [ -101.5659729868309, 21.841743835380811 ], [ -101.568621131471673, 21.839822648310705 ], [ -101.558207165509486, 21.823556325592801 ], [ -101.563111785911246, 21.816731298791417 ], [ -101.554687305128823, 21.805467191369079 ], [ -101.536473493115835, 21.811486596475802 ], [ -101.532974858511622, 21.810000761771789 ], [ -101.523103736986513, 21.817204228867325 ], [ -101.512923912195959, 21.796675766752657 ], [ -101.538165943696086, 21.777867293146386 ], [ -101.544896057810732, 21.787115549086995 ], [ -101.553316515080809, 21.78461851083355 ], [ -101.557547410584931, 21.78725211617845 ], [ -101.564278631588877, 21.779976175924897 ], [ -101.567785815171973, 21.779080965836645 ], [ -101.572764693257383, 21.781845784420735 ], [ -101.578278537007051, 21.781229900031079 ], [ -101.582672455221982, 21.787603638376083 ], [ -101.586646455788511, 21.786311144599445 ], [ -101.590712328918329, 21.787745053994175 ], [ -101.591173459061153, 21.778166928869457 ], [ -101.588016791502525, 21.779316118265506 ], [ -101.58561927805475, 21.777749401981985 ], [ -101.583551158048678, 21.7645329758282 ], [ -101.605407566814293, 21.766403079531827 ], [ -101.609229802793536, 21.734679524522221 ], [ -101.605782262651246, 21.735618029170293 ], [ -101.597550280772339, 21.732886404682272 ], [ -101.59347273961599, 21.735963991177542 ], [ -101.566738723844736, 21.736307554991644 ], [ -101.556399528539899, 21.736084048505557 ], [ -101.555977691782957, 21.733564422530652 ], [ -101.558943122329708, 21.719218968184276 ], [ -101.563939098429728, 21.711728068595551 ], [ -101.566733371841892, 21.699490348997614 ], [ -101.570441851112761, 21.695803933641876 ], [ -101.569950235433069, 21.690102774138431 ], [ -101.572601816448511, 21.688319624911529 ], [ -101.578226759368803, 21.675248586246322 ], [ -101.584760475755076, 21.669158453123334 ], [ -101.581678960372003, 21.665942956217926 ], [ -101.58449646728306, 21.661060190159397 ], [ -101.582945763428953, 21.65651866782725 ], [ -101.588713549117344, 21.651174106789647 ], [ -101.593451824175474, 21.638518167483372 ], [ -101.596102489555804, 21.636817395440698 ], [ -101.595263193405231, 21.633141942979204 ], [ -101.589289621922646, 21.629892392393788 ], [ -101.582097947344622, 21.615488809668207 ], [ -101.582135213887369, 21.609042601188033 ], [ -101.58744254700305, 21.607624850911993 ], [ -101.593828422033241, 21.610914870435465 ], [ -101.596879434766336, 21.605659543897104 ], [ -101.596209436499137, 21.599669675168581 ], [ -101.608666590388111, 21.584143077031907 ], [ -101.611323030562019, 21.584384219562327 ], [ -101.61217515675969, 21.575084903915638 ], [ -101.606743590057789, 21.574313623877327 ], [ -101.606768545822803, 21.564112128254102 ], [ -101.609034935914551, 21.562907010066994 ], [ -101.607402357690248, 21.561683351957964 ], [ -101.609156140139604, 21.559395753192508 ], [ -101.616392436004816, 21.557770739080414 ], [ -101.616266994167077, 21.554834315764232 ], [ -101.620695734771942, 21.551595518171226 ], [ -101.621455351737467, 21.548713929705265 ], [ -101.618678005141859, 21.545406354036619 ], [ -101.621183869535116, 21.543998024874838 ], [ -101.619875734588902, 21.541126203025527 ], [ -101.62313923254213, 21.53704873513659 ], [ -101.630558198565197, 21.544067440967996 ], [ -101.639958794272118, 21.541830124906035 ], [ -101.639518813292028, 21.544517116805007 ], [ -101.643449831759668, 21.54657922212056 ], [ -101.642421351389373, 21.549136999265066 ], [ -101.657318682137316, 21.551706349691564 ], [ -101.658837680476367, 21.559087886004871 ], [ -101.678049888315243, 21.554944235239244 ], [ -101.674769646773257, 21.56456241884554 ], [ -101.680212662144442, 21.568954716492172 ], [ -101.674195080899594, 21.574948366231961 ], [ -101.674428630469251, 21.581159943789906 ], [ -101.683683934104764, 21.599907789549441 ], [ -101.681411657272264, 21.602952203284925 ], [ -101.683347147691734, 21.610130193377838 ], [ -101.68163639509396, 21.610074469821868 ], [ -101.681605733727778, 21.613179030225719 ], [ -101.693893797683629, 21.623838051844764 ], [ -101.694312725073274, 21.629264665367838 ], [ -101.70401324131366, 21.627068170943016 ], [ -101.716262572456344, 21.629818390849021 ], [ -101.734686614717319, 21.641187397242735 ], [ -101.739706536609418, 21.647106619845943 ], [ -101.732257264980845, 21.660666726991362 ], [ -101.750142545432936, 21.673354997393929 ], [ -101.76273532427021, 21.677802481804473 ], [ -101.772256222455212, 21.67618043349465 ], [ -101.772585374139169, 21.67887405255259 ], [ -101.783013845706364, 21.687650107200618 ], [ -101.7897781304885, 21.696893927387009 ], [ -101.802857159320524, 21.70668327677873 ], [ -101.822664597506801, 21.730268552838428 ], [ -101.821044852157726, 21.733030113385475 ], [ -101.80153120132934, 21.728946854192987 ], [ -101.794447050736267, 21.745791899439062 ], [ -101.785228993287703, 21.745924621913773 ], [ -101.786686919283042, 21.747802742030267 ], [ -101.801675524200093, 21.749624149176732 ], [ -101.807552184931694, 21.758670987343262 ], [ -101.81432807839181, 21.760591375787858 ], [ -101.825100473590794, 21.752796698030142 ], [ -101.832418568093402, 21.759656064393422 ], [ -101.847581533435374, 21.762014042599173 ], [ -101.838252416783291, 21.767291595020232 ], [ -101.830659646285355, 21.776190473362444 ], [ -101.82672812432952, 21.785283766361122 ], [ -101.833836786399758, 21.789570182449932 ], [ -101.843283772963488, 21.790515179253575 ], [ -101.856913904519885, 21.800534662362494 ], [ -101.863300163160872, 21.830121281591762 ], [ -101.870796518646117, 21.834949985279227 ], [ -101.87212420475997, 21.841630486012214 ], [ -101.882773014086908, 21.84779332778799 ], [ -101.890073726227669, 21.846897262618501 ], [ -101.905522492496601, 21.849792724941672 ], [ -101.91824041335849, 21.852681213976435 ], [ -101.924133646941129, 21.856674982503122 ], [ -101.932093464802861, 21.857271574314264 ], [ -101.928668768752914, 21.862698229667828 ], [ -101.93365598082535, 21.86462495643983 ], [ -101.932924264024592, 21.873490668638684 ], [ -101.926673151218949, 21.885962606517175 ], [ -101.943554347072549, 21.889272727574568 ], [ -101.944330336123429, 21.891741479983747 ], [ -101.896078033168152, 21.907292995684717 ], [ -101.894160326965491, 21.909952828465837 ], [ -101.884497193783233, 21.912945076420709 ], [ -101.885127132545961, 21.918666439745746 ], [ -101.883515612818528, 21.922378267040425 ], [ -101.878744561394555, 21.921828597943872 ], [ -101.879073911415645, 21.926847500066408 ], [ -101.867282040722671, 21.926038530814022 ], [ -101.867665057345036, 21.933494156342558 ], [ -101.871936772304593, 21.937411352156431 ], [ -101.870381078878111, 21.938876396779079 ], [ -101.861514122017681, 21.936665133477341 ], [ -101.848458066774725, 21.938524517275905 ] ] ] } },
{ "type": "Feature", "properties": { "cve_edo": "14", "cve_mpo_ine": "067", "cve_edo_mpo_ine": "14067", "nom_mpo": "PIHUAMO", "nom_edo": "Jalisco", "alianza_ganadora": "Va por México", "margen_pp": 1.6776075857038657, "por_participacion": 61.253211214118174 }, "geometry": { "type": "Polygon", "coordinates": [ [ [ -103.413882733678719, 19.281280642455229 ], [ -103.405959044246998, 19.279648660707611 ], [ -103.403191228351233, 19.281631277864953 ], [ -103.398233990007611, 19.279214091166331 ], [ -103.395517870861582, 19.283886441690303 ], [ -103.39274544546565, 19.282598898553914 ], [ -103.392081125819246, 19.287574922629755 ], [ -103.388418377352423, 19.291680263866041 ], [ -103.391479583373979, 19.295820140931554 ], [ -103.394627134857174, 19.295322812990239 ], [ -103.394933382713333, 19.299085483669145 ], [ -103.398236146905433, 19.300572890991742 ], [ -103.39543728856404, 19.304004516653237 ], [ -103.395072795441095, 19.312412147794529 ], [ -103.392467720099319, 19.313771472243733 ], [ -103.394730575099871, 19.334147961087208 ], [ -103.388316737356263, 19.33208095525627 ], [ -103.38670432814385, 19.342533331884031 ], [ -103.381292628779192, 19.334781971698892 ], [ -103.380388222973494, 19.339471312034089 ], [ -103.376373879525346, 19.340559279394778 ], [ -103.370084049302051, 19.341925547015808 ], [ -103.363366944490252, 19.339282178397234 ], [ -103.361655146834622, 19.335372450632917 ], [ -103.363301937310737, 19.329721454935807 ], [ -103.356350031455833, 19.326998184076899 ], [ -103.34648412834818, 19.3340398577987 ], [ -103.337066166859842, 19.333872963667034 ], [ -103.327768235850883, 19.336973943627665 ], [ -103.323004265929612, 19.357317321993591 ], [ -103.311867373955579, 19.359116596966722 ], [ -103.305830925894256, 19.367844821498515 ], [ -103.289291292530848, 19.368511536309121 ], [ -103.285809573377662, 19.373150164776249 ], [ -103.280589690016015, 19.375534307182278 ], [ -103.279437293721529, 19.373313858241836 ], [ -103.272951126400201, 19.373644327291665 ], [ -103.271418292574225, 19.363481783579534 ], [ -103.270276023643291, 19.361799233365318 ], [ -103.266090517992581, 19.363176547731065 ], [ -103.262502803697544, 19.343023547925682 ], [ -103.27205958876128, 19.341205853809956 ], [ -103.27463827608571, 19.332025976878914 ], [ -103.272046137496929, 19.330982674833688 ], [ -103.268501169966399, 19.322666741260871 ], [ -103.27477319502924, 19.320352234252415 ], [ -103.273378200374836, 19.317638170070424 ], [ -103.275679656168876, 19.315622247047617 ], [ -103.280059155441194, 19.315318271438031 ], [ -103.281596261117215, 19.306772295726635 ], [ -103.285864043729092, 19.303613633504369 ], [ -103.281313467934993, 19.300981233926997 ], [ -103.278070959350927, 19.302678097301936 ], [ -103.269374840581762, 19.297159364207381 ], [ -103.272773059059801, 19.290107875741395 ], [ -103.264157159189466, 19.283690814890029 ], [ -103.263899382053751, 19.279223938886194 ], [ -103.272053632543333, 19.277630580586063 ], [ -103.274502648084422, 19.267831340460351 ], [ -103.271077038296582, 19.25959677325412 ], [ -103.281015604974471, 19.256572970488659 ], [ -103.281000294846365, 19.252599662743499 ], [ -103.284756865723551, 19.250316608702786 ], [ -103.272560979043803, 19.235571437789915 ], [ -103.274390881671806, 19.230250158225513 ], [ -103.279748283036298, 19.22608419039404 ], [ -103.271069486434243, 19.211832211917656 ], [ -103.271875221694401, 19.208014018580851 ], [ -103.268846204031604, 19.205362162381583 ], [ -103.271797299954102, 19.197501776392631 ], [ -103.270998353022335, 19.189068244171633 ], [ -103.26806178601791, 19.188236414288088 ], [ -103.265560662392474, 19.19199336458238 ], [ -103.263302614569483, 19.183619752867401 ], [ -103.256802194688689, 19.185937250952026 ], [ -103.256501796063873, 19.179153023236363 ], [ -103.24712872729863, 19.177740022464235 ], [ -103.241891739226318, 19.169321014898809 ], [ -103.244158011480522, 19.168671621352384 ], [ -103.244983488504232, 19.159555363645612 ], [ -103.237580567736146, 19.163580621060422 ], [ -103.239286312027559, 19.164221418790639 ], [ -103.226998113816833, 19.163051068690859 ], [ -103.230418894752916, 19.155268325882602 ], [ -103.228582989785892, 19.15069704434368 ], [ -103.22964678325323, 19.140570102419318 ], [ -103.228438091204964, 19.136258669128676 ], [ -103.222495965613987, 19.130237085642761 ], [ -103.223059232656183, 19.127682411859915 ], [ -103.227075707656581, 19.130664598072116 ], [ -103.233682891156278, 19.127728718084114 ], [ -103.240154257552192, 19.111363472532272 ], [ -103.245804458696057, 19.10647370930382 ], [ -103.236640968354536, 19.09496018997887 ], [ -103.232596602970588, 19.097431527058273 ], [ -103.231572959711173, 19.096097049182013 ], [ -103.234664134738381, 19.091507132282885 ], [ -103.234798386570148, 19.083039112363384 ], [ -103.221108336633961, 19.075271196830371 ], [ -103.224218400806649, 19.069483527656431 ], [ -103.2291761231035, 19.067932327598108 ], [ -103.22421359194081, 19.066136935851684 ], [ -103.224281250268476, 19.061882286663156 ], [ -103.221386044467351, 19.061475302880432 ], [ -103.219874703184175, 19.057986462213758 ], [ -103.223042232591894, 19.048563737825102 ], [ -103.211037284842746, 19.037221297915934 ], [ -103.210646379735465, 19.032630552007838 ], [ -103.207172271262507, 19.032175006435541 ], [ -103.205411304795646, 19.03706998199258 ], [ -103.199640184490391, 19.038734573101905 ], [ -103.19815971434889, 19.044211302328861 ], [ -103.195604379396357, 19.04434519975737 ], [ -103.192349736945388, 19.037446949360891 ], [ -103.193868797302343, 19.02957448503529 ], [ -103.185441129312835, 19.023273564871946 ], [ -103.157831459504933, 19.019254208589516 ], [ -103.150327871912936, 19.020441193617582 ], [ -103.145972672172022, 19.024228841601584 ], [ -103.137353380619771, 19.022674564599949 ], [ -103.134287573202073, 19.025651860508408 ], [ -103.129257691244732, 19.02104388239373 ], [ -103.128339956669365, 19.013347933090923 ], [ -103.125312744070996, 19.010459024810686 ], [ -103.122229825813747, 19.010957088899961 ], [ -103.11937394982472, 19.004723859292888 ], [ -103.116542220862257, 19.004068238846628 ], [ -103.114591409397036, 18.99925109823451 ], [ -103.108670358506814, 18.99599467238437 ], [ -103.10744505749112, 18.992921874557862 ], [ -103.103118747729155, 18.99146207176528 ], [ -103.101530296545889, 18.992805139964904 ], [ -103.100854502279134, 18.988086788920789 ], [ -103.092712417903513, 18.992857601937754 ], [ -103.090556584114324, 18.986467735312456 ], [ -103.087791565661277, 18.985316802051784 ], [ -103.078557117254448, 18.989494563774191 ], [ -103.087197381586208, 18.97026379359351 ], [ -103.090991426400791, 18.971932637357781 ], [ -103.090968036766682, 18.967065209106515 ], [ -103.095518408149374, 18.961997080583799 ], [ -103.097975192490452, 18.959934335447649 ], [ -103.103483144675337, 18.960171485898371 ], [ -103.112801005036033, 18.942358213979553 ], [ -103.119309758241911, 18.940144217863679 ], [ -103.124991026493888, 18.933530168453419 ], [ -103.143564122529014, 18.928882832882859 ], [ -103.157492552946195, 18.920270927748515 ], [ -103.169463394896326, 18.925964191040428 ], [ -103.174553562721158, 18.935693903966119 ], [ -103.179201670196861, 18.936521211156816 ], [ -103.17741597935678, 18.940470692913472 ], [ -103.186896170345889, 18.942699282747736 ], [ -103.1847544435456, 18.956224693139852 ], [ -103.187778728890535, 18.956914786019816 ], [ -103.193861811176546, 18.953591896141408 ], [ -103.19998037783219, 18.955671732058249 ], [ -103.200915592428331, 18.959491531662554 ], [ -103.206159278275194, 18.961215103245678 ], [ -103.203677607993598, 18.961753326548557 ], [ -103.205469784280965, 18.981521054610287 ], [ -103.203662715403524, 18.990874600819982 ], [ -103.206397959187115, 18.998210191740537 ], [ -103.212219349153628, 18.999758276980412 ], [ -103.213664376887337, 19.002867775904804 ], [ -103.218411482593979, 19.002619565385569 ], [ -103.225640749762192, 19.011731894868522 ], [ -103.227357771652819, 19.01710500823301 ], [ -103.223931963677259, 19.023311087136623 ], [ -103.228957620520433, 19.022397655924273 ], [ -103.231252206330211, 19.017778834372141 ], [ -103.235046797068108, 19.019361756130216 ], [ -103.240157125765208, 19.013414515818582 ], [ -103.244648559904277, 19.011808979505954 ], [ -103.247925369520843, 19.013607028875551 ], [ -103.254182437160537, 19.010278916066945 ], [ -103.256537574454612, 19.012381872982811 ], [ -103.260759675928952, 19.002160481259335 ], [ -103.266736761738784, 19.002672827771772 ], [ -103.277112455234246, 18.996424820309141 ], [ -103.281854869834007, 18.999185944109307 ], [ -103.287048332562648, 18.991545296016721 ], [ -103.289466572403839, 18.993935384278416 ], [ -103.299573622011692, 18.992789957463128 ], [ -103.305135573951475, 18.985707104534871 ], [ -103.333517144063649, 18.973268876342512 ], [ -103.34554448579928, 18.979604499867719 ], [ -103.354153708563331, 18.978008783615806 ], [ -103.35691022404481, 18.979858156171804 ], [ -103.36445835996291, 18.975522894196196 ], [ -103.367557375570442, 18.977747858006264 ], [ -103.373035131981325, 18.976074443154211 ], [ -103.374791060372019, 18.978903891356119 ], [ -103.380453964812673, 18.980372522132068 ], [ -103.385542938194689, 18.977537448744609 ], [ -103.385147209638831, 18.972946683201478 ], [ -103.388861167243235, 18.968939145215828 ], [ -103.392911656385806, 18.969604259543221 ], [ -103.395537349687075, 18.966786114121884 ], [ -103.400653209832399, 18.966368716458184 ], [ -103.407172682938253, 18.971133424946334 ], [ -103.412051480621486, 18.967937726499297 ], [ -103.41683070003225, 18.974942140961875 ], [ -103.415208103244865, 18.978218846910572 ], [ -103.418522633663628, 18.978382537625098 ], [ -103.419283476518473, 18.981325964562394 ], [ -103.440743023506727, 18.983549324861325 ], [ -103.463465727481207, 18.977559517438291 ], [ -103.467961480271242, 18.987091509296139 ], [ -103.472679770878344, 18.991357502254072 ], [ -103.472740500347939, 18.984900280533061 ], [ -103.477507442105747, 18.984207744241786 ], [ -103.479436343776115, 18.979146120151015 ], [ -103.484475986984734, 18.979654586544157 ], [ -103.481748063870981, 18.975700032195178 ], [ -103.48252147610863, 18.970295428706144 ], [ -103.487490490066477, 18.971670757892614 ], [ -103.488532452815122, 18.96589594880237 ], [ -103.490116208066084, 18.969091488522185 ], [ -103.494508434792962, 18.970166806736636 ], [ -103.495764177417456, 18.97244948685281 ], [ -103.49013657414929, 18.981021062163911 ], [ -103.492514811302556, 18.987772895146179 ], [ -103.490997755142004, 18.996426292995984 ], [ -103.4937525497878, 19.006814306227852 ], [ -103.498574559393163, 19.012228027759321 ], [ -103.494149202364753, 19.015156383186902 ], [ -103.493333848291698, 19.022949862831275 ], [ -103.488713786373339, 19.028435365320473 ], [ -103.490880344443468, 19.032749730377393 ], [ -103.496653488755882, 19.035200933080834 ], [ -103.496883726192053, 19.042633235181448 ], [ -103.501294382357941, 19.048909707428592 ], [ -103.505865169694644, 19.049656409831233 ], [ -103.509703220804184, 19.058017198218057 ], [ -103.517259558396475, 19.061319953933413 ], [ -103.522696147354679, 19.066790095083526 ], [ -103.522018991432248, 19.073642070895939 ], [ -103.525882115669631, 19.079591417838603 ], [ -103.522690292478742, 19.091871172964641 ], [ -103.517490193874579, 19.098344889113783 ], [ -103.521033548817272, 19.102517034673859 ], [ -103.520664082699199, 19.112626536544273 ], [ -103.52330124902025, 19.116284745471596 ], [ -103.519182624153231, 19.124087323057672 ], [ -103.510948264598539, 19.131890651220026 ], [ -103.513562863114188, 19.138396942704883 ], [ -103.508542798251924, 19.157335313510817 ], [ -103.501948195821967, 19.162801422310803 ], [ -103.502342691256345, 19.170349934090037 ], [ -103.497337943323075, 19.176507570360862 ], [ -103.50112729476551, 19.189962747512876 ], [ -103.510764451851827, 19.200682196682841 ], [ -103.513672194707993, 19.21023644721781 ], [ -103.510610105129487, 19.213422900280243 ], [ -103.513336530609422, 19.218754748931122 ], [ -103.506021943157378, 19.227345845666743 ], [ -103.506031627431597, 19.236116924311105 ], [ -103.509193047574811, 19.241101779231816 ], [ -103.497157447163744, 19.247230920769489 ], [ -103.495611004996491, 19.245886426019844 ], [ -103.491697409468102, 19.24896276171792 ], [ -103.49207663818494, 19.25334538083716 ], [ -103.488941548621568, 19.254423839344568 ], [ -103.476866682638175, 19.252728407598351 ], [ -103.472799926523294, 19.248065579368607 ], [ -103.458200189898108, 19.248721905661586 ], [ -103.457808863862098, 19.24367714248034 ], [ -103.454309382395806, 19.244056300931987 ], [ -103.45327949800334, 19.242207664187163 ], [ -103.444873343100056, 19.242736600000988 ], [ -103.441699998524314, 19.244849619657128 ], [ -103.442573873923592, 19.247693901071948 ], [ -103.436755691480101, 19.255058533367809 ], [ -103.430168100083421, 19.252954165289875 ], [ -103.428978347996136, 19.257896180575781 ], [ -103.425464342702611, 19.26055161212993 ], [ -103.418715849783197, 19.259194091497374 ], [ -103.418115048034494, 19.267398142351304 ], [ -103.41541804825799, 19.270000924537754 ], [ -103.417743917261831, 19.27539211246367 ], [ -103.413882733678719, 19.281280642455229 ] ] ] } },
{ "type": "Feature", "properties": { "cve_edo": "14", "cve_mpo_ine": "068", "cve_edo_mpo_ine": "14068", "nom_mpo": "PONCITLAN", "nom_edo": "Jalisco", "alianza_ganadora": "Movimiento Ciudadano", "margen_pp": 5.1749347258485638, "por_participacion": 48.989511383985672 }, "geometry": { "type": "MultiPolygon", "coordinates": [ [ [ [ -103.02201700131242, 20.294671424936134 ], [ -103.02045295866327, 20.286057574556761 ], [ -103.028955197726802, 20.28862033762401 ], [ -103.026277482888418, 20.295947549575384 ], [ -103.028844801220828, 20.298783404932575 ], [ -103.024998283515117, 20.298359277611368 ], [ -103.02201700131242, 20.294671424936134 ] ] ], [ [ [ -103.063381581905475, 20.375502957021926 ], [ -103.067010981094697, 20.379058984866738 ], [ -103.089064651960626, 20.387533229895627 ], [ -103.090559190059267, 20.392872837670428 ], [ -103.088360978033364, 20.393188364108621 ], [ -103.088385169699563, 20.400250779954266 ], [ -103.059458430547593, 20.405532389092496 ], [ -103.047214024606674, 20.409922177216451 ], [ -103.033742822169827, 20.407162163725722 ], [ -103.034692737366427, 20.416379822288842 ], [ -103.031258852579029, 20.420433815434926 ], [ -103.024556686759112, 20.421893537923157 ], [ -102.997634259381471, 20.403408756159109 ], [ -102.978786663284325, 20.400994296749083 ], [ -102.955463824662417, 20.402273285367244 ], [ -102.947870681956758, 20.395516374560462 ], [ -102.939676106264784, 20.394426640187554 ], [ -102.934593517126871, 20.386999117118872 ], [ -102.911224282049503, 20.381613638067989 ], [ -102.884916256199574, 20.382354279338589 ], [ -102.879741316563425, 20.386629192831087 ], [ -102.860543383058229, 20.388003269433767 ], [ -102.844693871851248, 20.392492834449865 ], [ -102.834343006034715, 20.387351165210045 ], [ -102.823698916225851, 20.38725443122059 ], [ -102.808027283588814, 20.381193785223193 ], [ -102.793119356891395, 20.37103225660287 ], [ -102.778380989770397, 20.342496751971517 ], [ -102.785302968053855, 20.335039858183524 ], [ -102.78647950973523, 20.322756962578268 ], [ -102.795194626858574, 20.3148706693676 ], [ -102.828344019617774, 20.303628470604647 ], [ -102.84482706796399, 20.305470754244347 ], [ -102.853887821766691, 20.301635902323877 ], [ -102.8635316501951, 20.305163393656095 ], [ -102.880599185627574, 20.307085620264495 ], [ -102.886619527669666, 20.305231020303204 ], [ -102.904329641874341, 20.305497243541808 ], [ -102.921280908820108, 20.310558432500819 ], [ -102.924845970721307, 20.309320775544219 ], [ -102.939869329639535, 20.314874617001081 ], [ -102.952260071759312, 20.313642864647196 ], [ -102.963194696230545, 20.322458701689911 ], [ -102.978628992525699, 20.327471394374008 ], [ -102.99377464939964, 20.336245631183466 ], [ -103.000201668489112, 20.332526407358838 ], [ -103.008399184166521, 20.331430334165365 ], [ -103.017512056031791, 20.334533903815604 ], [ -103.025792461538444, 20.332881466647947 ], [ -103.0315353345147, 20.335968044815466 ], [ -103.04200388302246, 20.332951274016054 ], [ -103.050996546211934, 20.333159083775744 ], [ -103.051636554190765, 20.330554013231716 ], [ -103.055668661174877, 20.329810036672693 ], [ -103.059702564120641, 20.330637309095827 ], [ -103.059384063657646, 20.332990380807249 ], [ -103.064028235889538, 20.331050980681802 ], [ -103.067655081658003, 20.333532068160331 ], [ -103.081391313281742, 20.334151795940141 ], [ -103.083024118252851, 20.331339869438359 ], [ -103.090863758878271, 20.330001938341645 ], [ -103.094169052655062, 20.32392804381309 ], [ -103.095809815011165, 20.32698748232324 ], [ -103.101778403892197, 20.322845392450652 ], [ -103.104815248069826, 20.32492758761078 ], [ -103.113751885881399, 20.321534971242631 ], [ -103.116046875479299, 20.331788781671666 ], [ -103.109812225936125, 20.344360366083542 ], [ -103.104317567723712, 20.344154923667915 ], [ -103.102441613596554, 20.340392573229046 ], [ -103.101749259696902, 20.346553712581041 ], [ -103.089599938612537, 20.352799601517496 ], [ -103.08732985096033, 20.359746649445853 ], [ -103.074646138316197, 20.361029822634137 ], [ -103.063494455958448, 20.372277606857327 ], [ -103.063381581905475, 20.375502957021926 ] ] ] ] } },
{ "type": "Feature", "properties": { "cve_edo": "14", "cve_mpo_ine": "069", "cve_edo_mpo_ine": "14069", "nom_mpo": "PUERTO VALLARTA", "nom_edo": "Jalisco", "alianza_ganadora": "Juntos Haremos Historia", "margen_pp": 30.983167397907525, "por_participacion": 41.702108943768827 }, "geometry": { "type": "Polygon", "coordinates": [ [ [ -105.140645113678943, 20.87260280586333 ], [ -105.137018804284239, 20.88238846621385 ], [ -105.129392008670095, 20.884458614552418 ], [ -105.121684141889759, 20.892604864058828 ], [ -105.112133327264772, 20.895690742001687 ], [ -105.107618543733778, 20.907277361628537 ], [ -105.101052076012564, 20.909382822853996 ], [ -105.091903414821076, 20.918144348863116 ], [ -105.083611035037691, 20.921394295141653 ], [ -105.083573206712714, 20.908594251880579 ], [ -105.080679390929447, 20.902160963468216 ], [ -105.073713024984514, 20.899603512472247 ], [ -105.072878482437162, 20.892350684125066 ], [ -105.04937969146242, 20.878782497267963 ], [ -105.04386418168059, 20.869851148633639 ], [ -105.044181891995109, 20.866083035167456 ], [ -105.048590481546114, 20.864694794565064 ], [ -105.053152707777144, 20.85763206579842 ], [ -105.047118265469095, 20.856486140464405 ], [ -105.039473877343823, 20.850361704247451 ], [ -105.04734478548643, 20.832583779113175 ], [ -105.046226766922558, 20.829619278003101 ], [ -105.037397285067684, 20.831040311896867 ], [ -105.027198272700332, 20.827290956568543 ], [ -105.022415291305947, 20.822657379959402 ], [ -105.020622201585297, 20.824378541073109 ], [ -105.016014243547573, 20.822904673156096 ], [ -105.006201426954092, 20.814339737091444 ], [ -105.002316832661833, 20.805729068975001 ], [ -105.002726583265542, 20.799627132975093 ], [ -104.994706952794871, 20.801721558701324 ], [ -104.991416666884035, 20.798893665585499 ], [ -104.983898878230264, 20.799290898251414 ], [ -104.979391557601204, 20.783483591074756 ], [ -104.974028373637694, 20.781707517396249 ], [ -104.971926102240673, 20.775114530041041 ], [ -104.978716670897498, 20.769763852993325 ], [ -104.97338758158584, 20.766243220142467 ], [ -104.970029047641532, 20.757888158157282 ], [ -104.973731789573023, 20.75141546535864 ], [ -104.985093377403857, 20.746209573758232 ], [ -104.999640121753245, 20.742021804116334 ], [ -105.011222764016168, 20.746932224619336 ], [ -105.011870733765079, 20.743012454055169 ], [ -105.016192961380781, 20.740666444847065 ], [ -105.023537349934841, 20.740299580484411 ], [ -105.045531447078005, 20.730225278356052 ], [ -105.052570950680334, 20.722866656896972 ], [ -105.05660497758916, 20.723947700983764 ], [ -105.058742224408391, 20.718515582353035 ], [ -105.063915768924801, 20.717997464310862 ], [ -105.063702007803101, 20.712744432121617 ], [ -105.069580995628868, 20.708265514275677 ], [ -105.071886733283662, 20.703289970293742 ], [ -105.069761690812399, 20.70112052529506 ], [ -105.078572652705958, 20.691171643002416 ], [ -105.082921197544493, 20.690837993196247 ], [ -105.085331837976767, 20.693281527166132 ], [ -105.089444964934046, 20.692201971769215 ], [ -105.093731631124271, 20.686274103636894 ], [ -105.101136821872984, 20.687720009078841 ], [ -105.10155465647253, 20.698369024519785 ], [ -105.108311329953665, 20.701023932056227 ], [ -105.107547540297077, 20.695961898405145 ], [ -105.112776261086552, 20.69355507781577 ], [ -105.119536410091769, 20.696202295723506 ], [ -105.130289495935727, 20.694329553341682 ], [ -105.137990449539586, 20.697182490091599 ], [ -105.137632621223304, 20.691008701062344 ], [ -105.142507411512227, 20.68781397174719 ], [ -105.157443379354689, 20.69774540199856 ], [ -105.162143663294771, 20.696539249724207 ], [ -105.168776338196281, 20.688784024770666 ], [ -105.17306494638278, 20.687619425977175 ], [ -105.174179589264384, 20.685877927794213 ], [ -105.161780662137474, 20.68618040318449 ], [ -105.163658760919887, 20.683858117745181 ], [ -105.155190840849315, 20.677609213004565 ], [ -105.155772425337716, 20.671351703939305 ], [ -105.150424977340577, 20.670900789122836 ], [ -105.150709912336879, 20.66137003927517 ], [ -105.143476728675068, 20.654166366728784 ], [ -105.136835016116038, 20.650898415622787 ], [ -105.137884061120545, 20.64086978817102 ], [ -105.130410198928544, 20.624508135350229 ], [ -105.137686180731691, 20.615178931629643 ], [ -105.131044203694515, 20.609300189666403 ], [ -105.13292106338848, 20.606025164915554 ], [ -105.137794268073037, 20.604032231247423 ], [ -105.139317542549236, 20.599597183671861 ], [ -105.133322703517578, 20.594339535354401 ], [ -105.132613772899816, 20.589160435745555 ], [ -105.127739975019111, 20.58986866849229 ], [ -105.125504931494675, 20.585395131966415 ], [ -105.119749071896891, 20.584363431878817 ], [ -105.114105647473792, 20.575914170169931 ], [ -105.118316254745366, 20.551546003476762 ], [ -105.114955727500387, 20.531409696759084 ], [ -105.120130749622248, 20.534397768676289 ], [ -105.123361720369061, 20.528105107771538 ], [ -105.12930255658307, 20.525260131274038 ], [ -105.131008298017051, 20.51351692400101 ], [ -105.136268959943948, 20.514226813945747 ], [ -105.141970278775446, 20.522073305356283 ], [ -105.140916668982314, 20.524874300251437 ], [ -105.142757145565483, 20.526604494554622 ], [ -105.145776019817262, 20.525162685252123 ], [ -105.146022965112465, 20.530306596087684 ], [ -105.151162389016577, 20.528361203367343 ], [ -105.155180991601455, 20.532531607260001 ], [ -105.161462970808032, 20.53205564858288 ], [ -105.163187944211472, 20.539503770769539 ], [ -105.16797679498751, 20.531707650617417 ], [ -105.167578461862064, 20.525317788322468 ], [ -105.173083208667904, 20.519771671819147 ], [ -105.182529584411895, 20.519305779724256 ], [ -105.187548177450495, 20.514580204253939 ], [ -105.194783422059302, 20.513289736635524 ], [ -105.196879788807564, 20.490568206496988 ], [ -105.20048219172709, 20.483332064302747 ], [ -105.208396937189832, 20.491958673020719 ], [ -105.218614562315977, 20.48798023143873 ], [ -105.226064953902352, 20.469863437256745 ], [ -105.232734186039238, 20.477986254971935 ], [ -105.246637134652374, 20.485809747955379 ], [ -105.263757271019287, 20.4869303813946 ], [ -105.26963388996532, 20.490204270396319 ], [ -105.282427724782011, 20.486498500297486 ], [ -105.287570042868126, 20.481633449667328 ], [ -105.295181258677133, 20.48123031514578 ], [ -105.300411618662324, 20.492513629436253 ], [ -105.306035369615728, 20.49702471032775 ], [ -105.304126309390085, 20.5028351015659 ], [ -105.30815648953434, 20.507944210969168 ], [ -105.318741921010741, 20.514304895306072 ], [ -105.320687797764563, 20.518630603352609 ], [ -105.297469274177161, 20.531560691639029 ], [ -105.297415310974714, 20.534088458060271 ], [ -105.294830272470634, 20.533015573539959 ], [ -105.289147368059062, 20.539323759024171 ], [ -105.287163242057005, 20.545915630615383 ], [ -105.265040147331007, 20.552291369913728 ], [ -105.264691598043257, 20.554529523168345 ], [ -105.258649716576514, 20.557978101994856 ], [ -105.245007626559783, 20.582984937208813 ], [ -105.245548614684552, 20.591064395925912 ], [ -105.233602802238138, 20.614658958046853 ], [ -105.232352240312878, 20.623435313896714 ], [ -105.234093850535402, 20.635367698370789 ], [ -105.24023471174543, 20.641620744264589 ], [ -105.24535870616964, 20.653297241210584 ], [ -105.268529630257618, 20.667542584508794 ], [ -105.277687885220928, 20.666391668419138 ], [ -105.279575862753802, 20.671067797556358 ], [ -105.27707706359503, 20.679792897438269 ], [ -105.272937215847165, 20.684771638004428 ], [ -105.264819906685915, 20.686954839021151 ], [ -105.261732535936716, 20.691558676790869 ], [ -105.256062911053178, 20.694658826283277 ], [ -105.256212149735589, 20.702681511198698 ], [ -105.254213568523184, 20.704633594235794 ], [ -105.242897352001464, 20.710690806271902 ], [ -105.243333850363243, 20.715366839855253 ], [ -105.234379623554617, 20.726057252566651 ], [ -105.237275629074659, 20.738812916287895 ], [ -105.22899016264509, 20.739615811112166 ], [ -105.22705226597455, 20.748544147770062 ], [ -105.219596688518791, 20.749208101658446 ], [ -105.221069651939899, 20.754922837459659 ], [ -105.213910218398425, 20.760924118846795 ], [ -105.203289779627511, 20.760897258401616 ], [ -105.198823493859322, 20.763993467096338 ], [ -105.198625152535314, 20.77381335454956 ], [ -105.194237441830381, 20.778246683119256 ], [ -105.198377255556522, 20.785299208222231 ], [ -105.196161117003058, 20.788138635603353 ], [ -105.188360744304632, 20.784792337733574 ], [ -105.187274538499167, 20.79649738398437 ], [ -105.178664879176807, 20.81086104540908 ], [ -105.17057864845377, 20.812667400100761 ], [ -105.161586585805154, 20.82418583163382 ], [ -105.165951243946253, 20.831579895773395 ], [ -105.162981215822782, 20.84305396967293 ], [ -105.155733906319313, 20.848052844131825 ], [ -105.155822721730729, 20.856216986422311 ], [ -105.15288775295717, 20.862945338214523 ], [ -105.147976371615911, 20.870438773125187 ], [ -105.140645113678943, 20.87260280586333 ] ] ] } },
{ "type": "Feature", "properties": { "cve_edo": "14", "cve_mpo_ine": "071", "cve_edo_mpo_ine": "14071", "nom_mpo": "QUITUPAN", "nom_edo": "Jalisco", "alianza_ganadora": "Va por México", "margen_pp": 65.210452822661082, "por_participacion": 59.220318960425274 }, "geometry": { "type": "Polygon", "coordinates": [ [ [ -102.885214549873254, 19.978225767229201 ], [ -102.869214436054747, 19.973246502059204 ], [ -102.854443156322773, 19.973402141252613 ], [ -102.843601151505283, 19.970460392652207 ], [ -102.802442986730426, 19.955070609345064 ], [ -102.75052916881819, 19.913765556753152 ], [ -102.749204441840078, 19.886199846909111 ], [ -102.745633220991465, 19.886528963511122 ], [ -102.744495711552901, 19.879263283901697 ], [ -102.736239981518864, 19.870150763444592 ], [ -102.737251367644589, 19.863973537264865 ], [ -102.732293760621147, 19.855616981556445 ], [ -102.73743445182545, 19.847817426250128 ], [ -102.742420574724932, 19.845611676324832 ], [ -102.748723205594715, 19.846914364456293 ], [ -102.752962734472348, 19.828175021079787 ], [ -102.758280182522384, 19.816617531649847 ], [ -102.779555268087975, 19.812676912089451 ], [ -102.795927555798215, 19.812694793210241 ], [ -102.817809122661856, 19.79468036921315 ], [ -102.81296173558718, 19.786158901406761 ], [ -102.806579449229744, 19.783188586423741 ], [ -102.81367011682309, 19.775137577658139 ], [ -102.812332783434684, 19.762110348011227 ], [ -102.807420867765615, 19.757095753597639 ], [ -102.794874043769212, 19.762343851084733 ], [ -102.804288818431516, 19.755673259131743 ], [ -102.803239868559217, 19.74669174341166 ], [ -102.810425567109121, 19.742112330152032 ], [ -102.810356406640494, 19.740252176315416 ], [ -102.798643379826359, 19.726535928876764 ], [ -102.794996596231357, 19.726021789640175 ], [ -102.79184594964083, 19.715038449506672 ], [ -102.78674427127514, 19.712778742011139 ], [ -102.784830933902711, 19.707808550673352 ], [ -102.780003609621289, 19.704546980206644 ], [ -102.781880035474614, 19.69457084862146 ], [ -102.789874407300871, 19.689569133753849 ], [ -102.797688570358147, 19.675924593536106 ], [ -102.800749060591201, 19.676470242563987 ], [ -102.803588260168056, 19.673592125144538 ], [ -102.798835585666197, 19.671500181994155 ], [ -102.791129753518518, 19.672369470284902 ], [ -102.791539463423661, 19.652413421481889 ], [ -102.78390511272751, 19.650109573003281 ], [ -102.786912133771423, 19.646897867392664 ], [ -102.782914406344474, 19.645182092063781 ], [ -102.782802811265697, 19.641340999596999 ], [ -102.779883453810626, 19.642590495552795 ], [ -102.776092873337177, 19.626888669521623 ], [ -102.773581752135641, 19.624381047283158 ], [ -102.759601293807521, 19.625200684146883 ], [ -102.753371746383536, 19.620267095902701 ], [ -102.75483861330153, 19.618097847695246 ], [ -102.751026513287982, 19.613083496726844 ], [ -102.748138735425684, 19.612515100173717 ], [ -102.756484999251924, 19.601611231103973 ], [ -102.763760302420124, 19.605657249271324 ], [ -102.764667180467384, 19.608045642564687 ], [ -102.762523539447642, 19.608776068568663 ], [ -102.767308732051418, 19.613722254956766 ], [ -102.769873976538435, 19.605745551688848 ], [ -102.77663392923985, 19.60214291957967 ], [ -102.775544233851562, 19.595081312354349 ], [ -102.778556526578129, 19.594050034981489 ], [ -102.779846933816899, 19.590640733563927 ], [ -102.778731054031581, 19.598144127929146 ], [ -102.783407130198228, 19.59949150124562 ], [ -102.780138988668142, 19.603008714957632 ], [ -102.788535942619689, 19.599922692190674 ], [ -102.79380512786588, 19.606103384916999 ], [ -102.797365470287318, 19.598609931310126 ], [ -102.80131407414504, 19.606048658079342 ], [ -102.805144287484353, 19.605213342041402 ], [ -102.806624351374992, 19.610987193224652 ], [ -102.804634009001333, 19.614281573456569 ], [ -102.810870638979125, 19.618835733939864 ], [ -102.811396402195811, 19.623008114373651 ], [ -102.815420883001579, 19.627549229571834 ], [ -102.813713203541923, 19.630260772474756 ], [ -102.81999520407895, 19.625793745293425 ], [ -102.821852953809426, 19.629452387847643 ], [ -102.834681254100289, 19.636190578779921 ], [ -102.846095145345586, 19.638650276096623 ], [ -102.857308796849367, 19.652364158035706 ], [ -102.860440484651718, 19.644950224612252 ], [ -102.868808423884076, 19.643526105284778 ], [ -102.869829055083741, 19.638951999709921 ], [ -102.876541685164696, 19.633730742173842 ], [ -102.879802398232556, 19.624378863634703 ], [ -102.892269118454323, 19.625724701380037 ], [ -102.894730541311333, 19.630388743572244 ], [ -102.897626156237152, 19.631219332424404 ], [ -102.896830471873159, 19.620910350187597 ], [ -102.900989531380745, 19.61551782408981 ], [ -102.900024833503196, 19.612506104180135 ], [ -102.905203527538362, 19.618577350487516 ], [ -102.907490614823359, 19.615242346398766 ], [ -102.912722297019627, 19.63017790270516 ], [ -102.927828023003201, 19.635979390969908 ], [ -102.930553461049669, 19.62806836971567 ], [ -102.935793729275531, 19.625604332319082 ], [ -102.93850736340741, 19.627588385822261 ], [ -102.940151863739445, 19.6247877342485 ], [ -102.943861570437917, 19.625412922951888 ], [ -102.952638243032794, 19.63181929349879 ], [ -102.955433846993856, 19.630381117459425 ], [ -102.956036254270529, 19.618755108244571 ], [ -102.963117928016075, 19.609985061946009 ], [ -102.966404383711208, 19.613082908227081 ], [ -102.967979192750818, 19.620424654353769 ], [ -102.972377785058811, 19.622163642882658 ], [ -102.977549371261404, 19.629758609950787 ], [ -102.979311826127741, 19.626586653139881 ], [ -102.985355253602251, 19.634059142672022 ], [ -102.969424300614349, 19.631955820204908 ], [ -102.970720537645278, 19.633876480581844 ], [ -102.967089967594632, 19.637509177752278 ], [ -102.967781457723376, 19.645108436598143 ], [ -102.965594888705866, 19.64903333314907 ], [ -102.967851466009066, 19.653501026322434 ], [ -102.965262104766296, 19.653668037717416 ], [ -102.965937539284226, 19.656423814075897 ], [ -102.963277910785806, 19.659555328591598 ], [ -102.952163292404023, 19.655880390187846 ], [ -102.941392044497775, 19.678843587768434 ], [ -102.954697558336349, 19.694001771363947 ], [ -102.96279106520258, 19.695839490900113 ], [ -102.961284615616449, 19.706695403592786 ], [ -102.955770832613268, 19.711663667119367 ], [ -102.96004228529263, 19.723605577960949 ], [ -102.970136462912606, 19.728073738475985 ], [ -102.972747432790968, 19.733042498668375 ], [ -102.969552035367855, 19.7465289197904 ], [ -102.980629971512826, 19.747364063004031 ], [ -102.985711501542497, 19.751789804673578 ], [ -102.977601342772772, 19.767948836946857 ], [ -102.968666259175748, 19.77174813257745 ], [ -102.961915544056581, 19.77892923194478 ], [ -102.965973894431144, 19.78047446225175 ], [ -102.967886098504607, 19.784942231200354 ], [ -102.964685923656432, 19.794420031412805 ], [ -102.982540161390631, 19.800892599347495 ], [ -102.982954061449107, 19.805360258871058 ], [ -102.972796096870482, 19.819848524736837 ], [ -102.976536832263378, 19.826988574388711 ], [ -102.971394901718057, 19.841560241410892 ], [ -102.975369820347311, 19.848909124946243 ], [ -102.975083885143874, 19.852875686774745 ], [ -102.97728102978698, 19.853251595558678 ], [ -102.978981161755783, 19.866487540344593 ], [ -102.959115659415886, 19.876297402855382 ], [ -102.955021090555789, 19.884020955470703 ], [ -102.940181538686062, 19.890697858613613 ], [ -102.938720981854971, 19.893327846214074 ], [ -102.927568980694645, 19.892029936204562 ], [ -102.923495167581436, 19.893489775558727 ], [ -102.926127385955866, 19.895954123401307 ], [ -102.925051179364104, 19.897289796862069 ], [ -102.915747627217712, 19.900083488393467 ], [ -102.919182482308912, 19.902214260265943 ], [ -102.920719625804921, 19.908644680192197 ], [ -102.91803663290608, 19.922296443692957 ], [ -102.920847821235583, 19.925136740171403 ], [ -102.920310323907884, 19.927808638888234 ], [ -102.922216729201281, 19.927976424858485 ], [ -102.917251321439565, 19.947305412540949 ], [ -102.916206806772564, 19.962586050158865 ], [ -102.90714697990596, 19.970472695904686 ], [ -102.905040683429831, 19.968509293296869 ], [ -102.888755140855324, 19.97167310486843 ], [ -102.885214549873254, 19.978225767229201 ] ] ] } },
{ "type": "Feature", "properties": { "cve_edo": "14", "cve_mpo_ine": "073", "cve_edo_mpo_ine": "14073", "nom_mpo": "SAN CRISTOBAL DE LA BARRANCA", "nom_edo": "Jalisco", "alianza_ganadora": "Va por México", "margen_pp": 39.519759879939969, "por_participacion": 65.691751560959574 }, "geometry": { "type": "Polygon", "coordinates": [ [ [ -103.52632993704384, 20.996560849304434 ], [ -103.52749295999952, 20.989311400698323 ], [ -103.537786822875361, 20.983246214124872 ], [ -103.547557540024229, 20.980867195043103 ], [ -103.550062010802506, 20.970840192355819 ], [ -103.560178502431725, 20.965022337075958 ], [ -103.564624524290721, 20.964019462552379 ], [ -103.574577127055335, 20.967436443643255 ], [ -103.578896854815369, 20.959807133206823 ], [ -103.582464484595718, 20.958515723358733 ], [ -103.599443351730358, 20.964608127389234 ], [ -103.616885784684044, 20.961652365418587 ], [ -103.620915712760663, 20.971546753574895 ], [ -103.617330953217518, 20.97677976050123 ], [ -103.616198113296377, 20.98821735044751 ], [ -103.620862484026446, 20.996102864704682 ], [ -103.624024341681718, 20.996921880005342 ], [ -103.624613191336422, 21.003384422629722 ], [ -103.608845610048249, 21.009367879860154 ], [ -103.598676759769347, 21.018400410131079 ], [ -103.601330009108338, 21.030860530824079 ], [ -103.604180733175326, 21.033007749158557 ], [ -103.605921724756399, 21.039035645561388 ], [ -103.61328938003534, 21.041875804285478 ], [ -103.629623231539682, 21.033271726065326 ], [ -103.63745441797947, 21.032122150042099 ], [ -103.639947874924687, 21.030204683816851 ], [ -103.641991465312572, 21.022274899498282 ], [ -103.646596548573839, 21.020630902998885 ], [ -103.648478162702517, 21.016054711134558 ], [ -103.650759548115261, 21.016864410894385 ], [ -103.650042449428298, 21.026598181021257 ], [ -103.653922936895682, 21.032924620633512 ], [ -103.651421924481141, 21.038170138335829 ], [ -103.656737386141288, 21.040552800124853 ], [ -103.661906286795499, 21.036263691542747 ], [ -103.670047770169475, 21.042904617089913 ], [ -103.66728787502386, 21.060810382495216 ], [ -103.659501110857974, 21.062956054060113 ], [ -103.655734355068205, 21.072315680030322 ], [ -103.654703404160088, 21.079221856946816 ], [ -103.657274382404978, 21.089401805233063 ], [ -103.655172214984262, 21.097289592699404 ], [ -103.647013437161121, 21.110330131546377 ], [ -103.645410843325692, 21.120679086037448 ], [ -103.632536771933403, 21.132190686619502 ], [ -103.628746960430107, 21.144554280504007 ], [ -103.61989695217585, 21.151120802690158 ], [ -103.615861968653519, 21.158147689477314 ], [ -103.600984581235565, 21.15174125983577 ], [ -103.587624148203375, 21.129737402971035 ], [ -103.584739969060251, 21.131918050482138 ], [ -103.578168166566556, 21.131404386918945 ], [ -103.580659126832231, 21.140082810499951 ], [ -103.578184111396965, 21.14263609619054 ], [ -103.573431181305239, 21.142209865751052 ], [ -103.569687789881328, 21.138771997667614 ], [ -103.575734996753226, 21.134798475589779 ], [ -103.577497751497091, 21.127062378381112 ], [ -103.569299300415111, 21.118091015123809 ], [ -103.55743426783593, 21.120238798893975 ], [ -103.554232477224588, 21.117272129742986 ], [ -103.554201856883239, 21.121042939526895 ], [ -103.550059956019339, 21.12548676581412 ], [ -103.54160747630317, 21.126250565500314 ], [ -103.531163190419221, 21.133794565714677 ], [ -103.529339646612783, 21.141488137328778 ], [ -103.514782470552106, 21.142617255568144 ], [ -103.510881477526837, 21.14610881672191 ], [ -103.508493298470071, 21.144100840264311 ], [ -103.508022400506476, 21.13734250717771 ], [ -103.500141675388022, 21.136785105153614 ], [ -103.491319887327393, 21.140802831677114 ], [ -103.484529104020936, 21.1499882886047 ], [ -103.480946290818892, 21.150471776480433 ], [ -103.47796674211061, 21.147323593702229 ], [ -103.474851141991977, 21.148345319306312 ], [ -103.471530800125834, 21.144840155270934 ], [ -103.45812621838202, 21.14158124059589 ], [ -103.450357492230722, 21.144500825239067 ], [ -103.438344600619715, 21.143116579249039 ], [ -103.42880464497506, 21.147263524407283 ], [ -103.428696362517314, 21.139720878812309 ], [ -103.417379365951319, 21.139294085007624 ], [ -103.418472579757207, 21.131332035407809 ], [ -103.425241494224494, 21.121471472609059 ], [ -103.420314135015616, 21.119520718619079 ], [ -103.418560887504071, 21.115303759819668 ], [ -103.410528315957876, 21.110455144502193 ], [ -103.398929975046045, 21.098452444152883 ], [ -103.397108488038498, 21.09948156235226 ], [ -103.396674861044715, 21.094406461497112 ], [ -103.393762552384032, 21.092268181386526 ], [ -103.396953426612541, 21.089602053171525 ], [ -103.396446807356639, 21.080895760845777 ], [ -103.388020667704666, 21.079041636865103 ], [ -103.384748499473574, 21.071471778361772 ], [ -103.385836994068654, 21.067876070379135 ], [ -103.380263158705603, 21.068325222746576 ], [ -103.37548451453749, 21.065217452008728 ], [ -103.370501325172683, 21.05891708176199 ], [ -103.36904600336706, 21.051528520737236 ], [ -103.361605970792809, 21.051007772021375 ], [ -103.34866061261728, 21.043766792708649 ], [ -103.34590278187234, 21.044836802216398 ], [ -103.348822597772056, 21.04148003351089 ], [ -103.344942719357462, 21.034447698793432 ], [ -103.347448864945918, 21.029469472800798 ], [ -103.342818886148237, 21.027171119649111 ], [ -103.346633353056774, 21.005412315298777 ], [ -103.343110242429645, 21.000458270814907 ], [ -103.346318511632617, 20.993162560634026 ], [ -103.351349488402832, 20.994540819358509 ], [ -103.355847412017553, 20.990772847550925 ], [ -103.355642666879206, 20.97830854600732 ], [ -103.351071819009931, 20.975678296340611 ], [ -103.357490821846071, 20.967885708751208 ], [ -103.354090988492615, 20.965424996638532 ], [ -103.342560717005924, 20.964395158760794 ], [ -103.34392835879548, 20.948237812819482 ], [ -103.353112279958907, 20.947266714661509 ], [ -103.369293085824978, 20.93638466980584 ], [ -103.377657661037759, 20.950660357801883 ], [ -103.394995404095653, 20.944510234445815 ], [ -103.395265477180303, 20.953463246712335 ], [ -103.399387815041862, 20.951094864565405 ], [ -103.402197784936575, 20.957790308233587 ], [ -103.404881659272732, 20.959014755293641 ], [ -103.404789951925281, 20.956196154897057 ], [ -103.433820454390371, 20.932819008657553 ], [ -103.438965598359829, 20.940569233521895 ], [ -103.435352653641061, 20.94505623805841 ], [ -103.435846581434589, 20.948831285020276 ], [ -103.426371643487371, 20.953683847563024 ], [ -103.4246870591207, 20.965231252133474 ], [ -103.438874595688745, 20.970860479469909 ], [ -103.454209795223349, 20.97224098451899 ], [ -103.46000177849119, 20.970120909206639 ], [ -103.463983669836807, 20.97446358302059 ], [ -103.464976825880413, 20.980051874258212 ], [ -103.478350173072414, 20.986349093529412 ], [ -103.507646666435008, 20.982719733136996 ], [ -103.512799796607027, 20.985982649720793 ], [ -103.520769994654501, 20.996860573399161 ], [ -103.52632993704384, 20.996560849304434 ] ] ] } },
{ "type": "Feature", "properties": { "cve_edo": "14", "cve_mpo_ine": "074", "cve_edo_mpo_ine": "14074", "nom_mpo": "SAN DIEGO DE ALEJANDRIA", "nom_edo": "Jalisco", "alianza_ganadora": "Va por México", "margen_pp": 6.5058889512058329, "por_participacion": 65.311355311355314 }, "geometry": { "type": "Polygon", "coordinates": [ [ [ -101.968082752321934, 20.901840104993344 ], [ -101.973685917462291, 20.894063309126839 ], [ -101.976990121482118, 20.897730168169176 ], [ -101.984213386681304, 20.897485991641478 ], [ -101.989539993780753, 20.890709596840953 ], [ -102.005068562212912, 20.890807665047486 ], [ -102.009840472886424, 20.884543015916513 ], [ -102.017214914442235, 20.882700815294449 ], [ -102.01658007191574, 20.879511699514971 ], [ -102.011995533446182, 20.879879581148717 ], [ -102.015407134278789, 20.874084318397831 ], [ -102.015044545074574, 20.869167280012526 ], [ -102.039545657649853, 20.846609200198237 ], [ -102.054949639713342, 20.846242847388773 ], [ -102.050300930124678, 20.860861536633358 ], [ -102.041498877383233, 20.872275087384448 ], [ -102.043552102370128, 20.883566996421028 ], [ -102.040490117190103, 20.889666637938699 ], [ -102.042219777334381, 20.891493997224291 ], [ -102.047269057015171, 20.889092628602963 ], [ -102.050751718321891, 20.884037067057189 ], [ -102.060418139584655, 20.884365158823847 ], [ -102.075430342089462, 20.876502781709874 ], [ -102.075520563568134, 20.878323707090139 ], [ -102.082911473048526, 20.881335090877013 ], [ -102.086610795252341, 20.873881548949445 ], [ -102.092593839614551, 20.869784223686786 ], [ -102.104035784417363, 20.869274527250514 ], [ -102.109479548822222, 20.873937362232407 ], [ -102.11376025956659, 20.874228670681052 ], [ -102.110895937042088, 20.876674846258258 ], [ -102.114084389727324, 20.878983963339699 ], [ -102.118677249349361, 20.889567848845601 ], [ -102.124899396799933, 20.892780101722462 ], [ -102.121577928808975, 20.899718584197085 ], [ -102.111486826619227, 20.896666305072998 ], [ -102.109831198013495, 20.905854107884942 ], [ -102.11193902551318, 20.910008394164542 ], [ -102.10677195855736, 20.922952628773356 ], [ -102.107467954411945, 20.931549276390164 ], [ -102.115320302529526, 20.931519730101307 ], [ -102.111723887176609, 20.933045590050106 ], [ -102.111745518520749, 20.935605822056363 ], [ -102.119850432915769, 20.942474567047512 ], [ -102.113413194880664, 20.941860623127464 ], [ -102.11026374380323, 20.944878222334424 ], [ -102.104051277003336, 20.944927254499891 ], [ -102.107306086327029, 20.950829627908217 ], [ -102.120029345674951, 20.958538537659557 ], [ -102.117723287978833, 20.972136571379821 ], [ -102.122457605174546, 20.973060422093337 ], [ -102.119657267003362, 20.984340304153868 ], [ -102.113030483218466, 20.984549681848133 ], [ -102.10496695155355, 20.990852282048927 ], [ -102.102435660508363, 20.995611226151585 ], [ -102.110540668931222, 20.998599449755499 ], [ -102.114693803166787, 21.007320336830176 ], [ -102.112203353497648, 21.025416444854557 ], [ -102.1165940989098, 21.025882290696153 ], [ -102.113018701203615, 21.041942099253507 ], [ -102.110089035377342, 21.041782818951155 ], [ -102.105687661374986, 21.054075014907379 ], [ -102.109249291780472, 21.055150415148479 ], [ -102.108458399725905, 21.06112778550639 ], [ -102.099202299877007, 21.060437312758499 ], [ -102.090797617132353, 21.06353134893978 ], [ -102.086459344671411, 21.061202929106596 ], [ -102.082566298709438, 21.065070693534786 ], [ -102.076222272792066, 21.064799532938395 ], [ -102.083314726819339, 21.05425343838526 ], [ -102.077502184631228, 21.038869406411649 ], [ -102.072507454059277, 21.039305243739395 ], [ -102.071282666406731, 21.037153235020817 ], [ -102.069980293551964, 21.039626238525027 ], [ -102.059577034787083, 21.041115199310561 ], [ -102.057242761307549, 21.037430921491652 ], [ -102.052488081543416, 21.036669470625963 ], [ -102.050480035040664, 21.039263480069753 ], [ -102.037657637789295, 21.043260854100833 ], [ -102.03467922574815, 21.039243433269295 ], [ -102.031261123883553, 21.041831626583164 ], [ -102.018045864758349, 21.041572419792669 ], [ -102.007630470953586, 21.045700972606841 ], [ -102.00588582709932, 21.041812061785453 ], [ -101.988782398093406, 21.044094867335424 ], [ -101.980835224204029, 21.047819077802441 ], [ -101.978455742285092, 21.054168281225376 ], [ -101.972561627877496, 21.058355008064755 ], [ -101.969704326591597, 21.05392419866692 ], [ -101.957859588926596, 21.049578024845033 ], [ -101.932697493036827, 21.053925334923782 ], [ -101.932535361052871, 21.051116679599104 ], [ -101.928481842987864, 21.051222104301743 ], [ -101.927612241627514, 21.048947030161134 ], [ -101.922900113391577, 21.051526875219306 ], [ -101.921735027932257, 21.049622055779441 ], [ -101.918322124267448, 21.051052006962927 ], [ -101.917627486969266, 21.048818542029213 ], [ -101.89610318137062, 21.065027816929639 ], [ -101.890406383038751, 21.064794109341648 ], [ -101.886641832374963, 21.061901098988738 ], [ -101.884497318299893, 21.0566206400295 ], [ -101.886159738535781, 21.057201922606581 ], [ -101.887908694974996, 21.054516997770744 ], [ -101.886613343399105, 21.052315792948406 ], [ -101.889710332711061, 21.049475669311089 ], [ -101.894289100316783, 21.049204195178898 ], [ -101.901253745759334, 21.030986235570687 ], [ -101.896899893702994, 21.022327794838411 ], [ -101.900057571666906, 21.021717346302012 ], [ -101.905700513265444, 21.015305792523268 ], [ -101.905994380998152, 21.011043155990485 ], [ -101.910112202827236, 21.011153947319972 ], [ -101.917710422336171, 20.996953823186978 ], [ -101.915370146585389, 20.991534880085236 ], [ -101.924790035774777, 20.983244555049797 ], [ -101.925464600099062, 20.972694552249063 ], [ -101.923800548791988, 20.971770133367212 ], [ -101.931407561071978, 20.967021221305735 ], [ -101.934087621921904, 20.956852893752099 ], [ -101.936533468891099, 20.955698339367469 ], [ -101.939028559742198, 20.943660700116684 ], [ -101.934792027985893, 20.931935985843747 ], [ -101.946944111008705, 20.923337137343125 ], [ -101.957817491070884, 20.90861634228493 ], [ -101.960113980815052, 20.90886914212852 ], [ -101.961370005949561, 20.904054863204571 ], [ -101.968082752321934, 20.901840104993344 ] ] ] } },
{ "type": "Feature", "properties": { "cve_edo": "14", "cve_mpo_ine": "024", "cve_edo_mpo_ine": "14024", "nom_mpo": "SAN GABRIEL", "nom_edo": "Jalisco", "alianza_ganadora": "Va por México", "margen_pp": 7.0818213742245115, "por_participacion": 67.458938723941884 }, "geometry": { "type": "Polygon", "coordinates": [ [ [ -103.71768879804084, 19.838961949914694 ], [ -103.713074704433595, 19.830249145019042 ], [ -103.715575153646924, 19.824772673109553 ], [ -103.715969153283254, 19.811537671381078 ], [ -103.703556917331525, 19.812864305783098 ], [ -103.699057764897915, 19.800499700909747 ], [ -103.694106687805785, 19.803195718128698 ], [ -103.696037445559668, 19.811494092868749 ], [ -103.692718789122935, 19.815186166357954 ], [ -103.693252571169964, 19.82526839522566 ], [ -103.691331566796165, 19.827923461953478 ], [ -103.687076173918555, 19.827424815422862 ], [ -103.677593742521978, 19.811210382229717 ], [ -103.671671362958037, 19.80563820450207 ], [ -103.663987686162343, 19.818581144869398 ], [ -103.659093382678819, 19.820985990599727 ], [ -103.651153764938684, 19.831242648155325 ], [ -103.651391036349651, 19.818783269811842 ], [ -103.647049430901049, 19.814206457348572 ], [ -103.649583126272901, 19.806411923358588 ], [ -103.652438483406343, 19.805198905010833 ], [ -103.652940574099148, 19.800062896983427 ], [ -103.648443676576179, 19.799751109171389 ], [ -103.645781493685632, 19.791978935435907 ], [ -103.64206057129222, 19.795431234975503 ], [ -103.626914272826468, 19.789657354269281 ], [ -103.624621242939142, 19.785940609410773 ], [ -103.626003579331211, 19.781628916985635 ], [ -103.62078711214717, 19.776806318209719 ], [ -103.606192385229306, 19.776700285225314 ], [ -103.605466477182375, 19.772790381037069 ], [ -103.608783968697054, 19.77295725733341 ], [ -103.613203815923953, 19.765814005524824 ], [ -103.623075563254972, 19.769286079786188 ], [ -103.612133169547221, 19.758495489967093 ], [ -103.626208801512234, 19.746499674623205 ], [ -103.617449102842031, 19.746244392138795 ], [ -103.615131580015046, 19.744038287539379 ], [ -103.620440670688481, 19.72834853974323 ], [ -103.616928180576338, 19.718411349218286 ], [ -103.612577646225674, 19.716688197994952 ], [ -103.61547318885431, 19.712382267811389 ], [ -103.608922217725407, 19.711558518956284 ], [ -103.611014190521715, 19.707967685485539 ], [ -103.605022856703457, 19.70585203665738 ], [ -103.605516983601106, 19.704188300199302 ], [ -103.598923500257442, 19.70419334962725 ], [ -103.601262034060952, 19.701303636686717 ], [ -103.596671104698487, 19.699169063683414 ], [ -103.599409711602263, 19.698966895455989 ], [ -103.598007150095228, 19.695712726631807 ], [ -103.600128436279832, 19.693695907835327 ], [ -103.581026263508249, 19.695606559593159 ], [ -103.577778333858831, 19.690346673016734 ], [ -103.57833803301618, 19.685906479168437 ], [ -103.573480698700209, 19.68510057982046 ], [ -103.572620536159704, 19.682750520755292 ], [ -103.572465665935681, 19.680681162133517 ], [ -103.581303797211007, 19.675924524805065 ], [ -103.584570756321398, 19.669625608917492 ], [ -103.587589718205422, 19.668839871985536 ], [ -103.592801452412473, 19.66048495878178 ], [ -103.596275975513805, 19.659112999809512 ], [ -103.593799611786224, 19.657695970416434 ], [ -103.597976377712584, 19.650183191572616 ], [ -103.607471365560656, 19.646369171619924 ], [ -103.609544614605525, 19.641825654472775 ], [ -103.606939372052963, 19.639747679969862 ], [ -103.599006897987664, 19.64287800280453 ], [ -103.595702258147142, 19.634553480888385 ], [ -103.591835294626392, 19.633610693602325 ], [ -103.587757561309289, 19.637020619651313 ], [ -103.585506397702218, 19.63514479898576 ], [ -103.590209959591604, 19.627749458105754 ], [ -103.588040894164209, 19.624008297656349 ], [ -103.597765919841137, 19.610704430241423 ], [ -103.598443589586111, 19.600131025234571 ], [ -103.594283515826234, 19.593325817735948 ], [ -103.609580131105403, 19.580531141455477 ], [ -103.618667898424277, 19.582771527184519 ], [ -103.621344546040376, 19.581479258299478 ], [ -103.628838128323622, 19.570325291746524 ], [ -103.634656776976811, 19.567821274651436 ], [ -103.653787789333094, 19.568029003796351 ], [ -103.653861926720666, 19.575680044685186 ], [ -103.6593379569332, 19.578030635980927 ], [ -103.657480836456799, 19.580597119545722 ], [ -103.661101189698471, 19.586093135865227 ], [ -103.659124527292164, 19.587212269022462 ], [ -103.662098530618749, 19.589772695463964 ], [ -103.661068050646932, 19.597921416320641 ], [ -103.673687262068711, 19.592197770624484 ], [ -103.684987406798953, 19.595532390628648 ], [ -103.69883436108708, 19.592493479063847 ], [ -103.702915918887214, 19.598174354916416 ], [ -103.708912057375557, 19.601104621255875 ], [ -103.705594378707517, 19.602600711412688 ], [ -103.716654484317772, 19.603037985661143 ], [ -103.723175191216214, 19.606629446038482 ], [ -103.730393276686755, 19.605995817126658 ], [ -103.747334920149129, 19.610147590572232 ], [ -103.75903958916625, 19.617082291749799 ], [ -103.762127689791825, 19.621962620748615 ], [ -103.770396688249434, 19.625300649102062 ], [ -103.786809766721333, 19.618103789417425 ], [ -103.79775540639298, 19.619033297192647 ], [ -103.808344887860898, 19.611391140753859 ], [ -103.816261632148482, 19.610711117932901 ], [ -103.821555711802873, 19.606806721944551 ], [ -103.814347870152915, 19.619369996838337 ], [ -103.831521632335168, 19.618502934906466 ], [ -103.827465994291913, 19.63946560389876 ], [ -103.831373286544888, 19.645916581473212 ], [ -103.837961645719204, 19.64305493658485 ], [ -103.848488854937187, 19.642439347037495 ], [ -103.849604103017981, 19.650801489350343 ], [ -103.868241718566779, 19.65398577844773 ], [ -103.874179674965561, 19.652604278722752 ], [ -103.873429088583009, 19.657906696672452 ], [ -103.890256468917983, 19.656248311929943 ], [ -103.910546919442424, 19.657878625843026 ], [ -103.914407378966104, 19.66305704765011 ], [ -103.904317772580853, 19.662282377184674 ], [ -103.894617705196296, 19.679586765685048 ], [ -103.878090609525188, 19.696317774049056 ], [ -103.887725186298894, 19.701697473505352 ], [ -103.897876123290985, 19.702846316259023 ], [ -103.893916246501874, 19.705712453431463 ], [ -103.875370290844444, 19.706480406286541 ], [ -103.872876282758185, 19.713366782653289 ], [ -103.860881245196012, 19.723870755714788 ], [ -103.858489570337355, 19.723831718893045 ], [ -103.865908047070363, 19.729048976716602 ], [ -103.866556881318004, 19.732655963452082 ], [ -103.868833600816544, 19.733482903779141 ], [ -103.867847521297193, 19.736303737507559 ], [ -103.875142852995324, 19.7379131053099 ], [ -103.877486197191445, 19.742720753183661 ], [ -103.884321464806192, 19.74731594371406 ], [ -103.897621144939606, 19.746387911121889 ], [ -103.905357829424432, 19.736218659997654 ], [ -103.911625290090981, 19.740185670610614 ], [ -103.926035608868858, 19.743406246109242 ], [ -103.943611443317792, 19.757870912138706 ], [ -103.944732786867689, 19.767504456545776 ], [ -103.949762896024083, 19.777094817932671 ], [ -103.940496171263646, 19.784045422016057 ], [ -103.937881630558067, 19.792357390747931 ], [ -103.931588047745265, 19.798396582486333 ], [ -103.918111821844164, 19.79993091009198 ], [ -103.903122026762802, 19.804855000119709 ], [ -103.895535503961895, 19.80365735587343 ], [ -103.889827094598218, 19.813374754731594 ], [ -103.888367213074048, 19.8122585733229 ], [ -103.884287136596853, 19.816931229019289 ], [ -103.880343284130831, 19.818076753404853 ], [ -103.875588060700338, 19.815995047154946 ], [ -103.862965530361137, 19.826997912853226 ], [ -103.855092844277465, 19.82405884409744 ], [ -103.856437411983762, 19.826256347430274 ], [ -103.852718469795207, 19.831734724497185 ], [ -103.849162035632574, 19.830907712686379 ], [ -103.84075209916773, 19.821123795846226 ], [ -103.83369759098251, 19.819220154077843 ], [ -103.826943157684951, 19.822211028335726 ], [ -103.821987871372272, 19.821093834062992 ], [ -103.820187280165428, 19.824537963005785 ], [ -103.814933555342023, 19.819272366517172 ], [ -103.798313581704349, 19.811895941685322 ], [ -103.800944082837134, 19.817080395309457 ], [ -103.796980489930519, 19.816501297802603 ], [ -103.795654820069402, 19.825877406286164 ], [ -103.798164664919298, 19.828323931253681 ], [ -103.797996162883919, 19.832306530565912 ], [ -103.802257289490086, 19.836411558445505 ], [ -103.790837559504595, 19.838698231411275 ], [ -103.78756802078766, 19.835007354830061 ], [ -103.782728901224431, 19.833889045322177 ], [ -103.780614608302557, 19.822979077028346 ], [ -103.77798774257613, 19.819992951464005 ], [ -103.771755489007887, 19.822442463417513 ], [ -103.763653562885168, 19.821614814399648 ], [ -103.747850116637125, 19.813942628232684 ], [ -103.739518981104666, 19.816100916540432 ], [ -103.733171921429644, 19.820706559026736 ], [ -103.729657813062261, 19.827581569423884 ], [ -103.71768879804084, 19.838961949914694 ] ] ] } },
{ "type": "Feature", "properties": { "cve_edo": "14", "cve_mpo_ine": "125", "cve_edo_mpo_ine": "14125", "nom_mpo": "SAN IGNACIO CERRO GORDO", "nom_edo": "Jalisco", "alianza_ganadora": "Va por México", "margen_pp": 40.767419310153763, "por_participacion": 47.223130764702034 }, "geometry": { "type": "Polygon", "coordinates": [ [ [ -102.482845795113008, 20.865436164965683 ], [ -102.474348590269372, 20.86805948571277 ], [ -102.459514636519529, 20.864649510200135 ], [ -102.464336599463977, 20.857582972088288 ], [ -102.464188017779108, 20.849643394596637 ], [ -102.468933305900137, 20.849473916091487 ], [ -102.468615903055579, 20.846504444744919 ], [ -102.474150180636855, 20.845912237091319 ], [ -102.474226268788016, 20.849308162670081 ], [ -102.476276453385751, 20.849403065894904 ], [ -102.477611396348664, 20.844482407807845 ], [ -102.475093524607672, 20.833979462390904 ], [ -102.470689744157667, 20.83276165405184 ], [ -102.463726326032003, 20.82646510402822 ], [ -102.466463400872868, 20.820944952878047 ], [ -102.465500366692524, 20.818094926862287 ], [ -102.451648463220295, 20.82653586766067 ], [ -102.435744726842202, 20.828177476562367 ], [ -102.435144896530332, 20.788903032017576 ], [ -102.433246939253067, 20.788614580559727 ], [ -102.469526432035451, 20.673127272007054 ], [ -102.491033818252319, 20.66847973945762 ], [ -102.503789550146905, 20.669089011493167 ], [ -102.514521611727474, 20.672292376717937 ], [ -102.517840524127848, 20.677303302224566 ], [ -102.529600497869311, 20.682206547819678 ], [ -102.535274238148872, 20.687360581254072 ], [ -102.535242643646512, 20.694562023393335 ], [ -102.55880204357436, 20.719327853790688 ], [ -102.580333276941261, 20.730991011278078 ], [ -102.590042250111523, 20.760131315857588 ], [ -102.590480524796291, 20.778335906417666 ], [ -102.589943120179399, 20.782624273346915 ], [ -102.586337869395379, 20.783841255252899 ], [ -102.585657815704565, 20.788778113387043 ], [ -102.582174095972078, 20.788323594983318 ], [ -102.581492034583235, 20.794498803854079 ], [ -102.575005632100982, 20.793471636107391 ], [ -102.573367028304716, 20.799861390588536 ], [ -102.574937997440188, 20.803102238113794 ], [ -102.569364829392498, 20.804866735129565 ], [ -102.568617430746087, 20.808995997935625 ], [ -102.563370374111543, 20.808478181849487 ], [ -102.560523531738454, 20.812197654453573 ], [ -102.553150587631848, 20.80997083512954 ], [ -102.531427574429074, 20.825224525295734 ], [ -102.533358873445209, 20.834778671762436 ], [ -102.507633912995118, 20.843569915314355 ], [ -102.504875313278689, 20.859832927836305 ], [ -102.492113010658855, 20.858150231922941 ], [ -102.482845795113008, 20.865436164965683 ] ] ] } },
{ "type": "Feature", "properties": { "cve_edo": "14", "cve_mpo_ine": "075", "cve_edo_mpo_ine": "14075", "nom_mpo": "SAN JUAN DE LOS LAGOS", "nom_edo": "Jalisco", "alianza_ganadora": "Va por México", "margen_pp": 13.78012048192771, "por_participacion": 53.038994989470623 }, "geometry": { "type": "Polygon", "coordinates": [ [ [ -102.189402797672727, 21.180946708980702 ], [ -102.188357914268963, 21.176978604496824 ], [ -102.194685524284353, 21.173013092044172 ], [ -102.190674364939923, 21.170129938247584 ], [ -102.188692412468228, 21.165085115123848 ], [ -102.196214792612622, 21.161261924281064 ], [ -102.194470964306817, 21.16014692190419 ], [ -102.194674889605011, 21.151928708102353 ], [ -102.197145993582694, 21.151358059245361 ], [ -102.195756266537515, 21.144993492321472 ], [ -102.197636340092885, 21.143299076271742 ], [ -102.194591423905365, 21.141727168488945 ], [ -102.201848444652342, 21.133736830437456 ], [ -102.19510229387528, 21.129544993769674 ], [ -102.192375719173896, 21.118715856849928 ], [ -102.188618318386034, 21.11742400734245 ], [ -102.186697635041654, 21.111801196864093 ], [ -102.191156643200955, 21.109962149247565 ], [ -102.194798039761594, 21.103732563269553 ], [ -102.201240763393244, 21.10056844112404 ], [ -102.223466736246337, 21.100514529736902 ], [ -102.224458365352305, 21.108922916173519 ], [ -102.231414428615381, 21.108376163719406 ], [ -102.240526105086957, 21.120708479236988 ], [ -102.246632934363404, 21.122222973402373 ], [ -102.248640729321011, 21.104901552453846 ], [ -102.254668547393464, 21.102680982851464 ], [ -102.294279197757476, 21.097643156218876 ], [ -102.295647801710103, 21.101971572732563 ], [ -102.310892001905401, 21.102246319037967 ], [ -102.315538730509815, 21.105335359254205 ], [ -102.315840228901408, 21.112010761110184 ], [ -102.312298724001721, 21.122220728557991 ], [ -102.313133931245673, 21.135863440439589 ], [ -102.321902836606696, 21.148656037351216 ], [ -102.337415043956213, 21.155158657393969 ], [ -102.340320372108678, 21.159284274157137 ], [ -102.350277491204295, 21.161639072941412 ], [ -102.351677454832682, 21.164095950733799 ], [ -102.364895296030141, 21.163532600140197 ], [ -102.374338879654701, 21.159682668158467 ], [ -102.379745492750644, 21.164638295648643 ], [ -102.387054804415243, 21.160879080105573 ], [ -102.397817797031252, 21.166926908028898 ], [ -102.401961181403493, 21.161938997232163 ], [ -102.409189437113739, 21.161704184284996 ], [ -102.412915715551037, 21.166332104539702 ], [ -102.409559728431589, 21.175882717172374 ], [ -102.402038405163111, 21.184656747334689 ], [ -102.402663060208951, 21.187687120675058 ], [ -102.413084588492936, 21.184156798077886 ], [ -102.417416502265837, 21.186260609289896 ], [ -102.413738869662737, 21.191373814561402 ], [ -102.396053574803105, 21.200239340255905 ], [ -102.402593106150633, 21.205841531534805 ], [ -102.402963645702982, 21.209842674610488 ], [ -102.407142850759811, 21.213836708563942 ], [ -102.412673151240483, 21.215932788800284 ], [ -102.414300036136453, 21.220226963113298 ], [ -102.427085203969582, 21.223510914573161 ], [ -102.438899715275852, 21.231346594003668 ], [ -102.427556046834098, 21.233511323254152 ], [ -102.41850255654569, 21.238878965745041 ], [ -102.418264818588042, 21.245043334206297 ], [ -102.413816674038571, 21.245576950500844 ], [ -102.416368536522356, 21.251835070644173 ], [ -102.421305078090953, 21.251760051005302 ], [ -102.425905094056787, 21.260461176247947 ], [ -102.423213710052522, 21.261928116292747 ], [ -102.425631917002534, 21.263416796151631 ], [ -102.425020792767185, 21.266769823573377 ], [ -102.427543474117613, 21.267409787729296 ], [ -102.421395197110769, 21.272546578209056 ], [ -102.422410863435474, 21.278564152036719 ], [ -102.423977372005609, 21.281476978705857 ], [ -102.432872375631888, 21.280878380300667 ], [ -102.435682034372078, 21.286280730840648 ], [ -102.44108332939247, 21.289724164327499 ], [ -102.439210468629824, 21.280052895658365 ], [ -102.441976880305603, 21.270953591881895 ], [ -102.452097827375255, 21.27782326763273 ], [ -102.457807582632924, 21.276578567494859 ], [ -102.454676904316813, 21.287499470985527 ], [ -102.456675191701208, 21.296176740077161 ], [ -102.453687176669774, 21.303326572530032 ], [ -102.45203244008745, 21.30459981935546 ], [ -102.448897461710047, 21.299142724540026 ], [ -102.434551007382808, 21.316163920553041 ], [ -102.430105440947017, 21.329727355332984 ], [ -102.432945459617756, 21.327178011442872 ], [ -102.447995839363301, 21.327368814756149 ], [ -102.467042085272709, 21.33662225691986 ], [ -102.470747413257357, 21.336482733376226 ], [ -102.482859738486468, 21.327368384435097 ], [ -102.491311590269405, 21.350980769918387 ], [ -102.480470959864846, 21.351598330182892 ], [ -102.479289503298261, 21.357470858886558 ], [ -102.468921263222285, 21.36439536169808 ], [ -102.463154251023994, 21.377911026808974 ], [ -102.464621613985813, 21.383423735127298 ], [ -102.461688349951743, 21.384983063934335 ], [ -102.461405335862651, 21.392454537530181 ], [ -102.4541489853884, 21.404583303994361 ], [ -102.443057858643286, 21.404045457448092 ], [ -102.433706287183909, 21.400310800401694 ], [ -102.426639447007332, 21.407691062843881 ], [ -102.421809412226509, 21.408280001471855 ], [ -102.41724968087162, 21.412407126442762 ], [ -102.403410765403009, 21.403890931533844 ], [ -102.401033891803991, 21.393932767888803 ], [ -102.396615957668558, 21.393258330416778 ], [ -102.389966182457485, 21.385852631640148 ], [ -102.381887569516095, 21.387516282317641 ], [ -102.37652785999849, 21.396489493112021 ], [ -102.372821110947285, 21.397179111823537 ], [ -102.368394697108329, 21.402753016306217 ], [ -102.366141861901312, 21.400615442378172 ], [ -102.358635569514817, 21.411050606611013 ], [ -102.351011632807683, 21.406753451312962 ], [ -102.348271041406448, 21.409874450552529 ], [ -102.328856947496334, 21.402504823759163 ], [ -102.323275728395103, 21.388303415845225 ], [ -102.316913262754895, 21.387100891897145 ], [ -102.313252511505851, 21.392999533869283 ], [ -102.30952788877994, 21.39058056604258 ], [ -102.311115057374892, 21.382749636432546 ], [ -102.306894502915682, 21.384678810810104 ], [ -102.299983620645804, 21.383149903870155 ], [ -102.300591290593346, 21.375736854881957 ], [ -102.298411910588811, 21.375336130662582 ], [ -102.286322606450852, 21.379008492100901 ], [ -102.284331148587086, 21.380137594390273 ], [ -102.287227450925357, 21.382726061753946 ], [ -102.278244809664159, 21.38431164540226 ], [ -102.275315167750918, 21.385859948978844 ], [ -102.275746246683894, 21.388464455260927 ], [ -102.267225672340857, 21.389672826390939 ], [ -102.259744870150868, 21.396337042900822 ], [ -102.251159940756438, 21.388730822289464 ], [ -102.242615200844838, 21.386586242115467 ], [ -102.24393109121732, 21.381447609344711 ], [ -102.230754865736472, 21.381356326109032 ], [ -102.228292508902157, 21.399080696898206 ], [ -102.225336325358313, 21.405304094109283 ], [ -102.222635273590313, 21.406022501508065 ], [ -102.211441290868478, 21.403642618570384 ], [ -102.215549244887754, 21.393813191437378 ], [ -102.215842151550945, 21.385246017489667 ], [ -102.212882747362102, 21.382613990232645 ], [ -102.19533449108286, 21.3882127540762 ], [ -102.195173379269093, 21.390448079543141 ], [ -102.190416679192481, 21.391590805844601 ], [ -102.18717175029812, 21.398429398802584 ], [ -102.179281300551253, 21.397608444208132 ], [ -102.176181645963226, 21.391542166121582 ], [ -102.166065450634093, 21.382864336724118 ], [ -102.159405410019644, 21.380788621600114 ], [ -102.156588921946096, 21.38179622015927 ], [ -102.154970791492403, 21.3861491949115 ], [ -102.145516526073038, 21.389964862946741 ], [ -102.143812710773034, 21.379832363212181 ], [ -102.147854022872181, 21.379066644367288 ], [ -102.149454756502365, 21.374195611869695 ], [ -102.143388826402244, 21.365146073572198 ], [ -102.14246222692293, 21.355444809218767 ], [ -102.139720843284081, 21.353304495621117 ], [ -102.155837915411055, 21.347504199580619 ], [ -102.156987060098501, 21.345403485264871 ], [ -102.163379873011621, 21.324694374912077 ], [ -102.167452279052242, 21.300155300735117 ], [ -102.17284154599291, 21.289605989492063 ], [ -102.131390605979334, 21.297454538354152 ], [ -102.132634844331207, 21.290566736818739 ], [ -102.144796957121557, 21.280460259798378 ], [ -102.144844158915532, 21.277063680564506 ], [ -102.142627112548851, 21.275426629895019 ], [ -102.129760400731755, 21.276827021499127 ], [ -102.122427942297179, 21.270376516546303 ], [ -102.137105471750218, 21.264570472874833 ], [ -102.140433735038542, 21.255744154624789 ], [ -102.139813817021675, 21.24859733952669 ], [ -102.142827986589751, 21.244890864777194 ], [ -102.144109020955597, 21.232753414179196 ], [ -102.147484262351256, 21.226735296136283 ], [ -102.14508234640472, 21.22416657442793 ], [ -102.145584375916215, 21.215743300975024 ], [ -102.142363626176135, 21.21201540300655 ], [ -102.144433601850608, 21.208925051171629 ], [ -102.156938330507728, 21.198848848734105 ], [ -102.162212612845806, 21.203946147747889 ], [ -102.16721522920551, 21.202888780804869 ], [ -102.170288414526382, 21.198644916715967 ], [ -102.171254210893807, 21.191627076702197 ], [ -102.18514340349212, 21.188408719684649 ], [ -102.189402797672727, 21.180946708980702 ] ] ] } },
{ "type": "Feature", "properties": { "cve_edo": "14", "cve_mpo_ine": "007", "cve_edo_mpo_ine": "14007", "nom_mpo": "SAN JUANITO DE ESCOBEDO", "nom_edo": "Jalisco", "alianza_ganadora": "Juntos Haremos Historia", "margen_pp": 2.2245989304812834, "por_participacion": 62.38323992527355 }, "geometry": { "type": "Polygon", "coordinates": [ [ [ -104.090049544700108, 20.882197617478013 ], [ -104.091641324227425, 20.887143178439462 ], [ -104.079715226922275, 20.892980880549203 ], [ -104.076808203661642, 20.899407235066867 ], [ -104.080261362457605, 20.900581474702093 ], [ -104.07989799358441, 20.902768056216544 ], [ -104.077661615257199, 20.904325457462729 ], [ -104.066691154735324, 20.90538253872003 ], [ -104.058800366427249, 20.911575594072701 ], [ -104.02303020922804, 20.91179344313964 ], [ -104.020211546343845, 20.902198127272829 ], [ -104.021188016959954, 20.843734573900374 ], [ -103.985131926590881, 20.845512527020613 ], [ -103.979695487648371, 20.843086200666388 ], [ -103.980477463222499, 20.839704834387572 ], [ -103.973553307299028, 20.831282450081876 ], [ -103.967056522145953, 20.82988184385702 ], [ -103.967444857109882, 20.823772999782332 ], [ -103.963805654468345, 20.824742617663532 ], [ -103.961417256566733, 20.822374942036703 ], [ -103.95775975447927, 20.826358586772589 ], [ -103.943842778868785, 20.830900240801444 ], [ -103.939747016892184, 20.839298982453435 ], [ -103.933917231075824, 20.843723164332609 ], [ -103.932466483203584, 20.841402069251505 ], [ -103.924219867801881, 20.83866789782904 ], [ -103.92239503145295, 20.830646292827275 ], [ -103.926340835377644, 20.827573603935246 ], [ -103.92618344415331, 20.824640985513177 ], [ -103.909858017388018, 20.811616534801889 ], [ -103.917357066444026, 20.804345986655953 ], [ -103.93313272910811, 20.772084933228204 ], [ -103.937421291473854, 20.772069622043979 ], [ -103.942260138911706, 20.768618685054456 ], [ -103.94181337646134, 20.755564918510551 ], [ -103.952190919227974, 20.758693349309539 ], [ -103.961950552288769, 20.747730560615754 ], [ -103.961996916433449, 20.740107591572364 ], [ -103.965672737213112, 20.734494547937832 ], [ -103.971627350305909, 20.730759259150201 ], [ -103.977454129296333, 20.719026249847335 ], [ -103.991566400451021, 20.71600053537604 ], [ -104.012107193627884, 20.728381533741661 ], [ -104.020045066492713, 20.726768753413015 ], [ -104.032074911406468, 20.728492862121541 ], [ -104.017420517202055, 20.754887247847552 ], [ -104.027422642242087, 20.764237735619513 ], [ -104.027139959108453, 20.772798234481694 ], [ -104.035942905528145, 20.75872297947069 ], [ -104.047098738495961, 20.756654493324589 ], [ -104.047810246314995, 20.754878021333084 ], [ -104.052195869570127, 20.758328240198985 ], [ -104.059759091650747, 20.75955567434228 ], [ -104.048631170663072, 20.76890697828393 ], [ -104.048911283785301, 20.772052464811559 ], [ -104.054286408757349, 20.777533636598356 ], [ -104.068630150769692, 20.785363942183917 ], [ -104.06418358645918, 20.81066910435235 ], [ -104.071515436598119, 20.811729773475516 ], [ -104.075602049346244, 20.817081603223464 ], [ -104.074006799863966, 20.819682527979015 ], [ -104.072249239696973, 20.818890158798791 ], [ -104.072116173693047, 20.822737500068122 ], [ -104.065515595449199, 20.829250969869001 ], [ -104.069682536729559, 20.843705564236362 ], [ -104.060986663937868, 20.845618752999133 ], [ -104.06630671425151, 20.850933910306182 ], [ -104.074868269914589, 20.85324015592861 ], [ -104.070635935896874, 20.883221289249189 ], [ -104.08050169577858, 20.882925413564255 ], [ -104.079433939476232, 20.871088629588751 ], [ -104.086945632437974, 20.871983872121405 ], [ -104.084135034261863, 20.876424151009029 ], [ -104.090049544700108, 20.882197617478013 ] ] ] } },
{ "type": "Feature", "properties": { "cve_edo": "14", "cve_mpo_ine": "076", "cve_edo_mpo_ine": "14076", "nom_mpo": "SAN JULIAN", "nom_edo": "Jalisco", "alianza_ganadora": "Va por México", "margen_pp": 36.809588533300385, "por_participacion": 61.529689044324485 }, "geometry": { "type": "Polygon", "coordinates": [ [ [ -102.124899396799933, 20.892780101722462 ], [ -102.118677249349361, 20.889567848845601 ], [ -102.114084389727324, 20.878983963339699 ], [ -102.110895937042088, 20.876674846258258 ], [ -102.126302862881602, 20.870354013247528 ], [ -102.128410913655927, 20.874600270505816 ], [ -102.134084875703564, 20.875584482320853 ], [ -102.137289884921955, 20.881044414366738 ], [ -102.138540910645659, 20.879695925841741 ], [ -102.140795351695303, 20.881958740571303 ], [ -102.153001933037444, 20.881373088708266 ], [ -102.160804014234543, 20.876325210814407 ], [ -102.154669411522278, 20.883837347688548 ], [ -102.154362569329479, 20.892805979366621 ], [ -102.151351527279772, 20.898267693694443 ], [ -102.165306010823485, 20.910897777614213 ], [ -102.17350029941143, 20.908025550383499 ], [ -102.181830929594312, 20.90792578213836 ], [ -102.184214875968109, 20.905267914915292 ], [ -102.193376371377198, 20.904475075140486 ], [ -102.195633447027859, 20.902477182210337 ], [ -102.204118493019266, 20.909865282229116 ], [ -102.210210534302689, 20.904482138101134 ], [ -102.215477429255344, 20.909553404078004 ], [ -102.223798598621329, 20.910154617699384 ], [ -102.225534464069668, 20.899215654658967 ], [ -102.241396096966824, 20.897802203586206 ], [ -102.242026414881039, 20.905027554797936 ], [ -102.252595828753513, 20.911938006615195 ], [ -102.249486611213399, 20.91737158737677 ], [ -102.238806714208579, 20.914993735923286 ], [ -102.23610410712611, 20.920442829350417 ], [ -102.232272436439416, 20.921399674123816 ], [ -102.229006612653066, 20.941239222412545 ], [ -102.21739853981542, 20.965681201964127 ], [ -102.214951791962704, 20.969016531712484 ], [ -102.208643133974334, 20.970486526221617 ], [ -102.202144228086013, 20.9787166945388 ], [ -102.218706347012258, 20.986521371284827 ], [ -102.215255803437969, 20.990178253681687 ], [ -102.215939118406396, 20.997818959327265 ], [ -102.208365885471622, 21.012883557816181 ], [ -102.21288800505917, 21.019111934205046 ], [ -102.219660928642611, 21.046024108866494 ], [ -102.218808280343737, 21.054229785632096 ], [ -102.214515774172838, 21.059412785551242 ], [ -102.217595079371407, 21.068613299987458 ], [ -102.217499508123183, 21.077532040711425 ], [ -102.225004280697135, 21.08574104354809 ], [ -102.222464581348987, 21.092062382158783 ], [ -102.223466736246337, 21.100514529736902 ], [ -102.201240763393244, 21.10056844112404 ], [ -102.194798039761594, 21.103732563269553 ], [ -102.191156643200955, 21.109962149247565 ], [ -102.186697635041654, 21.111801196864093 ], [ -102.18137030112706, 21.10558959941978 ], [ -102.167015970936532, 21.109633019708493 ], [ -102.167507627214775, 21.103480878516137 ], [ -102.156578159732163, 21.102991331205565 ], [ -102.15762031963169, 21.090852574116482 ], [ -102.143892133586093, 21.100760667620605 ], [ -102.137013473800337, 21.101522303214679 ], [ -102.137938832062545, 21.105572742818953 ], [ -102.128846384719495, 21.101081579963964 ], [ -102.124371850038386, 21.103255055722297 ], [ -102.123671950263116, 21.101848483001543 ], [ -102.117202873188688, 21.103064993255767 ], [ -102.116779308478968, 21.090880432637608 ], [ -102.109031664559353, 21.088540558881668 ], [ -102.105065808456175, 21.080845044947139 ], [ -102.093894855449093, 21.08258088677454 ], [ -102.092146559127173, 21.078940348304126 ], [ -102.094707182912146, 21.070318317741496 ], [ -102.088799453019277, 21.063689302709502 ], [ -102.094114162502947, 21.063471964741922 ], [ -102.099202299877007, 21.060437312758499 ], [ -102.108458399725905, 21.06112778550639 ], [ -102.109249291780472, 21.055150415148479 ], [ -102.105687661374986, 21.054075014907379 ], [ -102.110089035377342, 21.041782818951155 ], [ -102.113018701203615, 21.041942099253507 ], [ -102.1165940989098, 21.025882290696153 ], [ -102.112203353497648, 21.025416444854557 ], [ -102.114693803166787, 21.007320336830176 ], [ -102.110540668931222, 20.998599449755499 ], [ -102.102435660508363, 20.995611226151585 ], [ -102.10496695155355, 20.990852282048927 ], [ -102.113030483218466, 20.984549681848133 ], [ -102.119657267003362, 20.984340304153868 ], [ -102.122457605174546, 20.973060422093337 ], [ -102.117723287978833, 20.972136571379821 ], [ -102.120029345674951, 20.958538537659557 ], [ -102.107306086327029, 20.950829627908217 ], [ -102.104051277003336, 20.944927254499891 ], [ -102.11026374380323, 20.944878222334424 ], [ -102.113413194880664, 20.941860623127464 ], [ -102.119850432915769, 20.942474567047512 ], [ -102.111745518520749, 20.935605822056363 ], [ -102.111723887176609, 20.933045590050106 ], [ -102.115320302529526, 20.931519730101307 ], [ -102.107467954411945, 20.931549276390164 ], [ -102.10677195855736, 20.922952628773356 ], [ -102.11193902551318, 20.910008394164542 ], [ -102.109831198013495, 20.905854107884942 ], [ -102.111486826619227, 20.896666305072998 ], [ -102.121577928808975, 20.899718584197085 ], [ -102.124899396799933, 20.892780101722462 ] ] ] } },
{ "type": "Feature", "properties": { "cve_edo": "14", "cve_mpo_ine": "077", "cve_edo_mpo_ine": "14077", "nom_mpo": "SAN MARCOS", "nom_edo": "Jalisco", "alianza_ganadora": "Movimiento Ciudadano", "margen_pp": 8.6143843965867539, "por_participacion": 80.53010471204189 }, "geometry": { "type": "Polygon", "coordinates": [ [ [ -104.281689175697181, 20.735408450269315 ], [ -104.284596527573683, 20.740874240332904 ], [ -104.293514425480353, 20.742070802952462 ], [ -104.289504054939229, 20.74560540141108 ], [ -104.272827201292557, 20.746108258261319 ], [ -104.265290922672619, 20.750121808353263 ], [ -104.264810347436907, 20.752184985502367 ], [ -104.27253634248504, 20.756847005358736 ], [ -104.271701820099096, 20.759239045363177 ], [ -104.276954525055331, 20.765376611630874 ], [ -104.276118302955339, 20.768099127076439 ], [ -104.284454333423867, 20.768549997036498 ], [ -104.283433127025972, 20.784407640364034 ], [ -104.292361973531143, 20.783952050002668 ], [ -104.332595713816119, 20.794949751256063 ], [ -104.338972626390557, 20.787871609417124 ], [ -104.343064692627749, 20.79185431882793 ], [ -104.353755386943149, 20.791485497780428 ], [ -104.354085293714164, 20.796278617342917 ], [ -104.348545820156332, 20.800221365572899 ], [ -104.346281065596713, 20.807151753756205 ], [ -104.353660774209999, 20.811643546529204 ], [ -104.358095493524885, 20.817940579201711 ], [ -104.35896288683152, 20.833476002226561 ], [ -104.361060050237271, 20.837284906261715 ], [ -104.359795765209824, 20.841334145285341 ], [ -104.349411561118089, 20.84646236501451 ], [ -104.341686277745708, 20.844452188820384 ], [ -104.334359008811902, 20.846078646546921 ], [ -104.331267134801863, 20.842349374738578 ], [ -104.317398865356253, 20.838415511807387 ], [ -104.312999236387512, 20.840340988865872 ], [ -104.308115449845488, 20.846643714804898 ], [ -104.295292792100526, 20.845190738658538 ], [ -104.295284610054466, 20.85740751330961 ], [ -104.280019743434252, 20.872687467176025 ], [ -104.282547940124672, 20.886041279015672 ], [ -104.278143399700696, 20.888792036582036 ], [ -104.274954502091859, 20.895430833761193 ], [ -104.271200186458387, 20.896572770466289 ], [ -104.268770668444901, 20.903710186566169 ], [ -104.266370748246757, 20.90308097505104 ], [ -104.265566081603623, 20.898946505567903 ], [ -104.268092706094563, 20.897097509190456 ], [ -104.268240253622452, 20.889124796329043 ], [ -104.272114705805436, 20.887157144349981 ], [ -104.266386663695172, 20.883540242160525 ], [ -104.260664117933956, 20.893762832315254 ], [ -104.254224010046485, 20.892456155238449 ], [ -104.241945210903822, 20.900750993698342 ], [ -104.240133408233405, 20.899586762931769 ], [ -104.22570995812714, 20.916133906451286 ], [ -104.217258515539669, 20.919237689113508 ], [ -104.216010700097414, 20.923363540693799 ], [ -104.202070995081641, 20.921485532521316 ], [ -104.196062496301096, 20.915055870833985 ], [ -104.188973783019264, 20.914611419954198 ], [ -104.183894817801672, 20.910209747575792 ], [ -104.172976841563454, 20.914415695843676 ], [ -104.167956964423269, 20.910013830804473 ], [ -104.167166042723366, 20.903441673783206 ], [ -104.154264421736769, 20.892930450970852 ], [ -104.147536656894701, 20.890709591892062 ], [ -104.140465732715754, 20.879361513942847 ], [ -104.147274299073885, 20.880086395007183 ], [ -104.1494097350065, 20.874052367275198 ], [ -104.154468711889578, 20.871378740622333 ], [ -104.153926649573023, 20.858674973171791 ], [ -104.146656028537791, 20.856087066187182 ], [ -104.144827447507126, 20.858481058739752 ], [ -104.139042774552095, 20.850932528965657 ], [ -104.12720142320147, 20.84630185056621 ], [ -104.128334444720252, 20.841547431435352 ], [ -104.133093830358462, 20.840321551400997 ], [ -104.127718077141068, 20.833642848074607 ], [ -104.132260245918161, 20.82757541885724 ], [ -104.128631973057168, 20.824626096786201 ], [ -104.134392113580304, 20.822451774309457 ], [ -104.136164575898718, 20.819271571682794 ], [ -104.132256041517238, 20.812763188572383 ], [ -104.124087134272969, 20.815674361224552 ], [ -104.125862031441784, 20.811873651657653 ], [ -104.133205260431311, 20.809994113824565 ], [ -104.137798834525086, 20.805664407690191 ], [ -104.14125557493449, 20.807288990040885 ], [ -104.13746613352852, 20.800325970216644 ], [ -104.136343083228951, 20.786420371613382 ], [ -104.130259082028459, 20.781311760934745 ], [ -104.130267913750501, 20.778912034750036 ], [ -104.126279245323587, 20.77852677897209 ], [ -104.126522382598864, 20.776251938482666 ], [ -104.132229778892224, 20.770951066984583 ], [ -104.194035887553483, 20.783615314857261 ], [ -104.195693044986172, 20.779275586331146 ], [ -104.20073658703771, 20.7801587081448 ], [ -104.202814583953597, 20.772592774877886 ], [ -104.206448411133138, 20.773885537152132 ], [ -104.205947158725493, 20.765443490418384 ], [ -104.191288740954789, 20.744466087048274 ], [ -104.184375487798121, 20.741674034959757 ], [ -104.185439230834234, 20.739318694314377 ], [ -104.199482912236746, 20.732117906975649 ], [ -104.209051693748606, 20.729868805985419 ], [ -104.212156890549167, 20.731077219020296 ], [ -104.220270030572877, 20.725223785605625 ], [ -104.234520935647183, 20.726254462001776 ], [ -104.240981138893275, 20.723623060592423 ], [ -104.281689175697181, 20.735408450269315 ] ] ] } },
{ "type": "Feature", "properties": { "cve_edo": "14", "cve_mpo_ine": "078", "cve_edo_mpo_ine": "14078", "nom_mpo": "SAN MARTIN DE BOLAÑOS", "nom_edo": "Jalisco", "alianza_ganadora": "Va por México", "margen_pp": 20.171919770773638, "por_participacion": 70.76236820762368 }, "geometry": { "type": "Polygon", "coordinates": [ [ [ -103.884440736098625, 21.781232757336205 ], [ -103.885136118195319, 21.771971177223922 ], [ -103.875500127877331, 21.774532496213599 ], [ -103.875659036747791, 21.754638823104518 ], [ -103.861180246288782, 21.74629906147948 ], [ -103.851149174064133, 21.745631049050541 ], [ -103.848990401436481, 21.740781566134828 ], [ -103.846382184482337, 21.742919793639668 ], [ -103.837684429140793, 21.735722461585706 ], [ -103.832946553296296, 21.738760045345114 ], [ -103.824106188503023, 21.736317746612595 ], [ -103.813651031569151, 21.737837477884835 ], [ -103.80277869632053, 21.729345344614529 ], [ -103.796696484415108, 21.729934830325554 ], [ -103.792602358621124, 21.733843071317931 ], [ -103.776438075547347, 21.732559987906917 ], [ -103.771792709830152, 21.729557772476383 ], [ -103.7729008732137, 21.721539838636097 ], [ -103.767877129323978, 21.722836931231154 ], [ -103.764764195212152, 21.720256202013875 ], [ -103.7609123077996, 21.723006857811438 ], [ -103.751055574960475, 21.723202332780371 ], [ -103.746611996443477, 21.726156255114741 ], [ -103.745268094422386, 21.723874233594486 ], [ -103.739420573284576, 21.724711039356048 ], [ -103.732186912044128, 21.720494228506467 ], [ -103.72680034842989, 21.723194274958153 ], [ -103.726254404398247, 21.715870717898746 ], [ -103.718590909746965, 21.714546095950723 ], [ -103.71160355982812, 21.708840881174627 ], [ -103.706235214450317, 21.708603892529815 ], [ -103.705540878682129, 21.6968127116738 ], [ -103.696931260366171, 21.69601946115624 ], [ -103.688748012457751, 21.702507333956863 ], [ -103.681611709193376, 21.70196988447649 ], [ -103.679571967899093, 21.707251952679332 ], [ -103.672577551567656, 21.712174232754922 ], [ -103.653192659512484, 21.716733259373484 ], [ -103.646598564248663, 21.723393797438238 ], [ -103.64772307511835, 21.71392956462865 ], [ -103.651241095967748, 21.70836727870293 ], [ -103.650694127753454, 21.70178807252567 ], [ -103.653653442360181, 21.70039954695779 ], [ -103.655996287702848, 21.703060407277547 ], [ -103.659321679461087, 21.699812833627373 ], [ -103.658650715044445, 21.694101421495581 ], [ -103.662230543341678, 21.687960197770391 ], [ -103.664532771008581, 21.687766972775403 ], [ -103.663986019175965, 21.681063697062601 ], [ -103.669836022713227, 21.679609128660999 ], [ -103.672537064721851, 21.68161011966205 ], [ -103.678705393820678, 21.667170487582968 ], [ -103.682792098889848, 21.664588517547553 ], [ -103.685147462711996, 21.665263827920977 ], [ -103.685766667254157, 21.6699822857688 ], [ -103.688597952688369, 21.670039907006267 ], [ -103.692049391720289, 21.665262043863603 ], [ -103.690840642411089, 21.660457510514938 ], [ -103.693865724551799, 21.657786456000846 ], [ -103.693718154289215, 21.653070700978514 ], [ -103.696958926347605, 21.653626805713174 ], [ -103.702161505388474, 21.642158462583851 ], [ -103.696586433179462, 21.637618765752187 ], [ -103.693211834987693, 21.630196313832862 ], [ -103.684253217229056, 21.619888038573926 ], [ -103.683454157529255, 21.615664833156714 ], [ -103.684576588329861, 21.605951920449648 ], [ -103.700000539076086, 21.600497600688577 ], [ -103.708850499880072, 21.599637421488556 ], [ -103.703165443505512, 21.59402202939776 ], [ -103.703895800810898, 21.590303796587538 ], [ -103.698508978185814, 21.583862374522059 ], [ -103.699065023324664, 21.578988174022431 ], [ -103.69249446403272, 21.572846386335065 ], [ -103.691680130436893, 21.56074653078835 ], [ -103.686336309771406, 21.556798507591182 ], [ -103.688701418238097, 21.552026831434969 ], [ -103.686460750270271, 21.535197299007635 ], [ -103.692867128597484, 21.533626309956112 ], [ -103.693176001808013, 21.527485045161914 ], [ -103.688640708078381, 21.527220274209917 ], [ -103.686126347183418, 21.521426780105013 ], [ -103.682659241476941, 21.522317376988777 ], [ -103.680645194204288, 21.520586353872069 ], [ -103.678874625883623, 21.511718862513014 ], [ -103.674042886250177, 21.511082030719315 ], [ -103.671301841240009, 21.506409650673479 ], [ -103.685163657813561, 21.502142505152889 ], [ -103.691352716933636, 21.495138389035908 ], [ -103.694254507985775, 21.489438702977413 ], [ -103.693821373448358, 21.47840656148761 ], [ -103.700571730850754, 21.467872701800147 ], [ -103.683294165805407, 21.463117217359272 ], [ -103.667599151768314, 21.465610809708995 ], [ -103.659526577346071, 21.464161880784307 ], [ -103.664650046372273, 21.456334880661931 ], [ -103.662738173342944, 21.443900479459955 ], [ -103.650968569877335, 21.435253500423251 ], [ -103.649643676054438, 21.439326040099083 ], [ -103.638983130621014, 21.437765807206116 ], [ -103.635349843525958, 21.439900903623059 ], [ -103.627195100104515, 21.434758998201051 ], [ -103.626630568004288, 21.429618145107803 ], [ -103.620727974586444, 21.426787034917123 ], [ -103.620062589077577, 21.424094172449447 ], [ -103.622421130516912, 21.424869909777573 ], [ -103.624583185600954, 21.42270138816707 ], [ -103.625331654628212, 21.417879401254371 ], [ -103.628944747335069, 21.416903655905148 ], [ -103.636480263373869, 21.421119447565218 ], [ -103.641076828573389, 21.421275941098553 ], [ -103.664210924640628, 21.402247613532111 ], [ -103.67097006676633, 21.403512978638609 ], [ -103.68654847795041, 21.395487222391679 ], [ -103.705352392924368, 21.392018708203913 ], [ -103.70626671268441, 21.39017179949013 ], [ -103.701807315146652, 21.385262851589559 ], [ -103.704829394626884, 21.380677814893954 ], [ -103.715817181847413, 21.379236313405464 ], [ -103.717911872700952, 21.384095803345591 ], [ -103.725610025271351, 21.387475565642017 ], [ -103.727361789573308, 21.390290975879658 ], [ -103.741237944243096, 21.395184662429063 ], [ -103.742442959266839, 21.401135059492475 ], [ -103.750782939044143, 21.405961581731187 ], [ -103.755506525915564, 21.415106519497222 ], [ -103.753644627029203, 21.421745003656632 ], [ -103.74751131463897, 21.422749616045806 ], [ -103.744529836998211, 21.429300358678159 ], [ -103.745199953484004, 21.436156562673322 ], [ -103.741695094811448, 21.441342485514006 ], [ -103.745163026590902, 21.453908572378069 ], [ -103.751997870386205, 21.465209931604047 ], [ -103.748845022749904, 21.470603966936093 ], [ -103.749768302775564, 21.474282407621175 ], [ -103.756454645747937, 21.480505003069787 ], [ -103.760284071919031, 21.48089361601323 ], [ -103.75908255173232, 21.485140538724252 ], [ -103.752941495141883, 21.487094726019606 ], [ -103.75592551567054, 21.491277782101978 ], [ -103.775250493134024, 21.493344724688466 ], [ -103.779741192611766, 21.49134129615879 ], [ -103.784438860522997, 21.494912023986178 ], [ -103.784861295566643, 21.493014758993429 ], [ -103.792046071518229, 21.494449163589699 ], [ -103.792599559335542, 21.489951509273308 ], [ -103.799335814898939, 21.486801100963529 ], [ -103.814841192043971, 21.498384112485994 ], [ -103.825560596429426, 21.500492185330387 ], [ -103.831939321454925, 21.510302463741663 ], [ -103.831977324676799, 21.514637526649867 ], [ -103.842068531809716, 21.512778709568636 ], [ -103.847121458693067, 21.516514304712398 ], [ -103.851785585122641, 21.515211460097689 ], [ -103.859994999853768, 21.524945320192199 ], [ -103.863308808106353, 21.535155499804326 ], [ -103.860976039599791, 21.542247554988833 ], [ -103.862736959235519, 21.544029594997923 ], [ -103.861527597304331, 21.550465403390838 ], [ -103.871899273936492, 21.546587571117144 ], [ -103.88083260493616, 21.550278444034578 ], [ -103.891952106357166, 21.560927429438873 ], [ -103.891096479119469, 21.572086430510133 ], [ -103.894919148273203, 21.573513360145601 ], [ -103.901068118075528, 21.571564230515076 ], [ -103.904924091799018, 21.576216928909165 ], [ -103.919510445392433, 21.581426462810935 ], [ -103.921792243177947, 21.591444746433414 ], [ -103.920593438114878, 21.596013405306241 ], [ -103.911202946736921, 21.612588788389044 ], [ -103.914591961740101, 21.615190922235477 ], [ -103.914661510843615, 21.619322639923247 ], [ -103.92356914442621, 21.623974024781095 ], [ -103.929512197579314, 21.636048026987741 ], [ -103.920680923549924, 21.64523367789036 ], [ -103.915079465862149, 21.644754350478088 ], [ -103.915644431776997, 21.650051089294472 ], [ -103.911824071745201, 21.659588874319034 ], [ -103.908034877924777, 21.662467502505393 ], [ -103.911087182164422, 21.665707126257182 ], [ -103.903341411089286, 21.669354070248218 ], [ -103.901545923786827, 21.674681687831725 ], [ -103.903055038212074, 21.679858556223198 ], [ -103.896060473392112, 21.686569179939813 ], [ -103.896339052680119, 21.702122198011594 ], [ -103.902699080851946, 21.71708199291302 ], [ -103.907943245568759, 21.718801089195246 ], [ -103.910745247410645, 21.725265799506538 ], [ -103.927746444525567, 21.737169229639747 ], [ -103.935358374148791, 21.750478834405062 ], [ -103.930863593330372, 21.752320840385735 ], [ -103.920716438086501, 21.751036104058713 ], [ -103.92011798564252, 21.765303050411127 ], [ -103.923395969694397, 21.771273310271912 ], [ -103.921316837759846, 21.773994085293538 ], [ -103.912201154022611, 21.778958759449324 ], [ -103.884440736098625, 21.781232757336205 ] ] ] } },
{ "type": "Feature", "properties": { "cve_edo": "14", "cve_mpo_ine": "079", "cve_edo_mpo_ine": "14079", "nom_mpo": "SAN MARTIN HIDALGO", "nom_edo": "Jalisco", "alianza_ganadora": "Juntos Haremos Historia", "margen_pp": 13.685384901450353, "por_participacion": 54.627823825776048 }, "geometry": { "type": "Polygon", "coordinates": [ [ [ -103.857957710646801, 20.579628426383763 ], [ -103.847910476476187, 20.584980277683822 ], [ -103.841102372524503, 20.582481974867218 ], [ -103.836595135277435, 20.58313113782641 ], [ -103.836324816614933, 20.586276407772434 ], [ -103.828569853637205, 20.591661280306329 ], [ -103.81546081473472, 20.594101150233929 ], [ -103.803109274559787, 20.579204656951077 ], [ -103.795789327516673, 20.579828716434541 ], [ -103.788872154715747, 20.570895425160131 ], [ -103.784933938223006, 20.569058076200406 ], [ -103.777181308058644, 20.574895569591231 ], [ -103.774748155113059, 20.570360417123169 ], [ -103.766297532834258, 20.56834289719907 ], [ -103.763446067246662, 20.562527892305216 ], [ -103.738682569907255, 20.556469157619667 ], [ -103.732794071810133, 20.551870791616448 ], [ -103.732351010202464, 20.546827293203357 ], [ -103.728930286118754, 20.543289948088166 ], [ -103.730709153085343, 20.537613231924546 ], [ -103.728354573826067, 20.535848262636726 ], [ -103.725558616824841, 20.538263264116992 ], [ -103.721249460922806, 20.533159160080768 ], [ -103.71991298846406, 20.525763168961721 ], [ -103.715074046958946, 20.520165627831105 ], [ -103.714799041695244, 20.513838959445696 ], [ -103.720258020036908, 20.515509723329636 ], [ -103.726511728414252, 20.51314813991468 ], [ -103.73698577527783, 20.520511817291013 ], [ -103.7433595713686, 20.520881493418432 ], [ -103.751611991924534, 20.527334855177745 ], [ -103.756990372940777, 20.526255661596768 ], [ -103.766941183149527, 20.534280223910624 ], [ -103.772963596237119, 20.533738406724527 ], [ -103.776525287288621, 20.529638186879005 ], [ -103.779277617380515, 20.532658071845752 ], [ -103.783020589573425, 20.532986669774139 ], [ -103.77863192341772, 20.526589302656703 ], [ -103.793176454498465, 20.532600603809485 ], [ -103.799337841854779, 20.532363147831536 ], [ -103.805437926396635, 20.534891457108557 ], [ -103.815300195940026, 20.531191253328249 ], [ -103.824570978174918, 20.531783509764118 ], [ -103.828674085953097, 20.536124603488748 ], [ -103.824153050244632, 20.53867756757715 ], [ -103.825323700398016, 20.541940860123727 ], [ -103.839469547240981, 20.538287058338732 ], [ -103.836780745994744, 20.527053529428457 ], [ -103.842183392842387, 20.521941736841168 ], [ -103.847357502190036, 20.509728251378593 ], [ -103.847125861231206, 20.505805792216311 ], [ -103.843958740483885, 20.504562878298753 ], [ -103.844432178044428, 20.499815656029696 ], [ -103.848542055674912, 20.496064236278453 ], [ -103.85388166783855, 20.494874066553635 ], [ -103.856232048502008, 20.490087967374659 ], [ -103.854829298112151, 20.483480362818838 ], [ -103.865272312604404, 20.481842277578398 ], [ -103.865627170068876, 20.477796669972118 ], [ -103.87085104399506, 20.473179032443692 ], [ -103.87091257984963, 20.468926614669325 ], [ -103.875077632001378, 20.468271033773537 ], [ -103.876956792312029, 20.464887770055466 ], [ -103.872915879615704, 20.455345806882232 ], [ -103.875562429674588, 20.444036456893407 ], [ -103.872052690736751, 20.430201304941203 ], [ -103.88367330446367, 20.413782687658482 ], [ -103.8835000227363, 20.409695088719811 ], [ -103.880803053721607, 20.408866318934422 ], [ -103.870670963208809, 20.391555366247928 ], [ -103.869305051068906, 20.395148160420398 ], [ -103.857877723333175, 20.391828216412499 ], [ -103.853142991566898, 20.399517027752001 ], [ -103.851677229073815, 20.398735735905575 ], [ -103.848460215001694, 20.379926013356858 ], [ -103.843599191925449, 20.374263311276483 ], [ -103.857967475232712, 20.365611797023508 ], [ -103.879363290661843, 20.365348343833315 ], [ -103.883352127878723, 20.359779091584059 ], [ -103.891555322365704, 20.365692051521542 ], [ -103.884107091138475, 20.37245503076981 ], [ -103.885079330119197, 20.384931984505439 ], [ -103.900514334967028, 20.386757791101122 ], [ -103.904972632150375, 20.38106463409861 ], [ -103.907733320062562, 20.367153568665 ], [ -103.915534143815705, 20.35427931082797 ], [ -103.911666108895233, 20.353738945616524 ], [ -103.911961125506409, 20.347711281005662 ], [ -103.915888366649426, 20.3469304743065 ], [ -103.930602512685454, 20.33608472773059 ], [ -103.934765655087574, 20.326839686679776 ], [ -103.947600466329646, 20.323009776264726 ], [ -103.950812574847689, 20.339650829200981 ], [ -103.955074231057495, 20.339569708702193 ], [ -103.961230020997135, 20.332141493510495 ], [ -103.963660608876097, 20.335100110562067 ], [ -103.967263363854968, 20.333699801550392 ], [ -103.97376162518249, 20.335046464795006 ], [ -103.975847173900718, 20.338380844848739 ], [ -103.985651281340296, 20.337915243578582 ], [ -103.99212108919447, 20.336984038949257 ], [ -103.99435195301966, 20.333318773648379 ], [ -103.99674444700662, 20.333171650937143 ], [ -103.996174642626315, 20.325102421977427 ], [ -103.998583523820813, 20.32168383241828 ], [ -104.016883467780872, 20.319064323185763 ], [ -104.01946356655651, 20.316810623313145 ], [ -104.026238150346273, 20.317944128686548 ], [ -104.030863807088565, 20.332304563142621 ], [ -104.020785871244811, 20.347335294388731 ], [ -104.027416067227534, 20.354211598096484 ], [ -104.032211113602614, 20.355971418322326 ], [ -104.032597226949221, 20.362951723333016 ], [ -104.041504243017982, 20.380891113190838 ], [ -104.039548190286411, 20.386433718101287 ], [ -104.041418009666259, 20.395029093743211 ], [ -104.028257664343698, 20.389291337099642 ], [ -104.019530192186465, 20.390886774846901 ], [ -104.016533690669519, 20.388418551249728 ], [ -104.008205288720973, 20.393416496631602 ], [ -104.002371633048952, 20.393249256652592 ], [ -103.991620746996162, 20.399638344100335 ], [ -103.992483964630694, 20.404910816615079 ], [ -104.000479731640183, 20.409945780981168 ], [ -104.015675569506371, 20.412669507626912 ], [ -104.003069448541112, 20.42613623680867 ], [ -103.999059257656924, 20.441697499394962 ], [ -103.995035691173115, 20.445482488551491 ], [ -103.993636762531622, 20.471180329845531 ], [ -103.980841092068886, 20.471499435055424 ], [ -103.977428427362128, 20.484244895833278 ], [ -103.95387972127736, 20.461219238611768 ], [ -103.951687425770032, 20.463814531531227 ], [ -103.946910788424645, 20.464026794501748 ], [ -103.944895812950065, 20.466457672727891 ], [ -103.947228267349729, 20.472612341073884 ], [ -103.94600573386478, 20.482678771219497 ], [ -103.941636270148436, 20.484137711424211 ], [ -103.941500898433674, 20.488200190082765 ], [ -103.935666249362939, 20.487408639060543 ], [ -103.941418601645296, 20.493548452584236 ], [ -103.929673459126448, 20.495945043115459 ], [ -103.928720500108952, 20.498093735415871 ], [ -103.92572038859818, 20.49641172313169 ], [ -103.922816869960286, 20.499498793993293 ], [ -103.924810114647016, 20.50216811011839 ], [ -103.923313451150861, 20.507214984431752 ], [ -103.927368134943421, 20.510522386606048 ], [ -103.926030996465329, 20.519509599846387 ], [ -103.923011592798048, 20.522140076403755 ], [ -103.918296837464439, 20.521273285919229 ], [ -103.915688987750883, 20.524113734181711 ], [ -103.916443267142611, 20.526897757508664 ], [ -103.913188920729667, 20.529194033088004 ], [ -103.904172461517234, 20.527505457215952 ], [ -103.895610329223814, 20.529634651492191 ], [ -103.886983099200179, 20.533006828374955 ], [ -103.878572726139012, 20.540277889313813 ], [ -103.877917811930956, 20.541557941437819 ], [ -103.893324261460336, 20.552006615773426 ], [ -103.868572620079718, 20.566528801347161 ], [ -103.864747124488687, 20.565694888206714 ], [ -103.857957710646801, 20.579628426383763 ] ] ] } },
{ "type": "Feature", "properties": { "cve_edo": "14", "cve_mpo_ine": "080", "cve_edo_mpo_ine": "14080", "nom_mpo": "SAN MIGUEL EL ALTO", "nom_edo": "Jalisco", "alianza_ganadora": "Va por México", "margen_pp": 24.598968270793584, "por_participacion": 55.875384979862595 }, "geometry": { "type": "Polygon", "coordinates": [ [ [ -102.474348590269372, 20.86805948571277 ], [ -102.487518289910966, 20.865971659537266 ], [ -102.494410983407874, 20.881382309791679 ], [ -102.491819035567318, 20.883912162001558 ], [ -102.492696672056098, 20.889617859806432 ], [ -102.490448502598426, 20.892770645302214 ], [ -102.494411513214473, 20.899212735881893 ], [ -102.493100451270678, 20.907948075647845 ], [ -102.49777419783284, 20.913366267473801 ], [ -102.508352731640628, 20.919807644915618 ], [ -102.523146671677807, 20.920789952037655 ], [ -102.524221678160742, 20.924310221779258 ], [ -102.535410378292553, 20.932193583217245 ], [ -102.541380334253972, 20.930443191896284 ], [ -102.546549673069904, 20.933100256641207 ], [ -102.546151384604897, 20.938172740508119 ], [ -102.555645042036602, 20.940340346076475 ], [ -102.567120577852222, 20.961557025273326 ], [ -102.563018083728451, 20.969478609141284 ], [ -102.561482303943038, 20.982020113466991 ], [ -102.569019998465933, 20.989397377996866 ], [ -102.569975015695633, 20.993411475183006 ], [ -102.571558743823388, 20.992644426650781 ], [ -102.572412977814849, 21.001197735334951 ], [ -102.550464109461259, 21.018871584408132 ], [ -102.545812313855933, 21.016756670224872 ], [ -102.544902868306551, 21.014146337012065 ], [ -102.538110424149991, 21.016052556098458 ], [ -102.527727246012802, 21.026916416518993 ], [ -102.525630579598058, 21.032341288222611 ], [ -102.544619117569951, 21.037711118909503 ], [ -102.549931161920981, 21.05638458976955 ], [ -102.552391946912167, 21.061736124187483 ], [ -102.556805255396611, 21.064508759515075 ], [ -102.551450363490972, 21.068577380725696 ], [ -102.552291097313301, 21.072301366626469 ], [ -102.548901630479378, 21.075813801727495 ], [ -102.539967529435671, 21.077746431600488 ], [ -102.539419606020658, 21.080976293513782 ], [ -102.531929751407816, 21.086648546279651 ], [ -102.51741744355445, 21.088668036753084 ], [ -102.502539344821344, 21.083512505200094 ], [ -102.495203781120637, 21.07397095677517 ], [ -102.495814722681203, 21.070202859513699 ], [ -102.491354105184328, 21.060970561897776 ], [ -102.482160710641182, 21.057675440265463 ], [ -102.469597481149393, 21.067206982722727 ], [ -102.438447992455096, 21.073457656489133 ], [ -102.437662602822641, 21.076768221318957 ], [ -102.434730181467302, 21.07641598302073 ], [ -102.432830901113661, 21.079511408520549 ], [ -102.421256734894726, 21.081544123511808 ], [ -102.428628434780009, 21.097019060312622 ], [ -102.427380712592964, 21.104011649658272 ], [ -102.418695453547272, 21.103535213959571 ], [ -102.417899947107287, 21.099716084903118 ], [ -102.415031033219194, 21.09861781612873 ], [ -102.403930489478, 21.099408261182422 ], [ -102.403190942722404, 21.104418351964156 ], [ -102.399144244657833, 21.103850124065044 ], [ -102.398988333901912, 21.109320369790741 ], [ -102.394292562853309, 21.109203237827295 ], [ -102.393504175348198, 21.11276215017946 ], [ -102.375771004339569, 21.113211865891831 ], [ -102.370392036386122, 21.110146109263663 ], [ -102.364301387861232, 21.100028563236062 ], [ -102.359980008485451, 21.096928991923697 ], [ -102.356807593400347, 21.097278212149497 ], [ -102.349864256786859, 21.107505109869205 ], [ -102.346108273204322, 21.107352307725918 ], [ -102.34040049931636, 21.101257456580068 ], [ -102.326948668793307, 21.110272995469675 ], [ -102.31686459507128, 21.1085371181242 ], [ -102.310892001905401, 21.102246319037967 ], [ -102.295647801710103, 21.101971572732563 ], [ -102.294279197757476, 21.097643156218876 ], [ -102.254668547393464, 21.102680982851464 ], [ -102.248640729321011, 21.104901552453846 ], [ -102.246632934363404, 21.122222973402373 ], [ -102.240526105086957, 21.120708479236988 ], [ -102.231414428615381, 21.108376163719406 ], [ -102.224458365352305, 21.108922916173519 ], [ -102.222464581348987, 21.092062382158783 ], [ -102.225004280697135, 21.08574104354809 ], [ -102.217499508123183, 21.077532040711425 ], [ -102.217595079371407, 21.068613299987458 ], [ -102.214515774172838, 21.059412785551242 ], [ -102.218808280343737, 21.054229785632096 ], [ -102.219660928642611, 21.046024108866494 ], [ -102.21288800505917, 21.019111934205046 ], [ -102.208365885471622, 21.012883557816181 ], [ -102.215939118406396, 20.997818959327265 ], [ -102.215255803437969, 20.990178253681687 ], [ -102.218706347012258, 20.986521371284827 ], [ -102.202144228086013, 20.9787166945388 ], [ -102.208643133974334, 20.970486526221617 ], [ -102.214951791962704, 20.969016531712484 ], [ -102.21739853981542, 20.965681201964127 ], [ -102.229006612653066, 20.941239222412545 ], [ -102.232272436439416, 20.921399674123816 ], [ -102.23610410712611, 20.920442829350417 ], [ -102.238806714208579, 20.914993735923286 ], [ -102.246719573993744, 20.91766210249973 ], [ -102.251790853480927, 20.915871356246765 ], [ -102.252595828753513, 20.911938006615195 ], [ -102.242026414881039, 20.905027554797936 ], [ -102.241396096966824, 20.897802203586206 ], [ -102.235290107012062, 20.897848898268109 ], [ -102.23714865527613, 20.894935436716263 ], [ -102.236691331004565, 20.885581951173108 ], [ -102.244290606963645, 20.883153590448956 ], [ -102.25297519245612, 20.887108102271966 ], [ -102.273482130801625, 20.884341528397183 ], [ -102.271528908159482, 20.894285974293719 ], [ -102.278203234590578, 20.895195118735781 ], [ -102.278217601075596, 20.892216486678244 ], [ -102.28328139945728, 20.897035862330807 ], [ -102.291260701297091, 20.896885019373315 ], [ -102.295139390075704, 20.891968587416649 ], [ -102.317323156686896, 20.89471418781946 ], [ -102.318535650200047, 20.896875458638068 ], [ -102.320070000412969, 20.896271054628947 ], [ -102.318750525128394, 20.887248364947286 ], [ -102.321613962670185, 20.883061860773356 ], [ -102.340767410119383, 20.889659687797597 ], [ -102.351210694100885, 20.890920564115447 ], [ -102.366354110149999, 20.881771186567182 ], [ -102.370872505508231, 20.882518073488971 ], [ -102.371422713125497, 20.886367033010888 ], [ -102.37970382609933, 20.885788983580465 ], [ -102.381448470369421, 20.883513142762077 ], [ -102.381631884332677, 20.870017708958748 ], [ -102.405814100885593, 20.874912449443947 ], [ -102.404126929320682, 20.880846198094705 ], [ -102.411400849597527, 20.885389869600811 ], [ -102.416410218503415, 20.883991116176396 ], [ -102.428914097468024, 20.885680312455833 ], [ -102.428637672314537, 20.883817840128234 ], [ -102.434355634522092, 20.882053260777521 ], [ -102.445080105245083, 20.866448258165565 ], [ -102.453969888360646, 20.864795213389495 ], [ -102.474348590269372, 20.86805948571277 ] ] ] } },
{ "type": "Feature", "properties": { "cve_edo": "14", "cve_mpo_ine": "099", "cve_edo_mpo_ine": "14099", "nom_mpo": "SAN PEDRO TLAQUEPAQUE", "nom_edo": "Jalisco", "alianza_ganadora": "Juntos Haremos Historia", "margen_pp": 5.7199382457288337, "por_participacion": 39.921550380003104 }, "geometry": { "type": "Polygon", "coordinates": [ [ [ -103.425897117835973, 20.615737600577027 ], [ -103.423410848238561, 20.620001270970491 ], [ -103.417265853558817, 20.616086688519594 ], [ -103.408459483645871, 20.620862256246678 ], [ -103.404853128562351, 20.619174636565873 ], [ -103.400354451571687, 20.620636145235146 ], [ -103.40414210249422, 20.62101993763439 ], [ -103.400874194744688, 20.633523402769097 ], [ -103.396628051918555, 20.636568891771425 ], [ -103.399060906682905, 20.626272383369265 ], [ -103.390036428336344, 20.620965288683294 ], [ -103.396224301202949, 20.613093470785884 ], [ -103.394411883652381, 20.611587080531539 ], [ -103.389370114263741, 20.612985699473402 ], [ -103.387790860483634, 20.603944160319088 ], [ -103.384129317613287, 20.611167442296018 ], [ -103.377559838079861, 20.609085364820153 ], [ -103.375232125213572, 20.612830361938226 ], [ -103.368767867792116, 20.610640009522879 ], [ -103.367621839503641, 20.61570731063458 ], [ -103.354068196548681, 20.613822042234801 ], [ -103.352269246436094, 20.615372601123759 ], [ -103.346454492854804, 20.608333130679011 ], [ -103.342096339504664, 20.609007189589811 ], [ -103.339963738898916, 20.610116889691078 ], [ -103.339597478767175, 20.614690129075335 ], [ -103.335855465039359, 20.612983018273912 ], [ -103.33003904668611, 20.618863276673888 ], [ -103.332782852397841, 20.622229889029224 ], [ -103.329093383062258, 20.627991598774557 ], [ -103.324600438825925, 20.626331866529632 ], [ -103.319892873346433, 20.63192654946414 ], [ -103.31785886740731, 20.642563028576344 ], [ -103.320673928674324, 20.646287888828418 ], [ -103.287288431752032, 20.642611717794775 ], [ -103.282230297335715, 20.641223439068597 ], [ -103.286581643407914, 20.626344394345733 ], [ -103.281298146064088, 20.62405211475971 ], [ -103.282121630967225, 20.616421572828141 ], [ -103.284171237142672, 20.614805741726979 ], [ -103.275725098715384, 20.611867096345673 ], [ -103.257259352182245, 20.611935923431272 ], [ -103.254923272718656, 20.596780873694065 ], [ -103.255874430135407, 20.587058652248761 ], [ -103.24047489061418, 20.583204791844146 ], [ -103.24117004961677, 20.57743312147656 ], [ -103.236583333332703, 20.568544444488474 ], [ -103.237729762587435, 20.562094569078305 ], [ -103.252865888339059, 20.558247426483675 ], [ -103.256121717994134, 20.559684077003364 ], [ -103.253582665596312, 20.579447416076338 ], [ -103.258007550218096, 20.585566442648595 ], [ -103.262053697208373, 20.578652339500053 ], [ -103.272906122512936, 20.578998683261787 ], [ -103.272179523526987, 20.576008315649911 ], [ -103.283948563967414, 20.577327300721478 ], [ -103.284240247672344, 20.579810421461477 ], [ -103.288580647487436, 20.580049748112259 ], [ -103.289161495834961, 20.583059676372919 ], [ -103.285604268050704, 20.589688864765812 ], [ -103.294856088628933, 20.593141921718431 ], [ -103.295072804772985, 20.590475403037839 ], [ -103.302365244485898, 20.587589297459949 ], [ -103.306008547756207, 20.576819667872787 ], [ -103.315584071479847, 20.578317044532714 ], [ -103.318882392503795, 20.585155049815153 ], [ -103.331623046551556, 20.578261104888906 ], [ -103.33342631338175, 20.57167737462748 ], [ -103.331446900998188, 20.55385406959541 ], [ -103.343130918386251, 20.555854199739432 ], [ -103.359367563708815, 20.555184307794729 ], [ -103.363535755362435, 20.558687405945125 ], [ -103.363377088707736, 20.562884092640768 ], [ -103.36954385668011, 20.552922692434034 ], [ -103.386480157312818, 20.555781883867503 ], [ -103.391275689851838, 20.551266295633454 ], [ -103.41694695677684, 20.558703622889027 ], [ -103.420776520775547, 20.54549421516024 ], [ -103.425396071897765, 20.542766329850981 ], [ -103.429919154503352, 20.544112214008695 ], [ -103.432571468740747, 20.540682960428455 ], [ -103.434771680105541, 20.541972320428037 ], [ -103.434303273209167, 20.539601629222059 ], [ -103.437677520640975, 20.542233847670992 ], [ -103.445296522552283, 20.54252331365166 ], [ -103.448773834716462, 20.544996899303349 ], [ -103.449650396294899, 20.549929027584824 ], [ -103.456688227472867, 20.551917295190343 ], [ -103.430152445523248, 20.579121252750102 ], [ -103.430998956948685, 20.588125315186193 ], [ -103.423460365658769, 20.584752557644528 ], [ -103.418234980017985, 20.588669295989259 ], [ -103.420044856604889, 20.589622601914076 ], [ -103.419167113572442, 20.605381311662782 ], [ -103.425897117835973, 20.615737600577027 ] ] ] } },
{ "type": "Feature", "properties": { "cve_edo": "14", "cve_mpo_ine": "081", "cve_edo_mpo_ine": "14081", "nom_mpo": "SAN SEBASTIAN DEL OESTE", "nom_edo": "Jalisco", "alianza_ganadora": "Movimiento Ciudadano", "margen_pp": 17.857142857142858, "por_participacion": 76.158096047598818 }, "geometry": { "type": "Polygon", "coordinates": [ [ [ -104.823122990457676, 21.013502369736351 ], [ -104.813095503518554, 21.012890333454095 ], [ -104.808825411267563, 21.009904341795366 ], [ -104.800915826062692, 21.015216067812005 ], [ -104.793743053418751, 21.016154955733899 ], [ -104.786708178247153, 21.02358020556817 ], [ -104.777719439209619, 21.01677064615377 ], [ -104.776744026248409, 21.010027551035183 ], [ -104.758094652082434, 21.012365603943476 ], [ -104.745640972562512, 21.00594080229634 ], [ -104.73679681546075, 21.007943975629441 ], [ -104.734532922197303, 21.01124790564144 ], [ -104.729034082901251, 21.011649236828013 ], [ -104.725598426786348, 21.001478397106975 ], [ -104.727090048488819, 20.991877807511077 ], [ -104.730769668793258, 20.987262066094999 ], [ -104.730398108517491, 20.982661684145349 ], [ -104.719706774961978, 20.983421123590443 ], [ -104.714212467304208, 20.973858009449742 ], [ -104.709685300132094, 20.974656901179699 ], [ -104.709427124205519, 20.970595716628921 ], [ -104.701788984332964, 20.964663406556248 ], [ -104.694335186100815, 20.964531258544557 ], [ -104.692089829345903, 20.959545531067359 ], [ -104.686830009918168, 20.956942223372714 ], [ -104.679610286193963, 20.956935267519818 ], [ -104.683221616321561, 20.946852178450936 ], [ -104.681774235097834, 20.944605605131542 ], [ -104.678653016804063, 20.945785917749447 ], [ -104.673933212201661, 20.941943139430578 ], [ -104.669184682689902, 20.941331068920245 ], [ -104.66422211113489, 20.944942603655221 ], [ -104.663680714199998, 20.939885250085471 ], [ -104.656471734181778, 20.932296893096034 ], [ -104.64841089924677, 20.934561147611667 ], [ -104.63862608953427, 20.932794949797135 ], [ -104.628733536929914, 20.923654056024386 ], [ -104.622603879441854, 20.926510566973281 ], [ -104.619617931178809, 20.923276066848508 ], [ -104.620207144658039, 20.914188202804965 ], [ -104.616501298761619, 20.910908065673006 ], [ -104.613974530973991, 20.890157607124991 ], [ -104.605975891154884, 20.885588593676189 ], [ -104.600567140526721, 20.874339471530199 ], [ -104.594392334328774, 20.871970387469656 ], [ -104.595275216943321, 20.869273524376968 ], [ -104.60103924661621, 20.867036005548826 ], [ -104.600569136754359, 20.865334295858759 ], [ -104.591806363962789, 20.865578018735519 ], [ -104.5922800549492, 20.853917229830923 ], [ -104.58769468331981, 20.849100481504429 ], [ -104.592577241615629, 20.842297811906491 ], [ -104.592166303857866, 20.839849138488908 ], [ -104.599217280646698, 20.840407592052419 ], [ -104.602744661215254, 20.834729511062623 ], [ -104.600368147452627, 20.827961409100897 ], [ -104.609314478028296, 20.832173624431128 ], [ -104.618802150944788, 20.830369420971877 ], [ -104.623596226008303, 20.833934280066064 ], [ -104.630313415184787, 20.829967266074625 ], [ -104.632798811724669, 20.837193667771171 ], [ -104.639167060148907, 20.838538981582612 ], [ -104.64215227115514, 20.836175490804877 ], [ -104.650679803331371, 20.83809393342359 ], [ -104.651275364952639, 20.832203363492688 ], [ -104.646689736482102, 20.82162094217383 ], [ -104.652309812933453, 20.814021437396878 ], [ -104.650254897964174, 20.811330656030631 ], [ -104.65484165329211, 20.802634854750554 ], [ -104.652666716161974, 20.791840420924249 ], [ -104.666993488099564, 20.780302849503645 ], [ -104.672084544601503, 20.769869284902118 ], [ -104.67744231058586, 20.768954120999165 ], [ -104.67863579389028, 20.765233045369918 ], [ -104.682272508162583, 20.765247027722445 ], [ -104.689381732011597, 20.75916471078277 ], [ -104.68950179622577, 20.756258178234688 ], [ -104.695335101882947, 20.755017307834954 ], [ -104.699935995430266, 20.751015396495625 ], [ -104.702544959910014, 20.752467551234105 ], [ -104.708513610893036, 20.750355774687815 ], [ -104.714053287809477, 20.732324419099488 ], [ -104.72613164544191, 20.735289792017085 ], [ -104.737563193051457, 20.732718761866671 ], [ -104.737603829430427, 20.711031249943318 ], [ -104.740212781155421, 20.701181733517704 ], [ -104.747233165422813, 20.699125851413633 ], [ -104.756688034463977, 20.701260619516834 ], [ -104.773892548841246, 20.714353239085185 ], [ -104.777610590249395, 20.713203060733921 ], [ -104.778678386689876, 20.715462357676717 ], [ -104.78528166374079, 20.716597997898194 ], [ -104.790774569294896, 20.72041776774812 ], [ -104.804621397837408, 20.720079651613627 ], [ -104.821022232009412, 20.723932153653937 ], [ -104.823485661951423, 20.721017833311503 ], [ -104.821405805985108, 20.704991797155579 ], [ -104.827467999482906, 20.696948424645083 ], [ -104.83553924863142, 20.701996270349149 ], [ -104.845889067402638, 20.703432673476001 ], [ -104.860720679921187, 20.697744452840382 ], [ -104.871455265386132, 20.697522873539118 ], [ -104.877792641789142, 20.688430395132791 ], [ -104.886218012027442, 20.698188331713627 ], [ -104.891644326762261, 20.702502515131005 ], [ -104.893723960642532, 20.701119079675617 ], [ -104.893002742311438, 20.704972914278756 ], [ -104.897453787711513, 20.711184417815865 ], [ -104.90143974070368, 20.708290315501774 ], [ -104.913725761317522, 20.7156910386826 ], [ -104.920035174284521, 20.716556157512407 ], [ -104.927445616913559, 20.712806867152928 ], [ -104.9318702579112, 20.714446841582518 ], [ -104.939724832079534, 20.711605241286726 ], [ -104.939468922507572, 20.709690522331432 ], [ -104.946075093998232, 20.707703947760933 ], [ -104.94684957177472, 20.704058375910851 ], [ -104.954884141819548, 20.697936287714874 ], [ -104.959897253999529, 20.699458950788436 ], [ -104.960649676428716, 20.696934805996868 ], [ -104.96155786860534, 20.698484461131798 ], [ -104.96481079255085, 20.697033076757009 ], [ -104.968834969390258, 20.704234042048853 ], [ -104.974425855434475, 20.706221155349329 ], [ -104.98261562347696, 20.725568568184993 ], [ -104.994997704546506, 20.743559297660642 ], [ -104.972297232698779, 20.752808615108282 ], [ -104.970352070748234, 20.759388246539917 ], [ -104.97338758158584, 20.766243220142467 ], [ -104.978716670897498, 20.769763852993325 ], [ -104.971926102240673, 20.775114530041041 ], [ -104.973111557490697, 20.780573306779239 ], [ -104.979391557601204, 20.783483591074756 ], [ -104.983898878230264, 20.799290898251414 ], [ -104.991416666884035, 20.798893665585499 ], [ -104.994706952794871, 20.801721558701324 ], [ -105.002726583265542, 20.799627132975093 ], [ -105.002316832661833, 20.805729068975001 ], [ -105.006201426954092, 20.814339737091444 ], [ -105.016014243547573, 20.822904673156096 ], [ -105.020622201585297, 20.824378541073109 ], [ -105.022415291305947, 20.822657379959402 ], [ -105.027198272700332, 20.827290956568543 ], [ -105.037397285067684, 20.831040311896867 ], [ -105.046226766922558, 20.829619278003101 ], [ -105.04734478548643, 20.832583779113175 ], [ -105.039115923278544, 20.848844987322661 ], [ -105.047118265469095, 20.856486140464405 ], [ -105.053043365546728, 20.856388854899773 ], [ -105.048590481546114, 20.864694794565064 ], [ -105.043529385027909, 20.867198486637264 ], [ -105.046233184973474, 20.875454225362084 ], [ -105.058840913890549, 20.885494579716795 ], [ -105.072878482437162, 20.892350684125066 ], [ -105.073713024984514, 20.899603512472247 ], [ -105.081142848718201, 20.903115731235335 ], [ -105.084856715814524, 20.919245691914323 ], [ -105.081718261332767, 20.923788607988474 ], [ -105.061741465415636, 20.929924887140302 ], [ -105.055907010899631, 20.927723618603242 ], [ -105.040523889552901, 20.928437659687365 ], [ -105.037421819707404, 20.922250257974213 ], [ -105.039091887047078, 20.91808784183462 ], [ -105.037135385878031, 20.91215521885848 ], [ -105.02853723509989, 20.907931422319713 ], [ -105.0167393650474, 20.917279002066945 ], [ -105.013395987016182, 20.917055980911858 ], [ -105.009370196620978, 20.92233897461362 ], [ -105.004862566110816, 20.920701802108226 ], [ -105.002729103363706, 20.915099316383024 ], [ -105.004052994245086, 20.910217706572368 ], [ -104.999750767681334, 20.912972299533799 ], [ -104.997236242421778, 20.920333512975667 ], [ -104.991592673845545, 20.921797240039648 ], [ -104.98340344450483, 20.917945986875598 ], [ -104.98056553885489, 20.912505430784435 ], [ -104.975449348559792, 20.914095510680621 ], [ -104.971481418207162, 20.908696590788935 ], [ -104.967719614022272, 20.908147578403845 ], [ -104.962212887204316, 20.917280659008394 ], [ -104.952184526974975, 20.927336432880015 ], [ -104.938980328709675, 20.933448286356278 ], [ -104.931663483890048, 20.933188919702282 ], [ -104.925590018383062, 20.938053494808866 ], [ -104.906353212724611, 20.941822130630225 ], [ -104.89906725181261, 20.950813036936392 ], [ -104.902998475508326, 20.958911959780117 ], [ -104.901857119484006, 20.962426781765803 ], [ -104.893122820224221, 20.968675606952164 ], [ -104.891210594250595, 20.973180299896274 ], [ -104.883805461766343, 20.974299408120796 ], [ -104.881758572798631, 20.981040116188549 ], [ -104.874530989694023, 20.98191126283281 ], [ -104.867318643574762, 20.996120534222765 ], [ -104.861274667798881, 20.995672217677814 ], [ -104.86029031363924, 20.993885439937223 ], [ -104.851659921702719, 21.001416831801357 ], [ -104.854336637712379, 21.004538856296826 ], [ -104.852918200064039, 21.005732046103216 ], [ -104.841576022576007, 21.006992497915409 ], [ -104.838229481942705, 21.014429346180258 ], [ -104.838598241019582, 21.019816510475934 ], [ -104.832063833170821, 21.014434944819982 ], [ -104.828211786584689, 21.018886165809292 ], [ -104.825503149167034, 21.01982303113952 ], [ -104.823122990457676, 21.013502369736351 ] ] ] } },
{ "type": "Feature", "properties": { "cve_edo": "14", "cve_mpo_ine": "082", "cve_edo_mpo_ine": "14082", "nom_mpo": "SANTA MARIA DE LOS ANGELES", "nom_edo": "Jalisco", "alianza_ganadora": "Va por México", "margen_pp": 36.046511627906973, "por_participacion": 69.541778975741238 }, "geometry": { "type": "Polygon", "coordinates": [ [ [ -103.262540832561129, 22.277090610674982 ], [ -103.251457979562602, 22.279968366087019 ], [ -103.227465260513739, 22.271609982433084 ], [ -103.226104282995493, 22.269290589250364 ], [ -103.221008033270593, 22.269901697236264 ], [ -103.224449539812539, 22.26395041670483 ], [ -103.215857269126005, 22.265051331121906 ], [ -103.216334397849991, 22.261452805517905 ], [ -103.210940482588441, 22.263924818847904 ], [ -103.200810367647037, 22.262249985383594 ], [ -103.198791545597715, 22.266631421358163 ], [ -103.19642101118292, 22.267123102256978 ], [ -103.192579261370156, 22.257889230458858 ], [ -103.18860593590351, 22.261439067398559 ], [ -103.182151499150777, 22.25815715741512 ], [ -103.1815041987889, 22.254184059789441 ], [ -103.176237035777248, 22.249249562699084 ], [ -103.175947928941341, 22.243043123729713 ], [ -103.160030658669484, 22.228403973425209 ], [ -103.154596201426088, 22.216683517428574 ], [ -103.160642482769305, 22.21268399609551 ], [ -103.158518367254715, 22.206225234860884 ], [ -103.148503327511392, 22.210877579377666 ], [ -103.137786352834766, 22.208784040018653 ], [ -103.126694560812268, 22.220134586551197 ], [ -103.106799099588642, 22.216733886433143 ], [ -103.109339038889246, 22.221001565998368 ], [ -103.109151113896445, 22.227372211389799 ], [ -103.099778513622297, 22.235704961216538 ], [ -103.099238567164804, 22.23975787782669 ], [ -103.095980770931092, 22.239625220773675 ], [ -103.094425083763582, 22.24863989551395 ], [ -103.087386087808326, 22.242663774602267 ], [ -103.083891306019751, 22.242530234267935 ], [ -103.085066571179581, 22.247828818489435 ], [ -103.078531266616039, 22.258112190265656 ], [ -103.064622775940094, 22.251217238150147 ], [ -103.055832327625936, 22.241888817649347 ], [ -103.062517519555271, 22.234098526143622 ], [ -103.062617293775148, 22.230380927760045 ], [ -103.060615412632487, 22.225456564427812 ], [ -103.048967490279153, 22.217742164690719 ], [ -103.049572589994426, 22.212879197076155 ], [ -103.054070033881516, 22.213150593389109 ], [ -103.060242578412797, 22.217263907232091 ], [ -103.069425890300025, 22.210783830604061 ], [ -103.075976385284548, 22.200769543302471 ], [ -103.084647933812079, 22.204527145415128 ], [ -103.094941631262884, 22.196335477046119 ], [ -103.110591599962547, 22.196203564571444 ], [ -103.121080217248945, 22.185038628873773 ], [ -103.120191467873681, 22.182786031950915 ], [ -103.110559417571565, 22.179504049606063 ], [ -103.101949884616801, 22.173434626765545 ], [ -103.109899953939959, 22.164112626292901 ], [ -103.108482719850798, 22.159450355499022 ], [ -103.112244111582044, 22.160612317918279 ], [ -103.116033289587335, 22.156236113254749 ], [ -103.115552630156785, 22.147583280274699 ], [ -103.111183145359263, 22.140332448883814 ], [ -103.093125782459424, 22.14202403356078 ], [ -103.090350246366924, 22.138086543160547 ], [ -103.080765477363272, 22.135454803563501 ], [ -103.079562045838529, 22.137448339278357 ], [ -103.074696841364002, 22.133283818118315 ], [ -103.08785158653491, 22.115321893721752 ], [ -103.10216332726344, 22.10722305299398 ], [ -103.103705096109593, 22.089237307386277 ], [ -103.140431172829182, 22.089624842403573 ], [ -103.129940609685704, 22.101996364406105 ], [ -103.133662942843529, 22.106250914572623 ], [ -103.128311812915527, 22.108910902380522 ], [ -103.130553182642402, 22.112492156871369 ], [ -103.144970079284278, 22.113624012235075 ], [ -103.15330275135004, 22.12321642790473 ], [ -103.166282675014585, 22.128235284244163 ], [ -103.170114116582241, 22.135682982620036 ], [ -103.180061777592584, 22.142630462653091 ], [ -103.190449428918754, 22.142737579071969 ], [ -103.197350909898958, 22.138094681265077 ], [ -103.210945681892369, 22.137598405444663 ], [ -103.222177545065264, 22.13352012694153 ], [ -103.230866951228393, 22.126108033321838 ], [ -103.231331266258124, 22.129469983814342 ], [ -103.243600115480973, 22.13692897600508 ], [ -103.240670786737752, 22.142091794708698 ], [ -103.233413821380452, 22.146858869968469 ], [ -103.231285423911672, 22.162978194513503 ], [ -103.259948530724415, 22.167296098252773 ], [ -103.266940624981771, 22.151577850557754 ], [ -103.2694359832537, 22.150887344036562 ], [ -103.272096272352726, 22.154801097968758 ], [ -103.278335131946619, 22.152929416864492 ], [ -103.283793125874979, 22.154287821743765 ], [ -103.285615510743582, 22.160809305780091 ], [ -103.283867410225866, 22.170296335281812 ], [ -103.277137216805727, 22.177681068033635 ], [ -103.272346647074258, 22.191753639727629 ], [ -103.27944977045361, 22.199840193990465 ], [ -103.27996830151082, 22.205483303222049 ], [ -103.271488319618243, 22.221649469165943 ], [ -103.294976998811819, 22.233396605521559 ], [ -103.285203817050487, 22.244579511992441 ], [ -103.286799728586459, 22.247450203497387 ], [ -103.281858213696523, 22.251237124024172 ], [ -103.280899667889003, 22.25405163404713 ], [ -103.282680044251123, 22.254725452916741 ], [ -103.262540832561129, 22.277090610674982 ] ] ] } },
{ "type": "Feature", "properties": { "cve_edo": "14", "cve_mpo_ine": "058", "cve_edo_mpo_ine": "14058", "nom_mpo": "SANTA MARIA DEL ORO", "nom_edo": "Jalisco", "alianza_ganadora": "Va por México", "margen_pp": 68.951336531871149, "por_participacion": 72.731804586241282 }, "geometry": { "type": "Polygon", "coordinates": [ [ [ -102.857308796849367, 19.652364158035706 ], [ -102.846095145345586, 19.638650276096623 ], [ -102.834681254100289, 19.636190578779921 ], [ -102.821852953809426, 19.629452387847643 ], [ -102.81999520407895, 19.625793745293425 ], [ -102.813713203541923, 19.630260772474756 ], [ -102.815420883001579, 19.627549229571834 ], [ -102.811396402195811, 19.623008114373651 ], [ -102.810870638979125, 19.618835733939864 ], [ -102.804634009001333, 19.614281573456569 ], [ -102.806624351374992, 19.610987193224652 ], [ -102.805144287484353, 19.605213342041402 ], [ -102.80131407414504, 19.606048658079342 ], [ -102.797365470287318, 19.598609931310126 ], [ -102.79380512786588, 19.606103384916999 ], [ -102.788535942619689, 19.599922692190674 ], [ -102.780138988668142, 19.603008714957632 ], [ -102.783414189520755, 19.599987935198314 ], [ -102.778731054031581, 19.598144127929146 ], [ -102.780544724507649, 19.590590485836465 ], [ -102.775544233851562, 19.595081312354349 ], [ -102.77663392923985, 19.60214291957967 ], [ -102.769873976538435, 19.605745551688848 ], [ -102.767308732051418, 19.613722254956766 ], [ -102.762523539447642, 19.608776068568663 ], [ -102.764667180467384, 19.608045642564687 ], [ -102.763760302420124, 19.605657249271324 ], [ -102.756484999251924, 19.601611231103973 ], [ -102.74871499577668, 19.612094125380754 ], [ -102.739262779982113, 19.614736161906393 ], [ -102.727831969148056, 19.61192501883232 ], [ -102.726595818686107, 19.608952726809534 ], [ -102.719970198247267, 19.6090192304571 ], [ -102.721755405482085, 19.605828707044093 ], [ -102.71861090655355, 19.604682843789632 ], [ -102.717129491753511, 19.599189151729398 ], [ -102.713987062764431, 19.598415305179252 ], [ -102.717959900384983, 19.598160855513648 ], [ -102.718180007831904, 19.593027617181079 ], [ -102.724706097907202, 19.585126851852692 ], [ -102.726462266146115, 19.585849809887591 ], [ -102.722629747229675, 19.582297706577926 ], [ -102.726129602833907, 19.578654615682343 ], [ -102.720725179685445, 19.579259539927477 ], [ -102.72065587347015, 19.574253987685069 ], [ -102.717051922145842, 19.570367971438507 ], [ -102.719642363707038, 19.568308503457622 ], [ -102.713518816412204, 19.56317101385612 ], [ -102.71875282545146, 19.554500169969273 ], [ -102.71851755427177, 19.550117299568637 ], [ -102.715491355346472, 19.545893140301317 ], [ -102.712463135675193, 19.545723741970242 ], [ -102.710599599534106, 19.54140238868855 ], [ -102.716370819221524, 19.533759271060994 ], [ -102.714060767239786, 19.530808873758236 ], [ -102.71823297973026, 19.525378335023227 ], [ -102.717797357216966, 19.51913604731179 ], [ -102.722084744648186, 19.517841495782367 ], [ -102.725040008987406, 19.508619297487588 ], [ -102.725957425255785, 19.51183516977115 ], [ -102.730591846394631, 19.510411931846651 ], [ -102.729901238503373, 19.50677948126075 ], [ -102.73885647895797, 19.498185280013079 ], [ -102.73756728512555, 19.493360441192898 ], [ -102.732248749007866, 19.495744131943773 ], [ -102.723489264438783, 19.493329600160742 ], [ -102.705850639311151, 19.505050926003804 ], [ -102.700427623786652, 19.504124870761572 ], [ -102.701529273998318, 19.508083289977957 ], [ -102.687988085291522, 19.513338877045769 ], [ -102.680099949730518, 19.510828785951762 ], [ -102.663249485800364, 19.499449089743525 ], [ -102.655909157157367, 19.481416237637241 ], [ -102.639045421740732, 19.486046452049589 ], [ -102.639008368637974, 19.496307474979091 ], [ -102.627586094426306, 19.507821686289624 ], [ -102.606577350378402, 19.51158762429149 ], [ -102.594409179955719, 19.524142419202807 ], [ -102.585533620876618, 19.521639894345746 ], [ -102.578114309895383, 19.52490187272965 ], [ -102.57418116164736, 19.520342873246594 ], [ -102.574752928354187, 19.51305274595439 ], [ -102.571310849022822, 19.510511153695408 ], [ -102.574598856726055, 19.503894910451383 ], [ -102.572693698272403, 19.500524621904887 ], [ -102.577575484942059, 19.496634876473781 ], [ -102.583141062107131, 19.485819584126556 ], [ -102.582436736125288, 19.476748308006414 ], [ -102.58567994101449, 19.467174477343367 ], [ -102.594210229680669, 19.462538746442053 ], [ -102.612384943343869, 19.46534693057685 ], [ -102.621033625985746, 19.463472698444978 ], [ -102.635641113209772, 19.443810008428109 ], [ -102.646834375804872, 19.435288816175039 ], [ -102.653163948909906, 19.437006187682488 ], [ -102.655841864832411, 19.442814917873452 ], [ -102.660660552394177, 19.443092171660926 ], [ -102.669260187158017, 19.448762806683725 ], [ -102.673961425207551, 19.447926482449471 ], [ -102.680179657209436, 19.452323996098194 ], [ -102.687491390039753, 19.450078574280766 ], [ -102.694636234952668, 19.4526586278614 ], [ -102.712042487440755, 19.446055474442336 ], [ -102.714664311985857, 19.45165750162618 ], [ -102.718200639097091, 19.448596007523207 ], [ -102.726099427866657, 19.450389206615196 ], [ -102.734282526245806, 19.448716835928618 ], [ -102.7406622064901, 19.445110731272379 ], [ -102.736182784383999, 19.440050382206891 ], [ -102.738020604902943, 19.429115655408861 ], [ -102.74231430889499, 19.428031148022665 ], [ -102.743584417900905, 19.424274341083304 ], [ -102.746720034083381, 19.424801528839968 ], [ -102.749898506438029, 19.41732720539185 ], [ -102.754019856318678, 19.417356469869834 ], [ -102.753878884793707, 19.404488708278901 ], [ -102.762516746240948, 19.399266438168603 ], [ -102.76750719197436, 19.398756582020663 ], [ -102.77034171341063, 19.394128645885917 ], [ -102.770271011523675, 19.387942161492433 ], [ -102.773521727269213, 19.38826225343708 ], [ -102.775969564921255, 19.393204162521066 ], [ -102.779738588532396, 19.391542816451341 ], [ -102.782585770398981, 19.393101345001764 ], [ -102.782590492264021, 19.39532855813771 ], [ -102.779051050438071, 19.395793151517722 ], [ -102.780402955966068, 19.403872992789864 ], [ -102.782667826086438, 19.404443449993206 ], [ -102.783997814415784, 19.402088380919629 ], [ -102.787484302231036, 19.403933591350601 ], [ -102.788141965051352, 19.412881717870995 ], [ -102.794122301425901, 19.413605439821023 ], [ -102.796207807600098, 19.411701595798128 ], [ -102.801609540628419, 19.413251801521042 ], [ -102.800871580739496, 19.420760798738517 ], [ -102.805982211283421, 19.421775640443375 ], [ -102.811285924968274, 19.431080076715904 ], [ -102.817715983090224, 19.425078596011694 ], [ -102.821632240224204, 19.411743359559431 ], [ -102.856162292476057, 19.401034112741073 ], [ -102.857741053958847, 19.397366173769043 ], [ -102.852880578815927, 19.391254985028365 ], [ -102.858351111085284, 19.387263196119761 ], [ -102.859845987503249, 19.392461807669608 ], [ -102.863266226870564, 19.394611550541775 ], [ -102.861980613977153, 19.397372709044703 ], [ -102.868554139884111, 19.413961404676247 ], [ -102.867374679235596, 19.420186961085644 ], [ -102.877052837374748, 19.428037102557777 ], [ -102.875755030405202, 19.435087366353645 ], [ -102.872841039273524, 19.43842353712785 ], [ -102.870579839609718, 19.436894243619992 ], [ -102.867890497091267, 19.442870053397613 ], [ -102.869916773969379, 19.445306321942436 ], [ -102.874505469849026, 19.445560652898823 ], [ -102.880992023715905, 19.452704849827022 ], [ -102.888485589637526, 19.453045537696411 ], [ -102.891865923878115, 19.449132391153359 ], [ -102.891911170723262, 19.453833933736263 ], [ -102.896075288638329, 19.460809452406746 ], [ -102.895188865920375, 19.466293291642987 ], [ -102.900992304432634, 19.468816954404417 ], [ -102.911637404234014, 19.464170785435627 ], [ -102.916421818922231, 19.456423495571109 ], [ -102.913355666667954, 19.451388129313678 ], [ -102.91522374643931, 19.44792621144267 ], [ -102.933736766031529, 19.45590839280495 ], [ -102.936126365476753, 19.452859253938392 ], [ -102.967004788248786, 19.466172367372078 ], [ -102.972005936459809, 19.46432131818608 ], [ -102.974897582942035, 19.470386776679518 ], [ -102.97943704730848, 19.467132827330346 ], [ -102.983433690649548, 19.472910493425104 ], [ -102.985934448237131, 19.471922897508286 ], [ -102.987440951694367, 19.473903899505665 ], [ -102.99110720420785, 19.471350010656309 ], [ -103.000392995186431, 19.476801880316629 ], [ -103.0064948839061, 19.476600505551122 ], [ -103.00938728835014, 19.483036730918613 ], [ -103.017518927315749, 19.485063706834858 ], [ -103.033130779448442, 19.495921472292206 ], [ -103.045394026733391, 19.495640192691805 ], [ -103.075466966931145, 19.51520499007195 ], [ -103.085875117679578, 19.512858046073653 ], [ -103.084779203473758, 19.518486790402299 ], [ -103.081934814292865, 19.518896358896448 ], [ -103.079060163067723, 19.52429514522629 ], [ -103.084802448647466, 19.533867071947753 ], [ -103.079787388756429, 19.538274133181019 ], [ -103.079222011360187, 19.545407003854219 ], [ -103.074356447271725, 19.544247478084348 ], [ -103.07462608896715, 19.547587682174413 ], [ -103.070612919677345, 19.549315282801828 ], [ -103.071933478012852, 19.551543290793994 ], [ -103.068857717468362, 19.551746188882554 ], [ -103.06942134867937, 19.55442696916765 ], [ -103.066164895270376, 19.555701691825767 ], [ -103.065858822784037, 19.558299062731269 ], [ -103.056682747498343, 19.559938140591239 ], [ -103.045342813769523, 19.555100562732903 ], [ -103.038088989090085, 19.555504013821896 ], [ -103.043004998244314, 19.557860338749109 ], [ -103.039950865396662, 19.563794119877567 ], [ -103.043561958024611, 19.570725678246752 ], [ -103.041282140570431, 19.573444243827652 ], [ -103.043186518831632, 19.57505466799261 ], [ -103.026230305459109, 19.577424563434789 ], [ -103.028718556112125, 19.587488562083273 ], [ -103.018562558527321, 19.59679342517471 ], [ -103.015289134750546, 19.609405922416983 ], [ -103.009420452739533, 19.610593342293974 ], [ -103.008701947949561, 19.61397332960815 ], [ -103.007044530946246, 19.610095140641615 ], [ -103.003901504022295, 19.611533684486549 ], [ -103.002920038230528, 19.619572443403722 ], [ -103.007255889191981, 19.622093922414308 ], [ -103.007990819340094, 19.62506368100847 ], [ -103.006343042266238, 19.63734836181025 ], [ -103.001840294224493, 19.642454440074761 ], [ -102.998188446136794, 19.641748019573342 ], [ -102.994393278859093, 19.636423380283635 ], [ -102.989812744778334, 19.635756612490024 ], [ -102.988501355723812, 19.632249900766205 ], [ -102.985355253602251, 19.634059142672022 ], [ -102.979311826127741, 19.626586653139881 ], [ -102.977549371261404, 19.629758609950787 ], [ -102.972377785058811, 19.622163642882658 ], [ -102.967979192750818, 19.620424654353769 ], [ -102.966404383711208, 19.613082908227081 ], [ -102.963117928016075, 19.609985061946009 ], [ -102.956036254270529, 19.618755108244571 ], [ -102.955433846993856, 19.630381117459425 ], [ -102.952638243032794, 19.63181929349879 ], [ -102.943861570437917, 19.625412922951888 ], [ -102.940151863739445, 19.6247877342485 ], [ -102.93850736340741, 19.627588385822261 ], [ -102.935793729275531, 19.625604332319082 ], [ -102.930553461049669, 19.62806836971567 ], [ -102.927828023003201, 19.635979390969908 ], [ -102.912722297019627, 19.63017790270516 ], [ -102.907490614823359, 19.615242346398766 ], [ -102.905203527538362, 19.618577350487516 ], [ -102.900024833503196, 19.612506104180135 ], [ -102.900989531380745, 19.61551782408981 ], [ -102.896830471873159, 19.620910350187597 ], [ -102.897626156237152, 19.631219332424404 ], [ -102.894730541311333, 19.630388743572244 ], [ -102.892269118454323, 19.625724701380037 ], [ -102.879802398232556, 19.624378863634703 ], [ -102.876541685164696, 19.633730742173842 ], [ -102.869829055083741, 19.638951999709921 ], [ -102.868808423884076, 19.643526105284778 ], [ -102.860440484651718, 19.644950224612252 ], [ -102.857308796849367, 19.652364158035706 ] ] ] } },
{ "type": "Feature", "properties": { "cve_edo": "14", "cve_mpo_ine": "083", "cve_edo_mpo_ine": "14083", "nom_mpo": "SAYULA", "nom_edo": "Jalisco", "alianza_ganadora": "Movimiento Ciudadano", "margen_pp": 8.2823790994997228, "por_participacion": 51.229843733314354 }, "geometry": { "type": "Polygon", "coordinates": [ [ [ -103.523659032799031, 19.949190049414536 ], [ -103.52455548831739, 19.939372975459396 ], [ -103.522433547975325, 19.934784686320267 ], [ -103.523987100688828, 19.928567637997972 ], [ -103.514039574920744, 19.925250693996809 ], [ -103.514283091349483, 19.912578787315169 ], [ -103.501366737758175, 19.911963405716289 ], [ -103.497200348230606, 19.90725774492039 ], [ -103.500697938665581, 19.905009072855997 ], [ -103.498389715657382, 19.897108185468035 ], [ -103.509851029709168, 19.884064417704042 ], [ -103.509765521066967, 19.876859587564631 ], [ -103.516163981528791, 19.875952796223924 ], [ -103.510555737232238, 19.869485952783489 ], [ -103.510260345337159, 19.852964874985084 ], [ -103.518072011524225, 19.848837185670558 ], [ -103.524410690196589, 19.856805828867941 ], [ -103.527097321425245, 19.85671311050719 ], [ -103.529066604126541, 19.852357989913386 ], [ -103.542582811397281, 19.858311534779343 ], [ -103.543437299869808, 19.852801136827829 ], [ -103.537844920929601, 19.841642152764123 ], [ -103.543505203950545, 19.840337291908572 ], [ -103.544547069943263, 19.837931745330113 ], [ -103.546425753257907, 19.840409083484435 ], [ -103.551736428371868, 19.839353744427946 ], [ -103.552536826147062, 19.835002973490145 ], [ -103.558097752458181, 19.838170002659535 ], [ -103.560959732767373, 19.823666719625049 ], [ -103.566143206048793, 19.820210003060438 ], [ -103.559295250462512, 19.801603404629532 ], [ -103.550152593594362, 19.792942497264033 ], [ -103.544661306759849, 19.77702113631295 ], [ -103.541673591765075, 19.774340661186365 ], [ -103.558903609401128, 19.77630542230845 ], [ -103.562860532478354, 19.773019326609376 ], [ -103.571262356035362, 19.771827887337881 ], [ -103.576818036393419, 19.774249414899508 ], [ -103.583730937671689, 19.765858600499339 ], [ -103.588662028821034, 19.772588343101596 ], [ -103.59929216131043, 19.773912520658403 ], [ -103.604773748543536, 19.772524169420532 ], [ -103.60847432980907, 19.777933174208851 ], [ -103.62078711214717, 19.776806318209719 ], [ -103.626003579331211, 19.781628916985635 ], [ -103.624621242939142, 19.785940609410773 ], [ -103.626914272826468, 19.789657354269281 ], [ -103.64206057129222, 19.795431234975503 ], [ -103.645781493685632, 19.791978935435907 ], [ -103.648443676576179, 19.799751109171389 ], [ -103.652940574099148, 19.800062896983427 ], [ -103.652438483406343, 19.805198905010833 ], [ -103.649583126272901, 19.806411923358588 ], [ -103.647049430901049, 19.814206457348572 ], [ -103.651391036349651, 19.818783269811842 ], [ -103.651153764938684, 19.831242648155325 ], [ -103.644878217776636, 19.832100417515584 ], [ -103.638171847640123, 19.827325742180122 ], [ -103.633568029149629, 19.829398202557304 ], [ -103.631124480726328, 19.838027635960653 ], [ -103.625762746876319, 19.840763499466757 ], [ -103.625939640089967, 19.844581015698964 ], [ -103.628622556407961, 19.846823028618026 ], [ -103.634450827030335, 19.844170253761419 ], [ -103.648910194304506, 19.846914917734235 ], [ -103.655963465495319, 19.846046133435333 ], [ -103.661329288974244, 19.849491717478575 ], [ -103.667390897799038, 19.847916803491756 ], [ -103.676899851530891, 19.855802470956039 ], [ -103.675801738805291, 19.866838858261545 ], [ -103.686993897551687, 19.864932233049167 ], [ -103.696391011864549, 19.875596253063751 ], [ -103.707882473909564, 19.88078293194237 ], [ -103.700070821509186, 19.881985917433951 ], [ -103.69139380365678, 19.892606768162295 ], [ -103.697522895042766, 19.898789157472887 ], [ -103.69577930917734, 19.904307232150686 ], [ -103.694556047451059, 19.905593362268672 ], [ -103.689596215462046, 19.902605753245485 ], [ -103.676533830656652, 19.902770174380475 ], [ -103.677354877373133, 19.907707710630739 ], [ -103.684062839980186, 19.909243696557198 ], [ -103.679933387845537, 19.920694647409718 ], [ -103.67166275023618, 19.932601461544628 ], [ -103.673591618758408, 19.936875298175561 ], [ -103.647953716910379, 19.934102469500594 ], [ -103.625751658395103, 19.921862270049225 ], [ -103.60980268022594, 19.909261065823149 ], [ -103.613926201950122, 19.929862546135183 ], [ -103.606725716777532, 19.929070666376315 ], [ -103.596305836164461, 19.909193350241782 ], [ -103.595656391439391, 19.914397746846234 ], [ -103.573979459630451, 19.92141636828762 ], [ -103.571048065530604, 19.932980352433368 ], [ -103.552391772291386, 19.929452252142273 ], [ -103.529669572076131, 19.946806959993733 ], [ -103.523659032799031, 19.949190049414536 ] ] ] } },
{ "type": "Feature", "properties": { "cve_edo": "14", "cve_mpo_ine": "084", "cve_edo_mpo_ine": "14084", "nom_mpo": "TALA", "nom_edo": "Jalisco", "alianza_ganadora": "Movimiento Ciudadano", "margen_pp": 13.649557763890313, "por_participacion": 51.33405792020195 }, "geometry": { "type": "Polygon", "coordinates": [ [ [ -103.753655358420886, 20.73795627543349 ], [ -103.75047370115675, 20.735782665307674 ], [ -103.744031854762611, 20.737308913162199 ], [ -103.740498724934199, 20.735178514119116 ], [ -103.735197876883461, 20.731775994289023 ], [ -103.732101237571499, 20.724555627797546 ], [ -103.728177806292109, 20.725487880109966 ], [ -103.711955146368112, 20.719871571010035 ], [ -103.698115147972104, 20.719948337861823 ], [ -103.692089225323826, 20.722297554575476 ], [ -103.686040135567922, 20.720924315338547 ], [ -103.685003110183359, 20.714436499257797 ], [ -103.687632499603893, 20.703420531168348 ], [ -103.657250387509947, 20.712020759474065 ], [ -103.659172109387086, 20.700016451292409 ], [ -103.649478899936796, 20.687122039964205 ], [ -103.633477188707047, 20.687949554357253 ], [ -103.627545677228738, 20.686284252381196 ], [ -103.62562671235321, 20.689023723350747 ], [ -103.616325069566741, 20.692669082768113 ], [ -103.613853786685098, 20.691151260661734 ], [ -103.612359923355839, 20.686237104261515 ], [ -103.614668645581574, 20.679856275727047 ], [ -103.612169952151007, 20.673499627789109 ], [ -103.615273314423106, 20.662606678534164 ], [ -103.623851223512688, 20.655780313359188 ], [ -103.620896446536406, 20.651659478482117 ], [ -103.610691335719011, 20.650677105650175 ], [ -103.606726706251365, 20.644120970376086 ], [ -103.60905377861917, 20.641048763783036 ], [ -103.619486478892654, 20.64095470792012 ], [ -103.606567852574017, 20.636801287524346 ], [ -103.602078131460459, 20.63057856766428 ], [ -103.600916170344377, 20.622023124664015 ], [ -103.59595826716469, 20.615802609443325 ], [ -103.598531854104905, 20.614921306264016 ], [ -103.597343502000143, 20.612032106670803 ], [ -103.600526042403658, 20.604861224160391 ], [ -103.59729079719898, 20.60268531725195 ], [ -103.592686229176138, 20.607092141539749 ], [ -103.586679919953355, 20.601869183026416 ], [ -103.592992803318353, 20.582372797234633 ], [ -103.592637923495261, 20.57608611936265 ], [ -103.608602078397794, 20.562638496522787 ], [ -103.612698665012473, 20.551116076029079 ], [ -103.611508552301814, 20.547896102577024 ], [ -103.617491352510115, 20.539138841551932 ], [ -103.610973318757459, 20.536318248770812 ], [ -103.604883025413855, 20.536555843035185 ], [ -103.602041978608625, 20.541657298220947 ], [ -103.594996541700482, 20.538756046536804 ], [ -103.59637934202398, 20.534695975488326 ], [ -103.589745952471958, 20.532081989439472 ], [ -103.576938018347391, 20.536300689790096 ], [ -103.568923379680712, 20.535143751436571 ], [ -103.57260460540688, 20.524968289021285 ], [ -103.588161553519598, 20.520622626165984 ], [ -103.588859918078839, 20.513467043029436 ], [ -103.596986759755708, 20.508005538353224 ], [ -103.593192748611628, 20.499391273157972 ], [ -103.595092566744682, 20.493632870460999 ], [ -103.589115034976416, 20.492794118439342 ], [ -103.594695995596638, 20.485652538137931 ], [ -103.605184946645764, 20.487005978334011 ], [ -103.623031574696498, 20.484846751004589 ], [ -103.637516721309794, 20.48857643960115 ], [ -103.637084901154935, 20.494741321836425 ], [ -103.643241761656725, 20.496115176262961 ], [ -103.656232839674601, 20.504276801823991 ], [ -103.65992316739198, 20.50442246558563 ], [ -103.662767397861643, 20.50027114786479 ], [ -103.683376434092864, 20.499538479663752 ], [ -103.688255015070794, 20.502406790541279 ], [ -103.688182219390328, 20.518827347672669 ], [ -103.694829217950442, 20.523381514578585 ], [ -103.7083324139425, 20.519211138340392 ], [ -103.714799041695244, 20.513838959445696 ], [ -103.715074046958946, 20.520165627831105 ], [ -103.71991298846406, 20.525763168961721 ], [ -103.721249460922806, 20.533159160080768 ], [ -103.725558616824841, 20.538263264116992 ], [ -103.728354573826067, 20.535848262636726 ], [ -103.730709153085343, 20.537613231924546 ], [ -103.728930286118754, 20.543289948088166 ], [ -103.732351010202464, 20.546827293203357 ], [ -103.732794071810133, 20.551870791616448 ], [ -103.738682569907255, 20.556469157619667 ], [ -103.763446067246662, 20.562527892305216 ], [ -103.766297532834258, 20.56834289719907 ], [ -103.774748155113059, 20.570360417123169 ], [ -103.777181308058644, 20.574895569591231 ], [ -103.784933938223006, 20.569058076200406 ], [ -103.788872154715747, 20.570895425160131 ], [ -103.795789327516673, 20.579828716434541 ], [ -103.803109274559787, 20.579204656951077 ], [ -103.81546081473472, 20.594101150233929 ], [ -103.828569853637205, 20.591661280306329 ], [ -103.836324816614933, 20.586276407772434 ], [ -103.836595135277435, 20.58313113782641 ], [ -103.841102372524503, 20.582481974867218 ], [ -103.847910476476187, 20.584980277683822 ], [ -103.845906437303043, 20.596650998532041 ], [ -103.841510062462291, 20.59633724188981 ], [ -103.832570484697413, 20.603071593091954 ], [ -103.827250363840449, 20.602342579033351 ], [ -103.817062849857962, 20.608920213631905 ], [ -103.814842945642482, 20.610789558746198 ], [ -103.81579986925199, 20.615831575708587 ], [ -103.811789116920039, 20.624614166686911 ], [ -103.80254768586272, 20.629776340295212 ], [ -103.800981247997001, 20.634124511158632 ], [ -103.796478288991096, 20.636953064079748 ], [ -103.787624834646337, 20.63628167630155 ], [ -103.784593381796853, 20.640883004800816 ], [ -103.77400421063075, 20.646709997421887 ], [ -103.771208504355513, 20.651847867436878 ], [ -103.768454778996983, 20.652270914131876 ], [ -103.766453766809221, 20.650003180380526 ], [ -103.769499442050403, 20.666038975024396 ], [ -103.758511823842412, 20.676043207910535 ], [ -103.757419138306972, 20.682291649048683 ], [ -103.762948348291175, 20.687442488667184 ], [ -103.766347268491813, 20.686893298551027 ], [ -103.76565996298622, 20.691610239098889 ], [ -103.768487272530351, 20.695281283605713 ], [ -103.769517776288907, 20.704955088019069 ], [ -103.773869970964839, 20.708579475812961 ], [ -103.774125852325014, 20.714657945288035 ], [ -103.781413533311024, 20.719057788125973 ], [ -103.775395290111348, 20.725447510775663 ], [ -103.771446750812444, 20.736833989449448 ], [ -103.767459613012278, 20.737219795386878 ], [ -103.767452329585225, 20.735110668196754 ], [ -103.753655358420886, 20.73795627543349 ] ] ] } },
{ "type": "Feature", "properties": { "cve_edo": "14", "cve_mpo_ine": "085", "cve_edo_mpo_ine": "14085", "nom_mpo": "TALPA DE ALLENDE", "nom_edo": "Jalisco", "alianza_ganadora": "Juntos Haremos Historia", "margen_pp": 7.6682692307692308, "por_participacion": 71.600688468158353 }, "geometry": { "type": "Polygon", "coordinates": [ [ [ -104.905569650043773, 20.556799122179022 ], [ -104.905433519579049, 20.545490918298896 ], [ -104.89935398894869, 20.544222417834117 ], [ -104.899310524252002, 20.535772566111888 ], [ -104.893744475442872, 20.529411407505208 ], [ -104.886158206629261, 20.526437720849355 ], [ -104.870095177877374, 20.535106646652441 ], [ -104.864591142679501, 20.528496308338894 ], [ -104.860000847708179, 20.531043727264866 ], [ -104.861097546792664, 20.526285367129034 ], [ -104.853026922916641, 20.51866900994786 ], [ -104.85674049419967, 20.509407759069937 ], [ -104.852060188178015, 20.502510789270048 ], [ -104.837628391489957, 20.505716701164779 ], [ -104.836743021478895, 20.512919686591619 ], [ -104.828814613976661, 20.50915492079082 ], [ -104.823726141189496, 20.502213856725746 ], [ -104.816666929053866, 20.486854993554278 ], [ -104.828749807165565, 20.484302548328198 ], [ -104.831759103343728, 20.481707148461741 ], [ -104.810987277054579, 20.468064550367036 ], [ -104.814731126478634, 20.461993652895163 ], [ -104.8136300002583, 20.454491330642902 ], [ -104.821033706157294, 20.451337132941415 ], [ -104.825299651944619, 20.44568266557329 ], [ -104.813223201979511, 20.43522892645597 ], [ -104.810486183081935, 20.427470223702397 ], [ -104.800119268694985, 20.41993788197626 ], [ -104.804306814949825, 20.418659388273394 ], [ -104.810662983739064, 20.408417651396704 ], [ -104.800051932228172, 20.404348739227636 ], [ -104.790717404512705, 20.41391279017223 ], [ -104.782788787099548, 20.404636975153007 ], [ -104.780641612578819, 20.396590756924809 ], [ -104.773656755266913, 20.398958368177581 ], [ -104.761861781112444, 20.396496611253795 ], [ -104.756678342726815, 20.400115274723539 ], [ -104.753535679169602, 20.397986934083345 ], [ -104.75454456290646, 20.390826189569196 ], [ -104.763099413561321, 20.377242311663224 ], [ -104.761328721504569, 20.360582240809208 ], [ -104.748334627827319, 20.349373722070801 ], [ -104.73688990154676, 20.34740913447148 ], [ -104.725718445795351, 20.341468849950186 ], [ -104.725275795995785, 20.338898429970843 ], [ -104.732265752009596, 20.329822588215478 ], [ -104.732518888698195, 20.321871116161592 ], [ -104.736188793215675, 20.31733398652176 ], [ -104.735495260789804, 20.310495926097186 ], [ -104.72544838093448, 20.303443111928406 ], [ -104.72561835039879, 20.286068683003425 ], [ -104.720516908525937, 20.270127548175921 ], [ -104.718212300033798, 20.267539047485879 ], [ -104.711617894305277, 20.270287631332756 ], [ -104.708763135459876, 20.269469821242719 ], [ -104.718285542036796, 20.258228758541456 ], [ -104.715328884590818, 20.247978028723352 ], [ -104.709842283430362, 20.242833505543814 ], [ -104.706282537073463, 20.233900844381985 ], [ -104.70946672591603, 20.232194492898937 ], [ -104.710768466509251, 20.222937771954342 ], [ -104.705060430405652, 20.212866368038693 ], [ -104.711667179774622, 20.196710181222759 ], [ -104.706044728184665, 20.180680530708273 ], [ -104.709470728056104, 20.165982408143115 ], [ -104.704211078911513, 20.16154343309104 ], [ -104.704910868817635, 20.15757766959112 ], [ -104.702605796183278, 20.155154462032552 ], [ -104.703533034102449, 20.151646183407184 ], [ -104.706284469060932, 20.151466713040922 ], [ -104.706176565687102, 20.145026867151909 ], [ -104.709173058904454, 20.145743267396583 ], [ -104.712031383827792, 20.150414338457079 ], [ -104.718091893996231, 20.147818159635523 ], [ -104.718822282991766, 20.149935912214904 ], [ -104.723007490748543, 20.147618455465338 ], [ -104.724854276075177, 20.149374754807813 ], [ -104.743482003460045, 20.143101734755916 ], [ -104.75389169020788, 20.134719485969875 ], [ -104.758621903891665, 20.122557323926891 ], [ -104.764615430149291, 20.120463260719827 ], [ -104.76886185009559, 20.12207667718852 ], [ -104.771506069186159, 20.112666751961992 ], [ -104.764828135284404, 20.096628690471611 ], [ -104.769305385510307, 20.085705245471043 ], [ -104.769826439681964, 20.077599154723693 ], [ -104.772897840361097, 20.075311173252164 ], [ -104.770599174557574, 20.072433678553189 ], [ -104.775580669360465, 20.06726715365081 ], [ -104.787777448136197, 20.06448666804933 ], [ -104.794838243757553, 20.065381297653857 ], [ -104.796410295004648, 20.061547528462771 ], [ -104.806929997596953, 20.061688064837526 ], [ -104.808844540609357, 20.058436766913896 ], [ -104.8147687023732, 20.05691970185531 ], [ -104.817343437773332, 20.061040701575774 ], [ -104.819060675066538, 20.059401397275742 ], [ -104.835369677220484, 20.059345844530117 ], [ -104.840678334947029, 20.055753064534489 ], [ -104.847513653094779, 20.060409389211788 ], [ -104.858842401894677, 20.056829760379777 ], [ -104.870790218083954, 20.046137080698561 ], [ -104.880970260178486, 20.045359713672557 ], [ -104.892262972610823, 20.039915373465405 ], [ -104.895705696120871, 20.049340024277335 ], [ -104.909584934776831, 20.060843294124265 ], [ -104.915910549411379, 20.05531221432517 ], [ -104.923199107942381, 20.056700314061946 ], [ -104.944238545762474, 20.052330761698286 ], [ -104.956317037611342, 20.067870348472614 ], [ -104.969233290954989, 20.076055468276497 ], [ -104.978480183169779, 20.0755043625234 ], [ -104.977092287101854, 20.07730106058807 ], [ -104.983001923459, 20.08865126071456 ], [ -104.984828563746106, 20.100415043142135 ], [ -104.980564323508958, 20.109911773212943 ], [ -105.005002089659726, 20.124205279076897 ], [ -105.012200020213626, 20.126306885231728 ], [ -105.016578774023486, 20.124116058977677 ], [ -105.026386641915039, 20.124653167232861 ], [ -105.033503446156331, 20.135010924620062 ], [ -105.032559191796764, 20.137813316483214 ], [ -105.044613884401571, 20.14221430666025 ], [ -105.053881981688022, 20.15560392164009 ], [ -105.064152655740259, 20.158887522008261 ], [ -105.072854725946357, 20.171600344259812 ], [ -105.083912349196282, 20.168881382039618 ], [ -105.096239201676468, 20.173300114962281 ], [ -105.09457161574791, 20.179769336691358 ], [ -105.096857912635016, 20.182759109725293 ], [ -105.093735143752198, 20.186222686012869 ], [ -105.093921474559451, 20.190708554880821 ], [ -105.099943490089188, 20.19572889136257 ], [ -105.102526268671895, 20.195325198986179 ], [ -105.106384864346296, 20.200342568643489 ], [ -105.118449378555695, 20.189673910225679 ], [ -105.139979734033744, 20.191770754463136 ], [ -105.147671812385354, 20.205496699346373 ], [ -105.146802144928998, 20.207678647238719 ], [ -105.150323785411885, 20.214680197559883 ], [ -105.148061625177306, 20.216377565377805 ], [ -105.148365515103052, 20.220907192402834 ], [ -105.151119659849911, 20.223203731887718 ], [ -105.170332306128586, 20.232138938782647 ], [ -105.181365688061575, 20.233106782894978 ], [ -105.180364071471942, 20.235950238867776 ], [ -105.184163685965615, 20.236067652223653 ], [ -105.184822268779357, 20.237948284290763 ], [ -105.193599380543446, 20.235301325160805 ], [ -105.19487071596518, 20.238522103173633 ], [ -105.199235099691265, 20.239521919461978 ], [ -105.200586485769733, 20.251998617354825 ], [ -105.193873405542078, 20.253898560636536 ], [ -105.190346051557654, 20.259721221167901 ], [ -105.183461859233432, 20.261409869418394 ], [ -105.183426514766694, 20.26547611397201 ], [ -105.17262697437026, 20.282108948502355 ], [ -105.174753583209693, 20.283770002303356 ], [ -105.173288333322049, 20.288928103380055 ], [ -105.175138801098683, 20.294941058095084 ], [ -105.182537734133518, 20.306375969763327 ], [ -105.182849844588318, 20.311230858454085 ], [ -105.180841104080642, 20.312151064638673 ], [ -105.178809200938545, 20.320034589301219 ], [ -105.173509834263456, 20.324465071519878 ], [ -105.177377611821512, 20.335886542337683 ], [ -105.176567046353512, 20.35286789534403 ], [ -105.175106345405965, 20.358522469454265 ], [ -105.168487635634506, 20.364423208874754 ], [ -105.169324610177995, 20.36936969724751 ], [ -105.182838415524742, 20.378753656956075 ], [ -105.183958648672217, 20.384202129841526 ], [ -105.18622994917672, 20.381918336142927 ], [ -105.192911353790834, 20.381655211964571 ], [ -105.192845718007803, 20.384928709135483 ], [ -105.195344031365906, 20.385923104675118 ], [ -105.194285656022927, 20.389055946375915 ], [ -105.197414780188296, 20.390723873818803 ], [ -105.203177418510066, 20.388941354768587 ], [ -105.201997152670572, 20.390011440170341 ], [ -105.218678063586708, 20.399361453695313 ], [ -105.218146323292103, 20.411373309666743 ], [ -105.224655404747296, 20.419852075110853 ], [ -105.222488073462628, 20.422801248451457 ], [ -105.226273020945953, 20.423940438430019 ], [ -105.22567774857022, 20.427371114871253 ], [ -105.228645684924103, 20.43131557123678 ], [ -105.235881971967572, 20.432717741693615 ], [ -105.232083101537356, 20.435226127819845 ], [ -105.234450590776277, 20.436963907039438 ], [ -105.235652196332722, 20.435449710454471 ], [ -105.235121393364594, 20.438591304987462 ], [ -105.231775301824229, 20.441894558843895 ], [ -105.228795828915963, 20.441473215067795 ], [ -105.231190756556373, 20.444786572367629 ], [ -105.22840317358046, 20.461279832353569 ], [ -105.218614562315977, 20.48798023143873 ], [ -105.208396937189832, 20.491958673020719 ], [ -105.20048219172709, 20.483332064302747 ], [ -105.196879788807564, 20.490568206496988 ], [ -105.194783422059302, 20.513289736635524 ], [ -105.187548177450495, 20.514580204253939 ], [ -105.182529584411895, 20.519305779724256 ], [ -105.173083208667904, 20.519771671819147 ], [ -105.167578461862064, 20.525317788322468 ], [ -105.16797679498751, 20.531707650617417 ], [ -105.163187944211472, 20.539503770769539 ], [ -105.161462970808032, 20.53205564858288 ], [ -105.155180991601455, 20.532531607260001 ], [ -105.151162389016577, 20.528361203367343 ], [ -105.146022965112465, 20.530306596087684 ], [ -105.145776019817262, 20.525162685252123 ], [ -105.142757145565483, 20.526604494554622 ], [ -105.140916668982314, 20.524874300251437 ], [ -105.141970278775446, 20.522073305356283 ], [ -105.135110645497448, 20.513544219912365 ], [ -105.131008298017051, 20.51351692400101 ], [ -105.12930255658307, 20.525260131274038 ], [ -105.123361720369061, 20.528105107771538 ], [ -105.120130749622248, 20.534397768676289 ], [ -105.106659264309883, 20.52608080581291 ], [ -105.100875092857081, 20.50529923286976 ], [ -105.104220238207802, 20.502247110089389 ], [ -105.093546607043322, 20.499744904461867 ], [ -105.075259064864625, 20.488573252567839 ], [ -105.068074966146227, 20.48741403330985 ], [ -105.058699635999318, 20.490154670187181 ], [ -105.05555219072113, 20.486535784694837 ], [ -105.042531269497744, 20.487057346012399 ], [ -105.057140360951792, 20.477858469242687 ], [ -105.059292060860102, 20.473045736000323 ], [ -105.058571615717966, 20.462670672626746 ], [ -105.045332423189791, 20.443002086954642 ], [ -105.041285294007324, 20.443222293252308 ], [ -105.036376175152085, 20.43986269284034 ], [ -105.031979475254218, 20.442770938743344 ], [ -105.028362418658617, 20.442044932813708 ], [ -105.01602744529994, 20.446306950705434 ], [ -105.014914370166068, 20.449064753930934 ], [ -105.00717726742306, 20.449219754839358 ], [ -105.00170122397752, 20.442243004617158 ], [ -104.997213175146797, 20.443905249875893 ], [ -104.986457488036194, 20.442762791301874 ], [ -104.986400629003711, 20.439943108602069 ], [ -104.979431562111571, 20.437084452508014 ], [ -104.978419625929604, 20.451491611302377 ], [ -104.974643530346626, 20.455445665487819 ], [ -104.971473633438123, 20.455721211262183 ], [ -104.970307141100008, 20.460923415502037 ], [ -104.965181634501818, 20.464936278261547 ], [ -104.969036547884528, 20.468237775408706 ], [ -104.965760763694448, 20.473955451407399 ], [ -104.97268153967218, 20.481317927959442 ], [ -104.981603383014729, 20.4861180012016 ], [ -104.982806086516902, 20.492895715499127 ], [ -104.993315162629941, 20.497515878247295 ], [ -104.987123745941375, 20.499272306873465 ], [ -104.978911649732765, 20.507790820912078 ], [ -104.961465174588469, 20.504838094275257 ], [ -104.954225262652756, 20.509448606814193 ], [ -104.953009623128352, 20.507786983378114 ], [ -104.950751515536183, 20.511754331560574 ], [ -104.951843473841748, 20.514202459111459 ], [ -104.94824100553096, 20.51787448166808 ], [ -104.955225936720353, 20.522831237651282 ], [ -104.957776563691695, 20.532947782424472 ], [ -104.943374102051337, 20.532600478999626 ], [ -104.934012292591731, 20.538609862118079 ], [ -104.925058133262922, 20.537951813475264 ], [ -104.905569650043773, 20.556799122179022 ] ] ] } },
{ "type": "Feature", "properties": { "cve_edo": "14", "cve_mpo_ine": "086", "cve_edo_mpo_ine": "14086", "nom_mpo": "TAMAZULA DE GORDIANO", "nom_edo": "Jalisco", "alianza_ganadora": "Juntos Haremos Historia", "margen_pp": 2.7595422064718527, "por_participacion": 48.861700919722949 }, "geometry": { "type": "Polygon", "coordinates": [ [ [ -103.225622231063639, 19.932716569564672 ], [ -103.21585221050114, 19.927125828807224 ], [ -103.210734304822367, 19.926481963523553 ], [ -103.209885483538912, 19.920926134357156 ], [ -103.206060608358555, 19.919553601844189 ], [ -103.205513289137869, 19.921077791151145 ], [ -103.204791477929362, 19.918709921138412 ], [ -103.197796074760788, 19.918952326469505 ], [ -103.186951951981072, 19.913473313684847 ], [ -103.180261613621326, 19.884694147941193 ], [ -103.194944605047382, 19.875634737371776 ], [ -103.191888876041105, 19.867373540847598 ], [ -103.186079845653921, 19.860247153157033 ], [ -103.177401185542521, 19.854254311567814 ], [ -103.159878313148994, 19.85683200062654 ], [ -103.154394701961351, 19.851983490243544 ], [ -103.15696421780298, 19.846585321255429 ], [ -103.145921467198448, 19.843508216970111 ], [ -103.131192186707793, 19.846604478687475 ], [ -103.127405866428489, 19.856253420844695 ], [ -103.115281323193187, 19.8608613185922 ], [ -103.102451359721385, 19.856068753388275 ], [ -103.09426550951865, 19.848173141777281 ], [ -103.097781487791892, 19.841791534671902 ], [ -103.093561100679622, 19.833890788188725 ], [ -103.088034922883651, 19.837729693411873 ], [ -103.083198827360363, 19.837478235344253 ], [ -103.074611806923485, 19.829164353811429 ], [ -103.070445201049495, 19.821760205752106 ], [ -103.060787168621061, 19.82018056160334 ], [ -103.057377140705185, 19.812948748270223 ], [ -103.051231450228329, 19.81500142416607 ], [ -103.046933585699151, 19.808919707873329 ], [ -103.047442701355124, 19.805407316692811 ], [ -103.037776905962204, 19.809329777194474 ], [ -103.023818749896975, 19.80203862763258 ], [ -103.016787250866088, 19.785182328778387 ], [ -103.022145116854361, 19.774613073966766 ], [ -103.022339055650974, 19.761315809775208 ], [ -103.008973449356191, 19.748381953440386 ], [ -103.003572743298591, 19.74660492146365 ], [ -103.00653216457583, 19.728272456899557 ], [ -103.015452412984018, 19.715076149126148 ], [ -103.01911384166263, 19.715680979727125 ], [ -103.0187850621179, 19.712198738244222 ], [ -103.02379228646268, 19.711445424716452 ], [ -103.023726987239414, 19.702620632909944 ], [ -103.013454670088336, 19.698573960278448 ], [ -103.00845606362644, 19.688017059030166 ], [ -103.001202803065041, 19.685108902021515 ], [ -103.005048529673999, 19.674032358772397 ], [ -103.003961115490142, 19.671042069350051 ], [ -103.01471155651825, 19.662539434684447 ], [ -103.006493026344103, 19.65581358880554 ], [ -103.007853489315679, 19.651887117041159 ], [ -103.001840294224493, 19.642454440074761 ], [ -103.006343042266238, 19.63734836181025 ], [ -103.007990819340094, 19.62506368100847 ], [ -103.007255889191981, 19.622093922414308 ], [ -103.002920038230528, 19.619572443403722 ], [ -103.003901504022295, 19.611533684486549 ], [ -103.007044530946246, 19.610095140641615 ], [ -103.008701947949561, 19.61397332960815 ], [ -103.009420452739533, 19.610593342293974 ], [ -103.015289134750546, 19.609405922416983 ], [ -103.018562558527321, 19.59679342517471 ], [ -103.028718556112125, 19.587488562083273 ], [ -103.026230305459109, 19.577424563434789 ], [ -103.04271664973254, 19.575961213417457 ], [ -103.043365778561395, 19.574230230845885 ], [ -103.041282140570431, 19.573444243827652 ], [ -103.043561958024611, 19.570725678246752 ], [ -103.039950865396662, 19.563794119877567 ], [ -103.043004998244314, 19.557860338749109 ], [ -103.038088989090085, 19.555504013821896 ], [ -103.045342813769523, 19.555100562732903 ], [ -103.054076074178894, 19.559316644404824 ], [ -103.061380439476551, 19.560149616889007 ], [ -103.068777658811541, 19.55533341579871 ], [ -103.068857717468362, 19.551746188882554 ], [ -103.071933478012852, 19.551543290793994 ], [ -103.070612919677345, 19.549315282801828 ], [ -103.07462608896715, 19.547587682174413 ], [ -103.074356447271725, 19.544247478084348 ], [ -103.079222011360187, 19.545407003854219 ], [ -103.079787388756429, 19.538274133181019 ], [ -103.084802448647466, 19.533867071947753 ], [ -103.079060163067723, 19.52429514522629 ], [ -103.086304018902013, 19.515684344586532 ], [ -103.084378137710786, 19.503866070500877 ], [ -103.088212995706627, 19.504609826526014 ], [ -103.087056051546142, 19.501103588105138 ], [ -103.088743982770765, 19.499536842250219 ], [ -103.089729723801199, 19.501021998499869 ], [ -103.089387775267099, 19.496649887648445 ], [ -103.091832439785037, 19.49425844667007 ], [ -103.087074087807295, 19.489554930394345 ], [ -103.090683130661915, 19.485761544049463 ], [ -103.08970012504264, 19.482544094478957 ], [ -103.094758468008777, 19.480937070417465 ], [ -103.092793988796188, 19.473429819463405 ], [ -103.094830961876895, 19.471368140990474 ], [ -103.096396983757998, 19.47334836731422 ], [ -103.104773212972347, 19.467617351022685 ], [ -103.095894520859076, 19.459572216148921 ], [ -103.092638291607884, 19.461097378084659 ], [ -103.084217897963427, 19.457877582130674 ], [ -103.085968376545352, 19.453134946415272 ], [ -103.083647712750931, 19.45090692789066 ], [ -103.088418730479887, 19.446577700416164 ], [ -103.095910549963008, 19.448765874950958 ], [ -103.096894940241171, 19.451034646235573 ], [ -103.100381778303372, 19.450581830696578 ], [ -103.098171085772918, 19.452478576559844 ], [ -103.100201404133529, 19.45474760135772 ], [ -103.102818300170654, 19.453222138306817 ], [ -103.103162055907191, 19.456604369003916 ], [ -103.106009618428942, 19.456316287664208 ], [ -103.111129063389782, 19.451862764496589 ], [ -103.110499100063947, 19.445263297764367 ], [ -103.114856082612278, 19.445717762276097 ], [ -103.116543536845001, 19.443861954908215 ], [ -103.113581914422468, 19.442747838234801 ], [ -103.113876472187457, 19.439778173166143 ], [ -103.123941770040517, 19.442854181707183 ], [ -103.124586432371146, 19.448215142857656 ], [ -103.12841021861675, 19.4477798553505 ], [ -103.133980268364368, 19.452946492196219 ], [ -103.139303249150743, 19.447302315699357 ], [ -103.147588569095447, 19.446716057307984 ], [ -103.15240121246309, 19.448791640247897 ], [ -103.155294990015392, 19.446504345165721 ], [ -103.159292677648594, 19.44614987572735 ], [ -103.162773648281672, 19.448811062198558 ], [ -103.165552800117084, 19.447390926932318 ], [ -103.17971467720723, 19.460963485285948 ], [ -103.189678979184023, 19.459044331162691 ], [ -103.192732648571237, 19.449038121739125 ], [ -103.201600574030039, 19.450096492997059 ], [ -103.205185906957567, 19.44607065897284 ], [ -103.209472296309102, 19.445176738647099 ], [ -103.220549392894824, 19.449934343401363 ], [ -103.226720710506015, 19.464462731296603 ], [ -103.232694549889374, 19.466735158468467 ], [ -103.227951055367001, 19.47118173012824 ], [ -103.227378507998324, 19.474734613244628 ], [ -103.224771094684016, 19.475081584949539 ], [ -103.223505772505305, 19.4800833389648 ], [ -103.220954872703061, 19.479728303929598 ], [ -103.222050756244258, 19.485749064140691 ], [ -103.218445712983453, 19.485727511683258 ], [ -103.218117287801249, 19.481916865361086 ], [ -103.216315479438023, 19.481781870309959 ], [ -103.217237780083465, 19.483277752642206 ], [ -103.209339745001671, 19.481450103115318 ], [ -103.210533865009552, 19.486425133365238 ], [ -103.208209832992139, 19.486079910984479 ], [ -103.211843892448385, 19.491483654299586 ], [ -103.206263980948563, 19.4910359513187 ], [ -103.206703238274514, 19.495799431855843 ], [ -103.199748738685827, 19.502091106289505 ], [ -103.201170496877893, 19.507936929982513 ], [ -103.208830744657121, 19.510922735289508 ], [ -103.209720917178714, 19.518338435089742 ], [ -103.215879327090818, 19.519534754282031 ], [ -103.215804612104421, 19.522597792750339 ], [ -103.218537636329273, 19.522697020594347 ], [ -103.216709439944196, 19.527364063224653 ], [ -103.218270846240443, 19.529029391017385 ], [ -103.238074477348647, 19.534736145682125 ], [ -103.249194106971331, 19.543992010763134 ], [ -103.245595591473915, 19.553575494111548 ], [ -103.250514238201688, 19.558572168417196 ], [ -103.245499831574648, 19.571831828786248 ], [ -103.245877951176695, 19.577381491746706 ], [ -103.254090743973791, 19.575608018792366 ], [ -103.260291120645832, 19.580446356919492 ], [ -103.269823524925272, 19.582322944935797 ], [ -103.272538900123763, 19.586105860789385 ], [ -103.270374914345112, 19.58828759942795 ], [ -103.270811221904395, 19.594003195083172 ], [ -103.276097136358899, 19.595813659731345 ], [ -103.278226579298945, 19.600462543907121 ], [ -103.287272510842101, 19.60680666301274 ], [ -103.293970071529117, 19.605726660323601 ], [ -103.299816752339325, 19.600170483960873 ], [ -103.313120246196092, 19.604756917873473 ], [ -103.313215940999569, 19.609021633735036 ], [ -103.307500912687345, 19.611473999137491 ], [ -103.31160888869239, 19.616381930289016 ], [ -103.306882093875458, 19.619005315822879 ], [ -103.307057275629177, 19.630763803520679 ], [ -103.311062406228245, 19.632980215669747 ], [ -103.31104058553926, 19.637451265041705 ], [ -103.315391943206365, 19.64033190930682 ], [ -103.32074633125832, 19.640444176008561 ], [ -103.32293917717088, 19.644389188731825 ], [ -103.330004392251013, 19.639749549757379 ], [ -103.334524130158243, 19.644038276310962 ], [ -103.329869036876886, 19.64372321631155 ], [ -103.326687456446223, 19.651737472493465 ], [ -103.330749427459651, 19.654409205216524 ], [ -103.3280422571966, 19.66056305040469 ], [ -103.329250847191517, 19.663467635791694 ], [ -103.321565163890739, 19.663756776288981 ], [ -103.320651711202828, 19.672073105983024 ], [ -103.326681293230934, 19.677281160231484 ], [ -103.321953845931773, 19.679697818445106 ], [ -103.326316855126251, 19.680425551187827 ], [ -103.336708016857273, 19.674300211855968 ], [ -103.341193406753774, 19.686343779705098 ], [ -103.347578201052855, 19.690559518238295 ], [ -103.3497405791652, 19.688832288803471 ], [ -103.353096705517387, 19.693321426774723 ], [ -103.35156647161746, 19.696832278020192 ], [ -103.355408402071234, 19.697059755531647 ], [ -103.35251850904686, 19.704951791652263 ], [ -103.347676031806671, 19.706954477712159 ], [ -103.35595207669563, 19.713628142830867 ], [ -103.35628800354462, 19.719922001844264 ], [ -103.351862275905162, 19.720574187038689 ], [ -103.3478941773363, 19.724973872865949 ], [ -103.340212546161524, 19.725772146765834 ], [ -103.325893482467592, 19.722526007294995 ], [ -103.328125521656062, 19.735949439684887 ], [ -103.333765364910818, 19.742110465972949 ], [ -103.346984720741617, 19.738634394763558 ], [ -103.356796806139826, 19.726383513518321 ], [ -103.360489399629387, 19.734663676581921 ], [ -103.366937993552881, 19.73631559817316 ], [ -103.370827064258748, 19.732473728063077 ], [ -103.379651624610148, 19.735271628813681 ], [ -103.404555208734465, 19.733091854912225 ], [ -103.406544631633906, 19.73458537549546 ], [ -103.405916420523383, 19.741414109212705 ], [ -103.413877609455398, 19.746163323612656 ], [ -103.414965998396639, 19.758370194517155 ], [ -103.411787160785806, 19.76685970812439 ], [ -103.41190549970851, 19.773651848360267 ], [ -103.422146724683898, 19.771827842814083 ], [ -103.424616930758916, 19.769560530172722 ], [ -103.428688516172897, 19.772078697463538 ], [ -103.426055246774936, 19.785035614947791 ], [ -103.427635288784757, 19.790723003386848 ], [ -103.424706749695218, 19.792012038657099 ], [ -103.426712658287443, 19.800394945120608 ], [ -103.422954040185417, 19.797660089504845 ], [ -103.420811066337393, 19.801689587701517 ], [ -103.417835454933339, 19.801943422709549 ], [ -103.412950520595857, 19.811401927558826 ], [ -103.413879815748146, 19.815893107469531 ], [ -103.408621483373537, 19.812706707207809 ], [ -103.408853901426554, 19.810136850907053 ], [ -103.404590630801877, 19.811176861731951 ], [ -103.405584257186476, 19.812709472446276 ], [ -103.403015215779874, 19.81482552344843 ], [ -103.393903305285946, 19.814791952488303 ], [ -103.394546554306572, 19.816697952689168 ], [ -103.380000253630172, 19.810078079845081 ], [ -103.37608765152892, 19.813148102020648 ], [ -103.366974839112885, 19.809714402764932 ], [ -103.364229774643647, 19.81079390030833 ], [ -103.34122310739528, 19.793597081785482 ], [ -103.339279250060756, 19.80040036608343 ], [ -103.336636054486362, 19.802146635284963 ], [ -103.334426022117697, 19.796698344231345 ], [ -103.328658447510009, 19.801467406281844 ], [ -103.329201279415329, 19.804908662968852 ], [ -103.324519637897126, 19.801498183099472 ], [ -103.32326371464228, 19.80922022018915 ], [ -103.319982003766526, 19.810709914991044 ], [ -103.31453648530325, 19.827689191969103 ], [ -103.315418591971522, 19.832003705309873 ], [ -103.313970085757617, 19.831240586567908 ], [ -103.312481699825753, 19.833869988402963 ], [ -103.314745777294746, 19.83965022811611 ], [ -103.309313525071104, 19.835567774889903 ], [ -103.298728504301963, 19.838329836651862 ], [ -103.297974557021192, 19.842913220666464 ], [ -103.310083693525797, 19.864211367129052 ], [ -103.315156841065331, 19.869158249230832 ], [ -103.318540410549943, 19.869035501790318 ], [ -103.319145324817285, 19.872146523115536 ], [ -103.322598417680553, 19.871072874960401 ], [ -103.321604898015963, 19.876232653247751 ], [ -103.307380219889069, 19.880811131127889 ], [ -103.305646216171155, 19.88443038508014 ], [ -103.299431568020879, 19.887206386413407 ], [ -103.29311177453188, 19.884105143203374 ], [ -103.282481801999836, 19.885458592253741 ], [ -103.27931450990414, 19.88219668089258 ], [ -103.264666732343628, 19.883472884024936 ], [ -103.264412213173344, 19.885139207561934 ], [ -103.258305305708461, 19.884009176810995 ], [ -103.255277689144009, 19.89490774632845 ], [ -103.248912982451174, 19.895319109486618 ], [ -103.245813482564003, 19.900486749484756 ], [ -103.236574965052043, 19.900627935317015 ], [ -103.236495718516807, 19.907081704804213 ], [ -103.231416651896808, 19.916945513001533 ], [ -103.239333655638148, 19.927724603251313 ], [ -103.225622231063639, 19.932716569564672 ] ] ] } },
{ "type": "Feature", "properties": { "cve_edo": "14", "cve_mpo_ine": "087", "cve_edo_mpo_ine": "14087", "nom_mpo": "TAPALPA", "nom_edo": "Jalisco", "alianza_ganadora": "Va por México", "margen_pp": 3.0238349341871222, "por_participacion": 76.271876271876266 }, "geometry": { "type": "Polygon", "coordinates": [ [ [ -103.888835029565215, 19.996126536080652 ], [ -103.893923009838616, 20.001997260043076 ], [ -103.894417961766962, 20.0078767361519 ], [ -103.886288002940333, 20.003860046875133 ], [ -103.884498076473392, 20.008484952451838 ], [ -103.878688029572331, 20.010313633156091 ], [ -103.873186305680306, 20.016527693176599 ], [ -103.867742307438292, 20.015865326894907 ], [ -103.860049649772151, 20.010059822107895 ], [ -103.856397805307409, 20.015168301993686 ], [ -103.84543147841508, 20.005725763461321 ], [ -103.842771774724881, 20.007339864184342 ], [ -103.829576754814369, 20.004225529816477 ], [ -103.829695637857114, 20.007827032834069 ], [ -103.825934600281869, 20.006475406480433 ], [ -103.825919857257972, 20.012563937132491 ], [ -103.830301189751239, 20.016059928990103 ], [ -103.837406595660653, 20.032146990321749 ], [ -103.840911203357606, 20.035573147692169 ], [ -103.839490594506501, 20.048351072761427 ], [ -103.83443863822302, 20.050208147284611 ], [ -103.834707848595983, 20.055795389921506 ], [ -103.837428393220492, 20.057742426057004 ], [ -103.840977115975562, 20.056819149756546 ], [ -103.841370174907752, 20.059339660611212 ], [ -103.836381253234748, 20.064964761676755 ], [ -103.826912584213346, 20.064817204746454 ], [ -103.816846292479696, 20.067370159908261 ], [ -103.814383296113505, 20.070347542511659 ], [ -103.806974935324376, 20.071120693860678 ], [ -103.8015150036493, 20.076627462975125 ], [ -103.800785011370124, 20.081939595272154 ], [ -103.791039241333024, 20.089828891486025 ], [ -103.778137043591343, 20.090640539406483 ], [ -103.775546579553719, 20.093039355430438 ], [ -103.772716003677772, 20.083392572763987 ], [ -103.768727598068182, 20.079982624624144 ], [ -103.76392952695474, 20.068627257048888 ], [ -103.765780405985396, 20.062126221788688 ], [ -103.762757133288119, 20.060108092625796 ], [ -103.752322531447334, 20.061469733163452 ], [ -103.746367499044823, 20.064603656463621 ], [ -103.741138217344414, 20.074523697581053 ], [ -103.73806595189599, 20.07296206495014 ], [ -103.737614015257279, 20.082132748686949 ], [ -103.735435691996045, 20.084203452474689 ], [ -103.727646114052163, 20.08351416422223 ], [ -103.715601444826589, 20.089078263662358 ], [ -103.703553516157498, 20.083198396111126 ], [ -103.683870200352899, 20.08980844908336 ], [ -103.672474238008064, 20.087190285115437 ], [ -103.670143269002779, 20.084702132198824 ], [ -103.66042779161927, 20.087070523958062 ], [ -103.651024691720437, 20.081803644462045 ], [ -103.646279146897982, 20.087057450246231 ], [ -103.640949327260913, 20.083709004067607 ], [ -103.635685560944694, 20.077829876140186 ], [ -103.637066312916943, 20.073825259239559 ], [ -103.632031832112887, 20.067693154536151 ], [ -103.621743895474467, 20.064844658150843 ], [ -103.61614914847361, 20.059882660197019 ], [ -103.629936649115024, 20.050729016601338 ], [ -103.626189509623998, 20.047518239137951 ], [ -103.625331090566064, 20.039696226826017 ], [ -103.650555903557205, 20.055760479961837 ], [ -103.654294031435185, 20.05561221950358 ], [ -103.660083104294159, 20.049954804377965 ], [ -103.65608750766927, 20.0460442452503 ], [ -103.655313143394494, 20.033784576887317 ], [ -103.64716467501971, 20.023892456151732 ], [ -103.66712105460762, 20.019480490046902 ], [ -103.668547406401871, 20.014894570113771 ], [ -103.68283851777413, 19.999260773627405 ], [ -103.679752225275351, 19.996910197694785 ], [ -103.680416285516259, 19.992213276908142 ], [ -103.676682640538601, 19.989625205550347 ], [ -103.673071368897425, 19.97865940066751 ], [ -103.678814352858396, 19.959361602079369 ], [ -103.684339932961336, 19.952423443453984 ], [ -103.669836593288949, 19.954501607184884 ], [ -103.660026313470993, 19.96337995417802 ], [ -103.6562970122758, 19.958054583109767 ], [ -103.656221289339527, 19.950356769640145 ], [ -103.653709974270569, 19.946912393357124 ], [ -103.656336086620499, 19.948199219172079 ], [ -103.658842496110125, 19.946000671897359 ], [ -103.655981050387254, 19.942348904594741 ], [ -103.661402927069332, 19.939030581614681 ], [ -103.663207345695767, 19.934882070130161 ], [ -103.673591618758408, 19.936875298175561 ], [ -103.67166275023618, 19.932601461544628 ], [ -103.679933387845537, 19.920694647409718 ], [ -103.684062839980186, 19.909243696557198 ], [ -103.677354877373133, 19.907707710630739 ], [ -103.676533830656652, 19.902770174380475 ], [ -103.689596215462046, 19.902605753245485 ], [ -103.694556047451059, 19.905593362268672 ], [ -103.697522895042766, 19.898789157472887 ], [ -103.69139380365678, 19.892606768162295 ], [ -103.700070821509186, 19.881985917433951 ], [ -103.707882473909564, 19.88078293194237 ], [ -103.696391011864549, 19.875596253063751 ], [ -103.686993897551687, 19.864932233049167 ], [ -103.675801738805291, 19.866838858261545 ], [ -103.676899851530891, 19.855802470956039 ], [ -103.667390897799038, 19.847916803491756 ], [ -103.661329288974244, 19.849491717478575 ], [ -103.655963465495319, 19.846046133435333 ], [ -103.648910194304506, 19.846914917734235 ], [ -103.634450827030335, 19.844170253761419 ], [ -103.627514505141292, 19.846117083415471 ], [ -103.625762746876319, 19.840763499466757 ], [ -103.631124480726328, 19.838027635960653 ], [ -103.633568029149629, 19.829398202557304 ], [ -103.638171847640123, 19.827325742180122 ], [ -103.644878217776636, 19.832100417515584 ], [ -103.651464468250595, 19.831065770449786 ], [ -103.659093382678819, 19.820985990599727 ], [ -103.663987686162343, 19.818581144869398 ], [ -103.671671362958037, 19.80563820450207 ], [ -103.677593742521978, 19.811210382229717 ], [ -103.687076173918555, 19.827424815422862 ], [ -103.691331566796165, 19.827923461953478 ], [ -103.693252571169964, 19.82526839522566 ], [ -103.692718789122935, 19.815186166357954 ], [ -103.696037445559668, 19.811494092868749 ], [ -103.694106687805785, 19.803195718128698 ], [ -103.699057764897915, 19.800499700909747 ], [ -103.703556917331525, 19.812864305783098 ], [ -103.715969153283254, 19.811537671381078 ], [ -103.715575153646924, 19.824772673109553 ], [ -103.713074704433595, 19.830249145019042 ], [ -103.71768879804084, 19.838961949914694 ], [ -103.729657813062261, 19.827581569423884 ], [ -103.733171921429644, 19.820706559026736 ], [ -103.746335055086391, 19.814067287248797 ], [ -103.75577894912594, 19.81634763201766 ], [ -103.763653562885168, 19.821614814399648 ], [ -103.771755489007887, 19.822442463417513 ], [ -103.77798774257613, 19.819992951464005 ], [ -103.780614608302557, 19.822979077028346 ], [ -103.782728901224431, 19.833889045322177 ], [ -103.78756802078766, 19.835007354830061 ], [ -103.790837559504595, 19.838698231411275 ], [ -103.802257289490086, 19.836411558445505 ], [ -103.797996162883919, 19.832306530565912 ], [ -103.798164664919284, 19.828323931253681 ], [ -103.795654820069402, 19.825877406286164 ], [ -103.796980489930519, 19.816501297802603 ], [ -103.80094408283712, 19.817080395309457 ], [ -103.798313581704349, 19.811895941685322 ], [ -103.814933555341995, 19.819272366517172 ], [ -103.820187280165428, 19.824537963005785 ], [ -103.821987871372272, 19.821093834062992 ], [ -103.826943157684951, 19.822211028335726 ], [ -103.83369759098251, 19.819220154077843 ], [ -103.84075209916773, 19.821123795846226 ], [ -103.85009596440085, 19.831695185669574 ], [ -103.855160394949735, 19.828829172280802 ], [ -103.856610774778559, 19.82550954861485 ], [ -103.855092844277465, 19.82405884409744 ], [ -103.862965530361137, 19.826997912853226 ], [ -103.874249585111784, 19.816825799372893 ], [ -103.877977064793981, 19.815992984891 ], [ -103.880343284130831, 19.818076753404853 ], [ -103.87833948807166, 19.82160390803713 ], [ -103.868192607045259, 19.829460135404059 ], [ -103.872514126121359, 19.833305352676629 ], [ -103.866622964700895, 19.836571748025495 ], [ -103.865166937743169, 19.840127535803052 ], [ -103.864070989226889, 19.855839176807621 ], [ -103.868575225469456, 19.867705673037211 ], [ -103.864903014882785, 19.873990269861736 ], [ -103.868124734772181, 19.887345204521282 ], [ -103.881965850187626, 19.893340086418984 ], [ -103.889553192929881, 19.891148075585804 ], [ -103.898572959588577, 19.891588151377803 ], [ -103.894401103997154, 19.893545599212686 ], [ -103.887112275612694, 19.90276669735449 ], [ -103.888282204121907, 19.905123341017998 ], [ -103.884615675880667, 19.917734317980504 ], [ -103.886078698653293, 19.921248654811102 ], [ -103.884447312006543, 19.925093988636117 ], [ -103.89543327540882, 19.933444902414589 ], [ -103.895849132418121, 19.940597788249178 ], [ -103.895972761494733, 19.94750262764871 ], [ -103.890545301831949, 19.951472475944833 ], [ -103.889498329662928, 19.95597931932528 ], [ -103.896179432534822, 19.979421982600837 ], [ -103.891162586464375, 19.986451356524555 ], [ -103.888835029565215, 19.996126536080652 ] ] ] } },
{ "type": "Feature", "properties": { "cve_edo": "14", "cve_mpo_ine": "088", "cve_edo_mpo_ine": "14088", "nom_mpo": "TECALITLAN", "nom_edo": "Jalisco", "alianza_ganadora": "Movimiento Ciudadano", "margen_pp": 27.760847482223191, "por_participacion": 51.348733233979139 }, "geometry": { "type": "Polygon", "coordinates": [ [ [ -103.306336021881975, 19.553282992946393 ], [ -103.289362252117357, 19.535445808309198 ], [ -103.291436606777353, 19.529901486289443 ], [ -103.282701424711817, 19.513163405150333 ], [ -103.283117028969897, 19.492236387360148 ], [ -103.277097713396316, 19.496238922319385 ], [ -103.268687923504913, 19.494149180788863 ], [ -103.277415668274642, 19.483112740946762 ], [ -103.268662997389725, 19.482923798261812 ], [ -103.261078663896313, 19.486894978070943 ], [ -103.256615142991834, 19.486718193053576 ], [ -103.251939532159625, 19.495869723230868 ], [ -103.245905856574169, 19.493350597361843 ], [ -103.245197526661528, 19.487206020720453 ], [ -103.236798759732096, 19.490067164130423 ], [ -103.222873838913102, 19.482976264225417 ], [ -103.220954872703061, 19.479728303929598 ], [ -103.223505772505305, 19.4800833389648 ], [ -103.224771094684016, 19.475081584949539 ], [ -103.227378507998324, 19.474734613244628 ], [ -103.227951055367001, 19.47118173012824 ], [ -103.232694549889374, 19.466735158468467 ], [ -103.226720710506015, 19.464462731296603 ], [ -103.220549392894824, 19.449934343401363 ], [ -103.209472296309102, 19.445176738647099 ], [ -103.205185906957567, 19.44607065897284 ], [ -103.201600574030039, 19.450096492997059 ], [ -103.192732648571237, 19.449038121739125 ], [ -103.189678979184023, 19.459044331162691 ], [ -103.17971467720723, 19.460963485285948 ], [ -103.165552800117084, 19.447390926932318 ], [ -103.162773648281672, 19.448811062198558 ], [ -103.159292677648594, 19.44614987572735 ], [ -103.15240121246309, 19.448791640247897 ], [ -103.147588569095447, 19.446716057307984 ], [ -103.139303249150743, 19.447302315699357 ], [ -103.133980268364368, 19.452946492196219 ], [ -103.12841021861675, 19.4477798553505 ], [ -103.124586432371146, 19.448215142857656 ], [ -103.123941770040517, 19.442854181707183 ], [ -103.119246816961038, 19.441685079767151 ], [ -103.118135970895864, 19.43418095108764 ], [ -103.120213443768336, 19.427937355267833 ], [ -103.11864517211211, 19.42497533348368 ], [ -103.113546727646963, 19.424963988820554 ], [ -103.114232398297233, 19.417655658312661 ], [ -103.10744662119555, 19.411752839318201 ], [ -103.10599191422196, 19.40668544917613 ], [ -103.092666655709095, 19.405483284464964 ], [ -103.084724846493756, 19.400618041515727 ], [ -103.086283785346936, 19.396193588646547 ], [ -103.089121687979741, 19.395805930035877 ], [ -103.089405503673987, 19.390852277088182 ], [ -103.092186320663757, 19.391248961008532 ], [ -103.092762300216208, 19.388522025173245 ], [ -103.097454294691858, 19.388701271152076 ], [ -103.096233992397487, 19.385489497784722 ], [ -103.100344227409565, 19.383691200400953 ], [ -103.09802244768656, 19.379701752850007 ], [ -103.100684484921629, 19.377870551716391 ], [ -103.101719911909072, 19.372210921665822 ], [ -103.11150493383424, 19.369884008475704 ], [ -103.109648411519203, 19.367460125137086 ], [ -103.111379929784178, 19.362951803903034 ], [ -103.121171495833451, 19.365824001727983 ], [ -103.126784735178205, 19.362571739219785 ], [ -103.127128407968286, 19.359887278150975 ], [ -103.128867587422135, 19.36111493231002 ], [ -103.129906415515208, 19.358591378590944 ], [ -103.137375625052769, 19.357473577574968 ], [ -103.144434063798727, 19.352891415145685 ], [ -103.145992136608726, 19.349291613955735 ], [ -103.14877266821469, 19.349811190612684 ], [ -103.144356132280848, 19.339851096568228 ], [ -103.149101330820329, 19.337800071545942 ], [ -103.149848590337911, 19.334287690959997 ], [ -103.156327165495895, 19.330038625925578 ], [ -103.160545185751232, 19.324565191549471 ], [ -103.160307534878157, 19.320893735158609 ], [ -103.159017533774232, 19.311038447880133 ], [ -103.150384438547135, 19.307047159436141 ], [ -103.152173501372545, 19.303487091292894 ], [ -103.148926904100918, 19.30065944088809 ], [ -103.150197787629864, 19.298918378035989 ], [ -103.141796287566422, 19.294388844234593 ], [ -103.142597390467799, 19.288358764893577 ], [ -103.14050491695609, 19.282882783169867 ], [ -103.132508953778554, 19.277855223712788 ], [ -103.132215692366358, 19.275298356284985 ], [ -103.121627245399154, 19.278333304842864 ], [ -103.112358442180891, 19.273106203981236 ], [ -103.110848511198327, 19.269483579581816 ], [ -103.101635724837223, 19.262192287809164 ], [ -103.101226870226213, 19.259388485718691 ], [ -103.095155899036016, 19.264211114668321 ], [ -103.092781296534795, 19.262986948141702 ], [ -103.086706309301263, 19.264838032563357 ], [ -103.083690100246528, 19.259490739027715 ], [ -103.078826243541442, 19.25766177584147 ], [ -103.082916081691835, 19.241708984631067 ], [ -103.089569184481505, 19.240060917731292 ], [ -103.093615483140283, 19.236447014261444 ], [ -103.092501069998548, 19.224857317532695 ], [ -103.10591491933684, 19.216854892476167 ], [ -103.096582438129431, 19.204323285850666 ], [ -103.087378384914246, 19.200704389085256 ], [ -103.083781944600645, 19.193255904897093 ], [ -103.069313997341325, 19.189419148481399 ], [ -103.058431575039478, 19.183786473922343 ], [ -103.048365933384076, 19.184008511648152 ], [ -103.048359108624211, 19.177488386972158 ], [ -103.053321466974495, 19.165905588926186 ], [ -103.036118572514781, 19.130362424734017 ], [ -103.018221436652738, 19.132799288742792 ], [ -103.006701934495666, 19.138229257980761 ], [ -102.989495987924116, 19.133425355574118 ], [ -102.979851201206912, 19.107306400765744 ], [ -102.96964133447301, 19.094504599986514 ], [ -102.976839780897521, 19.093907531997299 ], [ -102.975273989711297, 19.091216430622836 ], [ -102.970397259066644, 19.092358068147828 ], [ -102.967438254435578, 19.089951709282374 ], [ -102.972723946490675, 19.084306957903927 ], [ -102.982820818996828, 19.090041706127291 ], [ -102.984447418140547, 19.087567267726293 ], [ -102.987988407257291, 19.087206342111735 ], [ -102.982823507696139, 19.0849587101883 ], [ -102.99008035196951, 19.082501768795929 ], [ -102.991881247357114, 19.079325313203626 ], [ -102.989620041179066, 19.0744006535739 ], [ -102.992638396673627, 19.073955419752149 ], [ -102.994555712579469, 19.069828851988827 ], [ -103.005408645699148, 19.070688450031046 ], [ -103.005641962881413, 19.067879105399484 ], [ -103.008195081378673, 19.069250500794361 ], [ -103.009589242859093, 19.066072733792296 ], [ -103.012257390876542, 19.070213121901144 ], [ -103.019399764843925, 19.059242207568108 ], [ -103.02636268191911, 19.063064411867799 ], [ -103.026945766844733, 19.053892336553904 ], [ -103.02172451219306, 19.049124794457853 ], [ -103.01917401174633, 19.041265732349594 ], [ -103.026139467234714, 19.034715923997812 ], [ -103.042329259857851, 19.030713315306151 ], [ -103.052249854352198, 19.037642274685684 ], [ -103.060142306969283, 19.028614739926169 ], [ -103.063681535516778, 19.028872439620727 ], [ -103.06571344643784, 19.017845143182058 ], [ -103.062234657957745, 19.002587780639296 ], [ -103.050227299526185, 18.997760510319267 ], [ -103.044367508205056, 19.000388318912847 ], [ -103.041119037626132, 18.999676421660993 ], [ -103.039830563463994, 18.996796401127657 ], [ -103.043392563026387, 18.998428793605854 ], [ -103.050383330237835, 18.993609696920942 ], [ -103.060210437083512, 18.992125965611315 ], [ -103.06701951116554, 18.993868724006585 ], [ -103.081456054765809, 18.989573221696997 ], [ -103.087791565661277, 18.985316802051784 ], [ -103.090556584114324, 18.986467735312456 ], [ -103.092712417903513, 18.992857601937754 ], [ -103.100854502279134, 18.988086788920789 ], [ -103.101530296545889, 18.992805139964904 ], [ -103.103118747729155, 18.99146207176528 ], [ -103.10744505749112, 18.992921874557862 ], [ -103.108670358506814, 18.99599467238437 ], [ -103.114591409397036, 18.99925109823451 ], [ -103.116542220862257, 19.004068238846628 ], [ -103.11937394982472, 19.004723859292888 ], [ -103.122229825813747, 19.010957088899961 ], [ -103.125312744070996, 19.010459024810686 ], [ -103.128339956669365, 19.013347933090923 ], [ -103.129257691244732, 19.02104388239373 ], [ -103.132847576800501, 19.025013997705098 ], [ -103.134982978825889, 19.025701938202754 ], [ -103.137353380619771, 19.022674564599949 ], [ -103.145972672172022, 19.024228841601584 ], [ -103.150327871912936, 19.020441193617582 ], [ -103.157831459504933, 19.019254208589516 ], [ -103.183824234292416, 19.022799165686219 ], [ -103.193868797302343, 19.02957448503529 ], [ -103.192349736945388, 19.037446949360891 ], [ -103.195604379396357, 19.04434519975737 ], [ -103.19815971434889, 19.044211302328861 ], [ -103.199640184490391, 19.038734573101905 ], [ -103.205411304795646, 19.03706998199258 ], [ -103.207172271262507, 19.032175006435541 ], [ -103.209894203797944, 19.032497433321637 ], [ -103.211037284842746, 19.037221297915934 ], [ -103.222760682198683, 19.048023222884126 ], [ -103.220035610853259, 19.058814721717908 ], [ -103.224281250268476, 19.061882286663156 ], [ -103.22421359194081, 19.066136935851684 ], [ -103.2291761231035, 19.067932327598108 ], [ -103.224218400806649, 19.069483527656431 ], [ -103.221108336633961, 19.075271196830371 ], [ -103.234798386570148, 19.083039112363384 ], [ -103.234664134738381, 19.091507132282885 ], [ -103.231572959711173, 19.096097049182013 ], [ -103.232596602970588, 19.097431527058273 ], [ -103.236640968354536, 19.09496018997887 ], [ -103.245804458696057, 19.10647370930382 ], [ -103.240154257552192, 19.111363472532272 ], [ -103.233682891156278, 19.127728718084114 ], [ -103.227075707656581, 19.130664598072116 ], [ -103.222297393116762, 19.128127606539593 ], [ -103.223379904173711, 19.133057257956569 ], [ -103.228438091204964, 19.136258669128676 ], [ -103.22964678325323, 19.140570102419318 ], [ -103.228582989785892, 19.15069704434368 ], [ -103.230418894752916, 19.155268325882602 ], [ -103.226998113816833, 19.163051068690859 ], [ -103.239286312027559, 19.164221418790639 ], [ -103.237580567736146, 19.163580621060422 ], [ -103.244983488504232, 19.159555363645612 ], [ -103.244158011480522, 19.168671621352384 ], [ -103.241891739226318, 19.169321014898809 ], [ -103.24712872729863, 19.177740022464235 ], [ -103.256501796063873, 19.179153023236363 ], [ -103.256802194688689, 19.185937250952026 ], [ -103.263302614569483, 19.183619752867401 ], [ -103.265560662392474, 19.19199336458238 ], [ -103.26806178601791, 19.188236414288088 ], [ -103.270998353022335, 19.189068244171633 ], [ -103.271797299954102, 19.197501776392631 ], [ -103.268846204031604, 19.205362162381583 ], [ -103.271875221694401, 19.208014018580851 ], [ -103.271069486434243, 19.211832211917656 ], [ -103.279885105900036, 19.227158603875456 ], [ -103.276102940425062, 19.228034648882971 ], [ -103.272560979043803, 19.235571437789915 ], [ -103.284756865723551, 19.250316608702786 ], [ -103.281000294846365, 19.252599662743499 ], [ -103.281015604974471, 19.256572970488659 ], [ -103.271077038296582, 19.25959677325412 ], [ -103.274502648084422, 19.267831340460351 ], [ -103.272053632543333, 19.277630580586063 ], [ -103.263899382053751, 19.279223938886194 ], [ -103.264157159189466, 19.283690814890029 ], [ -103.272773059059801, 19.290107875741395 ], [ -103.269374840581762, 19.297159364207381 ], [ -103.278070959350927, 19.302678097301936 ], [ -103.281313467934993, 19.300981233926997 ], [ -103.285864043729092, 19.303613633504369 ], [ -103.281596261117215, 19.306772295726635 ], [ -103.280059155441194, 19.315318271438031 ], [ -103.275679656168876, 19.315622247047617 ], [ -103.273378200374836, 19.317638170070424 ], [ -103.27477319502924, 19.320352234252415 ], [ -103.268501169966399, 19.322666741260871 ], [ -103.272046137496929, 19.330982674833688 ], [ -103.27463827608571, 19.332025976878914 ], [ -103.27205958876128, 19.341205853809956 ], [ -103.262502803697544, 19.343023547925682 ], [ -103.266090517992581, 19.363176547731065 ], [ -103.270276023643291, 19.361799233365318 ], [ -103.271418292574225, 19.363481783579534 ], [ -103.272951126400201, 19.373644327291665 ], [ -103.279437293721529, 19.373313858241836 ], [ -103.280589690016015, 19.375534307182278 ], [ -103.285809573377662, 19.373150164776249 ], [ -103.289291292530848, 19.368511536309121 ], [ -103.305191574340867, 19.368059975516402 ], [ -103.311867373955579, 19.359116596966722 ], [ -103.323004265929612, 19.357317321993591 ], [ -103.327768235850883, 19.336973943627665 ], [ -103.332052428788415, 19.334683209874285 ], [ -103.34648412834818, 19.3340398577987 ], [ -103.356350031455833, 19.326998184076899 ], [ -103.363301937310737, 19.329721454935807 ], [ -103.361655146834622, 19.335372450632917 ], [ -103.363366944490252, 19.339282178397234 ], [ -103.368264502139382, 19.341577017429188 ], [ -103.380388222973494, 19.339471312034089 ], [ -103.379733107987903, 19.335796064271292 ], [ -103.382059788939316, 19.335144329871667 ], [ -103.381051643062378, 19.344533740409613 ], [ -103.382684964455819, 19.348442669961905 ], [ -103.384886883945214, 19.34879787701087 ], [ -103.379788152863014, 19.367656087620208 ], [ -103.381029621827295, 19.376107972891269 ], [ -103.378598449840581, 19.376703657483304 ], [ -103.378495613032612, 19.381120640303482 ], [ -103.373119552176334, 19.384998394972254 ], [ -103.367064436726437, 19.394576562971906 ], [ -103.367861392464633, 19.409841720600934 ], [ -103.368566593050986, 19.413303512868278 ], [ -103.375236258761888, 19.415566211205324 ], [ -103.380496488961256, 19.411359147945799 ], [ -103.381031550743984, 19.415977805651 ], [ -103.389898948629764, 19.416779296621733 ], [ -103.393795165817238, 19.421455647152762 ], [ -103.380982391606068, 19.438678311399784 ], [ -103.370018200290474, 19.434548444180692 ], [ -103.364668190148222, 19.427901058310137 ], [ -103.351019323920497, 19.437368155641874 ], [ -103.354455446099593, 19.443575660219629 ], [ -103.351338230843169, 19.447972859726747 ], [ -103.353079704553906, 19.44903347312335 ], [ -103.355500146268852, 19.465071059944798 ], [ -103.349919061298124, 19.458796335581223 ], [ -103.344706416856141, 19.460030375456931 ], [ -103.340638549138077, 19.455932055459357 ], [ -103.338847069521435, 19.457843262569394 ], [ -103.336462211892325, 19.454558375956196 ], [ -103.324830625653462, 19.461161154946499 ], [ -103.322993344311314, 19.467901287018154 ], [ -103.324851365726801, 19.469208987124603 ], [ -103.320631208296376, 19.47344816787173 ], [ -103.325419831248809, 19.487405797894866 ], [ -103.330992317923517, 19.490420857630411 ], [ -103.331183717069763, 19.497146797630329 ], [ -103.336529330367668, 19.501896725009008 ], [ -103.34864602876101, 19.523685082666262 ], [ -103.342496268501506, 19.522160325448393 ], [ -103.340479199363912, 19.526755734393927 ], [ -103.334223680479994, 19.529152240506356 ], [ -103.331937076662015, 19.5417560863348 ], [ -103.318676547752034, 19.548905802102105 ], [ -103.310726459232626, 19.546484407780145 ], [ -103.306336021881975, 19.553282992946393 ] ] ] } },
{ "type": "Feature", "properties": { "cve_edo": "14", "cve_mpo_ine": "089", "cve_edo_mpo_ine": "14089", "nom_mpo": "TECOLOTLAN", "nom_edo": "Jalisco", "alianza_ganadora": "Va por México", "margen_pp": 25.690111052353252, "por_participacion": 67.047227343639207 }, "geometry": { "type": "Polygon", "coordinates": [ [ [ -104.181969754733586, 20.469450286579924 ], [ -104.171712478145665, 20.468597047426602 ], [ -104.166490862923951, 20.459399488474421 ], [ -104.159830580003643, 20.458651597841239 ], [ -104.150587321010889, 20.454113202036716 ], [ -104.134086035263877, 20.451890025384621 ], [ -104.139770554997213, 20.443675784119893 ], [ -104.150460028799102, 20.437235616901571 ], [ -104.146279871195603, 20.435425264655493 ], [ -104.148187760834091, 20.428139674017199 ], [ -104.13293444934655, 20.42351957021399 ], [ -104.132338684874952, 20.425588935717617 ], [ -104.129215993312627, 20.42511210246364 ], [ -104.117206515802451, 20.420180420386917 ], [ -104.108864887967471, 20.411292002731358 ], [ -104.102623633964953, 20.409300836716714 ], [ -104.088950925066499, 20.391169788134256 ], [ -104.082630627415014, 20.377940114395532 ], [ -104.081914872656128, 20.38050606689038 ], [ -104.073844268586527, 20.379745254801325 ], [ -104.068770286597214, 20.381534423458753 ], [ -104.063591467721352, 20.379549316387571 ], [ -104.05115608524531, 20.396545597746272 ], [ -104.041418009666259, 20.395029093743211 ], [ -104.039548190286411, 20.386433718101287 ], [ -104.041504243017982, 20.380891113190838 ], [ -104.032597226949221, 20.362951723333016 ], [ -104.032211113602614, 20.355971418322326 ], [ -104.027416067227534, 20.354211598096484 ], [ -104.020785871244811, 20.347335294388731 ], [ -104.030863807088565, 20.332304563142621 ], [ -104.026238150346273, 20.317944128686548 ], [ -104.019463566556482, 20.316810623313145 ], [ -104.016883467780872, 20.319064323185763 ], [ -103.998583523820813, 20.32168383241828 ], [ -103.996174642626315, 20.325102421977427 ], [ -103.99674444700662, 20.333171650937143 ], [ -103.99435195301966, 20.333318773648379 ], [ -103.99212108919447, 20.336984038949257 ], [ -103.975847173900718, 20.338380844848739 ], [ -103.97376162518249, 20.335046464795006 ], [ -103.967263363854968, 20.333699801550392 ], [ -103.963660608876097, 20.335100110562067 ], [ -103.961230020997135, 20.332141493510495 ], [ -103.955074231057495, 20.339569708702193 ], [ -103.951807491493341, 20.339807186501158 ], [ -103.949036910781942, 20.337721169564514 ], [ -103.948781642649678, 20.317102338378717 ], [ -103.931444493042846, 20.307821763840888 ], [ -103.928823260277952, 20.308301363040847 ], [ -103.921265992940334, 20.301372751228129 ], [ -103.917356138549025, 20.301491300575805 ], [ -103.914913548572414, 20.297455626719454 ], [ -103.909137979017913, 20.297756625406684 ], [ -103.905534317225403, 20.294228268105076 ], [ -103.906250969994773, 20.290743533506181 ], [ -103.901655669128544, 20.296913459045861 ], [ -103.901655333565188, 20.301716731441065 ], [ -103.8954899530506, 20.303594273160627 ], [ -103.888939916777048, 20.302617935084328 ], [ -103.885522802591026, 20.304884528310396 ], [ -103.873314934296985, 20.299403349277661 ], [ -103.86854729686948, 20.301019073948286 ], [ -103.85340505321895, 20.299082080331004 ], [ -103.850642668300551, 20.292522593656834 ], [ -103.843919494178508, 20.286660138893986 ], [ -103.842743884789712, 20.275987448776988 ], [ -103.836932363782353, 20.273139512697224 ], [ -103.835591940091831, 20.268306564243762 ], [ -103.841711241777674, 20.267549468524557 ], [ -103.848768550417574, 20.262187788897307 ], [ -103.859582013331078, 20.258656058985672 ], [ -103.845304806622906, 20.250499924141661 ], [ -103.843317581458038, 20.245258599573031 ], [ -103.839256144887543, 20.242271293670548 ], [ -103.842575778182564, 20.236735251752322 ], [ -103.838141261283099, 20.231763656446102 ], [ -103.845151297150309, 20.227479007719175 ], [ -103.84711784974013, 20.221043712643251 ], [ -103.829436049223219, 20.215773360526104 ], [ -103.837072211936004, 20.21019996242223 ], [ -103.842024768047722, 20.202383265881799 ], [ -103.847377329935355, 20.183375332852428 ], [ -103.8677414048868, 20.184185409415115 ], [ -103.876601723820684, 20.18251815587962 ], [ -103.880990459666592, 20.17926208517466 ], [ -103.883401542435649, 20.180053599469115 ], [ -103.893513763651654, 20.172982069746716 ], [ -103.89202385681746, 20.161118122843362 ], [ -103.894438454556905, 20.158720273065228 ], [ -103.898232282741745, 20.15833064459224 ], [ -103.901370967975041, 20.160643163508642 ], [ -103.905662302218715, 20.155192760872282 ], [ -103.91441502918137, 20.160938922450718 ], [ -103.918103821500267, 20.157858328471637 ], [ -103.923197952879292, 20.158276372717239 ], [ -103.921684179987182, 20.155276344558558 ], [ -103.924053693339047, 20.150310836070357 ], [ -103.923745623244159, 20.139298419247908 ], [ -103.929101505371946, 20.127908011614508 ], [ -103.928831936907571, 20.119131542335396 ], [ -103.935387268738893, 20.116254362873221 ], [ -103.939751644095196, 20.121819120042499 ], [ -103.941767409552611, 20.120089455998876 ], [ -103.940646610657836, 20.112817331117466 ], [ -103.947715819418548, 20.108362525535757 ], [ -103.954717724794435, 20.112480759855369 ], [ -103.991797245140532, 20.120595971783406 ], [ -104.000855401024509, 20.118208930350857 ], [ -104.011950756922957, 20.120715986871591 ], [ -104.024345430795378, 20.113152559253859 ], [ -104.030651067854564, 20.115484375864412 ], [ -104.033784521212056, 20.131530276295258 ], [ -104.026834067600177, 20.130316566095935 ], [ -104.033890727441246, 20.139654400488705 ], [ -104.034393415371142, 20.157312364865202 ], [ -104.035675587586681, 20.159842862990036 ], [ -104.035975625922404, 20.153791859959508 ], [ -104.038374155405648, 20.151516139678606 ], [ -104.039302164256441, 20.156864541400466 ], [ -104.045254077277349, 20.163298743876695 ], [ -104.048591698667579, 20.157625594782132 ], [ -104.064147534069761, 20.145878076585596 ], [ -104.067959549581346, 20.132827284643177 ], [ -104.075507084420664, 20.122185779437746 ], [ -104.076451195892318, 20.11306829159642 ], [ -104.085451027308736, 20.109018777983533 ], [ -104.090697949318084, 20.10232253927752 ], [ -104.094407001764708, 20.104955262358647 ], [ -104.104406214420663, 20.095627083658943 ], [ -104.108941815225776, 20.084132265075453 ], [ -104.124899431466275, 20.082374539252378 ], [ -104.127583322015525, 20.08623240434466 ], [ -104.130912352112631, 20.086360454039998 ], [ -104.129958491394447, 20.0896672288331 ], [ -104.114568453877339, 20.098735475936483 ], [ -104.112209468561176, 20.111781762073971 ], [ -104.114773186953229, 20.11766370102016 ], [ -104.100345954928386, 20.143629315121402 ], [ -104.110682681861618, 20.153116780560659 ], [ -104.108193731765468, 20.173452426703413 ], [ -104.117607263763148, 20.176188164628346 ], [ -104.119658342566268, 20.178772453128872 ], [ -104.119229116126817, 20.186667251012462 ], [ -104.116300116753465, 20.189234570612225 ], [ -104.112823798652457, 20.204931187319936 ], [ -104.126340640672012, 20.242872671149335 ], [ -104.1431411167638, 20.239436992133573 ], [ -104.15038820563997, 20.246437011626991 ], [ -104.14709977621348, 20.254554804320211 ], [ -104.138892657809151, 20.263997459982352 ], [ -104.134971423286231, 20.263831348122164 ], [ -104.12969854414898, 20.267351127086755 ], [ -104.122246237209197, 20.280072040538453 ], [ -104.131959973126314, 20.281764834858375 ], [ -104.13224525479805, 20.286776417211591 ], [ -104.134993759098691, 20.288682007056085 ], [ -104.145121547202507, 20.288268844217999 ], [ -104.143125866155216, 20.292079125844893 ], [ -104.147102412011733, 20.295102911746731 ], [ -104.163063867691278, 20.296390588465151 ], [ -104.16431268040175, 20.300310055204246 ], [ -104.161645826145616, 20.303171955530779 ], [ -104.16341334539942, 20.306015091400123 ], [ -104.159799452690521, 20.306650052919935 ], [ -104.161677737299755, 20.308501222526232 ], [ -104.160446166978801, 20.317223493558508 ], [ -104.164294209919674, 20.316670163556573 ], [ -104.167412509362421, 20.32091218419357 ], [ -104.160186988890658, 20.322677916137 ], [ -104.164422235942638, 20.328278614181279 ], [ -104.163399547899033, 20.332910007876535 ], [ -104.161481626697736, 20.334240122558391 ], [ -104.158379494276588, 20.332724591052404 ], [ -104.160654237583074, 20.352049514091902 ], [ -104.171521746899487, 20.363571114799129 ], [ -104.173560197980848, 20.362818772252041 ], [ -104.177783667946628, 20.366229639949868 ], [ -104.18717203903492, 20.364660419549907 ], [ -104.188008520133749, 20.367796576025949 ], [ -104.185396976845126, 20.370286729324178 ], [ -104.183709707483104, 20.380746262215055 ], [ -104.190825443270882, 20.389184484929661 ], [ -104.189388806341256, 20.392908934143104 ], [ -104.192462085991266, 20.398968527727394 ], [ -104.191167085514365, 20.406741042380911 ], [ -104.193814371914783, 20.409951876448638 ], [ -104.192990782089694, 20.418424649119867 ], [ -104.205690535734277, 20.422995686814176 ], [ -104.201987073744675, 20.42842412547839 ], [ -104.204252448550037, 20.435850432903653 ], [ -104.207459696619495, 20.437598590720146 ], [ -104.204210896725527, 20.445919023730561 ], [ -104.186925440900708, 20.453816694258208 ], [ -104.183407948447069, 20.461000262388602 ], [ -104.184275965320651, 20.467018386662154 ], [ -104.181969754733586, 20.469450286579924 ] ] ] } },
{ "type": "Feature", "properties": { "cve_edo": "14", "cve_mpo_ine": "090", "cve_edo_mpo_ine": "14090", "nom_mpo": "TECHALUTA DE MONTENEGRO", "nom_edo": "Jalisco", "alianza_ganadora": "Otros", "margen_pp": 4.0999057492931197, "por_participacion": 66.792571608435637 }, "geometry": { "type": "Polygon", "coordinates": [ [ [ -103.523338858403349, 20.153872920641842 ], [ -103.512539536099098, 20.152801783806815 ], [ -103.517257871756684, 20.142255289584259 ], [ -103.526510885376126, 20.136155618418023 ], [ -103.52149846731588, 20.133641414214519 ], [ -103.535870964364364, 20.130083671454493 ], [ -103.542668281601465, 20.122143982917454 ], [ -103.539417018669809, 20.077859814651539 ], [ -103.545356339368567, 20.054018354687884 ], [ -103.553279589982793, 20.039362047800665 ], [ -103.560262277368864, 20.045144973576832 ], [ -103.565644540893857, 20.044361456391353 ], [ -103.580906775221351, 20.049614127358389 ], [ -103.584643760202681, 20.043149747782998 ], [ -103.58844187067956, 20.043097433054612 ], [ -103.593846554086213, 20.046449759281249 ], [ -103.612108026800385, 20.070171578009781 ], [ -103.615345739740874, 20.067342804092604 ], [ -103.620306233539708, 20.068084666074636 ], [ -103.621743895474467, 20.064844658150843 ], [ -103.631378131607022, 20.067165471414089 ], [ -103.636759876440223, 20.073125700299986 ], [ -103.635685560944694, 20.077829876140186 ], [ -103.646213744519287, 20.086999381698249 ], [ -103.638689774768011, 20.085783770564451 ], [ -103.636449719249896, 20.083347399425772 ], [ -103.629140657612524, 20.083477590836971 ], [ -103.624271452485928, 20.089449154439684 ], [ -103.624293689732681, 20.092523037042657 ], [ -103.61659381977077, 20.095313932836223 ], [ -103.613572653571552, 20.106258529945269 ], [ -103.610598730321442, 20.107523675268745 ], [ -103.606837680939122, 20.10505500804712 ], [ -103.60588284764016, 20.110586097081072 ], [ -103.602099069424483, 20.113144046577887 ], [ -103.601191912863371, 20.117179336281421 ], [ -103.592333929133559, 20.121887721611046 ], [ -103.588383100882112, 20.134001303527484 ], [ -103.571657447809329, 20.133688223684008 ], [ -103.56100152225784, 20.140738216463319 ], [ -103.558353690896155, 20.145617402250064 ], [ -103.550991405298532, 20.146712880878908 ], [ -103.540254327082522, 20.144898043711105 ], [ -103.531229277073351, 20.152366009881572 ], [ -103.527264654080739, 20.150862071659564 ], [ -103.523338858403349, 20.153872920641842 ] ] ] } },
{ "type": "Feature", "properties": { "cve_edo": "14", "cve_mpo_ine": "091", "cve_edo_mpo_ine": "14091", "nom_mpo": "TENAMAXTLAN", "nom_edo": "Jalisco", "alianza_ganadora": "Va por México", "margen_pp": 46.835132482826303, "por_participacion": 63.350948088281015 }, "geometry": { "type": "Polygon", "coordinates": [ [ [ -104.193401365962472, 20.24784132245729 ], [ -104.186035274270239, 20.240843223015847 ], [ -104.17850060467805, 20.278203432627034 ], [ -104.156175608385652, 20.295641666734962 ], [ -104.147102412011733, 20.295102911746731 ], [ -104.143125866155216, 20.292079125844893 ], [ -104.145121547202507, 20.288268844217999 ], [ -104.134993759098691, 20.288682007056085 ], [ -104.13224525479805, 20.286776417211591 ], [ -104.131959973126314, 20.281764834858375 ], [ -104.125934277007389, 20.279444469731008 ], [ -104.122494146266106, 20.280493458353277 ], [ -104.12969854414898, 20.267351127086755 ], [ -104.134971423286231, 20.263831348122164 ], [ -104.138892657809151, 20.263997459982352 ], [ -104.14709977621348, 20.254554804320211 ], [ -104.15038820563997, 20.246437011626991 ], [ -104.1431411167638, 20.239436992133573 ], [ -104.126340640672012, 20.242872671149335 ], [ -104.112823798652457, 20.204931187319936 ], [ -104.116300116753465, 20.189234570612225 ], [ -104.119229116126817, 20.186667251012462 ], [ -104.119658342566268, 20.178772453128872 ], [ -104.117607263763148, 20.176188164628346 ], [ -104.108193731765468, 20.173452426703413 ], [ -104.110682681861618, 20.153116780560659 ], [ -104.100345954928386, 20.143629315121402 ], [ -104.114773186953229, 20.11766370102016 ], [ -104.112209468561176, 20.111781762073971 ], [ -104.114568453877339, 20.098735475936483 ], [ -104.129958491394447, 20.0896672288331 ], [ -104.130912352112631, 20.086360454039998 ], [ -104.135935289407342, 20.086283018135632 ], [ -104.130799535301136, 20.080474441872845 ], [ -104.134368487177483, 20.070779040189645 ], [ -104.131397122105, 20.060288958696571 ], [ -104.128128093399354, 20.05862735428834 ], [ -104.139174736453157, 20.042556630880316 ], [ -104.130537589615571, 20.035832472454342 ], [ -104.125341015054119, 20.036033968596598 ], [ -104.122891791354277, 20.031803296553775 ], [ -104.112964402282799, 20.03423729991248 ], [ -104.111386312363408, 20.036349359952283 ], [ -104.107771642803215, 20.029795893405574 ], [ -104.105902322646244, 20.031037100766529 ], [ -104.102576174564348, 20.028919031420134 ], [ -104.099664071934484, 20.020666842780546 ], [ -104.092662828213932, 20.015725325913742 ], [ -104.089516549651492, 20.009006327011832 ], [ -104.083155318598628, 20.007132586929384 ], [ -104.076157483051404, 19.999910719762489 ], [ -104.06658765050534, 19.996788420414383 ], [ -104.066419001583512, 19.990695070969032 ], [ -104.070972834808202, 19.989706794257476 ], [ -104.075473189000135, 19.983785794698722 ], [ -104.083703518201645, 19.983175305916664 ], [ -104.088409179689904, 19.98023188166875 ], [ -104.087473490078935, 19.990647219134402 ], [ -104.088993904823752, 19.990796646950894 ], [ -104.097453277708269, 19.979387904447581 ], [ -104.099804217886273, 19.980688982204434 ], [ -104.112451069645573, 19.978188344991974 ], [ -104.116858742542988, 19.975404079182095 ], [ -104.125381569286887, 19.974978920293626 ], [ -104.130722501260976, 19.977241632752285 ], [ -104.134739235574969, 19.981177057397407 ], [ -104.126225133429514, 19.982628010999953 ], [ -104.128160305453221, 19.986831356254715 ], [ -104.125560544155121, 19.99292868907202 ], [ -104.127006696211396, 19.995728579545833 ], [ -104.130642675694389, 19.996296272711813 ], [ -104.132155550747484, 19.999634552925492 ], [ -104.130054697429188, 19.999998156149868 ], [ -104.13160669440488, 20.002482204061472 ], [ -104.133773041313987, 20.001658601416338 ], [ -104.138686934437118, 20.012577193186385 ], [ -104.151097465745465, 20.017223069920348 ], [ -104.153788892242247, 20.024625094763344 ], [ -104.16473738139706, 20.027242861401604 ], [ -104.169128140178387, 20.031464144606041 ], [ -104.172934435017581, 20.02861674153359 ], [ -104.179667728964816, 20.031269889100322 ], [ -104.180896664915053, 20.040901825292526 ], [ -104.178611902243475, 20.052844343895909 ], [ -104.180954082926547, 20.056401649823073 ], [ -104.178376278343563, 20.067723811877993 ], [ -104.182885428662573, 20.07500353477543 ], [ -104.18235777978316, 20.082277464512892 ], [ -104.187218933804914, 20.090094810955993 ], [ -104.180656894244422, 20.108645628738582 ], [ -104.182529922850321, 20.128363334562998 ], [ -104.178896181353963, 20.139560158130266 ], [ -104.182997687979366, 20.139978252784022 ], [ -104.178485563333425, 20.143692899006815 ], [ -104.178484887460115, 20.149644737198159 ], [ -104.180594323519671, 20.150267196045103 ], [ -104.183993569207402, 20.142707328138972 ], [ -104.193251592055248, 20.139576441778086 ], [ -104.203996945654964, 20.142517594344966 ], [ -104.197794906130937, 20.183564064631518 ], [ -104.203833757797184, 20.18475001302486 ], [ -104.219118501675737, 20.193152929776158 ], [ -104.223094721024168, 20.190150401603752 ], [ -104.227418250146684, 20.190163170718083 ], [ -104.228602882669847, 20.184681298359049 ], [ -104.241073820112959, 20.176657097420836 ], [ -104.265456629772615, 20.168436688862965 ], [ -104.26350191862727, 20.173269377937309 ], [ -104.264739284709137, 20.183264089862025 ], [ -104.279897745496584, 20.194105637849475 ], [ -104.280267073707151, 20.204487051423463 ], [ -104.264007821124551, 20.206102959273007 ], [ -104.261728866252724, 20.201465412202722 ], [ -104.253532956943786, 20.208594336555393 ], [ -104.250784076894234, 20.207021939075073 ], [ -104.251776647102403, 20.210044988388166 ], [ -104.247442166036535, 20.216550131040492 ], [ -104.239255557220233, 20.209802963934095 ], [ -104.193401365962472, 20.24784132245729 ] ] ] } },
{ "type": "Feature", "properties": { "cve_edo": "14", "cve_mpo_ine": "092", "cve_edo_mpo_ine": "14092", "nom_mpo": "TEOCALTICHE", "nom_edo": "Jalisco", "alianza_ganadora": "Va por México", "margen_pp": 11.447552447552448, "por_participacion": 45.519656215183829 }, "geometry": { "type": "Polygon", "coordinates": [ [ [ -102.725256658940282, 21.589570911283349 ], [ -102.729626865627111, 21.593615930763526 ], [ -102.734698051036503, 21.591627432030844 ], [ -102.737348309307379, 21.587947200799267 ], [ -102.754697479255569, 21.591812217837795 ], [ -102.758944896900147, 21.591641993292043 ], [ -102.759118150256796, 21.588914634737925 ], [ -102.762419973599265, 21.587588448709646 ], [ -102.767737965062054, 21.589693970034915 ], [ -102.77041203649928, 21.58499147630053 ], [ -102.773543212570644, 21.587566293400794 ], [ -102.77423874658318, 21.594183135267457 ], [ -102.768052101798176, 21.60704365183862 ], [ -102.776333436889345, 21.621371656931458 ], [ -102.77527798227095, 21.625959592528226 ], [ -102.778887648187123, 21.63277296348727 ], [ -102.778245982734518, 21.637856235573199 ], [ -102.783924190875297, 21.646361060644409 ], [ -102.774670641981487, 21.654926148545798 ], [ -102.774380083035979, 21.658108192552838 ], [ -102.78110836803998, 21.657893179219975 ], [ -102.789084980506161, 21.663461181590272 ], [ -102.796821071591594, 21.664124404268176 ], [ -102.805022168647199, 21.670309889039871 ], [ -102.799639984981056, 21.669449942473204 ], [ -102.795939534400247, 21.676001032873735 ], [ -102.786662457314392, 21.674958063489569 ], [ -102.766922132516328, 21.687314315503858 ], [ -102.763253357619888, 21.695558439563573 ], [ -102.754061989222151, 21.701868683413402 ], [ -102.747836906100957, 21.716152879162976 ], [ -102.744471304200218, 21.711757624866106 ], [ -102.746848019878769, 21.708873490405882 ], [ -102.744850060773501, 21.702458157979692 ], [ -102.746932494194922, 21.698746073494767 ], [ -102.743408653241019, 21.686744048896784 ], [ -102.747232205474944, 21.673407160479286 ], [ -102.744180942093351, 21.662027108248076 ], [ -102.74601901267323, 21.661083642537157 ], [ -102.747284596037346, 21.652118316904179 ], [ -102.74593317862896, 21.647855151595614 ], [ -102.742011052515721, 21.653544194292827 ], [ -102.739111263688258, 21.652871196369297 ], [ -102.737210086358957, 21.655385172663163 ], [ -102.728220398456841, 21.651173705493566 ], [ -102.716494188590943, 21.651993638129447 ], [ -102.712342689351516, 21.654456621240708 ], [ -102.708022656368328, 21.65352914136961 ], [ -102.704493439621587, 21.644957541337984 ], [ -102.695986086721405, 21.638266273421888 ], [ -102.689986978425381, 21.624186130412426 ], [ -102.662268949007881, 21.608729320727342 ], [ -102.653733019942635, 21.612700759640436 ], [ -102.641198044368096, 21.608220999477393 ], [ -102.639120992498533, 21.609906253983898 ], [ -102.641341937646317, 21.600119863902769 ], [ -102.63826705979578, 21.599196416823759 ], [ -102.631015339346092, 21.59035857440875 ], [ -102.627262074094432, 21.57967665166602 ], [ -102.617913888223327, 21.579013014085504 ], [ -102.616152737071189, 21.574705881605475 ], [ -102.609176305271419, 21.572771530066603 ], [ -102.605226199832373, 21.568412585536766 ], [ -102.598534678159666, 21.569827298738282 ], [ -102.593479817444731, 21.559923954507205 ], [ -102.590436801660772, 21.567225458136178 ], [ -102.583280459818255, 21.566198564419761 ], [ -102.578757813335727, 21.5704963310171 ], [ -102.580779953361855, 21.585421982075701 ], [ -102.573652887605775, 21.584738372167664 ], [ -102.57205796156012, 21.579520827759364 ], [ -102.560864778677043, 21.573225157210686 ], [ -102.557827067876062, 21.565186367635373 ], [ -102.55164203794547, 21.57557736087433 ], [ -102.547869615103679, 21.575501489808712 ], [ -102.546787216589621, 21.57055869309804 ], [ -102.521483961649125, 21.583722432556552 ], [ -102.517352654100108, 21.584096726837348 ], [ -102.507505835740091, 21.594699140800365 ], [ -102.496472424473112, 21.600582179945881 ], [ -102.493829297893441, 21.604892786259693 ], [ -102.482698752215825, 21.608833117785682 ], [ -102.472663769866728, 21.620050649317253 ], [ -102.457538829682449, 21.627584182236443 ], [ -102.449329318992852, 21.628618793878722 ], [ -102.443074109280886, 21.634007824906515 ], [ -102.437941293503613, 21.634163680293163 ], [ -102.436583033740618, 21.639352953258207 ], [ -102.442040458411185, 21.641719124803831 ], [ -102.442833476160729, 21.649572285887103 ], [ -102.429152938814212, 21.659159586626128 ], [ -102.410265483958014, 21.659707370474475 ], [ -102.383629482841613, 21.652251091143693 ], [ -102.388177602994077, 21.642955103404429 ], [ -102.386303246392629, 21.636990268209008 ], [ -102.381723142031532, 21.635333246123547 ], [ -102.380330171524832, 21.618844384882127 ], [ -102.385757879232941, 21.623524197180213 ], [ -102.388808217465012, 21.619962994041355 ], [ -102.397778891764162, 21.619351970124118 ], [ -102.401732488198888, 21.614189292512183 ], [ -102.400953021072667, 21.605386579540948 ], [ -102.405175288236066, 21.597418717894861 ], [ -102.405294131127292, 21.592382462767013 ], [ -102.399361329550601, 21.585592420922804 ], [ -102.398542585993184, 21.580092539750286 ], [ -102.40038025258653, 21.579243948790193 ], [ -102.399029091207495, 21.568949009196306 ], [ -102.403014017077098, 21.565974866508025 ], [ -102.403204959825089, 21.559824477557868 ], [ -102.393121852266177, 21.565049425415378 ], [ -102.392409349472331, 21.5704099722889 ], [ -102.390606848908391, 21.568327226612713 ], [ -102.387806915508818, 21.5707762859106 ], [ -102.385103015186914, 21.57012950312205 ], [ -102.382799542504017, 21.560691955472276 ], [ -102.370309720282251, 21.569896076830393 ], [ -102.367716443340143, 21.564997311679821 ], [ -102.369658450545373, 21.540903956284367 ], [ -102.365420708857087, 21.530703275593929 ], [ -102.368588975297655, 21.51723390595582 ], [ -102.37295898301808, 21.51645270336012 ], [ -102.378505413668137, 21.510934961450218 ], [ -102.38026103878785, 21.507030204591601 ], [ -102.378702989288556, 21.504289238549141 ], [ -102.390915153143368, 21.503008864494767 ], [ -102.400284864917026, 21.497941655749276 ], [ -102.407872329057497, 21.477581855536631 ], [ -102.404683819108996, 21.46420676355536 ], [ -102.40650865361745, 21.457255607592391 ], [ -102.409436071868754, 21.454831096075619 ], [ -102.406719942689008, 21.454530215514087 ], [ -102.426450152786359, 21.444786047710494 ], [ -102.433096642840027, 21.436379102787196 ], [ -102.425199161489317, 21.430606159266958 ], [ -102.422725256426858, 21.424526539640254 ], [ -102.42333715867089, 21.420517661598794 ], [ -102.420887302690801, 21.417037158785519 ], [ -102.424994845230515, 21.414805733216479 ], [ -102.41724968087162, 21.412407126442762 ], [ -102.421809412226509, 21.408280001471855 ], [ -102.426639447007332, 21.407691062843881 ], [ -102.433706287183909, 21.400310800401694 ], [ -102.443057858643286, 21.404045457448092 ], [ -102.4541489853884, 21.404583303994361 ], [ -102.461405335862651, 21.392454537530181 ], [ -102.461688349951743, 21.384983063934335 ], [ -102.464621614773137, 21.383423734870767 ], [ -102.463154251023994, 21.377911026808974 ], [ -102.468921263222285, 21.36439536169808 ], [ -102.479289503298261, 21.357470858886558 ], [ -102.480470959864846, 21.351598330182892 ], [ -102.491311590269405, 21.350980769918387 ], [ -102.482859738486468, 21.327368384435097 ], [ -102.484462646956175, 21.325427745137368 ], [ -102.489707355450918, 21.323640024680671 ], [ -102.49161114274419, 21.320254087079732 ], [ -102.494843894558201, 21.320400587197199 ], [ -102.500407424320869, 21.314759677437866 ], [ -102.506703657763026, 21.313931918534159 ], [ -102.517834267391564, 21.301819944239117 ], [ -102.523190642465963, 21.300777947703448 ], [ -102.529277121086466, 21.30512942476123 ], [ -102.531571656316729, 21.295527637332221 ], [ -102.536892701376544, 21.30008104559607 ], [ -102.542709681831994, 21.300575189765226 ], [ -102.555456186898283, 21.292740573792678 ], [ -102.557446209726976, 21.294162831464028 ], [ -102.557095901814549, 21.303363166994394 ], [ -102.554186215719625, 21.308069991574257 ], [ -102.557557644672954, 21.311159155314254 ], [ -102.564584738947062, 21.309339197207542 ], [ -102.567392142411649, 21.302061401919879 ], [ -102.574497030135205, 21.30351612781697 ], [ -102.573511470912052, 21.310971492311545 ], [ -102.576694193392981, 21.309665211079498 ], [ -102.580035140044629, 21.311385982698539 ], [ -102.584401310864237, 21.30880196799929 ], [ -102.588133742131987, 21.313924267320665 ], [ -102.590751034494374, 21.308800400845492 ], [ -102.598006453539512, 21.304741725066002 ], [ -102.608880058795236, 21.305264974457707 ], [ -102.612734863015859, 21.29948501727219 ], [ -102.611583432003698, 21.295249600533825 ], [ -102.613644170599215, 21.291003151173232 ], [ -102.625771618937677, 21.281324234473029 ], [ -102.618544740517763, 21.270377840438769 ], [ -102.619979467599677, 21.257516111633397 ], [ -102.633073207329531, 21.256318726539135 ], [ -102.635125153567301, 21.247892051548831 ], [ -102.638434177851877, 21.24709597343497 ], [ -102.646204347279721, 21.247543544033476 ], [ -102.653178043257654, 21.251586817994362 ], [ -102.652488908796016, 21.255636304825682 ], [ -102.657527606412316, 21.268649947343132 ], [ -102.654279524755225, 21.276126115076391 ], [ -102.666744530794119, 21.281881802652347 ], [ -102.672796366201666, 21.287327020162461 ], [ -102.673372360463617, 21.29264937429113 ], [ -102.678779614538854, 21.293185331857448 ], [ -102.678798052943804, 21.302020990982996 ], [ -102.681740477134696, 21.302169817323414 ], [ -102.686865671831512, 21.307013160189566 ], [ -102.68699822860772, 21.31116587082056 ], [ -102.690537159326354, 21.311077270915423 ], [ -102.704014894503771, 21.319377518627885 ], [ -102.696776988419785, 21.328181916791092 ], [ -102.681900595997718, 21.338800240809327 ], [ -102.680550709894774, 21.337846201318794 ], [ -102.643579866374779, 21.366973306372255 ], [ -102.642313019494239, 21.380813225931458 ], [ -102.638236519115665, 21.385608609671774 ], [ -102.641560427586441, 21.387631450290815 ], [ -102.639681228989502, 21.393885647008499 ], [ -102.646137567792366, 21.394235928230533 ], [ -102.650737840332951, 21.401050580825096 ], [ -102.655274768933751, 21.401708692001556 ], [ -102.655512576740861, 21.404435569545736 ], [ -102.652215469954498, 21.407288738473543 ], [ -102.659700848820918, 21.410878442877841 ], [ -102.657287254847802, 21.413483178692434 ], [ -102.652455577458142, 21.413114510208135 ], [ -102.657352477087358, 21.421457649897306 ], [ -102.656411808899279, 21.424143993774639 ], [ -102.653641513128917, 21.422988891035235 ], [ -102.652289628121622, 21.427452167796211 ], [ -102.654298729670444, 21.434888220475859 ], [ -102.651648740004219, 21.43728638241295 ], [ -102.654597625458507, 21.440507352745847 ], [ -102.65071012518392, 21.443112871573238 ], [ -102.653718732707119, 21.447284153011644 ], [ -102.646353415055856, 21.449147984270414 ], [ -102.636637924313277, 21.462829686455446 ], [ -102.637641271166288, 21.465060332194003 ], [ -102.64312028378896, 21.461462677553971 ], [ -102.642652820701642, 21.467619341892849 ], [ -102.648603288288172, 21.46393860590819 ], [ -102.649200670775102, 21.475383415296282 ], [ -102.643012731013698, 21.477204943450229 ], [ -102.640539329673032, 21.480800955701472 ], [ -102.640242439186252, 21.47737171929306 ], [ -102.637236317069764, 21.477455934635998 ], [ -102.634940446851772, 21.482456566167489 ], [ -102.63818336711411, 21.483859724812952 ], [ -102.624500922523652, 21.499803546825003 ], [ -102.64262626712258, 21.518523141091581 ], [ -102.634965572806649, 21.526088104564796 ], [ -102.637325232454074, 21.527987588791902 ], [ -102.63302362910953, 21.533195635602731 ], [ -102.644346717263502, 21.535462570680963 ], [ -102.659795356283894, 21.533925006986099 ], [ -102.666731480755459, 21.540792000680391 ], [ -102.683585923127765, 21.543551819363891 ], [ -102.685128420423354, 21.542070277111996 ], [ -102.689500849260952, 21.544197070123076 ], [ -102.696309559260428, 21.542572322228338 ], [ -102.697350473588187, 21.551422871622769 ], [ -102.690386014369196, 21.566357501927719 ], [ -102.690791159083957, 21.56962484942574 ], [ -102.69535559095597, 21.575471375455557 ], [ -102.699106566246726, 21.572570903286799 ], [ -102.718689636907513, 21.572429570450915 ], [ -102.722233907034024, 21.576971343328086 ], [ -102.725256658940282, 21.589570911283349 ] ] ] } },
{ "type": "Feature", "properties": { "cve_edo": "14", "cve_mpo_ine": "093", "cve_edo_mpo_ine": "14093", "nom_mpo": "TEOCUITATLAN DE CORONA", "nom_edo": "Jalisco", "alianza_ganadora": "Juntos Haremos Historia", "margen_pp": 2.1279949558638083, "por_participacion": 66.457154829247855 }, "geometry": { "type": "Polygon", "coordinates": [ [ [ -103.43077063675311, 20.20130836309961 ], [ -103.425420560716375, 20.200471333812441 ], [ -103.421306978511737, 20.193164670361188 ], [ -103.398429283682972, 20.188777209409306 ], [ -103.385957437994179, 20.182573273966835 ], [ -103.38608200714387, 20.185675272376287 ], [ -103.38444455003814, 20.185680750059067 ], [ -103.377057743879547, 20.178093930471078 ], [ -103.347972880251518, 20.168796791247502 ], [ -103.32802631891947, 20.1712259135079 ], [ -103.33112041885984, 20.16859076876894 ], [ -103.309777193116119, 20.167172344236754 ], [ -103.308140046248539, 20.170306655672388 ], [ -103.289772383272535, 20.167696048202355 ], [ -103.288262135474739, 20.163520597308789 ], [ -103.283011706150148, 20.16457964308993 ], [ -103.276081550308305, 20.158075835147429 ], [ -103.266922126567081, 20.160114337088594 ], [ -103.25648850786871, 20.156655579406401 ], [ -103.246172168457562, 20.153031266414043 ], [ -103.242273169620816, 20.148310947183433 ], [ -103.234574334406702, 20.14878273694319 ], [ -103.224203232998775, 20.143711178661075 ], [ -103.227533590770676, 20.140376244876713 ], [ -103.226369629478796, 20.13913347799047 ], [ -103.211730228146777, 20.140201567561242 ], [ -103.18848871542707, 20.127526476969415 ], [ -103.190777077797463, 20.120925564915847 ], [ -103.195390335085534, 20.11776077097781 ], [ -103.216317718162969, 20.120514892234198 ], [ -103.221749439304858, 20.1159065666088 ], [ -103.220939221480123, 20.112806231498475 ], [ -103.228749761191025, 20.114070416214076 ], [ -103.238666151022286, 20.111664958765648 ], [ -103.24128649314919, 20.113490444794383 ], [ -103.243445935104873, 20.112299416892284 ], [ -103.243674797468728, 20.114695633057529 ], [ -103.2447263005932, 20.11358374782419 ], [ -103.244971724213372, 20.1068523226926 ], [ -103.238860544522225, 20.101174844713448 ], [ -103.239118000829862, 20.088206798352712 ], [ -103.231027635045109, 20.081613928750844 ], [ -103.229522648433644, 20.076157137876443 ], [ -103.235126617981507, 20.072003615860922 ], [ -103.256749821936509, 20.073145395981673 ], [ -103.263283294127447, 20.070191721796768 ], [ -103.264327525715899, 20.075074459838298 ], [ -103.269982183450722, 20.072607436964084 ], [ -103.272729769043579, 20.067824807491448 ], [ -103.27996474947453, 20.063220701831607 ], [ -103.280202449414816, 20.060454290409339 ], [ -103.267793271684567, 20.057526050375923 ], [ -103.2664277203761, 20.038606071846857 ], [ -103.267601011856001, 20.034190465592058 ], [ -103.272792907070368, 20.030984841341454 ], [ -103.271114314256948, 20.024536812360616 ], [ -103.273685651657104, 20.020249378721683 ], [ -103.271076004849803, 20.013220272444997 ], [ -103.283540355973827, 20.01581869159277 ], [ -103.290459427298586, 20.024677447157799 ], [ -103.292679643592095, 20.020966994275039 ], [ -103.298759501782556, 20.032728983101705 ], [ -103.304231867309113, 20.033784478872033 ], [ -103.30423188903859, 20.04183967879559 ], [ -103.317454464072839, 20.046811649656444 ], [ -103.322093444494499, 20.036617644055777 ], [ -103.31750998842827, 20.034728849617 ], [ -103.322426770409535, 20.030701237829508 ], [ -103.320093354932311, 20.022451607786468 ], [ -103.336952242212661, 20.014424129249459 ], [ -103.348192804605645, 20.017034139757662 ], [ -103.355195996899113, 20.013973244657397 ], [ -103.380344161888047, 20.038204282682425 ], [ -103.383563800868018, 20.062295697048672 ], [ -103.388980835455428, 20.057706133566032 ], [ -103.393035837370888, 20.06146038025722 ], [ -103.396831051531365, 20.060092943118931 ], [ -103.404852004079146, 20.061519680690061 ], [ -103.404827060773201, 20.068060126620146 ], [ -103.411093189510467, 20.069419183896319 ], [ -103.414974140753486, 20.073299338727519 ], [ -103.414813188162626, 20.076091832644448 ], [ -103.423117156786091, 20.075557099588462 ], [ -103.432834606703906, 20.085920960712219 ], [ -103.45486934957863, 20.094797145203525 ], [ -103.459696792686728, 20.089669629082778 ], [ -103.464086667606693, 20.068925711613439 ], [ -103.473564541386693, 20.058797116827808 ], [ -103.472874827183787, 20.066354415000617 ], [ -103.478997145544525, 20.078447692764339 ], [ -103.498089252977138, 20.082429465555684 ], [ -103.498213929853662, 20.09392446676009 ], [ -103.486413446733124, 20.096829147211736 ], [ -103.469045708528114, 20.108616940935594 ], [ -103.46532421226506, 20.112734525715922 ], [ -103.466034861978372, 20.119336719791256 ], [ -103.460128104170551, 20.12126202312853 ], [ -103.452437945382499, 20.129684048576554 ], [ -103.438735360331549, 20.137379111311059 ], [ -103.447621558001543, 20.147478374552602 ], [ -103.450967610072638, 20.156065428573402 ], [ -103.452563901563011, 20.17645162250048 ], [ -103.445822544239746, 20.181397771323674 ], [ -103.438454014937776, 20.183068909948112 ], [ -103.43077063675311, 20.20130836309961 ] ] ] } },
{ "type": "Feature", "properties": { "cve_edo": "14", "cve_mpo_ine": "094", "cve_edo_mpo_ine": "14094", "nom_mpo": "TEPATITLAN DE MORELOS", "nom_edo": "Jalisco", "alianza_ganadora": "Va por México", "margen_pp": 33.15439085980681, "por_participacion": 45.828949711085578 }, "geometry": { "type": "Polygon", "coordinates": [ [ [ -102.544240544215086, 20.704021902793944 ], [ -102.54840186109611, 20.696965667621704 ], [ -102.549802779863555, 20.686434620616172 ], [ -102.54504023178751, 20.686776973961706 ], [ -102.549661141262973, 20.676873564804861 ], [ -102.547923633236621, 20.664267809032026 ], [ -102.555516615255854, 20.658726421306973 ], [ -102.556104277080706, 20.648157367290121 ], [ -102.562571226084117, 20.636948200293318 ], [ -102.568428575227514, 20.637303269139188 ], [ -102.570213644070137, 20.65655402054443 ], [ -102.579277729559848, 20.655920786584765 ], [ -102.581000351692325, 20.652300768442796 ], [ -102.588591803364437, 20.651192837656453 ], [ -102.591211038970414, 20.646800514585902 ], [ -102.594785869209289, 20.646947716669501 ], [ -102.598765251424922, 20.642040287424141 ], [ -102.603732300105463, 20.640220725128327 ], [ -102.600911458157981, 20.629797642592809 ], [ -102.607400535360782, 20.628088151018193 ], [ -102.609762939178026, 20.621989759991649 ], [ -102.613035959036026, 20.622504575630757 ], [ -102.614926861215736, 20.619177538752396 ], [ -102.617582777130437, 20.621091947552024 ], [ -102.623841399141597, 20.619170242785572 ], [ -102.629071764426911, 20.615985330446343 ], [ -102.631946245545947, 20.610559482653038 ], [ -102.639417408002785, 20.61218539470417 ], [ -102.648363762658178, 20.607986717647716 ], [ -102.655525427259022, 20.607656366979846 ], [ -102.663009431898843, 20.614136017257689 ], [ -102.686904443091223, 20.621150792190001 ], [ -102.685364069582349, 20.627347788266729 ], [ -102.695679749836003, 20.627298092615153 ], [ -102.709585616492475, 20.632954585574904 ], [ -102.705455083962889, 20.636866446637288 ], [ -102.702461913571526, 20.645196085788744 ], [ -102.70767770435215, 20.642672354945372 ], [ -102.708807586336448, 20.645940050746152 ], [ -102.717591608538498, 20.648260380654161 ], [ -102.720896785063459, 20.646872282298929 ], [ -102.721916217803951, 20.636472178749106 ], [ -102.728787322991465, 20.633233459072372 ], [ -102.728032724213591, 20.63057870492888 ], [ -102.73214517258036, 20.628046246688694 ], [ -102.730758249868472, 20.620994289270438 ], [ -102.744384315095587, 20.613395615452081 ], [ -102.761863953492252, 20.611393976577158 ], [ -102.775731528621066, 20.622751944033503 ], [ -102.794735637883619, 20.621243791071667 ], [ -102.801531532588044, 20.623976229587775 ], [ -102.81265088405749, 20.633674420104871 ], [ -102.815876935854448, 20.633505467195597 ], [ -102.828624829245697, 20.623282253543014 ], [ -102.839473298119017, 20.624603163344055 ], [ -102.848927509960305, 20.618867226144751 ], [ -102.855448260852867, 20.613466115842247 ], [ -102.853053191548156, 20.609071122138467 ], [ -102.854816118835544, 20.607285017852519 ], [ -102.862265959539954, 20.606521619454291 ], [ -102.863271801827693, 20.601590827128312 ], [ -102.872721866071814, 20.596807634740617 ], [ -102.882980791196687, 20.598080271262909 ], [ -102.888185788352459, 20.605416850611455 ], [ -102.886064586437101, 20.610813408404137 ], [ -102.913510734520329, 20.609902608611058 ], [ -102.91888598899952, 20.616238170883687 ], [ -102.920117298373313, 20.621924665929715 ], [ -102.918055059827239, 20.627612022021605 ], [ -102.92221172077096, 20.632086549396 ], [ -102.91843761795532, 20.644166063452353 ], [ -102.893157580390152, 20.643953898013443 ], [ -102.895132489340455, 20.654406555782259 ], [ -102.904683362543309, 20.66028460198951 ], [ -102.906620138628753, 20.663732429743348 ], [ -102.896706456050424, 20.674448251431318 ], [ -102.898546551538658, 20.69552789524446 ], [ -102.885978819961977, 20.694583216987379 ], [ -102.880544255269712, 20.701178772612511 ], [ -102.86943316577063, 20.700671398613835 ], [ -102.855994417615179, 20.704118587242995 ], [ -102.838629011106789, 20.702698320560124 ], [ -102.834397420030527, 20.703717400419571 ], [ -102.832911072329907, 20.707101046174309 ], [ -102.826290687590529, 20.704971258770652 ], [ -102.818001528379185, 20.705900619063964 ], [ -102.814034277750622, 20.717063215789292 ], [ -102.816958020916573, 20.720925718779558 ], [ -102.820918340807978, 20.720738836240734 ], [ -102.824764904405512, 20.725586864676753 ], [ -102.821355593089393, 20.726401720111099 ], [ -102.820103035785849, 20.72986866023636 ], [ -102.822404462101417, 20.732484594729296 ], [ -102.821912058655798, 20.742024122451756 ], [ -102.819093532641958, 20.749762757239068 ], [ -102.816167087468969, 20.750764998985282 ], [ -102.815951302342114, 20.747458343677735 ], [ -102.814190533575299, 20.747369589592914 ], [ -102.811808713842382, 20.753146634999631 ], [ -102.80674543007342, 20.755566981137264 ], [ -102.811208157448746, 20.765582958506961 ], [ -102.817622160203598, 20.763167199918964 ], [ -102.817844167655736, 20.765399452016656 ], [ -102.813778514543841, 20.777989047694554 ], [ -102.807753626411198, 20.784042459360847 ], [ -102.810726150194611, 20.788483919651455 ], [ -102.814966589879461, 20.790173982334252 ], [ -102.81865976230435, 20.797056272618999 ], [ -102.80526073198908, 20.798579475961866 ], [ -102.810390974192615, 20.815127028103038 ], [ -102.813629919798728, 20.815218468830089 ], [ -102.814531035708384, 20.820307036574611 ], [ -102.80984900609586, 20.827439473102871 ], [ -102.81048013391522, 20.830003757440352 ], [ -102.819102234309199, 20.832224222353837 ], [ -102.822759711625721, 20.829550927942858 ], [ -102.826158806307305, 20.830926369842132 ], [ -102.82936514909197, 20.835193742287931 ], [ -102.82623818563539, 20.847745380912183 ], [ -102.842065440265813, 20.853915345715414 ], [ -102.842922046318378, 20.859895652308008 ], [ -102.853417306944905, 20.872631768119749 ], [ -102.858552440684875, 20.875008955851673 ], [ -102.868103260926119, 20.873341007148341 ], [ -102.871925204533937, 20.875786910404152 ], [ -102.872691979315817, 20.871704125707971 ], [ -102.883326648339633, 20.863909448802517 ], [ -102.88874823133601, 20.856994000664148 ], [ -102.897237830246127, 20.853183234297109 ], [ -102.906631690563458, 20.854451363141717 ], [ -102.910343462336854, 20.852478805500851 ], [ -102.919325971005762, 20.853786340209222 ], [ -102.924086422406404, 20.862149447704084 ], [ -102.935609166262125, 20.865357878520079 ], [ -102.942203016607721, 20.872999111010586 ], [ -102.941173886861634, 20.882657072287213 ], [ -102.933077672804089, 20.892369845533807 ], [ -102.934667923465284, 20.894795097571862 ], [ -102.943166301193244, 20.897167714199608 ], [ -102.942568525258821, 20.906877051572344 ], [ -102.9257997204558, 20.934071294179304 ], [ -102.912110708371969, 20.936410456697285 ], [ -102.905344664414457, 20.949576826123295 ], [ -102.904416879929684, 20.954897566450551 ], [ -102.906985353387157, 20.961062147221163 ], [ -102.902138671058708, 20.966152477309048 ], [ -102.901860462425205, 20.97119439058212 ], [ -102.904900193649127, 20.974347172587059 ], [ -102.895834350124986, 20.979532764279508 ], [ -102.892160443916367, 20.987372311286595 ], [ -102.886907391252208, 20.989352982010018 ], [ -102.884626135721859, 20.997794651217777 ], [ -102.877662728315656, 21.000325527270242 ], [ -102.873645124427583, 21.013412066040448 ], [ -102.869821015743426, 21.014216525497602 ], [ -102.859909974904923, 21.003419185233486 ], [ -102.855069291490324, 20.99390654498956 ], [ -102.847602118973754, 20.989643981102379 ], [ -102.846989490464722, 20.985290402852151 ], [ -102.843677263520661, 20.984034780602094 ], [ -102.834509562418873, 20.988931068074034 ], [ -102.837454059487484, 20.998861580727397 ], [ -102.795748893136718, 21.01845744697215 ], [ -102.790428908413745, 21.030871479654763 ], [ -102.785634771929978, 21.027039074368552 ], [ -102.779406830597551, 21.02623711803507 ], [ -102.774107842978992, 21.029969102809371 ], [ -102.77152550322252, 21.03536614182114 ], [ -102.767592046505882, 21.035159351046033 ], [ -102.765488896466735, 21.041501344645958 ], [ -102.758036294310415, 21.030425723249593 ], [ -102.744006539026799, 21.03532099528227 ], [ -102.740459068419966, 21.032755108400679 ], [ -102.730631858737212, 21.039285621890986 ], [ -102.730437952095144, 21.036085333972952 ], [ -102.725914933884852, 21.033399503193372 ], [ -102.729609543317054, 21.027620206759867 ], [ -102.730485904247942, 21.021663079608892 ], [ -102.728690182262724, 21.018252954310267 ], [ -102.731918020445278, 21.01276746354435 ], [ -102.725685030987549, 21.013306110913856 ], [ -102.723871970746472, 21.010017046524712 ], [ -102.715741509778269, 21.008553712929817 ], [ -102.705074572688773, 21.009487651292822 ], [ -102.702931896306737, 21.00649388015627 ], [ -102.69040630926186, 21.003480254775482 ], [ -102.684671695917501, 21.004859237710242 ], [ -102.680831095851516, 21.002129972051303 ], [ -102.685163200523789, 20.99551927484854 ], [ -102.687920182070755, 20.995533068728747 ], [ -102.688104653297231, 20.984874336690019 ], [ -102.690783372607086, 20.982988783995228 ], [ -102.687555356116007, 20.977031721819088 ], [ -102.6807376436727, 20.975612729785531 ], [ -102.675361439985508, 20.965959366023132 ], [ -102.669682079984128, 20.961059024664724 ], [ -102.659625211841359, 20.975697680450082 ], [ -102.653826694242923, 20.976456771507397 ], [ -102.649835527619956, 20.982030660076351 ], [ -102.644931868679819, 20.972217991229623 ], [ -102.658866223228941, 20.958091701237525 ], [ -102.642966180358329, 20.951738749397656 ], [ -102.64174844950459, 20.947207106792256 ], [ -102.637607954779099, 20.943571305373649 ], [ -102.626520698752131, 20.943017892609834 ], [ -102.618551756638993, 20.940198144786386 ], [ -102.610997608168347, 20.944530157062193 ], [ -102.605779321663576, 20.944538699157004 ], [ -102.602363392183491, 20.949032022344017 ], [ -102.585435323531357, 20.950844347446747 ], [ -102.582270010049015, 20.969419102742489 ], [ -102.562334051882857, 20.973928909209544 ], [ -102.564826643703938, 20.96338950712806 ], [ -102.567120577852222, 20.961557025273326 ], [ -102.555645042036602, 20.940340346076475 ], [ -102.546151384604897, 20.938172740508119 ], [ -102.546549673069904, 20.933100256641207 ], [ -102.541380334253972, 20.930443191896284 ], [ -102.535410378292553, 20.932193583217245 ], [ -102.524221678160742, 20.924310221779258 ], [ -102.523146671677807, 20.920789952037655 ], [ -102.508352731640628, 20.919807644915618 ], [ -102.49777419783284, 20.913366267473801 ], [ -102.493100451270678, 20.907948075647845 ], [ -102.494411513214473, 20.899212735881893 ], [ -102.490448502598426, 20.892770645302214 ], [ -102.492696672056098, 20.889617859806432 ], [ -102.491819035567318, 20.883912162001558 ], [ -102.494410983407874, 20.881382309791679 ], [ -102.487518289910966, 20.865971659537266 ], [ -102.482845795113008, 20.865436164965683 ], [ -102.492113010658855, 20.858150231922941 ], [ -102.504875313278689, 20.859832927836305 ], [ -102.507633912995118, 20.843569915314355 ], [ -102.533358873445209, 20.834778671762436 ], [ -102.531427574429074, 20.825224525295734 ], [ -102.553150587631848, 20.80997083512954 ], [ -102.560523531738454, 20.812197654453573 ], [ -102.563370374111543, 20.808478181849487 ], [ -102.568617430746087, 20.808995997935625 ], [ -102.569364829392498, 20.804866735129565 ], [ -102.574937997440188, 20.803102238113794 ], [ -102.573367028304716, 20.799861390588536 ], [ -102.575005632100982, 20.793471636107391 ], [ -102.581492034583235, 20.794498803854079 ], [ -102.582174095972078, 20.788323594983318 ], [ -102.585657815704565, 20.788778113387043 ], [ -102.586337869395379, 20.783841255252899 ], [ -102.589943120179399, 20.782624273346915 ], [ -102.590042250111523, 20.760131315857588 ], [ -102.580333276941261, 20.730991011278078 ], [ -102.55880204357436, 20.719327853790688 ], [ -102.544240544215086, 20.704021902793944 ] ] ] } },
{ "type": "Feature", "properties": { "cve_edo": "14", "cve_mpo_ine": "095", "cve_edo_mpo_ine": "14095", "nom_mpo": "TEQUILA", "nom_edo": "Jalisco", "alianza_ganadora": "Va por México", "margen_pp": 11.211432671609662, "por_participacion": 51.673103661362582 }, "geometry": { "type": "Polygon", "coordinates": [ [ [ -103.808824884776499, 21.289043953582421 ], [ -103.810001532735512, 21.293017101153833 ], [ -103.804656822090038, 21.298606730415155 ], [ -103.781865919944181, 21.30664910566211 ], [ -103.778355080547513, 21.317872382317244 ], [ -103.770923236061151, 21.319478384388262 ], [ -103.767103905251204, 21.325407293293875 ], [ -103.759668694520258, 21.327343507625873 ], [ -103.759506185176321, 21.332469135919116 ], [ -103.752543714383179, 21.334160032355349 ], [ -103.753905221363965, 21.34003983500499 ], [ -103.749281449351614, 21.34356503875016 ], [ -103.746877400176842, 21.349089286859378 ], [ -103.750457432640616, 21.357133630386187 ], [ -103.743661470945739, 21.366887364055597 ], [ -103.72835333769072, 21.37314435779005 ], [ -103.727649166919093, 21.376607723662271 ], [ -103.724260672547032, 21.378374999158616 ], [ -103.713021856559621, 21.380764432774022 ], [ -103.705901624625298, 21.379991462462218 ], [ -103.701807315146652, 21.385262851589559 ], [ -103.70626671268441, 21.39017179949013 ], [ -103.705352392924368, 21.392018708203913 ], [ -103.68654847795041, 21.395487222391679 ], [ -103.67097006676633, 21.403512978638609 ], [ -103.664210924640628, 21.402247613532111 ], [ -103.641076828573389, 21.421275941098553 ], [ -103.623190394729875, 21.416859701795719 ], [ -103.625169906846352, 21.413820991386835 ], [ -103.620323994107508, 21.410569471073693 ], [ -103.616213560521473, 21.411669633084873 ], [ -103.61624719815228, 21.407936026107322 ], [ -103.610421190780158, 21.407593155746813 ], [ -103.600298277909246, 21.397980239088792 ], [ -103.600567013732118, 21.394162475538181 ], [ -103.595970472130958, 21.392858695843227 ], [ -103.595013775933865, 21.39049911301084 ], [ -103.592740467861773, 21.393621924266586 ], [ -103.588679638052895, 21.39326929957663 ], [ -103.587902500597977, 21.391365073005439 ], [ -103.585561057742879, 21.402079347379171 ], [ -103.587354477449793, 21.406467353304702 ], [ -103.584894518264448, 21.408097621389338 ], [ -103.584818056775575, 21.414403275922044 ], [ -103.580211564031217, 21.420690278802393 ], [ -103.581366789619267, 21.426450451828671 ], [ -103.575676366736062, 21.428967895955008 ], [ -103.577239800166012, 21.434186782565984 ], [ -103.570747187708676, 21.440109541237824 ], [ -103.567741540771038, 21.439336280439413 ], [ -103.561150701524369, 21.429910960504568 ], [ -103.556490174948621, 21.437193027470506 ], [ -103.553130369545215, 21.436213833109978 ], [ -103.548976376334323, 21.439925800077415 ], [ -103.543902864983025, 21.437751739517104 ], [ -103.538533912843874, 21.444829225931763 ], [ -103.537569585089443, 21.431642838738611 ], [ -103.533740831743842, 21.421373746018716 ], [ -103.526097739197297, 21.412532943091289 ], [ -103.520968603017209, 21.401025309558303 ], [ -103.508997605291512, 21.3916382784669 ], [ -103.508478014454795, 21.382057171589082 ], [ -103.50499102867785, 21.375180775079848 ], [ -103.5080679079324, 21.373632712278411 ], [ -103.512017458287346, 21.365567720464881 ], [ -103.510665840944142, 21.356889249860895 ], [ -103.513160037430666, 21.354346374305408 ], [ -103.520805885190271, 21.356709104552337 ], [ -103.52331415868116, 21.352184568433728 ], [ -103.543705164687779, 21.352731057425274 ], [ -103.558947343197332, 21.347792734193479 ], [ -103.563046360346846, 21.351699599631804 ], [ -103.564705304785917, 21.350471658930772 ], [ -103.568581847583602, 21.352477925395384 ], [ -103.56808730712433, 21.338685973280768 ], [ -103.57520829321976, 21.331630146768386 ], [ -103.583564189406687, 21.333581645750829 ], [ -103.58833626555591, 21.34261135705243 ], [ -103.592353024854589, 21.341315217278645 ], [ -103.596344870029128, 21.343734409010981 ], [ -103.598359306423063, 21.342178037567969 ], [ -103.602208142130252, 21.348394372847327 ], [ -103.611869234757137, 21.349279142683418 ], [ -103.61597356662007, 21.35260683519201 ], [ -103.618103122703161, 21.351463767437892 ], [ -103.617195175258772, 21.346091282609482 ], [ -103.618976914558672, 21.344037831371125 ], [ -103.630290909181653, 21.344518665811723 ], [ -103.633618721527284, 21.340327470917998 ], [ -103.637953285626423, 21.344564278225409 ], [ -103.641270877088061, 21.34194168651285 ], [ -103.648457443646663, 21.342644560570225 ], [ -103.651557817862326, 21.33704795725361 ], [ -103.664523871098496, 21.337205834408678 ], [ -103.668352762876296, 21.32806254848613 ], [ -103.677833068576348, 21.319859644528723 ], [ -103.689387366354623, 21.3193469327442 ], [ -103.708206267639426, 21.326139870967388 ], [ -103.707192412534013, 21.318207406109753 ], [ -103.710500922689633, 21.316821881854878 ], [ -103.713123571341313, 21.311799373555608 ], [ -103.721504167737876, 21.309698151472084 ], [ -103.722711273730781, 21.28452014435662 ], [ -103.720379491901056, 21.280213756833867 ], [ -103.721113389862083, 21.275593676777763 ], [ -103.715748665565897, 21.266068725786834 ], [ -103.713630739608263, 21.265561750728693 ], [ -103.711226713248777, 21.273640700057037 ], [ -103.703058737837267, 21.279953849173616 ], [ -103.691480693664957, 21.284926381294976 ], [ -103.681937859402368, 21.284542454287472 ], [ -103.678657574957825, 21.2813861814397 ], [ -103.674414527791313, 21.281527221357656 ], [ -103.665872194448227, 21.290891458960534 ], [ -103.658745191509951, 21.2810244309964 ], [ -103.644934178746865, 21.284824763223533 ], [ -103.634691492712292, 21.283360642091228 ], [ -103.635191349688498, 21.278904815934624 ], [ -103.640152838338636, 21.276952452927141 ], [ -103.637956195015732, 21.27033386359842 ], [ -103.641694652210617, 21.256814337969502 ], [ -103.637507016551652, 21.248367473336746 ], [ -103.639446455457445, 21.239791562298613 ], [ -103.636871688263895, 21.237134124195769 ], [ -103.636855275180466, 21.221197881679579 ], [ -103.664642418236852, 21.223010879121098 ], [ -103.66915078871908, 21.217752079157755 ], [ -103.660219229698768, 21.214480608363932 ], [ -103.643925904640412, 21.202000371852041 ], [ -103.637230333601295, 21.199236236370581 ], [ -103.632808336722704, 21.190870481971213 ], [ -103.629845857502957, 21.193742924964944 ], [ -103.623845290212117, 21.192881531639081 ], [ -103.618111708844737, 21.188743354110432 ], [ -103.615656530747813, 21.185681341822956 ], [ -103.617719227121214, 21.183539399185047 ], [ -103.610982665056426, 21.179186200317744 ], [ -103.612090853418181, 21.164901627911579 ], [ -103.61989695217585, 21.151120802690158 ], [ -103.628746960430107, 21.144554280504007 ], [ -103.632536771933403, 21.132190686619502 ], [ -103.645410843325692, 21.120679086037448 ], [ -103.647013437161121, 21.110330131546377 ], [ -103.655172214984262, 21.097289592699404 ], [ -103.657274382404978, 21.089401805233063 ], [ -103.654703404160088, 21.079221856946816 ], [ -103.655734355068205, 21.072315680030322 ], [ -103.659501110857974, 21.062956054060113 ], [ -103.66728787502386, 21.060810382495216 ], [ -103.670442988236161, 21.044152065130781 ], [ -103.661906286795499, 21.036263691542747 ], [ -103.656737386141288, 21.040552800124853 ], [ -103.651421924481141, 21.038170138335829 ], [ -103.653922936895682, 21.032924620633512 ], [ -103.650042449428298, 21.026598181021257 ], [ -103.651785020596066, 21.020850037119839 ], [ -103.649239987720307, 21.016273527157395 ], [ -103.646596548573839, 21.020630902998885 ], [ -103.641991465312572, 21.022274899498282 ], [ -103.638342332719986, 21.031635572753469 ], [ -103.629623231539682, 21.033271726065326 ], [ -103.61328938003534, 21.041875804285478 ], [ -103.605921724756399, 21.039035645561388 ], [ -103.604180733175326, 21.033007749158557 ], [ -103.601330009108338, 21.030860530824079 ], [ -103.598676759769347, 21.018400410131079 ], [ -103.608845610048249, 21.009367879860154 ], [ -103.62442816590584, 21.004045045135559 ], [ -103.624024341681718, 20.996921880005342 ], [ -103.620862484026446, 20.996102864704682 ], [ -103.616198113296377, 20.98821735044751 ], [ -103.617330953217518, 20.97677976050123 ], [ -103.620915712760663, 20.971546753574895 ], [ -103.617415761771795, 20.959566049000163 ], [ -103.621617753868193, 20.951725736493401 ], [ -103.63189280861981, 20.941621339691057 ], [ -103.635846231971058, 20.929795997178676 ], [ -103.639035650254172, 20.928126070420859 ], [ -103.641393791381688, 20.932338418314842 ], [ -103.639970493256499, 20.928508419555786 ], [ -103.643273402622341, 20.927171355043381 ], [ -103.646223270252278, 20.92081158481453 ], [ -103.648704710419324, 20.91942503102457 ], [ -103.650738508029136, 20.921228224778645 ], [ -103.651173704578298, 20.919116837961042 ], [ -103.656002366248487, 20.917794113553285 ], [ -103.656845954079543, 20.915894013384168 ], [ -103.654686194486118, 20.914836355658963 ], [ -103.658467247285699, 20.912715392469504 ], [ -103.654949518208213, 20.91234997861692 ], [ -103.653940192166672, 20.90823366295464 ], [ -103.657122582342438, 20.907415386457231 ], [ -103.661309703590121, 20.8983234146624 ], [ -103.666775291843166, 20.901252406211526 ], [ -103.675956121250067, 20.899014966084245 ], [ -103.684273923609425, 20.903305799594222 ], [ -103.684796333446499, 20.907452051851504 ], [ -103.689101086812187, 20.905853121303068 ], [ -103.690651375963682, 20.907984625746955 ], [ -103.693245939728726, 20.907025345373647 ], [ -103.696362798316969, 20.914061856531994 ], [ -103.699390619303912, 20.91161800918562 ], [ -103.704326711381427, 20.914745859826862 ], [ -103.706232532180238, 20.908975690860313 ], [ -103.710678937540465, 20.909613326324553 ], [ -103.715493012465018, 20.916920041293491 ], [ -103.725077088702974, 20.922922608705981 ], [ -103.733955534100346, 20.91744941669306 ], [ -103.739818154376437, 20.921416127337693 ], [ -103.745375101332272, 20.918424510398715 ], [ -103.749179598254884, 20.91888732743201 ], [ -103.755112306092812, 20.92604177976223 ], [ -103.75682307020044, 20.925359972675221 ], [ -103.760442666443041, 20.922508642547637 ], [ -103.760838881400034, 20.915600861930006 ], [ -103.768920558478115, 20.904444576858175 ], [ -103.767843653288779, 20.901947215150582 ], [ -103.770850524821185, 20.892920058097953 ], [ -103.769830159802979, 20.886615133429913 ], [ -103.75270712837883, 20.87906989759415 ], [ -103.760653974773149, 20.865055962648256 ], [ -103.767183424473401, 20.867457218607722 ], [ -103.770853522910258, 20.861087691324268 ], [ -103.77274625809433, 20.844098497462689 ], [ -103.77821189759463, 20.831169745771156 ], [ -103.778923585443721, 20.822651403465912 ], [ -103.785189333137112, 20.814989621087904 ], [ -103.786015439173198, 20.810612159156989 ], [ -103.78332343021755, 20.806397341811987 ], [ -103.786939584354144, 20.803545246321129 ], [ -103.787738230774394, 20.796325564577899 ], [ -103.79302967055844, 20.795823701823078 ], [ -103.807260202297883, 20.802301940043371 ], [ -103.812089199147991, 20.800760570271585 ], [ -103.81619302547449, 20.802031405522651 ], [ -103.829364895674559, 20.79217702724986 ], [ -103.84885078483137, 20.786547842347773 ], [ -103.84841438852132, 20.790190876484893 ], [ -103.850175435265399, 20.790409647105847 ], [ -103.85307265398886, 20.787735711070052 ], [ -103.857523069689748, 20.789877886576285 ], [ -103.867461527815351, 20.788492591778443 ], [ -103.877089176707941, 20.798373982253782 ], [ -103.883442514071348, 20.797213253211272 ], [ -103.89228291236185, 20.801992759578212 ], [ -103.896237255009453, 20.808232510697529 ], [ -103.914154198373382, 20.808966412063793 ], [ -103.909858017388018, 20.811616534801889 ], [ -103.911546738923121, 20.81327862399635 ], [ -103.909411813966713, 20.816098937947423 ], [ -103.902451901157974, 20.81879883762635 ], [ -103.902063804748678, 20.821590595838078 ], [ -103.897432029531927, 20.821225845617978 ], [ -103.894221121090084, 20.824447699410509 ], [ -103.892528307363918, 20.823735805285189 ], [ -103.899849421765595, 20.843109510769349 ], [ -103.894150437848879, 20.843517242766833 ], [ -103.888267882002964, 20.849019649516993 ], [ -103.889848958261624, 20.858361552129722 ], [ -103.884628323344529, 20.867074709226735 ], [ -103.879180615899344, 20.870648507036424 ], [ -103.87901921271127, 20.874017351686746 ], [ -103.885877932095013, 20.874811157631388 ], [ -103.887293700634501, 20.878808885219165 ], [ -103.891194985600791, 20.881305409160795 ], [ -103.888781501081453, 20.890821480503153 ], [ -103.946580730164854, 20.912349127244251 ], [ -103.963748324511599, 20.937014673288168 ], [ -103.940693393744439, 20.935642918037441 ], [ -103.937610833698713, 20.944036082674376 ], [ -103.933902161971972, 20.947619161859059 ], [ -103.934994547885125, 20.953053409951504 ], [ -103.932809965758707, 20.956728232887848 ], [ -103.93522941699581, 20.967598100455152 ], [ -103.939309114328935, 20.974044196680083 ], [ -103.92549957006959, 20.966173544366075 ], [ -103.911494500339174, 20.963355559979657 ], [ -103.909361425716511, 20.968563404646513 ], [ -103.8978249130611, 20.97827202709254 ], [ -103.888830755507172, 20.982981973607391 ], [ -103.883435107727635, 20.982865942997815 ], [ -103.881762236837361, 21.003240779320578 ], [ -103.876235372639201, 21.006106867177952 ], [ -103.874042671737328, 21.011106638226323 ], [ -103.866345178979529, 21.013875992255198 ], [ -103.863244552278502, 21.024960542328181 ], [ -103.864364860757505, 21.036734523583828 ], [ -103.870108876572985, 21.038096399432568 ], [ -103.869354099517949, 21.036310062142817 ], [ -103.87182316389918, 21.035248241390462 ], [ -103.877216815910714, 21.036234792553575 ], [ -103.882799402285286, 21.047663463230034 ], [ -103.877329736700929, 21.050488430464465 ], [ -103.869059053377612, 21.049773897167249 ], [ -103.866086317614375, 21.058373268843916 ], [ -103.859033426577071, 21.060773331892086 ], [ -103.857052410560797, 21.070497456950271 ], [ -103.870224626469778, 21.077748322657897 ], [ -103.888574831043954, 21.082337037343013 ], [ -103.893421085403247, 21.074618845070034 ], [ -103.903062067385591, 21.070907229739575 ], [ -103.921400777987159, 21.078351228774796 ], [ -103.933610913322184, 21.077802097559715 ], [ -103.940374859361782, 21.088821665115987 ], [ -103.95737712143125, 21.093850932097268 ], [ -103.963624045311619, 21.102587818448317 ], [ -103.965709611817218, 21.109767741792961 ], [ -103.989245881691971, 21.126805448341482 ], [ -103.998247264981899, 21.137835331939765 ], [ -104.00323235808402, 21.139437278444511 ], [ -104.007528876854295, 21.136601898456465 ], [ -104.023802143722989, 21.134038334524167 ], [ -104.031194016558885, 21.135859546443093 ], [ -104.046062919266006, 21.149362791581805 ], [ -104.054541270765824, 21.160428528080587 ], [ -104.071320912892133, 21.165486999543283 ], [ -104.070647947717319, 21.173977587467277 ], [ -104.072741937847994, 21.180410567051581 ], [ -104.071839130483681, 21.18728404190864 ], [ -104.066742926604334, 21.188028484427612 ], [ -104.069734640970296, 21.194561139912103 ], [ -104.06829090796532, 21.197613468405798 ], [ -104.062850753946194, 21.200213913744072 ], [ -104.059615282758372, 21.194507457557584 ], [ -104.056913391178085, 21.194067654912068 ], [ -104.054836987547731, 21.195705248954745 ], [ -104.053802886492463, 21.204561576853429 ], [ -104.049631711443652, 21.203942018538235 ], [ -104.045208268955648, 21.199342643842222 ], [ -104.037570244795219, 21.203868555830311 ], [ -104.034236908492318, 21.196379202934612 ], [ -104.028655887491709, 21.195579902180487 ], [ -104.02648062104528, 21.200944906728875 ], [ -104.03294080991077, 21.202084158424395 ], [ -104.027022776072712, 21.210810509245992 ], [ -104.022603388380745, 21.211389366119644 ], [ -104.021374960424694, 21.2052044162911 ], [ -104.016176216107056, 21.207142774103797 ], [ -104.014567901055969, 21.219929069269568 ], [ -104.016785352075345, 21.227159389020017 ], [ -104.005125064471486, 21.227916038099337 ], [ -104.002082881538172, 21.237125182518692 ], [ -103.992039689438002, 21.240631068059823 ], [ -103.984945187006858, 21.248929911295889 ], [ -103.975911347382464, 21.251533317074589 ], [ -103.973976017103212, 21.256237041418082 ], [ -103.968381713687506, 21.25647129898989 ], [ -103.960611291114887, 21.251256309985088 ], [ -103.957653497493112, 21.252593796289535 ], [ -103.947036802716852, 21.238815142444292 ], [ -103.943518587090637, 21.237660962853351 ], [ -103.92654994490843, 21.239352607199447 ], [ -103.919353620266335, 21.245948944891175 ], [ -103.917294131555778, 21.240749146354215 ], [ -103.91954739603878, 21.23410221037237 ], [ -103.91653712967944, 21.22972122026475 ], [ -103.911492833608506, 21.228260681830101 ], [ -103.892364117873129, 21.233613790164153 ], [ -103.890366158930945, 21.238440120192976 ], [ -103.882616997193551, 21.24183905099413 ], [ -103.876622929455209, 21.241071793528643 ], [ -103.873710207326312, 21.238513968360067 ], [ -103.862702239339981, 21.243741875448862 ], [ -103.856822011507603, 21.243306550190439 ], [ -103.840837566676285, 21.236382880609234 ], [ -103.822788778199708, 21.244639528540198 ], [ -103.81702289265418, 21.244494053981025 ], [ -103.816420033498559, 21.255034255060608 ], [ -103.82114547503069, 21.261805483866297 ], [ -103.81046091593781, 21.267105412586474 ], [ -103.821650342233838, 21.278730025911138 ], [ -103.814682193405858, 21.28743591648584 ], [ -103.808824884776499, 21.289043953582421 ] ] ] } },
{ "type": "Feature", "properties": { "cve_edo": "14", "cve_mpo_ine": "096", "cve_edo_mpo_ine": "14096", "nom_mpo": "TEUCHITLAN", "nom_edo": "Jalisco", "alianza_ganadora": "Movimiento Ciudadano", "margen_pp": 3.3688618195660451, "por_participacion": 66.531594276307459 }, "geometry": { "type": "Polygon", "coordinates": [ [ [ -103.778006635780628, 20.784246692264979 ], [ -103.774239263540565, 20.780703029913774 ], [ -103.767731560142039, 20.782089927726371 ], [ -103.758096311403833, 20.778193499314995 ], [ -103.745544293833831, 20.779186024044471 ], [ -103.736911231263718, 20.776525835793962 ], [ -103.737181248774462, 20.76932914710547 ], [ -103.742038140925544, 20.765550135561181 ], [ -103.747671108746914, 20.765903981072746 ], [ -103.756518104977886, 20.762524977247029 ], [ -103.759020426952546, 20.756561414265789 ], [ -103.755008675918603, 20.749792454740994 ], [ -103.756933628006223, 20.746601657658346 ], [ -103.754930801096307, 20.744085628824273 ], [ -103.762997285596114, 20.735870165827656 ], [ -103.771446750812444, 20.736833989449448 ], [ -103.775395290111348, 20.725447510775663 ], [ -103.781413533311024, 20.719057788125973 ], [ -103.774125852325014, 20.714657945288035 ], [ -103.773869970964839, 20.708579475812961 ], [ -103.769517776288907, 20.704955088019069 ], [ -103.768487272530351, 20.695281283605713 ], [ -103.76565996298622, 20.691610239098889 ], [ -103.766347268491813, 20.686893298551027 ], [ -103.762948348291175, 20.687442488667184 ], [ -103.757419138306972, 20.682291649048683 ], [ -103.758511823842412, 20.676043207910535 ], [ -103.769499442050403, 20.666038975024396 ], [ -103.766453766809221, 20.650003180380526 ], [ -103.768454778996983, 20.652270914131876 ], [ -103.771208504355513, 20.651847867436878 ], [ -103.77400421063075, 20.646709997421887 ], [ -103.784593381796853, 20.640883004800816 ], [ -103.787624834646337, 20.63628167630155 ], [ -103.796478288991096, 20.636953064079748 ], [ -103.800981247997001, 20.634124511158632 ], [ -103.80254768586272, 20.629776340295212 ], [ -103.811789116920039, 20.624614166686911 ], [ -103.81579986925199, 20.615831575708587 ], [ -103.814842945642482, 20.610789558746198 ], [ -103.817062849857962, 20.608920213631905 ], [ -103.827250363840449, 20.602342579033351 ], [ -103.832570484697413, 20.603071593091954 ], [ -103.841510062462291, 20.59633724188981 ], [ -103.845906437303043, 20.596650998532041 ], [ -103.845474993582258, 20.591358895689716 ], [ -103.850304057788875, 20.582778916636141 ], [ -103.855107715635469, 20.582470450074318 ], [ -103.862273605601416, 20.576648375626213 ], [ -103.868110214264675, 20.577623093114628 ], [ -103.88407959018592, 20.574619255334543 ], [ -103.881054691710673, 20.581429182755716 ], [ -103.882360865881921, 20.597580175374734 ], [ -103.890372330221609, 20.599146904100557 ], [ -103.895126202743654, 20.608776658070738 ], [ -103.898994575433093, 20.608843146155561 ], [ -103.90264559789081, 20.626198266132132 ], [ -103.915707492124582, 20.637309414898592 ], [ -103.900985338743212, 20.639138267007731 ], [ -103.886501024998921, 20.637141163558855 ], [ -103.896045156097529, 20.649631019628256 ], [ -103.905676891697595, 20.657894868222503 ], [ -103.910656190411487, 20.659500259464263 ], [ -103.908411544946546, 20.679829443301248 ], [ -103.916903190327261, 20.692311700524503 ], [ -103.909739531441645, 20.711223144571175 ], [ -103.901512668882177, 20.720430981927141 ], [ -103.889710850362746, 20.729015729001333 ], [ -103.884387397337562, 20.725874505128566 ], [ -103.884320840485245, 20.718209246492346 ], [ -103.875616200095948, 20.711441646239706 ], [ -103.874607540689397, 20.704226084364066 ], [ -103.87193273037397, 20.700314313238913 ], [ -103.86607970517494, 20.697542038567185 ], [ -103.864182771950041, 20.691522186870078 ], [ -103.856020712081772, 20.70887023232099 ], [ -103.846417486278099, 20.713488923508869 ], [ -103.841135829669085, 20.72149165318158 ], [ -103.839210153884281, 20.728190711159009 ], [ -103.842679492594925, 20.736044173685745 ], [ -103.840344850260593, 20.742409072300919 ], [ -103.834614188930516, 20.747218363879192 ], [ -103.827164230156072, 20.745884153905298 ], [ -103.822332752426007, 20.748047480082402 ], [ -103.806369930241956, 20.770808755932524 ], [ -103.793661222672299, 20.773580034432388 ], [ -103.792385508072215, 20.779371444162745 ], [ -103.788902715168561, 20.781667382241622 ], [ -103.783743717891269, 20.780628866926257 ], [ -103.778006635780628, 20.784246692264979 ] ] ] } },
{ "type": "Feature", "properties": { "cve_edo": "14", "cve_mpo_ine": "097", "cve_edo_mpo_ine": "14097", "nom_mpo": "TIZAPAN EL ALTO", "nom_edo": "Jalisco", "alianza_ganadora": "Movimiento Ciudadano", "margen_pp": 14.478407483955184, "por_participacion": 54.057391508879213 }, "geometry": { "type": "Polygon", "coordinates": [ [ [ -103.078718406803816, 20.15904460060646 ], [ -103.057675646604238, 20.179168955327686 ], [ -103.056200036212246, 20.176897492307706 ], [ -103.050703987597004, 20.176766054444009 ], [ -103.049435540993372, 20.179635252119777 ], [ -103.037567463622608, 20.179543046369663 ], [ -103.030311004409143, 20.1686403191813 ], [ -103.019372004166115, 20.162266639858068 ], [ -103.000634408698019, 20.166174316858868 ], [ -103.000014210476081, 20.170195769126746 ], [ -102.996750522783373, 20.171748478603114 ], [ -102.99194837533895, 20.169872880177415 ], [ -102.973911878921257, 20.173503598160888 ], [ -102.946400021700896, 20.171391084887567 ], [ -102.949600997840378, 20.160420418758758 ], [ -102.937432289353254, 20.158631233225876 ], [ -102.936570403099495, 20.152483947125337 ], [ -102.938785646483751, 20.147266024015135 ], [ -102.935198594132459, 20.140073390505894 ], [ -102.925747194201875, 20.136803977620129 ], [ -102.927232843837814, 20.128077573702456 ], [ -102.932652381593797, 20.118911842717552 ], [ -102.952005913869854, 20.137873368440815 ], [ -102.958991169260386, 20.141413350579928 ], [ -102.967179446858566, 20.141800643485702 ], [ -102.970140245489887, 20.139171245272099 ], [ -102.976449664616268, 20.13858134545297 ], [ -102.977274938856951, 20.132124330270077 ], [ -102.972413069516207, 20.130924287360518 ], [ -102.972193911945439, 20.125426908956666 ], [ -102.986066348431507, 20.127626877588032 ], [ -102.998328754897216, 20.125911383684393 ], [ -103.002917086380421, 20.136581253321538 ], [ -103.010114456925066, 20.137388409119708 ], [ -103.012202247418315, 20.135344692488555 ], [ -103.011470876446822, 20.138823956428133 ], [ -103.025921857829331, 20.133118656767767 ], [ -103.024764888095419, 20.127547011957969 ], [ -103.029954071545532, 20.125931283545217 ], [ -103.029925844874896, 20.122541245747449 ], [ -103.045433883585062, 20.124195725202952 ], [ -103.042352761743544, 20.12143147376289 ], [ -103.043456999582745, 20.115039645832169 ], [ -103.03739219372747, 20.116818499928758 ], [ -103.033849959927124, 20.110462689733019 ], [ -103.035022624009073, 20.101259972481468 ], [ -103.041792189547039, 20.090364200481108 ], [ -103.031729495661665, 20.07754769091855 ], [ -103.034806635961289, 20.074462780673574 ], [ -103.031752654121334, 20.071541678457972 ], [ -103.032357188180157, 20.06629796385257 ], [ -103.038197267993937, 20.065208922605109 ], [ -103.043249505228118, 20.069672598455746 ], [ -103.048545817037578, 20.068417076581749 ], [ -103.049788091813284, 20.06607553684594 ], [ -103.054657097201755, 20.066980928540751 ], [ -103.055794817988598, 20.065303808961154 ], [ -103.058809358082584, 20.067071025408257 ], [ -103.065384157176069, 20.062313171624417 ], [ -103.0647780199007, 20.054953069671136 ], [ -103.06828091561394, 20.051617636928956 ], [ -103.066955623141894, 20.049529877438768 ], [ -103.076831044068399, 20.043178947309364 ], [ -103.086623037091812, 20.041715494079323 ], [ -103.092997078983871, 20.035717744187963 ], [ -103.101568498930277, 20.043842070727951 ], [ -103.110550064098163, 20.036677338464202 ], [ -103.112650023532851, 20.045624919869212 ], [ -103.110946904812678, 20.048265434520918 ], [ -103.113248121209779, 20.052446874337964 ], [ -103.118829036693228, 20.047788036569564 ], [ -103.126928979398613, 20.050771552449415 ], [ -103.126756107537247, 20.052693094980853 ], [ -103.118164814583153, 20.055834376499377 ], [ -103.115342455164651, 20.054975634300359 ], [ -103.113628971708224, 20.057077998483397 ], [ -103.122691462406053, 20.08155032924142 ], [ -103.147331603718968, 20.082872079537466 ], [ -103.158139623380521, 20.085444357502993 ], [ -103.163073638009891, 20.089617323371183 ], [ -103.167641857653706, 20.088536838832514 ], [ -103.172572873498581, 20.100127514677279 ], [ -103.170583415600944, 20.10321838738162 ], [ -103.162646602303809, 20.106288080543969 ], [ -103.165670786879332, 20.109644620903349 ], [ -103.164783696937235, 20.115011190617093 ], [ -103.166992340354483, 20.118116936871914 ], [ -103.155435712055535, 20.122701938151387 ], [ -103.160905319994228, 20.127802140627264 ], [ -103.159496887135845, 20.131597249513938 ], [ -103.153305137365422, 20.135870893159158 ], [ -103.154109908000109, 20.140830504677925 ], [ -103.160858172168929, 20.148165671833468 ], [ -103.160789967195512, 20.152461216637327 ], [ -103.155424892835683, 20.152111726605543 ], [ -103.146594040270656, 20.162076141520259 ], [ -103.137136187340474, 20.165552868979692 ], [ -103.126053506850397, 20.165429406398388 ], [ -103.115799788492708, 20.160475369974311 ], [ -103.109300101738768, 20.161115275149438 ], [ -103.105012373625385, 20.159029763403041 ], [ -103.097380015585145, 20.162440088015195 ], [ -103.086714300639599, 20.157500017872348 ], [ -103.078718406803816, 20.15904460060646 ] ] ] } },
{ "type": "Feature", "properties": { "cve_edo": "14", "cve_mpo_ine": "098", "cve_edo_mpo_ine": "14098", "nom_mpo": "TLAJOMULCO DE ZUÑIGA", "nom_edo": "Jalisco", "alianza_ganadora": "Movimiento Ciudadano", "margen_pp": 4.3363036604432352, "por_participacion": 36.904324517327566 }, "geometry": { "type": "Polygon", "coordinates": [ [ [ -103.535417166700014, 20.593532445763376 ], [ -103.535350892817064, 20.591002640448135 ], [ -103.475721835851218, 20.5987618458065 ], [ -103.448083171291373, 20.596766030647743 ], [ -103.44779329567838, 20.59406343454922 ], [ -103.430984938508757, 20.587976206389751 ], [ -103.430152445523248, 20.579121252750102 ], [ -103.456688227472867, 20.551917295190343 ], [ -103.449650396294899, 20.549929027584824 ], [ -103.448773834716462, 20.544996899303349 ], [ -103.445296522527372, 20.542523313171014 ], [ -103.437677520640975, 20.542233847670992 ], [ -103.434303273209167, 20.539601629222059 ], [ -103.434771680105541, 20.541972320428037 ], [ -103.432571468740747, 20.540682960428455 ], [ -103.429919154503352, 20.544112214008695 ], [ -103.425396071897765, 20.542766329850981 ], [ -103.420776520775547, 20.54549421516024 ], [ -103.41694695677684, 20.558703622889027 ], [ -103.391275689851838, 20.551266295633454 ], [ -103.386480157312818, 20.555781883867503 ], [ -103.36954385668011, 20.552922692434034 ], [ -103.363377088707736, 20.562884092640768 ], [ -103.363535755362435, 20.558687405945125 ], [ -103.359367563708815, 20.555184307794729 ], [ -103.337591134654218, 20.555302070584855 ], [ -103.331446900998188, 20.55385406959541 ], [ -103.330238546236004, 20.549032597504855 ], [ -103.319836668729124, 20.550498347244353 ], [ -103.314613473126073, 20.543277856241332 ], [ -103.294939266246516, 20.538273735866202 ], [ -103.294094266593973, 20.535823117717424 ], [ -103.287808369241702, 20.533151390192685 ], [ -103.285727944473308, 20.525819133304228 ], [ -103.28304710172975, 20.52830153297208 ], [ -103.278106931809006, 20.526640561368801 ], [ -103.272755264192412, 20.528081491021815 ], [ -103.263637147848996, 20.512749961055142 ], [ -103.265594338400973, 20.508389746419915 ], [ -103.255696020633351, 20.512030993461284 ], [ -103.251421931390752, 20.509261638604549 ], [ -103.2474136869087, 20.510346129078322 ], [ -103.246445609648333, 20.506238105510526 ], [ -103.243554267162509, 20.507797213551257 ], [ -103.23747805476917, 20.49880036462179 ], [ -103.233303420104249, 20.49671431720083 ], [ -103.226053183535527, 20.498139226715541 ], [ -103.221376159580601, 20.496019749346917 ], [ -103.215847900110049, 20.498756601585232 ], [ -103.209840024852042, 20.496566573943589 ], [ -103.207928862348098, 20.49893459857169 ], [ -103.205067080628339, 20.496404653522379 ], [ -103.200853142728747, 20.497058129816541 ], [ -103.19973107771952, 20.494621245059122 ], [ -103.212709484360488, 20.478213015034743 ], [ -103.218916297833005, 20.475287432183968 ], [ -103.221561244510141, 20.468920247269796 ], [ -103.22630587685822, 20.467558830076904 ], [ -103.218696002076825, 20.456874085549931 ], [ -103.249025598012423, 20.451487504834308 ], [ -103.240720952604818, 20.431751431205544 ], [ -103.255132566606093, 20.428962903291058 ], [ -103.256156858907801, 20.43626437089571 ], [ -103.261090537809125, 20.441892986212263 ], [ -103.26188941421097, 20.434909864307635 ], [ -103.257980530560118, 20.429893215986205 ], [ -103.262158061183499, 20.42579090083866 ], [ -103.262202774567456, 20.420043314709233 ], [ -103.27755433785876, 20.412029983795165 ], [ -103.282226968861764, 20.406995336791503 ], [ -103.283139476889673, 20.408714122042618 ], [ -103.292966680562287, 20.403382435149183 ], [ -103.308342938740452, 20.40190544627956 ], [ -103.309855180606135, 20.397226033016651 ], [ -103.306096966338643, 20.392728667855931 ], [ -103.310894388348132, 20.390562428704772 ], [ -103.312175514837392, 20.387331646588887 ], [ -103.317337056409755, 20.390872930899707 ], [ -103.317054460369377, 20.395341594734813 ], [ -103.33303023851893, 20.390201617644813 ], [ -103.337104739033293, 20.379887755214781 ], [ -103.336443897338242, 20.372898856349803 ], [ -103.342932998264203, 20.368575272023328 ], [ -103.350370051505479, 20.368922767209764 ], [ -103.361361818179418, 20.362597864187531 ], [ -103.381040303493307, 20.364887402425076 ], [ -103.391453953821141, 20.361954809896837 ], [ -103.406853897405583, 20.362726188902098 ], [ -103.410769967220659, 20.360436743955937 ], [ -103.416743410297585, 20.361076385179857 ], [ -103.420216280435071, 20.356125468094614 ], [ -103.420604683093856, 20.360151945929978 ], [ -103.435898822193181, 20.364850595515996 ], [ -103.442477215149935, 20.371815395873007 ], [ -103.4569457117192, 20.374157465351868 ], [ -103.457306569612697, 20.377175418938531 ], [ -103.464120599839703, 20.384138181153432 ], [ -103.472326900201466, 20.386958805291613 ], [ -103.487702841755123, 20.397483529061965 ], [ -103.502515640952595, 20.39713143766939 ], [ -103.505410150477132, 20.404356899983796 ], [ -103.52040624830903, 20.406028936355789 ], [ -103.527978078204924, 20.410999911975193 ], [ -103.539907754309695, 20.40681091621007 ], [ -103.54688195753468, 20.408475070713205 ], [ -103.548081216313193, 20.416065748182504 ], [ -103.553882054291961, 20.426797138509166 ], [ -103.554277296096544, 20.434988492074176 ], [ -103.55602963494826, 20.433821492623196 ], [ -103.567231029594979, 20.456443477828739 ], [ -103.570524388289599, 20.45833085224 ], [ -103.569375142650856, 20.462598518012562 ], [ -103.572340959910605, 20.468873599593056 ], [ -103.594695995596638, 20.485652538137931 ], [ -103.589115034976416, 20.492794118439342 ], [ -103.595092566744682, 20.493632870460999 ], [ -103.593192748611628, 20.499391273157972 ], [ -103.596986759755708, 20.508005538353224 ], [ -103.588859918078839, 20.513467043029436 ], [ -103.588161553519598, 20.520622626165984 ], [ -103.57260460540688, 20.524968289021285 ], [ -103.568923379680697, 20.535143751436571 ], [ -103.576938018347363, 20.536300689790096 ], [ -103.589745952471944, 20.532081989439472 ], [ -103.59637934202398, 20.534695975488326 ], [ -103.594996541700468, 20.538756046536804 ], [ -103.602041978608625, 20.541657298220947 ], [ -103.604883025413855, 20.536555843035185 ], [ -103.610973318757459, 20.536318248770812 ], [ -103.6174913525101, 20.539138841551932 ], [ -103.6115085523018, 20.547896102577024 ], [ -103.612698665012473, 20.551116076029079 ], [ -103.60895274027007, 20.562100683996139 ], [ -103.592637923485015, 20.576086118892061 ], [ -103.592992803308121, 20.582372796766023 ], [ -103.586737837942295, 20.601736778233963 ], [ -103.573596871505515, 20.605523117692034 ], [ -103.565528619149234, 20.605462283498245 ], [ -103.562334163695269, 20.609844897696629 ], [ -103.564384520156764, 20.613897965253777 ], [ -103.552032687736684, 20.608274696764703 ], [ -103.541848757202345, 20.607986082597662 ], [ -103.533554095772857, 20.596943016561745 ], [ -103.540680636346522, 20.593434547479937 ], [ -103.535417166700014, 20.593532445763376 ] ] ] } },
{ "type": "Feature", "properties": { "cve_edo": "14", "cve_mpo_ine": "100", "cve_edo_mpo_ine": "14100", "nom_mpo": "TOLIMAN", "nom_edo": "Jalisco", "alianza_ganadora": "Va por México", "margen_pp": 19.687440442157424, "por_participacion": 66.934557979334102 }, "geometry": { "type": "Polygon", "coordinates": [ [ [ -103.873429088583009, 19.657906696672452 ], [ -103.874179674965561, 19.652604278722752 ], [ -103.868241718566779, 19.65398577844773 ], [ -103.849604103017981, 19.650801489350343 ], [ -103.849129489239303, 19.642562040215079 ], [ -103.837961645719204, 19.64305493658485 ], [ -103.831373286544888, 19.645916581473212 ], [ -103.827465994291913, 19.63946560389876 ], [ -103.831521632335168, 19.618502934906466 ], [ -103.814347870152915, 19.619369996838337 ], [ -103.821555711802873, 19.606806721944551 ], [ -103.816261632148482, 19.610711117932901 ], [ -103.808344887860898, 19.611391140753859 ], [ -103.79775540639298, 19.619033297192647 ], [ -103.786809766721333, 19.618103789417425 ], [ -103.770396688249434, 19.625300649102062 ], [ -103.762127689791825, 19.621962620748615 ], [ -103.75903958916625, 19.617082291749799 ], [ -103.747334920149129, 19.610147590572232 ], [ -103.730393276686755, 19.605995817126658 ], [ -103.723175191216214, 19.606629446038482 ], [ -103.716654484317772, 19.603037985661143 ], [ -103.705594378707517, 19.602600711412688 ], [ -103.708912057375557, 19.601104621255875 ], [ -103.702915918887214, 19.598174354916416 ], [ -103.69883436108708, 19.592493479063847 ], [ -103.708199724432347, 19.58983256504095 ], [ -103.713442861320871, 19.591602922431232 ], [ -103.715355039661816, 19.588043134613446 ], [ -103.719427874054944, 19.587333638462514 ], [ -103.752444792880581, 19.592034591660791 ], [ -103.758889472448573, 19.585901973105496 ], [ -103.780412425768063, 19.580898761978293 ], [ -103.804277971191993, 19.581058055222925 ], [ -103.805663592959846, 19.577291470183692 ], [ -103.812460926543409, 19.573099963418507 ], [ -103.808957831774663, 19.569550363731544 ], [ -103.809060271081137, 19.564959215338622 ], [ -103.803820626161084, 19.564473766221496 ], [ -103.837981318359482, 19.563242085540949 ], [ -103.842630593090647, 19.561122194260211 ], [ -103.844937147767169, 19.55454064108747 ], [ -103.84836379333133, 19.552382019174946 ], [ -103.895616577382327, 19.541235010211885 ], [ -103.890705482614578, 19.528413924917459 ], [ -103.882110359972884, 19.516689146984568 ], [ -103.880095873382714, 19.50635394266537 ], [ -103.863553958868636, 19.501017654049058 ], [ -103.868370256037878, 19.497324857085001 ], [ -103.865902310390311, 19.490175427708017 ], [ -103.860191278383567, 19.487293945243128 ], [ -103.856009916473553, 19.489454680736831 ], [ -103.859120858747261, 19.497636706835493 ], [ -103.858149371022108, 19.50285047816908 ], [ -103.855479587835973, 19.504800767539511 ], [ -103.848539643202827, 19.499853777858338 ], [ -103.847053358795719, 19.49022020844199 ], [ -103.837952184440411, 19.482299905136621 ], [ -103.831371516689742, 19.480081298106899 ], [ -103.830612823488465, 19.461181245276993 ], [ -103.838414653478125, 19.445694683436052 ], [ -103.834731962271988, 19.439953946448114 ], [ -103.824372319906857, 19.437578278157062 ], [ -103.828254884733184, 19.433226766569817 ], [ -103.822465537113587, 19.423147653072803 ], [ -103.823611718964017, 19.417850954812156 ], [ -103.820850141642836, 19.40884044305718 ], [ -103.825025253392624, 19.401776436598436 ], [ -103.835726627560845, 19.404981054362363 ], [ -103.843992697345527, 19.413822939066531 ], [ -103.866667740288619, 19.41235804113613 ], [ -103.865627462251979, 19.417454299883175 ], [ -103.868365594222496, 19.42158838233658 ], [ -103.866684864289439, 19.426065123033265 ], [ -103.870657104821689, 19.440258934500644 ], [ -103.877927234975161, 19.44077833664657 ], [ -103.879608165098702, 19.436549958339857 ], [ -103.888328393468157, 19.434414774131636 ], [ -103.892461825054511, 19.437633727281366 ], [ -103.898974209891605, 19.436953396709594 ], [ -103.895202141601771, 19.442595673972853 ], [ -103.897765240645896, 19.44552890386818 ], [ -103.905969650559967, 19.448322283295621 ], [ -103.909524364360891, 19.452991893735405 ], [ -103.917145578532072, 19.454378424275617 ], [ -103.921162928127885, 19.457058747520886 ], [ -103.92355577935453, 19.462228368422227 ], [ -103.928672011024048, 19.46084701769065 ], [ -103.93222446789089, 19.463569870361997 ], [ -103.932917550530036, 19.460586187570136 ], [ -103.930645529906272, 19.458356570456978 ], [ -103.934884149554478, 19.453954512530814 ], [ -103.940766425689702, 19.458658123529901 ], [ -103.943978344333573, 19.466226975445714 ], [ -103.948574450951483, 19.46679298101196 ], [ -103.952059685628313, 19.464090676316268 ], [ -103.955555047837265, 19.467144564179605 ], [ -103.957296776727929, 19.465317113416322 ], [ -103.964919985034228, 19.467198624683391 ], [ -103.961325602006156, 19.473794269998592 ], [ -103.965748790896271, 19.47506439363038 ], [ -103.972187995648312, 19.465685121157573 ], [ -103.971762695412025, 19.456037359920202 ], [ -103.981128648418263, 19.456918800244623 ], [ -103.985193150718104, 19.453385717252701 ], [ -103.985504380898291, 19.463779280985161 ], [ -103.988539737296961, 19.469194557847583 ], [ -104.011491596156759, 19.478029082256622 ], [ -104.02602009717873, 19.478263421845817 ], [ -104.031820349263981, 19.496672225778344 ], [ -104.039321340965842, 19.494906781983076 ], [ -104.050578222390669, 19.482318819107689 ], [ -104.050665548125579, 19.47001875645374 ], [ -104.05654823472895, 19.473186492943512 ], [ -104.057777666258161, 19.476453719279615 ], [ -104.068255526853434, 19.479273151922282 ], [ -104.077817955149143, 19.493843690140675 ], [ -104.07496951479898, 19.508068102766018 ], [ -104.079615854263452, 19.524429311900938 ], [ -104.089782526741587, 19.527775168397984 ], [ -104.086713250736167, 19.539061040092445 ], [ -104.081696302651224, 19.542560714933362 ], [ -104.09313920034819, 19.547152277646891 ], [ -104.094145496876138, 19.557666072886409 ], [ -104.088952584487132, 19.561413594908018 ], [ -104.095753681187759, 19.563050908495065 ], [ -104.109372642238327, 19.577331727167714 ], [ -104.104173434771624, 19.584737492079135 ], [ -104.096662402409805, 19.586994911046887 ], [ -104.086560899557185, 19.598879235297471 ], [ -104.081556323232732, 19.601378988812112 ], [ -104.074501359594137, 19.60085586449593 ], [ -104.068644734269299, 19.610241256868331 ], [ -104.065076670465402, 19.606516778544137 ], [ -104.049626464141411, 19.605679132710488 ], [ -104.046350403727061, 19.601953689033774 ], [ -104.041278877419941, 19.601881281457082 ], [ -104.037359607122198, 19.597410548275938 ], [ -104.026868654434352, 19.597763428444132 ], [ -104.020238944413947, 19.602877262288384 ], [ -104.01945501667899, 19.594087158492673 ], [ -104.014009282746798, 19.585596328878747 ], [ -103.997257403509977, 19.597570924555999 ], [ -103.988629839727423, 19.59725466078962 ], [ -103.967424643363003, 19.601645265264761 ], [ -103.964695760309198, 19.605713743685364 ], [ -103.964535515534905, 19.611270884761471 ], [ -103.97316828490473, 19.613288568296241 ], [ -103.974224038382147, 19.615692011424816 ], [ -103.970558685166537, 19.618393659313853 ], [ -103.970166522094232, 19.624365884703362 ], [ -103.955156485159648, 19.63633328015073 ], [ -103.941289495640319, 19.639879431648364 ], [ -103.934579856269536, 19.637898848057112 ], [ -103.928059114609766, 19.641681896522268 ], [ -103.92912749263273, 19.649559415656125 ], [ -103.93787449977853, 19.650002885700651 ], [ -103.940953148380075, 19.655273014676762 ], [ -103.915037638365803, 19.658287325526892 ], [ -103.890256468917983, 19.656248311929943 ], [ -103.873429088583009, 19.657906696672452 ] ] ] } },
{ "type": "Feature", "properties": { "cve_edo": "14", "cve_mpo_ine": "101", "cve_edo_mpo_ine": "14101", "nom_mpo": "TOMATLAN", "nom_edo": "Jalisco", "alianza_ganadora": "Movimiento Ciudadano", "margen_pp": 6.1974295134916897, "por_participacion": 56.193753308628899 }, "geometry": { "type": "Polygon", "coordinates": [ [ [ -105.471112063006061, 20.213945801666114 ], [ -105.465139128822173, 20.21522264386142 ], [ -105.460896632916189, 20.218833323012856 ], [ -105.461647636644003, 20.231805653945759 ], [ -105.452753963203747, 20.232850993777806 ], [ -105.447180988884398, 20.228993778865927 ], [ -105.447440648176112, 20.22634469376932 ], [ -105.436111952432086, 20.225421998531832 ], [ -105.420073401751225, 20.218262836288343 ], [ -105.427068064161645, 20.21441469234076 ], [ -105.435479099109699, 20.200835754656921 ], [ -105.432079000487875, 20.193267444615863 ], [ -105.420234171296727, 20.186516988005383 ], [ -105.401436459571329, 20.185563963265626 ], [ -105.371876100084336, 20.189047361190905 ], [ -105.370714673251641, 20.187297643013665 ], [ -105.372727144701955, 20.184210114722056 ], [ -105.368975189651294, 20.184258975666467 ], [ -105.366588656076274, 20.181587105595607 ], [ -105.369201879266456, 20.176186116718039 ], [ -105.365689537979208, 20.175450286815352 ], [ -105.360624933549971, 20.169938111943836 ], [ -105.357159767873469, 20.171024573874803 ], [ -105.353193810666895, 20.167923979355798 ], [ -105.308661674359428, 20.183329403387038 ], [ -105.288881632460104, 20.178421491692024 ], [ -105.285606671756355, 20.185885557183049 ], [ -105.277692248382678, 20.185975553083733 ], [ -105.272682904841446, 20.189820063810984 ], [ -105.266224228655958, 20.191290071889167 ], [ -105.259036046136913, 20.179708491860538 ], [ -105.260014589646687, 20.16551416699404 ], [ -105.250382904268349, 20.159913023650553 ], [ -105.253645915512166, 20.154312929535759 ], [ -105.247535458166297, 20.156448186191874 ], [ -105.24143809070894, 20.164960602150281 ], [ -105.228090316885627, 20.170875391833224 ], [ -105.193861639472672, 20.170493006310668 ], [ -105.190324237034403, 20.165363849950779 ], [ -105.186872159200931, 20.164542213024859 ], [ -105.183907650369036, 20.169067449108177 ], [ -105.173667859801611, 20.174471223615217 ], [ -105.173595502884709, 20.176292568116516 ], [ -105.166329965700882, 20.175887214645705 ], [ -105.168476065625356, 20.178890711066284 ], [ -105.167111604575297, 20.181030153581457 ], [ -105.16927252570143, 20.182087475739195 ], [ -105.163758890602438, 20.182528095766521 ], [ -105.160370736093583, 20.188663636062337 ], [ -105.157034898331474, 20.187925435160619 ], [ -105.152380255939121, 20.190983408821015 ], [ -105.149640470144803, 20.188967462059853 ], [ -105.14300253335837, 20.190720994609233 ], [ -105.141107273476521, 20.185649233333336 ], [ -105.136898781774917, 20.184073386347393 ], [ -105.130837485122953, 20.19009158088307 ], [ -105.118449378555695, 20.189673910225679 ], [ -105.106384864346296, 20.200342568643489 ], [ -105.102526268671895, 20.195325198986179 ], [ -105.099943490089188, 20.19572889136257 ], [ -105.093921474559451, 20.190708554880821 ], [ -105.093735143752198, 20.186222686012869 ], [ -105.096857912635016, 20.182759109725293 ], [ -105.09457161574791, 20.179769336691358 ], [ -105.096239201676468, 20.173300114962281 ], [ -105.083912349196282, 20.168881382039618 ], [ -105.072854725946357, 20.171600344259812 ], [ -105.064152655740259, 20.158887522008261 ], [ -105.053881981688022, 20.15560392164009 ], [ -105.044613884401571, 20.14221430666025 ], [ -105.032559191796764, 20.137813316483214 ], [ -105.033503446156331, 20.135010924620062 ], [ -105.026386641915039, 20.124653167232861 ], [ -105.016578774023486, 20.124116058977677 ], [ -105.012200020213626, 20.126306885231728 ], [ -105.005002089659726, 20.124205279076897 ], [ -104.980564323508958, 20.109911773212943 ], [ -104.984828563746106, 20.100415043142135 ], [ -104.983001923459, 20.08865126071456 ], [ -104.977092287101854, 20.07730106058807 ], [ -104.978480183169779, 20.0755043625234 ], [ -104.969233290954989, 20.076055468276497 ], [ -104.956317037611342, 20.067870348472614 ], [ -104.944238545762474, 20.052330761698286 ], [ -104.923199107942381, 20.056700314061946 ], [ -104.915910549411379, 20.05531221432517 ], [ -104.909584934776831, 20.060843294124265 ], [ -104.895705696120871, 20.049340024277335 ], [ -104.893139548841219, 20.039923184696509 ], [ -104.880970260178486, 20.045359713672557 ], [ -104.870790218083954, 20.046137080698561 ], [ -104.858842401894677, 20.056829760379777 ], [ -104.847513653094779, 20.060409389211788 ], [ -104.840678334947029, 20.055753064534489 ], [ -104.835369677220484, 20.059345844530117 ], [ -104.819060675066538, 20.059401397275742 ], [ -104.817343437773332, 20.061040701575774 ], [ -104.8147687023732, 20.05691970185531 ], [ -104.808844540609357, 20.058436766913896 ], [ -104.806929997596953, 20.061688064837526 ], [ -104.796410295004648, 20.061547528462771 ], [ -104.794838243757553, 20.065381297653857 ], [ -104.787777448136197, 20.06448666804933 ], [ -104.775580669360465, 20.06726715365081 ], [ -104.770599174557574, 20.072433678553189 ], [ -104.772897840361097, 20.075311173252164 ], [ -104.769826439681964, 20.077599154723693 ], [ -104.769305385510307, 20.085705245471043 ], [ -104.764828135284404, 20.096628690471611 ], [ -104.771506069186159, 20.112666751961992 ], [ -104.76886185009559, 20.12207667718852 ], [ -104.764615430149291, 20.120463260719827 ], [ -104.758621903891665, 20.122557323926891 ], [ -104.751572668952363, 20.137469638925243 ], [ -104.743482003460045, 20.143101734755916 ], [ -104.727905609899366, 20.148659926804207 ], [ -104.723007490748543, 20.147618455465338 ], [ -104.718822282991766, 20.149935912214904 ], [ -104.718091893996231, 20.147818159635523 ], [ -104.712031383827792, 20.150414338457079 ], [ -104.709173058904454, 20.145743267396583 ], [ -104.70159732669471, 20.147462787851339 ], [ -104.698228144242123, 20.142610940744817 ], [ -104.692801508084329, 20.144500964991629 ], [ -104.689673091708912, 20.148771954993322 ], [ -104.686551125214137, 20.14573506219909 ], [ -104.683480719464882, 20.149964310750601 ], [ -104.681487471121144, 20.149356652590182 ], [ -104.684997852132497, 20.157676079953209 ], [ -104.677212439953493, 20.1653182695723 ], [ -104.674344057155508, 20.156747258694161 ], [ -104.668269680922549, 20.149763599715754 ], [ -104.664558160972504, 20.137605330306567 ], [ -104.670897147363789, 20.123985419389065 ], [ -104.660331213126568, 20.118513725436387 ], [ -104.662938049060187, 20.114906829102949 ], [ -104.654711676823823, 20.109338800326604 ], [ -104.640186463120941, 20.106200473641241 ], [ -104.636608490450584, 20.09602264342751 ], [ -104.642729035927218, 20.093139530033195 ], [ -104.648448950466133, 20.083033238573154 ], [ -104.654706229376202, 20.083121586077116 ], [ -104.659644524626145, 20.07851053391936 ], [ -104.652172991099647, 20.073459726622271 ], [ -104.6416532138402, 20.074794152278223 ], [ -104.62471962746163, 20.06722914465168 ], [ -104.620166206942088, 20.05953358435276 ], [ -104.62460657936677, 20.050384668890803 ], [ -104.622278288983495, 20.043172288351251 ], [ -104.629025002440358, 20.038056634595783 ], [ -104.639492578122756, 20.038617495884836 ], [ -104.641386958568603, 20.033528525527274 ], [ -104.645113818713895, 20.031443162285907 ], [ -104.644091343708169, 20.027237631828125 ], [ -104.646232521357177, 20.024087707666485 ], [ -104.677698439635407, 20.035054638187827 ], [ -104.693054619531665, 20.032569778939038 ], [ -104.701317953238686, 20.019267385960976 ], [ -104.703936784502204, 20.017682816289796 ], [ -104.707701017147542, 20.020921989732074 ], [ -104.717890594107217, 20.015534440764519 ], [ -104.718609664264775, 20.009956241228096 ], [ -104.714186957177304, 20.004574312253045 ], [ -104.717904352429855, 20.001413953659551 ], [ -104.717072011638606, 19.999478471252669 ], [ -104.721090195531033, 19.997513565008049 ], [ -104.734488818939738, 19.999578576880566 ], [ -104.74390223447746, 19.992295009316688 ], [ -104.748616275171059, 19.997467960372937 ], [ -104.75400829008889, 19.99949865997899 ], [ -104.761139233394374, 19.991898143275343 ], [ -104.771088882901935, 19.986178661943722 ], [ -104.774846385163187, 19.980828550919082 ], [ -104.785681231688017, 19.953715265267036 ], [ -104.793425618233059, 19.957835281172613 ], [ -104.8166345236464, 19.944718551769036 ], [ -104.828795897184094, 19.945876246031311 ], [ -104.837915721372738, 19.9393326881689 ], [ -104.850018094587966, 19.940448036045165 ], [ -104.851065411810922, 19.925576993828077 ], [ -104.855131078288196, 19.922700306956116 ], [ -104.850302949002398, 19.918026363216494 ], [ -104.852971131828056, 19.908553042178035 ], [ -104.857842537204434, 19.899888749268754 ], [ -104.866944126013266, 19.895946536774925 ], [ -104.880349307427551, 19.906588507275028 ], [ -104.884730482427329, 19.906640430309771 ], [ -104.887029070556736, 19.909101635815855 ], [ -104.902105859825795, 19.909903484120225 ], [ -104.904442226233925, 19.916782109301423 ], [ -104.909114689767534, 19.916707494386237 ], [ -104.905459025166124, 19.919582510543812 ], [ -104.904573116224327, 19.925327969827823 ], [ -104.907509648280893, 19.935339411505613 ], [ -104.924556503874413, 19.925886487492221 ], [ -104.922378757404005, 19.917190265197711 ], [ -104.939617248831183, 19.915299757988389 ], [ -104.945401484561756, 19.909437502796866 ], [ -104.943522948045839, 19.895306244062457 ], [ -104.941381524065008, 19.894312720325185 ], [ -104.945644642567927, 19.891448607438555 ], [ -104.945529669881552, 19.885517746270473 ], [ -104.94754804568565, 19.883896977136018 ], [ -104.956515362945808, 19.882363973002757 ], [ -104.963416526125641, 19.884855255045192 ], [ -104.965372656805329, 19.892229840863369 ], [ -104.971821241459367, 19.885176726054389 ], [ -104.982874995138161, 19.899228241960611 ], [ -104.988820469174001, 19.891004389984062 ], [ -104.98939556257227, 19.885542332236714 ], [ -104.999087198945233, 19.879833117503992 ], [ -104.990317955275415, 19.868395097116657 ], [ -104.983336578242856, 19.867022775687953 ], [ -104.983364418111506, 19.853797698775917 ], [ -104.980113984739774, 19.849840554772342 ], [ -104.991051706143224, 19.843035366761107 ], [ -104.989464341872747, 19.837657879462782 ], [ -104.99192257560199, 19.831442692991146 ], [ -104.997411293002145, 19.828475518666195 ], [ -105.004577604132763, 19.829270276767911 ], [ -105.004830813807999, 19.825294794491501 ], [ -104.999743987661759, 19.816743789065985 ], [ -105.00419941899176, 19.812845341897166 ], [ -105.005437633130782, 19.806275935817435 ], [ -105.009774124120071, 19.800186880795227 ], [ -105.008364909870892, 19.795025165297094 ], [ -105.011524279243616, 19.789194637179072 ], [ -105.016884295167273, 19.791190325991057 ], [ -105.024475234432046, 19.786599975596079 ], [ -105.026516517620792, 19.781383161578326 ], [ -105.024518406092014, 19.776590622292908 ], [ -105.025222440389143, 19.764842161228447 ], [ -105.031588285548068, 19.759826274064974 ], [ -105.043965851741675, 19.757740256027567 ], [ -105.048122767310289, 19.75076825511038 ], [ -105.058664508821622, 19.747165534085582 ], [ -105.066807774006762, 19.738360094220798 ], [ -105.079934372978968, 19.732952970007897 ], [ -105.08797042441067, 19.73467623742593 ], [ -105.10182437447952, 19.720525669979008 ], [ -105.116020735919307, 19.718814251159699 ], [ -105.117486203762482, 19.724091030445944 ], [ -105.13116561648657, 19.727556609677741 ], [ -105.133745882844806, 19.72625009879658 ], [ -105.137751894515617, 19.716289878941094 ], [ -105.140453818208286, 19.714445262459826 ], [ -105.142834000219523, 19.715707479998642 ], [ -105.153654136661146, 19.706960443813959 ], [ -105.149538048235172, 19.704192483182805 ], [ -105.14462896378825, 19.70502515705186 ], [ -105.144378351691586, 19.700753011755388 ], [ -105.148618660190721, 19.696639977117457 ], [ -105.161844311542893, 19.692429967720908 ], [ -105.155673894397069, 19.684878705868499 ], [ -105.157987313264996, 19.68087500966794 ], [ -105.156038588962261, 19.665022943457945 ], [ -105.159270710280126, 19.662518787134697 ], [ -105.165089600140675, 19.664014347412817 ], [ -105.172198132545248, 19.658678883478192 ], [ -105.179687784116041, 19.662383946202564 ], [ -105.183472433134895, 19.650679775538858 ], [ -105.188839455472987, 19.644335534621444 ], [ -105.196051092315926, 19.646545339278234 ], [ -105.202456846304898, 19.641327825031414 ], [ -105.217599262815881, 19.643678418551527 ], [ -105.247398217907261, 19.670137758336505 ], [ -105.264992911504365, 19.679176596648755 ], [ -105.260686652196839, 19.684535599991058 ], [ -105.262019576671477, 19.692090390421281 ], [ -105.277671821874819, 19.710068987235733 ], [ -105.292698805266085, 19.719833196849009 ], [ -105.29340251146256, 19.726139611033613 ], [ -105.301104461792747, 19.73970781854031 ], [ -105.312653509327731, 19.753350231271675 ], [ -105.329670504813848, 19.767165356671178 ], [ -105.327726381952729, 19.775999470242677 ], [ -105.339124499584813, 19.799653449778781 ], [ -105.341670458780058, 19.799156148141947 ], [ -105.365046683694359, 19.830331245565507 ], [ -105.377992856428961, 19.842364373151927 ], [ -105.411017453914312, 19.881112650721782 ], [ -105.456708694638266, 19.944171110660772 ], [ -105.471432833516317, 19.959420838255909 ], [ -105.489124548378243, 19.98330955462653 ], [ -105.49437378202154, 19.99547148011667 ], [ -105.498535407196115, 19.998563212199073 ], [ -105.518760244653748, 20.033283611190111 ], [ -105.527358931161544, 20.055082637935389 ], [ -105.550701674760688, 20.094810767023368 ], [ -105.546773861557867, 20.101057226976309 ], [ -105.546189490161368, 20.106585355724867 ], [ -105.549592029122778, 20.133983963605981 ], [ -105.548908254335075, 20.171591254749789 ], [ -105.543865531411427, 20.182087838316633 ], [ -105.530194771958421, 20.18202290941792 ], [ -105.524147079177098, 20.185248110773951 ], [ -105.5143376561644, 20.184590856925215 ], [ -105.513132410788486, 20.18851672081594 ], [ -105.500182231348106, 20.192514860368355 ], [ -105.497157532970874, 20.19725458956826 ], [ -105.491197657078814, 20.197248213686468 ], [ -105.490459554181825, 20.201136264580494 ], [ -105.476117732668314, 20.20383728898279 ], [ -105.471112063006061, 20.213945801666114 ] ] ] } },
{ "type": "Feature", "properties": { "cve_edo": "14", "cve_mpo_ine": "102", "cve_edo_mpo_ine": "14102", "nom_mpo": "TONALA", "nom_edo": "Jalisco", "alianza_ganadora": "Juntos Haremos Historia", "margen_pp": 4.3277549072251063, "por_participacion": 37.186135901005585 }, "geometry": { "type": "Polygon", "coordinates": [ [ [ -103.164330759211026, 20.545703255182072 ], [ -103.169711234711713, 20.531773444129787 ], [ -103.178802040113439, 20.531336670516787 ], [ -103.181220008237958, 20.533960947647294 ], [ -103.180229030323119, 20.537129011015818 ], [ -103.185832401814736, 20.564506167429002 ], [ -103.206201689725248, 20.566247073303316 ], [ -103.206740397147158, 20.563777978788622 ], [ -103.213328387485575, 20.564802901885479 ], [ -103.214963068453002, 20.55250524782906 ], [ -103.229145200307528, 20.558488425632802 ], [ -103.230949355043975, 20.557540160570419 ], [ -103.230990969856407, 20.559247378125555 ], [ -103.237729762587435, 20.562094569078305 ], [ -103.236583333332703, 20.568544444488474 ], [ -103.24117004961677, 20.57743312147656 ], [ -103.24047489061418, 20.583204791844146 ], [ -103.255874430135407, 20.587058652248761 ], [ -103.254923272718656, 20.596780873694065 ], [ -103.257259352182245, 20.611935923431272 ], [ -103.275725098715384, 20.611867096345673 ], [ -103.284171237142672, 20.614805741726979 ], [ -103.282121630967225, 20.616421572828141 ], [ -103.281298146064088, 20.62405211475971 ], [ -103.286581643407914, 20.626344394345733 ], [ -103.283077295029258, 20.639722862207883 ], [ -103.272779063113688, 20.645992326364127 ], [ -103.268731557084124, 20.657104680473239 ], [ -103.266247265702006, 20.675467066224712 ], [ -103.268303593541972, 20.67798138137724 ], [ -103.26680463454602, 20.680126871295759 ], [ -103.270551210723582, 20.689758181247708 ], [ -103.270498541921626, 20.695999421442931 ], [ -103.265773503214746, 20.705689549670591 ], [ -103.256965171657129, 20.704644797411458 ], [ -103.250836257972566, 20.700464262257135 ], [ -103.240663343339776, 20.704004911650678 ], [ -103.236384183006578, 20.702466410578072 ], [ -103.231656381181011, 20.698596482754759 ], [ -103.226146457859642, 20.697780693744761 ], [ -103.225364165303688, 20.692595579210511 ], [ -103.219204684481127, 20.691583556121884 ], [ -103.209679545935671, 20.685784949694135 ], [ -103.203166171946208, 20.685996101208328 ], [ -103.200564156117593, 20.680236183833099 ], [ -103.18777182153778, 20.671979279838769 ], [ -103.185602480744095, 20.663892860722509 ], [ -103.181345590139784, 20.659294686936736 ], [ -103.184374784672073, 20.654503483102257 ], [ -103.183830534842471, 20.648176590765463 ], [ -103.187838717078776, 20.644328721656308 ], [ -103.18506473046115, 20.629350651288668 ], [ -103.175373807061391, 20.631526519148665 ], [ -103.170681561922706, 20.622943549378519 ], [ -103.164357250419513, 20.621625254233866 ], [ -103.161681275185941, 20.618468333254103 ], [ -103.145640648279283, 20.623938648120422 ], [ -103.139434653084251, 20.621683784540171 ], [ -103.147463961744123, 20.605323415344586 ], [ -103.144193209818994, 20.595824804832382 ], [ -103.146176090167984, 20.5888516602196 ], [ -103.143565361982951, 20.584868277806052 ], [ -103.147048915495716, 20.58129323150462 ], [ -103.14507272294702, 20.57798919046532 ], [ -103.140614374572877, 20.578417191570416 ], [ -103.139936496151535, 20.575547038580915 ], [ -103.140913823216451, 20.573061564986276 ], [ -103.147361907608484, 20.571518152124071 ], [ -103.149000570022864, 20.557718933740652 ], [ -103.165214270873335, 20.548290526215112 ], [ -103.164330759211026, 20.545703255182072 ] ] ] } },
{ "type": "Feature", "properties": { "cve_edo": "14", "cve_mpo_ine": "103", "cve_edo_mpo_ine": "14103", "nom_mpo": "TONAYA", "nom_edo": "Jalisco", "alianza_ganadora": "Va por México", "margen_pp": 47.075131688383699, "por_participacion": 66.292960852784404 }, "geometry": { "type": "Polygon", "coordinates": [ [ [ -103.896902743031376, 20.002286366939629 ], [ -103.893923009838616, 20.001997260043076 ], [ -103.888835029565215, 19.996126536080652 ], [ -103.891162586464375, 19.986451356524555 ], [ -103.896179432534822, 19.979421982600837 ], [ -103.889498329662928, 19.95597931932528 ], [ -103.890545301831949, 19.951472475944833 ], [ -103.895972761494733, 19.94750262764871 ], [ -103.89543327540882, 19.933444902414589 ], [ -103.884447312006543, 19.925093988636117 ], [ -103.888282204121907, 19.905123341017998 ], [ -103.887112275612694, 19.90276669735449 ], [ -103.894401103997154, 19.893545599212686 ], [ -103.898572959588577, 19.891588151377803 ], [ -103.889553192929881, 19.891148075585804 ], [ -103.881965850187626, 19.893340086418984 ], [ -103.868124734772181, 19.887345204521282 ], [ -103.864903014882785, 19.873990269861736 ], [ -103.868575225469456, 19.867705673037211 ], [ -103.864070989226889, 19.855839176807621 ], [ -103.865166937743169, 19.840127535803052 ], [ -103.866622964700895, 19.836571748025495 ], [ -103.872514126121359, 19.833305352676629 ], [ -103.868718880351722, 19.830700530259517 ], [ -103.869066573447682, 19.827847610101241 ], [ -103.888367213074048, 19.8122585733229 ], [ -103.889827094598218, 19.813374754731594 ], [ -103.895535503961895, 19.80365735587343 ], [ -103.903122026762802, 19.804855000119709 ], [ -103.918111821844164, 19.79993091009198 ], [ -103.931588047745265, 19.798396582486333 ], [ -103.937881630558067, 19.792357390747931 ], [ -103.940496171263646, 19.784045422016057 ], [ -103.949762896024083, 19.777094817932671 ], [ -103.944732786867689, 19.767504456545776 ], [ -103.943611443317792, 19.757870912138706 ], [ -103.939287884917675, 19.752580278356263 ], [ -103.926035608868858, 19.743406246109242 ], [ -103.911625290090981, 19.740185670610614 ], [ -103.905357829424432, 19.736218659997654 ], [ -103.91883979523044, 19.738855024692697 ], [ -103.919883733506083, 19.736199662013274 ], [ -103.927759444301387, 19.736271805557081 ], [ -103.925884354911716, 19.73274960984946 ], [ -103.928739667911344, 19.7314186545624 ], [ -103.931665068264635, 19.735022277052767 ], [ -103.933583509894987, 19.732241177243981 ], [ -103.94017465836022, 19.731899909448511 ], [ -103.940302883929746, 19.73662711668052 ], [ -103.942523380211711, 19.738116717947964 ], [ -103.945954334001556, 19.733674504207361 ], [ -103.948878827630907, 19.736738776396603 ], [ -103.950445734390129, 19.733460392102096 ], [ -103.952143655519407, 19.73590444613653 ], [ -103.958901788510119, 19.732369156919663 ], [ -103.963344472407954, 19.735886974509476 ], [ -103.96962616313138, 19.735238626935697 ], [ -103.970126144991454, 19.741391395292389 ], [ -103.971860468458232, 19.735375597084897 ], [ -103.974483128474148, 19.734417497734306 ], [ -103.977750463582638, 19.73457793999756 ], [ -103.979332927232036, 19.73731223079643 ], [ -103.989712734561365, 19.735677202892493 ], [ -103.986570185129068, 19.738502524937516 ], [ -103.988033204608286, 19.7401587597105 ], [ -103.992455655118547, 19.736045634663522 ], [ -103.996317206603038, 19.740061317706875 ], [ -103.999525658408615, 19.739972659083733 ], [ -103.999333154705653, 19.733752642882866 ], [ -104.003195420766588, 19.73797552829382 ], [ -104.011593499077364, 19.737006313950747 ], [ -104.016275478770197, 19.742098262471139 ], [ -104.023630715912034, 19.743535674415437 ], [ -104.019338870108541, 19.75221096147764 ], [ -104.027518478285273, 19.756010417943152 ], [ -104.029291555651369, 19.763595847402961 ], [ -104.042258494663429, 19.767965831510558 ], [ -104.047356337254399, 19.774839378144392 ], [ -104.048765318580124, 19.77757346930386 ], [ -104.046121985346375, 19.783389844458473 ], [ -104.047193788933896, 19.786486790425528 ], [ -104.043652120355105, 19.789148157211486 ], [ -104.048454973881178, 19.791650559662607 ], [ -104.049797030180684, 19.808516720266795 ], [ -104.043010672952676, 19.817465123635159 ], [ -104.041197088929437, 19.81511002964384 ], [ -104.037286952330135, 19.814907070562818 ], [ -104.037341582553779, 19.812963629827223 ], [ -104.030463701065628, 19.81253430770418 ], [ -104.03028831981446, 19.816981060780382 ], [ -104.020569311045918, 19.831503018586265 ], [ -104.021625337812225, 19.834561892226514 ], [ -104.02600470988115, 19.835798509169386 ], [ -104.021167272347682, 19.839441399138373 ], [ -104.012705887235867, 19.840151396333422 ], [ -104.010611295707477, 19.843874429317061 ], [ -104.022993286576337, 19.848660511056298 ], [ -104.012350321425501, 19.870459931523957 ], [ -103.998502438424978, 19.862490334148948 ], [ -103.977778249884551, 19.860850274729156 ], [ -103.974447660918045, 19.858536802730807 ], [ -103.973858799149653, 19.8551052855641 ], [ -103.969131609937875, 19.855521490862031 ], [ -103.972889159314491, 19.870197778861179 ], [ -103.978270709630493, 19.877513123937916 ], [ -103.975419385918968, 19.88355159879486 ], [ -103.978816518513156, 19.89086809983494 ], [ -103.975615024776289, 19.897154856788063 ], [ -103.976786694034047, 19.899800411034398 ], [ -103.974278579644192, 19.90141443926122 ], [ -103.978312358367873, 19.904843907198085 ], [ -103.974809248065668, 19.904887326954171 ], [ -103.969685251715902, 19.914441502183749 ], [ -103.969923652063258, 19.917749167365372 ], [ -103.973607560150114, 19.921302984531756 ], [ -103.973560702662979, 19.92907633315852 ], [ -103.964978293766663, 19.930238724710566 ], [ -103.96212304348731, 19.934581649693133 ], [ -103.960926367051812, 19.955793368788886 ], [ -103.959353105550122, 19.95844034857312 ], [ -103.930045194445469, 19.96812712555662 ], [ -103.924378018486806, 19.966805706929062 ], [ -103.919891075179464, 19.976068546300596 ], [ -103.920835134896549, 19.984420314526609 ], [ -103.912721645756903, 19.990086659723691 ], [ -103.902851584801027, 19.992362478908717 ], [ -103.896902743031376, 20.002286366939629 ] ] ] } },
{ "type": "Feature", "properties": { "cve_edo": "14", "cve_mpo_ine": "104", "cve_edo_mpo_ine": "14104", "nom_mpo": "TONILA", "nom_edo": "Jalisco", "alianza_ganadora": "Movimiento Ciudadano", "margen_pp": 10.642201834862385, "por_participacion": 74.772766249356877 }, "geometry": { "type": "Polygon", "coordinates": [ [ [ -103.581233442219911, 19.436332171860546 ], [ -103.586570041359025, 19.438861306626219 ], [ -103.587466342884042, 19.444146449060582 ], [ -103.598295099511205, 19.45545239542108 ], [ -103.60213381349655, 19.462722191407099 ], [ -103.616653726390524, 19.475338443795863 ], [ -103.613024318170176, 19.48536839797428 ], [ -103.615925664896736, 19.492196588749291 ], [ -103.615935048431396, 19.507801902325085 ], [ -103.618382029115324, 19.513291604414732 ], [ -103.589171252722707, 19.519935380776232 ], [ -103.580189039078448, 19.506940482611459 ], [ -103.570405149339052, 19.502798508335335 ], [ -103.567542716189564, 19.494785401466729 ], [ -103.562303819633584, 19.494100850195288 ], [ -103.551585968919866, 19.486611314580706 ], [ -103.548259160699843, 19.478599580084857 ], [ -103.540342813967129, 19.476889731037243 ], [ -103.536963601131333, 19.473344535107927 ], [ -103.5302137312013, 19.473698139126075 ], [ -103.528407559878488, 19.471636356436356 ], [ -103.517407868080838, 19.470059893178981 ], [ -103.516473411998859, 19.466671736388928 ], [ -103.512865867310111, 19.46684895473156 ], [ -103.511523114450455, 19.462345489648268 ], [ -103.50342990668031, 19.45678855647926 ], [ -103.500812641019223, 19.457954913995888 ], [ -103.49370911961077, 19.452353060473627 ], [ -103.482362211625571, 19.450899745385758 ], [ -103.477643513209017, 19.443304838305998 ], [ -103.474211857279229, 19.444556029066042 ], [ -103.471996573526866, 19.438607563955973 ], [ -103.473563581096343, 19.43359873926298 ], [ -103.478043697525237, 19.434288039721572 ], [ -103.478855382492753, 19.430770289309375 ], [ -103.482228738917158, 19.429767302498163 ], [ -103.483791297053372, 19.419878363324344 ], [ -103.481284873873761, 19.413682767388519 ], [ -103.475817979063123, 19.41498170684514 ], [ -103.470229685322025, 19.409622563027568 ], [ -103.466100576436304, 19.410710352847822 ], [ -103.46353923042885, 19.407947252863138 ], [ -103.467370935882983, 19.398010281794619 ], [ -103.464692946776836, 19.39458586911465 ], [ -103.465736479206555, 19.389950860131414 ], [ -103.46008879864057, 19.381200484183459 ], [ -103.475842985421451, 19.373088027436303 ], [ -103.478451948927486, 19.363319884806508 ], [ -103.486068476593786, 19.361807181138609 ], [ -103.484713550715526, 19.341629567734572 ], [ -103.486920379950732, 19.338644924006132 ], [ -103.492749750612361, 19.346220271692193 ], [ -103.497767737041443, 19.34718334251567 ], [ -103.50088061376681, 19.345234734634115 ], [ -103.522300150148098, 19.357427176696412 ], [ -103.525319151380174, 19.368600962746033 ], [ -103.530447052705441, 19.376805332051518 ], [ -103.536978869378657, 19.381595025501376 ], [ -103.538416396610316, 19.388155618016601 ], [ -103.551676441089427, 19.399056035355166 ], [ -103.55926891532431, 19.40842420646258 ], [ -103.569311069948654, 19.406621415257796 ], [ -103.574270198623665, 19.411184642906235 ], [ -103.577612159514075, 19.416558031776798 ], [ -103.576575509760218, 19.421085160678434 ], [ -103.579497005727845, 19.425595450710492 ], [ -103.581233442219911, 19.436332171860546 ] ] ] } },
{ "type": "Feature", "properties": { "cve_edo": "14", "cve_mpo_ine": "105", "cve_edo_mpo_ine": "14105", "nom_mpo": "TOTATICHE", "nom_edo": "Jalisco", "alianza_ganadora": "Va por México", "margen_pp": 20.136518771331058, "por_participacion": 66.239638281838737 }, "geometry": { "type": "Polygon", "coordinates": [ [ [ -103.550139388326954, 21.924750143335768 ], [ -103.55319017757985, 21.926200122252364 ], [ -103.559494006897637, 21.923169791327648 ], [ -103.577606602679452, 21.923539066556781 ], [ -103.569115621993518, 21.941937108501261 ], [ -103.560597769160339, 21.947651288196607 ], [ -103.55829339432276, 21.952076919775589 ], [ -103.552120137721488, 21.952203833119889 ], [ -103.551837840641497, 21.956850081698907 ], [ -103.541129377486527, 21.966821214275278 ], [ -103.536868465962584, 21.96775018444713 ], [ -103.532982190725107, 21.973606345512717 ], [ -103.548200173079024, 21.974557758228404 ], [ -103.553912630925552, 21.978996869134516 ], [ -103.560944131005385, 21.980474602421388 ], [ -103.562949274348469, 21.983306809824391 ], [ -103.561939417024149, 21.987009830788754 ], [ -103.551587616774341, 21.989640028290442 ], [ -103.550551718228093, 21.99172679000803 ], [ -103.543661557353275, 21.991697359867107 ], [ -103.529863067808449, 21.998021007060196 ], [ -103.535679690629465, 22.005277869494591 ], [ -103.539498117994256, 22.006344637461851 ], [ -103.537113669904215, 22.009568909425287 ], [ -103.543214902051758, 22.008490393243278 ], [ -103.54041661915862, 22.019347013961504 ], [ -103.541018296905207, 22.027338403908825 ], [ -103.54781352084359, 22.032509051515937 ], [ -103.550522145113604, 22.045942700160573 ], [ -103.550249793111888, 22.077447640553284 ], [ -103.544441755949023, 22.093485167976606 ], [ -103.531422376377037, 22.108418766410903 ], [ -103.535162487660571, 22.111890882357439 ], [ -103.538354901332113, 22.122085049068978 ], [ -103.534426953358278, 22.121807069029799 ], [ -103.530769810660018, 22.127410956876009 ], [ -103.514104765090025, 22.129999451434049 ], [ -103.517989858090715, 22.11991652185684 ], [ -103.515718889730053, 22.111533308222224 ], [ -103.513005095421192, 22.109041667875648 ], [ -103.506409081303474, 22.109172097692174 ], [ -103.501432729864035, 22.106420608513272 ], [ -103.495506794726637, 22.111432414106929 ], [ -103.486649207192471, 22.10753048539074 ], [ -103.486823623721875, 22.111134081816182 ], [ -103.480360839148929, 22.116069555223515 ], [ -103.473950226736591, 22.112797518455231 ], [ -103.471883104745345, 22.105903267884262 ], [ -103.46608832833769, 22.107886566528602 ], [ -103.460780302291198, 22.106713264999474 ], [ -103.461580541377671, 22.112422377883895 ], [ -103.454933552840458, 22.117027634872496 ], [ -103.449207572863884, 22.115808892943971 ], [ -103.447364280077323, 22.111780392614616 ], [ -103.44134753787381, 22.110905874354135 ], [ -103.43197418047113, 22.100252082279415 ], [ -103.41948954304226, 22.104019943117539 ], [ -103.4101094565914, 22.096763688934779 ], [ -103.408324003148593, 22.092600655516311 ], [ -103.399489287242858, 22.089978770896366 ], [ -103.399619695753984, 22.086744333205534 ], [ -103.405436862495918, 22.082276350690435 ], [ -103.40358306678506, 22.077492472835651 ], [ -103.398674308452229, 22.075068762684797 ], [ -103.397862365695502, 22.05634568053744 ], [ -103.393052997574458, 22.056573107339471 ], [ -103.388425216699218, 22.048964844100102 ], [ -103.383093969140702, 22.054089237705515 ], [ -103.373632381044871, 22.053090509176794 ], [ -103.373617188781694, 22.047992924252522 ], [ -103.377417651998201, 22.047861767913965 ], [ -103.383408327536472, 22.04314360206623 ], [ -103.379261112889921, 22.039880787902838 ], [ -103.376354443161958, 22.028022899434674 ], [ -103.385814591056942, 22.025001135591015 ], [ -103.383601476485367, 22.019931570879596 ], [ -103.387739412925484, 22.010511945269879 ], [ -103.380598808106782, 22.013670127105453 ], [ -103.380103575601169, 22.02039063638362 ], [ -103.372722866950767, 22.019365488239206 ], [ -103.372582705998738, 22.009793355420157 ], [ -103.369529823155503, 22.008174285102658 ], [ -103.368848135206576, 22.002173336118513 ], [ -103.356627514400458, 22.003156777787847 ], [ -103.352928245442328, 21.99789839572659 ], [ -103.343019600524173, 21.998561610438866 ], [ -103.336160496913919, 21.996533706949862 ], [ -103.339235896767036, 21.991521890191358 ], [ -103.339759351441018, 21.9825217901172 ], [ -103.347333267955165, 21.972438539718212 ], [ -103.346819917455264, 21.969792499148962 ], [ -103.340813581429956, 21.969163295833187 ], [ -103.339594539584908, 21.966981978201684 ], [ -103.346400089184002, 21.961301509242723 ], [ -103.343138094182592, 21.957446627102431 ], [ -103.346656052578481, 21.954376937391626 ], [ -103.339784859284549, 21.94314866027738 ], [ -103.341776750158431, 21.9407764427099 ], [ -103.33969996051168, 21.939590696196419 ], [ -103.34002685167529, 21.935403314059904 ], [ -103.34410369329359, 21.931305569496267 ], [ -103.341401599538329, 21.921892634395146 ], [ -103.34414690614372, 21.914244503482177 ], [ -103.374378826991261, 21.914615451850423 ], [ -103.389668233033717, 21.905871430381772 ], [ -103.388029344275509, 21.898712058554977 ], [ -103.395652739881896, 21.89749648802249 ], [ -103.410256359161409, 21.907791953409063 ], [ -103.413073852857494, 21.905521098994797 ], [ -103.414374619820762, 21.899968285496644 ], [ -103.42089361573683, 21.895659225696338 ], [ -103.421466674678015, 21.891991612005999 ], [ -103.425362490181541, 21.891308732709454 ], [ -103.434903408992412, 21.875907560118289 ], [ -103.438458764681982, 21.865737026267649 ], [ -103.451470736996129, 21.853167950536559 ], [ -103.455213461671207, 21.832497247847016 ], [ -103.461785062519724, 21.838243889337122 ], [ -103.463776360792835, 21.83655939571911 ], [ -103.463832629844418, 21.817036453271051 ], [ -103.465946029459005, 21.815598966431384 ], [ -103.475569523547392, 21.813669404631227 ], [ -103.479101551679591, 21.810904653263496 ], [ -103.482281278029589, 21.813224437073966 ], [ -103.481991516897352, 21.81749756820599 ], [ -103.497062313822383, 21.825335076331086 ], [ -103.502770245339761, 21.833754701415415 ], [ -103.507612277365823, 21.828507703259163 ], [ -103.507393474154966, 21.825899377521566 ], [ -103.511404848371967, 21.83202066782265 ], [ -103.516963474384241, 21.827095188805064 ], [ -103.530524670363334, 21.821810897693545 ], [ -103.531529959640466, 21.817859333497498 ], [ -103.525589518348113, 21.809816853142458 ], [ -103.525109631890416, 21.80571991887977 ], [ -103.528581023195528, 21.803931320445034 ], [ -103.535956259960571, 21.805197565628674 ], [ -103.556762793379363, 21.800639772625104 ], [ -103.567330529291041, 21.804927478970761 ], [ -103.575642675600648, 21.802968342494967 ], [ -103.579475133427422, 21.805497713277404 ], [ -103.595152143721904, 21.807077391813586 ], [ -103.601208238285992, 21.816444816065594 ], [ -103.608835400013476, 21.816363517160649 ], [ -103.627707277140388, 21.836092564658379 ], [ -103.627516934463571, 21.841770166234859 ], [ -103.623714926740064, 21.843386068245419 ], [ -103.621565050029815, 21.85370496734329 ], [ -103.624791272338555, 21.868541672475004 ], [ -103.616672864067141, 21.869391465118724 ], [ -103.6095656921173, 21.866632514307941 ], [ -103.605267744245509, 21.86872465422212 ], [ -103.596232624010099, 21.867816327441098 ], [ -103.593185005283246, 21.873828282935293 ], [ -103.587787475815347, 21.877676373847319 ], [ -103.586993401174965, 21.883614984950203 ], [ -103.591817644149629, 21.888313861534815 ], [ -103.589882974488944, 21.889791894811101 ], [ -103.592926601293215, 21.894474371237184 ], [ -103.589037331954245, 21.899876288406848 ], [ -103.573495369605865, 21.900467357424404 ], [ -103.568730469571818, 21.903145260088557 ], [ -103.548289069792546, 21.901909495541766 ], [ -103.550139388326954, 21.924750143335768 ] ] ] } },
{ "type": "Feature", "properties": { "cve_edo": "14", "cve_mpo_ine": "106", "cve_edo_mpo_ine": "14106", "nom_mpo": "TOTOTLAN", "nom_edo": "Jalisco", "alianza_ganadora": "Va por México", "margen_pp": 4.8867345929369872, "por_participacion": 54.922307943062052 }, "geometry": { "type": "Polygon", "coordinates": [ [ [ -102.717591608538498, 20.648260380654161 ], [ -102.708807586336448, 20.645940050746152 ], [ -102.70767770435215, 20.642672354945372 ], [ -102.702461913571526, 20.645196085788744 ], [ -102.705455083962889, 20.636866446637288 ], [ -102.709560910688211, 20.634115962797654 ], [ -102.708503444580529, 20.632154485071752 ], [ -102.695679749836003, 20.627298092615153 ], [ -102.685364069582349, 20.627347788266729 ], [ -102.686904443091223, 20.621150792190001 ], [ -102.663009431898843, 20.614136017257689 ], [ -102.655525427259022, 20.607656366979846 ], [ -102.651893595832874, 20.607467998802434 ], [ -102.658799406211301, 20.596996363518016 ], [ -102.669415988956771, 20.595131764289011 ], [ -102.667907161417489, 20.579799930572033 ], [ -102.658396104812311, 20.577763474184348 ], [ -102.65752057487127, 20.579507829806918 ], [ -102.65305779125319, 20.578239558605798 ], [ -102.646080831492881, 20.580421175555138 ], [ -102.635683548627242, 20.575940905836177 ], [ -102.635204309186989, 20.572004480009237 ], [ -102.630383573840049, 20.568208124311262 ], [ -102.629362607322378, 20.558594311074227 ], [ -102.633816000121953, 20.556339705725996 ], [ -102.632404786260778, 20.555059709259808 ], [ -102.634667622298082, 20.544812255771699 ], [ -102.620172476532289, 20.542791219298671 ], [ -102.6308575737864, 20.521901476622169 ], [ -102.64401455509244, 20.529108557650694 ], [ -102.650939240148645, 20.530285319353116 ], [ -102.666472190105935, 20.525957603104299 ], [ -102.670682867246867, 20.521257437485207 ], [ -102.677483380536415, 20.520029354268082 ], [ -102.682514082051711, 20.515118565671226 ], [ -102.686001705646362, 20.503705590235629 ], [ -102.685225683225099, 20.498734262225252 ], [ -102.682698805289007, 20.496837162165154 ], [ -102.689192312816218, 20.491050183083313 ], [ -102.686833864302557, 20.486375146673886 ], [ -102.682728214089835, 20.486059300085984 ], [ -102.679317574538857, 20.482507378388604 ], [ -102.682050239815908, 20.471184897485774 ], [ -102.6807062108129, 20.467118743262432 ], [ -102.695755432468445, 20.466148723381458 ], [ -102.694009958689833, 20.447900203853315 ], [ -102.709530744805264, 20.43681216758867 ], [ -102.716614553627707, 20.436367096295857 ], [ -102.728502967275645, 20.425520903497862 ], [ -102.739621120722845, 20.436525425457237 ], [ -102.739092841359266, 20.440712707245179 ], [ -102.745707059878413, 20.444163513148784 ], [ -102.752322594389184, 20.443343121777744 ], [ -102.751621048330648, 20.439568868255645 ], [ -102.755075695971996, 20.436422116194866 ], [ -102.751856431054392, 20.434842165497194 ], [ -102.755252205943535, 20.432690505402025 ], [ -102.754433434800347, 20.429621012441118 ], [ -102.758413436746949, 20.431865360938492 ], [ -102.759637587717108, 20.457699465280612 ], [ -102.763851214827696, 20.46948067729252 ], [ -102.765253825726205, 20.491002389338259 ], [ -102.773042034972619, 20.494328719873415 ], [ -102.784871106290268, 20.491149312747979 ], [ -102.78859645501106, 20.494259095150397 ], [ -102.796992836815903, 20.493152337341151 ], [ -102.792660382247035, 20.504550218752094 ], [ -102.801210639980184, 20.505097856770334 ], [ -102.801153018552554, 20.511607444496143 ], [ -102.798342454191285, 20.515875339981395 ], [ -102.805780404395406, 20.515716686347961 ], [ -102.803730725677283, 20.518119681378352 ], [ -102.810524864846528, 20.518374692463354 ], [ -102.810116176459942, 20.524261956471925 ], [ -102.81562192841497, 20.52513759327719 ], [ -102.815154555846078, 20.529739463583088 ], [ -102.831611797890645, 20.526477668414486 ], [ -102.866225874600929, 20.526998887100699 ], [ -102.865232614610619, 20.531061366557442 ], [ -102.875014034980325, 20.531771630884258 ], [ -102.892063917569118, 20.54032028138846 ], [ -102.891071919067443, 20.545129070385798 ], [ -102.887264466727018, 20.544837213008986 ], [ -102.880111246130426, 20.550061998978695 ], [ -102.863625968729721, 20.571627304191328 ], [ -102.871308839794025, 20.574110368262211 ], [ -102.876175472773639, 20.581642947245165 ], [ -102.880985142299124, 20.582635822672557 ], [ -102.871421299968802, 20.593439356316964 ], [ -102.872721866071814, 20.596807634740617 ], [ -102.863271801827693, 20.601590827128312 ], [ -102.862265959539954, 20.606521619454291 ], [ -102.853053191548156, 20.609071122138467 ], [ -102.855448260852867, 20.613466115842247 ], [ -102.848927509960305, 20.618867226144751 ], [ -102.839473298119017, 20.624603163344055 ], [ -102.828624829245697, 20.623282253543014 ], [ -102.815876935854448, 20.633505467195597 ], [ -102.81265088405749, 20.633674420104871 ], [ -102.801531532588044, 20.623976229587775 ], [ -102.794735637883619, 20.621243791071667 ], [ -102.775731528621066, 20.622751944033503 ], [ -102.761863953492252, 20.611393976577158 ], [ -102.744384315095587, 20.613395615452081 ], [ -102.730758249868472, 20.620994289270438 ], [ -102.73214517258036, 20.628046246688694 ], [ -102.728032724213591, 20.63057870492888 ], [ -102.728787322991465, 20.633233459072372 ], [ -102.721916217803951, 20.636472178749106 ], [ -102.720896785063459, 20.646872282298929 ], [ -102.717591608538498, 20.648260380654161 ] ] ] } },
{ "type": "Feature", "properties": { "cve_edo": "14", "cve_mpo_ine": "107", "cve_edo_mpo_ine": "14107", "nom_mpo": "TUXCACUESCO", "nom_edo": "Jalisco", "alianza_ganadora": "Va por México", "margen_pp": 24.885095206828627, "por_participacion": 71.351604591239166 }, "geometry": { "type": "Polygon", "coordinates": [ [ [ -104.165674846181403, 19.654212200131173 ], [ -104.157448779206888, 19.661530206616323 ], [ -104.15792794450266, 19.66484660761969 ], [ -104.148208707888529, 19.670014943092365 ], [ -104.144493936644352, 19.674710928821227 ], [ -104.138549157119513, 19.691522088699571 ], [ -104.113416815378613, 19.693078115214764 ], [ -104.109352434042634, 19.698313267624332 ], [ -104.115446268870244, 19.70617784320482 ], [ -104.12187672902553, 19.710143162548331 ], [ -104.11744522478061, 19.710610284967029 ], [ -104.118456767538248, 19.716206314747247 ], [ -104.114798365809818, 19.720901444749934 ], [ -104.116227177562166, 19.729026157021135 ], [ -104.110266305042529, 19.726054773922677 ], [ -104.110871337964994, 19.732232395614776 ], [ -104.11530916863191, 19.733382791724964 ], [ -104.114094431748541, 19.736330147451117 ], [ -104.123623483857244, 19.741780813619815 ], [ -104.124862224216997, 19.745551533751673 ], [ -104.116994808818376, 19.748100651458188 ], [ -104.114340920033641, 19.756608531024664 ], [ -104.121484888008865, 19.763765404509627 ], [ -104.120385383471302, 19.766339271434248 ], [ -104.127038746721254, 19.766696013914224 ], [ -104.127995531376826, 19.77312152635858 ], [ -104.130505936539961, 19.773446993654517 ], [ -104.132449976359609, 19.778501479231487 ], [ -104.129629333519816, 19.789249385416781 ], [ -104.127643172507376, 19.788715238044919 ], [ -104.120665849141034, 19.795989788912301 ], [ -104.12178726680348, 19.799511996686309 ], [ -104.117146017268539, 19.807402666231251 ], [ -104.108618259803066, 19.805598517925187 ], [ -104.101630253212278, 19.793215531058692 ], [ -104.095379483686031, 19.791405424112906 ], [ -104.092137213783346, 19.781791881575131 ], [ -104.083208163164159, 19.781646298736156 ], [ -104.074370250532013, 19.7736622897229 ], [ -104.061553481286623, 19.780242234961907 ], [ -104.051228752608168, 19.781590924831352 ], [ -104.042258494663429, 19.767965831510558 ], [ -104.029291555651369, 19.763595847402961 ], [ -104.027518478285273, 19.756010417943152 ], [ -104.019338870108541, 19.75221096147764 ], [ -104.023630715912034, 19.743535674415437 ], [ -104.016275478770197, 19.742098262471139 ], [ -104.010775919007841, 19.736717548442179 ], [ -104.003195420766588, 19.73797552829382 ], [ -103.999333154705653, 19.733752642882866 ], [ -103.999525658408615, 19.739972659083733 ], [ -103.996317206603038, 19.740061317706875 ], [ -103.992455655118547, 19.736045634663522 ], [ -103.988033204608286, 19.7401587597105 ], [ -103.986570185129068, 19.738502524937516 ], [ -103.989712734561365, 19.735677202892493 ], [ -103.979332927232036, 19.73731223079643 ], [ -103.977750463582638, 19.73457793999756 ], [ -103.974483128474148, 19.734417497734306 ], [ -103.971860468458232, 19.735375597084897 ], [ -103.970126144991454, 19.741391395292389 ], [ -103.96962616313138, 19.735238626935697 ], [ -103.963344472407954, 19.735886974509476 ], [ -103.958901788510119, 19.732369156919663 ], [ -103.952143655519407, 19.73590444613653 ], [ -103.950445734390129, 19.733460392102096 ], [ -103.948878827630907, 19.736738776396603 ], [ -103.945954334001556, 19.733674504207361 ], [ -103.942523380211711, 19.738116717947964 ], [ -103.940302883929746, 19.73662711668052 ], [ -103.94017465836022, 19.731899909448511 ], [ -103.933583509894987, 19.732241177243981 ], [ -103.931665068264635, 19.735022277052767 ], [ -103.928739667911344, 19.7314186545624 ], [ -103.925884354911716, 19.73274960984946 ], [ -103.927759444301387, 19.736271805557081 ], [ -103.919883733506083, 19.736199662013274 ], [ -103.91883979523044, 19.738855024692697 ], [ -103.905357829424432, 19.736218659997654 ], [ -103.897970736105904, 19.746180144969863 ], [ -103.889923922417552, 19.748138786785759 ], [ -103.880173979031554, 19.744749661545729 ], [ -103.875142852995324, 19.7379131053099 ], [ -103.867847521297193, 19.736303737507559 ], [ -103.868833600816544, 19.733482903779141 ], [ -103.866556881318004, 19.732655963452082 ], [ -103.865908047070363, 19.729048976716602 ], [ -103.858489570337355, 19.723831718893045 ], [ -103.860881245196012, 19.723870755714788 ], [ -103.872876282758185, 19.713366782653289 ], [ -103.875370290844444, 19.706480406286541 ], [ -103.893916246501874, 19.705712453431463 ], [ -103.897876123290985, 19.702846316259023 ], [ -103.887725186298894, 19.701697473505352 ], [ -103.878090609525188, 19.696317774049056 ], [ -103.894617705196296, 19.679586765685048 ], [ -103.904317772580853, 19.662282377184674 ], [ -103.914407378966104, 19.66305704765011 ], [ -103.910609488232595, 19.659744618985261 ], [ -103.911245958087449, 19.657587423125616 ], [ -103.940953148380075, 19.655273014676762 ], [ -103.93787449977853, 19.650002885700651 ], [ -103.92912749263273, 19.649559415656125 ], [ -103.928059114609766, 19.641681896522268 ], [ -103.934579856269536, 19.637898848057112 ], [ -103.941289495640319, 19.639879431648364 ], [ -103.955156485159648, 19.63633328015073 ], [ -103.970166522094232, 19.624365884703362 ], [ -103.970558685166537, 19.618393659313853 ], [ -103.974224038382147, 19.615692011424816 ], [ -103.97316828490473, 19.613288568296241 ], [ -103.964535515534905, 19.611270884761471 ], [ -103.966725832127224, 19.601895234822582 ], [ -103.988629839727423, 19.59725466078962 ], [ -103.997257403509977, 19.597570924555999 ], [ -104.014009282746798, 19.585596328878747 ], [ -104.01945501667899, 19.594087158492673 ], [ -104.020238944413947, 19.602877262288384 ], [ -104.026868654434352, 19.597763428444132 ], [ -104.037359607122198, 19.597410548275938 ], [ -104.041278877419941, 19.601881281457082 ], [ -104.046350403727061, 19.601953689033774 ], [ -104.049626464141411, 19.605679132710488 ], [ -104.065076670465402, 19.606516778544137 ], [ -104.068644734269299, 19.610241256868331 ], [ -104.074501359594137, 19.60085586449593 ], [ -104.081556323232732, 19.601378988812112 ], [ -104.086560899557185, 19.598879235297471 ], [ -104.096662402409805, 19.586994911046887 ], [ -104.104173434771624, 19.584737492079135 ], [ -104.106078918523011, 19.57963194732454 ], [ -104.121023042549751, 19.573977482851127 ], [ -104.130719026887704, 19.582245950938304 ], [ -104.141916841435801, 19.602823771811174 ], [ -104.154591197023734, 19.605180126262553 ], [ -104.159208035713078, 19.628057507299591 ], [ -104.163822983450601, 19.637763013823289 ], [ -104.159072892670011, 19.646323585440129 ], [ -104.16213246337206, 19.65229684187031 ], [ -104.165674846181403, 19.654212200131173 ] ] ] } },
{ "type": "Feature", "properties": { "cve_edo": "14", "cve_mpo_ine": "108", "cve_edo_mpo_ine": "14108", "nom_mpo": "TUXCUECA", "nom_edo": "Jalisco", "alianza_ganadora": "Juntos Haremos Historia", "margen_pp": 2.6174168297455971, "por_participacion": 71.794871794871796 }, "geometry": { "type": "Polygon", "coordinates": [ [ [ -103.371998924046594, 20.214802295331047 ], [ -103.35902531784518, 20.219932776411852 ], [ -103.315651976818899, 20.206746947816733 ], [ -103.30364213006456, 20.19722588823695 ], [ -103.295976299796891, 20.195386248682073 ], [ -103.293815566912031, 20.197212660377541 ], [ -103.279369935825017, 20.198287292769535 ], [ -103.261908544865619, 20.194916115645231 ], [ -103.245182913334702, 20.185367351368875 ], [ -103.237029197302093, 20.178197358985614 ], [ -103.230088107104464, 20.178134616036676 ], [ -103.225356390354236, 20.18191966723057 ], [ -103.219526459618777, 20.180207902098978 ], [ -103.217903244331595, 20.174915993837232 ], [ -103.213245637746084, 20.17039907737826 ], [ -103.206532628098003, 20.173062092665294 ], [ -103.199534713500952, 20.172254444139988 ], [ -103.190807236205188, 20.159229979898015 ], [ -103.181033990225501, 20.156808781412785 ], [ -103.180973158007163, 20.151044415290798 ], [ -103.174917658897002, 20.146480050363312 ], [ -103.167392338319772, 20.147279954841689 ], [ -103.160789967195541, 20.152461216637327 ], [ -103.160858172168943, 20.148165671833468 ], [ -103.154109908000123, 20.140830504677925 ], [ -103.153244570918005, 20.136820714384076 ], [ -103.160905319994242, 20.127802140627264 ], [ -103.155435712055564, 20.122701938151387 ], [ -103.166992340354497, 20.118116936871914 ], [ -103.164783696937263, 20.115011190617093 ], [ -103.165670786879346, 20.109644620903442 ], [ -103.162646602303823, 20.106288080543969 ], [ -103.170583415600959, 20.10321838738162 ], [ -103.172572873498595, 20.100127514677279 ], [ -103.170303012160346, 20.098384668360069 ], [ -103.166258396890882, 20.082715475559656 ], [ -103.170939789827131, 20.075173296615823 ], [ -103.17336837458268, 20.058618496487874 ], [ -103.182426058435581, 20.048572193561618 ], [ -103.18474784927237, 20.052793470886286 ], [ -103.193489639791224, 20.053278307878546 ], [ -103.190096833389532, 20.058760037820711 ], [ -103.191250858662727, 20.064051021512789 ], [ -103.228242833682131, 20.074831312474455 ], [ -103.231027635045109, 20.081613928750844 ], [ -103.239118000829862, 20.088206798352712 ], [ -103.238860544522225, 20.101174844713448 ], [ -103.244971724213372, 20.1068523226926 ], [ -103.243674797468728, 20.114695633057529 ], [ -103.242572055229076, 20.111924980710977 ], [ -103.24128649314919, 20.113490444794383 ], [ -103.239249114108205, 20.111708088789165 ], [ -103.232776807832039, 20.111976801585211 ], [ -103.228749761191025, 20.114070416214076 ], [ -103.220939221480123, 20.112806231498475 ], [ -103.221749439304858, 20.115906566608906 ], [ -103.216317718162969, 20.120514892234198 ], [ -103.195390335085534, 20.11776077097781 ], [ -103.190777077797463, 20.120925564915847 ], [ -103.18848871542707, 20.127526476969415 ], [ -103.211730228146777, 20.140201567561242 ], [ -103.226369629478796, 20.13913347799047 ], [ -103.227533590770676, 20.140376244876713 ], [ -103.224203232998775, 20.143711178661075 ], [ -103.234574334406702, 20.14878273694319 ], [ -103.242273169620816, 20.148310947183433 ], [ -103.246172168457562, 20.153031266414043 ], [ -103.25648850786871, 20.156655579406401 ], [ -103.266922126567081, 20.160114337088594 ], [ -103.276081550308305, 20.158075835147429 ], [ -103.283011706150148, 20.16457964308993 ], [ -103.288262135474739, 20.163520597308789 ], [ -103.289772383272521, 20.167696048202423 ], [ -103.308140046248539, 20.170306655672388 ], [ -103.309777193116119, 20.167172344236754 ], [ -103.33112041885984, 20.16859076876894 ], [ -103.32802631891947, 20.1712259135079 ], [ -103.347972880251518, 20.168796791247502 ], [ -103.373418423902081, 20.196968821589643 ], [ -103.376018341611385, 20.20796359294966 ], [ -103.371998924046594, 20.214802295331047 ] ] ] } },
{ "type": "Feature", "properties": { "cve_edo": "14", "cve_mpo_ine": "109", "cve_edo_mpo_ine": "14109", "nom_mpo": "TUXPAN", "nom_edo": "Jalisco", "alianza_ganadora": "Juntos Haremos Historia", "margen_pp": 29.201953390616307, "por_participacion": 56.466194282522949 }, "geometry": { "type": "Polygon", "coordinates": [ [ [ -103.44440350484011, 19.624662003186227 ], [ -103.438286473109201, 19.621536172028716 ], [ -103.436595649666501, 19.6175294996325 ], [ -103.427508297462055, 19.613088209020173 ], [ -103.407706485282802, 19.611238760350979 ], [ -103.378585832666701, 19.593158431356422 ], [ -103.367405778864835, 19.602696791690072 ], [ -103.35325535004057, 19.59570013108657 ], [ -103.349761378001475, 19.596948778931079 ], [ -103.337999144421346, 19.593543168353182 ], [ -103.334563314021281, 19.595039501206276 ], [ -103.330425784702015, 19.583665510175621 ], [ -103.316167818511659, 19.576377800785401 ], [ -103.320827222688052, 19.570175352338232 ], [ -103.320653777332481, 19.565213449189336 ], [ -103.327117353683875, 19.559244673919132 ], [ -103.327700656768002, 19.553495399740591 ], [ -103.320124430551601, 19.548194161509702 ], [ -103.331937076662015, 19.5417560863348 ], [ -103.334686436555032, 19.52873627571773 ], [ -103.340479199363912, 19.526755734393927 ], [ -103.342496268501506, 19.522160325448393 ], [ -103.34864602876101, 19.523685082666262 ], [ -103.336529330367668, 19.501896725009008 ], [ -103.331183717069763, 19.497146797630329 ], [ -103.330992317923517, 19.490420857630411 ], [ -103.325419831248809, 19.487405797894866 ], [ -103.320631208296376, 19.47344816787173 ], [ -103.324851365726801, 19.469208987124603 ], [ -103.32304314824701, 19.464723022973811 ], [ -103.325465779853616, 19.460248729218929 ], [ -103.333797054418497, 19.454824827450153 ], [ -103.338318559962261, 19.455246868198032 ], [ -103.338847069521435, 19.457843262569394 ], [ -103.340638549138077, 19.455932055459357 ], [ -103.344706416856141, 19.460030375456931 ], [ -103.349919061298124, 19.458796335581223 ], [ -103.355500146268852, 19.465071059944798 ], [ -103.353079704553906, 19.44903347312335 ], [ -103.351338230843169, 19.447972859726747 ], [ -103.354455446099593, 19.443575660219629 ], [ -103.351019323920497, 19.437368155641874 ], [ -103.364668190148222, 19.427901058310137 ], [ -103.370018200290474, 19.434548444180692 ], [ -103.380982391606068, 19.438678311399784 ], [ -103.393795165817238, 19.421455647152762 ], [ -103.389898948629764, 19.416779296621733 ], [ -103.381031550743984, 19.415977805651 ], [ -103.380496488961256, 19.411359147945799 ], [ -103.376626927296257, 19.415597324348994 ], [ -103.368566593050986, 19.413303512868278 ], [ -103.366950941170444, 19.395402844817255 ], [ -103.373119552176334, 19.384998394972254 ], [ -103.378495613032612, 19.381120640303482 ], [ -103.378598449840581, 19.376703657483304 ], [ -103.381029621827295, 19.376107972891269 ], [ -103.379788152863014, 19.367656087620208 ], [ -103.384886883945214, 19.34879787701087 ], [ -103.382684964455819, 19.348442669961905 ], [ -103.381051643062378, 19.344533740409613 ], [ -103.382628755635281, 19.337371978442349 ], [ -103.38670432814385, 19.342533331884031 ], [ -103.388316737356263, 19.33208095525627 ], [ -103.394730575099871, 19.334147961087208 ], [ -103.392467720099319, 19.313771472243733 ], [ -103.395072795441095, 19.312412147794529 ], [ -103.39543728856404, 19.304004516653237 ], [ -103.398236146905433, 19.300572890991742 ], [ -103.394933382713333, 19.299085483669145 ], [ -103.394627134857174, 19.295322812990239 ], [ -103.391479583373979, 19.295820140931554 ], [ -103.388418377352423, 19.291680263866041 ], [ -103.392081125819246, 19.287574922629755 ], [ -103.39274544546565, 19.282598898553914 ], [ -103.395517870861582, 19.283886441690303 ], [ -103.398233990007611, 19.279214091166331 ], [ -103.403191228351233, 19.281631277864953 ], [ -103.405959044246998, 19.279648660707611 ], [ -103.412134175539251, 19.281552542435534 ], [ -103.415966727486264, 19.28021772784637 ], [ -103.417743917261831, 19.27539211246367 ], [ -103.41541804825799, 19.270000924537754 ], [ -103.418115048034494, 19.267398142351304 ], [ -103.418715849783197, 19.259194091497374 ], [ -103.425464342702611, 19.26055161212993 ], [ -103.428978347996136, 19.257896180575781 ], [ -103.430168100083421, 19.252954165289875 ], [ -103.436755691480101, 19.255058533367809 ], [ -103.442573873923592, 19.247693901071948 ], [ -103.441699998524314, 19.244849619657128 ], [ -103.444873343100056, 19.242736600000988 ], [ -103.45327949800334, 19.242207664187163 ], [ -103.454309382395806, 19.244056300931987 ], [ -103.457808863862098, 19.24367714248034 ], [ -103.458200189898108, 19.248721905661586 ], [ -103.472799926523294, 19.248065579368607 ], [ -103.476866682638175, 19.252728407598351 ], [ -103.488941548621568, 19.254423839344568 ], [ -103.49207663818494, 19.25334538083716 ], [ -103.491697409468102, 19.24896276171792 ], [ -103.495611004996491, 19.245886426019844 ], [ -103.497157447163744, 19.247230920769489 ], [ -103.509193047574811, 19.241101779231816 ], [ -103.505928555465573, 19.254153897026324 ], [ -103.508893693962065, 19.26859090406111 ], [ -103.506909882869792, 19.278659339924406 ], [ -103.508926647655983, 19.294573106764872 ], [ -103.505311584727224, 19.298717683683297 ], [ -103.501940272041779, 19.298894168989627 ], [ -103.499798728079043, 19.308330512145503 ], [ -103.494742792889184, 19.310001166929514 ], [ -103.493054934218208, 19.307856058528294 ], [ -103.490384627986131, 19.311958936618801 ], [ -103.492540096471203, 19.316832104759001 ], [ -103.496902045836364, 19.318720452270451 ], [ -103.487607440275227, 19.326690727459589 ], [ -103.488542707937881, 19.332312233336257 ], [ -103.484713550715526, 19.341629567734572 ], [ -103.486068476593786, 19.361807181138609 ], [ -103.478451948927486, 19.363319884806508 ], [ -103.475842985421451, 19.373088027436303 ], [ -103.46008879864057, 19.381200484183459 ], [ -103.465736479206555, 19.389950860131414 ], [ -103.464692946776836, 19.39458586911465 ], [ -103.467370935882983, 19.398010281794619 ], [ -103.46353923042885, 19.407947252863138 ], [ -103.466100576436304, 19.410710352847822 ], [ -103.470229685322025, 19.409622563027568 ], [ -103.475817979063123, 19.41498170684514 ], [ -103.481284873873761, 19.413682767388519 ], [ -103.483791297053372, 19.419878363324344 ], [ -103.482228738917158, 19.429767302498163 ], [ -103.478855382492753, 19.430770289309375 ], [ -103.478043697525237, 19.434288039721572 ], [ -103.473563581096343, 19.43359873926298 ], [ -103.471996573526866, 19.438607563955973 ], [ -103.474211857279229, 19.444556029066042 ], [ -103.477643513209017, 19.443304838305998 ], [ -103.482362211625571, 19.450899745385758 ], [ -103.49370911961077, 19.452353060473627 ], [ -103.500812641019223, 19.457954913995888 ], [ -103.50342990668031, 19.45678855647926 ], [ -103.511523114450455, 19.462345489648268 ], [ -103.512865867310111, 19.46684895473156 ], [ -103.516473411998859, 19.466671736388928 ], [ -103.517407868080838, 19.470059893178981 ], [ -103.528407559878488, 19.471636356436356 ], [ -103.5302137312013, 19.473698139126075 ], [ -103.536963601131333, 19.473344535107927 ], [ -103.540342813967129, 19.476889731037243 ], [ -103.548259160699843, 19.478599580084857 ], [ -103.551585968919866, 19.486611314580706 ], [ -103.562303819633584, 19.494100850195288 ], [ -103.567542716189564, 19.494785401466729 ], [ -103.570405149339052, 19.502798508335335 ], [ -103.580189039078448, 19.506940482611459 ], [ -103.589171252722707, 19.519935380776232 ], [ -103.618382029115324, 19.513291604414732 ], [ -103.647376358129577, 19.516942049963369 ], [ -103.642908500118949, 19.525066005018932 ], [ -103.642977189780922, 19.531021319482129 ], [ -103.639138758819612, 19.533187071766537 ], [ -103.639493073912533, 19.536080749542091 ], [ -103.645254884906478, 19.535148129053997 ], [ -103.645659244050321, 19.533368121344356 ], [ -103.650788404834074, 19.536780448866608 ], [ -103.653871257887317, 19.535320569996635 ], [ -103.653933923413177, 19.537760462851146 ], [ -103.651609198835857, 19.539961761116896 ], [ -103.637231243517292, 19.541093955215022 ], [ -103.640794129316248, 19.54773862595998 ], [ -103.639056294801904, 19.55283249569764 ], [ -103.642855414730093, 19.561213252304047 ], [ -103.642632459317468, 19.566921536007207 ], [ -103.628838128323622, 19.570325291746524 ], [ -103.62407804323405, 19.579359575284762 ], [ -103.618667898424277, 19.582771527184519 ], [ -103.609580131105403, 19.580531141455477 ], [ -103.5960297596842, 19.592740422761345 ], [ -103.583500326511228, 19.586375601771962 ], [ -103.559986768034491, 19.596756502785258 ], [ -103.547001006182981, 19.597628160815617 ], [ -103.530535718950119, 19.612778211419123 ], [ -103.515918708402182, 19.614521366295566 ], [ -103.508747328653115, 19.606025014235211 ], [ -103.479463525550884, 19.620259096417886 ], [ -103.467582609177299, 19.621328314328487 ], [ -103.46682675244206, 19.623398275862638 ], [ -103.44440350484011, 19.624662003186227 ] ] ] } },
{ "type": "Feature", "properties": { "cve_edo": "14", "cve_mpo_ine": "110", "cve_edo_mpo_ine": "14110", "nom_mpo": "UNION DE SAN ANTONIO", "nom_edo": "Jalisco", "alianza_ganadora": "Va por México", "margen_pp": 33.033033033033036, "por_participacion": 63.352593010146563 }, "geometry": { "type": "Polygon", "coordinates": [ [ [ -101.978230302665565, 21.271951649833277 ], [ -101.948532895218932, 21.258355717433137 ], [ -101.922973618138286, 21.258116538126934 ], [ -101.906847767126067, 21.254855150013196 ], [ -101.890199529850875, 21.243701503818997 ], [ -101.877129745625055, 21.22588761500116 ], [ -101.868870115928743, 21.209701594987457 ], [ -101.870788496294139, 21.203104812971837 ], [ -101.868819941503858, 21.197644593725524 ], [ -101.862248702409403, 21.195216563839235 ], [ -101.860342586094077, 21.189178547394562 ], [ -101.862647702189363, 21.176514171480957 ], [ -101.852345848403857, 21.17906305206731 ], [ -101.849471547178069, 21.177974788486463 ], [ -101.841376414595331, 21.185199978728527 ], [ -101.833284855448582, 21.181565661107275 ], [ -101.829654199630625, 21.189226381814219 ], [ -101.81845408315489, 21.192727658815894 ], [ -101.80942820926812, 21.199523438836405 ], [ -101.808694509506424, 21.20422634309563 ], [ -101.810561760387245, 21.206589840908538 ], [ -101.808612429484057, 21.208106992566645 ], [ -101.799543767764717, 21.210452478312597 ], [ -101.794463577039352, 21.214347019806311 ], [ -101.789527334947181, 21.213906977800796 ], [ -101.783205950768732, 21.218785170240889 ], [ -101.780273570174472, 21.217571513418939 ], [ -101.774784515953101, 21.219328236756166 ], [ -101.774354400030063, 21.205536720703243 ], [ -101.768981173619821, 21.191774084142846 ], [ -101.771255339666155, 21.182218899554066 ], [ -101.769681636539431, 21.182791570534263 ], [ -101.768136945449669, 21.177867836724371 ], [ -101.770920297324025, 21.174127488023593 ], [ -101.770593050366458, 21.168515170460299 ], [ -101.775162744412725, 21.163370886354933 ], [ -101.781442224443552, 21.162733180364963 ], [ -101.779732128795743, 21.158226510603065 ], [ -101.781456220685769, 21.156058114251728 ], [ -101.787709951324047, 21.15511227325398 ], [ -101.789724596932757, 21.15126512480283 ], [ -101.798548963264935, 21.144660308559043 ], [ -101.804595869902229, 21.143557803528985 ], [ -101.812658697263274, 21.135578367513499 ], [ -101.81194494358202, 21.109192001230763 ], [ -101.818420407987958, 21.107776695428267 ], [ -101.825169702133806, 21.111455564946723 ], [ -101.831551284347796, 21.105662133261408 ], [ -101.836610317641586, 21.104433072368721 ], [ -101.836194391124138, 21.09673827782078 ], [ -101.876478546829134, 21.096513686317262 ], [ -101.8806254868217, 21.093318799168944 ], [ -101.878416375589538, 21.089981783189963 ], [ -101.880825953206994, 21.087777431307678 ], [ -101.876483606272046, 21.079572791217327 ], [ -101.886600494890672, 21.07962781050707 ], [ -101.889639211818476, 21.076788993135054 ], [ -101.887540620357143, 21.062426719179307 ], [ -101.890406383038751, 21.064794109341648 ], [ -101.89610318137062, 21.065027816929639 ], [ -101.917627486969266, 21.048818542029213 ], [ -101.918322124267448, 21.051052006962927 ], [ -101.921735027932257, 21.049622055779441 ], [ -101.922900113391577, 21.051526875219306 ], [ -101.927612241627514, 21.048947030161134 ], [ -101.928481842987864, 21.051222104301743 ], [ -101.932535361052871, 21.051116679599104 ], [ -101.932697493036827, 21.053925334923782 ], [ -101.957859588926596, 21.049578024845033 ], [ -101.969704326591597, 21.05392419866692 ], [ -101.972561627877496, 21.058355008064755 ], [ -101.978455742285092, 21.054168281225376 ], [ -101.980835224204029, 21.047819077802441 ], [ -101.988782398093406, 21.044094867335424 ], [ -102.00588582709932, 21.041812061785453 ], [ -102.007630470953586, 21.045700972606841 ], [ -102.018045864758349, 21.041572419792669 ], [ -102.031261123883553, 21.041831626583164 ], [ -102.03467922574815, 21.039243433269295 ], [ -102.037657637789295, 21.043260854100833 ], [ -102.050480035040664, 21.039263480069753 ], [ -102.052488081543416, 21.036669470625963 ], [ -102.057242761307549, 21.037430921491652 ], [ -102.059577034787083, 21.041115199310561 ], [ -102.069980293551964, 21.039626238525027 ], [ -102.071282666406731, 21.037153235020817 ], [ -102.072507454059277, 21.039305243739395 ], [ -102.077502184631228, 21.038869406411649 ], [ -102.083314726819339, 21.05425343838526 ], [ -102.076222272792066, 21.064799532938395 ], [ -102.082566298709438, 21.065070693534786 ], [ -102.086459344671411, 21.061202929106596 ], [ -102.090797617132353, 21.06353134893978 ], [ -102.088799453019277, 21.063689302709502 ], [ -102.094707182912146, 21.070318317741496 ], [ -102.092146559127173, 21.078940348304126 ], [ -102.093894855449093, 21.08258088677454 ], [ -102.105065808456175, 21.080845044947139 ], [ -102.109031664559353, 21.088540558881668 ], [ -102.116779308478968, 21.090880432637608 ], [ -102.117202873188688, 21.103064993255767 ], [ -102.123671950263116, 21.101848483001543 ], [ -102.124371850038386, 21.103255055722297 ], [ -102.128846384719495, 21.101081579963964 ], [ -102.137938832062545, 21.105572742818953 ], [ -102.137013473800337, 21.101522303214679 ], [ -102.143892133586093, 21.100760667620605 ], [ -102.15762031963169, 21.090852574116482 ], [ -102.156578159732163, 21.102991331205565 ], [ -102.167507627214775, 21.103480878516137 ], [ -102.167015970936532, 21.109633019708493 ], [ -102.18137030112706, 21.10558959941978 ], [ -102.185414368360057, 21.108906189013542 ], [ -102.188618318386034, 21.11742400734245 ], [ -102.192375719173896, 21.118715856849928 ], [ -102.19510229387528, 21.129544993769674 ], [ -102.201848444652342, 21.133736830437456 ], [ -102.194591423905365, 21.141727168488945 ], [ -102.197636340092885, 21.143299076271742 ], [ -102.195756266537515, 21.144993492321472 ], [ -102.197145993582694, 21.151358059245361 ], [ -102.194674889605011, 21.151928708102353 ], [ -102.194470964306817, 21.16014692190419 ], [ -102.196214792612622, 21.161261924281064 ], [ -102.188692412468228, 21.165085115123848 ], [ -102.190674364939923, 21.170129938247584 ], [ -102.194685524284353, 21.173013092044172 ], [ -102.188357914268963, 21.176978604496824 ], [ -102.189402797731518, 21.180946709016776 ], [ -102.18514340349212, 21.188408719684649 ], [ -102.171254210893807, 21.191627076702197 ], [ -102.170288414526382, 21.198644916715967 ], [ -102.16721522920551, 21.202888780804869 ], [ -102.162212612845806, 21.203946147747889 ], [ -102.156938330507728, 21.198848848734105 ], [ -102.142363626176135, 21.21201540300655 ], [ -102.145584375916215, 21.215743300975024 ], [ -102.14508234640472, 21.22416657442793 ], [ -102.147484262351256, 21.226735296136283 ], [ -102.144109020955597, 21.232753414179196 ], [ -102.144612623031321, 21.239610749563052 ], [ -102.139813817021675, 21.24859733952669 ], [ -102.140433735038542, 21.255744154624789 ], [ -102.137105471750218, 21.264570472874833 ], [ -102.11835479650361, 21.272099912061243 ], [ -102.117417529879219, 21.274122984257691 ], [ -102.110733386525212, 21.26330403237656 ], [ -102.10401992603353, 21.258155304066577 ], [ -102.094197547325876, 21.255040710705213 ], [ -102.091927550515862, 21.24916800725207 ], [ -102.084702084355783, 21.246786837656323 ], [ -102.084365183788819, 21.242944942169903 ], [ -102.089190044333094, 21.242591480971996 ], [ -102.087804884660201, 21.236185216276972 ], [ -102.090513598329537, 21.235452039533598 ], [ -102.090675572764795, 21.238962908196999 ], [ -102.098730183676565, 21.239901453230825 ], [ -102.101437931940524, 21.239415883980215 ], [ -102.104221311332637, 21.2347594871996 ], [ -102.098115797923072, 21.231887475871567 ], [ -102.094936973226737, 21.23253644446341 ], [ -102.091005407066461, 21.230291728368414 ], [ -102.091320206647453, 21.225254640160486 ], [ -102.080816326392593, 21.219516105742258 ], [ -102.076757999068903, 21.219583258840878 ], [ -102.064463458270112, 21.233948337713308 ], [ -102.039671939953195, 21.240580994961437 ], [ -102.031932389264554, 21.222131706475004 ], [ -102.028049804659119, 21.222363573787749 ], [ -102.028803296722771, 21.224803091411516 ], [ -102.015800950501799, 21.23858299262745 ], [ -102.016439323293781, 21.240443937185919 ], [ -102.013384318583135, 21.23968780054496 ], [ -102.013254968255694, 21.242206236379573 ], [ -102.016198509618562, 21.241640478472309 ], [ -102.018123063865076, 21.245199899141603 ], [ -102.01906017552075, 21.258789838949799 ], [ -102.016769875246482, 21.257954332550884 ], [ -102.013270935754306, 21.264009910053041 ], [ -102.004386114782037, 21.264426350718288 ], [ -102.000190619114406, 21.268372584849757 ], [ -101.985025020885956, 21.265911516119289 ], [ -101.978230302665565, 21.271951649833277 ] ] ] } },
{ "type": "Feature", "properties": { "cve_edo": "14", "cve_mpo_ine": "111", "cve_edo_mpo_ine": "14111", "nom_mpo": "UNION DE TULA", "nom_edo": "Jalisco", "alianza_ganadora": "Movimiento Ciudadano", "margen_pp": 5.5734919286321158, "por_participacion": 49.978768577494691 }, "geometry": { "type": "Polygon", "coordinates": [ [ [ -104.179539507515372, 20.150844612056126 ], [ -104.178485563333425, 20.143692899006815 ], [ -104.182997687979366, 20.139978252784022 ], [ -104.178896181353963, 20.139560158130266 ], [ -104.182529922850321, 20.128363334562998 ], [ -104.180656894244422, 20.108645628738582 ], [ -104.187218933804914, 20.090094810955993 ], [ -104.18235777978316, 20.082277464512892 ], [ -104.182885428662573, 20.07500353477543 ], [ -104.178376278343563, 20.067723811877993 ], [ -104.180954082926547, 20.056401649823073 ], [ -104.178611902243475, 20.052844343895909 ], [ -104.180368888952245, 20.050903734385336 ], [ -104.180662994739166, 20.033213668240897 ], [ -104.175335024704268, 20.029074229899251 ], [ -104.17211466446885, 20.028946429870608 ], [ -104.169889307640986, 20.031630392443454 ], [ -104.16473738139706, 20.027242861401604 ], [ -104.153788892242247, 20.024625094763344 ], [ -104.151097465745465, 20.017223069920348 ], [ -104.140618348198359, 20.014439800031205 ], [ -104.133773041314001, 20.001658601416338 ], [ -104.13160669440488, 20.002482204061472 ], [ -104.130054697429188, 19.999998156149868 ], [ -104.132155550747484, 19.999634552925492 ], [ -104.130642675694389, 19.996296272711813 ], [ -104.126227609130609, 19.99449545650257 ], [ -104.128160305453221, 19.986831356254715 ], [ -104.126225133429529, 19.982628010999953 ], [ -104.134340145832297, 19.981509888068242 ], [ -104.134934546056016, 19.977816979359357 ], [ -104.138773936366846, 19.976447927723989 ], [ -104.141398271945107, 19.960789964386819 ], [ -104.144095428971923, 19.961713518272592 ], [ -104.147918630511455, 19.958976373533435 ], [ -104.169998429291994, 19.959268224255002 ], [ -104.175126992039878, 19.953323630129457 ], [ -104.173773135666693, 19.942394401016827 ], [ -104.179636067633339, 19.939384763110787 ], [ -104.182925939260514, 19.931097650160442 ], [ -104.196760049316353, 19.92571676297402 ], [ -104.202051832428324, 19.928891733631581 ], [ -104.211873940506891, 19.895487246195067 ], [ -104.21502461708819, 19.890434643730575 ], [ -104.222142398605186, 19.890062261373092 ], [ -104.229220803471208, 19.886414916677424 ], [ -104.230988592780363, 19.874356237619931 ], [ -104.232869387125874, 19.877412271161987 ], [ -104.231257126582591, 19.881802685370314 ], [ -104.234589639367883, 19.883489041767984 ], [ -104.23460281480935, 19.886261033530531 ], [ -104.24109933817337, 19.890916662471923 ], [ -104.24676046583312, 19.891602754325476 ], [ -104.257185870485827, 19.900383108276472 ], [ -104.256612951740266, 19.8905793156135 ], [ -104.260969380611286, 19.886883398258483 ], [ -104.270807887630909, 19.894837342043214 ], [ -104.278672094726943, 19.892784685388907 ], [ -104.285971728816477, 19.894457192491483 ], [ -104.292838872314618, 19.891372822539303 ], [ -104.292271810744381, 19.883141257772042 ], [ -104.299776274949252, 19.879351115164607 ], [ -104.296241766800406, 19.872536231201462 ], [ -104.297911327931203, 19.868310463127628 ], [ -104.296826865388567, 19.861570096514289 ], [ -104.301481360024681, 19.861912999581421 ], [ -104.305831068106713, 19.864302789533134 ], [ -104.308567299635541, 19.870566889600664 ], [ -104.318760220444659, 19.871884104894512 ], [ -104.322263074456288, 19.877368165298442 ], [ -104.331474984828986, 19.877684987208347 ], [ -104.333729078767192, 19.885640358517122 ], [ -104.341695521534703, 19.88218483066483 ], [ -104.340592711274454, 19.887551801861793 ], [ -104.346629419105184, 19.890531928205174 ], [ -104.351945402504896, 19.889702648094911 ], [ -104.356130708737567, 19.897134372065789 ], [ -104.355254297594513, 19.903247332350386 ], [ -104.364146424240559, 19.906619840463534 ], [ -104.362169192378389, 19.911980595117594 ], [ -104.36271342198151, 19.921990522218024 ], [ -104.376906902483228, 19.932617252837858 ], [ -104.373439730264579, 19.938691537616801 ], [ -104.376512046786218, 19.944077223057192 ], [ -104.37557293344959, 19.950939854764531 ], [ -104.371210779476911, 19.959518663275947 ], [ -104.374896479229292, 19.96306839112308 ], [ -104.376597951649359, 19.973954349747054 ], [ -104.373776725797953, 19.976698114794498 ], [ -104.36540739096894, 19.976503522166894 ], [ -104.365712312860268, 19.984341597837663 ], [ -104.35827435696612, 19.983882396419506 ], [ -104.356266270097365, 19.989849375278233 ], [ -104.344885277297323, 19.988001565122691 ], [ -104.344570123508348, 20.000912396309733 ], [ -104.340120936306832, 20.000777232543115 ], [ -104.336064833900778, 19.992460608521327 ], [ -104.321182484527355, 19.994776267066594 ], [ -104.318821864206029, 20.000787718047732 ], [ -104.321641772197083, 20.007526147989452 ], [ -104.318781580522057, 20.018147983998066 ], [ -104.320131425677758, 20.022075189771353 ], [ -104.316914927015873, 20.0269100963834 ], [ -104.325404034573566, 20.025590356236425 ], [ -104.326108425551809, 20.027657281103835 ], [ -104.32283034939627, 20.028772220477993 ], [ -104.329614540709429, 20.040358893737238 ], [ -104.341396926010319, 20.049099605767488 ], [ -104.330697295592046, 20.060454180010783 ], [ -104.328704762855921, 20.053907361637943 ], [ -104.324411032594469, 20.052199935914654 ], [ -104.320316599540647, 20.0456055537468 ], [ -104.314827181255737, 20.042386690684729 ], [ -104.314242049939821, 20.048480176972117 ], [ -104.308536164025426, 20.052341675586391 ], [ -104.321989910519477, 20.063042244065556 ], [ -104.314405249687567, 20.060189572284251 ], [ -104.310594294288393, 20.062405356893429 ], [ -104.30232285114414, 20.060267207607719 ], [ -104.298129695370676, 20.063896187662912 ], [ -104.298196700320617, 20.067453974360525 ], [ -104.304686521968506, 20.071070780446487 ], [ -104.302086077116428, 20.07558374933199 ], [ -104.305329623032051, 20.077309249915665 ], [ -104.304477086269571, 20.08473144675974 ], [ -104.296746204422917, 20.086556962037651 ], [ -104.294288496019732, 20.089370619535838 ], [ -104.290485227077852, 20.088937140294753 ], [ -104.288040377622849, 20.095557918784099 ], [ -104.266241747023443, 20.091365567797425 ], [ -104.27106528978949, 20.096417863853148 ], [ -104.269842039336993, 20.099707421061222 ], [ -104.274896029866383, 20.101445038459445 ], [ -104.271823362155558, 20.105758348373968 ], [ -104.272911210979245, 20.117121243356365 ], [ -104.259288241662091, 20.116227884762225 ], [ -104.256734899021893, 20.120242678036035 ], [ -104.244954135587093, 20.124242745696836 ], [ -104.235747248228265, 20.131676418042897 ], [ -104.233320013907701, 20.129894981586091 ], [ -104.231608995095826, 20.122597776838209 ], [ -104.221616838412018, 20.122263230703602 ], [ -104.218581120824297, 20.119125780510615 ], [ -104.218688735325685, 20.12181400578854 ], [ -104.205735686744035, 20.132037938222123 ], [ -104.203996945654964, 20.142517594344966 ], [ -104.193251592055248, 20.139576441778086 ], [ -104.183993569207402, 20.142707328138972 ], [ -104.179539507515372, 20.150844612056126 ] ] ] } },
{ "type": "Feature", "properties": { "cve_edo": "14", "cve_mpo_ine": "112", "cve_edo_mpo_ine": "14112", "nom_mpo": "VALLE DE GUADALUPE", "nom_edo": "Jalisco", "alianza_ganadora": "Va por México", "margen_pp": 12.553740326741186, "por_participacion": 55.708127095641068 }, "geometry": { "type": "Polygon", "coordinates": [ [ [ -102.621173754433968, 21.141718957540672 ], [ -102.611239552842122, 21.140628507500637 ], [ -102.60859400851308, 21.135799712828852 ], [ -102.599144068724456, 21.133719620931181 ], [ -102.585003505938602, 21.134780686234095 ], [ -102.573878074409691, 21.140971513384653 ], [ -102.573183531003025, 21.129277067396981 ], [ -102.589169292306281, 21.126971997110704 ], [ -102.592546596417179, 21.121728022571407 ], [ -102.592454111823969, 21.117374654939425 ], [ -102.584404128809311, 21.118361465092772 ], [ -102.572334552797571, 21.113892215384791 ], [ -102.548508781398141, 21.111793190648935 ], [ -102.554162891007977, 21.079453732512395 ], [ -102.548901630479378, 21.075813801727495 ], [ -102.552291097313301, 21.072301366626469 ], [ -102.551450363490972, 21.068577380725696 ], [ -102.556805255396611, 21.064508759515075 ], [ -102.552391946912167, 21.061736124187483 ], [ -102.549931161920981, 21.05638458976955 ], [ -102.544619117569951, 21.037711118909503 ], [ -102.525630579598058, 21.032341288222611 ], [ -102.527727246012802, 21.026916416518993 ], [ -102.538110424149991, 21.016052556098458 ], [ -102.544902868306551, 21.014146337012065 ], [ -102.545812313855933, 21.016756670224872 ], [ -102.550464109461259, 21.018871584408132 ], [ -102.570458713597318, 21.004107086598108 ], [ -102.572639105152504, 20.995751811708573 ], [ -102.561497847209466, 20.982133604929821 ], [ -102.562334051882857, 20.973928909209544 ], [ -102.582270010049015, 20.969419102742489 ], [ -102.585435323531357, 20.950844347446747 ], [ -102.602363392183491, 20.949032022344017 ], [ -102.605779321663576, 20.944538699157004 ], [ -102.610997608168347, 20.944530157062193 ], [ -102.618551756638993, 20.940198144786386 ], [ -102.626520698752131, 20.943017892609834 ], [ -102.637607954779099, 20.943571305373649 ], [ -102.64174844950459, 20.947207106792256 ], [ -102.642966180358329, 20.951738749397656 ], [ -102.658866223415941, 20.958091701047923 ], [ -102.644931868679819, 20.972217991229623 ], [ -102.649835527619956, 20.982030660076351 ], [ -102.653826694242923, 20.976456771507397 ], [ -102.659625211841359, 20.975697680450082 ], [ -102.669682079984128, 20.961059024664724 ], [ -102.675361439985508, 20.965959366023132 ], [ -102.6807376436727, 20.975612729785531 ], [ -102.687555356116007, 20.977031721819088 ], [ -102.690783372607086, 20.982988783995228 ], [ -102.688104653297231, 20.984874336690019 ], [ -102.687920182070755, 20.995533068728747 ], [ -102.685163200523789, 20.99551927484854 ], [ -102.680831095851516, 21.002129972051303 ], [ -102.684671695917501, 21.004859237710242 ], [ -102.69040630926186, 21.003480254775482 ], [ -102.702931896306737, 21.00649388015627 ], [ -102.705074572688773, 21.009487651292822 ], [ -102.715741509778269, 21.008553712929817 ], [ -102.723871970746472, 21.010017046524712 ], [ -102.725685030987549, 21.013306110913856 ], [ -102.731918020445278, 21.01276746354435 ], [ -102.728690182262724, 21.018252954310267 ], [ -102.730485904247942, 21.021663079608892 ], [ -102.729609543317054, 21.027620206759867 ], [ -102.725914933884852, 21.033399503193372 ], [ -102.730437952095144, 21.036085333972952 ], [ -102.730631858737212, 21.039285621890986 ], [ -102.740459068419966, 21.032755108400679 ], [ -102.744006539026799, 21.03532099528227 ], [ -102.758036294310415, 21.030425723249593 ], [ -102.765488896466735, 21.041501344645958 ], [ -102.767592046505882, 21.035159351046033 ], [ -102.77152550322252, 21.03536614182114 ], [ -102.774107842978992, 21.029969102809371 ], [ -102.779406830597551, 21.02623711803507 ], [ -102.785634771929978, 21.027039074368552 ], [ -102.790854404047806, 21.032230170571204 ], [ -102.799657331543301, 21.027014661518884 ], [ -102.819864505293566, 21.034441055924734 ], [ -102.814324614696289, 21.042886167819233 ], [ -102.816868178617753, 21.050046719592757 ], [ -102.824832377098886, 21.059131914665141 ], [ -102.813803754512051, 21.064868099098071 ], [ -102.816866786210412, 21.068637344972846 ], [ -102.806655140569447, 21.071407358146541 ], [ -102.79254855732087, 21.070043541696439 ], [ -102.784854454177193, 21.073869199096929 ], [ -102.781745088573942, 21.078107216499752 ], [ -102.780729201821288, 21.069361086311307 ], [ -102.77627190524781, 21.073131736435592 ], [ -102.772363392800969, 21.08527160917653 ], [ -102.766983213478255, 21.092387927545399 ], [ -102.76028818337906, 21.091210722879463 ], [ -102.754702811868299, 21.095716050881219 ], [ -102.740538606500024, 21.089212672638805 ], [ -102.736862525376409, 21.081684830797457 ], [ -102.724739720719072, 21.08174102256266 ], [ -102.708251718885094, 21.102004500176019 ], [ -102.70400773113731, 21.102545220266041 ], [ -102.706341627413082, 21.099378326615817 ], [ -102.701606480066005, 21.091964345481557 ], [ -102.69081861738799, 21.093479557796275 ], [ -102.689311150838535, 21.091643682498095 ], [ -102.685373154190827, 21.10556111702261 ], [ -102.685873199437367, 21.112729103132619 ], [ -102.68174752024531, 21.117949259309647 ], [ -102.680490344274062, 21.110153113267522 ], [ -102.677677959490666, 21.109133069285583 ], [ -102.672786568872993, 21.114387231322876 ], [ -102.668362542729525, 21.115173762919937 ], [ -102.660514578532428, 21.121476206938119 ], [ -102.656006079990746, 21.128969329600263 ], [ -102.650788295816255, 21.131983721938031 ], [ -102.650039237710672, 21.135371843449121 ], [ -102.635976748541026, 21.116356359973597 ], [ -102.636926289381563, 21.125019199025459 ], [ -102.631659619295831, 21.122608428097379 ], [ -102.629359780957685, 21.132192247597153 ], [ -102.635746521104736, 21.139127064012552 ], [ -102.621173754433968, 21.141718957540672 ] ] ] } },
{ "type": "Feature", "properties": { "cve_edo": "14", "cve_mpo_ine": "113", "cve_edo_mpo_ine": "14113", "nom_mpo": "VALLE DE JUAREZ", "nom_edo": "Jalisco", "alianza_ganadora": "Va por México", "margen_pp": 52.336915771057235, "por_participacion": 69.161624891961964 }, "geometry": { "type": "Polygon", "coordinates": [ [ [ -102.994846624256056, 19.983253590499338 ], [ -102.989178445860134, 19.990288003122572 ], [ -102.980516418319752, 19.995486251015734 ], [ -102.963816783420484, 19.996242571763833 ], [ -102.937115603705621, 19.985366108363522 ], [ -102.927031220394838, 19.98442880255255 ], [ -102.90714697990596, 19.970472695904686 ], [ -102.916206806772564, 19.962586050158865 ], [ -102.917251321439565, 19.947305412540949 ], [ -102.922169518923099, 19.928686188152312 ], [ -102.91803663290608, 19.922296443692957 ], [ -102.920719625804921, 19.908644680192197 ], [ -102.919182482308912, 19.902214260265943 ], [ -102.915747627217712, 19.900083488393467 ], [ -102.925051179364104, 19.897289796862069 ], [ -102.926127385955866, 19.895954123401307 ], [ -102.923495167581436, 19.893489775558727 ], [ -102.927568980694645, 19.892029936204562 ], [ -102.938720981854971, 19.893327846214074 ], [ -102.940181538686062, 19.890697858613613 ], [ -102.955021090555789, 19.884020955470703 ], [ -102.959115659415886, 19.876297402855382 ], [ -102.978981161755783, 19.866487540344593 ], [ -102.97728102978698, 19.853251595558678 ], [ -102.975083885143874, 19.852875686774745 ], [ -102.975369820347311, 19.848909124946243 ], [ -102.971394901718057, 19.841560241410892 ], [ -102.976536832263378, 19.826988574388711 ], [ -102.972796096870482, 19.819848524736837 ], [ -102.982954061449107, 19.805360258871058 ], [ -102.982540161390631, 19.800892599347495 ], [ -102.964685923656432, 19.794420031412805 ], [ -102.967886098504607, 19.784942231200354 ], [ -102.965973894431144, 19.78047446225175 ], [ -102.961915544056581, 19.77892923194478 ], [ -102.968666259175748, 19.77174813257745 ], [ -102.977601342772772, 19.767948836946857 ], [ -102.985711501542497, 19.751789804673578 ], [ -102.980629971512826, 19.747364063004031 ], [ -102.969552035367855, 19.7465289197904 ], [ -102.972747432790968, 19.733042498668375 ], [ -102.970136462912606, 19.728073738475985 ], [ -102.96004228529263, 19.723605577960949 ], [ -102.955770832613268, 19.711663667119367 ], [ -102.961284615616449, 19.706695403592786 ], [ -102.96279106520258, 19.695839490900113 ], [ -102.954697558336349, 19.694001771363947 ], [ -102.941392044497775, 19.678843587768434 ], [ -102.952163292404023, 19.655880390187846 ], [ -102.963277910785806, 19.659555328591598 ], [ -102.965937539284226, 19.656423814075897 ], [ -102.965262104766296, 19.653668037717416 ], [ -102.967851466009066, 19.653501026322434 ], [ -102.965594888705866, 19.64903333314907 ], [ -102.967781457723376, 19.645108436598143 ], [ -102.967089967594632, 19.637509177752278 ], [ -102.970500984062014, 19.6345863107227 ], [ -102.970055248849633, 19.631788785509094 ], [ -102.985355253602251, 19.634059142672022 ], [ -102.988501355723812, 19.632249900766205 ], [ -102.989812744778334, 19.635756612490024 ], [ -102.994393278859093, 19.636423380283635 ], [ -102.998188446136794, 19.641748019573342 ], [ -103.001840294224493, 19.642454440074761 ], [ -103.007853489315679, 19.651887117041159 ], [ -103.006493026344103, 19.65581358880554 ], [ -103.01471155651825, 19.662539434684447 ], [ -103.003961115490142, 19.671042069350051 ], [ -103.005048529673999, 19.674032358772397 ], [ -103.001202803065041, 19.685108902021515 ], [ -103.00845606362644, 19.688017059030166 ], [ -103.013454670088336, 19.698573960278448 ], [ -103.023726987239414, 19.702620632909944 ], [ -103.02379228646268, 19.711445424716452 ], [ -103.0187850621179, 19.712198738244222 ], [ -103.01911384166263, 19.715680979727125 ], [ -103.015452412984018, 19.715076149126148 ], [ -103.00653216457583, 19.728272456899557 ], [ -103.003572743298591, 19.74660492146365 ], [ -103.008973449356191, 19.748381953440386 ], [ -103.022339055650974, 19.761315809775208 ], [ -103.022145116854361, 19.774613073966766 ], [ -103.016787250866088, 19.785182328778387 ], [ -103.010523911808448, 19.791270896488591 ], [ -102.993752677254378, 19.783159526412117 ], [ -102.991943874873712, 19.783934082739549 ], [ -102.992389206073554, 19.787292840653578 ], [ -102.998294741326347, 19.792429467957216 ], [ -102.996713168069178, 19.794117054056507 ], [ -103.000452593115213, 19.811128429590127 ], [ -102.995811149564915, 19.818263256054479 ], [ -102.991091523355749, 19.819017507786242 ], [ -102.989780769344605, 19.823979678996782 ], [ -102.982130168411032, 19.828027368847792 ], [ -102.986170166724051, 19.843301085263384 ], [ -102.98218728273585, 19.847208691869014 ], [ -102.985477358366836, 19.851871714105499 ], [ -102.985106743300861, 19.85534901677649 ], [ -102.988007700378304, 19.857026490755416 ], [ -102.976409423329613, 19.877741214167909 ], [ -102.989645252311277, 19.884462971579939 ], [ -102.988808876940396, 19.897423871323326 ], [ -102.992699183166678, 19.927941734341189 ], [ -102.99114485143842, 19.934434890246155 ], [ -103.006369519750891, 19.940672647256264 ], [ -103.008254629479211, 19.956511070244783 ], [ -103.015225123179661, 19.959997881817177 ], [ -103.01121322088143, 19.968297036177066 ], [ -103.013118469038332, 19.971210178251294 ], [ -102.994846624256056, 19.983253590499338 ] ] ] } },
{ "type": "Feature", "properties": { "cve_edo": "14", "cve_mpo_ine": "114", "cve_edo_mpo_ine": "14114", "nom_mpo": "VILLA CORONA", "nom_edo": "Jalisco", "alianza_ganadora": "Juntos Haremos Historia", "margen_pp": 13.23427301763644, "por_participacion": 48.141462762401389 }, "geometry": { "type": "Polygon", "coordinates": [ [ [ -103.753159452951067, 20.449876723998802 ], [ -103.758552167229311, 20.451909766051994 ], [ -103.762133497196587, 20.449150270411671 ], [ -103.772044699961, 20.449292004451486 ], [ -103.775920773529762, 20.445129033520228 ], [ -103.779131214474575, 20.457066069759154 ], [ -103.777543384519262, 20.460407406212088 ], [ -103.785689114430966, 20.465912309286221 ], [ -103.783343238924047, 20.465784528235364 ], [ -103.786095517020641, 20.469422333122516 ], [ -103.785446042610701, 20.472889188636358 ], [ -103.782570378535524, 20.474081530516415 ], [ -103.778742073236259, 20.486295290573509 ], [ -103.781714775296322, 20.501369525599369 ], [ -103.778132346560255, 20.504253219462964 ], [ -103.778241582601936, 20.510528730543495 ], [ -103.773195032742962, 20.51118033783996 ], [ -103.770137205290354, 20.516335449259113 ], [ -103.783020589573425, 20.532986669774139 ], [ -103.779277617380515, 20.532658071845752 ], [ -103.776525287288621, 20.529638186879005 ], [ -103.772963596237119, 20.533738406724527 ], [ -103.766941183149527, 20.534280223910624 ], [ -103.756990372940777, 20.526255661596768 ], [ -103.751611991924534, 20.527334855177745 ], [ -103.7433595713686, 20.520881493418432 ], [ -103.73698577527783, 20.520511817291013 ], [ -103.725459171937771, 20.513024350992531 ], [ -103.720258020036908, 20.515509723329636 ], [ -103.712283919833013, 20.514349564426293 ], [ -103.711191866973394, 20.517581903037115 ], [ -103.705704799942367, 20.520466770780107 ], [ -103.692541140336488, 20.522773820166094 ], [ -103.688182219390328, 20.518827347672669 ], [ -103.686998532856492, 20.507501092590822 ], [ -103.687565362262589, 20.469219393235644 ], [ -103.682208619267129, 20.460690585378902 ], [ -103.682243355482967, 20.449162411880177 ], [ -103.677463883857172, 20.443527519266485 ], [ -103.675499773250337, 20.4355050016392 ], [ -103.660447240195609, 20.423472255720796 ], [ -103.656757872025793, 20.424906099683181 ], [ -103.655896431271003, 20.419985930364142 ], [ -103.650030766358412, 20.42517253817698 ], [ -103.648843305342908, 20.412730587383166 ], [ -103.646630059110848, 20.409954396759233 ], [ -103.622329029735354, 20.418588086133411 ], [ -103.625631064211149, 20.410831119537118 ], [ -103.630372566652767, 20.409608292389631 ], [ -103.629458748095104, 20.403199989875549 ], [ -103.622801428384221, 20.383630225241152 ], [ -103.614029415943477, 20.383804863609726 ], [ -103.613570325576802, 20.344280101464548 ], [ -103.622881574105932, 20.322933579513233 ], [ -103.625757492673458, 20.319586172655541 ], [ -103.657981747968535, 20.332542098540486 ], [ -103.66651229238731, 20.33991748664554 ], [ -103.65994987478139, 20.320454208555613 ], [ -103.664214595666394, 20.321167863991136 ], [ -103.664942612700017, 20.312887115873139 ], [ -103.682178505292143, 20.314954294010125 ], [ -103.67643920039724, 20.299992335953796 ], [ -103.676814618520552, 20.292166415983125 ], [ -103.684598351014984, 20.288580725740729 ], [ -103.686696584523702, 20.290365942941897 ], [ -103.691666910616533, 20.289382754504487 ], [ -103.697813566516942, 20.285875882384719 ], [ -103.699003055610277, 20.279045690122963 ], [ -103.694574071728496, 20.275143729333731 ], [ -103.695280225043845, 20.273530227291058 ], [ -103.705256033976326, 20.278851684676109 ], [ -103.709467510152294, 20.277411005399696 ], [ -103.714569778751084, 20.271085726828176 ], [ -103.709964611219405, 20.267473697649876 ], [ -103.707710210366756, 20.259394130676835 ], [ -103.706554733794064, 20.25508509317795 ], [ -103.708789336321061, 20.250286214387256 ], [ -103.725751080112346, 20.243612504824704 ], [ -103.736698262054603, 20.245529200934222 ], [ -103.743440067537236, 20.261014136875392 ], [ -103.742533978966492, 20.264717306891157 ], [ -103.763021872481815, 20.266711349562154 ], [ -103.773465362858332, 20.300707854481026 ], [ -103.779661257853562, 20.312939040254804 ], [ -103.778192337186226, 20.316239424560916 ], [ -103.770749206923384, 20.317258773597739 ], [ -103.770970027475812, 20.327993450526012 ], [ -103.761355527397967, 20.33086642293366 ], [ -103.760644951561517, 20.336356123073667 ], [ -103.763684689033681, 20.342182848515208 ], [ -103.754546008053438, 20.339317563550054 ], [ -103.738286831007073, 20.356461524014264 ], [ -103.739625788626867, 20.363028420509941 ], [ -103.744133057571304, 20.367165597287556 ], [ -103.742657299210677, 20.374222534505176 ], [ -103.746691285085149, 20.381620278522593 ], [ -103.746973702739453, 20.389010855109046 ], [ -103.745097434351067, 20.389213705694051 ], [ -103.754472265555307, 20.392823180721045 ], [ -103.763550260032787, 20.399528033634368 ], [ -103.755515540368407, 20.401412438260667 ], [ -103.753214164599513, 20.411935859549647 ], [ -103.756728450799642, 20.414584650560617 ], [ -103.749677661552795, 20.4243147507791 ], [ -103.75371485350135, 20.430515114008486 ], [ -103.749357325832648, 20.443511607646538 ], [ -103.752641903236082, 20.443187550686257 ], [ -103.753159452951067, 20.449876723998802 ] ] ] } },
{ "type": "Feature", "properties": { "cve_edo": "14", "cve_mpo_ine": "115", "cve_edo_mpo_ine": "14115", "nom_mpo": "VILLA GUERRERO", "nom_edo": "Jalisco", "alianza_ganadora": "Va por México", "margen_pp": 62.526964560862865, "por_participacion": 69.920275802628737 }, "geometry": { "type": "Polygon", "coordinates": [ [ [ -103.758603668054164, 21.983150442265838 ], [ -103.759236952311937, 21.977122454523151 ], [ -103.762561240416105, 21.973253116264328 ], [ -103.769399622331832, 21.968590283335306 ], [ -103.775357547097698, 21.967669498955772 ], [ -103.779329778806428, 21.961928382992312 ], [ -103.784397375796118, 21.962089078172582 ], [ -103.790460424396741, 21.957634027427336 ], [ -103.796845189378132, 21.944157289067984 ], [ -103.794506588722072, 21.940584913211779 ], [ -103.799074421487845, 21.935133523174709 ], [ -103.814629993595275, 21.935072287417469 ], [ -103.829807530322086, 21.930104587762902 ], [ -103.835506576466727, 21.924775222449796 ], [ -103.847346670760629, 21.920184750478789 ], [ -103.846708638448575, 21.924259820483122 ], [ -103.842139730405961, 21.928964338919492 ], [ -103.827807994315265, 21.936551075260205 ], [ -103.84198875484212, 21.935491426567104 ], [ -103.835516924745349, 21.941362552779179 ], [ -103.83031260629393, 21.951139404062577 ], [ -103.831096367803909, 21.953258482705596 ], [ -103.836690454265465, 21.951088767820615 ], [ -103.839742789323836, 21.953994399931474 ], [ -103.853035621000316, 21.953974477408604 ], [ -103.85234969160102, 21.974553849476031 ], [ -103.842461104957323, 21.976439414936905 ], [ -103.838367095484912, 21.981101448414442 ], [ -103.836853016646373, 21.989667466170673 ], [ -103.840773449855263, 22.000262689480891 ], [ -103.840639575806691, 22.010905315501969 ], [ -103.82722201094488, 22.011755257258077 ], [ -103.823031246171865, 22.024202009876575 ], [ -103.819071641732037, 22.025610167291401 ], [ -103.813809387574508, 22.021148456471462 ], [ -103.807427004109812, 22.024294113451365 ], [ -103.80240477727088, 22.030663453793135 ], [ -103.811572571347398, 22.047112429392644 ], [ -103.816479373895191, 22.047440273314329 ], [ -103.81955652355164, 22.055045282052422 ], [ -103.822572169480182, 22.056283638760902 ], [ -103.823047477856193, 22.061781798528873 ], [ -103.837122418831356, 22.068800328209495 ], [ -103.837951360341151, 22.071032192928666 ], [ -103.845046983397836, 22.071688347552517 ], [ -103.846467445857357, 22.074085086077652 ], [ -103.847126051053323, 22.088016837436893 ], [ -103.839385650173895, 22.099681089310263 ], [ -103.844826901589173, 22.100503877352129 ], [ -103.847019847127626, 22.10877057759842 ], [ -103.83655623368692, 22.118038865698551 ], [ -103.841240488951243, 22.14007063489958 ], [ -103.821600292286803, 22.138719454956629 ], [ -103.807759382759386, 22.143233456905879 ], [ -103.805689267404603, 22.144557438768665 ], [ -103.80900411599869, 22.151501046996348 ], [ -103.800900135150528, 22.155432504765916 ], [ -103.793800764142432, 22.155435717736886 ], [ -103.792795952785951, 22.160686447616264 ], [ -103.790192934418315, 22.161803731964582 ], [ -103.789661456384593, 22.168335804568873 ], [ -103.775698340119206, 22.171978787231232 ], [ -103.772858191995041, 22.169209834051763 ], [ -103.774337233312181, 22.166274200498567 ], [ -103.76723736196567, 22.168632643708285 ], [ -103.765107489696533, 22.16313489976379 ], [ -103.762267645293576, 22.162432802764844 ], [ -103.764456841179211, 22.156520573329242 ], [ -103.7510868953472, 22.152472014242399 ], [ -103.745584918449282, 22.153547704296848 ], [ -103.742744574743313, 22.157434051682316 ], [ -103.739431951517886, 22.155408734050699 ], [ -103.739787310240956, 22.153383026864034 ], [ -103.735764274269826, 22.154251524404575 ], [ -103.734461577442687, 22.15929511722678 ], [ -103.731680528759156, 22.161031560384266 ], [ -103.733158533676985, 22.165330854788895 ], [ -103.731618859167995, 22.170746482115149 ], [ -103.729547802570934, 22.171573361185533 ], [ -103.724992628258292, 22.169382421925182 ], [ -103.725526044821876, 22.166323259909522 ], [ -103.722805505971152, 22.163098742816885 ], [ -103.714228703154944, 22.158220351102074 ], [ -103.708075234183937, 22.15995614780239 ], [ -103.704056478965839, 22.150530247518695 ], [ -103.699739064176839, 22.148255996481964 ], [ -103.704590944751274, 22.145900253100233 ], [ -103.703587869151676, 22.140153903950658 ], [ -103.706665956301364, 22.135152111537646 ], [ -103.705602654685975, 22.131844814930137 ], [ -103.699511050719295, 22.13010780704202 ], [ -103.701819380614396, 22.12675958353195 ], [ -103.692532042672681, 22.1290318557948 ], [ -103.680028792973957, 22.123185008535984 ], [ -103.677519201830208, 22.115294643744939 ], [ -103.684676393132591, 22.114097905659861 ], [ -103.68456330385925, 22.109758834087469 ], [ -103.670080963084871, 22.107728433996293 ], [ -103.661232717744767, 22.102713895127334 ], [ -103.655187213636694, 22.104237368084874 ], [ -103.649428077703234, 22.100403291105167 ], [ -103.636508215384495, 22.106227668717992 ], [ -103.627913239145983, 22.106422349008838 ], [ -103.620074870886441, 22.098592164307938 ], [ -103.608050022300276, 22.097303028719544 ], [ -103.604936723598115, 22.098101908332865 ], [ -103.605044631122226, 22.101119641483137 ], [ -103.59441767189108, 22.111438934093318 ], [ -103.58927679297831, 22.111175190994331 ], [ -103.581303475050177, 22.105155033943387 ], [ -103.577978322614712, 22.119157639875123 ], [ -103.581012055612007, 22.125746783749275 ], [ -103.576901873813654, 22.130432134137489 ], [ -103.569729036662409, 22.131953844935836 ], [ -103.566067772392969, 22.135829061244742 ], [ -103.550367212049494, 22.135933054190183 ], [ -103.550320509754258, 22.130151298336244 ], [ -103.545154780301814, 22.126334639150095 ], [ -103.544318575510133, 22.122382717457068 ], [ -103.538354901332113, 22.122085049068978 ], [ -103.535162487660571, 22.111890882357439 ], [ -103.531422376377037, 22.108418766410903 ], [ -103.544441755949023, 22.093485167976606 ], [ -103.550249793111888, 22.077447640553284 ], [ -103.550522145113604, 22.045942700160573 ], [ -103.54781352084359, 22.032509051515937 ], [ -103.541018296905207, 22.027338403908825 ], [ -103.54041661915862, 22.019347013961504 ], [ -103.543214902051758, 22.008490393243278 ], [ -103.537113669904215, 22.009568909425287 ], [ -103.539498117994256, 22.006344637461851 ], [ -103.535679690629465, 22.005277869494591 ], [ -103.529863067808449, 21.998021007060196 ], [ -103.543661557353275, 21.991697359867107 ], [ -103.550551718228093, 21.99172679000803 ], [ -103.551587616774341, 21.989640028290442 ], [ -103.561939417024149, 21.987009830788754 ], [ -103.562949274348469, 21.983306809824391 ], [ -103.560944131005385, 21.980474602421388 ], [ -103.553912630925552, 21.978996869134516 ], [ -103.548200173079024, 21.974557758228404 ], [ -103.532982190725107, 21.973606345512717 ], [ -103.536868465962584, 21.96775018444713 ], [ -103.541129377486527, 21.966821214275278 ], [ -103.551837840641497, 21.956850081698907 ], [ -103.552120137721488, 21.952203833119889 ], [ -103.55829339432276, 21.952076919775589 ], [ -103.560597769160339, 21.947651288196607 ], [ -103.569115621993518, 21.941937108501261 ], [ -103.577606602679452, 21.923539066556781 ], [ -103.559494006897637, 21.923169791327648 ], [ -103.554313934390223, 21.925935862436752 ], [ -103.550565416611221, 21.925407446603923 ], [ -103.547795340341565, 21.902803431591114 ], [ -103.568730469571818, 21.903145260088557 ], [ -103.573495369605865, 21.900467357424404 ], [ -103.589037331954245, 21.899876288406848 ], [ -103.592926601293215, 21.894474371237184 ], [ -103.589882974488944, 21.889791894811101 ], [ -103.591817644149629, 21.888313861534815 ], [ -103.586993401174965, 21.883614984950203 ], [ -103.587787475815347, 21.877676373847319 ], [ -103.593185005283246, 21.873828282935293 ], [ -103.596232624010099, 21.867816327441098 ], [ -103.605267744245509, 21.86872465422212 ], [ -103.6095656921173, 21.866632514307941 ], [ -103.616672864067141, 21.869391465118724 ], [ -103.624791272338555, 21.868541672475004 ], [ -103.632124623232286, 21.875546053106262 ], [ -103.637797317558238, 21.872852565619755 ], [ -103.640626660012046, 21.87434455433128 ], [ -103.645194402774081, 21.872976945875937 ], [ -103.652086873425162, 21.868708101640408 ], [ -103.658855174696669, 21.892910111750084 ], [ -103.653599742655146, 21.903809898468694 ], [ -103.653909097595331, 21.920511204468585 ], [ -103.661441769039541, 21.922582773071749 ], [ -103.676788692758223, 21.91793898535747 ], [ -103.686509763541395, 21.922303585982217 ], [ -103.680759126998296, 21.931826138958371 ], [ -103.680729621270615, 21.941428852686297 ], [ -103.688372556237823, 21.945831337802609 ], [ -103.702761224521993, 21.948491093301485 ], [ -103.699767683384053, 21.949191994574011 ], [ -103.702462970909522, 21.953181090293015 ], [ -103.702309762639558, 21.960996409079634 ], [ -103.709070063114538, 21.96835004582713 ], [ -103.718013502675419, 21.968801196475734 ], [ -103.72115033411788, 21.962147642741108 ], [ -103.725142790912471, 21.96172896000844 ], [ -103.727300083560579, 21.965011393472697 ], [ -103.724754614816206, 21.970209659069223 ], [ -103.726140878779304, 21.974615093849817 ], [ -103.734361578500554, 21.972821103890151 ], [ -103.758603668054164, 21.983150442265838 ] ] ] } },
{ "type": "Feature", "properties": { "cve_edo": "14", "cve_mpo_ine": "116", "cve_edo_mpo_ine": "14116", "nom_mpo": "VILLA HIDALGO", "nom_edo": "Jalisco", "alianza_ganadora": "Va por México", "margen_pp": 27.988892136802104, "por_participacion": 45.410499767704252 }, "geometry": { "type": "Polygon", "coordinates": [ [ [ -102.697863002490919, 21.735635210649907 ], [ -102.690400648021367, 21.736856184160786 ], [ -102.685975456283998, 21.74466375374195 ], [ -102.680670639290426, 21.746999927280015 ], [ -102.679786709868111, 21.752148056578672 ], [ -102.674297052661686, 21.754811012429929 ], [ -102.674548515193365, 21.76464873109526 ], [ -102.660132842577397, 21.762988786348561 ], [ -102.652495350951412, 21.766660247308316 ], [ -102.645385398998968, 21.762976582945839 ], [ -102.635111857761189, 21.769165521879454 ], [ -102.633100274463885, 21.767640408937741 ], [ -102.635574178619905, 21.766981070590028 ], [ -102.635514983011205, 21.764580497383424 ], [ -102.628268257985624, 21.764162006333905 ], [ -102.624508396333212, 21.759916550982211 ], [ -102.600161192571917, 21.755219525762971 ], [ -102.599094010696561, 21.750980565024648 ], [ -102.596518405135782, 21.75101698041593 ], [ -102.598439432593054, 21.749024389098349 ], [ -102.595705381150893, 21.743555694551585 ], [ -102.57540447338215, 21.741722565578762 ], [ -102.570135058405839, 21.745006096095768 ], [ -102.566834325372298, 21.742337418746221 ], [ -102.568019908642896, 21.737072212351674 ], [ -102.561785020078759, 21.736245756364834 ], [ -102.55715951383894, 21.742976717319241 ], [ -102.552227057931745, 21.743740344196915 ], [ -102.536925257408384, 21.745435195161473 ], [ -102.520598856149959, 21.741328894331001 ], [ -102.519334688008513, 21.729982383167656 ], [ -102.511818092470705, 21.726029421119058 ], [ -102.520369453839123, 21.723681651199612 ], [ -102.521501428184067, 21.71825053219397 ], [ -102.475121724760001, 21.69978548613205 ], [ -102.475206763987799, 21.694180307568622 ], [ -102.462344454568438, 21.698670587802876 ], [ -102.447073363068284, 21.696057753093001 ], [ -102.448066526120513, 21.688606529132379 ], [ -102.453897313398116, 21.686507190098542 ], [ -102.461198588288937, 21.677236830461688 ], [ -102.454547618113992, 21.671811913304637 ], [ -102.443861877292605, 21.671676464104941 ], [ -102.445090830785674, 21.66709376949828 ], [ -102.448208845260524, 21.666332825306014 ], [ -102.44625846514144, 21.660349953045458 ], [ -102.429152938814212, 21.659159586626128 ], [ -102.442833476160729, 21.649572285887103 ], [ -102.442040458411185, 21.641719124803831 ], [ -102.436583033740618, 21.639352953258207 ], [ -102.437941293503613, 21.634163680293163 ], [ -102.443074109280886, 21.634007824906515 ], [ -102.449329318992852, 21.628618793878722 ], [ -102.457538829682449, 21.627584182236443 ], [ -102.472663769866728, 21.620050649317253 ], [ -102.482698752215825, 21.608833117785682 ], [ -102.493829297893441, 21.604892786259693 ], [ -102.496472424473112, 21.600582179945881 ], [ -102.507505835740091, 21.594699140800365 ], [ -102.517352654100108, 21.584096726837348 ], [ -102.521483961649125, 21.583722432556552 ], [ -102.546787216589621, 21.57055869309804 ], [ -102.547869615103679, 21.575501489808712 ], [ -102.55164203794547, 21.57557736087433 ], [ -102.557827067876062, 21.565186367635373 ], [ -102.560864778677043, 21.573225157210686 ], [ -102.57205796156012, 21.579520827759364 ], [ -102.573652887605775, 21.584738372167664 ], [ -102.580779953361855, 21.585421982075701 ], [ -102.578757813335727, 21.5704963310171 ], [ -102.583280459818255, 21.566198564419761 ], [ -102.590436801660772, 21.567225458136178 ], [ -102.593479817444731, 21.559923954507205 ], [ -102.598534678159666, 21.569827298738282 ], [ -102.605226199832373, 21.568412585536766 ], [ -102.609176305271419, 21.572771530066603 ], [ -102.616152737071189, 21.574705881605475 ], [ -102.617913888223327, 21.579013014085504 ], [ -102.627262074094432, 21.57967665166602 ], [ -102.631015339346092, 21.59035857440875 ], [ -102.63826705979578, 21.599196416823759 ], [ -102.641341937646317, 21.600119863902769 ], [ -102.639120992498533, 21.609906253983898 ], [ -102.641198044368096, 21.608220999477393 ], [ -102.653733019942635, 21.612700759640436 ], [ -102.662268949007881, 21.608729320727342 ], [ -102.689986978425381, 21.624186130412426 ], [ -102.695986086721405, 21.638266273421888 ], [ -102.704493439621587, 21.644957541337984 ], [ -102.708022656368328, 21.65352914136961 ], [ -102.712342689351516, 21.654456621240708 ], [ -102.716494188590943, 21.651993638129447 ], [ -102.728220398456841, 21.651173705493566 ], [ -102.737210086358957, 21.655385172663163 ], [ -102.739111263688258, 21.652871196369297 ], [ -102.742011052515721, 21.653544194292827 ], [ -102.74593317862896, 21.647855151595614 ], [ -102.747284596037346, 21.652118316904179 ], [ -102.74601901267323, 21.661083642537157 ], [ -102.744180942093351, 21.662027108248076 ], [ -102.747232205474944, 21.673407160479286 ], [ -102.743408653241019, 21.686744048896784 ], [ -102.746932494194922, 21.698746073494767 ], [ -102.744850060773501, 21.702458157979692 ], [ -102.746848019878769, 21.708873490405882 ], [ -102.744471304200218, 21.711757624866106 ], [ -102.747836906100957, 21.716152879162976 ], [ -102.738969409893826, 21.715381880242685 ], [ -102.731473605568453, 21.711193228386485 ], [ -102.725841367137733, 21.711456491832461 ], [ -102.725658836844687, 21.714345571034496 ], [ -102.719180841449059, 21.71645430895305 ], [ -102.717300620610388, 21.710840235054544 ], [ -102.711389325171922, 21.706100028817303 ], [ -102.697840291838006, 21.71832116643235 ], [ -102.699428994550757, 21.726367809253563 ], [ -102.697863002490919, 21.735635210649907 ] ] ] } },
{ "type": "Feature", "properties": { "cve_edo": "14", "cve_mpo_ine": "070", "cve_edo_mpo_ine": "14070", "nom_mpo": "VILLA PURIFICACION", "nom_edo": "Jalisco", "alianza_ganadora": "Va por México", "margen_pp": 1.7325483599663583, "por_participacion": 59.598997493734338 }, "geometry": { "type": "Polygon", "coordinates": [ [ [ -104.617792057386808, 20.046727689322491 ], [ -104.618304445145242, 20.041676337367342 ], [ -104.613035878588903, 20.036374183904975 ], [ -104.614181599860473, 20.026559250158233 ], [ -104.608187471784078, 20.01940640524284 ], [ -104.606584241458066, 20.013267896313007 ], [ -104.602207193421364, 20.013204144802508 ], [ -104.601327011814419, 20.017020122155468 ], [ -104.594778148336502, 20.011859099931435 ], [ -104.589540480371312, 20.012840499558841 ], [ -104.582348830701505, 20.024391705992617 ], [ -104.563611403824183, 20.011208951985999 ], [ -104.574332434954982, 19.989025883001187 ], [ -104.564727868825898, 19.986344786432909 ], [ -104.563083096564839, 19.981281489439834 ], [ -104.551849004703456, 19.974569859726159 ], [ -104.546800848150909, 19.976539783073527 ], [ -104.541790167989646, 19.968420610960859 ], [ -104.540667387302435, 19.954502040232718 ], [ -104.535565135247893, 19.943861819150822 ], [ -104.538401456888792, 19.937993975781172 ], [ -104.543537778937605, 19.938297104827463 ], [ -104.543664241545116, 19.934739624944658 ], [ -104.540421948193696, 19.923619699398422 ], [ -104.535684596938921, 19.918308248556158 ], [ -104.539707821268891, 19.9139955964698 ], [ -104.539934744826979, 19.900679015108739 ], [ -104.543235325205785, 19.894722104129773 ], [ -104.543835636842502, 19.88743704508202 ], [ -104.524767855571739, 19.86995504028588 ], [ -104.525272747219034, 19.855559728677207 ], [ -104.510924842323448, 19.846241177226947 ], [ -104.495767562844946, 19.8460283899832 ], [ -104.491536533607004, 19.847820718926346 ], [ -104.487961735670225, 19.85952739340695 ], [ -104.484286207328068, 19.85928626715441 ], [ -104.481231825757277, 19.861931146953747 ], [ -104.456833840447615, 19.846124491036321 ], [ -104.451762767119462, 19.846107543374575 ], [ -104.447157078681741, 19.832605688670803 ], [ -104.44104318931862, 19.828550038209404 ], [ -104.444195807808498, 19.824498808473329 ], [ -104.462632872238572, 19.826120352416041 ], [ -104.473165101937212, 19.800851363883712 ], [ -104.470917300050274, 19.778432862238571 ], [ -104.467071957624199, 19.776330255965906 ], [ -104.474423146630812, 19.77127961860737 ], [ -104.472145624259724, 19.765787595297489 ], [ -104.467083436449556, 19.761609248512258 ], [ -104.474640400886003, 19.748926478689544 ], [ -104.476920789121323, 19.728584186331933 ], [ -104.478987234920922, 19.725660392801156 ], [ -104.473982143963767, 19.71082450098115 ], [ -104.480223952498548, 19.695500768763821 ], [ -104.479197880230998, 19.681951280292079 ], [ -104.481004517191835, 19.676707880082191 ], [ -104.497583599049634, 19.689185405384652 ], [ -104.50070865880248, 19.6871626975278 ], [ -104.513421457100193, 19.692670611267438 ], [ -104.515451672557262, 19.691778661775579 ], [ -104.518861373978041, 19.689172116504999 ], [ -104.523159677133918, 19.677640558921826 ], [ -104.51343751463493, 19.658293368497919 ], [ -104.518593406450194, 19.655544215356006 ], [ -104.522462475679916, 19.657494284038819 ], [ -104.534624559152348, 19.670968285114149 ], [ -104.541965362925495, 19.665624484785845 ], [ -104.54962106762882, 19.647297325019359 ], [ -104.549905042552737, 19.636636889404755 ], [ -104.557799885150956, 19.629005643870116 ], [ -104.572300720763579, 19.638098071205508 ], [ -104.584929902234663, 19.641569839299176 ], [ -104.588241842921306, 19.645639440424588 ], [ -104.595007970924996, 19.641211850881515 ], [ -104.59529240410032, 19.635734862339305 ], [ -104.598510489566024, 19.631926196750765 ], [ -104.597252496313146, 19.614398487303571 ], [ -104.6021492526868, 19.609700612783573 ], [ -104.601201516910649, 19.603532047070505 ], [ -104.603563313038251, 19.601266948387199 ], [ -104.613000011130268, 19.601080755534404 ], [ -104.614008739956063, 19.597752148968194 ], [ -104.628352126923332, 19.589284932464146 ], [ -104.625985997844936, 19.601217055235466 ], [ -104.631464181271269, 19.611997556420466 ], [ -104.640693262964305, 19.61355078785359 ], [ -104.643861326435754, 19.607884823835828 ], [ -104.648290513193075, 19.611534814490142 ], [ -104.650168273320247, 19.601840424465621 ], [ -104.65623997388974, 19.602697528055394 ], [ -104.663105416351172, 19.605731531042448 ], [ -104.673236028994495, 19.619372115553134 ], [ -104.683286961602548, 19.624710742320325 ], [ -104.69295641877892, 19.62121508851558 ], [ -104.702825018440166, 19.626059793152397 ], [ -104.706820425894549, 19.624634397628686 ], [ -104.721176813472781, 19.636388869066817 ], [ -104.724447951229891, 19.633487463634779 ], [ -104.724309325701029, 19.628780640251176 ], [ -104.732114772625934, 19.621924927864079 ], [ -104.738312223013708, 19.619844547714301 ], [ -104.742780133338414, 19.622211148541879 ], [ -104.74295907701358, 19.625843352767863 ], [ -104.750780506107901, 19.633485383138048 ], [ -104.766460263223991, 19.637325770232579 ], [ -104.7720438891063, 19.633436489076512 ], [ -104.770065271236959, 19.630204773023692 ], [ -104.771241002116071, 19.627459735843644 ], [ -104.778559823739698, 19.622881625750612 ], [ -104.777553287435424, 19.615255848539032 ], [ -104.786269550953833, 19.607350445226725 ], [ -104.797086089357819, 19.622956112389822 ], [ -104.806837001507901, 19.630853856967406 ], [ -104.809745073549266, 19.643818743592778 ], [ -104.811944631498932, 19.639693727546064 ], [ -104.829606941945613, 19.63692866121006 ], [ -104.835314337905587, 19.633531057010014 ], [ -104.831630059070847, 19.642596179431187 ], [ -104.837049273885029, 19.649199679299613 ], [ -104.840321426894263, 19.649724568428528 ], [ -104.839062520238741, 19.6542889698901 ], [ -104.85104578429511, 19.676027299054301 ], [ -104.866475512393947, 19.694775269168204 ], [ -104.867255539196549, 19.699264948134768 ], [ -104.879448218914277, 19.694527388305517 ], [ -104.88317945542542, 19.687577132548252 ], [ -104.889939640263293, 19.683438482223394 ], [ -104.892619251344414, 19.68699479873645 ], [ -104.893840397444137, 19.699817111530852 ], [ -104.901241166166926, 19.700062358710184 ], [ -104.901358196362509, 19.696835936966686 ], [ -104.904504889611559, 19.697206868015407 ], [ -104.910857284267252, 19.690296236603825 ], [ -104.915344120847735, 19.690335430689469 ], [ -104.912314492495256, 19.684835520286715 ], [ -104.922511546486078, 19.682720786753453 ], [ -104.924725713553386, 19.686194148908029 ], [ -104.932009428126463, 19.687844560254351 ], [ -104.934923196315012, 19.692558296970745 ], [ -104.941449416448506, 19.69069285729584 ], [ -104.943838946284387, 19.694414052836912 ], [ -104.94692738171338, 19.694494731912354 ], [ -104.956366768164386, 19.690806760200562 ], [ -104.95916502743421, 19.696802466297068 ], [ -104.966625246086963, 19.701760447557973 ], [ -104.969307264012741, 19.706804713559841 ], [ -104.977815709193749, 19.706963190735298 ], [ -104.974547099428932, 19.690213573269354 ], [ -104.982704253981197, 19.688138458467364 ], [ -104.99144726672543, 19.694293842931465 ], [ -105.00537654301209, 19.698789147068123 ], [ -105.010681535274529, 19.702713339785063 ], [ -105.016798830443335, 19.699894213353979 ], [ -105.015811189819601, 19.705272554032671 ], [ -105.017619288736384, 19.707959282776322 ], [ -105.01598808966672, 19.708953744501137 ], [ -105.017738025742602, 19.711764623709993 ], [ -105.033125247652265, 19.714312109129118 ], [ -105.032136501249241, 19.71733279929299 ], [ -105.037678972983187, 19.725681830657894 ], [ -105.04135351409316, 19.729400198611344 ], [ -105.045375474235925, 19.729808971829463 ], [ -105.047534749644512, 19.733404963158129 ], [ -105.052198269289121, 19.734185064049942 ], [ -105.05453335040302, 19.738690747877342 ], [ -105.053544824645016, 19.741670183826724 ], [ -105.058664508821622, 19.747165534085582 ], [ -105.051297820489737, 19.748472844648845 ], [ -105.043965851741675, 19.757740256027567 ], [ -105.031588285548068, 19.759826274064974 ], [ -105.025222440389143, 19.764842161228447 ], [ -105.024518406092014, 19.776590622292908 ], [ -105.026516517620792, 19.781383161578326 ], [ -105.024475234432046, 19.786599975596079 ], [ -105.016884295167273, 19.791190325991057 ], [ -105.011524279243602, 19.789194637179072 ], [ -105.008364909870892, 19.795025165297094 ], [ -105.009774124120071, 19.800186880795227 ], [ -105.005437633130782, 19.806275935817435 ], [ -105.00419941899176, 19.812845341897166 ], [ -104.999743987661759, 19.816743789065985 ], [ -105.004830813807999, 19.825294794491501 ], [ -105.004577604132763, 19.829270276767911 ], [ -104.997411293002145, 19.828475518666195 ], [ -104.99192257560199, 19.831442692991146 ], [ -104.989464341872747, 19.837657879462782 ], [ -104.991051706143224, 19.843035366761107 ], [ -104.980113984739774, 19.849840554772342 ], [ -104.983364418111506, 19.853797698775917 ], [ -104.983336578242856, 19.867022775687953 ], [ -104.990317955275415, 19.868395097116657 ], [ -104.999087198945233, 19.879833117503992 ], [ -104.98939556257227, 19.885542332236714 ], [ -104.988820469174001, 19.891004389984062 ], [ -104.982874995138161, 19.899228241960611 ], [ -104.971821241459367, 19.885176726054389 ], [ -104.965372656805329, 19.892229840863369 ], [ -104.963416526125641, 19.884855255045192 ], [ -104.956515362945808, 19.882363973002757 ], [ -104.94754804568565, 19.883896977136018 ], [ -104.945529669881552, 19.885517746270473 ], [ -104.945644642567927, 19.891448607438555 ], [ -104.941381524065008, 19.894312720325185 ], [ -104.943522948045839, 19.895306244062457 ], [ -104.945401484561756, 19.909437502796866 ], [ -104.939617248831183, 19.915299757988389 ], [ -104.922378757404005, 19.917190265197711 ], [ -104.924556503874413, 19.925886487492221 ], [ -104.907509648280893, 19.935339411505613 ], [ -104.904573116224327, 19.925327969827823 ], [ -104.905459025166124, 19.919582510543812 ], [ -104.909114689767534, 19.916707494386237 ], [ -104.904442226233925, 19.916782109301423 ], [ -104.902105859825795, 19.909903484120225 ], [ -104.887029070556736, 19.909101635815855 ], [ -104.884730482427329, 19.906640430309771 ], [ -104.880349307427551, 19.906588507275028 ], [ -104.866944126013266, 19.895946536774925 ], [ -104.857842537204434, 19.899888749268754 ], [ -104.852971131828056, 19.908553042178035 ], [ -104.850302949002398, 19.918026363216494 ], [ -104.855131078288196, 19.922700306956116 ], [ -104.851065411810922, 19.925576993828077 ], [ -104.850018094587966, 19.940448036045165 ], [ -104.837915721372738, 19.9393326881689 ], [ -104.828795897184094, 19.945876246031311 ], [ -104.8166345236464, 19.944718551769036 ], [ -104.793425618233059, 19.957835281172613 ], [ -104.785681231688017, 19.953715265267036 ], [ -104.774846385163187, 19.980828550919082 ], [ -104.771088882901935, 19.986178661943722 ], [ -104.761139233394374, 19.991898143275343 ], [ -104.75400829008889, 19.99949865997899 ], [ -104.748616275171059, 19.997467960372937 ], [ -104.74390223447746, 19.992295009316688 ], [ -104.734488818939738, 19.999578576880566 ], [ -104.721090195531033, 19.997513565008049 ], [ -104.717072011638606, 19.999478471252669 ], [ -104.717904352429855, 20.001413953659551 ], [ -104.714186957177304, 20.004574312253045 ], [ -104.718609664264775, 20.009956241228096 ], [ -104.717890594107217, 20.015534440764519 ], [ -104.707701017147542, 20.020921989732074 ], [ -104.703936784502204, 20.017682816289796 ], [ -104.701317953238686, 20.019267385960976 ], [ -104.693054619531665, 20.032569778939038 ], [ -104.677698439635407, 20.035054638187827 ], [ -104.646232521357177, 20.024087707666485 ], [ -104.644091343708169, 20.027237631828125 ], [ -104.645113818713895, 20.031443162285907 ], [ -104.641386958568603, 20.033528525527274 ], [ -104.639492578122756, 20.038617495884836 ], [ -104.626166004210589, 20.038856945541603 ], [ -104.617792057386808, 20.046727689322491 ] ] ] } },
{ "type": "Feature", "properties": { "cve_edo": "14", "cve_mpo_ine": "118", "cve_edo_mpo_ine": "14118", "nom_mpo": "YAHUALICA DE GONZALEZ GALLO", "nom_edo": "Jalisco", "alianza_ganadora": "Va por México", "margen_pp": 12.932965707392729, "por_participacion": 56.730863231987485 }, "geometry": { "type": "Polygon", "coordinates": [ [ [ -103.060567576555812, 21.250679205985225 ], [ -103.065835164294086, 21.255715696340655 ], [ -103.048022495392374, 21.264595752784953 ], [ -103.049476819107724, 21.255548593614421 ], [ -103.046949661457376, 21.254430633927509 ], [ -103.044876171576306, 21.248560100041335 ], [ -103.040121971197493, 21.250279471803825 ], [ -103.03414545251691, 21.240215749370815 ], [ -103.029968357352885, 21.239708973209616 ], [ -103.027650444962177, 21.242999719699174 ], [ -103.02341291690523, 21.242327508201203 ], [ -103.018241265460929, 21.24824987696871 ], [ -103.013161554701853, 21.245595029090463 ], [ -103.009560444660764, 21.25593845564488 ], [ -103.000903344932595, 21.260104675830544 ], [ -102.995723293035027, 21.25923157945752 ], [ -102.99110341108225, 21.255495464975144 ], [ -102.98917303104308, 21.256421162224186 ], [ -102.988192600602773, 21.25224385132886 ], [ -102.983519930503647, 21.24908798126387 ], [ -102.993128853694117, 21.240068167388817 ], [ -102.980203034410906, 21.234072884576907 ], [ -102.960358586725931, 21.23570843584616 ], [ -102.951509855093605, 21.231960340117414 ], [ -102.950007541229795, 21.234664029431269 ], [ -102.942715662427872, 21.234011618781434 ], [ -102.938738224990232, 21.235945566221503 ], [ -102.934992649705009, 21.231207593415402 ], [ -102.924821470390057, 21.236871988220262 ], [ -102.918185138604599, 21.233267066204661 ], [ -102.90449022966034, 21.233787123416715 ], [ -102.899502910042628, 21.237461300547142 ], [ -102.892181941386596, 21.233534049289972 ], [ -102.891748741749268, 21.237638426613152 ], [ -102.886740747320033, 21.236098080423229 ], [ -102.883496615080418, 21.240830050926721 ], [ -102.877978704726686, 21.236768957525705 ], [ -102.871437104318701, 21.246891531635608 ], [ -102.861805718142691, 21.246905709437108 ], [ -102.860985491293917, 21.24166131741611 ], [ -102.854432745700095, 21.234718426746934 ], [ -102.858855744272205, 21.234480796544975 ], [ -102.859370201069524, 21.232624987161685 ], [ -102.853352166528978, 21.230547033669396 ], [ -102.846965300421886, 21.231655219977732 ], [ -102.847780326019759, 21.227026484416076 ], [ -102.851007567431537, 21.225021198721649 ], [ -102.849418427795925, 21.222456792962024 ], [ -102.839477227773784, 21.226973410432912 ], [ -102.837163873778508, 21.222651100875574 ], [ -102.833186400511551, 21.221487305305303 ], [ -102.829963384544158, 21.208268006708774 ], [ -102.826454298139467, 21.207238575878421 ], [ -102.82510571928195, 21.20198273726928 ], [ -102.821105191619296, 21.199324809812989 ], [ -102.820652711649956, 21.188529476732946 ], [ -102.814930906095924, 21.181478695608856 ], [ -102.813004995239424, 21.173265063652671 ], [ -102.810122470495486, 21.170672490759607 ], [ -102.809591070081353, 21.173232980188352 ], [ -102.806157395878074, 21.169052109881552 ], [ -102.809251824849213, 21.162695640626978 ], [ -102.817831887181853, 21.159001029504982 ], [ -102.821583000645788, 21.154042659072847 ], [ -102.810897334476948, 21.137450204106909 ], [ -102.801419787971184, 21.137409990641263 ], [ -102.800677606501367, 21.135415944291044 ], [ -102.802707330585832, 21.127897025920813 ], [ -102.808582706902016, 21.123765283042335 ], [ -102.823538670701993, 21.102774208891368 ], [ -102.819528668291994, 21.09830928746171 ], [ -102.819002717717765, 21.092838745186942 ], [ -102.821932058121533, 21.078535906633107 ], [ -102.813803754512051, 21.064868099098071 ], [ -102.824832377098886, 21.059131914665141 ], [ -102.816868178617753, 21.050046719592757 ], [ -102.814324614696289, 21.042886167819233 ], [ -102.819864505293566, 21.034441055924734 ], [ -102.799657331543301, 21.027014661518884 ], [ -102.790854404047806, 21.032230170571204 ], [ -102.795748893136718, 21.01845744697215 ], [ -102.837454059641814, 20.998861580900041 ], [ -102.834509562418873, 20.988931068074034 ], [ -102.843677263520661, 20.984034780602094 ], [ -102.846989490464722, 20.985290402852151 ], [ -102.847602118973754, 20.989643981102379 ], [ -102.855069291490324, 20.99390654498956 ], [ -102.859909974904923, 21.003419185233486 ], [ -102.869821015743426, 21.014216525497602 ], [ -102.873645124427583, 21.013412066040448 ], [ -102.875656577749083, 21.006744771813523 ], [ -102.878349718926074, 21.010179574557768 ], [ -102.887851597904998, 21.009695075236912 ], [ -102.895046685225665, 21.002700774708064 ], [ -102.908654796538073, 21.007048088799831 ], [ -102.910644768408275, 21.01153381219655 ], [ -102.906003599764134, 21.016098784917521 ], [ -102.906199791019816, 21.022757267354308 ], [ -102.90870809781714, 21.021444799866856 ], [ -102.914031114453209, 21.024856349053135 ], [ -102.918950487088381, 21.023928551350046 ], [ -102.921553943352393, 21.02567626837795 ], [ -102.922791914369867, 21.031039739511716 ], [ -102.925717996784442, 21.030301206121472 ], [ -102.925565178031746, 21.032247531698054 ], [ -102.93059866553827, 21.03102843500578 ], [ -102.929467689816747, 21.029718173809425 ], [ -102.931277634856272, 21.028910256917491 ], [ -102.950244811461658, 21.039230188749336 ], [ -102.955955853226271, 21.045449189755114 ], [ -102.955580162876274, 21.048349868285808 ], [ -102.963729248638558, 21.057062634548377 ], [ -102.965541685614269, 21.06605972216305 ], [ -102.962706246143213, 21.08392611410596 ], [ -102.972781932772449, 21.08674011200857 ], [ -102.978783781985754, 21.091362979474109 ], [ -102.983036229868986, 21.089716834621601 ], [ -102.99131391001329, 21.091286885426928 ], [ -103.001857271971147, 21.104210353003843 ], [ -103.014805382968902, 21.10843653827644 ], [ -103.017271358302594, 21.103689010953119 ], [ -103.030929558310788, 21.09698008774879 ], [ -103.037853124894383, 21.096478821338721 ], [ -103.046525074805487, 21.104147259849263 ], [ -103.075537739275177, 21.09706654128826 ], [ -103.075796225076303, 21.108603516718087 ], [ -103.085876654198188, 21.111134151025709 ], [ -103.087447645255438, 21.115421811633247 ], [ -103.093250604561362, 21.116708737133596 ], [ -103.092830087853557, 21.120127822566189 ], [ -103.099075699393524, 21.130768206099521 ], [ -103.07845503762131, 21.14111638462894 ], [ -103.07202329872139, 21.15334189728792 ], [ -103.077159913223952, 21.161962167771446 ], [ -103.076666996426525, 21.168286704485283 ], [ -103.08454959696158, 21.182534721259625 ], [ -103.084924487290451, 21.194483855541066 ], [ -103.079805185509287, 21.199007060219127 ], [ -103.079560028188581, 21.202426351642966 ], [ -103.071799159974049, 21.206985772049169 ], [ -103.064240846728893, 21.221598248964028 ], [ -103.068727772954389, 21.231989282244403 ], [ -103.069522691391882, 21.240560588199582 ], [ -103.060567576555812, 21.250679205985225 ] ] ] } },
{ "type": "Feature", "properties": { "cve_edo": "14", "cve_mpo_ine": "119", "cve_edo_mpo_ine": "14119", "nom_mpo": "ZACOALCO DE TORRES", "nom_edo": "Jalisco", "alianza_ganadora": "Juntos Haremos Historia", "margen_pp": 21.264994547437297, "por_participacion": 57.245713334443153 }, "geometry": { "type": "Polygon", "coordinates": [ [ [ -103.664942612700017, 20.312887115873139 ], [ -103.664214595666394, 20.321167863991136 ], [ -103.65994987478139, 20.320454208555613 ], [ -103.660630969153104, 20.326750400740686 ], [ -103.666903371197108, 20.339560721973363 ], [ -103.665491892545163, 20.340496529209172 ], [ -103.657981747968535, 20.332542098540486 ], [ -103.625757492673458, 20.319586172655541 ], [ -103.620883978334419, 20.32582759773015 ], [ -103.613570325576802, 20.344280101464548 ], [ -103.613544232338143, 20.351734649192927 ], [ -103.594882539763574, 20.370820872373006 ], [ -103.592610348094169, 20.368495710252859 ], [ -103.591917737003001, 20.349856883171451 ], [ -103.580221907589006, 20.350405556818785 ], [ -103.580348843356134, 20.347713844626789 ], [ -103.571361149501925, 20.343340597141037 ], [ -103.560193086282894, 20.343516541286565 ], [ -103.553503233763024, 20.34979302559589 ], [ -103.541386586304256, 20.353071516994785 ], [ -103.538735284669684, 20.343413277082409 ], [ -103.523110020170606, 20.33247331373358 ], [ -103.517594368627812, 20.323137017556036 ], [ -103.515880566506183, 20.313522347725243 ], [ -103.504484726293924, 20.298865137892381 ], [ -103.499174059136223, 20.296818473390619 ], [ -103.49831172452545, 20.293460613619821 ], [ -103.484522852698106, 20.292007087643739 ], [ -103.478482952744443, 20.283164113970436 ], [ -103.480491108369861, 20.2784902173183 ], [ -103.460948506968904, 20.270138948457738 ], [ -103.462524965373248, 20.257759076377571 ], [ -103.467692844773552, 20.252309272829926 ], [ -103.460827337250137, 20.245699137110332 ], [ -103.468609203636916, 20.243613755510886 ], [ -103.465410048074446, 20.240371668239273 ], [ -103.46568079697866, 20.232336644343413 ], [ -103.455632865319075, 20.231762679296878 ], [ -103.455611080683369, 20.223933642719942 ], [ -103.452569789542835, 20.224544110877702 ], [ -103.44861964548862, 20.219641937227891 ], [ -103.446761921832149, 20.217108377023973 ], [ -103.447773293588639, 20.213301080664309 ], [ -103.430709184049007, 20.201929499605164 ], [ -103.438454014937776, 20.183068909948112 ], [ -103.445822544239746, 20.181397771323674 ], [ -103.452563901563011, 20.17645162250048 ], [ -103.450967610072638, 20.156065428573402 ], [ -103.447621558001543, 20.147478374552602 ], [ -103.438735360331549, 20.137379111311059 ], [ -103.452437945382499, 20.129684048576554 ], [ -103.460128104170551, 20.12126202312853 ], [ -103.466119488165347, 20.118933456970485 ], [ -103.526510885376126, 20.136155618418023 ], [ -103.517257871756684, 20.142255289584259 ], [ -103.512539536099098, 20.152801783806815 ], [ -103.514112669622705, 20.153635423614361 ], [ -103.525442657142719, 20.153548425473279 ], [ -103.527264654080739, 20.150862071659564 ], [ -103.531229277073351, 20.152366009881572 ], [ -103.540254327082522, 20.144898043711105 ], [ -103.550991405298532, 20.146712880878908 ], [ -103.558353690896155, 20.145617402250064 ], [ -103.565748176228311, 20.136610950908906 ], [ -103.581354455682131, 20.132557542441024 ], [ -103.594127250522988, 20.13554389566999 ], [ -103.599305764396718, 20.139790083066437 ], [ -103.606056345442624, 20.159188754611247 ], [ -103.624350835250297, 20.148602741721763 ], [ -103.630072308361903, 20.154921278743803 ], [ -103.637345888142377, 20.157449211546641 ], [ -103.644610372550432, 20.174391113175048 ], [ -103.657398283733954, 20.18635224797551 ], [ -103.661198831735021, 20.193637520507888 ], [ -103.660417354462382, 20.206270568787023 ], [ -103.655724524685695, 20.212533038608289 ], [ -103.655564159915414, 20.222212694246778 ], [ -103.662022547499802, 20.224827490840756 ], [ -103.661664166210144, 20.231517638774896 ], [ -103.665531403663636, 20.239632862833588 ], [ -103.67725642415418, 20.241920132458262 ], [ -103.686263199427344, 20.233467279827103 ], [ -103.698429325865675, 20.232385619766038 ], [ -103.702155659856032, 20.229908831614996 ], [ -103.705148785281693, 20.230926203395416 ], [ -103.710452159488099, 20.22806433676293 ], [ -103.722299161105624, 20.23832257385941 ], [ -103.728821616511311, 20.234246929535381 ], [ -103.72771780743912, 20.242478825324898 ], [ -103.731721877913984, 20.243838957977946 ], [ -103.719438093357525, 20.244883476478812 ], [ -103.708789336321061, 20.250286214387256 ], [ -103.706554733794064, 20.25508509317795 ], [ -103.709964611219405, 20.267473697649876 ], [ -103.714567454263459, 20.271872501518107 ], [ -103.708119860753555, 20.27865053576058 ], [ -103.695280225043845, 20.273530227291058 ], [ -103.694574071728496, 20.275143729333731 ], [ -103.699003055610277, 20.279045690122963 ], [ -103.697813566516942, 20.285875882384719 ], [ -103.691666910616533, 20.289382754504487 ], [ -103.686696584523702, 20.290365942941897 ], [ -103.684598351014984, 20.288580725740729 ], [ -103.676814618520552, 20.292166415983125 ], [ -103.67643920039724, 20.299992335953796 ], [ -103.682178505292143, 20.314954294010125 ], [ -103.664942612700017, 20.312887115873139 ] ] ] } },
{ "type": "Feature", "properties": { "cve_edo": "14", "cve_mpo_ine": "120", "cve_edo_mpo_ine": "14120", "nom_mpo": "ZAPOPAN", "nom_edo": "Jalisco", "alianza_ganadora": "Movimiento Ciudadano", "margen_pp": 9.2993738699260167, "por_participacion": 47.047832204200468 }, "geometry": { "type": "Polygon", "coordinates": [ [ [ -103.535350892817064, 20.591002640448135 ], [ -103.534537328696274, 20.593451844126115 ], [ -103.540680636346522, 20.593434547479937 ], [ -103.533554095772857, 20.596943016561745 ], [ -103.541848757202345, 20.607986082597662 ], [ -103.552032687736684, 20.608274696764703 ], [ -103.562453184281182, 20.614146510546167 ], [ -103.564969354745671, 20.612946527691872 ], [ -103.562334163695269, 20.609844897696629 ], [ -103.565528619149234, 20.605462283498245 ], [ -103.580745932034333, 20.604173569691547 ], [ -103.585004418275361, 20.601115119780211 ], [ -103.592686229176138, 20.607092141539749 ], [ -103.59729079719898, 20.60268531725195 ], [ -103.600526042403658, 20.604861224160391 ], [ -103.597343502000143, 20.612032106670803 ], [ -103.598531854104905, 20.614921306264016 ], [ -103.59595826716469, 20.615802609443325 ], [ -103.600916170344377, 20.622023124664015 ], [ -103.602078131460459, 20.63057856766428 ], [ -103.606567852574017, 20.636801287524346 ], [ -103.619486478892654, 20.64095470792012 ], [ -103.608411168511921, 20.641424217010293 ], [ -103.606726706251365, 20.644120970376086 ], [ -103.608628715936632, 20.648743605714341 ], [ -103.610691335719011, 20.650677105650175 ], [ -103.620896446536406, 20.651659478482117 ], [ -103.623851223512688, 20.655780313359188 ], [ -103.615273314423106, 20.662606678534164 ], [ -103.612169952151007, 20.673499627789109 ], [ -103.614668645581588, 20.67985627572698 ], [ -103.612359923355839, 20.686237104261515 ], [ -103.613853786685098, 20.691151260661734 ], [ -103.616325069566741, 20.692669082768113 ], [ -103.62562671235321, 20.689023723350747 ], [ -103.627545677228738, 20.686284252381196 ], [ -103.633477188707047, 20.687949554357253 ], [ -103.647424381246594, 20.686719195980999 ], [ -103.653306927298672, 20.689955734083107 ], [ -103.655048077771028, 20.696770836061532 ], [ -103.659172109387086, 20.700016451292409 ], [ -103.657250387509947, 20.712020759474065 ], [ -103.631655382718648, 20.717510704865841 ], [ -103.634159446386136, 20.7220351354079 ], [ -103.633108311980806, 20.72485113739658 ], [ -103.626226681621475, 20.729849181957611 ], [ -103.620788381233979, 20.723700499895507 ], [ -103.605895881591621, 20.729505767429451 ], [ -103.60477729694297, 20.735139996311872 ], [ -103.600256402745529, 20.738568148209978 ], [ -103.597588778212227, 20.745980446218738 ], [ -103.605277325368689, 20.75267475991776 ], [ -103.601712781685123, 20.757127908704327 ], [ -103.605135600927028, 20.758187243346566 ], [ -103.606547035149958, 20.765859307964014 ], [ -103.611865590399788, 20.769148083810268 ], [ -103.618062047504466, 20.769786196613289 ], [ -103.629187107996131, 20.753110483696297 ], [ -103.634724356816278, 20.754036435737355 ], [ -103.636182110039485, 20.751801771572584 ], [ -103.648834262111336, 20.756185397943902 ], [ -103.647182803662687, 20.764056996497242 ], [ -103.648771053999695, 20.766755176976567 ], [ -103.653995808242598, 20.767596873692067 ], [ -103.655317630744307, 20.764201092277144 ], [ -103.662637833206887, 20.761234063996422 ], [ -103.66442482561159, 20.767994772649317 ], [ -103.658399370321831, 20.77195977554026 ], [ -103.66019213920714, 20.777850063789973 ], [ -103.654511395413692, 20.78625094449372 ], [ -103.660955904591702, 20.794597993551662 ], [ -103.640106588429916, 20.80267136753962 ], [ -103.645470221380535, 20.805669155286331 ], [ -103.64921701763825, 20.812269018046283 ], [ -103.648229030335443, 20.819934923589628 ], [ -103.652794764678262, 20.823925359832369 ], [ -103.654702082797556, 20.83705574252097 ], [ -103.652370397750886, 20.843771689488712 ], [ -103.649322825121047, 20.843772271141304 ], [ -103.646336152005048, 20.847374837133291 ], [ -103.646065870128396, 20.85341463558817 ], [ -103.640182875007227, 20.858551119777331 ], [ -103.640336330817917, 20.867452723816349 ], [ -103.636006890711499, 20.870664454333802 ], [ -103.631788655362669, 20.870524730615994 ], [ -103.63786100753309, 20.87950618320756 ], [ -103.633423692356402, 20.885820850811395 ], [ -103.642177653632629, 20.888339648949263 ], [ -103.64213481055269, 20.891071017458767 ], [ -103.649141534617755, 20.896629049755315 ], [ -103.648852038088322, 20.900143582757423 ], [ -103.657122582342438, 20.907415386457231 ], [ -103.653683529221922, 20.910139361258654 ], [ -103.658467247285699, 20.912715392469504 ], [ -103.654686194486118, 20.914836355658963 ], [ -103.656845954079543, 20.915894013384168 ], [ -103.656002366248487, 20.917794113553285 ], [ -103.651173704578298, 20.919116837961042 ], [ -103.650738508029136, 20.921228224778645 ], [ -103.648704710419324, 20.91942503102457 ], [ -103.646223270252278, 20.92081158481453 ], [ -103.643273402622341, 20.927171355043381 ], [ -103.639970493256499, 20.928508419555786 ], [ -103.641393791381688, 20.932338418314842 ], [ -103.639035650254172, 20.928126070420859 ], [ -103.635846231971058, 20.929795997178676 ], [ -103.63189280861981, 20.941621339691057 ], [ -103.621617753868193, 20.951725736493401 ], [ -103.616885784684044, 20.961652365418669 ], [ -103.599443351730358, 20.964608127389234 ], [ -103.582464484595718, 20.958515723358733 ], [ -103.578896854815369, 20.959807133206823 ], [ -103.574577127055335, 20.967436443643255 ], [ -103.564624524290721, 20.964019462552379 ], [ -103.560178502431725, 20.965022337075958 ], [ -103.550062010802506, 20.970840192355819 ], [ -103.547557540024229, 20.980867195043103 ], [ -103.537786822875361, 20.983246214124872 ], [ -103.52842863691167, 20.988605688621682 ], [ -103.52632993704384, 20.996560849304434 ], [ -103.522526401536339, 20.997395862493004 ], [ -103.507646666435008, 20.982719733136996 ], [ -103.478350173072414, 20.986349093529412 ], [ -103.464976825880413, 20.980051874258212 ], [ -103.463983669836807, 20.97446358302059 ], [ -103.46000177849119, 20.970120909206639 ], [ -103.454209795223349, 20.97224098451899 ], [ -103.438874595688745, 20.970860479469909 ], [ -103.4246870591207, 20.965231252133474 ], [ -103.426371643487371, 20.953683847563024 ], [ -103.435846581434589, 20.948831285020276 ], [ -103.435352653641061, 20.94505623805841 ], [ -103.438965598359829, 20.940569233521895 ], [ -103.433820454390371, 20.932819008657553 ], [ -103.404789951925281, 20.956196154897057 ], [ -103.404881659272732, 20.959014755293641 ], [ -103.402197784936575, 20.957790308233587 ], [ -103.399387815041862, 20.951094864565405 ], [ -103.395265477180303, 20.953463246712335 ], [ -103.394995404095653, 20.944510234445815 ], [ -103.377657661037759, 20.950660357801883 ], [ -103.369293085824978, 20.93638466980584 ], [ -103.368634642707605, 20.930317139770946 ], [ -103.360786443321786, 20.926722758002565 ], [ -103.357313593595123, 20.917822311451808 ], [ -103.351803716059791, 20.913153823928869 ], [ -103.353067727220875, 20.903435576368558 ], [ -103.3512892602308, 20.893376461984634 ], [ -103.339091595603179, 20.879382542808134 ], [ -103.335350896378401, 20.868774352295091 ], [ -103.33093259267514, 20.864699144955502 ], [ -103.333142617335611, 20.858302211540764 ], [ -103.325237525542846, 20.846540588892292 ], [ -103.333074897443609, 20.830631839257578 ], [ -103.329430491438529, 20.821896669762058 ], [ -103.325449474733915, 20.819350816333248 ], [ -103.330208691736814, 20.814245852149739 ], [ -103.332778896117972, 20.803252092913475 ], [ -103.327278212749405, 20.800577312475628 ], [ -103.321357942661109, 20.793081801871757 ], [ -103.324560773434257, 20.787731690489455 ], [ -103.322271529666196, 20.783321144678634 ], [ -103.311866804347801, 20.782708861293944 ], [ -103.306601214058276, 20.780117274904459 ], [ -103.30582827089502, 20.773883077128488 ], [ -103.306977542030964, 20.764663342825049 ], [ -103.31434828764823, 20.756806348146849 ], [ -103.313338309514847, 20.750825438776772 ], [ -103.326240976445632, 20.744880359498996 ], [ -103.325577368177548, 20.737335270692899 ], [ -103.330027255325476, 20.729646942850547 ], [ -103.340987542759379, 20.723131114311229 ], [ -103.344247871608317, 20.716032050796532 ], [ -103.347355737073613, 20.717257562995901 ], [ -103.362418807771704, 20.712827200336758 ], [ -103.371263579241571, 20.713834067545534 ], [ -103.390533215192903, 20.709502134536269 ], [ -103.395724284094612, 20.712130196882271 ], [ -103.406223817638363, 20.711393671117996 ], [ -103.401686250891245, 20.699422686265596 ], [ -103.399464130329889, 20.699295409066163 ], [ -103.40508772149758, 20.692568248602566 ], [ -103.398154427593212, 20.690863425090278 ], [ -103.403665150073678, 20.677965240341074 ], [ -103.400125318437361, 20.673613324449487 ], [ -103.402586812981482, 20.665699289459589 ], [ -103.395229747122642, 20.652905329392556 ], [ -103.399268471463316, 20.650534043942329 ], [ -103.399927714178347, 20.64291000565586 ], [ -103.395086033994119, 20.642174779837333 ], [ -103.396628051918555, 20.636568891771425 ], [ -103.400874194744688, 20.633523402769097 ], [ -103.40414210249422, 20.62101993763439 ], [ -103.400354451571687, 20.620636145235146 ], [ -103.404853128562351, 20.619174636565873 ], [ -103.408459483645871, 20.620862256246678 ], [ -103.417265853558817, 20.616086688519594 ], [ -103.423410848252772, 20.620001271199087 ], [ -103.425849823612452, 20.616285601208958 ], [ -103.419167113572442, 20.605381311662782 ], [ -103.420044856604889, 20.589622601914076 ], [ -103.418234980017985, 20.588669295989259 ], [ -103.423460365658769, 20.584752557644528 ], [ -103.44734965914455, 20.593843862716088 ], [ -103.448083171291373, 20.596766030647743 ], [ -103.475721835851218, 20.5987618458065 ], [ -103.535350892817064, 20.591002640448135 ] ] ] } },
{ "type": "Feature", "properties": { "cve_edo": "14", "cve_mpo_ine": "121", "cve_edo_mpo_ine": "14121", "nom_mpo": "ZAPOTILTIC", "nom_edo": "Jalisco", "alianza_ganadora": "Juntos Haremos Historia", "margen_pp": 9.7593303104290197, "por_participacion": 55.579249379652609 }, "geometry": { "type": "Polygon", "coordinates": [ [ [ -103.333765364910818, 19.742110465972949 ], [ -103.328125521656062, 19.735949439684887 ], [ -103.325893482467592, 19.722526007294995 ], [ -103.340212546161524, 19.725772146765834 ], [ -103.3478941773363, 19.724973872865949 ], [ -103.351862275905162, 19.720574187038689 ], [ -103.35628800354462, 19.719922001844264 ], [ -103.35595207669563, 19.713628142830867 ], [ -103.347676031806671, 19.706954477712159 ], [ -103.35251850904686, 19.704951791652263 ], [ -103.352770898849698, 19.700771722839203 ], [ -103.355695307780735, 19.697972086476188 ], [ -103.354828953883128, 19.696312083839533 ], [ -103.35156647161746, 19.696832278020192 ], [ -103.353096705517387, 19.693321426774723 ], [ -103.350551833933352, 19.689664628557086 ], [ -103.349101097838656, 19.68862186739787 ], [ -103.347578201052855, 19.690559518238295 ], [ -103.341193406753774, 19.686343779705098 ], [ -103.336708016857273, 19.674300211855968 ], [ -103.326316855126251, 19.680425551187827 ], [ -103.321953845931773, 19.679697818445106 ], [ -103.326681293230934, 19.677281160231484 ], [ -103.320651711202828, 19.672073105983024 ], [ -103.321565163890739, 19.663756776288981 ], [ -103.329250847191517, 19.663467635791694 ], [ -103.3280422571966, 19.66056305040469 ], [ -103.330749427459651, 19.654409205216524 ], [ -103.326687456446223, 19.651737472493465 ], [ -103.329869036876886, 19.64372321631155 ], [ -103.333529323073023, 19.645150690411825 ], [ -103.334409876842997, 19.6435822567264 ], [ -103.330004392251013, 19.639749549757379 ], [ -103.32293917717088, 19.644389188731825 ], [ -103.32074633125832, 19.640444176008561 ], [ -103.315391943206365, 19.64033190930682 ], [ -103.31104058553926, 19.637451265041705 ], [ -103.311062406228245, 19.632980215669747 ], [ -103.307057275629177, 19.630763803520679 ], [ -103.306882093875458, 19.619005315822879 ], [ -103.31160888869239, 19.616381930289016 ], [ -103.307500912687345, 19.611473999137491 ], [ -103.313215940999569, 19.609021633735036 ], [ -103.313120246196092, 19.604756917873473 ], [ -103.299816752339325, 19.600170483960873 ], [ -103.293970071529117, 19.605726660323601 ], [ -103.287272510842101, 19.60680666301274 ], [ -103.278226579298945, 19.600462543907121 ], [ -103.276097136358899, 19.595813659731345 ], [ -103.270811221904395, 19.594003195083172 ], [ -103.270374914345112, 19.58828759942795 ], [ -103.272538900123763, 19.586105860789385 ], [ -103.269823524925272, 19.582322944935797 ], [ -103.260291120645832, 19.580446356919492 ], [ -103.254090743973791, 19.575608018792366 ], [ -103.245877951176695, 19.577381491746706 ], [ -103.245499831574648, 19.571831828786248 ], [ -103.250514238201688, 19.558572168417196 ], [ -103.245595591473915, 19.553575494111548 ], [ -103.249194106971331, 19.543992010763134 ], [ -103.238074477348647, 19.534736145682125 ], [ -103.218270846240443, 19.529029391017385 ], [ -103.216709439944196, 19.527364063224653 ], [ -103.218537636329273, 19.522697020594347 ], [ -103.215804612104421, 19.522597792750339 ], [ -103.215879327090818, 19.519534754282031 ], [ -103.209720917178714, 19.518338435089742 ], [ -103.208830744657121, 19.510922735289508 ], [ -103.201633679182933, 19.508312336469334 ], [ -103.200309794130277, 19.50582037172974 ], [ -103.201099380645701, 19.499698237634451 ], [ -103.207056414473769, 19.495015000755405 ], [ -103.206263980948563, 19.4910359513187 ], [ -103.211843892448385, 19.491483654299586 ], [ -103.208209832992139, 19.486079910984479 ], [ -103.210533865009552, 19.486425133365238 ], [ -103.210215044260011, 19.480875805252499 ], [ -103.212356077005467, 19.482793041712739 ], [ -103.218117287801249, 19.481916865361086 ], [ -103.22012750561025, 19.48656554938507 ], [ -103.222873838913102, 19.482976264225417 ], [ -103.225947567649982, 19.483905681622687 ], [ -103.236798759732096, 19.490067164130423 ], [ -103.244037265622495, 19.486718376107127 ], [ -103.245905856574169, 19.493350597361843 ], [ -103.251939532159625, 19.495869723230868 ], [ -103.256615142991834, 19.486718193053576 ], [ -103.261078663896313, 19.486894978070943 ], [ -103.268662997389725, 19.482923798261812 ], [ -103.277415668274642, 19.483112740946762 ], [ -103.268687923504913, 19.494149180788863 ], [ -103.277097713396316, 19.496238922319385 ], [ -103.281435488676578, 19.492000114876152 ], [ -103.283291684766169, 19.492565372960172 ], [ -103.282701424711817, 19.513163405150333 ], [ -103.291436606777353, 19.529901486289443 ], [ -103.289770609161152, 19.53651608056272 ], [ -103.306336021881975, 19.553282992946393 ], [ -103.310726459232626, 19.546484407780145 ], [ -103.320124430551601, 19.548194161509702 ], [ -103.327700656768002, 19.553495399740591 ], [ -103.326884257068585, 19.560361700603348 ], [ -103.320653777332481, 19.565213449189336 ], [ -103.320827222688052, 19.570175352338232 ], [ -103.316167818511659, 19.576377800785401 ], [ -103.330425784702015, 19.583665510175621 ], [ -103.334563314021281, 19.595039501206276 ], [ -103.337999144421346, 19.593543168353182 ], [ -103.349761378001475, 19.596948778931079 ], [ -103.35325535004057, 19.59570013108657 ], [ -103.367405778864835, 19.602696791690072 ], [ -103.378585832666701, 19.593158431356422 ], [ -103.407706485282802, 19.611238760350979 ], [ -103.427508297462055, 19.613088209020173 ], [ -103.436595649666501, 19.6175294996325 ], [ -103.438286473109201, 19.621536172028716 ], [ -103.44440350484011, 19.624662003186227 ], [ -103.464263611374577, 19.622744108599459 ], [ -103.47551777283941, 19.656256122963921 ], [ -103.468523970696694, 19.658293693343698 ], [ -103.466514563957176, 19.665943702638319 ], [ -103.458827396783974, 19.666528535133022 ], [ -103.453501683546719, 19.673458794879618 ], [ -103.446847319130853, 19.677691367343787 ], [ -103.443148942715595, 19.685125887958655 ], [ -103.435985202327174, 19.68562939959827 ], [ -103.424814708472709, 19.697415509487648 ], [ -103.413619600197421, 19.700961847486678 ], [ -103.410654027176875, 19.699994780360125 ], [ -103.407980149248246, 19.712401681153668 ], [ -103.409549043855648, 19.713196189554541 ], [ -103.400790243669491, 19.718616894861544 ], [ -103.406544631633906, 19.73458537549546 ], [ -103.398852494985221, 19.732443447817566 ], [ -103.379651624610148, 19.735271628813681 ], [ -103.371701839259856, 19.732401714178458 ], [ -103.365251362807442, 19.736046550303378 ], [ -103.360489399629387, 19.734663676581921 ], [ -103.356796806139826, 19.726383513518321 ], [ -103.346984720741617, 19.738634394763558 ], [ -103.333765364910818, 19.742110465972949 ] ] ] } },
{ "type": "Feature", "properties": { "cve_edo": "14", "cve_mpo_ine": "122", "cve_edo_mpo_ine": "14122", "nom_mpo": "ZAPOTITLAN DE VADILLO", "nom_edo": "Jalisco", "alianza_ganadora": "Va por México", "margen_pp": 21.032078103207809, "por_participacion": 69.992190550566178 }, "geometry": { "type": "Polygon", "coordinates": [ [ [ -103.683181641917528, 19.594997241524585 ], [ -103.673687262068711, 19.592197770624484 ], [ -103.661068050646932, 19.597921416320641 ], [ -103.662098530618749, 19.589772695463964 ], [ -103.659124527292164, 19.587212269022462 ], [ -103.661101189698471, 19.586093135865227 ], [ -103.657480836456799, 19.580597119545722 ], [ -103.6593379569332, 19.578030635980927 ], [ -103.653861926720666, 19.575680044685186 ], [ -103.653787789333094, 19.568029003796351 ], [ -103.642632459317468, 19.566921536007207 ], [ -103.642855414730093, 19.561213252304047 ], [ -103.639056294801904, 19.55283249569764 ], [ -103.640794129316248, 19.54773862595998 ], [ -103.637231243517292, 19.541093955215022 ], [ -103.651609198835857, 19.539961761116896 ], [ -103.653933923413177, 19.537760462851146 ], [ -103.653871257887317, 19.535320569996635 ], [ -103.650788404834074, 19.536780448866608 ], [ -103.645659244050321, 19.533368121344356 ], [ -103.645254884906478, 19.535148129053997 ], [ -103.639493073912533, 19.536080749542091 ], [ -103.639138758819612, 19.533187071766537 ], [ -103.642977189780922, 19.531021319482129 ], [ -103.642908500118949, 19.525066005018932 ], [ -103.647376358129577, 19.516942049963369 ], [ -103.618382029115324, 19.513291604414732 ], [ -103.64501691391537, 19.491155920838018 ], [ -103.662686016978512, 19.484102871832899 ], [ -103.663307064568855, 19.475458231149616 ], [ -103.659277416794694, 19.46797768335588 ], [ -103.66404750903952, 19.468260951803465 ], [ -103.6731988718048, 19.476975215758277 ], [ -103.696350193970403, 19.485679991665062 ], [ -103.707512791356095, 19.470172494473829 ], [ -103.716117421991925, 19.466073407596383 ], [ -103.716648730859077, 19.454058898172747 ], [ -103.724772526412963, 19.450944430339231 ], [ -103.734358153822456, 19.443345920897091 ], [ -103.749735350421318, 19.444663561347305 ], [ -103.773349664981268, 19.431256013451794 ], [ -103.788756497148071, 19.429464408529377 ], [ -103.80924065481868, 19.415235197729256 ], [ -103.818011927610598, 19.412320973090115 ], [ -103.820850141642836, 19.40884044305718 ], [ -103.823611718964017, 19.417850954812156 ], [ -103.822465537113587, 19.423147653072803 ], [ -103.828254884733184, 19.433226766569817 ], [ -103.824372319906857, 19.437578278157062 ], [ -103.834731962271988, 19.439953946448114 ], [ -103.838414653478125, 19.445694683436052 ], [ -103.830612823488465, 19.461181245276993 ], [ -103.831371516689742, 19.480081298106899 ], [ -103.837952184440411, 19.482299905136621 ], [ -103.847053358795719, 19.49022020844199 ], [ -103.848539643202827, 19.499853777858338 ], [ -103.855479587835973, 19.504800767539511 ], [ -103.858149371022108, 19.50285047816908 ], [ -103.859120858747261, 19.497636706835493 ], [ -103.856009916473553, 19.489454680736831 ], [ -103.860191278383567, 19.487293945243128 ], [ -103.865902310390311, 19.490175427708017 ], [ -103.868370256037878, 19.497324857085001 ], [ -103.863553958868636, 19.501017654049058 ], [ -103.880095873382714, 19.50635394266537 ], [ -103.882110359972884, 19.516689146984568 ], [ -103.890705482614578, 19.528413924917459 ], [ -103.895616577382327, 19.541235010211885 ], [ -103.84836379333133, 19.552382019174946 ], [ -103.844937147767169, 19.55454064108747 ], [ -103.842630593090647, 19.561122194260211 ], [ -103.837981318359482, 19.563242085540949 ], [ -103.803820626161084, 19.564473766221496 ], [ -103.809060271081137, 19.564959215338622 ], [ -103.808957831774663, 19.569550363731544 ], [ -103.812460926543409, 19.573099963418507 ], [ -103.805663592959846, 19.577291470183692 ], [ -103.804277971191993, 19.581058055222925 ], [ -103.780412425768063, 19.580898761978293 ], [ -103.758889472448573, 19.585901973105496 ], [ -103.752444792880581, 19.592034591660791 ], [ -103.719427874054944, 19.587333638462514 ], [ -103.715355039661816, 19.588043134613446 ], [ -103.713442861320871, 19.591602922431232 ], [ -103.708199724432347, 19.58983256504095 ], [ -103.701740326941149, 19.590586717556903 ], [ -103.693950153178761, 19.594816626344958 ], [ -103.683181641917528, 19.594997241524585 ] ] ] } },
{ "type": "Feature", "properties": { "cve_edo": "14", "cve_mpo_ine": "123", "cve_edo_mpo_ine": "14123", "nom_mpo": "ZAPOTLAN DEL REY", "nom_edo": "Jalisco", "alianza_ganadora": "Va por México", "margen_pp": 4.4967139398132137, "por_participacion": 58.392243991112899 }, "geometry": { "type": "Polygon", "coordinates": [ [ [ -102.906266999888416, 20.547490462844852 ], [ -102.88603492952322, 20.545922116299543 ], [ -102.891071919067443, 20.545129070385798 ], [ -102.89194584675981, 20.539117930262968 ], [ -102.875014034980325, 20.531771630884258 ], [ -102.865232614610619, 20.531061366557442 ], [ -102.866225874342263, 20.526998887161547 ], [ -102.831611797890645, 20.526477668414486 ], [ -102.815154555846078, 20.529739463583088 ], [ -102.81562192841497, 20.52513759327719 ], [ -102.810116176459942, 20.524261956471925 ], [ -102.810524864846528, 20.518374692463354 ], [ -102.803730725677283, 20.518119681378352 ], [ -102.805780404395406, 20.515716686347961 ], [ -102.7983424541913, 20.515875339981395 ], [ -102.801153018552554, 20.511607444496143 ], [ -102.801210640423093, 20.505097856821386 ], [ -102.792660382118655, 20.504550218448873 ], [ -102.796992836815903, 20.493152337341151 ], [ -102.78859645501106, 20.494259095150397 ], [ -102.784871106290268, 20.491149312747979 ], [ -102.773042034972619, 20.494328719873415 ], [ -102.765253825726205, 20.491002389338259 ], [ -102.763851214827696, 20.46948067729252 ], [ -102.759637587717108, 20.457699465280612 ], [ -102.75864519547828, 20.437205013407247 ], [ -102.765453512102837, 20.44073560096848 ], [ -102.764601538522101, 20.444873797567748 ], [ -102.768772058156998, 20.447552722064543 ], [ -102.789295394021309, 20.445642596088319 ], [ -102.789992954689637, 20.435714161922188 ], [ -102.79328352011207, 20.428798794107482 ], [ -102.800152790254558, 20.423570380378891 ], [ -102.80233242213491, 20.416823130583715 ], [ -102.806842912025459, 20.417845885503855 ], [ -102.807785160899911, 20.409736811889946 ], [ -102.821009419054775, 20.410613058188147 ], [ -102.827118993307423, 20.414691786686273 ], [ -102.849651798875811, 20.416823201199641 ], [ -102.848811079192686, 20.413558155084235 ], [ -102.860663540808559, 20.410505997594729 ], [ -102.860441071666671, 20.412202323423163 ], [ -102.86260113662685, 20.411617212323925 ], [ -102.869892091026671, 20.408701382801421 ], [ -102.869574564971828, 20.40502141570758 ], [ -102.879843042940024, 20.401434980937886 ], [ -102.876435256679002, 20.399128839798863 ], [ -102.875294064472584, 20.386187092600515 ], [ -102.879741316563425, 20.386629192831087 ], [ -102.886610273775801, 20.382101171176025 ], [ -102.909351732750636, 20.381412604202964 ], [ -102.934593517126871, 20.386999117118872 ], [ -102.939676106264784, 20.394426640187554 ], [ -102.947870681956758, 20.395516374560462 ], [ -102.95587377060275, 20.4023546198448 ], [ -102.978786663284325, 20.400994296749083 ], [ -102.996930671323, 20.403163168501933 ], [ -103.024556686759112, 20.421893537923157 ], [ -103.031258852579029, 20.420433815434926 ], [ -103.034692737366427, 20.416379822288842 ], [ -103.033742822169827, 20.407162163725722 ], [ -103.047214024606674, 20.409922177216451 ], [ -103.084993376004135, 20.400194544848048 ], [ -103.090424929884122, 20.412707229695659 ], [ -103.08678643013225, 20.438150911406943 ], [ -103.087763146914412, 20.47131638558643 ], [ -103.081497938098067, 20.481974323015727 ], [ -103.082489330508594, 20.487302008452922 ], [ -103.077046756940561, 20.494166276878442 ], [ -103.064031407805587, 20.494555186001442 ], [ -103.050072483665645, 20.48923179010583 ], [ -103.035770092660229, 20.492145100116431 ], [ -103.030792735826012, 20.499270019708536 ], [ -103.03437217571792, 20.502743394324771 ], [ -103.032559081583571, 20.508043678404167 ], [ -103.035667846559051, 20.509406442609102 ], [ -103.030626836114976, 20.511232973462672 ], [ -103.033443296132546, 20.513589527811405 ], [ -103.022244542493496, 20.514428600480596 ], [ -103.019310536533467, 20.511492481202875 ], [ -103.012333219092667, 20.51174734482575 ], [ -103.011342163939375, 20.519902713628316 ], [ -103.007359716379057, 20.527191447208075 ], [ -102.990113583777912, 20.516484959070439 ], [ -102.97961748726928, 20.515747774399131 ], [ -102.976100238928382, 20.517530149580626 ], [ -102.969468828600526, 20.504578868629874 ], [ -102.96149701420569, 20.509509681257725 ], [ -102.948478030361869, 20.500411053612535 ], [ -102.940387697637561, 20.501698456055703 ], [ -102.936869645305379, 20.500127306987558 ], [ -102.92649412042762, 20.509734802350593 ], [ -102.920455216821253, 20.510482264112337 ], [ -102.917172292174286, 20.514705379882407 ], [ -102.906208137020116, 20.519427549164867 ], [ -102.908905471249824, 20.524641980717938 ], [ -102.918170276393397, 20.527867382186617 ], [ -102.912189879584687, 20.541321468896623 ], [ -102.906266999888416, 20.547490462844852 ] ] ] } },
{ "type": "Feature", "properties": { "cve_edo": "14", "cve_mpo_ine": "023", "cve_edo_mpo_ine": "14023", "nom_mpo": "ZAPOTLAN EL GRANDE", "nom_edo": "Jalisco", "alianza_ganadora": "Juntos Haremos Historia", "margen_pp": 11.935381259656458, "por_participacion": 49.607195590671878 }, "geometry": { "type": "Polygon", "coordinates": [ [ [ -103.615131580015046, 19.744038287539379 ], [ -103.616740363464146, 19.745798172450346 ], [ -103.626208801512234, 19.746499674623205 ], [ -103.61222899417298, 19.757375642875758 ], [ -103.615908711188666, 19.763747840673311 ], [ -103.623075563254972, 19.769286079786188 ], [ -103.621746478560866, 19.770008194286991 ], [ -103.613842662237545, 19.765639752572469 ], [ -103.608783968697054, 19.77295725733341 ], [ -103.59929216131043, 19.773912520658403 ], [ -103.588662028821034, 19.772588343101596 ], [ -103.583730937671689, 19.765858600499339 ], [ -103.576818036393419, 19.774249414899508 ], [ -103.573306226541007, 19.771985653037657 ], [ -103.566476049540796, 19.772011823240309 ], [ -103.558903609401128, 19.77630542230845 ], [ -103.553125258522186, 19.776658397895154 ], [ -103.548153961689408, 19.77435813008606 ], [ -103.52771704272061, 19.772111940017069 ], [ -103.527486159942185, 19.774391497473321 ], [ -103.522876284361701, 19.776677757846617 ], [ -103.505825036090656, 19.774630772892298 ], [ -103.505935463597083, 19.768455887563956 ], [ -103.501495641166215, 19.765892740983894 ], [ -103.498278999387765, 19.760219675519657 ], [ -103.491276359772016, 19.763793064709702 ], [ -103.488770561510194, 19.768976618549466 ], [ -103.477971797359231, 19.772264475751513 ], [ -103.461268512472429, 19.766855664023897 ], [ -103.462089698615529, 19.771869353257028 ], [ -103.456427373647955, 19.773906629291954 ], [ -103.454152608634999, 19.777390483104032 ], [ -103.454037181437513, 19.779297024515241 ], [ -103.457716488886973, 19.780080239407489 ], [ -103.458536856388221, 19.783933532249964 ], [ -103.451999139122137, 19.787380865224289 ], [ -103.447734457009432, 19.784774672765487 ], [ -103.447503476702622, 19.788587776896811 ], [ -103.442245059590206, 19.784407658679449 ], [ -103.441425407495132, 19.781092991361046 ], [ -103.437221572089669, 19.782009201620028 ], [ -103.438154816758797, 19.780267556941837 ], [ -103.434885257469219, 19.781141285757119 ], [ -103.433482571886785, 19.779070487205896 ], [ -103.427260445287743, 19.79153039756428 ], [ -103.426055246774936, 19.785035614947791 ], [ -103.428688516172897, 19.772078697463538 ], [ -103.424616930758916, 19.769560530172722 ], [ -103.422146724683898, 19.771827842814083 ], [ -103.41190549970851, 19.773651848360267 ], [ -103.411787160785806, 19.76685970812439 ], [ -103.414965998396639, 19.758370194517155 ], [ -103.413877609455398, 19.746163323612656 ], [ -103.405495755156096, 19.740715035108295 ], [ -103.40678082724574, 19.733841351074183 ], [ -103.400790243669491, 19.718616894861544 ], [ -103.409549043855648, 19.713196189554541 ], [ -103.407980149248246, 19.712401681153668 ], [ -103.410654027176875, 19.699994780360125 ], [ -103.413619600197421, 19.700961847486678 ], [ -103.424814708472709, 19.697415509487648 ], [ -103.435985202327174, 19.68562939959827 ], [ -103.443148942715595, 19.685125887958655 ], [ -103.446847319130853, 19.677691367343787 ], [ -103.453501683546719, 19.673458794879618 ], [ -103.458827396783974, 19.666528535133022 ], [ -103.466514563957176, 19.665943702638319 ], [ -103.468523970696694, 19.658293693343698 ], [ -103.47551777283941, 19.656256122963921 ], [ -103.464263611374577, 19.622744108599459 ], [ -103.479463525550884, 19.620259096417886 ], [ -103.508747328653115, 19.606025014235211 ], [ -103.515918708402182, 19.614521366295566 ], [ -103.530535718950119, 19.612778211419123 ], [ -103.547001006182981, 19.597628160815617 ], [ -103.559986768034491, 19.596756502785258 ], [ -103.583500326511228, 19.586375601771962 ], [ -103.593641738709863, 19.592501021054819 ], [ -103.598443589586111, 19.600131025234571 ], [ -103.597384041890095, 19.612118107448445 ], [ -103.588040894164209, 19.624008297656349 ], [ -103.590209959591604, 19.627749458105754 ], [ -103.585506397702218, 19.63514479898576 ], [ -103.587757561309289, 19.637020619651313 ], [ -103.591835294626392, 19.633610693602325 ], [ -103.595702258147142, 19.634553480888385 ], [ -103.599006897987664, 19.64287800280453 ], [ -103.606939372052963, 19.639747679969862 ], [ -103.609706389665405, 19.641119195092955 ], [ -103.607471365560656, 19.646369171619924 ], [ -103.597976377712584, 19.650183191572616 ], [ -103.593799611786224, 19.657695970416434 ], [ -103.596275975513805, 19.659112999809512 ], [ -103.592801452412473, 19.66048495878178 ], [ -103.587589718205422, 19.668839871985536 ], [ -103.584570756321398, 19.669625608917492 ], [ -103.583253096712056, 19.674075885081525 ], [ -103.572309028213851, 19.681677497814988 ], [ -103.573480698700209, 19.68510057982046 ], [ -103.57833803301618, 19.685906479168437 ], [ -103.577778333858831, 19.690346673016734 ], [ -103.581026263508249, 19.695606559593159 ], [ -103.600128436279832, 19.693695907835327 ], [ -103.598007150095228, 19.695712726631807 ], [ -103.599409711602263, 19.698966895455989 ], [ -103.596671104698487, 19.699169063683414 ], [ -103.601262034060952, 19.701303636686717 ], [ -103.598923500257442, 19.70419334962725 ], [ -103.605516983601106, 19.704188300199302 ], [ -103.605022856703457, 19.70585203665738 ], [ -103.611014190521715, 19.707967685485539 ], [ -103.608922217725407, 19.711558518956284 ], [ -103.61547318885431, 19.712382267811389 ], [ -103.612577646225674, 19.716688197994952 ], [ -103.616928180576338, 19.718411349218286 ], [ -103.620440670688481, 19.72834853974323 ], [ -103.615131580015046, 19.744038287539379 ] ] ] } },
{ "type": "Feature", "properties": { "cve_edo": "14", "cve_mpo_ine": "124", "cve_edo_mpo_ine": "14124", "nom_mpo": "ZAPOTLANEJO", "nom_edo": "Jalisco", "alianza_ganadora": "Va por México", "margen_pp": 8.5016569354584188, "por_participacion": 45.08795958661662 }, "geometry": { "type": "Polygon", "coordinates": [ [ [ -103.029787709585349, 20.79529870560588 ], [ -103.025301696184968, 20.791338036126593 ], [ -103.027591925763645, 20.76517088685554 ], [ -103.040660408333679, 20.757719143876866 ], [ -103.025949904155524, 20.751280832150332 ], [ -103.016549728593617, 20.752499347588408 ], [ -103.025963485604635, 20.748181223755203 ], [ -103.028274677874279, 20.743309613364907 ], [ -103.020868316725995, 20.731886322179982 ], [ -103.007077104597755, 20.7306560590836 ], [ -103.003369040992268, 20.719736707064129 ], [ -102.991482331822269, 20.713137135877496 ], [ -102.992754750777522, 20.704461336493011 ], [ -102.990007150525201, 20.702016340784464 ], [ -102.99296840645809, 20.696237573305961 ], [ -102.991296886353496, 20.689538403852055 ], [ -102.974169597213717, 20.699745503446692 ], [ -102.971804087239221, 20.703500342810315 ], [ -102.959221865699774, 20.707890039495506 ], [ -102.958570790563414, 20.696771303763526 ], [ -102.951681064322557, 20.701423180358276 ], [ -102.948989718733188, 20.699638968218153 ], [ -102.946764184955654, 20.686573678188015 ], [ -102.929162429425574, 20.685533961952427 ], [ -102.925770698803248, 20.683086261249674 ], [ -102.920886881107549, 20.673939404934522 ], [ -102.89396270887319, 20.652582631040286 ], [ -102.893157580390152, 20.643953898013443 ], [ -102.91843761795532, 20.644166063452353 ], [ -102.92221172077096, 20.632086549396 ], [ -102.918055059827239, 20.627612022021605 ], [ -102.920117298373313, 20.621924665929715 ], [ -102.91888598899952, 20.616238170883687 ], [ -102.913510734520329, 20.609902608611058 ], [ -102.886064586437101, 20.610813408404137 ], [ -102.888185788352459, 20.605416850611455 ], [ -102.882980791196687, 20.598080271262909 ], [ -102.872721866071814, 20.596807634740617 ], [ -102.871245081459591, 20.59434993800841 ], [ -102.880985142299124, 20.582635822672557 ], [ -102.876175472773639, 20.581642947245165 ], [ -102.871308839794025, 20.574110368262211 ], [ -102.863625968729721, 20.571627304191328 ], [ -102.882985244776435, 20.547454024894286 ], [ -102.88603492952322, 20.545922116299543 ], [ -102.906266999888416, 20.547490462844852 ], [ -102.912189879584687, 20.541321468896623 ], [ -102.918170276393397, 20.527867382186617 ], [ -102.908905471249824, 20.524641980717938 ], [ -102.906208137020116, 20.519427549164867 ], [ -102.917172292174286, 20.514705379882407 ], [ -102.920455216821253, 20.510482264112337 ], [ -102.92649412042762, 20.509734802350593 ], [ -102.936869645305379, 20.500127306987558 ], [ -102.940387697637561, 20.501698456055703 ], [ -102.948478030361869, 20.500411053612535 ], [ -102.96149701420569, 20.509509681257725 ], [ -102.969468828600526, 20.504578868629874 ], [ -102.976100238928382, 20.517530149580626 ], [ -102.97961748726928, 20.515747774399131 ], [ -102.990113583777912, 20.516484959070439 ], [ -103.008122010231574, 20.527149385524591 ], [ -103.012333219092667, 20.51174734482575 ], [ -103.019310536533467, 20.511492481202875 ], [ -103.022244542493496, 20.514428600480596 ], [ -103.033443296132546, 20.513589527811405 ], [ -103.030626836114976, 20.511232973462672 ], [ -103.035667846559051, 20.509406442609102 ], [ -103.032559081583571, 20.508043678404167 ], [ -103.03437217571792, 20.502743394324771 ], [ -103.030792735826012, 20.499270019708536 ], [ -103.035770092660229, 20.492145100116431 ], [ -103.050072483665645, 20.48923179010583 ], [ -103.064031407805587, 20.494555186001442 ], [ -103.077046756940561, 20.494166276878442 ], [ -103.080322592862089, 20.487787195576907 ], [ -103.093898826862826, 20.483994066863353 ], [ -103.090077321281242, 20.519143604785413 ], [ -103.09423137514105, 20.519968257587955 ], [ -103.09938271662466, 20.515712253736531 ], [ -103.109153466174831, 20.517856013137894 ], [ -103.104820432702766, 20.524466230203764 ], [ -103.096098606936422, 20.530127952736827 ], [ -103.116691821606651, 20.543790646438335 ], [ -103.128512506027562, 20.54758461846188 ], [ -103.130909863388084, 20.554852633789558 ], [ -103.134772096477235, 20.557204769349656 ], [ -103.130496099904732, 20.567904543613434 ], [ -103.140913823216451, 20.573061564986276 ], [ -103.140614374572877, 20.578417191570416 ], [ -103.14507272294702, 20.57798919046532 ], [ -103.147048915495716, 20.58129323150462 ], [ -103.143565361982951, 20.584868277806052 ], [ -103.146176090167984, 20.5888516602196 ], [ -103.144193209818994, 20.595824804832382 ], [ -103.147346539108725, 20.606176432674896 ], [ -103.140414292946033, 20.616550388246075 ], [ -103.139434653084251, 20.621683784540171 ], [ -103.145640648279283, 20.623938648120422 ], [ -103.161681275185941, 20.618468333254103 ], [ -103.164357250419513, 20.621625254233866 ], [ -103.170681561922706, 20.622943549378519 ], [ -103.175373807061391, 20.631526519148665 ], [ -103.18506473046115, 20.629350651288668 ], [ -103.187838717078776, 20.644328721656308 ], [ -103.183830534842471, 20.648176590765463 ], [ -103.184374784672073, 20.654503483102257 ], [ -103.181345590139784, 20.659294686936736 ], [ -103.185602480744095, 20.663892860722509 ], [ -103.18777182153778, 20.671979279838769 ], [ -103.200564156117593, 20.680236183833099 ], [ -103.203166171946208, 20.685996101208328 ], [ -103.209679545935671, 20.685784949694135 ], [ -103.219204684481127, 20.691583556121884 ], [ -103.225364165303688, 20.692595579210511 ], [ -103.226146457859642, 20.697780693744761 ], [ -103.231656381181011, 20.698596482754759 ], [ -103.236384183006578, 20.702466410578072 ], [ -103.240663343339776, 20.704004911650678 ], [ -103.250836257972566, 20.700464262257135 ], [ -103.256965171657129, 20.704644797411458 ], [ -103.269617247548382, 20.707120229908959 ], [ -103.280518346677113, 20.720274746659967 ], [ -103.27987771770222, 20.724707906122259 ], [ -103.283507330007254, 20.730434475934199 ], [ -103.274184034664501, 20.729165305628133 ], [ -103.269329372724755, 20.726283211667607 ], [ -103.261909788824951, 20.726342414904909 ], [ -103.250094817890897, 20.718659426032328 ], [ -103.242268445925987, 20.719713539048779 ], [ -103.227887917443311, 20.713973110635251 ], [ -103.222699320046416, 20.720560803532337 ], [ -103.212662059700605, 20.727671343225467 ], [ -103.202794558671158, 20.731624482854841 ], [ -103.19274553555546, 20.731421964363712 ], [ -103.175924626899061, 20.735140285440231 ], [ -103.171607279535593, 20.739943107129903 ], [ -103.153506412352144, 20.749636497638921 ], [ -103.148078810519877, 20.755389812219065 ], [ -103.132712704272706, 20.756492133142299 ], [ -103.11963049255435, 20.763418336510707 ], [ -103.113494323293196, 20.762562307805197 ], [ -103.106601640732123, 20.765441707431332 ], [ -103.103793039402802, 20.760611114082128 ], [ -103.100519889289103, 20.759309608341745 ], [ -103.083750796172396, 20.759986182456753 ], [ -103.08686067560177, 20.779399471555514 ], [ -103.081195522346235, 20.784692416665592 ], [ -103.07991302007791, 20.78983801203097 ], [ -103.070182402179711, 20.791032088944107 ], [ -103.061276068483821, 20.795504391609018 ], [ -103.029787709585349, 20.79529870560588 ] ] ] } }
]
}
