{
"type": "FeatureCollection",
"name": "17",
"crs": { "type": "name", "properties": { "name": "urn:ogc:def:crs:OGC:1.3:CRS84" } },
"features": [
{ "type": "Feature", "properties": { "cve_edo": "17", "cve_mpo_ine": "001", "cve_edo_mpo_ine": "17001", "nom_mpo": "AMACUZAC", "nom_edo": "Morelos", "alianza_ganadora": "Juntos Haremos Historia", "margen_pp": 8.6339913773542101, "por_participacion": 64.595089776474907 }, "geometry": { "type": "Polygon", "coordinates": [ [ [ -99.458157439885369, 18.651743631102736 ], [ -99.456475908462011, 18.647418767197976 ], [ -99.451883366781445, 18.647626617295323 ], [ -99.451928448680931, 18.640260371715421 ], [ -99.448962961765091, 18.639945817049483 ], [ -99.448710733813115, 18.637331489027169 ], [ -99.442966028469797, 18.63287695522266 ], [ -99.434656014702, 18.636783359297048 ], [ -99.434328221214727, 18.64049552803338 ], [ -99.4304604576363, 18.639275357928838 ], [ -99.425452696901658, 18.641105360536915 ], [ -99.427808922741619, 18.635624854144037 ], [ -99.425609886769237, 18.63299429890786 ], [ -99.427587641003541, 18.630847197004385 ], [ -99.42443994440859, 18.626900599245012 ], [ -99.421530272109919, 18.630580420398609 ], [ -99.419219496631428, 18.629443733286408 ], [ -99.41896516971984, 18.625160235323552 ], [ -99.415671049728616, 18.629140611634977 ], [ -99.420604749991213, 18.635260696464069 ], [ -99.406317522349951, 18.651111916865212 ], [ -99.396530921282078, 18.647672606929667 ], [ -99.393522360749188, 18.649842354372169 ], [ -99.382861278207756, 18.637503999729653 ], [ -99.383035668029777, 18.62791582930064 ], [ -99.354768404899644, 18.615325371101999 ], [ -99.346970481407752, 18.640273136702824 ], [ -99.344461347885243, 18.639740314101232 ], [ -99.344307493496871, 18.635420896625387 ], [ -99.343520048934693, 18.637317961258141 ], [ -99.342713648065725, 18.635112720302459 ], [ -99.338450556865325, 18.634242128548852 ], [ -99.338867868421161, 18.63035513524002 ], [ -99.336293475205466, 18.630793668297258 ], [ -99.33721358264124, 18.626579415609189 ], [ -99.334485188199309, 18.624933676914992 ], [ -99.336413139463573, 18.622611452909716 ], [ -99.333852753202748, 18.622059000541647 ], [ -99.33684550409312, 18.594756267010627 ], [ -99.334228025170361, 18.587509539336775 ], [ -99.327667458413671, 18.585691849561389 ], [ -99.329506557855595, 18.581517472002307 ], [ -99.325564171425071, 18.572591596693933 ], [ -99.33221907222358, 18.572593912255822 ], [ -99.356183927455476, 18.565863849659856 ], [ -99.362198699290801, 18.568660966807258 ], [ -99.35775073852696, 18.551678486689095 ], [ -99.342058654255595, 18.558741964067639 ], [ -99.344600270131551, 18.526626918558783 ], [ -99.353783186077777, 18.542321184349294 ], [ -99.363855004013161, 18.542191246071166 ], [ -99.366847832621445, 18.540411469667493 ], [ -99.364499622927397, 18.524446670724835 ], [ -99.370536244148369, 18.51719824821037 ], [ -99.383872927062498, 18.51761026329542 ], [ -99.385462402849683, 18.524166483395799 ], [ -99.389670496270099, 18.523203622939008 ], [ -99.406897330528849, 18.554607783706533 ], [ -99.43809532558609, 18.568205147060674 ], [ -99.436490142086399, 18.582155158078546 ], [ -99.423041938474, 18.591023646667686 ], [ -99.441481346748134, 18.609204442572011 ], [ -99.453568737816866, 18.606232259576284 ], [ -99.451787770556948, 18.610048387130039 ], [ -99.455434807687269, 18.615009188062544 ], [ -99.45984512657347, 18.636027358833168 ], [ -99.464476663704971, 18.644795727439913 ], [ -99.458157439885369, 18.651743631102736 ] ] ] } },
{ "type": "Feature", "properties": { "cve_edo": "17", "cve_mpo_ine": "002", "cve_edo_mpo_ine": "17002", "nom_mpo": "ATLATLAHUCAN", "nom_edo": "Morelos", "alianza_ganadora": "Juntos Haremos Historia", "margen_pp": 16.13314222009874, "por_participacion": 67.89209060928799 }, "geometry": { "type": "Polygon", "coordinates": [ [ [ -98.95873283180569, 18.925420063588543 ], [ -98.960194733823059, 18.931123759156335 ], [ -98.953005421256705, 18.928036318937057 ], [ -98.949145613396865, 18.929084919355233 ], [ -98.931836065064729, 18.946535353248933 ], [ -98.929449519242212, 18.952458465023401 ], [ -98.923910751757688, 18.949021912920369 ], [ -98.921217154509037, 18.955736916264378 ], [ -98.911646114520877, 18.952913480231288 ], [ -98.908109715919224, 18.959292167026522 ], [ -98.900530915505257, 18.958435720840029 ], [ -98.899881929369698, 18.967521893968794 ], [ -98.896592200871325, 18.973541157416076 ], [ -98.891359555116281, 18.972264474904058 ], [ -98.890609269910968, 18.979525743750393 ], [ -98.883235575430959, 18.992504627139979 ], [ -98.881702621299468, 18.999926546729249 ], [ -98.870177362997396, 19.000661597242246 ], [ -98.868177070269311, 18.988904194689745 ], [ -98.85781952368977, 18.974442045458289 ], [ -98.860452841861516, 18.965911318798589 ], [ -98.842131410956824, 18.951387928705525 ], [ -98.839029311385119, 18.953159647075033 ], [ -98.836293829443179, 18.948468545735583 ], [ -98.839120944823506, 18.94059875449312 ], [ -98.837817262099293, 18.935585987310258 ], [ -98.844825610009664, 18.932106434535147 ], [ -98.851095694875838, 18.918817721309356 ], [ -98.859426805896902, 18.909857347688241 ], [ -98.860382678049646, 18.912615687484553 ], [ -98.869218576374067, 18.906625102250494 ], [ -98.881250552276484, 18.907727633289845 ], [ -98.887325714734729, 18.904068023032764 ], [ -98.891457264824851, 18.908217915255083 ], [ -98.90495893503909, 18.89088100081317 ], [ -98.913388289996476, 18.888672834312569 ], [ -98.917921177068735, 18.892887772305137 ], [ -98.91973919465228, 18.886626255860751 ], [ -98.928243321535604, 18.882019939500442 ], [ -98.941382064397203, 18.890680553651432 ], [ -98.959801369826494, 18.881589501700578 ], [ -98.959358692779276, 18.89224302841701 ], [ -98.966782497151883, 18.896432836010359 ], [ -98.965334828872784, 18.899494295901324 ], [ -98.958509514929418, 18.903091732041737 ], [ -98.955914056977349, 18.908012000962444 ], [ -98.953601614978169, 18.9168600845403 ], [ -98.956735603719821, 18.920139530195559 ], [ -98.955606131637154, 18.922979585578805 ], [ -98.95873283180569, 18.925420063588543 ] ] ] } },
{ "type": "Feature", "properties": { "cve_edo": "17", "cve_mpo_ine": "003", "cve_edo_mpo_ine": "17003", "nom_mpo": "AXOCHIAPAN", "nom_edo": "Morelos", "alianza_ganadora": "Juntos Haremos Historia", "margen_pp": 44.144255793778662, "por_participacion": 59.497124317947197 }, "geometry": { "type": "Polygon", "coordinates": [ [ [ -98.70103818858685, 18.512323415544863 ], [ -98.701414039276131, 18.5108911950873 ], [ -98.706019011359487, 18.511985332916776 ], [ -98.705300278666215, 18.507914525320768 ], [ -98.70267761808536, 18.506251111495949 ], [ -98.707778075133191, 18.498725678403659 ], [ -98.704507137334943, 18.498032978452596 ], [ -98.707025544648687, 18.494425069994435 ], [ -98.701261291340174, 18.49703475788964 ], [ -98.699197921704027, 18.49459708217827 ], [ -98.702872608960391, 18.486383754106772 ], [ -98.702374391584513, 18.479907336419814 ], [ -98.707389296481097, 18.478467054661955 ], [ -98.70408179495162, 18.471814529646071 ], [ -98.709655285408161, 18.467496577894298 ], [ -98.705833012262829, 18.464146922293452 ], [ -98.709838810520068, 18.463571037067954 ], [ -98.708096959433405, 18.459423002779541 ], [ -98.709785356537395, 18.456830189919366 ], [ -98.705344993217707, 18.456300212906235 ], [ -98.711388197986295, 18.451878641330914 ], [ -98.706376824584694, 18.447727408722503 ], [ -98.706183592543738, 18.444780947418515 ], [ -98.709237733688539, 18.44154770848332 ], [ -98.705122592878084, 18.440071528113638 ], [ -98.702402103753258, 18.434364076733459 ], [ -98.707035420267232, 18.436182428816171 ], [ -98.709195233061592, 18.433965380877307 ], [ -98.715490510821752, 18.433311107408112 ], [ -98.730588783196723, 18.439793750798042 ], [ -98.736606310760322, 18.444989805878535 ], [ -98.738794942059741, 18.455001141365283 ], [ -98.742231174382567, 18.45818337567864 ], [ -98.742089186888109, 18.4646909002794 ], [ -98.744476103358792, 18.468360978125698 ], [ -98.742529936022649, 18.470955006525298 ], [ -98.744974901882983, 18.474625606909775 ], [ -98.761215580902103, 18.482079729094419 ], [ -98.765224651395457, 18.476356518507885 ], [ -98.772032807673526, 18.478662427878294 ], [ -98.774852568113445, 18.482427859492692 ], [ -98.780146450574222, 18.480084303455701 ], [ -98.786704250327119, 18.484039865077932 ], [ -98.783703704225289, 18.487536974673567 ], [ -98.787064042282893, 18.492251633302001 ], [ -98.789573672558305, 18.490905888082384 ], [ -98.793416247129244, 18.494173715607147 ], [ -98.793381718628851, 18.496909594249605 ], [ -98.79876183354628, 18.497786430091274 ], [ -98.799981735866325, 18.502191699270131 ], [ -98.803976096493187, 18.502641553618549 ], [ -98.803079537705429, 18.504789422398343 ], [ -98.810473010630247, 18.51157062189613 ], [ -98.808763884628291, 18.513794287694495 ], [ -98.811121398145886, 18.515348930791195 ], [ -98.810554509671377, 18.518950731727557 ], [ -98.815899702374139, 18.51804410978934 ], [ -98.818000622455529, 18.521586366460252 ], [ -98.820148405800552, 18.520399118040562 ], [ -98.820500405617778, 18.526772172503158 ], [ -98.811458117218365, 18.525038935577395 ], [ -98.814448722999643, 18.527572453275884 ], [ -98.812962874724079, 18.530455249478329 ], [ -98.816141249884382, 18.533620087759083 ], [ -98.81579630166739, 18.538356382318671 ], [ -98.810307787400959, 18.546235115133388 ], [ -98.816191474632376, 18.564960350832539 ], [ -98.810112371292277, 18.569633802265862 ], [ -98.797844990477941, 18.565863181992828 ], [ -98.797717776085406, 18.578913239612177 ], [ -98.759111290698925, 18.582662346947966 ], [ -98.760065559910672, 18.585419101616292 ], [ -98.737591047774828, 18.588493285751099 ], [ -98.736632541191454, 18.575524201308465 ], [ -98.722984045052414, 18.583204428746523 ], [ -98.712655595412841, 18.584800785135936 ], [ -98.713790781247724, 18.57902697650297 ], [ -98.711810314246804, 18.573798238123214 ], [ -98.716551246661652, 18.573164893550199 ], [ -98.715259417982423, 18.568756613640545 ], [ -98.712330536955079, 18.568816250535964 ], [ -98.713408524819741, 18.565028766082627 ], [ -98.716336105848441, 18.565716468883949 ], [ -98.714155638916651, 18.560157738539164 ], [ -98.709350842568767, 18.559146902014916 ], [ -98.712229880500715, 18.557889542075632 ], [ -98.711218277333899, 18.556176252582564 ], [ -98.705716381684809, 18.552105730189435 ], [ -98.708375660792512, 18.54189083683023 ], [ -98.703951822188856, 18.540026685549961 ], [ -98.702443525178879, 18.532844150484557 ], [ -98.706466916269349, 18.531543777137518 ], [ -98.705427692588344, 18.52818362031352 ], [ -98.712322769315975, 18.52243025679288 ], [ -98.711053262132936, 18.51717058224196 ], [ -98.70103818858685, 18.512323415544863 ] ] ] } },
{ "type": "Feature", "properties": { "cve_edo": "17", "cve_mpo_ine": "004", "cve_edo_mpo_ine": "17004", "nom_mpo": "AYALA", "nom_edo": "Morelos", "alianza_ganadora": "Juntos Haremos Historia", "margen_pp": 3.9031355982626286, "por_participacion": 51.869454517398353 }, "geometry": { "type": "Polygon", "coordinates": [ [ [ -99.048431000659789, 18.830934177689446 ], [ -99.003190623075199, 18.805993121646249 ], [ -98.99002935412598, 18.803512699759914 ], [ -98.989324632704665, 18.80057471776016 ], [ -98.977337491848033, 18.799108818533213 ], [ -98.965233671931841, 18.802031131708375 ], [ -98.965617426337374, 18.796624070336346 ], [ -98.955415142902737, 18.80247326542424 ], [ -98.954029772989074, 18.795537651159872 ], [ -98.950131980868591, 18.791533833411357 ], [ -98.944123395942682, 18.789134283869515 ], [ -98.940690347378421, 18.784400605451378 ], [ -98.937187633170609, 18.785130335541417 ], [ -98.936696321152752, 18.773422297131354 ], [ -98.952114236279826, 18.767952942540763 ], [ -98.957909918220892, 18.759252910092403 ], [ -98.939584870097974, 18.751857893443166 ], [ -98.924972472682541, 18.739304111976363 ], [ -98.920394744906346, 18.747482779897791 ], [ -98.921700482210582, 18.755370880563525 ], [ -98.914150411457939, 18.764343996701335 ], [ -98.910090513002828, 18.773352966440431 ], [ -98.901759278661686, 18.779396220502615 ], [ -98.902815963697634, 18.780440000444415 ], [ -98.900764435666716, 18.780109844659719 ], [ -98.90024501763132, 18.784411695144964 ], [ -98.89834818080837, 18.783724194492819 ], [ -98.895270562421032, 18.790858374750236 ], [ -98.889769141054558, 18.795723846296667 ], [ -98.8848121439067, 18.790568812995907 ], [ -98.883957288928229, 18.775529257094306 ], [ -98.865493804405148, 18.769405095893596 ], [ -98.856966795826665, 18.763226926078779 ], [ -98.853430648351093, 18.762568585031364 ], [ -98.841686254661511, 18.767044233544095 ], [ -98.835563379424897, 18.76228423725636 ], [ -98.83895716924583, 18.744010968003195 ], [ -98.854518358018836, 18.72192655199845 ], [ -98.871669090094755, 18.729238766688773 ], [ -98.875317304728441, 18.702068928574938 ], [ -98.870508097118346, 18.699355953731295 ], [ -98.866073977710286, 18.689317700755751 ], [ -98.870346043450525, 18.685820844172635 ], [ -98.875589202531401, 18.685934059136745 ], [ -98.876910221569801, 18.683701234448087 ], [ -98.874612825750205, 18.672603504958683 ], [ -98.884791445796694, 18.676297536916969 ], [ -98.902774662606504, 18.675065965208915 ], [ -98.916174485357317, 18.677605829193926 ], [ -98.920832984931906, 18.676323638191725 ], [ -98.918250925127793, 18.674558934950355 ], [ -98.928545103013775, 18.676413115466243 ], [ -98.939078435141525, 18.671124089868144 ], [ -98.935617170658986, 18.662449821195967 ], [ -98.928240723707404, 18.654031974353636 ], [ -98.931179906288691, 18.647030997852525 ], [ -98.945981062246574, 18.634830876770806 ], [ -98.95237446116748, 18.645914092905592 ], [ -98.959702782926499, 18.650221710004107 ], [ -98.978363341816944, 18.638441695004698 ], [ -98.981212723117736, 18.628385118355219 ], [ -98.969851034047906, 18.61477874215273 ], [ -98.967785604625391, 18.595629667509872 ], [ -98.982908223845655, 18.591139326092438 ], [ -99.004273922035566, 18.595073613384532 ], [ -99.010436561158812, 18.590424442949352 ], [ -99.012368642171793, 18.570718037049748 ], [ -99.037846583111659, 18.561560722449826 ], [ -99.04271118966642, 18.578565940184543 ], [ -99.039910159153678, 18.579052235164241 ], [ -99.039563696865656, 18.582254542847043 ], [ -99.044909237327104, 18.587447074984006 ], [ -99.0429415244285, 18.588812024176629 ], [ -99.036341970752133, 18.584908504173953 ], [ -99.033805408874329, 18.58638194605626 ], [ -99.040703411578264, 18.590632860217923 ], [ -99.03974192507097, 18.596597752547879 ], [ -99.03665361392359, 18.599377516357542 ], [ -99.040864321679265, 18.602073970294779 ], [ -99.036581232546666, 18.603987793647047 ], [ -99.032310099381377, 18.601189825365541 ], [ -99.032893447042653, 18.607922480258274 ], [ -99.035519246904386, 18.60788144375136 ], [ -99.036480806068383, 18.611793414102792 ], [ -99.029670514628165, 18.609993672819567 ], [ -99.025796828095736, 18.616757382844312 ], [ -99.027171129764696, 18.621936372516537 ], [ -99.021069182623634, 18.624174450007796 ], [ -99.022533116048635, 18.626726394539041 ], [ -99.020270457530728, 18.632425361653304 ], [ -99.01200149315892, 18.630513878002468 ], [ -99.012176646820649, 18.633162101525013 ], [ -99.017320627866596, 18.633150331855514 ], [ -99.015503690120426, 18.636478231421414 ], [ -99.009771455421571, 18.633338831304407 ], [ -99.009321027880162, 18.635681993333819 ], [ -99.001396416337997, 18.638185419471416 ], [ -98.999783571946338, 18.644849304121095 ], [ -98.996540312019093, 18.643828600049673 ], [ -98.998281560437604, 18.648618207859631 ], [ -99.003488296084811, 18.649085471490455 ], [ -99.00356219381348, 18.653102427886658 ], [ -99.001525791409946, 18.653038012586144 ], [ -99.000749437485766, 18.656429339937667 ], [ -99.005727677315321, 18.656772559524583 ], [ -99.005764881191098, 18.662261759903895 ], [ -99.00104004561193, 18.66158714183409 ], [ -99.000676061811646, 18.665650369186778 ], [ -99.017252833755464, 18.669200005427601 ], [ -99.032540778529309, 18.677418282731807 ], [ -99.038067570387909, 18.666440056543586 ], [ -99.044719540396812, 18.666699339066376 ], [ -99.046617547447426, 18.669057272172065 ], [ -99.053048957923068, 18.667912000157578 ], [ -99.062191484300286, 18.675605289900446 ], [ -99.062807258782897, 18.66721649349892 ], [ -99.094817141361389, 18.661149092659588 ], [ -99.084047141091929, 18.678691770893785 ], [ -99.08355774301981, 18.684558318896713 ], [ -99.087039668023181, 18.684276014510591 ], [ -99.091546286764114, 18.69249252680585 ], [ -99.09192867927716, 18.707953884828971 ], [ -99.089935466436714, 18.706384043186706 ], [ -99.066931322404002, 18.712121789206847 ], [ -99.075379957397175, 18.724849424404386 ], [ -99.077635119221441, 18.75094032857735 ], [ -99.070423728092109, 18.758831173744184 ], [ -99.071515739478926, 18.774313531503928 ], [ -99.062179207975817, 18.785974666691899 ], [ -99.059821348464027, 18.79714239802033 ], [ -99.053776756489114, 18.795681956911562 ], [ -99.047276170487478, 18.804460282997169 ], [ -99.050319326122818, 18.810581243650923 ], [ -99.048431000659789, 18.830934177689446 ] ] ] } },
{ "type": "Feature", "properties": { "cve_edo": "17", "cve_mpo_ine": "034", "cve_edo_mpo_ine": "17034", "nom_mpo": "COATETELCO", "nom_edo": "Morelos", "alianza_ganadora": "Otros", "margen_pp": 30.466072652501712, "por_participacion": 36.557253821097468 }, "geometry": { "type": "Polygon", "coordinates": [ [ [ -99.333430167849983, 18.688238793377895 ], [ -99.328084144339911, 18.715769121499143 ], [ -99.338033795100927, 18.721894728572419 ], [ -99.356220349281543, 18.739417422704786 ], [ -99.357782976934956, 18.745951211489515 ], [ -99.350461717530777, 18.755657460847388 ], [ -99.344019170579685, 18.749467954570395 ], [ -99.333230299428507, 18.764569583615284 ], [ -99.33004311510777, 18.765420359151761 ], [ -99.323200727384631, 18.761428114132794 ], [ -99.315702542637212, 18.76214930597386 ], [ -99.311177244805904, 18.767067677979668 ], [ -99.314731269843577, 18.774309493251167 ], [ -99.301901576947401, 18.778862760110187 ], [ -99.292655638943828, 18.785237822714684 ], [ -99.286512782836212, 18.781050006032853 ], [ -99.276546984732306, 18.76296388821719 ], [ -99.276798692252925, 18.757887597922924 ], [ -99.292220350988003, 18.754850384635056 ], [ -99.297967990329568, 18.739360143421134 ], [ -99.281108285465805, 18.736867098344252 ], [ -99.279893986631265, 18.725928858387263 ], [ -99.282281936523873, 18.710074568365584 ], [ -99.290616829741069, 18.700157758030315 ], [ -99.300657870007257, 18.694728237593328 ], [ -99.315981600939253, 18.689053204276657 ], [ -99.333430167849983, 18.688238793377895 ] ] ] } },
{ "type": "Feature", "properties": { "cve_edo": "17", "cve_mpo_ine": "005", "cve_edo_mpo_ine": "17005", "nom_mpo": "COATLAN DEL RIO", "nom_edo": "Morelos", "alianza_ganadora": "Otros", "margen_pp": 7.288918205804749, "por_participacion": 72.457880272433982 }, "geometry": { "type": "Polygon", "coordinates": [ [ [ -99.435673394794918, 18.824111851263783 ], [ -99.399177132047257, 18.756099640124383 ], [ -99.389860475158471, 18.749538415225903 ], [ -99.385467125433763, 18.750327186081297 ], [ -99.378957925959014, 18.744195170152398 ], [ -99.39048153079024, 18.73759224804234 ], [ -99.399914722064835, 18.746086060267672 ], [ -99.406531632004103, 18.746826174243626 ], [ -99.409962652882626, 18.745223059135697 ], [ -99.408994063044062, 18.737856946833585 ], [ -99.41554097011219, 18.738987275728793 ], [ -99.423413752858266, 18.731590673943344 ], [ -99.426347797760059, 18.732251464953393 ], [ -99.429380153864656, 18.729500333159994 ], [ -99.434305570154393, 18.724473772019063 ], [ -99.423168786371093, 18.703874993248178 ], [ -99.461330855397279, 18.706581664652052 ], [ -99.46712706712033, 18.694867943064537 ], [ -99.440987646850246, 18.682722473996879 ], [ -99.435456925148586, 18.674102156871442 ], [ -99.449167340265149, 18.659660587035397 ], [ -99.446432792694893, 18.653216459273583 ], [ -99.444013290958154, 18.653729034899026 ], [ -99.437032388161285, 18.647476182150321 ], [ -99.441740101270824, 18.647910023069294 ], [ -99.453077025047833, 18.642992984533834 ], [ -99.451883366781445, 18.647626617295323 ], [ -99.456475908462011, 18.647418767197976 ], [ -99.458157439885369, 18.651743631102736 ], [ -99.464476663704971, 18.644795727439913 ], [ -99.472554199841738, 18.662569930104016 ], [ -99.479281764986652, 18.688116603167046 ], [ -99.484793186156537, 18.700170390102237 ], [ -99.488194797443313, 18.702129954200252 ], [ -99.494418432246491, 18.721331022401376 ], [ -99.48732671452855, 18.732413465075762 ], [ -99.482391984083748, 18.735149276881877 ], [ -99.466704514509701, 18.754641042383721 ], [ -99.463644111049177, 18.768298464803166 ], [ -99.456038429244302, 18.776495386779057 ], [ -99.448125399306591, 18.79118820972214 ], [ -99.448786627103061, 18.80097077766888 ], [ -99.445024074508154, 18.818858383669848 ], [ -99.439648856482435, 18.82459091903204 ], [ -99.435673394794918, 18.824111851263783 ] ] ] } },
{ "type": "Feature", "properties": { "cve_edo": "17", "cve_mpo_ine": "006", "cve_edo_mpo_ine": "17006", "nom_mpo": "CUAUTLA", "nom_edo": "Morelos", "alianza_ganadora": "Juntos Haremos Historia", "margen_pp": 17.540749708158589, "por_participacion": 47.308242994477403 }, "geometry": { "type": "Polygon", "coordinates": [ [ [ -98.924256673452504, 18.850039332190249 ], [ -98.919213349550233, 18.852464994679003 ], [ -98.906780142468108, 18.851508821648824 ], [ -98.908879293025336, 18.834824597506874 ], [ -98.913308135153784, 18.831530448043782 ], [ -98.920257060549744, 18.834528417715749 ], [ -98.925956658223157, 18.831164687284002 ], [ -98.923926727417637, 18.822310711978947 ], [ -98.929271889773673, 18.807450777525084 ], [ -98.901582701177503, 18.803302513295744 ], [ -98.887643130699843, 18.798712714595727 ], [ -98.888116816195918, 18.795930129524216 ], [ -98.891999221842084, 18.79491723498397 ], [ -98.895270562421032, 18.790858374750236 ], [ -98.89834818080837, 18.783724194492819 ], [ -98.90024501763132, 18.784411695144964 ], [ -98.900764435666716, 18.780109844659719 ], [ -98.902815963697634, 18.780440000444415 ], [ -98.901759278661686, 18.779396220502615 ], [ -98.910090513002828, 18.773352966440431 ], [ -98.914150411457939, 18.764343996701335 ], [ -98.921700482210582, 18.755370880563525 ], [ -98.920394744906346, 18.747482779897791 ], [ -98.924972472682541, 18.739304111976363 ], [ -98.939584870097974, 18.751857893443166 ], [ -98.957909918220892, 18.759252910092403 ], [ -98.952114236279826, 18.767952942540763 ], [ -98.936696321152752, 18.773422297131354 ], [ -98.937187633170609, 18.785130335541417 ], [ -98.940690347378421, 18.784400605451378 ], [ -98.944123395942682, 18.789134283869515 ], [ -98.950131980868591, 18.791533833411357 ], [ -98.954029772989074, 18.795537651159872 ], [ -98.955415142902737, 18.80247326542424 ], [ -98.965617426337374, 18.796624070336346 ], [ -98.965233671931841, 18.802031131708375 ], [ -98.977337491848033, 18.799108818533213 ], [ -98.989324632704665, 18.80057471776016 ], [ -98.99002935412598, 18.803512699759914 ], [ -99.003190623075199, 18.805993121646249 ], [ -99.048431000659789, 18.830934177689446 ], [ -99.048663302981396, 18.836473235152283 ], [ -99.04619253306825, 18.839778006261362 ], [ -99.049091158151114, 18.844281494960452 ], [ -99.041108485572039, 18.848483146360675 ], [ -99.040765465784261, 18.857912097647624 ], [ -99.014131270958671, 18.85423953555555 ], [ -99.001874467955403, 18.859963499863191 ], [ -99.005388696181939, 18.870796366421274 ], [ -98.988571963937005, 18.866153712070641 ], [ -98.971438602751718, 18.882374817016618 ], [ -98.966593677502331, 18.880533520772325 ], [ -98.958437322117803, 18.881359316158381 ], [ -98.954958518541758, 18.883188852094502 ], [ -98.955424897680601, 18.885073589628423 ], [ -98.944572213955468, 18.888239071999614 ], [ -98.942740149225813, 18.890598651856354 ], [ -98.928178845120357, 18.881656993963585 ], [ -98.924745006551149, 18.882981696575261 ], [ -98.911913072893256, 18.873182421152453 ], [ -98.922837028178776, 18.860725719870391 ], [ -98.925146296303595, 18.860563979891015 ], [ -98.928419207076672, 18.852491604062553 ], [ -98.924256673452504, 18.850039332190249 ] ] ] } },
{ "type": "Feature", "properties": { "cve_edo": "17", "cve_mpo_ine": "007", "cve_edo_mpo_ine": "17007", "nom_mpo": "CUERNAVACA", "nom_edo": "Morelos", "alianza_ganadora": "Va por México", "margen_pp": 3.5407253516190087, "por_participacion": 49.085494602431801 }, "geometry": { "type": "MultiPolygon", "coordinates": [ [ [ [ -99.244222077890086, 18.853785892647622 ], [ -99.237104903208134, 18.840916421804799 ], [ -99.246430149528265, 18.826796455105736 ], [ -99.261693406662843, 18.853774309577954 ], [ -99.248844688965718, 18.857670413505584 ], [ -99.244222077890086, 18.853785892647622 ] ] ], [ [ [ -99.205129287100164, 18.910596702133439 ], [ -99.206942592419324, 18.911403008815693 ], [ -99.207162816854733, 18.90590349122397 ], [ -99.211024392421777, 18.907773300438553 ], [ -99.212964701639422, 18.904474468867853 ], [ -99.209395179315948, 18.898751643329774 ], [ -99.210786497923152, 18.895522257198884 ], [ -99.20763414416183, 18.894271915720648 ], [ -99.207987859376686, 18.888686070649815 ], [ -99.202363667122469, 18.886937063111269 ], [ -99.202718692847967, 18.880435439663426 ], [ -99.200692336827231, 18.880499216742813 ], [ -99.200524575080379, 18.87725420482025 ], [ -99.208988341904544, 18.875981145351965 ], [ -99.217067512548439, 18.878776838463935 ], [ -99.221782803894286, 18.87416291158544 ], [ -99.221486326726506, 18.86216035133307 ], [ -99.226845593568271, 18.867096430658258 ], [ -99.227034365020856, 18.8722468618938 ], [ -99.230965452659575, 18.878785758689403 ], [ -99.235429502120326, 18.87890069384542 ], [ -99.235914304444862, 18.881969482937585 ], [ -99.245705893235595, 18.87872347993218 ], [ -99.258504223369201, 18.894532160744593 ], [ -99.271769971366609, 18.889626932725516 ], [ -99.276340431103577, 18.889941904674107 ], [ -99.28003544412141, 18.892887477667422 ], [ -99.292309085382954, 18.890734377021708 ], [ -99.300613032263257, 18.90128381546354 ], [ -99.31350698195871, 18.904593381879611 ], [ -99.340057411473069, 18.923267222351033 ], [ -99.34196565695693, 18.932584356912162 ], [ -99.325552975550622, 18.934948132620395 ], [ -99.317084416068269, 18.93990361928121 ], [ -99.31684288143461, 18.944884346254586 ], [ -99.30924995616833, 18.95307916920137 ], [ -99.30856288953612, 18.975329424773086 ], [ -99.311668516370872, 18.987130985252925 ], [ -99.310133647897274, 18.997101563328687 ], [ -99.3186469982776, 19.006937749130209 ], [ -99.315537861143994, 19.008881110014297 ], [ -99.321145336343804, 19.010718360538153 ], [ -99.311282067575021, 19.026952825293055 ], [ -99.294916799401264, 19.025167622173495 ], [ -99.284039808584353, 19.012284052361608 ], [ -99.267727185863208, 19.002977172373932 ], [ -99.220133703328358, 19.007075472217611 ], [ -99.19369936273992, 19.000165074936369 ], [ -99.183191434373882, 18.982432583451182 ], [ -99.181618950018645, 18.975183726363138 ], [ -99.180743368595017, 18.948829726754131 ], [ -99.182577366169866, 18.949324071018708 ], [ -99.185018207490771, 18.931262306167618 ], [ -99.181657492333542, 18.91694823533 ], [ -99.193679137109768, 18.917759785336475 ], [ -99.194322096148824, 18.911091156811818 ], [ -99.196888478334245, 18.909176057848242 ], [ -99.195801313671424, 18.900721428770897 ], [ -99.205178525133761, 18.906182906009899 ], [ -99.205129287100164, 18.910596702133439 ] ] ] ] } },
{ "type": "Feature", "properties": { "cve_edo": "17", "cve_mpo_ine": "008", "cve_edo_mpo_ine": "17008", "nom_mpo": "EMILIANO ZAPATA", "nom_edo": "Morelos", "alianza_ganadora": "Juntos Haremos Historia", "margen_pp": 7.5705320291739699, "por_participacion": 52.478229264023021 }, "geometry": { "type": "Polygon", "coordinates": [ [ [ -99.20759858684869, 18.840301284575034 ], [ -99.202690881382452, 18.842745951947933 ], [ -99.202359361184079, 18.852827675234447 ], [ -99.21202638009818, 18.852659113960726 ], [ -99.212299142501706, 18.872738096637743 ], [ -99.200177603621341, 18.873113900490949 ], [ -99.200439175163737, 18.870813554339204 ], [ -99.186330402376413, 18.862435564814671 ], [ -99.18973123558483, 18.858021197824655 ], [ -99.178959402446381, 18.857198803558404 ], [ -99.173373231855223, 18.852934079994579 ], [ -99.172459468832884, 18.861073466563862 ], [ -99.168656538515776, 18.860992263050381 ], [ -99.162919555810134, 18.855333353479004 ], [ -99.162763843489941, 18.849256404652753 ], [ -99.154032524040801, 18.844829228030626 ], [ -99.143312538076486, 18.83270161573876 ], [ -99.152168866737085, 18.816468134093284 ], [ -99.160205528709113, 18.807445327701529 ], [ -99.160212427516043, 18.800265376588822 ], [ -99.1496912095661, 18.785054774892163 ], [ -99.146191586351947, 18.768507624312274 ], [ -99.147032845718314, 18.759132161601375 ], [ -99.160709336094698, 18.751123669523682 ], [ -99.173323517790422, 18.747843107332272 ], [ -99.175175043269832, 18.742358229815739 ], [ -99.18249992161941, 18.745701424068592 ], [ -99.186808960815767, 18.75319479096575 ], [ -99.190786817372214, 18.754891719177287 ], [ -99.191908350045182, 18.760956207930796 ], [ -99.18959595375604, 18.761812543871546 ], [ -99.189595317527449, 18.775216223137697 ], [ -99.192696592796153, 18.777994528141246 ], [ -99.191540737891486, 18.783672674041334 ], [ -99.189232180888496, 18.783869738196575 ], [ -99.188488777374474, 18.789812467449536 ], [ -99.186071905406706, 18.791606752190521 ], [ -99.189054871724338, 18.799233816115031 ], [ -99.209537082710611, 18.794982412103998 ], [ -99.209799152949202, 18.802851044223434 ], [ -99.214076645620722, 18.809044324516567 ], [ -99.210281676170084, 18.81616497032585 ], [ -99.20759858684869, 18.840301284575034 ] ] ] } },
{ "type": "Feature", "properties": { "cve_edo": "17", "cve_mpo_ine": "009", "cve_edo_mpo_ine": "17009", "nom_mpo": "HUITZILAC", "nom_edo": "Morelos", "alianza_ganadora": "Juntos Haremos Historia", "margen_pp": 3.4295562257647565, "por_participacion": 72.612939557001638 }, "geometry": { "type": "Polygon", "coordinates": [ [ [ -99.281949153145163, 19.133710583566614 ], [ -99.225316745620205, 19.094760501905448 ], [ -99.215702997149918, 19.090502098491331 ], [ -99.125673210450472, 19.087848536080749 ], [ -99.167161010036978, 19.023788628015712 ], [ -99.19369936273992, 19.000165074936369 ], [ -99.220133703328358, 19.007075472217611 ], [ -99.267727185863208, 19.002977172373932 ], [ -99.284039808584353, 19.012284052361608 ], [ -99.294916799401264, 19.025167622173495 ], [ -99.319806041657344, 19.029768218124456 ], [ -99.320523296291157, 19.043923659305136 ], [ -99.310741813762121, 19.044055156355221 ], [ -99.320067641383559, 19.057676951753574 ], [ -99.289263080370887, 19.115487500215824 ], [ -99.290049526754174, 19.117432218075852 ], [ -99.281949153145163, 19.133710583566614 ] ] ] } },
{ "type": "Feature", "properties": { "cve_edo": "17", "cve_mpo_ine": "010", "cve_edo_mpo_ine": "17010", "nom_mpo": "JANTETELCO", "nom_edo": "Morelos", "alianza_ganadora": "Juntos Haremos Historia", "margen_pp": 8.825761682749647, "por_participacion": 70.131548931640168 }, "geometry": { "type": "Polygon", "coordinates": [ [ [ -98.728980479497096, 18.669047015549612 ], [ -98.727300422469753, 18.669691320314207 ], [ -98.724735282086215, 18.658907866729518 ], [ -98.719657018955743, 18.655319876324249 ], [ -98.720609936715576, 18.638986551703294 ], [ -98.718288037035464, 18.638350036744431 ], [ -98.719366306058689, 18.636680703518383 ], [ -98.716207271175108, 18.629218075727202 ], [ -98.717684670983289, 18.627088523908967 ], [ -98.711757663893366, 18.615638672834965 ], [ -98.714957564649282, 18.612495394032514 ], [ -98.713313547448863, 18.605885542310457 ], [ -98.719197658325015, 18.604658911104213 ], [ -98.717608354386996, 18.60243982596128 ], [ -98.719031812519333, 18.600642286035772 ], [ -98.716741388712606, 18.597851154413586 ], [ -98.717460046465703, 18.59519162333045 ], [ -98.714980766591651, 18.595799700623623 ], [ -98.715280721396454, 18.592026364058583 ], [ -98.711707520786376, 18.58837970913364 ], [ -98.712655595412841, 18.584800785135936 ], [ -98.722984045052414, 18.583204428746523 ], [ -98.736632541191454, 18.575524201308465 ], [ -98.737591047774828, 18.588493285751099 ], [ -98.748044222132563, 18.587383301076116 ], [ -98.750470706145421, 18.591744601064832 ], [ -98.750429332379937, 18.588913909870335 ], [ -98.753124519796827, 18.588864767111126 ], [ -98.755845545325656, 18.599483897435398 ], [ -98.760182945091799, 18.601570846998428 ], [ -98.760791810277809, 18.610161403929421 ], [ -98.755312135613678, 18.616712158647434 ], [ -98.753051061574865, 18.626758531475986 ], [ -98.753921236782034, 18.630817427404899 ], [ -98.762901107650023, 18.633929641723707 ], [ -98.761798875445308, 18.642507970746497 ], [ -98.766978619535081, 18.643476560487812 ], [ -98.767214869159474, 18.65337160197927 ], [ -98.759828243938429, 18.654156840175933 ], [ -98.753802681336708, 18.649738668403582 ], [ -98.752033327320547, 18.65170075697463 ], [ -98.754098886899115, 18.658493825798757 ], [ -98.747350415738083, 18.658444020797344 ], [ -98.747546416334202, 18.665490678444989 ], [ -98.78013527058458, 18.666549062473766 ], [ -98.78749808849156, 18.672069827606808 ], [ -98.784556082520865, 18.678200486577911 ], [ -98.787829560081377, 18.68193962582048 ], [ -98.784017304923751, 18.692221543544715 ], [ -98.789565172164117, 18.69284876109765 ], [ -98.800005687056839, 18.70051879966201 ], [ -98.812160638150232, 18.703167195059361 ], [ -98.854518358018836, 18.72192655199845 ], [ -98.840068675965838, 18.741870633107204 ], [ -98.83756037386496, 18.751201181951632 ], [ -98.796493585309435, 18.739179295813688 ], [ -98.79152464420892, 18.742957207012182 ], [ -98.785939708217313, 18.742669520588425 ], [ -98.782234887498234, 18.739999443348083 ], [ -98.782287791174497, 18.731615256738774 ], [ -98.765533010311813, 18.726266471979297 ], [ -98.739022628000043, 18.734452201772655 ], [ -98.726168558223435, 18.748021811107598 ], [ -98.71332607959809, 18.740340959739299 ], [ -98.717629589703137, 18.737584247702884 ], [ -98.719221409496129, 18.727533847627985 ], [ -98.72280987188725, 18.724703179350762 ], [ -98.723430994359518, 18.719161762474066 ], [ -98.7306467432592, 18.712613706185518 ], [ -98.735617858658443, 18.712543148235522 ], [ -98.735676615275182, 18.710010705480588 ], [ -98.739783173173691, 18.70822205450192 ], [ -98.741127881219612, 18.704883213753273 ], [ -98.739566979557381, 18.69422980513523 ], [ -98.728980479497096, 18.669047015549612 ] ] ] } },
{ "type": "Feature", "properties": { "cve_edo": "17", "cve_mpo_ine": "011", "cve_edo_mpo_ine": "17011", "nom_mpo": "JIUTEPEC", "nom_edo": "Morelos", "alianza_ganadora": "Juntos Haremos Historia", "margen_pp": 12.696069622365414, "por_participacion": 45.686773554145503 }, "geometry": { "type": "Polygon", "coordinates": [ [ [ -99.130570196477791, 18.896071216264847 ], [ -99.132072853983004, 18.894054341598356 ], [ -99.125454103705877, 18.888907901456346 ], [ -99.119817702943337, 18.879226252895702 ], [ -99.120268813791043, 18.868070103583534 ], [ -99.122982973427114, 18.862208832486491 ], [ -99.127760408305875, 18.865571317767181 ], [ -99.134814168135847, 18.864591970517161 ], [ -99.136498470771073, 18.853261502608269 ], [ -99.148425825250854, 18.839651572542969 ], [ -99.162763843489941, 18.849256404652753 ], [ -99.162919555810134, 18.855333353479004 ], [ -99.168656538515776, 18.860992263050381 ], [ -99.172459469130047, 18.861073466567465 ], [ -99.173373231855223, 18.852934079994579 ], [ -99.178959402446381, 18.857198803558404 ], [ -99.18973123558483, 18.858021197824655 ], [ -99.186330402376413, 18.862435564814671 ], [ -99.200439175163737, 18.870813554339204 ], [ -99.202363667122469, 18.886937063111269 ], [ -99.207987859376686, 18.888686070649815 ], [ -99.20763414416183, 18.894271915720648 ], [ -99.210786497923152, 18.895522257198884 ], [ -99.209395179315948, 18.898751643329774 ], [ -99.212964701639422, 18.904474468867853 ], [ -99.211024392421777, 18.907773300438553 ], [ -99.207162816854733, 18.90590349122397 ], [ -99.20622020846821, 18.911298783592443 ], [ -99.204203591365584, 18.904631105024489 ], [ -99.195801313671424, 18.900721428770897 ], [ -99.196888478334245, 18.909176057848242 ], [ -99.194322096148824, 18.911091156811818 ], [ -99.193679137109768, 18.917759785336475 ], [ -99.181657492333542, 18.91694823533 ], [ -99.184358139089667, 18.9365977550335 ], [ -99.130570196477791, 18.896071216264847 ] ] ] } },
{ "type": "Feature", "properties": { "cve_edo": "17", "cve_mpo_ine": "012", "cve_edo_mpo_ine": "17012", "nom_mpo": "JOJUTLA", "nom_edo": "Morelos", "alianza_ganadora": "Otros", "margen_pp": 3.3888436007918945, "por_participacion": 53.812249331550802 }, "geometry": { "type": "Polygon", "coordinates": [ [ [ -99.229846291193752, 18.628762615426123 ], [ -99.242985436140614, 18.62506538703758 ], [ -99.244316339524303, 18.611164862776437 ], [ -99.224180358239607, 18.625106290733907 ], [ -99.226037829006899, 18.627462207108163 ], [ -99.221031565470085, 18.630400241730936 ], [ -99.211224854689959, 18.627939760795183 ], [ -99.206290374351752, 18.628783202799635 ], [ -99.202207872128582, 18.635188100189708 ], [ -99.195683890748299, 18.637521923133701 ], [ -99.195458886096731, 18.643459747136429 ], [ -99.192786481364962, 18.643608966954059 ], [ -99.195768079950369, 18.646301429627549 ], [ -99.1943804850833, 18.64954500261705 ], [ -99.184805392567057, 18.646838311195971 ], [ -99.175206903824559, 18.640735954438675 ], [ -99.178034855629164, 18.636370468233579 ], [ -99.177504909965023, 18.629918517972641 ], [ -99.168340039886928, 18.618436481040018 ], [ -99.167674174882308, 18.611995502157363 ], [ -99.163906377058368, 18.610171058141191 ], [ -99.166560239887318, 18.607826339919519 ], [ -99.159179546640999, 18.600276217216347 ], [ -99.152213456650429, 18.599318963041224 ], [ -99.153872930576654, 18.578968368768177 ], [ -99.147177158286311, 18.569032933177407 ], [ -99.151994147369621, 18.562997958544198 ], [ -99.153316751821905, 18.555279209720766 ], [ -99.165501678087622, 18.531812084151934 ], [ -99.174091754039495, 18.532274351494866 ], [ -99.17750787611763, 18.538127363837987 ], [ -99.186734629633136, 18.531490784383497 ], [ -99.189912592004191, 18.531868937918471 ], [ -99.189161270924231, 18.524505300763746 ], [ -99.191566378752185, 18.520856651573492 ], [ -99.19479122831828, 18.524784376589704 ], [ -99.195287514985495, 18.530963620819605 ], [ -99.203363194094493, 18.526837769078426 ], [ -99.203343917785958, 18.523274854383676 ], [ -99.210961929029736, 18.521409978124549 ], [ -99.212655237365155, 18.531400038829208 ], [ -99.218496007449446, 18.535796221402279 ], [ -99.229776994609253, 18.556606823354535 ], [ -99.23012679863966, 18.54878911785481 ], [ -99.240823336816916, 18.533613684957974 ], [ -99.248348548639711, 18.531622589460564 ], [ -99.266559760361261, 18.534368634930427 ], [ -99.271718057101296, 18.540097605201581 ], [ -99.280130949883173, 18.533390209881276 ], [ -99.282965728263363, 18.533655001781138 ], [ -99.278529127751568, 18.542053661429172 ], [ -99.277068088690243, 18.554946364728345 ], [ -99.27868874233927, 18.56087065260397 ], [ -99.294637903247533, 18.572680981559902 ], [ -99.289956691508934, 18.581608734305078 ], [ -99.292168386202505, 18.590924676122921 ], [ -99.301435007370159, 18.595841693406655 ], [ -99.29295715149776, 18.613632830516856 ], [ -99.283392715817953, 18.625544605944214 ], [ -99.257780174699548, 18.63298858714295 ], [ -99.254798276930075, 18.629874088966655 ], [ -99.248772260050387, 18.630582769302087 ], [ -99.247429028421891, 18.631752911556209 ], [ -99.252383921546922, 18.632461019533874 ], [ -99.254706212762628, 18.636008938249127 ], [ -99.252783456451354, 18.63798150547002 ], [ -99.245519205995649, 18.635124259149471 ], [ -99.230153522963619, 18.635046928336607 ], [ -99.229846291193752, 18.628762615426123 ] ] ] } },
{ "type": "Feature", "properties": { "cve_edo": "17", "cve_mpo_ine": "013", "cve_edo_mpo_ine": "17013", "nom_mpo": "JONACATEPEC", "nom_edo": "Morelos", "alianza_ganadora": "Juntos Haremos Historia", "margen_pp": 24.822938085446651, "por_participacion": 70.980296764777435 }, "geometry": { "type": "Polygon", "coordinates": [ [ [ -98.871669090094755, 18.729238766688773 ], [ -98.812160638150232, 18.703167195059361 ], [ -98.800579268974573, 18.700774396552358 ], [ -98.789565172164117, 18.69284876109765 ], [ -98.784017304923751, 18.692221543544715 ], [ -98.787829560081377, 18.68193962582048 ], [ -98.784556082520865, 18.678200486577911 ], [ -98.78749808849156, 18.672069827606808 ], [ -98.78013527058458, 18.666549062473766 ], [ -98.747546416334202, 18.665490678444989 ], [ -98.747350415738083, 18.658444020797344 ], [ -98.754098886899115, 18.658493825798757 ], [ -98.753034955043873, 18.650333086334406 ], [ -98.759828243938429, 18.654156840175933 ], [ -98.767214869159474, 18.65337160197927 ], [ -98.767288185992143, 18.648692704041522 ], [ -98.766978619535081, 18.643476560487812 ], [ -98.761798875445308, 18.642507970746497 ], [ -98.762901107650023, 18.633929641723707 ], [ -98.753921236782034, 18.630817427404899 ], [ -98.753976329875258, 18.620922784456106 ], [ -98.760791810277809, 18.610161403929421 ], [ -98.760884162387143, 18.603900307800313 ], [ -98.755845545325656, 18.599483897435398 ], [ -98.753124519796827, 18.588864767111126 ], [ -98.750429332379937, 18.588913909870335 ], [ -98.750470706145421, 18.591744601064832 ], [ -98.748044222132563, 18.587383301076116 ], [ -98.760685232447685, 18.585485325038974 ], [ -98.765401651051178, 18.592628903745396 ], [ -98.782033746457245, 18.605221126049493 ], [ -98.83241311543847, 18.634682181434531 ], [ -98.831787093016501, 18.638354705150174 ], [ -98.825121476201659, 18.638089401265947 ], [ -98.820134909116646, 18.642147763246154 ], [ -98.817752541301118, 18.652296015830668 ], [ -98.841470920824491, 18.681141667414323 ], [ -98.84519030221017, 18.681117928989817 ], [ -98.84816027091594, 18.674962286884533 ], [ -98.850441662858628, 18.672825089952582 ], [ -98.851903471875261, 18.674237787552428 ], [ -98.852410509306054, 18.672262667930152 ], [ -98.857651532502814, 18.674247854163841 ], [ -98.874612825750205, 18.672603504958683 ], [ -98.876910221569801, 18.683701234448087 ], [ -98.875589202531401, 18.685934059136745 ], [ -98.870346043450525, 18.685820844172635 ], [ -98.866073977710286, 18.689317700755751 ], [ -98.870508097118346, 18.699355953731295 ], [ -98.875317304728441, 18.702068928574938 ], [ -98.871669090094755, 18.729238766688773 ] ] ] } },
{ "type": "Feature", "properties": { "cve_edo": "17", "cve_mpo_ine": "014", "cve_edo_mpo_ine": "17014", "nom_mpo": "MAZATEPEC", "nom_edo": "Morelos", "alianza_ganadora": "Otros", "margen_pp": 37.912358444116201, "por_participacion": 73.250781437845632 }, "geometry": { "type": "Polygon", "coordinates": [ [ [ -99.354881276054144, 18.747766100601915 ], [ -99.357782976934956, 18.745951211489515 ], [ -99.356220349281543, 18.739417422704786 ], [ -99.338033795100927, 18.721894728572419 ], [ -99.328084144339911, 18.715769121499143 ], [ -99.333430167849983, 18.688238793377895 ], [ -99.335633942615189, 18.690129019922008 ], [ -99.351409561130197, 18.682771304002241 ], [ -99.349931530824193, 18.680941264482072 ], [ -99.360578048588593, 18.678894353701427 ], [ -99.350261570419576, 18.672180905291004 ], [ -99.354641931009326, 18.662379985788281 ], [ -99.346900176445658, 18.661659026285793 ], [ -99.345797957892202, 18.64423325583164 ], [ -99.348461418699557, 18.64196161681522 ], [ -99.346970481407752, 18.640273136702824 ], [ -99.354768404899644, 18.615325371101999 ], [ -99.383035668029777, 18.62791582930064 ], [ -99.382861278207756, 18.637503999729653 ], [ -99.393522360749188, 18.649842354372169 ], [ -99.396530921282078, 18.647672606929667 ], [ -99.406317522349951, 18.651111916865212 ], [ -99.406466861495844, 18.654081464694823 ], [ -99.392648849977519, 18.66604961328969 ], [ -99.39260138021497, 18.678713618669224 ], [ -99.377215644383725, 18.681042331024301 ], [ -99.376272551249627, 18.678554280538986 ], [ -99.37769550962534, 18.686955949852159 ], [ -99.375318289034908, 18.690968773268512 ], [ -99.360040745811034, 18.696472597402263 ], [ -99.358181727738796, 18.699962872734108 ], [ -99.366237075894361, 18.709769529634507 ], [ -99.366866277008512, 18.713632265936372 ], [ -99.377758642556557, 18.721056386931345 ], [ -99.381259666965391, 18.717652865596122 ], [ -99.379634212696402, 18.723105275552204 ], [ -99.384366705653633, 18.729785771378417 ], [ -99.383233888863316, 18.735373768194449 ], [ -99.386475156718461, 18.740706958505186 ], [ -99.381858807708554, 18.741201041766232 ], [ -99.378957925959014, 18.744195170152398 ], [ -99.385467125433763, 18.750327186081297 ], [ -99.389860475158471, 18.749538415225903 ], [ -99.39353043688844, 18.753151271470003 ], [ -99.381944519383623, 18.757672204890962 ], [ -99.372577889308246, 18.749842338145587 ], [ -99.372005937093334, 18.753473709390892 ], [ -99.368793107190427, 18.753844072178172 ], [ -99.355160936220983, 18.751398171312168 ], [ -99.354881276054144, 18.747766100601915 ] ] ] } },
{ "type": "Feature", "properties": { "cve_edo": "17", "cve_mpo_ine": "015", "cve_edo_mpo_ine": "17015", "nom_mpo": "MIACATLAN", "nom_edo": "Morelos", "alianza_ganadora": "Otros", "margen_pp": 14.780812485655268, "por_participacion": 69.484092177657288 }, "geometry": { "type": "Polygon", "coordinates": [ [ [ -99.354881276054144, 18.747766100601915 ], [ -99.355160936220983, 18.751398171312168 ], [ -99.368793107190427, 18.753844072178172 ], [ -99.372005937093334, 18.753473709390892 ], [ -99.372577889308246, 18.749842338145587 ], [ -99.381944519383623, 18.757672204890962 ], [ -99.39353043688844, 18.753151271470003 ], [ -99.399177132047257, 18.756099640124383 ], [ -99.435673394794918, 18.824111851263783 ], [ -99.431534832730136, 18.840474866248254 ], [ -99.431660474522417, 18.85733430785621 ], [ -99.426707835505624, 18.858210999517397 ], [ -99.431645181628056, 18.863254794762437 ], [ -99.429720233868267, 18.879823456867879 ], [ -99.419619169538777, 18.876680351592498 ], [ -99.411755397028401, 18.878195462171746 ], [ -99.407315888314088, 18.896760583935976 ], [ -99.37507164447527, 18.900126626245481 ], [ -99.36714204143307, 18.895022460824229 ], [ -99.358654554254372, 18.908110808572697 ], [ -99.348751724365059, 18.918094544750122 ], [ -99.340057411473069, 18.923267222351033 ], [ -99.31350698195871, 18.904593381879611 ], [ -99.327723404967614, 18.870101127285068 ], [ -99.33182030351098, 18.868714329179731 ], [ -99.333145169475344, 18.85482174120876 ], [ -99.345701559993316, 18.828812475963094 ], [ -99.345025695616243, 18.823480599901902 ], [ -99.331640899947203, 18.82360032097743 ], [ -99.30769581651866, 18.813146643580055 ], [ -99.296435104252041, 18.800197646958367 ], [ -99.290345955569236, 18.798397928243812 ], [ -99.290340876286891, 18.790030163122751 ], [ -99.282942593262021, 18.775798786111213 ], [ -99.292655638943828, 18.785237822714684 ], [ -99.301901576947401, 18.778862760110187 ], [ -99.314731269843577, 18.774309493251209 ], [ -99.311177244805904, 18.767067677979668 ], [ -99.315702542637212, 18.76214930597386 ], [ -99.323200727384631, 18.761428114132794 ], [ -99.33004311510777, 18.765420359151761 ], [ -99.333230299428507, 18.764569583615284 ], [ -99.344019170579685, 18.749467954570395 ], [ -99.350461717530777, 18.755657460847388 ], [ -99.354881276054144, 18.747766100601915 ] ] ] } },
{ "type": "Feature", "properties": { "cve_edo": "17", "cve_mpo_ine": "016", "cve_edo_mpo_ine": "17016", "nom_mpo": "OCUITUCO", "nom_edo": "Morelos", "alianza_ganadora": "Juntos Haremos Historia", "margen_pp": 2.1432003844305623, "por_participacion": 76.110013898032335 }, "geometry": { "type": "Polygon", "coordinates": [ [ [ -98.727112208459104, 18.945295212031152 ], [ -98.74331501862828, 18.924890785037864 ], [ -98.746252002651474, 18.923929889291436 ], [ -98.750196757595447, 18.915208243435316 ], [ -98.739587183562236, 18.909803110073025 ], [ -98.735131671645817, 18.919235202676443 ], [ -98.731731519195151, 18.920726707239176 ], [ -98.737064010796857, 18.909305866683486 ], [ -98.738877850144405, 18.898830983315886 ], [ -98.741266839142185, 18.899000619536217 ], [ -98.739867847709291, 18.894036474032063 ], [ -98.745262696330002, 18.891676406642507 ], [ -98.749497660920781, 18.886117126305287 ], [ -98.741430980845962, 18.885663518786419 ], [ -98.730323244907879, 18.880408411604133 ], [ -98.729224385116026, 18.873186739617001 ], [ -98.736055524753993, 18.867785803680853 ], [ -98.736164364345726, 18.863995863351757 ], [ -98.739647569660335, 18.86194068890504 ], [ -98.746408369926655, 18.850576916444965 ], [ -98.75687628518979, 18.847171771024719 ], [ -98.757638774435563, 18.842972338585181 ], [ -98.765069053465666, 18.835762964445973 ], [ -98.77692268922344, 18.832805970888618 ], [ -98.782354520574387, 18.828993171032653 ], [ -98.781912628973288, 18.821680746478709 ], [ -98.784252638941993, 18.818805175621723 ], [ -98.797978924408937, 18.826247515719164 ], [ -98.799394651448239, 18.82897757897684 ], [ -98.815223192279234, 18.811762478173108 ], [ -98.817745716506536, 18.813070212483868 ], [ -98.822441447365804, 18.817297339977024 ], [ -98.82081357286647, 18.81979728819697 ], [ -98.833191018312391, 18.8250360155692 ], [ -98.847315192417312, 18.846067890542923 ], [ -98.812560003775587, 18.851587218494107 ], [ -98.814288021212434, 18.860269628442754 ], [ -98.823483624790398, 18.859110069650949 ], [ -98.827147037393814, 18.869587424448696 ], [ -98.823554084427016, 18.877497469780881 ], [ -98.814168303212469, 18.882193734510185 ], [ -98.809005468024068, 18.887903011209897 ], [ -98.807301841637283, 18.90149111091257 ], [ -98.802503754644334, 18.90709999536848 ], [ -98.802934831494696, 18.912242508273621 ], [ -98.797753977422801, 18.91925650034775 ], [ -98.793208975377397, 18.935237332828336 ], [ -98.777033159186033, 18.943352809390017 ], [ -98.764679914180846, 18.940865998348723 ], [ -98.746226835668068, 18.944527618870353 ], [ -98.727112208459104, 18.945295212031152 ] ] ] } },
{ "type": "Feature", "properties": { "cve_edo": "17", "cve_mpo_ine": "017", "cve_edo_mpo_ine": "17017", "nom_mpo": "PUENTE DE IXTLA", "nom_edo": "Morelos", "alianza_ganadora": "Juntos Haremos Historia", "margen_pp": 1.4069094888228857, "por_participacion": 61.133409785932727 }, "geometry": { "type": "Polygon", "coordinates": [ [ [ -99.284713917577179, 18.706282771396424 ], [ -99.277454164351397, 18.704020440698915 ], [ -99.290595235411516, 18.671120892790068 ], [ -99.291659486102148, 18.65955216508398 ], [ -99.285825272026216, 18.659786257162018 ], [ -99.273262292070982, 18.654408055063911 ], [ -99.260914446390501, 18.661745958093988 ], [ -99.260423284111397, 18.650878440372331 ], [ -99.262863281391176, 18.647071159927709 ], [ -99.256449408781933, 18.645824412123751 ], [ -99.263022583166958, 18.646853601488534 ], [ -99.266740460670661, 18.641295020363454 ], [ -99.266634984994482, 18.63919283300369 ], [ -99.261478461901461, 18.637636533546733 ], [ -99.257867926058466, 18.632812292607532 ], [ -99.283621191997625, 18.625396547477131 ], [ -99.29295715149776, 18.613632830516856 ], [ -99.301435007370159, 18.595841693406655 ], [ -99.292168386202505, 18.590924676122921 ], [ -99.289956691508934, 18.581608734305078 ], [ -99.294637903247533, 18.572680981559831 ], [ -99.27868874233927, 18.56087065260397 ], [ -99.277068088690243, 18.554946364728345 ], [ -99.278529127751568, 18.542053661429172 ], [ -99.283176036821018, 18.534229800267038 ], [ -99.280130949883173, 18.533390209881276 ], [ -99.271718057101296, 18.540097605201581 ], [ -99.266559760361261, 18.534368634930427 ], [ -99.248348548639711, 18.531622589460564 ], [ -99.240823336816931, 18.533613684957974 ], [ -99.23012679863966, 18.54878911785481 ], [ -99.229776994609253, 18.556606823354535 ], [ -99.218496007449446, 18.535796221402279 ], [ -99.212655237365155, 18.531400038829208 ], [ -99.210961929029736, 18.521409978124549 ], [ -99.208846272735769, 18.520630785013513 ], [ -99.23403925812427, 18.501772265733017 ], [ -99.226289730163032, 18.480320785168054 ], [ -99.176114828658783, 18.487679936399974 ], [ -99.199752053188433, 18.463151528648009 ], [ -99.203644650203827, 18.448774971021376 ], [ -99.245117797414352, 18.448708587921711 ], [ -99.245632863412638, 18.44355568157976 ], [ -99.277820527210864, 18.446931235171743 ], [ -99.277143888989656, 18.45030209427518 ], [ -99.286109821247067, 18.451796739434496 ], [ -99.305121348244313, 18.452863010534706 ], [ -99.307717607060283, 18.446682376718744 ], [ -99.327058812277912, 18.452503229328723 ], [ -99.32644395722464, 18.471388705148442 ], [ -99.341388717093793, 18.473149449564932 ], [ -99.355667199212476, 18.482199835343227 ], [ -99.361538482488854, 18.475521372914564 ], [ -99.365134169719667, 18.476165171748214 ], [ -99.37488482828492, 18.481551558360209 ], [ -99.379512285240494, 18.488142308636867 ], [ -99.38331528527975, 18.506758911184985 ], [ -99.379323693662855, 18.518108760322814 ], [ -99.370536244148369, 18.51719824821037 ], [ -99.364499622927397, 18.524446670724835 ], [ -99.366847832621445, 18.540411469667493 ], [ -99.353783186077777, 18.542321184349294 ], [ -99.344600270131551, 18.526626918558783 ], [ -99.342058654255595, 18.558741964067639 ], [ -99.35775073852696, 18.551678486689095 ], [ -99.362198699290801, 18.568660966807258 ], [ -99.356183927455476, 18.565863849659856 ], [ -99.33221907222358, 18.572593912255822 ], [ -99.325564171425071, 18.572591596693933 ], [ -99.329506557855595, 18.581517472002307 ], [ -99.327667458413671, 18.585691849561389 ], [ -99.334228025170361, 18.587509539336775 ], [ -99.33684550409312, 18.594756267010627 ], [ -99.333852753202748, 18.622059000541647 ], [ -99.336413139463573, 18.622611452909716 ], [ -99.334485188199309, 18.624933676914992 ], [ -99.33721358264124, 18.626579415609189 ], [ -99.336293475205466, 18.630793668297258 ], [ -99.338368701928758, 18.62986418654425 ], [ -99.338450556865325, 18.634242128548852 ], [ -99.34271364806574, 18.635112720302459 ], [ -99.343520048934693, 18.637317961258141 ], [ -99.344307493496871, 18.635420896625387 ], [ -99.344461347885243, 18.639740314101232 ], [ -99.348461418699557, 18.64196161681522 ], [ -99.345797957892202, 18.64423325583164 ], [ -99.346900176445658, 18.661659026285793 ], [ -99.354641931009326, 18.662379985788281 ], [ -99.35026157041959, 18.672180905291004 ], [ -99.360578048588593, 18.678894353701427 ], [ -99.349931530824193, 18.680941264482072 ], [ -99.351409561130197, 18.682771304002241 ], [ -99.335633942615189, 18.690129019922008 ], [ -99.330791522616408, 18.688186979263705 ], [ -99.311863481761392, 18.690028055078514 ], [ -99.290616829741069, 18.700157758030315 ], [ -99.284713917577179, 18.706282771396424 ] ] ] } },
{ "type": "Feature", "properties": { "cve_edo": "17", "cve_mpo_ine": "018", "cve_edo_mpo_ine": "17018", "nom_mpo": "TEMIXCO", "nom_edo": "Morelos", "alianza_ganadora": "Juntos Haremos Historia", "margen_pp": 19.407687460617517, "por_participacion": 44.193817878028405 }, "geometry": { "type": "Polygon", "coordinates": [ [ [ -99.290340876286891, 18.790030163122751 ], [ -99.290345955569236, 18.798397928243812 ], [ -99.296435104252041, 18.800197646958367 ], [ -99.30769581651866, 18.813146643580055 ], [ -99.331640899947203, 18.82360032097743 ], [ -99.345025695616243, 18.823480599901902 ], [ -99.345701559993316, 18.828812475963094 ], [ -99.333145169475344, 18.85482174120876 ], [ -99.33182030351098, 18.868714329179731 ], [ -99.327723404967614, 18.870101127285068 ], [ -99.31350698195871, 18.904593381879611 ], [ -99.300613032263257, 18.90128381546354 ], [ -99.292309085382954, 18.890734377021708 ], [ -99.28003544412141, 18.892887477667422 ], [ -99.276340431103577, 18.889941904674107 ], [ -99.271769971366609, 18.889626932725516 ], [ -99.258504223369201, 18.894532160744593 ], [ -99.245705893235595, 18.87872347993218 ], [ -99.235914304444862, 18.881969482937585 ], [ -99.235429502120326, 18.87890069384542 ], [ -99.230965452659575, 18.878785758689403 ], [ -99.227034365020856, 18.8722468618938 ], [ -99.226845593568271, 18.867096430658258 ], [ -99.221668832838958, 18.862191717461982 ], [ -99.221782803894286, 18.87416291158544 ], [ -99.217067512548439, 18.878776838463935 ], [ -99.208988341904544, 18.875981145351965 ], [ -99.200524575080379, 18.87725420482025 ], [ -99.200177603621341, 18.873113900490949 ], [ -99.212299142501706, 18.872738096637743 ], [ -99.21202638009818, 18.852659113960726 ], [ -99.202359361184079, 18.852827675234447 ], [ -99.202690881382452, 18.842745951947933 ], [ -99.207900593482933, 18.839816383351558 ], [ -99.209409306954853, 18.821086276840447 ], [ -99.214033499521506, 18.809388255141503 ], [ -99.213113350860169, 18.806873152778071 ], [ -99.224756462488429, 18.808029682233656 ], [ -99.228910978579236, 18.811636549766298 ], [ -99.235844240215556, 18.810251532449509 ], [ -99.246430149528265, 18.826796455105736 ], [ -99.237104903208134, 18.840916421804799 ], [ -99.239137627085199, 18.846101854781608 ], [ -99.248559575995557, 18.857758874704409 ], [ -99.261693406662843, 18.853774309577954 ], [ -99.247086455305379, 18.826780415078538 ], [ -99.267112371565929, 18.823347085340011 ], [ -99.267544469887739, 18.806857221285075 ], [ -99.261303940504988, 18.800633246859274 ], [ -99.262321854076518, 18.799196925726235 ], [ -99.257993359301352, 18.790952313446567 ], [ -99.250436269589585, 18.78520806776547 ], [ -99.250398472970176, 18.782657641498524 ], [ -99.281157241978619, 18.77262968501719 ], [ -99.290340876286891, 18.790030163122751 ] ] ] } },
{ "type": "Feature", "properties": { "cve_edo": "17", "cve_mpo_ine": "033", "cve_edo_mpo_ine": "17033", "nom_mpo": "TEMOAC", "nom_edo": "Morelos", "alianza_ganadora": "Juntos Haremos Historia", "margen_pp": 12.046823502670758, "por_participacion": 76.526352409114622 }, "geometry": { "type": "Polygon", "coordinates": [ [ [ -98.803988569021854, 18.791796097698029 ], [ -98.802138265277776, 18.790560392524291 ], [ -98.798376583611088, 18.793593453635431 ], [ -98.796587545540177, 18.798522827312947 ], [ -98.772407379999976, 18.786623688913132 ], [ -98.774367948611072, 18.77923160391304 ], [ -98.777216182768925, 18.777206667628981 ], [ -98.770438911111071, 18.774547459746358 ], [ -98.771215809722193, 18.772243080579646 ], [ -98.769363375277749, 18.771494351135235 ], [ -98.768387396666625, 18.774585219468541 ], [ -98.76559765767432, 18.775453484044782 ], [ -98.765916430277741, 18.778176512801938 ], [ -98.73639227157436, 18.774032370816013 ], [ -98.747122563070732, 18.758424033659576 ], [ -98.748720712278043, 18.752102354289136 ], [ -98.74617075421574, 18.750179924163707 ], [ -98.748646184732991, 18.739508802528011 ], [ -98.73978562920469, 18.737925270463794 ], [ -98.739022628000043, 18.734452201772655 ], [ -98.765533010311813, 18.726266471979297 ], [ -98.782287791174497, 18.731615256738774 ], [ -98.782234887498234, 18.739999443348083 ], [ -98.785939708217313, 18.742669520588425 ], [ -98.79152464420892, 18.742957207012182 ], [ -98.796493585309435, 18.739179295813688 ], [ -98.83756037386496, 18.751201181951632 ], [ -98.835874738759458, 18.764768830871802 ], [ -98.832053884163031, 18.763182712118663 ], [ -98.831214458207839, 18.765599156106902 ], [ -98.823978076503622, 18.767569353525243 ], [ -98.816798359131326, 18.780258043877563 ], [ -98.805127808519146, 18.788457278038855 ], [ -98.803988569021854, 18.791796097698029 ] ] ] } },
{ "type": "Feature", "properties": { "cve_edo": "17", "cve_mpo_ine": "019", "cve_edo_mpo_ine": "17019", "nom_mpo": "TEPALCINGO", "nom_edo": "Morelos", "alianza_ganadora": "Juntos Haremos Historia", "margen_pp": 39.567369093231164, "por_participacion": 59.458946369245368 }, "geometry": { "type": "Polygon", "coordinates": [ [ [ -98.84519030221017, 18.681117928989817 ], [ -98.841470920824491, 18.681141667414323 ], [ -98.817752541301118, 18.652296015830668 ], [ -98.820134909116646, 18.642147763246154 ], [ -98.825121476201659, 18.638089401265947 ], [ -98.831787093016501, 18.638354705150174 ], [ -98.83241311543847, 18.634682181434531 ], [ -98.782033746457245, 18.605221126049493 ], [ -98.765401651051178, 18.592628903745396 ], [ -98.759111290698925, 18.582662346947966 ], [ -98.797717776085406, 18.578913239612177 ], [ -98.797844990477941, 18.565863181992828 ], [ -98.810112371292277, 18.569633802265862 ], [ -98.816191474632376, 18.564960350832539 ], [ -98.810307787400959, 18.546235115133388 ], [ -98.81579630166739, 18.538356382318671 ], [ -98.816141249884382, 18.533620087759083 ], [ -98.812962874724079, 18.530455249478329 ], [ -98.814448722999643, 18.527572453275884 ], [ -98.811458117218365, 18.525038935577395 ], [ -98.820500405617778, 18.526772172503158 ], [ -98.820148405800552, 18.520399118040562 ], [ -98.830230018736856, 18.521900240306191 ], [ -98.835053976561937, 18.520947093141306 ], [ -98.837409740934589, 18.517982552517005 ], [ -98.836020507480242, 18.5131200370061 ], [ -98.838880358946753, 18.506884710563309 ], [ -98.841798125767298, 18.505334513286993 ], [ -98.834097475439691, 18.495193827798243 ], [ -98.850729395969552, 18.486175101691732 ], [ -98.870108123922577, 18.484681992541372 ], [ -98.887534041020544, 18.47686902060893 ], [ -98.899448009495046, 18.474232309248173 ], [ -98.901835821832833, 18.468448117598562 ], [ -98.910743351664451, 18.465122382751527 ], [ -98.912602674077718, 18.459872633328732 ], [ -98.936226071875822, 18.484386227890628 ], [ -98.952297916098175, 18.487837342103646 ], [ -98.961945101674473, 18.494970699737937 ], [ -98.966107532025092, 18.52159882918604 ], [ -98.985322638549846, 18.526942067349992 ], [ -98.983833759637491, 18.533137445664234 ], [ -98.988629823046708, 18.541293339278251 ], [ -98.996130921227234, 18.539449939760143 ], [ -98.997233842622407, 18.569844777163858 ], [ -99.012368642171793, 18.570718037049748 ], [ -99.010436561158812, 18.590424442949352 ], [ -99.004273922035566, 18.595073613384532 ], [ -98.982908223845655, 18.591139326092438 ], [ -98.967785604625391, 18.595629667509872 ], [ -98.969851034047906, 18.61477874215273 ], [ -98.981212723117736, 18.628385118355219 ], [ -98.978363341816944, 18.638441695004698 ], [ -98.959702782926499, 18.650221710004107 ], [ -98.95237446116748, 18.645914092905592 ], [ -98.945981062246574, 18.634830876770806 ], [ -98.931179906288691, 18.647030997852525 ], [ -98.928240723707404, 18.654031974353636 ], [ -98.935617170658986, 18.662449821195967 ], [ -98.939078435141525, 18.671124089868144 ], [ -98.928545103013775, 18.676413115466243 ], [ -98.918250925127793, 18.674558934950355 ], [ -98.920832984931906, 18.676323638191725 ], [ -98.916174485357317, 18.677605829193926 ], [ -98.902774662606504, 18.675065965208915 ], [ -98.884791445796694, 18.676297536916969 ], [ -98.8703054672863, 18.672318403666317 ], [ -98.857651532502814, 18.674247854163841 ], [ -98.852410509306054, 18.672262667930152 ], [ -98.851903471875261, 18.674237787552428 ], [ -98.850441662858628, 18.672825089952582 ], [ -98.84816027091594, 18.674962286884533 ], [ -98.84519030221017, 18.681117928989817 ] ] ] } },
{ "type": "Feature", "properties": { "cve_edo": "17", "cve_mpo_ine": "020", "cve_edo_mpo_ine": "17020", "nom_mpo": "TEPOZTLAN", "nom_edo": "Morelos", "alianza_ganadora": "Juntos Haremos Historia", "margen_pp": 7.8690210869192523, "por_participacion": 56.881419841373038 }, "geometry": { "type": "Polygon", "coordinates": [ [ [ -99.184407221504841, 18.936612386952998 ], [ -99.182577366169866, 18.949324071018708 ], [ -99.180743368595017, 18.948829726754131 ], [ -99.181618950018645, 18.975183726363138 ], [ -99.183191434373882, 18.982432583451182 ], [ -99.19369936273992, 19.000165074936369 ], [ -99.167161010036978, 19.023788628015712 ], [ -99.125673210450472, 19.087848536080749 ], [ -99.060994706344658, 19.04925576991063 ], [ -99.036259177049146, 19.019651379398663 ], [ -99.035601212961183, 19.014204916626596 ], [ -99.017890202970591, 19.008001713337212 ], [ -99.015486353310052, 18.981192688217011 ], [ -99.0124195494639, 18.978169214813036 ], [ -99.014880953446834, 18.958180105343111 ], [ -99.018468675895164, 18.949443396073356 ], [ -99.027725666777982, 18.940371828386752 ], [ -99.028430614446449, 18.925606788927979 ], [ -99.045211822241981, 18.926837437792312 ], [ -99.048532522423969, 18.931598365339806 ], [ -99.051665261530331, 18.929251287113026 ], [ -99.09251341426679, 18.920039322793016 ], [ -99.0951890304611, 18.909151643758644 ], [ -99.11220171512177, 18.902412178422555 ], [ -99.12013979369577, 18.896744913672848 ], [ -99.134608359513521, 18.897653002858174 ], [ -99.184407221504841, 18.936612386952998 ] ] ] } },
{ "type": "Feature", "properties": { "cve_edo": "17", "cve_mpo_ine": "021", "cve_edo_mpo_ine": "17021", "nom_mpo": "TETECALA", "nom_edo": "Morelos", "alianza_ganadora": "Otros", "margen_pp": 3.2015429122468659, "por_participacion": 79.610010747735288 }, "geometry": { "type": "Polygon", "coordinates": [ [ [ -99.399914722064835, 18.746086060267672 ], [ -99.39048153079024, 18.73759224804234 ], [ -99.386256654736982, 18.739445204990371 ], [ -99.383233888863316, 18.735373768194449 ], [ -99.384366705653633, 18.729785771378417 ], [ -99.379634212696402, 18.723105275552204 ], [ -99.381259666965391, 18.717652865596122 ], [ -99.377758642556557, 18.721056386931345 ], [ -99.366866277008512, 18.713632265936372 ], [ -99.366237075894361, 18.709769529634507 ], [ -99.358181727738796, 18.699962872734108 ], [ -99.360040745811034, 18.696472597402263 ], [ -99.375318289034908, 18.690968773268512 ], [ -99.37769550962534, 18.686955949852159 ], [ -99.376272551249627, 18.678554280538986 ], [ -99.377215644383725, 18.681042331024301 ], [ -99.39260138021497, 18.678713618669224 ], [ -99.392648849977519, 18.66604961328969 ], [ -99.406466861495844, 18.654081464694823 ], [ -99.406410141211268, 18.650503167847351 ], [ -99.420604749991213, 18.635260696464069 ], [ -99.415671049728616, 18.629140611634977 ], [ -99.41896516971984, 18.625160235323552 ], [ -99.419219496631428, 18.629443733286408 ], [ -99.421530272109919, 18.630580420398609 ], [ -99.42443994440859, 18.626900599245012 ], [ -99.427587641003541, 18.630847197004385 ], [ -99.425609886769237, 18.63299429890786 ], [ -99.427808922741619, 18.635624854144037 ], [ -99.425452696901658, 18.641105360536915 ], [ -99.4304604576363, 18.639275357928838 ], [ -99.434328221214727, 18.64049552803338 ], [ -99.434656014702, 18.636783359297048 ], [ -99.442966028469797, 18.63287695522266 ], [ -99.448710733813115, 18.637331489027169 ], [ -99.448962961765091, 18.639945817049483 ], [ -99.451928448680931, 18.640260371715421 ], [ -99.453176271238434, 18.642959873657674 ], [ -99.441740101270824, 18.647910023069294 ], [ -99.437032388161285, 18.647476182150321 ], [ -99.444013290958154, 18.653729034899026 ], [ -99.446432792694893, 18.653216459273583 ], [ -99.449167340265149, 18.659660587035397 ], [ -99.435456925148586, 18.674102156871442 ], [ -99.440987646850246, 18.682722473996879 ], [ -99.46712706712033, 18.694867943064537 ], [ -99.461330855397279, 18.706581664652052 ], [ -99.423168786371093, 18.703874993248178 ], [ -99.434305570154393, 18.724473772019063 ], [ -99.41554097011219, 18.738987275728793 ], [ -99.408994063044062, 18.737856946833585 ], [ -99.409962652882626, 18.745223059135697 ], [ -99.399914722064835, 18.746086060267672 ] ] ] } },
{ "type": "Feature", "properties": { "cve_edo": "17", "cve_mpo_ine": "022", "cve_edo_mpo_ine": "17022", "nom_mpo": "TETELA DEL VOLCAN", "nom_edo": "Morelos", "alianza_ganadora": "Juntos Haremos Historia", "margen_pp": 10.200668896321071, "por_participacion": 66.061705989110706 }, "geometry": { "type": "Polygon", "coordinates": [ [ [ -98.681188053450867, 18.866293499129402 ], [ -98.68782476561725, 18.857923433666844 ], [ -98.690855736049329, 18.857365422466891 ], [ -98.691861159115589, 18.852888593218491 ], [ -98.69516066313561, 18.851480783177827 ], [ -98.695607546676129, 18.84521065858555 ], [ -98.699892963647613, 18.84302479694481 ], [ -98.704453300977391, 18.834693617792336 ], [ -98.707353862190274, 18.833824825905882 ], [ -98.705389955599074, 18.82999764481967 ], [ -98.711665677162955, 18.83673674953177 ], [ -98.714952126677019, 18.845482911340095 ], [ -98.727830421995449, 18.847439336871179 ], [ -98.736385387365729, 18.839790904932922 ], [ -98.739917484695923, 18.830062296244957 ], [ -98.755622347740896, 18.830744753105417 ], [ -98.762788460616534, 18.839300346251026 ], [ -98.757638774435563, 18.842972338585181 ], [ -98.75687628518979, 18.847171771024719 ], [ -98.745582885535882, 18.851392177598882 ], [ -98.739647569660335, 18.86194068890504 ], [ -98.736164364345726, 18.863995863351757 ], [ -98.736055524753993, 18.867785803680853 ], [ -98.729224385116026, 18.873186739617001 ], [ -98.730323244907879, 18.880408411604133 ], [ -98.741430980845962, 18.885663518786419 ], [ -98.749497660920781, 18.886117126305287 ], [ -98.745262696330002, 18.891676406642507 ], [ -98.739867847709291, 18.894036474032063 ], [ -98.741266839142185, 18.899000619536217 ], [ -98.738877850144405, 18.898830983315886 ], [ -98.737064010796857, 18.909305866683486 ], [ -98.731731519195151, 18.920726707239176 ], [ -98.735131671645817, 18.919235202676443 ], [ -98.739587183562236, 18.909803110073025 ], [ -98.742419281373373, 18.910247378686229 ], [ -98.743440796344075, 18.912851126855578 ], [ -98.750196757595447, 18.915208243435316 ], [ -98.746252002651474, 18.923929889291436 ], [ -98.74331501862828, 18.924890785037864 ], [ -98.727112208459104, 18.945295212031152 ], [ -98.711406353915251, 18.9429303988058 ], [ -98.701715781712778, 18.959113557589721 ], [ -98.69771172785542, 18.96424844774257 ], [ -98.691840649220353, 18.966382835691672 ], [ -98.686160946013771, 18.97729361826347 ], [ -98.665524627621238, 19.004077904840347 ], [ -98.630202408520915, 19.02290805805373 ], [ -98.629961905286905, 19.011995422509106 ], [ -98.636274890668503, 19.00006203701318 ], [ -98.642660151899932, 18.997408824396622 ], [ -98.645121289930515, 18.993739250543637 ], [ -98.654470066886901, 18.962746519144648 ], [ -98.659443489849863, 18.959549515450906 ], [ -98.663083246238159, 18.95216059744558 ], [ -98.674565464956885, 18.944523759850835 ], [ -98.677827789439604, 18.923137843164621 ], [ -98.685153575024188, 18.918842047832449 ], [ -98.688004751546544, 18.914622770377523 ], [ -98.697713876156087, 18.910346348979104 ], [ -98.706968431097664, 18.900031207543954 ], [ -98.706440042875158, 18.886950153128517 ], [ -98.714093021388152, 18.874830664899125 ], [ -98.712371079364786, 18.867730241618055 ], [ -98.702294027096485, 18.875961808551661 ], [ -98.702848950168118, 18.886829552070296 ], [ -98.698827715127891, 18.899370775702284 ], [ -98.676348408825191, 18.90254725860478 ], [ -98.668911980236402, 18.901287005216254 ], [ -98.665848114367876, 18.895582971853546 ], [ -98.668532611475499, 18.887712501544989 ], [ -98.680181765922811, 18.873491580292875 ], [ -98.681188053450867, 18.866293499129402 ] ] ] } },
{ "type": "Feature", "properties": { "cve_edo": "17", "cve_mpo_ine": "023", "cve_edo_mpo_ine": "17023", "nom_mpo": "TLALNEPANTLA", "nom_edo": "Morelos", "alianza_ganadora": "Juntos Haremos Historia", "margen_pp": 11.688311688311689, "por_participacion": 73.754789272030649 }, "geometry": { "type": "Polygon", "coordinates": [ [ [ -99.02898302411748, 19.08595187309977 ], [ -98.984006549301156, 19.079797990193075 ], [ -98.972994787666607, 19.080647783609365 ], [ -98.970350053033712, 19.071648743126321 ], [ -98.971814260015208, 19.070501458253315 ], [ -98.967193811964165, 19.065326077486095 ], [ -98.957004798087937, 19.061844540159381 ], [ -98.936754001088687, 19.070872711684956 ], [ -98.915083671734379, 19.065213379915505 ], [ -98.914661981512978, 19.058250282450075 ], [ -98.903716951022787, 19.039370755941292 ], [ -98.914923348874922, 19.040737065391113 ], [ -98.927920141143957, 19.037687578822521 ], [ -98.924863738066563, 19.027784098863563 ], [ -98.928658468975755, 19.003592770674135 ], [ -98.94114640061693, 19.019096162090516 ], [ -98.956126295122758, 19.027027405770649 ], [ -98.957787173304155, 19.015752986383454 ], [ -98.954941147065242, 19.013828521865221 ], [ -98.955479220473819, 19.007392888581322 ], [ -98.95967408584977, 19.00703967820559 ], [ -98.962696801107555, 19.002894673648605 ], [ -98.962554878413172, 19.007437558270034 ], [ -98.967087049763606, 19.005706878826395 ], [ -98.966742140469236, 19.009060904659709 ], [ -98.970962910219143, 19.008827511536317 ], [ -98.971912301812125, 19.01940209419806 ], [ -98.976386902528361, 19.004382447767167 ], [ -98.98047981546452, 19.001130784299598 ], [ -98.982493631674785, 18.986121977698829 ], [ -99.008023780861976, 18.988358428880701 ], [ -99.0124195494639, 18.978169214813036 ], [ -99.015486353310052, 18.981192688217011 ], [ -99.017890202970591, 19.008001713337212 ], [ -99.035601212961183, 19.014204916626596 ], [ -99.036259177049146, 19.019651379398663 ], [ -99.060994706344658, 19.04925576991063 ], [ -99.044187314832371, 19.075726616677073 ], [ -99.02898302411748, 19.08595187309977 ] ] ] } },
{ "type": "Feature", "properties": { "cve_edo": "17", "cve_mpo_ine": "024", "cve_edo_mpo_ine": "17024", "nom_mpo": "TLALTIZAPAN DE ZAPATA", "nom_edo": "Morelos", "alianza_ganadora": "Juntos Haremos Historia", "margen_pp": 30.011810506976946, "por_participacion": 58.5879036391594 }, "geometry": { "type": "Polygon", "coordinates": [ [ [ -99.199387924910383, 18.691176416441191 ], [ -99.186320739780996, 18.705427087251493 ], [ -99.193430663351791, 18.717706986636507 ], [ -99.192591655331668, 18.725966504749707 ], [ -99.188610946243557, 18.727180994447139 ], [ -99.185625295719575, 18.731938439705868 ], [ -99.186654900146976, 18.740025531720129 ], [ -99.191898198372812, 18.745006946024077 ], [ -99.197583036110203, 18.761738047478918 ], [ -99.19190835092175, 18.760956207606291 ], [ -99.190786817372214, 18.754891719177287 ], [ -99.186808960815767, 18.75319479096575 ], [ -99.18249992161941, 18.745701424068592 ], [ -99.175875034290115, 18.742167503194416 ], [ -99.173323517790422, 18.747843107332272 ], [ -99.160709336094698, 18.751123669523682 ], [ -99.147032845718314, 18.759132161601375 ], [ -99.146191586351947, 18.768507624312274 ], [ -99.1496912095661, 18.785054774892163 ], [ -99.160212427516043, 18.800265376588822 ], [ -99.160205528709113, 18.807445327701529 ], [ -99.152168866737085, 18.816468134093284 ], [ -99.143312538076486, 18.83270161573876 ], [ -99.135624719794265, 18.827461773290679 ], [ -99.125252553102669, 18.830360976995404 ], [ -99.117258022958779, 18.829162508605361 ], [ -99.103322066500411, 18.819290831308454 ], [ -99.101994893416574, 18.812669812114891 ], [ -99.100750022001137, 18.814502810871943 ], [ -99.096076258966633, 18.810162756260219 ], [ -99.095969651397439, 18.806885455214786 ], [ -99.091195172718727, 18.806586705365014 ], [ -99.089207777598403, 18.800783233058105 ], [ -99.079824526732722, 18.803221488122269 ], [ -99.078717244709054, 18.806143471057585 ], [ -99.073860748183293, 18.806063354952514 ], [ -99.059821348464027, 18.79714239802033 ], [ -99.062179207975817, 18.785974666691899 ], [ -99.071515739478926, 18.774313531503928 ], [ -99.070423728092109, 18.758831173744184 ], [ -99.077635119221441, 18.75094032857735 ], [ -99.075379957397175, 18.724849424404386 ], [ -99.066931322404002, 18.712121789206847 ], [ -99.089935466436714, 18.706384043186706 ], [ -99.09192867927716, 18.707953884828971 ], [ -99.091546286764114, 18.69249252680585 ], [ -99.087039668023181, 18.684276014510591 ], [ -99.08355774301981, 18.684558318896713 ], [ -99.084047141091929, 18.678691770893785 ], [ -99.094817141361389, 18.661149092659588 ], [ -99.062807258782897, 18.66721649349892 ], [ -99.062191484300286, 18.675605289900446 ], [ -99.053048957923068, 18.667912000157578 ], [ -99.046617547447426, 18.669057272172065 ], [ -99.044719540396812, 18.666699339066376 ], [ -99.038067570387909, 18.666440056543586 ], [ -99.032540778529309, 18.677418282731807 ], [ -99.017252833755464, 18.669200005427601 ], [ -99.000676061811646, 18.665650369186778 ], [ -99.00104004561193, 18.66158714183409 ], [ -99.005764881191098, 18.662261759903895 ], [ -99.005727677315321, 18.656772559524583 ], [ -99.000749437485766, 18.656429339937667 ], [ -99.001525791409946, 18.653038012586144 ], [ -99.00356219381348, 18.653102427886658 ], [ -99.003488296084811, 18.649085471490455 ], [ -98.998281560437604, 18.648618207859631 ], [ -98.99600028267443, 18.644741458759775 ], [ -98.999783571946338, 18.644849304121095 ], [ -99.001396416337997, 18.638185419471416 ], [ -99.009321027880162, 18.635681993333819 ], [ -99.009354401695944, 18.633510784770813 ], [ -99.015503690120426, 18.636478231421414 ], [ -99.017320627866596, 18.633150331855514 ], [ -99.012176646820649, 18.633162101525013 ], [ -99.01200149315892, 18.630513878002468 ], [ -99.020270457530728, 18.632425361653304 ], [ -99.022533116048635, 18.626726394539041 ], [ -99.021069182623634, 18.624174450007796 ], [ -99.027171129764696, 18.621936372516537 ], [ -99.025796828095736, 18.616757382844312 ], [ -99.029670514628165, 18.609993672819567 ], [ -99.036480806068383, 18.611793414102792 ], [ -99.035519246904386, 18.60788144375136 ], [ -99.032893447042653, 18.607922480258274 ], [ -99.032046703077057, 18.601818020899533 ], [ -99.036581232546666, 18.603987793647047 ], [ -99.040864321679265, 18.602073970294779 ], [ -99.03665361392359, 18.599377516357542 ], [ -99.03974192507097, 18.596597752547879 ], [ -99.040703411578264, 18.590632860217923 ], [ -99.033805408874329, 18.58638194605626 ], [ -99.036341970752133, 18.584908504173953 ], [ -99.0429415244285, 18.588812024176629 ], [ -99.044909237327104, 18.587447074984006 ], [ -99.039959854730682, 18.583075963988126 ], [ -99.039910159153678, 18.579052235164241 ], [ -99.047064070096241, 18.581081616322194 ], [ -99.04719779197525, 18.586446195053668 ], [ -99.05220747678635, 18.582518791524873 ], [ -99.067180873782277, 18.582965472070097 ], [ -99.069742962158273, 18.585516046219801 ], [ -99.073918052154696, 18.585763546842955 ], [ -99.078498609052232, 18.606041919099312 ], [ -99.088243344293403, 18.628376029539091 ], [ -99.091891776257697, 18.644934514159516 ], [ -99.10139256212392, 18.647523199259279 ], [ -99.106405418493821, 18.658026650672099 ], [ -99.117102008536278, 18.661454393003293 ], [ -99.13361088498857, 18.653474515619454 ], [ -99.161099354137505, 18.662822624837411 ], [ -99.170158632496239, 18.657964024448219 ], [ -99.170648267669563, 18.670643308389998 ], [ -99.176778762016951, 18.671011269947329 ], [ -99.182361673785948, 18.668629657749403 ], [ -99.18881719450232, 18.673104411429463 ], [ -99.185048193109623, 18.678723871822822 ], [ -99.189241744084256, 18.678990072846755 ], [ -99.190253534311282, 18.683751560355159 ], [ -99.195769847949506, 18.681844254337395 ], [ -99.199429130785248, 18.683825034800336 ], [ -99.199387924910383, 18.691176416441191 ] ] ] } },
{ "type": "Feature", "properties": { "cve_edo": "17", "cve_mpo_ine": "025", "cve_edo_mpo_ine": "17025", "nom_mpo": "TLAQUILTENANGO", "nom_edo": "Morelos", "alianza_ganadora": "Otros", "margen_pp": 14.809014774971063, "por_participacion": 57.476617226940085 }, "geometry": { "type": "Polygon", "coordinates": [ [ [ -99.161099354137505, 18.662822624837411 ], [ -99.13361088498857, 18.653474515619454 ], [ -99.117102008536278, 18.661454393003293 ], [ -99.106405418493821, 18.658026650672099 ], [ -99.10139256212392, 18.647523199259279 ], [ -99.092396432631162, 18.645746610087304 ], [ -99.091014400930916, 18.643205412322178 ], [ -99.088243344293403, 18.628376029539091 ], [ -99.078498609052232, 18.606041919099312 ], [ -99.073918052154696, 18.585763546842955 ], [ -99.069742962158273, 18.585516046219801 ], [ -99.067180873782277, 18.582965472070097 ], [ -99.053256354807402, 18.582393229386362 ], [ -99.04719779197525, 18.586446195053668 ], [ -99.04741154410786, 18.581876280361392 ], [ -99.04271118966642, 18.578565940184543 ], [ -99.037846583111659, 18.561560722449826 ], [ -99.012368642171793, 18.570718037049748 ], [ -98.997233842622407, 18.569844777163858 ], [ -98.996130921227234, 18.539449939760143 ], [ -98.988629823046708, 18.541293339278251 ], [ -98.983833759637491, 18.533137445664234 ], [ -98.985322638549846, 18.526942067349992 ], [ -98.966107532025092, 18.52159882918604 ], [ -98.961945101674473, 18.494970699737937 ], [ -98.952297916098175, 18.487837342103646 ], [ -98.936226071875794, 18.484386227890628 ], [ -98.910415379242693, 18.458610853306737 ], [ -98.914959232523444, 18.456658375984901 ], [ -98.915539130734899, 18.442028652396086 ], [ -98.921155378491079, 18.442447932074526 ], [ -98.933794631661129, 18.430406585222915 ], [ -98.941551620422672, 18.414030636866521 ], [ -98.971638050050061, 18.412350145942863 ], [ -98.981492975807825, 18.389672229743713 ], [ -98.992178622218916, 18.389860691227643 ], [ -98.998220564310657, 18.39217524438644 ], [ -98.997793172356481, 18.388821946935611 ], [ -99.005235552926308, 18.389791704121393 ], [ -99.009839248411566, 18.385928588733073 ], [ -99.017946532089184, 18.387788877959778 ], [ -99.020503480399, 18.376969071874285 ], [ -99.023779691420629, 18.376082642232674 ], [ -99.023307445047905, 18.372475064914141 ], [ -99.030955198869449, 18.367605037528836 ], [ -99.031339831169774, 18.364501153453794 ], [ -99.035857720472762, 18.364766798579577 ], [ -99.034908686244236, 18.362927644784985 ], [ -99.038557400061052, 18.3583070079567 ], [ -99.044014996863623, 18.358615031818271 ], [ -99.042800045377604, 18.355482195470639 ], [ -99.046651897276845, 18.354799167651478 ], [ -99.048433876404374, 18.35082504263141 ], [ -99.058682079177387, 18.34857648862145 ], [ -99.057690704170795, 18.338305470609523 ], [ -99.063586407765627, 18.332419040262391 ], [ -99.071891156411624, 18.335029135582264 ], [ -99.075902710062593, 18.343734435775836 ], [ -99.069735126836164, 18.350924017426522 ], [ -99.071071914533505, 18.359307423525035 ], [ -99.066069436598326, 18.359834895302964 ], [ -99.066301709073045, 18.367482262028261 ], [ -99.070613949234485, 18.369504942031629 ], [ -99.073528187909062, 18.377054567456916 ], [ -99.079112328235496, 18.372455695893496 ], [ -99.081240498209439, 18.372949197457277 ], [ -99.078566722527668, 18.386537932506009 ], [ -99.09095219773188, 18.40162851177497 ], [ -99.09889510872577, 18.401196734156869 ], [ -99.107405345267566, 18.410545704431005 ], [ -99.110533486113241, 18.419391054113259 ], [ -99.113268513976152, 18.418715276451493 ], [ -99.12822594691778, 18.42708218719131 ], [ -99.130288441939996, 18.431974610380152 ], [ -99.125071633381424, 18.436132426116696 ], [ -99.124432837819683, 18.441580034650773 ], [ -99.129412921087535, 18.441250060921888 ], [ -99.135818726331848, 18.44986682743988 ], [ -99.133745613255954, 18.45793096694376 ], [ -99.138874225188161, 18.464252070735103 ], [ -99.137892405745944, 18.469682601166511 ], [ -99.141867464629144, 18.468873368928246 ], [ -99.142126774197266, 18.465624739161999 ], [ -99.153320782207032, 18.467033845280955 ], [ -99.163691965702711, 18.462830435754896 ], [ -99.170702914484721, 18.454820256454283 ], [ -99.174288036500371, 18.453637956756193 ], [ -99.175012333448748, 18.444081696771221 ], [ -99.180960817122354, 18.44397624914205 ], [ -99.182686488619652, 18.432186802839592 ], [ -99.203644650203827, 18.448774971021376 ], [ -99.199752053188433, 18.463151528648009 ], [ -99.176114828658783, 18.487679936399974 ], [ -99.226289730163032, 18.480320785168054 ], [ -99.23403925812427, 18.501772265733017 ], [ -99.206831752142591, 18.522928343728836 ], [ -99.203343917785958, 18.523274854383676 ], [ -99.203363194094493, 18.526837769078426 ], [ -99.196106829921391, 18.53097434132043 ], [ -99.191566378752185, 18.520856651573492 ], [ -99.189161270924231, 18.524505300763746 ], [ -99.189912592004191, 18.531868937918471 ], [ -99.186734629633136, 18.531490784383497 ], [ -99.179336681533954, 18.537543307909168 ], [ -99.176338412477421, 18.53765558213825 ], [ -99.174091754039495, 18.532274351494866 ], [ -99.165501678087622, 18.531812084151934 ], [ -99.153316751821905, 18.555279209720766 ], [ -99.151994147369621, 18.562997958544198 ], [ -99.147177158286311, 18.569032933177407 ], [ -99.153872930576654, 18.578968368768177 ], [ -99.152213456650429, 18.599318963041224 ], [ -99.159179546640999, 18.600276217216347 ], [ -99.166560239887318, 18.607826339919519 ], [ -99.163906377058368, 18.610171058141191 ], [ -99.167674174882308, 18.611995502157363 ], [ -99.168340039886928, 18.618436481040018 ], [ -99.177504909965023, 18.629918517972641 ], [ -99.177984776735855, 18.634893976184461 ], [ -99.170158632496239, 18.657964024448219 ], [ -99.161099354137505, 18.662822624837411 ] ] ] } },
{ "type": "Feature", "properties": { "cve_edo": "17", "cve_mpo_ine": "026", "cve_edo_mpo_ine": "17026", "nom_mpo": "TLAYACAPAN", "nom_edo": "Morelos", "alianza_ganadora": "Juntos Haremos Historia", "margen_pp": 16.674888998519979, "por_participacion": 69.579843471097078 }, "geometry": { "type": "MultiPolygon", "coordinates": [ [ [ [ -99.023542941140548, 18.931457588673979 ], [ -99.019041672897899, 18.933261602400631 ], [ -99.027704389434859, 18.925546712605843 ], [ -99.02784910907819, 18.933325156744949 ], [ -99.023542941140548, 18.931457588673979 ] ] ], [ [ [ -98.965012955879573, 18.986486161335502 ], [ -98.963290962729644, 18.983064952597797 ], [ -98.962877156263048, 18.988165052143845 ], [ -98.954510273326292, 18.985539529710248 ], [ -98.956424246102046, 18.980427752224447 ], [ -98.954542729299789, 18.976716860817309 ], [ -98.951026089325453, 18.983697821660108 ], [ -98.93696497358944, 18.978640766504512 ], [ -98.933293158109336, 18.974566847589038 ], [ -98.93531808352958, 18.960674058609214 ], [ -98.93224274359882, 18.966151031280468 ], [ -98.923373368244512, 18.968291155865778 ], [ -98.921092117969195, 18.964558770786834 ], [ -98.923199706860572, 18.950052741849465 ], [ -98.929449519242212, 18.952458465023401 ], [ -98.931836065064729, 18.946535353248933 ], [ -98.949145613396865, 18.929084919355233 ], [ -98.953005421256705, 18.928036318936993 ], [ -98.966750618958073, 18.931853547370473 ], [ -98.967018558660982, 18.928649914547055 ], [ -98.969110867452869, 18.932152067602679 ], [ -98.977386405399727, 18.934360460845685 ], [ -98.986526163994469, 18.924098895447145 ], [ -98.988048372389841, 18.905449380063562 ], [ -98.996462118215007, 18.912254428732847 ], [ -99.027494777036537, 18.916435553128203 ], [ -99.029029902388658, 18.920349010356006 ], [ -99.016884923535372, 18.924413790171947 ], [ -99.009311185336514, 18.936441036290987 ], [ -99.013493747153419, 18.93944737947119 ], [ -99.009384242235967, 18.947985515227433 ], [ -99.018468675895164, 18.949443396073356 ], [ -99.014880953446834, 18.958180105343111 ], [ -99.013306793714221, 18.976112454290721 ], [ -99.008023780861976, 18.988358428880701 ], [ -98.982493631674785, 18.986121977698829 ], [ -98.980848962638859, 18.993125538220919 ], [ -98.965012955879573, 18.986486161335502 ] ] ] ] } },
{ "type": "Feature", "properties": { "cve_edo": "17", "cve_mpo_ine": "027", "cve_edo_mpo_ine": "17027", "nom_mpo": "TOTOLAPAN", "nom_edo": "Morelos", "alianza_ganadora": "Juntos Haremos Historia", "margen_pp": 23.645320197044335, "por_participacion": 70.284145176695318 }, "geometry": { "type": "Polygon", "coordinates": [ [ [ -98.914923348874922, 19.040737065391113 ], [ -98.886483868809947, 19.037295012267382 ], [ -98.87136493490442, 19.01546719742829 ], [ -98.874962089228163, 19.010217211824425 ], [ -98.868081907915737, 19.004674294130648 ], [ -98.870177362997396, 19.000661597242246 ], [ -98.881702621299468, 18.999926546729249 ], [ -98.883235575430959, 18.992504627139979 ], [ -98.890609269910968, 18.979525743750393 ], [ -98.891359555116281, 18.972264474904058 ], [ -98.896592200871325, 18.973541157416076 ], [ -98.899881929369698, 18.967521893968794 ], [ -98.900530915505257, 18.958435720840029 ], [ -98.908109715919224, 18.959292167026522 ], [ -98.911646114520877, 18.952913480231288 ], [ -98.913848141381919, 18.954640734301648 ], [ -98.91889657086486, 18.953915379151532 ], [ -98.919523937946764, 18.955935417693954 ], [ -98.922765331947943, 18.954000359656956 ], [ -98.920566642874348, 18.96170043826579 ], [ -98.923373368244512, 18.968291155865778 ], [ -98.93224274359882, 18.966151031280468 ], [ -98.93531808352958, 18.960674058609214 ], [ -98.933293158109336, 18.974566847589038 ], [ -98.93696497358944, 18.978640766504512 ], [ -98.951026089325453, 18.983697821660108 ], [ -98.954542729299789, 18.976716860817309 ], [ -98.956424246102046, 18.980427752224447 ], [ -98.954510273326292, 18.985539529710248 ], [ -98.962877156263048, 18.988165052143845 ], [ -98.963290962729644, 18.983064952597797 ], [ -98.965012955879573, 18.986486161335502 ], [ -98.978005975910747, 18.990527860373099 ], [ -98.981430271506355, 18.993830097651205 ], [ -98.98047981546452, 19.001130784299598 ], [ -98.976386902528361, 19.004382447767167 ], [ -98.971912301812125, 19.01940209419806 ], [ -98.970962910219143, 19.008827511536317 ], [ -98.966742140469236, 19.009060904659709 ], [ -98.967087049763606, 19.005706878826395 ], [ -98.962554878413172, 19.007437558270034 ], [ -98.962696801107555, 19.002894673648605 ], [ -98.95967408584977, 19.00703967820559 ], [ -98.955479220473819, 19.007392888581322 ], [ -98.954941147065242, 19.013828521865221 ], [ -98.957787173304155, 19.015752986383454 ], [ -98.956126295122758, 19.027027405770649 ], [ -98.94114640061693, 19.019096162090516 ], [ -98.928658468975755, 19.003592770674135 ], [ -98.924863738066563, 19.027784098863563 ], [ -98.927920141143957, 19.037687578822521 ], [ -98.914923348874922, 19.040737065391113 ] ] ] } },
{ "type": "Feature", "properties": { "cve_edo": "17", "cve_mpo_ine": "028", "cve_edo_mpo_ine": "17028", "nom_mpo": "XOCHITEPEC", "nom_edo": "Morelos", "alianza_ganadora": "Juntos Haremos Historia", "margen_pp": 13.235402130003672, "por_participacion": 50.930515290376874 }, "geometry": { "type": "Polygon", "coordinates": [ [ [ -99.279994266302694, 18.724360018249399 ], [ -99.281108285465805, 18.736867098344252 ], [ -99.297967990329568, 18.739360143421134 ], [ -99.292220350988003, 18.754850384635056 ], [ -99.276798692252925, 18.757887597922924 ], [ -99.276546984732306, 18.76296388821719 ], [ -99.281157241978619, 18.77262968501719 ], [ -99.250398472970176, 18.782657641498524 ], [ -99.250436269589585, 18.78520806776547 ], [ -99.257993359301352, 18.790952313446567 ], [ -99.262321854076518, 18.799196925726235 ], [ -99.261303940504988, 18.800633246859274 ], [ -99.267544469887739, 18.806857221285075 ], [ -99.267112371565929, 18.823347085340011 ], [ -99.246430149528265, 18.826796455105736 ], [ -99.235302433530151, 18.809855468979823 ], [ -99.228910978579236, 18.811636549766298 ], [ -99.224756462488429, 18.808029682233656 ], [ -99.213113350860169, 18.806873152778071 ], [ -99.209799152949202, 18.802851044223434 ], [ -99.208656255360296, 18.794684677610473 ], [ -99.189054871724338, 18.799233816115031 ], [ -99.186071905406706, 18.791606752190521 ], [ -99.188488777374474, 18.789812467449536 ], [ -99.189232180888496, 18.783869738196575 ], [ -99.191540737891486, 18.783672674041334 ], [ -99.192696592796153, 18.777994528141246 ], [ -99.189595317527449, 18.775216223137697 ], [ -99.189595954031148, 18.761812543823396 ], [ -99.197583036110203, 18.761738047478918 ], [ -99.191898198372812, 18.745006946024077 ], [ -99.186654900146976, 18.740025531720129 ], [ -99.185625295719575, 18.731938439705868 ], [ -99.188610946243557, 18.727180994447139 ], [ -99.192591655331668, 18.725966504749611 ], [ -99.193430663351791, 18.717706986636507 ], [ -99.186320739780996, 18.705427087251493 ], [ -99.199387924910383, 18.691176416441191 ], [ -99.193646331050246, 18.715693112692051 ], [ -99.221831804424127, 18.71204029220193 ], [ -99.224494451266821, 18.716296764120404 ], [ -99.248792479800201, 18.717335886311869 ], [ -99.279994266302694, 18.724360018249399 ] ] ] } },
{ "type": "Feature", "properties": { "cve_edo": "17", "cve_mpo_ine": "035", "cve_edo_mpo_ine": "17035", "nom_mpo": "XOXOCOTLA", "nom_edo": "Morelos", "alianza_ganadora": "Juntos Haremos Historia", "margen_pp": 2.6859283039058321, "por_participacion": 48.307056086844149 }, "geometry": { "type": "Polygon", "coordinates": [ [ [ -99.279994266302694, 18.724360018249399 ], [ -99.248792479800201, 18.717335886311869 ], [ -99.224494451266821, 18.716296764120404 ], [ -99.221831804424127, 18.71204029220193 ], [ -99.193646331050246, 18.715693112692051 ], [ -99.197974750384574, 18.700728346674879 ], [ -99.199429130785248, 18.683825034800336 ], [ -99.218519397284766, 18.685427470280484 ], [ -99.217238937269997, 18.676502225856037 ], [ -99.227372297104324, 18.672551517370124 ], [ -99.224673815035104, 18.654656268644793 ], [ -99.227570480702269, 18.649982396413673 ], [ -99.226423675148496, 18.637741592398587 ], [ -99.231143433999975, 18.63163046000011 ], [ -99.230153522963619, 18.635046928336607 ], [ -99.245519205995649, 18.635124259149471 ], [ -99.252783456451354, 18.63798150547002 ], [ -99.254776535819687, 18.636182819919124 ], [ -99.252383921546922, 18.632461019533874 ], [ -99.247429028421891, 18.631752911556209 ], [ -99.254798276930075, 18.629874088966655 ], [ -99.261478461901461, 18.637636533546733 ], [ -99.266634984994482, 18.63919283300369 ], [ -99.263022583166958, 18.646853601488534 ], [ -99.256473988199417, 18.645643962908864 ], [ -99.262863281391176, 18.647071159927709 ], [ -99.260423284111397, 18.650878440372331 ], [ -99.260914446390501, 18.661745958093988 ], [ -99.273262292070982, 18.654408055063911 ], [ -99.285825272026216, 18.659786257162018 ], [ -99.291659486102148, 18.65955216508398 ], [ -99.290595235411516, 18.671120892790068 ], [ -99.277454164351397, 18.704020440698915 ], [ -99.284713917577179, 18.706282771396424 ], [ -99.280627259601303, 18.715051772040084 ], [ -99.279994266302694, 18.724360018249399 ] ] ] } },
{ "type": "Feature", "properties": { "cve_edo": "17", "cve_mpo_ine": "029", "cve_edo_mpo_ine": "17029", "nom_mpo": "YAUTEPEC", "nom_edo": "Morelos", "alianza_ganadora": "Juntos Haremos Historia", "margen_pp": 10.779393691110201, "por_participacion": 48.592223950233283 }, "geometry": { "type": "Polygon", "coordinates": [ [ [ -98.957175887425592, 18.924933301318518 ], [ -98.956735603719821, 18.920139530195559 ], [ -98.953601614978169, 18.9168600845403 ], [ -98.955914056977349, 18.908012000962444 ], [ -98.958509514929418, 18.903091732041737 ], [ -98.965334828872784, 18.899494295901324 ], [ -98.966782497151883, 18.896432836010359 ], [ -98.959358692779148, 18.892243028872802 ], [ -98.959976551677698, 18.881444822370526 ], [ -98.966593677502331, 18.880533520772325 ], [ -98.971438602751718, 18.882374817016618 ], [ -98.988571963937005, 18.866153712070641 ], [ -99.005388696181939, 18.870796366421274 ], [ -99.001874467955403, 18.859963499863191 ], [ -99.014131270958671, 18.85423953555555 ], [ -99.041076438468593, 18.857615903945096 ], [ -99.041108485572039, 18.848483146360675 ], [ -99.049091158151114, 18.844281494960452 ], [ -99.04619253306825, 18.839778006261362 ], [ -99.048826751255746, 18.835647156656023 ], [ -99.050319326122818, 18.810581243650923 ], [ -99.047276170487478, 18.804460282997169 ], [ -99.054415039397284, 18.795395178668311 ], [ -99.059516452299206, 18.79652485187275 ], [ -99.073860748183293, 18.806063354952514 ], [ -99.078717244709054, 18.806143471057585 ], [ -99.079824526732722, 18.803221488122269 ], [ -99.089207777598403, 18.800783233058105 ], [ -99.091195172718727, 18.806586705365014 ], [ -99.095969651397439, 18.806885455214786 ], [ -99.096076258966633, 18.810162756260219 ], [ -99.100750022001137, 18.814502810871943 ], [ -99.101994893416574, 18.812669812114891 ], [ -99.103322066500411, 18.819290831308454 ], [ -99.116392409278134, 18.828641654301478 ], [ -99.125252553102669, 18.830360976995404 ], [ -99.132789009199342, 18.827305831821437 ], [ -99.137483686045258, 18.827995636273126 ], [ -99.148425825250854, 18.839651572542969 ], [ -99.136498470771073, 18.853261502608269 ], [ -99.134814168135847, 18.864591970517161 ], [ -99.127760408305875, 18.865571317767181 ], [ -99.122982973427114, 18.862208832486491 ], [ -99.120268813791043, 18.868070103583534 ], [ -99.119926889861645, 18.880672177820284 ], [ -99.125966951138281, 18.889498009594146 ], [ -99.132072853983004, 18.894054341598356 ], [ -99.127002554065157, 18.898411455939396 ], [ -99.119407408815135, 18.896848666441244 ], [ -99.11220171512177, 18.902412178422555 ], [ -99.0951890304611, 18.909151643758644 ], [ -99.09251341426679, 18.920039322793016 ], [ -99.051665261530331, 18.929251287113026 ], [ -99.048532522423969, 18.931598365339806 ], [ -99.045211822241981, 18.926837437792312 ], [ -99.02658900765374, 18.925649415382267 ], [ -99.019041672897899, 18.933261602400631 ], [ -99.026358995851098, 18.931857169926957 ], [ -99.027725666777982, 18.940371828386752 ], [ -99.018468675895164, 18.949443396073356 ], [ -99.009384242235967, 18.947985515227433 ], [ -99.013493747153419, 18.93944737947119 ], [ -99.009311185336514, 18.936441036290987 ], [ -99.016884923535372, 18.924413790171947 ], [ -99.029029902388658, 18.920349010356006 ], [ -99.027114203343018, 18.9162486864907 ], [ -98.996462118215007, 18.912254428732847 ], [ -98.988048372389841, 18.905449380063562 ], [ -98.986526163994469, 18.924098895447145 ], [ -98.977386405399727, 18.934360460845685 ], [ -98.969110867452869, 18.932152067602679 ], [ -98.967018558660982, 18.928649914547055 ], [ -98.966750618958073, 18.931853547370473 ], [ -98.960194733823059, 18.931123759156335 ], [ -98.959809746525622, 18.925791600752184 ], [ -98.957175887425592, 18.924933301318518 ] ] ] } },
{ "type": "Feature", "properties": { "cve_edo": "17", "cve_mpo_ine": "030", "cve_edo_mpo_ine": "17030", "nom_mpo": "YECAPIXTLA", "nom_edo": "Morelos", "alianza_ganadora": "Juntos Haremos Historia", "margen_pp": 18.117738563997861, "por_participacion": 54.523045932836808 }, "geometry": { "type": "Polygon", "coordinates": [ [ [ -98.906780142468108, 18.851508821648824 ], [ -98.919213349550233, 18.852464994679003 ], [ -98.924256673452504, 18.850039332190249 ], [ -98.928419207076672, 18.852491604062553 ], [ -98.925146296303595, 18.860563979891015 ], [ -98.922837028178776, 18.860725719870391 ], [ -98.911906489376747, 18.872934722273321 ], [ -98.924745006551149, 18.882981696575261 ], [ -98.928178845120357, 18.881656993963585 ], [ -98.91973919465228, 18.886626255860751 ], [ -98.917921177068735, 18.892887772305137 ], [ -98.913388289996476, 18.888672834312569 ], [ -98.906743954012214, 18.889747122810768 ], [ -98.891457264824851, 18.908217915255083 ], [ -98.887325714734729, 18.904068023032764 ], [ -98.881250552276484, 18.907727633289845 ], [ -98.869218576374067, 18.906625102250494 ], [ -98.860382678049646, 18.912615687484553 ], [ -98.859426805896902, 18.909857347688241 ], [ -98.851095694875838, 18.918817721309356 ], [ -98.844825610009664, 18.932106434535147 ], [ -98.837817262099293, 18.935585987310258 ], [ -98.839120944823506, 18.94059875449312 ], [ -98.836293829443179, 18.948468545735583 ], [ -98.827216778228447, 18.953388037898289 ], [ -98.819712678024828, 18.951599032264337 ], [ -98.819255094591909, 18.944131029213764 ], [ -98.801146474430382, 18.940660882908556 ], [ -98.794190500015603, 18.936711554377307 ], [ -98.793644642818037, 18.93120362802788 ], [ -98.797753977422801, 18.91925650034775 ], [ -98.802934831494696, 18.912242508273621 ], [ -98.802503754644334, 18.90709999536848 ], [ -98.807301841637283, 18.90149111091257 ], [ -98.809005468024068, 18.887903011209897 ], [ -98.814168303212469, 18.882193734510185 ], [ -98.823554084427016, 18.877497469780881 ], [ -98.827147037393814, 18.869587424448696 ], [ -98.823483624790398, 18.859110069650949 ], [ -98.814288021212434, 18.860269628442754 ], [ -98.812560003775587, 18.851587218494107 ], [ -98.847315192417312, 18.846067890542923 ], [ -98.833191018312391, 18.8250360155692 ], [ -98.82081357286647, 18.81979728819697 ], [ -98.822441447365804, 18.817297339977024 ], [ -98.815223192279234, 18.811762478173108 ], [ -98.802619876561309, 18.823620384287405 ], [ -98.801263050890995, 18.808877786554685 ], [ -98.797628038063806, 18.803308162726154 ], [ -98.805127808519146, 18.788457278038855 ], [ -98.816798359131326, 18.780258043877563 ], [ -98.823978076503622, 18.767569353525243 ], [ -98.831214458207839, 18.765599156106902 ], [ -98.832053884163017, 18.763182712118631 ], [ -98.841686254661511, 18.767044233544095 ], [ -98.853430648351093, 18.762568585031364 ], [ -98.856966795826665, 18.763226926078779 ], [ -98.865493804405148, 18.769405095893596 ], [ -98.883957288928229, 18.775529257094306 ], [ -98.884770544192079, 18.790322212168981 ], [ -98.887643130699843, 18.798712714595727 ], [ -98.901582701177503, 18.803302513295744 ], [ -98.929271889773673, 18.807450777525084 ], [ -98.923926727417637, 18.822310711978947 ], [ -98.925956658223157, 18.831164687284002 ], [ -98.920257060549744, 18.834528417715749 ], [ -98.913308135153784, 18.831530448043782 ], [ -98.908879293025336, 18.834824597506874 ], [ -98.906780142468108, 18.851508821648824 ] ] ] } },
{ "type": "Feature", "properties": { "cve_edo": "17", "cve_mpo_ine": "031", "cve_edo_mpo_ine": "17031", "nom_mpo": "ZACATEPEC", "nom_edo": "Morelos", "alianza_ganadora": "Otros", "margen_pp": 0.20183897734918144, "por_participacion": 59.423621522572049 }, "geometry": { "type": "Polygon", "coordinates": [ [ [ -99.199429130785248, 18.683825034800336 ], [ -99.195769847949506, 18.681844254337395 ], [ -99.188922004172113, 18.683071220450568 ], [ -99.189241744084256, 18.678990072846755 ], [ -99.185048193109623, 18.678723871822822 ], [ -99.189065333451268, 18.673327299466461 ], [ -99.182361673785948, 18.668629657749403 ], [ -99.176778762016951, 18.671011269947329 ], [ -99.170648267669563, 18.670643308389998 ], [ -99.170158632496239, 18.657964024448219 ], [ -99.175206903824559, 18.640735954438675 ], [ -99.184805392567057, 18.646838311195971 ], [ -99.1943804850833, 18.64954500261705 ], [ -99.195768079950369, 18.646301429627549 ], [ -99.192786481364962, 18.643608966954059 ], [ -99.195458886096731, 18.643459747136429 ], [ -99.195683890748299, 18.637521923133701 ], [ -99.202207872128582, 18.635188100189708 ], [ -99.206290374351752, 18.628783202799635 ], [ -99.211224854689959, 18.627939760795183 ], [ -99.221031565470085, 18.630400241730936 ], [ -99.226037829006899, 18.627462207108163 ], [ -99.224180358239607, 18.625106290733907 ], [ -99.244316339524303, 18.611164862776437 ], [ -99.242985436140614, 18.62506538703758 ], [ -99.229846291193752, 18.628762615426123 ], [ -99.231143434069793, 18.631630459942915 ], [ -99.226423675148496, 18.637741592398587 ], [ -99.227570480702269, 18.649982396413673 ], [ -99.224391313308899, 18.658694225701339 ], [ -99.227372297104324, 18.672551517370124 ], [ -99.217238937269997, 18.676502225856037 ], [ -99.218519397284766, 18.685427470280484 ], [ -99.199429130785248, 18.683825034800336 ] ] ] } },
{ "type": "Feature", "properties": { "cve_edo": "17", "cve_mpo_ine": "032", "cve_edo_mpo_ine": "17032", "nom_mpo": "ZACUALPAN DE AMILPAS", "nom_edo": "Morelos", "alianza_ganadora": "Juntos Haremos Historia", "margen_pp": 33.644859813084111, "por_participacion": 77.081109925293489 }, "geometry": { "type": "Polygon", "coordinates": [ [ [ -98.803988569021854, 18.791796097698029 ], [ -98.797628038063806, 18.803308162726154 ], [ -98.801263050890995, 18.808877786554685 ], [ -98.802966450868851, 18.824393670380054 ], [ -98.799394651448239, 18.82897757897684 ], [ -98.797978924408937, 18.826247515719164 ], [ -98.784252638941993, 18.818805175621723 ], [ -98.781912628973288, 18.821680746478709 ], [ -98.782354520574387, 18.828993171032653 ], [ -98.77692268922344, 18.832805970888618 ], [ -98.765069053465666, 18.835762964445973 ], [ -98.762845053706073, 18.839375739353429 ], [ -98.755622347740896, 18.830744753105417 ], [ -98.739917484695923, 18.830062296244957 ], [ -98.736385387365729, 18.839790904932922 ], [ -98.727830421995449, 18.847439336871179 ], [ -98.714107132880869, 18.845132305070809 ], [ -98.711665677162955, 18.83673674953177 ], [ -98.705389955599074, 18.82999764481967 ], [ -98.707175666328695, 18.822095134302433 ], [ -98.716594621558841, 18.811228892547557 ], [ -98.721413578123972, 18.813466881468205 ], [ -98.724226693594829, 18.810530909493611 ], [ -98.723944197632804, 18.806805101756272 ], [ -98.727179650270131, 18.80642976798028 ], [ -98.72831611718253, 18.799680093190197 ], [ -98.732424826178061, 18.795465515010374 ], [ -98.730195677251999, 18.790587965217767 ], [ -98.73639227157436, 18.774032370816013 ], [ -98.765916430277741, 18.778176512801938 ], [ -98.76559765767432, 18.775453484044782 ], [ -98.768387396666625, 18.774585219468541 ], [ -98.769363375277749, 18.771494351135235 ], [ -98.771215809722193, 18.772243080579646 ], [ -98.770438911111071, 18.774547459746358 ], [ -98.777216182768925, 18.777206667628981 ], [ -98.774367948611072, 18.77923160391304 ], [ -98.772407379999976, 18.786623688913132 ], [ -98.796587545540177, 18.798522827312947 ], [ -98.798376583611088, 18.793593453635431 ], [ -98.802138265277776, 18.790560392524291 ], [ -98.803988569021854, 18.791796097698029 ] ] ] } }
]
}
