{
"type": "FeatureCollection",
"name": "21",
"crs": { "type": "name", "properties": { "name": "urn:ogc:def:crs:OGC:1.3:CRS84" } },
"features": [
{ "type": "Feature", "properties": { "cve_edo": "21", "cve_mpo_ine": "001", "cve_edo_mpo_ine": "21001", "nom_mpo": "ACAJETE", "nom_edo": "Puebla", "alianza_ganadora": "Juntos Haremos Historia", "margen_pp": 17.91792199332302, "por_participacion": 53.506154013723993 }, "geometry": { "type": "Polygon", "coordinates": [ [ [ -97.978089383818642, 19.012994429558439 ], [ -97.980426730602588, 19.018773375282663 ], [ -97.979153900734019, 19.032934628166107 ], [ -97.997540188903187, 19.038942182782606 ], [ -97.999604582863995, 19.035850575090187 ], [ -98.005883045900731, 19.037140487390484 ], [ -98.004532604388174, 19.042377983320019 ], [ -98.011183201427059, 19.043827707522635 ], [ -98.016126380944002, 19.061957672254351 ], [ -98.001784613115589, 19.068598782428253 ], [ -97.987116375827043, 19.062443592640992 ], [ -97.982939953770398, 19.066554941326554 ], [ -97.965053915941709, 19.068211428463503 ], [ -97.962313007332838, 19.061332567187215 ], [ -97.955862572093523, 19.075249587507169 ], [ -97.956787598020199, 19.082199369630878 ], [ -97.965724048682773, 19.096510425815957 ], [ -97.968818398242902, 19.095255601372184 ], [ -97.969275661850176, 19.097793268353815 ], [ -97.977251752038555, 19.091911839909002 ], [ -97.981716390186932, 19.092545474301158 ], [ -97.983485305503336, 19.095962948568214 ], [ -97.997552890264785, 19.098152428270751 ], [ -97.9960907142125, 19.111263739626757 ], [ -97.99827248957358, 19.12263147590442 ], [ -97.985443625700867, 19.130412507230449 ], [ -97.986754559584327, 19.149166266910253 ], [ -97.990715173290482, 19.157860520391868 ], [ -97.985708293662114, 19.163639599879492 ], [ -97.981471735368274, 19.16406413599907 ], [ -97.97241229773843, 19.1715908998628 ], [ -97.978735094378422, 19.199896458482673 ], [ -97.955020299788345, 19.195077745321161 ], [ -97.947274020875923, 19.19628427572934 ], [ -97.933532790853107, 19.183949491155794 ], [ -97.927824158966004, 19.166368805433926 ], [ -97.933581693729209, 19.154426154685698 ], [ -97.929224346325555, 19.144507358432385 ], [ -97.927700744338139, 19.133030364216022 ], [ -97.919131995101282, 19.122346719243467 ], [ -97.920791428111116, 19.11645819349544 ], [ -97.89910583782914, 19.124800675067913 ], [ -97.895983021179703, 19.121152492365962 ], [ -97.899583083732182, 19.119325818292445 ], [ -97.892939917923158, 19.115883646451554 ], [ -97.893698995274818, 19.107470275009888 ], [ -97.888747066852261, 19.100464134065518 ], [ -97.876817459033717, 19.093505454042592 ], [ -97.875615830458102, 19.087967416047608 ], [ -97.892366355740108, 19.076543494296686 ], [ -97.904648507235365, 19.072917066309326 ], [ -97.911976932694472, 19.059822005458575 ], [ -97.922247246988235, 19.051744883629148 ], [ -97.925851779991177, 19.037324414549001 ], [ -97.936462173175926, 19.032047158540358 ], [ -97.936731303778018, 19.027615616451335 ], [ -97.94437876584297, 19.016592715643583 ], [ -97.944258197768804, 19.01155415517702 ], [ -97.948700729144932, 19.012279952758714 ], [ -97.95267898994345, 19.010254958399603 ], [ -97.978089383818642, 19.012994429558439 ] ] ] } },
{ "type": "Feature", "properties": { "cve_edo": "21", "cve_mpo_ine": "002", "cve_edo_mpo_ine": "21002", "nom_mpo": "ACATENO", "nom_edo": "Puebla", "alianza_ganadora": "Juntos Haremos Historia", "margen_pp": 25.625347415230685, "por_participacion": 74.657628994328391 }, "geometry": { "type": "Polygon", "coordinates": [ [ [ -97.209143297011622, 20.054480105343327 ], [ -97.212659022244523, 20.04909945356302 ], [ -97.226642707060122, 20.056778694438755 ], [ -97.255092043450631, 20.055771936944311 ], [ -97.264485298713211, 20.058467431964338 ], [ -97.270199778269586, 20.051165645948295 ], [ -97.275520118421738, 20.038172625347936 ], [ -97.284674094733077, 20.030978221271599 ], [ -97.290709151915891, 20.035007466093209 ], [ -97.290667423516979, 20.041884388381341 ], [ -97.293667352980052, 20.040871579095047 ], [ -97.299965326549056, 20.053801378775184 ], [ -97.303667171530762, 20.055272992206117 ], [ -97.305662816285874, 20.067501927191973 ], [ -97.300519486587817, 20.075392500801208 ], [ -97.286610139008104, 20.083648690205713 ], [ -97.277214196436134, 20.08350761269871 ], [ -97.273917912111742, 20.087191259220482 ], [ -97.266604428146266, 20.087872570705045 ], [ -97.263697140940025, 20.094899441834912 ], [ -97.266448600699107, 20.104631190603541 ], [ -97.276212089356619, 20.119194281144832 ], [ -97.28119374555267, 20.123450602977943 ], [ -97.287402094981942, 20.125177192557352 ], [ -97.288140604703585, 20.131121943413447 ], [ -97.284915948746161, 20.141767142137113 ], [ -97.289110112198472, 20.14728469037949 ], [ -97.283218619432901, 20.157054449298581 ], [ -97.288652755014212, 20.164531714322468 ], [ -97.283863948238462, 20.172057735085229 ], [ -97.284093115960189, 20.177292471653882 ], [ -97.278509117595419, 20.183814462390014 ], [ -97.269910332414057, 20.184305925623413 ], [ -97.263434041994273, 20.178949270209795 ], [ -97.256404594522408, 20.177288037685472 ], [ -97.245141663015517, 20.18180322880211 ], [ -97.243798115589058, 20.174750180407422 ], [ -97.182412729214207, 20.154412134682445 ], [ -97.157363739007579, 20.149319009351949 ], [ -97.147301949787476, 20.136501724524109 ], [ -97.135079299075841, 20.139677274450779 ], [ -97.122758968586936, 20.137685707775429 ], [ -97.134103744008343, 20.124694068779402 ], [ -97.140888398811512, 20.122853301908382 ], [ -97.14000065613952, 20.119133863448269 ], [ -97.15510841950838, 20.11218318932001 ], [ -97.168364988475986, 20.094995332333038 ], [ -97.179396969756681, 20.086094649984265 ], [ -97.182672550596536, 20.082140072417545 ], [ -97.178042549129984, 20.07554080852519 ], [ -97.180952435097709, 20.07345745726689 ], [ -97.185617233742306, 20.062350765876232 ], [ -97.188247660175762, 20.062426859221247 ], [ -97.197256772496473, 20.054716126601843 ], [ -97.201635352908539, 20.057358492203907 ], [ -97.202452058241192, 20.054539160941616 ], [ -97.209143297011622, 20.054480105343327 ] ] ] } },
{ "type": "Feature", "properties": { "cve_edo": "21", "cve_mpo_ine": "003", "cve_edo_mpo_ine": "21003", "nom_mpo": "ACATLAN", "nom_edo": "Puebla", "alianza_ganadora": "Juntos Haremos Historia", "margen_pp": 15.04462388440289, "por_participacion": 57.278481012658233 }, "geometry": { "type": "MultiPolygon", "coordinates": [ [ [ [ -98.248064993952553, 17.958919720534006 ], [ -98.253452448126623, 17.966868023019774 ], [ -98.251528182791844, 17.970679095405949 ], [ -98.253425598916863, 17.973259731099976 ], [ -98.274228478968297, 17.973920891252998 ], [ -98.278600207539185, 17.987540932805199 ], [ -98.277171862795129, 17.992544811908001 ], [ -98.280872229865437, 17.994334776504772 ], [ -98.282373808411791, 18.001537086878464 ], [ -98.287496236120276, 18.006293738528377 ], [ -98.294112056474717, 18.006618810490384 ], [ -98.293646912628745, 18.018820583949761 ], [ -98.300635761042543, 18.028835407352602 ], [ -98.299864279522751, 18.032648233388805 ], [ -98.294007735047174, 18.035521551882255 ], [ -98.299137055485247, 18.042167479852768 ], [ -98.297459174974989, 18.044561809745229 ], [ -98.291732683419553, 18.044710347803647 ], [ -98.289764927678164, 18.049378898008431 ], [ -98.286700055111396, 18.045853590487575 ], [ -98.286643281507608, 18.041592679359578 ], [ -98.275016863683987, 18.042219351068116 ], [ -98.266975428609967, 18.046083031187678 ], [ -98.259688819348099, 18.042047788904878 ], [ -98.256451842456826, 18.036908200879928 ], [ -98.253328972577549, 18.035781445479593 ], [ -98.253734857340689, 18.033466223411146 ], [ -98.247792790565256, 18.032110118655563 ], [ -98.23985326256421, 18.034000911386318 ], [ -98.236495459566186, 18.039905358764212 ], [ -98.233084709962625, 18.036543576407599 ], [ -98.21614184674165, 18.030158402404659 ], [ -98.207232843756699, 18.033106612716903 ], [ -98.200924156689211, 18.039000330070344 ], [ -98.196531682020748, 18.034559039374106 ], [ -98.194275314508985, 18.035419896493963 ], [ -98.193644722146828, 18.028137337289554 ], [ -98.196541226445262, 18.021942513500932 ], [ -98.197303234347558, 18.008377155826985 ], [ -98.204823662154311, 18.00480413428911 ], [ -98.205918711975613, 18.010102707315319 ], [ -98.210831812425198, 18.01384232378361 ], [ -98.21291599898754, 18.010457354142556 ], [ -98.219973052329564, 18.007750861408265 ], [ -98.213905982043713, 17.999953723517862 ], [ -98.212869435445441, 17.993331667547974 ], [ -98.20731332539745, 18.000427821772799 ], [ -98.200780091182025, 17.998668138573311 ], [ -98.203384588192989, 17.995450515291132 ], [ -98.201190463620676, 17.990934114588871 ], [ -98.204321714185951, 17.978493653899029 ], [ -98.203342329243625, 17.97344365473732 ], [ -98.197909270185605, 17.97086033880046 ], [ -98.191084071171133, 17.974352837907933 ], [ -98.185592461962386, 17.972885858646212 ], [ -98.183274489997075, 17.979289430399355 ], [ -98.180326524369534, 17.978244889995029 ], [ -98.176853478846823, 17.982741459518003 ], [ -98.172586482323297, 17.969323742065715 ], [ -98.162701246574628, 17.967757654114855 ], [ -98.156394404956515, 17.972781319078631 ], [ -98.152698164626685, 17.968631208918719 ], [ -98.155594365327985, 17.96309882677842 ], [ -98.162012558476221, 17.962294881364073 ], [ -98.165489397687651, 17.953579268921651 ], [ -98.16936351342973, 17.95276587821931 ], [ -98.169891809851251, 17.943750010600723 ], [ -98.173420060531853, 17.941528849353922 ], [ -98.168513370852907, 17.93369315674645 ], [ -98.172793106326395, 17.931226494217629 ], [ -98.17158728752581, 17.921956215456319 ], [ -98.166734161114647, 17.919498253196906 ], [ -98.164582684176665, 17.92104848530564 ], [ -98.164797762473, 17.916778456012363 ], [ -98.170274445325759, 17.913653761742381 ], [ -98.167423663059822, 17.912008302920061 ], [ -98.170993066299076, 17.901794872245404 ], [ -98.179761288775097, 17.895833932170305 ], [ -98.182634647874607, 17.895449284125934 ], [ -98.183418083602206, 17.897464246064672 ], [ -98.195923697754466, 17.894498102388713 ], [ -98.196872197525693, 17.889385943720121 ], [ -98.203208200698683, 17.891341489095701 ], [ -98.206742371922402, 17.886223066543387 ], [ -98.21257169646546, 17.883195534196702 ], [ -98.220343629092895, 17.884040035183261 ], [ -98.221747753702857, 17.878532554298928 ], [ -98.231942138461974, 17.878439868850119 ], [ -98.233192323696542, 17.882763350426803 ], [ -98.231290126148323, 17.883164591123343 ], [ -98.230344734168725, 17.889256237825663 ], [ -98.234141480356527, 17.905213987881442 ], [ -98.231695937378277, 17.911917175264513 ], [ -98.233052924361004, 17.918440160705174 ], [ -98.239763418720543, 17.926038511781357 ], [ -98.241095126287277, 17.924305596864784 ], [ -98.244028434608779, 17.925529550383626 ], [ -98.251709304853364, 17.938756762286847 ], [ -98.248064993952553, 17.958919720534006 ] ] ], [ [ [ -98.003198196629782, 18.248105474724149 ], [ -97.996382189330404, 18.245062975396841 ], [ -97.99573598858224, 18.24016264217191 ], [ -97.99077216410231, 18.235626212506837 ], [ -97.991535823725854, 18.225479102742018 ], [ -97.986034677344321, 18.226566790206839 ], [ -97.986913038105001, 18.21827991332307 ], [ -97.992366291655287, 18.211533950593459 ], [ -97.995256838794035, 18.185223808687212 ], [ -97.980481749663099, 18.194507017315928 ], [ -97.974498194961527, 18.180953608834884 ], [ -97.978675280753635, 18.177956501730286 ], [ -97.979238520692959, 18.17384689157905 ], [ -97.988380582792473, 18.172979967783686 ], [ -97.99257907210847, 18.167993305454541 ], [ -97.981910826915879, 18.161380717151982 ], [ -97.976745759250264, 18.151380058399308 ], [ -97.976519514009127, 18.148482521462004 ], [ -97.987703998830227, 18.142077518627318 ], [ -97.968103787485958, 18.122074486815187 ], [ -97.963821953425523, 18.121881581880483 ], [ -97.959391765732178, 18.110490746182666 ], [ -97.963931607798017, 18.106975243014965 ], [ -97.971288680548469, 18.107562002557813 ], [ -97.977679926001414, 18.103335101447911 ], [ -97.977656613775338, 18.100977974178143 ], [ -97.982105978753907, 18.0996930772456 ], [ -97.985215940462254, 18.095531315608635 ], [ -97.986027560112575, 18.083183368301025 ], [ -97.990432627374432, 18.080946513187275 ], [ -98.006922207937237, 18.074541467197129 ], [ -98.013678279678913, 18.08086303318774 ], [ -98.018132225473366, 18.079205243349239 ], [ -98.023709775695323, 18.083479680487077 ], [ -98.031350282358844, 18.084317200816361 ], [ -98.035325762426567, 18.079880387990066 ], [ -98.036593734118583, 18.087841163360039 ], [ -98.041226093860985, 18.085772512197632 ], [ -98.046156770370345, 18.087016682534891 ], [ -98.045420601781217, 18.094322079731906 ], [ -98.049241619731163, 18.096745765704902 ], [ -98.047573948913723, 18.104820431625178 ], [ -98.04145221341868, 18.102314995363464 ], [ -98.037558500946716, 18.10501681052866 ], [ -98.039008569057771, 18.108267291713926 ], [ -98.036884035941654, 18.107940537821428 ], [ -98.037748827657282, 18.111883624778059 ], [ -98.035679459654119, 18.115775135063434 ], [ -98.033222222222122, 18.114694444463506 ], [ -98.030527777777678, 18.128000000019103 ], [ -98.034094855678433, 18.130094368318687 ], [ -98.03292887860546, 18.127096931261931 ], [ -98.038412990134589, 18.121859722824816 ], [ -98.03893815056216, 18.137580477660162 ], [ -98.043631704470386, 18.135347506756567 ], [ -98.048286001578461, 18.135883922966304 ], [ -98.052530362537226, 18.1287640055487 ], [ -98.061102938658777, 18.129842625726003 ], [ -98.060632153529724, 18.134887074983613 ], [ -98.063638427975107, 18.136802389493756 ], [ -98.061601559483762, 18.144156684609193 ], [ -98.063221154421868, 18.14470118822204 ], [ -98.059690092680086, 18.14522414107369 ], [ -98.058526857900873, 18.148900655031532 ], [ -98.063558755989717, 18.150948570718853 ], [ -98.063192373922561, 18.163314881049587 ], [ -98.06023142757968, 18.16913479549472 ], [ -98.062363479479913, 18.175265597198258 ], [ -98.065438132024255, 18.170811140582501 ], [ -98.073376067300757, 18.168823550197594 ], [ -98.073727102888768, 18.162820904289621 ], [ -98.071698309309951, 18.164839362180668 ], [ -98.068864171261978, 18.163545331053292 ], [ -98.071353520070573, 18.163183372818871 ], [ -98.074140857166697, 18.157031635585387 ], [ -98.08099975867502, 18.15061885639393 ], [ -98.090751288883126, 18.165331994722706 ], [ -98.096100736772868, 18.162700795872926 ], [ -98.101908575367304, 18.155781712524405 ], [ -98.106760273363165, 18.14459504221362 ], [ -98.11079595944517, 18.142329398857605 ], [ -98.111830431347713, 18.148041764945752 ], [ -98.115010501212709, 18.150156839399394 ], [ -98.122249999999894, 18.148611111130339 ], [ -98.127277777777692, 18.151888888908136 ], [ -98.131555555555451, 18.159166666686044 ], [ -98.134416666666581, 18.160277777797095 ], [ -98.135414123460578, 18.167374239567756 ], [ -98.13825952854954, 18.16564094726418 ], [ -98.143639580756727, 18.168267245085676 ], [ -98.147194444444352, 18.164666666686088 ], [ -98.146582011884561, 18.169211997703904 ], [ -98.155666666666576, 18.179111111130595 ], [ -98.170091067424636, 18.168861354962253 ], [ -98.178826549143778, 18.174187553010942 ], [ -98.179808225578981, 18.176838426813916 ], [ -98.176095418858935, 18.185801303662561 ], [ -98.177248527023195, 18.19093470049793 ], [ -98.170646082214859, 18.194137320844607 ], [ -98.1755598765928, 18.201677025734369 ], [ -98.170991595366544, 18.206686695464946 ], [ -98.150971023067868, 18.205147363201522 ], [ -98.143733573386157, 18.213876117789628 ], [ -98.140793725121256, 18.222671795976499 ], [ -98.146671108008988, 18.230152848750659 ], [ -98.154567202168252, 18.222570150401644 ], [ -98.162872976624385, 18.224625599920369 ], [ -98.16604169194045, 18.228528398905667 ], [ -98.178368663543878, 18.233372828346809 ], [ -98.17980800568435, 18.244417166615321 ], [ -98.184442942841798, 18.252931962199806 ], [ -98.181841346133837, 18.257904610890229 ], [ -98.174782662260952, 18.262535442673467 ], [ -98.167779270176609, 18.262644158134435 ], [ -98.160025853407916, 18.268144048121886 ], [ -98.155631109830949, 18.278256383462999 ], [ -98.160784861730278, 18.282748803064099 ], [ -98.159340716474603, 18.28963210033745 ], [ -98.167854168695342, 18.297533930244246 ], [ -98.168145274405887, 18.300936425248405 ], [ -98.158480526463052, 18.308589065009389 ], [ -98.147190664933262, 18.307525345938227 ], [ -98.144817979369961, 18.310340690782073 ], [ -98.148939628243255, 18.32679985707955 ], [ -98.145025348572574, 18.333665634117359 ], [ -98.146668269734803, 18.341225482633373 ], [ -98.142433015007086, 18.341418473143918 ], [ -98.140296649867906, 18.345242422774966 ], [ -98.144050466837726, 18.350966128698836 ], [ -98.138408135292963, 18.352341722474762 ], [ -98.139890080828465, 18.354349319511648 ], [ -98.138104550194214, 18.357929327021914 ], [ -98.131831631694354, 18.358716557554896 ], [ -98.129918735591716, 18.363164603839589 ], [ -98.121686224718644, 18.367487674456065 ], [ -98.116236995183613, 18.367332640212339 ], [ -98.11292399997285, 18.363436702746863 ], [ -98.109105694859522, 18.349344910088227 ], [ -98.102097396937268, 18.344281306435079 ], [ -98.102098750470404, 18.339725231236109 ], [ -98.09422973799073, 18.342892252383788 ], [ -98.091191263659326, 18.349105849033759 ], [ -98.08358160727991, 18.354553918344848 ], [ -98.078375134087125, 18.353614116324749 ], [ -98.072876160614172, 18.357267711280066 ], [ -98.072004756839434, 18.344209040532718 ], [ -98.067051920207305, 18.341657029045066 ], [ -98.063501132259915, 18.333946528437163 ], [ -98.058851197753285, 18.3304457819434 ], [ -98.056120630764653, 18.33086434756537 ], [ -98.053217930140107, 18.335505242840775 ], [ -98.043323765335785, 18.338311261670658 ], [ -98.038430433869166, 18.348681924548206 ], [ -98.026585875640635, 18.336922490374626 ], [ -98.024086026296658, 18.324504026016655 ], [ -98.021171547140952, 18.325665097479597 ], [ -98.020469687504047, 18.330418566847687 ], [ -97.999582255416911, 18.331538249780674 ], [ -97.997232523424458, 18.33378365156695 ], [ -97.993294071340003, 18.333480428764378 ], [ -97.990722276677204, 18.330752473244146 ], [ -97.97315657940149, 18.33063148618464 ], [ -97.968273946168026, 18.3273324232016 ], [ -97.966308005388569, 18.322748841643129 ], [ -97.960276320507333, 18.322912558891446 ], [ -97.955998477950658, 18.326207161545014 ], [ -97.956942005405864, 18.32924397008108 ], [ -97.954047107263861, 18.333137854294215 ], [ -97.932611493905384, 18.325363855097862 ], [ -97.931074857436968, 18.323767752667198 ], [ -97.932695563791114, 18.320307739325937 ], [ -97.938605125186768, 18.319899799690347 ], [ -97.941857597426292, 18.316874331081234 ], [ -97.9427614047313, 18.312263335132009 ], [ -97.952216499600127, 18.309032758228874 ], [ -97.953608392665714, 18.305782683175956 ], [ -97.960724047270332, 18.301504823307717 ], [ -97.95841713687021, 18.299007431856314 ], [ -97.96049644764372, 18.292060572726918 ], [ -97.959151474087946, 18.284182688701151 ], [ -97.965882870388072, 18.285194654308814 ], [ -97.974325298872756, 18.283799289702394 ], [ -97.975506313144905, 18.281753411349964 ], [ -97.979728211668004, 18.284308238441866 ], [ -97.98115788993141, 18.279980086152488 ], [ -97.986390736404147, 18.277507715944768 ], [ -97.983041593586393, 18.275107259525509 ], [ -97.981251552123339, 18.269122719975396 ], [ -97.968419051986089, 18.258559839923137 ], [ -97.971649089412367, 18.250018276102917 ], [ -97.983013571951972, 18.239924909014196 ], [ -97.987780399321537, 18.247680948736669 ], [ -98.002282654775073, 18.250978738579565 ], [ -98.003198196629782, 18.248105474724149 ] ] ] ] } },
{ "type": "Feature", "properties": { "cve_edo": "21", "cve_mpo_ine": "004", "cve_edo_mpo_ine": "21004", "nom_mpo": "ACATZINGO", "nom_edo": "Puebla", "alianza_ganadora": "Juntos Haremos Historia", "margen_pp": 20.761584768304633, "por_participacion": 55.519859056403341 }, "geometry": { "type": "Polygon", "coordinates": [ [ [ -97.81493808248635, 18.954273150713554 ], [ -97.810270167556141, 18.960803146581803 ], [ -97.81703413621193, 18.977857351356835 ], [ -97.813334256506579, 18.986000457205133 ], [ -97.81030456400913, 18.983932760895009 ], [ -97.80659973695299, 18.985801223440951 ], [ -97.804965948410896, 18.997595420915093 ], [ -97.814834315816213, 19.008848909033304 ], [ -97.823276498072858, 19.0130020102145 ], [ -97.826812685055657, 19.012437281220521 ], [ -97.827640158375118, 19.014480778592109 ], [ -97.823833242685481, 19.020233803328967 ], [ -97.826657520042318, 19.027854622449947 ], [ -97.81307899762902, 19.0186526569526 ], [ -97.8106081711976, 19.011932892471762 ], [ -97.802163949415316, 19.00724469134995 ], [ -97.80947340543635, 19.030406965096031 ], [ -97.815512905653563, 19.029896007430711 ], [ -97.816367815492569, 19.038851951344238 ], [ -97.812569937733912, 19.059366774849551 ], [ -97.808273945638788, 19.060189669062257 ], [ -97.810610722296531, 19.06292210497806 ], [ -97.808643310618663, 19.064709318488099 ], [ -97.810281189623254, 19.06707843890641 ], [ -97.807145041607995, 19.080143859378676 ], [ -97.810637660106281, 19.08142593250188 ], [ -97.811668256632473, 19.090709108926248 ], [ -97.816839392999455, 19.090453375961349 ], [ -97.817277408530217, 19.092441417448828 ], [ -97.811022228558485, 19.091993711113847 ], [ -97.809772814296622, 19.102248706941754 ], [ -97.804368013943105, 19.104262994227081 ], [ -97.805211061884876, 19.112386859336279 ], [ -97.795899438530952, 19.107906442443102 ], [ -97.785128786601405, 19.086472165670379 ], [ -97.774436224398698, 19.080124091470086 ], [ -97.762202061613465, 19.065597644088285 ], [ -97.752851627920023, 19.064523325624936 ], [ -97.743946970190464, 19.059805209224102 ], [ -97.737654436736122, 19.06102698960105 ], [ -97.724750488778028, 19.078729774913345 ], [ -97.713907227010807, 19.080152248062848 ], [ -97.709694592725668, 19.071029427016448 ], [ -97.701724621114948, 19.076720068763773 ], [ -97.702308900071557, 19.081822884137349 ], [ -97.689901758895004, 19.07839748072962 ], [ -97.68899182028288, 19.076524400530346 ], [ -97.683711109575455, 19.080829006928809 ], [ -97.675641335040751, 19.080380400559438 ], [ -97.675609902023467, 19.072074854365418 ], [ -97.68273424675057, 19.066131067006538 ], [ -97.690459051051377, 19.050354266571972 ], [ -97.695536517457413, 19.056188232111754 ], [ -97.694808687501805, 19.063226067165903 ], [ -97.698289631031585, 19.061878717183884 ], [ -97.70242286872076, 19.049176654479119 ], [ -97.709765003530094, 19.040063553132864 ], [ -97.714011091258541, 19.026907764237528 ], [ -97.727037287165487, 19.001992953304793 ], [ -97.72762749190143, 18.990186280111093 ], [ -97.736866192434363, 18.971415635927293 ], [ -97.74746679762292, 18.974501961464149 ], [ -97.746336584766553, 18.952233191523074 ], [ -97.748260624736176, 18.946830597549898 ], [ -97.765004551734876, 18.946441462750744 ], [ -97.76178046839685, 18.941906286524684 ], [ -97.766410618047942, 18.941455776440474 ], [ -97.777791079117861, 18.942827863751596 ], [ -97.799848417647837, 18.950548675101334 ], [ -97.801265817151958, 18.948623793799769 ], [ -97.81493808248635, 18.954273150713554 ] ] ] } },
{ "type": "Feature", "properties": { "cve_edo": "21", "cve_mpo_ine": "005", "cve_edo_mpo_ine": "21005", "nom_mpo": "ACTEOPAN", "nom_edo": "Puebla", "alianza_ganadora": "Va por México", "margen_pp": 9.578163771712159, "por_participacion": 88.649362076550801 }, "geometry": { "type": "Polygon", "coordinates": [ [ [ -98.701432634743426, 18.815514324623475 ], [ -98.697325718487363, 18.814470681949896 ], [ -98.683150436134824, 18.817453480231372 ], [ -98.6645893029918, 18.815115134054839 ], [ -98.660827112552326, 18.809281076293026 ], [ -98.649549047763529, 18.804139185304862 ], [ -98.643582628446964, 18.796204852042553 ], [ -98.645219865407441, 18.788613282199623 ], [ -98.652983260057425, 18.786462998002936 ], [ -98.653028863811699, 18.784014517159466 ], [ -98.649062976216783, 18.783163078182564 ], [ -98.647264068992499, 18.777029120548832 ], [ -98.649424178530296, 18.767474418492309 ], [ -98.647626118198161, 18.765405450553363 ], [ -98.650815729524737, 18.757400321500143 ], [ -98.646595220149067, 18.749669803590795 ], [ -98.635306379850235, 18.758174286680177 ], [ -98.640695198388272, 18.746006113612257 ], [ -98.65219076705479, 18.736666299395832 ], [ -98.655961447778466, 18.730761459261306 ], [ -98.653243900035051, 18.720876660272708 ], [ -98.65656173709877, 18.715356828994629 ], [ -98.658102780200238, 18.716561286919973 ], [ -98.659620694102443, 18.714945689111666 ], [ -98.659290057744528, 18.701431754676715 ], [ -98.663385559002805, 18.694771631530756 ], [ -98.662870708239495, 18.686945236759293 ], [ -98.668600840476685, 18.684763882597 ], [ -98.694573702084668, 18.699557088565196 ], [ -98.698432607448154, 18.721470303183075 ], [ -98.695064609656754, 18.716429065470926 ], [ -98.687230257535731, 18.718002392107039 ], [ -98.686070743888322, 18.719982201480416 ], [ -98.682405234466927, 18.719455528560456 ], [ -98.679005117632883, 18.724106903861845 ], [ -98.683671308184387, 18.739208612750495 ], [ -98.682635375024176, 18.743466578089524 ], [ -98.686402452951924, 18.745483905614392 ], [ -98.685195220477794, 18.749829308843069 ], [ -98.692716147367975, 18.74198537421811 ], [ -98.694315195176614, 18.744572307600535 ], [ -98.699918845126106, 18.743969628164681 ], [ -98.706297800912097, 18.748116732092647 ], [ -98.713109205006006, 18.745200621341461 ], [ -98.712077504083325, 18.751574165493796 ], [ -98.723265955843758, 18.755677589259271 ], [ -98.726917692887739, 18.751723959584805 ], [ -98.732864251085161, 18.752936433162613 ], [ -98.727626601750742, 18.76609907046009 ], [ -98.714615315142566, 18.771086395600811 ], [ -98.717393961195043, 18.776945232151114 ], [ -98.704111510608811, 18.792599291865184 ], [ -98.707687412916286, 18.803954268474026 ], [ -98.701432634743426, 18.815514324623475 ] ] ] } },
{ "type": "Feature", "properties": { "cve_edo": "21", "cve_mpo_ine": "006", "cve_edo_mpo_ine": "21006", "nom_mpo": "AHUACATLAN", "nom_edo": "Puebla", "alianza_ganadora": "Juntos Haremos Historia", "margen_pp": 8.6647411686291935, "por_participacion": 82.322816643804302 }, "geometry": { "type": "Polygon", "coordinates": [ [ [ -97.891924810487609, 20.090062543175332 ], [ -97.885768665071907, 20.087728437184371 ], [ -97.879879194414087, 20.089579849609581 ], [ -97.874583864873543, 20.085665428133645 ], [ -97.862817352980642, 20.082900945603416 ], [ -97.851199961102921, 20.084818756531277 ], [ -97.840042627746016, 20.09161562731985 ], [ -97.825112250136343, 20.086561580957117 ], [ -97.826107884927552, 20.082690668187091 ], [ -97.836638839214444, 20.083971284727138 ], [ -97.839647582924883, 20.079895506081815 ], [ -97.83530656408189, 20.070048422603119 ], [ -97.841245181794562, 20.059285517857059 ], [ -97.844741592021776, 20.057943461106859 ], [ -97.845162391590776, 20.044095705498535 ], [ -97.829496970051295, 20.035749481111612 ], [ -97.818549179932504, 20.032978045282277 ], [ -97.817345772845314, 20.028298870712927 ], [ -97.812759362051239, 20.02626930932006 ], [ -97.816507863275746, 20.018863981972167 ], [ -97.824722222221965, 20.018194444481267 ], [ -97.827222222221948, 20.010750000036772 ], [ -97.830238399525726, 20.010089388505786 ], [ -97.830152499467516, 19.991392008710704 ], [ -97.844208241356341, 19.987762750149194 ], [ -97.848535542037496, 19.980696003296366 ], [ -97.848427416909573, 19.974188033254485 ], [ -97.866319465519808, 19.968966241525379 ], [ -97.871776302222486, 19.972133143857448 ], [ -97.879491897962183, 19.972802021187213 ], [ -97.898943129649311, 19.965455334742678 ], [ -97.906482359804812, 19.965999503242884 ], [ -97.912255113017011, 19.957514516295678 ], [ -97.91917506007286, 19.960963070732813 ], [ -97.91609805203835, 19.970513022020871 ], [ -97.919555215790453, 19.979077543880258 ], [ -97.919037088723783, 19.987246926077411 ], [ -97.912944760141514, 19.992417143439408 ], [ -97.913109263954183, 19.99834454460283 ], [ -97.909267229658923, 20.007359062761417 ], [ -97.900029723194379, 20.013911953576233 ], [ -97.900478276465137, 20.018884492868509 ], [ -97.897075460012275, 20.024497209401492 ], [ -97.892424046578327, 20.027421139736802 ], [ -97.889373633488844, 20.033322201646477 ], [ -97.8812521778583, 20.033443144914681 ], [ -97.877773743677238, 20.036983018390551 ], [ -97.880107114974052, 20.04393666530579 ], [ -97.887137343309988, 20.047463516996544 ], [ -97.893112303129186, 20.047557862591056 ], [ -97.900192141270338, 20.056403148108203 ], [ -97.904295247624049, 20.057917426399165 ], [ -97.904303187776449, 20.066249945990165 ], [ -97.901937597942663, 20.070116593433145 ], [ -97.905692750868155, 20.079260319501532 ], [ -97.89901244501111, 20.084515519706276 ], [ -97.897882479074042, 20.089454057709109 ], [ -97.891924810487609, 20.090062543175332 ] ] ] } },
{ "type": "Feature", "properties": { "cve_edo": "21", "cve_mpo_ine": "007", "cve_edo_mpo_ine": "21007", "nom_mpo": "AHUATLAN", "nom_edo": "Puebla", "alianza_ganadora": "Va por México", "margen_pp": 44.327340359578429, "por_participacion": 64.779116465863453 }, "geometry": { "type": "Polygon", "coordinates": [ [ [ -98.282008172484709, 18.659755129680775 ], [ -98.27914429509066, 18.653500241704243 ], [ -98.271871385416631, 18.650960296673539 ], [ -98.263000493059479, 18.642927565237006 ], [ -98.245475754346998, 18.639216492342165 ], [ -98.236270809838786, 18.641582641489769 ], [ -98.228454501901737, 18.637868066614491 ], [ -98.232330046529853, 18.630089917045069 ], [ -98.23050179723721, 18.620821962654077 ], [ -98.213329438362621, 18.608070766546142 ], [ -98.203854342009564, 18.596075665138908 ], [ -98.194873833734476, 18.597428713249563 ], [ -98.192849758283828, 18.595933002858082 ], [ -98.195178197370296, 18.590382271588584 ], [ -98.200913306390476, 18.589811475209888 ], [ -98.203528522047449, 18.585463227518627 ], [ -98.20578533900607, 18.586420315103737 ], [ -98.214601866669199, 18.579801946978478 ], [ -98.215947949267033, 18.572674157115301 ], [ -98.211786420127552, 18.568563759612246 ], [ -98.216948072451629, 18.564716750454231 ], [ -98.210293658936905, 18.562094729782576 ], [ -98.215745006977428, 18.558082394197665 ], [ -98.212505963663318, 18.55617046627345 ], [ -98.213146469542792, 18.554388998542752 ], [ -98.2158666040947, 18.5551394206426 ], [ -98.21558122615437, 18.55302487082928 ], [ -98.222014063289265, 18.550298912273309 ], [ -98.223177736749335, 18.547398969882874 ], [ -98.225317027754286, 18.549060337918668 ], [ -98.225615713024908, 18.544252225256844 ], [ -98.222787537505511, 18.539522282095739 ], [ -98.230884588432431, 18.54442591021223 ], [ -98.228518458180588, 18.540235622113595 ], [ -98.230779502128428, 18.538705212979909 ], [ -98.234532340170418, 18.544514180750109 ], [ -98.237079477076236, 18.544849510557128 ], [ -98.237379419354554, 18.539170848692294 ], [ -98.243118321300116, 18.535489707541437 ], [ -98.240689289265504, 18.533952485635989 ], [ -98.24289612860413, 18.530266272543436 ], [ -98.240644096931049, 18.526946808194147 ], [ -98.241259573865975, 18.522058022615607 ], [ -98.245915766626112, 18.524689147431996 ], [ -98.247045503320905, 18.52288002612865 ], [ -98.244466542363142, 18.517167216652265 ], [ -98.255348075576649, 18.52220096384379 ], [ -98.260191243215473, 18.520232923622171 ], [ -98.261346935562514, 18.51672448506616 ], [ -98.2648864813698, 18.516563267620654 ], [ -98.26085712247685, 18.507101052150443 ], [ -98.270928025863739, 18.508268229070719 ], [ -98.268937823199593, 18.505713785715383 ], [ -98.271690747225406, 18.500111893265942 ], [ -98.275701294933697, 18.49945913443101 ], [ -98.275233167033022, 18.492157353430645 ], [ -98.264587270628084, 18.486962015253862 ], [ -98.267702531837003, 18.484183678616027 ], [ -98.267161042556808, 18.481689469934171 ], [ -98.279347357886252, 18.47330796611725 ], [ -98.279796921793505, 18.46663982364209 ], [ -98.282137929013899, 18.465177730235439 ], [ -98.289136113458383, 18.473848696217033 ], [ -98.29506492912391, 18.47280565075831 ], [ -98.299293628908458, 18.476839384244762 ], [ -98.297890990974821, 18.485236393452048 ], [ -98.289277771955142, 18.491219366484586 ], [ -98.288357851567739, 18.494523769403784 ], [ -98.304523846745255, 18.49900085647953 ], [ -98.311418732099753, 18.503151309599975 ], [ -98.306527732260349, 18.508353417676908 ], [ -98.300186291436574, 18.509764585910588 ], [ -98.299444152156823, 18.512822597562707 ], [ -98.305568867378426, 18.518082628462889 ], [ -98.304598016397165, 18.520930470130235 ], [ -98.311025141624427, 18.521551456993301 ], [ -98.311535847531474, 18.518448992482313 ], [ -98.318288339877228, 18.516711052012074 ], [ -98.323347106835783, 18.519635583315804 ], [ -98.325618218711512, 18.522856279779802 ], [ -98.325977053654753, 18.533721536592331 ], [ -98.332515135361149, 18.534716286668477 ], [ -98.331080862395723, 18.540196369029228 ], [ -98.336460248570916, 18.543922550518765 ], [ -98.353917339603299, 18.544714816516588 ], [ -98.351171628864861, 18.553847206176794 ], [ -98.357674489450531, 18.560521552954427 ], [ -98.359684121568094, 18.56691421380258 ], [ -98.364038467943104, 18.569344987774389 ], [ -98.362193895392892, 18.574759859043724 ], [ -98.358358900788545, 18.575209355243182 ], [ -98.358727982779754, 18.577701151880465 ], [ -98.355351953969347, 18.578487950433839 ], [ -98.352953895944552, 18.583722418940141 ], [ -98.342620368055407, 18.588152365216441 ], [ -98.342873088840165, 18.594539293252588 ], [ -98.34102449793221, 18.594018565595047 ], [ -98.333296652345354, 18.602584633708442 ], [ -98.317361934370481, 18.605159760108144 ], [ -98.316477354788063, 18.609957008379034 ], [ -98.319577725164876, 18.615965661117507 ], [ -98.315388200976642, 18.639830470775216 ], [ -98.320615701646659, 18.64719268244912 ], [ -98.303205424030395, 18.651115669536811 ], [ -98.300780676720635, 18.654110613728047 ], [ -98.292875412654979, 18.654962459484366 ], [ -98.282008172484709, 18.659755129680775 ] ] ] } },
{ "type": "Feature", "properties": { "cve_edo": "21", "cve_mpo_ine": "008", "cve_edo_mpo_ine": "21008", "nom_mpo": "AHUAZOTEPEC", "nom_edo": "Puebla", "alianza_ganadora": "Juntos Haremos Historia", "margen_pp": 24.941268598277212, "por_participacion": 64.050156739811911 }, "geometry": { "type": "Polygon", "coordinates": [ [ [ -98.159430467487667, 20.089797467821231 ], [ -98.158384600151038, 20.093569523453663 ], [ -98.146291861321359, 20.09682019239559 ], [ -98.139172782936058, 20.104284738504369 ], [ -98.128481251364406, 20.107273605628297 ], [ -98.12754194573111, 20.104346214298989 ], [ -98.122692124846751, 20.105257157343964 ], [ -98.11625858647875, 20.102005742794589 ], [ -98.115318763534233, 20.098499438989684 ], [ -98.110644075150248, 20.099160442547664 ], [ -98.11151209091507, 20.092578662487103 ], [ -98.101006239539743, 20.103585603215798 ], [ -98.097732988314121, 20.103365828354299 ], [ -98.087839115623808, 20.089186319307135 ], [ -98.090642571738954, 20.087756424093335 ], [ -98.093262955859572, 20.079919259597006 ], [ -98.103022088925059, 20.080000248869428 ], [ -98.105239406547653, 20.077417467293202 ], [ -98.103288552885431, 20.059737767864 ], [ -98.104041530471136, 20.054562808709203 ], [ -98.10771900965878, 20.051884581299397 ], [ -98.109755663546778, 20.045582014261583 ], [ -98.103642881576661, 20.027032988475874 ], [ -98.112935080313136, 20.021188194628095 ], [ -98.121842015255666, 20.018958637942902 ], [ -98.126412810115028, 20.008884482594482 ], [ -98.131099250469077, 20.018146317957498 ], [ -98.135187015878742, 20.017283123680073 ], [ -98.133248694684767, 20.010064433360448 ], [ -98.135929503641989, 20.005947191944561 ], [ -98.150893226817999, 20.012636069207215 ], [ -98.155306919511375, 20.032939720910136 ], [ -98.163129566179776, 20.029478706845286 ], [ -98.171259945003627, 20.035359249040841 ], [ -98.175957391960793, 20.03362312659279 ], [ -98.181753826987901, 20.038348755563892 ], [ -98.184962114152526, 20.037698095114802 ], [ -98.187194897440335, 20.043665294328434 ], [ -98.171387469895024, 20.056319557237067 ], [ -98.157496049302736, 20.085659282760073 ], [ -98.159430467487667, 20.089797467821231 ] ] ] } },
{ "type": "Feature", "properties": { "cve_edo": "21", "cve_mpo_ine": "009", "cve_edo_mpo_ine": "21009", "nom_mpo": "AHUEHUETITLA", "nom_edo": "Puebla", "alianza_ganadora": "Juntos Haremos Historia", "margen_pp": 4.449838187702265, "por_participacion": 68.136714443219404 }, "geometry": { "type": "Polygon", "coordinates": [ [ [ -98.19874867235707, 18.268105037644148 ], [ -98.198174917568195, 18.275737281521437 ], [ -98.202694250434831, 18.282052661177882 ], [ -98.200266051859501, 18.286569563620763 ], [ -98.196849948484953, 18.285483716474488 ], [ -98.185161201911029, 18.293257952610073 ], [ -98.181396008357424, 18.289101107953542 ], [ -98.172132657271746, 18.286798776155479 ], [ -98.167854168695342, 18.297533930244246 ], [ -98.160904983509184, 18.292498233300577 ], [ -98.15899282570372, 18.288345236473365 ], [ -98.160784861730278, 18.282748803064099 ], [ -98.155631109830949, 18.278256383462999 ], [ -98.160025853407916, 18.268144048121886 ], [ -98.166737656139887, 18.263098139938069 ], [ -98.172988907138929, 18.263527098391155 ], [ -98.181841346133837, 18.257904610890229 ], [ -98.184441572586096, 18.250608736388727 ], [ -98.17980800568435, 18.244417166615321 ], [ -98.178368663543878, 18.233372828346809 ], [ -98.16604169194045, 18.228528398905667 ], [ -98.162872976624385, 18.224625599920369 ], [ -98.154567202168252, 18.222570150401644 ], [ -98.146671108008988, 18.230152848750659 ], [ -98.143582727065692, 18.227857242571837 ], [ -98.140793725121256, 18.222671795976499 ], [ -98.147400325057518, 18.207737502658897 ], [ -98.15149175057897, 18.20510709563662 ], [ -98.170991595366544, 18.206686695464946 ], [ -98.1755598765928, 18.201677025734369 ], [ -98.181753667044291, 18.206461553387857 ], [ -98.188290974528456, 18.204816246496392 ], [ -98.192800572018939, 18.199349668412296 ], [ -98.207494515706088, 18.196227308849156 ], [ -98.21530972964446, 18.201802336851731 ], [ -98.222600473306599, 18.20223168472765 ], [ -98.234588911353541, 18.21499132372643 ], [ -98.245064313421935, 18.216960897885684 ], [ -98.249150171866688, 18.214503327545675 ], [ -98.233970088103305, 18.235111173099554 ], [ -98.234545405574238, 18.231254017075518 ], [ -98.231647298240972, 18.225938168909256 ], [ -98.228058191148889, 18.224437708397318 ], [ -98.224483814267799, 18.226434389265243 ], [ -98.226809662432458, 18.230029428881853 ], [ -98.217475885281871, 18.23400023338742 ], [ -98.214846571147945, 18.239013755695911 ], [ -98.219846718162202, 18.249402164618889 ], [ -98.19874867235707, 18.268105037644148 ] ] ] } },
{ "type": "Feature", "properties": { "cve_edo": "21", "cve_mpo_ine": "010", "cve_edo_mpo_ine": "21010", "nom_mpo": "AJALPAN", "nom_edo": "Puebla", "alianza_ganadora": "Va por México", "margen_pp": 16.356752465573571, "por_participacion": 72.60091773625058 }, "geometry": { "type": "Polygon", "coordinates": [ [ [ -97.244043151132303, 18.357591712368379 ], [ -97.25008985111721, 18.358604530105797 ], [ -97.246466674878178, 18.347458874472039 ], [ -97.250729190218564, 18.345237439491022 ], [ -97.256428002847073, 18.35121579124295 ], [ -97.259652550230825, 18.352509077283585 ], [ -97.261605539623744, 18.350246094993778 ], [ -97.288414688933969, 18.376436885785971 ], [ -97.29422748498925, 18.375706216778731 ], [ -97.299851676527695, 18.377980007502714 ], [ -97.298999641914747, 18.381010552271015 ], [ -97.304103400602315, 18.384194994710477 ], [ -97.304504015902438, 18.389832172061976 ], [ -97.314936889285505, 18.395474016207817 ], [ -97.310950934856947, 18.394452666347501 ], [ -97.297205800987598, 18.401432398358661 ], [ -97.317019135588708, 18.4121913539392 ], [ -97.322697672464273, 18.421357945391488 ], [ -97.323805555555339, 18.425305555576784 ], [ -97.31452777777757, 18.428055555576904 ], [ -97.312666666666431, 18.438388888910243 ], [ -97.285599254741527, 18.449255445452735 ], [ -97.282820215143133, 18.448860699271684 ], [ -97.281636792762569, 18.445516179501709 ], [ -97.275950998999107, 18.450439355287767 ], [ -97.266753463213902, 18.450129634151381 ], [ -97.262849347096406, 18.453715741374033 ], [ -97.257401096937102, 18.452179770320381 ], [ -97.254041912270239, 18.458907659517656 ], [ -97.247785104461258, 18.464459646374102 ], [ -97.246201843821666, 18.45816635980281 ], [ -97.242319275495987, 18.458101183611614 ], [ -97.23442397525605, 18.453038554002855 ], [ -97.231706149682353, 18.454957535880347 ], [ -97.232709752055229, 18.461377859076109 ], [ -97.226044565664466, 18.460910348265259 ], [ -97.216992551957858, 18.456473946597843 ], [ -97.203445792848683, 18.460968517275269 ], [ -97.202640409451789, 18.463127414542928 ], [ -97.200604587209597, 18.460276202666229 ], [ -97.201347433559476, 18.456418138726296 ], [ -97.191379873996127, 18.455963737072718 ], [ -97.189770892706093, 18.439142042044793 ], [ -97.188489041833833, 18.436411851523577 ], [ -97.185012321297179, 18.436219460176854 ], [ -97.183496438805108, 18.432578349837968 ], [ -97.184641317705086, 18.427309361473842 ], [ -97.179734975775716, 18.434252311831855 ], [ -97.174353791982668, 18.43692780167078 ], [ -97.16687179695343, 18.43368464301609 ], [ -97.154266362937847, 18.443684542702826 ], [ -97.157116011847506, 18.44802498946882 ], [ -97.140604827665882, 18.448713874234027 ], [ -97.133500025463647, 18.458109677431423 ], [ -97.122728331627073, 18.460597694369998 ], [ -97.109924446293718, 18.434742514900346 ], [ -97.110397180561009, 18.438968382753774 ], [ -97.106975509950033, 18.437365122097113 ], [ -97.105245450357913, 18.441060640159449 ], [ -97.099379508239807, 18.434285648086053 ], [ -97.084934942533692, 18.452208422069511 ], [ -97.08590946373107, 18.456074465756746 ], [ -97.083863297750057, 18.461259729982363 ], [ -97.077093178492262, 18.466990282494365 ], [ -97.071591331580834, 18.467952693983289 ], [ -97.051819189410267, 18.486151158991007 ], [ -97.045978676310625, 18.501810881767817 ], [ -97.028429181588834, 18.5131790050517 ], [ -97.025967926915172, 18.517199285069175 ], [ -97.020859091420277, 18.51247478975684 ], [ -97.014776546084192, 18.520878616420553 ], [ -97.006256739130862, 18.523132508137362 ], [ -96.999003167147478, 18.531962119316226 ], [ -96.997546030922479, 18.528075706169975 ], [ -96.993548947564136, 18.531259384481004 ], [ -96.996727678542726, 18.527530639564439 ], [ -96.990992048426676, 18.521449823325142 ], [ -96.977259852403876, 18.517393242807326 ], [ -96.98496205722526, 18.509516235293006 ], [ -96.982654170023295, 18.501279845087232 ], [ -96.985901768601877, 18.497602931206952 ], [ -96.981175424380567, 18.490139705581715 ], [ -96.9838888888886, 18.486444444466152 ], [ -96.974254218194119, 18.483452325249221 ], [ -96.96792001869558, 18.473807712823724 ], [ -96.962534667053689, 18.471428233019743 ], [ -96.960369065177673, 18.459100309158412 ], [ -96.954900307697827, 18.459567667071944 ], [ -96.952367067992398, 18.452290235466524 ], [ -96.94083569122796, 18.457322153731077 ], [ -96.934805013275408, 18.464098104585979 ], [ -96.93075867031655, 18.464325382033689 ], [ -96.923382599860091, 18.461613358653974 ], [ -96.924584154368958, 18.458086831469689 ], [ -96.915502826143921, 18.449294735979443 ], [ -96.91461863449814, 18.445201262127739 ], [ -96.917966343868471, 18.436334236884669 ], [ -96.92993963370003, 18.432672239449602 ], [ -96.935521247812545, 18.434829845706854 ], [ -96.936098546100212, 18.438085389181371 ], [ -96.938273035141705, 18.438406035817295 ], [ -96.938677804500443, 18.428535119941536 ], [ -96.941366577826201, 18.42642335782741 ], [ -96.955518029654755, 18.428278554545269 ], [ -96.962544649660387, 18.433332268169099 ], [ -96.971014084411209, 18.428611585336746 ], [ -96.976057961905312, 18.430861134202953 ], [ -96.989617784634618, 18.426650603951469 ], [ -96.994641480949156, 18.434776386458093 ], [ -97.001395776074844, 18.424145473779166 ], [ -97.009978406305748, 18.419256741260568 ], [ -97.017198408482244, 18.409367477202416 ], [ -97.024280919695016, 18.413922089020076 ], [ -97.030924280363507, 18.413181584241009 ], [ -97.024805603999496, 18.40576626961694 ], [ -97.037524653707905, 18.388520165623728 ], [ -97.047643633078565, 18.389042338681485 ], [ -97.052019543639844, 18.386492874015588 ], [ -97.054194444444178, 18.373750000020856 ], [ -97.057499999999735, 18.370250000020874 ], [ -97.076679528553882, 18.366484936723086 ], [ -97.084685782242332, 18.370866350678888 ], [ -97.090160580999182, 18.376876545429589 ], [ -97.106102818414143, 18.367138352953553 ], [ -97.137126548116356, 18.365211319284928 ], [ -97.142924122464649, 18.367658778739276 ], [ -97.143749900040021, 18.361983465566542 ], [ -97.157085058319865, 18.351925626903437 ], [ -97.156572804802536, 18.347645369770742 ], [ -97.167580949729825, 18.337545349449467 ], [ -97.176157432698503, 18.341508201085716 ], [ -97.178688206505868, 18.344993933842712 ], [ -97.185697873357171, 18.36447176144177 ], [ -97.195258941156098, 18.363553428081698 ], [ -97.215841116256058, 18.350717484673943 ], [ -97.228380659416956, 18.353318661814502 ], [ -97.237492755425038, 18.35987966713391 ], [ -97.244043151132303, 18.357591712368379 ] ] ] } },
{ "type": "Feature", "properties": { "cve_edo": "21", "cve_mpo_ine": "011", "cve_edo_mpo_ine": "21011", "nom_mpo": "ALBINO ZERTUCHE", "nom_edo": "Puebla", "alianza_ganadora": "Va por México", "margen_pp": 36.105860113421549, "por_participacion": 75.679542203147349 }, "geometry": { "type": "Polygon", "coordinates": [ [ [ -98.60261796747541, 17.962433375170768 ], [ -98.604263059660951, 17.966595061668929 ], [ -98.613194023165718, 17.970834059657975 ], [ -98.616291050605355, 17.977368467424078 ], [ -98.609777914093073, 17.983145148724098 ], [ -98.608354436132629, 17.98828509064851 ], [ -98.609871967248239, 17.991096854627092 ], [ -98.621944058566896, 17.985924386813807 ], [ -98.626013431704109, 17.989846394762189 ], [ -98.637534715776624, 17.990721495902452 ], [ -98.644435558212137, 17.993598739061991 ], [ -98.643125788036642, 18.010335262396698 ], [ -98.644871458279667, 18.012276275700799 ], [ -98.639977300981755, 18.017758857984632 ], [ -98.628100978615279, 18.015601057091992 ], [ -98.625065744388451, 18.010143480060592 ], [ -98.6153303696167, 18.007688358119047 ], [ -98.611430886150956, 18.002978701300933 ], [ -98.603086291063704, 18.000767263190397 ], [ -98.602314842035057, 17.996545076435954 ], [ -98.596114290705302, 17.994823947374073 ], [ -98.595441616259237, 17.999713073529115 ], [ -98.590719767152493, 18.005152457759344 ], [ -98.591665347817326, 18.009539841319722 ], [ -98.589059070692116, 18.009174689134742 ], [ -98.581447931208686, 18.015823283455546 ], [ -98.581716895831462, 18.024354266831462 ], [ -98.576386753603359, 18.02329266411239 ], [ -98.571021015482316, 18.027366621073654 ], [ -98.567478000754463, 18.024601665401061 ], [ -98.562672631097641, 18.024407951399048 ], [ -98.556384585933898, 18.029478032415717 ], [ -98.555935017307007, 18.032668303621588 ], [ -98.560346514691801, 18.035472492641187 ], [ -98.559930485221088, 18.049175297412617 ], [ -98.544063206581171, 18.049259663934006 ], [ -98.485847962875752, 18.036740252195763 ], [ -98.48715738418035, 18.031021778018786 ], [ -98.485574534162367, 18.025848572202957 ], [ -98.490706101544788, 18.020617952587031 ], [ -98.489413441872927, 18.015651154909762 ], [ -98.49510271675102, 18.005117836939718 ], [ -98.493767318088814, 18.004044255752707 ], [ -98.499582433300034, 17.996243924170781 ], [ -98.503219479545351, 17.994983015463909 ], [ -98.508949480677501, 17.998094672888254 ], [ -98.512813299017466, 17.993916948666136 ], [ -98.532918182621898, 17.995993799525937 ], [ -98.535340072789197, 17.993833799555173 ], [ -98.547197350402769, 17.992104157253234 ], [ -98.55339908104709, 17.980573619210137 ], [ -98.58416472510477, 17.975558701405475 ], [ -98.595418858184431, 17.964940972893302 ], [ -98.59387797681724, 17.961252533588034 ], [ -98.596468213416387, 17.958549310509834 ], [ -98.596393671127046, 17.962092501879656 ], [ -98.60261796747541, 17.962433375170768 ] ] ] } },
{ "type": "Feature", "properties": { "cve_edo": "21", "cve_mpo_ine": "012", "cve_edo_mpo_ine": "21012", "nom_mpo": "ALJOJUCA", "nom_edo": "Puebla", "alianza_ganadora": "Juntos Haremos Historia", "margen_pp": 6.2227602905569004, "por_participacion": 80.318942045896534 }, "geometry": { "type": "Polygon", "coordinates": [ [ [ -97.532975374423359, 19.086514585945814 ], [ -97.539789678188768, 19.087644851218833 ], [ -97.538033207949894, 19.094315401080262 ], [ -97.540358165857782, 19.094663142772738 ], [ -97.537801544620137, 19.101670151227211 ], [ -97.549794947273526, 19.10331754449059 ], [ -97.568200101884216, 19.110114277041856 ], [ -97.572851933219525, 19.121458550314838 ], [ -97.57598978682492, 19.123370179671372 ], [ -97.568170997660204, 19.136798232655146 ], [ -97.564505627930089, 19.136989916349677 ], [ -97.556172003265019, 19.144841693574115 ], [ -97.553400093429786, 19.157071555545951 ], [ -97.544930484793994, 19.159504999839928 ], [ -97.545102988189811, 19.152764292558295 ], [ -97.540690964722629, 19.147832984400324 ], [ -97.543978473559122, 19.132570998257066 ], [ -97.534789530253789, 19.131376705741513 ], [ -97.495266651574141, 19.116055210368394 ], [ -97.483373883219969, 19.102378515743894 ], [ -97.477135457483428, 19.098608127726774 ], [ -97.449856881258711, 19.092560973946689 ], [ -97.454958236482994, 19.085559396461736 ], [ -97.468674352747428, 19.083756054297748 ], [ -97.469612255803852, 19.077844380313099 ], [ -97.477890828795012, 19.06988932161191 ], [ -97.478418212576614, 19.061585763447102 ], [ -97.484181186453753, 19.059854632460024 ], [ -97.487204524387607, 19.061094022772174 ], [ -97.491028967417847, 19.068422424579733 ], [ -97.504397287422677, 19.06678625876873 ], [ -97.531277220326359, 19.081428018336606 ], [ -97.532975374423359, 19.086514585945814 ] ] ] } },
{ "type": "Feature", "properties": { "cve_edo": "21", "cve_mpo_ine": "013", "cve_edo_mpo_ine": "21013", "nom_mpo": "ALTEPEXI", "nom_edo": "Puebla", "alianza_ganadora": "Juntos Haremos Historia", "margen_pp": 40.003717817641046, "por_participacion": 75.954818213907515 }, "geometry": { "type": "Polygon", "coordinates": [ [ [ -97.29985167652768, 18.377980007502714 ], [ -97.29422748498925, 18.375706216778731 ], [ -97.288414688933969, 18.376436885785971 ], [ -97.261605539599614, 18.350246094448671 ], [ -97.268412522625042, 18.333703594359363 ], [ -97.27480473343563, 18.332605699262299 ], [ -97.278950339754019, 18.33439815344213 ], [ -97.281256288192665, 18.324140130094147 ], [ -97.288742257435189, 18.322506945093835 ], [ -97.292773632499262, 18.318710907945395 ], [ -97.28880258539084, 18.308599618960731 ], [ -97.299799018485729, 18.314385444579283 ], [ -97.311487443932648, 18.316571584720446 ], [ -97.324327863961486, 18.323230590786494 ], [ -97.325997829473764, 18.329692408445293 ], [ -97.328646716183002, 18.329078896558801 ], [ -97.321102789494589, 18.344538386546091 ], [ -97.322772889813137, 18.34441891532078 ], [ -97.322715003058292, 18.358657556856897 ], [ -97.327600591306293, 18.362016160731685 ], [ -97.328186515962372, 18.370221249076611 ], [ -97.314074885700521, 18.371423025554144 ], [ -97.308773556461929, 18.391110086062518 ], [ -97.304504015902438, 18.389832172061976 ], [ -97.304103400621912, 18.384194995251338 ], [ -97.29985167652768, 18.377980007502714 ] ] ] } },
{ "type": "Feature", "properties": { "cve_edo": "21", "cve_mpo_ine": "014", "cve_edo_mpo_ine": "21014", "nom_mpo": "AMIXTLAN", "nom_edo": "Puebla", "alianza_ganadora": "Movimiento Ciudadano", "margen_pp": 8.6042692939244656, "por_participacion": 80.812101910828034 }, "geometry": { "type": "Polygon", "coordinates": [ [ [ -97.783273205283152, 20.03145179068872 ], [ -97.78737091219611, 20.025333794065766 ], [ -97.800459271056013, 20.028373026612741 ], [ -97.813240376259358, 20.026243758556792 ], [ -97.817345772845314, 20.028298870712927 ], [ -97.818549179932504, 20.032978045282277 ], [ -97.822991807312306, 20.033207587855916 ], [ -97.842400829652647, 20.042118151780961 ], [ -97.845162391590776, 20.044095705498535 ], [ -97.846098173435621, 20.051885033622082 ], [ -97.844741592021776, 20.057943461106859 ], [ -97.841245181794562, 20.059285517857059 ], [ -97.8358160251573, 20.067849096501579 ], [ -97.839703840371996, 20.079605076307132 ], [ -97.837449646233765, 20.082972815421389 ], [ -97.826574244390684, 20.082522830309603 ], [ -97.825112250136343, 20.086561580957117 ], [ -97.815198628034153, 20.08550148463522 ], [ -97.812439489378789, 20.079293159850025 ], [ -97.804780037684665, 20.081912364249312 ], [ -97.801967822079504, 20.076741722804876 ], [ -97.79266574379443, 20.075801237405354 ], [ -97.789940103372459, 20.077103910848891 ], [ -97.78798719553798, 20.082427462177272 ], [ -97.781916366232792, 20.0761137819099 ], [ -97.772696017034065, 20.080732731698916 ], [ -97.76795877111104, 20.073539338397151 ], [ -97.752014674426832, 20.068194718777125 ], [ -97.743124804968474, 20.068369795234037 ], [ -97.746965124737983, 20.059067666065051 ], [ -97.753788683859426, 20.062248872896955 ], [ -97.757415950755487, 20.058658381736702 ], [ -97.758300354590432, 20.054558193769143 ], [ -97.762975334262009, 20.052298799417287 ], [ -97.767077212028752, 20.044813325753349 ], [ -97.76742326820434, 20.038837899470789 ], [ -97.783273205283152, 20.03145179068872 ] ] ] } },
{ "type": "Feature", "properties": { "cve_edo": "21", "cve_mpo_ine": "015", "cve_edo_mpo_ine": "21015", "nom_mpo": "AMOZOC", "nom_edo": "Puebla", "alianza_ganadora": "Juntos Haremos Historia", "margen_pp": 13.720711372795058, "por_participacion": 55.368356358389228 }, "geometry": { "type": "Polygon", "coordinates": [ [ [ -97.980065381687865, 19.028521208541189 ], [ -97.982607944859197, 19.029595332787178 ], [ -97.986941533664833, 19.027221935631374 ], [ -97.988638870149614, 19.021773155866718 ], [ -97.994430144762958, 19.020293251062522 ], [ -98.004970845034123, 19.010550378365167 ], [ -98.005862522045021, 19.006022916710492 ], [ -98.012458979110832, 19.003745176209602 ], [ -98.007542148855066, 18.998502355752517 ], [ -98.007264916305431, 18.992953452717771 ], [ -98.014414143522743, 18.994480827277723 ], [ -98.018424019026938, 18.988174249165176 ], [ -98.025056833722758, 18.990412034401896 ], [ -98.030685181620882, 18.995304436953131 ], [ -98.035368747078905, 19.004519106102677 ], [ -98.0393389999021, 19.00584277662697 ], [ -98.049935583675563, 19.003425240913426 ], [ -98.049910194849161, 18.999713535981012 ], [ -98.066110223851311, 18.994163396094656 ], [ -98.066627548393896, 18.999263426891044 ], [ -98.071299888175432, 19.005580053713341 ], [ -98.082474294611487, 19.001082028358741 ], [ -98.089647765482013, 18.991832790793389 ], [ -98.104625555704715, 18.992717490452513 ], [ -98.109711473700486, 18.997044101876771 ], [ -98.116802883783578, 18.998444020184291 ], [ -98.123901587097492, 18.994083845980704 ], [ -98.12704299085388, 18.994996016502387 ], [ -98.129975104055362, 18.991932910602916 ], [ -98.136256836647306, 18.993632696371851 ], [ -98.126269786176195, 19.00272987975632 ], [ -98.126024449529879, 19.012932248855353 ], [ -98.130310568261436, 19.026693136898508 ], [ -98.118762763985941, 19.029951985884598 ], [ -98.118307265535194, 19.031654780817572 ], [ -98.123084556875142, 19.035240711419398 ], [ -98.116716690720281, 19.036665900525627 ], [ -98.130491697555541, 19.043139191010201 ], [ -98.115281917514409, 19.045784568047548 ], [ -98.118649690265727, 19.04329257049849 ], [ -98.110613829703098, 19.043492220116573 ], [ -98.101588997986255, 19.054500739485071 ], [ -98.086612988796674, 19.055166649270266 ], [ -98.080121237314813, 19.068093946075347 ], [ -98.069422688961936, 19.077030303585332 ], [ -98.071366089344721, 19.079993508214763 ], [ -98.064713850217075, 19.096527691880091 ], [ -98.04884497646961, 19.108205474836303 ], [ -98.04230966281186, 19.125275902143279 ], [ -98.033606259983742, 19.140176978425067 ], [ -98.030515574293446, 19.152728842436854 ], [ -98.027149764522349, 19.15306074579345 ], [ -98.028538539925108, 19.145378021082216 ], [ -98.021512109936609, 19.145465277839183 ], [ -98.015673988094903, 19.113218404634168 ], [ -98.016816437191224, 19.103798526969552 ], [ -98.010578817748183, 19.107853440314464 ], [ -98.004029597825919, 19.102133355854718 ], [ -98.006972512987275, 19.092732801078927 ], [ -98.005771078164386, 19.066270707829506 ], [ -98.016126380944002, 19.061957672254351 ], [ -98.011183201427059, 19.043827707522635 ], [ -98.004532604388174, 19.042377983320019 ], [ -98.005883045900731, 19.037140487390484 ], [ -97.999604582863995, 19.035850575090187 ], [ -97.997540188903201, 19.03894218278262 ], [ -97.979153900734019, 19.032934628166107 ], [ -97.980065381687865, 19.028521208541189 ] ], [ [ -98.078859849406001, 19.054171232318339 ], [ -98.079416337495729, 19.043838187171392 ], [ -98.074190605660618, 19.044565400141423 ], [ -98.071168072651645, 19.052084461019557 ], [ -98.078859849406001, 19.054171232318339 ] ] ] } },
{ "type": "Feature", "properties": { "cve_edo": "21", "cve_mpo_ine": "016", "cve_edo_mpo_ine": "21016", "nom_mpo": "AQUIXTLA", "nom_edo": "Puebla", "alianza_ganadora": "Juntos Haremos Historia", "margen_pp": 30.798803929944469, "por_participacion": 74.900015997440406 }, "geometry": { "type": "Polygon", "coordinates": [ [ [ -97.889415464189668, 19.815162689513112 ], [ -97.891732304104494, 19.815273850616084 ], [ -97.892279256892152, 19.810116315443512 ], [ -97.898347172951219, 19.804960648540565 ], [ -97.892812391774001, 19.802023407018961 ], [ -97.876894888052476, 19.805699100039458 ], [ -97.872122273593192, 19.804904261588472 ], [ -97.870368461601657, 19.799592225764801 ], [ -97.860520619368884, 19.789788466963302 ], [ -97.858351576042097, 19.778709895323253 ], [ -97.846470567248815, 19.769566098886798 ], [ -97.846050540429744, 19.760439703294136 ], [ -97.850695034614773, 19.754058807631999 ], [ -97.849004184977545, 19.751277015697884 ], [ -97.849392239053316, 19.737920795612322 ], [ -97.85840770738605, 19.738100237988082 ], [ -97.870262440600428, 19.731397387113674 ], [ -97.884464780747521, 19.738136760840145 ], [ -97.879561084795725, 19.727054692217834 ], [ -97.879021962389572, 19.717388829048172 ], [ -97.885014078125991, 19.718641277723524 ], [ -97.897131125887256, 19.730479082247694 ], [ -97.900443019350305, 19.728616544462952 ], [ -97.898923323559998, 19.724300584280734 ], [ -97.902179254411621, 19.723765345733362 ], [ -97.902985090626885, 19.719037434792753 ], [ -97.922243204411984, 19.723374000344823 ], [ -97.940260885522576, 19.717627164876383 ], [ -97.940362126716536, 19.710119019889625 ], [ -97.970485681618356, 19.709939471797792 ], [ -97.98633364076727, 19.722977617856785 ], [ -97.997977538971412, 19.728046924971778 ], [ -98.003902169503277, 19.724773796979157 ], [ -98.011372786815329, 19.735439630621439 ], [ -98.012147397109075, 19.742989965348865 ], [ -97.993703388991975, 19.740820538031706 ], [ -97.992367590231012, 19.741690704042782 ], [ -97.994877575221508, 19.745467421422475 ], [ -97.987722455245432, 19.745254754162541 ], [ -97.983204530275529, 19.75371369019604 ], [ -97.990454610627964, 19.769731412656846 ], [ -97.988260982439002, 19.777196578568784 ], [ -97.991184954339658, 19.783711499104417 ], [ -97.996080641935094, 19.787324044752932 ], [ -97.990502120555121, 19.790389634235272 ], [ -97.987198369653072, 19.795987220195112 ], [ -97.983068837513954, 19.796730667190026 ], [ -97.979591234491565, 19.802825738149814 ], [ -97.988638830034176, 19.815277531265632 ], [ -97.982706573224036, 19.816807711763875 ], [ -97.977289170456757, 19.814355848533864 ], [ -97.974790161123366, 19.815847103970089 ], [ -97.968845350046863, 19.811610822335449 ], [ -97.968561269862619, 19.814804679219417 ], [ -97.972586228020958, 19.819246744322118 ], [ -97.97125360366401, 19.821941917941089 ], [ -97.965612467956717, 19.823720654549867 ], [ -97.966095733032049, 19.83201745016401 ], [ -97.964066683379343, 19.835748972684335 ], [ -97.967216638800465, 19.842764341129332 ], [ -97.957238699557124, 19.854865649120732 ], [ -97.951656818662883, 19.857805418631457 ], [ -97.944669385713354, 19.8565539415677 ], [ -97.942101787021883, 19.853274257580559 ], [ -97.947557828273574, 19.845647249935961 ], [ -97.939034913037887, 19.832779218482852 ], [ -97.932691820100459, 19.83306280966568 ], [ -97.929907290443651, 19.837788636932618 ], [ -97.923503478992686, 19.836827386387149 ], [ -97.921399527494842, 19.832096113887633 ], [ -97.918036259912, 19.83877069151989 ], [ -97.892657611355489, 19.83674810237186 ], [ -97.898293957872824, 19.831487323181989 ], [ -97.891483613327509, 19.830731827206691 ], [ -97.891650112588252, 19.825878777529365 ], [ -97.887156819597948, 19.818406252009776 ], [ -97.889415464189668, 19.815162689513112 ] ] ] } },
{ "type": "Feature", "properties": { "cve_edo": "21", "cve_mpo_ine": "017", "cve_edo_mpo_ine": "21017", "nom_mpo": "ATEMPAN", "nom_edo": "Puebla", "alianza_ganadora": "Juntos Haremos Historia", "margen_pp": 1.982174688057041, "por_participacion": 69.779591024429081 }, "geometry": { "type": "Polygon", "coordinates": [ [ [ -97.435390427812592, 19.849289893039096 ], [ -97.430952156312713, 19.84837953631315 ], [ -97.413017210629448, 19.854661626080247 ], [ -97.41177852656655, 19.848547799841381 ], [ -97.408855326376369, 19.84865655579318 ], [ -97.397157311586753, 19.838195719074921 ], [ -97.398468220780842, 19.833062310614991 ], [ -97.408002161467593, 19.819462098157473 ], [ -97.415679076264936, 19.815070146612189 ], [ -97.417801756049968, 19.811107721458011 ], [ -97.42873100886753, 19.810904683160036 ], [ -97.425850470987655, 19.802058869660659 ], [ -97.429735040157198, 19.796107776069075 ], [ -97.427046123890804, 19.796303904871266 ], [ -97.426416527396867, 19.793485443454266 ], [ -97.436038455688973, 19.78508524261877 ], [ -97.434470880497813, 19.782909211069363 ], [ -97.437690141985982, 19.781691317195563 ], [ -97.433724910898846, 19.779964731607492 ], [ -97.440006734055004, 19.773440103876332 ], [ -97.436144738784122, 19.762016910802927 ], [ -97.44323619469057, 19.757117143211129 ], [ -97.452769873556335, 19.754657213728493 ], [ -97.455178574925966, 19.751648906063309 ], [ -97.462207485860745, 19.750679593965916 ], [ -97.463820654530593, 19.762607150101537 ], [ -97.459960376498046, 19.771710322002019 ], [ -97.460484178027585, 19.780612405917775 ], [ -97.45755182868804, 19.785812394586149 ], [ -97.465247466402474, 19.782680638856373 ], [ -97.460344671111983, 19.799804450532164 ], [ -97.472124094569068, 19.810389746142803 ], [ -97.473900638943988, 19.816920799948317 ], [ -97.471086917155077, 19.826854024428215 ], [ -97.47229006668104, 19.837451881714561 ], [ -97.470071771016535, 19.838916142476442 ], [ -97.468566280341506, 19.845942535996354 ], [ -97.469670849912134, 19.850479058838467 ], [ -97.468255492062369, 19.853790247563591 ], [ -97.465665043597696, 19.852109638272509 ], [ -97.464611339077734, 19.847020741598335 ], [ -97.458887079340357, 19.848475181244471 ], [ -97.451074412441557, 19.847050549277547 ], [ -97.448873517271849, 19.851976467698556 ], [ -97.438735523697517, 19.846716986060549 ], [ -97.435390427812592, 19.849289893039096 ] ] ] } },
{ "type": "Feature", "properties": { "cve_edo": "21", "cve_mpo_ine": "018", "cve_edo_mpo_ine": "21018", "nom_mpo": "ATEXCAL", "nom_edo": "Puebla", "alianza_ganadora": "Va por México", "margen_pp": 13.257403189066059, "por_participacion": 75.248543023654435 }, "geometry": { "type": "Polygon", "coordinates": [ [ [ -97.785508206604803, 18.291451626285468 ], [ -97.784525750807674, 18.296239528101232 ], [ -97.779378409084387, 18.302375603390569 ], [ -97.774688034404832, 18.303225386509954 ], [ -97.766570924129354, 18.317161747482842 ], [ -97.775586254770275, 18.322066158463297 ], [ -97.780519279131141, 18.339366497913055 ], [ -97.776521040437757, 18.349938647805512 ], [ -97.770031052154749, 18.350389903197332 ], [ -97.770091613907596, 18.360871443968943 ], [ -97.773107900338744, 18.364273911119742 ], [ -97.781571628228789, 18.39130953643658 ], [ -97.791552894734792, 18.411863078856229 ], [ -97.781087693806043, 18.410746946594223 ], [ -97.766429255773829, 18.405288924055231 ], [ -97.758757696665825, 18.394235877775824 ], [ -97.745859349149882, 18.396751556019648 ], [ -97.741731479955462, 18.403912232145636 ], [ -97.745541972931576, 18.415979439517269 ], [ -97.747843368277159, 18.435631858813291 ], [ -97.752444190832662, 18.446970610633141 ], [ -97.760502885820287, 18.45677641728162 ], [ -97.760613008305896, 18.459882446004091 ], [ -97.774361111110949, 18.4743055555772 ], [ -97.75699308943905, 18.468896428979761 ], [ -97.752178526457058, 18.462927620799945 ], [ -97.744169685215667, 18.470587038827514 ], [ -97.732746926575899, 18.465838391151554 ], [ -97.706822181280984, 18.469964871141833 ], [ -97.671784234050548, 18.464870844243368 ], [ -97.65882899752259, 18.475995993993571 ], [ -97.649958433149664, 18.47070712283108 ], [ -97.646335280003825, 18.462730918906839 ], [ -97.643404967598741, 18.463462771519318 ], [ -97.640088912981128, 18.46129330763106 ], [ -97.628161003258541, 18.464370016231353 ], [ -97.620303475737146, 18.470945220450218 ], [ -97.61154255768264, 18.470762868159717 ], [ -97.607536647780194, 18.4670790133945 ], [ -97.602988067781212, 18.473095378793051 ], [ -97.594011847807181, 18.470792194093097 ], [ -97.585749999999834, 18.472444444466117 ], [ -97.603089034783693, 18.442955050779759 ], [ -97.605651771141495, 18.43335608891816 ], [ -97.607861111110935, 18.435472222243611 ], [ -97.612166666666482, 18.432583333354653 ], [ -97.617334118196226, 18.433495044522772 ], [ -97.622004498374807, 18.427957134529745 ], [ -97.6095521250042, 18.403901171042467 ], [ -97.610039033008036, 18.390801432316682 ], [ -97.603631101600683, 18.389236726951879 ], [ -97.606324119924722, 18.387093764138985 ], [ -97.597198420876552, 18.365755655261726 ], [ -97.591277573638834, 18.360187738331877 ], [ -97.582382237109613, 18.344274337768457 ], [ -97.588861639422433, 18.33583386025445 ], [ -97.589011094512657, 18.329309365167251 ], [ -97.595388764447392, 18.334104054299043 ], [ -97.601077733565091, 18.323434719175772 ], [ -97.613268648843487, 18.316835029079137 ], [ -97.621044434349372, 18.317078827868425 ], [ -97.627069863763708, 18.305824717675264 ], [ -97.63132417058128, 18.303497848124966 ], [ -97.621121196765287, 18.300133307336392 ], [ -97.620280570420704, 18.294715538280077 ], [ -97.622096833325159, 18.292250668025474 ], [ -97.627671095872572, 18.289080331258273 ], [ -97.646611740841379, 18.287704602941538 ], [ -97.65155858125685, 18.267305746796943 ], [ -97.656225971598772, 18.269075075750102 ], [ -97.665071964596564, 18.282677139873638 ], [ -97.667435909485107, 18.27848398040911 ], [ -97.674427161770808, 18.274525713660111 ], [ -97.68613788954363, 18.258574368780025 ], [ -97.693303285346047, 18.255568098552999 ], [ -97.694125370014021, 18.261948573227802 ], [ -97.703107546769502, 18.270914860184806 ], [ -97.705146303430794, 18.27812045440259 ], [ -97.713833837576558, 18.288332560802342 ], [ -97.717975848932227, 18.282814750882032 ], [ -97.721727312240901, 18.281734611880498 ], [ -97.740003127743421, 18.282263242537578 ], [ -97.74792923387993, 18.284613007498173 ], [ -97.742852579987414, 18.272327034521858 ], [ -97.763224137354484, 18.280871922264339 ], [ -97.771112247026267, 18.289963400533612 ], [ -97.785508206604803, 18.291451626285468 ] ] ] } },
{ "type": "Feature", "properties": { "cve_edo": "21", "cve_mpo_ine": "082", "cve_edo_mpo_ine": "21082", "nom_mpo": "ATLEQUIZAYAN", "nom_edo": "Puebla", "alianza_ganadora": "Va por México", "margen_pp": 16.872682323856612, "por_participacion": 81.143430290872615 }, "geometry": { "type": "Polygon", "coordinates": [ [ [ -97.614393979436684, 20.024774423289966 ], [ -97.611361906846071, 20.017697696028634 ], [ -97.612944421334532, 20.0154674920744 ], [ -97.617496367094589, 20.015532759653404 ], [ -97.616077725085944, 20.002094255724742 ], [ -97.620898155953881, 19.990222030324301 ], [ -97.626686658322598, 19.986230922067513 ], [ -97.636194322552626, 19.987440447547158 ], [ -97.641019111147983, 19.993890413571677 ], [ -97.637091432946036, 20.000171483499024 ], [ -97.640087341128563, 20.013700861144777 ], [ -97.632913063661604, 20.012296206487779 ], [ -97.64030113414718, 20.020583362975888 ], [ -97.635947264275543, 20.032707220984694 ], [ -97.626234053254123, 20.040906569575345 ], [ -97.623102754818618, 20.04108108829433 ], [ -97.619667882403988, 20.038857354636733 ], [ -97.621161257667694, 20.033621236330273 ], [ -97.619618298258672, 20.023628037174603 ], [ -97.617245161983945, 20.026254185659518 ], [ -97.614393979436684, 20.024774423289966 ] ] ] } },
{ "type": "Feature", "properties": { "cve_edo": "21", "cve_mpo_ine": "019", "cve_edo_mpo_ine": "21019", "nom_mpo": "ATLIXCO", "nom_edo": "Puebla", "alianza_ganadora": "Juntos Haremos Historia", "margen_pp": 27.873231014550527, "por_participacion": 46.504945263762849 }, "geometry": { "type": "Polygon", "coordinates": [ [ [ -98.389379706230017, 18.952066846647234 ], [ -98.387431347771169, 18.957240697888281 ], [ -98.38910002332463, 18.942418530588089 ], [ -98.39365460344591, 18.942166778551758 ], [ -98.385787444980608, 18.934431970454998 ], [ -98.388995649911053, 18.920538049493235 ], [ -98.384428638773059, 18.917618646960449 ], [ -98.383467687974502, 18.911647163550956 ], [ -98.385599362958203, 18.91041244466776 ], [ -98.38328064100979, 18.903296154596415 ], [ -98.37982548125153, 18.903068427813437 ], [ -98.371539990112339, 18.924709546000667 ], [ -98.367371186468588, 18.924838995558062 ], [ -98.365825190940981, 18.928166212335427 ], [ -98.361854129186696, 18.92976716008349 ], [ -98.355413770852081, 18.928764807089188 ], [ -98.348769166659295, 18.922299176938846 ], [ -98.355085068919834, 18.920242338107652 ], [ -98.356550668733703, 18.915573721258454 ], [ -98.35887782490444, 18.919862716281411 ], [ -98.36118942320725, 18.917693287727008 ], [ -98.362264028450653, 18.908182815535501 ], [ -98.358915973339919, 18.893619928103067 ], [ -98.354443240302089, 18.88829329170105 ], [ -98.352381430116182, 18.88946686609232 ], [ -98.34505367944675, 18.886008415684497 ], [ -98.337613839994333, 18.889752559754847 ], [ -98.333078607185357, 18.886549153595148 ], [ -98.329737151506961, 18.879900273447348 ], [ -98.330870772313489, 18.873401853719894 ], [ -98.333096438043725, 18.871763810342234 ], [ -98.33161096156104, 18.862091069447622 ], [ -98.313638128415207, 18.859179520633234 ], [ -98.320005357961875, 18.852918392768359 ], [ -98.31377348380353, 18.851450280937463 ], [ -98.307980760709086, 18.843161048825557 ], [ -98.308210584935878, 18.840078849377409 ], [ -98.316158415146987, 18.842842268847843 ], [ -98.314279056370964, 18.839100943670605 ], [ -98.320542827083599, 18.83670742939967 ], [ -98.329241025582164, 18.840239094424536 ], [ -98.328140881224243, 18.83829384421599 ], [ -98.331799877076023, 18.834497775377013 ], [ -98.334423792815102, 18.821935218241943 ], [ -98.339770017126028, 18.812767911673372 ], [ -98.344874303463541, 18.812984483176962 ], [ -98.354043842238355, 18.808082208074129 ], [ -98.365991984470568, 18.80893098837408 ], [ -98.366800611390133, 18.81290124356067 ], [ -98.368830783132054, 18.81294623115647 ], [ -98.372081291312796, 18.810347497410604 ], [ -98.37260653263138, 18.806503650630059 ], [ -98.376609504225954, 18.809095483620812 ], [ -98.373114988622859, 18.814910239835537 ], [ -98.378159469258364, 18.822680161188764 ], [ -98.375650974080955, 18.829652565850186 ], [ -98.376102824368317, 18.838941930000797 ], [ -98.392597271832628, 18.84673107979199 ], [ -98.39491389715964, 18.852968575696284 ], [ -98.406181923302498, 18.858848896820145 ], [ -98.406890315194374, 18.849932959938858 ], [ -98.417355547691372, 18.846646570596565 ], [ -98.419675468639554, 18.850819648940025 ], [ -98.413630387322399, 18.851388377209641 ], [ -98.411143825989782, 18.85664239801298 ], [ -98.412736660764182, 18.858383751234239 ], [ -98.433065091272454, 18.849592338615963 ], [ -98.441521810538234, 18.857250173222365 ], [ -98.442826283880962, 18.849188910641768 ], [ -98.451994869049912, 18.845622729275071 ], [ -98.449557772582793, 18.841656290063138 ], [ -98.449853272227443, 18.836578878756601 ], [ -98.445178255480741, 18.833303676931937 ], [ -98.44446806773098, 18.829328494242493 ], [ -98.44802890062833, 18.814206239757368 ], [ -98.454590663982643, 18.80446693418255 ], [ -98.454419403359523, 18.8012053364622 ], [ -98.470320824975019, 18.823394703091012 ], [ -98.480649096229172, 18.842975412525185 ], [ -98.488326489303617, 18.834975384629676 ], [ -98.496521167928563, 18.834200163150054 ], [ -98.509882539587608, 18.842223295239208 ], [ -98.515320231448158, 18.848621091899012 ], [ -98.515238029398958, 18.870927717586703 ], [ -98.518802903505161, 18.885203210413888 ], [ -98.525116973713494, 18.890869866231174 ], [ -98.541068009982368, 18.888952300002881 ], [ -98.547743273038364, 18.905754704057223 ], [ -98.561359775093322, 18.917249273945135 ], [ -98.553653770422073, 18.935151218378387 ], [ -98.557524724289237, 18.936500184105491 ], [ -98.565330314315901, 18.944678635273071 ], [ -98.569365767457924, 18.944572903087025 ], [ -98.568683650117265, 18.951860461913093 ], [ -98.577769609113744, 18.967135608576967 ], [ -98.587526056372567, 18.972133562011166 ], [ -98.593112311242976, 18.982175249590988 ], [ -98.587038122954098, 18.979999045464616 ], [ -98.584073746453072, 18.986799068296857 ], [ -98.581536448035692, 18.9861017942338 ], [ -98.578948968311252, 18.990445803187054 ], [ -98.574695918719442, 18.992148326491137 ], [ -98.578057935411763, 18.996975309649081 ], [ -98.572325898053535, 19.000741818357678 ], [ -98.554749519260056, 18.985641724380585 ], [ -98.546146272367295, 18.981492396858261 ], [ -98.54341236694242, 18.976467968883544 ], [ -98.54325403271595, 18.985603449530814 ], [ -98.535892184822657, 18.9867600175739 ], [ -98.527874331919676, 18.978739362697851 ], [ -98.488805323115173, 18.971702909364812 ], [ -98.485999624927132, 18.971664062261034 ], [ -98.484659851505171, 18.974165157959611 ], [ -98.478616559644337, 18.961813601322589 ], [ -98.469678037305812, 18.957136491844349 ], [ -98.46914730381053, 18.952711794972064 ], [ -98.463982358501738, 18.948650015596797 ], [ -98.465147977231169, 18.941593930662524 ], [ -98.453421098086039, 18.942543672338655 ], [ -98.454305207541339, 18.934492483393768 ], [ -98.449784230085626, 18.935709335939869 ], [ -98.443717224983061, 18.933092034074516 ], [ -98.441010473650991, 18.939730437672683 ], [ -98.436181436006152, 18.941801735094984 ], [ -98.432961662755076, 18.938326013703538 ], [ -98.42822981838944, 18.938868190931313 ], [ -98.42658272082214, 18.943478495867776 ], [ -98.422694218694986, 18.945363715206962 ], [ -98.42128375762573, 18.95137752773525 ], [ -98.412447386469566, 18.952107219561935 ], [ -98.413278195175337, 18.954419830130476 ], [ -98.411133783753499, 18.956404136042895 ], [ -98.405699791409475, 18.951587841657641 ], [ -98.389379706230017, 18.952066846647234 ] ] ] } },
{ "type": "Feature", "properties": { "cve_edo": "21", "cve_mpo_ine": "020", "cve_edo_mpo_ine": "21020", "nom_mpo": "ATOYATEMPAN", "nom_edo": "Puebla", "alianza_ganadora": "Juntos Haremos Historia", "margen_pp": 29.476831091180866, "por_participacion": 66.02842479273589 }, "geometry": { "type": "Polygon", "coordinates": [ [ [ -97.919914896542181, 18.841037175465949 ], [ -97.920774855073233, 18.846925011025331 ], [ -97.904927884582918, 18.852269387814562 ], [ -97.902676808891329, 18.846046022500307 ], [ -97.895780906991604, 18.842089037529615 ], [ -97.89453042177044, 18.837125196034279 ], [ -97.896481648743972, 18.837617040717262 ], [ -97.897841680156191, 18.828415191665488 ], [ -97.895578734782731, 18.826172844012476 ], [ -97.897277599966159, 18.817183673952012 ], [ -97.889534358205523, 18.801991979293636 ], [ -97.894032400913517, 18.775933293197472 ], [ -97.898860388725438, 18.776652870575973 ], [ -97.906480971987122, 18.763120887517957 ], [ -97.912918574522521, 18.762268211898608 ], [ -97.917199627622807, 18.767875281238886 ], [ -97.916723347116289, 18.775044395170635 ], [ -97.922163056958595, 18.781566356833345 ], [ -97.923472628692338, 18.795827797184948 ], [ -97.926830444370992, 18.799318378524553 ], [ -97.923811518553748, 18.801175423150124 ], [ -97.926244279137137, 18.803005632459151 ], [ -97.924964004024986, 18.80557194139244 ], [ -97.927799906368662, 18.809144005679606 ], [ -97.927159478062975, 18.813240533974263 ], [ -97.931722751649517, 18.821878792014978 ], [ -97.924521332630107, 18.827164815438916 ], [ -97.92334655423376, 18.835741232374655 ], [ -97.919914896542181, 18.841037175465949 ] ] ] } },
{ "type": "Feature", "properties": { "cve_edo": "21", "cve_mpo_ine": "021", "cve_edo_mpo_ine": "21021", "nom_mpo": "ATZALA", "nom_edo": "Puebla", "alianza_ganadora": "Juntos Haremos Historia", "margen_pp": 9.9109131403118038, "por_participacion": 81.120144534778689 }, "geometry": { "type": "Polygon", "coordinates": [ [ [ -98.557178191127392, 18.562886213385784 ], [ -98.53707293136037, 18.559816895124008 ], [ -98.53602481818713, 18.562962591452411 ], [ -98.520030767067581, 18.553034013620078 ], [ -98.52551226725511, 18.545167751586064 ], [ -98.524972384894397, 18.540275460938481 ], [ -98.543934614891029, 18.540686703009001 ], [ -98.542647706603262, 18.532470214355197 ], [ -98.536706913371304, 18.525930779913057 ], [ -98.538006913786973, 18.520475092524887 ], [ -98.54165042245036, 18.517042648133721 ], [ -98.544149641275936, 18.517951615618269 ], [ -98.548568774003513, 18.526902614422681 ], [ -98.560852132224412, 18.532520676295746 ], [ -98.559370137036865, 18.541787069396221 ], [ -98.563256678528248, 18.556286255101565 ], [ -98.557178191127392, 18.562886213385784 ] ] ] } },
{ "type": "Feature", "properties": { "cve_edo": "21", "cve_mpo_ine": "022", "cve_edo_mpo_ine": "21022", "nom_mpo": "ATZITZIHUACAN", "nom_edo": "Puebla", "alianza_ganadora": "Va por México", "margen_pp": 8.2373092494549986, "por_participacion": 69.180221911020141 }, "geometry": { "type": "Polygon", "coordinates": [ [ [ -98.543031728051147, 18.849542330053985 ], [ -98.54587029400075, 18.864087617032364 ], [ -98.556088340769975, 18.876373678207866 ], [ -98.550798403039707, 18.88077781362372 ], [ -98.546177549167211, 18.879653303539719 ], [ -98.548279182506775, 18.886685331683836 ], [ -98.525116973713494, 18.890869866231174 ], [ -98.518179969583272, 18.883906410827201 ], [ -98.515238029398958, 18.870927717586703 ], [ -98.515320231448158, 18.848621091899012 ], [ -98.505062294472538, 18.836810177071012 ], [ -98.504835532121234, 18.827934019641507 ], [ -98.502340013718396, 18.82289481144138 ], [ -98.531625053459251, 18.828414353733177 ], [ -98.540923254138605, 18.827968434324092 ], [ -98.533953944029307, 18.819045088662751 ], [ -98.532561952016991, 18.813511843129788 ], [ -98.544299034055371, 18.815049530737966 ], [ -98.547150031663378, 18.817974999237641 ], [ -98.547496843513628, 18.810221993367652 ], [ -98.55429368961309, 18.814851212199649 ], [ -98.558187515710244, 18.813037740094469 ], [ -98.559581455537952, 18.815061699277752 ], [ -98.560569984185307, 18.81283312299685 ], [ -98.557085788837171, 18.806018665772381 ], [ -98.566208040706215, 18.806892404257848 ], [ -98.575389287247376, 18.80421533009067 ], [ -98.577079253715823, 18.780643357130522 ], [ -98.580449530559363, 18.777012548560066 ], [ -98.582135774872711, 18.76863297484109 ], [ -98.587421230944813, 18.775159100995932 ], [ -98.595495940153683, 18.779705028372558 ], [ -98.607405790571832, 18.775789318104724 ], [ -98.612808599212457, 18.769103884464798 ], [ -98.614460735899115, 18.762858692420728 ], [ -98.621731716529339, 18.763791789177908 ], [ -98.620968334768804, 18.771568070563848 ], [ -98.633699577518669, 18.776964478482558 ], [ -98.633278438869041, 18.786557094596976 ], [ -98.629827171024544, 18.791540582899604 ], [ -98.63981326743108, 18.790080235533797 ], [ -98.649729455868822, 18.782150331289436 ], [ -98.653028863811699, 18.784014517159466 ], [ -98.651509462386358, 18.787621082461776 ], [ -98.645219865407441, 18.788613282199623 ], [ -98.643582628446964, 18.796204852042553 ], [ -98.649549047763529, 18.804139185304862 ], [ -98.660827112552326, 18.809281076293026 ], [ -98.6645893029918, 18.815115134054839 ], [ -98.683150436134824, 18.817453480231372 ], [ -98.697325718487363, 18.814470681949896 ], [ -98.701432634743426, 18.815514324623475 ], [ -98.692857941519392, 18.844369828343542 ], [ -98.692571517061907, 18.846492767252862 ], [ -98.695887268544354, 18.847037724762263 ], [ -98.695160663134772, 18.851480783638838 ], [ -98.691861159114765, 18.852888593679179 ], [ -98.690855736048491, 18.857365422927156 ], [ -98.687824765616398, 18.857923434127059 ], [ -98.685999306038241, 18.862067640396788 ], [ -98.681814897332529, 18.864075937273721 ], [ -98.680181765921944, 18.873491580750976 ], [ -98.672634187555204, 18.881296252365189 ], [ -98.669737362853255, 18.877311443484132 ], [ -98.668159961047635, 18.855348418787415 ], [ -98.657082605446348, 18.867035637164516 ], [ -98.65707950961783, 18.871262568079501 ], [ -98.653190519515732, 18.871447540356158 ], [ -98.651961710781293, 18.882005443859956 ], [ -98.642632696434816, 18.883078718057227 ], [ -98.643520010594315, 18.881480783650801 ], [ -98.634583522036777, 18.86455865428583 ], [ -98.636329397262472, 18.860286173023265 ], [ -98.622676702737081, 18.85169182693426 ], [ -98.618766379738062, 18.840107864303775 ], [ -98.627031384248596, 18.829698130799766 ], [ -98.627161245202231, 18.82584085925955 ], [ -98.614903531922067, 18.825911906544263 ], [ -98.609900011955034, 18.830504494204277 ], [ -98.606689237407565, 18.830522755861359 ], [ -98.603376378255973, 18.826476939841001 ], [ -98.581727209913524, 18.832533136025461 ], [ -98.571545390702155, 18.832445047409252 ], [ -98.566817217514071, 18.836068958690312 ], [ -98.564618624275298, 18.835064638902487 ], [ -98.558919550185919, 18.83785160554541 ], [ -98.543031728051147, 18.849542330053985 ] ] ] } },
{ "type": "Feature", "properties": { "cve_edo": "21", "cve_mpo_ine": "023", "cve_edo_mpo_ine": "21023", "nom_mpo": "ATZITZINTLA", "nom_edo": "Puebla", "alianza_ganadora": "Movimiento Ciudadano", "margen_pp": 1.0273173009572729, "por_participacion": 64.454477050413857 }, "geometry": { "type": "Polygon", "coordinates": [ [ [ -97.296435462402769, 18.867463239513587 ], [ -97.297804534890474, 18.861153471961735 ], [ -97.302486281414303, 18.862826104791019 ], [ -97.304643573767038, 18.870349140357774 ], [ -97.302222891292928, 18.878222863837504 ], [ -97.30510493491667, 18.880671592449676 ], [ -97.313519017795656, 18.878108927902382 ], [ -97.316078641557468, 18.886294186966683 ], [ -97.324856670435423, 18.890840969891169 ], [ -97.361180046867219, 18.880340190626239 ], [ -97.344383482572496, 18.890299664054556 ], [ -97.358872228566653, 18.899733068050743 ], [ -97.355176850444778, 18.907973704674099 ], [ -97.358402367298694, 18.911413938586993 ], [ -97.357523140357998, 18.923753550859658 ], [ -97.361201847750891, 18.929135960638607 ], [ -97.361269737850165, 18.948373735921933 ], [ -97.353977175674416, 18.957135483176376 ], [ -97.35331833226121, 18.960971857482626 ], [ -97.36120832212201, 18.97000527886431 ], [ -97.341153549830096, 18.980486389029679 ], [ -97.333630024139822, 18.978471647490263 ], [ -97.323357005961171, 18.980902668080518 ], [ -97.309058420130853, 18.987773090189226 ], [ -97.305091821768087, 18.992048126580727 ], [ -97.293342502838556, 18.989104098144139 ], [ -97.299274056998726, 18.99565400707117 ], [ -97.294253587298002, 19.0016164006102 ], [ -97.291713326306891, 19.009612991471986 ], [ -97.268712228015531, 19.02922084426401 ], [ -97.289895054632623, 18.984010481507482 ], [ -97.286496639774398, 18.980444427594609 ], [ -97.286302298409097, 18.974168855716965 ], [ -97.282155928972315, 18.969732337816527 ], [ -97.282879576268414, 18.96502975260567 ], [ -97.279553755823713, 18.959110950834631 ], [ -97.268437380423123, 18.947829872658652 ], [ -97.266398445990291, 18.940059404741973 ], [ -97.259529610013004, 18.935691993380576 ], [ -97.258926819349298, 18.930033682022007 ], [ -97.255593105462765, 18.925641877921045 ], [ -97.246822191732164, 18.919321381777198 ], [ -97.242134353764271, 18.9096422126592 ], [ -97.242064547459236, 18.902211446083069 ], [ -97.246417084442029, 18.891582401780301 ], [ -97.253394088609582, 18.887405634697135 ], [ -97.255634545992436, 18.881935763202119 ], [ -97.257927867379522, 18.883921950389006 ], [ -97.260815151273221, 18.879917714198722 ], [ -97.267073292418686, 18.8799454949589 ], [ -97.27546214982226, 18.872391383724569 ], [ -97.285119440219844, 18.867911039971158 ], [ -97.288349610984326, 18.870459904079929 ], [ -97.292904400770709, 18.865769243329449 ], [ -97.296435462402769, 18.867463239513587 ] ] ] } },
{ "type": "Feature", "properties": { "cve_edo": "21", "cve_mpo_ine": "024", "cve_edo_mpo_ine": "21024", "nom_mpo": "AXUTLA", "nom_edo": "Puebla", "alianza_ganadora": "Va por México", "margen_pp": 8.1491712707182327, "por_participacion": 69.018112488083887 }, "geometry": { "type": "Polygon", "coordinates": [ [ [ -98.401194444444371, 18.097388888907762 ], [ -98.401305555555496, 18.090555555574387 ], [ -98.404583333333278, 18.080222222241012 ], [ -98.406220309070306, 18.080426868843876 ], [ -98.406684427045207, 18.083447771523154 ], [ -98.417145803241766, 18.090455767746715 ], [ -98.420341236512229, 18.098092634588099 ], [ -98.424334703477925, 18.099755814347137 ], [ -98.424113367941118, 18.107038009257472 ], [ -98.434644327256535, 18.107606175049796 ], [ -98.430129581947043, 18.115718959416835 ], [ -98.431280984723273, 18.123646315156812 ], [ -98.434156181884433, 18.126922809823601 ], [ -98.440242751454008, 18.128674782484595 ], [ -98.442246474873059, 18.131547311524841 ], [ -98.440431595916777, 18.137894799041533 ], [ -98.449286568361316, 18.143461676818745 ], [ -98.437325682285845, 18.150914714119818 ], [ -98.436665224284624, 18.153196556565391 ], [ -98.436252103941328, 18.156633580125867 ], [ -98.443779426692615, 18.162174109225255 ], [ -98.447446096478302, 18.168253727753083 ], [ -98.444492115695283, 18.179783255127077 ], [ -98.438391997844562, 18.177204415686081 ], [ -98.433569603373371, 18.179201585158371 ], [ -98.438386355614696, 18.184937781655218 ], [ -98.436637634328989, 18.195998848563534 ], [ -98.443321111409659, 18.198943462094359 ], [ -98.445052824501644, 18.202935572281536 ], [ -98.436763692560916, 18.21708821287341 ], [ -98.445573546481739, 18.22327618030392 ], [ -98.449955788205742, 18.230836554341849 ], [ -98.448987543255669, 18.235851240162933 ], [ -98.455158069387721, 18.235120665372637 ], [ -98.462574977942197, 18.240744505472914 ], [ -98.454486055861835, 18.244907294401962 ], [ -98.45484218773548, 18.249056382388318 ], [ -98.451603273823309, 18.250132571892443 ], [ -98.4519596080426, 18.254406125989725 ], [ -98.445363069119878, 18.255272117734961 ], [ -98.441364356904117, 18.252862512871292 ], [ -98.438654440128374, 18.257963257847933 ], [ -98.441089640376859, 18.259998224952785 ], [ -98.436401952214666, 18.26036763386773 ], [ -98.430044180798859, 18.265008696964369 ], [ -98.421688275358747, 18.254380127020994 ], [ -98.406518633346664, 18.251627101414964 ], [ -98.404211597002529, 18.256022449525744 ], [ -98.39651777046889, 18.258379175579904 ], [ -98.406884521283644, 18.261626036140626 ], [ -98.409384504385088, 18.267519827788611 ], [ -98.39833725855911, 18.272279499952841 ], [ -98.38542709805202, 18.271311128781562 ], [ -98.373289516152468, 18.282291214525134 ], [ -98.372143637376766, 18.289467170776458 ], [ -98.365479238048124, 18.285185837802274 ], [ -98.364480107798286, 18.275891416726207 ], [ -98.359021210933705, 18.264807424142905 ], [ -98.3577346805573, 18.256508297427263 ], [ -98.355826396028846, 18.257626021382038 ], [ -98.349047529511452, 18.253136565625049 ], [ -98.342959256112636, 18.245785178979521 ], [ -98.343069971817997, 18.242424846501827 ], [ -98.337567317495228, 18.239347290196207 ], [ -98.334606939688044, 18.233286037226939 ], [ -98.340098453761968, 18.229020378302529 ], [ -98.342335267286671, 18.215581451435362 ], [ -98.335502794688153, 18.212668010141606 ], [ -98.327679685444963, 18.204691454546847 ], [ -98.329353138572671, 18.201499286070462 ], [ -98.333576011588818, 18.200799909425502 ], [ -98.33571281058191, 18.198023198117355 ], [ -98.335417614788909, 18.193998496232311 ], [ -98.332868802677979, 18.191920588448379 ], [ -98.334254622157218, 18.190014081747758 ], [ -98.34449465426917, 18.189488634379366 ], [ -98.346340460922946, 18.185798675537779 ], [ -98.351547815834579, 18.185971427844603 ], [ -98.352524176251322, 18.181367546586063 ], [ -98.35899738320505, 18.177268472484609 ], [ -98.352837532401679, 18.159835774507147 ], [ -98.356918473909289, 18.143370254812609 ], [ -98.351540726262911, 18.144400615959466 ], [ -98.338922156638162, 18.13849270854967 ], [ -98.348105576520069, 18.129916884619657 ], [ -98.351093656409674, 18.117474347973545 ], [ -98.356349272066396, 18.112917331793991 ], [ -98.357614792685155, 18.108687129501298 ], [ -98.355065389082554, 18.105655300161839 ], [ -98.363847629202695, 18.100812053314289 ], [ -98.364305887219501, 18.09815736446593 ], [ -98.367660809276558, 18.098700746092 ], [ -98.369331986826282, 18.095217721735253 ], [ -98.379158787974688, 18.093030232617927 ], [ -98.384930479999142, 18.089366114879713 ], [ -98.388752141077575, 18.09227448031502 ], [ -98.40003196564804, 18.09427781980337 ], [ -98.401194444444371, 18.097388888907762 ] ] ] } },
{ "type": "Feature", "properties": { "cve_edo": "21", "cve_mpo_ine": "025", "cve_edo_mpo_ine": "21025", "nom_mpo": "AYOTOXCO DE GUERRERO", "nom_edo": "Puebla", "alianza_ganadora": "Juntos Haremos Historia", "margen_pp": 20.323699421965319, "por_participacion": 68.935288492189997 }, "geometry": { "type": "Polygon", "coordinates": [ [ [ -97.369261952936057, 20.006690535642328 ], [ -97.367714201146526, 20.000277604452886 ], [ -97.371787841663988, 19.995576995660819 ], [ -97.370428922749682, 19.988549863038727 ], [ -97.373752324180359, 19.983464361551562 ], [ -97.37834593085492, 19.989358012732477 ], [ -97.397565134507218, 19.998779539246332 ], [ -97.40011906388979, 20.001998613455253 ], [ -97.399456725291387, 20.005528187768018 ], [ -97.403919167069773, 20.00952424844812 ], [ -97.405731679814366, 20.017218634635405 ], [ -97.40965160010191, 20.01939226704312 ], [ -97.410247471561405, 20.03455970351196 ], [ -97.412231278546216, 20.039827277153442 ], [ -97.416577638984137, 20.041226206104529 ], [ -97.417572873832199, 20.043715877299885 ], [ -97.414093616503763, 20.047934376781892 ], [ -97.419928836773821, 20.050637733275991 ], [ -97.419603919149878, 20.054750254982039 ], [ -97.428779086740249, 20.05689766998502 ], [ -97.431840602959568, 20.055718882220773 ], [ -97.439762572667945, 20.061755157987992 ], [ -97.441901550147307, 20.062700798690571 ], [ -97.44498491556638, 20.060533725091187 ], [ -97.446576038608853, 20.062498841311424 ], [ -97.445922920826291, 20.070929903799112 ], [ -97.45195580471038, 20.075324537509687 ], [ -97.449569109517384, 20.080305216462857 ], [ -97.450695908627367, 20.087451165092979 ], [ -97.456479999216626, 20.087269440125226 ], [ -97.459913737204062, 20.090421571976989 ], [ -97.451730321739376, 20.090847484898262 ], [ -97.452306944905217, 20.093823501623778 ], [ -97.457177743808884, 20.095354736755919 ], [ -97.458073351029327, 20.09898266721429 ], [ -97.448793787273715, 20.097971970473321 ], [ -97.449807502195256, 20.107056045766093 ], [ -97.446351230489825, 20.109770347271773 ], [ -97.448135221296155, 20.116123443856878 ], [ -97.460312721407917, 20.122789429557415 ], [ -97.456781657627275, 20.129482766648692 ], [ -97.461361921995902, 20.13771829171154 ], [ -97.455262612739446, 20.137205489717328 ], [ -97.45264301928168, 20.139463589001284 ], [ -97.452086363506041, 20.148802474051472 ], [ -97.448845863057926, 20.144788825634254 ], [ -97.443021333390988, 20.144063366756434 ], [ -97.436749716782217, 20.150330964808134 ], [ -97.402373107395647, 20.149196034502868 ], [ -97.400187804766574, 20.147672417386673 ], [ -97.392283287074676, 20.151148324550174 ], [ -97.380690389877969, 20.144628802404135 ], [ -97.382095316405696, 20.139301263051752 ], [ -97.375294366527569, 20.130112303026753 ], [ -97.377208259863735, 20.11775179903935 ], [ -97.37997575487536, 20.116733188478452 ], [ -97.379809045273959, 20.113764732655383 ], [ -97.373922768984457, 20.102904417268647 ], [ -97.373742628395362, 20.092769532109884 ], [ -97.367699123384114, 20.081164750726824 ], [ -97.372425650433286, 20.068321989335093 ], [ -97.369428694379266, 20.064023330252358 ], [ -97.36789001825727, 20.054604075642004 ], [ -97.371442143024865, 20.044622024909486 ], [ -97.366510061928807, 20.027807718763746 ], [ -97.369261952936057, 20.006690535642328 ] ] ] } },
{ "type": "Feature", "properties": { "cve_edo": "21", "cve_mpo_ine": "026", "cve_edo_mpo_ine": "21026", "nom_mpo": "CALPAN", "nom_edo": "Puebla", "alianza_ganadora": "Juntos Haremos Historia", "margen_pp": 13.928012519561815, "por_participacion": 53.319117374374194 }, "geometry": { "type": "Polygon", "coordinates": [ [ [ -98.460229625848513, 19.118916787119499 ], [ -98.44669876494342, 19.121288809716749 ], [ -98.423690505421192, 19.112825529774437 ], [ -98.41977274735595, 19.115734378292942 ], [ -98.412469698193263, 19.11618777361738 ], [ -98.400092608331946, 19.110764513543934 ], [ -98.399058251578168, 19.113034037629159 ], [ -98.41038707038291, 19.120270900299083 ], [ -98.404578191797441, 19.127943368222414 ], [ -98.369521586223939, 19.109163989393004 ], [ -98.39811607937834, 19.084469765137921 ], [ -98.393424988198959, 19.083147817623704 ], [ -98.394404853148757, 19.075360905120053 ], [ -98.417612034397379, 19.085212925924093 ], [ -98.420392937537585, 19.066213093605327 ], [ -98.428953972644777, 19.070496807920637 ], [ -98.434436010940971, 19.069222930387266 ], [ -98.440483443508967, 19.071169741739695 ], [ -98.448062330964447, 19.079339311236875 ], [ -98.464447840492426, 19.086555296048864 ], [ -98.471712367827067, 19.084649152767632 ], [ -98.477274049560819, 19.085903065236071 ], [ -98.487569578411453, 19.093496437321285 ], [ -98.494470004176819, 19.091101739374725 ], [ -98.509667786317593, 19.093741328146013 ], [ -98.507758517589068, 19.090351308225408 ], [ -98.510040668478453, 19.090825935656785 ], [ -98.520732507016291, 19.099858685240452 ], [ -98.533878580797861, 19.105584044786347 ], [ -98.5398082077852, 19.112884245477549 ], [ -98.551518188353555, 19.115454135901718 ], [ -98.562656446525722, 19.127418165830509 ], [ -98.57643827152728, 19.1310890183723 ], [ -98.572365893233354, 19.136476319117307 ], [ -98.573734514073195, 19.141084718411484 ], [ -98.567728398561727, 19.144203606066991 ], [ -98.560378735496244, 19.141675657409664 ], [ -98.550620980972099, 19.142038186998096 ], [ -98.538919887471735, 19.136148121300756 ], [ -98.52216417353084, 19.130359823558681 ], [ -98.516072208174563, 19.130782139445373 ], [ -98.508610829166571, 19.126512493667754 ], [ -98.49474895599802, 19.12761104911171 ], [ -98.485679998779716, 19.123966984191327 ], [ -98.460229625848513, 19.118916787119499 ] ] ] } },
{ "type": "Feature", "properties": { "cve_edo": "21", "cve_mpo_ine": "027", "cve_edo_mpo_ine": "21027", "nom_mpo": "CALTEPEC", "nom_edo": "Puebla", "alianza_ganadora": "Juntos Haremos Historia", "margen_pp": 11.953862285914017, "por_participacion": 79.428095502498607 }, "geometry": { "type": "Polygon", "coordinates": [ [ [ -97.561805555555381, 18.183833333352858 ], [ -97.57694444444428, 18.170861111130481 ], [ -97.58661737431764, 18.170965055121741 ], [ -97.591770594569908, 18.167893890815854 ], [ -97.601494225449272, 18.170441620487381 ], [ -97.614303872307332, 18.15332039334584 ], [ -97.650537557295621, 18.171722527520014 ], [ -97.647848925462128, 18.188102170869843 ], [ -97.634090280918755, 18.187934056456378 ], [ -97.626600627023279, 18.203912168142729 ], [ -97.629215858894511, 18.212443077584563 ], [ -97.62598033520986, 18.213819781062274 ], [ -97.606305983854512, 18.241891067900404 ], [ -97.615447815568928, 18.263202570355819 ], [ -97.612093382784238, 18.26672729778727 ], [ -97.591400473455536, 18.264852859572969 ], [ -97.581002977377423, 18.259194782270718 ], [ -97.565020016055612, 18.260081300472738 ], [ -97.557792208461706, 18.254898773604566 ], [ -97.552840957906895, 18.256880458773239 ], [ -97.557150921401885, 18.24846885189919 ], [ -97.561211264094595, 18.247147968574481 ], [ -97.559166666666499, 18.237722222242134 ], [ -97.555878488041017, 18.23652653724459 ], [ -97.5516578944721, 18.237644423956787 ], [ -97.550499999999843, 18.240111111131025 ], [ -97.547583333333165, 18.239444444464397 ], [ -97.545134047689601, 18.23186569497415 ], [ -97.53707177069704, 18.236118841209741 ], [ -97.527760014924823, 18.237655047789101 ], [ -97.518642393812897, 18.232124474131506 ], [ -97.51739048014116, 18.225897349157229 ], [ -97.512096598566686, 18.219540748963365 ], [ -97.512094625519183, 18.215026166204094 ], [ -97.507259499446803, 18.213644904830854 ], [ -97.499614909257886, 18.205935417010721 ], [ -97.487764871391121, 18.202028486039538 ], [ -97.476272355726508, 18.201894041638457 ], [ -97.462003528556082, 18.211210721515005 ], [ -97.453758975103327, 18.205439056774409 ], [ -97.445929303370221, 18.207955412991481 ], [ -97.43427817739952, 18.215685744620483 ], [ -97.416421395565976, 18.211826823493848 ], [ -97.412778594501617, 18.221060213444893 ], [ -97.415276498034132, 18.233391041363898 ], [ -97.413857069310041, 18.235941740972955 ], [ -97.399804771127563, 18.222169555849895 ], [ -97.397801974892261, 18.208150001840696 ], [ -97.389542215575617, 18.200327601537325 ], [ -97.385384397723627, 18.200803200602948 ], [ -97.382344801049371, 18.195686340581204 ], [ -97.366275549817502, 18.195143227192965 ], [ -97.371298272279816, 18.185724833450724 ], [ -97.365991006248265, 18.169693209325743 ], [ -97.37415914633624, 18.164191051520902 ], [ -97.373959775899948, 18.160301865068771 ], [ -97.369015663685587, 18.155359624735734 ], [ -97.366378810107832, 18.141136055030561 ], [ -97.360516212407063, 18.128252257597584 ], [ -97.357453263478391, 18.128059991425591 ], [ -97.352396042847232, 18.123283501459234 ], [ -97.367680476349534, 18.105749251484902 ], [ -97.369936657500759, 18.102266947091771 ], [ -97.368698495228429, 18.099854839544083 ], [ -97.371630978226889, 18.097620247318918 ], [ -97.372866621168924, 18.100198450405564 ], [ -97.375652597261933, 18.099956823866272 ], [ -97.379596240247636, 18.092242893703077 ], [ -97.382374473790975, 18.092499497640286 ], [ -97.381295653540192, 18.094822292808836 ], [ -97.390473093904077, 18.101159160216156 ], [ -97.396163519003025, 18.100509543011004 ], [ -97.398552504711901, 18.103505904340992 ], [ -97.401795934224381, 18.103680385654656 ], [ -97.40265278298601, 18.106483917389632 ], [ -97.40510590842166, 18.102043337927849 ], [ -97.410881159262118, 18.101931390837358 ], [ -97.411194426750839, 18.097129074050116 ], [ -97.413848936285902, 18.096784510001143 ], [ -97.417610961380603, 18.08960560997977 ], [ -97.415566505940433, 18.086305182978816 ], [ -97.418789421952468, 18.084674677499102 ], [ -97.423571598374878, 18.07480030348345 ], [ -97.425990688017791, 18.073877349290939 ], [ -97.425377430376741, 18.068790034941976 ], [ -97.437795579297173, 18.069056677461525 ], [ -97.438215386908766, 18.07124795566121 ], [ -97.441106659830481, 18.071770854754245 ], [ -97.444283922478604, 18.063808004422992 ], [ -97.447476268928582, 18.06606744738146 ], [ -97.446404867214483, 18.061603360398838 ], [ -97.449520775309395, 18.061255822927702 ], [ -97.447324058248512, 18.052865968995405 ], [ -97.455025573012833, 18.047817377766783 ], [ -97.452861750567862, 18.044021309608805 ], [ -97.45643836839163, 18.043547026064719 ], [ -97.4546921492732, 18.041611152085174 ], [ -97.459465681647117, 18.038978321970401 ], [ -97.459040861947642, 18.036124905837301 ], [ -97.463090621675676, 18.037220654621407 ], [ -97.465067558773526, 18.031167545495205 ], [ -97.468582242630674, 18.030155315498995 ], [ -97.464449904355277, 18.025625020874397 ], [ -97.467206095905993, 18.023540824402694 ], [ -97.4654635426092, 18.022101673924325 ], [ -97.467872966602215, 18.019977942713503 ], [ -97.4680816607342, 18.009009248954399 ], [ -97.458481394441989, 17.982780202899956 ], [ -97.460820546614158, 17.971055091417792 ], [ -97.48912300922818, 17.965975461341653 ], [ -97.499029605734876, 17.971173384039894 ], [ -97.500752226075093, 17.992812826198275 ], [ -97.514970243402416, 18.002707442479693 ], [ -97.521098558134298, 18.003872967841843 ], [ -97.523104142169075, 18.009490342590261 ], [ -97.51745680395095, 18.018503582378376 ], [ -97.511751055864337, 18.035173672811155 ], [ -97.522494880570576, 18.035692424859281 ], [ -97.53399425130047, 18.029294426623988 ], [ -97.545177570480263, 18.033941290970478 ], [ -97.548706382358617, 18.038657683932275 ], [ -97.548197280161659, 18.047528505904793 ], [ -97.540060737385659, 18.054096561102302 ], [ -97.538851692712157, 18.057539483387956 ], [ -97.535758487251769, 18.080632393809175 ], [ -97.546089091765026, 18.092714280970903 ], [ -97.548434318204286, 18.100869638092213 ], [ -97.569243289279484, 18.107781679438204 ], [ -97.566834704453825, 18.121962460909131 ], [ -97.573968119551182, 18.122869100044067 ], [ -97.57342033386297, 18.125223862971687 ], [ -97.565925674626158, 18.133920649255845 ], [ -97.556175110006734, 18.13331379492158 ], [ -97.546282085240037, 18.134941449576804 ], [ -97.540109738020249, 18.139220314508687 ], [ -97.529484997826643, 18.139264846307405 ], [ -97.521611262548248, 18.150399079409993 ], [ -97.524794728403734, 18.154494586234726 ], [ -97.519130102547734, 18.15648514175739 ], [ -97.516918631613947, 18.163697087997956 ], [ -97.512229202549904, 18.166692811402616 ], [ -97.517919730411137, 18.173550924997016 ], [ -97.524081475253553, 18.174988500010066 ], [ -97.523970380165693, 18.179336148241305 ], [ -97.526333867980014, 18.179694594176571 ], [ -97.541104446103617, 18.161887631434208 ], [ -97.550179769432745, 18.175451746862556 ], [ -97.549442148268952, 18.179129646582648 ], [ -97.557812037161213, 18.173555649643536 ], [ -97.561805555555381, 18.183833333352858 ] ] ] } },
{ "type": "Feature", "properties": { "cve_edo": "21", "cve_mpo_ine": "028", "cve_edo_mpo_ine": "21028", "nom_mpo": "CAMOCUAUTLA", "nom_edo": "Puebla", "alianza_ganadora": "Juntos Haremos Historia", "margen_pp": 15.906562847608454, "por_participacion": 86.650602409638552 }, "geometry": { "type": "Polygon", "coordinates": [ [ [ -97.74818972162825, 20.059695006788868 ], [ -97.739883361759681, 20.040961057503591 ], [ -97.741066952369408, 20.033711698203579 ], [ -97.744694072203401, 20.029997071454606 ], [ -97.736709769509972, 20.024571703559303 ], [ -97.733787430434461, 20.026340975842981 ], [ -97.726280496372652, 20.016647428982349 ], [ -97.731767080883955, 20.016465329265245 ], [ -97.739834818966344, 20.01036660620969 ], [ -97.743857982663798, 20.012084453525997 ], [ -97.749934481815529, 20.008919620189644 ], [ -97.758207969101548, 20.015464972324022 ], [ -97.759327231790138, 20.010536667421672 ], [ -97.767156323564365, 20.006342552553672 ], [ -97.774485582796743, 20.018396702106749 ], [ -97.767633885742015, 20.029601448625463 ], [ -97.767077212028752, 20.044813325753349 ], [ -97.754548697198771, 20.061754795846465 ], [ -97.74818972162825, 20.059695006788868 ] ] ] } },
{ "type": "Feature", "properties": { "cve_edo": "21", "cve_mpo_ine": "029", "cve_edo_mpo_ine": "21029", "nom_mpo": "CAÑADA MORELOS", "nom_edo": "Puebla", "alianza_ganadora": "Va por México", "margen_pp": 10.364898141929707, "por_participacion": 62.39698281882945 }, "geometry": { "type": "Polygon", "coordinates": [ [ [ -97.351745920948886, 18.716200324178317 ], [ -97.356546555112374, 18.715853056337092 ], [ -97.359264991854261, 18.711721034689521 ], [ -97.370186071369645, 18.713782303525395 ], [ -97.372210458611164, 18.710144847628101 ], [ -97.377181070635288, 18.708379081160114 ], [ -97.389429504936899, 18.715411428203307 ], [ -97.392323727414094, 18.702419149959624 ], [ -97.400475323319554, 18.690352335185889 ], [ -97.400943620983483, 18.669941882837403 ], [ -97.415562628581412, 18.661411278865941 ], [ -97.417816398218378, 18.658105040330629 ], [ -97.415794902361725, 18.655449798715754 ], [ -97.409324380287046, 18.656177581666437 ], [ -97.416604942826311, 18.648910211423122 ], [ -97.41456501938697, 18.6463634132344 ], [ -97.415508717501737, 18.639991275338787 ], [ -97.42070006800428, 18.638728017651864 ], [ -97.423654719913813, 18.635307131379989 ], [ -97.429546531960312, 18.63689590207882 ], [ -97.442312317845904, 18.646782857318293 ], [ -97.454502040585623, 18.662298578894617 ], [ -97.456639393073615, 18.655016729056413 ], [ -97.452884127465509, 18.65078420518077 ], [ -97.453172887159155, 18.64714135412251 ], [ -97.459757924106171, 18.637303350345807 ], [ -97.464379163682807, 18.6368177276157 ], [ -97.46663148216463, 18.63181321804608 ], [ -97.470097136994909, 18.630248143531876 ], [ -97.478937227035956, 18.642317775595714 ], [ -97.491473871532946, 18.645948945770783 ], [ -97.489974499834247, 18.656959200676528 ], [ -97.496042416474651, 18.663225129334851 ], [ -97.501820447621782, 18.664728675306765 ], [ -97.490208687170721, 18.670085041573508 ], [ -97.489112571997339, 18.677493963036429 ], [ -97.483335914595088, 18.684809180562159 ], [ -97.478713420293062, 18.685543605004192 ], [ -97.478540505972362, 18.688317295049693 ], [ -97.505995859366848, 18.713719935239485 ], [ -97.523628035505695, 18.726593937648268 ], [ -97.525572954465289, 18.742262137691981 ], [ -97.523126766162093, 18.753348008769514 ], [ -97.513864582672213, 18.764389982972066 ], [ -97.511838657698206, 18.775670022473467 ], [ -97.506732281020589, 18.774276068797064 ], [ -97.503195252125309, 18.780420890937137 ], [ -97.504646633158202, 18.782654788176995 ], [ -97.497219316347596, 18.781557569123404 ], [ -97.492830395138014, 18.776402284635573 ], [ -97.466696437686053, 18.760298943343528 ], [ -97.457241393596377, 18.774458437995484 ], [ -97.45091745184115, 18.777335352533253 ], [ -97.450743729454231, 18.784216039396174 ], [ -97.460897278880822, 18.780499785046459 ], [ -97.4647274522017, 18.786291912874695 ], [ -97.4521368356354, 18.794864212364441 ], [ -97.447610950065595, 18.801507797810629 ], [ -97.438674572394092, 18.802608894272144 ], [ -97.427996896075513, 18.807402740603365 ], [ -97.419757189724223, 18.803859123382942 ], [ -97.414244449968706, 18.804121507342856 ], [ -97.411688314544719, 18.818841229874607 ], [ -97.387167861286116, 18.81200147633497 ], [ -97.37408485720735, 18.814453484480769 ], [ -97.36752831924872, 18.812395858744601 ], [ -97.360796097105165, 18.813902693308822 ], [ -97.357489780459289, 18.811174487367641 ], [ -97.354643393469544, 18.816692832089075 ], [ -97.35493099632842, 18.821458407250038 ], [ -97.328068916840067, 18.811443049122882 ], [ -97.336578298348925, 18.797826129088786 ], [ -97.335774371318635, 18.79250921402507 ], [ -97.340989212657306, 18.787398484429133 ], [ -97.338756118625128, 18.78613994887494 ], [ -97.340352794027581, 18.777800686657432 ], [ -97.335677824233727, 18.776615620253978 ], [ -97.337754803500133, 18.772430251066385 ], [ -97.327276867725786, 18.772398945803253 ], [ -97.330563779822228, 18.763467332153699 ], [ -97.338602853814621, 18.75765512692892 ], [ -97.34375306250449, 18.749183852458991 ], [ -97.341794653961827, 18.739075707805664 ], [ -97.346017992929617, 18.732712915525944 ], [ -97.346696453460325, 18.722218519116627 ], [ -97.351745920948886, 18.716200324178317 ] ] ] } },
{ "type": "Feature", "properties": { "cve_edo": "21", "cve_mpo_ine": "030", "cve_edo_mpo_ine": "21030", "nom_mpo": "CAXHUACAN", "nom_edo": "Puebla", "alianza_ganadora": "Juntos Haremos Historia", "margen_pp": 44.969199178644764, "por_participacion": 82.486449864498638 }, "geometry": { "type": "Polygon", "coordinates": [ [ [ -97.573097107404521, 20.088048122221668 ], [ -97.564882869168343, 20.084779136616405 ], [ -97.571463634812815, 20.082067615649585 ], [ -97.577293682907467, 20.084628236493323 ], [ -97.579589105213941, 20.079003149234332 ], [ -97.592382170078494, 20.07679253767526 ], [ -97.592987868245771, 20.069914535361459 ], [ -97.586991450134818, 20.064700532085425 ], [ -97.592551400945382, 20.060294997266993 ], [ -97.593749766456654, 20.050559869009035 ], [ -97.606933172418152, 20.053402791246921 ], [ -97.608685895190447, 20.056464984969328 ], [ -97.616779402936956, 20.059801757880074 ], [ -97.617554175052021, 20.069797272014693 ], [ -97.613081533246529, 20.06835305171526 ], [ -97.607285781031806, 20.073029188764629 ], [ -97.612541832016845, 20.081302814700461 ], [ -97.611977927167729, 20.086700207987597 ], [ -97.601380685436254, 20.098661565644736 ], [ -97.59027244299034, 20.096017801614877 ], [ -97.587429238959956, 20.097483771477211 ], [ -97.584399289717453, 20.09484242131343 ], [ -97.577759977081598, 20.096487500589124 ], [ -97.574650303526795, 20.094685390326724 ], [ -97.573097107404521, 20.088048122221668 ] ] ] } },
{ "type": "Feature", "properties": { "cve_edo": "21", "cve_mpo_ine": "031", "cve_edo_mpo_ine": "21031", "nom_mpo": "COATEPEC", "nom_edo": "Puebla", "alianza_ganadora": "Juntos Haremos Historia", "margen_pp": 7.9086115992970125, "por_participacion": 78.80886426592798 }, "geometry": { "type": "Polygon", "coordinates": [ [ [ -97.741149501347209, 20.068463971287255 ], [ -97.740415721622796, 20.07386301677921 ], [ -97.735705930238368, 20.073142564904515 ], [ -97.732696267477124, 20.076188888115599 ], [ -97.731442745379056, 20.082503760862309 ], [ -97.725253122579034, 20.089800579391042 ], [ -97.721079171003339, 20.092479640784948 ], [ -97.716658725333502, 20.09154956025419 ], [ -97.708644623440193, 20.077815945704899 ], [ -97.709022805880537, 20.070302611150215 ], [ -97.716883898696096, 20.05951122213509 ], [ -97.712493105403468, 20.056319668642846 ], [ -97.713931931590096, 20.050328578774675 ], [ -97.712429155219596, 20.047353277235871 ], [ -97.71920539590613, 20.046918535531468 ], [ -97.72598862378149, 20.041850968900928 ], [ -97.728575156041629, 20.033986359182428 ], [ -97.736709769509972, 20.024571703559303 ], [ -97.744694072203401, 20.029997071454606 ], [ -97.741066952369408, 20.033711698203579 ], [ -97.739883361759681, 20.040961057503591 ], [ -97.745931010168263, 20.051476644313851 ], [ -97.746965124737983, 20.059067666065051 ], [ -97.745316871896776, 20.065237110050184 ], [ -97.741149501347209, 20.068463971287255 ] ] ] } },
{ "type": "Feature", "properties": { "cve_edo": "21", "cve_mpo_ine": "032", "cve_edo_mpo_ine": "21032", "nom_mpo": "COATZINGO", "nom_edo": "Puebla", "alianza_ganadora": "Juntos Haremos Historia", "margen_pp": 5.071599045346062, "por_participacion": 74.356699201419701 }, "geometry": { "type": "Polygon", "coordinates": [ [ [ -98.177120567831807, 18.637067966246562 ], [ -98.178117141400747, 18.631763842887182 ], [ -98.171510289772883, 18.632912641044783 ], [ -98.165395519694599, 18.621460627734795 ], [ -98.160697976163192, 18.623773232731732 ], [ -98.15768970508411, 18.622026592716377 ], [ -98.154722169553168, 18.613721729208077 ], [ -98.132141528024121, 18.608859090374814 ], [ -98.124679112361889, 18.602020041181063 ], [ -98.126672170964355, 18.595833276431296 ], [ -98.114502464621097, 18.588820184407297 ], [ -98.110363337217635, 18.599257294013952 ], [ -98.10438559726586, 18.603804157324877 ], [ -98.101895848549617, 18.603467139147064 ], [ -98.102369500369264, 18.599571702813023 ], [ -98.099131043649507, 18.597657854936379 ], [ -98.086159619544418, 18.596717060032216 ], [ -98.083581836063757, 18.586306856128783 ], [ -98.085888888888789, 18.566555555578002 ], [ -98.091638986834695, 18.564007885210216 ], [ -98.090527777777652, 18.562000000022337 ], [ -98.096971581630598, 18.559686027308086 ], [ -98.096916666666559, 18.553888888911207 ], [ -98.10522222222211, 18.547583333355522 ], [ -98.104166666666572, 18.544361111133366 ], [ -98.114917233970445, 18.53982472568913 ], [ -98.116239879593252, 18.543392376104894 ], [ -98.123006248717502, 18.546639649504623 ], [ -98.127469055222761, 18.544907759370602 ], [ -98.12833307765203, 18.546733409231777 ], [ -98.135515324545821, 18.545794404106164 ], [ -98.139444507778421, 18.549201258368239 ], [ -98.142053244853287, 18.547921343859862 ], [ -98.160458646177801, 18.551396923784175 ], [ -98.158961589165443, 18.547704865778599 ], [ -98.167658258943206, 18.542746540712358 ], [ -98.166795597831353, 18.540133456965354 ], [ -98.17352509712795, 18.534259289169661 ], [ -98.188106540185785, 18.538595803166906 ], [ -98.188909602215702, 18.542162115611557 ], [ -98.208025346306414, 18.538172740454389 ], [ -98.213639849675729, 18.53913506031844 ], [ -98.209538215794979, 18.534444381096883 ], [ -98.209856122447476, 18.520185025905864 ], [ -98.216972340613893, 18.522683371946307 ], [ -98.222982623821295, 18.528371677412292 ], [ -98.229001340131163, 18.529790132525491 ], [ -98.241569782168739, 18.527321205201222 ], [ -98.24289612860413, 18.530266272543436 ], [ -98.240689289265504, 18.533952485635989 ], [ -98.243118321300116, 18.535489707541437 ], [ -98.237379419354554, 18.539170848692294 ], [ -98.237659348257452, 18.544394363314321 ], [ -98.234532340170418, 18.544514180750109 ], [ -98.230779502128428, 18.538705212979909 ], [ -98.228518458180588, 18.540235622113595 ], [ -98.230884588432431, 18.54442591021223 ], [ -98.222787537505511, 18.539522282095739 ], [ -98.225615713024908, 18.544252225256844 ], [ -98.225317027754286, 18.549060337918668 ], [ -98.223177736749335, 18.547398969882874 ], [ -98.222014063289265, 18.550298912273309 ], [ -98.21558122615437, 18.55302487082928 ], [ -98.2158666040947, 18.5551394206426 ], [ -98.212739728139042, 18.555093057832714 ], [ -98.215745006977428, 18.558082394197665 ], [ -98.211223175607159, 18.560603901988127 ], [ -98.210464736081178, 18.563421496138737 ], [ -98.216948072451629, 18.564716750454231 ], [ -98.211786420127552, 18.568563759612246 ], [ -98.215947949267033, 18.572674157115301 ], [ -98.214601866669199, 18.579801946978478 ], [ -98.20578533900607, 18.586420315103737 ], [ -98.203528522047449, 18.585463227518627 ], [ -98.200913306390476, 18.589811475209888 ], [ -98.195178197370296, 18.590382271588584 ], [ -98.192850632347771, 18.595518477951543 ], [ -98.193947190501007, 18.597385699631754 ], [ -98.203854342009564, 18.596075665138908 ], [ -98.205814866660603, 18.600389943763791 ], [ -98.216054844996421, 18.60905233178396 ], [ -98.215215964271522, 18.611029739285968 ], [ -98.20678857504808, 18.618960799507981 ], [ -98.203380170707021, 18.619563324403455 ], [ -98.193212111602207, 18.615213716366043 ], [ -98.190643045059616, 18.623412361600369 ], [ -98.192318249846906, 18.626168835896323 ], [ -98.188216343150273, 18.633022541347025 ], [ -98.177120567831807, 18.637067966246562 ] ] ] } },
{ "type": "Feature", "properties": { "cve_edo": "21", "cve_mpo_ine": "033", "cve_edo_mpo_ine": "21033", "nom_mpo": "COHETZALA", "nom_edo": "Puebla", "alianza_ganadora": "Juntos Haremos Historia", "margen_pp": 28.476821192052981, "por_participacion": 75.374376039933438 }, "geometry": { "type": "Polygon", "coordinates": [ [ [ -98.765711016726129, 18.325802260918049 ], [ -98.75436731977004, 18.32678188668989 ], [ -98.74413564685976, 18.330860777543936 ], [ -98.751424180284715, 18.314544113003162 ], [ -98.751405553342778, 18.309828186384113 ], [ -98.748297389844495, 18.314386238277191 ], [ -98.736721187430405, 18.314951707527243 ], [ -98.728047356327949, 18.30239608509255 ], [ -98.711838094845575, 18.286671700606625 ], [ -98.717557076170877, 18.283638966070857 ], [ -98.716276400974621, 18.281697556310025 ], [ -98.709556435194571, 18.280140615267701 ], [ -98.706589886934751, 18.27617584064765 ], [ -98.706614952999587, 18.28296016254485 ], [ -98.703660596535101, 18.282304768063227 ], [ -98.696973160832002, 18.273756101787249 ], [ -98.696957349863524, 18.269412480093784 ], [ -98.691040988503289, 18.265826122648964 ], [ -98.694830723264872, 18.257544388947377 ], [ -98.69993196573084, 18.259849987808547 ], [ -98.709421167875604, 18.259291339323298 ], [ -98.713442917068377, 18.251422381565323 ], [ -98.715497058721937, 18.259070893234885 ], [ -98.722301634012069, 18.252601970497839 ], [ -98.750788184280196, 18.241447837897159 ], [ -98.756402090412209, 18.237671930110853 ], [ -98.759176594382112, 18.226369030263033 ], [ -98.753022533581671, 18.221171790633708 ], [ -98.7514703812557, 18.209095963558141 ], [ -98.737979701125823, 18.206522281831372 ], [ -98.735532176710493, 18.201977539413221 ], [ -98.736814599069135, 18.189522545407154 ], [ -98.740393087516466, 18.187404220086272 ], [ -98.738803353187933, 18.180251232044366 ], [ -98.740816392382385, 18.177267875710779 ], [ -98.74827380393296, 18.176050181894116 ], [ -98.74899708590597, 18.168767516736764 ], [ -98.745816682167344, 18.169023455601188 ], [ -98.745750557706813, 18.166913807897622 ], [ -98.741191475561209, 18.169613760297118 ], [ -98.735035447946444, 18.163257629855813 ], [ -98.729825758392394, 18.162235663818375 ], [ -98.7281529577333, 18.163439261710685 ], [ -98.729205038658421, 18.166291250553282 ], [ -98.726148228315807, 18.168615011300371 ], [ -98.718915031517582, 18.167887010812155 ], [ -98.713621198557973, 18.175304001928179 ], [ -98.707590270574414, 18.176525607625315 ], [ -98.698101287915264, 18.160966636533818 ], [ -98.692063967269675, 18.156032982922433 ], [ -98.692017430517552, 18.144294264024616 ], [ -98.685977996068033, 18.139153777237254 ], [ -98.689052831942945, 18.135233768662783 ], [ -98.688636692819713, 18.130278188845818 ], [ -98.691127802974989, 18.130250219472785 ], [ -98.697099563771644, 18.122163953487288 ], [ -98.703784978943972, 18.119608383682969 ], [ -98.708601747506293, 18.12017392083936 ], [ -98.713060255886646, 18.115824465501472 ], [ -98.713138039226024, 18.113095430339506 ], [ -98.715777655130481, 18.113549235479365 ], [ -98.718522300531092, 18.117929623531282 ], [ -98.729624362358635, 18.114452143536951 ], [ -98.73663715237511, 18.115379189377784 ], [ -98.741082670861772, 18.112712203552022 ], [ -98.755210216184352, 18.122765328646434 ], [ -98.767360023219226, 18.120317149846482 ], [ -98.769647388886355, 18.126064684168352 ], [ -98.778166830003144, 18.13055201241923 ], [ -98.778767605347738, 18.136011166092445 ], [ -98.791738039068406, 18.139783024801183 ], [ -98.79569251122939, 18.144943588579707 ], [ -98.813189688105837, 18.152052711734793 ], [ -98.821160499313478, 18.162827771671289 ], [ -98.818341342997229, 18.166310680112492 ], [ -98.815131337768051, 18.186466320304874 ], [ -98.826929137443216, 18.18564714471313 ], [ -98.833396696713123, 18.183022410047975 ], [ -98.862466276268023, 18.189431552145145 ], [ -98.854024646730139, 18.203191416762291 ], [ -98.859943298109343, 18.219638507650906 ], [ -98.859822301965167, 18.232107194606076 ], [ -98.857052379628811, 18.232802488134556 ], [ -98.855447787520006, 18.236240900367111 ], [ -98.850127876484848, 18.237084095594959 ], [ -98.844493376131922, 18.245208965652807 ], [ -98.841744338555444, 18.251629151565915 ], [ -98.845634319746054, 18.254430844770059 ], [ -98.846527509986643, 18.260012994579153 ], [ -98.840811688782622, 18.26309099195101 ], [ -98.829349421803599, 18.262420731323715 ], [ -98.818609469434136, 18.254797841128351 ], [ -98.810187860783927, 18.261274686659952 ], [ -98.802516009828352, 18.253642441025068 ], [ -98.801888022107079, 18.255671202518378 ], [ -98.794201974936598, 18.258298070150101 ], [ -98.778174401887142, 18.25912613440855 ], [ -98.773907657539624, 18.263025741954802 ], [ -98.762619981701022, 18.262516514622895 ], [ -98.751004253421556, 18.266847523882642 ], [ -98.73803369253406, 18.280157954153218 ], [ -98.739207991520942, 18.284457465682355 ], [ -98.767458337366378, 18.2854224438824 ], [ -98.769968085140505, 18.304817829863691 ], [ -98.764196065443713, 18.309010573000144 ], [ -98.760987044506805, 18.317209490521137 ], [ -98.767205430845436, 18.323109569608217 ], [ -98.765711016726129, 18.325802260918049 ] ] ] } },
{ "type": "Feature", "properties": { "cve_edo": "21", "cve_mpo_ine": "034", "cve_edo_mpo_ine": "21034", "nom_mpo": "COHUECAN", "nom_edo": "Puebla", "alianza_ganadora": "Va por México", "margen_pp": 39.757623143080529, "por_participacion": 69.90981142388631 }, "geometry": { "type": "Polygon", "coordinates": [ [ [ -98.747122563070022, 18.758424034132346 ], [ -98.733917078555933, 18.777659694989119 ], [ -98.73400587839167, 18.782990096813343 ], [ -98.730195677250492, 18.79058796615508 ], [ -98.732424826176583, 18.795465515946425 ], [ -98.728316117181009, 18.799680094125232 ], [ -98.726683687622383, 18.807313884295453 ], [ -98.723944197631269, 18.806805102689523 ], [ -98.724226693593309, 18.810530910425939 ], [ -98.721413578122437, 18.81346688239983 ], [ -98.719389671144143, 18.813644416997594 ], [ -98.717616828231428, 18.810496931637804 ], [ -98.714743259422079, 18.813351423275019 ], [ -98.707175666327075, 18.822095135231894 ], [ -98.707142634800135, 18.827114406090956 ], [ -98.704965205221342, 18.828000952860865 ], [ -98.707353862188697, 18.833824826832373 ], [ -98.704453300975771, 18.8346936187185 ], [ -98.699892963645993, 18.843024797868928 ], [ -98.695532501460463, 18.846622931681249 ], [ -98.692571517061907, 18.846492767252862 ], [ -98.701924023650534, 18.813106165164928 ], [ -98.707588414699401, 18.804537580837717 ], [ -98.704111510608811, 18.792599291865184 ], [ -98.717393961195043, 18.776945232151114 ], [ -98.714615315142566, 18.771086395600811 ], [ -98.727626601750742, 18.76609907046009 ], [ -98.732933048573244, 18.753307948262773 ], [ -98.726917692887739, 18.751723959584805 ], [ -98.723265955843758, 18.755677589259271 ], [ -98.712077504083325, 18.751574165493796 ], [ -98.713109205006006, 18.745200621341461 ], [ -98.706297800912097, 18.748116732092647 ], [ -98.699918845126106, 18.743969628164681 ], [ -98.694315195176614, 18.744572307600535 ], [ -98.692716147367975, 18.74198537421811 ], [ -98.685672862257846, 18.75031462281952 ], [ -98.686402452951924, 18.745483905614392 ], [ -98.682635375024176, 18.743466578089524 ], [ -98.683671308184387, 18.739208612750495 ], [ -98.679005117632883, 18.724106903861845 ], [ -98.682405234466927, 18.719455528560456 ], [ -98.686070743888322, 18.719982201480416 ], [ -98.687230257535731, 18.718002392107039 ], [ -98.695064609656754, 18.716429065470926 ], [ -98.696827416134724, 18.721277700044567 ], [ -98.701640409361417, 18.718782954236797 ], [ -98.703537881421582, 18.722448658822866 ], [ -98.701531746514235, 18.714682873517223 ], [ -98.709210127660739, 18.708506645556703 ], [ -98.71173318757603, 18.697334208899523 ], [ -98.704329743536007, 18.688303615670744 ], [ -98.708756954182732, 18.686016667282786 ], [ -98.707840430400495, 18.677451510985925 ], [ -98.712220288064444, 18.676034982023591 ], [ -98.716507126675637, 18.681082099460923 ], [ -98.719930801503139, 18.677231984664548 ], [ -98.725009982386666, 18.67622150157073 ], [ -98.726039119380928, 18.670617074599633 ], [ -98.728980479496329, 18.669047016033474 ], [ -98.739566979556656, 18.69422980561604 ], [ -98.741127881218887, 18.704883214232758 ], [ -98.739783173172953, 18.708222054980922 ], [ -98.735676615274443, 18.710010705959395 ], [ -98.735617858657704, 18.712543148714047 ], [ -98.730646743258433, 18.712613706663991 ], [ -98.723430994358722, 18.719161762951725 ], [ -98.722809871886483, 18.724703179827667 ], [ -98.719221409495333, 18.727533848104617 ], [ -98.717629589702355, 18.737584248178191 ], [ -98.713326079597294, 18.740340960214347 ], [ -98.726168558222668, 18.748021811581726 ], [ -98.734021138989618, 18.738567448868341 ], [ -98.73843208330878, 18.736891072063994 ], [ -98.748646184732294, 18.739508803003069 ], [ -98.746170754214319, 18.750179925111254 ], [ -98.748720712277347, 18.752102354762638 ], [ -98.747122563070022, 18.758424034132346 ] ] ] } },
{ "type": "Feature", "properties": { "cve_edo": "21", "cve_mpo_ine": "035", "cve_edo_mpo_ine": "21035", "nom_mpo": "CORONANGO", "nom_edo": "Puebla", "alianza_ganadora": "Juntos Haremos Historia", "margen_pp": 8.7678444871924679, "por_participacion": 47.889645809595379 }, "geometry": { "type": "Polygon", "coordinates": [ [ [ -98.258931292517445, 19.138268950694695 ], [ -98.254890838429517, 19.133887417578816 ], [ -98.261074695979204, 19.124355580993935 ], [ -98.258505565232397, 19.121779936622303 ], [ -98.262116304704946, 19.112742229892593 ], [ -98.267130423033151, 19.118666146302342 ], [ -98.276469949524767, 19.108582230467562 ], [ -98.277285031044968, 19.115476173680158 ], [ -98.279125743861329, 19.109883284283889 ], [ -98.280676203362887, 19.111931842105903 ], [ -98.287488337479502, 19.10400440538919 ], [ -98.2909914487321, 19.108383099914949 ], [ -98.295929600196089, 19.097662759722667 ], [ -98.31076233945565, 19.108179316153144 ], [ -98.309734918248367, 19.110530542135344 ], [ -98.311970492397691, 19.112176140277459 ], [ -98.316360105296468, 19.114164082198563 ], [ -98.318119948407059, 19.112029234335484 ], [ -98.322409399740636, 19.119455438653638 ], [ -98.324335933808015, 19.131647879410163 ], [ -98.318264342193046, 19.148265778155448 ], [ -98.318239309543586, 19.161690265639429 ], [ -98.309711347503537, 19.15362099980161 ], [ -98.304653176385415, 19.164091073945706 ], [ -98.298392435899601, 19.160440841606832 ], [ -98.297342885285374, 19.162243167095056 ], [ -98.287800517974816, 19.152570108040116 ], [ -98.277863351400185, 19.172893909853769 ], [ -98.265850989396384, 19.171987922687073 ], [ -98.259880505473433, 19.173817327206947 ], [ -98.262377108039274, 19.160566194161085 ], [ -98.245537220317672, 19.158231394611676 ], [ -98.258931292517445, 19.138268950694695 ] ] ] } },
{ "type": "Feature", "properties": { "cve_edo": "21", "cve_mpo_ine": "036", "cve_edo_mpo_ine": "21036", "nom_mpo": "COXCATLAN", "nom_edo": "Puebla", "alianza_ganadora": "Juntos Haremos Historia", "margen_pp": 26.515628277742817, "por_participacion": 62.175557584452847 }, "geometry": { "type": "Polygon", "coordinates": [ [ [ -97.063166666666405, 18.346527777798368 ], [ -97.061388888888615, 18.334055555576139 ], [ -97.05580555555531, 18.330472222242722 ], [ -97.0568055555553, 18.320027777798291 ], [ -97.066833333333079, 18.31000000002037 ], [ -97.068999999999747, 18.303000000020347 ], [ -97.066194444444193, 18.297333333353638 ], [ -97.085805555555311, 18.285722222242441 ], [ -97.089130118529482, 18.269700562850367 ], [ -97.09903907753619, 18.262621250550687 ], [ -97.100831968716705, 18.255675151831213 ], [ -97.090940980464154, 18.249303674157346 ], [ -97.083529539881127, 18.239796264084557 ], [ -97.078408854434173, 18.238989270656184 ], [ -97.063746849921358, 18.230238133146962 ], [ -97.061397815515107, 18.223151245477524 ], [ -97.07096744300992, 18.210484518118978 ], [ -97.058825789961986, 18.211262506341512 ], [ -97.051974414359108, 18.214172567649687 ], [ -97.046568526845974, 18.212370325789983 ], [ -97.02112360207164, 18.220290862062569 ], [ -97.016426211641331, 18.208020120852257 ], [ -97.029672179960315, 18.200172437276404 ], [ -97.024278235217906, 18.191540899549754 ], [ -97.025174948946827, 18.185086834353118 ], [ -97.035829026002219, 18.177867501460398 ], [ -97.042918371309185, 18.177980584238608 ], [ -97.0443343213026, 18.184345647086115 ], [ -97.050632749049115, 18.188953883384773 ], [ -97.053918309482427, 18.187819478500998 ], [ -97.050578902464324, 18.185485510677264 ], [ -97.050640556447064, 18.182712829533703 ], [ -97.047246963138591, 18.182326205315935 ], [ -97.05059415105832, 18.175221562839681 ], [ -97.054099706098896, 18.177636553845243 ], [ -97.057037812455405, 18.17471018944325 ], [ -97.054911474463069, 18.173252861840663 ], [ -97.056411680798789, 18.17011361835463 ], [ -97.0535954802655, 18.168405113538817 ], [ -97.056709451040135, 18.163078999782183 ], [ -97.052282941795355, 18.161239688883306 ], [ -97.053784452011527, 18.157148554778921 ], [ -97.066552584968804, 18.158152758474756 ], [ -97.069546083878336, 18.156385228025108 ], [ -97.069837739288744, 18.153406496914755 ], [ -97.081582338449252, 18.145182374133658 ], [ -97.084357419943075, 18.149773441044442 ], [ -97.107332550923999, 18.143023370209857 ], [ -97.131164444208778, 18.139307892120545 ], [ -97.131587820147914, 18.146396626847455 ], [ -97.143677624162805, 18.15787368227269 ], [ -97.144715095064313, 18.168760307866709 ], [ -97.1486188061549, 18.177549072885878 ], [ -97.153046271654745, 18.180131295110115 ], [ -97.15758439297052, 18.18788749266978 ], [ -97.167532399368284, 18.194297067234913 ], [ -97.167120145215407, 18.205719098247492 ], [ -97.169356769342969, 18.214708570953135 ], [ -97.181662591841999, 18.225637411637937 ], [ -97.181311278594464, 18.233500216108027 ], [ -97.189536046829232, 18.240068425309751 ], [ -97.191373918498783, 18.245331282878556 ], [ -97.18900993173537, 18.251200442294572 ], [ -97.19050410127484, 18.254309851431127 ], [ -97.195974032892835, 18.251307260295796 ], [ -97.195449768813319, 18.260245661294867 ], [ -97.205975788253568, 18.271332715181639 ], [ -97.207864397399831, 18.288350388097125 ], [ -97.198795568871489, 18.28943574106663 ], [ -97.194559288717997, 18.29794862258305 ], [ -97.186266835423908, 18.30089976454811 ], [ -97.18113582279075, 18.309739013523007 ], [ -97.174509988919212, 18.315385764741475 ], [ -97.17415863868294, 18.322255105704432 ], [ -97.167580949729825, 18.337545349449467 ], [ -97.156572804802536, 18.347645369770742 ], [ -97.152025934317066, 18.345228015074841 ], [ -97.146166060906808, 18.331837703432214 ], [ -97.128898208990975, 18.326309211733218 ], [ -97.123773593080827, 18.326455112299826 ], [ -97.118990489707002, 18.329954624330355 ], [ -97.112945431644278, 18.329351673077529 ], [ -97.110234196813906, 18.333438453731898 ], [ -97.112130527161725, 18.336549969603574 ], [ -97.111031085323376, 18.340932767448489 ], [ -97.104071711004636, 18.33457303413233 ], [ -97.100556832016224, 18.336504313885445 ], [ -97.095722542887557, 18.334622599177731 ], [ -97.075899525809788, 18.345509851123044 ], [ -97.063166666666405, 18.346527777798368 ] ] ] } },
{ "type": "Feature", "properties": { "cve_edo": "21", "cve_mpo_ine": "037", "cve_edo_mpo_ine": "21037", "nom_mpo": "COYOMEAPAN", "nom_edo": "Puebla", "alianza_ganadora": "Juntos Haremos Historia", "margen_pp": 4.5790066308019517, "por_participacion": 80.999189298743417 }, "geometry": { "type": "Polygon", "coordinates": [ [ [ -96.972988624676901, 18.337783597563007 ], [ -96.966194444444156, 18.342861111131722 ], [ -96.960154590746342, 18.336796141664816 ], [ -96.956129416729766, 18.339962423305668 ], [ -96.949353928999088, 18.3375560924406 ], [ -96.939303378418387, 18.338146031271808 ], [ -96.936444444444163, 18.344444444465086 ], [ -96.929055555555266, 18.342138888909499 ], [ -96.930499999999682, 18.344138888909512 ], [ -96.924499086819949, 18.346560997336177 ], [ -96.922580350811714, 18.353418891406026 ], [ -96.919644927393648, 18.355378679740735 ], [ -96.925216725746807, 18.359406124256324 ], [ -96.925491351694276, 18.366646778337138 ], [ -96.9053996234137, 18.369975075516287 ], [ -96.887957428878053, 18.38185442800858 ], [ -96.885187951946037, 18.372639636436649 ], [ -96.884646640907519, 18.358944791070559 ], [ -96.878961785505368, 18.355165096251479 ], [ -96.875100642954862, 18.357004450951472 ], [ -96.869890358904897, 18.355332705388818 ], [ -96.86915139296201, 18.35748807574701 ], [ -96.857338682916648, 18.353157533330641 ], [ -96.855907774050721, 18.345301791106717 ], [ -96.85130635594895, 18.338743734012784 ], [ -96.852681484745162, 18.326364258671799 ], [ -96.848921095081181, 18.325471487295601 ], [ -96.863009033709886, 18.313652690185513 ], [ -96.868747170287378, 18.316935857195919 ], [ -96.866666246143609, 18.306600345267324 ], [ -96.879684844956202, 18.310137914545923 ], [ -96.888261672992641, 18.304799206123601 ], [ -96.88960102352614, 18.296723065744644 ], [ -96.887280530372138, 18.295037758529414 ], [ -96.89054095135748, 18.289517893607957 ], [ -96.889652021351836, 18.285673687602433 ], [ -96.899221053384878, 18.272549464267659 ], [ -96.908265773543064, 18.278297905264651 ], [ -96.919370881145511, 18.280766262385953 ], [ -96.921438799445212, 18.278852127747118 ], [ -96.922378811591187, 18.263295759356378 ], [ -96.915837989880757, 18.257730354890441 ], [ -96.907413607613279, 18.256235620771012 ], [ -96.901111111110822, 18.251888888908809 ], [ -96.899232596106032, 18.24468997113544 ], [ -96.90268423664719, 18.237948184582532 ], [ -96.906418851782618, 18.235838561368848 ], [ -96.914215808982163, 18.238448112543772 ], [ -96.913381046393624, 18.233777047388639 ], [ -96.916295397496924, 18.229542556643235 ], [ -96.920653351226633, 18.235395961934771 ], [ -96.918194420137738, 18.238676672061903 ], [ -96.922178509136984, 18.239815340081567 ], [ -96.925637536300101, 18.23781964245098 ], [ -96.929189070980968, 18.233083641056297 ], [ -96.932344006400982, 18.220196984024259 ], [ -96.936560656640992, 18.220423412532185 ], [ -96.936127195326705, 18.215666508688194 ], [ -96.944761000329464, 18.220546142356923 ], [ -96.953068089458526, 18.219260889347538 ], [ -96.959636585230896, 18.226178659987632 ], [ -96.967277146852098, 18.229034821094388 ], [ -96.98397873420582, 18.221991972289654 ], [ -96.998129667954657, 18.204739404148022 ], [ -97.00531651313328, 18.201625354998651 ], [ -97.008636292633213, 18.202733278976051 ], [ -97.01026420001017, 18.196973079826549 ], [ -97.016357834662401, 18.192635572482324 ], [ -97.01853495467158, 18.188087901001104 ], [ -97.025174948946827, 18.185086834353118 ], [ -97.024278235217906, 18.191540899549754 ], [ -97.029672179960315, 18.200172437276404 ], [ -97.016426211641331, 18.208020120852257 ], [ -97.020893791688493, 18.220082934772911 ], [ -97.046568526845974, 18.212370325789983 ], [ -97.051974414359108, 18.214172567649687 ], [ -97.058825789961986, 18.211262506341512 ], [ -97.07096744300992, 18.210484518118978 ], [ -97.061397815515107, 18.223151245477524 ], [ -97.063517210337054, 18.229864703279873 ], [ -97.078408854434173, 18.238989270656184 ], [ -97.083529539881127, 18.239796264084557 ], [ -97.090940980464154, 18.249303674157346 ], [ -97.100085009560559, 18.254678903168347 ], [ -97.100655134110383, 18.259026875397957 ], [ -97.09903907753619, 18.262621250550687 ], [ -97.089130118529482, 18.269700562850367 ], [ -97.085805555555311, 18.285722222242441 ], [ -97.066194444444193, 18.297333333353638 ], [ -97.068999999999747, 18.303000000020347 ], [ -97.06189289579433, 18.31668796668675 ], [ -97.057372322062008, 18.319461022419752 ], [ -97.053108339906899, 18.308018300325006 ], [ -97.038069636733738, 18.296847268023672 ], [ -97.035010317257033, 18.297237109200019 ], [ -97.035440983058933, 18.292516655904976 ], [ -97.030478379015307, 18.28468141104678 ], [ -97.025663267665536, 18.281604623816889 ], [ -97.006336795544655, 18.303232821783503 ], [ -96.994976164145257, 18.306440397811421 ], [ -96.996479381185864, 18.315578293390196 ], [ -96.990706665170393, 18.325376533236962 ], [ -96.975594226624935, 18.329472134988098 ], [ -96.972988624676901, 18.337783597563007 ] ] ] } },
{ "type": "Feature", "properties": { "cve_edo": "21", "cve_mpo_ine": "038", "cve_edo_mpo_ine": "21038", "nom_mpo": "COYOTEPEC", "nom_edo": "Puebla", "alianza_ganadora": "Juntos Haremos Historia", "margen_pp": 23.706614276358874, "por_participacion": 73.554913294797686 }, "geometry": { "type": "Polygon", "coordinates": [ [ [ -97.825830526685223, 18.386589134832079 ], [ -97.831392379070124, 18.367258507994517 ], [ -97.843547046466625, 18.361090519726297 ], [ -97.850353249661481, 18.362124426839859 ], [ -97.858896193831143, 18.352902322060505 ], [ -97.861457618469032, 18.360079638841992 ], [ -97.87087086442267, 18.367543752552038 ], [ -97.871851962651135, 18.357255888362797 ], [ -97.878671375281385, 18.355719731635951 ], [ -97.879517486745939, 18.357656429922084 ], [ -97.886428928016272, 18.354751514303302 ], [ -97.887051808549543, 18.357188217920761 ], [ -97.899779158778429, 18.364981865808794 ], [ -97.897411948732795, 18.368948217237861 ], [ -97.89819110573734, 18.373661771752271 ], [ -97.891545148362738, 18.375196388531222 ], [ -97.898720761063998, 18.377384084490945 ], [ -97.890284497070354, 18.389341285005138 ], [ -97.875608428341465, 18.399636493847424 ], [ -97.871722357311285, 18.409753697387696 ], [ -97.878415912112899, 18.414185691569269 ], [ -97.889346440551563, 18.41197594464877 ], [ -97.893895008927501, 18.413810397032073 ], [ -97.892944444444311, 18.415027777799025 ], [ -97.872798789537072, 18.431246048476183 ], [ -97.86028026192831, 18.436000014010837 ], [ -97.858356708740601, 18.438882922462714 ], [ -97.852825611756117, 18.437916087853839 ], [ -97.851347554520899, 18.433003982706921 ], [ -97.840465393713188, 18.424645470090056 ], [ -97.831808121725999, 18.427487163130941 ], [ -97.834479028760995, 18.44104405344833 ], [ -97.821815605045146, 18.440495807348469 ], [ -97.814892637168853, 18.442983863762883 ], [ -97.809015172171044, 18.435307992223905 ], [ -97.798846743881555, 18.444919995609901 ], [ -97.794850087546521, 18.445424348623781 ], [ -97.794296855618171, 18.443608065354905 ], [ -97.793632060844189, 18.445480575520417 ], [ -97.788850199269206, 18.445112539819132 ], [ -97.790427937106983, 18.451651368484097 ], [ -97.787780680651821, 18.453009262119377 ], [ -97.794549535692838, 18.455081630855169 ], [ -97.785972222222071, 18.465527777799338 ], [ -97.775543100053113, 18.46919742537527 ], [ -97.774361111110949, 18.4743055555772 ], [ -97.760613008305896, 18.459882446004091 ], [ -97.760502885820287, 18.45677641728162 ], [ -97.752444190832662, 18.446970610633141 ], [ -97.747843368277159, 18.435631858813291 ], [ -97.745541972931576, 18.415979439517269 ], [ -97.741731479955462, 18.403912232145636 ], [ -97.745859349149882, 18.396751556019648 ], [ -97.758757696665825, 18.394235877775824 ], [ -97.766429255773829, 18.405288924055231 ], [ -97.781087693806043, 18.410746946594223 ], [ -97.791552894734792, 18.411863078856229 ], [ -97.781571628228789, 18.39130953643658 ], [ -97.773107900338744, 18.364273911119742 ], [ -97.770091613907596, 18.360871443968943 ], [ -97.770031052154749, 18.350389903197332 ], [ -97.776521040437757, 18.349938647805512 ], [ -97.780522929369994, 18.343012482143777 ], [ -97.775586254770275, 18.322066158463297 ], [ -97.766570924129354, 18.317161747482842 ], [ -97.774688034404832, 18.303225386509954 ], [ -97.777447647675089, 18.302363253701294 ], [ -97.774723090593085, 18.308735444838828 ], [ -97.776651526069827, 18.313021051513392 ], [ -97.793472524869415, 18.326696511924474 ], [ -97.816096005400041, 18.353847846439724 ], [ -97.814895116859091, 18.361651948240798 ], [ -97.820553938699746, 18.366844276089534 ], [ -97.823669657403769, 18.379359988449362 ], [ -97.821795388822991, 18.388498265773162 ], [ -97.825830526685223, 18.386589134832079 ] ] ] } },
{ "type": "Feature", "properties": { "cve_edo": "21", "cve_mpo_ine": "039", "cve_edo_mpo_ine": "21039", "nom_mpo": "CUAPIAXTLA DE MADERO", "nom_edo": "Puebla", "alianza_ganadora": "Juntos Haremos Historia", "margen_pp": 44.124877089478858, "por_participacion": 62.739049969154848 }, "geometry": { "type": "Polygon", "coordinates": [ [ [ -97.772050260971724, 18.897164003923212 ], [ -97.778405460715334, 18.888578195194199 ], [ -97.786233499863314, 18.896023969668999 ], [ -97.824104483069604, 18.907162720388207 ], [ -97.829624752547375, 18.89362876116942 ], [ -97.850714421343071, 18.905294087005668 ], [ -97.85656512856265, 18.911742934100861 ], [ -97.854725868697216, 18.918913769050938 ], [ -97.856179568065329, 18.9234321654388 ], [ -97.84401364564998, 18.923633204098117 ], [ -97.841215526384573, 18.933164376457377 ], [ -97.849538831349022, 18.936235903256026 ], [ -97.856466689552832, 18.93516173482692 ], [ -97.855825417109202, 18.937855463634016 ], [ -97.84085702649908, 18.954467672916664 ], [ -97.833326717574181, 18.958806790444548 ], [ -97.821498994563228, 18.947786932007389 ], [ -97.824309708203714, 18.9427054729079 ], [ -97.833007934789293, 18.947256826541555 ], [ -97.838923535609808, 18.944877578510003 ], [ -97.839590622033342, 18.938179709556394 ], [ -97.82337717076679, 18.92831554223293 ], [ -97.816819839547563, 18.927510878341494 ], [ -97.801959739906394, 18.92048142465141 ], [ -97.788424380858942, 18.918336557029811 ], [ -97.793170329340384, 18.903310577368813 ], [ -97.772050260971724, 18.897164003923212 ] ] ] } },
{ "type": "Feature", "properties": { "cve_edo": "21", "cve_mpo_ine": "040", "cve_edo_mpo_ine": "21040", "nom_mpo": "CUAUTEMPAN", "nom_edo": "Puebla", "alianza_ganadora": "Juntos Haremos Historia", "margen_pp": 40.793845077810808, "por_participacion": 78.482228626320847 }, "geometry": { "type": "Polygon", "coordinates": [ [ [ -97.768524710881451, 19.933821251330698 ], [ -97.764812415564151, 19.920944038119593 ], [ -97.764243655198555, 19.906686089649341 ], [ -97.767514897395614, 19.898755057459095 ], [ -97.764778394616172, 19.899802518690262 ], [ -97.762021201027025, 19.897948222399698 ], [ -97.753691848253283, 19.900676153025014 ], [ -97.750289673016127, 19.898409711906233 ], [ -97.764233858554519, 19.888943697790019 ], [ -97.770361754633967, 19.880544975551178 ], [ -97.763467273660865, 19.863328002030805 ], [ -97.770535142246018, 19.864045379298336 ], [ -97.775420724944453, 19.861620938826832 ], [ -97.781639543435773, 19.865989386166994 ], [ -97.78975769860304, 19.866618734111217 ], [ -97.798375951357102, 19.863804831600731 ], [ -97.811574983963254, 19.864784607562044 ], [ -97.820191568644077, 19.86180380849779 ], [ -97.821521080880544, 19.867850457248387 ], [ -97.826688915948083, 19.871973280277729 ], [ -97.832557481460029, 19.883803553980098 ], [ -97.83273006623682, 19.891181836478982 ], [ -97.831197360482264, 19.896950910160285 ], [ -97.827010448689535, 19.899166509603262 ], [ -97.821899249987425, 19.910506164429655 ], [ -97.823186308477318, 19.92641927710542 ], [ -97.815553328459401, 19.92864956992722 ], [ -97.817155273226959, 19.932041936337988 ], [ -97.815708007113798, 19.941582817907378 ], [ -97.81299133948886, 19.945366922532845 ], [ -97.8085059817885, 19.946919998881345 ], [ -97.807535555353198, 19.949950340556775 ], [ -97.804955243667337, 19.948510433816772 ], [ -97.799487570239378, 19.951518361867556 ], [ -97.79712925729936, 19.956461400067298 ], [ -97.79087958419349, 19.956404702401105 ], [ -97.789723597349038, 19.958067701792196 ], [ -97.786967525513887, 19.956545360701206 ], [ -97.781731973088185, 19.959427377628923 ], [ -97.779517284296588, 19.968183333162536 ], [ -97.776183643178271, 19.967575185072324 ], [ -97.7682962918322, 19.975442071722316 ], [ -97.763622098680472, 19.97525363514713 ], [ -97.756729676159608, 19.983530485522749 ], [ -97.75118230420405, 19.983801167006366 ], [ -97.746801247713222, 19.975444751214209 ], [ -97.746815557178238, 19.969143736723158 ], [ -97.749410682984404, 19.964407809644353 ], [ -97.746836816429266, 19.963837579618989 ], [ -97.746459694049776, 19.96002531774371 ], [ -97.740176703737887, 19.963573423797992 ], [ -97.740375400083494, 19.958556762137867 ], [ -97.748221873991866, 19.944804853067836 ], [ -97.760382374273476, 19.946704858821359 ], [ -97.767844640208196, 19.944892265819721 ], [ -97.773641198266816, 19.946982854740668 ], [ -97.767382884085606, 19.937473847167333 ], [ -97.768524710881451, 19.933821251330698 ] ] ] } },
{ "type": "Feature", "properties": { "cve_edo": "21", "cve_mpo_ine": "041", "cve_edo_mpo_ine": "21041", "nom_mpo": "CUAUTINCHAN", "nom_edo": "Puebla", "alianza_ganadora": "Juntos Haremos Historia", "margen_pp": 17.408613825551935, "por_participacion": 73.699653240864222 }, "geometry": { "type": "Polygon", "coordinates": [ [ [ -97.980065381687865, 19.028521208541189 ], [ -97.980426730602588, 19.018773375282663 ], [ -97.978089383818642, 19.012994429558439 ], [ -97.95267898994345, 19.010254958399603 ], [ -97.958290888471367, 19.009693940028107 ], [ -97.967387245198466, 19.002700358318879 ], [ -97.972799586206136, 18.991052878520172 ], [ -97.965927005674402, 18.988318106454713 ], [ -97.963116858548901, 18.983592831924298 ], [ -97.966292389995758, 18.966308335703392 ], [ -97.961249419208684, 18.963639468099796 ], [ -97.955258016858835, 18.964880832446184 ], [ -97.952183254699307, 18.959770396204839 ], [ -97.957156584712394, 18.960635082654516 ], [ -97.959235300580005, 18.956892937799203 ], [ -97.972210271762151, 18.962005167738411 ], [ -97.974740895190536, 18.956488982595538 ], [ -97.980444444444302, 18.951472222247883 ], [ -97.995194444444294, 18.948916666692298 ], [ -97.996373667857682, 18.94610465661254 ], [ -97.996943162502902, 18.943319503828917 ], [ -97.98806270178639, 18.939945019105618 ], [ -97.988328056251703, 18.936545357002995 ], [ -97.98255942092797, 18.932567678658209 ], [ -97.975855788980013, 18.923393905609622 ], [ -97.990586350229776, 18.92697814162398 ], [ -97.992788868142767, 18.929498503672729 ], [ -97.997662404938339, 18.925174768229773 ], [ -98.004638880842165, 18.926436222104989 ], [ -98.010918554285666, 18.92282773641249 ], [ -98.014642220212167, 18.923618876072933 ], [ -98.028238558176184, 18.918614317877871 ], [ -98.041038900854289, 18.918965205785941 ], [ -98.052253849386432, 18.923115576217132 ], [ -98.048527503337823, 18.91276346440069 ], [ -98.041306334982394, 18.903851159989365 ], [ -98.074015888773573, 18.90187375576199 ], [ -98.084158729788115, 18.904803225250184 ], [ -98.084754941734431, 18.907853610546102 ], [ -98.087444167110618, 18.906595713745922 ], [ -98.088817446683677, 18.912982356103754 ], [ -98.095958604210409, 18.913864329270844 ], [ -98.097630192892652, 18.918257636065469 ], [ -98.115225244472001, 18.929842540918703 ], [ -98.11565191982524, 18.94001626181841 ], [ -98.125587045745178, 18.943775998577532 ], [ -98.135914297568945, 18.951624770939137 ], [ -98.135841163580423, 18.974186137224621 ], [ -98.132574480690749, 18.977858005961636 ], [ -98.138465407027297, 18.993460404534627 ], [ -98.129975104055362, 18.991932910602916 ], [ -98.12704299085388, 18.994996016502387 ], [ -98.123901587097492, 18.994083845980704 ], [ -98.116802883783578, 18.998444020184291 ], [ -98.109711473700486, 18.997044101876771 ], [ -98.104625555704715, 18.992717490452513 ], [ -98.089647765482013, 18.991832790793389 ], [ -98.082474294611487, 19.001082028358741 ], [ -98.071299888175432, 19.005580053713341 ], [ -98.066627548393896, 18.999263426891044 ], [ -98.066110223851311, 18.994163396094656 ], [ -98.049910194849161, 18.999713535981012 ], [ -98.049935583675563, 19.003425240913426 ], [ -98.0393389999021, 19.00584277662697 ], [ -98.035368747078905, 19.004519106102677 ], [ -98.030685181620882, 18.995304436953131 ], [ -98.025056833722758, 18.990412034401896 ], [ -98.018424019026938, 18.988174249165176 ], [ -98.014414143522743, 18.994480827277723 ], [ -98.007264916305431, 18.992953452717771 ], [ -98.007542148855066, 18.998502355752517 ], [ -98.012458979110832, 19.003745176209602 ], [ -98.005862522045021, 19.006022916710492 ], [ -98.004970845034123, 19.010550378365167 ], [ -97.994430144762958, 19.020293251062522 ], [ -97.988638870149614, 19.021773155866718 ], [ -97.986941533664833, 19.027221935631374 ], [ -97.982607944859197, 19.029595332787178 ], [ -97.980065381687865, 19.028521208541189 ] ] ] } },
{ "type": "Feature", "properties": { "cve_edo": "21", "cve_mpo_ine": "042", "cve_edo_mpo_ine": "21042", "nom_mpo": "CUAUTLANCINGO", "nom_edo": "Puebla", "alianza_ganadora": "Juntos Haremos Historia", "margen_pp": 4.6328821636493158, "por_participacion": 51.789985242481293 }, "geometry": { "type": "MultiPolygon", "coordinates": [ [ [ [ -98.270728577094886, 19.046972474880683 ], [ -98.2653468329367, 19.065251417189632 ], [ -98.260991624212053, 19.066187027445931 ], [ -98.255925041753301, 19.055283684490529 ], [ -98.268635352876913, 19.046486224838219 ], [ -98.270728577094886, 19.046972474880683 ] ] ], [ [ [ -98.259848690108527, 19.077025685789149 ], [ -98.255702687539937, 19.075162948435388 ], [ -98.256126218196854, 19.072092541507779 ], [ -98.26085366618986, 19.075035412123629 ], [ -98.259848690108527, 19.077025685789149 ] ] ], [ [ [ -98.252592038065316, 19.088731863800867 ], [ -98.262092248615772, 19.078151787021003 ], [ -98.26821118239063, 19.081594502747066 ], [ -98.276610375428533, 19.079970936403569 ], [ -98.281791356437736, 19.082236576419891 ], [ -98.279760508138665, 19.076244922333338 ], [ -98.284454103563405, 19.073836692981867 ], [ -98.290651689177665, 19.07510489430862 ], [ -98.29268718762917, 19.07986358567371 ], [ -98.30015802937713, 19.083553017062144 ], [ -98.2909914487321, 19.108383099914949 ], [ -98.287488337479502, 19.10400440538919 ], [ -98.280676203362887, 19.111931842105903 ], [ -98.279125743861329, 19.109883284283889 ], [ -98.277285031044968, 19.115476173680158 ], [ -98.276469949524767, 19.108582230467562 ], [ -98.267130423033151, 19.118666146302342 ], [ -98.262116304704946, 19.112742229892593 ], [ -98.258505565232397, 19.121779936622303 ], [ -98.261074695979204, 19.124355580993935 ], [ -98.254890838429517, 19.133887417578816 ], [ -98.258931292517445, 19.138268950694695 ], [ -98.245537220317672, 19.158231394611676 ], [ -98.238166123041935, 19.157853169977656 ], [ -98.237699123403019, 19.155624351578087 ], [ -98.229887299048627, 19.15620017325304 ], [ -98.229852956493374, 19.148433576013538 ], [ -98.224495956215847, 19.142148097639428 ], [ -98.224672136925847, 19.136722199818944 ], [ -98.229019614447239, 19.134566253195935 ], [ -98.230646210623036, 19.129003664557661 ], [ -98.230972943120278, 19.124666140245548 ], [ -98.228501774371395, 19.123065814152071 ], [ -98.232317368015799, 19.118466946990715 ], [ -98.229107927907506, 19.115525637916338 ], [ -98.232031441037066, 19.108965569920176 ], [ -98.23449669100782, 19.108115087905016 ], [ -98.233271885442122, 19.104185903175242 ], [ -98.237480005154708, 19.105584918033067 ], [ -98.24199933559602, 19.100887411414234 ], [ -98.238605104278349, 19.094172707357078 ], [ -98.241919034130973, 19.093591283838091 ], [ -98.242864963291879, 19.086887922061951 ], [ -98.246544760081235, 19.086990803995089 ], [ -98.247239126341256, 19.088981933419859 ], [ -98.251539656906061, 19.086152391105227 ], [ -98.252592038065316, 19.088731863800867 ] ] ], [ [ [ -98.211420586923609, 19.11416381372949 ], [ -98.211693910946096, 19.117050534591304 ], [ -98.209090224274789, 19.113824570043718 ], [ -98.211420586923609, 19.11416381372949 ] ] ] ] } },
{ "type": "Feature", "properties": { "cve_edo": "21", "cve_mpo_ine": "043", "cve_edo_mpo_ine": "21043", "nom_mpo": "CUAYUCA DE ANDRADE", "nom_edo": "Puebla", "alianza_ganadora": "Juntos Haremos Historia", "margen_pp": 15.324074074074074, "por_participacion": 73.195526940020329 }, "geometry": { "type": "Polygon", "coordinates": [ [ [ -98.286761346943564, 18.413588820595212 ], [ -98.278279667952603, 18.409797321293592 ], [ -98.278044384086272, 18.414889037883174 ], [ -98.282129599331, 18.417673437874591 ], [ -98.274233914475772, 18.418196679261147 ], [ -98.270342786347555, 18.423367123098114 ], [ -98.272483939978144, 18.428612678471737 ], [ -98.270309235462491, 18.430946513836663 ], [ -98.277567112274482, 18.435261635632706 ], [ -98.272923060289642, 18.440298501497605 ], [ -98.271052288807013, 18.436671690391645 ], [ -98.270670719276623, 18.439442054412506 ], [ -98.275390078569515, 18.447411963160487 ], [ -98.27601292818099, 18.458313074610647 ], [ -98.279967423394282, 18.457575235982087 ], [ -98.282137929013899, 18.465177730235439 ], [ -98.279796921793505, 18.46663982364209 ], [ -98.279347357886252, 18.47330796611725 ], [ -98.267161042556808, 18.481689469934171 ], [ -98.262803482153956, 18.476145051366359 ], [ -98.250027259095603, 18.472966279458831 ], [ -98.253155122511913, 18.467654110718826 ], [ -98.247432713244578, 18.466176115460797 ], [ -98.246245646185741, 18.46881591709311 ], [ -98.245697661525, 18.465823694503616 ], [ -98.244640065193309, 18.467179523978711 ], [ -98.244084659060164, 18.464892163130848 ], [ -98.241245041344172, 18.464858263892889 ], [ -98.224917578500794, 18.479549453179519 ], [ -98.222677342586962, 18.488479507280047 ], [ -98.218942172212564, 18.490839598152778 ], [ -98.220162163168183, 18.495996305111518 ], [ -98.208983225436256, 18.495156195085876 ], [ -98.206444396230751, 18.488697932322516 ], [ -98.201200236860345, 18.485855907516513 ], [ -98.196168599822869, 18.490148747536711 ], [ -98.192163076101238, 18.488523915957128 ], [ -98.190917652704954, 18.495931818539692 ], [ -98.184605065536203, 18.499075509721745 ], [ -98.171329979130917, 18.48639010275263 ], [ -98.164236527376119, 18.489466624966184 ], [ -98.154961831385933, 18.489476204500249 ], [ -98.15341531081863, 18.493023196901177 ], [ -98.147908718533969, 18.492996228435711 ], [ -98.143980553750723, 18.496969626267614 ], [ -98.137701322360869, 18.498632876941667 ], [ -98.132539544564793, 18.498858567457141 ], [ -98.128056404209488, 18.495443533905966 ], [ -98.122649777763044, 18.496826960798114 ], [ -98.116673268170899, 18.507574574465558 ], [ -98.116241396549526, 18.514991703536875 ], [ -98.107567343715118, 18.507957131850873 ], [ -98.096490089476234, 18.503296709764477 ], [ -98.104144522341258, 18.498003196739926 ], [ -98.100801297375298, 18.496343585975946 ], [ -98.100672064682911, 18.48902068567909 ], [ -98.093054441545092, 18.485770923141782 ], [ -98.091756020343027, 18.478588134437661 ], [ -98.100333531225601, 18.474975311227869 ], [ -98.09299912099101, 18.467877430822078 ], [ -98.094242579088004, 18.457125289209273 ], [ -98.084450973431061, 18.451650908423847 ], [ -98.085987002833974, 18.449559212183434 ], [ -98.084839121247171, 18.444200802692375 ], [ -98.095055555555447, 18.444388888910368 ], [ -98.09692007510094, 18.449679982972533 ], [ -98.103916666666549, 18.453916666688134 ], [ -98.103194444444327, 18.455444444465957 ], [ -98.106967404561331, 18.454907847187481 ], [ -98.107111111110996, 18.458805555577072 ], [ -98.115305555555437, 18.462916666688269 ], [ -98.118451484690382, 18.460659543053637 ], [ -98.117064309666688, 18.455648590127883 ], [ -98.122192910852021, 18.453894172246006 ], [ -98.126091563908858, 18.440865140366469 ], [ -98.124466401710237, 18.435120156994767 ], [ -98.115075574362507, 18.434540068067328 ], [ -98.107322135783221, 18.42851406725833 ], [ -98.098576821075724, 18.42740332816933 ], [ -98.097397198586449, 18.420015036523708 ], [ -98.104391654789111, 18.417457633046048 ], [ -98.1059371103796, 18.419052145779506 ], [ -98.106247064421055, 18.417523782519154 ], [ -98.111721405799258, 18.420330283694206 ], [ -98.11690537862512, 18.418700966531912 ], [ -98.121861693033466, 18.421210374931253 ], [ -98.123737498372975, 18.419702708410007 ], [ -98.131799836996066, 18.424282462667399 ], [ -98.137481298815146, 18.424564414564276 ], [ -98.144191779088644, 18.421504768587546 ], [ -98.145789821160633, 18.423555266794377 ], [ -98.15311499480498, 18.417769703699776 ], [ -98.158381350975588, 18.418749720871347 ], [ -98.164166435478023, 18.415428757733125 ], [ -98.170673628522493, 18.405448495181002 ], [ -98.177399556795862, 18.405659956980116 ], [ -98.179986320126062, 18.402918339462598 ], [ -98.176206728390383, 18.399058844119651 ], [ -98.173548045175139, 18.389125176705953 ], [ -98.15816331780043, 18.39029191905032 ], [ -98.147974710929688, 18.384235781136692 ], [ -98.140972105002177, 18.387581710788819 ], [ -98.136102623664186, 18.387393423403619 ], [ -98.146352580094671, 18.375019468457737 ], [ -98.152650322230997, 18.372326814445501 ], [ -98.154958091388622, 18.36415595156619 ], [ -98.157817082401536, 18.362785009587995 ], [ -98.161922320795526, 18.354596060416668 ], [ -98.169997968240224, 18.357973178807718 ], [ -98.173166957170992, 18.364185778622481 ], [ -98.175396897996308, 18.362102282591454 ], [ -98.178544150904699, 18.36545657467094 ], [ -98.184237868558171, 18.364618912562097 ], [ -98.18767629740546, 18.367893977200744 ], [ -98.189092001304488, 18.375243466268849 ], [ -98.19594994075824, 18.388006046518367 ], [ -98.19183488176273, 18.396338102924805 ], [ -98.19618295786762, 18.400869128659963 ], [ -98.201084519994794, 18.39950371597623 ], [ -98.200655958431042, 18.40595965073209 ], [ -98.203188504809702, 18.40288565712434 ], [ -98.210940343280029, 18.404558752609564 ], [ -98.210459525279035, 18.401239052793144 ], [ -98.221429605006065, 18.395952894797446 ], [ -98.222854449501568, 18.388598316804625 ], [ -98.24147210242937, 18.388626864853993 ], [ -98.242624577820521, 18.384499418132361 ], [ -98.246482740076289, 18.382021391757487 ], [ -98.251202035940125, 18.385021512342416 ], [ -98.256469835701267, 18.395401115234762 ], [ -98.2530628563715, 18.398920493188633 ], [ -98.252217137308733, 18.406448268603551 ], [ -98.254770591489745, 18.411119315572652 ], [ -98.259802425706269, 18.412342106848861 ], [ -98.263785516849438, 18.409161172375089 ], [ -98.27798299416061, 18.405527393303199 ], [ -98.294063795006508, 18.409288524225762 ], [ -98.286761346943564, 18.413588820595212 ] ] ] } },
{ "type": "Feature", "properties": { "cve_edo": "21", "cve_mpo_ine": "044", "cve_edo_mpo_ine": "21044", "nom_mpo": "CUETZALAN DEL PROGRESO", "nom_edo": "Puebla", "alianza_ganadora": "Va por México", "margen_pp": 2.6780883678990079, "por_participacion": 65.468284187844986 }, "geometry": { "type": "Polygon", "coordinates": [ [ [ -97.426497989343034, 20.007146054315665 ], [ -97.442964202285623, 19.982751794279434 ], [ -97.441339086723133, 19.981323489056869 ], [ -97.443122771450433, 19.978616901180214 ], [ -97.49949106026699, 19.98031253899785 ], [ -97.498357394682827, 19.976450257681552 ], [ -97.500943489000562, 19.969368178607773 ], [ -97.489711515291106, 19.962395279504697 ], [ -97.504011985597771, 19.960802964796557 ], [ -97.508331869587167, 19.962100248462043 ], [ -97.512155502123733, 19.960205419224373 ], [ -97.517771985422797, 19.960609114060421 ], [ -97.51991226457109, 19.963325911577432 ], [ -97.526461173778628, 19.958032139903644 ], [ -97.530991088560825, 19.961896609272362 ], [ -97.533813075794299, 19.960650359643292 ], [ -97.53999872418116, 19.962798265495479 ], [ -97.547609962401722, 19.956524360040067 ], [ -97.550350022592426, 19.957759089216133 ], [ -97.558163659513724, 19.955289540577148 ], [ -97.565001548434651, 19.956781170986492 ], [ -97.563986627526575, 19.97355346284132 ], [ -97.567983102426695, 19.982250624698402 ], [ -97.569101815605777, 19.993266647919445 ], [ -97.580088392602136, 19.997135504921939 ], [ -97.57686930329784, 20.018052003502351 ], [ -97.572357068826904, 20.023665009263848 ], [ -97.569269101616186, 20.022072847021025 ], [ -97.5638121399586, 20.03083085639701 ], [ -97.553695491317342, 20.036536613554826 ], [ -97.552977248772947, 20.041755671175626 ], [ -97.549577782803809, 20.045840461941332 ], [ -97.548545589084483, 20.05740000415911 ], [ -97.541207210483762, 20.069255502700379 ], [ -97.543061831672702, 20.073121104068299 ], [ -97.538310732818047, 20.079436392677469 ], [ -97.538864867130016, 20.087854410412803 ], [ -97.534123605162762, 20.091226474989234 ], [ -97.533580987218869, 20.09603185271866 ], [ -97.526384788629727, 20.100011403672337 ], [ -97.52569536943102, 20.096898507529186 ], [ -97.517234483776122, 20.095398687232869 ], [ -97.514509397358637, 20.090201304992757 ], [ -97.510710684656203, 20.091173976423153 ], [ -97.499864766091079, 20.102923989211732 ], [ -97.494837750975549, 20.10434499349358 ], [ -97.491078698743323, 20.094871609064519 ], [ -97.486164809461712, 20.097287892617032 ], [ -97.481152755897327, 20.094895052370973 ], [ -97.474652980122983, 20.099664188550204 ], [ -97.471098249492783, 20.097901660561597 ], [ -97.469454687707568, 20.100088590790993 ], [ -97.457771007900845, 20.101550783595709 ], [ -97.457177743808884, 20.095354736755919 ], [ -97.451474172883451, 20.091872409828177 ], [ -97.45943143821502, 20.091112863656807 ], [ -97.459710179753856, 20.089058689523974 ], [ -97.450695908627367, 20.087451165092979 ], [ -97.449569109517384, 20.080305216462857 ], [ -97.45195580471038, 20.075324537509687 ], [ -97.445922920826291, 20.070929903799112 ], [ -97.447498073427042, 20.0656871781385 ], [ -97.44578365279547, 20.061372192554959 ], [ -97.441901550147307, 20.062700798690571 ], [ -97.431840602959568, 20.055718882220773 ], [ -97.420642284703305, 20.055304988113189 ], [ -97.419131211151395, 20.049757992154891 ], [ -97.41443085573195, 20.048517260519553 ], [ -97.417572873832199, 20.043715877299885 ], [ -97.415311167290568, 20.035953778658943 ], [ -97.427766277511765, 20.02644142860191 ], [ -97.425145968327072, 20.013416047236603 ], [ -97.426497989343034, 20.007146054315665 ] ] ] } },
{ "type": "Feature", "properties": { "cve_edo": "21", "cve_mpo_ine": "045", "cve_edo_mpo_ine": "21045", "nom_mpo": "CUYOACO", "nom_edo": "Puebla", "alianza_ganadora": "Va por México", "margen_pp": 10.935893040795337, "por_participacion": 73.095556298028725 }, "geometry": { "type": "Polygon", "coordinates": [ [ [ -97.611096939886664, 19.67931678571626 ], [ -97.599254515871976, 19.675746943052456 ], [ -97.598541324423721, 19.636524946442165 ], [ -97.557865395219338, 19.676788462947165 ], [ -97.528477164182007, 19.691192965794048 ], [ -97.524518078090011, 19.690287942886723 ], [ -97.522799364433936, 19.692247606094892 ], [ -97.517121253480084, 19.688812455736688 ], [ -97.510716820630861, 19.705346352751661 ], [ -97.507599599150055, 19.707044432426081 ], [ -97.506042155193825, 19.714524856294606 ], [ -97.492843762929397, 19.727720957188705 ], [ -97.490024069563802, 19.717721542967222 ], [ -97.484433811879768, 19.713778196179504 ], [ -97.48882391455507, 19.711508247067407 ], [ -97.490052256663986, 19.69729257659991 ], [ -97.484370517910037, 19.673867275784122 ], [ -97.477353809722814, 19.676128972542116 ], [ -97.470071174076793, 19.67235971062733 ], [ -97.459380580933896, 19.673519505963458 ], [ -97.455601236098232, 19.669898540246553 ], [ -97.457073814408361, 19.666996181200769 ], [ -97.470888364803159, 19.658961853134844 ], [ -97.474957008675773, 19.649669905708219 ], [ -97.473709548099833, 19.644129884271983 ], [ -97.477746873419576, 19.638866499274602 ], [ -97.478015753583023, 19.632363686857623 ], [ -97.482936949538498, 19.626363137623549 ], [ -97.485214818073146, 19.617849929195494 ], [ -97.4920843284754, 19.611261064095615 ], [ -97.489244002333024, 19.610348951901788 ], [ -97.489260808653341, 19.607862526961522 ], [ -97.499165001868377, 19.587283680792989 ], [ -97.501984874486169, 19.547753448805157 ], [ -97.503984943113835, 19.537646480792858 ], [ -97.508097888282293, 19.53273922435034 ], [ -97.505710199038418, 19.520272640570717 ], [ -97.515103582950658, 19.51877885616458 ], [ -97.530127700359657, 19.523687392603765 ], [ -97.53601520901816, 19.528052135681627 ], [ -97.553917482144826, 19.507012192822856 ], [ -97.580333333333058, 19.497611111142138 ], [ -97.578305555555289, 19.510444444475517 ], [ -97.589617583122077, 19.512115110935877 ], [ -97.595987814034487, 19.51841410966157 ], [ -97.60653137855634, 19.512906822112505 ], [ -97.609773876253868, 19.518261699157492 ], [ -97.623903886136972, 19.506509063876955 ], [ -97.633238526505124, 19.514733769778477 ], [ -97.635680693578266, 19.523014764557288 ], [ -97.626728500541432, 19.530971892176243 ], [ -97.637637104581501, 19.538307628803047 ], [ -97.628893106266418, 19.562656478380688 ], [ -97.643593338615233, 19.562754596515902 ], [ -97.647985243392455, 19.580186390661527 ], [ -97.656167165403488, 19.590296843036473 ], [ -97.667973975749391, 19.590407095747278 ], [ -97.672844665942975, 19.593745149627047 ], [ -97.677270227900252, 19.590954852528391 ], [ -97.680503189755186, 19.594056193792365 ], [ -97.683419794462395, 19.602916714180626 ], [ -97.679833255666054, 19.609245780027873 ], [ -97.682267081165733, 19.615524107469124 ], [ -97.694783082865357, 19.612838424901643 ], [ -97.696397873620143, 19.615033377393672 ], [ -97.688629762931953, 19.620907292668935 ], [ -97.685031066222109, 19.632602361250342 ], [ -97.680500222809471, 19.632182049308998 ], [ -97.677610130760129, 19.636854996830561 ], [ -97.67845648168273, 19.643158681554549 ], [ -97.676156645407573, 19.640603063181182 ], [ -97.670151991538489, 19.642560654299004 ], [ -97.666808222662752, 19.640013225149243 ], [ -97.654683524529631, 19.639984474251367 ], [ -97.645418441637105, 19.641136531092759 ], [ -97.633774253701887, 19.646292029914989 ], [ -97.635839641786447, 19.648725422113817 ], [ -97.633995704536119, 19.653638528265294 ], [ -97.625207611088086, 19.659809117037369 ], [ -97.625555947750229, 19.667943400529278 ], [ -97.622917874532476, 19.669804609556795 ], [ -97.613634074029477, 19.670068954745037 ], [ -97.611096939886664, 19.67931678571626 ] ] ] } },
{ "type": "Feature", "properties": { "cve_edo": "21", "cve_mpo_ine": "046", "cve_edo_mpo_ine": "21046", "nom_mpo": "CHALCHICOMULA DE SESMA", "nom_edo": "Puebla", "alianza_ganadora": "Va por México", "margen_pp": 11.937026703866081, "por_participacion": 58.093832305866691 }, "geometry": { "type": "Polygon", "coordinates": [ [ [ -97.538965602596235, 18.950414086631522 ], [ -97.539007924245652, 18.96225941123463 ], [ -97.541714202783595, 18.966273026527034 ], [ -97.554727572296983, 18.972673532342483 ], [ -97.559342526457456, 18.988354090280456 ], [ -97.554886297531112, 18.988626111410372 ], [ -97.551506781345324, 18.992965827255823 ], [ -97.552284615102749, 18.995924304146229 ], [ -97.554303707663692, 18.995028319230773 ], [ -97.553508177444073, 18.996813756637113 ], [ -97.544719403022953, 18.99834552842276 ], [ -97.538626614192069, 18.990605455407689 ], [ -97.529426376394682, 18.983761262953763 ], [ -97.523396522417457, 18.982776815649657 ], [ -97.518384728261324, 18.98586096035719 ], [ -97.516701119409419, 19.006344640222569 ], [ -97.525392155093158, 19.006919353801447 ], [ -97.524547226142047, 19.016748801504054 ], [ -97.527692287163177, 19.018889120108852 ], [ -97.509800343272275, 19.040433230587595 ], [ -97.50840827392949, 19.047259296288381 ], [ -97.516413700306728, 19.055764155438318 ], [ -97.51412917645105, 19.059715845171578 ], [ -97.491943056317623, 19.038831495976194 ], [ -97.474026764766847, 19.047863749558985 ], [ -97.478960099990147, 19.05873727366837 ], [ -97.478686559415124, 19.067980574829313 ], [ -97.469612255803852, 19.077844380313099 ], [ -97.467810023709774, 19.084345812318851 ], [ -97.456085232363918, 19.085213462885605 ], [ -97.44431956221726, 19.07776531248852 ], [ -97.440257152517248, 19.070438984347415 ], [ -97.439388775873212, 19.062038274614082 ], [ -97.431828912217441, 19.057896370812209 ], [ -97.395829731033189, 19.053404844730938 ], [ -97.380075532056708, 19.045241017373481 ], [ -97.368350020532077, 19.04862436013477 ], [ -97.357691407891224, 19.048697567732926 ], [ -97.348411664774048, 19.042564634252543 ], [ -97.337883771126556, 19.040733419417428 ], [ -97.330113018215783, 19.034352917004053 ], [ -97.312343419854329, 19.032884834227794 ], [ -97.305653283084681, 19.029235626587745 ], [ -97.290698773270179, 19.030789472011836 ], [ -97.268522698007331, 19.029508012362545 ], [ -97.291713326306891, 19.009612991471986 ], [ -97.294253587298002, 19.0016164006102 ], [ -97.299274056998726, 18.99565400707117 ], [ -97.293342502838556, 18.989104098144139 ], [ -97.305091821768087, 18.992048126580727 ], [ -97.309058420130853, 18.987773090189226 ], [ -97.323357005961171, 18.980902668080518 ], [ -97.333630024139822, 18.978471647490263 ], [ -97.341153549830096, 18.980486389029679 ], [ -97.360344870784331, 18.971416728376376 ], [ -97.359026751076328, 18.966239259395216 ], [ -97.35331833226121, 18.960971857482626 ], [ -97.353977175674416, 18.957135483176376 ], [ -97.361269737850165, 18.948373735921933 ], [ -97.361201847750891, 18.929135960638607 ], [ -97.357523140357998, 18.923753550859658 ], [ -97.358402367298694, 18.911413938586993 ], [ -97.355176850444778, 18.907973704674099 ], [ -97.357526810640053, 18.902080411346457 ], [ -97.358872228566653, 18.899733068050743 ], [ -97.362922998792314, 18.902057668738241 ], [ -97.371287806017222, 18.896483023005928 ], [ -97.38550037953712, 18.892950546143172 ], [ -97.392480314960366, 18.898593645394989 ], [ -97.406690649865169, 18.873220721592311 ], [ -97.424674248472456, 18.879401709781167 ], [ -97.427618467131907, 18.89278904012674 ], [ -97.423324727752927, 18.894093342501165 ], [ -97.441638575547643, 18.904319966396866 ], [ -97.451242702722283, 18.895356550301983 ], [ -97.454186407093886, 18.885831025682077 ], [ -97.453829915784013, 18.875880250370884 ], [ -97.457720141949167, 18.87403699758843 ], [ -97.471527003014913, 18.8698769006478 ], [ -97.482365794559129, 18.880691371673574 ], [ -97.485914356725289, 18.877566468141602 ], [ -97.487907720662349, 18.884798375094228 ], [ -97.492630587209263, 18.878333471527448 ], [ -97.505484942163449, 18.879658333302135 ], [ -97.516435454055127, 18.904714680334521 ], [ -97.522191884561721, 18.912991272293464 ], [ -97.52136213664626, 18.917075664134678 ], [ -97.524365272086328, 18.919273948322491 ], [ -97.524112741878056, 18.923855723172458 ], [ -97.527401478157259, 18.927004488428739 ], [ -97.529523020199136, 18.93200710983086 ], [ -97.528747360335132, 18.936958698116289 ], [ -97.538965602596235, 18.950414086631522 ] ] ] } },
{ "type": "Feature", "properties": { "cve_edo": "21", "cve_mpo_ine": "047", "cve_edo_mpo_ine": "21047", "nom_mpo": "CHAPULCO", "nom_edo": "Puebla", "alianza_ganadora": "Juntos Haremos Historia", "margen_pp": 7.3082489146164979, "por_participacion": 75.684556407447985 }, "geometry": { "type": "Polygon", "coordinates": [ [ [ -97.351287428082003, 18.71582664455044 ], [ -97.347913842282381, 18.712427437681583 ], [ -97.349234398243937, 18.708483729799873 ], [ -97.342535158831822, 18.702550189218329 ], [ -97.346660325620775, 18.696361075963928 ], [ -97.341030667670452, 18.692946397917144 ], [ -97.346539492595838, 18.68159607449827 ], [ -97.353252759309967, 18.681419770352349 ], [ -97.364040943082344, 18.673538604159042 ], [ -97.369076054003372, 18.673488681369477 ], [ -97.379899478790591, 18.660929763403523 ], [ -97.394706900490135, 18.659164690765493 ], [ -97.396430870000728, 18.65655411843775 ], [ -97.406112306219853, 18.658300670470794 ], [ -97.4099633379994, 18.629898215973444 ], [ -97.393248845457791, 18.623727934327832 ], [ -97.393180459739611, 18.629741460431561 ], [ -97.390180469074394, 18.631650804053802 ], [ -97.380966481265716, 18.628687693782023 ], [ -97.373734858334586, 18.628948837722564 ], [ -97.372139761236411, 18.621750371915741 ], [ -97.367253677115301, 18.616047520915608 ], [ -97.360932884493778, 18.612871571095191 ], [ -97.361003517745601, 18.602855943479934 ], [ -97.366600610237342, 18.599618204789024 ], [ -97.38000309880222, 18.582915654867655 ], [ -97.386850816198603, 18.587579875880248 ], [ -97.391793548940583, 18.580700447919661 ], [ -97.399290621332597, 18.575843956345018 ], [ -97.407006956952543, 18.580880812157055 ], [ -97.42950233497325, 18.586944469083882 ], [ -97.427546232529735, 18.595912045489758 ], [ -97.424228103250556, 18.599600369811132 ], [ -97.427444667159818, 18.604398611225911 ], [ -97.431300029014778, 18.605338588254973 ], [ -97.431753433380877, 18.608312460148976 ], [ -97.441574459388903, 18.603664395817599 ], [ -97.443500500907845, 18.600284879014662 ], [ -97.453793296895441, 18.5998100826456 ], [ -97.456125667131531, 18.596383335236915 ], [ -97.461709601307589, 18.596222297193531 ], [ -97.463401804213518, 18.592804421471921 ], [ -97.46680025242263, 18.594673727898744 ], [ -97.473791255137954, 18.612784154204174 ], [ -97.465070927331325, 18.623073115855185 ], [ -97.465303296767786, 18.635619230708922 ], [ -97.459757924106171, 18.637303350345807 ], [ -97.453172887159155, 18.64714135412251 ], [ -97.452884127465509, 18.65078420518077 ], [ -97.456639393073615, 18.655016729056413 ], [ -97.454502040585623, 18.662298578894617 ], [ -97.435091715057609, 18.640553799386105 ], [ -97.423308109639322, 18.635471833104717 ], [ -97.42070006800428, 18.638728017651864 ], [ -97.415508717501737, 18.639991275338787 ], [ -97.41456501938697, 18.6463634132344 ], [ -97.416604942826311, 18.648910211423122 ], [ -97.409324390016991, 18.656136178294137 ], [ -97.415794902361725, 18.655449798715754 ], [ -97.417816529133916, 18.657401180500138 ], [ -97.416949493127888, 18.659800264251817 ], [ -97.400943620983483, 18.669941882837403 ], [ -97.400475323319554, 18.690352335185889 ], [ -97.392323727414094, 18.702419149959624 ], [ -97.389429504936899, 18.715411428203307 ], [ -97.377181070635288, 18.708379081160114 ], [ -97.372210458611164, 18.710144847628101 ], [ -97.370186071369645, 18.713782303525395 ], [ -97.359264991854261, 18.711721034689521 ], [ -97.356546555112374, 18.715853056337092 ], [ -97.351287428082003, 18.71582664455044 ] ] ] } },
{ "type": "Feature", "properties": { "cve_edo": "21", "cve_mpo_ine": "048", "cve_edo_mpo_ine": "21048", "nom_mpo": "CHIAUTLA", "nom_edo": "Puebla", "alianza_ganadora": "Juntos Haremos Historia", "margen_pp": 6.799554791055348, "por_participacion": 58.461993493049391 }, "geometry": { "type": "MultiPolygon", "coordinates": [ [ [ [ -98.773513503902606, 18.265715700186043 ], [ -98.777307661453349, 18.259459318704724 ], [ -98.788304964297609, 18.259761600741029 ], [ -98.801888022107079, 18.255671202518378 ], [ -98.802516009828352, 18.253642441025068 ], [ -98.807044822006304, 18.2571050763244 ], [ -98.80060810725881, 18.267754279216362 ], [ -98.800515995725078, 18.273339276924833 ], [ -98.794560474505289, 18.27476178165039 ], [ -98.78915967939281, 18.270432419806276 ], [ -98.778279664511302, 18.27066766538854 ], [ -98.773513503902606, 18.265715700186043 ] ] ], [ [ [ -98.703036620216508, 18.458459491757459 ], [ -98.699458054366204, 18.462058894873515 ], [ -98.698044258375901, 18.460434385686877 ], [ -98.70172998079596, 18.456339091191822 ], [ -98.695389506710228, 18.453723237803104 ], [ -98.69649487406744, 18.457617762209953 ], [ -98.694075606988079, 18.458027349129562 ], [ -98.692725442598743, 18.453313103527073 ], [ -98.677632758716129, 18.462697725406819 ], [ -98.67185068451704, 18.458919052919015 ], [ -98.666716377589339, 18.459330457811845 ], [ -98.664987851836543, 18.463064403588266 ], [ -98.654989928144147, 18.462811660936254 ], [ -98.651069910773529, 18.466786176044113 ], [ -98.648873007470442, 18.463197001571412 ], [ -98.651075492843944, 18.460155789217211 ], [ -98.671136540420264, 18.44739247423778 ], [ -98.686248032285889, 18.441059403734528 ], [ -98.688702486086299, 18.437612106201215 ], [ -98.680165638738075, 18.438030182767832 ], [ -98.672539930333926, 18.427568364406063 ], [ -98.651943158608702, 18.421925049564809 ], [ -98.641111496505459, 18.399034714337464 ], [ -98.636404744119403, 18.393755454129209 ], [ -98.633648599377892, 18.401705950220741 ], [ -98.608150332154096, 18.410343080830135 ], [ -98.590468153971315, 18.420337831613267 ], [ -98.593742079841107, 18.426340592903038 ], [ -98.591652517060865, 18.429255829770486 ], [ -98.594127141280453, 18.432264757979262 ], [ -98.591993377417026, 18.432462694903975 ], [ -98.585445587557388, 18.427581483198669 ], [ -98.573914856472442, 18.42883086731711 ], [ -98.562898108006209, 18.420899227605631 ], [ -98.558083191064597, 18.411964503506866 ], [ -98.556856781648762, 18.401147118554356 ], [ -98.523268758208388, 18.408470551092641 ], [ -98.51163888725992, 18.40180977486084 ], [ -98.506058381590037, 18.401152006390536 ], [ -98.511273502909575, 18.388533484088768 ], [ -98.525324486395249, 18.39175166655189 ], [ -98.532296582351023, 18.385128529705064 ], [ -98.52384377588541, 18.383748749221152 ], [ -98.517752733867042, 18.37613008695735 ], [ -98.509554077419949, 18.372266350821235 ], [ -98.508656229972843, 18.363604462002183 ], [ -98.500155380894057, 18.355223969738393 ], [ -98.49630758491071, 18.354163179310213 ], [ -98.488018186239771, 18.341807581595742 ], [ -98.479361267705713, 18.337939524812118 ], [ -98.475841617747335, 18.338744259669113 ], [ -98.468179285430836, 18.333267138176829 ], [ -98.46585350659231, 18.335653566503151 ], [ -98.458555865772851, 18.334195910655691 ], [ -98.455802560536313, 18.339105695557073 ], [ -98.454031515166363, 18.337685461557761 ], [ -98.455675059374059, 18.33442479018424 ], [ -98.449855056416283, 18.33496485082329 ], [ -98.447540983148301, 18.330186123528254 ], [ -98.444093024262486, 18.329541197168197 ], [ -98.433423013356915, 18.333466564481554 ], [ -98.430639305646338, 18.331348200957933 ], [ -98.430805521186471, 18.327572974523928 ], [ -98.424015240950283, 18.326124935311512 ], [ -98.423905605708569, 18.322795552763822 ], [ -98.418807378179238, 18.32133864201764 ], [ -98.415963142025674, 18.317643484284048 ], [ -98.418626826128417, 18.317770532817558 ], [ -98.420590095974774, 18.314992742623911 ], [ -98.426732569478787, 18.31757073420243 ], [ -98.429560593837905, 18.312968183132835 ], [ -98.431360770651224, 18.315625019340096 ], [ -98.435351889244927, 18.313637144673805 ], [ -98.440857640231158, 18.316214127833494 ], [ -98.441201304413553, 18.31438895633001 ], [ -98.438421845902212, 18.314262124244305 ], [ -98.436213931098038, 18.310443339737937 ], [ -98.427411526026575, 18.309522744597988 ], [ -98.42589460703023, 18.303630092004209 ], [ -98.433078421710533, 18.305959906526159 ], [ -98.433012460882836, 18.30193553366118 ], [ -98.411335865008581, 18.289385821024787 ], [ -98.405604912475269, 18.289545969147174 ], [ -98.400737492335594, 18.287051647654877 ], [ -98.393851243236853, 18.288579316219142 ], [ -98.37658603497718, 18.280428189076172 ], [ -98.386179029046843, 18.270980076165792 ], [ -98.39833725855911, 18.272279499952841 ], [ -98.409384504385088, 18.267519827788611 ], [ -98.406884521283644, 18.261626036140626 ], [ -98.39651777046889, 18.258379175579904 ], [ -98.404211597002529, 18.256022449525744 ], [ -98.406518633346664, 18.251627101414964 ], [ -98.421688275358747, 18.254380127020994 ], [ -98.430044180798859, 18.265008696964369 ], [ -98.436401952214666, 18.26036763386773 ], [ -98.441089640376859, 18.259998224952785 ], [ -98.438654440128374, 18.257963257847933 ], [ -98.441364356904117, 18.252862512871292 ], [ -98.445363069119878, 18.255272117734961 ], [ -98.4519596080426, 18.254406125989725 ], [ -98.451603273823309, 18.250132571892443 ], [ -98.45484218773548, 18.249056382388318 ], [ -98.454486055861835, 18.244907294401962 ], [ -98.463091839917595, 18.240531932831608 ], [ -98.466583197861354, 18.234248177696127 ], [ -98.470539841797503, 18.232218632159551 ], [ -98.465831517337648, 18.226151126877483 ], [ -98.468665016591586, 18.226367384129396 ], [ -98.47640387473227, 18.218257310496174 ], [ -98.48207325946251, 18.222866268153371 ], [ -98.484792152930908, 18.21915487824538 ], [ -98.480745783417987, 18.214941182132669 ], [ -98.477918414391937, 18.215138587680425 ], [ -98.475429732720627, 18.210783104270313 ], [ -98.470210342542728, 18.209311854819397 ], [ -98.46861021767026, 18.2024649923552 ], [ -98.4794479492612, 18.201060654392681 ], [ -98.489378769262686, 18.204835375429255 ], [ -98.489675705432418, 18.197429468006323 ], [ -98.504181817558575, 18.186222165547903 ], [ -98.507463382324076, 18.185522885897434 ], [ -98.507695159242658, 18.189531676541272 ], [ -98.515560378538879, 18.186339690947566 ], [ -98.513485253846184, 18.178712846626723 ], [ -98.517875342539796, 18.174857632053477 ], [ -98.51952375632689, 18.169131599868873 ], [ -98.516954930470973, 18.167217507142716 ], [ -98.509216945231302, 18.171152520936225 ], [ -98.507351290162177, 18.169933269372645 ], [ -98.512678002591386, 18.163007131704614 ], [ -98.523690432778508, 18.165816431772139 ], [ -98.533747552299289, 18.16255695168276 ], [ -98.538935874247798, 18.158071619988906 ], [ -98.542173522514005, 18.16225218729971 ], [ -98.544714999819419, 18.162305270587094 ], [ -98.551890482180781, 18.155563184708214 ], [ -98.560742857392313, 18.151056701228434 ], [ -98.560076382779556, 18.144408884392032 ], [ -98.566375259929927, 18.14310228628263 ], [ -98.56983263468959, 18.146041750505841 ], [ -98.573960112341538, 18.160258367919248 ], [ -98.576401863657154, 18.160852438393704 ], [ -98.576976577640536, 18.15609285397414 ], [ -98.5810576445447, 18.153569326190617 ], [ -98.578334607319306, 18.149216863865917 ], [ -98.57931151213441, 18.14420497401893 ], [ -98.584214306428876, 18.142499305620127 ], [ -98.593073335610967, 18.146372649708944 ], [ -98.598099843338076, 18.140903835501195 ], [ -98.597979086652686, 18.127471322604531 ], [ -98.592082466008009, 18.124103837870038 ], [ -98.591281121949024, 18.120474964307046 ], [ -98.59383939017458, 18.112428568653328 ], [ -98.591171830841446, 18.107869009122314 ], [ -98.592713866742784, 18.106199078645467 ], [ -98.599344237481191, 18.10815325061288 ], [ -98.603782891935793, 18.11517370887923 ], [ -98.617321046528559, 18.109447020138081 ], [ -98.622310294289306, 18.114270338826937 ], [ -98.629818596575589, 18.116833953303527 ], [ -98.630768809896892, 18.114260799646672 ], [ -98.641983858460023, 18.120999607298931 ], [ -98.652428055445085, 18.117867169912557 ], [ -98.655599580456922, 18.121014960623679 ], [ -98.654507993519076, 18.125945913794059 ], [ -98.65768463057266, 18.125208103551859 ], [ -98.659025715742715, 18.117339562613687 ], [ -98.662160376641609, 18.113543323934966 ], [ -98.667424214007852, 18.117163741909803 ], [ -98.671763020956362, 18.11670199659455 ], [ -98.66938061280824, 18.120407483168073 ], [ -98.672676862149714, 18.124173644591092 ], [ -98.671177269556395, 18.133118772405037 ], [ -98.660469742160089, 18.146712926379603 ], [ -98.654216410087102, 18.15132892711107 ], [ -98.651003136390273, 18.170709175066762 ], [ -98.652362334660353, 18.172636938473811 ], [ -98.661473084552483, 18.165013281663626 ], [ -98.667424354040207, 18.16370722704773 ], [ -98.672027050698958, 18.157042425058112 ], [ -98.675427429031643, 18.155681818813282 ], [ -98.678194610942072, 18.171482335395453 ], [ -98.672621381995341, 18.179232789010726 ], [ -98.676074453803949, 18.181674431411125 ], [ -98.686200250197643, 18.180445231627324 ], [ -98.691147094150608, 18.181919161703597 ], [ -98.696914418701638, 18.188219954897939 ], [ -98.707324062682346, 18.190706629049352 ], [ -98.719617097655359, 18.186929697101938 ], [ -98.714092904968282, 18.181494848875907 ], [ -98.713296168294946, 18.17547654527716 ], [ -98.718915031517582, 18.167887010812155 ], [ -98.726148228315807, 18.168615011300371 ], [ -98.725795650993717, 18.167167923700543 ], [ -98.72857146435561, 18.166995997121987 ], [ -98.728843569819503, 18.162527539296757 ], [ -98.735035447946444, 18.163257629855813 ], [ -98.741191475561209, 18.169613760297118 ], [ -98.745750557706813, 18.166913807897622 ], [ -98.745816682167344, 18.169023455601188 ], [ -98.749229438022283, 18.169015162945783 ], [ -98.747640269529143, 18.176754991129851 ], [ -98.740816392382385, 18.177267875710779 ], [ -98.738803353187933, 18.180251232044366 ], [ -98.740393087516466, 18.187404220086272 ], [ -98.736814599069135, 18.189522545407154 ], [ -98.735532176710493, 18.201977539413221 ], [ -98.737979701125823, 18.206522281831372 ], [ -98.7514703812557, 18.209095963558141 ], [ -98.753022533581671, 18.221171790633708 ], [ -98.759176594382112, 18.226369030263033 ], [ -98.756402090412209, 18.237671930110853 ], [ -98.729645212847743, 18.251013006679262 ], [ -98.722301634012069, 18.252601970497839 ], [ -98.715497058721937, 18.259070893234885 ], [ -98.713442917068377, 18.251422381565323 ], [ -98.709421167875604, 18.259291339323298 ], [ -98.69993196573084, 18.259849987808547 ], [ -98.694830723264872, 18.257544388947377 ], [ -98.690922254971412, 18.264999012050222 ], [ -98.694062635595756, 18.269170493671833 ], [ -98.696957349863524, 18.269412480093784 ], [ -98.696973160832002, 18.273756101787249 ], [ -98.703660596535101, 18.282304768063227 ], [ -98.706614952999587, 18.28296016254485 ], [ -98.706589886934751, 18.27617584064765 ], [ -98.709556435194571, 18.280140615267701 ], [ -98.716276400974621, 18.281697556310025 ], [ -98.717557076170877, 18.283638966070857 ], [ -98.711838094845575, 18.286671700606625 ], [ -98.728047356327949, 18.30239608509255 ], [ -98.736721187430405, 18.314951707527243 ], [ -98.748297389844495, 18.314386238277191 ], [ -98.751405553342778, 18.309828186384113 ], [ -98.751424180284715, 18.314544113003162 ], [ -98.74413564685976, 18.330860777543936 ], [ -98.75436731977004, 18.32678188668989 ], [ -98.765711016726129, 18.325802260918049 ], [ -98.768139643102842, 18.35809092406792 ], [ -98.763841664550853, 18.359005683369787 ], [ -98.759267408658189, 18.363400308737354 ], [ -98.76082283692871, 18.36859662690232 ], [ -98.757608049047676, 18.370847694219592 ], [ -98.755638764058247, 18.366310921974318 ], [ -98.749661928830946, 18.36712719979754 ], [ -98.74654418848192, 18.370829989714039 ], [ -98.741683902979162, 18.361416102063 ], [ -98.733706940418813, 18.355663220297529 ], [ -98.734502246924805, 18.343440431907627 ], [ -98.72840131526084, 18.34048223084007 ], [ -98.721315759938562, 18.328642709392337 ], [ -98.70743746563592, 18.322626719277906 ], [ -98.704740879172675, 18.311863909069462 ], [ -98.679638672503884, 18.322738517749833 ], [ -98.678931400257497, 18.328038439438188 ], [ -98.669367085865886, 18.324340712108384 ], [ -98.664715397038222, 18.325747366600648 ], [ -98.664664532858623, 18.329561013368995 ], [ -98.656942860919187, 18.32666795827414 ], [ -98.642989892217102, 18.33067939675124 ], [ -98.646767041213707, 18.342655742166734 ], [ -98.645300886197589, 18.344009702797212 ], [ -98.643064140702847, 18.342371239079842 ], [ -98.636852635227953, 18.352012230833548 ], [ -98.637861505534275, 18.354509481538464 ], [ -98.643806565171687, 18.356059499589669 ], [ -98.647401656646821, 18.364385762387844 ], [ -98.654153549874451, 18.366274900702379 ], [ -98.656323707705113, 18.377240589257379 ], [ -98.653194302177681, 18.377940709425904 ], [ -98.654488569193632, 18.38247424030412 ], [ -98.665148529521474, 18.384455812886902 ], [ -98.674035747774639, 18.382674894167323 ], [ -98.672036580222894, 18.393600718426196 ], [ -98.68206313063088, 18.410351236011977 ], [ -98.688498038138221, 18.411144089676764 ], [ -98.690660076956263, 18.420286875742537 ], [ -98.698464265215833, 18.419305369216033 ], [ -98.701874127595701, 18.415564670419457 ], [ -98.706624797046189, 18.415609074456256 ], [ -98.710627311761598, 18.410837305421346 ], [ -98.715507268453706, 18.414282219181111 ], [ -98.716248000077314, 18.419678591141732 ], [ -98.713086372324412, 18.422178127843633 ], [ -98.716860994747037, 18.425985839295706 ], [ -98.715490510820047, 18.433311108433834 ], [ -98.709195233059873, 18.433965381902922 ], [ -98.707035420265498, 18.436182429841207 ], [ -98.702402103751496, 18.434364077758993 ], [ -98.705122592876322, 18.440071529137761 ], [ -98.709237733686805, 18.441547709507052 ], [ -98.706183592542004, 18.444780948441519 ], [ -98.706376824582961, 18.44772740974474 ], [ -98.71138819798459, 18.451878642352117 ], [ -98.703427708644398, 18.454252574786928 ], [ -98.703036620216508, 18.458459491757459 ] ] ] ] } },
{ "type": "Feature", "properties": { "cve_edo": "21", "cve_mpo_ine": "049", "cve_edo_mpo_ine": "21049", "nom_mpo": "CHIAUTZINGO", "nom_edo": "Puebla", "alianza_ganadora": "Juntos Haremos Historia", "margen_pp": 13.129812238281778, "por_participacion": 49.644581545064376 }, "geometry": { "type": "Polygon", "coordinates": [ [ [ -98.591175351132051, 19.175357670406093 ], [ -98.579660751169101, 19.177224707391417 ], [ -98.574357672518531, 19.182356892123863 ], [ -98.588477007251427, 19.190955568448434 ], [ -98.604930018635756, 19.194298569443813 ], [ -98.582541112192231, 19.196313692373458 ], [ -98.591232901712431, 19.19888518408575 ], [ -98.587295545228201, 19.199455111123314 ], [ -98.583237364957668, 19.203514219554478 ], [ -98.582181681562105, 19.208690285057642 ], [ -98.56256750048145, 19.213859786136801 ], [ -98.561522477639869, 19.212105359508694 ], [ -98.565047884267813, 19.209555952503322 ], [ -98.566388078998344, 19.204164363765958 ], [ -98.553682578243112, 19.21253736391192 ], [ -98.541023651919602, 19.21509851671934 ], [ -98.533493599018684, 19.219794975004284 ], [ -98.541963020934887, 19.211710446370084 ], [ -98.546035668412046, 19.204415132075557 ], [ -98.537244843433385, 19.207861400107319 ], [ -98.524272049870106, 19.20785755876906 ], [ -98.511125900848995, 19.220763147970672 ], [ -98.503982996974386, 19.220250404301513 ], [ -98.498151430533198, 19.226456862820822 ], [ -98.494974043592421, 19.222658533798526 ], [ -98.480662527857206, 19.238099152709236 ], [ -98.47684929283011, 19.238953610806195 ], [ -98.468806355640552, 19.232955766735838 ], [ -98.455746598802008, 19.233945321845756 ], [ -98.451567071388894, 19.228668172503774 ], [ -98.445950936502882, 19.233265670872537 ], [ -98.441987747205928, 19.233044717600102 ], [ -98.439062487548611, 19.215739959713542 ], [ -98.44035876849739, 19.205080787178542 ], [ -98.444804112593005, 19.202890674749511 ], [ -98.452204592311446, 19.203010070457619 ], [ -98.453285643015306, 19.192477094334699 ], [ -98.463341869436249, 19.190410163001943 ], [ -98.472529502256734, 19.181063817122904 ], [ -98.49266910182881, 19.168627109822463 ], [ -98.508284171780218, 19.167686623632221 ], [ -98.513579208282678, 19.164092026088948 ], [ -98.539313288330007, 19.163151566580009 ], [ -98.550453577970373, 19.16050929224091 ], [ -98.543756886593982, 19.167547828484 ], [ -98.571638997467375, 19.159196401113025 ], [ -98.573345510575038, 19.161637218905927 ], [ -98.580163305892839, 19.160237724951514 ], [ -98.587226669959932, 19.164682076396343 ], [ -98.591175351132051, 19.175357670406093 ] ] ] } },
{ "type": "Feature", "properties": { "cve_edo": "21", "cve_mpo_ine": "050", "cve_edo_mpo_ine": "21050", "nom_mpo": "CHICONCUAUTLA", "nom_edo": "Puebla", "alianza_ganadora": "Va por México", "margen_pp": 33.682232957595275, "por_participacion": 32.684210526315788 }, "geometry": { "type": "Polygon", "coordinates": [ [ [ -97.932611198054701, 20.138380472258856 ], [ -97.932951780093219, 20.134218986577828 ], [ -97.930353691111748, 20.133282060956933 ], [ -97.928279651623171, 20.126698329130132 ], [ -97.932106224311227, 20.111283476934496 ], [ -97.923445134609935, 20.110510239263167 ], [ -97.913963583437138, 20.098743977961302 ], [ -97.901626495907038, 20.095832894805632 ], [ -97.891860966545963, 20.090465916813429 ], [ -97.897882479074042, 20.089454057709109 ], [ -97.89901244501111, 20.084515519706276 ], [ -97.902451533445173, 20.083296966388776 ], [ -97.908138240108656, 20.076084601399224 ], [ -97.910832913099043, 20.054863472972496 ], [ -97.917192941166491, 20.049885841933179 ], [ -97.929753398047779, 20.046605938802493 ], [ -97.942781849965201, 20.047580039842011 ], [ -97.960427741903302, 20.053354295681814 ], [ -97.971993865056987, 20.04859074757033 ], [ -97.984314796139856, 20.036171365840907 ], [ -97.990857388595785, 20.035498596865317 ], [ -97.992783632636076, 20.032754232036446 ], [ -97.998217013003568, 20.033537240270967 ], [ -98.002185807599545, 20.027799286820375 ], [ -98.007619023364796, 20.02849930943988 ], [ -98.003240082005533, 20.032090725274191 ], [ -98.002132862922053, 20.036358373547099 ], [ -98.004415315050451, 20.04262444536592 ], [ -98.009442435551691, 20.046759472823869 ], [ -98.007346990447687, 20.058477509718124 ], [ -98.013602737335603, 20.06409089815287 ], [ -98.015187046349098, 20.073504866207347 ], [ -98.011336584579141, 20.082508420891969 ], [ -97.994645639473262, 20.096874934794343 ], [ -98.004381014197108, 20.10574799002725 ], [ -98.020006132387934, 20.107273060003589 ], [ -97.994757682781483, 20.132140709785361 ], [ -97.98431915170022, 20.138218285805063 ], [ -97.984944226146055, 20.142188072005034 ], [ -97.981590667212799, 20.145424297583794 ], [ -97.977124715146815, 20.136509293566736 ], [ -97.969081265368558, 20.138913771051982 ], [ -97.968351083757412, 20.134457001038417 ], [ -97.963851126089892, 20.132645080342336 ], [ -97.953196359408921, 20.132146372075891 ], [ -97.951424419286738, 20.135188273891103 ], [ -97.941950383306491, 20.139338549893836 ], [ -97.932611198054701, 20.138380472258856 ] ] ] } },
{ "type": "Feature", "properties": { "cve_edo": "21", "cve_mpo_ine": "051", "cve_edo_mpo_ine": "21051", "nom_mpo": "CHICHIQUILA", "nom_edo": "Puebla", "alianza_ganadora": "Va por México", "margen_pp": 30.445672827776818, "por_participacion": 73.116514051152521 }, "geometry": { "type": "Polygon", "coordinates": [ [ [ -97.067759200620031, 19.158416363759407 ], [ -97.093488763979877, 19.162710931877246 ], [ -97.112679408562528, 19.169600498568705 ], [ -97.117014190850355, 19.167260010419259 ], [ -97.128769329309819, 19.168745471908331 ], [ -97.137111935285986, 19.160622541113906 ], [ -97.145286837669417, 19.164320315055285 ], [ -97.147203014397363, 19.175261522408334 ], [ -97.144465324256586, 19.180250305062444 ], [ -97.147223014082712, 19.182726969364861 ], [ -97.138723685154147, 19.187035256958861 ], [ -97.136391458660228, 19.186340088030814 ], [ -97.134231691422286, 19.193547018579814 ], [ -97.143621872161475, 19.194106592735295 ], [ -97.144742164063643, 19.201194031849408 ], [ -97.142961831247419, 19.203275389656614 ], [ -97.141258398545006, 19.201582178445268 ], [ -97.140645769339017, 19.204156232631689 ], [ -97.131762558086351, 19.19959011469679 ], [ -97.130369919387149, 19.205443903958731 ], [ -97.13399497720944, 19.207460914817048 ], [ -97.126564437137191, 19.219727093626556 ], [ -97.124143348636522, 19.216087415711268 ], [ -97.106642110900637, 19.204422166780915 ], [ -97.105942293308516, 19.209899599308009 ], [ -97.114591570114555, 19.22570744003875 ], [ -97.108169021040339, 19.228719799129479 ], [ -97.107702895735329, 19.234320692680527 ], [ -97.091523854084457, 19.238491531503062 ], [ -97.088242867497144, 19.247545760895019 ], [ -97.083047955846155, 19.251340262247801 ], [ -97.075042528892197, 19.247389989184764 ], [ -97.066917113147326, 19.248872832512152 ], [ -97.068631303195659, 19.251686434912315 ], [ -97.06623177187619, 19.250119645870228 ], [ -97.062295758054205, 19.251917987545934 ], [ -97.058904046315376, 19.244092469014916 ], [ -97.049303772036879, 19.237492932180853 ], [ -97.038609956608454, 19.243836398774683 ], [ -97.031734162904527, 19.24228559295728 ], [ -97.027588024713253, 19.246406378150606 ], [ -97.020269592846958, 19.247179173197154 ], [ -97.023359104634523, 19.25401099784446 ], [ -97.008636335954506, 19.252736108007571 ], [ -97.013177441127283, 19.2593970885845 ], [ -97.0142142033624, 19.270466394843012 ], [ -97.005147064409812, 19.270912863258612 ], [ -97.006349681525734, 19.275055834353061 ], [ -96.999744721009975, 19.277608462794404 ], [ -96.991447942457526, 19.287676840070603 ], [ -96.984501613017017, 19.282550959989944 ], [ -96.985069276379051, 19.279654404622804 ], [ -96.99084705752179, 19.275112538760329 ], [ -96.994668238671593, 19.263931679570366 ], [ -97.000080142738298, 19.256665015164199 ], [ -96.998463690372432, 19.248660544207016 ], [ -96.999989833695409, 19.241998349964902 ], [ -97.002137766877027, 19.241976167947549 ], [ -97.000201016862718, 19.240075200170441 ], [ -97.0016832653438, 19.237001155966759 ], [ -97.005387691944819, 19.235287897673256 ], [ -97.006749948867224, 19.231840972004768 ], [ -97.014543964890095, 19.232228185313037 ], [ -97.018420571810751, 19.230306668179093 ], [ -97.021022110497441, 19.222790903871754 ], [ -97.028561044652889, 19.216848066727582 ], [ -97.029864382442597, 19.218720770754036 ], [ -97.034016313244408, 19.216074534454378 ], [ -97.035402496166753, 19.212240720706205 ], [ -97.049329794134977, 19.207673903565535 ], [ -97.051796488683763, 19.201402216157391 ], [ -97.056465182571927, 19.197403138428587 ], [ -97.053797516037278, 19.192146180645082 ], [ -97.042031947781695, 19.183729915246129 ], [ -97.040567543631212, 19.176640568815664 ], [ -97.042311656577368, 19.165139853576299 ], [ -97.038034779720505, 19.155950503410587 ], [ -97.041833924296498, 19.153548551440174 ], [ -97.041692032550628, 19.15122980915708 ], [ -97.029573687662833, 19.143531225417469 ], [ -97.02699036100114, 19.133449005980321 ], [ -97.021541650277982, 19.129502335810947 ], [ -97.022772931323544, 19.124260024057307 ], [ -97.03396731540775, 19.122714357938378 ], [ -97.056713013187107, 19.139006710113556 ], [ -97.056810893876786, 19.136065094412469 ], [ -97.058892739375679, 19.136827013032367 ], [ -97.067813064384808, 19.148381604947108 ], [ -97.067459582276072, 19.151455501911883 ], [ -97.065434414863759, 19.151478229124859 ], [ -97.067759200620031, 19.158416363759407 ] ] ] } },
{ "type": "Feature", "properties": { "cve_edo": "21", "cve_mpo_ine": "052", "cve_edo_mpo_ine": "21052", "nom_mpo": "CHIETLA", "nom_edo": "Puebla", "alianza_ganadora": "Juntos Haremos Historia", "margen_pp": 29.236119438781628, "por_participacion": 59.492045373475065 }, "geometry": { "type": "Polygon", "coordinates": [ [ [ -98.710035492393501, 18.558007377768785 ], [ -98.715647821151038, 18.563244782597263 ], [ -98.716268645729187, 18.565993927506646 ], [ -98.713408524818902, 18.565028766579324 ], [ -98.712329821170172, 18.569243208755559 ], [ -98.715259417981599, 18.568756614136827 ], [ -98.716505949462601, 18.573506465273475 ], [ -98.712661597691906, 18.572817369805136 ], [ -98.702976903911519, 18.581553800337687 ], [ -98.700490440219184, 18.598643118255389 ], [ -98.694353239304832, 18.601542186531987 ], [ -98.689602001751098, 18.600918378973933 ], [ -98.686775023989554, 18.587497303363243 ], [ -98.68033233006355, 18.585953202288277 ], [ -98.669253812939814, 18.59066005967637 ], [ -98.66356601602655, 18.599728180950599 ], [ -98.659088195766017, 18.598152087083427 ], [ -98.660744021780062, 18.593431096609034 ], [ -98.658598346771257, 18.589552940867534 ], [ -98.637330750372868, 18.582929823774535 ], [ -98.63178322101416, 18.586558808275235 ], [ -98.622055681780566, 18.58559975851712 ], [ -98.611476476523833, 18.596184232270954 ], [ -98.60660812159594, 18.591895064357445 ], [ -98.594874601212737, 18.58845385843194 ], [ -98.590715424147064, 18.58151769234296 ], [ -98.57369481236536, 18.569179765322914 ], [ -98.57211322625885, 18.5750518493189 ], [ -98.561009494269427, 18.576027050029008 ], [ -98.559442855051074, 18.574666152042262 ], [ -98.560395095073616, 18.56884920872745 ], [ -98.557178191127392, 18.562886213385784 ], [ -98.563256678528248, 18.556286255101565 ], [ -98.559370137036865, 18.541787069396221 ], [ -98.560852132224412, 18.532520676295746 ], [ -98.548568774003513, 18.526902614422681 ], [ -98.541634658729123, 18.512430634649515 ], [ -98.537745167181086, 18.511295766413042 ], [ -98.53974214314124, 18.506076503466883 ], [ -98.534684334526887, 18.467814234300814 ], [ -98.529938080196033, 18.456314697313342 ], [ -98.523865583661646, 18.452206605236796 ], [ -98.525112850857184, 18.447081206788742 ], [ -98.530515041754029, 18.441727825544202 ], [ -98.538221338209823, 18.439633587119996 ], [ -98.536950368823753, 18.435987873768763 ], [ -98.548005850779077, 18.430259288713433 ], [ -98.549913050914583, 18.426729636761998 ], [ -98.565607078398628, 18.422205400476244 ], [ -98.573914856472442, 18.42883086731711 ], [ -98.585445587557388, 18.427581483198669 ], [ -98.594127141280453, 18.432264757979262 ], [ -98.591652517060865, 18.429255829770486 ], [ -98.593742079841107, 18.426340592903038 ], [ -98.590468153971315, 18.420337831613267 ], [ -98.608150332154096, 18.410343080830135 ], [ -98.633648599377892, 18.401705950220741 ], [ -98.636404744119403, 18.393755454129209 ], [ -98.641111496505459, 18.399034714337464 ], [ -98.651943158608702, 18.421925049564809 ], [ -98.672539930333926, 18.427568364406063 ], [ -98.680165638738075, 18.438030182767832 ], [ -98.688702486086299, 18.437612106201215 ], [ -98.686248032285889, 18.441059403734528 ], [ -98.671136540420278, 18.44739247423778 ], [ -98.651075492843944, 18.460155789217211 ], [ -98.648873007470442, 18.463197001571412 ], [ -98.651069910773529, 18.466786176044113 ], [ -98.654989928144147, 18.462811660936254 ], [ -98.664987851836543, 18.463064403588266 ], [ -98.666716377589339, 18.459330457811845 ], [ -98.67185068451704, 18.458919052919015 ], [ -98.677632758716129, 18.462697725406819 ], [ -98.692725442598743, 18.453313103527073 ], [ -98.694075606988079, 18.458027349129562 ], [ -98.69649487406744, 18.457617762209953 ], [ -98.695389506710228, 18.453723237803104 ], [ -98.70172998079596, 18.456339091191822 ], [ -98.698763647208082, 18.461987722403602 ], [ -98.702644183386838, 18.459165925407472 ], [ -98.704277947996388, 18.453291652877994 ], [ -98.706132975549764, 18.457018615748275 ], [ -98.709785356536543, 18.456830190429397 ], [ -98.708096959432552, 18.45942300328932 ], [ -98.709838810519202, 18.463571037577129 ], [ -98.705833012261962, 18.464146922802577 ], [ -98.709273304523037, 18.465920368066069 ], [ -98.709380717179712, 18.468447425316402 ], [ -98.704081794950739, 18.47181453015428 ], [ -98.707389296480244, 18.478467055169251 ], [ -98.702374391583632, 18.479907336927049 ], [ -98.702872608958629, 18.486383755119643 ], [ -98.69919792170225, 18.494597083189067 ], [ -98.701261291338412, 18.497034758899805 ], [ -98.70702554464782, 18.494425070499872 ], [ -98.704507137334076, 18.498032978957582 ], [ -98.707778075132339, 18.498725678908546 ], [ -98.702677618084493, 18.506251111999948 ], [ -98.705300278665348, 18.507914525824532 ], [ -98.706019011358634, 18.511985333420004 ], [ -98.701414039275249, 18.510891195590698 ], [ -98.701038188585997, 18.512323416048019 ], [ -98.708654323517223, 18.514808583878413 ], [ -98.712322769314298, 18.522430257796923 ], [ -98.705427692586625, 18.528183621316135 ], [ -98.706466916267644, 18.531543778139291 ], [ -98.702443525177131, 18.532844151485914 ], [ -98.703951822187136, 18.540026686549684 ], [ -98.708375660790807, 18.541890837829477 ], [ -98.705472730939192, 18.551368386830617 ], [ -98.712229880499038, 18.557889543070921 ], [ -98.710035492393501, 18.558007377768785 ] ] ] } },
{ "type": "Feature", "properties": { "cve_edo": "21", "cve_mpo_ine": "053", "cve_edo_mpo_ine": "21053", "nom_mpo": "CHIGMECATITLAN", "nom_edo": "Puebla", "alianza_ganadora": "Va por México", "margen_pp": 2.5922233300099702, "por_participacion": 85.873287671232873 }, "geometry": { "type": "Polygon", "coordinates": [ [ [ -98.113392381483848, 18.635123060285949 ], [ -98.11348836097639, 18.638564850333989 ], [ -98.109404037596292, 18.639946998044717 ], [ -98.108395021253671, 18.643331701609434 ], [ -98.103857005764709, 18.643023086347821 ], [ -98.102434708724971, 18.646168460196513 ], [ -98.092724832823365, 18.645731608641494 ], [ -98.090012413399748, 18.650525269922284 ], [ -98.082903504092144, 18.653844609653255 ], [ -98.081133660243779, 18.657039379180159 ], [ -98.070331301551022, 18.659116400293456 ], [ -98.062435754504222, 18.665523710094313 ], [ -98.053133353180939, 18.663042123336339 ], [ -98.050344251204123, 18.665098324649225 ], [ -98.044606315418378, 18.663405222780916 ], [ -98.03992232063672, 18.666251890372138 ], [ -98.036238560561543, 18.665340999849434 ], [ -98.024155937272795, 18.669477949586224 ], [ -98.017346520532868, 18.664696689132995 ], [ -98.011722222222105, 18.667833333356565 ], [ -98.012527777777635, 18.659694444467604 ], [ -98.008083333333218, 18.659777777800951 ], [ -98.004805555555421, 18.662805555578732 ], [ -98.009718544033419, 18.657568877661653 ], [ -98.0005459373088, 18.654684511796383 ], [ -97.995253417099335, 18.648685254482405 ], [ -97.987803733252576, 18.647167916309741 ], [ -97.9976459024398, 18.638592552771353 ], [ -98.001185690681808, 18.638511617451414 ], [ -98.004277777777659, 18.644027777800851 ], [ -98.01102777777767, 18.6406666666897 ], [ -98.028611111111005, 18.641611111134107 ], [ -98.044630487689489, 18.647371082017568 ], [ -98.046636676532898, 18.64431288027988 ], [ -98.051032245918108, 18.643671817130308 ], [ -98.05314248120618, 18.638062851345541 ], [ -98.058681044752291, 18.634656553233256 ], [ -98.067103956275616, 18.632676877483917 ], [ -98.07805680420816, 18.633998925901231 ], [ -98.093662457743392, 18.625128589739102 ], [ -98.106877830942452, 18.628470775357144 ], [ -98.107512101492631, 18.632480866349439 ], [ -98.113392381483848, 18.635123060285949 ] ] ] } },
{ "type": "Feature", "properties": { "cve_edo": "21", "cve_mpo_ine": "054", "cve_edo_mpo_ine": "21054", "nom_mpo": "CHIGNAHUAPAN", "nom_edo": "Puebla", "alianza_ganadora": "Va por México", "margen_pp": 5.8619908770340654, "por_participacion": 66.450974912397626 }, "geometry": { "type": "Polygon", "coordinates": [ [ [ -98.093368854486158, 19.682466294620994 ], [ -98.091023876607807, 19.678305173816476 ], [ -98.100504320588541, 19.669192690451922 ], [ -98.102180183296042, 19.675998327845921 ], [ -98.106856939091514, 19.680137638377271 ], [ -98.106249526540566, 19.682451519094641 ], [ -98.118128295361714, 19.689011780250713 ], [ -98.148496989029084, 19.680985111332369 ], [ -98.1482839793007, 19.677268767954907 ], [ -98.165811419794338, 19.668143615383507 ], [ -98.170222971524339, 19.673166925529486 ], [ -98.177651874201345, 19.676208613054378 ], [ -98.181983271656165, 19.674379961270983 ], [ -98.187350130978174, 19.679640896342779 ], [ -98.191281943119137, 19.676980585296125 ], [ -98.192825905837864, 19.672692790764881 ], [ -98.213111795161026, 19.677315763319424 ], [ -98.221915409354708, 19.673796081798034 ], [ -98.23196378393213, 19.674410723496756 ], [ -98.232529297108343, 19.680820416558323 ], [ -98.236742785387619, 19.677178613636553 ], [ -98.245735021090255, 19.676138939025083 ], [ -98.248350358146126, 19.684490909527902 ], [ -98.256360252012186, 19.691019383174584 ], [ -98.253170599797429, 19.699616706615547 ], [ -98.254316167209865, 19.716092608367742 ], [ -98.256229588729383, 19.718160403000425 ], [ -98.238087100813459, 19.721760627347535 ], [ -98.216898253159357, 19.740051271719604 ], [ -98.204377881021614, 19.737796314224415 ], [ -98.197544311440311, 19.740548308212517 ], [ -98.198561040783829, 19.746908681818216 ], [ -98.19556419199867, 19.751609101042398 ], [ -98.199443154401351, 19.756819464999381 ], [ -98.195029071124182, 19.765026290454436 ], [ -98.201309245706156, 19.768136058905363 ], [ -98.208014226046899, 19.76798479697954 ], [ -98.210608702096295, 19.773729027163164 ], [ -98.217778047691922, 19.774032512857953 ], [ -98.2161295665219, 19.777249615306062 ], [ -98.224051476268997, 19.778669122213461 ], [ -98.229033268932284, 19.773352772859244 ], [ -98.234856130679717, 19.77480901015813 ], [ -98.245507896235807, 19.790476916020978 ], [ -98.250795717090142, 19.794243763444562 ], [ -98.249777767171665, 19.799815711747836 ], [ -98.253308201131944, 19.805354635199151 ], [ -98.255720200151742, 19.825383358278025 ], [ -98.267346470241463, 19.862186731160222 ], [ -98.274741334011338, 19.857345626836977 ], [ -98.279540803961467, 19.866060837119885 ], [ -98.289905013894582, 19.875749848462572 ], [ -98.288573615354849, 19.885037746053882 ], [ -98.277820604748271, 19.892856408756877 ], [ -98.267895758913099, 19.896136355350002 ], [ -98.268296592348392, 19.899314903577075 ], [ -98.265488623597321, 19.901785170419092 ], [ -98.268382599984818, 19.904724652449787 ], [ -98.267376143511598, 19.918059982453528 ], [ -98.257390920977954, 19.915351047289867 ], [ -98.254180210433617, 19.915634233323846 ], [ -98.253233891145612, 19.918274867835162 ], [ -98.248632038878455, 19.916614920059565 ], [ -98.249262022647898, 19.919621920882634 ], [ -98.246382803546126, 19.924238944835629 ], [ -98.249224050698913, 19.926228830359435 ], [ -98.254354545021073, 19.924962659845004 ], [ -98.2550950994994, 19.927813935888651 ], [ -98.25199839413672, 19.929746361970576 ], [ -98.250926276310608, 19.933955414485858 ], [ -98.242096181491078, 19.940620730190489 ], [ -98.252842620207744, 19.944986063078655 ], [ -98.250901044181532, 19.948490749686638 ], [ -98.221615147974546, 19.948119445946865 ], [ -98.227114452995835, 19.953586004890361 ], [ -98.223531045313436, 19.958902575485268 ], [ -98.210740107526505, 19.945899123217799 ], [ -98.19604878035986, 19.952057214004302 ], [ -98.186114151919867, 19.943324118207165 ], [ -98.178189858420637, 19.95193522459757 ], [ -98.182699892048589, 19.959996146232807 ], [ -98.178811677163182, 19.966799621109363 ], [ -98.175504047178222, 19.989920121404268 ], [ -98.166654711196003, 19.972096648555159 ], [ -98.156717276586292, 19.966149604448724 ], [ -98.151903379506479, 19.950315140158182 ], [ -98.138425633565362, 19.957134209988634 ], [ -98.135737872490978, 19.956000393117833 ], [ -98.131490318751133, 19.966209775983604 ], [ -98.124896955262471, 19.969948112984415 ], [ -98.115720323231216, 19.963909431688354 ], [ -98.110476124089786, 19.97234902306537 ], [ -98.108928096884597, 19.968343052487221 ], [ -98.103286752962774, 19.96736735850326 ], [ -98.096169326082219, 19.950599779297626 ], [ -98.076628895645527, 19.941341911459304 ], [ -98.070537326906404, 19.923655916628256 ], [ -98.070408807474635, 19.91298933664206 ], [ -98.067016574884804, 19.907022882314415 ], [ -98.056680381831157, 19.902934603854955 ], [ -98.051302007232877, 19.89462788593903 ], [ -98.045997090895511, 19.901536246976793 ], [ -98.038642626228736, 19.901804672095668 ], [ -98.035376786045376, 19.905098397477602 ], [ -98.030176464636625, 19.898981007742947 ], [ -98.023228927368024, 19.897054019378388 ], [ -98.022990689775284, 19.891184705466827 ], [ -98.026546089882117, 19.885242577481016 ], [ -98.023859241252396, 19.882701346722648 ], [ -98.023502932923023, 19.875220462783762 ], [ -98.018892138383166, 19.874845157750805 ], [ -98.012057026434121, 19.865598428957302 ], [ -98.003827562357628, 19.870706581197972 ], [ -97.999334001461989, 19.86380071848297 ], [ -97.9905853365631, 19.871521034802175 ], [ -97.982356454488965, 19.87100870211696 ], [ -97.989120222121244, 19.86140294750923 ], [ -97.984348083749396, 19.861148076928767 ], [ -97.984318701839115, 19.854971537638175 ], [ -97.980537993991376, 19.854153908570005 ], [ -97.971839057601741, 19.845334254160061 ], [ -97.966669753712154, 19.843758359098715 ], [ -97.964066683379343, 19.835748972684335 ], [ -97.966095733032049, 19.83201745016401 ], [ -97.965612467956717, 19.823720654549867 ], [ -97.97125360366401, 19.821941917941089 ], [ -97.972586228020958, 19.819246744322118 ], [ -97.968561269862619, 19.814804679219417 ], [ -97.968845350046863, 19.811610822335449 ], [ -97.974790161123366, 19.815847103970089 ], [ -97.977289170456757, 19.814355848533864 ], [ -97.980902201980243, 19.816640327830747 ], [ -97.988406624075282, 19.815526245448936 ], [ -97.979591234491565, 19.802825738149814 ], [ -97.98306883751394, 19.796730667190026 ], [ -97.987198369653072, 19.795987220195112 ], [ -97.990502120555121, 19.790389634235272 ], [ -97.99608064193508, 19.787324044752932 ], [ -97.991184954339658, 19.783711499104417 ], [ -97.988260982439002, 19.777196578568784 ], [ -97.990454610627964, 19.769731412656846 ], [ -97.983204530275529, 19.75371369019604 ], [ -97.985750617978397, 19.747825164662505 ], [ -97.988536040656342, 19.744923506553683 ], [ -97.994877575221508, 19.745467421422475 ], [ -97.992367590231012, 19.741690704042782 ], [ -97.994226497425927, 19.740654983705365 ], [ -98.012147397109075, 19.742989965348865 ], [ -98.011372786815329, 19.735439630621439 ], [ -98.005770707481815, 19.727844738784928 ], [ -98.009373831318371, 19.725520825860077 ], [ -98.015142636162452, 19.725662773502787 ], [ -98.023418572502464, 19.706779532822022 ], [ -98.035845537557407, 19.68759802036579 ], [ -98.03878113098142, 19.6909368289692 ], [ -98.04047899104701, 19.700807517311461 ], [ -98.052625966418645, 19.714662675979397 ], [ -98.056213576452564, 19.727738392595818 ], [ -98.061741036713812, 19.728739112375706 ], [ -98.06723552310936, 19.72742038734145 ], [ -98.067248444012947, 19.720877632174076 ], [ -98.071373467413622, 19.711430385277108 ], [ -98.077586368096846, 19.70291207550807 ], [ -98.082733720440146, 19.701258558728036 ], [ -98.08325398784612, 19.696252324003165 ], [ -98.091308394297684, 19.689819843018395 ], [ -98.093368854486158, 19.682466294620994 ] ] ] } },
{ "type": "Feature", "properties": { "cve_edo": "21", "cve_mpo_ine": "055", "cve_edo_mpo_ine": "21055", "nom_mpo": "CHIGNAUTLA", "nom_edo": "Puebla", "alianza_ganadora": "Juntos Haremos Historia", "margen_pp": 7.0089808668488871, "por_participacion": 67.388825541619156 }, "geometry": { "type": "Polygon", "coordinates": [ [ [ -97.380467412337936, 19.801792318694055 ], [ -97.374455477777985, 19.804642701955288 ], [ -97.373972447503903, 19.799934193422107 ], [ -97.388482771583057, 19.780792058874869 ], [ -97.391646675949929, 19.769993433756085 ], [ -97.390675743107238, 19.765434921677645 ], [ -97.39774932381529, 19.75244770342697 ], [ -97.404667000566931, 19.722948909893613 ], [ -97.402988549863466, 19.719738740469101 ], [ -97.403852504299508, 19.710056795392138 ], [ -97.410899646941459, 19.701855707824436 ], [ -97.396559058403952, 19.696503236419709 ], [ -97.402063862494416, 19.681050335907731 ], [ -97.427971140045003, 19.672509137619848 ], [ -97.446882823921584, 19.660983497354415 ], [ -97.457914771888653, 19.648439933987216 ], [ -97.468363014385588, 19.648926434508056 ], [ -97.4738100850835, 19.644860762595634 ], [ -97.474957008675773, 19.649669905708219 ], [ -97.470888364803159, 19.658961853134844 ], [ -97.457073814408361, 19.666996181200769 ], [ -97.455601236098232, 19.669898540246553 ], [ -97.459380580933896, 19.673519505963458 ], [ -97.470071174076793, 19.67235971062733 ], [ -97.477353809722814, 19.676128972542116 ], [ -97.484370517910037, 19.673867275784122 ], [ -97.490052256663986, 19.69729257659991 ], [ -97.48882391455507, 19.711508247067407 ], [ -97.484433811879768, 19.713778196179504 ], [ -97.490024069563802, 19.717721542967222 ], [ -97.493951224051116, 19.728278272414155 ], [ -97.475770296614101, 19.745187657988978 ], [ -97.455178574925966, 19.751648906063309 ], [ -97.452769873556335, 19.754657213728493 ], [ -97.44323619469057, 19.757117143211129 ], [ -97.435732777362205, 19.762669376151415 ], [ -97.440006734055004, 19.773440103876332 ], [ -97.433724910898846, 19.779964731607492 ], [ -97.437690141985982, 19.781691317195563 ], [ -97.434470880497813, 19.782909211069363 ], [ -97.436038455688973, 19.78508524261877 ], [ -97.426416527396867, 19.793485443454266 ], [ -97.427046123890804, 19.796303904871266 ], [ -97.429735040157198, 19.796107776069075 ], [ -97.425850470987655, 19.802058869660659 ], [ -97.42873100886753, 19.810904683160036 ], [ -97.417801756049968, 19.811107721458011 ], [ -97.415679076264936, 19.815070146612189 ], [ -97.408002161467593, 19.819462098157473 ], [ -97.398468220780842, 19.833062310614991 ], [ -97.397157311586753, 19.838195719074921 ], [ -97.408855326376369, 19.84865655579318 ], [ -97.41177852656655, 19.848547799841381 ], [ -97.413017210629448, 19.854661626080247 ], [ -97.419915668732628, 19.851879669055322 ], [ -97.418727917510893, 19.862410715757665 ], [ -97.414155799239026, 19.863232909183669 ], [ -97.405732201352976, 19.870425498621024 ], [ -97.400928376409496, 19.870871192100033 ], [ -97.405107555072576, 19.862120847973298 ], [ -97.405848932315251, 19.853881147323094 ], [ -97.397482545175592, 19.855370320905308 ], [ -97.395497667689455, 19.854836678723341 ], [ -97.396207353812827, 19.853158344668145 ], [ -97.387775142399988, 19.856722382644662 ], [ -97.376579738379647, 19.845944490172439 ], [ -97.369547521862771, 19.8451330087656 ], [ -97.371841330498995, 19.83968528800634 ], [ -97.369296319403745, 19.83439444383578 ], [ -97.374653338867105, 19.820645506568667 ], [ -97.369836543186764, 19.816494940814771 ], [ -97.376081098917496, 19.817253567311578 ], [ -97.380467412337936, 19.801792318694055 ] ] ] } },
{ "type": "Feature", "properties": { "cve_edo": "21", "cve_mpo_ine": "056", "cve_edo_mpo_ine": "21056", "nom_mpo": "CHILA", "nom_edo": "Puebla", "alianza_ganadora": "Va por México", "margen_pp": 24.339169241331959, "por_participacion": 70.686726522688673 }, "geometry": { "type": "Polygon", "coordinates": [ [ [ -97.941796567379228, 17.958819015873225 ], [ -97.937697692516011, 17.961999004570217 ], [ -97.934255518178645, 17.961481989696914 ], [ -97.929324774770024, 17.968338895010028 ], [ -97.930865326661433, 17.980853258691599 ], [ -97.935284555822776, 17.989243739848799 ], [ -97.933767229214936, 17.998560468853132 ], [ -97.929859549217937, 17.998365698438615 ], [ -97.929698220670062, 18.001505059557193 ], [ -97.920830137571798, 18.002295185771967 ], [ -97.918095468528364, 18.00443683238046 ], [ -97.915197597660466, 18.002068788622296 ], [ -97.911888930578982, 18.008003705329262 ], [ -97.902632261026397, 18.016252801671843 ], [ -97.89662682173855, 18.013306890570856 ], [ -97.882982502995333, 18.018059705579596 ], [ -97.878309352276418, 18.015203725956198 ], [ -97.867942447541793, 18.016170564464417 ], [ -97.861758171299144, 18.025772578241565 ], [ -97.858421922599206, 18.025793624381222 ], [ -97.850173442868766, 18.016007567140793 ], [ -97.842757802393933, 18.01954974777486 ], [ -97.84245797980185, 17.996772719498004 ], [ -97.835872084114513, 17.984551892905948 ], [ -97.841446648336202, 17.973068030836941 ], [ -97.827096695171988, 17.970618755893952 ], [ -97.827659133619321, 17.964076127849257 ], [ -97.814522499314748, 17.953140102963594 ], [ -97.811146782834967, 17.937541130658087 ], [ -97.815839858898144, 17.918926348895134 ], [ -97.823532257725518, 17.911184781583163 ], [ -97.823069554353779, 17.909355048180313 ], [ -97.827218525295876, 17.908963958421786 ], [ -97.871165837302769, 17.924481425221867 ], [ -97.884660543832737, 17.914451337187963 ], [ -97.898393201359866, 17.912956588724512 ], [ -97.902641525446356, 17.909335017825931 ], [ -97.90738381491235, 17.910356563548973 ], [ -97.910416146144598, 17.906053508374555 ], [ -97.9099131060742, 17.909536974480236 ], [ -97.915834318779034, 17.913297285436744 ], [ -97.929055057464907, 17.917048074117009 ], [ -97.933037306753349, 17.925490082518387 ], [ -97.924037042555611, 17.92749452178392 ], [ -97.909621988934902, 17.937385689683786 ], [ -97.90364202028222, 17.936724219471905 ], [ -97.941796567379228, 17.958819015873225 ] ] ] } },
{ "type": "Feature", "properties": { "cve_edo": "21", "cve_mpo_ine": "057", "cve_edo_mpo_ine": "21057", "nom_mpo": "CHILA DE LA SAL", "nom_edo": "Puebla", "alianza_ganadora": "Va por México", "margen_pp": 11.361200428724544, "por_participacion": 77.427385892116192 }, "geometry": { "type": "Polygon", "coordinates": [ [ [ -98.489675705432418, 18.197429468006323 ], [ -98.489378769262686, 18.204835375429255 ], [ -98.4794479492612, 18.201060654392681 ], [ -98.468496508930144, 18.202590336882331 ], [ -98.470210342542728, 18.209311854819397 ], [ -98.475429732720627, 18.210783104270313 ], [ -98.477918414391937, 18.215138587680425 ], [ -98.480745783417987, 18.214941182132669 ], [ -98.484792152930908, 18.21915487824538 ], [ -98.48207325946251, 18.222866268153371 ], [ -98.47640387473227, 18.218257310496174 ], [ -98.468665016591586, 18.226367384129396 ], [ -98.465831517337648, 18.226151126877483 ], [ -98.470539841797503, 18.232218632159551 ], [ -98.466583197861354, 18.234248177696127 ], [ -98.463091839917595, 18.240531932831608 ], [ -98.455158069387721, 18.235120665372637 ], [ -98.448987543255669, 18.235851240162933 ], [ -98.449955788205742, 18.230836554341849 ], [ -98.445573546481739, 18.22327618030392 ], [ -98.436763692560916, 18.21708821287341 ], [ -98.445052824501644, 18.202935572281536 ], [ -98.443321111409659, 18.198943462094359 ], [ -98.436637634328989, 18.195998848563534 ], [ -98.438386355614696, 18.184937781655218 ], [ -98.433517727390324, 18.179615705325187 ], [ -98.438391997844562, 18.177204415686081 ], [ -98.444492115695283, 18.179783255127077 ], [ -98.446686746558072, 18.175747394959661 ], [ -98.447262871366945, 18.167552742010834 ], [ -98.436187330111011, 18.156138043382537 ], [ -98.437325682285845, 18.150914714119818 ], [ -98.449286568361316, 18.143461676818745 ], [ -98.440431595916777, 18.137894799041533 ], [ -98.442246474873059, 18.131547311524841 ], [ -98.440242751454008, 18.128674782484595 ], [ -98.434156181884433, 18.126922809823601 ], [ -98.431280984723273, 18.123646315156812 ], [ -98.430894270599211, 18.112650232003766 ], [ -98.437340113806982, 18.107555229275565 ], [ -98.444446668027183, 18.108013702957699 ], [ -98.44874330072939, 18.101679769596753 ], [ -98.454224237012696, 18.101494359145985 ], [ -98.455968355410093, 18.098331819750538 ], [ -98.462495708578075, 18.098672046807334 ], [ -98.467021329939755, 18.095952508143672 ], [ -98.469452920964812, 18.088439782402311 ], [ -98.46786089841477, 18.086100499038459 ], [ -98.482602050758743, 18.071748743132602 ], [ -98.494469646000056, 18.074260314385544 ], [ -98.497284414998219, 18.065419411413625 ], [ -98.496453112914182, 18.059845913466106 ], [ -98.502174822558871, 18.056471952537724 ], [ -98.507159212810222, 18.057944904963861 ], [ -98.504564193548461, 18.062027559871222 ], [ -98.510271533823968, 18.081357784780327 ], [ -98.504528644523305, 18.083326107285853 ], [ -98.500235047829094, 18.089702706516892 ], [ -98.492085381887264, 18.09289748678858 ], [ -98.488898138608761, 18.092023991938344 ], [ -98.487572835156854, 18.100144732314945 ], [ -98.494573494522371, 18.097294125061588 ], [ -98.493586939097241, 18.100903306038788 ], [ -98.505384274865719, 18.122190448014756 ], [ -98.507438276790381, 18.124482785241526 ], [ -98.513110850855057, 18.121564064454823 ], [ -98.51343878597784, 18.124248395576068 ], [ -98.517165158713539, 18.122468540838899 ], [ -98.519827986858118, 18.130832989790086 ], [ -98.530030271282996, 18.129722439676947 ], [ -98.526814035507996, 18.119089966023164 ], [ -98.530223556933166, 18.115411159123632 ], [ -98.53265155936667, 18.119559903782022 ], [ -98.540518228252822, 18.124513805637068 ], [ -98.54169445553724, 18.12987633726129 ], [ -98.538567999338923, 18.133179845440662 ], [ -98.543480439572036, 18.137423599955529 ], [ -98.542092387363027, 18.141161789912495 ], [ -98.548589057648968, 18.139307668930002 ], [ -98.550859982188797, 18.144491927405483 ], [ -98.555569712872739, 18.146711331229348 ], [ -98.556681420003684, 18.151578267293335 ], [ -98.560086231285879, 18.151455592046357 ], [ -98.543449770262228, 18.16265086875207 ], [ -98.538935874247798, 18.158071619988906 ], [ -98.533747552299289, 18.16255695168276 ], [ -98.523690432778508, 18.165816431772139 ], [ -98.511991252295715, 18.163428579191883 ], [ -98.507762682768686, 18.170424813474007 ], [ -98.516954930470973, 18.167217507142716 ], [ -98.51952375632689, 18.169131599868873 ], [ -98.517875342539796, 18.174857632053477 ], [ -98.513485253846184, 18.178712846626723 ], [ -98.515950029438898, 18.185342681405825 ], [ -98.509655965730644, 18.189343762897348 ], [ -98.507342672300325, 18.189122166648911 ], [ -98.507463382324076, 18.185522885897434 ], [ -98.489675705432418, 18.197429468006323 ] ] ] } },
{ "type": "Feature", "properties": { "cve_edo": "21", "cve_mpo_ine": "059", "cve_edo_mpo_ine": "21059", "nom_mpo": "CHILCHOTLA", "nom_edo": "Puebla", "alianza_ganadora": "Juntos Haremos Historia", "margen_pp": 13.446526151444184, "por_participacion": 77.507184994705796 }, "geometry": { "type": "Polygon", "coordinates": [ [ [ -97.209762608317916, 19.31556492505063 ], [ -97.205236286720648, 19.314222525816689 ], [ -97.201041862447326, 19.307366005608475 ], [ -97.190932283760304, 19.313882726826293 ], [ -97.189426363744232, 19.320802452354492 ], [ -97.172387924109131, 19.328164341216365 ], [ -97.16116862205547, 19.32741856148122 ], [ -97.148077639733955, 19.320569563942019 ], [ -97.149141507385565, 19.31837582637689 ], [ -97.16095661857841, 19.317175554407186 ], [ -97.161352211721479, 19.303534503067798 ], [ -97.155799230042376, 19.292152275723552 ], [ -97.145460658089064, 19.283157164683587 ], [ -97.139074359973293, 19.281930671096461 ], [ -97.134178719146561, 19.275982484978027 ], [ -97.159044030141459, 19.270933277498813 ], [ -97.165900691242356, 19.263825919689424 ], [ -97.164623372581175, 19.255984063206963 ], [ -97.160561038106707, 19.249355365051585 ], [ -97.165776265482123, 19.249643795069542 ], [ -97.171561788992037, 19.245642280355533 ], [ -97.172316835543654, 19.238056503115224 ], [ -97.176613963802097, 19.230939425813787 ], [ -97.175000650576791, 19.22135478381551 ], [ -97.176597437728745, 19.21771131883828 ], [ -97.183669171466562, 19.212511283199092 ], [ -97.188840525023892, 19.212695146037341 ], [ -97.193295784993083, 19.207568544993034 ], [ -97.184588421151517, 19.206169971222614 ], [ -97.176575554352894, 19.212901037687015 ], [ -97.169586208106736, 19.207195214908026 ], [ -97.174498025916023, 19.203231814938611 ], [ -97.182362254717702, 19.200771431642536 ], [ -97.193842852789771, 19.204335948286776 ], [ -97.202260521334239, 19.197729806957572 ], [ -97.209299955285957, 19.196716800036498 ], [ -97.214156704446111, 19.192171495757254 ], [ -97.220014568578108, 19.193520561288388 ], [ -97.229044657195018, 19.182353540732294 ], [ -97.24338718389555, 19.183892203315647 ], [ -97.250768896003706, 19.175455689052882 ], [ -97.264358203115336, 19.179780948465265 ], [ -97.270979446947919, 19.179547424585639 ], [ -97.281179564152282, 19.188333429307228 ], [ -97.272243902488498, 19.19447364861001 ], [ -97.267876469326609, 19.194877424880268 ], [ -97.260588135167765, 19.208916385727825 ], [ -97.267979953675095, 19.209098297042893 ], [ -97.271436064755221, 19.21642295592931 ], [ -97.26968203770825, 19.217948626289655 ], [ -97.271288273400643, 19.22270616829076 ], [ -97.269369873516141, 19.222164515678269 ], [ -97.266353769646074, 19.231541741050236 ], [ -97.261850096894037, 19.235665485745294 ], [ -97.26396896468475, 19.237445821413111 ], [ -97.264141108525678, 19.243152992369197 ], [ -97.261258074207916, 19.249099246802743 ], [ -97.265421207650306, 19.254854764899232 ], [ -97.257204821004024, 19.256117553770363 ], [ -97.247886536023842, 19.267794661578289 ], [ -97.243922391497904, 19.268653382083823 ], [ -97.234331319605147, 19.265405940665573 ], [ -97.245399348251468, 19.275808423432629 ], [ -97.246330019440535, 19.287261346712903 ], [ -97.256402497242064, 19.287781043585795 ], [ -97.254323008428045, 19.295795865661447 ], [ -97.257950046632018, 19.304030651542913 ], [ -97.251020779711467, 19.314969105560255 ], [ -97.252568916503975, 19.319726658152661 ], [ -97.246118778457159, 19.327937644764184 ], [ -97.249287649634752, 19.334683325638267 ], [ -97.24805164200545, 19.337119329455291 ], [ -97.243332803830398, 19.337149338941167 ], [ -97.230442434618269, 19.329180912080997 ], [ -97.228252168128932, 19.324793660369963 ], [ -97.221290351957279, 19.330398107561162 ], [ -97.209762608317916, 19.31556492505063 ] ] ] } },
{ "type": "Feature", "properties": { "cve_edo": "21", "cve_mpo_ine": "060", "cve_edo_mpo_ine": "21060", "nom_mpo": "CHINANTLA", "nom_edo": "Puebla", "alianza_ganadora": "Va por México", "margen_pp": 5.1100070972320797, "por_participacion": 58.5619285120532 }, "geometry": { "type": "Polygon", "coordinates": [ [ [ -98.19874867235707, 18.268105037644148 ], [ -98.219846718162202, 18.249402164618889 ], [ -98.214846571147945, 18.239013755695911 ], [ -98.217475885281871, 18.23400023338742 ], [ -98.226809662432458, 18.230029428881853 ], [ -98.224483814267799, 18.226434389265243 ], [ -98.228058191148889, 18.224437708397318 ], [ -98.231647298240972, 18.225938168909256 ], [ -98.234545405574238, 18.231254017075518 ], [ -98.233970088103305, 18.235111173099554 ], [ -98.249490417670373, 18.214238114205045 ], [ -98.247897131154957, 18.211334907007796 ], [ -98.254162242790258, 18.198715994971447 ], [ -98.255821141148346, 18.197232774896381 ], [ -98.263587840810786, 18.200644243943323 ], [ -98.267514836006313, 18.196990359810101 ], [ -98.267685128176041, 18.19380401955825 ], [ -98.269903560785693, 18.196448006877517 ], [ -98.26957305018, 18.192734833939106 ], [ -98.272292560153829, 18.19290544265991 ], [ -98.270783426229528, 18.188505227791751 ], [ -98.272686576460003, 18.182990689419302 ], [ -98.270775453306285, 18.181244965868142 ], [ -98.27395701947529, 18.180877002623205 ], [ -98.271754299318772, 18.177014948558924 ], [ -98.277718201291563, 18.181464164219449 ], [ -98.282636842211559, 18.18234357769752 ], [ -98.289823693401559, 18.193017535299433 ], [ -98.295206674300601, 18.19476862096251 ], [ -98.302605682567517, 18.189345382013073 ], [ -98.312512514407814, 18.19927595508425 ], [ -98.328490234584422, 18.205024503885429 ], [ -98.335502794688153, 18.212668010141606 ], [ -98.342335267286671, 18.215581451435362 ], [ -98.340098453761968, 18.229020378302529 ], [ -98.334606939688044, 18.233286037226939 ], [ -98.337567317495228, 18.239347290196207 ], [ -98.343069971817997, 18.242424846501827 ], [ -98.342959256112636, 18.245785178979521 ], [ -98.349047529511452, 18.253136565625049 ], [ -98.355826396028846, 18.257626021382038 ], [ -98.352476468310357, 18.2622268001126 ], [ -98.34106086702576, 18.253540752945696 ], [ -98.333881548043792, 18.251912856255721 ], [ -98.321273087056809, 18.258449818278262 ], [ -98.314844941181505, 18.255868100440154 ], [ -98.317050395558866, 18.260352002886503 ], [ -98.312314504969862, 18.268185973238879 ], [ -98.303318786196797, 18.265392318979405 ], [ -98.302989928748474, 18.262363724893948 ], [ -98.294310276894848, 18.260745095348639 ], [ -98.296670741677858, 18.255757069044495 ], [ -98.28399575314738, 18.25619283651768 ], [ -98.278159197769696, 18.264397473096906 ], [ -98.28204682524624, 18.272742861746739 ], [ -98.276380911114174, 18.278831868720037 ], [ -98.269297949149021, 18.259403880911503 ], [ -98.262578111954028, 18.25383287839216 ], [ -98.253615793231504, 18.262736450675842 ], [ -98.226885297549444, 18.275256382987887 ], [ -98.220168445693901, 18.272422030535783 ], [ -98.210964546611024, 18.271864131987503 ], [ -98.21027286264929, 18.275845398303037 ], [ -98.199853569241498, 18.275740816149369 ], [ -98.197941705103318, 18.273206134557679 ], [ -98.19874867235707, 18.268105037644148 ] ] ] } },
{ "type": "Feature", "properties": { "cve_edo": "21", "cve_mpo_ine": "061", "cve_edo_mpo_ine": "21061", "nom_mpo": "DOMINGO ARENAS", "nom_edo": "Puebla", "alianza_ganadora": "Juntos Haremos Historia", "margen_pp": 8.4311050477489768, "por_participacion": 68.491870678377879 }, "geometry": { "type": "Polygon", "coordinates": [ [ [ -98.44703702382418, 19.144409579614315 ], [ -98.426258060759295, 19.14451799170142 ], [ -98.432500356751049, 19.137704118399597 ], [ -98.414293166924665, 19.135598411232934 ], [ -98.41860006799233, 19.12884251135895 ], [ -98.41351678382091, 19.127445411547384 ], [ -98.410634177050227, 19.122749746824088 ], [ -98.411397794611815, 19.11678804453766 ], [ -98.41977274735595, 19.115734378292942 ], [ -98.423690505421192, 19.112825529774437 ], [ -98.44669876494342, 19.121288809716749 ], [ -98.459685420528032, 19.121961329926194 ], [ -98.464945183704415, 19.12467653630199 ], [ -98.462607761524268, 19.133581059947581 ], [ -98.469886981413509, 19.135782837336965 ], [ -98.475481473338775, 19.139328154098365 ], [ -98.477533513367803, 19.144115446093842 ], [ -98.481702844382056, 19.145408611722743 ], [ -98.462307764969978, 19.144420030274425 ], [ -98.447951478963461, 19.15021792928982 ], [ -98.44703702382418, 19.144409579614315 ] ] ] } },
{ "type": "Feature", "properties": { "cve_edo": "21", "cve_mpo_ine": "062", "cve_edo_mpo_ine": "21062", "nom_mpo": "ELOXOCHITLAN", "nom_edo": "Puebla", "alianza_ganadora": "Juntos Haremos Historia", "margen_pp": 72.090442502427521, "por_participacion": 77.482803095442819 }, "geometry": { "type": "Polygon", "coordinates": [ [ [ -96.900527245177301, 18.550493587920961 ], [ -96.896752578263943, 18.544045266255765 ], [ -96.889161134446738, 18.538058639959775 ], [ -96.883483931840416, 18.534302929162557 ], [ -96.879322138130675, 18.53584088085519 ], [ -96.872583111917919, 18.521990540210059 ], [ -96.8627965664854, 18.518130777217831 ], [ -96.863448651960752, 18.508680160768296 ], [ -96.857677343267156, 18.506248660106319 ], [ -96.85157932798225, 18.49976768805141 ], [ -96.849316760351797, 18.490089217497253 ], [ -96.86120195239603, 18.483907458261584 ], [ -96.865093572300751, 18.478375532728698 ], [ -96.861890473275196, 18.466475808096334 ], [ -96.864621825482772, 18.471078786339426 ], [ -96.881205156542208, 18.475713452374979 ], [ -96.883455692863222, 18.480529690498905 ], [ -96.887393952966363, 18.478753058951693 ], [ -96.888341117554859, 18.483410975786914 ], [ -96.8994444444441, 18.488666666688427 ], [ -96.90746165573681, 18.484511148892057 ], [ -96.914764042580202, 18.48677159205705 ], [ -96.920197792706659, 18.485182368228028 ], [ -96.927259257106783, 18.475466576165058 ], [ -96.919240352703966, 18.468368733922947 ], [ -96.921009353784626, 18.461926514094444 ], [ -96.934170700768234, 18.464390982219292 ], [ -96.94083569122796, 18.457322153731077 ], [ -96.953063092299232, 18.452252262500465 ], [ -96.954900307610771, 18.459567666539794 ], [ -96.960369065177673, 18.459100309158412 ], [ -96.962534667053689, 18.471428233019743 ], [ -96.96792001869558, 18.473807712823724 ], [ -96.974254218194119, 18.483452325249221 ], [ -96.9838888888886, 18.486444444466152 ], [ -96.981175424380567, 18.490139705581715 ], [ -96.98590176852403, 18.497602930679953 ], [ -96.982654170023295, 18.501279845087232 ], [ -96.98496205722526, 18.509516235293006 ], [ -96.977259852403876, 18.517393242807326 ], [ -96.990992048426676, 18.521449823325142 ], [ -96.996773661129225, 18.527946389363912 ], [ -96.992927621213227, 18.531520822614432 ], [ -96.988876869403569, 18.531074791234609 ], [ -96.981548169174062, 18.537836076545261 ], [ -96.97292913719933, 18.538185931822131 ], [ -96.977390803413471, 18.540824556798114 ], [ -96.970922421515581, 18.545059297297925 ], [ -96.968083249319548, 18.543410179955877 ], [ -96.957736731771746, 18.547031960540956 ], [ -96.957977027168837, 18.550507334066509 ], [ -96.951202756141356, 18.548452297579086 ], [ -96.946521180176518, 18.550323847515102 ], [ -96.93985205745058, 18.543882030910055 ], [ -96.923726484042888, 18.534977741025273 ], [ -96.909436094836849, 18.542092845497095 ], [ -96.900527245177301, 18.550493587920961 ] ] ] } },
{ "type": "Feature", "properties": { "cve_edo": "21", "cve_mpo_ine": "063", "cve_edo_mpo_ine": "21063", "nom_mpo": "EPATLAN", "nom_edo": "Puebla", "alianza_ganadora": "Juntos Haremos Historia", "margen_pp": 2.1251002405773858, "por_participacion": 68.743109151047406 }, "geometry": { "type": "Polygon", "coordinates": [ [ [ -98.428590828674032, 18.652763681285553 ], [ -98.422337287704849, 18.652994452258191 ], [ -98.419198125463879, 18.656911766385303 ], [ -98.405549736381715, 18.661886322726861 ], [ -98.397653876972669, 18.662245410951222 ], [ -98.392029498336811, 18.656828200871004 ], [ -98.376384638488986, 18.650444002034824 ], [ -98.374213094392417, 18.65490153646375 ], [ -98.369092913445527, 18.654134797779797 ], [ -98.365087460042602, 18.646662035735119 ], [ -98.358936111991184, 18.656573113383686 ], [ -98.356212308641389, 18.656609484967738 ], [ -98.3523082286316, 18.64699312205105 ], [ -98.356454627043831, 18.644868724199601 ], [ -98.350428410170366, 18.644402841403473 ], [ -98.345798476245292, 18.638192833061993 ], [ -98.353224992837909, 18.627871100337195 ], [ -98.347034344151794, 18.618102798795338 ], [ -98.347504426834178, 18.611116819697397 ], [ -98.341074963431723, 18.6095336725847 ], [ -98.338060958804988, 18.610850861816115 ], [ -98.336327090783669, 18.606630607343146 ], [ -98.3365381119022, 18.599803260867667 ], [ -98.34352779577344, 18.593428308874092 ], [ -98.342620368055407, 18.588152365216441 ], [ -98.352953895944552, 18.583722418940141 ], [ -98.355351953969347, 18.578487950433839 ], [ -98.358727982779754, 18.577701151880465 ], [ -98.358358900788545, 18.575209355243182 ], [ -98.362193895392892, 18.574759859043724 ], [ -98.364038467943104, 18.569344987774389 ], [ -98.382114640024781, 18.566415147893707 ], [ -98.383030382850123, 18.572758247155363 ], [ -98.388546488348751, 18.574578882235169 ], [ -98.386480227045752, 18.579368119764844 ], [ -98.389611612052505, 18.583283673422642 ], [ -98.388245464781619, 18.587249664181485 ], [ -98.392083898535219, 18.583964083972429 ], [ -98.400381733216548, 18.59015290409323 ], [ -98.398911700202476, 18.593000028285264 ], [ -98.393766776932495, 18.59393418102297 ], [ -98.394390578310507, 18.601084967742086 ], [ -98.398306640869734, 18.601568576655019 ], [ -98.400641043653522, 18.604525709778784 ], [ -98.402438817721361, 18.603503165122113 ], [ -98.403434720401776, 18.607693161739387 ], [ -98.406449478788943, 18.606924853255929 ], [ -98.403817577401739, 18.60976663107315 ], [ -98.403451217652702, 18.617550003844812 ], [ -98.396044065121558, 18.637293305190607 ], [ -98.397043733814598, 18.641110616599143 ], [ -98.399277453909932, 18.642658948119454 ], [ -98.407838814467624, 18.640110851384051 ], [ -98.41353945358216, 18.641020980006555 ], [ -98.418250285061404, 18.642876500450768 ], [ -98.428590828674032, 18.652763681285553 ] ] ] } },
{ "type": "Feature", "properties": { "cve_edo": "21", "cve_mpo_ine": "064", "cve_edo_mpo_ine": "21064", "nom_mpo": "ESPERANZA", "nom_edo": "Puebla", "alianza_ganadora": "Juntos Haremos Historia", "margen_pp": 16.926286509040334, "por_participacion": 66.598740274175611 }, "geometry": { "type": "Polygon", "coordinates": [ [ [ -97.328068916840067, 18.811443049122882 ], [ -97.35493099632842, 18.821458407250038 ], [ -97.354643393469544, 18.816692832089075 ], [ -97.357489780459289, 18.811174487367641 ], [ -97.360796097105165, 18.813902693308822 ], [ -97.380120481233263, 18.813403657542793 ], [ -97.370308052372295, 18.825237764305733 ], [ -97.380403534777642, 18.831763422530312 ], [ -97.390728514155896, 18.84860804196656 ], [ -97.396473928331218, 18.851412910452563 ], [ -97.394150579629752, 18.856350410608382 ], [ -97.421954354026596, 18.858479928358282 ], [ -97.424332522336584, 18.870534859482145 ], [ -97.429499583624064, 18.866501596795008 ], [ -97.442677120689126, 18.863732377310033 ], [ -97.445637239120813, 18.880800675532338 ], [ -97.453829915784013, 18.875880250370884 ], [ -97.454186407093886, 18.885831025682077 ], [ -97.451242702722283, 18.895356550301983 ], [ -97.441638575547643, 18.904319966396866 ], [ -97.431706775692007, 18.897717654971252 ], [ -97.427188975105906, 18.897493683410406 ], [ -97.423324727752927, 18.894093342501165 ], [ -97.427618467131907, 18.89278904012674 ], [ -97.424674248472456, 18.879401709781167 ], [ -97.406690649865169, 18.873220721592311 ], [ -97.392480314960366, 18.898593645394989 ], [ -97.38550037953712, 18.892950546143172 ], [ -97.371287806017222, 18.896483023005928 ], [ -97.362922998792314, 18.902057668738241 ], [ -97.344383482572496, 18.890299664054556 ], [ -97.361180046867219, 18.880340190626239 ], [ -97.324856670435423, 18.890840969891169 ], [ -97.316078641557468, 18.886294186966683 ], [ -97.313519017795656, 18.878108927902382 ], [ -97.304180540069694, 18.880254572515476 ], [ -97.302052246749128, 18.877685427634727 ], [ -97.304320501869029, 18.866136964852743 ], [ -97.302486281414303, 18.862826104791019 ], [ -97.298037170685731, 18.860989411480332 ], [ -97.297389873341587, 18.856841758370624 ], [ -97.309464190720675, 18.855327408463836 ], [ -97.305582847715158, 18.846382769398712 ], [ -97.302392210222123, 18.844565167442347 ], [ -97.304251055332898, 18.842696732335678 ], [ -97.315389997499935, 18.848477842770716 ], [ -97.326774289523087, 18.836975505111909 ], [ -97.329761104079083, 18.829511245786279 ], [ -97.322806199409712, 18.825948995591983 ], [ -97.319016551804239, 18.821181903357608 ], [ -97.329390483369565, 18.818172707949312 ], [ -97.32649512043227, 18.814876777665571 ], [ -97.328068916840067, 18.811443049122882 ] ] ] } },
{ "type": "Feature", "properties": { "cve_edo": "21", "cve_mpo_ine": "065", "cve_edo_mpo_ine": "21065", "nom_mpo": "FRANCISCO Z. MENA", "nom_edo": "Puebla", "alianza_ganadora": "Va por México", "margen_pp": 5.6834453133605018, "por_participacion": 70.472715982302262 }, "geometry": { "type": "Polygon", "coordinates": [ [ [ -97.878899796742161, 20.833921578420398 ], [ -97.871279406964106, 20.831680769357821 ], [ -97.862481651977149, 20.83567034716242 ], [ -97.855571658592865, 20.834038952132364 ], [ -97.84609594927295, 20.839363512964944 ], [ -97.841547642859595, 20.839434213936507 ], [ -97.83957472198297, 20.836565812446519 ], [ -97.84423582680661, 20.83040622151178 ], [ -97.844022948921889, 20.823635902573759 ], [ -97.850396424411542, 20.817560036034244 ], [ -97.832470400995959, 20.812761362074529 ], [ -97.828603503656069, 20.808200689696541 ], [ -97.825306485122923, 20.809050055174353 ], [ -97.814681858853149, 20.81943616162765 ], [ -97.807145055232013, 20.821376822667997 ], [ -97.79944737850866, 20.818941094983732 ], [ -97.79902859432282, 20.820878747931864 ], [ -97.784519585082052, 20.815103096628103 ], [ -97.780716033067236, 20.809716254278193 ], [ -97.773363973561189, 20.827780061935567 ], [ -97.757447877131469, 20.814670703045707 ], [ -97.740937687674744, 20.807355582671445 ], [ -97.729787792978186, 20.799629349749225 ], [ -97.716794379314805, 20.798507779304416 ], [ -97.723009467181896, 20.792166294687135 ], [ -97.725865728549877, 20.792176624337714 ], [ -97.723799455643572, 20.786466221999522 ], [ -97.728180871254352, 20.784746340963462 ], [ -97.725420747694429, 20.778041644988068 ], [ -97.720469515647508, 20.777486484984518 ], [ -97.72616039272819, 20.770894962636969 ], [ -97.72567862134575, 20.763289291640209 ], [ -97.730172657215334, 20.762148288901674 ], [ -97.727384279842951, 20.76052659604785 ], [ -97.723913735433172, 20.747231983437143 ], [ -97.728230927577613, 20.741066051390362 ], [ -97.738694131533194, 20.738829347217813 ], [ -97.754046998182417, 20.723054688496642 ], [ -97.750816682438412, 20.706347773517603 ], [ -97.756756544912506, 20.696036468149419 ], [ -97.757083668428038, 20.68938401422124 ], [ -97.747839789063505, 20.686004951509769 ], [ -97.740889558933816, 20.689328285291054 ], [ -97.740816855227422, 20.681352052652834 ], [ -97.737454132633076, 20.678488782146328 ], [ -97.740505934231408, 20.674325489482943 ], [ -97.738192459449962, 20.671341913160173 ], [ -97.739450794229043, 20.664940722022937 ], [ -97.743997564346031, 20.664253975955827 ], [ -97.749332777453674, 20.668528997002248 ], [ -97.751724595693474, 20.66783463989427 ], [ -97.752934358816873, 20.6595321302269 ], [ -97.750541345701222, 20.658438154590211 ], [ -97.754667096019276, 20.655242077800278 ], [ -97.753156120459622, 20.650858323516548 ], [ -97.749979577931569, 20.651748348934884 ], [ -97.746779363478083, 20.643598873234215 ], [ -97.736312163128034, 20.645685178944579 ], [ -97.722746496406643, 20.636841779244289 ], [ -97.725075243203889, 20.632278260709498 ], [ -97.722133521818108, 20.629441243477572 ], [ -97.723057855847912, 20.624888157444012 ], [ -97.715495042070714, 20.620964008885835 ], [ -97.711202065132923, 20.622011877076776 ], [ -97.71296049222201, 20.608649115579443 ], [ -97.703026119193211, 20.610241337761096 ], [ -97.699527910191605, 20.603905433328226 ], [ -97.69289631743267, 20.602421133176623 ], [ -97.698374574075203, 20.58470567319015 ], [ -97.707479131602796, 20.582795087436178 ], [ -97.71448240232067, 20.584031273630359 ], [ -97.719233431695159, 20.580851161231372 ], [ -97.727773427021759, 20.581411339408042 ], [ -97.731919050739833, 20.590649913592951 ], [ -97.735556194516491, 20.590382063366878 ], [ -97.73700039924573, 20.599987051010103 ], [ -97.746051275086145, 20.592201393195275 ], [ -97.748731446302827, 20.599238282092855 ], [ -97.759697727580019, 20.592859683044871 ], [ -97.764868224812361, 20.592080504344597 ], [ -97.768690439752788, 20.594251462342246 ], [ -97.781553237010428, 20.582308738637273 ], [ -97.787073429780818, 20.582520154229922 ], [ -97.790020759806964, 20.589809145247855 ], [ -97.786999693889385, 20.592840246365551 ], [ -97.792319852872538, 20.603113901876231 ], [ -97.805189554511173, 20.603998343056059 ], [ -97.820772131891133, 20.600384189105828 ], [ -97.834482814578124, 20.610490055517847 ], [ -97.839707427012272, 20.606274824501632 ], [ -97.84987632067778, 20.607325506452003 ], [ -97.861166051276129, 20.600167438785004 ], [ -97.860509190343961, 20.596724799072273 ], [ -97.866594459586068, 20.600952109528237 ], [ -97.867500881425173, 20.608013088664272 ], [ -97.873196873985236, 20.611677416154336 ], [ -97.874245214394605, 20.619907975128783 ], [ -97.879421829973722, 20.621309171059227 ], [ -97.877743095700566, 20.632581068550664 ], [ -97.873721096348177, 20.635216629329509 ], [ -97.881886168021609, 20.649268837906305 ], [ -97.88148480854305, 20.652961424341157 ], [ -97.887669435179362, 20.666046353406273 ], [ -97.887540775600783, 20.674450301736247 ], [ -97.895149497539165, 20.67296736394481 ], [ -97.894662918097538, 20.667542155896147 ], [ -97.899744114677631, 20.664236618984791 ], [ -97.904678010045828, 20.663965056376533 ], [ -97.907817654398841, 20.658854217810585 ], [ -97.909033547096769, 20.665756259547187 ], [ -97.91595123968942, 20.67884392450102 ], [ -97.913276964450574, 20.683622017147201 ], [ -97.914160002350656, 20.686854916805579 ], [ -97.905994258076248, 20.689989627520447 ], [ -97.902856561357339, 20.696635473740329 ], [ -97.898599259676246, 20.698680108549667 ], [ -97.903864753359002, 20.703725725234452 ], [ -97.916069344709783, 20.70481037501429 ], [ -97.919419207074171, 20.71429955632091 ], [ -97.927837572048489, 20.718754449885683 ], [ -97.930535637780622, 20.723848460300754 ], [ -97.923655124019007, 20.727975579255123 ], [ -97.914978220521164, 20.738329691371938 ], [ -97.91225187557103, 20.746426252559694 ], [ -97.915933967131579, 20.747701444015853 ], [ -97.914424711440745, 20.751729417471257 ], [ -97.916657610182639, 20.757696066879415 ], [ -97.912798284247842, 20.755633270741914 ], [ -97.909126414594269, 20.759003748162346 ], [ -97.886593533820374, 20.819967409915055 ], [ -97.878899796742161, 20.833921578420398 ] ] ] } },
{ "type": "Feature", "properties": { "cve_edo": "21", "cve_mpo_ine": "066", "cve_edo_mpo_ine": "21066", "nom_mpo": "GENERAL FELIPE ANGELES", "nom_edo": "Puebla", "alianza_ganadora": "Juntos Haremos Historia", "margen_pp": 9.5258436565570275, "por_participacion": 63.605488384730336 }, "geometry": { "type": "Polygon", "coordinates": [ [ [ -97.659998914811368, 19.067657048447003 ], [ -97.651750165684533, 19.060526632509731 ], [ -97.658266816684048, 19.057370387664822 ], [ -97.641065795206146, 19.048928124547675 ], [ -97.627569034517407, 19.053916273233586 ], [ -97.625643503869412, 19.058657235632122 ], [ -97.615939897313936, 19.053708189521743 ], [ -97.617230234532002, 19.046074886691777 ], [ -97.614328553871772, 19.04230696833412 ], [ -97.614176150740604, 19.034066189429119 ], [ -97.611522084011483, 19.028661095628166 ], [ -97.619500580047827, 19.00746205927242 ], [ -97.627887674894751, 19.002386408928924 ], [ -97.627257453948872, 19.00014527968187 ], [ -97.631129667966292, 18.99586358491505 ], [ -97.626013062039277, 18.9972241599062 ], [ -97.620416196601369, 18.995528175819295 ], [ -97.618190693630567, 18.992945938239878 ], [ -97.61902127979225, 18.987201388786463 ], [ -97.616710100366177, 18.980698384080739 ], [ -97.620617335224409, 18.982936552135278 ], [ -97.623209398261523, 18.979901834519055 ], [ -97.63560989392289, 18.975918840084976 ], [ -97.643354371352828, 18.97065305699941 ], [ -97.650981845740773, 18.973313503753594 ], [ -97.646068785583012, 18.984582653373419 ], [ -97.652087912656683, 18.981642596529959 ], [ -97.657839104388188, 18.981800535848702 ], [ -97.655438110746218, 18.987063247005722 ], [ -97.657051202609267, 18.993200251239308 ], [ -97.667956266494727, 18.991167846774111 ], [ -97.672504049250961, 18.985639000160734 ], [ -97.678696430737745, 18.982614013503834 ], [ -97.69012363031932, 18.980617047538033 ], [ -97.695842352888135, 18.984159039152299 ], [ -97.701123422110413, 18.975898584533649 ], [ -97.711942055176038, 18.977950962185073 ], [ -97.716674808136503, 18.981624785926353 ], [ -97.729193382489214, 18.985601477842096 ], [ -97.727037287165487, 19.001992953304793 ], [ -97.714011091258541, 19.026907764237528 ], [ -97.709765003530094, 19.040063553132864 ], [ -97.70242286872076, 19.049176654479119 ], [ -97.697191989384777, 19.063492294008029 ], [ -97.694808687501805, 19.063226067165903 ], [ -97.695536517457413, 19.056188232111754 ], [ -97.690459051051377, 19.050354266571972 ], [ -97.68273424675057, 19.066131067006538 ], [ -97.675609902023467, 19.072074854365418 ], [ -97.675641335040751, 19.080380400559438 ], [ -97.682370570038074, 19.081107150894415 ], [ -97.681588740732906, 19.083462483271767 ], [ -97.680002839336041, 19.084898851083928 ], [ -97.672889590501114, 19.08131235713703 ], [ -97.661357505608038, 19.08029584242805 ], [ -97.659998914811368, 19.067657048447003 ] ] ] } },
{ "type": "Feature", "properties": { "cve_edo": "21", "cve_mpo_ine": "067", "cve_edo_mpo_ine": "21067", "nom_mpo": "GUADALUPE", "nom_edo": "Puebla", "alianza_ganadora": "Va por México", "margen_pp": 38.883170355120946, "por_participacion": 71.263524665321839 }, "geometry": { "type": "Polygon", "coordinates": [ [ [ -98.095500468249213, 18.063754674114204 ], [ -98.099438614266063, 18.065842691953662 ], [ -98.104416033011219, 18.063876879555789 ], [ -98.10407284291361, 18.060855895033733 ], [ -98.099039839573109, 18.061166891374789 ], [ -98.096612907434803, 18.059213095103583 ], [ -98.098767324268508, 18.048466819887029 ], [ -98.095241918112279, 18.046260458885424 ], [ -98.098193322028166, 18.045113990446719 ], [ -98.092877409549118, 18.041080418698375 ], [ -98.09519008868412, 18.041751489361946 ], [ -98.093920838690963, 18.039347266556856 ], [ -98.096580477568054, 18.040061069876302 ], [ -98.096353781590594, 18.036544156980437 ], [ -98.101679660236229, 18.032842437977134 ], [ -98.099836655780479, 18.026878601475204 ], [ -98.10389194688095, 18.021517170651734 ], [ -98.102461851050748, 18.009267499228518 ], [ -98.108952678205625, 18.002604523706889 ], [ -98.107043232731797, 17.982249804030207 ], [ -98.115500049102309, 17.976150742705009 ], [ -98.129534999713911, 17.979551379456886 ], [ -98.13338080963797, 17.974769076266828 ], [ -98.148331021645561, 17.971756686962351 ], [ -98.152698164626685, 17.968631208918719 ], [ -98.156394404956515, 17.972781319078631 ], [ -98.162701246574628, 17.967757654114855 ], [ -98.172586482323297, 17.969323742065715 ], [ -98.176853478846823, 17.982741459518003 ], [ -98.180326524369534, 17.978244889995029 ], [ -98.183274489997075, 17.979289430399355 ], [ -98.185014113343598, 17.97309066011081 ], [ -98.191084071171133, 17.974352837907933 ], [ -98.196637250844731, 17.970897323347302 ], [ -98.202591449859597, 17.972365572686783 ], [ -98.204321714185951, 17.978493653899029 ], [ -98.201190463620676, 17.990934114588871 ], [ -98.203384588192989, 17.995450515291132 ], [ -98.200780091182025, 17.998668138573311 ], [ -98.20731332539745, 18.000427821772799 ], [ -98.212869435445441, 17.993331667547974 ], [ -98.213905982043713, 17.999953723517862 ], [ -98.219973052329564, 18.007750861408265 ], [ -98.21291599898754, 18.010457354142556 ], [ -98.210831812425198, 18.01384232378361 ], [ -98.205918711975613, 18.010102707315319 ], [ -98.204823662154311, 18.00480413428911 ], [ -98.197303234347558, 18.008377155826985 ], [ -98.196541226445262, 18.021942513500932 ], [ -98.193644722146828, 18.028137337289554 ], [ -98.193870795684987, 18.034963468276089 ], [ -98.196531682020748, 18.034559039374106 ], [ -98.200924156689211, 18.039000330070344 ], [ -98.210110158663696, 18.054461150729615 ], [ -98.210799297901602, 18.061785228653402 ], [ -98.207443503090033, 18.062683859362881 ], [ -98.208133853873761, 18.068146485896438 ], [ -98.199454939044713, 18.070102263164724 ], [ -98.200782354923362, 18.074326135561687 ], [ -98.198348358350984, 18.079902082381135 ], [ -98.204185560127527, 18.088153950395363 ], [ -98.203256858316948, 18.092245951133531 ], [ -98.207710648265078, 18.093998566790809 ], [ -98.209444131084567, 18.097230995492389 ], [ -98.200241302563384, 18.101501433934814 ], [ -98.192838830243986, 18.0968841486035 ], [ -98.174144229590979, 18.103767307945954 ], [ -98.175410347069288, 18.111383057552722 ], [ -98.174420841799403, 18.117832479845053 ], [ -98.170425677575011, 18.120465454642279 ], [ -98.170476824525934, 18.1277045392291 ], [ -98.165038612124405, 18.126195658120459 ], [ -98.166010666710335, 18.138443257292391 ], [ -98.157449940320234, 18.134109940992541 ], [ -98.155472413141837, 18.143864772445056 ], [ -98.154318881878098, 18.140013566626809 ], [ -98.14409934779772, 18.132501453972914 ], [ -98.146692874673874, 18.127658446802233 ], [ -98.145307229869502, 18.12467498737108 ], [ -98.141605402102115, 18.12313058585627 ], [ -98.138825191767026, 18.125477897197253 ], [ -98.130379625583032, 18.122798447391656 ], [ -98.127832151074088, 18.12394690610224 ], [ -98.122803154448889, 18.119418793684851 ], [ -98.119330190194034, 18.120274011479072 ], [ -98.120723111102848, 18.116846138224744 ], [ -98.116906819701029, 18.114597632360354 ], [ -98.11570267494028, 18.105699530813649 ], [ -98.110670223045673, 18.104563017371479 ], [ -98.113628040246709, 18.098990353651942 ], [ -98.10727225951446, 18.092222989341881 ], [ -98.094956037664062, 18.086920818779337 ], [ -98.094265977804938, 18.083815712347377 ], [ -98.096292715665754, 18.082417413211445 ], [ -98.09177383269332, 18.074126460049005 ], [ -98.096541611689389, 18.069346780294104 ], [ -98.095500468249213, 18.063754674114204 ] ] ] } },
{ "type": "Feature", "properties": { "cve_edo": "21", "cve_mpo_ine": "068", "cve_edo_mpo_ine": "21068", "nom_mpo": "GUADALUPE VICTORIA", "nom_edo": "Puebla", "alianza_ganadora": "Va por México", "margen_pp": 23.944723618090453, "por_participacion": 66.644340254521097 }, "geometry": { "type": "Polygon", "coordinates": [ [ [ -97.349441449683837, 19.377120917378765 ], [ -97.349791145131206, 19.379238533353785 ], [ -97.347292087116898, 19.378531377920581 ], [ -97.333410987098802, 19.396708114348975 ], [ -97.332422458970541, 19.395212847063888 ], [ -97.295849147798023, 19.393154655593506 ], [ -97.285186634249783, 19.389424383922115 ], [ -97.276375474646869, 19.381086315618866 ], [ -97.276474226662842, 19.37306687066798 ], [ -97.279337062298296, 19.371543757169384 ], [ -97.27894664909978, 19.368070445655921 ], [ -97.284966881980026, 19.364321963119476 ], [ -97.285635816838138, 19.358701364454365 ], [ -97.293910662537229, 19.358429935968946 ], [ -97.292729773848478, 19.349787569246718 ], [ -97.280895970995772, 19.339509762349802 ], [ -97.27629870513455, 19.338507423565108 ], [ -97.278644070427021, 19.335494920967044 ], [ -97.284418724356939, 19.334019446085268 ], [ -97.291784856615863, 19.340566958629335 ], [ -97.299538119182117, 19.339549979904689 ], [ -97.292988273160006, 19.332797813720834 ], [ -97.293548541931145, 19.325482005139442 ], [ -97.30910386073981, 19.337172198299392 ], [ -97.315347993692839, 19.334952580633249 ], [ -97.322499345527063, 19.337943312528033 ], [ -97.331489994858401, 19.321466338945704 ], [ -97.324900650170363, 19.310581220788603 ], [ -97.336189724903676, 19.31295930379385 ], [ -97.339125695551488, 19.307880025671249 ], [ -97.32987744197527, 19.305092686517355 ], [ -97.327804858996188, 19.299921215501239 ], [ -97.321508917937464, 19.296535342405228 ], [ -97.322881474153576, 19.294124072304793 ], [ -97.321085569076232, 19.292094902981315 ], [ -97.316008001642658, 19.294317184200555 ], [ -97.317868435845327, 19.282745786741611 ], [ -97.32659882199782, 19.283879040817126 ], [ -97.32638662315027, 19.2794552686046 ], [ -97.321587525503674, 19.272128794640405 ], [ -97.314559155616948, 19.268353009509646 ], [ -97.304886266294588, 19.269656350422661 ], [ -97.294083516743797, 19.263805094981638 ], [ -97.292819217766422, 19.260371272063665 ], [ -97.294467149336612, 19.256778214803091 ], [ -97.284220830379724, 19.244602727168004 ], [ -97.285985808706158, 19.240885976059491 ], [ -97.28212984690262, 19.231783076043286 ], [ -97.285288874009353, 19.228689402615593 ], [ -97.294899778859602, 19.227676172888547 ], [ -97.304660084974728, 19.231912868307656 ], [ -97.307205348774488, 19.23825056688063 ], [ -97.316992404562569, 19.246406426285201 ], [ -97.320215382268842, 19.254391334238598 ], [ -97.319989554065415, 19.263112837941037 ], [ -97.325531643076786, 19.263083030145239 ], [ -97.335338315431926, 19.257934177364387 ], [ -97.343611397737476, 19.256957323485455 ], [ -97.364192712768741, 19.264145708662756 ], [ -97.365577234671036, 19.267083266074597 ], [ -97.377479149311867, 19.248665230603464 ], [ -97.381219240112756, 19.23164239650114 ], [ -97.395807077894133, 19.24295125096376 ], [ -97.404902791500575, 19.245910526676894 ], [ -97.413086431940869, 19.245695955378562 ], [ -97.423505795391989, 19.260754304906538 ], [ -97.445998489353343, 19.265460912334873 ], [ -97.46497045168185, 19.28839954442698 ], [ -97.468928236018286, 19.297286758250038 ], [ -97.468052434744976, 19.309066136095982 ], [ -97.47131393529952, 19.317984899885328 ], [ -97.46789808345055, 19.327018032308413 ], [ -97.47849553828226, 19.332256866556275 ], [ -97.47061803169295, 19.342190155756615 ], [ -97.454292896543862, 19.352423420001962 ], [ -97.452760935320853, 19.350811373196475 ], [ -97.449830116924957, 19.352341552157753 ], [ -97.446305754470643, 19.366809017264444 ], [ -97.439061015453319, 19.369139144012024 ], [ -97.425972281193154, 19.381354254212237 ], [ -97.414053467713444, 19.373235022040586 ], [ -97.408332692730028, 19.374709352683645 ], [ -97.40076356254302, 19.371399224026455 ], [ -97.401518104872636, 19.37542634216431 ], [ -97.399628014242978, 19.377395737674846 ], [ -97.364111901057072, 19.373121137823439 ], [ -97.349441449683837, 19.377120917378765 ] ] ] } },
{ "type": "Feature", "properties": { "cve_edo": "21", "cve_mpo_ine": "069", "cve_edo_mpo_ine": "21069", "nom_mpo": "HERMENEGILDO GALEANA", "nom_edo": "Puebla", "alianza_ganadora": "Va por México", "margen_pp": 55.84446006090419, "por_participacion": 78.229796591533812 }, "geometry": { "type": "Polygon", "coordinates": [ [ [ -97.694793813685692, 20.119347975960164 ], [ -97.700281272652049, 20.110105776720488 ], [ -97.699338473996875, 20.106666503453333 ], [ -97.705773390254109, 20.10227428283855 ], [ -97.709758665893887, 20.095695778696502 ], [ -97.713075589207222, 20.09679808522349 ], [ -97.713354584891718, 20.093767151295872 ], [ -97.716658725333502, 20.09154956025419 ], [ -97.721079171003339, 20.092479640784948 ], [ -97.725253122579034, 20.089800579391042 ], [ -97.731442745379056, 20.082503760862309 ], [ -97.732696267477124, 20.076188888115599 ], [ -97.735705930238368, 20.073142564904515 ], [ -97.740415721622796, 20.07386301677921 ], [ -97.740511322517307, 20.068716573194234 ], [ -97.752014674426832, 20.068194718777125 ], [ -97.769305555555249, 20.074722222259776 ], [ -97.772817654428167, 20.082018512814798 ], [ -97.767489489585301, 20.086406937188666 ], [ -97.763825895566356, 20.085847138278968 ], [ -97.761985482012889, 20.090505698463524 ], [ -97.756545943896441, 20.096222375106034 ], [ -97.75352552919442, 20.096654648797255 ], [ -97.75307124677532, 20.099271698850959 ], [ -97.759322208047664, 20.107079281578567 ], [ -97.762451679750313, 20.11893010526104 ], [ -97.765489894816582, 20.122689038009852 ], [ -97.76236574261128, 20.126275979818359 ], [ -97.756497973064256, 20.127098116464822 ], [ -97.751715525138195, 20.137541674899257 ], [ -97.744858871655794, 20.138327516774389 ], [ -97.744418082486902, 20.144388853327207 ], [ -97.730508414307025, 20.155380953655527 ], [ -97.730125613549674, 20.161566380791982 ], [ -97.725892742903667, 20.164536242871915 ], [ -97.724865307266484, 20.169480246780445 ], [ -97.716892289430334, 20.167615170050503 ], [ -97.713617340402763, 20.16265327575692 ], [ -97.709720151273132, 20.16221803401422 ], [ -97.701956285904657, 20.153918951217975 ], [ -97.696024391299929, 20.153452895011338 ], [ -97.699201145392479, 20.147833567269274 ], [ -97.696342835930736, 20.145234550815807 ], [ -97.699300600363969, 20.143309725225397 ], [ -97.696616150845657, 20.140543787079157 ], [ -97.701086185264231, 20.138859781576869 ], [ -97.701820812505289, 20.1332120436876 ], [ -97.700065460548572, 20.130150648978034 ], [ -97.701452336918095, 20.127943747272283 ], [ -97.694793813685692, 20.119347975960164 ] ] ] } },
{ "type": "Feature", "properties": { "cve_edo": "21", "cve_mpo_ine": "058", "cve_edo_mpo_ine": "21058", "nom_mpo": "HONEY", "nom_edo": "Puebla", "alianza_ganadora": "Va por México", "margen_pp": 17.323625407983933, "por_participacion": 74.309701492537314 }, "geometry": { "type": "Polygon", "coordinates": [ [ [ -98.223007834600566, 20.235363411134951 ], [ -98.224012404392354, 20.232983173217395 ], [ -98.22756476841343, 20.236069292034593 ], [ -98.232091498412856, 20.233619260919465 ], [ -98.234883610669812, 20.223857010290537 ], [ -98.241534006554815, 20.220966561284431 ], [ -98.243871256473781, 20.217045056644114 ], [ -98.24991771718085, 20.219815239264726 ], [ -98.256427371170943, 20.216020220782461 ], [ -98.261936136076955, 20.215642430086195 ], [ -98.267406247843425, 20.218691098773981 ], [ -98.265890316334335, 20.225202976466477 ], [ -98.268120847851307, 20.225966812590727 ], [ -98.2824407401408, 20.218705036310514 ], [ -98.28515510906017, 20.23291232779523 ], [ -98.280817823069683, 20.238045996733199 ], [ -98.276203523211947, 20.251133658405895 ], [ -98.278255198481602, 20.255506518376947 ], [ -98.282878231711464, 20.258122336059792 ], [ -98.282777503094195, 20.261814241718888 ], [ -98.28019801260767, 20.2660202830535 ], [ -98.267193281840278, 20.272579083796522 ], [ -98.260202660562797, 20.285959089193053 ], [ -98.255774164025027, 20.286995702997029 ], [ -98.258397108844818, 20.296479650004468 ], [ -98.254667785525626, 20.300995110089669 ], [ -98.236368882925433, 20.304519076677408 ], [ -98.229412786295526, 20.294486552153252 ], [ -98.215770356479936, 20.291165600866041 ], [ -98.206845154879659, 20.295528511841955 ], [ -98.19757898002004, 20.291039430922925 ], [ -98.193486329611261, 20.290470093742183 ], [ -98.190561107320335, 20.292693114751469 ], [ -98.184278426315942, 20.283630360219579 ], [ -98.184776940144801, 20.273959446971581 ], [ -98.194436463001168, 20.275432862825244 ], [ -98.193973604973039, 20.262678783846457 ], [ -98.186669320998007, 20.259263865590359 ], [ -98.192976287016634, 20.257993109770133 ], [ -98.202788554406595, 20.249962839724301 ], [ -98.203411605641648, 20.246985534356522 ], [ -98.208009603993645, 20.24505762691507 ], [ -98.210174826887496, 20.236867178335981 ], [ -98.213371480955118, 20.234865135369493 ], [ -98.216204744500104, 20.237377194867811 ], [ -98.223007834600566, 20.235363411134951 ] ] ] } },
{ "type": "Feature", "properties": { "cve_edo": "21", "cve_mpo_ine": "070", "cve_edo_mpo_ine": "21070", "nom_mpo": "HUAQUECHULA", "nom_edo": "Puebla", "alianza_ganadora": "Va por México", "margen_pp": 13.323239969719909, "por_participacion": 63.825675218630721 }, "geometry": { "type": "Polygon", "coordinates": [ [ [ -98.583453812063311, 18.693220647244331 ], [ -98.583032201315561, 18.68651175422929 ], [ -98.577869259673847, 18.678057276878597 ], [ -98.586195777474217, 18.680647448710953 ], [ -98.602411467564224, 18.672064842073109 ], [ -98.603820666930545, 18.664012932689023 ], [ -98.616660610029953, 18.653932371865135 ], [ -98.620475946438773, 18.653684029921923 ], [ -98.624215606699906, 18.666485945638627 ], [ -98.623120862752685, 18.67171759682919 ], [ -98.627809400536847, 18.676720894591703 ], [ -98.627920241399366, 18.681152378771557 ], [ -98.64183180905124, 18.683196618825814 ], [ -98.64490507211535, 18.678937473465059 ], [ -98.6451677937592, 18.671933418811665 ], [ -98.646604210903917, 18.675894704402594 ], [ -98.653466468149418, 18.678760793159586 ], [ -98.648836463974533, 18.673881754566679 ], [ -98.650326149463268, 18.663094359386648 ], [ -98.663131778537817, 18.659929280715829 ], [ -98.670141889710351, 18.651234891717493 ], [ -98.672637309689705, 18.651870076217882 ], [ -98.676297302748097, 18.648390981001192 ], [ -98.679546792833392, 18.6586288589723 ], [ -98.670879210878823, 18.673721766995151 ], [ -98.674315683070731, 18.680312041307136 ], [ -98.67815742569303, 18.682175041737107 ], [ -98.678165534067801, 18.687560498227349 ], [ -98.676114616217092, 18.690193194120628 ], [ -98.668600840476685, 18.684763882597 ], [ -98.662870708239495, 18.686945236759293 ], [ -98.663885721044807, 18.692020954916341 ], [ -98.659290057744528, 18.701431754676715 ], [ -98.658102780200238, 18.716561286919973 ], [ -98.655124885143252, 18.709711296911006 ], [ -98.656333555693323, 18.699351439120207 ], [ -98.653410019685396, 18.696399143982671 ], [ -98.653312204487221, 18.703079967940862 ], [ -98.645934121696811, 18.704390883011982 ], [ -98.633771371069059, 18.710595170047167 ], [ -98.622044726310065, 18.709777339834528 ], [ -98.617925948446938, 18.707560420840064 ], [ -98.607996439723806, 18.710843463700829 ], [ -98.601091435506234, 18.700277313158701 ], [ -98.598914680077883, 18.705227654280208 ], [ -98.592593487579109, 18.707048611030924 ], [ -98.595332775665156, 18.711707183147123 ], [ -98.601219031360628, 18.712925286328193 ], [ -98.603316392075655, 18.711295318610855 ], [ -98.610218770410043, 18.713607041172754 ], [ -98.615294511253424, 18.727040506071447 ], [ -98.620795141872136, 18.732996601736673 ], [ -98.621786721626307, 18.739317469879026 ], [ -98.615853209307033, 18.746645956246169 ], [ -98.61769557954166, 18.754355275890116 ], [ -98.611575895420089, 18.759241086089411 ], [ -98.614460735899115, 18.762858692420728 ], [ -98.612808599212457, 18.769103884464798 ], [ -98.602467542507114, 18.778841830018983 ], [ -98.595495940153683, 18.779705028372558 ], [ -98.587421230944813, 18.775159100995932 ], [ -98.581554829004858, 18.768756460409932 ], [ -98.580449530559363, 18.777012548560066 ], [ -98.576439414548304, 18.78431720436982 ], [ -98.575389287247376, 18.80421533009067 ], [ -98.566208040706215, 18.806892404257848 ], [ -98.557085788837171, 18.806018665772381 ], [ -98.560569984185307, 18.81283312299685 ], [ -98.559581455537952, 18.815061699277752 ], [ -98.558187515710244, 18.813037740094469 ], [ -98.55429368961309, 18.814851212199649 ], [ -98.547496843513628, 18.810221993367652 ], [ -98.547150031663378, 18.817974999237641 ], [ -98.544299034055371, 18.815049530737966 ], [ -98.532561952016991, 18.813511843129788 ], [ -98.533953944029307, 18.819045088662751 ], [ -98.540923254138605, 18.827968434324092 ], [ -98.531625053459251, 18.828414353733177 ], [ -98.502340013718396, 18.82289481144138 ], [ -98.504835532121234, 18.827934019641507 ], [ -98.505062294472538, 18.836810177071012 ], [ -98.509882539587608, 18.842223295239208 ], [ -98.496521167928563, 18.834200163150054 ], [ -98.488326489303617, 18.834975384629676 ], [ -98.481113838753259, 18.843223660361836 ], [ -98.470320824975019, 18.823394703091012 ], [ -98.454419403359523, 18.8012053364622 ], [ -98.454590663982643, 18.80446693418255 ], [ -98.44802890062833, 18.814206239757368 ], [ -98.44446806773098, 18.829328494242493 ], [ -98.445178255480741, 18.833303676931937 ], [ -98.449853272227443, 18.836578878756601 ], [ -98.449557772582793, 18.841656290063138 ], [ -98.451994869049912, 18.845622729275071 ], [ -98.442826283880962, 18.849188910641768 ], [ -98.441521810538234, 18.857250173222365 ], [ -98.433065091272454, 18.849592338615963 ], [ -98.412736660764182, 18.858383751234239 ], [ -98.411143825989782, 18.85664239801298 ], [ -98.413630387322399, 18.851388377209641 ], [ -98.419675468639554, 18.850819648940025 ], [ -98.416309524436514, 18.846562409596846 ], [ -98.406890315194374, 18.849932959938858 ], [ -98.406181923302498, 18.858848896820145 ], [ -98.39491389715964, 18.852968575696284 ], [ -98.392597271832628, 18.84673107979199 ], [ -98.376102824368317, 18.838941930000797 ], [ -98.375650974080955, 18.829652565850186 ], [ -98.378159469258364, 18.822680161188764 ], [ -98.373114988622859, 18.814910239835537 ], [ -98.376609504225954, 18.809095483620812 ], [ -98.374694556034257, 18.807316996284165 ], [ -98.383067675121708, 18.802790319492424 ], [ -98.390054504215925, 18.791738267923332 ], [ -98.395512286796944, 18.794471919657379 ], [ -98.403185218446097, 18.791429344752476 ], [ -98.404281883639626, 18.797293260232596 ], [ -98.408980341457024, 18.803699501786067 ], [ -98.419457334642857, 18.787532619910532 ], [ -98.435674776094487, 18.779671194665493 ], [ -98.445388333976737, 18.767795099416908 ], [ -98.457631578256454, 18.783127472558942 ], [ -98.453526858685365, 18.76161349247489 ], [ -98.461715136279011, 18.764183661978485 ], [ -98.461370882751126, 18.759353064197064 ], [ -98.463989204390671, 18.754361084021948 ], [ -98.479732730653524, 18.751738098691899 ], [ -98.480547175410933, 18.750128994432689 ], [ -98.477262549229366, 18.749315280646599 ], [ -98.479058387441654, 18.739232139807868 ], [ -98.487175852003489, 18.740641398326542 ], [ -98.495079595322295, 18.7339622288256 ], [ -98.496884516709642, 18.727358788221469 ], [ -98.500957721376153, 18.730565261785401 ], [ -98.50771466579404, 18.717288514888043 ], [ -98.511229160997743, 18.714504099462324 ], [ -98.514542193331579, 18.723744038270723 ], [ -98.516438603192839, 18.71640550944295 ], [ -98.521103898391686, 18.711269134980828 ], [ -98.518126810938085, 18.720842688069048 ], [ -98.520453162472037, 18.71700956725563 ], [ -98.524584854929444, 18.723873846035467 ], [ -98.528446803595344, 18.725228208511123 ], [ -98.52686163039111, 18.728627956363219 ], [ -98.534520971925531, 18.731089269941464 ], [ -98.533925332419116, 18.740851781169667 ], [ -98.536141195843385, 18.745482895346807 ], [ -98.544026724190857, 18.735328621352807 ], [ -98.546338193113755, 18.735104191044396 ], [ -98.547188225124714, 18.742673269977111 ], [ -98.541407948180563, 18.751447115894667 ], [ -98.552008306422408, 18.755409552208171 ], [ -98.556852770187774, 18.748401221803299 ], [ -98.565038335731217, 18.742759604681691 ], [ -98.571480262691026, 18.7287417574526 ], [ -98.575252177807783, 18.733042471273656 ], [ -98.578948547919936, 18.732616431024933 ], [ -98.579352628593554, 18.72231930705761 ], [ -98.57698305704443, 18.714332757314299 ], [ -98.574205933939638, 18.715953562146041 ], [ -98.572460641051009, 18.714443176022094 ], [ -98.570919784931007, 18.716629741480819 ], [ -98.564788216920107, 18.712564099451178 ], [ -98.560662887176306, 18.712922978836225 ], [ -98.564169436076213, 18.709888852436016 ], [ -98.570793975681255, 18.710591377279162 ], [ -98.575420189526369, 18.708233667198193 ], [ -98.574690836374202, 18.704975398991856 ], [ -98.583453812063311, 18.693220647244331 ] ] ] } },
{ "type": "Feature", "properties": { "cve_edo": "21", "cve_mpo_ine": "071", "cve_edo_mpo_ine": "21071", "nom_mpo": "HUATLATLAUCA", "nom_edo": "Puebla", "alianza_ganadora": "Juntos Haremos Historia", "margen_pp": 24.343352288112644, "por_participacion": 71.33474985512845 }, "geometry": { "type": "Polygon", "coordinates": [ [ [ -97.987803733252576, 18.647167916309741 ], [ -97.995253417099335, 18.648685254482405 ], [ -98.0005459373088, 18.654684511796383 ], [ -98.009718544033419, 18.657568877661653 ], [ -98.004805555555421, 18.662805555578732 ], [ -98.008083333333218, 18.659777777800951 ], [ -98.012527777777635, 18.659694444467604 ], [ -98.01097222222208, 18.66619444446761 ], [ -98.013111111111002, 18.668194444467648 ], [ -98.017346520532868, 18.664696689132995 ], [ -98.024155937272795, 18.669477949586224 ], [ -98.036238560561543, 18.665340999849434 ], [ -98.03992232063672, 18.666251890372138 ], [ -98.044606315418378, 18.663405222780916 ], [ -98.050344251204123, 18.665098324649225 ], [ -98.053133353180939, 18.663042123336339 ], [ -98.062435754504222, 18.665523710094313 ], [ -98.070331301551022, 18.659116400293456 ], [ -98.081133660243779, 18.657039379180159 ], [ -98.082903504092144, 18.653844609653255 ], [ -98.090012413399748, 18.650525269922284 ], [ -98.092724832823365, 18.645731608641494 ], [ -98.102434708724971, 18.646168460196513 ], [ -98.103857005764709, 18.643023086347821 ], [ -98.108395021253671, 18.643331701609434 ], [ -98.109404037596292, 18.639946998044717 ], [ -98.11348836097639, 18.638564850333989 ], [ -98.113609463761136, 18.634578536179038 ], [ -98.116682844247549, 18.632348650345929 ], [ -98.121769511679574, 18.633598414227833 ], [ -98.125181793493482, 18.62687898162411 ], [ -98.129442085839273, 18.625575304675692 ], [ -98.127082854951027, 18.620112071846197 ], [ -98.130050199807997, 18.620332628630944 ], [ -98.135788628344883, 18.615840338137673 ], [ -98.141211479056778, 18.616666672681689 ], [ -98.142426040990301, 18.610419816825633 ], [ -98.154722169553168, 18.613721729208077 ], [ -98.156072537678398, 18.619950927642815 ], [ -98.160697976163192, 18.623773232731732 ], [ -98.165395519694599, 18.621460627734795 ], [ -98.171510289772883, 18.632912641044783 ], [ -98.178117141400747, 18.631763842887182 ], [ -98.176949517229119, 18.635824091247478 ], [ -98.178778728655018, 18.639764228769138 ], [ -98.173700959603963, 18.644097956220314 ], [ -98.174990713386507, 18.654098618344168 ], [ -98.169406298314527, 18.662350991198924 ], [ -98.169284777257516, 18.66513986863929 ], [ -98.172728609824475, 18.666367458785665 ], [ -98.170754748676458, 18.669314350893384 ], [ -98.171478958254383, 18.676947258074794 ], [ -98.162568117536338, 18.69052022338013 ], [ -98.152624638385035, 18.692208072410384 ], [ -98.147332072801944, 18.696109240972721 ], [ -98.14428438463554, 18.695143865408895 ], [ -98.13799775985477, 18.700893983010676 ], [ -98.133164391423563, 18.700468454966494 ], [ -98.129236564096757, 18.703341052307209 ], [ -98.118260423175087, 18.699283602396662 ], [ -98.110768069174128, 18.69306922238513 ], [ -98.106131100006166, 18.693426801950753 ], [ -98.093004343530765, 18.701824962060005 ], [ -98.077344186478769, 18.702687704905259 ], [ -98.072331320054644, 18.713868058777248 ], [ -98.073052855274653, 18.721177035953641 ], [ -98.08123358712912, 18.721476821660538 ], [ -98.09064315297104, 18.727689175989809 ], [ -98.097388990540068, 18.736286964635443 ], [ -98.091863764872912, 18.736083935929894 ], [ -98.087513600188714, 18.740542153272862 ], [ -98.083772184465772, 18.739716408477502 ], [ -98.086040691624191, 18.741904250886005 ], [ -98.077039581993247, 18.748379129762363 ], [ -98.072673069701864, 18.748065598716583 ], [ -98.068598552253732, 18.743595869165318 ], [ -98.054777778391681, 18.743874383949692 ], [ -98.051298176024517, 18.739888475713098 ], [ -98.040203319762654, 18.74209460107388 ], [ -98.037187416718794, 18.740172409754972 ], [ -98.037351432880641, 18.737679066165601 ], [ -98.012569991854477, 18.730157033297488 ], [ -98.002820316759738, 18.730545986389533 ], [ -97.998922412797299, 18.734618240643741 ], [ -97.996006921939724, 18.729954654161741 ], [ -97.988285341047629, 18.732288196677324 ], [ -97.994932039238023, 18.718195399588033 ], [ -97.980542647486658, 18.723128636680268 ], [ -97.96730298601635, 18.721188538711651 ], [ -97.960316096213049, 18.722757436031117 ], [ -97.959026334074764, 18.71801508002914 ], [ -97.960703695163261, 18.715900094402542 ], [ -97.954027819318242, 18.711447931442795 ], [ -97.946966779663882, 18.697292787312893 ], [ -97.948496214947752, 18.689374894736414 ], [ -97.952091667050411, 18.684854105526856 ], [ -97.947329826228128, 18.680563529046886 ], [ -97.951994315751094, 18.670458714065099 ], [ -97.961356626513393, 18.670910774173663 ], [ -97.969467981584231, 18.66375623957725 ], [ -97.9736555045872, 18.655404235777116 ], [ -97.987803733252576, 18.647167916309741 ] ] ] } },
{ "type": "Feature", "properties": { "cve_edo": "21", "cve_mpo_ine": "072", "cve_edo_mpo_ine": "21072", "nom_mpo": "HUAUCHINANGO", "nom_edo": "Puebla", "alianza_ganadora": "Juntos Haremos Historia", "margen_pp": 10.545355122300039, "por_participacion": 63.074739327690963 }, "geometry": { "type": "Polygon", "coordinates": [ [ [ -98.139874570643713, 20.154939352541536 ], [ -98.13536786210399, 20.154532761845488 ], [ -98.135495571954635, 20.158718474168609 ], [ -98.131910512567757, 20.160888893109995 ], [ -98.135267498485632, 20.165198870854731 ], [ -98.132393222308636, 20.165619186628373 ], [ -98.134012482849911, 20.167857284790788 ], [ -98.1320026183826, 20.175995289396322 ], [ -98.124384340552822, 20.17621659224692 ], [ -98.122784015073051, 20.171986286722419 ], [ -98.121079919330967, 20.172528847538914 ], [ -98.110145874362502, 20.188691869370693 ], [ -98.102840256771046, 20.192895789997106 ], [ -98.099961538873444, 20.211949539596752 ], [ -98.104427903491285, 20.216714773496367 ], [ -98.105261504090294, 20.221444501678985 ], [ -98.10305636753111, 20.231366902959518 ], [ -98.098357090146578, 20.238554266850624 ], [ -98.087485999971946, 20.241476652206721 ], [ -98.080075278450963, 20.250120210713717 ], [ -98.074850890839528, 20.250916575234726 ], [ -98.068872986607516, 20.262753004984436 ], [ -98.060762242549274, 20.264922604454529 ], [ -98.060657177989697, 20.269612290066583 ], [ -98.050780688428546, 20.290085445734313 ], [ -98.051212468105589, 20.29381987702569 ], [ -98.041834898043703, 20.299351709831225 ], [ -98.041097558960871, 20.302714154313524 ], [ -98.030854020866457, 20.295215505396779 ], [ -98.023923669315849, 20.284848904197329 ], [ -98.01050252460773, 20.290176301331261 ], [ -98.003699294332776, 20.296118163868151 ], [ -97.996425716038075, 20.29645779105417 ], [ -97.999755083048584, 20.280601504986826 ], [ -98.007310909330869, 20.275530432908045 ], [ -98.016539618410448, 20.27307158371196 ], [ -98.023749990786314, 20.267294657992657 ], [ -98.021706187619031, 20.254971602327547 ], [ -98.015672218844557, 20.254646643610609 ], [ -98.011640627868516, 20.259133215117924 ], [ -98.012029183496168, 20.254681534633026 ], [ -98.008916651774683, 20.254119932453506 ], [ -98.008633326894795, 20.249425616330832 ], [ -98.00154653294409, 20.243208380106914 ], [ -98.00950712680995, 20.241352923181328 ], [ -98.011996960476438, 20.235515244599334 ], [ -98.023316738984832, 20.234842016255346 ], [ -98.023462167563267, 20.226292985002051 ], [ -98.019186548815341, 20.220280559313661 ], [ -98.02255592665108, 20.217330476943253 ], [ -98.018592081673063, 20.215342744860799 ], [ -98.027027029460285, 20.21270540370314 ], [ -98.031724640980343, 20.203081909355763 ], [ -98.026175434323022, 20.200579074468351 ], [ -98.015749419630708, 20.207597944134523 ], [ -98.01300140474055, 20.204920435310257 ], [ -97.998842518819984, 20.212826118128408 ], [ -97.986933151964251, 20.208297919379195 ], [ -97.980936475536936, 20.208434307753983 ], [ -97.972322450988756, 20.213067155615175 ], [ -97.970580587692695, 20.211533235390952 ], [ -97.971615795944217, 20.207797331313564 ], [ -97.968197645673797, 20.204189675426928 ], [ -97.968874406876395, 20.200993876295545 ], [ -97.965671772455607, 20.200753489988749 ], [ -97.964972867013586, 20.198090339028223 ], [ -97.977484292897771, 20.185218215915278 ], [ -97.982028260748152, 20.185477829088242 ], [ -97.983771395581414, 20.188322424905905 ], [ -97.98743056325938, 20.185745769824447 ], [ -97.98595899056761, 20.184719807452655 ], [ -97.98734921986555, 20.176615873043719 ], [ -97.982647013246606, 20.17431828920796 ], [ -97.983781691559614, 20.167771593495786 ], [ -97.994421282018962, 20.171618891150938 ], [ -97.997902939222911, 20.170255708702452 ], [ -97.992981115370412, 20.168270646709342 ], [ -97.99569121477893, 20.166468932738919 ], [ -97.991764219814087, 20.166408462006849 ], [ -97.996225614047106, 20.165564055991911 ], [ -97.995343089816615, 20.16266359436699 ], [ -97.989644544605639, 20.164246534470987 ], [ -97.990081156352971, 20.161673083762484 ], [ -97.984671637110281, 20.163629069321139 ], [ -97.983138973898321, 20.153214062374285 ], [ -97.986784946719254, 20.146196954216954 ], [ -97.98431915170022, 20.138218285805063 ], [ -97.994757682781483, 20.132140709785361 ], [ -98.020006132387934, 20.107273060003589 ], [ -98.004381014197108, 20.10574799002725 ], [ -97.99476467475084, 20.096462858836603 ], [ -98.0003976243311, 20.093739718058405 ], [ -98.009049390454607, 20.083812134223482 ], [ -98.031957063296446, 20.072912072217946 ], [ -98.041356309981481, 20.063117606725282 ], [ -98.041891789038146, 20.074028624651724 ], [ -98.047910213091853, 20.073688953278111 ], [ -98.051243461261862, 20.076348566152546 ], [ -98.057383893666653, 20.067543355402055 ], [ -98.060985138216097, 20.076829128583601 ], [ -98.064916503848991, 20.075530509684263 ], [ -98.066905212575705, 20.077374277065893 ], [ -98.074616039006216, 20.074869314460745 ], [ -98.075913664783656, 20.085897878990654 ], [ -98.079539211682373, 20.087975642393786 ], [ -98.08006253305021, 20.085614398031009 ], [ -98.084042357481309, 20.090831412697639 ], [ -98.092051436855812, 20.094131036850296 ], [ -98.097732988314121, 20.103365828354299 ], [ -98.101006239539743, 20.103585603215798 ], [ -98.11151209091507, 20.092578662487103 ], [ -98.110644075150248, 20.099160442547664 ], [ -98.115318763534233, 20.098499438989684 ], [ -98.11625858647875, 20.102005742794589 ], [ -98.122692124846751, 20.105257157343964 ], [ -98.12754194573111, 20.104346214298989 ], [ -98.128072062635042, 20.107235863543597 ], [ -98.129971033745363, 20.10682632322769 ], [ -98.129887551345433, 20.114452219975785 ], [ -98.12640861311246, 20.123173934825129 ], [ -98.119646674208752, 20.119824436607232 ], [ -98.112085741244513, 20.120460228386268 ], [ -98.105092321734134, 20.129104518539719 ], [ -98.106716602871529, 20.136862526391912 ], [ -98.100832340332104, 20.146972343657204 ], [ -98.106116939920895, 20.143065587409563 ], [ -98.121066875756526, 20.146575023705843 ], [ -98.135115077768461, 20.14542551235829 ], [ -98.139520120705143, 20.150641581466164 ], [ -98.139874570643713, 20.154939352541536 ] ] ] } },
{ "type": "Feature", "properties": { "cve_edo": "21", "cve_mpo_ine": "073", "cve_edo_mpo_ine": "21073", "nom_mpo": "HUEHUETLA", "nom_edo": "Puebla", "alianza_ganadora": "Va por México", "margen_pp": 54.488870133980377, "por_participacion": 79.561859996642596 }, "geometry": { "type": "MultiPolygon", "coordinates": [ [ [ [ -97.606933172418152, 20.053402791246921 ], [ -97.593749766456654, 20.050559869009035 ], [ -97.589623874006293, 20.035850573066423 ], [ -97.590485063366103, 20.032526674412772 ], [ -97.600114123615, 20.027998360244307 ], [ -97.611335369690025, 20.031055642898114 ], [ -97.614393979436684, 20.024774423289966 ], [ -97.617245161983945, 20.026254185659518 ], [ -97.619618298258672, 20.023628037174603 ], [ -97.621161257667694, 20.033621236330273 ], [ -97.619667882403988, 20.038857354636733 ], [ -97.624382335977117, 20.041531163468395 ], [ -97.620097900590423, 20.046034265093944 ], [ -97.619302469000786, 20.051557371334479 ], [ -97.610518163905482, 20.057119937587633 ], [ -97.606933172418152, 20.053402791246921 ] ] ], [ [ [ -97.595900558557119, 20.111967001193619 ], [ -97.591662584016589, 20.113564217613288 ], [ -97.587298143998069, 20.111800710553556 ], [ -97.581182932156594, 20.107597101783327 ], [ -97.578203650020654, 20.102465617710237 ], [ -97.580395754590583, 20.096977732031966 ], [ -97.583818651110661, 20.095011167290927 ], [ -97.587429238959956, 20.097483771477211 ], [ -97.59027244299034, 20.096017801614877 ], [ -97.600800304969269, 20.098913360074153 ], [ -97.604271381909655, 20.093833884761633 ], [ -97.608103877288954, 20.092860757359951 ], [ -97.612776786008808, 20.082090103557288 ], [ -97.607863427895268, 20.071947437649115 ], [ -97.613081533246529, 20.06835305171526 ], [ -97.617554175052021, 20.069797272014693 ], [ -97.614952735724273, 20.072037070474405 ], [ -97.615772488346352, 20.073983389365139 ], [ -97.624269628791694, 20.078090932817155 ], [ -97.625889318610788, 20.075841990785243 ], [ -97.633740334483022, 20.077752962009185 ], [ -97.636115844762202, 20.075666094858889 ], [ -97.653310173409366, 20.073959917059998 ], [ -97.665634966116471, 20.075597388836467 ], [ -97.66072726162929, 20.084627997499432 ], [ -97.662831989349684, 20.104826522128906 ], [ -97.660273455007527, 20.10446631580006 ], [ -97.661268861991502, 20.106577543459434 ], [ -97.657562875732708, 20.110539006179526 ], [ -97.651783996387834, 20.103306662747123 ], [ -97.6489387563919, 20.104068201903459 ], [ -97.6509956398789, 20.110697284167138 ], [ -97.645869042043046, 20.107196197926257 ], [ -97.642095888939551, 20.108584810105473 ], [ -97.638384763253399, 20.128563838361924 ], [ -97.642705997663541, 20.134434601834283 ], [ -97.639749576955595, 20.136897904798342 ], [ -97.630330837228144, 20.136447266496596 ], [ -97.622381379181576, 20.140926999158641 ], [ -97.62803138615233, 20.144343190571686 ], [ -97.625791297718095, 20.15269523510468 ], [ -97.623062259652073, 20.153746189671768 ], [ -97.622842434828087, 20.157689485555562 ], [ -97.624881019174012, 20.158841303064197 ], [ -97.622226574170682, 20.165037480499475 ], [ -97.623633194819007, 20.168516263684321 ], [ -97.621367399744258, 20.169066917527775 ], [ -97.619602958407427, 20.180943694061394 ], [ -97.614619838578719, 20.186487192392253 ], [ -97.609611038557233, 20.1839388207243 ], [ -97.608819156586293, 20.176118942802191 ], [ -97.611997410084058, 20.16789217177589 ], [ -97.606677220931658, 20.15751691223365 ], [ -97.613402677139248, 20.156372009063571 ], [ -97.614620136606874, 20.154055424811386 ], [ -97.608343355426598, 20.151277895403176 ], [ -97.606318041151511, 20.144230306319141 ], [ -97.601910495104818, 20.140618716422733 ], [ -97.605435670679853, 20.131647616507419 ], [ -97.603317159415781, 20.123259769301725 ], [ -97.595900558557119, 20.111967001193619 ] ] ] ] } },
{ "type": "Feature", "properties": { "cve_edo": "21", "cve_mpo_ine": "074", "cve_edo_mpo_ine": "21074", "nom_mpo": "HUEHUETLAN EL CHICO", "nom_edo": "Puebla", "alianza_ganadora": "Juntos Haremos Historia", "margen_pp": 9.0806964987829986, "por_participacion": 71.356045424181701 }, "geometry": { "type": "MultiPolygon", "coordinates": [ [ [ [ -98.771491900025921, 18.280944435184196 ], [ -98.775588528558004, 18.29193794750811 ], [ -98.773110978287761, 18.294757336324519 ], [ -98.774817185545444, 18.301496007504017 ], [ -98.769968085140505, 18.304817829863691 ], [ -98.767458337366378, 18.2854224438824 ], [ -98.737582185317947, 18.283137538833639 ], [ -98.73803369253406, 18.280157954153218 ], [ -98.751004253421556, 18.266847523882642 ], [ -98.761405451813857, 18.262726390357301 ], [ -98.775063793768098, 18.262691831147304 ], [ -98.773573066677969, 18.266129232334343 ], [ -98.778230915913113, 18.271135505471051 ], [ -98.771491900025921, 18.280944435184196 ] ] ], [ [ [ -98.767901295638467, 18.458540834759251 ], [ -98.763701873795256, 18.460617273944226 ], [ -98.74870337705056, 18.453655110052814 ], [ -98.738794942058206, 18.455001142385797 ], [ -98.735063268124151, 18.443317338142766 ], [ -98.722416985643108, 18.435406737441276 ], [ -98.715830035926444, 18.433936125271533 ], [ -98.716860994747037, 18.425985839295706 ], [ -98.713086372324412, 18.422178127843633 ], [ -98.716248000077314, 18.419678591141732 ], [ -98.715672952745635, 18.414905622733304 ], [ -98.712885633044806, 18.410941239563169 ], [ -98.710043093551434, 18.411204982548316 ], [ -98.706624797046189, 18.415609074456256 ], [ -98.700709434481027, 18.4160097999752 ], [ -98.698464265215833, 18.419305369215955 ], [ -98.690660076956263, 18.420286875742537 ], [ -98.688498038138221, 18.411144089676764 ], [ -98.68206313063088, 18.410351236011977 ], [ -98.672036580222894, 18.393600718426196 ], [ -98.674035747774639, 18.382674894167323 ], [ -98.665148529521474, 18.384455812886902 ], [ -98.654488569193632, 18.38247424030412 ], [ -98.653194302177681, 18.377940709425904 ], [ -98.656323707705113, 18.377240589257379 ], [ -98.654153549874451, 18.366274900702379 ], [ -98.647401656646821, 18.364385762387744 ], [ -98.642893330231999, 18.35505568584469 ], [ -98.637861505534275, 18.354509481538464 ], [ -98.636852635227953, 18.352012230833548 ], [ -98.643064140702847, 18.342371239079842 ], [ -98.645300886197589, 18.344009702797212 ], [ -98.646767041213707, 18.342655742166734 ], [ -98.642989892217102, 18.33067939675124 ], [ -98.656942860919187, 18.32666795827414 ], [ -98.664664532858623, 18.329561013368995 ], [ -98.664715397038222, 18.325747366600648 ], [ -98.669367085865886, 18.324340712108384 ], [ -98.678931400257497, 18.328038439438188 ], [ -98.679638672503884, 18.322738517749833 ], [ -98.704740879172675, 18.311863909069462 ], [ -98.70743746563592, 18.322626719277906 ], [ -98.721315759938562, 18.328642709392337 ], [ -98.72840131526084, 18.34048223084007 ], [ -98.734502246924805, 18.343440431907627 ], [ -98.733706940418813, 18.355663220297529 ], [ -98.741683902979162, 18.361416102063 ], [ -98.74654418848192, 18.370829989714039 ], [ -98.749661928830946, 18.36712719979754 ], [ -98.755638764058247, 18.366310921974318 ], [ -98.757608049047676, 18.370847694219592 ], [ -98.76082283692871, 18.36859662690232 ], [ -98.759267408658189, 18.363400308737354 ], [ -98.768620777071774, 18.356562280378924 ], [ -98.781193003448053, 18.365478420174458 ], [ -98.785457423308969, 18.371327476906494 ], [ -98.781808769766243, 18.387060214344455 ], [ -98.776286881625325, 18.39491290508046 ], [ -98.781558818716121, 18.398628019689617 ], [ -98.785558184570689, 18.392529664513752 ], [ -98.793617201264183, 18.390045398727704 ], [ -98.795800123767989, 18.392416508861306 ], [ -98.794970256930497, 18.403105256746915 ], [ -98.797090779187954, 18.409550002269285 ], [ -98.793980062093667, 18.41271466573501 ], [ -98.796036474748604, 18.415054536039591 ], [ -98.794204879479452, 18.422459218047603 ], [ -98.795482581574987, 18.431425403832399 ], [ -98.774125388609946, 18.443091706506049 ], [ -98.776071237393936, 18.449576548379635 ], [ -98.779275158756604, 18.448278616271054 ], [ -98.780988311592935, 18.450283907507437 ], [ -98.779084574290806, 18.458724207562753 ], [ -98.773290634088468, 18.458589328752407 ], [ -98.769143837265233, 18.452001741058467 ], [ -98.764162459929977, 18.45179098461762 ], [ -98.764232782320875, 18.455356966727372 ], [ -98.767901295638467, 18.458540834759251 ] ] ] ] } },
{ "type": "Feature", "properties": { "cve_edo": "21", "cve_mpo_ine": "075", "cve_edo_mpo_ine": "21075", "nom_mpo": "HUEHUETLAN EL GRANDE", "nom_edo": "Puebla", "alianza_ganadora": "Movimiento Ciudadano", "margen_pp": 19.861431870669747, "por_participacion": 8.7298387096774199 }, "geometry": { "type": "Polygon", "coordinates": [ [ [ -98.119944444444329, 18.816138888913436 ], [ -98.116222222222106, 18.812055555579995 ], [ -98.115111111110991, 18.805861111135471 ], [ -98.120138888888761, 18.801750000024381 ], [ -98.117972676156, 18.797257802919859 ], [ -98.112836133764944, 18.794390555186542 ], [ -98.110790486776978, 18.77937619595205 ], [ -98.107664018887064, 18.777463911244904 ], [ -98.106611111110979, 18.781083333357493 ], [ -98.104833333333218, 18.778305555579738 ], [ -98.099829140967984, 18.778097137870123 ], [ -98.098298780451785, 18.785767675913291 ], [ -98.088657946753543, 18.792299377060839 ], [ -98.082977343094782, 18.792846464236739 ], [ -98.082228218700394, 18.788880524178207 ], [ -98.084642362127738, 18.787911535468588 ], [ -98.085920884987303, 18.781616294806927 ], [ -98.079211376055, 18.772270332507382 ], [ -98.082832902102766, 18.768742194473887 ], [ -98.08525332490882, 18.757524146197046 ], [ -98.094846478906106, 18.75771555774249 ], [ -98.098277014068273, 18.764067025358951 ], [ -98.10408736606999, 18.766130478987815 ], [ -98.107481176962963, 18.763792663960402 ], [ -98.109567557321284, 18.756334246271599 ], [ -98.10580411260905, 18.752646354729649 ], [ -98.106527777777643, 18.746722222246095 ], [ -98.101909788700212, 18.742156470922986 ], [ -98.108613694830012, 18.736688457093532 ], [ -98.114509332819139, 18.737670699524255 ], [ -98.116572101261539, 18.734551777022858 ], [ -98.120856019595834, 18.733994829435229 ], [ -98.121252206560087, 18.731537372715863 ], [ -98.1237708790011, 18.732266614206523 ], [ -98.127197987835416, 18.726003430341038 ], [ -98.132805555555422, 18.722972222245936 ], [ -98.125194444444318, 18.719916666690288 ], [ -98.108543188969605, 18.71955308881854 ], [ -98.1053369639735, 18.721246396936117 ], [ -98.102883882547687, 18.731220818256325 ], [ -98.097388990540068, 18.736286964635443 ], [ -98.09064315297104, 18.727689175989809 ], [ -98.08123358712912, 18.721476821660538 ], [ -98.073052855274653, 18.721177035953641 ], [ -98.072331320054644, 18.713868058777248 ], [ -98.077344186478769, 18.702687704905259 ], [ -98.093580254126294, 18.701645545131107 ], [ -98.094273897561962, 18.699430177197556 ], [ -98.100563380881852, 18.697913937647488 ], [ -98.106131100006166, 18.693426801950753 ], [ -98.111119827998309, 18.693185460796013 ], [ -98.118260423175087, 18.699283602396662 ], [ -98.129061247284881, 18.703303683119955 ], [ -98.133164391423563, 18.700468454966494 ], [ -98.13799775985477, 18.700893983010676 ], [ -98.14428438463554, 18.695143865408895 ], [ -98.147332072801944, 18.696109240972721 ], [ -98.152624638385035, 18.692208072410384 ], [ -98.162568117536338, 18.69052022338013 ], [ -98.171478958254383, 18.676947258074794 ], [ -98.170754748676458, 18.669314350893384 ], [ -98.177228309451436, 18.671319349902543 ], [ -98.183909667426178, 18.675108877485421 ], [ -98.1904123969029, 18.684765978553209 ], [ -98.197821717087365, 18.69020563321892 ], [ -98.199226325393795, 18.69700145890863 ], [ -98.206140494143682, 18.706858613521252 ], [ -98.21831072873573, 18.715538678765384 ], [ -98.219095291535723, 18.720182827795064 ], [ -98.204157915714759, 18.724613025615955 ], [ -98.190376868740628, 18.725818529617012 ], [ -98.19065832197343, 18.728433785658595 ], [ -98.204229867698331, 18.734510784111677 ], [ -98.206946562928366, 18.740118216642895 ], [ -98.210398518577762, 18.741677799950761 ], [ -98.208457845379726, 18.743335077339299 ], [ -98.210423587708746, 18.746044580092796 ], [ -98.21520861537708, 18.747538326465804 ], [ -98.224168865657603, 18.745919752652775 ], [ -98.232146803264172, 18.753593893483362 ], [ -98.23634597438776, 18.754765058997645 ], [ -98.235381858298396, 18.758941958025833 ], [ -98.222083510796821, 18.761263844595067 ], [ -98.219137904495483, 18.758904993009338 ], [ -98.218475876502808, 18.766778043666847 ], [ -98.215871690347868, 18.76711646355044 ], [ -98.210363036573824, 18.776408296588443 ], [ -98.193738507215258, 18.785343593818308 ], [ -98.200801125872346, 18.788400311928175 ], [ -98.200875199914847, 18.791210013473886 ], [ -98.19589289307315, 18.803107683503757 ], [ -98.189552774068503, 18.808061396898385 ], [ -98.189425995837297, 18.813637021315973 ], [ -98.195324779474205, 18.821766069472673 ], [ -98.190975266577496, 18.837275034907677 ], [ -98.192608471835101, 18.844200871332752 ], [ -98.184330404488719, 18.842566088538593 ], [ -98.179259401243343, 18.836358255770357 ], [ -98.177562733684638, 18.840068599035753 ], [ -98.174792102897129, 18.837748275465053 ], [ -98.167843155677645, 18.836983786046137 ], [ -98.164394291752501, 18.843743522111623 ], [ -98.159539192100752, 18.841168770546368 ], [ -98.154427302120311, 18.844083739644692 ], [ -98.152527703573924, 18.841394305813886 ], [ -98.150027466108682, 18.843326643629016 ], [ -98.150268187489459, 18.839984121018162 ], [ -98.146910066754543, 18.840478255021949 ], [ -98.148694405381534, 18.831556441786766 ], [ -98.146321592828087, 18.827794934319197 ], [ -98.14858729981259, 18.827741506375766 ], [ -98.152720188684043, 18.813452942116648 ], [ -98.149835062699026, 18.80800231539115 ], [ -98.141828095716136, 18.804373656368195 ], [ -98.128757127733152, 18.808789047146316 ], [ -98.119944444444329, 18.816138888913436 ] ] ] } },
{ "type": "Feature", "properties": { "cve_edo": "21", "cve_mpo_ine": "076", "cve_edo_mpo_ine": "21076", "nom_mpo": "HUEJOTZINGO", "nom_edo": "Puebla", "alianza_ganadora": "Juntos Haremos Historia", "margen_pp": 6.8531259347891114, "por_participacion": 56.158446445370245 }, "geometry": { "type": "Polygon", "coordinates": [ [ [ -98.641845034852864, 19.181027459130114 ], [ -98.636551473435929, 19.168441499314884 ], [ -98.616594848081888, 19.170016730212282 ], [ -98.601332782304297, 19.167470422276615 ], [ -98.588663788662629, 19.171404789892375 ], [ -98.587226669959932, 19.164682076396343 ], [ -98.580163305892839, 19.160237724951514 ], [ -98.573345510575038, 19.161637218905927 ], [ -98.571638997467375, 19.159196401113025 ], [ -98.543756886593982, 19.167547828484 ], [ -98.550453577970373, 19.16050929224091 ], [ -98.539313288330007, 19.163151566580009 ], [ -98.513579208282678, 19.164092026088948 ], [ -98.508284171780218, 19.167686623632221 ], [ -98.49266910182881, 19.168627109822463 ], [ -98.472529502256734, 19.181063817122904 ], [ -98.463341869436249, 19.190410163001943 ], [ -98.453285643015306, 19.192477094334699 ], [ -98.452204592311446, 19.203010070457619 ], [ -98.444804112593005, 19.202890674749458 ], [ -98.44035876849739, 19.205080787178542 ], [ -98.439062487548611, 19.215739959713542 ], [ -98.442049759330416, 19.23316746794908 ], [ -98.433536948256275, 19.232575720427427 ], [ -98.426205234571825, 19.235388621800706 ], [ -98.423468079195729, 19.229142798041522 ], [ -98.41677164345117, 19.2266533383075 ], [ -98.414365698521465, 19.233484080167081 ], [ -98.406219093253156, 19.229685747682463 ], [ -98.405696784710059, 19.207957385872678 ], [ -98.383838948622781, 19.232173931435248 ], [ -98.376256599722311, 19.225820032642886 ], [ -98.373552619985887, 19.228765366531892 ], [ -98.333659909697275, 19.196061448013836 ], [ -98.340006943991924, 19.186206242071684 ], [ -98.345449404877741, 19.191717502938001 ], [ -98.352121955277255, 19.182550441604722 ], [ -98.355097534856085, 19.184750714122597 ], [ -98.359677799491237, 19.182383797239876 ], [ -98.361379332095538, 19.162045954408065 ], [ -98.367929714525673, 19.148130337200136 ], [ -98.372458311655024, 19.149789468007171 ], [ -98.375622403461946, 19.134887310003997 ], [ -98.386083727806906, 19.127739581743857 ], [ -98.381291079275059, 19.117143843435517 ], [ -98.382209684256367, 19.115286041033617 ], [ -98.404578191797441, 19.127943368222414 ], [ -98.41038707038291, 19.120270900299083 ], [ -98.399058251578168, 19.113034037629159 ], [ -98.400092608331946, 19.110764513543934 ], [ -98.412380730991259, 19.115194356605823 ], [ -98.410634177050227, 19.122749746824088 ], [ -98.41351678382091, 19.127445411547384 ], [ -98.41860006799233, 19.12884251135895 ], [ -98.414293166924665, 19.135598411232934 ], [ -98.432500356751049, 19.137704118399597 ], [ -98.426258060759295, 19.14451799170142 ], [ -98.446729998765591, 19.144184587610841 ], [ -98.447951478963461, 19.15021792928982 ], [ -98.462307764969978, 19.144420030274425 ], [ -98.481702844382056, 19.145408611722743 ], [ -98.477533513367803, 19.144115446093842 ], [ -98.475481473338775, 19.139328154098365 ], [ -98.469886981413509, 19.135782837336965 ], [ -98.462607761524268, 19.133581059947581 ], [ -98.464945183704415, 19.12467653630199 ], [ -98.456332718523541, 19.120727737248259 ], [ -98.460229625848513, 19.118916787119499 ], [ -98.49474895599802, 19.12761104911171 ], [ -98.508610829166571, 19.126512493667754 ], [ -98.516072208174563, 19.130782139445373 ], [ -98.527742262788209, 19.132068305219786 ], [ -98.551616569981618, 19.142258674067488 ], [ -98.560378735496244, 19.141675657409664 ], [ -98.567728398561727, 19.144203606066991 ], [ -98.574162135640805, 19.139910490253371 ], [ -98.579164816046188, 19.145410287272135 ], [ -98.588139960409251, 19.146023259805375 ], [ -98.590658569270218, 19.142962800975216 ], [ -98.59360341903475, 19.144122788903672 ], [ -98.604001759529467, 19.140170632161258 ], [ -98.604504528119378, 19.143143953435381 ], [ -98.610745049602244, 19.143710375314289 ], [ -98.614830771758236, 19.147783368678805 ], [ -98.635481747888463, 19.153367225762452 ], [ -98.639761409598421, 19.143656593505789 ], [ -98.650334739415982, 19.136169293318183 ], [ -98.652215917352777, 19.131425075399537 ], [ -98.641845034852864, 19.181027459130114 ] ] ] } },
{ "type": "Feature", "properties": { "cve_edo": "21", "cve_mpo_ine": "077", "cve_edo_mpo_ine": "21077", "nom_mpo": "HUEYAPAN", "nom_edo": "Puebla", "alianza_ganadora": "Juntos Haremos Historia", "margen_pp": 4.2979942693409745, "por_participacion": 67.420454545454547 }, "geometry": { "type": "Polygon", "coordinates": [ [ [ -97.449935744118307, 19.866686283667168 ], [ -97.45243676209185, 19.86601190894697 ], [ -97.456619116331694, 19.86869951391342 ], [ -97.45632185691278, 19.877781207450248 ], [ -97.451737349154428, 19.886044852881053 ], [ -97.453091097809718, 19.88908996028907 ], [ -97.449937093373919, 19.894271673378316 ], [ -97.449880434914022, 19.902488922147167 ], [ -97.441270215959321, 19.91169992718876 ], [ -97.437790521087891, 19.923447787869737 ], [ -97.429228377458372, 19.925103849226829 ], [ -97.423041694730529, 19.930315344495188 ], [ -97.413067086747503, 19.932852594639527 ], [ -97.414950795585014, 19.939621008725073 ], [ -97.411889418292091, 19.941793413561896 ], [ -97.410203133388023, 19.940109217103878 ], [ -97.406039558374076, 19.940814923102124 ], [ -97.405222449663427, 19.948440770262827 ], [ -97.397126019639799, 19.950269267363893 ], [ -97.392685771649994, 19.956669397633174 ], [ -97.394451965376533, 19.963394436752246 ], [ -97.391753067867299, 19.971892952912029 ], [ -97.398393703980489, 19.984947959341127 ], [ -97.392133088093701, 19.991767641163747 ], [ -97.395682041633151, 19.995139747624975 ], [ -97.395475503085521, 19.998287376557496 ], [ -97.37834593085492, 19.989358012732477 ], [ -97.373307051402804, 19.982508706484104 ], [ -97.373571088691364, 19.978559026445964 ], [ -97.376935779056893, 19.976938438180987 ], [ -97.373835134827786, 19.97780394674373 ], [ -97.375859091704584, 19.972121286593001 ], [ -97.372338753998847, 19.971082106686524 ], [ -97.371070636035554, 19.967804553783989 ], [ -97.372865350004943, 19.960630935174677 ], [ -97.364882035579228, 19.938623554112766 ], [ -97.369860673510374, 19.930788829971831 ], [ -97.364805604355709, 19.909956894753321 ], [ -97.368506598306027, 19.908375845584683 ], [ -97.367065888005527, 19.905291641028676 ], [ -97.369850460739343, 19.900966851182972 ], [ -97.37762380861102, 19.902892007691047 ], [ -97.385165512659555, 19.896592776191238 ], [ -97.393244677732753, 19.896746986444143 ], [ -97.399075433322395, 19.884094840015216 ], [ -97.403139696903651, 19.880743814882742 ], [ -97.40388304713818, 19.875140458863822 ], [ -97.398753206768149, 19.872110275450218 ], [ -97.405732201352976, 19.870425498621024 ], [ -97.41521355979863, 19.862674663550425 ], [ -97.431064208225067, 19.86271377955898 ], [ -97.437364867769617, 19.859457740506983 ], [ -97.449935744118307, 19.866686283667168 ] ] ] } },
{ "type": "Feature", "properties": { "cve_edo": "21", "cve_mpo_ine": "078", "cve_edo_mpo_ine": "21078", "nom_mpo": "HUEYTAMALCO", "nom_edo": "Puebla", "alianza_ganadora": "Va por México", "margen_pp": 34.45179584120983, "por_participacion": 62.93872694824509 }, "geometry": { "type": "Polygon", "coordinates": [ [ [ -97.366510061928807, 20.027807718763746 ], [ -97.371442143024865, 20.044622024909486 ], [ -97.36789001825727, 20.054604075642004 ], [ -97.369428694379266, 20.064023330252358 ], [ -97.372425650433286, 20.068321989335093 ], [ -97.367699123384114, 20.081164750726824 ], [ -97.373742628395362, 20.092769532109884 ], [ -97.373922768984457, 20.102904417268647 ], [ -97.379809045273959, 20.113764732655383 ], [ -97.37997575487536, 20.116733188478452 ], [ -97.377208259863735, 20.11775179903935 ], [ -97.375294366527569, 20.130112303026753 ], [ -97.382095316405696, 20.139301263051752 ], [ -97.380468852842441, 20.146683863927368 ], [ -97.375554329535021, 20.152233416426718 ], [ -97.370251505869348, 20.154274772881173 ], [ -97.362292059486421, 20.147246187945825 ], [ -97.355460006703751, 20.147102790767025 ], [ -97.350212652990905, 20.144216178788227 ], [ -97.335298280446963, 20.152827504419594 ], [ -97.324945518968192, 20.15386362919897 ], [ -97.32432533668576, 20.156911256983356 ], [ -97.33083450819862, 20.159941794702977 ], [ -97.32699577848345, 20.160864204184989 ], [ -97.321891569437739, 20.166943883666736 ], [ -97.322069811781574, 20.179549576639257 ], [ -97.318220372283704, 20.194548883104289 ], [ -97.279403640764343, 20.195610265074816 ], [ -97.290218693281304, 20.190260530685954 ], [ -97.291217765844166, 20.187479425082856 ], [ -97.288381494726835, 20.178775923570313 ], [ -97.283313842333172, 20.175630004844894 ], [ -97.288652755014212, 20.164531714322468 ], [ -97.283218619432901, 20.157054449298581 ], [ -97.289110112198472, 20.14728469037949 ], [ -97.284915948746161, 20.141767142137113 ], [ -97.288140604703585, 20.131121943413447 ], [ -97.287402094981942, 20.125177192557352 ], [ -97.28119374555267, 20.123450602977943 ], [ -97.276212089356619, 20.119194281144832 ], [ -97.266448600699107, 20.104631190603541 ], [ -97.263697140940025, 20.094899441834912 ], [ -97.266604428146266, 20.087872570705045 ], [ -97.273917912111742, 20.087191259220482 ], [ -97.277214196436134, 20.08350761269871 ], [ -97.286610139008104, 20.083648690205713 ], [ -97.300519486587817, 20.075392500801208 ], [ -97.305662816285874, 20.067501927191973 ], [ -97.303667171530762, 20.055272992206117 ], [ -97.299965326549056, 20.053801378775184 ], [ -97.293667352980052, 20.040871579095047 ], [ -97.290667423516979, 20.041884388381341 ], [ -97.290709151915891, 20.035007466093209 ], [ -97.284674094733077, 20.030978221271599 ], [ -97.275520118421738, 20.038172625347936 ], [ -97.270199778269586, 20.051165645948295 ], [ -97.264485298713211, 20.058467431964338 ], [ -97.255092043450631, 20.055771936944311 ], [ -97.226642707060122, 20.056778694438755 ], [ -97.212659022244523, 20.04909945356302 ], [ -97.209143297011622, 20.054480105343327 ], [ -97.206433084289984, 20.054896796296322 ], [ -97.210689054374129, 20.040237630347839 ], [ -97.203993827938589, 20.025229045360259 ], [ -97.207501666571787, 20.014359536334748 ], [ -97.224901282746842, 20.008679487493403 ], [ -97.225909944197767, 20.001195981750154 ], [ -97.232743583258753, 19.998513266608509 ], [ -97.239752510492707, 19.987807292308709 ], [ -97.253739222333877, 19.98346835341513 ], [ -97.261443379258324, 19.975793665888535 ], [ -97.260305020757954, 19.973999843147183 ], [ -97.268116245906455, 19.959872771511201 ], [ -97.269174361779235, 19.946744606768021 ], [ -97.264220330023534, 19.944053722764824 ], [ -97.259910279993974, 19.933715031149212 ], [ -97.256257798774186, 19.932418514533797 ], [ -97.260238402492178, 19.927436457702001 ], [ -97.255201582713525, 19.92503090254532 ], [ -97.26157263434672, 19.918988295493453 ], [ -97.26356695122692, 19.922393936999402 ], [ -97.270465634339658, 19.920525627219874 ], [ -97.271628902324011, 19.916203441441397 ], [ -97.276995118457634, 19.915681145250399 ], [ -97.281767754652577, 19.911520017610481 ], [ -97.282170254426532, 19.9074375581251 ], [ -97.287100667779143, 19.904557535885512 ], [ -97.286895478259581, 19.902408916451709 ], [ -97.289099070701553, 19.903174592133258 ], [ -97.290889530678896, 19.899849372100093 ], [ -97.292337570170716, 19.90048341364718 ], [ -97.296131669800616, 19.890390271369817 ], [ -97.291345929805885, 19.887057524894068 ], [ -97.300034443298372, 19.881738823428105 ], [ -97.301347625698085, 19.876487787794758 ], [ -97.310305555555118, 19.875944444479575 ], [ -97.320611111110694, 19.868138888923951 ], [ -97.326285421214507, 19.869510782181891 ], [ -97.332270305298294, 19.865259207707513 ], [ -97.332859090186446, 19.867576793410787 ], [ -97.341100468637606, 19.871810854824854 ], [ -97.341790697268934, 19.877383988406358 ], [ -97.337460748785091, 19.880637714717718 ], [ -97.33847642109501, 19.897584171964343 ], [ -97.332936933963566, 19.907857400345844 ], [ -97.331734800715282, 19.917142323380251 ], [ -97.326755717158036, 19.92067162806584 ], [ -97.323130757730524, 19.928757004428064 ], [ -97.323040036637281, 19.935303667126178 ], [ -97.340647899445557, 19.930450055091672 ], [ -97.338506554960972, 19.940005449276949 ], [ -97.343073003864831, 19.954712999413058 ], [ -97.33963085110382, 19.959878029909056 ], [ -97.341312965474756, 19.962875354072775 ], [ -97.347554716043746, 19.965465078479358 ], [ -97.347123761495311, 19.969039996380243 ], [ -97.342749746377905, 19.971551530666236 ], [ -97.347090845141778, 19.978223636059063 ], [ -97.357268772512342, 19.977057554565665 ], [ -97.354085174764577, 19.970778284696099 ], [ -97.362069686658913, 19.971135355755376 ], [ -97.362631006847863, 19.964350397317766 ], [ -97.369341648686998, 19.961676508556202 ], [ -97.368245886375476, 19.95333638616798 ], [ -97.370238571265944, 19.952920930668153 ], [ -97.372865350004943, 19.960630935174677 ], [ -97.371070636035554, 19.967804553783989 ], [ -97.372338753998847, 19.971082106686524 ], [ -97.375870116847864, 19.972301827663191 ], [ -97.373752324180359, 19.983464361551562 ], [ -97.370428922749682, 19.988549863038727 ], [ -97.371787841663988, 19.995576995660819 ], [ -97.367714201146526, 20.000277604452886 ], [ -97.369261952936057, 20.006690535642328 ], [ -97.366510061928807, 20.027807718763746 ] ] ] } },
{ "type": "Feature", "properties": { "cve_edo": "21", "cve_mpo_ine": "079", "cve_edo_mpo_ine": "21079", "nom_mpo": "HUEYTLALPAN", "nom_edo": "Puebla", "alianza_ganadora": "Va por México", "margen_pp": 18.917394981674654, "por_participacion": 79.636281993713524 }, "geometry": { "type": "Polygon", "coordinates": [ [ [ -97.705571138853415, 20.048825119208971 ], [ -97.69377777777747, 20.041888888926014 ], [ -97.694499999999692, 20.045166666703832 ], [ -97.689666666666341, 20.049222222259434 ], [ -97.689277777777463, 20.052972222259552 ], [ -97.681434169537312, 20.051825674521616 ], [ -97.683573178619994, 20.058656248101553 ], [ -97.677621311427572, 20.063873378367987 ], [ -97.676854203700614, 20.076741885048691 ], [ -97.674889966878411, 20.07994761379533 ], [ -97.670651042131354, 20.080841375831042 ], [ -97.670961688404859, 20.086483480584405 ], [ -97.668814769904643, 20.087407691923978 ], [ -97.661090006102455, 20.0886514084434 ], [ -97.660840437729362, 20.08375595427707 ], [ -97.665634966116471, 20.075597388836467 ], [ -97.653310173409366, 20.073959917059998 ], [ -97.636958406107652, 20.075661833285135 ], [ -97.63835598771422, 20.067789726792423 ], [ -97.647063747536635, 20.064600656161396 ], [ -97.64732634452271, 20.054321343360414 ], [ -97.652165328643221, 20.056542854843968 ], [ -97.657688813924409, 20.043470999253504 ], [ -97.66072559334296, 20.042947251676175 ], [ -97.664064676338896, 20.038569681279366 ], [ -97.659180177246284, 20.031788290966734 ], [ -97.66042740396631, 20.023918147876362 ], [ -97.65422222222189, 20.015444444481219 ], [ -97.6579722222219, 20.015472222259081 ], [ -97.658499999999663, 20.01222222225902 ], [ -97.653752869052838, 20.010412082280887 ], [ -97.65755177223474, 20.008399808190671 ], [ -97.668517497324956, 20.010568378905134 ], [ -97.679843004585976, 20.009172917543118 ], [ -97.684021570307308, 20.018230365629933 ], [ -97.688933527385842, 20.014523142638218 ], [ -97.696873253939671, 20.01352481563433 ], [ -97.704573879100693, 20.014805032849623 ], [ -97.71377849005475, 20.021771332957854 ], [ -97.716878888164999, 20.018801022403366 ], [ -97.726280496372652, 20.016647428982349 ], [ -97.73396046296881, 20.027253787035111 ], [ -97.7283993793815, 20.034275738929519 ], [ -97.72598862378149, 20.041850968900928 ], [ -97.71920539590613, 20.046918535531468 ], [ -97.705571138853415, 20.048825119208971 ] ] ] } },
{ "type": "Feature", "properties": { "cve_edo": "21", "cve_mpo_ine": "080", "cve_edo_mpo_ine": "21080", "nom_mpo": "HUITZILAN DE SERDAN", "nom_edo": "Puebla", "alianza_ganadora": "Va por México", "margen_pp": 10.106458481192336, "por_participacion": 68.785393477836365 }, "geometry": { "type": "Polygon", "coordinates": [ [ [ -97.660913613564134, 19.98952288164983 ], [ -97.663300206142097, 19.988229655004329 ], [ -97.651094552184645, 19.988644355600083 ], [ -97.660407667881358, 19.974477436219043 ], [ -97.678772421880581, 19.960443873754091 ], [ -97.680493903093804, 19.955795061638216 ], [ -97.686839199279845, 19.952704883233213 ], [ -97.690389084320429, 19.942038697270096 ], [ -97.690322599621908, 19.932048772343045 ], [ -97.689064952291332, 19.927327679332578 ], [ -97.686197801918297, 19.92642605230072 ], [ -97.685804307021286, 19.919919352730918 ], [ -97.693762686030496, 19.922543537103458 ], [ -97.698476274360146, 19.920163477411442 ], [ -97.699577436214838, 19.910252115527936 ], [ -97.707456146791941, 19.901144662894087 ], [ -97.709490297459425, 19.891188240902149 ], [ -97.717911062717221, 19.893270663529066 ], [ -97.728164683988211, 19.890205395441797 ], [ -97.732728430166546, 19.900095240107589 ], [ -97.74083322037248, 19.898612807006529 ], [ -97.746000556032882, 19.894530005784084 ], [ -97.753107449904462, 19.900595573923958 ], [ -97.762021201027025, 19.897948222399698 ], [ -97.764778394616172, 19.899802518690262 ], [ -97.767514897395614, 19.898755057459095 ], [ -97.764241290581069, 19.906354465299792 ], [ -97.764812415564151, 19.920944038119593 ], [ -97.768577474114679, 19.933033407770122 ], [ -97.767382884085606, 19.937473847167333 ], [ -97.773641198266816, 19.946982854740668 ], [ -97.767844640208196, 19.944892265819721 ], [ -97.75763648097427, 19.946550027516643 ], [ -97.74509200210592, 19.939842703706404 ], [ -97.740887238295926, 19.939817701601989 ], [ -97.733673200629781, 19.943742335325741 ], [ -97.737040397911059, 19.949284098698556 ], [ -97.726707859653359, 19.958402149549464 ], [ -97.724009729430293, 19.973750161495499 ], [ -97.710897182258805, 19.986732778723159 ], [ -97.711696396646516, 19.992616142449183 ], [ -97.708571401750049, 19.99698029313247 ], [ -97.703449833755656, 19.997181252801557 ], [ -97.695992790270751, 19.992171225532637 ], [ -97.682264650415135, 19.997991848311877 ], [ -97.676321893733018, 19.994356368374778 ], [ -97.670717983943064, 19.995075122565517 ], [ -97.668610398364564, 19.997634955535457 ], [ -97.659978907338356, 19.995768238333088 ], [ -97.660913613564134, 19.98952288164983 ] ] ] } },
{ "type": "Feature", "properties": { "cve_edo": "21", "cve_mpo_ine": "081", "cve_edo_mpo_ine": "21081", "nom_mpo": "HUITZILTEPEC", "nom_edo": "Puebla", "alianza_ganadora": "Juntos Haremos Historia", "margen_pp": 12.820512820512821, "por_participacion": 58.808042125418858 }, "geometry": { "type": "Polygon", "coordinates": [ [ [ -97.906480971987122, 18.763120887517957 ], [ -97.898860388725438, 18.776652870575973 ], [ -97.894032400913517, 18.775933293197472 ], [ -97.891444734610658, 18.785995055607426 ], [ -97.889534358205523, 18.801991979293636 ], [ -97.897277599966159, 18.817183673952012 ], [ -97.896481648743972, 18.837617040717262 ], [ -97.878485947847267, 18.834725717661975 ], [ -97.88031500138527, 18.830563578508578 ], [ -97.879170744138335, 18.822519552209542 ], [ -97.883892175891063, 18.822705873401976 ], [ -97.886787371731614, 18.813931128537078 ], [ -97.884541936733811, 18.804464391044302 ], [ -97.886087552327893, 18.800643435179875 ], [ -97.871450176541515, 18.796758322989962 ], [ -97.868619809258689, 18.791154589645178 ], [ -97.869326902079365, 18.785602824355454 ], [ -97.853326815936811, 18.781966404721828 ], [ -97.832070540717083, 18.782779458563194 ], [ -97.822402383796657, 18.776616502337266 ], [ -97.824724833201316, 18.76761123736738 ], [ -97.816043360273156, 18.759878689344418 ], [ -97.813036350713546, 18.753844215691831 ], [ -97.81634089458133, 18.748310365961803 ], [ -97.815246529730786, 18.739881016468988 ], [ -97.822197708315812, 18.727638993212654 ], [ -97.826838666219643, 18.72612031087472 ], [ -97.829270202144528, 18.727537222238126 ], [ -97.83194411728077, 18.724229956385678 ], [ -97.836328646115746, 18.724723763769386 ], [ -97.838694444444286, 18.730222222245963 ], [ -97.850305555555394, 18.742222222246081 ], [ -97.857499999999845, 18.734777777801572 ], [ -97.870857083358089, 18.734471684258715 ], [ -97.873709679858422, 18.739402444332043 ], [ -97.887388888888765, 18.741750000023831 ], [ -97.893999999999835, 18.746777777801672 ], [ -97.890990414741964, 18.748699123467617 ], [ -97.899127867738031, 18.764410393211143 ], [ -97.902436855083096, 18.766105875163213 ], [ -97.906480971987122, 18.763120887517957 ] ] ] } },
{ "type": "Feature", "properties": { "cve_edo": "21", "cve_mpo_ine": "083", "cve_edo_mpo_ine": "21083", "nom_mpo": "IXCAMILPA DE GUERRERO", "nom_edo": "Puebla", "alianza_ganadora": "Otros", "margen_pp": 2.1043000914913081, "por_participacion": 71.298108284409651 }, "geometry": { "type": "Polygon", "coordinates": [ [ [ -98.672296832469655, 18.069954417358161 ], [ -98.672891218508894, 18.067661785490866 ], [ -98.669629927380711, 18.066653192637986 ], [ -98.660370634836326, 18.067350161350575 ], [ -98.656632816229603, 18.052345425428609 ], [ -98.653273637860693, 18.052341237980297 ], [ -98.648684966928599, 18.04710093348611 ], [ -98.650332173420352, 18.044726644225811 ], [ -98.645128854424897, 18.036847577002067 ], [ -98.631824208762922, 18.037944323626892 ], [ -98.619714455319524, 18.033157531388746 ], [ -98.619225347779761, 18.039859182747715 ], [ -98.616550469462283, 18.043360424061184 ], [ -98.610299758281258, 18.043004548270225 ], [ -98.605952317248324, 18.039011036998343 ], [ -98.592566632991947, 18.042751397957321 ], [ -98.590695616137225, 18.041407419113153 ], [ -98.589001795759543, 18.044691058704505 ], [ -98.580211229989871, 18.045611784098295 ], [ -98.577395583462504, 18.051676728968317 ], [ -98.572848699388587, 18.053833217506487 ], [ -98.559930485221088, 18.049175297412617 ], [ -98.560346514691801, 18.035472492641187 ], [ -98.555525588194016, 18.031675426672301 ], [ -98.562672631097641, 18.024407951399048 ], [ -98.567478000754463, 18.024601665401061 ], [ -98.571021015482316, 18.027366621073654 ], [ -98.576386753603359, 18.02329266411239 ], [ -98.581716895831462, 18.024354266831462 ], [ -98.581447931208686, 18.015823283455546 ], [ -98.589059070692116, 18.009174689134742 ], [ -98.591665347817326, 18.009539841319722 ], [ -98.590719767152493, 18.005152457759344 ], [ -98.595441616259237, 17.999713073529115 ], [ -98.596114290705302, 17.994823947374073 ], [ -98.602314842035057, 17.996545076435954 ], [ -98.603086291063704, 18.000767263190397 ], [ -98.611430886150956, 18.002978701300933 ], [ -98.6153303696167, 18.007688358119047 ], [ -98.625065744388451, 18.010143480060592 ], [ -98.628100978615279, 18.015601057091992 ], [ -98.634130679782373, 18.017694467283924 ], [ -98.634468276081961, 18.01562257686621 ], [ -98.63766410396974, 18.018221758588272 ], [ -98.643322186761239, 18.015138978547242 ], [ -98.644435558212137, 17.993598739061991 ], [ -98.637534715776624, 17.990721495902452 ], [ -98.626013431704109, 17.989846394762189 ], [ -98.621944058566896, 17.985924386813807 ], [ -98.609871967248239, 17.991096854627092 ], [ -98.608354436132629, 17.98828509064851 ], [ -98.609777914093073, 17.983145148724098 ], [ -98.616291050605355, 17.977368467424078 ], [ -98.613194023165718, 17.970834059657975 ], [ -98.604263059660951, 17.966595061668929 ], [ -98.60261796747541, 17.962433375170768 ], [ -98.610944276982863, 17.956884627614656 ], [ -98.613652897393337, 17.94944391458624 ], [ -98.622533482173878, 17.94257212317325 ], [ -98.624251020652721, 17.941525317675588 ], [ -98.627620924704871, 17.944294694340293 ], [ -98.634288109306993, 17.942449666121917 ], [ -98.640168235181065, 17.935296123788568 ], [ -98.638851434741625, 17.933348507650852 ], [ -98.652233844724989, 17.933814129689697 ], [ -98.651747774394892, 17.936342206242184 ], [ -98.665639418907986, 17.945257462395652 ], [ -98.673394429745429, 17.943213643893543 ], [ -98.672786406546763, 17.949629430728343 ], [ -98.68099498318162, 17.955806299615052 ], [ -98.684800564628873, 17.955880609606751 ], [ -98.688280300788094, 17.961870898246193 ], [ -98.699841874268728, 17.962889387133423 ], [ -98.704430334392583, 17.966228134167917 ], [ -98.708583430016446, 17.963604240720702 ], [ -98.711802154525699, 17.970633772880664 ], [ -98.71345949796266, 17.96656901648446 ], [ -98.716794634145842, 17.973680879792376 ], [ -98.733005351448952, 17.982695134635499 ], [ -98.744860808431881, 17.985389446768256 ], [ -98.749221248727309, 17.983801429948887 ], [ -98.755475216220333, 17.990084107216973 ], [ -98.769073685985774, 17.989446216283977 ], [ -98.78784347050032, 18.000147400149668 ], [ -98.7917563077051, 17.999556713641759 ], [ -98.796409518140536, 18.00195828052329 ], [ -98.802060391207675, 18.008438236836277 ], [ -98.806141367272133, 18.003368923445684 ], [ -98.813995019078291, 18.000189401550454 ], [ -98.816805371127288, 18.005810709563473 ], [ -98.824542533525417, 18.006218241521157 ], [ -98.832043590583638, 18.010703623465123 ], [ -98.83040628565351, 18.024733472567942 ], [ -98.843425044652093, 18.034928500971098 ], [ -98.833572315380636, 18.045418606893755 ], [ -98.8356212031658, 18.055938926170569 ], [ -98.833856841328654, 18.063423827822806 ], [ -98.812975821177091, 18.065177209081018 ], [ -98.811695222185392, 18.074169912136512 ], [ -98.799894306960084, 18.086518221945262 ], [ -98.791079598709729, 18.084233842352507 ], [ -98.786749694942955, 18.097048701713188 ], [ -98.778038277985317, 18.103088106495743 ], [ -98.776465348989987, 18.111957393657079 ], [ -98.769813487291117, 18.113515418788715 ], [ -98.765915453298348, 18.120943911381545 ], [ -98.755210216184352, 18.122765328646434 ], [ -98.741082670861772, 18.112712203552022 ], [ -98.73663715237511, 18.115379189377784 ], [ -98.729624362358635, 18.114452143536951 ], [ -98.718522300531092, 18.117929623531282 ], [ -98.714606050069747, 18.110350599727372 ], [ -98.70746710171673, 18.105264604034655 ], [ -98.705224142521715, 18.106447384911007 ], [ -98.704556768222957, 18.112613938339422 ], [ -98.700971033617236, 18.113067802767123 ], [ -98.695975755493876, 18.099607391006121 ], [ -98.695560135065563, 18.090518235940596 ], [ -98.69272735528628, 18.08674724313537 ], [ -98.695799963879438, 18.082744431117714 ], [ -98.695037386435246, 18.077875410267616 ], [ -98.676913088024619, 18.069894232389693 ], [ -98.672296832469655, 18.069954417358161 ] ] ] } },
{ "type": "Feature", "properties": { "cve_edo": "21", "cve_mpo_ine": "084", "cve_edo_mpo_ine": "21084", "nom_mpo": "IXCAQUIXTLA", "nom_edo": "Puebla", "alianza_ganadora": "Juntos Haremos Historia", "margen_pp": 24.03968455863648, "por_participacion": 62.297939778129951 }, "geometry": { "type": "Polygon", "coordinates": [ [ [ -97.766624352852432, 18.484228359382843 ], [ -97.771549642584503, 18.479845562104867 ], [ -97.775543100053113, 18.46919742537527 ], [ -97.785972222222071, 18.465527777799338 ], [ -97.794549535692838, 18.455081630855169 ], [ -97.787780680651821, 18.453009262119377 ], [ -97.790427937106983, 18.451651368484097 ], [ -97.788850199269206, 18.445112539819132 ], [ -97.793632060844189, 18.445480575520417 ], [ -97.794296855618171, 18.443608065354905 ], [ -97.794850087546521, 18.445424348623781 ], [ -97.798846743881555, 18.444919995609901 ], [ -97.809015172171044, 18.435307992223905 ], [ -97.814892637168853, 18.442983863762883 ], [ -97.821815605045146, 18.440495807348469 ], [ -97.834479028760995, 18.44104405344833 ], [ -97.831808121725999, 18.427487163130941 ], [ -97.840465393713188, 18.424645470090056 ], [ -97.851347554520899, 18.433003982706921 ], [ -97.852825611756117, 18.437916087853839 ], [ -97.858356708740601, 18.438882922462714 ], [ -97.868307811325138, 18.431923228917945 ], [ -97.873376915434235, 18.438835409589267 ], [ -97.890730337799013, 18.445834345060074 ], [ -97.894051071027718, 18.449031478058707 ], [ -97.884395427180152, 18.474772516277369 ], [ -97.889136043141235, 18.489475223822971 ], [ -97.879976463238094, 18.49871961140234 ], [ -97.882932854655024, 18.503280249968892 ], [ -97.880972474056946, 18.516148702819748 ], [ -97.885960148196546, 18.525132725852703 ], [ -97.884436763998778, 18.52639705824549 ], [ -97.880184209701213, 18.518874462341888 ], [ -97.872387299483279, 18.516568575254876 ], [ -97.871792206162553, 18.51074103284537 ], [ -97.857527945726417, 18.513500324219113 ], [ -97.863869319501248, 18.525323409129111 ], [ -97.852233089374081, 18.532337651805403 ], [ -97.846670394399581, 18.530357325140109 ], [ -97.829538010761738, 18.53208136055515 ], [ -97.823303425509849, 18.525019047297857 ], [ -97.822216012484418, 18.529300513323282 ], [ -97.824249999999836, 18.533055555577651 ], [ -97.810666666666521, 18.536388888911052 ], [ -97.806563332717403, 18.532447772851349 ], [ -97.810329787941967, 18.525018918093465 ], [ -97.811883866358357, 18.514230493041929 ], [ -97.804903092011045, 18.510946826672871 ], [ -97.800963414287551, 18.515149244441407 ], [ -97.804846476111578, 18.517612919698433 ], [ -97.804568517691635, 18.52163300759813 ], [ -97.793904832817915, 18.520642905307618 ], [ -97.784557887400553, 18.528366486721911 ], [ -97.774749999999869, 18.531444444466562 ], [ -97.778805555555422, 18.517694444466393 ], [ -97.776861111110946, 18.513500000021949 ], [ -97.780083333333167, 18.499750000021947 ], [ -97.766624352852432, 18.484228359382843 ] ] ] } },
{ "type": "Feature", "properties": { "cve_edo": "21", "cve_mpo_ine": "085", "cve_edo_mpo_ine": "21085", "nom_mpo": "IXTACAMAXTITLAN", "nom_edo": "Puebla", "alianza_ganadora": "Juntos Haremos Historia", "margen_pp": 20.682288077188147, "por_participacion": 78.48334054521851 }, "geometry": { "type": "Polygon", "coordinates": [ [ [ -97.866544311667028, 19.532196859188279 ], [ -97.869067959481612, 19.535990346899844 ], [ -97.86676313859877, 19.542557369302958 ], [ -97.870179864647056, 19.546386927315215 ], [ -97.868513010732073, 19.551284140845187 ], [ -97.870254470451044, 19.559981917673273 ], [ -97.879907934085054, 19.570050082380991 ], [ -97.906291141397816, 19.578745367212409 ], [ -97.911615609079647, 19.583635522101932 ], [ -97.912387654843556, 19.589750664975409 ], [ -97.915337707235352, 19.592716750827403 ], [ -97.930100478343903, 19.587500089926895 ], [ -97.934174209569022, 19.589068871996325 ], [ -97.948015060840817, 19.585708988082636 ], [ -97.950909475859746, 19.588095854506474 ], [ -97.960605892546027, 19.609601961529663 ], [ -97.972407044461278, 19.622169833609131 ], [ -97.963744843359393, 19.627149126257251 ], [ -97.969453652039221, 19.637388689926333 ], [ -97.991601270496304, 19.647074342185267 ], [ -98.003368990340903, 19.647305190153972 ], [ -98.006133413528275, 19.645011143475749 ], [ -98.011086646793359, 19.644972890831774 ], [ -98.022988989742586, 19.648806374808998 ], [ -98.023942361433654, 19.657386849006574 ], [ -98.036427643201677, 19.679905837839684 ], [ -98.036446923567354, 19.686017432020389 ], [ -98.023418572502464, 19.706779532822022 ], [ -98.015142636162452, 19.725662773502787 ], [ -98.009373831318371, 19.725520825860077 ], [ -98.005770707481815, 19.727844738784928 ], [ -98.002795828911289, 19.724233789973049 ], [ -97.997977538971412, 19.728046924971778 ], [ -97.983596555419325, 19.721399192898016 ], [ -97.971766181016946, 19.710438332960251 ], [ -97.955363676836697, 19.709054990762304 ], [ -97.939606537821916, 19.710325666120049 ], [ -97.940260885522576, 19.717627164876383 ], [ -97.922243204411984, 19.723374000344823 ], [ -97.902985090626885, 19.719037434792753 ], [ -97.902179254411621, 19.723765345733362 ], [ -97.898923323559998, 19.724300584280734 ], [ -97.900443019350305, 19.728616544462952 ], [ -97.897131125887256, 19.730479082247694 ], [ -97.885014078125991, 19.718641277723524 ], [ -97.879021962389572, 19.717388829048172 ], [ -97.879561084795725, 19.727054692217919 ], [ -97.884464780747521, 19.738136760840145 ], [ -97.870262440600428, 19.731397387113674 ], [ -97.854919520514798, 19.739173564099474 ], [ -97.840664824112636, 19.735708798871634 ], [ -97.835901001606501, 19.739724866336523 ], [ -97.829968487340281, 19.739798234029287 ], [ -97.82728783247164, 19.73581170293842 ], [ -97.824090543039134, 19.737050822241667 ], [ -97.814953530662009, 19.732431046410227 ], [ -97.800709484800464, 19.736927391271497 ], [ -97.798437161593469, 19.733314519968072 ], [ -97.807729388128578, 19.721965465452531 ], [ -97.812185914461978, 19.704219584106465 ], [ -97.804416666666413, 19.703388888922142 ], [ -97.803888888888636, 19.700111111144285 ], [ -97.795136909591051, 19.694109705527794 ], [ -97.791196992655927, 19.707002870413682 ], [ -97.787188129778158, 19.710313862114038 ], [ -97.775144449525826, 19.703820138585058 ], [ -97.775492882929782, 19.698986383389862 ], [ -97.772426258518323, 19.699593717113693 ], [ -97.773489579099348, 19.689371381494034 ], [ -97.769609622109655, 19.682263353694474 ], [ -97.768982234609453, 19.671515654200483 ], [ -97.764498936612, 19.659015393457423 ], [ -97.759462106908686, 19.655902664296732 ], [ -97.762856500571473, 19.654005684737868 ], [ -97.762147335740849, 19.649320210245673 ], [ -97.752479189264079, 19.64434189209544 ], [ -97.749069293997451, 19.640005963352934 ], [ -97.742788451413048, 19.63897911531809 ], [ -97.74033357177899, 19.633893000572186 ], [ -97.729317863671724, 19.626553049021499 ], [ -97.717826959877328, 19.626191228494275 ], [ -97.714145862867198, 19.616589558900095 ], [ -97.710679708589083, 19.61362876345278 ], [ -97.704344056167017, 19.612725651775825 ], [ -97.696397873620143, 19.615033377393672 ], [ -97.695127001876813, 19.613505656325145 ], [ -97.699926684499474, 19.603973343553989 ], [ -97.715459074425382, 19.591521278265191 ], [ -97.71054917569947, 19.589188585466584 ], [ -97.709218369113444, 19.585926437102028 ], [ -97.715760399327863, 19.584529729934694 ], [ -97.7197956300611, 19.56859014281769 ], [ -97.731994727397776, 19.558393745511573 ], [ -97.719505205605131, 19.554453990932949 ], [ -97.713376962986629, 19.549013247378678 ], [ -97.716598398668566, 19.539803446182443 ], [ -97.722452996661133, 19.536055049440041 ], [ -97.721733462429142, 19.531519452871898 ], [ -97.725127965255794, 19.529460860520341 ], [ -97.732616745629542, 19.532290111648827 ], [ -97.740903151251999, 19.53017659356426 ], [ -97.753212727387478, 19.534612648066627 ], [ -97.755387763460121, 19.53208918180307 ], [ -97.755516367287655, 19.523359699817256 ], [ -97.767863337650653, 19.537689245106744 ], [ -97.772230851786503, 19.537713873106991 ], [ -97.778145394968959, 19.53358978521759 ], [ -97.78396140940157, 19.534536821118341 ], [ -97.787908112851795, 19.528821672139713 ], [ -97.791056698962578, 19.513457093798401 ], [ -97.788172207269923, 19.510032180354127 ], [ -97.791184290351609, 19.504602750619171 ], [ -97.803531403241266, 19.496646765076843 ], [ -97.811345702341157, 19.487459843515506 ], [ -97.810030438515227, 19.484376316151607 ], [ -97.816373284904103, 19.477274906614056 ], [ -97.839694129152136, 19.470634224588071 ], [ -97.841162175908778, 19.463979417253185 ], [ -97.847175329919025, 19.471322454259479 ], [ -97.848600475278161, 19.482021574701292 ], [ -97.855677920232893, 19.490621995506082 ], [ -97.860335407903534, 19.491990512048922 ], [ -97.869508415714265, 19.487516337209613 ], [ -97.871217152053887, 19.491012339281379 ], [ -97.879430901400127, 19.48843491932244 ], [ -97.879152494826926, 19.496594978791894 ], [ -97.886547870039337, 19.503332595743441 ], [ -97.882550242163788, 19.50520256685693 ], [ -97.885056598329697, 19.51500366693562 ], [ -97.880527791765871, 19.521882341329771 ], [ -97.877735705512507, 19.520821238003602 ], [ -97.866544311667028, 19.532196859188279 ] ] ] } },
{ "type": "Feature", "properties": { "cve_edo": "21", "cve_mpo_ine": "086", "cve_edo_mpo_ine": "21086", "nom_mpo": "IXTEPEC", "nom_edo": "Puebla", "alianza_ganadora": "Va por México", "margen_pp": 8.6449154560609678, "por_participacion": 77.672955974842779 }, "geometry": { "type": "Polygon", "coordinates": [ [ [ -97.639782392288168, 20.018300735528481 ], [ -97.63552559569375, 20.017035374571616 ], [ -97.632913063661604, 20.012296206487779 ], [ -97.640087341128563, 20.013700861144777 ], [ -97.637192089205612, 20.005768330177506 ], [ -97.645881434838813, 20.007885189753829 ], [ -97.652129294518019, 20.006631577582738 ], [ -97.651710769161795, 20.010236017232934 ], [ -97.658499999999663, 20.01222222225902 ], [ -97.6579722222219, 20.015472222259081 ], [ -97.65422222222189, 20.015444444481219 ], [ -97.66042740396631, 20.023918147876362 ], [ -97.659180177246284, 20.031788290966734 ], [ -97.664064676338896, 20.038569681279366 ], [ -97.66072559334296, 20.042947251676175 ], [ -97.657688813924409, 20.043470999253504 ], [ -97.652165328643221, 20.056542854843968 ], [ -97.64732634452271, 20.054321343360414 ], [ -97.647063747536635, 20.064600656161396 ], [ -97.63835598771422, 20.067789726792423 ], [ -97.636958406107652, 20.075661833285135 ], [ -97.633740334483022, 20.077752962009185 ], [ -97.625424730146051, 20.075927306637503 ], [ -97.624269628791694, 20.078090932817155 ], [ -97.615772488346352, 20.073983389365139 ], [ -97.614952735724273, 20.072037070474405 ], [ -97.618605719644066, 20.068035789575035 ], [ -97.617185407880399, 20.06067441342292 ], [ -97.610518163905482, 20.057119937587633 ], [ -97.619302469000786, 20.051557371334479 ], [ -97.621196456995392, 20.04441039533776 ], [ -97.635303191327353, 20.03340864271232 ], [ -97.639782392288168, 20.018300735528481 ] ] ] } },
{ "type": "Feature", "properties": { "cve_edo": "21", "cve_mpo_ine": "087", "cve_edo_mpo_ine": "21087", "nom_mpo": "IZUCAR DE MATAMOROS", "nom_edo": "Puebla", "alianza_ganadora": "Juntos Haremos Historia", "margen_pp": 25.081232684611965, "por_participacion": 48.844746646173384 }, "geometry": { "type": "Polygon", "coordinates": [ [ [ -98.448375083442372, 18.68197074628738 ], [ -98.438162570485446, 18.675681749169996 ], [ -98.435036853075474, 18.666429853079798 ], [ -98.431613519723214, 18.664525977250364 ], [ -98.432661651293586, 18.661513753428103 ], [ -98.429940701343497, 18.654285244965841 ], [ -98.418250285061404, 18.642876500450768 ], [ -98.410549295532249, 18.640130090994575 ], [ -98.401181830686753, 18.642548313203946 ], [ -98.397043733814598, 18.641110616599143 ], [ -98.396044065121558, 18.637293305190607 ], [ -98.403451217650726, 18.617550004356296 ], [ -98.403817577401739, 18.60976663107315 ], [ -98.406449478788943, 18.606924853255929 ], [ -98.403434720401776, 18.607693161739387 ], [ -98.402438817719414, 18.60350316563536 ], [ -98.400641043651532, 18.604525710292016 ], [ -98.398306640867744, 18.601568577168596 ], [ -98.394390578308489, 18.601084968255687 ], [ -98.393766776932495, 18.59393418102297 ], [ -98.398911700200486, 18.593000028799946 ], [ -98.400381733216548, 18.59015290409323 ], [ -98.392083898535219, 18.583964083972429 ], [ -98.388245464781619, 18.587249664181485 ], [ -98.389611612052505, 18.583283673422642 ], [ -98.386480227045752, 18.579368119764844 ], [ -98.388546488348751, 18.574578882235169 ], [ -98.383030382850123, 18.572758247155363 ], [ -98.382114640024781, 18.566415147893707 ], [ -98.371788653816509, 18.567085645852057 ], [ -98.366260406676105, 18.569745136632907 ], [ -98.359684121568094, 18.56691421380258 ], [ -98.357674489450531, 18.560521552954427 ], [ -98.351005117908571, 18.553224752969054 ], [ -98.353917339603299, 18.544714816516588 ], [ -98.336460248570916, 18.543922550518765 ], [ -98.331080862395723, 18.540196369029228 ], [ -98.332515135361149, 18.534716286668477 ], [ -98.325977053654753, 18.533721536592331 ], [ -98.325339535442197, 18.522106592074874 ], [ -98.318288339877228, 18.516711052012074 ], [ -98.311535847531474, 18.518448992482313 ], [ -98.311025141624427, 18.521551456993301 ], [ -98.304598016397165, 18.520930470130235 ], [ -98.305568867378426, 18.518082628462889 ], [ -98.299444152156823, 18.512822597562707 ], [ -98.300186291436574, 18.509764585910588 ], [ -98.306527732260349, 18.508353417676908 ], [ -98.311418732099753, 18.503151309599975 ], [ -98.304523846745255, 18.49900085647953 ], [ -98.288357851567739, 18.494523769403784 ], [ -98.289277771955142, 18.491219366484586 ], [ -98.297890990974821, 18.485236393452048 ], [ -98.29891427609364, 18.475093489890632 ], [ -98.305226771793912, 18.478014309922465 ], [ -98.317798876615839, 18.475129809757899 ], [ -98.331419361816103, 18.476311644495738 ], [ -98.33408153965604, 18.473701841124971 ], [ -98.344520911820041, 18.479151247316459 ], [ -98.345038486186851, 18.476413856255398 ], [ -98.338709356052419, 18.467858836338884 ], [ -98.353604699214898, 18.469248288662019 ], [ -98.361307845567183, 18.466478777815148 ], [ -98.368540633660075, 18.459642664790543 ], [ -98.373120823802196, 18.461058882064247 ], [ -98.374273538409668, 18.457243513598407 ], [ -98.366380360302614, 18.449475714829411 ], [ -98.367011581341117, 18.445618243974813 ], [ -98.387281913331179, 18.439917423036828 ], [ -98.391255962198983, 18.426189763403279 ], [ -98.398087793598862, 18.42354215421485 ], [ -98.406298322552431, 18.414589696758519 ], [ -98.405711934955889, 18.410730780665954 ], [ -98.409870730868079, 18.40409713666013 ], [ -98.407492099487655, 18.402186277545294 ], [ -98.411718757186847, 18.401028964665809 ], [ -98.411177379310843, 18.390283220123116 ], [ -98.416675314710261, 18.387675016100761 ], [ -98.420314603854749, 18.382492647173219 ], [ -98.421104054774077, 18.371333300425434 ], [ -98.43351146130999, 18.377733866380034 ], [ -98.436401093559709, 18.374541893740084 ], [ -98.433890963436838, 18.364748620705811 ], [ -98.439617734164912, 18.361310168709231 ], [ -98.440993062476295, 18.354133993075983 ], [ -98.436063579234755, 18.350727747295778 ], [ -98.434594717103991, 18.340230088190324 ], [ -98.437828021112409, 18.335503324000317 ], [ -98.436433895748422, 18.333344753173776 ], [ -98.433538909219237, 18.333508155084413 ], [ -98.436075918771991, 18.33105970474805 ], [ -98.444093024262486, 18.329541197168197 ], [ -98.447540983148301, 18.330186123528254 ], [ -98.449855056416283, 18.33496485082329 ], [ -98.455675059374059, 18.33442479018424 ], [ -98.454031515166363, 18.337685461557761 ], [ -98.455802560536313, 18.339105695557073 ], [ -98.458555865772851, 18.334195910655691 ], [ -98.46585350659231, 18.335653566503151 ], [ -98.468179285430836, 18.333267138176829 ], [ -98.475841617747335, 18.338744259669113 ], [ -98.479361267705713, 18.337939524812118 ], [ -98.48744640198835, 18.341389615453817 ], [ -98.49630758491071, 18.354163179310213 ], [ -98.500155380894057, 18.355223969738393 ], [ -98.508656229972843, 18.363604462002183 ], [ -98.509554077419963, 18.372266350821235 ], [ -98.517752733867042, 18.37613008695735 ], [ -98.52384377588541, 18.383748749221152 ], [ -98.532296582351023, 18.385128529705064 ], [ -98.525324486395249, 18.39175166655189 ], [ -98.511273502909575, 18.388533484088768 ], [ -98.506058381590037, 18.401152006390536 ], [ -98.51163888725992, 18.40180977486084 ], [ -98.523268758208388, 18.408470551092641 ], [ -98.556856781648762, 18.401147118554356 ], [ -98.559316817509171, 18.415658309633148 ], [ -98.565218065233566, 18.422304241536025 ], [ -98.549913050914583, 18.426729636761998 ], [ -98.548005850779077, 18.430259288713433 ], [ -98.536950368823753, 18.435987873768763 ], [ -98.538221338209823, 18.439633587119996 ], [ -98.530515041754029, 18.441727825544202 ], [ -98.525112850857184, 18.447081206788742 ], [ -98.523865583661646, 18.452206605236796 ], [ -98.529938080196033, 18.456314697313342 ], [ -98.534684334526887, 18.467814234300814 ], [ -98.53974214314124, 18.506076503466883 ], [ -98.537745167181086, 18.511295766413042 ], [ -98.541634658729123, 18.512430634649515 ], [ -98.542460514227002, 18.517112633919037 ], [ -98.538006913786973, 18.520475092524887 ], [ -98.536706913371304, 18.525930779913057 ], [ -98.542647706603262, 18.532470214355197 ], [ -98.543934614891029, 18.540686703009001 ], [ -98.524972384894397, 18.540275460938481 ], [ -98.52551226725511, 18.545167751586064 ], [ -98.520030767067581, 18.553034013620078 ], [ -98.53602481818713, 18.562962591452411 ], [ -98.53707293136037, 18.559816895124008 ], [ -98.557178191127392, 18.562886213385784 ], [ -98.560395095075123, 18.568849208209553 ], [ -98.559753760554955, 18.582290331413716 ], [ -98.556411572545201, 18.579303355775771 ], [ -98.554692085884085, 18.58130186208361 ], [ -98.546557598835577, 18.576719284594283 ], [ -98.536299641422588, 18.577645990002225 ], [ -98.529676421819602, 18.569843525901085 ], [ -98.523497090650778, 18.575624220830825 ], [ -98.515551350816168, 18.578647257230607 ], [ -98.511374313560594, 18.577447298601442 ], [ -98.506849473502612, 18.581304839310587 ], [ -98.503664570976937, 18.586059979386022 ], [ -98.509512132299577, 18.591799939036267 ], [ -98.496085401374756, 18.616751206214538 ], [ -98.496236750711603, 18.619939490517378 ], [ -98.492577954578891, 18.623787824756235 ], [ -98.485976022405396, 18.623067528048409 ], [ -98.482422022243625, 18.625961794587788 ], [ -98.487352162034995, 18.632374503756473 ], [ -98.481792226498655, 18.647385411289182 ], [ -98.483701481774588, 18.663025190537095 ], [ -98.479917781730094, 18.66547334778592 ], [ -98.480392975832402, 18.667991649207924 ], [ -98.476890959263656, 18.669116082912371 ], [ -98.477955260780007, 18.671992981633139 ], [ -98.474776960831804, 18.674353631449254 ], [ -98.448375083442372, 18.68197074628738 ] ] ] } },
{ "type": "Feature", "properties": { "cve_edo": "21", "cve_mpo_ine": "088", "cve_edo_mpo_ine": "21088", "nom_mpo": "JALPAN", "nom_edo": "Puebla", "alianza_ganadora": "Juntos Haremos Historia", "margen_pp": 11.537295330503335, "por_participacion": 69.082530372852958 }, "geometry": { "type": "Polygon", "coordinates": [ [ [ -97.74315311023291, 20.462657551524067 ], [ -97.737325881874526, 20.453986496991124 ], [ -97.732831245678611, 20.451590246417716 ], [ -97.733376369166507, 20.444813162866041 ], [ -97.743398499472178, 20.439300241422675 ], [ -97.743661984225795, 20.430429031281822 ], [ -97.749216472482075, 20.421065594327651 ], [ -97.764142713407878, 20.432419935938565 ], [ -97.767188219130375, 20.433263939534204 ], [ -97.772376669777501, 20.430904092279544 ], [ -97.777108410042928, 20.433573232690986 ], [ -97.781927335869085, 20.433108109071231 ], [ -97.793901762285984, 20.420395392476586 ], [ -97.810326243598169, 20.415421572648942 ], [ -97.821388198529576, 20.419323582055412 ], [ -97.820136064985761, 20.414820284903634 ], [ -97.822625945492931, 20.412071577176953 ], [ -97.82272942883435, 20.406957639630765 ], [ -97.82757917477241, 20.409584874956497 ], [ -97.832460282631089, 20.408623721087817 ], [ -97.839594564247164, 20.405077058876994 ], [ -97.846202157840892, 20.394473850029133 ], [ -97.859409922386291, 20.394508648762422 ], [ -97.86096802537304, 20.390764086375505 ], [ -97.868732193101096, 20.388600861570982 ], [ -97.878885006375242, 20.396574930146787 ], [ -97.885686261939455, 20.396526071219974 ], [ -97.897590873101237, 20.404973177090483 ], [ -97.898285212210425, 20.410585542017905 ], [ -97.902135866475902, 20.414974925988172 ], [ -97.90620083432411, 20.416536635980496 ], [ -97.911219027298998, 20.414788038195468 ], [ -97.916033095796664, 20.419444343518418 ], [ -97.922981874347755, 20.42165786531767 ], [ -97.924526123914518, 20.423895597479341 ], [ -97.921171662769382, 20.4309773681053 ], [ -97.917584827657066, 20.430577770835516 ], [ -97.913209487521385, 20.434753365085442 ], [ -97.930245616369675, 20.442243037896848 ], [ -97.941004857254498, 20.435418124369502 ], [ -97.949259375388777, 20.439121874178515 ], [ -97.954240653908485, 20.437518241897958 ], [ -97.960465471967339, 20.429507728543342 ], [ -97.970527318812401, 20.423931241500437 ], [ -97.98017439636034, 20.425464504883717 ], [ -97.989600966452159, 20.421386440245389 ], [ -97.999620208763105, 20.425369413289356 ], [ -98.002815619325403, 20.428221883886174 ], [ -98.000569954567169, 20.441285857574016 ], [ -98.00436358756744, 20.445424007334712 ], [ -97.997563295313157, 20.454769209674193 ], [ -98.007046675964475, 20.465491694169934 ], [ -97.993764340205402, 20.484667409687741 ], [ -97.991076584145503, 20.49517059193089 ], [ -97.981375106784256, 20.500327272834848 ], [ -97.972937951098942, 20.498335491612917 ], [ -97.968192304320539, 20.500404343744684 ], [ -97.969557194577419, 20.510017216265581 ], [ -97.963571066856559, 20.510385121798759 ], [ -97.960943015436314, 20.514179995878973 ], [ -97.957994669246148, 20.512804242875397 ], [ -97.956671071826648, 20.507895936735757 ], [ -97.951209434562699, 20.508361866720961 ], [ -97.927697544868465, 20.490820460314158 ], [ -97.921701767156563, 20.489521714471877 ], [ -97.915767153299399, 20.492178766821496 ], [ -97.911247886467848, 20.49046494807693 ], [ -97.904671603822763, 20.493019324476236 ], [ -97.895241245377619, 20.488662162250563 ], [ -97.890458433519143, 20.494309284214378 ], [ -97.884861920698569, 20.495393515221302 ], [ -97.88267741906779, 20.499991063545899 ], [ -97.877820543921317, 20.497808591162915 ], [ -97.868012436908842, 20.512670315361994 ], [ -97.857932556857193, 20.510790970296327 ], [ -97.859023453946179, 20.521520316556682 ], [ -97.852062655665051, 20.521667564640531 ], [ -97.851429003305796, 20.526748294925316 ], [ -97.840351212933555, 20.522923724475373 ], [ -97.832776612084444, 20.508154255920392 ], [ -97.814089760084784, 20.482157619716265 ], [ -97.799693299883842, 20.481999238527784 ], [ -97.790670485291471, 20.479493793783579 ], [ -97.799999310839937, 20.466642619620924 ], [ -97.791541799328016, 20.468111047489174 ], [ -97.780766155071547, 20.477179478880519 ], [ -97.769720522372765, 20.47633187733625 ], [ -97.764086119549233, 20.47999409416331 ], [ -97.757224062342601, 20.477771385529412 ], [ -97.758566364246647, 20.475068783841831 ], [ -97.74315311023291, 20.462657551524067 ] ] ] } },
{ "type": "Feature", "properties": { "cve_edo": "21", "cve_mpo_ine": "089", "cve_edo_mpo_ine": "21089", "nom_mpo": "JOLALPAN", "nom_edo": "Puebla", "alianza_ganadora": "Juntos Haremos Historia", "margen_pp": 1.6863865089079286, "por_participacion": 78.515750133475706 }, "geometry": { "type": "Polygon", "coordinates": [ [ [ -98.981142075184408, 18.39008065336856 ], [ -98.971638050049961, 18.41235014645822 ], [ -98.941551620422487, 18.41403063738175 ], [ -98.933794631660959, 18.43040658573619 ], [ -98.9255102358416, 18.438111428517683 ], [ -98.920586906396025, 18.433826706965355 ], [ -98.920458292167112, 18.429692248248394 ], [ -98.906964826098843, 18.421814567959441 ], [ -98.905524476793602, 18.416132393764325 ], [ -98.898799655708828, 18.412895994700268 ], [ -98.893455014493483, 18.405009133612889 ], [ -98.881690425276872, 18.408271122064104 ], [ -98.881356856700208, 18.41231635286135 ], [ -98.866928586126321, 18.416035180957266 ], [ -98.871093072148653, 18.420847656966025 ], [ -98.864932384876909, 18.424065115942874 ], [ -98.85233133355834, 18.42446170544935 ], [ -98.843745919700311, 18.422312232238752 ], [ -98.836720877446581, 18.425268267427306 ], [ -98.834784166734039, 18.422801792635365 ], [ -98.828834055234026, 18.422673694356138 ], [ -98.826851920634084, 18.419131980475878 ], [ -98.81606851084041, 18.417238413663135 ], [ -98.814597650305984, 18.414489273343563 ], [ -98.827148719540503, 18.413350580298054 ], [ -98.824993419824381, 18.409806312965589 ], [ -98.828758029948247, 18.398827074485144 ], [ -98.82644789288382, 18.393668812141357 ], [ -98.827065367893937, 18.385081859219145 ], [ -98.816809131989444, 18.37261633807617 ], [ -98.813886863399858, 18.37559032633634 ], [ -98.809274372642776, 18.374820005597059 ], [ -98.803225914590229, 18.378367742468587 ], [ -98.796109910334025, 18.384296478362746 ], [ -98.792975619654854, 18.390573160642649 ], [ -98.784628716507285, 18.39297047573584 ], [ -98.782721780457081, 18.397984055193678 ], [ -98.777135039802261, 18.396495940449267 ], [ -98.776070273327832, 18.393669877294677 ], [ -98.781808769766243, 18.387060214344455 ], [ -98.785457423308969, 18.371327476906494 ], [ -98.775306541897393, 18.36005972720293 ], [ -98.768476652789417, 18.356321183504122 ], [ -98.766408079936667, 18.350463201588855 ], [ -98.767719606582901, 18.346969978097093 ], [ -98.765409944740284, 18.327181144276256 ], [ -98.767205430845436, 18.323109569608217 ], [ -98.760987044506805, 18.317209490521137 ], [ -98.764196065443713, 18.309010573000144 ], [ -98.774817185545444, 18.301496007504017 ], [ -98.773110978287761, 18.294757336324519 ], [ -98.775588528558004, 18.29193794750811 ], [ -98.771491900025921, 18.280944435184196 ], [ -98.780593551639456, 18.270372097436706 ], [ -98.78915967939281, 18.270432419806276 ], [ -98.794560474505289, 18.27476178165039 ], [ -98.800515995725078, 18.273339276924833 ], [ -98.80060810725881, 18.267754279216362 ], [ -98.806924232515527, 18.257516263838728 ], [ -98.811403391669188, 18.26131270917762 ], [ -98.819072623626852, 18.254837915139376 ], [ -98.827321459402114, 18.261888707426426 ], [ -98.834096951714926, 18.262820830109845 ], [ -98.840811688782622, 18.26309099195101 ], [ -98.846527509986643, 18.260012994579153 ], [ -98.845634319746054, 18.254430844770059 ], [ -98.841744338555444, 18.251629151565915 ], [ -98.844493376131922, 18.245208965652807 ], [ -98.850127876484848, 18.237084095594959 ], [ -98.855447787520006, 18.236240900367111 ], [ -98.857052379628811, 18.232802488134556 ], [ -98.859822301965167, 18.232107194606076 ], [ -98.859943298109343, 18.219638507650906 ], [ -98.854024646730139, 18.203191416762291 ], [ -98.862129801414682, 18.191749235293791 ], [ -98.867347188297344, 18.191387081387706 ], [ -98.876331667920567, 18.20341864289032 ], [ -98.87904950939884, 18.202920393262168 ], [ -98.898721490623061, 18.214112035354404 ], [ -98.911168503514745, 18.215859347285488 ], [ -98.9191936256791, 18.226263463624313 ], [ -98.931003432799983, 18.233583096275229 ], [ -98.941432014253593, 18.224634128943602 ], [ -98.954443907614177, 18.205888206695736 ], [ -98.967812142067103, 18.202354803471778 ], [ -98.968863505888663, 18.212122633122355 ], [ -98.9656871916185, 18.212326493405154 ], [ -98.975878531540488, 18.218068255908822 ], [ -98.985808440992926, 18.230871593269885 ], [ -98.984751980775215, 18.232551436881639 ], [ -98.988202012360986, 18.234880600547065 ], [ -98.990009193579169, 18.239124140034072 ], [ -98.987371138502667, 18.253027063869212 ], [ -98.996515415039937, 18.258785810298996 ], [ -98.995884412679331, 18.263671007005094 ], [ -99.008002841896868, 18.262036297579808 ], [ -99.058051729139024, 18.28223629478703 ], [ -99.050445340748624, 18.289839451613378 ], [ -99.059004762267293, 18.296543451759145 ], [ -99.058346796983315, 18.304205514034759 ], [ -99.063395948463949, 18.308807259285835 ], [ -99.06070565761037, 18.316990985278043 ], [ -99.062581879437744, 18.320405429159184 ], [ -99.065897832037265, 18.318982730288397 ], [ -99.069004619728759, 18.32667644649668 ], [ -99.057717582752844, 18.338232517915927 ], [ -99.058733979507068, 18.348505452132457 ], [ -99.048433876404516, 18.350825043154263 ], [ -99.046651897276988, 18.354799168173905 ], [ -99.042800045377732, 18.355482195992987 ], [ -99.044014996863766, 18.358615032340239 ], [ -99.038557400061165, 18.358307008478658 ], [ -99.03490868624435, 18.362927645306414 ], [ -99.035857720472876, 18.364766799100831 ], [ -99.031339831169859, 18.364501153975009 ], [ -99.030955198869535, 18.367605038049732 ], [ -99.023307445047976, 18.372475065434465 ], [ -99.023779691420714, 18.376082642752436 ], [ -99.020503480399057, 18.376969072393994 ], [ -99.017946532089255, 18.387788878478272 ], [ -99.009839248411623, 18.385928589770412 ], [ -99.005235552926308, 18.389791705157769 ], [ -98.997793172356481, 18.388821947972229 ], [ -98.998220564310657, 18.392175245422262 ], [ -98.992178622218859, 18.389860692263998 ], [ -98.981142075184408, 18.39008065336856 ] ] ] } },
{ "type": "Feature", "properties": { "cve_edo": "21", "cve_mpo_ine": "090", "cve_edo_mpo_ine": "21090", "nom_mpo": "JONOTLA", "nom_edo": "Puebla", "alianza_ganadora": "Juntos Haremos Historia", "margen_pp": 17.623546511627907, "por_participacion": 76.02209944751381 }, "geometry": { "type": "MultiPolygon", "coordinates": [ [ [ [ -97.565620434939888, 20.066075971882324 ], [ -97.563614550866305, 20.072324267622399 ], [ -97.555646633427827, 20.075130261893282 ], [ -97.550959630708476, 20.06835710509403 ], [ -97.541024079863462, 20.071534359297832 ], [ -97.548545589084483, 20.05740000415911 ], [ -97.549577782803809, 20.045840461941332 ], [ -97.554281978084575, 20.035710829405055 ], [ -97.5638121399586, 20.03083085639701 ], [ -97.569795584715976, 20.021702658986783 ], [ -97.572357068826904, 20.023665009263848 ], [ -97.57686930329784, 20.018052003502351 ], [ -97.586498839587094, 20.018062760233924 ], [ -97.593173372194215, 20.029788557208615 ], [ -97.589623874006293, 20.035850573066423 ], [ -97.592846888347069, 20.044902130059004 ], [ -97.583509437750592, 20.040224198430042 ], [ -97.576831486977269, 20.047525112756425 ], [ -97.575641915103361, 20.054275490479501 ], [ -97.572772190444311, 20.057120041969405 ], [ -97.572866425126136, 20.063940701265228 ], [ -97.565620434939888, 20.066075971882324 ] ] ], [ [ [ -97.492877857441442, 20.1129552936011 ], [ -97.494034294588118, 20.11594670520677 ], [ -97.490787354090898, 20.125088160791893 ], [ -97.487984604489441, 20.124988488775589 ], [ -97.485807320371407, 20.129244940782232 ], [ -97.483239556152753, 20.12877353654666 ], [ -97.478669970405264, 20.132435148382026 ], [ -97.483130641684468, 20.141705739627653 ], [ -97.477032640068941, 20.14776224178582 ], [ -97.472941957600227, 20.148317715977079 ], [ -97.472863857705505, 20.151026402016967 ], [ -97.464809576454428, 20.1517499368438 ], [ -97.462428490777768, 20.148377780976304 ], [ -97.464234936583708, 20.134917248394373 ], [ -97.461833333332919, 20.130472222260444 ], [ -97.470305555555143, 20.128166666704828 ], [ -97.471861111110698, 20.125333333371515 ], [ -97.46563561751617, 20.106034296847699 ], [ -97.460515066231252, 20.101609099257683 ], [ -97.469454687707568, 20.100088590790993 ], [ -97.471098249492783, 20.097901660561597 ], [ -97.474652980122983, 20.099664188550204 ], [ -97.481620166058534, 20.094814961613146 ], [ -97.485639327377811, 20.097284743679932 ], [ -97.491370470515932, 20.094914800210251 ], [ -97.495925355038338, 20.11007180240793 ], [ -97.492877857441442, 20.1129552936011 ] ] ] ] } },
{ "type": "Feature", "properties": { "cve_edo": "21", "cve_mpo_ine": "091", "cve_edo_mpo_ine": "21091", "nom_mpo": "JOPALA", "nom_edo": "Puebla", "alianza_ganadora": "Va por México", "margen_pp": 10.876667574190035, "por_participacion": 76.504894813580506 }, "geometry": { "type": "Polygon", "coordinates": [ [ [ -97.819492863323063, 20.251840771521458 ], [ -97.794697472179166, 20.250295074648541 ], [ -97.790061481293876, 20.254555230970489 ], [ -97.790258104266442, 20.259741467572002 ], [ -97.783109643031239, 20.261567677118954 ], [ -97.783140745351872, 20.268954312507343 ], [ -97.76874783111117, 20.277835174976779 ], [ -97.763799727777652, 20.277282486070924 ], [ -97.75787494971442, 20.279806090563522 ], [ -97.752641478412528, 20.26614118743068 ], [ -97.738843743710888, 20.251925981886203 ], [ -97.734791122309247, 20.235000308903867 ], [ -97.737718577910499, 20.22824594444462 ], [ -97.732074940001795, 20.225313790707837 ], [ -97.734666670387057, 20.22322537552466 ], [ -97.734536576747402, 20.218349575052098 ], [ -97.730503161223297, 20.205761752740447 ], [ -97.738957933422611, 20.201732107685572 ], [ -97.741875511259209, 20.192085293086595 ], [ -97.739422752513065, 20.189484622704473 ], [ -97.73639951842452, 20.18966751406581 ], [ -97.734222492867985, 20.183205869807644 ], [ -97.728102300851361, 20.179504989054955 ], [ -97.724211691042825, 20.180895937441552 ], [ -97.725289827165739, 20.18902368557881 ], [ -97.717611012816718, 20.188318915199503 ], [ -97.712125358516587, 20.183203076096348 ], [ -97.70002979428368, 20.183102524370629 ], [ -97.693586850552691, 20.170438659655243 ], [ -97.688281119672695, 20.166441634385532 ], [ -97.659625867098413, 20.169122966045158 ], [ -97.657213020218308, 20.160711396935611 ], [ -97.661734933665471, 20.156953310504456 ], [ -97.661026042824489, 20.15372016333512 ], [ -97.663864476130129, 20.150759146894831 ], [ -97.660225068991195, 20.140694057725955 ], [ -97.663566145274103, 20.131920752472737 ], [ -97.667239660243851, 20.135138478725445 ], [ -97.670945152808898, 20.130927859956032 ], [ -97.679114498267765, 20.1395995055036 ], [ -97.682340957745765, 20.131573345917666 ], [ -97.686362146717045, 20.134373875139481 ], [ -97.696446238480988, 20.126061815534079 ], [ -97.700984831273558, 20.127282300308018 ], [ -97.701086185264245, 20.138859781576869 ], [ -97.696616150845657, 20.14054378707905 ], [ -97.699300600363969, 20.143309725225397 ], [ -97.696342835930736, 20.145234550815807 ], [ -97.699201145392479, 20.147833567269274 ], [ -97.696024391299929, 20.153452895011338 ], [ -97.701956285904657, 20.153918951217975 ], [ -97.709720151273132, 20.16221803401422 ], [ -97.713617340402763, 20.16265327575692 ], [ -97.716717384218015, 20.167491632862671 ], [ -97.722367834949679, 20.170199495224654 ], [ -97.729606231764507, 20.16256523241751 ], [ -97.730508414307025, 20.155380953655527 ], [ -97.742216320166193, 20.146247965288619 ], [ -97.748793611503345, 20.148182015989839 ], [ -97.754419862310712, 20.14495461564703 ], [ -97.76477982721299, 20.147758711419421 ], [ -97.767118552311587, 20.164967414237648 ], [ -97.779615236845615, 20.150162640896696 ], [ -97.786814047307146, 20.147713472001826 ], [ -97.786691211187303, 20.146178710106582 ], [ -97.791640317978249, 20.147892513350797 ], [ -97.796958166457642, 20.154168961879368 ], [ -97.787528784311817, 20.165305074111767 ], [ -97.795518858204062, 20.170901857078903 ], [ -97.80556188987002, 20.167148601269439 ], [ -97.811562535849859, 20.169768593596942 ], [ -97.815486908073467, 20.176177426934675 ], [ -97.815248171756096, 20.187881823362279 ], [ -97.817644258212013, 20.19052334964038 ], [ -97.82310621071754, 20.189494263883262 ], [ -97.827618516122641, 20.184237798919472 ], [ -97.833487255771303, 20.183205891578684 ], [ -97.835488294415072, 20.188422619429502 ], [ -97.841477286032685, 20.188219716832435 ], [ -97.846900352007879, 20.191381646602171 ], [ -97.862408661544151, 20.187300631716568 ], [ -97.859549233048412, 20.197527726508067 ], [ -97.866848304154189, 20.203665325327854 ], [ -97.868707528267763, 20.21543970991981 ], [ -97.866397974322226, 20.219023337307632 ], [ -97.868624477115603, 20.222412310546797 ], [ -97.867551546134777, 20.229183654942986 ], [ -97.864042006804851, 20.237381337059766 ], [ -97.85952416403839, 20.241559718112843 ], [ -97.855969969466258, 20.2403784365126 ], [ -97.852730112540769, 20.244216642812191 ], [ -97.864696102287766, 20.252649320627356 ], [ -97.869403122994385, 20.251499149530986 ], [ -97.870764380532506, 20.256346083752753 ], [ -97.865309938732878, 20.259409996307308 ], [ -97.851352593302849, 20.260742225910509 ], [ -97.844861471257062, 20.266218898269329 ], [ -97.84212196552059, 20.265156785031476 ], [ -97.837999782702667, 20.267091099540707 ], [ -97.832620522766589, 20.261272538242576 ], [ -97.817940313072071, 20.263664730117931 ], [ -97.824273668269342, 20.25526433113988 ], [ -97.819492863323063, 20.251840771521458 ] ] ] } },
{ "type": "Feature", "properties": { "cve_edo": "21", "cve_mpo_ine": "092", "cve_edo_mpo_ine": "21092", "nom_mpo": "JUAN C. BONILLA", "nom_edo": "Puebla", "alianza_ganadora": "Juntos Haremos Historia", "margen_pp": 17.317356010823346, "por_participacion": 57.456968350916164 }, "geometry": { "type": "Polygon", "coordinates": [ [ [ -98.374865001694161, 19.144354974688394 ], [ -98.343964657029701, 19.132690863709055 ], [ -98.342633844180156, 19.134802187633547 ], [ -98.323717166612056, 19.134616737589891 ], [ -98.322409399740636, 19.119455438653638 ], [ -98.318119948407059, 19.112029234335484 ], [ -98.316360105296468, 19.114164082198563 ], [ -98.309734918248367, 19.110530542135344 ], [ -98.312432094338263, 19.100887541902129 ], [ -98.310494790211578, 19.099602331890548 ], [ -98.31291805401959, 19.095781779156361 ], [ -98.318473040313819, 19.090224645309391 ], [ -98.331738480559565, 19.101569339597877 ], [ -98.335866644858669, 19.096623810676444 ], [ -98.342139642625284, 19.101907085825406 ], [ -98.344676883476808, 19.099642941612483 ], [ -98.346563413601871, 19.101589112584143 ], [ -98.34931358177694, 19.096941594140866 ], [ -98.356950666843716, 19.096796650534465 ], [ -98.357031148085213, 19.100907701988664 ], [ -98.372917455150017, 19.10031683383778 ], [ -98.358977553235377, 19.114144114205608 ], [ -98.362809442796589, 19.115264275334606 ], [ -98.369521586223939, 19.109163989393004 ], [ -98.382209684256367, 19.115286041033617 ], [ -98.381291079275059, 19.117143843435517 ], [ -98.386083727806906, 19.127739581743857 ], [ -98.375622403461946, 19.134887310003997 ], [ -98.374865001694161, 19.144354974688394 ] ] ] } },
{ "type": "Feature", "properties": { "cve_edo": "21", "cve_mpo_ine": "093", "cve_edo_mpo_ine": "21093", "nom_mpo": "JUAN GALINDO", "nom_edo": "Puebla", "alianza_ganadora": "Juntos Haremos Historia", "margen_pp": 21.896162528216703, "por_participacion": 73.39297548045063 }, "geometry": { "type": "Polygon", "coordinates": [ [ [ -98.01300140474055, 20.204920435310324 ], [ -98.015749419630708, 20.207597944134523 ], [ -98.026175434323022, 20.200579074468351 ], [ -98.031724640980343, 20.203081909355763 ], [ -98.027027029460285, 20.21270540370314 ], [ -98.018592081673063, 20.215342744860799 ], [ -98.02255592665108, 20.217330476943253 ], [ -98.019186548815341, 20.220280559313661 ], [ -98.023462167563252, 20.226292985002051 ], [ -98.023316738984832, 20.234842016255346 ], [ -98.011996960476438, 20.235515244599334 ], [ -98.008183523608039, 20.241831647596406 ], [ -97.984687903704028, 20.246836116494926 ], [ -97.977624947095975, 20.232816021172884 ], [ -97.973704409946549, 20.232238664870668 ], [ -97.967980486262135, 20.235978768122191 ], [ -97.965744689283056, 20.225647369784642 ], [ -97.959444403785625, 20.222913798434707 ], [ -97.958743286961308, 20.220170218350063 ], [ -97.971283345605713, 20.217176540073837 ], [ -97.970983829666849, 20.212196862186627 ], [ -97.980936475536936, 20.208434307753983 ], [ -97.988858483212027, 20.208490315276062 ], [ -97.998842518819984, 20.212826118128408 ], [ -98.01300140474055, 20.204920435310324 ] ] ] } },
{ "type": "Feature", "properties": { "cve_edo": "21", "cve_mpo_ine": "094", "cve_edo_mpo_ine": "21094", "nom_mpo": "JUAN N. MENDEZ", "nom_edo": "Puebla", "alianza_ganadora": "Va por México", "margen_pp": 2.2388059701492535, "por_participacion": 77.793904208998541 }, "geometry": { "type": "Polygon", "coordinates": [ [ [ -97.646335280003825, 18.462730918906839 ], [ -97.649958433149664, 18.47070712283108 ], [ -97.65882899752259, 18.475995993993571 ], [ -97.671784234050548, 18.464870844243368 ], [ -97.706822181280984, 18.469964871141833 ], [ -97.732746926575899, 18.465838391151554 ], [ -97.744169685215667, 18.470587038827514 ], [ -97.752178526457058, 18.462927620799945 ], [ -97.75699308943905, 18.468896428979761 ], [ -97.774361111110949, 18.4743055555772 ], [ -97.766587213894439, 18.483868924306279 ], [ -97.780083333333167, 18.499750000021947 ], [ -97.776861111110946, 18.513500000021949 ], [ -97.778805555555422, 18.517694444466393 ], [ -97.774749999999869, 18.531444444466562 ], [ -97.784557887400553, 18.528366486721911 ], [ -97.793904832817915, 18.520642905307618 ], [ -97.804568517691635, 18.52163300759813 ], [ -97.804846476111578, 18.517612919698433 ], [ -97.800963414287551, 18.515149244441407 ], [ -97.804903092011045, 18.510946826672871 ], [ -97.811883866358357, 18.514230493041929 ], [ -97.810329787941967, 18.525018918093465 ], [ -97.806563332717403, 18.532447772851349 ], [ -97.810666666666521, 18.536388888911052 ], [ -97.824249999999836, 18.533055555577651 ], [ -97.822216012484418, 18.529300513323282 ], [ -97.823303425509849, 18.525019047297857 ], [ -97.829538010761738, 18.53208136055515 ], [ -97.846670394399581, 18.530357325140109 ], [ -97.855516327389722, 18.533733648932131 ], [ -97.850425315509341, 18.535347559429113 ], [ -97.847770956622725, 18.539820056167375 ], [ -97.852172122906467, 18.574317581714897 ], [ -97.847531198119981, 18.575137483751263 ], [ -97.845947413529473, 18.577688303145862 ], [ -97.846340253201802, 18.586624198023127 ], [ -97.839813071224299, 18.601059282359234 ], [ -97.837957488809181, 18.602553522013729 ], [ -97.826476863001432, 18.592656650943567 ], [ -97.819519942277608, 18.583252615763449 ], [ -97.81262069759903, 18.580812799803084 ], [ -97.792902285018343, 18.601473280480285 ], [ -97.782854478062589, 18.621577985731761 ], [ -97.772836563460444, 18.619176403883472 ], [ -97.757261578143215, 18.601323727543623 ], [ -97.738416720227505, 18.5885765906153 ], [ -97.742136054794912, 18.588270512708455 ], [ -97.744037695276859, 18.580458289689044 ], [ -97.750568119305072, 18.57783147776339 ], [ -97.742494400466484, 18.575348991393184 ], [ -97.736562904732992, 18.578959774909354 ], [ -97.725668594054909, 18.578258946040773 ], [ -97.708233267823118, 18.569378648743278 ], [ -97.701953911941587, 18.579906876747724 ], [ -97.694326829699719, 18.586522748301515 ], [ -97.691685493845782, 18.595463271164657 ], [ -97.687593753734802, 18.58070576587977 ], [ -97.682525086731289, 18.573497188016329 ], [ -97.683959477250426, 18.562008589593582 ], [ -97.66738730460186, 18.586807970512758 ], [ -97.66275936166906, 18.581537854464109 ], [ -97.656669890392394, 18.579311568982945 ], [ -97.642601544040161, 18.559280685774691 ], [ -97.648075473165278, 18.549139309786145 ], [ -97.651388832517853, 18.535097667221958 ], [ -97.646908957877898, 18.535082310620446 ], [ -97.642539743281901, 18.520825069149289 ], [ -97.636688895837466, 18.511847241574365 ], [ -97.638045392699226, 18.499014834073595 ], [ -97.635809580994106, 18.487043624133197 ], [ -97.629401308439583, 18.482917314440098 ], [ -97.626808265923358, 18.484363571225977 ], [ -97.620221257626341, 18.48268564164038 ], [ -97.622757971378633, 18.47849383568737 ], [ -97.62153749612996, 18.471713307578298 ], [ -97.616394625132884, 18.471556637001694 ], [ -97.636779255029069, 18.461591428261492 ], [ -97.646335280003825, 18.462730918906839 ] ] ] } },
{ "type": "Feature", "properties": { "cve_edo": "21", "cve_mpo_ine": "097", "cve_edo_mpo_ine": "21097", "nom_mpo": "LA MAGDALENA TLATLAUQUITEPEC", "nom_edo": "Puebla", "alianza_ganadora": "Va por México", "margen_pp": 3.4482758620689653, "por_participacion": 86.82634730538922 }, "geometry": { "type": "Polygon", "coordinates": [ [ [ -98.097388990540068, 18.736286964635443 ], [ -98.102883882547687, 18.731220818256325 ], [ -98.1053369639735, 18.721246396936117 ], [ -98.108543188969605, 18.71955308881854 ], [ -98.125194444444318, 18.719916666690288 ], [ -98.132805555555422, 18.722972222245936 ], [ -98.127197987835416, 18.726003430341038 ], [ -98.1237708790011, 18.732266614206523 ], [ -98.121252206560087, 18.731537372715863 ], [ -98.120856019595834, 18.733994829435229 ], [ -98.116572101261539, 18.734551777022858 ], [ -98.114509332819139, 18.737670699524255 ], [ -98.108613694830012, 18.736688457093532 ], [ -98.101909788700212, 18.742156470922986 ], [ -98.106527777777643, 18.746722222246095 ], [ -98.10580411260905, 18.752646354729649 ], [ -98.10964526140549, 18.757037823472206 ], [ -98.107481176962963, 18.763792663960402 ], [ -98.10408736606999, 18.766130478987815 ], [ -98.098277014068273, 18.764067025358951 ], [ -98.094846478906106, 18.75771555774249 ], [ -98.08525332490882, 18.757524146197046 ], [ -98.07834071190733, 18.747104091773746 ], [ -98.086040691624191, 18.741904250886005 ], [ -98.083772184465772, 18.739716408477502 ], [ -98.087513600188714, 18.740542153272862 ], [ -98.091863764872912, 18.736083935929894 ], [ -98.097388990540068, 18.736286964635443 ] ] ] } },
{ "type": "Feature", "properties": { "cve_edo": "21", "cve_mpo_ine": "095", "cve_edo_mpo_ine": "21095", "nom_mpo": "LAFRAGUA", "nom_edo": "Puebla", "alianza_ganadora": "Va por México", "margen_pp": 18.089015924867294, "por_participacion": 80.998842401190672 }, "geometry": { "type": "Polygon", "coordinates": [ [ [ -97.263587822855584, 19.380043515742241 ], [ -97.256081998996592, 19.380900046736222 ], [ -97.249631509816822, 19.378830704147287 ], [ -97.231975551023481, 19.370026611705342 ], [ -97.230359688897209, 19.365778339624331 ], [ -97.23318453888669, 19.354569318971947 ], [ -97.231928669948502, 19.3466114006468 ], [ -97.234790413532394, 19.342451650843159 ], [ -97.230258014646509, 19.341291239845365 ], [ -97.226895715685558, 19.337782586636823 ], [ -97.227024434636022, 19.333619155792409 ], [ -97.221290351924907, 19.330398107162743 ], [ -97.228252168128932, 19.324793660369963 ], [ -97.230442434618269, 19.329180912080997 ], [ -97.243332803830398, 19.337149338941167 ], [ -97.24805164200545, 19.337119329455291 ], [ -97.249287649634752, 19.334683325638267 ], [ -97.246118778457159, 19.327937644764184 ], [ -97.252568916503975, 19.319726658152661 ], [ -97.251020779711467, 19.314969105560255 ], [ -97.257950046632018, 19.304030651542913 ], [ -97.254323008428045, 19.295795865661447 ], [ -97.256402497242064, 19.287781043585795 ], [ -97.246330019440535, 19.287261346712903 ], [ -97.245399348251468, 19.275808423432629 ], [ -97.234331319605147, 19.265405940665573 ], [ -97.243922391497904, 19.268653382083823 ], [ -97.247886536023842, 19.267794661578289 ], [ -97.257204821004024, 19.256117553770363 ], [ -97.265421207650306, 19.254854764899232 ], [ -97.261258074207916, 19.249099246802743 ], [ -97.264141108525678, 19.243152992369197 ], [ -97.26396896468475, 19.237445821413111 ], [ -97.261850096894037, 19.235665485745294 ], [ -97.266353769646074, 19.231541741050236 ], [ -97.269369873516141, 19.222164515678269 ], [ -97.271288273400643, 19.22270616829076 ], [ -97.26968203770825, 19.217948626289655 ], [ -97.271436064755221, 19.21642295592931 ], [ -97.267979953675095, 19.209098297042893 ], [ -97.260588135167765, 19.208916385727825 ], [ -97.267876469326609, 19.194877424880268 ], [ -97.272243902488498, 19.19447364861001 ], [ -97.281179564152282, 19.188333429307228 ], [ -97.270979446947919, 19.179547424585639 ], [ -97.263648375459454, 19.179117834975585 ], [ -97.270137918389224, 19.173220678028223 ], [ -97.277585747608555, 19.161333839146927 ], [ -97.283886799041511, 19.15804008352081 ], [ -97.298395711374951, 19.166255400485529 ], [ -97.309676857528814, 19.168548959721992 ], [ -97.327616362007817, 19.177967741699945 ], [ -97.344713753368794, 19.180606289650704 ], [ -97.359750532796212, 19.189107435288651 ], [ -97.375958798299152, 19.209680951194485 ], [ -97.375947818606335, 19.212202736485857 ], [ -97.370879215498945, 19.213103897747679 ], [ -97.366494612236551, 19.21772400197127 ], [ -97.36947964102994, 19.227320090677559 ], [ -97.38139606457942, 19.231187103132989 ], [ -97.377479149311867, 19.248665230603464 ], [ -97.365577234671036, 19.267083266074597 ], [ -97.364192712768741, 19.264145708662756 ], [ -97.343611397737476, 19.256957323485455 ], [ -97.335338315431926, 19.257934177364387 ], [ -97.325531643076786, 19.263083030145239 ], [ -97.319989554065415, 19.263112837941037 ], [ -97.320215382268842, 19.254391334238598 ], [ -97.316992404562569, 19.246406426285201 ], [ -97.307205348774488, 19.23825056688063 ], [ -97.304660084974728, 19.231912868307656 ], [ -97.290941814150415, 19.227502535941337 ], [ -97.282599058533918, 19.231081318577452 ], [ -97.2826336317993, 19.235876742670229 ], [ -97.285985808706158, 19.240885976059491 ], [ -97.284506447041508, 19.245719498788159 ], [ -97.294467149336612, 19.256778214803091 ], [ -97.292819217766422, 19.260371272063665 ], [ -97.294083516743797, 19.263805094981638 ], [ -97.304886266294588, 19.269656350422661 ], [ -97.314559155616948, 19.268353009509646 ], [ -97.321587525503674, 19.272128794640405 ], [ -97.325579076831289, 19.277800113442915 ], [ -97.32659882199782, 19.283879040817126 ], [ -97.317340767095445, 19.283488854965494 ], [ -97.316008001642658, 19.294317184200555 ], [ -97.321085569076232, 19.292094902981315 ], [ -97.322881474153576, 19.294124072304793 ], [ -97.321508917937464, 19.296535342405228 ], [ -97.327804858996188, 19.299921215501239 ], [ -97.32987744197527, 19.305092686517355 ], [ -97.339125695551488, 19.307880025671249 ], [ -97.336189724903676, 19.31295930379385 ], [ -97.324900650170363, 19.310581220788603 ], [ -97.331489994858401, 19.321466338945704 ], [ -97.322499345527063, 19.337943312528033 ], [ -97.315347993692839, 19.334952580633249 ], [ -97.30910386073981, 19.337172198299392 ], [ -97.293548541931145, 19.325482005139442 ], [ -97.292988273160006, 19.332797813720834 ], [ -97.299538119182117, 19.339549979904689 ], [ -97.291784856615863, 19.340566958629335 ], [ -97.284418724356939, 19.334019446085268 ], [ -97.278644070427021, 19.335494920967044 ], [ -97.27629870513455, 19.338507423565108 ], [ -97.280895970995772, 19.339509762349802 ], [ -97.292729773848478, 19.349787569246718 ], [ -97.293846894627364, 19.359545949313912 ], [ -97.285635816838138, 19.358701364454365 ], [ -97.284966881980026, 19.364321963119476 ], [ -97.27894664909978, 19.368070445655921 ], [ -97.279337062298296, 19.371543757169384 ], [ -97.276474226662842, 19.37306687066798 ], [ -97.276375474646869, 19.381086315618866 ], [ -97.281687753799716, 19.387905129456257 ], [ -97.263587822855584, 19.380043515742241 ] ] ] } },
{ "type": "Feature", "properties": { "cve_edo": "21", "cve_mpo_ine": "096", "cve_edo_mpo_ine": "21096", "nom_mpo": "LIBRES", "nom_edo": "Puebla", "alianza_ganadora": "Juntos Haremos Historia", "margen_pp": 15.579163397114746, "por_participacion": 65.872763419483107 }, "geometry": { "type": "Polygon", "coordinates": [ [ [ -97.589617583122077, 19.512115110935877 ], [ -97.578305555555289, 19.510444444475517 ], [ -97.580343061662788, 19.494755311929314 ], [ -97.568121204842072, 19.494259880979911 ], [ -97.554623380966476, 19.473039735939221 ], [ -97.542020261849174, 19.462974133035523 ], [ -97.53928605279242, 19.454618856631125 ], [ -97.560269070669904, 19.439404123044639 ], [ -97.577373410813834, 19.435214474896739 ], [ -97.600657381092503, 19.417198433078124 ], [ -97.619281758529922, 19.391416017743879 ], [ -97.619965815192259, 19.396938355760874 ], [ -97.639008977072152, 19.420010520972909 ], [ -97.649529438594328, 19.42922617014133 ], [ -97.657505148713341, 19.427765392571565 ], [ -97.660832134606494, 19.424002684227094 ], [ -97.659534108907039, 19.420511374503416 ], [ -97.66464645238915, 19.405841544659161 ], [ -97.662734923212327, 19.404464222810365 ], [ -97.66625245982587, 19.399540163706575 ], [ -97.663893336051288, 19.396667041399208 ], [ -97.664655720535961, 19.387872228825973 ], [ -97.659058995162511, 19.3865627779224 ], [ -97.661138986605636, 19.379806884396668 ], [ -97.655045583711853, 19.376337307102009 ], [ -97.663973360542826, 19.373469034381412 ], [ -97.663759574104446, 19.367658193605319 ], [ -97.66739820430719, 19.362361043449763 ], [ -97.676611572318578, 19.368623246126948 ], [ -97.681802988757781, 19.387028510347594 ], [ -97.688191329636297, 19.386016404955754 ], [ -97.697487446251145, 19.390617972822216 ], [ -97.699249001126347, 19.394484363119968 ], [ -97.704480566822269, 19.391832356202684 ], [ -97.706401644769812, 19.393679173971687 ], [ -97.70679284509346, 19.402302722780256 ], [ -97.714061181727899, 19.406618113490147 ], [ -97.721701696695789, 19.417146750462969 ], [ -97.724627331337004, 19.43039641320529 ], [ -97.726703170403383, 19.428246210665904 ], [ -97.748872572738705, 19.432893269973402 ], [ -97.745409140969372, 19.442757774495924 ], [ -97.748241773723237, 19.45073132339785 ], [ -97.755252350676457, 19.450397004359097 ], [ -97.756547721695583, 19.454215052489872 ], [ -97.772543420389098, 19.454241797384849 ], [ -97.782549208227039, 19.471603218275003 ], [ -97.787002467130563, 19.469832902995407 ], [ -97.798508128611772, 19.472202726382051 ], [ -97.797774222999521, 19.483862052404781 ], [ -97.810382292842348, 19.484045629890151 ], [ -97.811351144551594, 19.486753126231005 ], [ -97.803531403241266, 19.496646765076843 ], [ -97.796696719352497, 19.499561135190365 ], [ -97.789006915856291, 19.507542416841055 ], [ -97.788172207269923, 19.510032180354127 ], [ -97.791056698962578, 19.513457093798401 ], [ -97.787427553495988, 19.530689788803652 ], [ -97.78396140940157, 19.534536821118341 ], [ -97.777153469390157, 19.533833671052275 ], [ -97.771239224972149, 19.537916153761785 ], [ -97.764620243567023, 19.53542597219182 ], [ -97.760548170035733, 19.527628785309663 ], [ -97.755516367287655, 19.523359699817256 ], [ -97.755387763460121, 19.53208918180307 ], [ -97.753212727387478, 19.534612648066627 ], [ -97.740903151251999, 19.53017659356426 ], [ -97.732616745629542, 19.532290111648827 ], [ -97.725302654012381, 19.529461888484072 ], [ -97.721733462429142, 19.531519452871898 ], [ -97.714758484889288, 19.530498395192321 ], [ -97.700029321159732, 19.520107566290633 ], [ -97.689799094123089, 19.527869890811495 ], [ -97.693011509740771, 19.532737148309234 ], [ -97.680005860096273, 19.533514909910888 ], [ -97.662752477781794, 19.510910176293468 ], [ -97.65344742361539, 19.506555520258434 ], [ -97.646072249569613, 19.515156242226702 ], [ -97.640952472568245, 19.529949559093165 ], [ -97.636510133841227, 19.52524119841155 ], [ -97.633238526505124, 19.514733769778477 ], [ -97.623903886136972, 19.506509063876955 ], [ -97.609773876253868, 19.518261699157492 ], [ -97.60653137855634, 19.512906822112505 ], [ -97.595987814034487, 19.51841410966157 ], [ -97.589617583122077, 19.512115110935877 ] ] ] } },
{ "type": "Feature", "properties": { "cve_edo": "21", "cve_mpo_ine": "119", "cve_edo_mpo_ine": "21119", "nom_mpo": "LOS REYES DE JUAREZ", "nom_edo": "Puebla", "alianza_ganadora": "Juntos Haremos Historia", "margen_pp": 6.4222932481022772, "por_participacion": 55.004944511592136 }, "geometry": { "type": "MultiPolygon", "coordinates": [ [ [ [ -97.844115218106907, 18.959608860509945 ], [ -97.840154954978175, 18.962217752981953 ], [ -97.837271391098412, 18.968532877745371 ], [ -97.838634932600442, 18.975894169649973 ], [ -97.841429956631714, 18.975688558674406 ], [ -97.856972486148422, 18.988006422150626 ], [ -97.857029198042341, 18.99231688603631 ], [ -97.871469910861833, 18.997172704287077 ], [ -97.863139397425812, 19.005955709933257 ], [ -97.864303831203443, 19.007033856562359 ], [ -97.856611845935845, 19.019256856584931 ], [ -97.843801755922883, 19.011582408424662 ], [ -97.848464106606002, 19.003958889117897 ], [ -97.838626164025797, 18.994918008075761 ], [ -97.846198095977684, 18.991440853781697 ], [ -97.815573413544527, 18.980427366022088 ], [ -97.81703413621193, 18.977857351356835 ], [ -97.810270167556141, 18.960803146581803 ], [ -97.81493808248635, 18.954273150713554 ], [ -97.810736107029541, 18.9541086555021 ], [ -97.801265817151958, 18.948623793799769 ], [ -97.799848417647837, 18.950548675101334 ], [ -97.784002766297348, 18.945066975817358 ], [ -97.785048202884497, 18.931088514860967 ], [ -97.7947099573923, 18.934529637303392 ], [ -97.801959739906394, 18.92048142465141 ], [ -97.816819839547563, 18.927510878341494 ], [ -97.826460307302284, 18.929647418025642 ], [ -97.839590622033342, 18.938179709556394 ], [ -97.838923535609808, 18.944877578510003 ], [ -97.833007934789293, 18.947256826541555 ], [ -97.824309708203714, 18.9427054729079 ], [ -97.821498994563228, 18.947786932007389 ], [ -97.833326717574181, 18.958806790444548 ], [ -97.84085702649908, 18.954467672916664 ], [ -97.844115218106907, 18.959608860509945 ] ] ], [ [ [ -97.811022228558485, 19.091993711113847 ], [ -97.816781456961508, 19.092045233793712 ], [ -97.82021431240446, 19.103866895650501 ], [ -97.814716647861218, 19.098295186519003 ], [ -97.809772814296622, 19.102248706941754 ], [ -97.811022228558485, 19.091993711113847 ] ] ] ] } },
{ "type": "Feature", "properties": { "cve_edo": "21", "cve_mpo_ine": "098", "cve_edo_mpo_ine": "21098", "nom_mpo": "MAZAPILTEPEC DE JUAREZ", "nom_edo": "Puebla", "alianza_ganadora": "Juntos Haremos Historia", "margen_pp": 6.9917743830787309, "por_participacion": 76.805054151624546 }, "geometry": { "type": "Polygon", "coordinates": [ [ [ -97.735195727614794, 19.193573736017239 ], [ -97.727287101444418, 19.20981562298838 ], [ -97.715488949685835, 19.198011935121897 ], [ -97.695504060658962, 19.1922187316977 ], [ -97.687023260065317, 19.192314361407835 ], [ -97.666546246981994, 19.185514093680116 ], [ -97.65876069632678, 19.17561910908584 ], [ -97.680143271248397, 19.151994418930052 ], [ -97.663919133248157, 19.144754405572211 ], [ -97.666554420890833, 19.127259844250446 ], [ -97.651855413798245, 19.12819003734019 ], [ -97.666120461374973, 19.103928817377653 ], [ -97.662869208567159, 19.098921725352831 ], [ -97.661357505608038, 19.08029584242805 ], [ -97.672889590501114, 19.08131235713703 ], [ -97.680002839336041, 19.084898851083928 ], [ -97.683344881467761, 19.093010312993325 ], [ -97.691623638656907, 19.101995931225737 ], [ -97.711579076742296, 19.111277723060066 ], [ -97.711471378747333, 19.113825471478567 ], [ -97.702418731076378, 19.122043333545314 ], [ -97.696805709677648, 19.123670999901861 ], [ -97.694981520493855, 19.127118922382312 ], [ -97.693061404768272, 19.124552918794841 ], [ -97.690475542498135, 19.126975125977307 ], [ -97.686479561647133, 19.135974309112523 ], [ -97.674705030892468, 19.138148269318307 ], [ -97.694668417989192, 19.142512473355723 ], [ -97.714324737155437, 19.143100435265534 ], [ -97.709518546863166, 19.146415182636446 ], [ -97.712101634836685, 19.149629105189934 ], [ -97.707194290420162, 19.156880082118033 ], [ -97.708344711530643, 19.158092102229769 ], [ -97.694898051561736, 19.158760562433624 ], [ -97.707628626769534, 19.181170145445439 ], [ -97.710335821109311, 19.172988079938126 ], [ -97.714994714646622, 19.167226858025856 ], [ -97.715696933838373, 19.161472276074797 ], [ -97.719049120448958, 19.158144666339417 ], [ -97.728751551628648, 19.170248202481165 ], [ -97.747136742035067, 19.185523867931483 ], [ -97.739748466397373, 19.201271050406337 ], [ -97.737294575116877, 19.194296631324981 ], [ -97.735195727614794, 19.193573736017239 ] ] ] } },
{ "type": "Feature", "properties": { "cve_edo": "21", "cve_mpo_ine": "099", "cve_edo_mpo_ine": "21099", "nom_mpo": "MIXTLA", "nom_edo": "Puebla", "alianza_ganadora": "Juntos Haremos Historia", "margen_pp": 32.126696832579185, "por_participacion": 72.459016393442624 }, "geometry": { "type": "Polygon", "coordinates": [ [ [ -97.876845038113288, 18.919171813076019 ], [ -97.872390810168028, 18.907165494970435 ], [ -97.879693694397375, 18.907788776866902 ], [ -97.878885775028181, 18.898285625378911 ], [ -97.892276307474816, 18.890854394366531 ], [ -97.911952729314393, 18.911051530200531 ], [ -97.908568966102933, 18.919429326090587 ], [ -97.894132811388801, 18.921747027310339 ], [ -97.876845038113288, 18.919171813076019 ] ] ] } },
{ "type": "Feature", "properties": { "cve_edo": "21", "cve_mpo_ine": "100", "cve_edo_mpo_ine": "21100", "nom_mpo": "MOLCAXAC", "nom_edo": "Puebla", "alianza_ganadora": "Juntos Haremos Historia", "margen_pp": 30.631948507899356, "por_participacion": 69.797835409434356 }, "geometry": { "type": "Polygon", "coordinates": [ [ [ -97.905937979917042, 18.695266112980043 ], [ -97.919067933492244, 18.700541889174108 ], [ -97.920403936952226, 18.703980895105154 ], [ -97.934739956265446, 18.712334557928983 ], [ -97.946525819277142, 18.723551594816279 ], [ -97.943336610327776, 18.727867898859053 ], [ -97.92836713434788, 18.733320634927694 ], [ -97.927973066459487, 18.736254243166989 ], [ -97.923377556244645, 18.736146700250714 ], [ -97.916476561554234, 18.748675928970812 ], [ -97.915666672678668, 18.755392884922024 ], [ -97.918164999334493, 18.761773701264925 ], [ -97.916046543803475, 18.764058982439934 ], [ -97.912918574522521, 18.762268211898608 ], [ -97.906266746691415, 18.76311612857052 ], [ -97.902436855083096, 18.766105875163213 ], [ -97.899127867738031, 18.764410393211286 ], [ -97.890990414741964, 18.748699123467617 ], [ -97.893999999999835, 18.746777777801672 ], [ -97.887388888888765, 18.741750000023831 ], [ -97.873709679858422, 18.739402444332043 ], [ -97.870857083358089, 18.734471684258715 ], [ -97.857499999999845, 18.734777777801572 ], [ -97.850305555555394, 18.742222222246081 ], [ -97.838694444444286, 18.730222222245963 ], [ -97.836328646115746, 18.724723763769386 ], [ -97.838334916551204, 18.719457455770094 ], [ -97.83602777777763, 18.713027777801365 ], [ -97.84227777777761, 18.708500000023573 ], [ -97.841958106844459, 18.698311485743584 ], [ -97.848630337135589, 18.697102649729178 ], [ -97.851298782752181, 18.684746238230137 ], [ -97.832328582215411, 18.675437423653317 ], [ -97.845207157642221, 18.672813287346845 ], [ -97.854915193772086, 18.674107040311146 ], [ -97.855010547860076, 18.665631410535479 ], [ -97.851877898631699, 18.661820791057622 ], [ -97.837492035666997, 18.664363987387393 ], [ -97.827515437239171, 18.65641394625094 ], [ -97.82299114388772, 18.655630375539044 ], [ -97.809300879304644, 18.661653012120205 ], [ -97.804951230378308, 18.657967022574617 ], [ -97.803851017292303, 18.649759829751837 ], [ -97.81313245640294, 18.64361693271265 ], [ -97.824058658153675, 18.640579403043564 ], [ -97.814005004161018, 18.628070544538886 ], [ -97.786519802119969, 18.61441184326177 ], [ -97.792902285018343, 18.601473280480285 ], [ -97.812272797607406, 18.580978919419351 ], [ -97.819519942277608, 18.583252615763449 ], [ -97.826476863001432, 18.592656650943567 ], [ -97.837957488809181, 18.602553522013729 ], [ -97.844567653346061, 18.590524746166732 ], [ -97.84706128715051, 18.598771857683452 ], [ -97.856107293037496, 18.600959428494388 ], [ -97.856513664011331, 18.605767859472543 ], [ -97.867068226297434, 18.610026084567004 ], [ -97.875128874747404, 18.610182559943368 ], [ -97.879304676902336, 18.612416208385653 ], [ -97.882808799318582, 18.610778489399319 ], [ -97.890149693557021, 18.614765856096206 ], [ -97.891888707659305, 18.612276285179295 ], [ -97.907896389766833, 18.617561702746059 ], [ -97.911142630133156, 18.61419931058083 ], [ -97.922913198209358, 18.61032733749493 ], [ -97.928816183434378, 18.619405307312125 ], [ -97.921449076566276, 18.643223321406936 ], [ -97.914086917596421, 18.648201977688281 ], [ -97.908859808779738, 18.662898980724062 ], [ -97.903887740695893, 18.670205264131326 ], [ -97.905937979917042, 18.695266112980043 ] ] ] } },
{ "type": "Feature", "properties": { "cve_edo": "21", "cve_mpo_ine": "101", "cve_edo_mpo_ine": "21101", "nom_mpo": "NAUPAN", "nom_edo": "Puebla", "alianza_ganadora": "Va por México", "margen_pp": 25.043967639817094, "por_participacion": 81.135844748858446 }, "geometry": { "type": "Polygon", "coordinates": [ [ [ -98.143704540868654, 20.221500634576365 ], [ -98.132143877514181, 20.241816195307361 ], [ -98.120817811244009, 20.249472608574276 ], [ -98.111725462594748, 20.262478082701708 ], [ -98.102983552388991, 20.281541539174167 ], [ -98.105594018989876, 20.296601995566355 ], [ -98.10274606434885, 20.300092730974704 ], [ -98.089972611315233, 20.305259207382029 ], [ -98.077101433917178, 20.302373795606101 ], [ -98.071049900942455, 20.303627702307267 ], [ -98.065870841129609, 20.299651127447785 ], [ -98.059721427906752, 20.298954274617032 ], [ -98.056949152909652, 20.294725088005649 ], [ -98.051212468105589, 20.29381987702569 ], [ -98.050780688428546, 20.290085445734313 ], [ -98.060657177989697, 20.269612290066583 ], [ -98.060762242549274, 20.264922604454529 ], [ -98.068872986607516, 20.262753004984436 ], [ -98.075264853505033, 20.250542453540639 ], [ -98.079071532328967, 20.25086874276894 ], [ -98.083413924230769, 20.244346516242661 ], [ -98.098357090146578, 20.238554266850624 ], [ -98.101311798365245, 20.23466250214604 ], [ -98.105312137288109, 20.222274437702882 ], [ -98.104427903491285, 20.216714773496367 ], [ -98.099961538873444, 20.211949539596752 ], [ -98.101587670444403, 20.207381748223522 ], [ -98.100431824975516, 20.199622954922834 ], [ -98.102840256771046, 20.192895789997106 ], [ -98.110145874362502, 20.188691869370693 ], [ -98.121079919330967, 20.172528847538914 ], [ -98.122784015073051, 20.171986286722419 ], [ -98.123626639373398, 20.175802931940147 ], [ -98.128299740676482, 20.177247476807846 ], [ -98.132475477157058, 20.175496279751822 ], [ -98.130988047146019, 20.177371981171284 ], [ -98.132871669624635, 20.180252068143083 ], [ -98.130303680120576, 20.180018973636184 ], [ -98.127697518946434, 20.183213799895409 ], [ -98.12942438513025, 20.189192170481437 ], [ -98.134687117358311, 20.19130955750331 ], [ -98.140400649044579, 20.200527473633066 ], [ -98.148590279593606, 20.20419689457518 ], [ -98.154050513996012, 20.209905529630941 ], [ -98.156703051245842, 20.216412421363838 ], [ -98.143704540868654, 20.221500634576365 ] ] ] } },
{ "type": "Feature", "properties": { "cve_edo": "21", "cve_mpo_ine": "102", "cve_edo_mpo_ine": "21102", "nom_mpo": "NAUZONTLA", "nom_edo": "Puebla", "alianza_ganadora": "Juntos Haremos Historia", "margen_pp": 7.9183266932270913, "por_participacion": 75.687900490011302 }, "geometry": { "type": "Polygon", "coordinates": [ [ [ -97.564059555585288, 19.970488888257456 ], [ -97.565001548434651, 19.956781170986492 ], [ -97.558163659513724, 19.955289540577148 ], [ -97.562976507399441, 19.951977028589962 ], [ -97.563046496342636, 19.9495336478792 ], [ -97.571298641843271, 19.948788831186146 ], [ -97.581487268096168, 19.933962971485133 ], [ -97.605555364413462, 19.925454341099464 ], [ -97.604816622576635, 19.928772793661501 ], [ -97.606974462582102, 19.928351490548394 ], [ -97.608397937203634, 19.931953295711377 ], [ -97.61431606805786, 19.935292101715525 ], [ -97.610919556868993, 19.941536850704971 ], [ -97.612581506084268, 19.947525945015517 ], [ -97.607798704569802, 19.948494386895181 ], [ -97.607529333328912, 19.952184425086873 ], [ -97.610868091339157, 19.953831713319776 ], [ -97.608507413312594, 19.959311016350338 ], [ -97.609688898769861, 19.961504226661702 ], [ -97.604593909200119, 19.968774225695601 ], [ -97.604996900636422, 19.977353480363838 ], [ -97.600370541998544, 19.976175690471152 ], [ -97.594615611462402, 19.979914031039879 ], [ -97.592093087721892, 19.987797456786737 ], [ -97.594287926026198, 19.990869524466522 ], [ -97.591127595871995, 19.993837283507116 ], [ -97.580088392602136, 19.997135504921939 ], [ -97.570615721893617, 19.994881883281074 ], [ -97.564059555585288, 19.970488888257456 ] ] ] } },
{ "type": "Feature", "properties": { "cve_edo": "21", "cve_mpo_ine": "103", "cve_edo_mpo_ine": "21103", "nom_mpo": "NEALTICAN", "nom_edo": "Puebla", "alianza_ganadora": "Juntos Haremos Historia", "margen_pp": 16.24441132637854, "por_participacion": 65.863234812956705 }, "geometry": { "type": "Polygon", "coordinates": [ [ [ -98.479859494121015, 19.070144249408202 ], [ -98.475010297866589, 19.076754707628222 ], [ -98.466881946902333, 19.080760182010962 ], [ -98.450075792864212, 19.080527647509705 ], [ -98.440483443512122, 19.071169740855339 ], [ -98.434436010944154, 19.069222929502313 ], [ -98.428953972647989, 19.070496807036072 ], [ -98.420392937537585, 19.066213093605327 ], [ -98.412183131008561, 19.052923001983949 ], [ -98.420928764517953, 19.049054241159784 ], [ -98.423077100476135, 19.033596969674566 ], [ -98.432235761027712, 19.038644156826642 ], [ -98.434128212872395, 19.040797485106602 ], [ -98.432745794420043, 19.042290995521622 ], [ -98.437091717742874, 19.045946186104825 ], [ -98.451767367698707, 19.044897922253085 ], [ -98.477782283047475, 19.063231471364457 ], [ -98.479859494121015, 19.070144249408202 ] ] ] } },
{ "type": "Feature", "properties": { "cve_edo": "21", "cve_mpo_ine": "104", "cve_edo_mpo_ine": "21104", "nom_mpo": "NICOLAS BRAVO", "nom_edo": "Puebla", "alianza_ganadora": "Va por México", "margen_pp": 4.6968687541638907, "por_participacion": 62.437603993344425 }, "geometry": { "type": "Polygon", "coordinates": [ [ [ -97.345714951682652, 18.683549539335974 ], [ -97.332556903135398, 18.671148517445822 ], [ -97.328375617103205, 18.662884977793873 ], [ -97.320272769699613, 18.663158333971179 ], [ -97.316544029720049, 18.670049584872451 ], [ -97.313735449618449, 18.667888996301997 ], [ -97.311346502198631, 18.674007161783408 ], [ -97.309111413508205, 18.672262245432144 ], [ -97.303778470984867, 18.67308947693051 ], [ -97.300053509980827, 18.670181131395221 ], [ -97.299418475880429, 18.665359386864452 ], [ -97.296142357562331, 18.663606991276563 ], [ -97.29220610649358, 18.654397527800352 ], [ -97.282756727281992, 18.651324734380115 ], [ -97.278006395667489, 18.637868416106649 ], [ -97.273883902539211, 18.6344627118836 ], [ -97.274497996826483, 18.627689633856605 ], [ -97.269760113570214, 18.614742020424668 ], [ -97.270084746673746, 18.609071937479989 ], [ -97.274200546294693, 18.611136137314716 ], [ -97.290422895505174, 18.602672886306898 ], [ -97.292946754760933, 18.597413620431588 ], [ -97.291143081886275, 18.594891537282212 ], [ -97.278650867262996, 18.595652677689728 ], [ -97.288226499450218, 18.588977334894114 ], [ -97.288907792447745, 18.585831169308442 ], [ -97.292779512802412, 18.584874146423662 ], [ -97.297477987010893, 18.588013049950664 ], [ -97.302442933435785, 18.58564722762868 ], [ -97.305324469930014, 18.583077288633334 ], [ -97.306227595137472, 18.577737287941133 ], [ -97.310552370836092, 18.574544412396467 ], [ -97.317577544976132, 18.580700606023193 ], [ -97.314380896948251, 18.590762002237827 ], [ -97.331713873628388, 18.585811036553494 ], [ -97.339062915187199, 18.586378901500115 ], [ -97.346873233806249, 18.591752872482637 ], [ -97.352567646996249, 18.592275194326835 ], [ -97.363479435233074, 18.587455944910328 ], [ -97.372180740879031, 18.580073954841581 ], [ -97.376001973520346, 18.580812121709023 ], [ -97.379900650763432, 18.57327269655503 ], [ -97.386624009810575, 18.576157483594962 ], [ -97.39157454767431, 18.571016273622703 ], [ -97.400407627257621, 18.567440194158575 ], [ -97.407894941024523, 18.560720872289416 ], [ -97.406989455472825, 18.552817641764708 ], [ -97.416691057130052, 18.549694250161501 ], [ -97.420356732133499, 18.554198081860889 ], [ -97.420082053223666, 18.557178557253785 ], [ -97.418997199009638, 18.560077898028386 ], [ -97.414150052370971, 18.562446747096878 ], [ -97.413267534875729, 18.571346833388958 ], [ -97.398828843654073, 18.576051775856239 ], [ -97.3905842095499, 18.581861545896963 ], [ -97.386850816198603, 18.587579875880248 ], [ -97.38000309880222, 18.582915654867655 ], [ -97.366600610237356, 18.599618204789024 ], [ -97.361003517745601, 18.602855943479934 ], [ -97.360932884493778, 18.612871571095191 ], [ -97.367253677115301, 18.616047520915608 ], [ -97.372139761236411, 18.621750371915741 ], [ -97.373734858334586, 18.628948837722564 ], [ -97.380966481265716, 18.628687693782023 ], [ -97.390180469074394, 18.631650804053802 ], [ -97.393180459739611, 18.629741460431561 ], [ -97.393248845457791, 18.623727934327832 ], [ -97.4099633379994, 18.629898215973444 ], [ -97.406112306219853, 18.658300670470794 ], [ -97.396430870000728, 18.65655411843775 ], [ -97.394706900490135, 18.659164690765493 ], [ -97.379899478790591, 18.660929763403523 ], [ -97.369076054003372, 18.673488681369477 ], [ -97.364040943082344, 18.673538604159042 ], [ -97.354754322324879, 18.680672383175953 ], [ -97.34734780495647, 18.681139547569476 ], [ -97.345714951682652, 18.683549539335974 ] ] ] } },
{ "type": "Feature", "properties": { "cve_edo": "21", "cve_mpo_ine": "105", "cve_edo_mpo_ine": "21105", "nom_mpo": "NOPALUCAN", "nom_edo": "Puebla", "alianza_ganadora": "Juntos Haremos Historia", "margen_pp": 16.880007367160882, "por_participacion": 57.930114697252598 }, "geometry": { "type": "Polygon", "coordinates": [ [ [ -97.870877659609775, 19.27108565091407 ], [ -97.860963519303098, 19.286867645775491 ], [ -97.839720876340593, 19.287842426825694 ], [ -97.840438027324325, 19.301434940986436 ], [ -97.822276595231045, 19.304867417996086 ], [ -97.801239072330148, 19.301566314767477 ], [ -97.787129913468604, 19.289595437085875 ], [ -97.775898158879443, 19.285951090723334 ], [ -97.789938501139403, 19.260870915650834 ], [ -97.805033935514317, 19.258693091127807 ], [ -97.81109930179565, 19.259752263030546 ], [ -97.827367834902475, 19.273405244342673 ], [ -97.838250137023266, 19.267390431199427 ], [ -97.812331668467579, 19.241244206668366 ], [ -97.81137496792536, 19.243013756347814 ], [ -97.808970988151216, 19.241994616702648 ], [ -97.809939999538514, 19.238023440265923 ], [ -97.821019687312486, 19.230150364372388 ], [ -97.813415923531267, 19.226172884684289 ], [ -97.815238426172627, 19.222808181922421 ], [ -97.802971377839967, 19.2224982607549 ], [ -97.794750918846276, 19.219139303550222 ], [ -97.793586546478352, 19.221906788306523 ], [ -97.747136742035067, 19.185523867931483 ], [ -97.751693212422751, 19.175685678429243 ], [ -97.756019683392736, 19.177754376603986 ], [ -97.761175572540694, 19.158196283179183 ], [ -97.763776683496445, 19.156518942252397 ], [ -97.761762934711271, 19.152982462050755 ], [ -97.768648469909778, 19.143535679061312 ], [ -97.773926309267196, 19.153407846991932 ], [ -97.772968451268753, 19.15647563117027 ], [ -97.779632627021243, 19.165301437424883 ], [ -97.78488963642188, 19.167319500857968 ], [ -97.79169806693055, 19.167421440133296 ], [ -97.795744957545011, 19.164903393483733 ], [ -97.800712014255936, 19.155721297311683 ], [ -97.810345195184368, 19.153357066113806 ], [ -97.812041826944366, 19.148669894189748 ], [ -97.805503081061801, 19.140836099243103 ], [ -97.808660977597228, 19.131216004508719 ], [ -97.80567991725168, 19.124216721746677 ], [ -97.80426026840243, 19.105090763642419 ], [ -97.814716647861218, 19.098295186519003 ], [ -97.821619668140585, 19.107695987697358 ], [ -97.822918001995362, 19.115041782961619 ], [ -97.83031606128462, 19.121626615797162 ], [ -97.832996008178014, 19.127553657336748 ], [ -97.836130941951382, 19.121446921513758 ], [ -97.845917631213794, 19.128297621245512 ], [ -97.855856263620467, 19.127498772215453 ], [ -97.850798304434889, 19.138709085477544 ], [ -97.867882944371587, 19.131556960596448 ], [ -97.878922419063443, 19.130332735966338 ], [ -97.88822808884251, 19.119451659103827 ], [ -97.894809855211136, 19.120254664229073 ], [ -97.899919681666361, 19.124751250735141 ], [ -97.920791428111116, 19.11645819349544 ], [ -97.919131995101282, 19.122346719243467 ], [ -97.927700744338139, 19.133030364216022 ], [ -97.929224346325555, 19.144507358432385 ], [ -97.933581693729209, 19.154426154685698 ], [ -97.928877016709762, 19.165635278822595 ], [ -97.904635930357912, 19.178279702736486 ], [ -97.897489157884522, 19.195258177517879 ], [ -97.892905456232072, 19.200531862335286 ], [ -97.865029248916812, 19.212691904225352 ], [ -97.851603643445046, 19.222445129732776 ], [ -97.842122778079613, 19.209479810900223 ], [ -97.827944256387013, 19.215161587614844 ], [ -97.826757341809, 19.219358300390965 ], [ -97.840579904295467, 19.234339429008067 ], [ -97.841115875467139, 19.246528905933058 ], [ -97.870877659609775, 19.27108565091407 ] ] ] } },
{ "type": "Feature", "properties": { "cve_edo": "21", "cve_mpo_ine": "106", "cve_edo_mpo_ine": "21106", "nom_mpo": "OCOTEPEC", "nom_edo": "Puebla", "alianza_ganadora": "Juntos Haremos Historia", "margen_pp": 19.846261355695319, "por_participacion": 75.91511936339522 }, "geometry": { "type": "Polygon", "coordinates": [ [ [ -97.699514684011362, 19.604469708151665 ], [ -97.697830818790578, 19.610695217337778 ], [ -97.682267081165733, 19.615524107469124 ], [ -97.679833255666054, 19.609245780027873 ], [ -97.683419794462395, 19.602916714180626 ], [ -97.680503189755186, 19.594056193792365 ], [ -97.677270227900252, 19.590954852528391 ], [ -97.672844665942975, 19.593745149627047 ], [ -97.667973975749391, 19.590407095747278 ], [ -97.656167165403488, 19.590296843036473 ], [ -97.647985243392455, 19.580186390661527 ], [ -97.643593338615233, 19.562754596515902 ], [ -97.628893106266418, 19.562656478380688 ], [ -97.637637104581501, 19.538307628803047 ], [ -97.627024357753172, 19.531636895354733 ], [ -97.629292468019443, 19.529782981578567 ], [ -97.628404178865139, 19.527662845592666 ], [ -97.635680693578266, 19.523014764557288 ], [ -97.639092025480863, 19.529028639743995 ], [ -97.641603161884831, 19.529454349174845 ], [ -97.646072249569613, 19.515156242226702 ], [ -97.65344742361539, 19.506555520258434 ], [ -97.662752477781794, 19.510910176293468 ], [ -97.680005860096273, 19.533514909910888 ], [ -97.693011509740771, 19.532737148309234 ], [ -97.689799094123089, 19.527869890811495 ], [ -97.693146366431378, 19.527052256933739 ], [ -97.698624619024827, 19.520102031229154 ], [ -97.704275920178731, 19.522074717424257 ], [ -97.712369110766872, 19.529700665254499 ], [ -97.721733462429142, 19.531519452871898 ], [ -97.722452996661133, 19.536055049440041 ], [ -97.716598398668566, 19.539803446182443 ], [ -97.713376962986629, 19.549013247378678 ], [ -97.719505205605131, 19.554453990932949 ], [ -97.731994727397776, 19.558393745511573 ], [ -97.7197956300611, 19.56859014281769 ], [ -97.715760399327863, 19.584529729934694 ], [ -97.709218369113444, 19.585926437102028 ], [ -97.71054917569947, 19.589188585466584 ], [ -97.715459074425382, 19.591521278265191 ], [ -97.699514684011362, 19.604469708151665 ] ] ] } },
{ "type": "Feature", "properties": { "cve_edo": "21", "cve_mpo_ine": "107", "cve_edo_mpo_ine": "21107", "nom_mpo": "OCOYUCAN", "nom_edo": "Puebla", "alianza_ganadora": "Va por México", "margen_pp": 22.981366459627328, "por_participacion": 57.585172874742582 }, "geometry": { "type": "Polygon", "coordinates": [ [ [ -98.277442176391361, 18.985537488291413 ], [ -98.280076213194278, 18.984008839177971 ], [ -98.279770507241878, 18.97786430919367 ], [ -98.282634466942724, 18.976147122276554 ], [ -98.277137715309081, 18.970836916303348 ], [ -98.277442663141855, 18.96060732598734 ], [ -98.274329024833222, 18.958313058383723 ], [ -98.275606880154854, 18.955803875013675 ], [ -98.270314517369982, 18.951302719873926 ], [ -98.266826739169701, 18.956242825849696 ], [ -98.255702179996007, 18.949896784398266 ], [ -98.258249844369359, 18.945639229936315 ], [ -98.257293436252141, 18.94235356177898 ], [ -98.263942695211497, 18.946179007758715 ], [ -98.264960293016713, 18.943797505226488 ], [ -98.267500708217213, 18.946110359721221 ], [ -98.272312577743392, 18.943502221068609 ], [ -98.273125700756452, 18.946021541967024 ], [ -98.275574093323996, 18.945698819236373 ], [ -98.277115374729192, 18.940871508010975 ], [ -98.275912445894704, 18.922249499244913 ], [ -98.284609454078549, 18.921734630341223 ], [ -98.28630390525224, 18.918229706155056 ], [ -98.287423375957133, 18.913484827469293 ], [ -98.284770200714689, 18.910051695873328 ], [ -98.288494887689723, 18.906097648084863 ], [ -98.285847960942633, 18.901054473974483 ], [ -98.281566621706773, 18.899062200231398 ], [ -98.27199672939463, 18.900771971712206 ], [ -98.268417232834111, 18.897212402855853 ], [ -98.281416467760465, 18.877841869294851 ], [ -98.293280417540245, 18.866765659798531 ], [ -98.287122034563794, 18.855727738740267 ], [ -98.280771899215708, 18.849560676056289 ], [ -98.285806551163134, 18.846026497436082 ], [ -98.285508128135817, 18.842621371574111 ], [ -98.291247614939749, 18.84526029320444 ], [ -98.310572799335347, 18.845109270643537 ], [ -98.31377348380353, 18.851450280937463 ], [ -98.320005357961875, 18.852918392768359 ], [ -98.313638128415207, 18.859179520633234 ], [ -98.33161096156104, 18.862091069447622 ], [ -98.333096438043725, 18.871763810342234 ], [ -98.330870772313489, 18.873401853719894 ], [ -98.329737151506961, 18.879900273447348 ], [ -98.333078607185357, 18.886549153595148 ], [ -98.336678856324582, 18.889633615325742 ], [ -98.34505367944675, 18.886008415684497 ], [ -98.356878281911932, 18.890278794897984 ], [ -98.362264028450653, 18.908182815535501 ], [ -98.36133202996605, 18.917149346908545 ], [ -98.35887782490444, 18.919862716281411 ], [ -98.356550668733703, 18.915573721258454 ], [ -98.355085068919834, 18.920242338107652 ], [ -98.348769166659295, 18.922299176938846 ], [ -98.355413770852081, 18.928764807089188 ], [ -98.365945620986849, 18.928869742012211 ], [ -98.369116931747257, 18.934936563375924 ], [ -98.370075800280873, 18.949101319192959 ], [ -98.365168426347665, 18.949697197163982 ], [ -98.363496559478463, 18.967519049032447 ], [ -98.358096102917315, 18.971560719768974 ], [ -98.354348896570315, 18.968622059894624 ], [ -98.351038719491683, 18.970506741420529 ], [ -98.353078119606465, 18.975152948546913 ], [ -98.344871747562465, 18.976853475761981 ], [ -98.340290643757683, 18.980281825830691 ], [ -98.346188153120011, 18.981318911698366 ], [ -98.351485423120806, 18.988731545200295 ], [ -98.342587913338647, 18.995060975985819 ], [ -98.341375361622795, 18.998413753221154 ], [ -98.334640678642145, 19.000916121445943 ], [ -98.332033562753338, 19.006836114520311 ], [ -98.327722623796745, 19.00689910293287 ], [ -98.319579029907132, 19.012877368006205 ], [ -98.318792507602225, 19.009100745450151 ], [ -98.316307410260904, 19.008524252355006 ], [ -98.306388946979652, 19.010215217522557 ], [ -98.305314027907144, 19.001448612473517 ], [ -98.299021910644669, 18.999143341227537 ], [ -98.292551776734413, 18.988735181573759 ], [ -98.287453786995968, 18.993194506949422 ], [ -98.277442176391361, 18.985537488291413 ] ] ] } },
{ "type": "Feature", "properties": { "cve_edo": "21", "cve_mpo_ine": "108", "cve_edo_mpo_ine": "21108", "nom_mpo": "OLINTLA", "nom_edo": "Puebla", "alianza_ganadora": "Va por México", "margen_pp": 64.82094492928077, "por_participacion": 78.557919621749406 }, "geometry": { "type": "Polygon", "coordinates": [ [ [ -97.637170735214085, 20.183138731400177 ], [ -97.629959725944232, 20.182540125952443 ], [ -97.626809298142149, 20.176112522670305 ], [ -97.623733138600997, 20.173981820076499 ], [ -97.621008450153454, 20.174981984610554 ], [ -97.624881019174012, 20.158841303064197 ], [ -97.622842434828087, 20.157689485555562 ], [ -97.623062259652073, 20.153746189671768 ], [ -97.625791297718095, 20.15269523510468 ], [ -97.62803138615233, 20.144343190571686 ], [ -97.622381379181576, 20.140926999158641 ], [ -97.630330837228144, 20.136447266496596 ], [ -97.639749576955595, 20.136897904798342 ], [ -97.642705997663541, 20.134434601834283 ], [ -97.638384763253399, 20.128563838361924 ], [ -97.642095888939551, 20.108584810105473 ], [ -97.645869042043046, 20.107196197926257 ], [ -97.6509956398789, 20.110697284167138 ], [ -97.6489387563919, 20.104068201903459 ], [ -97.651783996387834, 20.103306662747123 ], [ -97.657562875732708, 20.110539006179526 ], [ -97.661268861991502, 20.106577543459434 ], [ -97.660273455007527, 20.10446631580006 ], [ -97.662831989349684, 20.104826522128906 ], [ -97.661090006102455, 20.0886514084434 ], [ -97.670961688404859, 20.086483480584405 ], [ -97.670651042131354, 20.080841375831042 ], [ -97.676277742255763, 20.078031374482819 ], [ -97.677160220854489, 20.064913275485505 ], [ -97.684188506683682, 20.05657508344186 ], [ -97.681434169537312, 20.051825674521616 ], [ -97.689277777777463, 20.052972222259552 ], [ -97.689666666666341, 20.049222222259434 ], [ -97.694499999999692, 20.045166666703832 ], [ -97.69377777777747, 20.041888888926014 ], [ -97.705571138853415, 20.048825119208971 ], [ -97.712615907492605, 20.048395226386578 ], [ -97.712493105403468, 20.056319668642846 ], [ -97.716883898696096, 20.05951122213509 ], [ -97.709022805880537, 20.070302611150215 ], [ -97.708644623440193, 20.077815945704899 ], [ -97.716659044689024, 20.091632556002686 ], [ -97.713354584891718, 20.093767151295872 ], [ -97.71353973071858, 20.096588046217359 ], [ -97.709758665893887, 20.095695778696502 ], [ -97.705773390254109, 20.10227428283855 ], [ -97.699338473996875, 20.106666503453333 ], [ -97.700281272652049, 20.110105776720488 ], [ -97.694793813685692, 20.119347975960164 ], [ -97.698013365881266, 20.12543090665536 ], [ -97.690529728341787, 20.129496382758997 ], [ -97.686826584688973, 20.134205412717218 ], [ -97.682340957745765, 20.131573345917666 ], [ -97.679114498267765, 20.1395995055036 ], [ -97.670945152808898, 20.130927859956032 ], [ -97.667239660243851, 20.135138478725445 ], [ -97.663566145274103, 20.131920752472737 ], [ -97.660225068991195, 20.140694057725955 ], [ -97.663864476130129, 20.150759146894831 ], [ -97.661026042824489, 20.15372016333512 ], [ -97.661734933665471, 20.156953310504456 ], [ -97.657213020218308, 20.160711396935611 ], [ -97.659446707603692, 20.16775447234561 ], [ -97.656658023993728, 20.168391276677514 ], [ -97.653385603129095, 20.163594353830625 ], [ -97.645842584378499, 20.168156001463895 ], [ -97.644363628096144, 20.177915341548619 ], [ -97.638138884394735, 20.176992304358304 ], [ -97.637170735214085, 20.183138731400177 ] ] ] } },
{ "type": "Feature", "properties": { "cve_edo": "21", "cve_mpo_ine": "109", "cve_edo_mpo_ine": "21109", "nom_mpo": "ORIENTAL", "nom_edo": "Puebla", "alianza_ganadora": "Juntos Haremos Historia", "margen_pp": 38.595486310001142, "por_participacion": 69.107750771910375 }, "geometry": { "type": "Polygon", "coordinates": [ [ [ -97.637714284637553, 19.318249289918885 ], [ -97.632758872607738, 19.315819643185751 ], [ -97.632118251966347, 19.320679877097266 ], [ -97.627412884963093, 19.32375767205134 ], [ -97.630992563682724, 19.33642854004372 ], [ -97.638925373612054, 19.337882703776671 ], [ -97.630987637089177, 19.355753984515665 ], [ -97.639322357802982, 19.362228595855854 ], [ -97.654483262489478, 19.354608871686867 ], [ -97.667398204305542, 19.362361043055653 ], [ -97.663759574104446, 19.367658193605319 ], [ -97.663973360542826, 19.373469034381412 ], [ -97.655045583711853, 19.376337307102009 ], [ -97.661138986605636, 19.379806884396668 ], [ -97.659058995162511, 19.3865627779224 ], [ -97.664655720535961, 19.387872228825973 ], [ -97.663893336051288, 19.396667041399208 ], [ -97.66625245982587, 19.399540163706575 ], [ -97.662734923212327, 19.404464222810365 ], [ -97.66464645238915, 19.405841544659161 ], [ -97.659534108907039, 19.420511374503416 ], [ -97.660832134606494, 19.424002684227094 ], [ -97.65668170199244, 19.42809397664179 ], [ -97.649529438594328, 19.42922617014133 ], [ -97.639008977072152, 19.420010520972909 ], [ -97.619965815192259, 19.396938355760874 ], [ -97.619281758529922, 19.391416017743879 ], [ -97.611478036937243, 19.401619025587504 ], [ -97.605082916191293, 19.395442373500813 ], [ -97.604187317743282, 19.384286982909845 ], [ -97.602112354815759, 19.382900341035771 ], [ -97.582383173707726, 19.392330897392377 ], [ -97.582167481219514, 19.399580674377297 ], [ -97.575728419612219, 19.39831863463105 ], [ -97.565023748892116, 19.402693224409951 ], [ -97.559441991839833, 19.398330816328638 ], [ -97.557160896573109, 19.390850264095977 ], [ -97.56008360946204, 19.381388531636059 ], [ -97.547007574158854, 19.384869434923974 ], [ -97.527032936669784, 19.382564472557167 ], [ -97.514125543968362, 19.378171386111202 ], [ -97.494218918998172, 19.363017864245244 ], [ -97.488071907905635, 19.345512134297032 ], [ -97.479854955361603, 19.338676695566498 ], [ -97.506449273034661, 19.327375751289136 ], [ -97.508912746940922, 19.32251969561921 ], [ -97.52396105484722, 19.320420257118027 ], [ -97.527257934435511, 19.322929328218649 ], [ -97.530221935344073, 19.32235250407064 ], [ -97.527682420063215, 19.319319461196173 ], [ -97.532040310862413, 19.318637904198724 ], [ -97.532048484625292, 19.316994591400558 ], [ -97.556504440298212, 19.314318763684931 ], [ -97.53117608865702, 19.270556238246627 ], [ -97.525918349244165, 19.277347628362097 ], [ -97.513895320281975, 19.278871669655476 ], [ -97.511874509212532, 19.27674926352848 ], [ -97.516268835624587, 19.268632034045812 ], [ -97.531029053836164, 19.26508988333401 ], [ -97.541649869135142, 19.253356809082788 ], [ -97.527881271837302, 19.242308395325196 ], [ -97.534973838201736, 19.230877599281598 ], [ -97.547344028198893, 19.240037949800872 ], [ -97.557109110619152, 19.224635845916897 ], [ -97.566261530329129, 19.228001574782667 ], [ -97.569237240346425, 19.224548120693271 ], [ -97.593679095984896, 19.234603241438403 ], [ -97.597262291202668, 19.237854298042407 ], [ -97.612224954970515, 19.240060122892466 ], [ -97.616433874075227, 19.233170379307612 ], [ -97.626256724192004, 19.242910265280628 ], [ -97.645104239336547, 19.246190128904942 ], [ -97.647879749783073, 19.248608285242312 ], [ -97.647731791811523, 19.256125384515087 ], [ -97.623741068243405, 19.300317638480958 ], [ -97.64623960000074, 19.306324085301458 ], [ -97.64026697109756, 19.316523983397047 ], [ -97.637714284637553, 19.318249289918885 ] ], [ [ -97.574934601557402, 19.283997181878295 ], [ -97.576573560651312, 19.275882556434244 ], [ -97.564530173814489, 19.273768331835015 ], [ -97.560393961114627, 19.281467158643341 ], [ -97.572298225165071, 19.286792176223326 ], [ -97.574934601557402, 19.283997181878295 ] ] ] } },
{ "type": "Feature", "properties": { "cve_edo": "21", "cve_mpo_ine": "110", "cve_edo_mpo_ine": "21110", "nom_mpo": "PAHUATLAN", "nom_edo": "Puebla", "alianza_ganadora": "Juntos Haremos Historia", "margen_pp": 9.2924126172208013, "por_participacion": 71.50501219181794 }, "geometry": { "type": "Polygon", "coordinates": [ [ [ -98.190561107320335, 20.292693114751469 ], [ -98.189747822893253, 20.294658178718397 ], [ -98.177846622191311, 20.294558657715847 ], [ -98.180880890622433, 20.302562140682198 ], [ -98.178536334096847, 20.308875211824731 ], [ -98.180766361655998, 20.319510793437409 ], [ -98.179007584639791, 20.34295232141552 ], [ -98.174052543785706, 20.343613933603045 ], [ -98.165952724727674, 20.338600505473508 ], [ -98.160647512778226, 20.340214224565596 ], [ -98.158203730077958, 20.332592831881374 ], [ -98.146722833886997, 20.330145267794684 ], [ -98.144912727081262, 20.335073120353005 ], [ -98.138730201028793, 20.332940437979918 ], [ -98.127078470008854, 20.337152973041789 ], [ -98.124178666125388, 20.339897110754478 ], [ -98.126700423411407, 20.346076287057997 ], [ -98.113425192296546, 20.354317187443975 ], [ -98.102817260514712, 20.353462267499918 ], [ -98.108851468737996, 20.341998246935741 ], [ -98.098577388651137, 20.349153055914986 ], [ -98.09988499304383, 20.341307386994263 ], [ -98.093368536203371, 20.341981749620857 ], [ -98.089000615785764, 20.338834532514014 ], [ -98.08238115684884, 20.338056138813066 ], [ -98.088479000911377, 20.336734920531139 ], [ -98.087765720640377, 20.33300403344845 ], [ -98.085420975525466, 20.333251815698592 ], [ -98.083965780791857, 20.330687188018878 ], [ -98.083264377957178, 20.324962746550639 ], [ -98.076540622352667, 20.323664279879829 ], [ -98.070019985929903, 20.306990716605004 ], [ -98.07023065940426, 20.303462889496604 ], [ -98.077101433917178, 20.302373795606101 ], [ -98.089972611315233, 20.305259207382029 ], [ -98.10274606434885, 20.300092730974704 ], [ -98.105594018989876, 20.296601995566355 ], [ -98.102983552388991, 20.281541539174167 ], [ -98.109876834152033, 20.265759776622538 ], [ -98.120817811244009, 20.249472608574276 ], [ -98.132143877514181, 20.241816195307361 ], [ -98.140797911559247, 20.225241222782888 ], [ -98.147116373754045, 20.22012461179412 ], [ -98.148811820451854, 20.220557134691077 ], [ -98.147562435007842, 20.227371120069133 ], [ -98.156801802644566, 20.240326204077526 ], [ -98.161588928589879, 20.239394632504006 ], [ -98.176754273248051, 20.253806433941694 ], [ -98.182888606822019, 20.256034726531492 ], [ -98.188698747712564, 20.261708142972576 ], [ -98.193973604973039, 20.262678783846457 ], [ -98.194436463001168, 20.275432862825244 ], [ -98.18554208127, 20.273625818408863 ], [ -98.183846112573647, 20.279605620380252 ], [ -98.184278426315942, 20.283630360219579 ], [ -98.190561107320335, 20.292693114751469 ] ] ] } },
{ "type": "Feature", "properties": { "cve_edo": "21", "cve_mpo_ine": "111", "cve_edo_mpo_ine": "21111", "nom_mpo": "PALMAR DE BRAVO", "nom_edo": "Puebla", "alianza_ganadora": "Juntos Haremos Historia", "margen_pp": 19.993566028631172, "por_participacion": 59.608808207357221 }, "geometry": { "type": "Polygon", "coordinates": [ [ [ -97.649021270897336, 18.883091147904548 ], [ -97.646848675513581, 18.887012567562632 ], [ -97.641947829266357, 18.883516271743286 ], [ -97.640673320371562, 18.885837906307295 ], [ -97.631242614328528, 18.87729963324632 ], [ -97.624081540762575, 18.889254099500604 ], [ -97.613040035265442, 18.890323485941021 ], [ -97.609554494654503, 18.895718297153746 ], [ -97.600474384694095, 18.889685386683965 ], [ -97.592963621509853, 18.889914595955254 ], [ -97.583994226760865, 18.88557051745487 ], [ -97.573284142898018, 18.898205353306139 ], [ -97.571270271595907, 18.909325299150215 ], [ -97.566180022200811, 18.920593576725768 ], [ -97.564776526648316, 18.927663277273066 ], [ -97.567973066111321, 18.945222173728389 ], [ -97.56478721361762, 18.954947815318466 ], [ -97.558579094913, 18.955740063271758 ], [ -97.554078333945952, 18.951358940053034 ], [ -97.541431559936228, 18.964661975160602 ], [ -97.538609578849773, 18.96060668783943 ], [ -97.538965602596235, 18.950414086631522 ], [ -97.528976927430392, 18.937454890213463 ], [ -97.529523020199136, 18.93200710983086 ], [ -97.524112741878056, 18.923855723172458 ], [ -97.524365272086328, 18.919273948322491 ], [ -97.52136213664626, 18.917075664134678 ], [ -97.522191884561721, 18.912991272293464 ], [ -97.516435454055127, 18.904714680334521 ], [ -97.505484942163449, 18.879658333302135 ], [ -97.492630587209263, 18.878333471527448 ], [ -97.487907720662349, 18.884798375094228 ], [ -97.485914356725289, 18.877566468141602 ], [ -97.482365794559129, 18.880691371673574 ], [ -97.471411151977748, 18.86987647799095 ], [ -97.457720141949167, 18.87403699758843 ], [ -97.445637239120813, 18.880800675532338 ], [ -97.442677120689126, 18.863732377310033 ], [ -97.429499583624064, 18.866501596795008 ], [ -97.424332522336584, 18.870534859482145 ], [ -97.421954354026596, 18.858479928358282 ], [ -97.394150579629752, 18.856350410608382 ], [ -97.396473928331218, 18.851412910452563 ], [ -97.390728514155896, 18.84860804196656 ], [ -97.380403534777642, 18.831763422530312 ], [ -97.370308052372295, 18.825237764305733 ], [ -97.38209382004969, 18.812611671484447 ], [ -97.387167861286116, 18.81200147633497 ], [ -97.411688314544719, 18.818841229874607 ], [ -97.414244449968706, 18.804121507342856 ], [ -97.419757189724223, 18.803859123382942 ], [ -97.427996896075513, 18.807402740603365 ], [ -97.438674572394092, 18.802608894272144 ], [ -97.447610950065595, 18.801507797810629 ], [ -97.4521368356354, 18.794864212364441 ], [ -97.4647274522017, 18.786291912874695 ], [ -97.460897278880822, 18.780499785046459 ], [ -97.450743729454231, 18.784216039396174 ], [ -97.45091745184115, 18.777335352533253 ], [ -97.457241393596377, 18.774458437995484 ], [ -97.466696437686053, 18.760298943343528 ], [ -97.492830395138014, 18.776402284635573 ], [ -97.497219316347596, 18.781557569123404 ], [ -97.504646633158202, 18.782654788176995 ], [ -97.503195252125309, 18.780420890937137 ], [ -97.506500326001046, 18.774608345057462 ], [ -97.511838657698206, 18.775670022473467 ], [ -97.514965878050617, 18.762024095421829 ], [ -97.523126766162093, 18.753348008769514 ], [ -97.527135500653628, 18.735086676454578 ], [ -97.532585035497661, 18.729349738846508 ], [ -97.538385622994355, 18.72937289960937 ], [ -97.556522709132622, 18.739787900931006 ], [ -97.569493777628878, 18.751322832428325 ], [ -97.588237060663573, 18.756689468310157 ], [ -97.590794319398213, 18.761820455797043 ], [ -97.597292832555581, 18.762336867142245 ], [ -97.593993670342954, 18.771094170663858 ], [ -97.59829133522426, 18.775514423351311 ], [ -97.607286941595234, 18.777596939258348 ], [ -97.61836681300332, 18.774987739726516 ], [ -97.623188572841855, 18.780441846618853 ], [ -97.629573022899976, 18.781952405976007 ], [ -97.616871612437464, 18.788008387035628 ], [ -97.614731607047574, 18.794938141040507 ], [ -97.628891498503179, 18.795426190910554 ], [ -97.63729786968085, 18.788390422620903 ], [ -97.637069460152503, 18.791624385753341 ], [ -97.647520962763835, 18.796767035596748 ], [ -97.643580817875289, 18.801838616111691 ], [ -97.630590860186103, 18.810383525563765 ], [ -97.63442482296503, 18.81360268745907 ], [ -97.639764242315721, 18.813624583517516 ], [ -97.635770212996448, 18.822965512196937 ], [ -97.636706426855753, 18.829677014972976 ], [ -97.62377248284642, 18.838718451588743 ], [ -97.625060506609842, 18.84920065384884 ], [ -97.631093337446359, 18.845282641106198 ], [ -97.642768168723762, 18.851540464483005 ], [ -97.643471336589784, 18.857216545425924 ], [ -97.654910548846189, 18.859619674320687 ], [ -97.662240300796384, 18.871529830703711 ], [ -97.676477687845292, 18.881423683771047 ], [ -97.672482466348427, 18.889770554895009 ], [ -97.669809478685238, 18.89239305934144 ], [ -97.666793640437589, 18.891032641166415 ], [ -97.665805862153817, 18.893655360183441 ], [ -97.658408908219968, 18.890494169080977 ], [ -97.660294535296856, 18.887100978891542 ], [ -97.649021270897336, 18.883091147904548 ] ] ] } },
{ "type": "Feature", "properties": { "cve_edo": "21", "cve_mpo_ine": "112", "cve_edo_mpo_ine": "21112", "nom_mpo": "PANTEPEC", "nom_edo": "Puebla", "alianza_ganadora": "Juntos Haremos Historia", "margen_pp": 19.60945868006921, "por_participacion": 82.733469665984998 }, "geometry": { "type": "Polygon", "coordinates": [ [ [ -97.852183248977113, 20.521613844148987 ], [ -97.859023453946179, 20.521520316556682 ], [ -97.857932556856909, 20.510790970776963 ], [ -97.868012436908359, 20.512670315842087 ], [ -97.877820543921317, 20.497808591162915 ], [ -97.88267741906779, 20.499991063545899 ], [ -97.884861920698569, 20.495393515221302 ], [ -97.890458433519143, 20.494309284214378 ], [ -97.895241245377619, 20.488662162250563 ], [ -97.904671603821711, 20.493019324962169 ], [ -97.911247886468132, 20.490464948066727 ], [ -97.915767153299697, 20.49217876681135 ], [ -97.921701767156847, 20.489521714461649 ], [ -97.927697544868735, 20.490820460303965 ], [ -97.951209434561122, 20.508361867202396 ], [ -97.956671071826634, 20.507895936735757 ], [ -97.959651620926593, 20.514267454467166 ], [ -97.963571066856559, 20.510385121798759 ], [ -97.969557194577419, 20.510017216265581 ], [ -97.968192304320539, 20.500404343744684 ], [ -97.972230814365844, 20.49848155107259 ], [ -97.981375106784256, 20.500327272834848 ], [ -97.989161442475577, 20.49638935422378 ], [ -97.993404649242123, 20.500553809532402 ], [ -97.989677231629955, 20.514001889071523 ], [ -97.985094130184933, 20.516583492909369 ], [ -97.980151785207909, 20.526032115599318 ], [ -97.969319859150929, 20.531585211429604 ], [ -97.969617494456671, 20.533824256654096 ], [ -97.978901672444124, 20.537941655088815 ], [ -97.97578525535593, 20.549981816392396 ], [ -97.970963867608731, 20.557257091279141 ], [ -97.961125252652678, 20.564424053671274 ], [ -97.953786702677974, 20.561339851772658 ], [ -97.944935958835231, 20.56749281186708 ], [ -97.937268335747149, 20.569184456265852 ], [ -97.932933074105364, 20.567101927248796 ], [ -97.921680625277574, 20.58125854842082 ], [ -97.909207443151701, 20.586929212298347 ], [ -97.909661261041592, 20.591479389713601 ], [ -97.905176729627996, 20.604584127889325 ], [ -97.908728205397622, 20.607435244104295 ], [ -97.904095481413776, 20.609505557807509 ], [ -97.894651819432127, 20.62375488580275 ], [ -97.902323317356164, 20.640472479248491 ], [ -97.908052225836613, 20.644769930767687 ], [ -97.911341898828567, 20.654176461647218 ], [ -97.904678010045828, 20.663965056376533 ], [ -97.899744114677631, 20.664236618984791 ], [ -97.894662918097538, 20.667542155896147 ], [ -97.89546434557289, 20.672227404441337 ], [ -97.893184236456889, 20.673991832197029 ], [ -97.887540775600783, 20.674450301736247 ], [ -97.887669435179362, 20.666046353406273 ], [ -97.88148480854305, 20.652961424341157 ], [ -97.881886168021609, 20.649268837906305 ], [ -97.873721096348177, 20.635216629329509 ], [ -97.877743095700566, 20.632581068550664 ], [ -97.879421829973722, 20.621309171059227 ], [ -97.874245214394605, 20.619907975128783 ], [ -97.873196873985236, 20.611677416154336 ], [ -97.867500881425173, 20.608013088664272 ], [ -97.86422383154239, 20.597843665986346 ], [ -97.860509190343961, 20.596724799072273 ], [ -97.861166051276129, 20.600167438785004 ], [ -97.84987632067778, 20.607325506452003 ], [ -97.839707427012272, 20.606274824501632 ], [ -97.834482814578124, 20.610490055517847 ], [ -97.820772131891133, 20.600384189105828 ], [ -97.806424404660419, 20.603868741683144 ], [ -97.793309267755077, 20.603351643709498 ], [ -97.78998323868862, 20.600879546646812 ], [ -97.786999693889385, 20.592840246365551 ], [ -97.790020759806964, 20.589809145247855 ], [ -97.787592997556828, 20.582785463037261 ], [ -97.781553237010428, 20.582308738637273 ], [ -97.78708249918958, 20.5586708103158 ], [ -97.781580818674357, 20.548641298937966 ], [ -97.773302288184539, 20.541358513595547 ], [ -97.783256311516695, 20.533749094421978 ], [ -97.794603348564408, 20.5363783061993 ], [ -97.79516615840032, 20.527321428280686 ], [ -97.792919543964189, 20.520136721125549 ], [ -97.798288620957607, 20.52083846333375 ], [ -97.805241560207349, 20.525416635085794 ], [ -97.818374172229184, 20.527098663560285 ], [ -97.81915364438305, 20.530451700142464 ], [ -97.824905938770939, 20.532079735829843 ], [ -97.828006375873684, 20.526303147443269 ], [ -97.837428396447677, 20.518638711128606 ], [ -97.840351212933612, 20.522923724952395 ], [ -97.845788751765866, 20.525290945389045 ], [ -97.851429003305796, 20.526748294925316 ], [ -97.852183248977113, 20.521613844148987 ] ] ] } },
{ "type": "Feature", "properties": { "cve_edo": "21", "cve_mpo_ine": "113", "cve_edo_mpo_ine": "21113", "nom_mpo": "PETLALCINGO", "nom_edo": "Puebla", "alianza_ganadora": "Va por México", "margen_pp": 31.853474019510251, "por_participacion": 69.84149054505005 }, "geometry": { "type": "Polygon", "coordinates": [ [ [ -97.970926492965049, 17.978142590923419 ], [ -97.969678049925648, 17.992839492840709 ], [ -97.966139564458629, 17.998895333451006 ], [ -97.969058963775936, 18.003785135724449 ], [ -97.968273878761323, 18.014272981887068 ], [ -97.965981498424895, 18.017663621122257 ], [ -97.968416515468519, 18.024239936821409 ], [ -97.973443092115346, 18.02664531115607 ], [ -97.982352439190308, 18.054878490091053 ], [ -97.984512791435733, 18.056653574006635 ], [ -97.987074655342013, 18.053578609826054 ], [ -97.988916426558234, 18.058483348549508 ], [ -97.996672776900368, 18.062586484479631 ], [ -97.996104471250433, 18.074638827415612 ], [ -97.998392043515992, 18.077664954407012 ], [ -97.986027560112575, 18.083183368301025 ], [ -97.985215940462254, 18.095531315608635 ], [ -97.982105978753907, 18.0996930772456 ], [ -97.977656613775338, 18.100977974178143 ], [ -97.977679926001414, 18.103335101447911 ], [ -97.971288680548469, 18.107562002557813 ], [ -97.963931607798017, 18.106975243014965 ], [ -97.959400835942319, 18.109870724880334 ], [ -97.963821953425523, 18.121881581880483 ], [ -97.960275105943765, 18.121721717288445 ], [ -97.95984520810299, 18.123591984063488 ], [ -97.963014454239598, 18.125829303777085 ], [ -97.963668372247042, 18.129964301863914 ], [ -97.957485985244091, 18.147075667291453 ], [ -97.95347633123221, 18.143233254444873 ], [ -97.950491837740117, 18.135150911164455 ], [ -97.945858562924855, 18.138526333301275 ], [ -97.938840175760973, 18.128424699924153 ], [ -97.933504745746902, 18.134668019362721 ], [ -97.93388501464807, 18.142991612576925 ], [ -97.930321401040572, 18.154391188907859 ], [ -97.924679887636501, 18.153262665583576 ], [ -97.923655642388653, 18.147806461440261 ], [ -97.91794556767907, 18.149330497491995 ], [ -97.911802710740318, 18.152600205292035 ], [ -97.907000887769229, 18.162896421906769 ], [ -97.898711268921716, 18.166068924122161 ], [ -97.890841629559048, 18.150300012649918 ], [ -97.894425461716281, 18.136622147388156 ], [ -97.887706550000871, 18.143378979467276 ], [ -97.886791804699399, 18.150683157669839 ], [ -97.882245620024818, 18.159110849707538 ], [ -97.875439744467229, 18.157664225725846 ], [ -97.869277937999527, 18.149952620635563 ], [ -97.865271584473504, 18.149506072483316 ], [ -97.863092217305521, 18.146441721435622 ], [ -97.863011910470291, 18.128992761880983 ], [ -97.866705344751196, 18.128316787750201 ], [ -97.867424867807358, 18.115017036909908 ], [ -97.85657956197565, 18.097865186600657 ], [ -97.857415958196384, 18.092051043349596 ], [ -97.855208784566727, 18.085849804435995 ], [ -97.857605024394715, 18.07960973154831 ], [ -97.848553666357176, 18.073281676421193 ], [ -97.81605924183917, 18.063627630006238 ], [ -97.82005970723003, 18.058285948813918 ], [ -97.830613309873328, 18.051778958438547 ], [ -97.834159408599234, 18.041640397252916 ], [ -97.839285827171636, 18.038781567999209 ], [ -97.836347088984866, 18.036626942244787 ], [ -97.836794694176035, 18.031526685013137 ], [ -97.832919254485816, 18.029593621292932 ], [ -97.847348564588984, 18.016451352856155 ], [ -97.850173442868766, 18.016007567140793 ], [ -97.856593844983564, 18.024974265272267 ], [ -97.861121914511102, 18.026008897423516 ], [ -97.867942447541793, 18.016170564464417 ], [ -97.878309352276418, 18.015203725956198 ], [ -97.882982502995333, 18.018059705579596 ], [ -97.89662682173855, 18.013306890570856 ], [ -97.902632261026397, 18.016252801671843 ], [ -97.911888930578982, 18.008003705329262 ], [ -97.915197597660466, 18.002068788622296 ], [ -97.918095468528364, 18.00443683238046 ], [ -97.920830137571798, 18.002295185771967 ], [ -97.929698220670062, 18.001505059557193 ], [ -97.929859549217937, 17.998365698438615 ], [ -97.933767229214936, 17.998560468853132 ], [ -97.934946000462588, 17.992710674194296 ], [ -97.929324774770024, 17.968338895010028 ], [ -97.934255518178645, 17.961481989696914 ], [ -97.937697692516011, 17.961999004570217 ], [ -97.941796567379228, 17.958819015873225 ], [ -97.958231314666008, 17.967909620201585 ], [ -97.970926492965049, 17.978142590923419 ] ] ] } },
{ "type": "Feature", "properties": { "cve_edo": "21", "cve_mpo_ine": "114", "cve_edo_mpo_ine": "21114", "nom_mpo": "PIAXTLA", "nom_edo": "Puebla", "alianza_ganadora": "Juntos Haremos Historia", "margen_pp": 31.139835487661575, "por_participacion": 63.287059990084281 }, "geometry": { "type": "Polygon", "coordinates": [ [ [ -98.315218171604428, 18.031541366033263 ], [ -98.31894062421236, 18.031418278312046 ], [ -98.321985178147614, 18.034787118310721 ], [ -98.325687001008845, 18.032894624836903 ], [ -98.326861065138687, 18.043339511388915 ], [ -98.313, 18.048694444463013 ], [ -98.308833333333268, 18.056027777796388 ], [ -98.295489399376635, 18.059902957946683 ], [ -98.291438606325826, 18.066178637244114 ], [ -98.284844171932917, 18.064421512884596 ], [ -98.27535634603629, 18.066088736729863 ], [ -98.270787558042301, 18.062186280648525 ], [ -98.256905056083923, 18.05953692451871 ], [ -98.245077187783053, 18.067511374230666 ], [ -98.240817718667756, 18.065825130192533 ], [ -98.239080730327203, 18.073502946353216 ], [ -98.233989941225389, 18.073196779371901 ], [ -98.23051618077487, 18.077818346280292 ], [ -98.236877604091376, 18.082306710589243 ], [ -98.24030555555548, 18.081944444463257 ], [ -98.24008333333326, 18.090750000018883 ], [ -98.250929759089104, 18.096457824338771 ], [ -98.252490604137961, 18.099441146531856 ], [ -98.250059376444668, 18.101749879949537 ], [ -98.263830433232201, 18.101586587431974 ], [ -98.269381894638414, 18.110497555129328 ], [ -98.288766624956409, 18.109936154120852 ], [ -98.288244251144647, 18.116139507757961 ], [ -98.292410833932124, 18.115283280570242 ], [ -98.29223366460019, 18.130381387812353 ], [ -98.298368323052102, 18.128827680185349 ], [ -98.300452439938596, 18.124779935688906 ], [ -98.297963991242227, 18.125103532992302 ], [ -98.297848591517692, 18.123448545817418 ], [ -98.304735574073234, 18.119952632729884 ], [ -98.30954362018808, 18.122732309264133 ], [ -98.314557682449433, 18.122576947033117 ], [ -98.318276807320061, 18.118337001458872 ], [ -98.324352938785225, 18.117485506108192 ], [ -98.330544654863388, 18.121970406467881 ], [ -98.326667269153205, 18.126303044410335 ], [ -98.327708804993421, 18.129822102591305 ], [ -98.338993511412767, 18.122241935007214 ], [ -98.34055617359553, 18.127582482917642 ], [ -98.336968236949687, 18.130509662322641 ], [ -98.344524174008228, 18.132899322908038 ], [ -98.340479180696889, 18.135383214124513 ], [ -98.339096610656298, 18.139115261738521 ], [ -98.351540726262911, 18.144400615959466 ], [ -98.356918473909289, 18.143370254812609 ], [ -98.352837532401679, 18.159835774507147 ], [ -98.358708976899891, 18.177807452821302 ], [ -98.352524176251322, 18.181367546586063 ], [ -98.351547815834579, 18.185971427844603 ], [ -98.346340460922946, 18.185798675537779 ], [ -98.34449465426917, 18.189488634379366 ], [ -98.334254622157218, 18.190014081747758 ], [ -98.332868802677979, 18.191920588448379 ], [ -98.335417614788909, 18.193998496232311 ], [ -98.33571281058191, 18.198023198117355 ], [ -98.333576011588818, 18.200799909425502 ], [ -98.329353138572671, 18.201499286070462 ], [ -98.327679685444963, 18.204691454546847 ], [ -98.312512514407814, 18.19927595508425 ], [ -98.302605682567517, 18.189345382013073 ], [ -98.295206674300601, 18.19476862096251 ], [ -98.289823693401559, 18.193017535299433 ], [ -98.282636842211559, 18.18234357769752 ], [ -98.277718201291563, 18.181464164219449 ], [ -98.271754299318772, 18.177014948558924 ], [ -98.27395701947529, 18.180877002623205 ], [ -98.270775453306285, 18.181244965868142 ], [ -98.272686576460003, 18.182990689419302 ], [ -98.270783426229528, 18.188505227791751 ], [ -98.272003773271919, 18.193361307781885 ], [ -98.26957305018, 18.192734833939106 ], [ -98.269903560785693, 18.196448006877517 ], [ -98.267685128176041, 18.19380401955825 ], [ -98.267514836006313, 18.196990359810101 ], [ -98.263587840810786, 18.200644243943323 ], [ -98.255231639075447, 18.197724546312109 ], [ -98.249199810340286, 18.207110586490082 ], [ -98.251001676586085, 18.207571737299016 ], [ -98.247897131154957, 18.211334907007796 ], [ -98.249490417670373, 18.214238114205045 ], [ -98.246163446065367, 18.216631037257372 ], [ -98.234588911353541, 18.21499132372643 ], [ -98.222600473306599, 18.20223168472765 ], [ -98.21530972964446, 18.201802336851731 ], [ -98.207494515706088, 18.196227308849156 ], [ -98.192800572018939, 18.199349668412296 ], [ -98.188290974528456, 18.204816246496392 ], [ -98.180422879494074, 18.206500132458423 ], [ -98.170646082214859, 18.194137320844607 ], [ -98.177248527023195, 18.19093470049793 ], [ -98.176095418858935, 18.185801303662561 ], [ -98.179808225578981, 18.176838426813916 ], [ -98.178015876110052, 18.174515567705857 ], [ -98.185829812470928, 18.17503980983426 ], [ -98.188671513578143, 18.168638273944019 ], [ -98.19480883161286, 18.166426117357297 ], [ -98.193663323170924, 18.151365178264104 ], [ -98.195694308162089, 18.144671104251906 ], [ -98.200614590372169, 18.143447243359336 ], [ -98.204256369103618, 18.149250963712024 ], [ -98.207612977034231, 18.14955205306229 ], [ -98.209756458903328, 18.146663810639446 ], [ -98.218958625105344, 18.146736383305839 ], [ -98.224459264999723, 18.142825104402057 ], [ -98.21456550824476, 18.138779376520951 ], [ -98.212602610918694, 18.131864684925702 ], [ -98.203290905446664, 18.124511147260552 ], [ -98.208156453775914, 18.118033465442686 ], [ -98.209789464827566, 18.099838203354885 ], [ -98.208924736966509, 18.095326408374774 ], [ -98.203777030337548, 18.092992318834078 ], [ -98.204185560127527, 18.088153950395363 ], [ -98.198924482756638, 18.083089223840698 ], [ -98.200782354923362, 18.074326135561687 ], [ -98.198990642826928, 18.072086208398566 ], [ -98.201538214794439, 18.069199402154492 ], [ -98.207844344538657, 18.068517790274083 ], [ -98.207443503090033, 18.062683859362881 ], [ -98.210799297901602, 18.061785228653402 ], [ -98.209128536600801, 18.051934503838918 ], [ -98.201674353706537, 18.041360757169905 ], [ -98.202429706099068, 18.036647653208416 ], [ -98.21614184674165, 18.030158402404659 ], [ -98.233084709962625, 18.036543576407599 ], [ -98.236495459566186, 18.039905358764212 ], [ -98.23985326256421, 18.034000911386318 ], [ -98.247792790565256, 18.032110118655563 ], [ -98.253734857340689, 18.033466223411146 ], [ -98.253328972577549, 18.035781445479593 ], [ -98.256451842456826, 18.036908200879928 ], [ -98.259688819348099, 18.042047788904878 ], [ -98.266975428609967, 18.046083031187678 ], [ -98.275016863683987, 18.042219351068116 ], [ -98.285602180272477, 18.041382724657147 ], [ -98.287857810540132, 18.042216811560493 ], [ -98.286700055111396, 18.045853590487575 ], [ -98.289764927678164, 18.049378898008431 ], [ -98.291732683419553, 18.044710347803647 ], [ -98.297459174974989, 18.044561809745229 ], [ -98.299137055485247, 18.042167479852768 ], [ -98.294007735047174, 18.035521551882255 ], [ -98.299864279522751, 18.032648233388805 ], [ -98.300635761042543, 18.028835407352602 ], [ -98.293646912628745, 18.018820583949761 ], [ -98.294112056474717, 18.006618810490384 ], [ -98.287496236120276, 18.006293738528377 ], [ -98.282373808411791, 18.001537086878464 ], [ -98.280872229865437, 17.994334776504772 ], [ -98.277171862795129, 17.992544811908001 ], [ -98.278600207539185, 17.987540932805199 ], [ -98.274228478968297, 17.973920891252998 ], [ -98.292730056760661, 17.970501602848444 ], [ -98.299903070871991, 17.957864390401156 ], [ -98.304355036381196, 17.956181265465062 ], [ -98.312911367159458, 17.958480988261147 ], [ -98.316379983087785, 17.962958464465316 ], [ -98.31782503470221, 17.969167593411015 ], [ -98.314760285487125, 17.973833380706221 ], [ -98.315106939121463, 17.977350552334574 ], [ -98.308416666666588, 17.981388888907016 ], [ -98.312666666666587, 17.988277777795947 ], [ -98.320772674001788, 17.993747847699876 ], [ -98.322912035102405, 18.000000250359413 ], [ -98.317222222222142, 18.00266666668492 ], [ -98.317166666666608, 18.012055555573834 ], [ -98.321925561234096, 18.015051643860293 ], [ -98.322561598081933, 18.018197306144192 ], [ -98.315218171604428, 18.031541366033263 ] ] ] } },
{ "type": "Feature", "properties": { "cve_edo": "21", "cve_mpo_ine": "115", "cve_edo_mpo_ine": "21115", "nom_mpo": "PUEBLA", "nom_edo": "Puebla", "alianza_ganadora": "Va por México", "margen_pp": 4.1840770696748688, "por_participacion": 44.440645205895351 }, "geometry": { "type": "MultiPolygon", "coordinates": [ [ [ [ -98.227571679481585, 19.025725263815264 ], [ -98.224339826741328, 19.025427096550221 ], [ -98.223933996462719, 19.029421994209308 ], [ -98.226053451190381, 19.031015772012712 ], [ -98.229520889708468, 19.027623132135197 ], [ -98.2392658477997, 19.031528555586569 ], [ -98.250282760116804, 19.040800781226931 ], [ -98.249535130664384, 19.04554723367681 ], [ -98.25205646123392, 19.048484107156138 ], [ -98.257786027760162, 19.05179300827324 ], [ -98.261423775009703, 19.044796151560991 ], [ -98.268635352876913, 19.046486224838219 ], [ -98.255925041753301, 19.055283684490529 ], [ -98.260991624212053, 19.066187027445931 ], [ -98.265316858648575, 19.065269542187419 ], [ -98.261114899228602, 19.075215685677666 ], [ -98.255200292593386, 19.071764879902105 ], [ -98.255702687539937, 19.075162948435388 ], [ -98.262092248615772, 19.078151787021003 ], [ -98.252592038065316, 19.088731863800867 ], [ -98.251539656906061, 19.086152391105227 ], [ -98.247078661277655, 19.089152603727715 ], [ -98.246544760081235, 19.086990803995089 ], [ -98.242864963291879, 19.086887922061951 ], [ -98.241919034130973, 19.093591283838091 ], [ -98.238605104278349, 19.094172707357078 ], [ -98.24199933559602, 19.100887411414234 ], [ -98.237480005154708, 19.105584918033067 ], [ -98.233271885442122, 19.104185903175242 ], [ -98.23449669100782, 19.108115087905016 ], [ -98.232031441037066, 19.108965569920176 ], [ -98.229107927907506, 19.115525637916338 ], [ -98.232317368015799, 19.118466946990715 ], [ -98.228501774371395, 19.123065814152071 ], [ -98.230989374736879, 19.124923331168713 ], [ -98.228701646825783, 19.134943024605811 ], [ -98.22543679214526, 19.135084422397927 ], [ -98.224730168944674, 19.138139257502925 ], [ -98.207951609717924, 19.132568133852047 ], [ -98.197177959569828, 19.138948167458327 ], [ -98.19036845290708, 19.139270801559103 ], [ -98.186651848043439, 19.133831828150093 ], [ -98.196264623081902, 19.126922832153138 ], [ -98.191243054748043, 19.123433540813593 ], [ -98.192126996417826, 19.121964833464173 ], [ -98.205043419356869, 19.115412998788955 ], [ -98.186810301632491, 19.116021128950717 ], [ -98.166153258971036, 19.105061576438068 ], [ -98.159347523232569, 19.110983772392068 ], [ -98.154058352564817, 19.108026264138218 ], [ -98.135329359470489, 19.119190576130379 ], [ -98.120770881035767, 19.130956983398409 ], [ -98.107986760098498, 19.14559883848441 ], [ -98.101264378398383, 19.159215596548126 ], [ -98.090752653706375, 19.16913402987182 ], [ -98.066690579646789, 19.18500181395958 ], [ -98.03532789699787, 19.21760982736944 ], [ -98.035566345414921, 19.22672693647403 ], [ -98.031795348243364, 19.230593193272572 ], [ -98.029620206688207, 19.220444391393904 ], [ -98.02040448577813, 19.208956936059959 ], [ -98.026580242837213, 19.203991142834155 ], [ -98.031013456667893, 19.192044318907858 ], [ -98.034741221380628, 19.193240970415641 ], [ -98.034234394703148, 19.167019015379822 ], [ -98.03766886452442, 19.1468802032403 ], [ -98.035554700179986, 19.144047572279312 ], [ -98.031839625573397, 19.151303570335259 ], [ -98.031641506046213, 19.148405590048213 ], [ -98.046901116087199, 19.111834756850261 ], [ -98.055755788698818, 19.101447424756614 ], [ -98.064713850217075, 19.096527691880091 ], [ -98.071366089344721, 19.079993508214763 ], [ -98.069422688961936, 19.077030303585332 ], [ -98.080121237314813, 19.068093946075347 ], [ -98.086612988801051, 19.055166648382077 ], [ -98.101588997990632, 19.05450073859669 ], [ -98.110613829707475, 19.04349221922519 ], [ -98.118649690265727, 19.04329257049849 ], [ -98.115281917514409, 19.045784568047548 ], [ -98.130491697555541, 19.043139191010201 ], [ -98.116703054055549, 19.036821796754971 ], [ -98.123084556875142, 19.035240711419398 ], [ -98.118307265535194, 19.031654780817572 ], [ -98.118762763985941, 19.029951985884598 ], [ -98.130310568261436, 19.026693136898508 ], [ -98.126024449529879, 19.012932248855353 ], [ -98.126269786176195, 19.00272987975632 ], [ -98.133256106208449, 18.995495127061208 ], [ -98.138465407027297, 18.993460404534627 ], [ -98.132574480690749, 18.977858005961636 ], [ -98.135841163580423, 18.974186137224621 ], [ -98.135914297568945, 18.951624770939137 ], [ -98.125587045745178, 18.943775998577532 ], [ -98.11565191982524, 18.94001626181841 ], [ -98.114134722217173, 18.934874672922689 ], [ -98.115583698776121, 18.930290158735172 ], [ -98.097630192892652, 18.918257636065469 ], [ -98.094964908389557, 18.913471680257633 ], [ -98.103296929633288, 18.909058432720293 ], [ -98.10792137613177, 18.911592596619844 ], [ -98.115924294730618, 18.910711702789278 ], [ -98.118084951633293, 18.907375135489474 ], [ -98.117181330797607, 18.902459459985966 ], [ -98.119375557001177, 18.904159454789777 ], [ -98.125993604955156, 18.901911107812463 ], [ -98.122215295958242, 18.904210290475358 ], [ -98.122077582380328, 18.908750909332444 ], [ -98.126827308953963, 18.909386037922495 ], [ -98.126751612637221, 18.913101217607554 ], [ -98.131965175165121, 18.913737765582411 ], [ -98.133705775095038, 18.913371968255813 ], [ -98.133204455096035, 18.909076920793606 ], [ -98.137189483151786, 18.912103657329201 ], [ -98.146423152810257, 18.908294395141262 ], [ -98.144409978895709, 18.904985267184603 ], [ -98.1469520890371, 18.906727355825037 ], [ -98.150666830035803, 18.905583375609766 ], [ -98.146350474249274, 18.899005534101669 ], [ -98.146778824665645, 18.894135542316626 ], [ -98.135880217940681, 18.894760630523308 ], [ -98.127365187245701, 18.893824280573391 ], [ -98.127083482779966, 18.892130754217767 ], [ -98.134602798617721, 18.882990852529911 ], [ -98.149564271058424, 18.880851407229926 ], [ -98.153490858439696, 18.871327581471437 ], [ -98.159072271736051, 18.867299514017311 ], [ -98.157899794677192, 18.857594295750896 ], [ -98.150259027732787, 18.855918715280982 ], [ -98.146515035357737, 18.851117886211227 ], [ -98.147463879693944, 18.846414667563099 ], [ -98.150306103676343, 18.845721951902028 ], [ -98.149444849815694, 18.844026594286429 ], [ -98.152527703573924, 18.841394305813886 ], [ -98.154195361577806, 18.844124287304229 ], [ -98.159539192100752, 18.841168770546368 ], [ -98.164394291752501, 18.843743522111623 ], [ -98.167843155677645, 18.836983786046137 ], [ -98.174792102897129, 18.837748275465053 ], [ -98.177562733684638, 18.840068599035753 ], [ -98.179259401243343, 18.836358255770357 ], [ -98.184330404488719, 18.842566088538593 ], [ -98.192608471835101, 18.844200871332752 ], [ -98.20460402871214, 18.843699369646522 ], [ -98.2094303394951, 18.839626231259707 ], [ -98.233976315621874, 18.844401514808943 ], [ -98.241952732587791, 18.849129583193271 ], [ -98.253076862404342, 18.849283153174021 ], [ -98.257720842947748, 18.847107313501397 ], [ -98.264893567281703, 18.850139674299442 ], [ -98.280367262588427, 18.84931196210621 ], [ -98.287122034563794, 18.855727738740267 ], [ -98.293051433014114, 18.866021988867821 ], [ -98.281416467760465, 18.877841869294851 ], [ -98.268417232834111, 18.897212402855853 ], [ -98.27199672939463, 18.900771971712206 ], [ -98.282956511847445, 18.899354654132782 ], [ -98.288494887689723, 18.906097648084863 ], [ -98.284770200714689, 18.910051695873328 ], [ -98.287423375957133, 18.913484827469293 ], [ -98.284609454078549, 18.921734630341223 ], [ -98.278930848561018, 18.921183739949623 ], [ -98.275560631385218, 18.923280702108919 ], [ -98.276083653085166, 18.944989467564596 ], [ -98.273451014033029, 18.946163252005221 ], [ -98.270620920183532, 18.943630160199561 ], [ -98.267500708217213, 18.946110359721221 ], [ -98.264960293016713, 18.943797505226488 ], [ -98.263942695211497, 18.946179007758715 ], [ -98.257293436252141, 18.94235356177898 ], [ -98.258249844369359, 18.945639229936315 ], [ -98.255702179996007, 18.949896784398266 ], [ -98.266826739169701, 18.956242825849696 ], [ -98.270314517369982, 18.951302719873926 ], [ -98.275606880154854, 18.955803875013675 ], [ -98.274329024833222, 18.958313058383723 ], [ -98.277442663141855, 18.96060732598734 ], [ -98.277137715309081, 18.970836916303348 ], [ -98.282604575213512, 18.975915538702726 ], [ -98.279681474556469, 18.978083147668237 ], [ -98.280076213194278, 18.984008839177971 ], [ -98.274002831175807, 18.987485903056175 ], [ -98.273431502757461, 18.993676903874139 ], [ -98.269063522889141, 18.994116705995392 ], [ -98.266643127877117, 18.989891857601883 ], [ -98.265231185479493, 18.992192555123921 ], [ -98.257698666284298, 18.993249423087036 ], [ -98.258272826272972, 18.996941794513202 ], [ -98.254953358150587, 18.998016565216989 ], [ -98.253241726946783, 19.007486827801536 ], [ -98.246406736958605, 19.013061813 ], [ -98.247357307295147, 19.01949263659894 ], [ -98.238833721602475, 19.024927125897353 ], [ -98.228604281179855, 19.021494299709218 ], [ -98.227571679481585, 19.025725263815264 ] ], [ [ -98.2120374492021, 19.117070152034216 ], [ -98.209090224274789, 19.113824570043718 ], [ -98.208988519899108, 19.11557195156734 ], [ -98.2120374492021, 19.117070152034216 ] ] ], [ [ [ -98.070843777299771, 19.051995895190927 ], [ -98.074190605660618, 19.044565400141423 ], [ -98.079416337495729, 19.043838187171392 ], [ -98.07843914377878, 19.054073283853505 ], [ -98.070843777299771, 19.051995895190927 ] ] ] ] } },
{ "type": "Feature", "properties": { "cve_edo": "21", "cve_mpo_ine": "116", "cve_edo_mpo_ine": "21116", "nom_mpo": "QUECHOLAC", "nom_edo": "Puebla", "alianza_ganadora": "Juntos Haremos Historia", "margen_pp": 9.802563214409421, "por_participacion": 56.762070612027074 }, "geometry": { "type": "Polygon", "coordinates": [ [ [ -97.627119360779773, 19.002882385709377 ], [ -97.614661486747082, 19.010340027970585 ], [ -97.603782340443971, 19.011287309522377 ], [ -97.60076143881777, 19.016818847594973 ], [ -97.595437286064055, 19.017269789925422 ], [ -97.588029689387753, 19.004551749707051 ], [ -97.589351559011291, 18.99673581215146 ], [ -97.582405789174018, 18.997086884115589 ], [ -97.576333428239167, 18.99127853120963 ], [ -97.571881726649266, 18.992087133221787 ], [ -97.566992560837889, 18.989148409696686 ], [ -97.559342526457456, 18.988354090280456 ], [ -97.554727572296983, 18.972673532342483 ], [ -97.541431559936228, 18.964661975160602 ], [ -97.554078333945952, 18.951358940053034 ], [ -97.558579094913, 18.955740063271758 ], [ -97.56478721361762, 18.954947815318466 ], [ -97.567973066111321, 18.945222173728389 ], [ -97.564776526648316, 18.927663277273066 ], [ -97.566180022200811, 18.920593576725768 ], [ -97.571270271595907, 18.909325299150215 ], [ -97.573284142898018, 18.898205353306139 ], [ -97.583994226760865, 18.88557051745487 ], [ -97.592963621509853, 18.889914595955254 ], [ -97.600474384694095, 18.889685386683965 ], [ -97.609554494654503, 18.895718297153746 ], [ -97.613040035265442, 18.890323485941021 ], [ -97.624081540762575, 18.889254099500604 ], [ -97.631242614328528, 18.87729963324632 ], [ -97.640673320371562, 18.885837906307295 ], [ -97.641947829266357, 18.883516271743286 ], [ -97.646848675513581, 18.887012567562632 ], [ -97.649021270897336, 18.883091147904548 ], [ -97.660294535296856, 18.887100978891542 ], [ -97.658408908219968, 18.890494169080977 ], [ -97.660322620834847, 18.891464262504776 ], [ -97.665805862153817, 18.893655360183441 ], [ -97.666793640437589, 18.891032641166415 ], [ -97.676679975588243, 18.895466388125467 ], [ -97.672364231839637, 18.904677273160541 ], [ -97.682129679215933, 18.908403172005297 ], [ -97.69348925468789, 18.907694476216172 ], [ -97.695249024539578, 18.912433594089219 ], [ -97.715858789057037, 18.920702079711013 ], [ -97.725699085050223, 18.935559024825039 ], [ -97.724995001291418, 18.93837231898565 ], [ -97.723307643630832, 18.937933109892228 ], [ -97.721920670729659, 18.946325274759349 ], [ -97.746958133215585, 18.954854764593424 ], [ -97.747894067606424, 18.970491849261528 ], [ -97.74746679762292, 18.974501961464149 ], [ -97.736866192434363, 18.971415635927293 ], [ -97.730595945774709, 18.986703667660414 ], [ -97.711942055176038, 18.977950962185073 ], [ -97.701123422110413, 18.975898584533649 ], [ -97.695842352888135, 18.984159039152299 ], [ -97.69012363031932, 18.980617047538033 ], [ -97.678696430737745, 18.982614013503834 ], [ -97.672504049250961, 18.985639000160734 ], [ -97.667956266494727, 18.991167846774111 ], [ -97.657051202609267, 18.993200251239308 ], [ -97.655438110746218, 18.987063247005722 ], [ -97.657839104388188, 18.981800535848702 ], [ -97.652087912656683, 18.981642596529959 ], [ -97.646068785583012, 18.984582653373419 ], [ -97.650981845740773, 18.973313503753594 ], [ -97.642412415648536, 18.97064050348472 ], [ -97.637693473309355, 18.974910791231011 ], [ -97.62917210064785, 18.97716939729013 ], [ -97.624957862378537, 18.980754245868148 ], [ -97.623209398261523, 18.979901834519055 ], [ -97.620617335224409, 18.982936552135278 ], [ -97.616710100366177, 18.980698384080739 ], [ -97.61902127979225, 18.987201388786463 ], [ -97.618190693630567, 18.992945938239878 ], [ -97.620416196601369, 18.995528175819295 ], [ -97.626013062039277, 18.9972241599062 ], [ -97.631129667966292, 18.99586358491505 ], [ -97.627119360779773, 19.002882385709377 ] ] ] } },
{ "type": "Feature", "properties": { "cve_edo": "21", "cve_mpo_ine": "117", "cve_edo_mpo_ine": "21117", "nom_mpo": "QUIMIXTLAN", "nom_edo": "Puebla", "alianza_ganadora": "Va por México", "margen_pp": 44.34046345811052, "por_participacion": 80.0 }, "geometry": { "type": "Polygon", "coordinates": [ [ [ -97.196225716982312, 19.172264979761522 ], [ -97.201650031346162, 19.174023570765048 ], [ -97.20416547438829, 19.180897062148794 ], [ -97.214682026946136, 19.185866916332191 ], [ -97.216137668665638, 19.191473098223593 ], [ -97.209299955285957, 19.196716800036498 ], [ -97.202260521334239, 19.197729806957572 ], [ -97.193842852789771, 19.204335948286776 ], [ -97.180212321381575, 19.200722437650487 ], [ -97.169586208106736, 19.207195214908026 ], [ -97.176575554352894, 19.212901037687015 ], [ -97.184588421151517, 19.206169971222614 ], [ -97.193295784993083, 19.207568544993034 ], [ -97.188840525023892, 19.212695146037341 ], [ -97.183669171466562, 19.212511283199092 ], [ -97.176597437728745, 19.21771131883828 ], [ -97.175000650576791, 19.22135478381551 ], [ -97.176613963802097, 19.230939425813787 ], [ -97.172316835543654, 19.238056503115224 ], [ -97.171561788992037, 19.245642280355533 ], [ -97.165776265482123, 19.249643795069542 ], [ -97.160561038106707, 19.249355365051585 ], [ -97.166381273154585, 19.261795779666496 ], [ -97.164309788671105, 19.266598438560607 ], [ -97.159044030141459, 19.270933277498813 ], [ -97.134178719146561, 19.275982484978027 ], [ -97.139074359973293, 19.281930671096461 ], [ -97.145460658089064, 19.283157164683587 ], [ -97.156316476703395, 19.292942044872088 ], [ -97.161352211721479, 19.303534503067798 ], [ -97.16095661857841, 19.317175554407186 ], [ -97.153977373520263, 19.317232755952119 ], [ -97.149141507385565, 19.31837582637689 ], [ -97.147793872434363, 19.321084699196447 ], [ -97.135190355007765, 19.322710218239894 ], [ -97.128147016957399, 19.30872260053507 ], [ -97.114440536596149, 19.304944709402147 ], [ -97.102809469221469, 19.306034232242247 ], [ -97.101712745011, 19.303929687766292 ], [ -97.096826083128946, 19.304826454106099 ], [ -97.090466135957442, 19.310955064480456 ], [ -97.082850944468902, 19.310773881941181 ], [ -97.070542578471006, 19.321381819912844 ], [ -97.059680280258988, 19.318925220447007 ], [ -97.054616638187767, 19.320315035843887 ], [ -97.048830904646394, 19.313376509046424 ], [ -97.042447625210599, 19.31051721160047 ], [ -97.041880962847756, 19.30692970618173 ], [ -97.023793339479496, 19.295014387307717 ], [ -97.017272139185977, 19.297553740140891 ], [ -97.002512572701932, 19.296320678780276 ], [ -96.999455230366479, 19.290912992478436 ], [ -96.991447942457526, 19.287676840070603 ], [ -96.999744721009975, 19.277608462794404 ], [ -97.006349681525734, 19.275055834353061 ], [ -97.005147064409812, 19.270912863258612 ], [ -97.0142142033624, 19.270466394843012 ], [ -97.013177441127283, 19.2593970885845 ], [ -97.008636335954506, 19.252736108007571 ], [ -97.023359104634523, 19.25401099784446 ], [ -97.020269592846958, 19.247179173197154 ], [ -97.027588024713253, 19.246406378150606 ], [ -97.031734162904527, 19.24228559295728 ], [ -97.038609956608454, 19.243836398774683 ], [ -97.049303772036879, 19.237492932180853 ], [ -97.058904046315376, 19.244092469014916 ], [ -97.062295758054205, 19.251917987545934 ], [ -97.06623177187619, 19.250119645870228 ], [ -97.068631303195659, 19.251686434912315 ], [ -97.066917113147326, 19.248872832512152 ], [ -97.075042528892197, 19.247389989184764 ], [ -97.083684618991143, 19.251047454997448 ], [ -97.088242867497144, 19.247545760895019 ], [ -97.091523854084457, 19.238491531503062 ], [ -97.107702895735329, 19.234320692680527 ], [ -97.108169021040339, 19.228719799129479 ], [ -97.114591570114555, 19.22570744003875 ], [ -97.105942293308516, 19.209899599308009 ], [ -97.107162296029742, 19.204129730285828 ], [ -97.110224801986732, 19.208015813634717 ], [ -97.124143348636522, 19.216087415711268 ], [ -97.124926007176157, 19.218697054532978 ], [ -97.128221853572043, 19.218586315057191 ], [ -97.13399497720944, 19.207460914817048 ], [ -97.130369919387149, 19.205443903958731 ], [ -97.131762558086351, 19.19959011469679 ], [ -97.140645769339017, 19.204156232631689 ], [ -97.141258398545006, 19.201582178445268 ], [ -97.142961831247419, 19.203275389656614 ], [ -97.144742164063643, 19.201194031849408 ], [ -97.143621872161475, 19.194106592735295 ], [ -97.134231691422286, 19.193547018579814 ], [ -97.136391458660228, 19.186340088030814 ], [ -97.138723685154147, 19.187035256958861 ], [ -97.147223014082712, 19.182726969364861 ], [ -97.144465324256586, 19.180250305062444 ], [ -97.147203014397363, 19.175261522408334 ], [ -97.145440377406629, 19.173444196103365 ], [ -97.145639430857628, 19.164692075085583 ], [ -97.150870205534531, 19.164710968692773 ], [ -97.153406751256057, 19.162248442006923 ], [ -97.156349390569304, 19.165175384268331 ], [ -97.170307380986216, 19.163732864913033 ], [ -97.180167084684058, 19.169002746696759 ], [ -97.1849148362721, 19.162640804989167 ], [ -97.192371601554697, 19.1655041777219 ], [ -97.196225716982312, 19.172264979761522 ] ] ] } },
{ "type": "Feature", "properties": { "cve_edo": "21", "cve_mpo_ine": "118", "cve_edo_mpo_ine": "21118", "nom_mpo": "RAFAEL LARA GRAJALES", "nom_edo": "Puebla", "alianza_ganadora": "Juntos Haremos Historia", "margen_pp": 23.316858868753432, "por_participacion": 63.172136265871096 }, "geometry": { "type": "Polygon", "coordinates": [ [ [ -97.781583759339497, 19.251228295295018 ], [ -97.776252681175137, 19.247186014213131 ], [ -97.783881503477247, 19.241927501428549 ], [ -97.781527578236648, 19.239777711822416 ], [ -97.786257597056391, 19.237091240957504 ], [ -97.773670417811402, 19.222689786876519 ], [ -97.770591194009526, 19.222723776752549 ], [ -97.77268812297028, 19.217687970074422 ], [ -97.770436056906817, 19.213487275949014 ], [ -97.766534989303352, 19.212701736221145 ], [ -97.763683999480335, 19.20676763756974 ], [ -97.742245767436657, 19.195568445862708 ], [ -97.747136742035067, 19.185523867931483 ], [ -97.793586546478352, 19.221906788306523 ], [ -97.794750918846276, 19.219139303550222 ], [ -97.802971377839967, 19.2224982607549 ], [ -97.815238426172627, 19.222808181922421 ], [ -97.813415923531267, 19.226172884684289 ], [ -97.821019687312486, 19.230150364372388 ], [ -97.809939999538514, 19.238023440265923 ], [ -97.808970988151216, 19.241994616702648 ], [ -97.81137496792536, 19.243013756347814 ], [ -97.812331668467579, 19.241244206668366 ], [ -97.838250137023266, 19.267390431199427 ], [ -97.827367834902475, 19.273405244342673 ], [ -97.815547735511998, 19.262066602042349 ], [ -97.809522068918113, 19.259229703740544 ], [ -97.789938501139403, 19.260870915650834 ], [ -97.775888989634524, 19.256801072542011 ], [ -97.781583759339497, 19.251228295295018 ] ] ] } },
{ "type": "Feature", "properties": { "cve_edo": "21", "cve_mpo_ine": "120", "cve_edo_mpo_ine": "21120", "nom_mpo": "SAN ANDRES CHOLULA", "nom_edo": "Puebla", "alianza_ganadora": "Va por México", "margen_pp": 19.753108379729273, "por_participacion": 55.838738192906312 }, "geometry": { "type": "MultiPolygon", "coordinates": [ [ [ [ -98.247357307295147, 19.01949263659894 ], [ -98.246406736958605, 19.013061813 ], [ -98.253241726946783, 19.007486827801536 ], [ -98.254953358150587, 18.998016565216989 ], [ -98.258272826272972, 18.996941794513202 ], [ -98.257698666284298, 18.993249423087036 ], [ -98.265231185479493, 18.992192555123921 ], [ -98.266643127877117, 18.989891857601883 ], [ -98.269063522889141, 18.994116705995392 ], [ -98.273431502757461, 18.993676903874139 ], [ -98.274002831175807, 18.987485903056175 ], [ -98.277442176391361, 18.985537488291413 ], [ -98.287453786995968, 18.993194506949422 ], [ -98.292551776734413, 18.988735181573759 ], [ -98.299021910644669, 18.999143341227537 ], [ -98.305314027907144, 19.001448612473517 ], [ -98.306388946979652, 19.010215217522557 ], [ -98.318792507602225, 19.009100745450151 ], [ -98.324829631072205, 19.020451270750566 ], [ -98.331448860178639, 19.024640627578005 ], [ -98.333434960678986, 19.021728562724711 ], [ -98.336643876216428, 19.0237873885665 ], [ -98.334835525411521, 19.026440217938891 ], [ -98.338007890295145, 19.028491474215933 ], [ -98.341637111145602, 19.027419678856393 ], [ -98.343260134714868, 19.031748661149312 ], [ -98.352653540795473, 19.034682494521409 ], [ -98.356425387973218, 19.043119522831834 ], [ -98.334226904867478, 19.04620960137219 ], [ -98.321971218645714, 19.050622922672019 ], [ -98.320158784912593, 19.047102473579329 ], [ -98.317110225120743, 19.049144353797281 ], [ -98.313998831069156, 19.046130939364936 ], [ -98.311607400492221, 19.048994064500132 ], [ -98.307380393347401, 19.047020433163269 ], [ -98.300454771956396, 19.058982711591618 ], [ -98.296506785506793, 19.057059826249109 ], [ -98.295052341227574, 19.059616394162806 ], [ -98.269042463836769, 19.059951195435403 ], [ -98.271802924660179, 19.059496856170121 ], [ -98.276441090687129, 19.051120065405808 ], [ -98.269807500484148, 19.049965689433204 ], [ -98.270728577094886, 19.046972474880683 ], [ -98.261423775009703, 19.044796151560991 ], [ -98.257786027760162, 19.05179300827324 ], [ -98.25205646123392, 19.048484107156138 ], [ -98.249535130664384, 19.04554723367681 ], [ -98.250282760116804, 19.040800781226931 ], [ -98.2392658477997, 19.031528555586569 ], [ -98.229520889708468, 19.027623132135197 ], [ -98.226053451190381, 19.031015772012712 ], [ -98.223933996462719, 19.029421994209308 ], [ -98.224339826741328, 19.025427096550221 ], [ -98.227571679481585, 19.025725263815264 ], [ -98.228604281179855, 19.021494299709218 ], [ -98.239190878664317, 19.02451424883639 ], [ -98.247357307295147, 19.01949263659894 ] ] ], [ [ [ -98.292183530365705, 19.061886089874388 ], [ -98.295130098184416, 19.063413668219027 ], [ -98.289267676128759, 19.065552433196643 ], [ -98.292183530365705, 19.061886089874388 ] ] ] ] } },
{ "type": "Feature", "properties": { "cve_edo": "21", "cve_mpo_ine": "121", "cve_edo_mpo_ine": "21121", "nom_mpo": "SAN ANTONIO CAÑADA", "nom_edo": "Puebla", "alianza_ganadora": "Va por México", "margen_pp": 33.815028901734102, "por_participacion": 77.443422034319823 }, "geometry": { "type": "Polygon", "coordinates": [ [ [ -97.258526872887984, 18.548472639549249 ], [ -97.257688069664795, 18.539398775344704 ], [ -97.250956618040576, 18.53719125171963 ], [ -97.246500306873457, 18.539781456014303 ], [ -97.233747651938629, 18.540294818406434 ], [ -97.218506920146098, 18.52158545115778 ], [ -97.223846519685964, 18.523966007057091 ], [ -97.246023076768196, 18.515410676150346 ], [ -97.23975775517988, 18.513656679197133 ], [ -97.241524071722395, 18.503161704576357 ], [ -97.232644060537879, 18.498973761684393 ], [ -97.217307313105024, 18.486192357647496 ], [ -97.216948974772819, 18.48238052320508 ], [ -97.22260015933081, 18.472366001768641 ], [ -97.232737850204501, 18.471118615357355 ], [ -97.237146812485619, 18.472756758250579 ], [ -97.242413556781543, 18.470453086262925 ], [ -97.254041912270225, 18.458907659517656 ], [ -97.257401096937102, 18.452179770320381 ], [ -97.262849347096406, 18.453715741374033 ], [ -97.266753463213902, 18.450129634151381 ], [ -97.275950998999107, 18.450439355287767 ], [ -97.281636792762569, 18.445516179501709 ], [ -97.282820215143133, 18.448860699271684 ], [ -97.285599254741527, 18.449255445452735 ], [ -97.305605891023092, 18.442618207547618 ], [ -97.307131753478288, 18.456662858994264 ], [ -97.316216663362383, 18.465602757260399 ], [ -97.3190027666368, 18.473911900634118 ], [ -97.314279899573179, 18.481285764896505 ], [ -97.322010238022443, 18.496354423805538 ], [ -97.321970256826305, 18.500458376311531 ], [ -97.310703755176036, 18.510460975254077 ], [ -97.310521003528024, 18.512941045811438 ], [ -97.317353257511257, 18.520817102385113 ], [ -97.317767788476488, 18.526577108236442 ], [ -97.313320363075334, 18.527931291822494 ], [ -97.307938981135848, 18.523777307333383 ], [ -97.300193071972799, 18.522332376865005 ], [ -97.29401278432465, 18.524152718385089 ], [ -97.292232723312438, 18.531294115198495 ], [ -97.287849088528404, 18.536668586709691 ], [ -97.271398265930188, 18.550157680123331 ], [ -97.269503849192844, 18.554805332531942 ], [ -97.258526872887984, 18.548472639549249 ] ] ] } },
{ "type": "Feature", "properties": { "cve_edo": "21", "cve_mpo_ine": "122", "cve_edo_mpo_ine": "21122", "nom_mpo": "SAN DIEGO LA MESA TOCHIMILTZINGO", "nom_edo": "Puebla", "alianza_ganadora": "Juntos Haremos Historia", "margen_pp": 51.085568326947637, "por_participacion": 83.032873806998936 }, "geometry": { "type": "Polygon", "coordinates": [ [ [ -98.300631102943512, 18.835813430036112 ], [ -98.291424258077441, 18.839433956831655 ], [ -98.285692010378625, 18.834174538843019 ], [ -98.279206966556131, 18.834959876817102 ], [ -98.265037221797954, 18.828524474399302 ], [ -98.256652242913418, 18.83009263501512 ], [ -98.248603696888111, 18.815973749811562 ], [ -98.250659273830223, 18.814230802371661 ], [ -98.250572015982115, 18.809698771285987 ], [ -98.253468774672285, 18.806443028545591 ], [ -98.25729247838116, 18.80612332838421 ], [ -98.258697148191274, 18.800732034748535 ], [ -98.261864978924038, 18.799509227608198 ], [ -98.262686994211691, 18.79400381973187 ], [ -98.274104891443571, 18.796330720993854 ], [ -98.286174400263945, 18.802305101873017 ], [ -98.291209724779876, 18.795681647107031 ], [ -98.297152964449253, 18.796943957471147 ], [ -98.30493233276367, 18.794178923043638 ], [ -98.302926524337693, 18.786563006485633 ], [ -98.305615326668516, 18.781646492234398 ], [ -98.300436868925999, 18.766062006175126 ], [ -98.294628890595817, 18.762759246818945 ], [ -98.300994523899988, 18.750079606417177 ], [ -98.306225730658852, 18.750606112234987 ], [ -98.305870635746473, 18.747285214516676 ], [ -98.309281321023008, 18.746680911995448 ], [ -98.309373962117618, 18.736613435563275 ], [ -98.317755421490801, 18.729219514379313 ], [ -98.312039848723572, 18.721714594717248 ], [ -98.315121717722832, 18.719161370688145 ], [ -98.317323007727651, 18.710733374096197 ], [ -98.314486557267571, 18.707172153999878 ], [ -98.320347549686417, 18.70172703939998 ], [ -98.321685614070589, 18.697388861912341 ], [ -98.327307513781136, 18.698144304404494 ], [ -98.337226018951142, 18.692003862149612 ], [ -98.355718462841466, 18.690054391828273 ], [ -98.364766086078788, 18.683910841302144 ], [ -98.366333914950431, 18.680523582522657 ], [ -98.374796316024572, 18.680373104349119 ], [ -98.374677668819743, 18.683804305495435 ], [ -98.384784282795806, 18.692154784396436 ], [ -98.384193375497986, 18.699873757705898 ], [ -98.388025593037398, 18.700045278636228 ], [ -98.386976910867503, 18.702685664262294 ], [ -98.389122637753744, 18.704835947287403 ], [ -98.385808346081561, 18.708133099010709 ], [ -98.38696366192228, 18.712758740586967 ], [ -98.381792625170334, 18.714731652749045 ], [ -98.384229566992815, 18.716304520225293 ], [ -98.380798357986023, 18.719931639027156 ], [ -98.383176624666888, 18.72199981867282 ], [ -98.381714226697994, 18.729799848591682 ], [ -98.38537079587951, 18.73153990063209 ], [ -98.390870734849926, 18.745007321877925 ], [ -98.38888869140844, 18.754131682257213 ], [ -98.391193534515125, 18.764782416171421 ], [ -98.389736431025312, 18.768495471756488 ], [ -98.393214038459448, 18.774569800579687 ], [ -98.386465438559725, 18.781948241071632 ], [ -98.389017549149372, 18.785048721566952 ], [ -98.393609292444452, 18.783404993852212 ], [ -98.391626127882731, 18.789470313625092 ], [ -98.39296002503238, 18.791288958082919 ], [ -98.390054504215925, 18.791738267923332 ], [ -98.382834985397565, 18.802996337611038 ], [ -98.377952724045429, 18.804185168492737 ], [ -98.374809602388041, 18.80814285045653 ], [ -98.37260653263138, 18.806503650630059 ], [ -98.372081291312796, 18.810347497410604 ], [ -98.368830783132054, 18.81294623115647 ], [ -98.366800611390133, 18.81290124356067 ], [ -98.365991984470568, 18.80893098837408 ], [ -98.354043842238355, 18.808082208074129 ], [ -98.344874303463541, 18.812984483176962 ], [ -98.339770017126028, 18.812767911673372 ], [ -98.334423792815102, 18.821935218241943 ], [ -98.331799877076023, 18.834497775377013 ], [ -98.328140881224243, 18.83829384421599 ], [ -98.329241025582164, 18.840239094424536 ], [ -98.320542827083599, 18.83670742939967 ], [ -98.314279056370964, 18.839100943670605 ], [ -98.309723482875498, 18.834352358718956 ], [ -98.306307585475423, 18.825889275387627 ], [ -98.300631102943512, 18.835813430036112 ] ] ] } },
{ "type": "Feature", "properties": { "cve_edo": "21", "cve_mpo_ine": "123", "cve_edo_mpo_ine": "21123", "nom_mpo": "SAN FELIPE TEOTLALCINGO", "nom_edo": "Puebla", "alianza_ganadora": "Juntos Haremos Historia", "margen_pp": 10.834859984297305, "por_participacion": 49.144694533762056 }, "geometry": { "type": "Polygon", "coordinates": [ [ [ -98.525083262882703, 19.249575958458017 ], [ -98.515202766047565, 19.257662259511292 ], [ -98.509085119316708, 19.257420888793554 ], [ -98.505469740689819, 19.253498242082305 ], [ -98.500303952309153, 19.252067713165243 ], [ -98.491772409218427, 19.256885457903607 ], [ -98.484814797461141, 19.256850223775448 ], [ -98.480155698276462, 19.2606705499425 ], [ -98.47671584790659, 19.260978139878869 ], [ -98.476690893554377, 19.257905860043433 ], [ -98.473991572048433, 19.259118163533021 ], [ -98.474687702393922, 19.257440416296721 ], [ -98.468759561464452, 19.256632690829367 ], [ -98.469187427728983, 19.250663781645077 ], [ -98.473661943539113, 19.247583810163583 ], [ -98.473918314476819, 19.242624704498912 ], [ -98.478217728497242, 19.241258052557722 ], [ -98.493366255569597, 19.22401974972226 ], [ -98.494974043592421, 19.222658533798526 ], [ -98.498151430533198, 19.226456862820822 ], [ -98.503982996974386, 19.220250404301513 ], [ -98.511125900848995, 19.220763147970672 ], [ -98.521623456308475, 19.208721348906945 ], [ -98.537244843433385, 19.207861400107319 ], [ -98.546035668412046, 19.204415132075557 ], [ -98.541963020934887, 19.211710446370084 ], [ -98.533493599018684, 19.219794975004284 ], [ -98.541023651919602, 19.21509851671934 ], [ -98.553682578243112, 19.21253736391192 ], [ -98.566388078998344, 19.204164363765958 ], [ -98.565047884267813, 19.209555952503322 ], [ -98.561522477639869, 19.212105359508694 ], [ -98.56256750048145, 19.213859786136801 ], [ -98.582181681562105, 19.208690285057642 ], [ -98.583349993075416, 19.205212374922983 ], [ -98.596087749088397, 19.210572002290967 ], [ -98.591200726460031, 19.217808998996166 ], [ -98.578014176984027, 19.216611658113194 ], [ -98.586479261928019, 19.222966201099752 ], [ -98.572470057668298, 19.226979286503635 ], [ -98.567750800391167, 19.235870641384142 ], [ -98.551698820578494, 19.237907294124529 ], [ -98.540786956209672, 19.244236061744516 ], [ -98.525083262882703, 19.249575958458017 ] ] ] } },
{ "type": "Feature", "properties": { "cve_edo": "21", "cve_mpo_ine": "124", "cve_edo_mpo_ine": "21124", "nom_mpo": "SAN FELIPE TEPATLAN", "nom_edo": "Puebla", "alianza_ganadora": "Juntos Haremos Historia", "margen_pp": 9.6932979931843999, "por_participacion": 86.110205412455159 }, "geometry": { "type": "Polygon", "coordinates": [ [ [ -97.840042627746016, 20.09161562731985 ], [ -97.841232878386819, 20.097625830647381 ], [ -97.835915497106356, 20.104091349954182 ], [ -97.830151411260957, 20.101927336705469 ], [ -97.814932497904721, 20.103970709581482 ], [ -97.810979803203523, 20.116984146866692 ], [ -97.805643904173294, 20.119672246115709 ], [ -97.806594426899039, 20.12431454037986 ], [ -97.804056990823099, 20.128936248162386 ], [ -97.795940886878483, 20.134089128834169 ], [ -97.793105852717531, 20.137218423937949 ], [ -97.792546715717378, 20.14236769732096 ], [ -97.786455473804708, 20.145433104188413 ], [ -97.786814047307146, 20.147713472001826 ], [ -97.779615236845615, 20.150162640896696 ], [ -97.767756749739192, 20.164631740671965 ], [ -97.76477982721299, 20.147758711419524 ], [ -97.754419862310712, 20.14495461564703 ], [ -97.748793611503345, 20.14818201598991 ], [ -97.742216320166193, 20.146247965288619 ], [ -97.744418082486902, 20.144388853327207 ], [ -97.744858871655794, 20.138327516774389 ], [ -97.751715525138195, 20.137541674899257 ], [ -97.756497973064256, 20.127098116464822 ], [ -97.76236574261128, 20.126275979818359 ], [ -97.765489894816582, 20.122689038009852 ], [ -97.762451679750313, 20.11893010526104 ], [ -97.759322208047664, 20.107079281578567 ], [ -97.753071923415874, 20.09943769213832 ], [ -97.75352552919442, 20.096654648797255 ], [ -97.756893457302596, 20.095929888035442 ], [ -97.763825895566356, 20.085847138278968 ], [ -97.768939564551474, 20.085734533816851 ], [ -97.777853033755193, 20.077175126009063 ], [ -97.784361095797919, 20.077053884611921 ], [ -97.787406244719364, 20.082472396321503 ], [ -97.79202724665808, 20.075971030172774 ], [ -97.801967822079504, 20.076741722804876 ], [ -97.804780037684665, 20.081912364249312 ], [ -97.812439489378789, 20.079293159850025 ], [ -97.815082213302389, 20.085460690486581 ], [ -97.827234584033548, 20.086797578314304 ], [ -97.840042627746016, 20.09161562731985 ] ] ] } },
{ "type": "Feature", "properties": { "cve_edo": "21", "cve_mpo_ine": "125", "cve_edo_mpo_ine": "21125", "nom_mpo": "SAN GABRIEL CHILAC", "nom_edo": "Puebla", "alianza_ganadora": "Va por México", "margen_pp": 0.85817001043720287, "por_participacion": 73.985413985413985 }, "geometry": { "type": "Polygon", "coordinates": [ [ [ -97.354374836393433, 18.365694700109863 ], [ -97.359933919859671, 18.373660174386771 ], [ -97.357686285889059, 18.37570626571851 ], [ -97.350805555555368, 18.364583333354105 ], [ -97.327600591306293, 18.362016160731685 ], [ -97.323002959327241, 18.359320637986514 ], [ -97.322772889813137, 18.34441891532078 ], [ -97.321102789494589, 18.344538386546091 ], [ -97.328646716183002, 18.329078896558801 ], [ -97.325997829473764, 18.329692408445293 ], [ -97.324327863961486, 18.323230590786494 ], [ -97.331225713326205, 18.322413795672698 ], [ -97.316613824324392, 18.307725229904776 ], [ -97.312270202391929, 18.293905820522731 ], [ -97.332455811909725, 18.295641607538879 ], [ -97.341985003129039, 18.284582618799906 ], [ -97.357448089171427, 18.278040503431104 ], [ -97.359877487126113, 18.27036018144323 ], [ -97.367512402758265, 18.262099640848621 ], [ -97.363593143561857, 18.22816645593025 ], [ -97.370903883313659, 18.218330048637334 ], [ -97.370161111250084, 18.214101954151243 ], [ -97.373885628577867, 18.208418350951344 ], [ -97.377966039266184, 18.205842065041963 ], [ -97.386283576708081, 18.205492295428357 ], [ -97.389542215575617, 18.200327601537325 ], [ -97.397801974892261, 18.208150001840696 ], [ -97.399804771127563, 18.222169555849895 ], [ -97.414583991259718, 18.236675907892668 ], [ -97.420254866631041, 18.250514615239599 ], [ -97.422187157914649, 18.26644179984822 ], [ -97.42959542783278, 18.269968382933936 ], [ -97.430645722747641, 18.291641826342058 ], [ -97.427990174709109, 18.295917253887154 ], [ -97.428711637612778, 18.302718215033703 ], [ -97.420577945391983, 18.319435332465655 ], [ -97.419560633791093, 18.357815817577929 ], [ -97.414803958471765, 18.363515112432914 ], [ -97.419945549808943, 18.368257311057768 ], [ -97.422623075320573, 18.375785950162349 ], [ -97.419641371450496, 18.38279064865328 ], [ -97.42073287574965, 18.392246680941192 ], [ -97.417923434999906, 18.394863317871796 ], [ -97.407495986527806, 18.391877397585883 ], [ -97.399957765270386, 18.378204947820269 ], [ -97.373356706852803, 18.359434795538807 ], [ -97.370123002892768, 18.359165838421415 ], [ -97.374810743900838, 18.364400331830158 ], [ -97.372967197803973, 18.366278131838641 ], [ -97.354374836393433, 18.365694700109863 ] ] ] } },
{ "type": "Feature", "properties": { "cve_edo": "21", "cve_mpo_ine": "126", "cve_edo_mpo_ine": "21126", "nom_mpo": "SAN GREGORIO ATZOMPA", "nom_edo": "Puebla", "alianza_ganadora": "Va por México", "margen_pp": 29.133439659755449, "por_participacion": 51.954149979284622 }, "geometry": { "type": "Polygon", "coordinates": [ [ [ -98.345326321171356, 19.033053129200752 ], [ -98.341637111145602, 19.027419678856393 ], [ -98.338007890295145, 19.028491474215933 ], [ -98.334835525411521, 19.026440217938891 ], [ -98.336643876216428, 19.0237873885665 ], [ -98.333434960678986, 19.021728562724711 ], [ -98.331448860178639, 19.024640627578005 ], [ -98.324829631072205, 19.020451270750566 ], [ -98.321176907675465, 19.012711177305164 ], [ -98.319576860758531, 19.012934583785892 ], [ -98.327722623796745, 19.00689910293287 ], [ -98.332033562753338, 19.006836114520311 ], [ -98.334640678642145, 19.000916121445943 ], [ -98.341375361622795, 18.998413753221154 ], [ -98.342587913338647, 18.995060975985819 ], [ -98.351485423120806, 18.988731545200295 ], [ -98.354707476202677, 18.997462647537763 ], [ -98.362759297135256, 18.993886022513646 ], [ -98.369966869506129, 18.997260514147307 ], [ -98.356863898353367, 19.017929761753035 ], [ -98.358570068478699, 19.01972178641082 ], [ -98.345326321171356, 19.033053129200752 ] ] ] } },
{ "type": "Feature", "properties": { "cve_edo": "21", "cve_mpo_ine": "127", "cve_edo_mpo_ine": "21127", "nom_mpo": "SAN JERONIMO TECUANIPAN", "nom_edo": "Puebla", "alianza_ganadora": "Juntos Haremos Historia", "margen_pp": 0.46189376443418012, "por_participacion": 67.868338557993738 }, "geometry": { "type": "Polygon", "coordinates": [ [ [ -98.353234234651737, 19.023113826548755 ], [ -98.358570068478699, 19.01972178641082 ], [ -98.356863898356991, 19.017929760854823 ], [ -98.369966869506129, 18.997260514147307 ], [ -98.37562195094722, 18.99748411133514 ], [ -98.379120065089566, 19.000417370231663 ], [ -98.38330208021209, 18.996843366401009 ], [ -98.391205006318216, 19.007334606875613 ], [ -98.396696551376053, 19.009972948905663 ], [ -98.397900803924358, 19.007642771840239 ], [ -98.401037723296483, 19.007949300983839 ], [ -98.405534686623085, 19.01209876532954 ], [ -98.41514819476599, 19.006831707647397 ], [ -98.419010896996696, 19.013192244683612 ], [ -98.423077100476135, 19.033596969674566 ], [ -98.420928764517953, 19.049054241159784 ], [ -98.412183131008561, 19.052923001983949 ], [ -98.420392937537585, 19.066213093605327 ], [ -98.417612034400648, 19.085212925043447 ], [ -98.393027920349581, 19.074862022869208 ], [ -98.3881096025342, 19.079893194314995 ], [ -98.380072651964028, 19.077306774179135 ], [ -98.385144186520535, 19.069412313095718 ], [ -98.377313753466012, 19.065866825002171 ], [ -98.376190875512336, 19.061009624777519 ], [ -98.382930157960871, 19.060857280315961 ], [ -98.385876045541593, 19.053894064898969 ], [ -98.402573284225397, 19.052778209462133 ], [ -98.403524987335146, 19.050981771909957 ], [ -98.403007653745107, 19.040761867404711 ], [ -98.396358418263489, 19.031589162192986 ], [ -98.39375546978863, 19.018490447322733 ], [ -98.388066612610587, 19.020685420384581 ], [ -98.388237448141894, 19.029207861722846 ], [ -98.357729948981714, 19.042975874918511 ], [ -98.352653540795473, 19.034682494521409 ], [ -98.345588194518655, 19.033020724822428 ], [ -98.353234234651737, 19.023113826548755 ] ] ] } },
{ "type": "Feature", "properties": { "cve_edo": "21", "cve_mpo_ine": "128", "cve_edo_mpo_ine": "21128", "nom_mpo": "SAN JERONIMO XAYACATLAN", "nom_edo": "Puebla", "alianza_ganadora": "Va por México", "margen_pp": 7.9682937004589069, "por_participacion": 73.958654736192528 }, "geometry": { "type": "Polygon", "coordinates": [ [ [ -97.869277937999527, 18.149952620635563 ], [ -97.875439744467229, 18.157664225725846 ], [ -97.882245620024818, 18.159110849707538 ], [ -97.886791804699399, 18.150683157669839 ], [ -97.887706550000871, 18.143378979467276 ], [ -97.894425461716281, 18.136622147388156 ], [ -97.890841629559048, 18.150300012649918 ], [ -97.898711268921716, 18.166068924122161 ], [ -97.907000887769229, 18.162896421906769 ], [ -97.911802710740318, 18.152600205292035 ], [ -97.91794556767907, 18.149330497491995 ], [ -97.923655642388653, 18.147806461440261 ], [ -97.924679887636501, 18.153262665583576 ], [ -97.930321401040572, 18.154391188907859 ], [ -97.93388501464807, 18.142991612576925 ], [ -97.933504745746902, 18.134668019362721 ], [ -97.938840175760973, 18.128424699924153 ], [ -97.945858562924855, 18.138526333301275 ], [ -97.950491837740117, 18.135150911164455 ], [ -97.95347633123221, 18.143233254444873 ], [ -97.957485985244091, 18.147075667291453 ], [ -97.963668372247042, 18.129964301863914 ], [ -97.960275105943765, 18.121721717288445 ], [ -97.968103787485958, 18.122074486815187 ], [ -97.987703998830227, 18.142077518627318 ], [ -97.976519514009127, 18.148482521462004 ], [ -97.976745759250264, 18.151380058399308 ], [ -97.981910826915879, 18.161380717151982 ], [ -97.99257907210847, 18.167993305454541 ], [ -97.988380582792473, 18.172979967783686 ], [ -97.979238520692959, 18.17384689157905 ], [ -97.978675280753635, 18.177956501730286 ], [ -97.974498194961527, 18.180953608834884 ], [ -97.980481749663099, 18.194507017315928 ], [ -97.983542036559598, 18.193844999742868 ], [ -97.982626371804628, 18.200901232059209 ], [ -97.985765587236372, 18.204588921819813 ], [ -97.985933893656423, 18.210677781770375 ], [ -97.978503019459311, 18.219726172894127 ], [ -97.972293207779046, 18.22258423073151 ], [ -97.95713859069663, 18.21871264040816 ], [ -97.952916666666539, 18.223777777797611 ], [ -97.954270813193361, 18.226718477654249 ], [ -97.951782307442841, 18.229838428874967 ], [ -97.9521243830374, 18.234633217208483 ], [ -97.946018992953881, 18.238176535526296 ], [ -97.944928524229425, 18.242044209283453 ], [ -97.939446319183915, 18.246756220346054 ], [ -97.93183184533595, 18.248968131747304 ], [ -97.929353575441411, 18.256334179223952 ], [ -97.923415530797797, 18.261548778283021 ], [ -97.925240135864172, 18.266331677371038 ], [ -97.936156361750747, 18.270375432580941 ], [ -97.94583216136364, 18.279614120344164 ], [ -97.938122866741352, 18.286343827226741 ], [ -97.925040668491093, 18.28775601899769 ], [ -97.915345700635399, 18.283944506617502 ], [ -97.909289015850135, 18.285803895817931 ], [ -97.907408896518604, 18.281145884085923 ], [ -97.90134921540961, 18.276251258417396 ], [ -97.886083868452289, 18.275492684348642 ], [ -97.880009008056575, 18.263056619534265 ], [ -97.883303227480113, 18.255805309541323 ], [ -97.876071858587466, 18.25676704627967 ], [ -97.873394888162082, 18.259535539052788 ], [ -97.86763382397038, 18.258365228909938 ], [ -97.864948061223018, 18.250650925260896 ], [ -97.870851445611891, 18.226983436639706 ], [ -97.866088162025193, 18.209616865185279 ], [ -97.869673026105858, 18.202444919639774 ], [ -97.877323736090275, 18.199074762167726 ], [ -97.876544200319103, 18.194278259815654 ], [ -97.868574390312759, 18.192638890870949 ], [ -97.86563001723556, 18.186668113903984 ], [ -97.864189760133485, 18.190498234770562 ], [ -97.860738680557517, 18.192033365001489 ], [ -97.849085943186708, 18.188575032387458 ], [ -97.8447920774598, 18.191653486230432 ], [ -97.837387971708324, 18.192533230071337 ], [ -97.833169757211834, 18.189934045540006 ], [ -97.83028296282032, 18.190591477193806 ], [ -97.82785705798176, 18.187721282190097 ], [ -97.845745338816627, 18.171637580310467 ], [ -97.848726927506462, 18.16312845517194 ], [ -97.848647133565976, 18.155460353731279 ], [ -97.855811955008363, 18.154561544354806 ], [ -97.859207277282295, 18.14944953892897 ], [ -97.869277937999527, 18.149952620635563 ] ] ] } },
{ "type": "Feature", "properties": { "cve_edo": "21", "cve_mpo_ine": "129", "cve_edo_mpo_ine": "21129", "nom_mpo": "SAN JOSE CHIAPA", "nom_edo": "Puebla", "alianza_ganadora": "Juntos Haremos Historia", "margen_pp": 35.303611055073631, "por_participacion": 71.903104148534965 }, "geometry": { "type": "Polygon", "coordinates": [ [ [ -97.785957013809366, 19.269076267164301 ], [ -97.771769988751544, 19.26857029887222 ], [ -97.759911757267119, 19.274003164428194 ], [ -97.764296662643986, 19.287632709323809 ], [ -97.756817762080132, 19.299517529209744 ], [ -97.75443945190068, 19.298698333394473 ], [ -97.744956104405105, 19.306023077170138 ], [ -97.73830846715218, 19.298389880093367 ], [ -97.738837869875283, 19.287696220441497 ], [ -97.730438423472791, 19.292845695480725 ], [ -97.720664858629021, 19.304475684576111 ], [ -97.714009673709697, 19.295567873403737 ], [ -97.705557689910648, 19.295778694954365 ], [ -97.691037169056386, 19.286547393545369 ], [ -97.67948938801355, 19.292836435270903 ], [ -97.66936042688431, 19.293415981561061 ], [ -97.658952667179804, 19.311019575268297 ], [ -97.623741068243405, 19.300317638480887 ], [ -97.648616970659873, 19.252685240948189 ], [ -97.687023260065317, 19.192314361407835 ], [ -97.695504060658962, 19.1922187316977 ], [ -97.715488949685835, 19.198011935121897 ], [ -97.727287101444432, 19.20981562298838 ], [ -97.735195727614794, 19.193573736017239 ], [ -97.737294575116877, 19.194296631324981 ], [ -97.739748466397373, 19.201271050406337 ], [ -97.742245767436657, 19.195568445862708 ], [ -97.763683999480335, 19.20676763756974 ], [ -97.766534989303352, 19.212701736221145 ], [ -97.770436056906817, 19.213487275949014 ], [ -97.77268812297028, 19.217687970074422 ], [ -97.770591194009526, 19.222723776752549 ], [ -97.773670417811402, 19.222689786876519 ], [ -97.786257597056391, 19.237091240957504 ], [ -97.781527578236648, 19.239777711822416 ], [ -97.783881503477247, 19.241927501428549 ], [ -97.776252681175137, 19.247186014213131 ], [ -97.781583759339497, 19.251228295295018 ], [ -97.775888989634524, 19.256801072542011 ], [ -97.789938501139403, 19.260870915650834 ], [ -97.785957013809366, 19.269076267164301 ] ] ] } },
{ "type": "Feature", "properties": { "cve_edo": "21", "cve_mpo_ine": "130", "cve_edo_mpo_ine": "21130", "nom_mpo": "SAN JOSE MIAHUATLAN", "nom_edo": "Puebla", "alianza_ganadora": "Juntos Haremos Historia", "margen_pp": 51.351351351351354, "por_participacion": 14.406948881789136 }, "geometry": { "type": "Polygon", "coordinates": [ [ [ -97.28880258539084, 18.308599618960731 ], [ -97.287484205378391, 18.299333717280952 ], [ -97.281260229313673, 18.307790601176812 ], [ -97.25935817970992, 18.315983020484765 ], [ -97.256532619682005, 18.31954308206172 ], [ -97.251950443484887, 18.317136955999761 ], [ -97.236931544761291, 18.298339012696474 ], [ -97.209877502875656, 18.291130328074999 ], [ -97.207519985422252, 18.286817793020639 ], [ -97.205975788253568, 18.271332715181639 ], [ -97.195449768813319, 18.260245661294867 ], [ -97.195801569206694, 18.251016939106915 ], [ -97.19050410127484, 18.254309851431127 ], [ -97.18900993173537, 18.251200442294572 ], [ -97.191373918498783, 18.245331282878556 ], [ -97.189536046829232, 18.240068425309751 ], [ -97.181311278594464, 18.233500216108027 ], [ -97.181662591841999, 18.225637411637937 ], [ -97.170505643682532, 18.217113241872692 ], [ -97.16723974099888, 18.200297503454664 ], [ -97.182687471747698, 18.196574861984523 ], [ -97.210234783837251, 18.159441410520788 ], [ -97.216320306511705, 18.16025522259612 ], [ -97.220617289256509, 18.166997772452767 ], [ -97.230611588095456, 18.172846633230538 ], [ -97.232856540096918, 18.170279794904026 ], [ -97.236543156253546, 18.171787546398416 ], [ -97.242829250764643, 18.17031421527469 ], [ -97.246140377751331, 18.166338931454494 ], [ -97.248407463597104, 18.169585754739149 ], [ -97.2588425764677, 18.16247821250246 ], [ -97.280057955890655, 18.155571207548263 ], [ -97.283823791075363, 18.159403874907998 ], [ -97.286866348204526, 18.157669437655823 ], [ -97.297263061903706, 18.160194010855314 ], [ -97.301471879769693, 18.157194888540708 ], [ -97.30350066675291, 18.159051678352629 ], [ -97.318672515665043, 18.145667438839169 ], [ -97.332175181781977, 18.145350962324375 ], [ -97.342354087423871, 18.126558169020022 ], [ -97.348107272012015, 18.123114143438226 ], [ -97.352396042847232, 18.123283501459234 ], [ -97.357453263478391, 18.128059991425591 ], [ -97.360516212407063, 18.128252257597584 ], [ -97.366378810107832, 18.141136055030561 ], [ -97.369015663685587, 18.155359624735734 ], [ -97.373959775899948, 18.160301865068771 ], [ -97.37415914633624, 18.164191051520902 ], [ -97.365991006248265, 18.169693209325743 ], [ -97.371298272279816, 18.185724833450724 ], [ -97.366275549817502, 18.195143227192965 ], [ -97.382344801049371, 18.195686340581204 ], [ -97.385384397723627, 18.200803200602948 ], [ -97.389542215575617, 18.200327601537325 ], [ -97.389106719729526, 18.202078164119975 ], [ -97.386283576708081, 18.205492295428357 ], [ -97.377966039266184, 18.205842065041963 ], [ -97.373885628577867, 18.208418350951344 ], [ -97.370161111250084, 18.214101954151243 ], [ -97.370903883313659, 18.218330048637334 ], [ -97.363593143561857, 18.22816645593025 ], [ -97.367512402758265, 18.262099640848621 ], [ -97.359877487126113, 18.27036018144323 ], [ -97.357448089171427, 18.278040503431104 ], [ -97.341985003129039, 18.284582618799906 ], [ -97.332455811909725, 18.295641607538879 ], [ -97.312270202391929, 18.293905820522731 ], [ -97.316613824324392, 18.307725229904776 ], [ -97.331225713326205, 18.322413795672698 ], [ -97.323348960552565, 18.323020892402987 ], [ -97.308666131013865, 18.315280352747127 ], [ -97.299799018485729, 18.314385444579283 ], [ -97.28880258539084, 18.308599618960731 ] ] ] } },
{ "type": "Feature", "properties": { "cve_edo": "21", "cve_mpo_ine": "131", "cve_edo_mpo_ine": "21131", "nom_mpo": "SAN JUAN ATENCO", "nom_edo": "Puebla", "alianza_ganadora": "Juntos Haremos Historia", "margen_pp": 12.992125984251969, "por_participacion": 69.327874445581713 }, "geometry": { "type": "Polygon", "coordinates": [ [ [ -97.589351559011291, 18.99673581215146 ], [ -97.588029689387753, 19.004551749707051 ], [ -97.595437286064055, 19.017269789925422 ], [ -97.60076143881777, 19.016818847594973 ], [ -97.603782340443971, 19.011287309522377 ], [ -97.610273476815237, 19.011849819334831 ], [ -97.610254205403194, 19.009663850914222 ], [ -97.614661486747082, 19.010340027970585 ], [ -97.619500580047827, 19.00746205927242 ], [ -97.6196907593731, 19.009315455305082 ], [ -97.615004989808526, 19.016439888858898 ], [ -97.611522084011483, 19.028661095628166 ], [ -97.614299261039037, 19.034889339396155 ], [ -97.604395127323215, 19.036406927748541 ], [ -97.598155812477557, 19.046872833061002 ], [ -97.596472374031038, 19.04632692257702 ], [ -97.590649022193034, 19.051878246236072 ], [ -97.584701980937609, 19.060528115339668 ], [ -97.58325242572819, 19.059157260226826 ], [ -97.587209596216908, 19.092614714726608 ], [ -97.58290724595885, 19.091730900340831 ], [ -97.573133043415226, 19.112536554951692 ], [ -97.55064543930979, 19.103566563157056 ], [ -97.537801544620137, 19.101670151227211 ], [ -97.540358165857782, 19.094663142772738 ], [ -97.538033207949894, 19.094315401080262 ], [ -97.539789678188768, 19.087644851218833 ], [ -97.532975374423359, 19.086514585945814 ], [ -97.531277220326359, 19.081428018336606 ], [ -97.504397287422677, 19.06678625876873 ], [ -97.491319579345031, 19.068541992849401 ], [ -97.486543158274756, 19.06054816325295 ], [ -97.478418212576614, 19.061585763447102 ], [ -97.474026764766847, 19.047863749558985 ], [ -97.491943056317623, 19.038831495976194 ], [ -97.51412917645105, 19.059715845171578 ], [ -97.516413700306728, 19.055764155438318 ], [ -97.50840827392949, 19.047259296288381 ], [ -97.509800343272275, 19.040433230587595 ], [ -97.527692287163177, 19.018889120108852 ], [ -97.524547226142047, 19.016748801504054 ], [ -97.525392155093158, 19.006919353801447 ], [ -97.516701119409419, 19.006344640222569 ], [ -97.518384728261324, 18.98586096035719 ], [ -97.5217230925075, 18.983461184349569 ], [ -97.530008412097658, 18.984123995002857 ], [ -97.538626614192069, 18.990605455407689 ], [ -97.544487459145159, 18.998307686255281 ], [ -97.553508177444073, 18.996813756637113 ], [ -97.554303707663692, 18.995028319230773 ], [ -97.552284615102749, 18.995924304146229 ], [ -97.551506781345324, 18.992965827255823 ], [ -97.554886297531112, 18.988626111410372 ], [ -97.559342526457456, 18.988354090280456 ], [ -97.566992560837889, 18.989148409696686 ], [ -97.571881726649266, 18.992087133221787 ], [ -97.576333428239167, 18.99127853120963 ], [ -97.582405789174018, 18.997086884115589 ], [ -97.589351559011291, 18.99673581215146 ] ] ] } },
{ "type": "Feature", "properties": { "cve_edo": "21", "cve_mpo_ine": "132", "cve_edo_mpo_ine": "21132", "nom_mpo": "SAN JUAN ATZOMPA", "nom_edo": "Puebla", "alianza_ganadora": "Juntos Haremos Historia", "margen_pp": 9.9259259259259256, "por_participacion": 83.850931677018636 }, "geometry": { "type": "Polygon", "coordinates": [ [ [ -98.037351432880641, 18.737679066165601 ], [ -98.037187416718794, 18.740172409754972 ], [ -98.040203319762654, 18.74209460107388 ], [ -98.051298176024517, 18.739888475713098 ], [ -98.055597548453775, 18.744104389805994 ], [ -98.068598552253732, 18.743595869165318 ], [ -98.072673069701864, 18.748065598716583 ], [ -98.07834071190733, 18.747104091773746 ], [ -98.085784535770586, 18.759918403809152 ], [ -98.082832902102766, 18.768742194473887 ], [ -98.074166666666542, 18.773000000024112 ], [ -98.065361111110988, 18.761222222246243 ], [ -98.058388888888771, 18.765861111135145 ], [ -98.05355555555542, 18.764833333357391 ], [ -98.050444444444295, 18.760666666690621 ], [ -98.046909906785473, 18.764050899418592 ], [ -98.047450585456218, 18.760642249172633 ], [ -98.04433522037445, 18.76137651382302 ], [ -98.039444444444342, 18.757361111135101 ], [ -98.040722222222072, 18.74988888891275 ], [ -98.037288986311893, 18.749991686697918 ], [ -98.036972222222076, 18.747583333357198 ], [ -98.032805555555399, 18.745305555579456 ], [ -98.029552158883774, 18.750216677743971 ], [ -98.024425759996106, 18.751544312369852 ], [ -98.011395538906953, 18.746163634708218 ], [ -98.013544804563352, 18.743068183334859 ], [ -98.009083333333194, 18.741138888912719 ], [ -97.973711715206093, 18.737527524087568 ], [ -97.966981656798666, 18.731152946432459 ], [ -97.96233333333322, 18.732444444468165 ], [ -97.953925499050428, 18.728593550070936 ], [ -97.9498055555554, 18.729277777801482 ], [ -97.963485762003003, 18.721814384690632 ], [ -97.980542647486658, 18.723128636680268 ], [ -97.994932039238023, 18.718195399588033 ], [ -97.988285341047629, 18.732288196677324 ], [ -97.996006921939724, 18.729954654161741 ], [ -97.998922412797299, 18.734618240643741 ], [ -98.002820316759738, 18.730545986389533 ], [ -98.011170881025109, 18.729981601591316 ], [ -98.037351432880641, 18.737679066165601 ] ] ] } },
{ "type": "Feature", "properties": { "cve_edo": "21", "cve_mpo_ine": "133", "cve_edo_mpo_ine": "21133", "nom_mpo": "SAN MARTIN TEXMELUCAN", "nom_edo": "Puebla", "alianza_ganadora": "Juntos Haremos Historia", "margen_pp": 17.379137315449196, "por_participacion": 44.698159106985727 }, "geometry": { "type": "Polygon", "coordinates": [ [ [ -98.401534708936239, 19.282164692880485 ], [ -98.387139846965184, 19.269047482795017 ], [ -98.395994205181182, 19.26508957998205 ], [ -98.36891166332191, 19.234868742974662 ], [ -98.371822220859897, 19.2273608538963 ], [ -98.373552619985887, 19.228765366531892 ], [ -98.376256599722311, 19.225820032642957 ], [ -98.383838948622781, 19.232173931435248 ], [ -98.405696784710059, 19.207957385872678 ], [ -98.406219093253156, 19.229685747682463 ], [ -98.412906238691065, 19.231449959786904 ], [ -98.414019492422412, 19.233576711595795 ], [ -98.41677164345117, 19.2266533383075 ], [ -98.423468079195729, 19.229142798041522 ], [ -98.42620523457181, 19.235388621800706 ], [ -98.433536948256275, 19.232575720427427 ], [ -98.445376111798083, 19.233489255406607 ], [ -98.451567071388894, 19.228668172503774 ], [ -98.455746598802008, 19.233945321845756 ], [ -98.465472156840804, 19.23238564818627 ], [ -98.46980497048088, 19.233259623976124 ], [ -98.47597991961662, 19.23906110704608 ], [ -98.480346434478577, 19.23805626738508 ], [ -98.477959696563659, 19.24147022016551 ], [ -98.473918314476819, 19.242624704498912 ], [ -98.473661943539113, 19.247583810163583 ], [ -98.469187427728983, 19.250663781645077 ], [ -98.468963557965282, 19.262317557154113 ], [ -98.463807677640375, 19.270931649995894 ], [ -98.467784424468078, 19.269892051915122 ], [ -98.468483759459048, 19.272861550956655 ], [ -98.471546221362686, 19.272050721983927 ], [ -98.47177429503779, 19.275574837962861 ], [ -98.475897041323634, 19.273463544321359 ], [ -98.47779260829563, 19.27918409753833 ], [ -98.471985643189811, 19.284515952816868 ], [ -98.487760757146347, 19.28429133955742 ], [ -98.488334931229048, 19.289586604889561 ], [ -98.491241110607731, 19.289463028606352 ], [ -98.491236528412372, 19.291164491553879 ], [ -98.477626703132287, 19.29426874223519 ], [ -98.475411358751856, 19.299666318896822 ], [ -98.464786697075311, 19.306806521497951 ], [ -98.461015780419658, 19.306202309915694 ], [ -98.4627002506449, 19.316006753502421 ], [ -98.459117949882994, 19.317464252780457 ], [ -98.45999230012626, 19.330510753238787 ], [ -98.457403018490155, 19.324243286096095 ], [ -98.453265508845973, 19.322738691129061 ], [ -98.444267566225861, 19.326706206147541 ], [ -98.431875216127324, 19.326423879360778 ], [ -98.425288956531176, 19.323691639072489 ], [ -98.42108138951339, 19.319530984977813 ], [ -98.424113651345763, 19.29624351925764 ], [ -98.414390497942875, 19.286763049314796 ], [ -98.403439007804963, 19.288479408399741 ], [ -98.397460374585833, 19.287290782643289 ], [ -98.401534708936239, 19.282164692880485 ] ] ] } },
{ "type": "Feature", "properties": { "cve_edo": "21", "cve_mpo_ine": "134", "cve_edo_mpo_ine": "21134", "nom_mpo": "SAN MARTIN TOTOLTEPEC", "nom_edo": "Puebla", "alianza_ganadora": "Juntos Haremos Historia", "margen_pp": 28.387096774193548, "por_participacion": 76.10474631751228 }, "geometry": { "type": "Polygon", "coordinates": [ [ [ -98.369092913445527, 18.654134797779797 ], [ -98.372092408154657, 18.655273611010319 ], [ -98.370696547392555, 18.661431174345807 ], [ -98.365418729305063, 18.666134852406007 ], [ -98.356260381755277, 18.667606603218861 ], [ -98.349125737398552, 18.67400141512146 ], [ -98.347797330712964, 18.669120552563705 ], [ -98.342873607486766, 18.666465341666083 ], [ -98.336101120218885, 18.658266588000707 ], [ -98.34657124182273, 18.647958779284867 ], [ -98.3523082286316, 18.64699312205105 ], [ -98.356212308641389, 18.656609484967738 ], [ -98.358936111991184, 18.656573113383686 ], [ -98.365087460042602, 18.646662035735119 ], [ -98.369092913445527, 18.654134797779797 ] ] ] } },
{ "type": "Feature", "properties": { "cve_edo": "21", "cve_mpo_ine": "135", "cve_edo_mpo_ine": "21135", "nom_mpo": "SAN MATIAS TLALANCALECA", "nom_edo": "Puebla", "alianza_ganadora": "Juntos Haremos Historia", "margen_pp": 9.6837300293446358, "por_participacion": 58.263677811550153 }, "geometry": { "type": "Polygon", "coordinates": [ [ [ -98.487740934144909, 19.312914443328058 ], [ -98.487624341277666, 19.310292027923072 ], [ -98.526481664439274, 19.306240546487548 ], [ -98.52148843044499, 19.314520682308867 ], [ -98.525978161665122, 19.324849091547005 ], [ -98.548639148829281, 19.332804707067197 ], [ -98.548729538533081, 19.337154856232448 ], [ -98.52946777696684, 19.341232468793027 ], [ -98.530176582650455, 19.355744307126432 ], [ -98.536330022116701, 19.36571262781019 ], [ -98.530250450681777, 19.368823231987516 ], [ -98.531580799009561, 19.37589911398782 ], [ -98.525105634244625, 19.372631266478692 ], [ -98.507785165092486, 19.37250733612575 ], [ -98.506507525887102, 19.380762203109942 ], [ -98.503112211251477, 19.385510104022735 ], [ -98.507491761432618, 19.388337926310083 ], [ -98.507686316756349, 19.391154170329912 ], [ -98.499918493942587, 19.394110024340023 ], [ -98.480254924154679, 19.388360080876339 ], [ -98.47406403617326, 19.366388377008708 ], [ -98.471512187453712, 19.368887582075896 ], [ -98.461953641915841, 19.366226557523959 ], [ -98.453758518658816, 19.346892623487847 ], [ -98.455798754256293, 19.342829005269245 ], [ -98.468003179365567, 19.350160163548964 ], [ -98.46788640661498, 19.346472227705686 ], [ -98.474297244096803, 19.34297229981172 ], [ -98.478411427525188, 19.336798125153056 ], [ -98.474713608619879, 19.3283937884446 ], [ -98.482140291187619, 19.321096204578851 ], [ -98.48261293187214, 19.313000154201134 ], [ -98.487740934144909, 19.312914443328058 ] ] ] } },
{ "type": "Feature", "properties": { "cve_edo": "21", "cve_mpo_ine": "136", "cve_edo_mpo_ine": "21136", "nom_mpo": "SAN MIGUEL IXITLAN", "nom_edo": "Puebla", "alianza_ganadora": "Va por México", "margen_pp": 26.424870466321245, "por_participacion": 80.416666666666671 }, "geometry": { "type": "Polygon", "coordinates": [ [ [ -97.744322076863497, 18.057026903743637 ], [ -97.742499790298893, 18.043354711910574 ], [ -97.747161435916112, 18.036002051300269 ], [ -97.753160154293212, 18.032457995067126 ], [ -97.754419815439306, 18.027811193895968 ], [ -97.728551339469846, 18.011506555270969 ], [ -97.754288158407419, 17.996382567774358 ], [ -97.766923662933181, 17.9765607414828 ], [ -97.773362358738069, 17.976578309642786 ], [ -97.775728326407531, 17.969136056016271 ], [ -97.789211074975455, 17.962261737842912 ], [ -97.802831989701005, 17.960773273869105 ], [ -97.8033981866337, 17.953775040888324 ], [ -97.809787687442778, 17.950873387836907 ], [ -97.812840981510618, 17.945016651378772 ], [ -97.814522499314748, 17.953140102963594 ], [ -97.827659133619321, 17.964076127849257 ], [ -97.827506054145786, 17.969999808912899 ], [ -97.823209408411032, 17.971630586184645 ], [ -97.818859117306559, 17.981712809487547 ], [ -97.819357860640082, 17.985278943217299 ], [ -97.816324626696527, 17.988574591122397 ], [ -97.816469699791369, 17.993091437088051 ], [ -97.814667839537748, 17.994033144005748 ], [ -97.811906289217603, 17.991032943104383 ], [ -97.807438136249417, 17.992206527923944 ], [ -97.805730823348895, 17.996463184681886 ], [ -97.791265835750679, 18.004010642535135 ], [ -97.788973467432825, 18.010858454364964 ], [ -97.792167310541572, 18.017561694855438 ], [ -97.796326543429885, 18.017877900897588 ], [ -97.798318004221343, 18.028440437047152 ], [ -97.805080968128067, 18.030363350830445 ], [ -97.807461644141824, 18.035038344240633 ], [ -97.813767151250062, 18.038537830988751 ], [ -97.799740328588314, 18.04215532902251 ], [ -97.798557181316966, 18.053558657577184 ], [ -97.79562606120146, 18.059331144944785 ], [ -97.792680071654644, 18.059424908560811 ], [ -97.794428072452007, 18.065180091827035 ], [ -97.791323073600282, 18.070870226175106 ], [ -97.783862571978347, 18.067788675245531 ], [ -97.770167348540568, 18.066428611045982 ], [ -97.758369796354316, 18.061289007970998 ], [ -97.748894681439978, 18.060866002074921 ], [ -97.744322076863497, 18.057026903743637 ] ] ] } },
{ "type": "Feature", "properties": { "cve_edo": "21", "cve_mpo_ine": "137", "cve_edo_mpo_ine": "21137", "nom_mpo": "SAN MIGUEL XOXTLA", "nom_edo": "Puebla", "alianza_ganadora": "Juntos Haremos Historia", "margen_pp": 29.842845326716294, "por_participacion": 65.820993031358881 }, "geometry": { "type": "Polygon", "coordinates": [ [ [ -98.324470149933248, 19.1683715893769 ], [ -98.316190396601272, 19.182008412072911 ], [ -98.306605562365277, 19.175057757654987 ], [ -98.277863351400185, 19.172893909853769 ], [ -98.287800517974816, 19.152570108040116 ], [ -98.297342885283371, 19.162243167534612 ], [ -98.298392435899601, 19.160440841606832 ], [ -98.304653176385415, 19.164091073945706 ], [ -98.309711347503537, 19.15362099980161 ], [ -98.324470149933248, 19.1683715893769 ] ] ] } },
{ "type": "Feature", "properties": { "cve_edo": "21", "cve_mpo_ine": "138", "cve_edo_mpo_ine": "21138", "nom_mpo": "SAN NICOLAS BUENOS AIRES", "nom_edo": "Puebla", "alianza_ganadora": "Juntos Haremos Historia", "margen_pp": 32.553373185311699, "por_participacion": 74.929613514205272 }, "geometry": { "type": "MultiPolygon", "coordinates": [ [ [ [ -97.46789808345055, 19.327018032308413 ], [ -97.471310422792513, 19.31864220751277 ], [ -97.468052434744976, 19.309066136095982 ], [ -97.468928236018286, 19.297286758250038 ], [ -97.458345661430798, 19.279023852677852 ], [ -97.445998489353343, 19.265460912334873 ], [ -97.430224769445886, 19.263148088332898 ], [ -97.421949760168204, 19.258801757979487 ], [ -97.427315219725131, 19.252763499638863 ], [ -97.424219677820005, 19.249563483503461 ], [ -97.424159798231713, 19.242934418800431 ], [ -97.436363662133189, 19.225714319105776 ], [ -97.441297629183467, 19.199202547274659 ], [ -97.439637132816074, 19.197949165549598 ], [ -97.468324882658919, 19.170393923670598 ], [ -97.462163893408913, 19.16664487240585 ], [ -97.478624229627343, 19.144095993226049 ], [ -97.475077892642148, 19.143089162666488 ], [ -97.483840833048802, 19.127110143373091 ], [ -97.47817620283044, 19.111603018686569 ], [ -97.481341677789743, 19.10088318837705 ], [ -97.495266651574141, 19.116055210368394 ], [ -97.534789530253789, 19.131376705741513 ], [ -97.543978473559122, 19.132570998257066 ], [ -97.540690964722629, 19.147832984400324 ], [ -97.545102988189811, 19.152764292558295 ], [ -97.543927290894004, 19.158993524438202 ], [ -97.554229759814831, 19.156765313752391 ], [ -97.556729013633486, 19.158137961623442 ], [ -97.558943544815136, 19.16135313245023 ], [ -97.567945943882762, 19.165783353760801 ], [ -97.569203098750123, 19.176908504702411 ], [ -97.574843583246491, 19.176690630854509 ], [ -97.572060307257544, 19.180300227704077 ], [ -97.558735323948682, 19.181918788292613 ], [ -97.561787022625836, 19.191806371480354 ], [ -97.536852850878404, 19.205202678713327 ], [ -97.52984280027519, 19.206933194558765 ], [ -97.519017095977489, 19.218173579295403 ], [ -97.535906570978867, 19.229374203791345 ], [ -97.527881271837302, 19.242308395325196 ], [ -97.541649869135142, 19.253356809082788 ], [ -97.531029053836164, 19.26508988333401 ], [ -97.516268835624587, 19.268632034045812 ], [ -97.5122181661974, 19.27765774448935 ], [ -97.525918349244165, 19.277347628362097 ], [ -97.53117608865702, 19.270556238246627 ], [ -97.556504440298212, 19.314318763684931 ], [ -97.532048484625292, 19.316994591400558 ], [ -97.532040310862413, 19.318637904198724 ], [ -97.527682420063215, 19.319319461196173 ], [ -97.530221935344073, 19.32235250407064 ], [ -97.527257934435511, 19.322929328218649 ], [ -97.52396105484722, 19.320420257118027 ], [ -97.508912746940922, 19.32251969561921 ], [ -97.506449273034661, 19.327375751289136 ], [ -97.47061803169295, 19.342190155756615 ], [ -97.47849553828226, 19.332256866556275 ], [ -97.46789808345055, 19.327018032308413 ] ] ], [ [ [ -97.576573560651312, 19.275882556434244 ], [ -97.572705308243741, 19.286661282494698 ], [ -97.560393961114627, 19.281467158643341 ], [ -97.564530173814489, 19.273768331835015 ], [ -97.576573560651312, 19.275882556434244 ] ] ] ] } },
{ "type": "Feature", "properties": { "cve_edo": "21", "cve_mpo_ine": "139", "cve_edo_mpo_ine": "21139", "nom_mpo": "SAN NICOLAS DE LOS RANCHOS", "nom_edo": "Puebla", "alianza_ganadora": "Juntos Haremos Historia", "margen_pp": 28.517951335715502, "por_participacion": 72.341211225997043 }, "geometry": { "type": "Polygon", "coordinates": [ [ [ -98.630012546146489, 19.021023899289368 ], [ -98.627614009582956, 19.066047391827556 ], [ -98.63785009109661, 19.075259746117489 ], [ -98.651702787930645, 19.096812848433729 ], [ -98.650420384553044, 19.117299002179102 ], [ -98.65454873745621, 19.120968342399191 ], [ -98.650611754708564, 19.135746228035565 ], [ -98.639761409598421, 19.143656593505789 ], [ -98.636168965774601, 19.149446395643011 ], [ -98.636704561459993, 19.153414659344111 ], [ -98.614830771758236, 19.147783368678805 ], [ -98.610745049602244, 19.143710375314289 ], [ -98.604504528119378, 19.143143953435381 ], [ -98.604001759529467, 19.140170632161258 ], [ -98.59360341903475, 19.144122788903672 ], [ -98.590658569270218, 19.142962800975216 ], [ -98.588545322531232, 19.145970077405867 ], [ -98.579164816046188, 19.145410287272135 ], [ -98.572380485435161, 19.136932374087223 ], [ -98.57643827152728, 19.1310890183723 ], [ -98.562656446525722, 19.127418165830509 ], [ -98.551518188353555, 19.115454135901718 ], [ -98.5398082077852, 19.112884245477549 ], [ -98.533878580797861, 19.105584044786347 ], [ -98.520732507016291, 19.099858685240452 ], [ -98.510040668478453, 19.090825935656785 ], [ -98.507758517589068, 19.090351308225408 ], [ -98.509667786317593, 19.093741328146013 ], [ -98.494470004176819, 19.091101739374725 ], [ -98.487569578414622, 19.093496436424044 ], [ -98.477274049560819, 19.085903065236071 ], [ -98.471712367827067, 19.084649152767632 ], [ -98.464447840492426, 19.086555296048864 ], [ -98.453577234297413, 19.080968700827729 ], [ -98.455217347227446, 19.079511707852596 ], [ -98.462549594185148, 19.081629174644263 ], [ -98.475010297863648, 19.07675470851116 ], [ -98.480245147754047, 19.069469402696885 ], [ -98.478059605533289, 19.062808669572128 ], [ -98.485792218981828, 19.064856774621447 ], [ -98.48562701390145, 19.055789228883683 ], [ -98.49040604926742, 19.0506743038369 ], [ -98.492718082188304, 19.046583591149844 ], [ -98.492220762439743, 19.041867012318924 ], [ -98.502992713082762, 19.025958501955323 ], [ -98.521153849508181, 19.026935789117601 ], [ -98.534318657137845, 19.022451905905001 ], [ -98.538478780049488, 19.02536234980813 ], [ -98.551283081465499, 19.027817691140605 ], [ -98.560066176574807, 19.033541485900155 ], [ -98.581119102512304, 19.037666772745428 ], [ -98.581619599506581, 19.033336531107516 ], [ -98.575525980902768, 19.02633286650968 ], [ -98.57498523074706, 19.020331191064049 ], [ -98.583457224150862, 19.025398882296763 ], [ -98.609639548951506, 19.028210977915787 ], [ -98.630012546146489, 19.021023899289368 ] ] ] } },
{ "type": "Feature", "properties": { "cve_edo": "21", "cve_mpo_ine": "140", "cve_edo_mpo_ine": "21140", "nom_mpo": "SAN PABLO ANICANO", "nom_edo": "Puebla", "alianza_ganadora": "Va por México", "margen_pp": 7.889033376679671, "por_participacion": 78.018261751775455 }, "geometry": { "type": "Polygon", "coordinates": [ [ [ -98.090751288883126, 18.165331994722706 ], [ -98.08099975867502, 18.15061885639393 ], [ -98.074140857166697, 18.157031635585387 ], [ -98.071353520070573, 18.163183372818871 ], [ -98.068864171261978, 18.163545331053292 ], [ -98.071698309309951, 18.164839362180668 ], [ -98.073727102888768, 18.162820904289621 ], [ -98.073376067300757, 18.168823550197594 ], [ -98.065438132024255, 18.170811140582501 ], [ -98.062363479479913, 18.175265597198258 ], [ -98.06023142757968, 18.16913479549472 ], [ -98.063192373922561, 18.163314881049587 ], [ -98.063558755989717, 18.150948570718853 ], [ -98.058526857900873, 18.148900655031532 ], [ -98.059690092680086, 18.14522414107369 ], [ -98.063221154421868, 18.14470118822204 ], [ -98.061601559483762, 18.144156684609193 ], [ -98.063581130985554, 18.136429873468515 ], [ -98.0604038308349, 18.132859278509599 ], [ -98.062032016571806, 18.127778304508293 ], [ -98.070348631046926, 18.123724020194022 ], [ -98.074940687158119, 18.124894949828281 ], [ -98.076245085212975, 18.117599936097584 ], [ -98.083047431027225, 18.113853097975575 ], [ -98.084068490530328, 18.109427488468992 ], [ -98.091227589568703, 18.105726740990981 ], [ -98.08724314639899, 18.100043741520945 ], [ -98.087341427761586, 18.094789014612427 ], [ -98.090692408290053, 18.09504662823036 ], [ -98.095688564034717, 18.101484082371368 ], [ -98.099679511138376, 18.102492746557477 ], [ -98.103734447857192, 18.098827378988545 ], [ -98.103738587720557, 18.095642317005691 ], [ -98.098416898948471, 18.094752540655652 ], [ -98.098310365484849, 18.087844223507922 ], [ -98.10727225951446, 18.092222989341881 ], [ -98.113628040246709, 18.098990353651942 ], [ -98.110670223045673, 18.104563017371479 ], [ -98.11570267494028, 18.105699530813649 ], [ -98.116906819701029, 18.114597632360354 ], [ -98.120723111102848, 18.116846138224744 ], [ -98.119330190194034, 18.120274011479072 ], [ -98.122803154448889, 18.119418793684851 ], [ -98.127832151074088, 18.12394690610224 ], [ -98.130379625583032, 18.122798447391656 ], [ -98.138825191767026, 18.125477897197253 ], [ -98.141605402102115, 18.12313058585627 ], [ -98.145307229869502, 18.12467498737108 ], [ -98.146692874673874, 18.127658446802233 ], [ -98.14409934779772, 18.132501453972914 ], [ -98.154318881878098, 18.140013566626809 ], [ -98.15587740271107, 18.143990363960555 ], [ -98.157449940320234, 18.134109940992541 ], [ -98.166010666710335, 18.138443257292391 ], [ -98.165038612124405, 18.126195658120459 ], [ -98.170476824525934, 18.1277045392291 ], [ -98.170425677575011, 18.120465454642279 ], [ -98.174420841799403, 18.117832479845053 ], [ -98.175410347069288, 18.111383057552722 ], [ -98.174144229590979, 18.103767307945954 ], [ -98.192838830243986, 18.0968841486035 ], [ -98.200241302563384, 18.101501433934814 ], [ -98.209444131084567, 18.097230995492389 ], [ -98.208156453775914, 18.118033465442686 ], [ -98.203406365419042, 18.124883833675039 ], [ -98.212602610918694, 18.131864684925702 ], [ -98.21456550824476, 18.138779376520951 ], [ -98.224459264999723, 18.142825104402057 ], [ -98.218958625105344, 18.146736383305839 ], [ -98.209756458903328, 18.146663810639446 ], [ -98.207612977034231, 18.14955205306229 ], [ -98.204256369103618, 18.149250963712024 ], [ -98.200614590372169, 18.143447243359336 ], [ -98.197084331888391, 18.143352258400391 ], [ -98.193663323170924, 18.151365178264104 ], [ -98.19480883161286, 18.166426117357297 ], [ -98.188671513578143, 18.168638273944019 ], [ -98.186235179221754, 18.174834421276305 ], [ -98.178826549143778, 18.174187553010942 ], [ -98.170727887136522, 18.168739568153825 ], [ -98.164184392184808, 18.171611294347677 ], [ -98.156222222222127, 18.179361111130564 ], [ -98.146582011884561, 18.169211997703904 ], [ -98.147194444444352, 18.164666666686088 ], [ -98.143639580756727, 18.168267245085676 ], [ -98.13825952854954, 18.16564094726418 ], [ -98.135414123460578, 18.167374239567756 ], [ -98.134416666666581, 18.160277777797095 ], [ -98.131555555555451, 18.159166666686044 ], [ -98.127277777777692, 18.151888888908136 ], [ -98.122249999999894, 18.148611111130339 ], [ -98.115010501212709, 18.150156839399394 ], [ -98.111830431347713, 18.148041764945752 ], [ -98.111548249388946, 18.142373717380174 ], [ -98.106760273363165, 18.14459504221362 ], [ -98.101908575367304, 18.155781712524405 ], [ -98.096100736772868, 18.162700795872926 ], [ -98.090751288883126, 18.165331994722706 ] ] ] } },
{ "type": "Feature", "properties": { "cve_edo": "21", "cve_mpo_ine": "141", "cve_edo_mpo_ine": "21141", "nom_mpo": "SAN PEDRO CHOLULA", "nom_edo": "Puebla", "alianza_ganadora": "Va por México", "margen_pp": 7.3197187312986234, "por_participacion": 49.43055760982103 }, "geometry": { "type": "Polygon", "coordinates": [ [ [ -98.271802924660179, 19.059496856170121 ], [ -98.268585808834473, 19.059827887224316 ], [ -98.295052341227574, 19.059616394162806 ], [ -98.296506785506793, 19.057059826249109 ], [ -98.300454771956396, 19.058982711591618 ], [ -98.307380393347401, 19.047020433163269 ], [ -98.311607400492221, 19.048994064500132 ], [ -98.313998831069156, 19.046130939364936 ], [ -98.317110225120743, 19.049144353797281 ], [ -98.320158784912593, 19.047102473579329 ], [ -98.321971218645714, 19.050622922672019 ], [ -98.334226904867478, 19.04620960137219 ], [ -98.363929030783694, 19.041271063126437 ], [ -98.380863000003757, 19.031324544770712 ], [ -98.388237448141894, 19.029207861722846 ], [ -98.388066612610587, 19.020685420384581 ], [ -98.39375546978863, 19.018490447322733 ], [ -98.396358418260078, 19.031589163087833 ], [ -98.403007653741739, 19.040761868297061 ], [ -98.403985804089984, 19.04665905073961 ], [ -98.402573284225397, 19.052778209462133 ], [ -98.385876045538168, 19.053894065787887 ], [ -98.382930157957418, 19.06085728120307 ], [ -98.376190875508854, 19.061009625664624 ], [ -98.377313753462545, 19.065866825887884 ], [ -98.38514418651711, 19.069412313980521 ], [ -98.380072651960575, 19.077306775061864 ], [ -98.38810960253079, 19.079893195197013 ], [ -98.394404853148757, 19.075360905120053 ], [ -98.393424988198959, 19.083147817623704 ], [ -98.39811607937834, 19.084469765137921 ], [ -98.362809442796589, 19.115264275334606 ], [ -98.358977553235377, 19.114144114205608 ], [ -98.372917455150017, 19.10031683383778 ], [ -98.357031148085213, 19.100907701988664 ], [ -98.356950666843716, 19.096796650534465 ], [ -98.349313581776926, 19.096941594140866 ], [ -98.346563413601871, 19.101589112584143 ], [ -98.344676883476808, 19.099642941612483 ], [ -98.342139642625284, 19.101907085825406 ], [ -98.335866644858669, 19.096623810676444 ], [ -98.331738480559565, 19.101569339597877 ], [ -98.318473040313819, 19.090224645309391 ], [ -98.310494790211578, 19.099602331890548 ], [ -98.312432094338263, 19.100887541902129 ], [ -98.31038750718696, 19.107911544054485 ], [ -98.295929600198136, 19.097662759274794 ], [ -98.30015802937713, 19.083553017062144 ], [ -98.29268718762917, 19.07986358567371 ], [ -98.290651689177665, 19.07510489430862 ], [ -98.281921079519975, 19.074337318227027 ], [ -98.279760508138665, 19.076244922333338 ], [ -98.282106304448277, 19.081621122856433 ], [ -98.280754266507273, 19.082556221393421 ], [ -98.276610375428533, 19.07997093640364 ], [ -98.26821118239063, 19.081594502747066 ], [ -98.25984868999528, 19.077025685539809 ], [ -98.269807500484148, 19.049965689433204 ], [ -98.275739400898757, 19.052003367252563 ], [ -98.271802924660179, 19.059496856170121 ] ], [ [ -98.289267676128759, 19.065552433196643 ], [ -98.295130098184416, 19.063413668219027 ], [ -98.292183530365705, 19.061886089874388 ], [ -98.289267676128759, 19.065552433196643 ] ] ] } },
{ "type": "Feature", "properties": { "cve_edo": "21", "cve_mpo_ine": "142", "cve_edo_mpo_ine": "21142", "nom_mpo": "SAN PEDRO YELOIXTLAHUACA", "nom_edo": "Puebla", "alianza_ganadora": "Va por México", "margen_pp": 10.125448028673835, "por_participacion": 76.67468223978014 }, "geometry": { "type": "Polygon", "coordinates": [ [ [ -98.095500468249213, 18.063754674114204 ], [ -98.096541611689389, 18.069346780294104 ], [ -98.09177383269332, 18.074126460049005 ], [ -98.096292715665754, 18.082417413211445 ], [ -98.094265977804938, 18.083815712347377 ], [ -98.094956037664062, 18.086920818779337 ], [ -98.099233956599377, 18.089419754874108 ], [ -98.098416898948471, 18.094752540655652 ], [ -98.103738587720557, 18.095642317005691 ], [ -98.103734447857192, 18.098827378988545 ], [ -98.099679511138376, 18.102492746557477 ], [ -98.095688564034717, 18.101484082371368 ], [ -98.090692408290053, 18.09504662823036 ], [ -98.087341427761586, 18.094789014612427 ], [ -98.08724314639899, 18.100043741520945 ], [ -98.091227589568703, 18.105726740990981 ], [ -98.084068490530328, 18.109427488468992 ], [ -98.083047431027225, 18.113853097975575 ], [ -98.076245085212975, 18.117599936097584 ], [ -98.074940687158119, 18.124894949828281 ], [ -98.067244618874696, 18.124780429923099 ], [ -98.061102938658777, 18.129842625726003 ], [ -98.052530362537226, 18.1287640055487 ], [ -98.048286001578461, 18.135883922966304 ], [ -98.043631704470386, 18.135347506756567 ], [ -98.03893815056216, 18.137580477660162 ], [ -98.038412990134589, 18.121859722824816 ], [ -98.03292887860546, 18.127096931261931 ], [ -98.034094855678433, 18.130094368318687 ], [ -98.031119402545784, 18.12960234543057 ], [ -98.030611111111, 18.12416666668576 ], [ -98.033222222222122, 18.114694444463506 ], [ -98.035212737305713, 18.116221735288956 ], [ -98.037624968159577, 18.112501640998715 ], [ -98.036884035941654, 18.107940537821428 ], [ -98.039131834059262, 18.107690609892867 ], [ -98.037558500946716, 18.10501681052866 ], [ -98.04145221341868, 18.102314995363464 ], [ -98.047097356786722, 18.105969776682134 ], [ -98.049241619731163, 18.096745765704902 ], [ -98.045420601781217, 18.094322079731906 ], [ -98.046156770370345, 18.087016682534891 ], [ -98.041226093860985, 18.085772512197632 ], [ -98.036593734118583, 18.087841163360039 ], [ -98.035325762426567, 18.079880387990066 ], [ -98.029624010264897, 18.084328154535399 ], [ -98.026715654479673, 18.082499027671162 ], [ -98.023709775695323, 18.083479680487077 ], [ -98.018132225473366, 18.079205243349239 ], [ -98.013678279678913, 18.08086303318774 ], [ -98.011315667458462, 18.077100066143771 ], [ -98.009564592869538, 18.078846940607018 ], [ -98.008242184941125, 18.07477159172284 ], [ -97.998392043515992, 18.077664954407012 ], [ -97.996104471250433, 18.074638827415612 ], [ -97.996672776900368, 18.062586484479631 ], [ -97.988916426558234, 18.058483348549508 ], [ -97.987074655342013, 18.053578609826054 ], [ -97.984512791435733, 18.056653574006635 ], [ -97.982352439190308, 18.054878490091053 ], [ -97.973443092115346, 18.02664531115607 ], [ -97.968416515468519, 18.024239936821409 ], [ -97.965981498424895, 18.017663621122257 ], [ -97.968273878761323, 18.014272981887068 ], [ -97.969058963775936, 18.003785135724449 ], [ -97.966139564458629, 17.998895333451006 ], [ -97.969836855559748, 17.989824065106511 ], [ -97.981606709489171, 17.98317094087615 ], [ -97.985501643815567, 17.984232703607667 ], [ -97.990958573203727, 17.979284635357622 ], [ -98.005057462967869, 17.989180408558301 ], [ -98.006895178324697, 17.98829928278969 ], [ -98.004624708674569, 17.993811039182564 ], [ -98.007999316514429, 17.997504788660919 ], [ -98.022587294914985, 17.996570813706185 ], [ -98.0343227899575, 18.000986970166664 ], [ -98.038389308548489, 18.007443294280947 ], [ -98.04382408293678, 18.009716240050391 ], [ -98.043757405632448, 17.997321624166098 ], [ -98.062809417938112, 17.978625813161553 ], [ -98.103326798448691, 18.01121506248845 ], [ -98.10389194688095, 18.021517170651734 ], [ -98.099836655780479, 18.026878601475204 ], [ -98.101679660236229, 18.032842437977134 ], [ -98.096353781590594, 18.036544156980437 ], [ -98.096580477568054, 18.040061069876302 ], [ -98.093920838690963, 18.039347266556856 ], [ -98.09519008868412, 18.041751489361946 ], [ -98.092877409549118, 18.041080418698375 ], [ -98.098193322028166, 18.045113990446719 ], [ -98.095241918112279, 18.046260458885424 ], [ -98.098767324268508, 18.048466819887029 ], [ -98.096612907434803, 18.059213095103583 ], [ -98.099039839573109, 18.061166891374789 ], [ -98.10407284291361, 18.060855895033733 ], [ -98.104416033011219, 18.063876879555789 ], [ -98.099438614266063, 18.065842691953662 ], [ -98.095500468249213, 18.063754674114204 ] ] ] } },
{ "type": "Feature", "properties": { "cve_edo": "21", "cve_mpo_ine": "143", "cve_edo_mpo_ine": "21143", "nom_mpo": "SAN SALVADOR EL SECO", "nom_edo": "Puebla", "alianza_ganadora": "Juntos Haremos Historia", "margen_pp": 8.8279032040016219, "por_participacion": 69.55663171752316 }, "geometry": { "type": "Polygon", "coordinates": [ [ [ -97.662869208567159, 19.098921725352831 ], [ -97.666120461374973, 19.103928817377653 ], [ -97.651855413798245, 19.12819003734019 ], [ -97.666554420890833, 19.127259844250446 ], [ -97.663919133248157, 19.144754405572211 ], [ -97.680143271248397, 19.151994418930052 ], [ -97.65876069632678, 19.17561910908584 ], [ -97.665266787246907, 19.184849023659805 ], [ -97.687141007242303, 19.191076136907416 ], [ -97.648616970659873, 19.252685240948189 ], [ -97.645104239336547, 19.246190128904942 ], [ -97.626256724192004, 19.242910265280628 ], [ -97.616433874075227, 19.233170379307612 ], [ -97.612224954970515, 19.240060122892466 ], [ -97.597262291202668, 19.237854298042407 ], [ -97.593679095984896, 19.234603241438403 ], [ -97.569237240346425, 19.224548120693271 ], [ -97.566261530329129, 19.228001574782667 ], [ -97.557109110619152, 19.224635845916897 ], [ -97.547344028198893, 19.240037949800872 ], [ -97.543751048637716, 19.239004479413257 ], [ -97.533178862481648, 19.226684186673655 ], [ -97.519017095977489, 19.218173579295403 ], [ -97.52984280027519, 19.206933194558765 ], [ -97.536852850878404, 19.205202678713327 ], [ -97.561787022625836, 19.191806371480354 ], [ -97.558735323948682, 19.181918788292613 ], [ -97.572060307257544, 19.180300227704077 ], [ -97.574843583246491, 19.176690630854509 ], [ -97.569203098750123, 19.176908504702411 ], [ -97.567945943882762, 19.165783353760801 ], [ -97.553400093429786, 19.157071555545951 ], [ -97.553073455134083, 19.152879724329274 ], [ -97.557163160923636, 19.143689735420931 ], [ -97.564505627930089, 19.136989916349677 ], [ -97.567996178582334, 19.136962674759623 ], [ -97.574701626483389, 19.128195538674269 ], [ -97.57598978682492, 19.123370179671372 ], [ -97.572330075867214, 19.120506892002737 ], [ -97.569189980534176, 19.110677146736116 ], [ -97.573133043415226, 19.112536554951692 ], [ -97.58290724595885, 19.091730900340831 ], [ -97.587209596216908, 19.092614714726608 ], [ -97.58325242572819, 19.059157260226826 ], [ -97.584701980937609, 19.060528115339668 ], [ -97.590649022193034, 19.051878246236072 ], [ -97.596472374031038, 19.04632692257702 ], [ -97.598155812477557, 19.046872833061002 ], [ -97.604395127323215, 19.036406927748541 ], [ -97.612883823429215, 19.03631495794502 ], [ -97.617230234532002, 19.046074886691777 ], [ -97.615939897313936, 19.053708189521743 ], [ -97.625643503869412, 19.058657235632122 ], [ -97.627569034517407, 19.053916273233586 ], [ -97.641065795206146, 19.048928124547675 ], [ -97.658266816684048, 19.057370387664822 ], [ -97.651750165684533, 19.060526632509731 ], [ -97.659998914811368, 19.067657048447003 ], [ -97.662869208567159, 19.098921725352831 ] ] ] } },
{ "type": "Feature", "properties": { "cve_edo": "21", "cve_mpo_ine": "144", "cve_edo_mpo_ine": "21144", "nom_mpo": "SAN SALVADOR EL VERDE", "nom_edo": "Puebla", "alianza_ganadora": "Juntos Haremos Historia", "margen_pp": 35.290749979553446, "por_participacion": 50.97344394880561 }, "geometry": { "type": "Polygon", "coordinates": [ [ [ -98.487740934144909, 19.312914443328058 ], [ -98.48261293187214, 19.313000154201134 ], [ -98.482140291187619, 19.321096204578851 ], [ -98.474713608619879, 19.3283937884446 ], [ -98.478411427525188, 19.336798125153056 ], [ -98.474297244096803, 19.34297229981172 ], [ -98.46788640661498, 19.346472227705686 ], [ -98.468003179365567, 19.350160163548964 ], [ -98.455798754256293, 19.342829005269245 ], [ -98.45999230012626, 19.330510753238787 ], [ -98.459117949882994, 19.317464252780457 ], [ -98.4627002506449, 19.316006753502421 ], [ -98.461015780419658, 19.306202309915694 ], [ -98.464786697075311, 19.306806521497951 ], [ -98.475411358751856, 19.299666318896822 ], [ -98.477626703132287, 19.29426874223519 ], [ -98.491236528412372, 19.291164491553879 ], [ -98.491241110607731, 19.289463028606352 ], [ -98.488334931229048, 19.289586604889561 ], [ -98.487760757146347, 19.28429133955742 ], [ -98.471985643189811, 19.284515952816868 ], [ -98.47779260829563, 19.27918409753833 ], [ -98.475897041323634, 19.273463544321359 ], [ -98.47177429503779, 19.275574837962861 ], [ -98.471546221362686, 19.272050721983927 ], [ -98.468483759459048, 19.272861550956655 ], [ -98.467784424468078, 19.269892051915122 ], [ -98.463807677640375, 19.270931649995894 ], [ -98.468963557965282, 19.262317557154113 ], [ -98.468759561464452, 19.256632690829367 ], [ -98.474687702393922, 19.257440416296721 ], [ -98.473991572048433, 19.259118163533021 ], [ -98.476690893554377, 19.257905860043433 ], [ -98.47671584790659, 19.260978139878869 ], [ -98.480155698276462, 19.2606705499425 ], [ -98.484814797461141, 19.256850223775448 ], [ -98.491772409218427, 19.256885457903607 ], [ -98.500303952309153, 19.252067713165243 ], [ -98.505469740689819, 19.253498242082305 ], [ -98.509085119316708, 19.257420888793554 ], [ -98.515202766047565, 19.257662259511292 ], [ -98.522886124922522, 19.250389541118601 ], [ -98.540786956209672, 19.244236061744516 ], [ -98.546983544660861, 19.23966045949356 ], [ -98.567750800391167, 19.235870641384142 ], [ -98.572470057668298, 19.226979286503635 ], [ -98.586479261928019, 19.222966201099752 ], [ -98.578014176984027, 19.216611658113194 ], [ -98.589704140691978, 19.218308596724128 ], [ -98.596139724955876, 19.212188909427216 ], [ -98.596087749088397, 19.210572002290967 ], [ -98.582763478157887, 19.205063264358113 ], [ -98.587295545228201, 19.199455111123314 ], [ -98.591232901712431, 19.19888518408575 ], [ -98.582541112192231, 19.196313692373458 ], [ -98.604930018635756, 19.194298569443813 ], [ -98.592832099359214, 19.192531438347768 ], [ -98.582985925505781, 19.188416358601227 ], [ -98.574357672518531, 19.182356892123863 ], [ -98.575462826525282, 19.180540736192739 ], [ -98.579660751169101, 19.177224707391417 ], [ -98.591175351132051, 19.175357670406093 ], [ -98.588311149557242, 19.171290459739769 ], [ -98.595428572860413, 19.168346360566115 ], [ -98.605693432511202, 19.167427389059917 ], [ -98.626428366028463, 19.170146550557089 ], [ -98.636551473435006, 19.168441499735128 ], [ -98.641845034852864, 19.181027459130114 ], [ -98.633962351774215, 19.257364073793745 ], [ -98.628474112555551, 19.25860232476705 ], [ -98.625281031771777, 19.257035025442832 ], [ -98.623209760014205, 19.252364330266804 ], [ -98.620178643694288, 19.252203175751859 ], [ -98.614697971199078, 19.259084473640367 ], [ -98.611313870070859, 19.251588309639381 ], [ -98.60394542227796, 19.248647446099728 ], [ -98.60516503642998, 19.244960434774498 ], [ -98.603250939037835, 19.237919639209878 ], [ -98.594937173639678, 19.234507773169689 ], [ -98.595504825652355, 19.237686709873362 ], [ -98.589716110723089, 19.2404263897186 ], [ -98.587512493067322, 19.235219684986092 ], [ -98.586530005687024, 19.237239846700515 ], [ -98.579027436811003, 19.239157070074608 ], [ -98.580778374011075, 19.241140094362528 ], [ -98.584864542869354, 19.239736128905299 ], [ -98.580225624432742, 19.245679190392806 ], [ -98.580693693532638, 19.247574605758754 ], [ -98.584613983008552, 19.248250289189681 ], [ -98.57965323829994, 19.251422264977485 ], [ -98.586791873857337, 19.256279581373974 ], [ -98.58373450922906, 19.25711451119372 ], [ -98.5856139392844, 19.259467275876357 ], [ -98.574972917553808, 19.25790581382309 ], [ -98.56526264664538, 19.259968800622048 ], [ -98.546106929971231, 19.266948904283165 ], [ -98.54561643984097, 19.275303751090377 ], [ -98.530950822906433, 19.275306952057353 ], [ -98.526121916086993, 19.277187233698609 ], [ -98.526542139959744, 19.28799135880438 ], [ -98.505588979443289, 19.289640289263108 ], [ -98.50579434176683, 19.29876138802215 ], [ -98.502155472896845, 19.30886497405271 ], [ -98.487624341277666, 19.310292027923072 ], [ -98.487740934144909, 19.312914443328058 ] ] ] } },
{ "type": "Feature", "properties": { "cve_edo": "21", "cve_mpo_ine": "145", "cve_edo_mpo_ine": "21145", "nom_mpo": "SAN SALVADOR HUIXCOLOTLA", "nom_edo": "Puebla", "alianza_ganadora": "Juntos Haremos Historia", "margen_pp": 14.235294117647058, "por_participacion": 60.763888888888886 }, "geometry": { "type": "Polygon", "coordinates": [ [ [ -97.765004551734876, 18.946441462750744 ], [ -97.748260624736176, 18.946830597549898 ], [ -97.752931233517586, 18.937387388986174 ], [ -97.753835823833541, 18.921297054773387 ], [ -97.756119677477471, 18.917384063920725 ], [ -97.761542580399663, 18.914692035217488 ], [ -97.765256868236762, 18.895389325869623 ], [ -97.793170329340384, 18.903310577368813 ], [ -97.788424380858942, 18.918336557029811 ], [ -97.801959739906394, 18.92048142465141 ], [ -97.7947099573923, 18.934529637303392 ], [ -97.785048202884497, 18.931088514860967 ], [ -97.784002766297348, 18.945066975817358 ], [ -97.76178046839685, 18.941906286524684 ], [ -97.765004551734876, 18.946441462750744 ] ] ] } },
{ "type": "Feature", "properties": { "cve_edo": "21", "cve_mpo_ine": "177", "cve_edo_mpo_ine": "21177", "nom_mpo": "SAN SEBASTIAN TLACOTEPEC", "nom_edo": "Puebla", "alianza_ganadora": "Juntos Haremos Historia", "margen_pp": 31.523313061106283, "por_participacion": 78.952783811592539 }, "geometry": { "type": "Polygon", "coordinates": [ [ [ -96.77152479927959, 18.422425486421783 ], [ -96.766512945607758, 18.417928237433053 ], [ -96.767100728548229, 18.413265170316887 ], [ -96.761159949142225, 18.411285121369463 ], [ -96.758716432467963, 18.40717060562319 ], [ -96.753959693845459, 18.411307041899853 ], [ -96.74020686843086, 18.406529051555715 ], [ -96.726532437881502, 18.408757006429514 ], [ -96.724951388917049, 18.40742774633442 ], [ -96.731095538393959, 18.401465832859348 ], [ -96.728761623298467, 18.394944884957592 ], [ -96.735984428797494, 18.391437677640106 ], [ -96.742064731865327, 18.382895864972127 ], [ -96.733649486752583, 18.378375307589618 ], [ -96.746636899847914, 18.376918385553928 ], [ -96.749068294114807, 18.380615806293566 ], [ -96.753968515806903, 18.378140916804295 ], [ -96.762848226544065, 18.380321093198624 ], [ -96.76453373982369, 18.372363334306879 ], [ -96.781255068573998, 18.361375600050621 ], [ -96.782502016540846, 18.355531438637591 ], [ -96.785924801239162, 18.355080072110447 ], [ -96.784083877247085, 18.346946441571571 ], [ -96.785133086280169, 18.334844288361033 ], [ -96.794928549281607, 18.332114093309293 ], [ -96.795816700632656, 18.328650150089437 ], [ -96.8000733363032, 18.326504030998734 ], [ -96.810262534708798, 18.326155217680519 ], [ -96.812640265581038, 18.321972237948263 ], [ -96.822020646150534, 18.3176810621028 ], [ -96.822413666393189, 18.306940826614561 ], [ -96.818817504131232, 18.303697759155316 ], [ -96.8174561136248, 18.298054481043248 ], [ -96.825617062635828, 18.293967507502487 ], [ -96.837798750848293, 18.272533173472038 ], [ -96.842929061881449, 18.271223003263334 ], [ -96.839971204255718, 18.26753577567133 ], [ -96.842537664770546, 18.264870360510468 ], [ -96.84270160407263, 18.253943367019328 ], [ -96.846786731225478, 18.247606859008787 ], [ -96.846337674067598, 18.242795098438624 ], [ -96.851322539505034, 18.242059157965144 ], [ -96.854607951347859, 18.238914127658283 ], [ -96.857469001540551, 18.243560321781391 ], [ -96.864987904134026, 18.241152268310792 ], [ -96.874916578498556, 18.24386830739267 ], [ -96.884246299189584, 18.243334382243102 ], [ -96.90268423664719, 18.237948184582532 ], [ -96.899232596106032, 18.24468997113544 ], [ -96.901111111110822, 18.251888888908809 ], [ -96.907413607613279, 18.256235620771012 ], [ -96.915837989880757, 18.257730354890441 ], [ -96.922378811591187, 18.263295759356378 ], [ -96.921438799445212, 18.278852127747118 ], [ -96.919370881145511, 18.280766262385953 ], [ -96.908265773543064, 18.278297905264651 ], [ -96.899221053384878, 18.272549464267659 ], [ -96.889652021351836, 18.285673687602433 ], [ -96.89054095135748, 18.289517893607957 ], [ -96.887280530372138, 18.295037758529414 ], [ -96.88960102352614, 18.296723065744644 ], [ -96.888261672992641, 18.304799206123601 ], [ -96.879684844956202, 18.310137914545923 ], [ -96.866666246143609, 18.306600345267324 ], [ -96.868747170287378, 18.316935857195919 ], [ -96.863009033709886, 18.313652690185513 ], [ -96.848921095081181, 18.325471487295601 ], [ -96.852681484745162, 18.326364258671799 ], [ -96.85130635594895, 18.338743734012784 ], [ -96.855907774050721, 18.345301791106717 ], [ -96.857338682916648, 18.353157533330641 ], [ -96.86915139296201, 18.35748807574701 ], [ -96.869890358904897, 18.355332705388818 ], [ -96.875100642954862, 18.357004450951472 ], [ -96.878961785505368, 18.355165096251479 ], [ -96.884646640907519, 18.358944791070559 ], [ -96.885187951946037, 18.372639636436649 ], [ -96.887957428878053, 18.38185442800858 ], [ -96.87836648373046, 18.392494409080079 ], [ -96.875364585415497, 18.393129487467363 ], [ -96.876303215415518, 18.405705045384131 ], [ -96.87320449650025, 18.409692434752611 ], [ -96.855209386931833, 18.416811871977124 ], [ -96.859055211762652, 18.422297639619003 ], [ -96.857178271337347, 18.427810082292801 ], [ -96.86310529600334, 18.433244719485597 ], [ -96.855028919084745, 18.436344569497678 ], [ -96.854289315517789, 18.43849981067142 ], [ -96.858526380000555, 18.451887595012284 ], [ -96.854963109430031, 18.455752550701622 ], [ -96.860701512995689, 18.463583195854298 ], [ -96.865182105990684, 18.476865946948841 ], [ -96.862164776451777, 18.483118384454013 ], [ -96.844507482969576, 18.492071068701748 ], [ -96.836412063681777, 18.493506429210157 ], [ -96.832596553202009, 18.497131838255051 ], [ -96.824792755088993, 18.498491807273194 ], [ -96.824466283863543, 18.501674402795075 ], [ -96.82696535306242, 18.503359859912621 ], [ -96.824533752309279, 18.511085267517142 ], [ -96.818654548438346, 18.512000633249677 ], [ -96.813857579309996, 18.517422243588808 ], [ -96.809139100386602, 18.517741237915583 ], [ -96.803606652575695, 18.511924258140631 ], [ -96.797137723532117, 18.512049648244357 ], [ -96.793922295497126, 18.503343288195303 ], [ -96.797920413467423, 18.497193763875792 ], [ -96.792963413698999, 18.492779463408581 ], [ -96.796962245303831, 18.486176005868863 ], [ -96.795762377079043, 18.480192742681957 ], [ -96.790632469183592, 18.475861004585234 ], [ -96.790187783796668, 18.46789680469989 ], [ -96.78072445612149, 18.465133849574915 ], [ -96.782233519541975, 18.461584742843364 ], [ -96.786163158455636, 18.460015893172354 ], [ -96.785193522422048, 18.454569013062013 ], [ -96.775392082683652, 18.448463436750725 ], [ -96.776782291374246, 18.446399941970569 ], [ -96.78486872667078, 18.444665301296141 ], [ -96.784649665176744, 18.439218265574059 ], [ -96.778250760208692, 18.43505165768622 ], [ -96.778142600298636, 18.431750426192352 ], [ -96.781841907903356, 18.429603914299136 ], [ -96.775326033209694, 18.426303849621132 ], [ -96.769315515161537, 18.429399660776131 ], [ -96.763604318183525, 18.427749721014127 ], [ -96.763958607425309, 18.42428339873095 ], [ -96.77152479927959, 18.422425486421783 ] ] ] } },
{ "type": "Feature", "properties": { "cve_edo": "21", "cve_mpo_ine": "146", "cve_edo_mpo_ine": "21146", "nom_mpo": "SANTA CATARINA TLALTEMPAN", "nom_edo": "Puebla", "alianza_ganadora": "Juntos Haremos Historia", "margen_pp": 19.88950276243094, "por_participacion": 77.682403433476395 }, "geometry": { "type": "Polygon", "coordinates": [ [ [ -98.142426040990301, 18.610419816825633 ], [ -98.141211479056778, 18.616666672681689 ], [ -98.135788628344883, 18.615840338137673 ], [ -98.130050199807997, 18.620332628630944 ], [ -98.127082854951027, 18.620112071846197 ], [ -98.129442085839273, 18.625575304675692 ], [ -98.125181793493482, 18.62687898162411 ], [ -98.121769511679574, 18.633598414227833 ], [ -98.116682844247549, 18.632348650345929 ], [ -98.111186124694527, 18.63513333882014 ], [ -98.107512101492631, 18.632480866349439 ], [ -98.106877830942452, 18.628470775357144 ], [ -98.093662457743392, 18.625128589739102 ], [ -98.07805680420816, 18.633998925901231 ], [ -98.067103956275616, 18.632676877483917 ], [ -98.058681044752291, 18.634656553233256 ], [ -98.05314248120618, 18.638062851345541 ], [ -98.051032245918108, 18.643671817130308 ], [ -98.046636676532898, 18.64431288027988 ], [ -98.044630487689489, 18.647371082017568 ], [ -98.028611111111005, 18.641611111134107 ], [ -98.01102777777767, 18.6406666666897 ], [ -98.004277777777659, 18.644027777800851 ], [ -98.001595283479659, 18.638626725978508 ], [ -97.9976459024398, 18.638592552771353 ], [ -97.999264886939812, 18.634074340661268 ], [ -98.006737650699208, 18.629173147515928 ], [ -98.008284701330723, 18.624158564068022 ], [ -98.004808881921832, 18.624445652994872 ], [ -98.006351046707806, 18.621381357987271 ], [ -98.022591736618281, 18.615554924610656 ], [ -98.03330555555543, 18.605861111133816 ], [ -98.037634677673893, 18.606441997515077 ], [ -98.039194686907095, 18.602763545553312 ], [ -98.043666666666539, 18.606555555578222 ], [ -98.051891618103639, 18.601616143538731 ], [ -98.057185551152784, 18.603570963718482 ], [ -98.068772672881906, 18.600604843849727 ], [ -98.083581836063757, 18.586306856128783 ], [ -98.086159619544418, 18.596717060032216 ], [ -98.100172493861123, 18.598074650931199 ], [ -98.10236950036925, 18.599571702813023 ], [ -98.102588827588761, 18.60425623011789 ], [ -98.110363337217635, 18.599257294013952 ], [ -98.114502464621097, 18.588820184407297 ], [ -98.126672170964355, 18.595833276431296 ], [ -98.124679112361889, 18.602020041181063 ], [ -98.132141528024121, 18.608859090374814 ], [ -98.142426040990301, 18.610419816825633 ] ] ] } },
{ "type": "Feature", "properties": { "cve_edo": "21", "cve_mpo_ine": "147", "cve_edo_mpo_ine": "21147", "nom_mpo": "SANTA INES AHUATEMPAN", "nom_edo": "Puebla", "alianza_ganadora": "Juntos Haremos Historia", "margen_pp": 2.7397260273972601, "por_participacion": 74.848294622305929 }, "geometry": { "type": "Polygon", "coordinates": [ [ [ -98.122192910852021, 18.453894172246006 ], [ -98.117064309666688, 18.455648590127883 ], [ -98.118451484690382, 18.460659543053637 ], [ -98.115305555555437, 18.462916666688269 ], [ -98.107111111110996, 18.458805555577072 ], [ -98.106967404561331, 18.454907847187481 ], [ -98.103194444444327, 18.455444444465957 ], [ -98.103916666666549, 18.453916666688134 ], [ -98.09692007510094, 18.449679982972533 ], [ -98.095055555555447, 18.444388888910368 ], [ -98.085027777777668, 18.443805555576954 ], [ -98.084450973431061, 18.451650908423847 ], [ -98.094242579088004, 18.457125289209273 ], [ -98.09299912099101, 18.467877430822078 ], [ -98.100333531225601, 18.474975311227869 ], [ -98.091756020343027, 18.478588134437661 ], [ -98.092322460620281, 18.484062956330195 ], [ -98.094197478045388, 18.487111630326282 ], [ -98.100488786428542, 18.48972234886196 ], [ -98.095806748701889, 18.492091979799476 ], [ -98.090528373273855, 18.487339028497846 ], [ -98.081903413670389, 18.486316640979254 ], [ -98.072785542900519, 18.49283447148601 ], [ -98.065984263680463, 18.494488622445974 ], [ -98.059030738947058, 18.494274563945865 ], [ -98.056773324826167, 18.490996787029825 ], [ -98.053128996379044, 18.490118835839795 ], [ -98.040609678655542, 18.475990084152091 ], [ -98.039341491189973, 18.471043986031756 ], [ -98.030672690283396, 18.472747534413685 ], [ -98.019730300255716, 18.462366734161161 ], [ -98.008828070989537, 18.457660136878214 ], [ -97.999312755590296, 18.457652413932216 ], [ -97.992393002093095, 18.454532644182279 ], [ -97.969841923089831, 18.436407588528059 ], [ -97.96860733193796, 18.425000395548292 ], [ -97.963375773717871, 18.409022444254912 ], [ -97.958226540835298, 18.403896948538311 ], [ -97.95117644072856, 18.402016449511493 ], [ -97.949144660382728, 18.38964526807208 ], [ -97.957419542854367, 18.378455102641418 ], [ -97.954563155407413, 18.366983508697377 ], [ -97.957573457177233, 18.358990912101717 ], [ -97.965486602859144, 18.352848179348705 ], [ -97.963612961047801, 18.349964005511303 ], [ -97.966638993842224, 18.349178172969197 ], [ -97.967545731532255, 18.346498738963742 ], [ -97.964993053807376, 18.342403922828584 ], [ -97.96642207390812, 18.339690412495447 ], [ -97.959746323686417, 18.336076013040575 ], [ -97.959591249595206, 18.330523824291753 ], [ -97.955998477950658, 18.326207161545014 ], [ -97.960276320507333, 18.322912558891446 ], [ -97.966308005388569, 18.322748841643129 ], [ -97.968273946168026, 18.3273324232016 ], [ -97.97315657940149, 18.33063148618464 ], [ -97.990722276677204, 18.330752473244146 ], [ -97.993294071340003, 18.333480428764378 ], [ -97.997232523424458, 18.33378365156695 ], [ -97.999582255416911, 18.331538249780674 ], [ -98.020469687504047, 18.330418566847687 ], [ -98.021171547140952, 18.325665097479597 ], [ -98.024086026296658, 18.324504026016655 ], [ -98.026585875640635, 18.336922490374626 ], [ -98.038430433869166, 18.348681924548206 ], [ -98.043323765335785, 18.338311261670658 ], [ -98.053217930140107, 18.335505242840775 ], [ -98.056120630764653, 18.33086434756537 ], [ -98.058851197753285, 18.3304457819434 ], [ -98.063501132259915, 18.333946528437163 ], [ -98.067051920207305, 18.341657029045066 ], [ -98.072004756839434, 18.344209040532718 ], [ -98.072876160614172, 18.357267711280066 ], [ -98.078375134087125, 18.353614116324749 ], [ -98.08358160727991, 18.354553918344848 ], [ -98.091191263659326, 18.349105849033759 ], [ -98.09422973799073, 18.342892252383788 ], [ -98.102098750470404, 18.339725231236109 ], [ -98.102097396937268, 18.344281306435079 ], [ -98.109105694859522, 18.349344910088227 ], [ -98.11292399997285, 18.363436702746863 ], [ -98.11883760833139, 18.368029819484139 ], [ -98.129918735591716, 18.363164603839589 ], [ -98.131831631694354, 18.358716557554896 ], [ -98.138104550194214, 18.357929327021914 ], [ -98.139890080828465, 18.354349319511648 ], [ -98.138408135292963, 18.352341722474762 ], [ -98.143105886242452, 18.352279155394946 ], [ -98.14338599135921, 18.348513675694885 ], [ -98.140296649867906, 18.345242422774966 ], [ -98.142433015007086, 18.341418473143918 ], [ -98.146668269734803, 18.341225482633373 ], [ -98.145025348572574, 18.333665634117359 ], [ -98.148939628243255, 18.32679985707955 ], [ -98.150734491661552, 18.331545147759996 ], [ -98.163753768728299, 18.333620243883605 ], [ -98.162315137228561, 18.346482972047159 ], [ -98.165507250840179, 18.350832120729937 ], [ -98.162124091709984, 18.35240345999248 ], [ -98.157817082401536, 18.362785009587995 ], [ -98.154958091388622, 18.36415595156619 ], [ -98.152650322230997, 18.372326814445501 ], [ -98.146352580094671, 18.375019468457737 ], [ -98.136102623664186, 18.387393423403619 ], [ -98.140972105002177, 18.387581710788819 ], [ -98.147974710929688, 18.384235781136692 ], [ -98.15816331780043, 18.39029191905032 ], [ -98.173548045175139, 18.389125176705953 ], [ -98.176206728390383, 18.399058844119651 ], [ -98.179986320126062, 18.402918339462598 ], [ -98.177399556795862, 18.405659956980116 ], [ -98.170673628522493, 18.405448495181002 ], [ -98.164166435478023, 18.415428757733125 ], [ -98.158381350975588, 18.418749720871347 ], [ -98.15311499480498, 18.417769703699776 ], [ -98.145789821160633, 18.423555266794377 ], [ -98.144191779088644, 18.421504768587546 ], [ -98.137481298815146, 18.424564414564276 ], [ -98.131799836996066, 18.424282462667399 ], [ -98.123737498372975, 18.419702708410007 ], [ -98.121861693033466, 18.421210374931253 ], [ -98.11690537862512, 18.418700966531912 ], [ -98.111721405799258, 18.420330283694206 ], [ -98.106247064421055, 18.417523782519154 ], [ -98.1059371103796, 18.419052145779506 ], [ -98.104391654789111, 18.417457633046048 ], [ -98.097397198586449, 18.420015036523708 ], [ -98.098864663794203, 18.427572849914753 ], [ -98.107322135783221, 18.42851406725833 ], [ -98.115075574362507, 18.434540068067328 ], [ -98.124466401710237, 18.435120156994767 ], [ -98.126091563908858, 18.440865140366469 ], [ -98.122192910852021, 18.453894172246006 ] ] ] } },
{ "type": "Feature", "properties": { "cve_edo": "21", "cve_mpo_ine": "148", "cve_edo_mpo_ine": "21148", "nom_mpo": "SANTA ISABEL CHOLULA", "nom_edo": "Puebla", "alianza_ganadora": "Juntos Haremos Historia", "margen_pp": 30.550918196994992, "por_participacion": 51.944995044598606 }, "geometry": { "type": "Polygon", "coordinates": [ [ [ -98.405699791409475, 18.951587841657641 ], [ -98.41501950380605, 18.961880838151036 ], [ -98.40939663191746, 18.971913002993343 ], [ -98.406547355276302, 18.989091798302642 ], [ -98.415948958806126, 19.006586623438025 ], [ -98.405534686623085, 19.01209876532954 ], [ -98.401037723296483, 19.007949300983839 ], [ -98.397900803924358, 19.007642771840239 ], [ -98.396696551376053, 19.009972948905663 ], [ -98.391205006318216, 19.007334606875613 ], [ -98.38330208021209, 18.996843366401009 ], [ -98.379120065089566, 19.000417370231663 ], [ -98.37562195094722, 18.99748411133514 ], [ -98.362759297135256, 18.993886022513646 ], [ -98.354707476202677, 18.997462647537763 ], [ -98.352000227868558, 18.993295762129886 ], [ -98.353930783020274, 18.99262115857336 ], [ -98.346188153120011, 18.981318911698366 ], [ -98.340290643757683, 18.980281825830691 ], [ -98.344871747562465, 18.976853475761981 ], [ -98.353078118766604, 18.975152948721004 ], [ -98.351038719491683, 18.970506741420529 ], [ -98.354348896570315, 18.968622059894624 ], [ -98.358096102917315, 18.971560719768974 ], [ -98.363496559478463, 18.967519049032447 ], [ -98.365168426347665, 18.949697197163982 ], [ -98.370075800280873, 18.949101319192959 ], [ -98.369116931747257, 18.934936563375924 ], [ -98.365421084451143, 18.92850087902044 ], [ -98.367371186468588, 18.924838995558062 ], [ -98.372662552510022, 18.922881597486967 ], [ -98.374724006493324, 18.912971173870744 ], [ -98.378237213648575, 18.910568736972014 ], [ -98.37982548125153, 18.903068427813437 ], [ -98.38328064100979, 18.903296154596415 ], [ -98.385599362958203, 18.91041244466776 ], [ -98.383467687974502, 18.911647163550956 ], [ -98.384428638773059, 18.917618646960449 ], [ -98.388995649911053, 18.920538049493235 ], [ -98.385787444980608, 18.934431970454998 ], [ -98.39365460344591, 18.942166778551758 ], [ -98.38910002332463, 18.942418530588089 ], [ -98.387431347771169, 18.957240697888281 ], [ -98.389379706230017, 18.952066846647234 ], [ -98.405699791409475, 18.951587841657641 ] ] ] } },
{ "type": "Feature", "properties": { "cve_edo": "21", "cve_mpo_ine": "149", "cve_edo_mpo_ine": "21149", "nom_mpo": "SANTIAGO MIAHUATLAN", "nom_edo": "Puebla", "alianza_ganadora": "Juntos Haremos Historia", "margen_pp": 59.481550677253622, "por_participacion": 66.739401496259347 }, "geometry": { "type": "Polygon", "coordinates": [ [ [ -97.43260969279153, 18.492403294483893 ], [ -97.443780357064568, 18.494369258706516 ], [ -97.442493791946774, 18.504329766280506 ], [ -97.451291329134719, 18.508788265178399 ], [ -97.45332691319841, 18.507819814304909 ], [ -97.452252039572173, 18.531275302783119 ], [ -97.467924700709673, 18.541853077370082 ], [ -97.46852876694463, 18.544332333772044 ], [ -97.472891333350972, 18.544821225891109 ], [ -97.475053524710717, 18.549973782368689 ], [ -97.474113975744373, 18.554467873864745 ], [ -97.481696312618382, 18.562068169873029 ], [ -97.481132003539102, 18.566983521318772 ], [ -97.484002338713722, 18.567037016629126 ], [ -97.482587103614833, 18.576929206757043 ], [ -97.491792295789324, 18.592362288017512 ], [ -97.488541570480564, 18.596547623151487 ], [ -97.483910687502259, 18.598103312433885 ], [ -97.463401804213518, 18.592804421471921 ], [ -97.461709601307589, 18.596222297193531 ], [ -97.456125667131531, 18.596383335236915 ], [ -97.453793296895441, 18.5998100826456 ], [ -97.443500500907845, 18.600284879014662 ], [ -97.441574459388903, 18.603664395817599 ], [ -97.431753433380877, 18.608312460148976 ], [ -97.431300029014778, 18.605338588254973 ], [ -97.427444667159818, 18.604398611225911 ], [ -97.424228103250556, 18.599600369811132 ], [ -97.427546232529735, 18.595912045489758 ], [ -97.42950233497325, 18.586944469083882 ], [ -97.407006956952557, 18.580880812157055 ], [ -97.399290621332597, 18.575843956345018 ], [ -97.413267534875729, 18.571346833388958 ], [ -97.414150052370971, 18.562446747096878 ], [ -97.418997199009638, 18.560077898028386 ], [ -97.420082053223666, 18.557178557253785 ], [ -97.420356732133499, 18.554198081860889 ], [ -97.416691057130052, 18.549694250161501 ], [ -97.406989455472825, 18.552817641764708 ], [ -97.407436785188182, 18.561673684506712 ], [ -97.400407627257621, 18.567440194158575 ], [ -97.39157454767431, 18.571016273622703 ], [ -97.386624009810575, 18.576157483594962 ], [ -97.379900650763432, 18.57327269655503 ], [ -97.376001973520346, 18.580812121709023 ], [ -97.372180740879031, 18.580073954841581 ], [ -97.363479435233074, 18.587455944910328 ], [ -97.352567646996249, 18.592275194326835 ], [ -97.348518947614551, 18.592447410340313 ], [ -97.341177316539031, 18.58799649992989 ], [ -97.343314792668608, 18.57440938545275 ], [ -97.35413104712498, 18.565191994397605 ], [ -97.355748005424388, 18.551174864370086 ], [ -97.371718074615274, 18.550926707587585 ], [ -97.380838079984059, 18.543010769412916 ], [ -97.391475843085885, 18.53871659332799 ], [ -97.392678545570405, 18.520345393127123 ], [ -97.390923785637682, 18.512289086535212 ], [ -97.39339092339614, 18.504318909750396 ], [ -97.4012322549667, 18.500606639469382 ], [ -97.410106724960812, 18.52344581342453 ], [ -97.41213708968472, 18.525125387028655 ], [ -97.414515248827797, 18.52401593198157 ], [ -97.414117520312828, 18.521952532051039 ], [ -97.423167499571036, 18.524750740914801 ], [ -97.430099664396209, 18.507994523446296 ], [ -97.43260969279153, 18.492403294483893 ] ] ] } },
{ "type": "Feature", "properties": { "cve_edo": "21", "cve_mpo_ine": "150", "cve_edo_mpo_ine": "21150", "nom_mpo": "SANTO TOMAS HUEYOTLIPAN", "nom_edo": "Puebla", "alianza_ganadora": "Juntos Haremos Historia", "margen_pp": 45.602365114560236, "por_participacion": 63.981715006305173 }, "geometry": { "type": "Polygon", "coordinates": [ [ [ -97.894192218875773, 18.878005227495319 ], [ -97.892276307474816, 18.890854394366531 ], [ -97.878885775028181, 18.898285625378911 ], [ -97.878766109138553, 18.908325456522057 ], [ -97.874361622357597, 18.90683594679658 ], [ -97.858189435822112, 18.909017022492822 ], [ -97.85656512856265, 18.911742934100861 ], [ -97.850714421343071, 18.905294087005668 ], [ -97.837555416758789, 18.898765909474889 ], [ -97.844702817229546, 18.879327071552925 ], [ -97.848932611326745, 18.87794173019984 ], [ -97.85357241946258, 18.870631584058128 ], [ -97.865628632192966, 18.863903779570951 ], [ -97.878665720705158, 18.866182603897634 ], [ -97.881734331557709, 18.873703602017255 ], [ -97.892107274413434, 18.873997126583898 ], [ -97.894192218875773, 18.878005227495319 ] ] ] } },
{ "type": "Feature", "properties": { "cve_edo": "21", "cve_mpo_ine": "151", "cve_edo_mpo_ine": "21151", "nom_mpo": "SOLTEPEC", "nom_edo": "Puebla", "alianza_ganadora": "Juntos Haremos Historia", "margen_pp": 9.1574437700821143, "por_participacion": 61.203976838195132 }, "geometry": { "type": "Polygon", "coordinates": [ [ [ -97.772968451268753, 19.15647563117027 ], [ -97.773926309267196, 19.153407846991932 ], [ -97.768648469909778, 19.143535679061312 ], [ -97.761762934711271, 19.152982462050755 ], [ -97.763776683496445, 19.156518942252397 ], [ -97.761175572540694, 19.158196283179183 ], [ -97.756019683392736, 19.177754376603986 ], [ -97.751693212422751, 19.175685678429243 ], [ -97.747136742035067, 19.185523867931483 ], [ -97.728751551628648, 19.170248202481165 ], [ -97.719049120448958, 19.158144666339417 ], [ -97.715696933838373, 19.161472276074797 ], [ -97.714994714646622, 19.167226858025856 ], [ -97.710335821109311, 19.172988079938126 ], [ -97.707628626769534, 19.181170145445439 ], [ -97.694898051561736, 19.158760562433624 ], [ -97.708344711530643, 19.158092102229769 ], [ -97.707194290420162, 19.156880082118033 ], [ -97.712101634836685, 19.149629105189934 ], [ -97.709518546863166, 19.146415182636446 ], [ -97.714324737155437, 19.143100435265534 ], [ -97.694668417989192, 19.142512473355723 ], [ -97.674705030892468, 19.138148269318307 ], [ -97.686479561647133, 19.135974309112523 ], [ -97.693061404768272, 19.124552918794841 ], [ -97.694981520493855, 19.127118922382312 ], [ -97.696805709677648, 19.123670999901861 ], [ -97.702418731076378, 19.122043333545314 ], [ -97.711545549297753, 19.113410085438243 ], [ -97.711579076742296, 19.111277723060066 ], [ -97.69433180067287, 19.10409079018908 ], [ -97.686789415538158, 19.0971025577715 ], [ -97.680329412540516, 19.086932532065937 ], [ -97.682370570038074, 19.081107150894415 ], [ -97.68899182028288, 19.076524400530346 ], [ -97.689901758895004, 19.07839748072962 ], [ -97.702308900071557, 19.081822884137349 ], [ -97.701724621114948, 19.076720068763773 ], [ -97.709694592725668, 19.071029427016448 ], [ -97.713907227010807, 19.080152248062848 ], [ -97.724750488778028, 19.078729774913345 ], [ -97.738996267122104, 19.060591520653929 ], [ -97.743946970190464, 19.059805209224102 ], [ -97.752851627920023, 19.064523325624936 ], [ -97.762202061613465, 19.065597644088285 ], [ -97.774436224398698, 19.080124091470086 ], [ -97.785128786601405, 19.086472165670379 ], [ -97.795899438530952, 19.107906442443102 ], [ -97.805211061884876, 19.112386859336279 ], [ -97.80567991725168, 19.124216721746677 ], [ -97.808660977597228, 19.131216004508719 ], [ -97.805503081061801, 19.140836099243103 ], [ -97.812041826944366, 19.148669894189748 ], [ -97.810345195184368, 19.153357066113806 ], [ -97.800712014255936, 19.155721297311683 ], [ -97.795744957545011, 19.164903393483733 ], [ -97.79169806693055, 19.167421440133296 ], [ -97.782031361349382, 19.166601978729396 ], [ -97.772968451268753, 19.15647563117027 ] ] ] } },
{ "type": "Feature", "properties": { "cve_edo": "21", "cve_mpo_ine": "152", "cve_edo_mpo_ine": "21152", "nom_mpo": "TECALI DE HERRERA", "nom_edo": "Puebla", "alianza_ganadora": "Juntos Haremos Historia", "margen_pp": 19.913419913419915, "por_participacion": 62.649006622516559 }, "geometry": { "type": "Polygon", "coordinates": [ [ [ -97.956482538569347, 18.960517898107387 ], [ -97.952183254699307, 18.959770396204839 ], [ -97.955258016858835, 18.964880832446184 ], [ -97.962994332383843, 18.963975897918232 ], [ -97.966900824758554, 18.967537478093931 ], [ -97.962561721807731, 18.979754926910228 ], [ -97.965927005674402, 18.988318106454713 ], [ -97.962025651490151, 18.989561875862105 ], [ -97.945076347245035, 18.972195813388467 ], [ -97.947461423934385, 18.960466118783003 ], [ -97.941406333394923, 18.961916717379697 ], [ -97.938786711791664, 18.965315330667181 ], [ -97.933080795843736, 18.96726302983274 ], [ -97.930752122480627, 18.971324697159027 ], [ -97.928015436165126, 18.971573119306811 ], [ -97.929004818172771, 18.965729122336629 ], [ -97.937853375951917, 18.953005337800146 ], [ -97.927256632503742, 18.947533481793485 ], [ -97.921434787242291, 18.949688074848975 ], [ -97.914739414875385, 18.940237053990661 ], [ -97.914416712539804, 18.936461536251855 ], [ -97.928186906979334, 18.933524281512561 ], [ -97.930514983129271, 18.92867510133204 ], [ -97.923005150278499, 18.922830255240846 ], [ -97.908568966102933, 18.919429326090587 ], [ -97.911891944870476, 18.910928600249111 ], [ -97.897322256598585, 18.894379834621805 ], [ -97.892347239457322, 18.891997651857505 ], [ -97.892045764259976, 18.886433423669335 ], [ -97.900231056354642, 18.869858278608596 ], [ -97.905147698972087, 18.86611020261525 ], [ -97.909755381805681, 18.869540098742274 ], [ -97.910823184974731, 18.863085434515209 ], [ -97.907745898062018, 18.862339463427922 ], [ -97.904927884582918, 18.852269387814562 ], [ -97.920774855073233, 18.846925011025331 ], [ -97.919914896542181, 18.841037175465949 ], [ -97.92334655423376, 18.835741232374655 ], [ -97.924210506712768, 18.827687286931685 ], [ -97.931722138612585, 18.822127597118673 ], [ -97.92715543732713, 18.812996891948401 ], [ -97.931475912312095, 18.80725611717321 ], [ -97.933511466068438, 18.810153006204104 ], [ -97.943440565006313, 18.809327388804029 ], [ -97.944762828867155, 18.811411061358758 ], [ -97.942072223000821, 18.812584187764777 ], [ -97.94455968254951, 18.815016336315992 ], [ -97.946931093569901, 18.815008741092743 ], [ -97.947894667344443, 18.811760269332783 ], [ -97.94874709250557, 18.81596460971188 ], [ -97.950333289731816, 18.814565881887511 ], [ -97.954994143539295, 18.815959535165575 ], [ -97.950035457824868, 18.823885192466889 ], [ -97.954968823803398, 18.824569566592199 ], [ -97.961834649871392, 18.821405684326194 ], [ -97.968005395124052, 18.830259670766523 ], [ -97.974621171577283, 18.823913316090778 ], [ -97.977935609655304, 18.82943226729412 ], [ -97.978869756079121, 18.827384593109166 ], [ -97.982787542303939, 18.829124205338935 ], [ -97.99070482663646, 18.826392628744699 ], [ -97.999597259595234, 18.828110677182735 ], [ -98.006059754312759, 18.825036353665073 ], [ -98.00817578145822, 18.835961019931585 ], [ -98.011235178757701, 18.828528888523277 ], [ -98.014269522683307, 18.827223348365397 ], [ -98.011717226826391, 18.831706005941246 ], [ -98.018782514565302, 18.832012790130499 ], [ -98.020339248017535, 18.838934029642619 ], [ -98.023083028595366, 18.8351922889923 ], [ -98.025183375588952, 18.838293899243247 ], [ -98.028793012534408, 18.836851824701725 ], [ -98.030766398202459, 18.848979732786777 ], [ -98.02988955499481, 18.850985094434574 ], [ -98.025815386167977, 18.84999477707521 ], [ -98.016008110227133, 18.858314160129634 ], [ -98.017107821452143, 18.863092598277674 ], [ -98.015309862409964, 18.867683576705065 ], [ -98.022735343814276, 18.875599008229397 ], [ -98.045190262113678, 18.886146882080251 ], [ -98.057252712895817, 18.886211088595054 ], [ -98.065472953681677, 18.881607316648651 ], [ -98.065475227429076, 18.88640890000578 ], [ -98.061430560880169, 18.891379302560463 ], [ -98.07414459618191, 18.900049701543306 ], [ -98.071601626397651, 18.902546093899691 ], [ -98.066818563109052, 18.901033566641757 ], [ -98.060808740622434, 18.903769092920179 ], [ -98.041306334982394, 18.903851159989365 ], [ -98.048527503337823, 18.91276346440069 ], [ -98.052253849386403, 18.923115576217132 ], [ -98.041038900854289, 18.918965205785941 ], [ -98.028238558176184, 18.918614317877871 ], [ -98.014642220212167, 18.923618876072933 ], [ -98.010918554285666, 18.92282773641249 ], [ -98.004638880842165, 18.926436222104989 ], [ -97.997662404938339, 18.925174768229773 ], [ -97.992788868142767, 18.929498503672729 ], [ -97.990586350229776, 18.92697814162398 ], [ -97.975855788980013, 18.923393905609622 ], [ -97.98255942092797, 18.932567678658209 ], [ -97.988328056251703, 18.936545357002995 ], [ -97.98806270178639, 18.939945019105618 ], [ -97.996943162502902, 18.943319503828917 ], [ -97.995194444444294, 18.948916666692298 ], [ -97.980444444444302, 18.951472222247883 ], [ -97.974740895190536, 18.956488982595538 ], [ -97.972210271762151, 18.962005167738411 ], [ -97.959235300580005, 18.956892937799203 ], [ -97.956482538569347, 18.960517898107387 ] ] ] } },
{ "type": "Feature", "properties": { "cve_edo": "21", "cve_mpo_ine": "153", "cve_edo_mpo_ine": "21153", "nom_mpo": "TECAMACHALCO", "nom_edo": "Puebla", "alianza_ganadora": "Juntos Haremos Historia", "margen_pp": 24.315585255442983, "por_participacion": 58.298773810164981 }, "geometry": { "type": "Polygon", "coordinates": [ [ [ -97.746958133215585, 18.954854764593424 ], [ -97.721920670729659, 18.946325274759349 ], [ -97.723307643630832, 18.937933109892228 ], [ -97.724995001291418, 18.93837231898565 ], [ -97.725699085050223, 18.935559024825039 ], [ -97.715858789057037, 18.920702079711013 ], [ -97.695249024539578, 18.912433594089219 ], [ -97.69348925468789, 18.907694476216172 ], [ -97.682129679215933, 18.908403172005297 ], [ -97.672364231839637, 18.904677273160541 ], [ -97.676679975588243, 18.895466388125467 ], [ -97.669809478685238, 18.89239305934144 ], [ -97.676012146819602, 18.880637913909982 ], [ -97.662240300796384, 18.871529830703711 ], [ -97.654910548846189, 18.859619674320687 ], [ -97.643471336589784, 18.857216545425924 ], [ -97.642768168723762, 18.851540464483005 ], [ -97.631093337446359, 18.845282641106198 ], [ -97.625060506609842, 18.84920065384884 ], [ -97.622998525379344, 18.841014785799803 ], [ -97.625975337229434, 18.836016305833645 ], [ -97.64528183238852, 18.822434605347315 ], [ -97.650671521837793, 18.823020624217385 ], [ -97.6540622879468, 18.819847688068368 ], [ -97.658003117424499, 18.820277339280718 ], [ -97.663764508758078, 18.81671526477799 ], [ -97.663098608333414, 18.820284633841954 ], [ -97.658383639003162, 18.824378556957583 ], [ -97.670837410551187, 18.824916607782473 ], [ -97.681219512193067, 18.819954768717622 ], [ -97.687710103812577, 18.820615120685314 ], [ -97.690005867162995, 18.825159178162654 ], [ -97.7008352301023, 18.825291843070389 ], [ -97.708043507516521, 18.821718336224833 ], [ -97.712679755304805, 18.822183457696958 ], [ -97.709703439421077, 18.812504205439474 ], [ -97.715926048300958, 18.808854302884473 ], [ -97.730621015773295, 18.793868996908085 ], [ -97.724864090572254, 18.790883625269799 ], [ -97.724437780479022, 18.788399430605217 ], [ -97.740594512631858, 18.769541266050183 ], [ -97.747652807078794, 18.774927444991604 ], [ -97.754045823730479, 18.771150525160031 ], [ -97.762949783570747, 18.77655793051003 ], [ -97.770644690498656, 18.776045837189915 ], [ -97.772451879188125, 18.777483514067011 ], [ -97.771612249226735, 18.780764540241112 ], [ -97.781068008596336, 18.778750547346714 ], [ -97.783302039260377, 18.783106984374701 ], [ -97.771755882787531, 18.806402375842737 ], [ -97.788144043120212, 18.813567387678283 ], [ -97.802265050242454, 18.828121555868876 ], [ -97.789909257642933, 18.846537299874711 ], [ -97.791182395142926, 18.84827372854409 ], [ -97.802773547703424, 18.844235118135359 ], [ -97.799988004335887, 18.849727684902412 ], [ -97.80375272124374, 18.851466199113922 ], [ -97.78795309239247, 18.895576808692574 ], [ -97.778405460715334, 18.888578195194199 ], [ -97.772050260971724, 18.897164003923212 ], [ -97.764099762907506, 18.895563509822573 ], [ -97.765021192852373, 18.901609065874631 ], [ -97.762052143798442, 18.913320397264108 ], [ -97.753835823833541, 18.921297054773387 ], [ -97.752931233517586, 18.937387388986174 ], [ -97.746885910922089, 18.948705774873279 ], [ -97.746958133215585, 18.954854764593424 ] ] ] } },
{ "type": "Feature", "properties": { "cve_edo": "21", "cve_mpo_ine": "154", "cve_edo_mpo_ine": "21154", "nom_mpo": "TECOMATLAN", "nom_edo": "Puebla", "alianza_ganadora": "Va por México", "margen_pp": 35.745614035087719, "por_participacion": 47.5 }, "geometry": { "type": "MultiPolygon", "coordinates": [ [ [ [ -98.29479294188647, 17.964324778028178 ], [ -98.292730056760661, 17.970501602848444 ], [ -98.281051517149919, 17.973488583952314 ], [ -98.253425598916863, 17.973259731099976 ], [ -98.251528182791844, 17.970679095405949 ], [ -98.253452448126623, 17.966868023019774 ], [ -98.248064993952553, 17.958919720534006 ], [ -98.251460123702287, 17.944728129790668 ], [ -98.250016459543005, 17.9410833047755 ], [ -98.26100255935846, 17.934581853652094 ], [ -98.26256554189159, 17.928505801268376 ], [ -98.268289510643186, 17.924593618380559 ], [ -98.273897014198354, 17.922749244765523 ], [ -98.282679902913713, 17.935599482225189 ], [ -98.291700758806172, 17.9209410523641 ], [ -98.298574443761183, 17.923506486749353 ], [ -98.294531044109746, 17.932242560359018 ], [ -98.298635603285959, 17.930351688210038 ], [ -98.299496718403716, 17.940221433387144 ], [ -98.303200204548148, 17.945629357239035 ], [ -98.308865645237177, 17.945893872803492 ], [ -98.312911367159458, 17.958480988261147 ], [ -98.304355036381196, 17.956181265465062 ], [ -98.299903070871991, 17.957864390401156 ], [ -98.299093078188591, 17.961460946170472 ], [ -98.29479294188647, 17.964324778028178 ] ] ], [ [ [ -98.270787558042301, 18.062186280648525 ], [ -98.27535634603629, 18.066088736729863 ], [ -98.284844171932917, 18.064421512884596 ], [ -98.291438606325826, 18.066178637244114 ], [ -98.295489399376635, 18.059902957946683 ], [ -98.308833333333268, 18.056027777796388 ], [ -98.313, 18.048694444463013 ], [ -98.326861065138687, 18.043339511388915 ], [ -98.325687001008845, 18.032894624836903 ], [ -98.321985178147614, 18.034787118310721 ], [ -98.31894062421236, 18.031418278312046 ], [ -98.315218171604428, 18.031541366033263 ], [ -98.322561598081933, 18.018197306144192 ], [ -98.321925561234096, 18.015051643860293 ], [ -98.317166666666608, 18.012055555573834 ], [ -98.317222222222142, 18.00266666668492 ], [ -98.322912035102405, 18.000000250359413 ], [ -98.320772674001788, 17.993747847699876 ], [ -98.314527777777712, 17.990138888907016 ], [ -98.32210295130632, 17.98713287963227 ], [ -98.326092914592664, 17.983048697850052 ], [ -98.340602425128324, 17.987412601535294 ], [ -98.349507048660627, 17.983837576749266 ], [ -98.346500546087981, 17.987221651655549 ], [ -98.347310771628756, 17.993842552067829 ], [ -98.341991135735739, 18.000157402007105 ], [ -98.347138431160232, 18.005300760303793 ], [ -98.350665683134636, 18.001711240512446 ], [ -98.356680601638899, 18.00586384915648 ], [ -98.365698569637473, 18.001126757045558 ], [ -98.365880112607741, 18.005493609956865 ], [ -98.360499896008577, 18.010026663712882 ], [ -98.358648382598119, 18.015259336390283 ], [ -98.355117762516798, 18.01512258781699 ], [ -98.350612246760178, 18.024644521845307 ], [ -98.354254552107065, 18.026789166433129 ], [ -98.359234581295297, 18.036253413405543 ], [ -98.370574328133628, 18.049230670277584 ], [ -98.36472934652916, 18.059000089292606 ], [ -98.375205904182138, 18.065210144261247 ], [ -98.381572590443852, 18.076312572783866 ], [ -98.384930479999142, 18.089366114879713 ], [ -98.379158787974688, 18.093030232617927 ], [ -98.369331986826282, 18.095217721735253 ], [ -98.367660809276558, 18.098700746092 ], [ -98.364305887219501, 18.09815736446593 ], [ -98.363847629202695, 18.100812053314289 ], [ -98.355469407048943, 18.105157951681246 ], [ -98.357614792685155, 18.108687129501298 ], [ -98.356349272066396, 18.112917331793991 ], [ -98.351266572866692, 18.11710117750463 ], [ -98.348105576520069, 18.129916884619657 ], [ -98.344118286868465, 18.132234980124842 ], [ -98.336968236949687, 18.130509662322641 ], [ -98.340671890156514, 18.126920935810233 ], [ -98.337546778847454, 18.12182430186208 ], [ -98.331296841835879, 18.12900478552368 ], [ -98.326840738622792, 18.129736937986948 ], [ -98.326898773141181, 18.125724564373051 ], [ -98.330660383388448, 18.122467125375191 ], [ -98.324352938785225, 18.117485506108192 ], [ -98.318276807320061, 18.118337001458872 ], [ -98.314557682449433, 18.122576947033117 ], [ -98.30954362018808, 18.122732309264133 ], [ -98.304735574073234, 18.119952632729884 ], [ -98.30022161907786, 18.121345863852486 ], [ -98.297848591517692, 18.123448545817418 ], [ -98.297963991242227, 18.125103532992302 ], [ -98.300452439938596, 18.124779935688906 ], [ -98.298368323052102, 18.128827680185349 ], [ -98.29223366460019, 18.130381387812353 ], [ -98.292410833932124, 18.115283280570242 ], [ -98.288244251144647, 18.116139507757961 ], [ -98.288766624956409, 18.109936154120852 ], [ -98.269381894638414, 18.110497555129328 ], [ -98.263830433232201, 18.101586587431974 ], [ -98.250059376444668, 18.101749879949537 ], [ -98.252490604137961, 18.099441146531856 ], [ -98.250929759089104, 18.096457824338771 ], [ -98.24008333333326, 18.090750000018883 ], [ -98.24030555555548, 18.081944444463257 ], [ -98.236877604091376, 18.082306710589243 ], [ -98.23051618077487, 18.077818346280292 ], [ -98.233989941225389, 18.073196779371901 ], [ -98.239080730327203, 18.073502946353216 ], [ -98.240817718667756, 18.065825130192533 ], [ -98.245077187783053, 18.067511374230666 ], [ -98.256905056083923, 18.05953692451871 ], [ -98.270787558042301, 18.062186280648525 ] ] ] ] } },
{ "type": "Feature", "properties": { "cve_edo": "21", "cve_mpo_ine": "155", "cve_edo_mpo_ine": "21155", "nom_mpo": "TEHUACAN", "nom_edo": "Puebla", "alianza_ganadora": "Juntos Haremos Historia", "margen_pp": 27.274836165400451, "por_participacion": 45.163965914646923 }, "geometry": { "type": "Polygon", "coordinates": [ [ [ -97.562189295436596, 18.323865919906755 ], [ -97.572835704280934, 18.323802474922164 ], [ -97.589011094512657, 18.329309365167251 ], [ -97.588861639422433, 18.33583386025445 ], [ -97.582382237109613, 18.344274337768457 ], [ -97.591277573638834, 18.360187738331877 ], [ -97.597198420876552, 18.365755655261726 ], [ -97.606324119924722, 18.387093764138985 ], [ -97.603631101600683, 18.389236726951879 ], [ -97.610039033008036, 18.390801432316682 ], [ -97.6095521250042, 18.403901171042467 ], [ -97.622004498374807, 18.427957134529745 ], [ -97.617334118196226, 18.433495044522772 ], [ -97.612166666666482, 18.432583333354653 ], [ -97.607861111110935, 18.435472222243611 ], [ -97.605651771141495, 18.43335608891816 ], [ -97.603089034783693, 18.442955050779759 ], [ -97.585749999999834, 18.472444444466117 ], [ -97.594011847807181, 18.470792194093097 ], [ -97.602988067781212, 18.473095378793051 ], [ -97.607536647780194, 18.4670790133945 ], [ -97.61154255768264, 18.470762868159717 ], [ -97.62153749612996, 18.471713307578298 ], [ -97.622757971378633, 18.47849383568737 ], [ -97.620221257626341, 18.48268564164038 ], [ -97.626808265923373, 18.484363571225977 ], [ -97.629401308439583, 18.482917314440098 ], [ -97.635809580994106, 18.487043624133197 ], [ -97.638045392699226, 18.499014834073595 ], [ -97.636554687622819, 18.510919495153122 ], [ -97.633146858784457, 18.512252280898235 ], [ -97.625610698740587, 18.510274455250428 ], [ -97.618728772236636, 18.512716066966547 ], [ -97.609181951213529, 18.505220605172209 ], [ -97.606366596192416, 18.51087152830139 ], [ -97.594947394177552, 18.513255153931183 ], [ -97.593787470058402, 18.516997821900304 ], [ -97.597913580372207, 18.52028982565901 ], [ -97.601830323175392, 18.52923932071494 ], [ -97.59615055830902, 18.536894590631473 ], [ -97.59175611328655, 18.538532448334191 ], [ -97.572597808024639, 18.533846692815352 ], [ -97.557058190064438, 18.540572531754862 ], [ -97.5552056345729, 18.537515564750393 ], [ -97.53129140044453, 18.53724119757349 ], [ -97.517844038481158, 18.528044817626981 ], [ -97.518432559545374, 18.522566111547668 ], [ -97.532126358648, 18.513220901775391 ], [ -97.547746006699754, 18.511545861701688 ], [ -97.546179522875647, 18.499239533786547 ], [ -97.556434230480193, 18.49854587745374 ], [ -97.56610393777467, 18.492319681340987 ], [ -97.586446019663285, 18.487922824802553 ], [ -97.587163826969388, 18.485594131749131 ], [ -97.57916854256041, 18.476812024844364 ], [ -97.569880824027791, 18.477859099340442 ], [ -97.561445113403465, 18.474091515512711 ], [ -97.552966087510754, 18.47479478886628 ], [ -97.546922945473327, 18.464327267216753 ], [ -97.537623808375386, 18.468229148284436 ], [ -97.530285146308103, 18.467507503968125 ], [ -97.526227972617122, 18.46110869816204 ], [ -97.523341839807344, 18.462433549515925 ], [ -97.520515468716141, 18.460239037837489 ], [ -97.51917269482567, 18.463528471037705 ], [ -97.514029586671086, 18.461905329578091 ], [ -97.51179727805625, 18.460488633182379 ], [ -97.513549082400402, 18.457317562769077 ], [ -97.510870037948436, 18.449781054279644 ], [ -97.509835051081396, 18.454142224363792 ], [ -97.503752295011139, 18.455554030021307 ], [ -97.504306053584969, 18.446501574882866 ], [ -97.499524163297949, 18.449260596686226 ], [ -97.499072411282242, 18.446452319771623 ], [ -97.493095370605417, 18.450842590148998 ], [ -97.479735161674483, 18.473401452608851 ], [ -97.474177544426169, 18.479064236639882 ], [ -97.456960382220885, 18.481782930713283 ], [ -97.4558096816058, 18.492750717448814 ], [ -97.46939382600209, 18.500208752325179 ], [ -97.477738278192845, 18.509321286430851 ], [ -97.506090567113489, 18.528885515255777 ], [ -97.507794764899515, 18.543321126751561 ], [ -97.506555555555337, 18.554972222244512 ], [ -97.494332106039948, 18.564079132271257 ], [ -97.481132003539102, 18.566983521318772 ], [ -97.481696312618382, 18.562068169873029 ], [ -97.474113975744373, 18.554467873864745 ], [ -97.475053524710717, 18.549973782368689 ], [ -97.472607466912422, 18.544386245054856 ], [ -97.46852876694463, 18.544332333772044 ], [ -97.467924700709673, 18.541853077370082 ], [ -97.452252039572159, 18.531275302783119 ], [ -97.45332691319841, 18.507819814304909 ], [ -97.451291329134719, 18.508788265178399 ], [ -97.442493791946774, 18.504329766280506 ], [ -97.444767843673944, 18.494705019934095 ], [ -97.43260969279153, 18.492403294483893 ], [ -97.430099664396209, 18.507994523446296 ], [ -97.423167499571036, 18.524750740914801 ], [ -97.414117520312828, 18.521952532051039 ], [ -97.414515248827797, 18.52401593198157 ], [ -97.41213708968472, 18.525125387028655 ], [ -97.410106724960812, 18.52344581342453 ], [ -97.4012322549667, 18.500606639469382 ], [ -97.393283689401386, 18.504425499250274 ], [ -97.390923785637682, 18.512289086535212 ], [ -97.392678545570405, 18.520345393127123 ], [ -97.391475843085885, 18.53871659332799 ], [ -97.380838079984059, 18.543010769412916 ], [ -97.371718074615274, 18.550926707587585 ], [ -97.355748005424388, 18.551174864370086 ], [ -97.35413104712498, 18.565191994397605 ], [ -97.343314792668608, 18.57440938545275 ], [ -97.340817552676597, 18.587462489388169 ], [ -97.329690326045508, 18.586062479050838 ], [ -97.314380896948251, 18.590762002237827 ], [ -97.317577544976132, 18.580700606023193 ], [ -97.311476618617036, 18.574253376668594 ], [ -97.306227595137472, 18.577737287941133 ], [ -97.305324469930014, 18.583077288633334 ], [ -97.302442933435785, 18.58564722762868 ], [ -97.297477987010893, 18.588013049950664 ], [ -97.292779512802412, 18.584874146423662 ], [ -97.288907792447745, 18.585831169308442 ], [ -97.288226499450218, 18.588977334894114 ], [ -97.277635113668325, 18.596923056050478 ], [ -97.261426320212706, 18.587340085071581 ], [ -97.255161907800769, 18.586829881196934 ], [ -97.243312672274612, 18.600230490591521 ], [ -97.237983921865819, 18.602575535002295 ], [ -97.221554319712538, 18.596306252777335 ], [ -97.234036349867253, 18.580666013244571 ], [ -97.237302977440905, 18.567138687405826 ], [ -97.247680754491199, 18.566760380117856 ], [ -97.254647049638336, 18.569588798433244 ], [ -97.264091795945347, 18.567390018846371 ], [ -97.269263857453183, 18.552947935223823 ], [ -97.29177165736607, 18.532084592500524 ], [ -97.292800316908995, 18.524823398636133 ], [ -97.29978849897519, 18.522293393554222 ], [ -97.307938981135848, 18.523777307333383 ], [ -97.313320363075334, 18.527931291822494 ], [ -97.317767788476488, 18.526577108236442 ], [ -97.317353257511257, 18.520817102385113 ], [ -97.310521003528024, 18.512941045811363 ], [ -97.310703755176036, 18.510460975254077 ], [ -97.321970256826305, 18.500458376311531 ], [ -97.322010238022443, 18.496354423805538 ], [ -97.314279899573179, 18.481285764896505 ], [ -97.3190027666368, 18.473911900634118 ], [ -97.316216663362383, 18.465602757260399 ], [ -97.307363735054579, 18.457200371195672 ], [ -97.304444444444215, 18.442611111132518 ], [ -97.313638888888661, 18.437277777799171 ], [ -97.31452777777757, 18.428055555576904 ], [ -97.324171866944624, 18.424962258542802 ], [ -97.317019135588708, 18.4121913539392 ], [ -97.297205800987598, 18.401432398358661 ], [ -97.310950934856947, 18.394452666347501 ], [ -97.314936889285505, 18.395474016207817 ], [ -97.308773556461929, 18.391110086062518 ], [ -97.314190092236302, 18.371299181286993 ], [ -97.328186515962372, 18.370221249076611 ], [ -97.327600591306293, 18.362016160731685 ], [ -97.335916666666449, 18.362694444465241 ], [ -97.350805555555368, 18.364583333354105 ], [ -97.357686285889059, 18.37570626571851 ], [ -97.359933919859671, 18.373660174386771 ], [ -97.354222222222035, 18.3650000000208 ], [ -97.372967197803973, 18.366278131838641 ], [ -97.374810743900852, 18.364400331830186 ], [ -97.370123002892768, 18.359165838421415 ], [ -97.373356706852803, 18.359434795538807 ], [ -97.399957765270386, 18.378204947820269 ], [ -97.407495986527806, 18.391877397585883 ], [ -97.417923434999906, 18.394863317871796 ], [ -97.417388258133911, 18.400447982172288 ], [ -97.413361254556335, 18.403298284973271 ], [ -97.413360811315627, 18.407771183630203 ], [ -97.419141738116281, 18.412355558233557 ], [ -97.433638455540063, 18.418245879021963 ], [ -97.441964264065049, 18.418387265317179 ], [ -97.451757395417246, 18.425876486638753 ], [ -97.456640516585225, 18.419390926130735 ], [ -97.476646123581745, 18.415155106818474 ], [ -97.497121114614515, 18.405704062277636 ], [ -97.499551707610777, 18.39854435328153 ], [ -97.505933870365837, 18.395416692132397 ], [ -97.509778501189444, 18.388224295877933 ], [ -97.532481726291834, 18.369477507377251 ], [ -97.537171428992991, 18.36951359979513 ], [ -97.541286364966084, 18.365933840678263 ], [ -97.545798089706764, 18.369146329172349 ], [ -97.548501486557498, 18.353421497212437 ], [ -97.54661474489518, 18.343873158695246 ], [ -97.548349754206114, 18.335363589477854 ], [ -97.562189295436596, 18.323865919906755 ] ] ] } },
{ "type": "Feature", "properties": { "cve_edo": "21", "cve_mpo_ine": "156", "cve_edo_mpo_ine": "21156", "nom_mpo": "TEHUITZINGO", "nom_edo": "Puebla", "alianza_ganadora": "Juntos Haremos Historia", "margen_pp": 15.57935735150925, "por_participacion": 62.507608034083994 }, "geometry": { "type": "Polygon", "coordinates": [ [ [ -98.294063795006508, 18.409288524225762 ], [ -98.27798299416061, 18.405527393303199 ], [ -98.263785516849438, 18.409161172375089 ], [ -98.259802425706269, 18.412342106848861 ], [ -98.254770591489745, 18.411119315572652 ], [ -98.252217137308733, 18.406448268603551 ], [ -98.2530628563715, 18.398920493188633 ], [ -98.256469835701267, 18.395401115234762 ], [ -98.251202035940125, 18.385021512342416 ], [ -98.246482740076289, 18.382021391757487 ], [ -98.242624577820521, 18.384499418132361 ], [ -98.24147210242937, 18.388626864853993 ], [ -98.222854449501568, 18.388598316804625 ], [ -98.221429605006065, 18.395952894797446 ], [ -98.210459525279035, 18.401239052793144 ], [ -98.210940343280029, 18.404558752609564 ], [ -98.203188504809702, 18.40288565712434 ], [ -98.200655958431042, 18.40595965073209 ], [ -98.201084519994794, 18.39950371597623 ], [ -98.19618295786762, 18.400869128659963 ], [ -98.19183488176273, 18.396338102924805 ], [ -98.19594994075824, 18.388006046518367 ], [ -98.189092001304488, 18.375243466268849 ], [ -98.18767629740546, 18.367893977200744 ], [ -98.184237868558171, 18.364618912562097 ], [ -98.178544150904699, 18.36545657467094 ], [ -98.175396897996308, 18.362102282591454 ], [ -98.173166957170992, 18.364185778622481 ], [ -98.169997968240224, 18.357973178807718 ], [ -98.161581279650775, 18.354053167375596 ], [ -98.165507250840179, 18.350832120729937 ], [ -98.162315137228561, 18.346482972047159 ], [ -98.164094779553551, 18.334163132851831 ], [ -98.150734491661552, 18.331545147759996 ], [ -98.14644340144379, 18.322582802857223 ], [ -98.144760242743516, 18.310796893028151 ], [ -98.146843358534909, 18.307690459925876 ], [ -98.155470418377163, 18.309619183804791 ], [ -98.164384010236517, 18.304703041598017 ], [ -98.168145274405887, 18.300936425248405 ], [ -98.172132657271746, 18.286798776155479 ], [ -98.181396008357424, 18.289101107953542 ], [ -98.185624298926072, 18.293217476479381 ], [ -98.196502730019859, 18.285648924737735 ], [ -98.201480857910198, 18.285327528747889 ], [ -98.20263605034188, 18.281596191987205 ], [ -98.19840615265619, 18.275281421722003 ], [ -98.21027286264929, 18.275845398303037 ], [ -98.210964546611024, 18.271864131987503 ], [ -98.220168445693901, 18.272422030535783 ], [ -98.226885297549444, 18.275256382987887 ], [ -98.253615793231504, 18.262736450675842 ], [ -98.262578111954028, 18.25383287839216 ], [ -98.269297949149021, 18.259403880911503 ], [ -98.276380911114174, 18.278831868720037 ], [ -98.28204682524624, 18.272742861746739 ], [ -98.278159197769696, 18.264397473096906 ], [ -98.28399575314738, 18.25619283651768 ], [ -98.296670741677858, 18.255757069044495 ], [ -98.294310276894848, 18.260745095348639 ], [ -98.302989928748474, 18.262363724893948 ], [ -98.303318786196797, 18.265392318979405 ], [ -98.312314504969862, 18.268185973238879 ], [ -98.317050395558866, 18.260352002886503 ], [ -98.314844941181505, 18.255868100440154 ], [ -98.321273087056809, 18.258449818278262 ], [ -98.333881548043792, 18.251912856255721 ], [ -98.34106086702576, 18.253540752945696 ], [ -98.352476468310357, 18.2622268001126 ], [ -98.357502701603039, 18.256217589776004 ], [ -98.359021210933705, 18.264807424142905 ], [ -98.364480107798286, 18.275891416726207 ], [ -98.365479238048124, 18.285185837802274 ], [ -98.369884177005616, 18.288427254621205 ], [ -98.372606560185162, 18.289343264593057 ], [ -98.373289516152468, 18.282291214525134 ], [ -98.37658603497718, 18.280428189076172 ], [ -98.393851243236853, 18.288579316219142 ], [ -98.400737492335594, 18.287051647654877 ], [ -98.405604912475269, 18.289545969147174 ], [ -98.411335865008581, 18.289385821024787 ], [ -98.433418564654701, 18.302350770905012 ], [ -98.433078421710533, 18.305959906526159 ], [ -98.42589460703023, 18.303630092004209 ], [ -98.427411526026575, 18.309522744597988 ], [ -98.436213931098038, 18.310443339737937 ], [ -98.438421845902212, 18.314262124244305 ], [ -98.441201304413553, 18.31438895633001 ], [ -98.440857640231158, 18.316214127833494 ], [ -98.435351889244927, 18.313637144673805 ], [ -98.431360770651224, 18.315625019340096 ], [ -98.429560593837905, 18.312968183132835 ], [ -98.426732569478787, 18.31757073420243 ], [ -98.420590095974774, 18.314992742623911 ], [ -98.418626826128417, 18.317770532817558 ], [ -98.415963142025674, 18.317643484284048 ], [ -98.418807378179238, 18.32133864201764 ], [ -98.423905605708569, 18.322795552763822 ], [ -98.424015240950283, 18.326124935311512 ], [ -98.430805521186471, 18.327572974523928 ], [ -98.430813764448175, 18.33172174719024 ], [ -98.437769441552504, 18.335171371901712 ], [ -98.434594717103991, 18.340230088190324 ], [ -98.435888673618535, 18.350146767441448 ], [ -98.440993062476295, 18.354133993075983 ], [ -98.439617734164912, 18.361310168709231 ], [ -98.433890963436838, 18.364748620705811 ], [ -98.436401093559709, 18.374541893740084 ], [ -98.43351146130999, 18.377733866380034 ], [ -98.421104054774077, 18.371333300425434 ], [ -98.420314603854749, 18.382492647173219 ], [ -98.416675314710261, 18.387675016100761 ], [ -98.411177379310843, 18.390283220123116 ], [ -98.411718757186847, 18.401028964665809 ], [ -98.407492099487655, 18.402186277545294 ], [ -98.409870730868079, 18.40409713666013 ], [ -98.405711934955889, 18.410730780665954 ], [ -98.406298322552431, 18.414589696758519 ], [ -98.398087793598862, 18.42354215421485 ], [ -98.391255962198983, 18.426189763403279 ], [ -98.387281913331179, 18.439917423036828 ], [ -98.367011581341117, 18.445618243974813 ], [ -98.366380360302614, 18.449475714829411 ], [ -98.374273538409668, 18.457243513598407 ], [ -98.373120823802196, 18.461058882064247 ], [ -98.368540633660075, 18.459642664790543 ], [ -98.361307845567183, 18.466478777815148 ], [ -98.353604699214898, 18.469248288662019 ], [ -98.338709356052419, 18.467858836338884 ], [ -98.345038486186851, 18.476413856255398 ], [ -98.344520911820041, 18.479151247316459 ], [ -98.33408153965604, 18.473701841124971 ], [ -98.331419361816103, 18.476311644495738 ], [ -98.317798876615839, 18.475129809757899 ], [ -98.305226771793912, 18.478014309922465 ], [ -98.29506492912391, 18.47280565075831 ], [ -98.289136113458383, 18.473848696217033 ], [ -98.280363276830442, 18.463254639623095 ], [ -98.279967423394282, 18.457575235982087 ], [ -98.27601292818099, 18.458313074610647 ], [ -98.275390078569515, 18.447411963160487 ], [ -98.270638729669884, 18.437287832692043 ], [ -98.272328958700484, 18.436646172207976 ], [ -98.272923060289642, 18.440298501497605 ], [ -98.277567112274482, 18.435261635632706 ], [ -98.275166749286683, 18.432249577874277 ], [ -98.270764777556039, 18.431656325246326 ], [ -98.272483939978144, 18.428612678471737 ], [ -98.270275778201778, 18.424111843328873 ], [ -98.274000410252171, 18.41831803372602 ], [ -98.282129599331, 18.417673437874591 ], [ -98.278044384086272, 18.414889037883174 ], [ -98.278279667952603, 18.409797321293592 ], [ -98.286761346943564, 18.413588820595212 ], [ -98.294063795006508, 18.409288524225762 ] ] ] } },
{ "type": "Feature", "properties": { "cve_edo": "21", "cve_mpo_ine": "157", "cve_edo_mpo_ine": "21157", "nom_mpo": "TENAMPULCO", "nom_edo": "Puebla", "alianza_ganadora": "Juntos Haremos Historia", "margen_pp": 14.081826831588963, "por_participacion": 78.155791039226614 }, "geometry": { "type": "Polygon", "coordinates": [ [ [ -97.452253380586313, 20.240185015973534 ], [ -97.443512100663838, 20.236131311397482 ], [ -97.440129026116466, 20.239527076034445 ], [ -97.427906176150501, 20.242695161803081 ], [ -97.416585829573734, 20.238781486292488 ], [ -97.412454605568712, 20.234095709308235 ], [ -97.407244033829542, 20.233481166796025 ], [ -97.399215745579625, 20.239108774183059 ], [ -97.394594073118384, 20.246610887543195 ], [ -97.393650096616838, 20.253167299005096 ], [ -97.376209984845019, 20.252166720090653 ], [ -97.378528637585148, 20.249369037873546 ], [ -97.374972284063261, 20.243226771689827 ], [ -97.376687986099043, 20.238072462611569 ], [ -97.374153201773197, 20.235484789727074 ], [ -97.377385355697172, 20.229777909692277 ], [ -97.372786251815498, 20.217180359730264 ], [ -97.366075133875498, 20.211356770419439 ], [ -97.358222617571698, 20.209231493775103 ], [ -97.35296995063635, 20.202814118612718 ], [ -97.344596415961334, 20.201314575905002 ], [ -97.341778641507787, 20.191932822970372 ], [ -97.343625154546814, 20.188601058523162 ], [ -97.340927919576501, 20.187589188546951 ], [ -97.341963199711799, 20.185259262346754 ], [ -97.337916520446385, 20.175681263855932 ], [ -97.332800016904471, 20.171624298080086 ], [ -97.322086658446167, 20.170951374234154 ], [ -97.321891569437739, 20.166943883666736 ], [ -97.32699577848345, 20.160864204184989 ], [ -97.33083450819862, 20.159941794702977 ], [ -97.32432533668576, 20.156911256983356 ], [ -97.324945518968192, 20.15386362919897 ], [ -97.335298280446963, 20.152827504419594 ], [ -97.350798311973605, 20.144144954261744 ], [ -97.355460006703751, 20.147102790767025 ], [ -97.365006109078891, 20.148615538735232 ], [ -97.370251505869348, 20.154274772881173 ], [ -97.375554329535021, 20.152233416426718 ], [ -97.380690389877969, 20.144628802404135 ], [ -97.392283287074676, 20.151148324550174 ], [ -97.400187804766574, 20.147672417386673 ], [ -97.402373107395647, 20.149196034502868 ], [ -97.436749716782217, 20.150330964808134 ], [ -97.443021333390988, 20.144063366756434 ], [ -97.448845863057926, 20.144788825634254 ], [ -97.452086363506041, 20.148802474051472 ], [ -97.45264301928168, 20.139463589001284 ], [ -97.455262612739446, 20.137205489717328 ], [ -97.461361921995902, 20.13771829171154 ], [ -97.463914704291412, 20.141920531039062 ], [ -97.462428490777768, 20.148377780976304 ], [ -97.464052131309003, 20.151289328062909 ], [ -97.472863857705505, 20.151026402016967 ], [ -97.474539468549992, 20.157861219044904 ], [ -97.485754531052336, 20.157804689272435 ], [ -97.488892550712535, 20.16196868369537 ], [ -97.48691854609929, 20.171054630168545 ], [ -97.465423113348351, 20.180836905913214 ], [ -97.462410516402585, 20.191433903179757 ], [ -97.465787023970393, 20.203875661346888 ], [ -97.463269759280394, 20.213116153869702 ], [ -97.46504691941081, 20.218185168427222 ], [ -97.460237099007585, 20.230541159645039 ], [ -97.452253380586313, 20.240185015973534 ] ] ] } },
{ "type": "Feature", "properties": { "cve_edo": "21", "cve_mpo_ine": "158", "cve_edo_mpo_ine": "21158", "nom_mpo": "TEOPANTLAN", "nom_edo": "Puebla", "alianza_ganadora": "Va por México", "margen_pp": 17.6, "por_participacion": 67.975830815709969 }, "geometry": { "type": "Polygon", "coordinates": [ [ [ -98.300631102943512, 18.835813430036112 ], [ -98.306307585475423, 18.825889275387627 ], [ -98.307825744201821, 18.826360137764368 ], [ -98.309723482875498, 18.834352358718956 ], [ -98.317019740653294, 18.842368665532618 ], [ -98.308210584935878, 18.840078849377409 ], [ -98.307980760709086, 18.843161048825557 ], [ -98.310572799335347, 18.845109270643537 ], [ -98.306533282871811, 18.846307499810074 ], [ -98.291247614939749, 18.84526029320444 ], [ -98.285508128135817, 18.842621371574111 ], [ -98.285806551163134, 18.846026497436082 ], [ -98.28312803813418, 18.848571608162665 ], [ -98.273755872210543, 18.85086414306431 ], [ -98.260377092271185, 18.849384862875205 ], [ -98.257720842947748, 18.847107313501397 ], [ -98.253076862404342, 18.849283153174021 ], [ -98.240678880074015, 18.848919718595738 ], [ -98.233976315621874, 18.844401514808943 ], [ -98.2094303394951, 18.839626231259707 ], [ -98.20460402871214, 18.843699369646522 ], [ -98.192608471835101, 18.844200871332752 ], [ -98.190975266577496, 18.837275034907677 ], [ -98.195324779474205, 18.821766069472673 ], [ -98.189425995837297, 18.813637021315973 ], [ -98.189552774068503, 18.808061396898385 ], [ -98.19589289307315, 18.803107683503757 ], [ -98.200875199914847, 18.791210013473886 ], [ -98.200801125872346, 18.788400311928175 ], [ -98.193738507215258, 18.785343593818308 ], [ -98.210363036573824, 18.776408296588443 ], [ -98.215871690347868, 18.76711646355044 ], [ -98.218475876502808, 18.766778043666847 ], [ -98.219137904495483, 18.758904993009338 ], [ -98.222083510796821, 18.761263844595067 ], [ -98.234301533477307, 18.760084682737087 ], [ -98.236419910755586, 18.755595569104813 ], [ -98.224168865657603, 18.745919752652775 ], [ -98.21520861537708, 18.747538326465804 ], [ -98.210423587708746, 18.746044580092796 ], [ -98.208457845379726, 18.743335077339299 ], [ -98.210398518577762, 18.741677799950761 ], [ -98.206946562928366, 18.740118216642895 ], [ -98.204229867698331, 18.734510784111677 ], [ -98.19065832197343, 18.728433785658595 ], [ -98.190376868740628, 18.725818529617012 ], [ -98.204157915714759, 18.724613025615955 ], [ -98.219095291535723, 18.720182827795064 ], [ -98.21831072873573, 18.715538678765384 ], [ -98.206140494143682, 18.706858613521252 ], [ -98.199226325393795, 18.69700145890863 ], [ -98.197821717087365, 18.69020563321892 ], [ -98.1904123969029, 18.684765978553209 ], [ -98.183909667426178, 18.675108877485421 ], [ -98.170754748676458, 18.669314350893384 ], [ -98.172728609824475, 18.666367458785665 ], [ -98.169284777257516, 18.66513986863929 ], [ -98.174990713386507, 18.654098618344168 ], [ -98.173700959603963, 18.644097956220314 ], [ -98.178778728655018, 18.639764228769138 ], [ -98.178210934450846, 18.637320469484681 ], [ -98.185372342462401, 18.635902144438461 ], [ -98.188216343150273, 18.633022541347025 ], [ -98.192318249846906, 18.626168835896323 ], [ -98.190643045059616, 18.623412361600369 ], [ -98.193212111602207, 18.615213716366043 ], [ -98.203380170707021, 18.619563324403455 ], [ -98.20678857504808, 18.618960799507981 ], [ -98.216054844996421, 18.60905233178396 ], [ -98.231013529943695, 18.621491949811819 ], [ -98.232330046529853, 18.630089917045069 ], [ -98.228454501901737, 18.637868066614491 ], [ -98.236270809838786, 18.641582641489769 ], [ -98.245475754346998, 18.639216492342165 ], [ -98.263000493059479, 18.642927565237006 ], [ -98.271871385416631, 18.650960296673539 ], [ -98.275124248754551, 18.650753775129317 ], [ -98.280233342685818, 18.654384830791262 ], [ -98.282008172484709, 18.659755129680775 ], [ -98.292875412654979, 18.654962459484366 ], [ -98.298678086974192, 18.654995587255659 ], [ -98.303205424030395, 18.651115669536811 ], [ -98.309346854918203, 18.650946456641538 ], [ -98.307332822722827, 18.656166755371146 ], [ -98.311414247029077, 18.66324475667005 ], [ -98.316445325612605, 18.665521554331715 ], [ -98.316944226767362, 18.670253982849896 ], [ -98.310421348045367, 18.680608146080075 ], [ -98.293080602237026, 18.689374809528939 ], [ -98.287462012507945, 18.698629796823383 ], [ -98.289710310560565, 18.700917340580837 ], [ -98.299657992089507, 18.697839105691802 ], [ -98.317208148470115, 18.709782278908765 ], [ -98.315121717722832, 18.719161370688145 ], [ -98.312039848723572, 18.721714594717248 ], [ -98.317755421490801, 18.729219514379313 ], [ -98.309373962117618, 18.736613435563275 ], [ -98.309281321023008, 18.746680911995448 ], [ -98.305870635746473, 18.747285214516676 ], [ -98.306225730658852, 18.750606112234987 ], [ -98.300994523899988, 18.750079606417177 ], [ -98.294628890595817, 18.762759246818945 ], [ -98.300436868925999, 18.766062006175126 ], [ -98.305615326668516, 18.781646492234398 ], [ -98.302926524337693, 18.786563006485633 ], [ -98.30493233276367, 18.794178923043638 ], [ -98.297152964449253, 18.796943957471147 ], [ -98.291209724779876, 18.795681647107031 ], [ -98.286174400263945, 18.802305101873017 ], [ -98.274104891443571, 18.796330720993854 ], [ -98.262686994211691, 18.79400381973187 ], [ -98.261864978924038, 18.799509227608198 ], [ -98.258697148191274, 18.800732034748535 ], [ -98.25729247838116, 18.80612332838421 ], [ -98.252440653694208, 18.807293734521686 ], [ -98.250659273830223, 18.814230802371661 ], [ -98.248346853828679, 18.814689071619412 ], [ -98.256652242913418, 18.83009263501512 ], [ -98.265037221797954, 18.828524474399302 ], [ -98.279206966556131, 18.834959876817102 ], [ -98.285692010378625, 18.834174538843019 ], [ -98.291424258077441, 18.839433956831655 ], [ -98.300631102943512, 18.835813430036112 ] ] ] } },
{ "type": "Feature", "properties": { "cve_edo": "21", "cve_mpo_ine": "159", "cve_edo_mpo_ine": "21159", "nom_mpo": "TEOTLALCO", "nom_edo": "Puebla", "alianza_ganadora": "Va por México", "margen_pp": 6.078147612156295, "por_participacion": 26.414373088685014 }, "geometry": { "type": "Polygon", "coordinates": [ [ [ -98.755358140818814, 18.456287854209716 ], [ -98.755207603651201, 18.457844072192589 ], [ -98.760030740501534, 18.45764058922768 ], [ -98.763701873795256, 18.460617273944226 ], [ -98.767901295638467, 18.458540834759251 ], [ -98.763830321205518, 18.455104586316988 ], [ -98.765324589132987, 18.451552732199875 ], [ -98.769778618701224, 18.452214744322749 ], [ -98.774038706876823, 18.459010622954438 ], [ -98.779084574290806, 18.458724207562753 ], [ -98.780988311592935, 18.450283907507437 ], [ -98.779275158756604, 18.448278616271054 ], [ -98.776071237393936, 18.449576548379635 ], [ -98.774125388609946, 18.443091706506049 ], [ -98.795482581574987, 18.431425403832399 ], [ -98.794204879479452, 18.422459218047603 ], [ -98.796036474748604, 18.415054536039591 ], [ -98.793980062093667, 18.41271466573501 ], [ -98.797090779187954, 18.409550002269285 ], [ -98.794970256930497, 18.403105256746915 ], [ -98.79669514059988, 18.394953366505309 ], [ -98.793617201264183, 18.390045398727704 ], [ -98.795638299674081, 18.385116048267104 ], [ -98.804564780206093, 18.377478274714335 ], [ -98.809274372642776, 18.374820005597059 ], [ -98.813886863399858, 18.37559032633634 ], [ -98.816809131989444, 18.37261633807617 ], [ -98.827065367893937, 18.385081859219145 ], [ -98.82644789288382, 18.393668812141357 ], [ -98.828758029948247, 18.398827074485144 ], [ -98.824993419824381, 18.409806312965589 ], [ -98.827148719540503, 18.413350580298054 ], [ -98.814597650305984, 18.414489273343563 ], [ -98.81606851084041, 18.417238413663135 ], [ -98.826851920634084, 18.419131980475878 ], [ -98.828834055234026, 18.422673694356138 ], [ -98.834784166734039, 18.422801792635365 ], [ -98.836720877446581, 18.425268267427306 ], [ -98.843745919700311, 18.422312232238752 ], [ -98.85233133355834, 18.42446170544935 ], [ -98.864932384876909, 18.424065115942874 ], [ -98.871093072148653, 18.420847656966025 ], [ -98.866928586126321, 18.416035180957266 ], [ -98.881356856700208, 18.41231635286135 ], [ -98.881690425276872, 18.408271122064104 ], [ -98.893455014493483, 18.405009133612889 ], [ -98.898799655708828, 18.412895994700268 ], [ -98.905524476793602, 18.416132393764325 ], [ -98.906964826098843, 18.421814567959441 ], [ -98.920458292167112, 18.429692248248394 ], [ -98.920586906396025, 18.433826706965355 ], [ -98.925510235841386, 18.438111429029977 ], [ -98.92115537849061, 18.442447933098059 ], [ -98.915539130734388, 18.442028653419758 ], [ -98.914959232522932, 18.456658377005027 ], [ -98.910415379242153, 18.458610854326448 ], [ -98.912975710665918, 18.462611903292668 ], [ -98.90183582183225, 18.46844811861579 ], [ -98.899448009494463, 18.474232310263996 ], [ -98.887534041019876, 18.476869021624093 ], [ -98.87010812392181, 18.48468199355472 ], [ -98.850729395968656, 18.48617510270461 ], [ -98.834097475438725, 18.495193828808965 ], [ -98.841798125766374, 18.505334514295196 ], [ -98.838880358945801, 18.50688471157115 ], [ -98.836020507479276, 18.513120038012417 ], [ -98.837409740933651, 18.517982553522135 ], [ -98.835053976560971, 18.520947094145725 ], [ -98.830230018735861, 18.521900241310462 ], [ -98.820908347239623, 18.520239501504047 ], [ -98.818000622454463, 18.521586367464511 ], [ -98.815899702373059, 18.518044110794467 ], [ -98.810898698719157, 18.519243957708849 ], [ -98.811121398144792, 18.515348931796954 ], [ -98.808763884627169, 18.513794288700645 ], [ -98.810473010629138, 18.511570622902806 ], [ -98.803079537704278, 18.504789423406674 ], [ -98.803976096492065, 18.502641554627466 ], [ -98.79998173586516, 18.502191700279106 ], [ -98.798761833545115, 18.49778643110136 ], [ -98.793328652556653, 18.49727417097667 ], [ -98.793587517554016, 18.49438252385459 ], [ -98.790150137716353, 18.491159761955203 ], [ -98.787064042281671, 18.49225163431322 ], [ -98.78370370422401, 18.48753697568613 ], [ -98.786704250325869, 18.484039866091251 ], [ -98.780146450572929, 18.480084304470029 ], [ -98.774852568112763, 18.482427859999643 ], [ -98.772032807672844, 18.478662428385579 ], [ -98.76522465139476, 18.476356519015482 ], [ -98.761215580901393, 18.482079729601384 ], [ -98.744974901881477, 18.474625607925507 ], [ -98.742529936021143, 18.470955007541779 ], [ -98.744476103357286, 18.468360979142918 ], [ -98.740470626922232, 18.455389611456059 ], [ -98.74870337705056, 18.453655110052814 ], [ -98.755358140818814, 18.456287854209716 ] ] ] } },
{ "type": "Feature", "properties": { "cve_edo": "21", "cve_mpo_ine": "160", "cve_edo_mpo_ine": "21160", "nom_mpo": "TEPANCO DE LOPEZ", "nom_edo": "Puebla", "alianza_ganadora": "Juntos Haremos Historia", "margen_pp": 37.631037523268347, "por_participacion": 62.7505225624001 }, "geometry": { "type": "Polygon", "coordinates": [ [ [ -97.547746006699754, 18.511545861701688 ], [ -97.532126358648, 18.513220901775391 ], [ -97.518432559545374, 18.522566111547668 ], [ -97.517844038481158, 18.528044817626981 ], [ -97.53129140044453, 18.53724119757349 ], [ -97.5552056345729, 18.537515564750393 ], [ -97.557058190064438, 18.540572531754862 ], [ -97.572597808024639, 18.533846692815352 ], [ -97.590479942236385, 18.538758237216712 ], [ -97.59615055830902, 18.536894590631473 ], [ -97.601830323175392, 18.52923932071494 ], [ -97.597913580372207, 18.52028982565901 ], [ -97.593787470058402, 18.516997821900304 ], [ -97.594947394177552, 18.513255153931183 ], [ -97.606366596192416, 18.51087152830139 ], [ -97.609181951213529, 18.505220605172209 ], [ -97.618728772236636, 18.512716066966547 ], [ -97.625610698740587, 18.510274455250428 ], [ -97.633146858784457, 18.512252280898235 ], [ -97.636554687622819, 18.510919495153122 ], [ -97.642539743281901, 18.520825069149289 ], [ -97.646908957877898, 18.535082310620446 ], [ -97.651388832517853, 18.535097667221958 ], [ -97.648075473165278, 18.549139309786145 ], [ -97.642601544040161, 18.559280685774691 ], [ -97.652277795092104, 18.570726023818896 ], [ -97.652537056823647, 18.575772393251846 ], [ -97.656942246343405, 18.581667020075574 ], [ -97.656848388285212, 18.586470336795909 ], [ -97.654885763330427, 18.590887842193414 ], [ -97.647711546409226, 18.596873891190551 ], [ -97.621255574434343, 18.587789859921283 ], [ -97.624520086123312, 18.591632390139853 ], [ -97.624036400807213, 18.597040321737165 ], [ -97.621180007561222, 18.598480059062624 ], [ -97.613089978445345, 18.597225027295138 ], [ -97.609592914697814, 18.593385759156416 ], [ -97.609296586349103, 18.589540436508521 ], [ -97.575613748734995, 18.597363224742356 ], [ -97.574246985770401, 18.602764444930173 ], [ -97.561026392897162, 18.609331950912338 ], [ -97.543794655626499, 18.634293705198157 ], [ -97.537461591221259, 18.624160976857976 ], [ -97.531369540000142, 18.625366324933772 ], [ -97.516338225990935, 18.646319694034812 ], [ -97.518148196178458, 18.657594012758548 ], [ -97.51634650553072, 18.66142788533223 ], [ -97.512880720980448, 18.663133070245379 ], [ -97.508375365534931, 18.661707170348546 ], [ -97.501820447621782, 18.664728675306765 ], [ -97.496851413074651, 18.663723814043561 ], [ -97.489569852081615, 18.655964559372578 ], [ -97.491473871532961, 18.645948945770783 ], [ -97.478937227035956, 18.642317775595714 ], [ -97.470732562757846, 18.630415275921532 ], [ -97.464205254596422, 18.630523832744739 ], [ -97.465475170628622, 18.622287403415505 ], [ -97.472923389742093, 18.615441416903032 ], [ -97.473905236421544, 18.611742948191239 ], [ -97.465451678205824, 18.593644859320989 ], [ -97.483910687502259, 18.598103312433885 ], [ -97.491741326903252, 18.592818327721808 ], [ -97.482587103614833, 18.576929206757043 ], [ -97.482169551261791, 18.571169380854045 ], [ -97.484002338713722, 18.567037016629126 ], [ -97.494332106039934, 18.564079132271257 ], [ -97.506555555555337, 18.554972222244512 ], [ -97.507794764899515, 18.543321126751561 ], [ -97.506090567113489, 18.528885515255777 ], [ -97.477738278192845, 18.509321286430851 ], [ -97.46939382600209, 18.500208752325179 ], [ -97.4558096816058, 18.492750717448814 ], [ -97.456960382220885, 18.481782930713283 ], [ -97.474177544426169, 18.479064236639882 ], [ -97.479735161674483, 18.473401452608851 ], [ -97.493095370605417, 18.450842590148998 ], [ -97.499072411282242, 18.446452319771623 ], [ -97.499524163297949, 18.449260596686226 ], [ -97.504306053584969, 18.446501574882866 ], [ -97.503334801461719, 18.454897716913038 ], [ -97.509835051081396, 18.454142224363792 ], [ -97.510575410890013, 18.44953692511924 ], [ -97.513549082400402, 18.457317562769077 ], [ -97.51179727805625, 18.460488633182379 ], [ -97.514029586671086, 18.461905329578091 ], [ -97.51917269482567, 18.463528471037705 ], [ -97.520515468716141, 18.460239037837489 ], [ -97.523341839807344, 18.462433549515925 ], [ -97.526227972617122, 18.46110869816204 ], [ -97.530285146308103, 18.467507503968125 ], [ -97.537623808375386, 18.468229148284436 ], [ -97.546922945473327, 18.464327267216753 ], [ -97.552966087510754, 18.47479478886628 ], [ -97.561445113403465, 18.474091515512711 ], [ -97.569880824027791, 18.477859099340442 ], [ -97.57916854256041, 18.476812024844364 ], [ -97.58686494601821, 18.485101801844319 ], [ -97.586446019663285, 18.487922824802553 ], [ -97.56610393777467, 18.492319681340987 ], [ -97.556434230480193, 18.49854587745374 ], [ -97.546179522875647, 18.499239533786547 ], [ -97.547746006699754, 18.511545861701688 ] ] ] } },
{ "type": "Feature", "properties": { "cve_edo": "21", "cve_mpo_ine": "161", "cve_edo_mpo_ine": "21161", "nom_mpo": "TEPANGO DE RODRIGUEZ", "nom_edo": "Puebla", "alianza_ganadora": "Juntos Haremos Historia", "margen_pp": 12.151394422310757, "por_participacion": 81.229773462783172 }, "geometry": { "type": "Polygon", "coordinates": [ [ [ -97.800789931309296, 20.028375335508724 ], [ -97.78737091219611, 20.025333794065766 ], [ -97.781578124682383, 20.032646742669623 ], [ -97.76742326820434, 20.038837899470789 ], [ -97.767633885742015, 20.029601448625463 ], [ -97.774485582796743, 20.018396702106749 ], [ -97.767156323564365, 20.006342552553672 ], [ -97.759327231790138, 20.010536667421672 ], [ -97.758032792377037, 20.01550565317314 ], [ -97.749934481815529, 20.008919620189644 ], [ -97.743857982663798, 20.012084453525997 ], [ -97.74117730163772, 20.010289765786503 ], [ -97.73767194594457, 20.011932118041916 ], [ -97.726079695482298, 20.002510181827159 ], [ -97.734955293251346, 20.000229281646913 ], [ -97.743672859032401, 19.99007061218003 ], [ -97.747642061470415, 19.989549494949681 ], [ -97.754515086723686, 19.995549776124559 ], [ -97.777918601441883, 19.994242595473633 ], [ -97.784883340637066, 19.983701082997541 ], [ -97.798580723987868, 19.992091711835357 ], [ -97.802360602083311, 19.999362396083708 ], [ -97.808780588890471, 19.999057395754964 ], [ -97.810479583821007, 19.995333314489184 ], [ -97.808794104325813, 19.991470892959754 ], [ -97.815968146480287, 19.993614675209017 ], [ -97.821807999859274, 19.991151063711083 ], [ -97.830677156226102, 19.991725767114282 ], [ -97.828794946478695, 20.000672892467467 ], [ -97.8304146502973, 20.009385330482424 ], [ -97.827222222221948, 20.010750000036772 ], [ -97.824722222221965, 20.018194444481267 ], [ -97.817734833716969, 20.018122783762511 ], [ -97.812759362051239, 20.02626930932006 ], [ -97.800789931309296, 20.028375335508724 ] ] ] } },
{ "type": "Feature", "properties": { "cve_edo": "21", "cve_mpo_ine": "162", "cve_edo_mpo_ine": "21162", "nom_mpo": "TEPATLAXCO DE HIDALGO", "nom_edo": "Puebla", "alianza_ganadora": "Juntos Haremos Historia", "margen_pp": 18.044354838709676, "por_participacion": 71.235937125987391 }, "geometry": { "type": "Polygon", "coordinates": [ [ [ -98.005771078164386, 19.066270707829506 ], [ -98.006972512987275, 19.092732801078927 ], [ -98.004029597825919, 19.102133355854718 ], [ -98.010578817748183, 19.107853440314464 ], [ -98.016816437191224, 19.103798526969552 ], [ -98.015673988094903, 19.113218404634168 ], [ -98.021512109936609, 19.145465277839183 ], [ -98.028538539925108, 19.145378021082216 ], [ -98.027268291763733, 19.153349316985903 ], [ -98.031056609832092, 19.152560866418398 ], [ -98.035149242310297, 19.144176935496084 ], [ -98.037790493897816, 19.147541645447767 ], [ -98.034234394703148, 19.167019015379822 ], [ -98.034741221380614, 19.193240970415641 ], [ -98.031013456667893, 19.192044318907858 ], [ -98.026580242837213, 19.203991142834234 ], [ -98.02040448577813, 19.208956936059959 ], [ -98.029620206688207, 19.220444391393904 ], [ -98.031022120886007, 19.230721878709165 ], [ -98.005613178323898, 19.222485589151958 ], [ -97.995891266568222, 19.2227129559442 ], [ -97.989854390679199, 19.220138946079327 ], [ -97.98605944747834, 19.215301001071005 ], [ -97.98042649692016, 19.215413640764719 ], [ -97.978325289586707, 19.192153280580893 ], [ -97.97241229773843, 19.1715908998628 ], [ -97.981471735368274, 19.16406413599907 ], [ -97.985708293662114, 19.163639599879492 ], [ -97.990715173290482, 19.157860520391868 ], [ -97.986754559584327, 19.149166266910253 ], [ -97.985443625700867, 19.130412507230449 ], [ -97.99827248957358, 19.12263147590442 ], [ -97.9960907142125, 19.111263739626757 ], [ -97.997552890264785, 19.098152428270751 ], [ -97.983485305503336, 19.095962948568214 ], [ -97.981716390186932, 19.092545474301158 ], [ -97.977251752038555, 19.091911839909002 ], [ -97.969275661850176, 19.097793268353815 ], [ -97.968818398242902, 19.095255601372184 ], [ -97.965724048682773, 19.096510425815957 ], [ -97.956366715282272, 19.080339910538967 ], [ -97.955862572093523, 19.075249587507169 ], [ -97.962313007332838, 19.061332567187215 ], [ -97.965053915941709, 19.068211428463503 ], [ -97.982939953770398, 19.066554941326554 ], [ -97.987116375827043, 19.062443592640992 ], [ -98.001784613115589, 19.068598782428253 ], [ -98.005771078164386, 19.066270707829506 ] ] ] } },
{ "type": "Feature", "properties": { "cve_edo": "21", "cve_mpo_ine": "163", "cve_edo_mpo_ine": "21163", "nom_mpo": "TEPEACA", "nom_edo": "Puebla", "alianza_ganadora": "Juntos Haremos Historia", "margen_pp": 20.175838885339662, "por_participacion": 57.182868276389954 }, "geometry": { "type": "Polygon", "coordinates": [ [ [ -97.802163949415316, 19.00724469134995 ], [ -97.8106081711976, 19.011932892471762 ], [ -97.81307899762902, 19.0186526569526 ], [ -97.826657520042318, 19.027854622449947 ], [ -97.823833242685481, 19.020233803328967 ], [ -97.827066459400527, 19.016007864105898 ], [ -97.826812685055657, 19.012437281220521 ], [ -97.823276498072858, 19.0130020102145 ], [ -97.814834315816213, 19.008848909033304 ], [ -97.804965948410896, 18.997595420915093 ], [ -97.80659973695299, 18.985801223440951 ], [ -97.81030456400913, 18.983932760895009 ], [ -97.813334256506579, 18.986000457205133 ], [ -97.815573413544527, 18.980427366022088 ], [ -97.846198095977684, 18.991440853781697 ], [ -97.838626164025797, 18.994918008075761 ], [ -97.848464106606002, 19.003958889117897 ], [ -97.843801755922883, 19.011582408424662 ], [ -97.856611845935845, 19.019256856584931 ], [ -97.864303831203443, 19.007033856562359 ], [ -97.863139397425812, 19.005955709933257 ], [ -97.871469910861833, 18.997172704287077 ], [ -97.857029198042341, 18.99231688603631 ], [ -97.856972486148422, 18.988006422150626 ], [ -97.841429956631714, 18.975688558674406 ], [ -97.838634932600442, 18.975894169649973 ], [ -97.837271391098412, 18.968532877745371 ], [ -97.840154954978175, 18.962217752981953 ], [ -97.844115218106907, 18.959608860509945 ], [ -97.84085702649908, 18.954467672916664 ], [ -97.856524694168016, 18.93578346356496 ], [ -97.849538831349022, 18.936235903256026 ], [ -97.841215526384573, 18.933164376457377 ], [ -97.84401364564998, 18.923633204098117 ], [ -97.856179568065329, 18.9234321654388 ], [ -97.854725868697216, 18.918913769050938 ], [ -97.858189435822112, 18.909017022492822 ], [ -97.872390810168028, 18.907165494970435 ], [ -97.878183772974467, 18.919503871832145 ], [ -97.894132811388801, 18.921747027310339 ], [ -97.909616735826802, 18.919429525256831 ], [ -97.926789066232161, 18.925276068255751 ], [ -97.930514983129271, 18.92867510133204 ], [ -97.929583984792075, 18.932778346058477 ], [ -97.914416712539804, 18.936461536251855 ], [ -97.914739414875385, 18.940237053990661 ], [ -97.921434787242291, 18.949688074848975 ], [ -97.927256632503742, 18.947533481793485 ], [ -97.937853375951917, 18.953005337800146 ], [ -97.929004818172771, 18.965729122336629 ], [ -97.928015436165126, 18.971573119306811 ], [ -97.930752122480627, 18.971324697159027 ], [ -97.933080795843736, 18.96726302983274 ], [ -97.938786711791664, 18.965315330667181 ], [ -97.941406333394923, 18.961916717379697 ], [ -97.947461423934385, 18.960466118783003 ], [ -97.944726492526939, 18.969460262536042 ], [ -97.945891810321726, 18.973646489734442 ], [ -97.962025651490151, 18.989561875862105 ], [ -97.96680038187499, 18.987862093640537 ], [ -97.972799586206136, 18.991052878520172 ], [ -97.968377006963934, 19.001705508777331 ], [ -97.959712460139144, 19.008839805659267 ], [ -97.948700729144932, 19.012279952758714 ], [ -97.944258197768804, 19.01155415517702 ], [ -97.94437876584297, 19.016592715643583 ], [ -97.936731303778018, 19.027615616451335 ], [ -97.936462173175926, 19.032047158540358 ], [ -97.925851779991177, 19.037324414549001 ], [ -97.922247246988235, 19.051744883629148 ], [ -97.911976932694472, 19.059822005458575 ], [ -97.903438918138647, 19.074174326399021 ], [ -97.899248537626619, 19.07310658956704 ], [ -97.896659759372298, 19.076244516258082 ], [ -97.892366355740108, 19.076543494296686 ], [ -97.875896968452253, 19.086721158975347 ], [ -97.876817459033717, 19.093505454042592 ], [ -97.88927141764448, 19.100961676245007 ], [ -97.893873726456974, 19.10800913636589 ], [ -97.893231209481286, 19.11642254743699 ], [ -97.89439698591022, 19.115138095140587 ], [ -97.899466460947906, 19.119781694252875 ], [ -97.896901933754734, 19.121355866190441 ], [ -97.88822808884251, 19.119451659103827 ], [ -97.878922419063443, 19.130332735966338 ], [ -97.867882944371587, 19.131556960596448 ], [ -97.850798304434889, 19.138709085477544 ], [ -97.855856263620467, 19.127498772215453 ], [ -97.845917631213794, 19.128297621245512 ], [ -97.836130941951382, 19.121446921513758 ], [ -97.832996008178014, 19.127553657336748 ], [ -97.83031606128462, 19.121626615797162 ], [ -97.822265269654935, 19.113807858966418 ], [ -97.816839392999455, 19.090453375961349 ], [ -97.811668256632473, 19.090709108926248 ], [ -97.810637660106281, 19.08142593250188 ], [ -97.807263141180968, 19.080553919558803 ], [ -97.810281189623254, 19.06707843890641 ], [ -97.808643310618663, 19.064709318488099 ], [ -97.810610722296531, 19.06292210497806 ], [ -97.808273945638788, 19.060189669062257 ], [ -97.812569937733912, 19.059366774849551 ], [ -97.816367815492569, 19.038851951344238 ], [ -97.815512905653563, 19.029896007430711 ], [ -97.80947340543635, 19.030406965096031 ], [ -97.802163949415316, 19.00724469134995 ] ] ] } },
{ "type": "Feature", "properties": { "cve_edo": "21", "cve_mpo_ine": "164", "cve_edo_mpo_ine": "21164", "nom_mpo": "TEPEMAXALCO", "nom_edo": "Puebla", "alianza_ganadora": "Va por México", "margen_pp": 8.9108910891089117, "por_participacion": 70.960187353629976 }, "geometry": { "type": "Polygon", "coordinates": [ [ [ -98.601091435506234, 18.700277313158701 ], [ -98.607996439723806, 18.710843463700829 ], [ -98.617925948446938, 18.707560420840064 ], [ -98.632210588476369, 18.710718383533276 ], [ -98.653312204487221, 18.703079967940862 ], [ -98.653410019685396, 18.696399143982671 ], [ -98.656333555693323, 18.699351439120207 ], [ -98.655124885143252, 18.709711296911006 ], [ -98.658102780200238, 18.716561286919973 ], [ -98.65656173709877, 18.715356828994629 ], [ -98.652990118072722, 18.722127630987828 ], [ -98.655961447778466, 18.730761459261306 ], [ -98.65219076705479, 18.736666299395832 ], [ -98.640695198388272, 18.746006113612257 ], [ -98.635306379850235, 18.758174286680177 ], [ -98.646595220149067, 18.749669803590795 ], [ -98.651232208134061, 18.759795371918816 ], [ -98.647626118198161, 18.765405450553363 ], [ -98.649424178530296, 18.767474418492309 ], [ -98.647264068992499, 18.777029120548832 ], [ -98.649729455868822, 18.782150331289436 ], [ -98.63981326743108, 18.790080235533797 ], [ -98.629827171024544, 18.791540582899604 ], [ -98.633278438869041, 18.786557094596976 ], [ -98.633699577518669, 18.776964478482558 ], [ -98.621384386424296, 18.771930687665837 ], [ -98.621849907498529, 18.763871708511939 ], [ -98.614460735899115, 18.762858692420728 ], [ -98.611639707935822, 18.759446845184971 ], [ -98.617203934301784, 18.75540489535955 ], [ -98.615853209307033, 18.746645956246169 ], [ -98.621923769836215, 18.738028078106169 ], [ -98.620672242952367, 18.732750885214017 ], [ -98.612908906952427, 18.722621993162949 ], [ -98.610218770410043, 18.713607041172754 ], [ -98.593974145062433, 18.710787919048617 ], [ -98.592593487579109, 18.707048611030924 ], [ -98.598914680077883, 18.705227654280208 ], [ -98.601091435506234, 18.700277313158701 ] ] ] } },
{ "type": "Feature", "properties": { "cve_edo": "21", "cve_mpo_ine": "165", "cve_edo_mpo_ine": "21165", "nom_mpo": "TEPEOJUMA", "nom_edo": "Puebla", "alianza_ganadora": "Va por México", "margen_pp": 0.13029315960912052, "por_participacion": 66.933139534883722 }, "geometry": { "type": "Polygon", "coordinates": [ [ [ -98.389461784221709, 18.756440389769548 ], [ -98.390870734849926, 18.745007321877925 ], [ -98.38537079587951, 18.73153990063209 ], [ -98.381714226697994, 18.729799848591682 ], [ -98.383176624666888, 18.72199981867282 ], [ -98.380798357986023, 18.719931639027156 ], [ -98.384229566992815, 18.716304520225293 ], [ -98.381792625170334, 18.714731652749045 ], [ -98.38696366192228, 18.712758740586967 ], [ -98.385808346081561, 18.708133099010709 ], [ -98.389122637753744, 18.704835947287403 ], [ -98.386976910867503, 18.702685664262294 ], [ -98.388025593037398, 18.700045278636228 ], [ -98.384193375497986, 18.699873757705898 ], [ -98.385706557243935, 18.697275446451727 ], [ -98.383048133636407, 18.687817131824396 ], [ -98.376091469450827, 18.679878927772474 ], [ -98.377141803213647, 18.676041385666146 ], [ -98.379987696168541, 18.675303134038881 ], [ -98.378430428854614, 18.667704361352687 ], [ -98.382441809612232, 18.66358281430443 ], [ -98.377407910204411, 18.651189282520921 ], [ -98.392029498336811, 18.656828200871004 ], [ -98.397653876972655, 18.662245410951222 ], [ -98.405549736381715, 18.661886322726861 ], [ -98.419198125463879, 18.656911766385303 ], [ -98.422337287704849, 18.652994452258191 ], [ -98.428590828674032, 18.652763681285553 ], [ -98.432603896957247, 18.661224686042772 ], [ -98.431613519723214, 18.664525977250364 ], [ -98.435036853075474, 18.666429853079798 ], [ -98.438162570485446, 18.675681749169996 ], [ -98.448375083442372, 18.68197074628738 ], [ -98.474776960831804, 18.674353631449254 ], [ -98.478375150385006, 18.682974221699375 ], [ -98.496508554853193, 18.697660096575778 ], [ -98.49431699351959, 18.704268588366837 ], [ -98.501959748309815, 18.706192360469643 ], [ -98.498858348762667, 18.711330511394479 ], [ -98.499291662727757, 18.718578347113187 ], [ -98.495079595322295, 18.7339622288256 ], [ -98.487175852003489, 18.740641398326542 ], [ -98.479058387441654, 18.739232139807868 ], [ -98.477262549229366, 18.749315280646599 ], [ -98.480547175410933, 18.750128994432689 ], [ -98.479732730653524, 18.751738098691899 ], [ -98.463989204390671, 18.754361084021948 ], [ -98.461370882751126, 18.759353064197064 ], [ -98.461715136279011, 18.764183661978485 ], [ -98.453526858685365, 18.76161349247489 ], [ -98.457631578256454, 18.783127472558942 ], [ -98.445388333976737, 18.767795099416908 ], [ -98.435674776094487, 18.779671194665493 ], [ -98.419457334642857, 18.787532619910532 ], [ -98.408980341457024, 18.803699501786067 ], [ -98.404281883639626, 18.797293260232596 ], [ -98.403185218446097, 18.791429344752476 ], [ -98.394524752757505, 18.794346457233324 ], [ -98.391626127882731, 18.789470313625092 ], [ -98.393609292444452, 18.783404993852212 ], [ -98.389017549149372, 18.785048721566952 ], [ -98.386465438559725, 18.781948241071632 ], [ -98.393214038459448, 18.774569800579687 ], [ -98.389736431025312, 18.768495471756488 ], [ -98.391193534515125, 18.764782416171421 ], [ -98.389461784221709, 18.756440389769548 ] ] ] } },
{ "type": "Feature", "properties": { "cve_edo": "21", "cve_mpo_ine": "166", "cve_edo_mpo_ine": "21166", "nom_mpo": "TEPETZINTLA", "nom_edo": "Puebla", "alianza_ganadora": "Va por México", "margen_pp": 1.3027618551328817, "por_participacion": 77.660866046135169 }, "geometry": { "type": "Polygon", "coordinates": [ [ [ -97.847279124073026, 19.983133671050247 ], [ -97.841011150404483, 19.98984974888635 ], [ -97.828569265614362, 19.989987556203815 ], [ -97.821281508683626, 19.984091283903577 ], [ -97.816151628857483, 19.985522921379474 ], [ -97.80249986421974, 19.97994341140598 ], [ -97.807591720399685, 19.97337196197747 ], [ -97.813141192382233, 19.97343111789953 ], [ -97.810895561444596, 19.969917107735167 ], [ -97.790742525179212, 19.969670673125712 ], [ -97.783556273466175, 19.961326741928023 ], [ -97.781339012650562, 19.961626072571875 ], [ -97.786967525513887, 19.956545360701206 ], [ -97.789723597349038, 19.958067701792196 ], [ -97.79087958419349, 19.956404702401105 ], [ -97.79712925729936, 19.956461400067298 ], [ -97.799487570239378, 19.951518361867556 ], [ -97.804955243667337, 19.948510433816772 ], [ -97.807535555353198, 19.949950340556775 ], [ -97.8085059817885, 19.946919998881345 ], [ -97.81391832705728, 19.944368014564546 ], [ -97.817155273226959, 19.932041936337988 ], [ -97.815553328459401, 19.92864956992722 ], [ -97.823186308477318, 19.92641927710542 ], [ -97.821344875130976, 19.91444681418767 ], [ -97.827010448689535, 19.899166509603262 ], [ -97.831197360482264, 19.896950910160285 ], [ -97.834817893858741, 19.889348530196411 ], [ -97.840262251814735, 19.891314095696895 ], [ -97.846406692800301, 19.885565619693324 ], [ -97.850486107200012, 19.884635137627654 ], [ -97.856664969472874, 19.890991170979675 ], [ -97.858728993203997, 19.901221274683699 ], [ -97.867297464863753, 19.906902738762597 ], [ -97.867197735252091, 19.916603833786745 ], [ -97.863464369526298, 19.917077053962053 ], [ -97.863480755725618, 19.91919121518346 ], [ -97.868158084534286, 19.919957304920519 ], [ -97.877887179165413, 19.917093054640944 ], [ -97.88656679282731, 19.92186111207111 ], [ -97.896340555840538, 19.931971370155118 ], [ -97.914529929861473, 19.935407298274772 ], [ -97.918953978579609, 19.940857883703682 ], [ -97.915301616810822, 19.944192251314419 ], [ -97.919461088527186, 19.953002078272817 ], [ -97.918643370480837, 19.960219462874086 ], [ -97.912138303322152, 19.957515083946841 ], [ -97.906482359804812, 19.965999503242884 ], [ -97.898943129649311, 19.965455334742678 ], [ -97.879491897962183, 19.972802021187213 ], [ -97.871776302222486, 19.972133143857448 ], [ -97.866319465519808, 19.968966241525379 ], [ -97.848602013379136, 19.974104338122494 ], [ -97.847279124073026, 19.983133671050247 ] ] ] } },
{ "type": "Feature", "properties": { "cve_edo": "21", "cve_mpo_ine": "167", "cve_edo_mpo_ine": "21167", "nom_mpo": "TEPEXCO", "nom_edo": "Puebla", "alianza_ganadora": "Otros", "margen_pp": 24.517374517374517, "por_participacion": 71.12593173793644 }, "geometry": { "type": "Polygon", "coordinates": [ [ [ -98.71170676916924, 18.574782610559922 ], [ -98.7137907812469, 18.579026976997955 ], [ -98.711707520784728, 18.588379710121405 ], [ -98.715280721394834, 18.592026365045463 ], [ -98.714980766590045, 18.595799701609611 ], [ -98.717460046464069, 18.595191624316492 ], [ -98.719197658323409, 18.604658912087981 ], [ -98.713313547447214, 18.605885543293859 ], [ -98.714957564647648, 18.612495395014335 ], [ -98.711757663891717, 18.615638673816004 ], [ -98.717684670981683, 18.627088524887164 ], [ -98.716207271173474, 18.629218076704923 ], [ -98.719366306057083, 18.636680704494218 ], [ -98.718288037033858, 18.638350037719892 ], [ -98.72060993671397, 18.638986552678539 ], [ -98.719657018954138, 18.65531987729543 ], [ -98.724735282084666, 18.658907867699835 ], [ -98.727807055288125, 18.668567010095614 ], [ -98.725523915298211, 18.675677101806514 ], [ -98.719930801503139, 18.677231984664548 ], [ -98.716507126675637, 18.681082099460923 ], [ -98.712220288064444, 18.676034982023591 ], [ -98.707840430400495, 18.677451510985925 ], [ -98.708756954182732, 18.686016667282786 ], [ -98.704329743536007, 18.688303615670744 ], [ -98.71173318757603, 18.697334208899523 ], [ -98.709210127660739, 18.708506645556703 ], [ -98.701531746514235, 18.714682873517223 ], [ -98.703537881421582, 18.722448658822866 ], [ -98.701640409361417, 18.718782954236797 ], [ -98.698432607448154, 18.721470303183075 ], [ -98.694573702084668, 18.699557088565196 ], [ -98.690361255770057, 18.695834327386841 ], [ -98.676114616217092, 18.690193194120628 ], [ -98.678395951213787, 18.682752372952304 ], [ -98.674315683070731, 18.680312041307136 ], [ -98.670879210878823, 18.673721766995151 ], [ -98.679546792833392, 18.6586288589723 ], [ -98.676297302748097, 18.648390981001192 ], [ -98.672637309689705, 18.651870076217882 ], [ -98.670141889710351, 18.651234891717493 ], [ -98.663131778537817, 18.659929280715829 ], [ -98.650326149463268, 18.663094359386648 ], [ -98.648836463974533, 18.673881754566679 ], [ -98.653466468149418, 18.678760793159586 ], [ -98.646604210903917, 18.675894704402594 ], [ -98.6451677937592, 18.671933418811665 ], [ -98.64490507211535, 18.678937473465059 ], [ -98.64183180905124, 18.683196618825814 ], [ -98.627920241399366, 18.681152378771557 ], [ -98.627809400536847, 18.676720894591703 ], [ -98.623120862752685, 18.67171759682919 ], [ -98.624215606699906, 18.666485945638627 ], [ -98.619824354291367, 18.652406834746106 ], [ -98.605361037178838, 18.66217363041816 ], [ -98.602411467564224, 18.672064842073109 ], [ -98.586195777474217, 18.680647448710953 ], [ -98.581376917896648, 18.679248646494635 ], [ -98.575874457926929, 18.673797140310427 ], [ -98.57465133992018, 18.668134615734676 ], [ -98.578733089921727, 18.665895837753364 ], [ -98.575064935524168, 18.663904727196549 ], [ -98.573743088033211, 18.659693170706557 ], [ -98.569573749401115, 18.65936431575609 ], [ -98.569180132180321, 18.650378877995369 ], [ -98.571174824666841, 18.647789391615753 ], [ -98.56704872969658, 18.646175806008294 ], [ -98.568182651900088, 18.63920417822321 ], [ -98.565483101245576, 18.635877034539174 ], [ -98.564832939285054, 18.624698654481289 ], [ -98.568408158310419, 18.623749621021933 ], [ -98.572034406567951, 18.627191222020013 ], [ -98.584085204609579, 18.628844966265099 ], [ -98.596304206818957, 18.625110640726572 ], [ -98.600539407218434, 18.626183861685814 ], [ -98.602959611691219, 18.63030063038579 ], [ -98.606941573403262, 18.629512209501335 ], [ -98.609224142926479, 18.626877769392706 ], [ -98.602847185320087, 18.615885222846053 ], [ -98.604120054393988, 18.611024598543217 ], [ -98.601760848434395, 18.607155752287706 ], [ -98.606129927410493, 18.604913230270828 ], [ -98.611476476523833, 18.596184232270954 ], [ -98.622055681780566, 18.58559975851712 ], [ -98.63178322101416, 18.586558808275235 ], [ -98.637330750372868, 18.582929823774535 ], [ -98.658598346771257, 18.589552940867534 ], [ -98.660744021780062, 18.593431096609034 ], [ -98.659088195766017, 18.598152087083427 ], [ -98.66356601602655, 18.599728180950599 ], [ -98.669253812939814, 18.59066005967637 ], [ -98.680332330063536, 18.585953202288277 ], [ -98.686775023989554, 18.587497303363243 ], [ -98.689602001751098, 18.600918378973933 ], [ -98.698097645945552, 18.600740714953051 ], [ -98.70098213489706, 18.596946748949208 ], [ -98.702976903911519, 18.581553800337687 ], [ -98.71170676916924, 18.574782610559922 ] ] ] } },
{ "type": "Feature", "properties": { "cve_edo": "21", "cve_mpo_ine": "168", "cve_edo_mpo_ine": "21168", "nom_mpo": "TEPEXI DE RODRIGUEZ", "nom_edo": "Puebla", "alianza_ganadora": "Juntos Haremos Historia", "margen_pp": 8.5158398696139344, "por_participacion": 64.640811220122472 }, "geometry": { "type": "Polygon", "coordinates": [ [ [ -97.874938465783046, 18.427778183612201 ], [ -97.880359278458855, 18.42576254833083 ], [ -97.893895008927501, 18.413810397032073 ], [ -97.883253109018298, 18.412011560562284 ], [ -97.878415912112899, 18.414185691569269 ], [ -97.871722357311285, 18.409753697387696 ], [ -97.875608428341465, 18.399636493847424 ], [ -97.890284497070354, 18.389341285005138 ], [ -97.898720761063998, 18.377384084490945 ], [ -97.891545148362738, 18.375196388531222 ], [ -97.89819110573734, 18.373661771752271 ], [ -97.897411948732795, 18.368948217237861 ], [ -97.899779158778429, 18.364981865808794 ], [ -97.887051808549543, 18.357188217920761 ], [ -97.886428928016272, 18.354751514303302 ], [ -97.879517486745939, 18.357656429922084 ], [ -97.878671375281385, 18.355719731635951 ], [ -97.871851962651135, 18.357255888362797 ], [ -97.87087086442267, 18.367543752552038 ], [ -97.861100940707814, 18.359586908595922 ], [ -97.859505473084894, 18.351237355067394 ], [ -97.873087515526763, 18.344934545812407 ], [ -97.875297534122438, 18.341923459111257 ], [ -97.884465360626265, 18.342014765516236 ], [ -97.886357694508604, 18.344062488374153 ], [ -97.893775213423623, 18.340280731418989 ], [ -97.909490557895452, 18.339914580585312 ], [ -97.912921563378802, 18.337094555399752 ], [ -97.914690871023183, 18.338729249755403 ], [ -97.922255916428355, 18.336767552013793 ], [ -97.927371812512916, 18.340637960475632 ], [ -97.940951193916831, 18.337603474332663 ], [ -97.948279736499344, 18.332163259492869 ], [ -97.954047107263861, 18.333137854294215 ], [ -97.956942005405864, 18.32924397008108 ], [ -97.959591249595206, 18.330523824291753 ], [ -97.959350290297962, 18.335366331958767 ], [ -97.962695839847044, 18.336614531716027 ], [ -97.963005301788044, 18.339393886958572 ], [ -97.96642207390812, 18.339690412495447 ], [ -97.964993053807376, 18.342403922828584 ], [ -97.967478044760938, 18.347201893985694 ], [ -97.963612961047801, 18.349964005511303 ], [ -97.965191583855102, 18.353216794718641 ], [ -97.957573457177233, 18.358990912101717 ], [ -97.954563155407413, 18.366983508697377 ], [ -97.957419542854367, 18.378455102641418 ], [ -97.949144660382728, 18.38964526807208 ], [ -97.949467546652372, 18.395613972643805 ], [ -97.951740786722823, 18.403142702296421 ], [ -97.958226540835298, 18.403896948538311 ], [ -97.963375773717871, 18.409022444254912 ], [ -97.96860733193796, 18.425000395548292 ], [ -97.969841923089831, 18.436407588528059 ], [ -97.992393002093095, 18.454532644182279 ], [ -97.999312755590296, 18.457652413932216 ], [ -98.008828070989537, 18.457660136878214 ], [ -98.019730300255716, 18.462366734161161 ], [ -98.030672690283396, 18.472747534413685 ], [ -98.039341491189973, 18.471043986031756 ], [ -98.042836782781734, 18.47867129295911 ], [ -98.059030738947058, 18.494274563945865 ], [ -98.057474096106603, 18.493549526405872 ], [ -98.049870657062257, 18.499339373070203 ], [ -98.042376869998606, 18.49575891405399 ], [ -98.045404371251507, 18.499571694702883 ], [ -98.041909680114998, 18.505912105914337 ], [ -98.042713786483432, 18.511479054681317 ], [ -98.040126166745978, 18.519531325209492 ], [ -98.047718987616918, 18.534516420394148 ], [ -98.030517205340502, 18.528072438654288 ], [ -98.03374220659687, 18.53972509350535 ], [ -98.038888389235126, 18.545846269010344 ], [ -98.038485765714057, 18.550485233873069 ], [ -98.03228375718507, 18.550279912303242 ], [ -98.023740222153648, 18.54705814992948 ], [ -98.022780765310216, 18.544847869188359 ], [ -98.017794485699085, 18.544823881241612 ], [ -98.017642942930024, 18.562403465494693 ], [ -98.026068181958934, 18.565872766845853 ], [ -98.027307363713874, 18.568957480305592 ], [ -98.01869251964419, 18.576515672080028 ], [ -98.010349729128833, 18.570973827209009 ], [ -98.009396684881921, 18.573076017025283 ], [ -98.006921926990287, 18.58117065462389 ], [ -98.020507624388415, 18.594535703856423 ], [ -98.015754387717507, 18.599158842914303 ], [ -98.000331522111523, 18.603516446956348 ], [ -97.98208926406754, 18.601159222144283 ], [ -97.965469693410668, 18.594219386967051 ], [ -97.947645910957675, 18.595679292419263 ], [ -97.947018915222472, 18.599485611767275 ], [ -97.942789152386922, 18.599138094756015 ], [ -97.942416065682806, 18.601164832025908 ], [ -97.939878817294826, 18.59996940860098 ], [ -97.931929348926829, 18.609564230786265 ], [ -97.925399085152236, 18.607350463328508 ], [ -97.922681393531349, 18.610659322913847 ], [ -97.911142630133156, 18.61419931058083 ], [ -97.907896389766833, 18.617561702746059 ], [ -97.891888707659305, 18.612276285179295 ], [ -97.890149693557021, 18.614765856096206 ], [ -97.882808799318582, 18.610778489399319 ], [ -97.879304676902336, 18.612416208385653 ], [ -97.861732977679367, 18.608622584170035 ], [ -97.860224938935204, 18.605929624382394 ], [ -97.856513664011331, 18.605767859472543 ], [ -97.856107293037496, 18.600959428494388 ], [ -97.84706128715051, 18.598771857683452 ], [ -97.844567653346061, 18.590524746166732 ], [ -97.846449205255041, 18.586208455412368 ], [ -97.844850511514863, 18.581431855432221 ], [ -97.847531198119981, 18.575137483751263 ], [ -97.852002786918206, 18.574610104757515 ], [ -97.852445417056458, 18.570090452219116 ], [ -97.847770956622725, 18.539820056167375 ], [ -97.850425315509341, 18.535347559429113 ], [ -97.855516327389722, 18.533733648932131 ], [ -97.852233089374081, 18.532337651805403 ], [ -97.863869319501248, 18.525323409129111 ], [ -97.857527945726417, 18.513500324219113 ], [ -97.871792206162553, 18.51074103284537 ], [ -97.872387299483279, 18.516568575254876 ], [ -97.880184209701213, 18.518874462341888 ], [ -97.883623147827592, 18.526551653883072 ], [ -97.885960148196546, 18.525132725852703 ], [ -97.881077341021566, 18.517020919785558 ], [ -97.882932854655024, 18.503280249968892 ], [ -97.879976463238094, 18.49871961140234 ], [ -97.889136043141235, 18.489475223822971 ], [ -97.884395427180152, 18.474772516277369 ], [ -97.894272907180181, 18.449822374954532 ], [ -97.890730337799013, 18.445834345060074 ], [ -97.873376915434235, 18.438835409589267 ], [ -97.868307811325138, 18.431923228917945 ], [ -97.872798789537072, 18.431246048476183 ], [ -97.874938465783046, 18.427778183612201 ] ] ] } },
{ "type": "Feature", "properties": { "cve_edo": "21", "cve_mpo_ine": "169", "cve_edo_mpo_ine": "21169", "nom_mpo": "TEPEYAHUALCO", "nom_edo": "Puebla", "alianza_ganadora": "Juntos Haremos Historia", "margen_pp": 21.695785213700525, "por_participacion": 78.080924855491332 }, "geometry": { "type": "Polygon", "coordinates": [ [ [ -97.498575511234719, 19.576282903856182 ], [ -97.499165001868377, 19.587283680792989 ], [ -97.489260808653341, 19.607862526961522 ], [ -97.489244002333024, 19.610348951901788 ], [ -97.4920843284754, 19.611261064095615 ], [ -97.485214818073146, 19.617849929195494 ], [ -97.4738100850835, 19.644860762595634 ], [ -97.468363014385588, 19.648926434508056 ], [ -97.457914771888653, 19.648439933987216 ], [ -97.446882823921584, 19.660983497354415 ], [ -97.427971140045003, 19.672509137619848 ], [ -97.402592493298158, 19.680400186227672 ], [ -97.394518463929941, 19.699017513151269 ], [ -97.397155291800331, 19.680375218290134 ], [ -97.396551086081857, 19.664832687357713 ], [ -97.40568180745673, 19.642932722007757 ], [ -97.409154220415502, 19.639874648468581 ], [ -97.411789006381866, 19.65430335727444 ], [ -97.417756813997784, 19.650298125584818 ], [ -97.425084989435049, 19.63983081647315 ], [ -97.426438354497307, 19.632042735029806 ], [ -97.416302671285237, 19.628412608656721 ], [ -97.420865432627025, 19.62113665907308 ], [ -97.427467845285648, 19.615898144137208 ], [ -97.427589557004111, 19.603717302857493 ], [ -97.431128405548861, 19.600687382144077 ], [ -97.433447534102157, 19.589523471414704 ], [ -97.429893348686619, 19.585716392010138 ], [ -97.431388927994306, 19.579060550114097 ], [ -97.426500776428099, 19.570971856520014 ], [ -97.426330545153007, 19.543042316852869 ], [ -97.411170518050966, 19.536836524420973 ], [ -97.40560275401225, 19.527621574017193 ], [ -97.408256779625347, 19.525287236467001 ], [ -97.404335620482627, 19.514970539961254 ], [ -97.403732090859961, 19.500751815758683 ], [ -97.401817090419868, 19.496464064601604 ], [ -97.399780509933592, 19.496442916770086 ], [ -97.400336864483251, 19.494252601221387 ], [ -97.39896133566431, 19.49282949492715 ], [ -97.370291305078027, 19.495346862783755 ], [ -97.358557795643463, 19.490043278617158 ], [ -97.356239670938976, 19.491548320506293 ], [ -97.352807388620917, 19.488391059855328 ], [ -97.352340183294686, 19.483948390150093 ], [ -97.348095406681551, 19.483862908724316 ], [ -97.346627263094689, 19.450066560092221 ], [ -97.354061878267984, 19.436328258674173 ], [ -97.36937954493591, 19.432189682334545 ], [ -97.380600307992154, 19.432639013556308 ], [ -97.390077334811906, 19.429091650259494 ], [ -97.393515194453869, 19.409155296992296 ], [ -97.372469504438641, 19.403952744152338 ], [ -97.359949324612515, 19.374701927733508 ], [ -97.364111901057072, 19.373121137823439 ], [ -97.399628014242978, 19.377395737674846 ], [ -97.401518104872636, 19.37542634216431 ], [ -97.40076356254302, 19.371399224026455 ], [ -97.408332692730028, 19.374709352683645 ], [ -97.414053467713444, 19.373235022040586 ], [ -97.425972281193154, 19.381354254212237 ], [ -97.439061015453319, 19.369139144012024 ], [ -97.447129982558394, 19.366112899181346 ], [ -97.450183748067758, 19.352013612829037 ], [ -97.452760935320853, 19.350811373196475 ], [ -97.454292896543862, 19.352423420001962 ], [ -97.461147052035301, 19.346936897730505 ], [ -97.479044040989564, 19.338461484769489 ], [ -97.488071907905635, 19.345512134297032 ], [ -97.494218918998172, 19.363017864245244 ], [ -97.514125543968362, 19.378171386111202 ], [ -97.527032936669784, 19.382564472557167 ], [ -97.547007574158854, 19.384869434923974 ], [ -97.56008360946204, 19.381388531636059 ], [ -97.557160896573109, 19.390850264095977 ], [ -97.559441991839833, 19.398330816328638 ], [ -97.565023748892116, 19.402693224409951 ], [ -97.575728419612219, 19.39831863463105 ], [ -97.582167481219514, 19.399580674377297 ], [ -97.582383173707726, 19.392330897392377 ], [ -97.602112354815759, 19.382900341035771 ], [ -97.604187317743282, 19.384286982909845 ], [ -97.603897598897163, 19.392779334794938 ], [ -97.611478036937243, 19.401619025587504 ], [ -97.600657381092503, 19.417198433078124 ], [ -97.577373410813834, 19.435214474896739 ], [ -97.560269070669904, 19.439404123044639 ], [ -97.53928605279242, 19.454618856631125 ], [ -97.542020261849174, 19.462974133035523 ], [ -97.554623380966476, 19.473039735939221 ], [ -97.568121204842072, 19.494259880979911 ], [ -97.580343061662788, 19.494755311929314 ], [ -97.580805555555301, 19.497611111142035 ], [ -97.553917482144826, 19.507012192822856 ], [ -97.53601520901816, 19.528052135681627 ], [ -97.530127700359657, 19.523687392603765 ], [ -97.515103582950658, 19.51877885616458 ], [ -97.505710199038418, 19.520272640570717 ], [ -97.508097888282293, 19.53273922435034 ], [ -97.503984943113835, 19.537646480792858 ], [ -97.501947297321209, 19.565589825274039 ], [ -97.498575511234719, 19.576282903856182 ] ] ] } },
{ "type": "Feature", "properties": { "cve_edo": "21", "cve_mpo_ine": "170", "cve_edo_mpo_ine": "21170", "nom_mpo": "TEPEYAHUALCO DE CUAUHTEMOC", "nom_edo": "Puebla", "alianza_ganadora": "Juntos Haremos Historia", "margen_pp": 20.666666666666668, "por_participacion": 74.65339495200854 }, "geometry": { "type": "Polygon", "coordinates": [ [ [ -97.879170744138335, 18.822519552209542 ], [ -97.879905946370755, 18.832095909333574 ], [ -97.878485947847267, 18.834725717661975 ], [ -97.874553220718894, 18.834455999585106 ], [ -97.871669140186086, 18.828291984067342 ], [ -97.861301458468091, 18.822750268397328 ], [ -97.853307557895491, 18.821341041901434 ], [ -97.85493418193505, 18.811963136940296 ], [ -97.846418868763678, 18.811751521840499 ], [ -97.85540166337681, 18.803493514291429 ], [ -97.854017032638041, 18.791965411757875 ], [ -97.856290099833117, 18.783490223922936 ], [ -97.869326902079365, 18.785602824355454 ], [ -97.868619809258689, 18.791154589645178 ], [ -97.871450176541515, 18.796758322989962 ], [ -97.886087552327893, 18.800643435179957 ], [ -97.884541936733811, 18.804464391044302 ], [ -97.886787371731614, 18.813931128537078 ], [ -97.883892175891063, 18.822705873401976 ], [ -97.879170744138335, 18.822519552209542 ] ] ] } },
{ "type": "Feature", "properties": { "cve_edo": "21", "cve_mpo_ine": "171", "cve_edo_mpo_ine": "21171", "nom_mpo": "TETELA DE OCAMPO", "nom_edo": "Puebla", "alianza_ganadora": "Juntos Haremos Historia", "margen_pp": 23.502086979938063, "por_participacion": 75.005049484952536 }, "geometry": { "type": "Polygon", "coordinates": [ [ [ -97.664982629368509, 19.869597918087678 ], [ -97.663426317677221, 19.866039652971086 ], [ -97.672738522092942, 19.863657972707372 ], [ -97.676927296387703, 19.857322495291168 ], [ -97.671336686185626, 19.845943322441546 ], [ -97.672787075592183, 19.830392774777525 ], [ -97.671155939844709, 19.824332828839747 ], [ -97.676798726973956, 19.819162360395374 ], [ -97.673597067631789, 19.814964987254129 ], [ -97.681043367037191, 19.810338129444798 ], [ -97.679587690723039, 19.807348067524675 ], [ -97.683426671710833, 19.804163781728008 ], [ -97.725489262058701, 19.797543306930088 ], [ -97.73473587036257, 19.791383365351141 ], [ -97.735664229039202, 19.787818186976889 ], [ -97.744159403230242, 19.78928824365018 ], [ -97.754803338212639, 19.785826321366354 ], [ -97.75270578409517, 19.781964391005499 ], [ -97.754101683745475, 19.781552493576502 ], [ -97.747932625045962, 19.77855310198909 ], [ -97.740713465246358, 19.771237420054582 ], [ -97.743563353566515, 19.770496875739383 ], [ -97.741757298393338, 19.766884330048601 ], [ -97.743266835277325, 19.763071450385301 ], [ -97.739771944982039, 19.756717657824719 ], [ -97.749080953040163, 19.759516484695229 ], [ -97.761762041341399, 19.75991587749203 ], [ -97.765128953790992, 19.752290396177116 ], [ -97.76425179956766, 19.747103682463937 ], [ -97.77082234271775, 19.744959774823123 ], [ -97.772677681622909, 19.738782920723601 ], [ -97.766270871696136, 19.72889810964249 ], [ -97.764762202441574, 19.732669764729735 ], [ -97.760749924940598, 19.733449827498248 ], [ -97.752887187122965, 19.719994393367152 ], [ -97.753116208970255, 19.715722460210667 ], [ -97.759977650109377, 19.71507275279431 ], [ -97.765960325221954, 19.707452423515033 ], [ -97.775551409724414, 19.703737962818256 ], [ -97.787188129778158, 19.710313862114038 ], [ -97.791196992655927, 19.707002870413682 ], [ -97.795136909591051, 19.694109705527794 ], [ -97.803888888888636, 19.700111111144285 ], [ -97.804416666666413, 19.703388888922142 ], [ -97.812419420596939, 19.704966634969807 ], [ -97.807729388128578, 19.721965465452531 ], [ -97.798437161593469, 19.733314519968072 ], [ -97.800709484800464, 19.736927391271497 ], [ -97.814953530662009, 19.732431046410227 ], [ -97.824090543039134, 19.737050822241667 ], [ -97.82728783247164, 19.73581170293842 ], [ -97.829968487340281, 19.739798234029287 ], [ -97.835901001606501, 19.739724866336523 ], [ -97.840664824112636, 19.735708798871634 ], [ -97.849392239053316, 19.737920795612322 ], [ -97.849004184977545, 19.751277015697884 ], [ -97.850695034614773, 19.754058807631999 ], [ -97.846050540429744, 19.760439703294136 ], [ -97.846470567248815, 19.769566098886798 ], [ -97.858351576042097, 19.778709895323253 ], [ -97.860520619368884, 19.789788466963302 ], [ -97.870368461601657, 19.799592225764801 ], [ -97.872122273593192, 19.804904261588472 ], [ -97.876894888052476, 19.805699100039458 ], [ -97.892812391774001, 19.802023407018961 ], [ -97.898347172951219, 19.804960648540565 ], [ -97.892279256892152, 19.810116315443512 ], [ -97.891732304104494, 19.815273850616084 ], [ -97.88721433066857, 19.817991519695298 ], [ -97.891650112588252, 19.825878777529471 ], [ -97.891483613327509, 19.830731827206691 ], [ -97.898293957872824, 19.831487323181989 ], [ -97.892249662470164, 19.836415719479117 ], [ -97.915010360404594, 19.839057492792783 ], [ -97.910826728126779, 19.842868737842181 ], [ -97.911008730436677, 19.847017067071743 ], [ -97.907051048011539, 19.847095188229975 ], [ -97.902346610809317, 19.852896654056462 ], [ -97.895705961097278, 19.849777081925566 ], [ -97.896000831045157, 19.852058913037247 ], [ -97.890995757433501, 19.85238419416163 ], [ -97.890537037901552, 19.856573145943244 ], [ -97.887685055568312, 19.856652292413767 ], [ -97.885423259624829, 19.861751362198472 ], [ -97.879249058130156, 19.859129579109549 ], [ -97.868375598503434, 19.866580580262941 ], [ -97.855800417330371, 19.865234444229426 ], [ -97.855058644581916, 19.875727822865638 ], [ -97.851070833569665, 19.88475685073449 ], [ -97.846406692800301, 19.885565619693324 ], [ -97.840262251814735, 19.891314095696895 ], [ -97.834817893858741, 19.889348530196411 ], [ -97.83273006623682, 19.891181836478982 ], [ -97.832557481460029, 19.883803553980098 ], [ -97.826688915948083, 19.871973280277729 ], [ -97.822763360025803, 19.870042141272105 ], [ -97.819605401838842, 19.861474729628814 ], [ -97.811574983963254, 19.864784607562044 ], [ -97.801467957816044, 19.863584384739465 ], [ -97.784679861266042, 19.866681453222871 ], [ -97.775420724944453, 19.861620938826832 ], [ -97.770535142246018, 19.864045379298336 ], [ -97.763467273660865, 19.863328002030805 ], [ -97.770361754633967, 19.880544975551178 ], [ -97.764233858554519, 19.888943697790019 ], [ -97.755004996578052, 19.896484044639571 ], [ -97.750424014177739, 19.897767752002569 ], [ -97.746000556032882, 19.894530005784084 ], [ -97.74083322037248, 19.898612807006529 ], [ -97.732143761421327, 19.899973140149022 ], [ -97.730099444826052, 19.891400101085274 ], [ -97.732156757427532, 19.876593124733326 ], [ -97.724148529648033, 19.88346384524154 ], [ -97.718022342598417, 19.883943177179333 ], [ -97.715995951141295, 19.886396614056427 ], [ -97.713659807202987, 19.88623961625219 ], [ -97.713118606509894, 19.88392025491758 ], [ -97.706722709353741, 19.887675033498798 ], [ -97.701519734415939, 19.886575112630819 ], [ -97.698554031665267, 19.888285644652097 ], [ -97.686588619355192, 19.879789946853421 ], [ -97.685955834036349, 19.872413568984346 ], [ -97.683266431560128, 19.871760025790682 ], [ -97.682463822863696, 19.873959931522279 ], [ -97.679345331647809, 19.873408310231223 ], [ -97.676964102803495, 19.889731772580824 ], [ -97.666568097604141, 19.897934677832318 ], [ -97.664203789927768, 19.911415062343782 ], [ -97.653829675268554, 19.914269630409684 ], [ -97.640030209855368, 19.911041564587556 ], [ -97.638502007619692, 19.909430030000305 ], [ -97.640903900555344, 19.90608807736988 ], [ -97.648413908687104, 19.903246617910881 ], [ -97.64916926805526, 19.891054305653196 ], [ -97.654757643046409, 19.88982495958199 ], [ -97.658889733795149, 19.883946104291812 ], [ -97.663255761053222, 19.884579737525161 ], [ -97.664982629368509, 19.869597918087678 ] ] ] } },
{ "type": "Feature", "properties": { "cve_edo": "21", "cve_mpo_ine": "172", "cve_edo_mpo_ine": "21172", "nom_mpo": "TETELES DE AVILA CASTILLO", "nom_edo": "Puebla", "alianza_ganadora": "Juntos Haremos Historia", "margen_pp": 55.966960979777838, "por_participacion": 76.193576388888886 }, "geometry": { "type": "Polygon", "coordinates": [ [ [ -97.436331923595105, 19.84910005549969 ], [ -97.438735523697517, 19.846716986060549 ], [ -97.448873517271849, 19.851976467698556 ], [ -97.451074412441557, 19.847050549277547 ], [ -97.458887079340357, 19.848475181244471 ], [ -97.464611339077734, 19.847020741598335 ], [ -97.465665043597696, 19.852109638272509 ], [ -97.468255492062369, 19.853790247563591 ], [ -97.468079433246274, 19.861217113300579 ], [ -97.462077169210147, 19.865338550883465 ], [ -97.462343428946696, 19.869130256945439 ], [ -97.460548934467852, 19.869414180180577 ], [ -97.45243676209185, 19.86601190894697 ], [ -97.448205454744567, 19.866837680550006 ], [ -97.437364867769617, 19.859457740506983 ], [ -97.431064208225067, 19.86271377955898 ], [ -97.418727917510893, 19.862410715757665 ], [ -97.419915668732628, 19.851879669055322 ], [ -97.430952156312713, 19.84837953631315 ], [ -97.436331923595105, 19.84910005549969 ] ] ] } },
{ "type": "Feature", "properties": { "cve_edo": "21", "cve_mpo_ine": "173", "cve_edo_mpo_ine": "21173", "nom_mpo": "TEZIUTLAN", "nom_edo": "Puebla", "alianza_ganadora": "Juntos Haremos Historia", "margen_pp": 8.2603369773730559, "por_participacion": 57.368072129408645 }, "geometry": { "type": "Polygon", "coordinates": [ [ [ -97.351702018186856, 19.790448788638088 ], [ -97.362301349647254, 19.782228589098825 ], [ -97.364719610650923, 19.777013748570738 ], [ -97.373214318169346, 19.776788693965187 ], [ -97.376201029155055, 19.78056809492977 ], [ -97.378879266156062, 19.769303231367946 ], [ -97.381675062733805, 19.769849556003511 ], [ -97.380991371038192, 19.761227788814406 ], [ -97.392242746591265, 19.763076724316015 ], [ -97.388482771583057, 19.780792058874869 ], [ -97.373972447503903, 19.799934193422107 ], [ -97.374455477777985, 19.804642701955288 ], [ -97.38008894824155, 19.801774377735295 ], [ -97.380319796161146, 19.803821670444449 ], [ -97.376081098917496, 19.817253567311578 ], [ -97.369836543186764, 19.816494940814771 ], [ -97.374653338867105, 19.820645506568667 ], [ -97.369296319403745, 19.83439444383578 ], [ -97.371841330498995, 19.83968528800634 ], [ -97.369547521862771, 19.8451330087656 ], [ -97.376579738379647, 19.845944490172439 ], [ -97.387775142399988, 19.856722382644662 ], [ -97.396207353812827, 19.853158344668145 ], [ -97.395497667689455, 19.854836678723341 ], [ -97.397482545175592, 19.855370320905308 ], [ -97.405848932315251, 19.853881147323094 ], [ -97.405107555072576, 19.862120847973298 ], [ -97.398337417225321, 19.87292846331826 ], [ -97.40388304713818, 19.875140458863822 ], [ -97.403139696903651, 19.880743814882742 ], [ -97.399075433322395, 19.884094840015216 ], [ -97.393244677732753, 19.896746986444143 ], [ -97.385165512659555, 19.896592776191238 ], [ -97.37762380861102, 19.902892007691047 ], [ -97.369850460739343, 19.900966851182972 ], [ -97.367065888005527, 19.905291641028676 ], [ -97.368506598306027, 19.908375845584683 ], [ -97.364805604355709, 19.909956894753321 ], [ -97.369768715645151, 19.927441411100041 ], [ -97.369443320949813, 19.931772117514367 ], [ -97.364828781048161, 19.937920357357388 ], [ -97.369473088685112, 19.961020021596148 ], [ -97.362631006847863, 19.964350397317766 ], [ -97.361714225768637, 19.971375746088913 ], [ -97.354324945285967, 19.970494532649965 ], [ -97.353795164862987, 19.973285081701945 ], [ -97.357268772512342, 19.977057554565665 ], [ -97.351453477919037, 19.978800667838975 ], [ -97.347090845141778, 19.978223636059063 ], [ -97.34279779602781, 19.972005479321393 ], [ -97.347784783296916, 19.968187662039952 ], [ -97.346712646205233, 19.96400761017323 ], [ -97.341312965474756, 19.962875354072775 ], [ -97.33963085110382, 19.959878029909056 ], [ -97.343073003864831, 19.954712999413058 ], [ -97.338506554960972, 19.940005449276949 ], [ -97.340647899445557, 19.930450055091672 ], [ -97.323040036637281, 19.935303667126178 ], [ -97.323130757730524, 19.928757004428064 ], [ -97.326755717158036, 19.92067162806584 ], [ -97.331734800715282, 19.917142323380251 ], [ -97.332936933963566, 19.907857400345844 ], [ -97.33847642109501, 19.897584171964343 ], [ -97.337390349276731, 19.881171784697962 ], [ -97.341657379071208, 19.878122792964234 ], [ -97.341100468637606, 19.871810854824854 ], [ -97.332859090186446, 19.867576793410787 ], [ -97.332270305298294, 19.865259207707513 ], [ -97.326285421214507, 19.869510782181891 ], [ -97.320611111110694, 19.868138888923951 ], [ -97.310305555555118, 19.875944444479575 ], [ -97.302274435656813, 19.876752706070558 ], [ -97.301274707933544, 19.874129675018644 ], [ -97.304291607174932, 19.863552244442804 ], [ -97.312313976721612, 19.857916792636463 ], [ -97.313850270376236, 19.850172253816048 ], [ -97.320572232038259, 19.843479728963565 ], [ -97.317911063998949, 19.840240061687872 ], [ -97.317909989426681, 19.834271732830686 ], [ -97.32382902031425, 19.817879425593567 ], [ -97.335084225804479, 19.81020537227732 ], [ -97.337911047601708, 19.804950776074115 ], [ -97.345001972105308, 19.802982476230646 ], [ -97.347197748658203, 19.794602614496704 ], [ -97.350943648942405, 19.788887396560501 ], [ -97.351702018186856, 19.790448788638088 ] ] ] } },
{ "type": "Feature", "properties": { "cve_edo": "21", "cve_mpo_ine": "174", "cve_edo_mpo_ine": "21174", "nom_mpo": "TIANGUISMANALCO", "nom_edo": "Puebla", "alianza_ganadora": "Juntos Haremos Historia", "margen_pp": 44.482173174872663, "por_participacion": 68.377060599024844 }, "geometry": { "type": "Polygon", "coordinates": [ [ [ -98.434128212872395, 19.040797485106602 ], [ -98.423077100472852, 19.033596970568897 ], [ -98.418538088693339, 19.011911436490063 ], [ -98.406547355276302, 18.989091798302642 ], [ -98.40939663191746, 18.971913002993343 ], [ -98.415203051975396, 18.963329746493887 ], [ -98.411133783753499, 18.956404136042895 ], [ -98.413278195175337, 18.954419830130476 ], [ -98.412010804039582, 18.952583261561976 ], [ -98.42128375762573, 18.95137752773525 ], [ -98.422694218694986, 18.945363715206962 ], [ -98.42658272082214, 18.943478495867776 ], [ -98.42822981838944, 18.938868190931313 ], [ -98.432961662755076, 18.938326013703538 ], [ -98.435729076530038, 18.941826495060159 ], [ -98.440577693442918, 18.940168357489505 ], [ -98.443717224983061, 18.933092034074516 ], [ -98.449784230085626, 18.935709335939869 ], [ -98.454305207541339, 18.934492483393768 ], [ -98.453421098086039, 18.942543672338655 ], [ -98.465147977231169, 18.941593930662524 ], [ -98.463982358501738, 18.948650015596797 ], [ -98.46914730381053, 18.952711794972064 ], [ -98.469678037305812, 18.957136491844349 ], [ -98.478616559644337, 18.961813601322589 ], [ -98.484659851505171, 18.974165157959611 ], [ -98.485999624927132, 18.971664062261034 ], [ -98.488805323115173, 18.971702909364812 ], [ -98.527874331919676, 18.978739362697851 ], [ -98.535892184822657, 18.9867600175739 ], [ -98.54325403271595, 18.985603449530814 ], [ -98.54341236694242, 18.976467968883544 ], [ -98.546146272367295, 18.981492396858261 ], [ -98.554749519260056, 18.985641724380585 ], [ -98.575189818428726, 19.003033421100049 ], [ -98.5749423304826, 19.004739319275888 ], [ -98.572025888996492, 19.003524204567647 ], [ -98.568288498971128, 19.005117814018046 ], [ -98.566825912855592, 19.012791301342023 ], [ -98.571317624820153, 19.019048031946834 ], [ -98.575229394158058, 19.020697645863297 ], [ -98.575276500877138, 19.025800572087984 ], [ -98.582120355455629, 19.03626847446807 ], [ -98.581119102512304, 19.037666772745428 ], [ -98.560066176574807, 19.033541485900155 ], [ -98.551283081465499, 19.027817691140605 ], [ -98.538478780049488, 19.02536234980813 ], [ -98.534318657137845, 19.022451905905001 ], [ -98.521153849508181, 19.026935789117601 ], [ -98.502992713082762, 19.025958501955323 ], [ -98.492220762439743, 19.041867012318924 ], [ -98.492718082188304, 19.046583591149844 ], [ -98.48562701390145, 19.055789228883683 ], [ -98.485965002204779, 19.064436252957467 ], [ -98.483948795650164, 19.065256505668117 ], [ -98.476234654514144, 19.062852608370484 ], [ -98.451767367695595, 19.044897923144426 ], [ -98.437091717739676, 19.045946186995881 ], [ -98.432745794416817, 19.042290996413701 ], [ -98.434128212872395, 19.040797485106602 ] ] ] } },
{ "type": "Feature", "properties": { "cve_edo": "21", "cve_mpo_ine": "175", "cve_edo_mpo_ine": "21175", "nom_mpo": "TILAPA", "nom_edo": "Puebla", "alianza_ganadora": "Juntos Haremos Historia", "margen_pp": 23.123732251521297, "por_participacion": 70.600028640985244 }, "geometry": { "type": "Polygon", "coordinates": [ [ [ -98.559442855051074, 18.574666152042262 ], [ -98.563464655977128, 18.57642046914977 ], [ -98.570794683614835, 18.575731075118529 ], [ -98.57369481236536, 18.569179765322914 ], [ -98.590715423657144, 18.581517692043505 ], [ -98.594874600757592, 18.588453857640758 ], [ -98.60660812159594, 18.591895064357445 ], [ -98.611476476522498, 18.596184232785294 ], [ -98.606129927410493, 18.604913230270828 ], [ -98.601760848435816, 18.607155751774801 ], [ -98.604120054395381, 18.611024598030731 ], [ -98.60284718532148, 18.615885222334267 ], [ -98.609290322767492, 18.627581317891249 ], [ -98.604930983162021, 18.630693754658893 ], [ -98.600539407218434, 18.626183861685814 ], [ -98.595783685499725, 18.62511620273543 ], [ -98.588591141443956, 18.628341357528928 ], [ -98.58142276965809, 18.628707518293361 ], [ -98.572034406567951, 18.627191222020013 ], [ -98.56661719032185, 18.623934194312795 ], [ -98.563584065485799, 18.626741698760959 ], [ -98.568182651900088, 18.63920417822321 ], [ -98.566743180972153, 18.644770515140973 ], [ -98.56143079641221, 18.645613464777394 ], [ -98.560084232470572, 18.649231712301422 ], [ -98.552185529277452, 18.646538823143878 ], [ -98.54869613897813, 18.660038866022035 ], [ -98.538471505704067, 18.651279948336487 ], [ -98.537417152314944, 18.645076916459896 ], [ -98.524003388741207, 18.645712655838931 ], [ -98.518132715904983, 18.643246018765289 ], [ -98.512636470160672, 18.64831495089236 ], [ -98.513610712433675, 18.65775015693692 ], [ -98.509494750061393, 18.657005165738138 ], [ -98.500219206474142, 18.650140135882449 ], [ -98.497571018044852, 18.656463820827767 ], [ -98.497941857346859, 18.663751044429322 ], [ -98.488897035196487, 18.667198193675542 ], [ -98.484824081360102, 18.665126593765031 ], [ -98.481792226624393, 18.647385411275256 ], [ -98.48735216205128, 18.632374503888943 ], [ -98.482422022243625, 18.625961794587788 ], [ -98.485976022405396, 18.623067528048409 ], [ -98.492577954578891, 18.623787824756235 ], [ -98.496236750196019, 18.61993949014083 ], [ -98.496085401708413, 18.616751206104912 ], [ -98.509512132299577, 18.591799939036267 ], [ -98.503664570976937, 18.586059979386022 ], [ -98.506849473502612, 18.581304839310587 ], [ -98.511374313560594, 18.577447298601442 ], [ -98.515551350816168, 18.578647257230607 ], [ -98.523497090650778, 18.575624220830825 ], [ -98.52967642150513, 18.569843526323098 ], [ -98.536299642191722, 18.577645989871101 ], [ -98.546557598835577, 18.576719284594283 ], [ -98.554692085884085, 18.58130186208361 ], [ -98.556411572545201, 18.579303355775771 ], [ -98.559500640018683, 18.582362230515077 ], [ -98.559442855051074, 18.574666152042262 ] ] ] } },
{ "type": "Feature", "properties": { "cve_edo": "21", "cve_mpo_ine": "176", "cve_edo_mpo_ine": "21176", "nom_mpo": "TLACOTEPEC DE BENITO JUAREZ", "nom_edo": "Puebla", "alianza_ganadora": "Juntos Haremos Historia", "margen_pp": 19.58011996572408, "por_participacion": 57.226142152722915 }, "geometry": { "type": "Polygon", "coordinates": [ [ [ -97.721820754941405, 18.69056711428793 ], [ -97.713898013295605, 18.696386801433661 ], [ -97.719137629618729, 18.702606940279299 ], [ -97.713986609875477, 18.703201928184523 ], [ -97.70826269874496, 18.708790180105343 ], [ -97.710713220459695, 18.716860564949894 ], [ -97.70654328473762, 18.717100989602052 ], [ -97.699945808985802, 18.708438574471923 ], [ -97.69661915776399, 18.707366796812448 ], [ -97.694679952137378, 18.708517582551345 ], [ -97.696170974157624, 18.713390557465281 ], [ -97.691949763710213, 18.71552361534922 ], [ -97.688447496239178, 18.721091016514663 ], [ -97.678282485013114, 18.720479854573078 ], [ -97.674585578441665, 18.718097765201641 ], [ -97.662387189554977, 18.73739967222258 ], [ -97.651867084233245, 18.729411543422628 ], [ -97.650298848412348, 18.722106689016066 ], [ -97.633482580838191, 18.736584438013171 ], [ -97.628387246893837, 18.73674581403597 ], [ -97.621810035786851, 18.740387179158233 ], [ -97.619255276184973, 18.747191093747006 ], [ -97.597292832555581, 18.762336867142245 ], [ -97.590794319398213, 18.761820455797043 ], [ -97.588237060663573, 18.756689468310157 ], [ -97.569493777628892, 18.751322832428325 ], [ -97.558522091902219, 18.741245395837087 ], [ -97.545700199688838, 18.734704495487556 ], [ -97.541054312795794, 18.730069057551432 ], [ -97.532585035497661, 18.729349738846508 ], [ -97.525860463397663, 18.73728741087902 ], [ -97.523628035505695, 18.726593937648268 ], [ -97.482297340775631, 18.693336079945851 ], [ -97.477846823333138, 18.686493859119697 ], [ -97.484664668714515, 18.683528738458378 ], [ -97.490383166956462, 18.67501260241222 ], [ -97.490208687170721, 18.670085041573508 ], [ -97.508375365534931, 18.661707170348546 ], [ -97.512880720980448, 18.663133070245379 ], [ -97.516805522837984, 18.661007400674595 ], [ -97.518148196178458, 18.657594012758548 ], [ -97.516338225990935, 18.646319694034812 ], [ -97.531369540000142, 18.625366324933772 ], [ -97.537461591221259, 18.624160976857976 ], [ -97.543794655626499, 18.634293705198157 ], [ -97.561026392897162, 18.609331950912338 ], [ -97.574246985770401, 18.602764444930173 ], [ -97.575613748734995, 18.597363224742356 ], [ -97.609296586349103, 18.589540436508521 ], [ -97.609592914697814, 18.593385759156416 ], [ -97.613089978445345, 18.597225027295138 ], [ -97.621180007561222, 18.598480059062624 ], [ -97.624036400807213, 18.597040321737165 ], [ -97.624520086123312, 18.591632390139853 ], [ -97.621255574434343, 18.587789859921283 ], [ -97.647711546409226, 18.596873891190551 ], [ -97.654885763330427, 18.590887842193414 ], [ -97.656848388285212, 18.586470336795909 ], [ -97.654423709718785, 18.577234230798641 ], [ -97.66275936166906, 18.581537854464109 ], [ -97.66738730460186, 18.586807970512758 ], [ -97.683959477250426, 18.562008589593582 ], [ -97.682525086731289, 18.573497188016329 ], [ -97.687593753734802, 18.58070576587977 ], [ -97.691685493845782, 18.595463271164657 ], [ -97.694326829699719, 18.586522748301515 ], [ -97.701953911941587, 18.579906876747724 ], [ -97.708233267823118, 18.569378648743278 ], [ -97.725668594054909, 18.578258946040773 ], [ -97.736562904732992, 18.578959774909354 ], [ -97.742494400466484, 18.575348991393184 ], [ -97.750568119305072, 18.57783147776339 ], [ -97.744037695276859, 18.580458289689044 ], [ -97.742136054794912, 18.588270512708455 ], [ -97.738416720227505, 18.5885765906153 ], [ -97.759380806305714, 18.603464167678592 ], [ -97.752052734953892, 18.605663484461552 ], [ -97.746264564770897, 18.610422720504182 ], [ -97.744954131002103, 18.629638654792565 ], [ -97.734295180217387, 18.643011738287772 ], [ -97.731714508209976, 18.653887088123195 ], [ -97.72844923133492, 18.652342754123584 ], [ -97.721112756969148, 18.670329805814447 ], [ -97.724224630483448, 18.673719978761291 ], [ -97.718650616754189, 18.680438795370357 ], [ -97.721820754941405, 18.69056711428793 ] ] ] } },
{ "type": "Feature", "properties": { "cve_edo": "21", "cve_mpo_ine": "178", "cve_edo_mpo_ine": "21178", "nom_mpo": "TLACUILOTEPEC", "nom_edo": "Puebla", "alianza_ganadora": "Va por México", "margen_pp": 16.41993445587072, "por_participacion": 73.180615282831624 }, "geometry": { "type": "Polygon", "coordinates": [ [ [ -98.115829919629235, 20.352787046089031 ], [ -98.116450501718106, 20.356347503890817 ], [ -98.113065741761119, 20.360528589105712 ], [ -98.115453242194832, 20.363636155257602 ], [ -98.108223868327386, 20.364128896723546 ], [ -98.105538996092307, 20.367564758032625 ], [ -98.109962878096098, 20.375229402322972 ], [ -98.102092022842058, 20.375307324000122 ], [ -98.095730350802199, 20.382136686136608 ], [ -98.092169731699926, 20.379283874785539 ], [ -98.086890926172444, 20.380144194969557 ], [ -98.081117747084818, 20.378138651039968 ], [ -98.085891451714502, 20.366306543937544 ], [ -98.065188566519538, 20.362760093305731 ], [ -98.059890903577298, 20.355101403684589 ], [ -98.042431176569309, 20.366288918146665 ], [ -98.03029141234515, 20.36838867485265 ], [ -98.013297995795, 20.387638939481391 ], [ -98.002030279893745, 20.388859271298877 ], [ -98.002827835203206, 20.393095424318751 ], [ -98.008189270940747, 20.395105596274465 ], [ -98.014666340296287, 20.404301581648834 ], [ -98.008988891134663, 20.406865853817497 ], [ -98.012182102303242, 20.409468741008642 ], [ -98.014246259376023, 20.41773075732192 ], [ -98.019733955813905, 20.420696086378964 ], [ -98.017606470999453, 20.426401910613265 ], [ -98.024264468808482, 20.428737651144914 ], [ -98.030352972752269, 20.440429295749084 ], [ -98.028827409513696, 20.447878102778429 ], [ -98.020965356246904, 20.449331448340075 ], [ -98.017484976151437, 20.454919367329381 ], [ -98.012845264183667, 20.45523367571397 ], [ -98.015285686715742, 20.459087401012326 ], [ -98.012433173803188, 20.462427280661043 ], [ -98.01428570993815, 20.466242394717955 ], [ -98.012820284370846, 20.466707007184745 ], [ -98.007046675964475, 20.465491694169934 ], [ -97.997563295313157, 20.454769209674193 ], [ -98.00436358756744, 20.445424007334712 ], [ -98.000569954567169, 20.441285857574016 ], [ -98.002815619325403, 20.428221883886174 ], [ -97.999620208763105, 20.425369413289356 ], [ -97.989600966452159, 20.421386440245389 ], [ -97.980174396358365, 20.425464505389581 ], [ -97.970527318810483, 20.423931242006756 ], [ -97.960465471967339, 20.429507728543342 ], [ -97.954240653908485, 20.437518241897958 ], [ -97.949259375388777, 20.439121874178515 ], [ -97.941004857254498, 20.435418124369502 ], [ -97.930245616369675, 20.442243037896848 ], [ -97.913209487521385, 20.434753365085442 ], [ -97.917584827655674, 20.430577771339831 ], [ -97.921171662769382, 20.4309773681053 ], [ -97.924284988243372, 20.422808971376377 ], [ -97.916033095796664, 20.419444343518418 ], [ -97.911219027298998, 20.414788038195468 ], [ -97.90620083432286, 20.416536636488875 ], [ -97.901545679433468, 20.414603400745143 ], [ -97.898285212210425, 20.410585542017905 ], [ -97.897590873101237, 20.404973177090483 ], [ -97.885686261939455, 20.396526071219974 ], [ -97.893533847172506, 20.392390644318475 ], [ -97.897890482760829, 20.383752716394351 ], [ -97.907531377797426, 20.374854738786734 ], [ -97.919136166689071, 20.369720267019787 ], [ -97.926653020813148, 20.369224256354698 ], [ -97.931312842396608, 20.359060817077669 ], [ -97.937917522212274, 20.355135888826403 ], [ -97.946643894955713, 20.364833590274735 ], [ -97.951970352132932, 20.359251541074563 ], [ -97.957425764354554, 20.359609699638789 ], [ -97.960402911031991, 20.354180251647414 ], [ -97.957076605642527, 20.351770764546483 ], [ -97.956498249132579, 20.343229424641834 ], [ -97.961482688641112, 20.343708754131203 ], [ -97.96470053171528, 20.337455473468736 ], [ -97.969802184596574, 20.337935157700631 ], [ -97.970779542658619, 20.332990314248352 ], [ -97.976160145738987, 20.327737693865735 ], [ -97.971755143530032, 20.320703239398672 ], [ -97.973295693354316, 20.318772347954095 ], [ -97.977745314008985, 20.320032207034199 ], [ -97.98341156280496, 20.308057243958487 ], [ -97.990784489025771, 20.318323520235285 ], [ -98.001867542196834, 20.326957734175831 ], [ -98.01490727553184, 20.325317230832045 ], [ -98.027205497664866, 20.328621727639359 ], [ -98.032954882976341, 20.328051705599712 ], [ -98.045210801830549, 20.32176053473755 ], [ -98.040140636640075, 20.308990979657125 ], [ -98.041356258804782, 20.300306824545846 ], [ -98.051212468105589, 20.29381987702569 ], [ -98.056949152909652, 20.294725088005649 ], [ -98.05913881296496, 20.298581581507413 ], [ -98.065870841129609, 20.299651127447785 ], [ -98.07023065940426, 20.303462889496604 ], [ -98.07029639209712, 20.308691826995098 ], [ -98.076540622352667, 20.323664279879829 ], [ -98.083264377957178, 20.324962746550639 ], [ -98.083965780791857, 20.330687188018878 ], [ -98.085420975525466, 20.333251815698592 ], [ -98.087765720640377, 20.33300403344845 ], [ -98.088479000911377, 20.336734920531139 ], [ -98.08238115684884, 20.338056138813066 ], [ -98.089000615785764, 20.338834532514014 ], [ -98.093368536203371, 20.341981749620857 ], [ -98.09988499304383, 20.341307386994263 ], [ -98.098577388651137, 20.349153055914986 ], [ -98.108851468737996, 20.341998246935741 ], [ -98.102817260514712, 20.353462267499918 ], [ -98.113425192296546, 20.354317187443975 ], [ -98.115829919629235, 20.352787046089031 ] ] ] } },
{ "type": "Feature", "properties": { "cve_edo": "21", "cve_mpo_ine": "179", "cve_edo_mpo_ine": "21179", "nom_mpo": "TLACHICHUCA", "nom_edo": "Puebla", "alianza_ganadora": "Juntos Haremos Historia", "margen_pp": 25.256584642018055, "por_participacion": 72.447928331466954 }, "geometry": { "type": "Polygon", "coordinates": [ [ [ -97.255150251494911, 19.0795658316766 ], [ -97.256038488767217, 19.070009003600731 ], [ -97.259322130419704, 19.065089945168697 ], [ -97.268522698007331, 19.029508012362545 ], [ -97.290698773270179, 19.030789472011836 ], [ -97.305653283084681, 19.029235626587745 ], [ -97.312343419854329, 19.032884834227794 ], [ -97.330113018215783, 19.034352917004053 ], [ -97.337883771126556, 19.040733419417428 ], [ -97.348411664774048, 19.042564634252543 ], [ -97.357691407891224, 19.048697567732926 ], [ -97.368350020532077, 19.04862436013477 ], [ -97.380075532056708, 19.045241017373481 ], [ -97.395829731033189, 19.053404844730938 ], [ -97.43286873326818, 19.058310722289789 ], [ -97.439388775873212, 19.062038274614082 ], [ -97.440257152517248, 19.070438984347415 ], [ -97.44431956221726, 19.07776531248852 ], [ -97.456085232363918, 19.085213462885605 ], [ -97.449856881258711, 19.092560973946689 ], [ -97.475101239624777, 19.097812208665879 ], [ -97.481341677789743, 19.10088318837705 ], [ -97.47817620283044, 19.111603018686569 ], [ -97.483840833048802, 19.127110143373091 ], [ -97.475077892642148, 19.143089162666488 ], [ -97.478624229627343, 19.144095993226049 ], [ -97.462163893408913, 19.16664487240585 ], [ -97.468324882658919, 19.170393923670598 ], [ -97.439637132816074, 19.197949165549598 ], [ -97.441297629183467, 19.199202547274659 ], [ -97.436363662133189, 19.225714319105776 ], [ -97.424159798231713, 19.242934418800431 ], [ -97.424219677820005, 19.249563483503461 ], [ -97.427315219725131, 19.252763499638863 ], [ -97.425442281865969, 19.256511220048299 ], [ -97.421949760168204, 19.258801757979487 ], [ -97.41216079607365, 19.245190057749294 ], [ -97.404902791500575, 19.245910526676894 ], [ -97.395807077894133, 19.24295125096376 ], [ -97.381099692708219, 19.231008144663381 ], [ -97.377738144774881, 19.229318091513925 ], [ -97.375345344018342, 19.230637087934948 ], [ -97.36947964102994, 19.227320090677559 ], [ -97.366494612236551, 19.21772400197127 ], [ -97.370879215498945, 19.213103897747679 ], [ -97.375947818606335, 19.212202736485857 ], [ -97.375958798299152, 19.209680951194485 ], [ -97.359750532796212, 19.189107435288651 ], [ -97.344713753368794, 19.180606289650704 ], [ -97.327616362007817, 19.177967741699945 ], [ -97.309676857528814, 19.168548959721992 ], [ -97.298395711374951, 19.166255400485529 ], [ -97.285573777495287, 19.158167653108833 ], [ -97.277585747608555, 19.161333839146927 ], [ -97.270137918389224, 19.173220678028223 ], [ -97.263765471273416, 19.178604098911244 ], [ -97.250768896003706, 19.175455689052882 ], [ -97.24338718389555, 19.183892203315647 ], [ -97.229044657195018, 19.182353540732294 ], [ -97.220014568578108, 19.193520561288388 ], [ -97.216137668665638, 19.191473098223593 ], [ -97.214682026946136, 19.185866916332191 ], [ -97.20416547438829, 19.180897062148794 ], [ -97.201650031346162, 19.174023570765048 ], [ -97.196225716982312, 19.172264979761522 ], [ -97.195210032452351, 19.169698094665488 ], [ -97.198993418522818, 19.164376787589724 ], [ -97.209247577693432, 19.158064850690927 ], [ -97.197926672302358, 19.146624599976789 ], [ -97.203185764030778, 19.141503573707965 ], [ -97.219485567634891, 19.135940549706902 ], [ -97.217904080650655, 19.132266638709169 ], [ -97.222078396480597, 19.127701939712004 ], [ -97.222719846224663, 19.123086507997382 ], [ -97.227355737619234, 19.121652468177345 ], [ -97.239019893885583, 19.108274939616635 ], [ -97.243910128350606, 19.093296533570584 ], [ -97.255150251494911, 19.0795658316766 ] ] ] } },
{ "type": "Feature", "properties": { "cve_edo": "21", "cve_mpo_ine": "180", "cve_edo_mpo_ine": "21180", "nom_mpo": "TLAHUAPAN", "nom_edo": "Puebla", "alianza_ganadora": "Juntos Haremos Historia", "margen_pp": 8.3079268292682933, "por_participacion": 62.161156045889875 }, "geometry": { "type": "Polygon", "coordinates": [ [ [ -98.548345395226931, 19.457819492903589 ], [ -98.54831644207573, 19.454515298726712 ], [ -98.54033662882199, 19.453317365157691 ], [ -98.529516658215655, 19.443496034584175 ], [ -98.520807882559012, 19.429222289321707 ], [ -98.512531046588435, 19.426298431614416 ], [ -98.508815429606372, 19.427029431834338 ], [ -98.503770805970078, 19.420767202379974 ], [ -98.51408841544513, 19.416508436077457 ], [ -98.499918493942587, 19.394110024340023 ], [ -98.507686316756349, 19.391154170329912 ], [ -98.507491761432618, 19.388337926310083 ], [ -98.503112211251477, 19.385510104022735 ], [ -98.506507525887102, 19.380762203109942 ], [ -98.507785165092486, 19.37250733612575 ], [ -98.525105634244625, 19.372631266478692 ], [ -98.531580799009561, 19.37589911398782 ], [ -98.530250450681777, 19.368823231987516 ], [ -98.536330022116701, 19.36571262781019 ], [ -98.530176582650455, 19.355744307126432 ], [ -98.52946777696684, 19.341232468793027 ], [ -98.548729538533081, 19.337154856232448 ], [ -98.548639148829281, 19.332804707067197 ], [ -98.525978161665122, 19.324849091547005 ], [ -98.52148843044499, 19.314520682308867 ], [ -98.526481664439274, 19.306240546487548 ], [ -98.501930702330327, 19.309120312005668 ], [ -98.50579434176683, 19.29876138802215 ], [ -98.505588979443289, 19.289640289263108 ], [ -98.526124219047134, 19.288266711776195 ], [ -98.526121916086993, 19.277187233698609 ], [ -98.530950822906433, 19.275306952057353 ], [ -98.54561643984097, 19.275303751090377 ], [ -98.546106929971231, 19.266948904283165 ], [ -98.573755994219596, 19.258065250496674 ], [ -98.5856139392844, 19.259467275876357 ], [ -98.58373450922906, 19.25711451119372 ], [ -98.586791873857337, 19.256279581373974 ], [ -98.57965323829994, 19.251422264977485 ], [ -98.584613983008552, 19.248250289189681 ], [ -98.580693693532638, 19.247574605758754 ], [ -98.580225624432742, 19.245679190392806 ], [ -98.584864542869354, 19.239736128905299 ], [ -98.580778374011075, 19.241140094362528 ], [ -98.579027436811003, 19.239157070074608 ], [ -98.587919405072412, 19.235207967640868 ], [ -98.588595629423381, 19.239960693398768 ], [ -98.59076382011915, 19.240437704644201 ], [ -98.595504825652355, 19.237686709873362 ], [ -98.594599052776786, 19.234849502544435 ], [ -98.59616456768245, 19.23467986406736 ], [ -98.603250939037835, 19.237919639209878 ], [ -98.60516503642998, 19.244960434774498 ], [ -98.60394542227796, 19.248647446099728 ], [ -98.611313870070859, 19.251588309639381 ], [ -98.613688218523109, 19.258449728126138 ], [ -98.615400985096983, 19.259230119955095 ], [ -98.619599959676819, 19.252302933781756 ], [ -98.622912381185486, 19.252165460908252 ], [ -98.628474112555551, 19.25860232476705 ], [ -98.628026692716418, 19.275888455380393 ], [ -98.63138569178696, 19.281953396195597 ], [ -98.627870365976037, 19.285503089599032 ], [ -98.627330109685175, 19.290645513532844 ], [ -98.632337497262867, 19.292098020907737 ], [ -98.629697579574398, 19.296179551041263 ], [ -98.633708038226217, 19.311065432125709 ], [ -98.637702737329036, 19.309293665459972 ], [ -98.628407525357275, 19.316700966416189 ], [ -98.628144229018645, 19.320142292241343 ], [ -98.630259389584594, 19.32310919859129 ], [ -98.637601019490418, 19.325703521209352 ], [ -98.639504833204612, 19.331282516369686 ], [ -98.635079695140078, 19.337450000502287 ], [ -98.635860091943087, 19.340593072435048 ], [ -98.641480573103721, 19.34585273573461 ], [ -98.640986711733973, 19.349503077762943 ], [ -98.646427023131011, 19.36122816775114 ], [ -98.632841762302462, 19.362992653760216 ], [ -98.629205850472928, 19.366211751002737 ], [ -98.631010124016157, 19.368691286061253 ], [ -98.640776773176256, 19.364527178670318 ], [ -98.647192639830223, 19.370488324870021 ], [ -98.649807923949794, 19.367747447759751 ], [ -98.653449161670636, 19.373657343035319 ], [ -98.652658257576576, 19.378341115329725 ], [ -98.644737198442513, 19.386520159872717 ], [ -98.633913784601404, 19.387045560768261 ], [ -98.628200645876319, 19.38395871253055 ], [ -98.617727933286304, 19.382525875100555 ], [ -98.607185684880264, 19.374148589917716 ], [ -98.605241948169578, 19.378704210048184 ], [ -98.609866912436104, 19.382978005821268 ], [ -98.609021878406082, 19.386423750739585 ], [ -98.614252504759904, 19.386341935523845 ], [ -98.618925641662671, 19.389289166227613 ], [ -98.619481590214818, 19.393469943857799 ], [ -98.62951338441367, 19.403187472842003 ], [ -98.636407458034157, 19.416040748180588 ], [ -98.641325136896825, 19.416650577579073 ], [ -98.642505541303407, 19.423153481506549 ], [ -98.645282033182667, 19.422858899179616 ], [ -98.644739210598075, 19.426297138806646 ], [ -98.639797985294223, 19.426377523182655 ], [ -98.638254042467466, 19.429621712661593 ], [ -98.636479623765638, 19.42582349270948 ], [ -98.634191349765374, 19.430523764320377 ], [ -98.660176424878173, 19.456780397197672 ], [ -98.655118393391959, 19.457200538794265 ], [ -98.652337578244882, 19.463874181397053 ], [ -98.640756800219052, 19.465479059250232 ], [ -98.638443472786989, 19.468428438988642 ], [ -98.639266772603349, 19.471301730360658 ], [ -98.636011682864549, 19.472111074671513 ], [ -98.635869534749787, 19.467918862828039 ], [ -98.6288007928393, 19.462365253875127 ], [ -98.624780329952543, 19.46664540754006 ], [ -98.619716852710795, 19.463040003124959 ], [ -98.607108026310939, 19.462514361144368 ], [ -98.596506232420708, 19.45405766505349 ], [ -98.590193433088771, 19.457426167131405 ], [ -98.572290548366411, 19.443080874028414 ], [ -98.572185501719858, 19.445280922451161 ], [ -98.56085233863422, 19.45259607220083 ], [ -98.552750080775255, 19.450444090174528 ], [ -98.548345395226931, 19.457819492903589 ] ] ] } },
{ "type": "Feature", "properties": { "cve_edo": "21", "cve_mpo_ine": "181", "cve_edo_mpo_ine": "21181", "nom_mpo": "TLALTENANGO", "nom_edo": "Puebla", "alianza_ganadora": "Juntos Haremos Historia", "margen_pp": 11.34466769706337, "por_participacion": 65.393167576308869 }, "geometry": { "type": "Polygon", "coordinates": [ [ [ -98.340006943991924, 19.186206242071684 ], [ -98.342761756492109, 19.177882630624143 ], [ -98.326286924224988, 19.170545509697703 ], [ -98.318239309543586, 19.161690265639429 ], [ -98.318264342193046, 19.148265778155448 ], [ -98.323717166612056, 19.134616737589891 ], [ -98.342633844180156, 19.134802187633547 ], [ -98.343964657029701, 19.132690863709055 ], [ -98.374865001694161, 19.144354974688394 ], [ -98.372458311655024, 19.149789468007171 ], [ -98.367929714525673, 19.148130337200136 ], [ -98.361379332095538, 19.162045954408065 ], [ -98.359677799491237, 19.182383797239876 ], [ -98.355097534856085, 19.184750714122597 ], [ -98.352121955277255, 19.182550441604722 ], [ -98.345449404877741, 19.191717502938001 ], [ -98.340006943991924, 19.186206242071684 ] ] ] } },
{ "type": "Feature", "properties": { "cve_edo": "21", "cve_mpo_ine": "182", "cve_edo_mpo_ine": "21182", "nom_mpo": "TLANEPANTLA", "nom_edo": "Puebla", "alianza_ganadora": "Juntos Haremos Historia", "margen_pp": 52.089136490250695, "por_participacion": 71.473265073947672 }, "geometry": { "type": "Polygon", "coordinates": [ [ [ -97.899335580522731, 18.871754538388963 ], [ -97.899176988429957, 18.874867387512012 ], [ -97.895003588554019, 18.878501745029734 ], [ -97.892107274413434, 18.873997126583898 ], [ -97.881734331557709, 18.873703602017255 ], [ -97.878665720705158, 18.866182603897634 ], [ -97.866961571371732, 18.863491312847643 ], [ -97.858548963671197, 18.868311681865897 ], [ -97.866322571370006, 18.846161668893821 ], [ -97.871723016418429, 18.838662482241407 ], [ -97.881107522004029, 18.842798481665376 ], [ -97.884875980777693, 18.835156490192762 ], [ -97.89453042177044, 18.837125196034279 ], [ -97.895780906991604, 18.842089037529615 ], [ -97.902676808891329, 18.846046022500307 ], [ -97.907745898062018, 18.862339463427922 ], [ -97.910823184974731, 18.863085434515209 ], [ -97.909755381805681, 18.869540098742274 ], [ -97.905147698972087, 18.86611020261525 ], [ -97.899335580522731, 18.871754538388963 ] ] ] } },
{ "type": "Feature", "properties": { "cve_edo": "21", "cve_mpo_ine": "183", "cve_edo_mpo_ine": "21183", "nom_mpo": "TLAOLA", "nom_edo": "Puebla", "alianza_ganadora": "Va por México", "margen_pp": 59.828467469462012, "por_participacion": 76.590803529958194 }, "geometry": { "type": "Polygon", "coordinates": [ [ [ -97.932611198054701, 20.138380472258856 ], [ -97.946250712463993, 20.138255030562348 ], [ -97.955071523341857, 20.131872400259244 ], [ -97.967358491909479, 20.133870863519515 ], [ -97.969081265368558, 20.138913771051982 ], [ -97.977124715146815, 20.136509293566736 ], [ -97.981590667212799, 20.145424297583794 ], [ -97.986290378312262, 20.143043450096332 ], [ -97.986779372397692, 20.146736460788858 ], [ -97.983138973898321, 20.153214062374285 ], [ -97.984671637110281, 20.163629069321139 ], [ -97.990081156352971, 20.161673083762484 ], [ -97.989644544605639, 20.164246534470987 ], [ -97.995343089816615, 20.16266359436699 ], [ -97.996225614047106, 20.165564055991911 ], [ -97.991764219814087, 20.166408462006849 ], [ -97.99569121477893, 20.166468932738919 ], [ -97.992981115370412, 20.168270646709342 ], [ -97.997902939222911, 20.170255708702452 ], [ -97.994421282018962, 20.171618891150938 ], [ -97.983781691559614, 20.167771593495786 ], [ -97.982647013246606, 20.17431828920796 ], [ -97.98734921986555, 20.176615873043719 ], [ -97.98595899056761, 20.184719807452655 ], [ -97.98743056325938, 20.185745769824447 ], [ -97.983771395581414, 20.188322424905905 ], [ -97.982028260748152, 20.185477829088242 ], [ -97.977484292897771, 20.185218215915278 ], [ -97.964972867013586, 20.198090339028223 ], [ -97.965671772455607, 20.200753489988749 ], [ -97.968874406876395, 20.200993876295545 ], [ -97.968366111306153, 20.204770794872669 ], [ -97.972129289486261, 20.209124850528177 ], [ -97.971283345605713, 20.217176540073837 ], [ -97.958829082847402, 20.220133852172545 ], [ -97.948454667195051, 20.209955603684595 ], [ -97.932180437076454, 20.214036925148566 ], [ -97.926745724434539, 20.2117396096485 ], [ -97.921288039765358, 20.20502843144893 ], [ -97.910267366061419, 20.204763255251912 ], [ -97.902365933957142, 20.210247833587559 ], [ -97.902707017365245, 20.225923979159827 ], [ -97.893519942809661, 20.230699891765614 ], [ -97.891280603101279, 20.239143432243086 ], [ -97.88435472157893, 20.23984769149104 ], [ -97.86562536949134, 20.233926843457986 ], [ -97.868625269230677, 20.222578307267742 ], [ -97.866397974322226, 20.219023337307632 ], [ -97.868644807729851, 20.214485595802401 ], [ -97.866202032071641, 20.20229989092654 ], [ -97.859549233048412, 20.197527726508067 ], [ -97.862408661544151, 20.187300631716568 ], [ -97.849634374678061, 20.191530652519496 ], [ -97.841477286032685, 20.188219716832435 ], [ -97.835837971186734, 20.188586470938173 ], [ -97.833487255771303, 20.183205891578684 ], [ -97.828431694396315, 20.184025335466195 ], [ -97.832490684803389, 20.176724487076779 ], [ -97.827937290215871, 20.174123966793708 ], [ -97.832119926096425, 20.16994822403877 ], [ -97.834149544386548, 20.163316891496624 ], [ -97.84237836709741, 20.158143790606406 ], [ -97.842816146310781, 20.153274316305254 ], [ -97.857340656773019, 20.145978577578724 ], [ -97.856197220037316, 20.137737895855839 ], [ -97.859154765722408, 20.132435772549307 ], [ -97.863890804251767, 20.133674157531033 ], [ -97.875151537981111, 20.130383871600117 ], [ -97.880640490456472, 20.133156302751051 ], [ -97.886643348505046, 20.127590394380832 ], [ -97.890155724607098, 20.127743940153699 ], [ -97.887437408372961, 20.121526055327866 ], [ -97.89114668197972, 20.117716467371945 ], [ -97.890825709141353, 20.101235165204884 ], [ -97.880498658491874, 20.094787752330539 ], [ -97.879879194414087, 20.089579849609581 ], [ -97.889512565570129, 20.088084019403851 ], [ -97.901626495907038, 20.095832894805632 ], [ -97.913963583437138, 20.098743977961302 ], [ -97.923445134609935, 20.110510239263167 ], [ -97.932106224311227, 20.111283476934496 ], [ -97.928279651623171, 20.126698329130132 ], [ -97.930353691111748, 20.133282060956933 ], [ -97.932951780093219, 20.134218986577828 ], [ -97.932611198054701, 20.138380472258856 ] ] ] } },
{ "type": "Feature", "properties": { "cve_edo": "21", "cve_mpo_ine": "184", "cve_edo_mpo_ine": "21184", "nom_mpo": "TLAPACOYA", "nom_edo": "Puebla", "alianza_ganadora": "Juntos Haremos Historia", "margen_pp": 5.3750876372984342, "por_participacion": 83.984298331697744 }, "geometry": { "type": "Polygon", "coordinates": [ [ [ -97.857340656773019, 20.145978577578724 ], [ -97.842816146310781, 20.153274316305254 ], [ -97.841906096949216, 20.15880046094005 ], [ -97.83379578171818, 20.163726782059214 ], [ -97.832119926096425, 20.16994822403877 ], [ -97.827937290215871, 20.174123966793708 ], [ -97.832316894117966, 20.176392572059115 ], [ -97.831837585566788, 20.178246814289704 ], [ -97.821075126079151, 20.190461085939443 ], [ -97.815542253197734, 20.188627046648019 ], [ -97.815486908073467, 20.176177426934675 ], [ -97.810687417377522, 20.169109858046202 ], [ -97.80556188987002, 20.167148601269439 ], [ -97.796682672293684, 20.171102457408075 ], [ -97.787528784311817, 20.165305074111767 ], [ -97.796958166457642, 20.154168961879368 ], [ -97.791640317978249, 20.147892513350797 ], [ -97.786340265092406, 20.145682779216227 ], [ -97.792199514597499, 20.142743248535204 ], [ -97.793105852717531, 20.137218423937949 ], [ -97.80434582002809, 20.128519519316253 ], [ -97.806594426899039, 20.12431454037986 ], [ -97.805643904173294, 20.119672246115709 ], [ -97.810979803203523, 20.116984146866692 ], [ -97.814932497904721, 20.103970709581482 ], [ -97.830151411260957, 20.101927336705469 ], [ -97.835915497106356, 20.104091349954182 ], [ -97.841232878386819, 20.097625830647381 ], [ -97.840197210211869, 20.090754164633587 ], [ -97.851199961102921, 20.084818756531277 ], [ -97.862817352980642, 20.082900945603416 ], [ -97.875995487328112, 20.086281402898024 ], [ -97.879879194414087, 20.089579849609581 ], [ -97.881022578578111, 20.095329089247667 ], [ -97.890825709141353, 20.101235165204884 ], [ -97.8912072335158, 20.117345279947209 ], [ -97.887437408372961, 20.121526055327866 ], [ -97.890155724607098, 20.127743940153699 ], [ -97.886643348505046, 20.127590394380832 ], [ -97.881402802829527, 20.132956272423534 ], [ -97.875151537981111, 20.130383871600117 ], [ -97.863890804251767, 20.133674157531033 ], [ -97.859154765722408, 20.132435772549307 ], [ -97.856197220037316, 20.137737895855839 ], [ -97.857340656773019, 20.145978577578724 ] ] ] } },
{ "type": "Feature", "properties": { "cve_edo": "21", "cve_mpo_ine": "185", "cve_edo_mpo_ine": "21185", "nom_mpo": "TLAPANALA", "nom_edo": "Puebla", "alianza_ganadora": "Juntos Haremos Historia", "margen_pp": 9.7476816907483279, "por_participacion": 67.329751706112958 }, "geometry": { "type": "Polygon", "coordinates": [ [ [ -98.583453812063311, 18.693220647244331 ], [ -98.574690836374202, 18.704975398991856 ], [ -98.575420189526369, 18.708233667198193 ], [ -98.570793975681255, 18.710591377279162 ], [ -98.564169436076213, 18.709888852436016 ], [ -98.560662887176306, 18.712922978836225 ], [ -98.564788216920107, 18.712564099451178 ], [ -98.570919784931007, 18.716629741480819 ], [ -98.572460641051009, 18.714443176022094 ], [ -98.574205933939638, 18.715953562146041 ], [ -98.57698305704443, 18.714332757314299 ], [ -98.579352628593554, 18.72231930705761 ], [ -98.578948547919936, 18.732616431024933 ], [ -98.575252177807783, 18.733042471273656 ], [ -98.571480262691026, 18.7287417574526 ], [ -98.565038335731217, 18.742759604681691 ], [ -98.550449397400811, 18.755614972858307 ], [ -98.5412881360337, 18.750876654117725 ], [ -98.547188225124714, 18.742673269977111 ], [ -98.546756322879034, 18.735549869181423 ], [ -98.544026724190857, 18.735328621352807 ], [ -98.536141195843385, 18.745482895346807 ], [ -98.533925332419116, 18.740851781169667 ], [ -98.534520971925531, 18.731089269941464 ], [ -98.52686163039111, 18.728627956363219 ], [ -98.528446803595344, 18.725228208511123 ], [ -98.524584854929444, 18.723873846035467 ], [ -98.520453162472037, 18.71700956725563 ], [ -98.518126810938085, 18.720842688069048 ], [ -98.521103898391686, 18.711269134980828 ], [ -98.516438603192839, 18.71640550944295 ], [ -98.515006945439211, 18.72349679224908 ], [ -98.512376679905515, 18.714101941400934 ], [ -98.50771466579404, 18.717288514888043 ], [ -98.500066439410276, 18.730675024684764 ], [ -98.496553473535386, 18.724288025909363 ], [ -98.499291662727757, 18.718578347113187 ], [ -98.498858348762667, 18.711330511394479 ], [ -98.501959748309815, 18.706192360469643 ], [ -98.49431699351959, 18.704268588366837 ], [ -98.496508554853193, 18.697660096575778 ], [ -98.478375150385006, 18.682974221699375 ], [ -98.474776960831804, 18.674353631449254 ], [ -98.477955260780007, 18.671992981633139 ], [ -98.476890959263656, 18.669116082912371 ], [ -98.480392975832402, 18.667991649207924 ], [ -98.479917781730094, 18.66547334778592 ], [ -98.483701481776322, 18.663025190031409 ], [ -98.488897035196487, 18.667198193675542 ], [ -98.497941857346859, 18.663751044429322 ], [ -98.499757848420799, 18.650269106297618 ], [ -98.505099964759708, 18.652037459746072 ], [ -98.509494750061393, 18.657005165738138 ], [ -98.514127121835969, 18.657372031686823 ], [ -98.512470883886877, 18.649020892267753 ], [ -98.517092504536535, 18.643339549242551 ], [ -98.521545368357849, 18.643210947170434 ], [ -98.524003388741207, 18.645712655838931 ], [ -98.537417152314944, 18.645076916459896 ], [ -98.538471505704067, 18.651279948336487 ], [ -98.54869613897813, 18.660038866022035 ], [ -98.552185529277452, 18.646538823143878 ], [ -98.560084232470572, 18.649231712301422 ], [ -98.56143079641221, 18.645613464777394 ], [ -98.566743180972153, 18.644770515140973 ], [ -98.567989597134584, 18.647491552676502 ], [ -98.571174824666841, 18.647789391615753 ], [ -98.569180132180321, 18.650378877995369 ], [ -98.569573749401115, 18.65936431575609 ], [ -98.573743088033211, 18.659693170706557 ], [ -98.575064935524168, 18.663904727196549 ], [ -98.578733089921727, 18.665895837753364 ], [ -98.574668220453646, 18.669584369801065 ], [ -98.575874457926929, 18.673797140310427 ], [ -98.581376917896648, 18.679248646494635 ], [ -98.577869259673847, 18.678057276878597 ], [ -98.583032201315561, 18.68651175422929 ], [ -98.583453812063311, 18.693220647244331 ] ] ] } },
{ "type": "Feature", "properties": { "cve_edo": "21", "cve_mpo_ine": "186", "cve_edo_mpo_ine": "21186", "nom_mpo": "TLATLAUQUITEPEC", "nom_edo": "Puebla", "alianza_ganadora": "Juntos Haremos Historia", "margen_pp": 3.6523977139396693, "por_participacion": 66.366079726708691 }, "geometry": { "type": "Polygon", "coordinates": [ [ [ -97.425145968327072, 20.013416047236603 ], [ -97.427766277511765, 20.02644142860191 ], [ -97.415311167290568, 20.035953778658943 ], [ -97.415343424676081, 20.040297134288629 ], [ -97.412802781824553, 20.040373345528849 ], [ -97.410247471561405, 20.03455970351196 ], [ -97.40965160010191, 20.01939226704312 ], [ -97.405731679814366, 20.017218634635405 ], [ -97.403919167069773, 20.00952424844812 ], [ -97.399456725291387, 20.005528187768018 ], [ -97.40011906388979, 20.001998613455253 ], [ -97.392133088093701, 19.991767641163747 ], [ -97.398393703980489, 19.984947959341127 ], [ -97.391753067867299, 19.971892952912029 ], [ -97.394523643771791, 19.961619708984358 ], [ -97.392082390515014, 19.959053542771485 ], [ -97.397126019639799, 19.950269267363893 ], [ -97.416793840752874, 19.946542481438787 ], [ -97.412474584843437, 19.962929064939651 ], [ -97.4085387213552, 19.968405278742324 ], [ -97.411432312721686, 19.970660782050928 ], [ -97.421248417847281, 19.967183880198142 ], [ -97.42434096287424, 19.959185886098233 ], [ -97.432438865774643, 19.95725486572492 ], [ -97.432949759873139, 19.949805557166755 ], [ -97.43886633408836, 19.952714201134238 ], [ -97.44458371004113, 19.948461450480739 ], [ -97.441305555555161, 19.9436944444804 ], [ -97.441611111110717, 19.939805555591469 ], [ -97.439833333332956, 19.941333333369247 ], [ -97.436805555555182, 19.940111111147019 ], [ -97.436833333332942, 19.942138888924859 ], [ -97.433638888888495, 19.938583333369209 ], [ -97.432611111110717, 19.940055555591488 ], [ -97.429944444444047, 19.938722222258164 ], [ -97.427027777777383, 19.944166666702621 ], [ -97.42908333333294, 19.937055555591453 ], [ -97.439638888888496, 19.931472222258019 ], [ -97.442444444444064, 19.93313888892472 ], [ -97.44538888888853, 19.930638888924705 ], [ -97.448944444444066, 19.931944444480298 ], [ -97.455888888888509, 19.92983333336915 ], [ -97.460722222221875, 19.918805555591192 ], [ -97.466138888888509, 19.916500000035573 ], [ -97.466194444444071, 19.911138888924491 ], [ -97.469638888888525, 19.911444444480026 ], [ -97.469722222221861, 19.902527777813159 ], [ -97.478583333332963, 19.89736111114647 ], [ -97.472947983515795, 19.897757482293244 ], [ -97.474211251851884, 19.877547624131537 ], [ -97.472023551314933, 19.875012256553219 ], [ -97.472525680795229, 19.867865798894137 ], [ -97.468079433246274, 19.861217113300579 ], [ -97.468566280341506, 19.845942535996354 ], [ -97.470071771016535, 19.838916142476442 ], [ -97.47229006668104, 19.837451881714561 ], [ -97.471086917155077, 19.826854024428215 ], [ -97.473900638943988, 19.816920799948317 ], [ -97.472124094569068, 19.810389746142803 ], [ -97.460344671111983, 19.799804450532164 ], [ -97.465247466402474, 19.782680638856373 ], [ -97.45755182868804, 19.785812394586149 ], [ -97.460484178027585, 19.780612405917775 ], [ -97.459960376498046, 19.771710322002019 ], [ -97.463820654530593, 19.762607150101537 ], [ -97.462207485860745, 19.750679593965916 ], [ -97.467294335305397, 19.746430736288904 ], [ -97.475770296614101, 19.745187657988978 ], [ -97.493537142192139, 19.729508652062506 ], [ -97.506042155193825, 19.714524856294606 ], [ -97.507599599150055, 19.707044432426081 ], [ -97.510716820630861, 19.705346352751661 ], [ -97.517652582318007, 19.688364777914316 ], [ -97.522799364433936, 19.692247606094892 ], [ -97.524518078090011, 19.690287942886723 ], [ -97.528477164182007, 19.691192965794048 ], [ -97.557865395219338, 19.676788462947165 ], [ -97.598541324423721, 19.636524946442165 ], [ -97.599505222733285, 19.689538535328136 ], [ -97.563381383735987, 19.692407271271385 ], [ -97.544916800930679, 19.697907453238177 ], [ -97.555368696343962, 19.702583869321572 ], [ -97.559015052373567, 19.714359161782344 ], [ -97.568657205909062, 19.72314577947726 ], [ -97.554715220352861, 19.753899332001417 ], [ -97.550809658559317, 19.748670469972385 ], [ -97.542841620225119, 19.749195964592143 ], [ -97.543316437894859, 19.768916618682201 ], [ -97.539377483762465, 19.779159229070714 ], [ -97.547789082761028, 19.783856942758927 ], [ -97.556592438562191, 19.785366034839893 ], [ -97.556977373436879, 19.796920583103486 ], [ -97.560807227772642, 19.801483904873091 ], [ -97.556887025810184, 19.817228743637358 ], [ -97.560792570459355, 19.818009114249069 ], [ -97.555048041469036, 19.82471770001106 ], [ -97.547861452551871, 19.828403004310466 ], [ -97.539728848179436, 19.829042470968648 ], [ -97.536881907470331, 19.836798390016178 ], [ -97.540345820513068, 19.840128463155626 ], [ -97.530829294394792, 19.857372576639623 ], [ -97.530722222221868, 19.865138888923944 ], [ -97.536334084607944, 19.87468635207814 ], [ -97.530112788264276, 19.881805678828606 ], [ -97.523718605125097, 19.881510667618048 ], [ -97.536712269726195, 19.899691573237362 ], [ -97.533180773168979, 19.91501901256645 ], [ -97.537858586223237, 19.919555977672108 ], [ -97.538750800679281, 19.927431983399625 ], [ -97.545663963661895, 19.940064310621203 ], [ -97.54575277796296, 19.951309620671015 ], [ -97.535859272534694, 19.95199204593364 ], [ -97.531585434860034, 19.956808806677973 ], [ -97.525229923181996, 19.95822313007903 ], [ -97.51991226457109, 19.963325911577432 ], [ -97.517771985422797, 19.960609114060421 ], [ -97.512155502123733, 19.960205419224373 ], [ -97.508331869587167, 19.962100248462043 ], [ -97.504011985597771, 19.960802964796557 ], [ -97.489711515291106, 19.962395279504697 ], [ -97.500943489000562, 19.969368178607773 ], [ -97.498357394682827, 19.976450257681552 ], [ -97.49949106026699, 19.98031253899785 ], [ -97.443122771450433, 19.978616901180214 ], [ -97.441339086723133, 19.981323489056869 ], [ -97.442964202285623, 19.982751794279434 ], [ -97.439661201635772, 19.985148462143432 ], [ -97.425145968327072, 20.013416047236603 ] ] ] } },
{ "type": "Feature", "properties": { "cve_edo": "21", "cve_mpo_ine": "187", "cve_edo_mpo_ine": "21187", "nom_mpo": "TLAXCO", "nom_edo": "Puebla", "alianza_ganadora": "Juntos Haremos Historia", "margen_pp": 63.45163136805953, "por_participacion": 87.678795483061478 }, "geometry": { "type": "Polygon", "coordinates": [ [ [ -98.052045010112195, 20.441688738639993 ], [ -98.044637718261697, 20.436938297511713 ], [ -98.033331129190216, 20.447261317676311 ], [ -98.028827409514676, 20.447878102534013 ], [ -98.030352972752269, 20.440429295749084 ], [ -98.027116398210495, 20.432630692902208 ], [ -98.022901705419983, 20.427331201918697 ], [ -98.017606470999453, 20.426401910613265 ], [ -98.019733955813905, 20.420696086378964 ], [ -98.014246259376023, 20.41773075732192 ], [ -98.012182102303242, 20.409468741008642 ], [ -98.009050290277713, 20.407194355936653 ], [ -98.014666340296287, 20.404301581648834 ], [ -98.008189270940747, 20.395105596274465 ], [ -98.002827835203206, 20.393095424318751 ], [ -98.001512321227736, 20.390192078392818 ], [ -98.007713854061137, 20.387126562085278 ], [ -98.013297995795, 20.387638939481391 ], [ -98.03029141234515, 20.36838867485265 ], [ -98.042431176569309, 20.366288918146665 ], [ -98.059890903577298, 20.355101403684589 ], [ -98.065188566519538, 20.362760093305731 ], [ -98.085891451714502, 20.366306543937544 ], [ -98.081117747084818, 20.378138651039968 ], [ -98.086890926172444, 20.380144194969557 ], [ -98.092169731699926, 20.379283874785539 ], [ -98.095730350802199, 20.382136686136608 ], [ -98.089917822637119, 20.390645073665816 ], [ -98.090213416726911, 20.39771049753146 ], [ -98.076766505152506, 20.404002931023946 ], [ -98.079126652488313, 20.409513663137648 ], [ -98.074604049468803, 20.415902242341446 ], [ -98.077190542570378, 20.42056199406132 ], [ -98.071567200178421, 20.429488309596863 ], [ -98.065505332869392, 20.435257393560274 ], [ -98.052045010112195, 20.441688738639993 ] ] ] } },
{ "type": "Feature", "properties": { "cve_edo": "21", "cve_mpo_ine": "188", "cve_edo_mpo_ine": "21188", "nom_mpo": "TOCHIMILCO", "nom_edo": "Puebla", "alianza_ganadora": "Va por México", "margen_pp": 18.394727550900317, "por_participacion": 65.639242950946311 }, "geometry": { "type": "Polygon", "coordinates": [ [ [ -98.558919550185919, 18.83785160554541 ], [ -98.564618624275298, 18.835064638902487 ], [ -98.566817217514071, 18.836068958690312 ], [ -98.571545390702155, 18.832445047409252 ], [ -98.581727209913524, 18.832533136025461 ], [ -98.603376378255973, 18.826476939841001 ], [ -98.606689237407565, 18.830522755861359 ], [ -98.609900011955034, 18.830504494204277 ], [ -98.614903531922067, 18.825911906544263 ], [ -98.627161245202231, 18.82584085925955 ], [ -98.627031384248596, 18.829698130799766 ], [ -98.618766379738062, 18.840107864303775 ], [ -98.622676702737081, 18.85169182693426 ], [ -98.636329397262472, 18.860286173023265 ], [ -98.634583522036777, 18.86455865428583 ], [ -98.643520010594315, 18.881480783650801 ], [ -98.642632696434816, 18.883078718057227 ], [ -98.651961710781293, 18.882005443859956 ], [ -98.653190519515732, 18.871447540356158 ], [ -98.65707950961783, 18.871262568079501 ], [ -98.657082605446348, 18.867035637164516 ], [ -98.668455877605268, 18.855547827709362 ], [ -98.669737362853255, 18.877311443484132 ], [ -98.672634187554308, 18.881296252822381 ], [ -98.665848114366966, 18.895582972308858 ], [ -98.668911980235492, 18.901287005670849 ], [ -98.67634840882431, 18.902547259059279 ], [ -98.698827715127067, 18.899370776157259 ], [ -98.702848950167294, 18.886829552526763 ], [ -98.701211598404456, 18.878549416747902 ], [ -98.702591394524376, 18.875298754023067 ], [ -98.712910597117045, 18.868337515948397 ], [ -98.714103152683407, 18.874830830153325 ], [ -98.706231242640911, 18.887825934561928 ], [ -98.706483746252886, 18.901453025381301 ], [ -98.701049342047838, 18.904705069379858 ], [ -98.697713876154467, 18.91034634988608 ], [ -98.688004751544852, 18.914622771283447 ], [ -98.685153575022483, 18.918842048737282 ], [ -98.677827789437856, 18.923137844068407 ], [ -98.674565464955151, 18.944523760749078 ], [ -98.663083246236354, 18.952160598342019 ], [ -98.659443489848059, 18.959549516345348 ], [ -98.654470066885054, 18.962746520038269 ], [ -98.645121289928625, 18.993739251429357 ], [ -98.642660151898028, 18.99740882528139 ], [ -98.636274890666584, 19.000062037897202 ], [ -98.629961905284958, 19.011995423390044 ], [ -98.630012546146489, 19.021023899289368 ], [ -98.622875489382139, 19.022390658180388 ], [ -98.616218016368578, 19.026775292191495 ], [ -98.606906827502414, 19.028165641031812 ], [ -98.583457224150862, 19.025398882296763 ], [ -98.579983668523738, 19.022179141362528 ], [ -98.572724429481823, 19.020257080660276 ], [ -98.567449014242143, 19.014494387258139 ], [ -98.568288498971128, 19.005117814018046 ], [ -98.575738051872094, 19.004451171082579 ], [ -98.572325898053535, 19.000741818357678 ], [ -98.578057935411763, 18.996975309649081 ], [ -98.574695918719442, 18.992148326491137 ], [ -98.578948968311252, 18.990445803187054 ], [ -98.581536448035692, 18.9861017942338 ], [ -98.584073746453072, 18.986799068296857 ], [ -98.587038122954098, 18.979999045464616 ], [ -98.591646632512152, 18.982910530526809 ], [ -98.59319392082952, 18.98159288014379 ], [ -98.587526056372567, 18.972133562011166 ], [ -98.577769609113744, 18.967135608576967 ], [ -98.568683650117265, 18.951860461913093 ], [ -98.569365767457924, 18.944572903087025 ], [ -98.565330314315901, 18.944678635273071 ], [ -98.557524724289237, 18.936500184105491 ], [ -98.553653770422073, 18.935151218378387 ], [ -98.561359775093322, 18.917249273945135 ], [ -98.547743273038364, 18.905754704057223 ], [ -98.541444854502885, 18.891411318435377 ], [ -98.540866523400055, 18.8887962200508 ], [ -98.548279182506775, 18.886685331683836 ], [ -98.546177549167211, 18.879653303539719 ], [ -98.550798403039707, 18.88077781362372 ], [ -98.556307655576404, 18.875870774892157 ], [ -98.54587029400075, 18.864087617032364 ], [ -98.543031728051147, 18.849542330053985 ], [ -98.558919550185919, 18.83785160554541 ] ] ] } },
{ "type": "Feature", "properties": { "cve_edo": "21", "cve_mpo_ine": "189", "cve_edo_mpo_ine": "21189", "nom_mpo": "TOCHTEPEC", "nom_edo": "Puebla", "alianza_ganadora": "Juntos Haremos Historia", "margen_pp": 19.50063211125158, "por_participacion": 64.514375042479443 }, "geometry": { "type": "Polygon", "coordinates": [ [ [ -97.848932611326745, 18.87794173019984 ], [ -97.844702817229546, 18.879327071552925 ], [ -97.837555416758789, 18.898765909474889 ], [ -97.829624752547375, 18.89362876116942 ], [ -97.824104483069604, 18.907162720388207 ], [ -97.78795309239247, 18.895576808692574 ], [ -97.80375272124374, 18.851466199113922 ], [ -97.799988004335887, 18.849727684902412 ], [ -97.802773547703424, 18.844235118135359 ], [ -97.791182395142926, 18.84827372854409 ], [ -97.789909257642933, 18.846537299874711 ], [ -97.802265050242454, 18.828121555868876 ], [ -97.788144043120212, 18.813567387678283 ], [ -97.771755882787531, 18.806402375842737 ], [ -97.797049873650835, 18.758871705305666 ], [ -97.800828136609368, 18.740695855382086 ], [ -97.817048278898824, 18.729925135490813 ], [ -97.819769223870836, 18.730422939775298 ], [ -97.815246529730786, 18.739881016468988 ], [ -97.81634089458133, 18.748310365961803 ], [ -97.813036350713546, 18.753844215691831 ], [ -97.816043360273156, 18.759878689344418 ], [ -97.824724833201316, 18.76761123736738 ], [ -97.822402383796657, 18.776616502337266 ], [ -97.834560734029338, 18.783235619220605 ], [ -97.856164425799733, 18.782753009813149 ], [ -97.854017032638041, 18.791965411757875 ], [ -97.85540166337681, 18.803493514291429 ], [ -97.846418868763678, 18.811751521840499 ], [ -97.85493418193505, 18.811963136940296 ], [ -97.853307557895491, 18.821341041901434 ], [ -97.861301458468091, 18.822750268397328 ], [ -97.871669140186086, 18.828291984067342 ], [ -97.874553220718894, 18.834455999585106 ], [ -97.884875980777693, 18.835156490192762 ], [ -97.881107522004029, 18.842798481665376 ], [ -97.871723016418429, 18.838662482241407 ], [ -97.866322571370006, 18.846161668893821 ], [ -97.858548963671197, 18.868311681865897 ], [ -97.85357241946258, 18.870631584058128 ], [ -97.848932611326745, 18.87794173019984 ] ] ] } },
{ "type": "Feature", "properties": { "cve_edo": "21", "cve_mpo_ine": "190", "cve_edo_mpo_ine": "21190", "nom_mpo": "TOTOLTEPEC DE GUERRERO", "nom_edo": "Puebla", "alianza_ganadora": "Juntos Haremos Historia", "margen_pp": 24.171779141104295, "por_participacion": 84.020618556701038 }, "geometry": { "type": "Polygon", "coordinates": [ [ [ -97.84895371760112, 18.217364766130068 ], [ -97.840426243286004, 18.212487213009844 ], [ -97.839648934500275, 18.20332964960053 ], [ -97.830282962822096, 18.190591476652234 ], [ -97.841729283913551, 18.192188991492483 ], [ -97.849085943186708, 18.188575032387458 ], [ -97.860738680557517, 18.192033365001489 ], [ -97.864189760133485, 18.190498234770562 ], [ -97.86563001723556, 18.186668113903984 ], [ -97.868574390312759, 18.192638890870949 ], [ -97.876544200319103, 18.194278259815654 ], [ -97.877323736090275, 18.199074762167726 ], [ -97.869673026105858, 18.202444919639774 ], [ -97.866088162025193, 18.209616865185279 ], [ -97.870851445611891, 18.226983436639706 ], [ -97.866166082491858, 18.240691427668096 ], [ -97.865272555472899, 18.252635666615763 ], [ -97.869215721509192, 18.259298262094667 ], [ -97.883303227480113, 18.255805309541323 ], [ -97.880009008056575, 18.263056619534265 ], [ -97.886083868452289, 18.275492684348642 ], [ -97.90134921540961, 18.276251258417396 ], [ -97.90895739149741, 18.283446379869229 ], [ -97.908965996560923, 18.287216806274049 ], [ -97.902232422662721, 18.296749980599323 ], [ -97.897971310409261, 18.298503161223763 ], [ -97.896429275943348, 18.303163445798301 ], [ -97.90470912112221, 18.312214766160725 ], [ -97.907737851924693, 18.312921854523932 ], [ -97.905563283526519, 18.324468392263956 ], [ -97.907276288375201, 18.339362818437678 ], [ -97.893775213423623, 18.340280731418989 ], [ -97.886357694508604, 18.344062488374153 ], [ -97.884465360626265, 18.342014765516236 ], [ -97.875991378805253, 18.34179040465995 ], [ -97.873087515526763, 18.344934545812407 ], [ -97.866561391619001, 18.346632578323693 ], [ -97.865329297145067, 18.349175500831567 ], [ -97.859961592397099, 18.350775873085073 ], [ -97.850353249661481, 18.362124426839859 ], [ -97.843547046466625, 18.361090519726297 ], [ -97.831392379070124, 18.367258507994517 ], [ -97.825830526685223, 18.386589134832079 ], [ -97.822264487228949, 18.388782516798436 ], [ -97.823669657403769, 18.379359988449362 ], [ -97.820553938699746, 18.366844276089534 ], [ -97.814895116859091, 18.361651948240798 ], [ -97.816096005400041, 18.353847846439724 ], [ -97.793472524869415, 18.326696511924474 ], [ -97.784988608837992, 18.318969043357807 ], [ -97.781731929968203, 18.318469962583571 ], [ -97.774723090593085, 18.308735444838828 ], [ -97.777447647675089, 18.302363253701294 ], [ -97.784525750807674, 18.296239528101232 ], [ -97.785727496256101, 18.29070317476555 ], [ -97.789737061823644, 18.287754080646174 ], [ -97.797527954318568, 18.285504476214872 ], [ -97.801523792633859, 18.281768056420617 ], [ -97.803177619951171, 18.283529397784395 ], [ -97.813342529288946, 18.281084271024461 ], [ -97.822994264509887, 18.275786043455305 ], [ -97.825879823410588, 18.264853405620453 ], [ -97.828994068024969, 18.263861844262095 ], [ -97.832993175542939, 18.257017133612838 ], [ -97.828522622107087, 18.249946097713373 ], [ -97.827072782789998, 18.234838748940447 ], [ -97.830299972712268, 18.230764337573067 ], [ -97.83819156652909, 18.228984837126422 ], [ -97.846577191424842, 18.217601193984191 ], [ -97.84895371760112, 18.217364766130068 ] ] ] } },
{ "type": "Feature", "properties": { "cve_edo": "21", "cve_mpo_ine": "191", "cve_edo_mpo_ine": "21191", "nom_mpo": "TULCINGO", "nom_edo": "Puebla", "alianza_ganadora": "Juntos Haremos Historia", "margen_pp": 4.7479747974797482, "por_participacion": 59.443552701979662 }, "geometry": { "type": "Polygon", "coordinates": [ [ [ -98.401194444444371, 18.097388888907762 ], [ -98.40003196564804, 18.09427781980337 ], [ -98.388752141077575, 18.09227448031502 ], [ -98.384930479999142, 18.089366114879713 ], [ -98.381572590443852, 18.076312572783866 ], [ -98.375205904182138, 18.065210144261247 ], [ -98.36472934652916, 18.059000089292606 ], [ -98.370574328133628, 18.049230670277584 ], [ -98.359234581295297, 18.036253413405543 ], [ -98.354254552107065, 18.026789166433129 ], [ -98.350612246760178, 18.024644521845307 ], [ -98.355117762516798, 18.01512258781699 ], [ -98.358648382598119, 18.015259336390283 ], [ -98.360499896008577, 18.010026663712882 ], [ -98.365880112607741, 18.005493609956865 ], [ -98.365698569637473, 18.001126757045558 ], [ -98.358184189848231, 18.005743694416065 ], [ -98.350665683134636, 18.001711240512446 ], [ -98.347138431160232, 18.005300760303793 ], [ -98.344478122624608, 18.004176709385177 ], [ -98.341991112420686, 17.999826465943798 ], [ -98.347310771628756, 17.993842552067829 ], [ -98.346500546087981, 17.987221651655549 ], [ -98.349507048660627, 17.983837576749266 ], [ -98.340602425128324, 17.987412601535294 ], [ -98.326092914592664, 17.983048697850052 ], [ -98.32077294971711, 17.987915117039396 ], [ -98.314527777777712, 17.990138888907016 ], [ -98.312666666666587, 17.988277777795947 ], [ -98.308393903723641, 17.981003803766363 ], [ -98.315106939121463, 17.977350552334574 ], [ -98.317478334588614, 17.965691789382049 ], [ -98.31059914892468, 17.954503164901467 ], [ -98.308865645237177, 17.945893872803492 ], [ -98.303200204548148, 17.945629357239035 ], [ -98.299496718403716, 17.940221433387144 ], [ -98.298635603285959, 17.930351688210038 ], [ -98.294531044109746, 17.932242560359018 ], [ -98.298574443761183, 17.923506486749353 ], [ -98.291700758806172, 17.9209410523641 ], [ -98.29008323986649, 17.916261808287704 ], [ -98.300430728928319, 17.908928784810929 ], [ -98.303090342936528, 17.902235010858693 ], [ -98.3018198871886, 17.894247480579256 ], [ -98.315575141508546, 17.890356885738711 ], [ -98.316904517370929, 17.887547655312087 ], [ -98.320309782183386, 17.888820124225997 ], [ -98.324070763261631, 17.886285297558231 ], [ -98.323839615481504, 17.883926716346899 ], [ -98.326382426832865, 17.884347435514705 ], [ -98.328173887950953, 17.880215639449094 ], [ -98.331699098592281, 17.880845828705525 ], [ -98.333028460421843, 17.885151674522305 ], [ -98.33690048296063, 17.884914003057993 ], [ -98.338750101156947, 17.888766180636594 ], [ -98.344587410801353, 17.890932971839469 ], [ -98.346841765288559, 17.894331116060439 ], [ -98.375685544539039, 17.882154193318449 ], [ -98.399471989770532, 17.863014068777112 ], [ -98.426257050561063, 17.891887414990833 ], [ -98.432222079905557, 17.910657437733345 ], [ -98.423152477932575, 17.938913733054861 ], [ -98.422352251464872, 17.947706052518313 ], [ -98.4255043863498, 17.956078179666111 ], [ -98.431505431886237, 17.962625379429266 ], [ -98.430692101383329, 17.975865370533381 ], [ -98.453408106760577, 17.970683160272007 ], [ -98.469210713194698, 17.992930635454144 ], [ -98.499582433300034, 17.996243924170781 ], [ -98.493767318088814, 18.004044255752707 ], [ -98.49510271675102, 18.005117836939718 ], [ -98.489413441872927, 18.015651154909762 ], [ -98.490706101544788, 18.020617952587031 ], [ -98.485574534162367, 18.025848572202957 ], [ -98.48715738418035, 18.031021778018786 ], [ -98.485029726223587, 18.034712822044472 ], [ -98.487475552615322, 18.038475845878327 ], [ -98.498830778180732, 18.040015061309923 ], [ -98.501336846978177, 18.046170029448351 ], [ -98.496848684229136, 18.057541670521356 ], [ -98.497284414998219, 18.065419411413625 ], [ -98.494469646000056, 18.074260314385544 ], [ -98.482602050758743, 18.071748743132602 ], [ -98.46786089841477, 18.086100499038459 ], [ -98.468473641259308, 18.092586356997074 ], [ -98.463242994819879, 18.098456862490103 ], [ -98.456829886682286, 18.098032668869081 ], [ -98.454224237012696, 18.101494359145985 ], [ -98.44874330072939, 18.101679769596753 ], [ -98.444045609262403, 18.108224950848804 ], [ -98.424639274154273, 18.107514453764985 ], [ -98.424102727958029, 18.099423696567797 ], [ -98.420341236512229, 18.098092634588099 ], [ -98.417145803241766, 18.090455767746715 ], [ -98.411589581363415, 18.087878195541773 ], [ -98.404583333333278, 18.080222222241012 ], [ -98.401194444444371, 18.097388888907762 ] ] ] } },
{ "type": "Feature", "properties": { "cve_edo": "21", "cve_mpo_ine": "192", "cve_edo_mpo_ine": "21192", "nom_mpo": "TUZAMAPAN DE GALEANA", "nom_edo": "Puebla", "alianza_ganadora": "Juntos Haremos Historia", "margen_pp": 12.555935772571729, "por_participacion": 81.209918768704568 }, "geometry": { "type": "Polygon", "coordinates": [ [ [ -97.488110802069656, 20.167725738682329 ], [ -97.488025087379171, 20.15972509995138 ], [ -97.485754531052336, 20.157804689272435 ], [ -97.474539468549992, 20.157861219044904 ], [ -97.472941957600227, 20.148317715977079 ], [ -97.477032640068941, 20.14776224178582 ], [ -97.483130641684468, 20.141705739627653 ], [ -97.478669970405264, 20.132435148382026 ], [ -97.491198688795023, 20.124427391806627 ], [ -97.494094116354859, 20.115573995808159 ], [ -97.492877857441442, 20.1129552936011 ], [ -97.495925355038338, 20.11007180240793 ], [ -97.494837750975549, 20.10434499349358 ], [ -97.499864766091079, 20.102923989211732 ], [ -97.510710684656203, 20.091173976423153 ], [ -97.514509397358637, 20.090201304992757 ], [ -97.517234483776122, 20.095398687232869 ], [ -97.52569536943102, 20.096898507529186 ], [ -97.526384788629727, 20.100011403672337 ], [ -97.529900782053303, 20.09650818544327 ], [ -97.5325267506351, 20.096937770119364 ], [ -97.534475838257677, 20.090689606546494 ], [ -97.538864867130016, 20.087854410412803 ], [ -97.53872320460404, 20.078360972134405 ], [ -97.544940225586558, 20.070188584704244 ], [ -97.550959630708476, 20.06835710509403 ], [ -97.555334387036424, 20.075104399710355 ], [ -97.563614550866305, 20.072324267622399 ], [ -97.565620434939888, 20.066075971882324 ], [ -97.572866425126136, 20.063940701265228 ], [ -97.572772190444311, 20.057120041969405 ], [ -97.575641915103361, 20.054275490479501 ], [ -97.576831486977269, 20.047525112756425 ], [ -97.583509437750592, 20.040224198430042 ], [ -97.592846888347069, 20.044902130059004 ], [ -97.592551400945382, 20.060294997266993 ], [ -97.586991450134818, 20.064700532085425 ], [ -97.592987868245771, 20.069914535361459 ], [ -97.592382170078494, 20.07679253767526 ], [ -97.579589105213941, 20.079003149234332 ], [ -97.577293682907467, 20.084628236493323 ], [ -97.571463634812815, 20.082067615649585 ], [ -97.563748097078772, 20.084677981782249 ], [ -97.56128866307597, 20.086819871803009 ], [ -97.563376814565629, 20.090893854886374 ], [ -97.558969743874457, 20.099118441206699 ], [ -97.558945864870523, 20.106123823583033 ], [ -97.556550798745448, 20.106400608154523 ], [ -97.552484952372581, 20.100118460861356 ], [ -97.546657022354793, 20.101573717406019 ], [ -97.54205443595302, 20.10584359116827 ], [ -97.538706496378481, 20.115802916291532 ], [ -97.533798933607358, 20.11675928267686 ], [ -97.52849483455212, 20.113992973029752 ], [ -97.519877337550497, 20.123104066146439 ], [ -97.512162431424784, 20.124800062165175 ], [ -97.509747233316759, 20.130381915884108 ], [ -97.50010057189786, 20.132466211823807 ], [ -97.494615367240598, 20.136119177198736 ], [ -97.499675859033474, 20.142495534655957 ], [ -97.495232359502069, 20.143503366291309 ], [ -97.495022210121974, 20.14705652498678 ], [ -97.503860126176335, 20.149164104888502 ], [ -97.503598558029836, 20.156304165147354 ], [ -97.488110802069656, 20.167725738682329 ] ] ] } },
{ "type": "Feature", "properties": { "cve_edo": "21", "cve_mpo_ine": "193", "cve_edo_mpo_ine": "21193", "nom_mpo": "TZICATLACOYAN", "nom_edo": "Puebla", "alianza_ganadora": "Juntos Haremos Historia", "margen_pp": 12.485939257592801, "por_participacion": 68.358323721645519 }, "geometry": { "type": "Polygon", "coordinates": [ [ [ -98.094964908389557, 18.913471680257633 ], [ -98.088817446683677, 18.912982356103754 ], [ -98.087444167110618, 18.906595713745922 ], [ -98.084754941734431, 18.907853610546102 ], [ -98.084158729788115, 18.904803225250184 ], [ -98.074015888773573, 18.90187375576199 ], [ -98.073907101347672, 18.899806402619781 ], [ -98.061552340662985, 18.89162507457657 ], [ -98.065475227429076, 18.88640890000578 ], [ -98.065472953681677, 18.881607316648651 ], [ -98.057252712895817, 18.886211088595054 ], [ -98.045190262113678, 18.886146882080251 ], [ -98.021141561862962, 18.874307978048311 ], [ -98.015309862409964, 18.867683576705065 ], [ -98.017107821452143, 18.863092598277674 ], [ -98.015622385669573, 18.859108727663124 ], [ -98.025815386167977, 18.84999477707521 ], [ -98.02988955499481, 18.850985094434574 ], [ -98.030114858248524, 18.843612391014098 ], [ -98.028793012534408, 18.836851824701725 ], [ -98.025183375588952, 18.838293899243247 ], [ -98.023083028595366, 18.8351922889923 ], [ -98.020339248017535, 18.838934029642619 ], [ -98.018782514565302, 18.832012790130499 ], [ -98.011717226826391, 18.831706005941246 ], [ -98.014269522683307, 18.827223348365397 ], [ -98.011235178757701, 18.828528888523277 ], [ -98.00817578145822, 18.835961019931585 ], [ -98.006059754312759, 18.825036353665073 ], [ -97.999597259595234, 18.828110677182735 ], [ -97.99070482663646, 18.826392628744699 ], [ -97.982787542303939, 18.829124205338935 ], [ -97.978869756079121, 18.827384593109166 ], [ -97.977935609655304, 18.82943226729412 ], [ -97.974621171577283, 18.823913316090778 ], [ -97.968005395124067, 18.830259670766523 ], [ -97.961834649871392, 18.821405684326194 ], [ -97.954968823803398, 18.824569566592199 ], [ -97.950035457824868, 18.823885192466889 ], [ -97.954994143539295, 18.815959535165575 ], [ -97.950333289731816, 18.814565881887511 ], [ -97.94874709250557, 18.81596460971188 ], [ -97.947894667344443, 18.811760269332783 ], [ -97.946361834057001, 18.815393028855755 ], [ -97.942979914956965, 18.814262511311597 ], [ -97.942061365644108, 18.812129103383025 ], [ -97.944735173254372, 18.81025266407244 ], [ -97.941218004170736, 18.808297081716493 ], [ -97.933511466068452, 18.810153006204104 ], [ -97.931475912312095, 18.80725611717321 ], [ -97.927556897044667, 18.812717632167303 ], [ -97.927799906368662, 18.809144005679606 ], [ -97.924964004024986, 18.80557194139244 ], [ -97.926244279137137, 18.803005632459151 ], [ -97.923811518553748, 18.801175423150124 ], [ -97.926830444370992, 18.799318378524553 ], [ -97.923472628692338, 18.795827797184948 ], [ -97.923719293077156, 18.787165946245832 ], [ -97.922163056958595, 18.781566356833345 ], [ -97.916723347116289, 18.775044395170635 ], [ -97.917199627622807, 18.767875281238886 ], [ -97.915116365651073, 18.765465664308429 ], [ -97.918164999334493, 18.761773701264925 ], [ -97.915666672678668, 18.755392884922024 ], [ -97.916476561554234, 18.748675928970812 ], [ -97.923551565504852, 18.735939176314012 ], [ -97.927973066459487, 18.736254243166989 ], [ -97.930571700336117, 18.731907966671766 ], [ -97.945540581126735, 18.725750285683603 ], [ -97.951624186730825, 18.727891327751745 ], [ -97.9498055555554, 18.729277777801482 ], [ -97.953925499050428, 18.728593550070936 ], [ -97.96233333333322, 18.732444444468165 ], [ -97.966981656798666, 18.731152946432459 ], [ -97.973711715206093, 18.737527524087568 ], [ -98.009083333333194, 18.741138888912719 ], [ -98.013544804563352, 18.743068183334859 ], [ -98.011395538906953, 18.746163634708218 ], [ -98.024425759996106, 18.751544312369852 ], [ -98.029552158883774, 18.750216677743971 ], [ -98.032805555555399, 18.745305555579456 ], [ -98.036972222222076, 18.747583333357198 ], [ -98.037288986311893, 18.749991686697918 ], [ -98.040722222222072, 18.74988888891275 ], [ -98.039444444444342, 18.757361111135101 ], [ -98.04433522037445, 18.76137651382302 ], [ -98.047450585456218, 18.760642249172633 ], [ -98.046909906785473, 18.764050899418592 ], [ -98.050444444444295, 18.760666666690621 ], [ -98.05355555555542, 18.764833333357391 ], [ -98.058388888888771, 18.765861111135145 ], [ -98.064972222222096, 18.761138888912924 ], [ -98.074166666666542, 18.773000000024112 ], [ -98.080138888888769, 18.770944444468551 ], [ -98.079989761404875, 18.775198269710369 ], [ -98.085920884987303, 18.781616294806927 ], [ -98.084642362127738, 18.787911535468588 ], [ -98.082228218700394, 18.788880524178207 ], [ -98.082977343094782, 18.792846464236739 ], [ -98.088657946753543, 18.792299377060747 ], [ -98.098298780451785, 18.785767675913291 ], [ -98.099829140967984, 18.778097137870123 ], [ -98.104833333333218, 18.778305555579696 ], [ -98.106611111110979, 18.781083333357493 ], [ -98.108777777777647, 18.777694444468622 ], [ -98.111694009097434, 18.780516875086263 ], [ -98.112836133764944, 18.794390555186542 ], [ -98.117972676156, 18.797257802919859 ], [ -98.120138888888761, 18.801750000024381 ], [ -98.115111111110991, 18.805861111135471 ], [ -98.116222222222106, 18.812055555579995 ], [ -98.119944444444329, 18.816138888913436 ], [ -98.128757127733152, 18.808789047146316 ], [ -98.141828095716136, 18.804373656368195 ], [ -98.151687059404949, 18.809784345454283 ], [ -98.151481113071725, 18.821075646285159 ], [ -98.148196200605, 18.828309735646744 ], [ -98.146321592828087, 18.827794934319197 ], [ -98.148694405381534, 18.831556441786766 ], [ -98.146910066754543, 18.840478255021949 ], [ -98.150751616323078, 18.840636621614749 ], [ -98.150480870838877, 18.845516094425083 ], [ -98.147463879693944, 18.846414667563099 ], [ -98.146515035357737, 18.851117886211227 ], [ -98.150259027732787, 18.855918715280982 ], [ -98.157899794677192, 18.857594295750896 ], [ -98.159072271736051, 18.867299514017311 ], [ -98.153490858439696, 18.871327581471437 ], [ -98.149564271058424, 18.880851407229926 ], [ -98.134602798617721, 18.882990852529911 ], [ -98.127083482779966, 18.892130754217767 ], [ -98.127365187245701, 18.893824280573391 ], [ -98.135880217940681, 18.894760630523308 ], [ -98.146778824665645, 18.894135542316626 ], [ -98.146350474249274, 18.899005534101669 ], [ -98.150666830035803, 18.905583375609766 ], [ -98.1469520890371, 18.906727355825037 ], [ -98.144409978895709, 18.904985267184603 ], [ -98.146423152810257, 18.908294395141262 ], [ -98.137189483151786, 18.912103657329201 ], [ -98.133204455096035, 18.909076920793606 ], [ -98.133705775095038, 18.913371968255813 ], [ -98.131965175165121, 18.913737765582411 ], [ -98.126751612637221, 18.913101217607554 ], [ -98.126827308953963, 18.909386037922495 ], [ -98.122077582380328, 18.908750909332444 ], [ -98.122215295958242, 18.904210290475358 ], [ -98.125993604955156, 18.901911107812463 ], [ -98.119375557001177, 18.904159454789777 ], [ -98.117181330797607, 18.902459459985966 ], [ -98.118084951633293, 18.907375135489474 ], [ -98.115924294730618, 18.910711702789278 ], [ -98.10792137613177, 18.911592596619844 ], [ -98.103296929633288, 18.909058432720293 ], [ -98.094964908389557, 18.913471680257633 ] ] ] } },
{ "type": "Feature", "properties": { "cve_edo": "21", "cve_mpo_ine": "194", "cve_edo_mpo_ine": "21194", "nom_mpo": "VENUSTIANO CARRANZA", "nom_edo": "Puebla", "alianza_ganadora": "Juntos Haremos Historia", "margen_pp": 20.02055011065444, "por_participacion": 61.047044632086852 }, "geometry": { "type": "Polygon", "coordinates": [ [ [ -97.74315311023291, 20.462657551524067 ], [ -97.758566364246647, 20.475068783841831 ], [ -97.757224062342601, 20.477771385529412 ], [ -97.764086119549233, 20.47999409416331 ], [ -97.769720522372765, 20.47633187733625 ], [ -97.780766155071547, 20.477179478880519 ], [ -97.791541799328016, 20.468111047489174 ], [ -97.799999310840803, 20.466642620376629 ], [ -97.790670485291471, 20.479493793783579 ], [ -97.799693299883842, 20.481999238527784 ], [ -97.814089760084755, 20.482157619716265 ], [ -97.83277661208443, 20.508154255920392 ], [ -97.837428396447677, 20.518638711128606 ], [ -97.828006375873684, 20.526303147443269 ], [ -97.824905938770939, 20.532079735829843 ], [ -97.81915364438305, 20.530451700142464 ], [ -97.818374172229184, 20.527098663560285 ], [ -97.805241560207349, 20.525416635085794 ], [ -97.798288620957607, 20.52083846333375 ], [ -97.792919543964189, 20.520136721125549 ], [ -97.79516615840032, 20.527321428280686 ], [ -97.794603348564408, 20.5363783061993 ], [ -97.783256311516695, 20.533749094421978 ], [ -97.773302288184539, 20.541358513595547 ], [ -97.781580818674357, 20.548641298937966 ], [ -97.78708249918958, 20.5586708103158 ], [ -97.781553237010428, 20.582308738637273 ], [ -97.768690439752788, 20.594251462342246 ], [ -97.764868224812361, 20.592080504344597 ], [ -97.759697727580019, 20.592859683044871 ], [ -97.748731446302827, 20.599238282092855 ], [ -97.746051275086145, 20.592201393195275 ], [ -97.739472009425995, 20.598873890261242 ], [ -97.735841020883711, 20.599389022188099 ], [ -97.737511337380596, 20.595040550900919 ], [ -97.735556194516491, 20.590382063366878 ], [ -97.731919050739833, 20.590649913592951 ], [ -97.730015591486676, 20.583473329249063 ], [ -97.726027870937074, 20.580844457621062 ], [ -97.717998784748644, 20.581077602528879 ], [ -97.71448240232067, 20.584031273630359 ], [ -97.707479131602796, 20.582795087436178 ], [ -97.698374574075203, 20.58470567319015 ], [ -97.697935673980808, 20.568424383401002 ], [ -97.692953668672573, 20.56577748942097 ], [ -97.688904314656341, 20.569010412876736 ], [ -97.690580786569683, 20.57007197956462 ], [ -97.684660329760703, 20.5731482927931 ], [ -97.684514801695883, 20.57034958736396 ], [ -97.680401492519252, 20.568052527057564 ], [ -97.684844860361039, 20.555119134814181 ], [ -97.676588923183957, 20.555705178837098 ], [ -97.668194589761455, 20.559480896672682 ], [ -97.657863967897214, 20.555004721267164 ], [ -97.656116677562196, 20.548945109366976 ], [ -97.652484801337067, 20.549004946817231 ], [ -97.651212106933045, 20.553855093729435 ], [ -97.643278718768343, 20.557968065449565 ], [ -97.636689375518614, 20.553845881443433 ], [ -97.629841285114793, 20.55368299277664 ], [ -97.622586104416897, 20.556396489214752 ], [ -97.60934594541942, 20.554827489639433 ], [ -97.605473431940226, 20.557109047007884 ], [ -97.60946808761787, 20.559697060080897 ], [ -97.608061730172452, 20.562466440431198 ], [ -97.601717844465398, 20.558977456431077 ], [ -97.598315385894466, 20.56191776615556 ], [ -97.595317255213288, 20.557428134326255 ], [ -97.59379175152975, 20.558464378471424 ], [ -97.585393081287904, 20.554279249642001 ], [ -97.574641176670085, 20.542713050123666 ], [ -97.57863208471403, 20.538578811623506 ], [ -97.576983987869752, 20.535855545867395 ], [ -97.578452823533866, 20.53364147321043 ], [ -97.572288872515998, 20.532792292047379 ], [ -97.553249896758956, 20.504102363371803 ], [ -97.543035988889812, 20.499713995273392 ], [ -97.542562220097111, 20.492080333856567 ], [ -97.538961635878294, 20.488923677000397 ], [ -97.543120912158869, 20.483399109175362 ], [ -97.551488232743196, 20.485711797415309 ], [ -97.555750084564025, 20.483357968713232 ], [ -97.558439484143577, 20.488616043358711 ], [ -97.564061509668591, 20.490833027449156 ], [ -97.578368869714694, 20.491608019135107 ], [ -97.579677313892759, 20.485312656330784 ], [ -97.584832520023937, 20.479546523193164 ], [ -97.584802163591576, 20.475621218241745 ], [ -97.596011834990776, 20.464752864218259 ], [ -97.599934360113892, 20.461932704017517 ], [ -97.610272714404829, 20.462902282785837 ], [ -97.613306884992298, 20.457794804274329 ], [ -97.61810554433815, 20.455112929123278 ], [ -97.624638013304647, 20.455775552402017 ], [ -97.636048685153696, 20.449838572356846 ], [ -97.640549659440367, 20.442422125959276 ], [ -97.63561756777446, 20.432052715986817 ], [ -97.638796066854482, 20.422776611611575 ], [ -97.637835795251561, 20.418341193668322 ], [ -97.644767361292395, 20.408898133311052 ], [ -97.651516511268639, 20.412219439740834 ], [ -97.672673392818197, 20.411202584579819 ], [ -97.674047701224382, 20.420233137876245 ], [ -97.685508358148724, 20.427437116803141 ], [ -97.689255233399138, 20.427337186127833 ], [ -97.697070023548235, 20.434286562333487 ], [ -97.699218848518868, 20.443615057277363 ], [ -97.706549886997422, 20.448532228482208 ], [ -97.708699348228592, 20.455011327126481 ], [ -97.719891117899579, 20.454337373702632 ], [ -97.725774208481297, 20.4585680996611 ], [ -97.733458725853097, 20.452041969381686 ], [ -97.737325881874526, 20.453986496991124 ], [ -97.74315311023291, 20.462657551524067 ] ] ] } },
{ "type": "Feature", "properties": { "cve_edo": "21", "cve_mpo_ine": "195", "cve_edo_mpo_ine": "21195", "nom_mpo": "VICENTE GUERRERO", "nom_edo": "Puebla", "alianza_ganadora": "Va por México", "margen_pp": 37.033924205378973, "por_participacion": 73.342673017652004 }, "geometry": { "type": "Polygon", "coordinates": [ [ [ -97.11376305387374, 18.521022176788584 ], [ -97.117360380290478, 18.515048894005407 ], [ -97.11343272133287, 18.502330505509487 ], [ -97.108616567885363, 18.499654890130486 ], [ -97.103844454735423, 18.490347378502236 ], [ -97.089521629228528, 18.486132284572935 ], [ -97.092469660406294, 18.482515331686162 ], [ -97.09308772548917, 18.473145889893814 ], [ -97.0977743058736, 18.469770960044123 ], [ -97.096080462252957, 18.463352993257946 ], [ -97.087154673331241, 18.462101657437003 ], [ -97.077093178492262, 18.466990282494365 ], [ -97.084664904463068, 18.460096230712605 ], [ -97.084900277915835, 18.452272799342321 ], [ -97.097743611982736, 18.43483873627811 ], [ -97.099611417231486, 18.434367659060008 ], [ -97.105303385890579, 18.441060417622609 ], [ -97.106975509950033, 18.437365122097113 ], [ -97.110397180561009, 18.438968382753774 ], [ -97.109924446341438, 18.434742515435058 ], [ -97.11416616639805, 18.44040444493783 ], [ -97.122090776954479, 18.460517297825096 ], [ -97.133500025463647, 18.458109677431423 ], [ -97.140604827665868, 18.448713874234027 ], [ -97.157116011847506, 18.44802498946882 ], [ -97.154266362937847, 18.443684542702826 ], [ -97.166871796953416, 18.43368464301609 ], [ -97.174353791982668, 18.43692780167078 ], [ -97.179734975775716, 18.434252311831855 ], [ -97.184641317705086, 18.427309361473842 ], [ -97.183496438805108, 18.432578349837968 ], [ -97.185012321297179, 18.436219460176854 ], [ -97.188489041833833, 18.436411851523577 ], [ -97.189770892706093, 18.439142042044793 ], [ -97.191379873996127, 18.455963737072718 ], [ -97.201347433559476, 18.456418138726296 ], [ -97.200604587209597, 18.460276202666229 ], [ -97.202640409451789, 18.463127414542928 ], [ -97.203445792848683, 18.460968517275269 ], [ -97.216992551957858, 18.456473946597843 ], [ -97.226044565664466, 18.460910348265259 ], [ -97.232709752055229, 18.461377859076109 ], [ -97.231649162339821, 18.4552893970742 ], [ -97.233439061928109, 18.453084450051083 ], [ -97.242319275495987, 18.458101183611614 ], [ -97.246201843821666, 18.45816635980281 ], [ -97.247785104461258, 18.464459646374102 ], [ -97.242413556781543, 18.470453086262925 ], [ -97.237146812485619, 18.472756758250579 ], [ -97.232737850204501, 18.471118615357355 ], [ -97.22260015933081, 18.472366001768641 ], [ -97.216606218365897, 18.484164390362814 ], [ -97.232644060537879, 18.498973761684393 ], [ -97.241524071722395, 18.503161704576357 ], [ -97.23975775517988, 18.513656679197133 ], [ -97.246023076768196, 18.515410676150346 ], [ -97.223846519685964, 18.523966007057091 ], [ -97.218448379668331, 18.521378458410005 ], [ -97.233457316748996, 18.540130314265351 ], [ -97.246500306873457, 18.539781456014303 ], [ -97.250956618040576, 18.53719125171963 ], [ -97.257688069664795, 18.539398775344704 ], [ -97.259051139363308, 18.549299245243215 ], [ -97.269503849192844, 18.554805332531942 ], [ -97.263744400661764, 18.567557424829069 ], [ -97.254647049638336, 18.569588798433244 ], [ -97.247680754491199, 18.566760380117856 ], [ -97.237302977440905, 18.567138687405826 ], [ -97.234036349867253, 18.580666013244571 ], [ -97.221554319712538, 18.596306252777335 ], [ -97.237983921865819, 18.602575535002295 ], [ -97.243312672274612, 18.600230490591521 ], [ -97.255161907800755, 18.586829881196934 ], [ -97.261426320212706, 18.587340085071581 ], [ -97.277171171056935, 18.596925222926885 ], [ -97.286338470884914, 18.594111556119906 ], [ -97.291143081886275, 18.594891537282212 ], [ -97.292946754760933, 18.597413620431588 ], [ -97.290422895505174, 18.602672886306898 ], [ -97.274200546294693, 18.611136137314716 ], [ -97.270084746673746, 18.609071937479989 ], [ -97.269760113570214, 18.614742020424668 ], [ -97.274497996826483, 18.627689633856605 ], [ -97.273734358005939, 18.632077336698529 ], [ -97.272823265342851, 18.626714595330146 ], [ -97.269336777211151, 18.628007082693625 ], [ -97.260719568449176, 18.62329238474204 ], [ -97.253164592312942, 18.626160812185862 ], [ -97.242317196177964, 18.642426970554034 ], [ -97.236065856090079, 18.642751512024848 ], [ -97.224809869575679, 18.636283604943472 ], [ -97.220469386034395, 18.628690088491499 ], [ -97.215284334205933, 18.625184801115488 ], [ -97.210769553737038, 18.624701997079367 ], [ -97.19635639076931, 18.629574113359531 ], [ -97.184728894202109, 18.618846153847421 ], [ -97.184548204375474, 18.616194178188049 ], [ -97.175274486855187, 18.615836610856121 ], [ -97.173680633800927, 18.605737509623612 ], [ -97.160944129417373, 18.604911365902549 ], [ -97.154218331518194, 18.598955067313032 ], [ -97.144829249677088, 18.594843956043203 ], [ -97.148515626374618, 18.585264787388287 ], [ -97.144943449509967, 18.577154688388912 ], [ -97.149977254122419, 18.570973531362444 ], [ -97.156602197359888, 18.567979863387485 ], [ -97.15164117712996, 18.566206114443652 ], [ -97.149680017564833, 18.559140437506962 ], [ -97.1541735587289, 18.549337743438564 ], [ -97.137554667320643, 18.532576213841708 ], [ -97.129095840114488, 18.534557596873604 ], [ -97.11376305387374, 18.521022176788584 ] ] ] } },
{ "type": "Feature", "properties": { "cve_edo": "21", "cve_mpo_ine": "196", "cve_edo_mpo_ine": "21196", "nom_mpo": "XAYACATLAN DE BRAVO", "nom_edo": "Puebla", "alianza_ganadora": "Va por México", "margen_pp": 5.4290718038528896, "por_participacion": 79.971988795518214 }, "geometry": { "type": "Polygon", "coordinates": [ [ [ -97.990287356426734, 18.233948388207317 ], [ -97.99573598858224, 18.24016264217191 ], [ -97.996382189330404, 18.245062975396841 ], [ -98.003198196629782, 18.248105474724149 ], [ -98.002282654775073, 18.250978738579565 ], [ -97.987780399321537, 18.247680948736669 ], [ -97.983013571951972, 18.239924909014196 ], [ -97.972704900648765, 18.248790355538489 ], [ -97.967926160816944, 18.256950328195444 ], [ -97.981251552123339, 18.269122719975396 ], [ -97.983041593586393, 18.275107259525509 ], [ -97.986390736404147, 18.277507715944768 ], [ -97.98115788993141, 18.279980086152488 ], [ -97.979728211668004, 18.284308238441866 ], [ -97.975506313144905, 18.281753411349964 ], [ -97.974325298872756, 18.283799289702394 ], [ -97.965882870388072, 18.285194654308814 ], [ -97.959151474087946, 18.284182688701151 ], [ -97.96049644764372, 18.292060572726918 ], [ -97.95841713687021, 18.299007431856314 ], [ -97.960724047270332, 18.301504823307717 ], [ -97.953608392665714, 18.305782683175956 ], [ -97.952216499600127, 18.309032758228874 ], [ -97.9427614047313, 18.312263335132009 ], [ -97.941857597426292, 18.316874331081234 ], [ -97.938605125186768, 18.319899799690347 ], [ -97.932183927917734, 18.320894435942979 ], [ -97.932611493905384, 18.325363855097862 ], [ -97.945872177040627, 18.33053715039636 ], [ -97.948279736499344, 18.332163259492869 ], [ -97.946928480465459, 18.334459737727094 ], [ -97.927371812512916, 18.340637960475632 ], [ -97.922255916428355, 18.336767552013793 ], [ -97.907276288375201, 18.339362818437678 ], [ -97.905563283526519, 18.324468392263956 ], [ -97.907737851924693, 18.312921854523932 ], [ -97.896672888452954, 18.303823289286495 ], [ -97.897971310409261, 18.298503161223763 ], [ -97.902232422662721, 18.296749980599323 ], [ -97.91106598557387, 18.284620952501619 ], [ -97.91662351501553, 18.284052391602717 ], [ -97.929969295720454, 18.287692400260408 ], [ -97.938122866741352, 18.286343827226741 ], [ -97.943974282653457, 18.282745903420711 ], [ -97.94583216136364, 18.279614120344164 ], [ -97.944408778563911, 18.277850922031934 ], [ -97.936156361750747, 18.270375432580941 ], [ -97.925240135864172, 18.266331677371038 ], [ -97.923415530797797, 18.261548778283021 ], [ -97.929353575441411, 18.256334179223952 ], [ -97.93183184533595, 18.248968131747304 ], [ -97.939446319183915, 18.246756220346054 ], [ -97.944928524229425, 18.242044209283453 ], [ -97.946018992953881, 18.238176535526296 ], [ -97.9521243830374, 18.234633217208483 ], [ -97.951782307442841, 18.229838428874967 ], [ -97.954270813193361, 18.226718477654249 ], [ -97.952916666666539, 18.223777777797611 ], [ -97.95713859069663, 18.21871264040816 ], [ -97.972293207779046, 18.22258423073151 ], [ -97.978503019459311, 18.219726172894127 ], [ -97.986325342189517, 18.20988531457909 ], [ -97.985765587236372, 18.204588921819813 ], [ -97.982626371804628, 18.200901232059209 ], [ -97.983863847459631, 18.192752212366969 ], [ -97.988480976192832, 18.187997224429783 ], [ -97.995256838794035, 18.185223808687212 ], [ -97.992366291655287, 18.211533950593459 ], [ -97.986913038105001, 18.21827991332307 ], [ -97.986034677344321, 18.226566790206839 ], [ -97.991535823725854, 18.225479102742018 ], [ -97.990287356426734, 18.233948388207317 ] ] ] } },
{ "type": "Feature", "properties": { "cve_edo": "21", "cve_mpo_ine": "197", "cve_edo_mpo_ine": "21197", "nom_mpo": "XICOTEPEC", "nom_edo": "Puebla", "alianza_ganadora": "Juntos Haremos Historia", "margen_pp": 4.2242400315831032, "por_participacion": 60.989955971381391 }, "geometry": { "type": "Polygon", "coordinates": [ [ [ -97.781280005340705, 20.433269093541895 ], [ -97.772376669777501, 20.430904092279544 ], [ -97.767188219130375, 20.433263939534204 ], [ -97.749216472483369, 20.421065594575765 ], [ -97.750389374055544, 20.414844980921035 ], [ -97.754763900365361, 20.41157306426507 ], [ -97.756870761860441, 20.399501409382218 ], [ -97.761527639345019, 20.397385952550103 ], [ -97.764433986733948, 20.381235836565491 ], [ -97.782017658242864, 20.364475392738484 ], [ -97.786714823685855, 20.364256764106742 ], [ -97.79306757996261, 20.356087572576175 ], [ -97.799134009000994, 20.353649626588442 ], [ -97.805491878838126, 20.338138080384152 ], [ -97.816488528797379, 20.342163535371146 ], [ -97.822612019464188, 20.353253977186252 ], [ -97.831000536548018, 20.353674651182736 ], [ -97.833083942823279, 20.336734438246857 ], [ -97.830186219467464, 20.332551520606728 ], [ -97.832973258774032, 20.329185616569795 ], [ -97.830148290680157, 20.323394499331666 ], [ -97.838072959534401, 20.316181354978106 ], [ -97.845075173590999, 20.313829642163817 ], [ -97.853732904683937, 20.316849265083228 ], [ -97.86322466407141, 20.325359092584716 ], [ -97.869885295140236, 20.307825426631123 ], [ -97.866558397817357, 20.29881471785243 ], [ -97.871707498591761, 20.27945743265251 ], [ -97.877849574296761, 20.281512966056287 ], [ -97.876812113379984, 20.267923509388019 ], [ -97.882662399976581, 20.267717660223685 ], [ -97.882350766745617, 20.262234128345135 ], [ -97.890039075276832, 20.255301207398244 ], [ -97.890860014068181, 20.247473196527835 ], [ -97.899571124806386, 20.249470222413692 ], [ -97.901191089500301, 20.239197621411822 ], [ -97.917904121202852, 20.239287738022302 ], [ -97.923726331885305, 20.22995539450439 ], [ -97.928088078412429, 20.22717360686077 ], [ -97.938809693783739, 20.228384881807195 ], [ -97.957340481356226, 20.235864189345946 ], [ -97.964163797494507, 20.233217816848605 ], [ -97.969092717558979, 20.236102280864145 ], [ -97.975934463277028, 20.231946109702118 ], [ -97.980055305352394, 20.235801692579074 ], [ -97.984687903704028, 20.246836116494926 ], [ -98.00154653294409, 20.243208380106914 ], [ -98.008633326894795, 20.249425616330832 ], [ -98.008916651774683, 20.254119932453506 ], [ -98.012029183496168, 20.254681534633026 ], [ -98.011640627868516, 20.259133215117924 ], [ -98.015672218844557, 20.254646643610609 ], [ -98.021706187619031, 20.254971602327547 ], [ -98.023509198172022, 20.26791744380257 ], [ -97.999755083048584, 20.280601504986826 ], [ -97.996195480872871, 20.296043032857519 ], [ -98.003699294332776, 20.296118163868151 ], [ -98.01050252460773, 20.290176301331261 ], [ -98.025501954428066, 20.28530351971224 ], [ -98.030854020866457, 20.295215505396779 ], [ -98.041097558960871, 20.302714154313524 ], [ -98.040140636640075, 20.308990979657125 ], [ -98.044312004493861, 20.316270232259985 ], [ -98.044497367253769, 20.323035946856749 ], [ -98.030199496670988, 20.328564763471288 ], [ -98.01490727553184, 20.325317230832045 ], [ -98.001867542196834, 20.326957734175831 ], [ -97.990784489025771, 20.318323520235285 ], [ -97.984295720507561, 20.307525419940497 ], [ -97.979022957864331, 20.314140085990644 ], [ -97.977745314008985, 20.320032207034199 ], [ -97.973295693354316, 20.318772347954095 ], [ -97.971755143530032, 20.320703239398672 ], [ -97.976160145738987, 20.327737693865735 ], [ -97.970779542658619, 20.332990314248352 ], [ -97.969802184596574, 20.337935157700549 ], [ -97.96470053171528, 20.337455473468736 ], [ -97.961482688641112, 20.343708754131203 ], [ -97.956498249132594, 20.343229424641834 ], [ -97.957076605642527, 20.351770764546359 ], [ -97.960402911031991, 20.354180251647414 ], [ -97.956835633562662, 20.360019140817322 ], [ -97.951970352132932, 20.359251541074563 ], [ -97.946643894955713, 20.364833590274735 ], [ -97.937917522212274, 20.355135888826403 ], [ -97.931312842396622, 20.359060817077669 ], [ -97.926653020813148, 20.369224256354698 ], [ -97.919136166689071, 20.369720267019787 ], [ -97.907531377797426, 20.374854738786734 ], [ -97.897890482760829, 20.383752716394351 ], [ -97.895132057642243, 20.390790820940541 ], [ -97.886162351337717, 20.396433241675471 ], [ -97.878885006375242, 20.396574930146787 ], [ -97.868823276506475, 20.388605970002391 ], [ -97.86096802537304, 20.390764086375505 ], [ -97.859409922386291, 20.394508648762422 ], [ -97.847085484919191, 20.394148993278559 ], [ -97.839594564247164, 20.405077058876994 ], [ -97.83528811895998, 20.407485417897139 ], [ -97.82757917477241, 20.409584874956497 ], [ -97.822611299229393, 20.407039431441735 ], [ -97.822625945492931, 20.412071577176953 ], [ -97.820136064985761, 20.414820284903634 ], [ -97.821388198529576, 20.419323582055412 ], [ -97.809210087712557, 20.41549735648697 ], [ -97.80466295771798, 20.41848092068382 ], [ -97.793075786550546, 20.420844055526796 ], [ -97.781280005340705, 20.433269093541895 ] ] ] } },
{ "type": "Feature", "properties": { "cve_edo": "21", "cve_mpo_ine": "198", "cve_edo_mpo_ine": "21198", "nom_mpo": "XICOTLAN", "nom_edo": "Puebla", "alianza_ganadora": "Va por México", "margen_pp": 20.609884332281808, "por_participacion": 85.75293056807935 }, "geometry": { "type": "Polygon", "coordinates": [ [ [ -98.672296832469655, 18.069954417358161 ], [ -98.676913088024619, 18.069894232389693 ], [ -98.695037386435246, 18.077875410267616 ], [ -98.695799963879438, 18.082744431117714 ], [ -98.69272735528628, 18.08674724313537 ], [ -98.695560135065563, 18.090518235940596 ], [ -98.695975755493876, 18.099607391006121 ], [ -98.699835971314712, 18.106425583205613 ], [ -98.700267874055044, 18.112497040624451 ], [ -98.704556768222957, 18.112613938339422 ], [ -98.706655582064542, 18.105232455246945 ], [ -98.715149324898775, 18.111915183280058 ], [ -98.708601747506293, 18.12017392083936 ], [ -98.703784978943972, 18.119608383682969 ], [ -98.697099563771644, 18.122163953487288 ], [ -98.691127802974989, 18.130250219472785 ], [ -98.688636692819713, 18.130278188845818 ], [ -98.689052831942945, 18.135233768662783 ], [ -98.685974573263522, 18.138905803378798 ], [ -98.692017430517552, 18.144294264024616 ], [ -98.693313348300023, 18.158375056036853 ], [ -98.698101287915264, 18.160966636533818 ], [ -98.705369268732198, 18.17518665485046 ], [ -98.71360590620624, 18.175672087188385 ], [ -98.714092904968282, 18.181494848875907 ], [ -98.719617097655373, 18.186929697101938 ], [ -98.710159714126448, 18.190385191531959 ], [ -98.696914418701638, 18.188219954897939 ], [ -98.691147094150608, 18.181919161703597 ], [ -98.686200250197643, 18.180445231627324 ], [ -98.676074453803949, 18.181674431411125 ], [ -98.672621381995341, 18.179232789010726 ], [ -98.678194610942072, 18.171482335395453 ], [ -98.675427429031643, 18.155681818813282 ], [ -98.672027050698958, 18.157042425058112 ], [ -98.667424354040207, 18.16370722704773 ], [ -98.661473084552483, 18.165013281663626 ], [ -98.653061071221728, 18.17287724298642 ], [ -98.651003136390273, 18.170709175066762 ], [ -98.654216410087102, 18.15132892711107 ], [ -98.660469742160089, 18.146712926379603 ], [ -98.671177269556395, 18.133118772405037 ], [ -98.672676862149714, 18.124173644591092 ], [ -98.66938061280824, 18.120407483168073 ], [ -98.671763020956362, 18.11670199659455 ], [ -98.667424214007852, 18.117163741909803 ], [ -98.662160376641609, 18.113543323934966 ], [ -98.659025715742715, 18.117339562613687 ], [ -98.65768463057266, 18.125208103551859 ], [ -98.654507993519076, 18.125945913794059 ], [ -98.655599580456922, 18.121014960623679 ], [ -98.652428055445085, 18.117867169912557 ], [ -98.641983858460023, 18.120999607298931 ], [ -98.630768809896892, 18.114260799646672 ], [ -98.629818596575589, 18.116833953303527 ], [ -98.622310294289306, 18.114270338826937 ], [ -98.617321046528559, 18.109447020138081 ], [ -98.603782891935793, 18.11517370887923 ], [ -98.599344237481191, 18.10815325061288 ], [ -98.591732986061672, 18.106498942434705 ], [ -98.59383939017458, 18.112428568653328 ], [ -98.591281121949024, 18.120474964307046 ], [ -98.592082466008009, 18.124103837870038 ], [ -98.597979086652686, 18.127471322604531 ], [ -98.598099843338076, 18.140903835501195 ], [ -98.593073335610967, 18.146372649708944 ], [ -98.584214306428876, 18.142499305620127 ], [ -98.57931151213441, 18.14420497401893 ], [ -98.578334607319306, 18.149216863865917 ], [ -98.5810576445447, 18.153569326190617 ], [ -98.576976577640536, 18.15609285397414 ], [ -98.577372720485414, 18.15976741492954 ], [ -98.574898621641125, 18.161116423359335 ], [ -98.56983263468959, 18.146041750505841 ], [ -98.567075383375624, 18.143466885810849 ], [ -98.560076382779556, 18.144408884392032 ], [ -98.560742857392313, 18.151056701228434 ], [ -98.55749332661415, 18.151816877226143 ], [ -98.548589057648968, 18.139307668930002 ], [ -98.542092387363027, 18.141161789912495 ], [ -98.543480439572036, 18.137423599955529 ], [ -98.538567999338923, 18.133179845440662 ], [ -98.54169445553724, 18.12987633726129 ], [ -98.540518228252822, 18.124513805637068 ], [ -98.53265155936667, 18.119559903782022 ], [ -98.530223556933166, 18.115411159123632 ], [ -98.526814035507996, 18.119089966023164 ], [ -98.530030271282996, 18.129722439676947 ], [ -98.519827986858118, 18.130832989790086 ], [ -98.517165158713539, 18.122468540838899 ], [ -98.51343878597784, 18.124248395576068 ], [ -98.513110850855057, 18.121564064454823 ], [ -98.507438276790381, 18.124482785241526 ], [ -98.505384274865719, 18.122190448014756 ], [ -98.493586939097241, 18.100903306038788 ], [ -98.494573494522371, 18.097294125061588 ], [ -98.490516768557697, 18.100152563295136 ], [ -98.487334795855091, 18.099651176886372 ], [ -98.488898138608761, 18.092023991938344 ], [ -98.492085381887264, 18.09289748678858 ], [ -98.500235047829094, 18.089702706516892 ], [ -98.504528644523305, 18.083326107285853 ], [ -98.510271533823968, 18.081357784780327 ], [ -98.504564193548461, 18.062027559871222 ], [ -98.507159212810222, 18.057944904963861 ], [ -98.502174822558871, 18.056471952537724 ], [ -98.496624406482582, 18.059719887964889 ], [ -98.501131271304686, 18.047845006658331 ], [ -98.498863233593127, 18.0429299849988 ], [ -98.500438871088676, 18.038965204623256 ], [ -98.544063206581171, 18.049259663934006 ], [ -98.563172130036335, 18.049058352744449 ], [ -98.572848699388587, 18.053833217506487 ], [ -98.577395583462504, 18.051676728968211 ], [ -98.580211229989871, 18.045611784098295 ], [ -98.589001795759543, 18.044691058704505 ], [ -98.590695616137225, 18.041407419113153 ], [ -98.592566632991947, 18.042751397957321 ], [ -98.605952317248324, 18.039011036998343 ], [ -98.610299758281258, 18.043004548270225 ], [ -98.616550469462283, 18.043360424061184 ], [ -98.619225347779761, 18.039859182747715 ], [ -98.619714455319524, 18.033157531388746 ], [ -98.631824208762922, 18.037944323626892 ], [ -98.645128854424897, 18.036847577002067 ], [ -98.650332173420352, 18.044726644225811 ], [ -98.648684966928599, 18.04710093348611 ], [ -98.653273637860693, 18.052341237980297 ], [ -98.656632816229603, 18.052345425428609 ], [ -98.660370634836326, 18.067350161350575 ], [ -98.669629927380711, 18.066653192637986 ], [ -98.672891218508894, 18.067661785490866 ], [ -98.672296832469655, 18.069954417358161 ] ] ] } },
{ "type": "Feature", "properties": { "cve_edo": "21", "cve_mpo_ine": "199", "cve_edo_mpo_ine": "21199", "nom_mpo": "XIUTETELCO", "nom_edo": "Puebla", "alianza_ganadora": "Va por México", "margen_pp": 9.440146142273802, "por_participacion": 65.762136951452206 }, "geometry": { "type": "Polygon", "coordinates": [ [ [ -97.351702018186856, 19.790448788638088 ], [ -97.350943648942405, 19.788887396560501 ], [ -97.347197748658203, 19.794602614496704 ], [ -97.345001972105308, 19.802982476230646 ], [ -97.337911047601708, 19.804950776074115 ], [ -97.335084225804479, 19.81020537227732 ], [ -97.32382902031425, 19.817879425593567 ], [ -97.317909989426681, 19.834271732830686 ], [ -97.317911063998949, 19.840240061687872 ], [ -97.320572232038259, 19.843479728963565 ], [ -97.313850270376236, 19.850172253816048 ], [ -97.312313976721612, 19.857916792636463 ], [ -97.306670399441643, 19.862069514890692 ], [ -97.309337787673854, 19.856374163567072 ], [ -97.30894629076397, 19.83440958591823 ], [ -97.314911015820869, 19.827714855298886 ], [ -97.314009980415292, 19.821661750993048 ], [ -97.316529589983105, 19.812718400110544 ], [ -97.31334374545402, 19.790827930076439 ], [ -97.320199227577532, 19.770611593968397 ], [ -97.317278346647853, 19.759336335251344 ], [ -97.318664665523301, 19.752153642542734 ], [ -97.316705120949365, 19.750350696079376 ], [ -97.315731155843011, 19.741106408757936 ], [ -97.311175436599029, 19.738735072326115 ], [ -97.312688565571406, 19.729544852435907 ], [ -97.310969356746668, 19.727463519316021 ], [ -97.317909134232593, 19.72163027080629 ], [ -97.332876623167749, 19.715876812933903 ], [ -97.312762723238421, 19.686944370973226 ], [ -97.307576616461688, 19.68305308044528 ], [ -97.306520714620234, 19.674579972905811 ], [ -97.317972518642705, 19.675149192118248 ], [ -97.327764347530632, 19.678219265532455 ], [ -97.341385075498621, 19.677487632542871 ], [ -97.344462841042443, 19.668560093265295 ], [ -97.361369008978002, 19.656052855336302 ], [ -97.376230085914926, 19.634607231690701 ], [ -97.382668065360818, 19.634839539341019 ], [ -97.384701130200611, 19.62794852047433 ], [ -97.392382296881038, 19.626041978213284 ], [ -97.39459083297487, 19.62135132814926 ], [ -97.402676011638633, 19.615209620788018 ], [ -97.406928872103066, 19.621521799722483 ], [ -97.412575843898082, 19.623848556121519 ], [ -97.416302671285237, 19.628412608656721 ], [ -97.426498509952197, 19.632415868735382 ], [ -97.423416667482883, 19.643142248029655 ], [ -97.411789006381866, 19.65430335727444 ], [ -97.409154220415502, 19.639874648468581 ], [ -97.40568180745673, 19.642932722007757 ], [ -97.395806314712019, 19.666985782550942 ], [ -97.397206984975625, 19.679132074516499 ], [ -97.394518463929941, 19.699017513151269 ], [ -97.396559058403952, 19.696503236419709 ], [ -97.410899646941459, 19.701855707824436 ], [ -97.403852504299508, 19.710056795392138 ], [ -97.402988549863466, 19.719738740469101 ], [ -97.404667000566931, 19.722948909893613 ], [ -97.39774932381529, 19.75244770342697 ], [ -97.392242746591265, 19.763076724316015 ], [ -97.380817651716995, 19.761393086740505 ], [ -97.381675062733805, 19.769849556003511 ], [ -97.378879266156062, 19.769303231367946 ], [ -97.375969297804261, 19.78077466891196 ], [ -97.373214318169346, 19.776788693965187 ], [ -97.364719610650923, 19.777013748570738 ], [ -97.362301349647254, 19.782228589098825 ], [ -97.351702018186856, 19.790448788638088 ] ] ] } },
{ "type": "Feature", "properties": { "cve_edo": "21", "cve_mpo_ine": "200", "cve_edo_mpo_ine": "21200", "nom_mpo": "XOCHIAPULCO", "nom_edo": "Puebla", "alianza_ganadora": "Juntos Haremos Historia", "margen_pp": 9.1182364729458918, "por_participacion": 70.956274440099548 }, "geometry": { "type": "Polygon", "coordinates": [ [ [ -97.663255761053222, 19.884579737525161 ], [ -97.658889733795149, 19.883946104291812 ], [ -97.654757643046409, 19.88982495958199 ], [ -97.64916926805526, 19.891054305653196 ], [ -97.648239294918724, 19.903619441729358 ], [ -97.635879785429125, 19.910226350938832 ], [ -97.630945142143474, 19.90539276832888 ], [ -97.616094045556309, 19.915949141742558 ], [ -97.619024224943388, 19.900103836152685 ], [ -97.616220690830374, 19.894119234773726 ], [ -97.622604056733437, 19.892373860719143 ], [ -97.627567434803936, 19.886476124307841 ], [ -97.617282796608805, 19.87507354553706 ], [ -97.61919324111021, 19.870801672747458 ], [ -97.614215254670157, 19.860298044361638 ], [ -97.615705306083129, 19.857206118294361 ], [ -97.619451580578783, 19.85627277138866 ], [ -97.618918109679896, 19.839097927229062 ], [ -97.626729366490082, 19.816271705884088 ], [ -97.631669252777471, 19.812530644265376 ], [ -97.630900645218446, 19.807483593710323 ], [ -97.643175822923652, 19.805781551564902 ], [ -97.642561781429379, 19.790641419251681 ], [ -97.659669439717518, 19.790080341621593 ], [ -97.660980409065303, 19.793418230509978 ], [ -97.675901657632977, 19.795744224798153 ], [ -97.677453889853481, 19.804535748809524 ], [ -97.681450427337708, 19.809675490363972 ], [ -97.673597067631789, 19.814964987254129 ], [ -97.676798726973956, 19.819162360395374 ], [ -97.671097881096102, 19.824788939180241 ], [ -97.672787075592183, 19.830392774777525 ], [ -97.671336686185626, 19.845943322441546 ], [ -97.676927296387703, 19.857322495291168 ], [ -97.672738522092942, 19.863657972707372 ], [ -97.663426317677221, 19.866039652971086 ], [ -97.664982629368509, 19.869597918087678 ], [ -97.663255761053222, 19.884579737525161 ] ] ] } },
{ "type": "Feature", "properties": { "cve_edo": "21", "cve_mpo_ine": "201", "cve_edo_mpo_ine": "21201", "nom_mpo": "XOCHILTEPEC", "nom_edo": "Puebla", "alianza_ganadora": "Va por México", "margen_pp": 16.025641025641026, "por_participacion": 62.650602409638559 }, "geometry": { "type": "Polygon", "coordinates": [ [ [ -98.345805374107002, 18.648636376387923 ], [ -98.341494069804213, 18.654886914588896 ], [ -98.336101120218885, 18.658266588000707 ], [ -98.342873607486766, 18.666465341666083 ], [ -98.347797330712964, 18.669120552563705 ], [ -98.349125737398552, 18.67400141512146 ], [ -98.356260381755277, 18.667606603218861 ], [ -98.365418729305063, 18.666134852406007 ], [ -98.372379048575269, 18.659160292535205 ], [ -98.372092408154657, 18.655273611010319 ], [ -98.377407910204411, 18.651189282520921 ], [ -98.382441809612232, 18.66358281430443 ], [ -98.378430428854614, 18.667704361352687 ], [ -98.379987696168541, 18.675303134038881 ], [ -98.377141803213647, 18.676041385666146 ], [ -98.376091469450827, 18.679878927772474 ], [ -98.378413094024467, 18.680460865475602 ], [ -98.377769810375042, 18.68384499342968 ], [ -98.380555822710278, 18.684551548789877 ], [ -98.382134945894805, 18.689240021686139 ], [ -98.374677668819743, 18.683804305495435 ], [ -98.374796316024572, 18.680373104349119 ], [ -98.366333914950431, 18.680523582522657 ], [ -98.357573898617986, 18.689396323570445 ], [ -98.335080745250792, 18.692578476818774 ], [ -98.327307513781136, 18.698144304404494 ], [ -98.321685614070589, 18.697388861912341 ], [ -98.320347549686417, 18.70172703939998 ], [ -98.314486557267571, 18.707172153999878 ], [ -98.298093636397368, 18.697256967493267 ], [ -98.294458327943843, 18.700537997564332 ], [ -98.287896976661813, 18.700119109476869 ], [ -98.293080602237026, 18.689374809528939 ], [ -98.306656759920912, 18.683797987304647 ], [ -98.316944226767362, 18.670253982849896 ], [ -98.316445325612605, 18.665521554331715 ], [ -98.311414247029077, 18.66324475667005 ], [ -98.306930476572219, 18.653387443181003 ], [ -98.311892929931929, 18.648408009711776 ], [ -98.320615701646659, 18.64719268244912 ], [ -98.315388200976642, 18.639830470775216 ], [ -98.319577725164876, 18.615965661117507 ], [ -98.316477354788063, 18.609957008379034 ], [ -98.317361934370481, 18.605159760108144 ], [ -98.331954499607306, 18.603106540541908 ], [ -98.3365381119022, 18.599803260867667 ], [ -98.338060958804988, 18.610850861816115 ], [ -98.341074963431723, 18.6095336725847 ], [ -98.347504426834178, 18.611116819697397 ], [ -98.347034344151794, 18.618102798795338 ], [ -98.353224992837909, 18.627871100337195 ], [ -98.345798476245292, 18.638192833061993 ], [ -98.350428410170366, 18.644402841403473 ], [ -98.356454627043831, 18.644868724199601 ], [ -98.345805374107002, 18.648636376387923 ] ] ] } },
{ "type": "Feature", "properties": { "cve_edo": "21", "cve_mpo_ine": "202", "cve_edo_mpo_ine": "21202", "nom_mpo": "XOCHITLAN DE VICENTE SUAREZ", "nom_edo": "Puebla", "alianza_ganadora": "Va por México", "margen_pp": 27.589498806682577, "por_participacion": 70.129435393885302 }, "geometry": { "type": "Polygon", "coordinates": [ [ [ -97.730099444826052, 19.891400101085274 ], [ -97.725652188927, 19.889883414579643 ], [ -97.717619173193171, 19.893271769172404 ], [ -97.709490297459425, 19.891188240902149 ], [ -97.707456146791941, 19.901144662894087 ], [ -97.699577436214838, 19.910252115527936 ], [ -97.698476274360146, 19.920163477411442 ], [ -97.693762686030496, 19.922543537103458 ], [ -97.685804307021286, 19.919919352730918 ], [ -97.686197801918297, 19.92642605230072 ], [ -97.689064952291332, 19.927327679332578 ], [ -97.690258137641948, 19.931137039791864 ], [ -97.688395890541088, 19.949673225747659 ], [ -97.686606975985129, 19.952912981311087 ], [ -97.680493903093804, 19.955795061638216 ], [ -97.678772421880581, 19.960443873754091 ], [ -97.657276641117193, 19.978053056124047 ], [ -97.655273866247867, 19.984526429490554 ], [ -97.651094552184645, 19.988644355600083 ], [ -97.658693150090727, 19.989406130189323 ], [ -97.662537371235132, 19.98769340171399 ], [ -97.658815570762954, 19.993860637123774 ], [ -97.650537160339525, 19.991575586430766 ], [ -97.641019111147983, 19.993890413571677 ], [ -97.636194322552626, 19.987440447547158 ], [ -97.627562141220039, 19.986152526114893 ], [ -97.622127567321471, 19.988860420232495 ], [ -97.619366918457871, 19.994981252158869 ], [ -97.607731277141582, 19.983479103767642 ], [ -97.606265739530102, 19.98570989889491 ], [ -97.603992178499709, 19.985034635495271 ], [ -97.602339898274778, 19.991036710883854 ], [ -97.594981201579898, 19.992144267226976 ], [ -97.592093087721892, 19.987797456786737 ], [ -97.594615611462402, 19.979914031039879 ], [ -97.600370541998544, 19.976175690471152 ], [ -97.604996900636422, 19.977353480363838 ], [ -97.604593909200119, 19.968774225695601 ], [ -97.609803155893403, 19.961089350678172 ], [ -97.608507413312594, 19.959311016350338 ], [ -97.610868091339157, 19.953831713319776 ], [ -97.607529333328912, 19.952184425086873 ], [ -97.607798704569802, 19.948494386895181 ], [ -97.612581506084268, 19.947525945015517 ], [ -97.610919556868993, 19.941536850704971 ], [ -97.61431606805786, 19.935292101715525 ], [ -97.608397937203634, 19.931953295711377 ], [ -97.606974462582102, 19.928351490548394 ], [ -97.604816622576635, 19.928772793661501 ], [ -97.605787898464968, 19.925287803108766 ], [ -97.617270969480572, 19.922142419152458 ], [ -97.614023072431181, 19.916225209261039 ], [ -97.620492898904828, 19.914463433759614 ], [ -97.630945142143474, 19.90539276832888 ], [ -97.634826282352677, 19.909815324449191 ], [ -97.638502007619692, 19.909430030000305 ], [ -97.642138323231961, 19.91202935810713 ], [ -97.646746105187518, 19.911309146133075 ], [ -97.653829675268554, 19.914269630409684 ], [ -97.663390997265495, 19.912122584115362 ], [ -97.666162913015611, 19.907428773472514 ], [ -97.666568097604141, 19.897934677832318 ], [ -97.676964102803495, 19.889731772580824 ], [ -97.679345331647809, 19.873408310231223 ], [ -97.682463822863696, 19.873959931522279 ], [ -97.683266431560128, 19.871760025790682 ], [ -97.685955834036349, 19.872413568984346 ], [ -97.686588619355192, 19.879789946853421 ], [ -97.696684061810785, 19.888002346611827 ], [ -97.706722709353741, 19.887675033498798 ], [ -97.713118606509894, 19.88392025491758 ], [ -97.713659807202987, 19.88623961625219 ], [ -97.715995951141295, 19.886396614056427 ], [ -97.718022342598417, 19.883943177179333 ], [ -97.724148529648033, 19.88346384524154 ], [ -97.732156757427532, 19.876593124733326 ], [ -97.730099444826052, 19.891400101085274 ] ] ] } },
{ "type": "Feature", "properties": { "cve_edo": "21", "cve_mpo_ine": "203", "cve_edo_mpo_ine": "21203", "nom_mpo": "XOCHITLAN TODOS SANTOS", "nom_edo": "Puebla", "alianza_ganadora": "Juntos Haremos Historia", "margen_pp": 26.653073113894553, "por_participacion": 71.283222591362133 }, "geometry": { "type": "Polygon", "coordinates": [ [ [ -97.718650616754189, 18.680438795370357 ], [ -97.724224630483448, 18.673719978761291 ], [ -97.721112756969148, 18.670329805814447 ], [ -97.72844923133492, 18.652342754123584 ], [ -97.731714508209976, 18.653887088123195 ], [ -97.734295180217387, 18.643011738287772 ], [ -97.744954131002103, 18.629638654792565 ], [ -97.746264564770897, 18.610422720504182 ], [ -97.752052734953892, 18.605663484461552 ], [ -97.759380806305714, 18.603464167678592 ], [ -97.772836563460444, 18.619176403883472 ], [ -97.782854478062589, 18.621577985731761 ], [ -97.787911523323217, 18.614535215810417 ], [ -97.814816832413157, 18.628733134193073 ], [ -97.824152834544194, 18.640912757656249 ], [ -97.81313245640294, 18.64361693271265 ], [ -97.803851017292303, 18.649759829751837 ], [ -97.804951230378308, 18.657967022574617 ], [ -97.809300879304644, 18.661653012120205 ], [ -97.82299114388772, 18.655630375539044 ], [ -97.827515437239171, 18.65641394625094 ], [ -97.837492035666997, 18.664363987387393 ], [ -97.851877898631699, 18.661820791057622 ], [ -97.855010547860076, 18.665631410535479 ], [ -97.854915193772086, 18.674107040311146 ], [ -97.845207157642221, 18.672813287346845 ], [ -97.832328582215425, 18.67543742365325 ], [ -97.851298782752181, 18.684746238230137 ], [ -97.848630337135589, 18.697102649729178 ], [ -97.841958106844459, 18.698311485743584 ], [ -97.84227777777761, 18.708500000023573 ], [ -97.83602777777763, 18.713027777801365 ], [ -97.838334916551204, 18.719457455770094 ], [ -97.836328646115746, 18.724723763769386 ], [ -97.83194411728077, 18.724229956385678 ], [ -97.829270202144528, 18.727537222238126 ], [ -97.825853015637705, 18.726200062351015 ], [ -97.821032097009962, 18.73037071433637 ], [ -97.817048278898824, 18.729925135490813 ], [ -97.800828136609368, 18.740695855382086 ], [ -97.797049873650835, 18.758871705305666 ], [ -97.783302039260377, 18.783106984374701 ], [ -97.780274280807021, 18.778296630857081 ], [ -97.771612249226735, 18.780764540241112 ], [ -97.772451879188125, 18.777483514067011 ], [ -97.770644690498656, 18.776045837189915 ], [ -97.762949783570747, 18.77655793051003 ], [ -97.754045823730479, 18.771150525160031 ], [ -97.747652807078794, 18.774927444991604 ], [ -97.740594512631858, 18.769541266050183 ], [ -97.752217818291456, 18.740234229949529 ], [ -97.74846457280718, 18.737751199735861 ], [ -97.739475289064572, 18.738587988889986 ], [ -97.711832703512343, 18.724948232111743 ], [ -97.713666157566195, 18.721207584057233 ], [ -97.70826269874496, 18.708790180105343 ], [ -97.713986609875477, 18.703201928184523 ], [ -97.719137629618729, 18.702606940279299 ], [ -97.713898013295605, 18.696386801433661 ], [ -97.721820754941405, 18.69056711428793 ], [ -97.718650616754189, 18.680438795370357 ] ] ] } },
{ "type": "Feature", "properties": { "cve_edo": "21", "cve_mpo_ine": "204", "cve_edo_mpo_ine": "21204", "nom_mpo": "YAONAHUAC", "nom_edo": "Puebla", "alianza_ganadora": "Juntos Haremos Historia", "margen_pp": 32.480653482373171, "por_participacion": 79.426327471401734 }, "geometry": { "type": "Polygon", "coordinates": [ [ [ -97.478570547755766, 19.897033790972493 ], [ -97.469722222221861, 19.902527777813159 ], [ -97.469638888888525, 19.911444444480026 ], [ -97.466194444444071, 19.911138888924491 ], [ -97.466138888888509, 19.916500000035573 ], [ -97.460722222221875, 19.918805555591192 ], [ -97.455888888888509, 19.92983333336915 ], [ -97.448944444444066, 19.931944444480298 ], [ -97.44538888888853, 19.930638888924705 ], [ -97.442444444444064, 19.93313888892472 ], [ -97.438888888888513, 19.931694444480268 ], [ -97.431305555555156, 19.934472222258055 ], [ -97.428111111110709, 19.938333333369229 ], [ -97.427027777777383, 19.944166666702621 ], [ -97.429944444444047, 19.938722222258164 ], [ -97.432611111110717, 19.940055555591488 ], [ -97.433638888888495, 19.938583333369209 ], [ -97.436833333332942, 19.942138888924859 ], [ -97.436805555555182, 19.940111111147019 ], [ -97.439833333332956, 19.941333333369247 ], [ -97.441611111110717, 19.939805555591469 ], [ -97.444089432530589, 19.94925218711019 ], [ -97.436908223833242, 19.952874031295877 ], [ -97.432949759873139, 19.949805557166755 ], [ -97.432438865774643, 19.95725486572492 ], [ -97.42434096287424, 19.959185886098233 ], [ -97.421544222684901, 19.966939956470398 ], [ -97.417711690335892, 19.969163774502316 ], [ -97.411256857967288, 19.970658876723686 ], [ -97.4085387213552, 19.968405278742324 ], [ -97.412474584843437, 19.962929064939651 ], [ -97.416849492245859, 19.946749016031394 ], [ -97.408693522819689, 19.948678715302268 ], [ -97.405361518733386, 19.94736398198474 ], [ -97.406039558374076, 19.940814923102124 ], [ -97.410203133388023, 19.940109217103878 ], [ -97.411889418292091, 19.941793413561896 ], [ -97.414950795585014, 19.939621008725073 ], [ -97.413067086747503, 19.932852594639527 ], [ -97.423041694730529, 19.930315344495188 ], [ -97.429228377458372, 19.925103849226829 ], [ -97.437790521087891, 19.923447787869737 ], [ -97.441270215959321, 19.91169992718876 ], [ -97.449880434914022, 19.902488922147167 ], [ -97.449937093373919, 19.894271673378316 ], [ -97.45632185691278, 19.877781207450248 ], [ -97.456619116331694, 19.86869951391342 ], [ -97.462343428946696, 19.869130256945439 ], [ -97.462077169210147, 19.865338550883465 ], [ -97.468079433246274, 19.861217113300579 ], [ -97.472525680795229, 19.867865798894137 ], [ -97.472023551314933, 19.875012256553219 ], [ -97.474211251851884, 19.877547624131537 ], [ -97.472947983515795, 19.897757482293244 ], [ -97.478570547755766, 19.897033790972493 ] ] ] } },
{ "type": "Feature", "properties": { "cve_edo": "21", "cve_mpo_ine": "205", "cve_edo_mpo_ine": "21205", "nom_mpo": "YEHUALTEPEC", "nom_edo": "Puebla", "alianza_ganadora": "Juntos Haremos Historia", "margen_pp": 36.898043641835969, "por_participacion": 61.170243369196257 }, "geometry": { "type": "Polygon", "coordinates": [ [ [ -97.619255276184973, 18.747191093747006 ], [ -97.621810035786837, 18.740387179158233 ], [ -97.628387246893837, 18.73674581403597 ], [ -97.633482580838177, 18.736584438013171 ], [ -97.650298848412348, 18.722106689016066 ], [ -97.651867084233245, 18.729411543422628 ], [ -97.662387189554977, 18.73739967222258 ], [ -97.674585578441665, 18.718097765201641 ], [ -97.678282485013114, 18.720479854573078 ], [ -97.688447496239178, 18.721091016514663 ], [ -97.691949763710213, 18.71552361534922 ], [ -97.69617097415761, 18.713390557465281 ], [ -97.694679952137378, 18.708517582551345 ], [ -97.697586379615203, 18.707024928513572 ], [ -97.70654328473762, 18.717100989602052 ], [ -97.710603723234698, 18.716676523684388 ], [ -97.713666157566195, 18.721207584057233 ], [ -97.711832703512343, 18.724948232111743 ], [ -97.739475289064572, 18.738587988890067 ], [ -97.74846457280718, 18.737751199735861 ], [ -97.752217818291456, 18.740234229949529 ], [ -97.740594512631858, 18.769541266050183 ], [ -97.724437780479022, 18.788399430605217 ], [ -97.724864090572254, 18.790883625269799 ], [ -97.730621015773295, 18.79386899690817 ], [ -97.715926048300958, 18.808854302884473 ], [ -97.709703439421077, 18.812504205439474 ], [ -97.712679755304805, 18.822183457696958 ], [ -97.708043507516521, 18.821718336224833 ], [ -97.7008352301023, 18.825291843070389 ], [ -97.690005867162995, 18.825159178162654 ], [ -97.687710103812577, 18.820615120685314 ], [ -97.681219512193067, 18.819954768717622 ], [ -97.670837410551187, 18.824916607782473 ], [ -97.658383639003162, 18.824378556957583 ], [ -97.663098608333414, 18.820284633841954 ], [ -97.663764508758078, 18.81671526477799 ], [ -97.658003117424499, 18.820277339280718 ], [ -97.6540622879468, 18.819847688068368 ], [ -97.650671521837793, 18.823020624217385 ], [ -97.64528183238852, 18.822434605347315 ], [ -97.636706426855753, 18.829677014972976 ], [ -97.635770212996448, 18.822965512196937 ], [ -97.639764242315721, 18.813624583517516 ], [ -97.63442482296503, 18.81360268745907 ], [ -97.630590860186103, 18.810383525563765 ], [ -97.643580817875289, 18.801838616111691 ], [ -97.647520962763835, 18.796767035596748 ], [ -97.637069460152503, 18.791624385753341 ], [ -97.63729786968085, 18.788390422620903 ], [ -97.628891498503179, 18.795426190910554 ], [ -97.614731607047574, 18.794938141040507 ], [ -97.616871612437464, 18.788008387035628 ], [ -97.629573022899976, 18.781952405976007 ], [ -97.623188572841855, 18.780441846618853 ], [ -97.61836681300332, 18.774987739726516 ], [ -97.604037458513815, 18.777442539864925 ], [ -97.59829133522426, 18.775514423351311 ], [ -97.593993670342954, 18.771094170663858 ], [ -97.597292832555581, 18.762336867142245 ], [ -97.619255276184973, 18.747191093747006 ] ] ] } },
{ "type": "Feature", "properties": { "cve_edo": "21", "cve_mpo_ine": "206", "cve_edo_mpo_ine": "21206", "nom_mpo": "ZACAPALA", "nom_edo": "Puebla", "alianza_ganadora": "Juntos Haremos Historia", "margen_pp": 2.4024024024024024, "por_participacion": 70.0 }, "geometry": { "type": "Polygon", "coordinates": [ [ [ -98.083849618458714, 18.573125829793689 ], [ -98.085576538086855, 18.576943293211915 ], [ -98.083581836063757, 18.586306856128783 ], [ -98.068772672881906, 18.600604843849727 ], [ -98.057185551152784, 18.603570963718482 ], [ -98.051891618103639, 18.601616143538731 ], [ -98.043666666666539, 18.606555555578222 ], [ -98.039194686907095, 18.602763545553312 ], [ -98.037634677673893, 18.606441997515077 ], [ -98.03330555555543, 18.605861111133816 ], [ -98.022591736618281, 18.615554924610656 ], [ -98.006351046707806, 18.621381357987271 ], [ -98.004808881921832, 18.624445652994872 ], [ -98.008284701330723, 18.624158564068022 ], [ -98.006737650699208, 18.629173147515928 ], [ -97.999264886939812, 18.634074340661268 ], [ -97.995020006260276, 18.642386877047372 ], [ -97.9736555045872, 18.655404235777116 ], [ -97.969467981584231, 18.66375623957725 ], [ -97.961356626513393, 18.670910774173663 ], [ -97.951994315751094, 18.670458714065099 ], [ -97.947329826228128, 18.680563529046886 ], [ -97.952091667050411, 18.684854105526856 ], [ -97.948496214947752, 18.689374894736414 ], [ -97.946966779663882, 18.697292787312893 ], [ -97.954027819318242, 18.711447931442795 ], [ -97.960703695163261, 18.715900094402542 ], [ -97.959026334074764, 18.71801508002914 ], [ -97.960333994088202, 18.72342089597069 ], [ -97.951624186730825, 18.727891327751745 ], [ -97.946290601828309, 18.726144534887219 ], [ -97.946409420603089, 18.722971382556072 ], [ -97.934739956265446, 18.712334557928983 ], [ -97.920403936952226, 18.703980895105154 ], [ -97.919067933492244, 18.700541889174108 ], [ -97.905937979917042, 18.695266112980043 ], [ -97.903887740695893, 18.670205264131326 ], [ -97.908859808779738, 18.662898980724062 ], [ -97.914086917596421, 18.648201977688281 ], [ -97.921449076566276, 18.643223321406936 ], [ -97.928816183434378, 18.619405307312125 ], [ -97.922920731969342, 18.610479298469741 ], [ -97.924500560429749, 18.608027407274474 ], [ -97.931929348926829, 18.609564230786265 ], [ -97.939878817294826, 18.59996940860098 ], [ -97.942416065682806, 18.601164832025908 ], [ -97.942789152386922, 18.599138094756015 ], [ -97.947018915222472, 18.599485611767275 ], [ -97.947645910957675, 18.595679292419263 ], [ -97.965469693410668, 18.594219386967051 ], [ -97.98208926406754, 18.601159222144283 ], [ -98.000331522111523, 18.603516446956348 ], [ -98.014468144298803, 18.600012690885908 ], [ -98.020502683362977, 18.594950297269634 ], [ -98.006752443193207, 18.580795224562529 ], [ -98.010349729128833, 18.570973827209009 ], [ -98.01869251964419, 18.576515672080028 ], [ -98.027307363713874, 18.568957480305592 ], [ -98.026068181958934, 18.565872766845853 ], [ -98.017642942930024, 18.562403465494693 ], [ -98.017794485699085, 18.544823881241612 ], [ -98.022780765310216, 18.544847869188359 ], [ -98.023740222153648, 18.54705814992948 ], [ -98.03228375718507, 18.550279912303242 ], [ -98.038485765714057, 18.550485233873069 ], [ -98.038888389235126, 18.545846269010344 ], [ -98.03374220659687, 18.53972509350535 ], [ -98.030696018110973, 18.527660113637502 ], [ -98.03967955223699, 18.532836183623282 ], [ -98.047718987616918, 18.534516420394148 ], [ -98.040126166745978, 18.519531325209492 ], [ -98.042713786483432, 18.511479054681317 ], [ -98.041909680114998, 18.505912105914337 ], [ -98.045404371251507, 18.499571694702883 ], [ -98.042376869998606, 18.49575891405399 ], [ -98.049870657062257, 18.499339373070203 ], [ -98.057474096106603, 18.493549526405872 ], [ -98.072785542900519, 18.49283447148601 ], [ -98.081206511022629, 18.486432126516959 ], [ -98.090528373273855, 18.487339028497846 ], [ -98.095806748701889, 18.492091979799476 ], [ -98.100112683951423, 18.490653884850033 ], [ -98.100801297375298, 18.496343585975946 ], [ -98.104144522341258, 18.498003196739926 ], [ -98.096490089476234, 18.503296709764477 ], [ -98.107567343715118, 18.507957131850873 ], [ -98.116241396549526, 18.514991703536875 ], [ -98.116673268170899, 18.507574574465558 ], [ -98.122649777763044, 18.496826960798114 ], [ -98.128056404209488, 18.495443533905966 ], [ -98.132539544564793, 18.498858567457141 ], [ -98.137701322360869, 18.498632876941667 ], [ -98.143980553750723, 18.496969626267614 ], [ -98.147908718533969, 18.492996228435711 ], [ -98.15341531081863, 18.493023196901177 ], [ -98.154961831385933, 18.489476204500249 ], [ -98.164236527376119, 18.489466624966184 ], [ -98.171329979130917, 18.48639010275263 ], [ -98.184605065536203, 18.499075509721745 ], [ -98.190917652704954, 18.495931818539692 ], [ -98.192163076101238, 18.488523915957128 ], [ -98.196168599822869, 18.490148747536711 ], [ -98.201200236860345, 18.485855907516513 ], [ -98.206444396230751, 18.488697932322516 ], [ -98.208983225436256, 18.495156195085876 ], [ -98.220162163168183, 18.495996305111518 ], [ -98.218942172212564, 18.490839598152778 ], [ -98.222677342586962, 18.488479507280047 ], [ -98.224917578500794, 18.479549453179519 ], [ -98.241651139880545, 18.464821646582497 ], [ -98.244084659060164, 18.464892163130848 ], [ -98.244640065193309, 18.467179523978711 ], [ -98.245697661525, 18.465823694503616 ], [ -98.246245646185741, 18.46881591709311 ], [ -98.247432713244578, 18.466176115460797 ], [ -98.253155122511913, 18.467654110718826 ], [ -98.250027259095603, 18.472966279458831 ], [ -98.263207000625371, 18.476357165744894 ], [ -98.267659820252845, 18.483188252630111 ], [ -98.264587270628084, 18.486962015253862 ], [ -98.275233167033008, 18.492157353430645 ], [ -98.275701294933697, 18.49945913443101 ], [ -98.271690747225406, 18.500111893265942 ], [ -98.268937823199593, 18.505713785715383 ], [ -98.270928025863739, 18.508268229070719 ], [ -98.26085712247685, 18.507101052150443 ], [ -98.265132376288236, 18.515654501774712 ], [ -98.260936661259919, 18.517009313075526 ], [ -98.260191243215473, 18.520232923622171 ], [ -98.254708434830505, 18.522316973059862 ], [ -98.244466542363142, 18.517167216652265 ], [ -98.24667906433875, 18.52407735557296 ], [ -98.241259573865975, 18.522058022615607 ], [ -98.240644096931049, 18.526946808194147 ], [ -98.230969882141864, 18.529793049832911 ], [ -98.222982623821295, 18.528371677412292 ], [ -98.214196605396722, 18.521020925177453 ], [ -98.2089867906423, 18.520639628894951 ], [ -98.209538215794979, 18.534444381096883 ], [ -98.213639849675729, 18.53913506031844 ], [ -98.208025346306414, 18.538172740454389 ], [ -98.188909602215688, 18.542162115611557 ], [ -98.188106540185785, 18.538595803166906 ], [ -98.17352509712795, 18.534259289169661 ], [ -98.166795597831353, 18.540133456965354 ], [ -98.167658258943206, 18.542746540712358 ], [ -98.158961589165443, 18.547704865778599 ], [ -98.160458646177801, 18.551396923784175 ], [ -98.142053244853287, 18.547921343859862 ], [ -98.139444507778421, 18.549201258368239 ], [ -98.135515324545821, 18.545794404106164 ], [ -98.12833307765203, 18.546733409231887 ], [ -98.127469055222761, 18.544907759370602 ], [ -98.123006248717502, 18.546639649504623 ], [ -98.116239879593252, 18.543392376104894 ], [ -98.114917233970445, 18.53982472568913 ], [ -98.104166666666572, 18.544361111133366 ], [ -98.10522222222211, 18.547583333355522 ], [ -98.096916666666544, 18.553888888911207 ], [ -98.096971581630598, 18.559686027308086 ], [ -98.090271214638264, 18.562161991168583 ], [ -98.091638986834695, 18.564007885210216 ], [ -98.086638888888785, 18.565250000022377 ], [ -98.083849618458714, 18.573125829793689 ] ] ] } },
{ "type": "Feature", "properties": { "cve_edo": "21", "cve_mpo_ine": "207", "cve_edo_mpo_ine": "21207", "nom_mpo": "ZACAPOAXTLA", "nom_edo": "Puebla", "alianza_ganadora": "Juntos Haremos Historia", "margen_pp": 9.3159277782487067, "por_participacion": 59.262050084143368 }, "geometry": { "type": "Polygon", "coordinates": [ [ [ -97.530829294394792, 19.857372576639623 ], [ -97.540345820513068, 19.840128463155626 ], [ -97.536881907470331, 19.836798390016178 ], [ -97.539728848179436, 19.829042470968648 ], [ -97.547861452551871, 19.828403004310466 ], [ -97.555774164141241, 19.824033372301447 ], [ -97.560792570459355, 19.818009114249069 ], [ -97.556887025810184, 19.817228743637358 ], [ -97.560623206165886, 19.801762128952234 ], [ -97.564448516552417, 19.80498826371581 ], [ -97.571847340088908, 19.79359966817087 ], [ -97.575478804724455, 19.792341475615988 ], [ -97.57550126398057, 19.784242717602009 ], [ -97.588155808832099, 19.773550558015266 ], [ -97.583638712100935, 19.770005951059215 ], [ -97.589051244059704, 19.753812936997669 ], [ -97.584497832299647, 19.751787397940358 ], [ -97.588052747709369, 19.748562085030287 ], [ -97.58961962222044, 19.737615695630971 ], [ -97.588715771355467, 19.734603302241879 ], [ -97.583762665213627, 19.733947925138555 ], [ -97.579194491477054, 19.718031113512346 ], [ -97.588887228604321, 19.717225458358239 ], [ -97.593798238765942, 19.722113219411543 ], [ -97.598205263119453, 19.722290786621326 ], [ -97.597003817457349, 19.726619434651784 ], [ -97.600514661588861, 19.727368539457672 ], [ -97.599493369082836, 19.736321311789382 ], [ -97.612857396214167, 19.742110340582389 ], [ -97.612772525860379, 19.744837056794246 ], [ -97.619898967232913, 19.744068681403228 ], [ -97.62354941127515, 19.740693115723587 ], [ -97.625069904805514, 19.746391856239153 ], [ -97.634536286019937, 19.754123378270929 ], [ -97.635545396195113, 19.756221931167939 ], [ -97.623774094828065, 19.75823340825659 ], [ -97.622646189206307, 19.761692836055385 ], [ -97.627303479694746, 19.762876087262523 ], [ -97.621500739650159, 19.765477011385812 ], [ -97.625447978403486, 19.767677298326543 ], [ -97.629159842155502, 19.776144890406272 ], [ -97.628129969902631, 19.780051272429134 ], [ -97.633553631919284, 19.780502307204461 ], [ -97.640722404895129, 19.78766940510479 ], [ -97.641839934033541, 19.792879426531012 ], [ -97.643175822923652, 19.805781551564902 ], [ -97.630900645218446, 19.807483593710323 ], [ -97.631669252777471, 19.812530644265376 ], [ -97.626729366490082, 19.816271705884088 ], [ -97.618918109679896, 19.839097927229062 ], [ -97.619451580578783, 19.85627277138866 ], [ -97.615705306083129, 19.857206118294361 ], [ -97.614215254670157, 19.860298044361638 ], [ -97.61919324111021, 19.870801672747458 ], [ -97.617282796608805, 19.87507354553706 ], [ -97.627567434803936, 19.886476124307841 ], [ -97.622604056733437, 19.892373860719143 ], [ -97.616220690830374, 19.894119234773726 ], [ -97.619024224943388, 19.900103836152685 ], [ -97.616514939485683, 19.905840337434 ], [ -97.616606573950634, 19.914386874797238 ], [ -97.613559584294435, 19.916807015487556 ], [ -97.617270969480572, 19.922142419152458 ], [ -97.600350139535308, 19.927873903919455 ], [ -97.59713612019678, 19.927170220189755 ], [ -97.581487268096168, 19.933962971485133 ], [ -97.571298641843271, 19.948788831186146 ], [ -97.563046496342636, 19.9495336478792 ], [ -97.562976507399441, 19.951977028589962 ], [ -97.556862755238427, 19.956228497664554 ], [ -97.547609962401722, 19.956524360040067 ], [ -97.53999872418116, 19.962798265495479 ], [ -97.533813075794299, 19.960650359643292 ], [ -97.530991088560825, 19.961896609272362 ], [ -97.528170887479803, 19.958503922903059 ], [ -97.536270779684955, 19.951831469939954 ], [ -97.545154136077173, 19.952374472059677 ], [ -97.546754366417119, 19.946212375994243 ], [ -97.543068702958266, 19.932706577807906 ], [ -97.538750800679281, 19.927431983399625 ], [ -97.537858586223237, 19.919555977672108 ], [ -97.533180773168979, 19.91501901256645 ], [ -97.536712269726195, 19.899691573237362 ], [ -97.523718605125097, 19.881510667618048 ], [ -97.530112788264276, 19.881805678828606 ], [ -97.536334084607944, 19.87468635207814 ], [ -97.532727089753806, 19.871256242901453 ], [ -97.533613624313418, 19.868068636033833 ], [ -97.530829294394792, 19.857372576639623 ] ] ] } },
{ "type": "Feature", "properties": { "cve_edo": "21", "cve_mpo_ine": "208", "cve_edo_mpo_ine": "21208", "nom_mpo": "ZACATLAN", "nom_edo": "Puebla", "alianza_ganadora": "Juntos Haremos Historia", "margen_pp": 1.0308375189814274, "por_participacion": 54.682784280535898 }, "geometry": { "type": "Polygon", "coordinates": [ [ [ -97.893112303129186, 20.047557862591056 ], [ -97.887137343309988, 20.047463516996544 ], [ -97.880107114974052, 20.04393666530579 ], [ -97.877773743677238, 20.036983018390551 ], [ -97.8812521778583, 20.033443144914681 ], [ -97.889373633488844, 20.033322201646477 ], [ -97.892424046578327, 20.027421139736802 ], [ -97.897075460012275, 20.024497209401492 ], [ -97.900478276465137, 20.018884492868509 ], [ -97.900029723194379, 20.013911953576233 ], [ -97.909267229658923, 20.007359062761417 ], [ -97.913109263954183, 19.99834454460283 ], [ -97.912944760141514, 19.992417143439408 ], [ -97.919037088723783, 19.987246926077411 ], [ -97.919555215790439, 19.979077543880258 ], [ -97.91609805203835, 19.970513022020871 ], [ -97.919457062496861, 19.952504623315889 ], [ -97.915301616810822, 19.944192251314419 ], [ -97.918953978579609, 19.940857883703682 ], [ -97.913767430003062, 19.934996455311026 ], [ -97.896340555840538, 19.931971370155118 ], [ -97.88656679282731, 19.92186111207111 ], [ -97.878941442713284, 19.917502676153308 ], [ -97.863480755725618, 19.91919121518346 ], [ -97.863464369526298, 19.917077053962053 ], [ -97.867197735252091, 19.916603833786745 ], [ -97.867297464863753, 19.906902738762597 ], [ -97.858315827754993, 19.900642786653421 ], [ -97.856664969472874, 19.890991170979675 ], [ -97.850702338629929, 19.882648277321529 ], [ -97.855058644581916, 19.875727822865638 ], [ -97.855800417330371, 19.865234444229426 ], [ -97.868375598503434, 19.866580580262941 ], [ -97.879249058130156, 19.859129579109549 ], [ -97.885888590068831, 19.861544590846005 ], [ -97.887685055568312, 19.856652292413767 ], [ -97.890537037901552, 19.856573145943244 ], [ -97.891286438692248, 19.852177175248769 ], [ -97.896000831045157, 19.852058913037247 ], [ -97.895705961097278, 19.849777081925566 ], [ -97.902346610809317, 19.852896654056462 ], [ -97.907051048011539, 19.847095188229975 ], [ -97.911008730436677, 19.847017067071743 ], [ -97.910826728126779, 19.842868737842181 ], [ -97.91989569839285, 19.837155090148006 ], [ -97.921399527494842, 19.832096113887633 ], [ -97.923503478992686, 19.836827386387149 ], [ -97.929150685866134, 19.837787800442488 ], [ -97.933622199198638, 19.832649004013231 ], [ -97.939909036322959, 19.833360875698542 ], [ -97.947557828273574, 19.845647249935961 ], [ -97.942101787021883, 19.853274257580559 ], [ -97.945777150174749, 19.857467666350185 ], [ -97.951656818662883, 19.857805418631457 ], [ -97.957238699557124, 19.854865649120732 ], [ -97.966669753712154, 19.843758359098715 ], [ -97.971839057601741, 19.845334254160061 ], [ -97.980537993991376, 19.854153908570005 ], [ -97.984318701839115, 19.854971537638175 ], [ -97.984348083749396, 19.861148076928767 ], [ -97.989120222121244, 19.86140294750923 ], [ -97.982356454488965, 19.87100870211696 ], [ -97.9905853365631, 19.871521034802175 ], [ -97.999334001461989, 19.86380071848297 ], [ -98.003827562357628, 19.870706581197972 ], [ -98.012057026434121, 19.865598428957302 ], [ -98.018892138383166, 19.874845157750805 ], [ -98.023502932923023, 19.875220462783762 ], [ -98.023859241252396, 19.882701346722648 ], [ -98.026546089882117, 19.885242577481016 ], [ -98.022990689775284, 19.891184705466827 ], [ -98.023228927368024, 19.897054019378388 ], [ -98.030176464636625, 19.898981007742947 ], [ -98.035376786045376, 19.905098397477602 ], [ -98.038642626228736, 19.901804672095668 ], [ -98.045997090895511, 19.901536246976793 ], [ -98.052177935776712, 19.895033965079424 ], [ -98.056680381831157, 19.902934603854955 ], [ -98.067016574884804, 19.907022882314415 ], [ -98.070408807474635, 19.91298933664206 ], [ -98.070537326906404, 19.923655916628256 ], [ -98.076628895645527, 19.941341911459304 ], [ -98.096169326082219, 19.950599779297626 ], [ -98.103286752962774, 19.96736735850326 ], [ -98.108928096884597, 19.968343052487221 ], [ -98.110476124089786, 19.97234902306537 ], [ -98.115720323231216, 19.963909431688354 ], [ -98.122152035795125, 19.969765595073074 ], [ -98.130382633562988, 19.967460041008444 ], [ -98.135737872490978, 19.956000393117833 ], [ -98.138425633565362, 19.957134209988634 ], [ -98.151903379506479, 19.950315140158182 ], [ -98.156717276586292, 19.966149604448724 ], [ -98.166654711196003, 19.972096648555159 ], [ -98.175504047178222, 19.989920121404268 ], [ -98.171027649474865, 20.002034597914427 ], [ -98.171624948183648, 20.009719974721282 ], [ -98.165332174138229, 20.019121741338299 ], [ -98.172475708949136, 20.028897878701372 ], [ -98.173359538788233, 20.033272768453305 ], [ -98.171435137140989, 20.035316310837818 ], [ -98.163129566179776, 20.029478706845286 ], [ -98.155306919511375, 20.032939720910136 ], [ -98.150893226817999, 20.012636069207215 ], [ -98.135929503641975, 20.005947191944561 ], [ -98.133248694684767, 20.010064433360448 ], [ -98.135187015878742, 20.017283123680073 ], [ -98.131099250469077, 20.018146317957498 ], [ -98.126412810115028, 20.008884482594482 ], [ -98.121842015255666, 20.018958637942902 ], [ -98.112935080313136, 20.021188194628095 ], [ -98.103642881576661, 20.027032988475874 ], [ -98.109755663546778, 20.045582014261583 ], [ -98.10771900965878, 20.051884581299397 ], [ -98.104041530471136, 20.054562808709203 ], [ -98.103288552885431, 20.059737767864 ], [ -98.105239406547653, 20.077417467293202 ], [ -98.103022088925059, 20.080000248869428 ], [ -98.093146231744811, 20.080044307125544 ], [ -98.090642571738954, 20.087756424093335 ], [ -98.087839115623808, 20.089186319307135 ], [ -98.092051436855812, 20.094131036850296 ], [ -98.084042357481309, 20.090831412697639 ], [ -98.08006253305021, 20.085614398031009 ], [ -98.079539211682373, 20.087975642393857 ], [ -98.075913664783656, 20.085897878990654 ], [ -98.074616039006216, 20.074869314460745 ], [ -98.066905212575705, 20.077374277065893 ], [ -98.064916503848991, 20.075530509684263 ], [ -98.060985138216097, 20.076829128583601 ], [ -98.057383893666653, 20.067543355402055 ], [ -98.051243461261862, 20.076348566152546 ], [ -98.047910213091853, 20.073688953278111 ], [ -98.041891789038146, 20.074028624651724 ], [ -98.041823639054485, 20.062989672727685 ], [ -98.029153716835069, 20.074754487849653 ], [ -98.013908114270563, 20.082942236108796 ], [ -98.011336584579141, 20.082508420891969 ], [ -98.015187046349098, 20.073504866207347 ], [ -98.013836776759533, 20.064543792707891 ], [ -98.007346990447687, 20.058477509718124 ], [ -98.009442435551691, 20.046759472823869 ], [ -98.004415315050451, 20.04262444536592 ], [ -98.002074047975867, 20.035738658805858 ], [ -98.007326829158018, 20.028336306183384 ], [ -98.002185807599545, 20.027799286820375 ], [ -97.998217013003568, 20.033537240270967 ], [ -97.992783632636076, 20.032754232036446 ], [ -97.990857388595785, 20.035498596865317 ], [ -97.984314796139856, 20.036171365840907 ], [ -97.971993865056987, 20.04859074757033 ], [ -97.960427741903302, 20.053354295681814 ], [ -97.936997833194383, 20.046880726922499 ], [ -97.917192941166491, 20.049885841933179 ], [ -97.910832913099043, 20.054863472972496 ], [ -97.91041674827774, 20.067922420279636 ], [ -97.905659065229813, 20.07870083205249 ], [ -97.901937597942663, 20.070116593433145 ], [ -97.904303187776449, 20.066249945990165 ], [ -97.904295247624049, 20.057917426399165 ], [ -97.900192141270338, 20.056403148108203 ], [ -97.893112303129186, 20.047557862591056 ] ] ] } },
{ "type": "Feature", "properties": { "cve_edo": "21", "cve_mpo_ine": "209", "cve_edo_mpo_ine": "21209", "nom_mpo": "ZAPOTITLAN", "nom_edo": "Puebla", "alianza_ganadora": "Juntos Haremos Historia", "margen_pp": 18.358994348080298, "por_participacion": 74.125975151690255 }, "geometry": { "type": "MultiPolygon", "coordinates": [ [ [ [ -97.557812037161213, 18.173555649643536 ], [ -97.549442148268952, 18.179129646582648 ], [ -97.550179769432745, 18.175451746862556 ], [ -97.541104446103617, 18.161887631434208 ], [ -97.526333867980014, 18.179694594176571 ], [ -97.523970380165693, 18.179336148241305 ], [ -97.524081475253553, 18.174988500010066 ], [ -97.517919730411137, 18.173550924997016 ], [ -97.512229202549904, 18.166692811402616 ], [ -97.516918631613947, 18.163697087997956 ], [ -97.519130102547734, 18.15648514175739 ], [ -97.524794728403734, 18.154494586234726 ], [ -97.521611262548248, 18.150399079409993 ], [ -97.529484997826643, 18.139264846307405 ], [ -97.540109738020249, 18.139220314508687 ], [ -97.546282085240037, 18.134941449576804 ], [ -97.556175110006734, 18.13331379492158 ], [ -97.565925674626158, 18.133920649255845 ], [ -97.570643592637012, 18.130494405281741 ], [ -97.573968119551182, 18.122869100044067 ], [ -97.578220531873086, 18.123591710269956 ], [ -97.584292974728896, 18.127182056507575 ], [ -97.587772085867456, 18.13571115009395 ], [ -97.58679448846371, 18.13919521970049 ], [ -97.596921326782876, 18.148494406390874 ], [ -97.609123578086852, 18.153559938469986 ], [ -97.614240580078331, 18.153632435222136 ], [ -97.601494225449272, 18.170441620487381 ], [ -97.591770594569908, 18.167893890815854 ], [ -97.58661737431764, 18.170965055121741 ], [ -97.57694444444428, 18.170861111130481 ], [ -97.561416627794884, 18.184349834392357 ], [ -97.557812037161213, 18.173555649643536 ] ] ], [ [ [ -97.548349754206114, 18.335363589477854 ], [ -97.54661474489518, 18.343873158695246 ], [ -97.548501486557498, 18.353421497212437 ], [ -97.545798089706764, 18.369146329172349 ], [ -97.543631468238701, 18.366646726470595 ], [ -97.539466167832344, 18.366497700647585 ], [ -97.537171428992991, 18.36951359979513 ], [ -97.532481726291834, 18.369477507377251 ], [ -97.521679307924188, 18.376616542404665 ], [ -97.509778501189444, 18.388224295877933 ], [ -97.505933870365837, 18.395416692132397 ], [ -97.499551707610777, 18.39854435328153 ], [ -97.497121114614515, 18.405704062277636 ], [ -97.476646123581745, 18.415155106818474 ], [ -97.456640516585225, 18.419390926130735 ], [ -97.451293735803546, 18.425953784159955 ], [ -97.441964264065049, 18.418387265317179 ], [ -97.433638455540063, 18.418245879021963 ], [ -97.419141738116281, 18.412355558233557 ], [ -97.413360811315627, 18.407771183630203 ], [ -97.413361254556335, 18.403298284973271 ], [ -97.417388258133911, 18.400447982172288 ], [ -97.417507438545371, 18.39572801595563 ], [ -97.420971648706484, 18.391669743736777 ], [ -97.419641371450496, 18.38279064865328 ], [ -97.422727422487384, 18.376656946543712 ], [ -97.419945549808943, 18.368257311057768 ], [ -97.414803958471765, 18.363515112432914 ], [ -97.419560633791093, 18.357815817577929 ], [ -97.420577945391983, 18.319435332465655 ], [ -97.428711637612778, 18.302718215033703 ], [ -97.427990174709109, 18.295917253887154 ], [ -97.430652648055997, 18.291103495059247 ], [ -97.42959542783278, 18.269968382933936 ], [ -97.421904714042839, 18.265941403208252 ], [ -97.420254866631041, 18.250514615239599 ], [ -97.413857069310041, 18.235941740972955 ], [ -97.415276498034132, 18.233391041363898 ], [ -97.412778594501617, 18.221060213444893 ], [ -97.414611278331151, 18.213337426243079 ], [ -97.422190280504253, 18.212393218036311 ], [ -97.43427817739952, 18.215685744620483 ], [ -97.445929303370221, 18.207955412991481 ], [ -97.453758975103327, 18.205439056774409 ], [ -97.462003528556082, 18.211210721515005 ], [ -97.476272355726508, 18.201894041638457 ], [ -97.487764871391121, 18.202028486039538 ], [ -97.499614909257886, 18.205935417010721 ], [ -97.507259499446803, 18.213644904830854 ], [ -97.512094625519183, 18.215026166204094 ], [ -97.512096598566686, 18.219540748963365 ], [ -97.51739048014116, 18.225897349157229 ], [ -97.518642393812897, 18.232124474131506 ], [ -97.527760014924823, 18.237655047789101 ], [ -97.53707177069704, 18.236118841209741 ], [ -97.545134047689601, 18.23186569497415 ], [ -97.547583333333165, 18.239444444464397 ], [ -97.550499999999843, 18.240111111131025 ], [ -97.5516578944721, 18.237644423956787 ], [ -97.555878488041017, 18.23652653724459 ], [ -97.559166666666499, 18.237722222242134 ], [ -97.561211264094595, 18.247147968574481 ], [ -97.557150921401885, 18.24846885189919 ], [ -97.552840957906895, 18.256880458773239 ], [ -97.557792208461706, 18.254898773604566 ], [ -97.565020016055612, 18.260081300472738 ], [ -97.581002977377423, 18.259194782270718 ], [ -97.587888732490967, 18.263960209094375 ], [ -97.596989196721211, 18.26567631838012 ], [ -97.612093382784238, 18.26672729778727 ], [ -97.615447815570704, 18.263202570888588 ], [ -97.65155858125685, 18.267305746796943 ], [ -97.646611740841379, 18.287704602941538 ], [ -97.627671095872572, 18.289080331258273 ], [ -97.622096833325159, 18.292250668025474 ], [ -97.620280570420704, 18.294715538280077 ], [ -97.621121196765287, 18.300133307336392 ], [ -97.63132417058128, 18.303497848124966 ], [ -97.627069863763708, 18.305824717675264 ], [ -97.621044434349372, 18.317078827868425 ], [ -97.613268648843487, 18.316835029079137 ], [ -97.601077733565091, 18.323434719175772 ], [ -97.596021445843647, 18.333765568654751 ], [ -97.583045009961069, 18.326378013912144 ], [ -97.572835704280934, 18.323802474922164 ], [ -97.561888888888717, 18.324194444464979 ], [ -97.548349754206114, 18.335363589477854 ] ] ] ] } },
{ "type": "Feature", "properties": { "cve_edo": "21", "cve_mpo_ine": "210", "cve_edo_mpo_ine": "21210", "nom_mpo": "ZAPOTITLAN DE MENDEZ", "nom_edo": "Puebla", "alianza_ganadora": "Juntos Haremos Historia", "margen_pp": 7.4615183929037308, "por_participacion": 79.063531353135318 }, "geometry": { "type": "Polygon", "coordinates": [ [ [ -97.730366995304109, 19.990590642167781 ], [ -97.735335028613846, 19.987048101850988 ], [ -97.738291617289207, 19.995767215850158 ], [ -97.734955293251346, 20.000229281646913 ], [ -97.726079695482298, 20.002510181827159 ], [ -97.737378468315768, 20.012676987068552 ], [ -97.730657334289276, 20.016833350094796 ], [ -97.716878888164999, 20.018801022403366 ], [ -97.71372012560262, 20.021771059992172 ], [ -97.702941077223883, 20.014258390706914 ], [ -97.693896947222072, 20.013469139727519 ], [ -97.683496736217492, 20.018062003144824 ], [ -97.679843004585976, 20.009172917543118 ], [ -97.668517497324956, 20.010568378905134 ], [ -97.658485844762922, 20.00828010301117 ], [ -97.652177409330491, 20.010321269835192 ], [ -97.652129294518019, 20.006631577582738 ], [ -97.645881434838813, 20.007885189753829 ], [ -97.637426348764023, 20.005479345540749 ], [ -97.637209331006417, 19.999757541744934 ], [ -97.641019111147983, 19.993890413571677 ], [ -97.649720003156062, 19.991654388197791 ], [ -97.668610398364564, 19.997634955535457 ], [ -97.670717983943064, 19.995075122565517 ], [ -97.676321893733018, 19.994356368374778 ], [ -97.682264650415135, 19.997991848311877 ], [ -97.695992790270751, 19.992171225532637 ], [ -97.703449833755656, 19.997181252801557 ], [ -97.730366995304109, 19.990590642167781 ] ] ] } },
{ "type": "Feature", "properties": { "cve_edo": "21", "cve_mpo_ine": "211", "cve_edo_mpo_ine": "21211", "nom_mpo": "ZARAGOZA", "nom_edo": "Puebla", "alianza_ganadora": "Juntos Haremos Historia", "margen_pp": 40.91973862655653, "por_participacion": 66.576376918657147 }, "geometry": { "type": "Polygon", "coordinates": [ [ [ -97.571847340088908, 19.79359966817087 ], [ -97.564448516552417, 19.80498826371581 ], [ -97.556977373436879, 19.796920583103486 ], [ -97.556592438562191, 19.785366034839893 ], [ -97.547789082761028, 19.783856942758927 ], [ -97.539377483762465, 19.779159229070714 ], [ -97.543316437894859, 19.768916618682201 ], [ -97.542841620225119, 19.749195964592143 ], [ -97.550809658559317, 19.748670469972385 ], [ -97.554715220352861, 19.753899332001417 ], [ -97.568657205909062, 19.72314577947726 ], [ -97.559015052373567, 19.714359161782344 ], [ -97.554789815265195, 19.702333064480158 ], [ -97.578130493977042, 19.709787663230287 ], [ -97.57597664305878, 19.717849378195154 ], [ -97.579194491477054, 19.718031113512346 ], [ -97.583762665213627, 19.733947925138555 ], [ -97.588715771355467, 19.734603302241879 ], [ -97.58961962222044, 19.737615695630971 ], [ -97.588052747709369, 19.748562085030287 ], [ -97.584497832299647, 19.751787397940358 ], [ -97.589051244059704, 19.753812936997669 ], [ -97.583638712100935, 19.770005951059215 ], [ -97.588155808832099, 19.773550558015266 ], [ -97.57550126398057, 19.784242717602009 ], [ -97.575478804724455, 19.792341475615988 ], [ -97.571847340088908, 19.79359966817087 ] ] ] } },
{ "type": "Feature", "properties": { "cve_edo": "21", "cve_mpo_ine": "212", "cve_edo_mpo_ine": "21212", "nom_mpo": "ZAUTLA", "nom_edo": "Puebla", "alianza_ganadora": "Juntos Haremos Historia", "margen_pp": 73.258390087798475, "por_participacion": 82.25566954643628 }, "geometry": { "type": "Polygon", "coordinates": [ [ [ -97.611096939886664, 19.67931678571626 ], [ -97.613634074029477, 19.670068954745037 ], [ -97.622917874532476, 19.669804609556795 ], [ -97.625555947750229, 19.667943400529278 ], [ -97.625207611088086, 19.659809117037369 ], [ -97.633995704536119, 19.653638528265294 ], [ -97.635839641786447, 19.648725422113817 ], [ -97.633774253701887, 19.646292029914989 ], [ -97.645418441637105, 19.641136531092759 ], [ -97.654683524529631, 19.639984474251367 ], [ -97.666808222662752, 19.640013225149243 ], [ -97.670151991538489, 19.642560654299004 ], [ -97.676156645407573, 19.640603063181182 ], [ -97.67845648168273, 19.643158681554549 ], [ -97.677610130760129, 19.636854996830561 ], [ -97.680956940839039, 19.631680193883934 ], [ -97.685031066222109, 19.632602361250342 ], [ -97.690112065741445, 19.619151643302921 ], [ -97.704344056167017, 19.612725651775825 ], [ -97.712847741570968, 19.615105602200508 ], [ -97.717826959877328, 19.626191228494275 ], [ -97.729317863671724, 19.626553049021499 ], [ -97.74033357177899, 19.633893000572186 ], [ -97.742788451413048, 19.63897911531809 ], [ -97.749069293997451, 19.640005963352934 ], [ -97.752479189264079, 19.64434189209544 ], [ -97.761793621850217, 19.648949545383005 ], [ -97.762856500571473, 19.654005684737868 ], [ -97.759462106908686, 19.655902664296732 ], [ -97.764498936612, 19.659015393457423 ], [ -97.768982234609453, 19.671515654200483 ], [ -97.769609622109655, 19.682263353694474 ], [ -97.773166641420417, 19.687215219804976 ], [ -97.772426258518323, 19.699593717113693 ], [ -97.77585620792955, 19.699979708282285 ], [ -97.775144449525826, 19.703820138585058 ], [ -97.765960325221954, 19.707452423515033 ], [ -97.760500765725396, 19.714783448521107 ], [ -97.752884330413082, 19.716593056365909 ], [ -97.753761112083936, 19.721904253246532 ], [ -97.756728840323902, 19.724025786149973 ], [ -97.760749924940598, 19.733449827498248 ], [ -97.764762202441574, 19.732669764729735 ], [ -97.766270871696136, 19.72889810964249 ], [ -97.772677681622909, 19.738782920723601 ], [ -97.77082234271775, 19.744959774823123 ], [ -97.76425179956766, 19.747103682463937 ], [ -97.765128953790992, 19.752290396177116 ], [ -97.761762041341399, 19.75991587749203 ], [ -97.749080953040163, 19.759516484695229 ], [ -97.739771944982039, 19.756717657824719 ], [ -97.743266835277325, 19.763071450385301 ], [ -97.741757298393338, 19.766884330048601 ], [ -97.743563353566515, 19.770496875739383 ], [ -97.740713465246358, 19.771237420054582 ], [ -97.747932625045962, 19.77855310198909 ], [ -97.754101683745475, 19.781552493576502 ], [ -97.75270578409517, 19.781964391005499 ], [ -97.754803338212639, 19.785826321366354 ], [ -97.744159403230242, 19.78928824365018 ], [ -97.735664229039202, 19.787818186976889 ], [ -97.73473587036257, 19.791383365351141 ], [ -97.72578011792551, 19.797460999266693 ], [ -97.684822881258796, 19.803669490538077 ], [ -97.67970401605001, 19.807223923192655 ], [ -97.675901657632977, 19.795744224798153 ], [ -97.660980409065303, 19.793418230509978 ], [ -97.659669439717518, 19.790080341621593 ], [ -97.641333299213329, 19.7909256198352 ], [ -97.640722404895129, 19.78766940510479 ], [ -97.633553631919284, 19.780502307204461 ], [ -97.628129969902631, 19.780051272429134 ], [ -97.629159842155502, 19.776144890406272 ], [ -97.625447978403486, 19.767677298326543 ], [ -97.621500739650159, 19.765477011385812 ], [ -97.627303479694746, 19.762876087262523 ], [ -97.622646189206307, 19.761692836055385 ], [ -97.623774094828065, 19.75823340825659 ], [ -97.635545396195113, 19.756221931167939 ], [ -97.625069904805514, 19.746391856239153 ], [ -97.62354941127515, 19.740693115723587 ], [ -97.619898967232913, 19.744068681403228 ], [ -97.612772525860379, 19.744837056794246 ], [ -97.612857396214167, 19.742110340582389 ], [ -97.599493369082836, 19.736321311789382 ], [ -97.600514661588861, 19.727368539457672 ], [ -97.597003817457349, 19.726619434651784 ], [ -97.598205263119453, 19.722290786621326 ], [ -97.593798238765942, 19.722113219411543 ], [ -97.588887228604321, 19.717225458358239 ], [ -97.57597664305878, 19.717849378195154 ], [ -97.578130493977042, 19.709787663230287 ], [ -97.544916800930679, 19.697907453238177 ], [ -97.563381383735987, 19.692407271271385 ], [ -97.599505222733285, 19.689538535328136 ], [ -97.599254515871976, 19.675746943052456 ], [ -97.611096939886664, 19.67931678571626 ] ] ] } },
{ "type": "Feature", "properties": { "cve_edo": "21", "cve_mpo_ine": "213", "cve_edo_mpo_ine": "21213", "nom_mpo": "ZIHUATEUTLA", "nom_edo": "Puebla", "alianza_ganadora": "Movimiento Ciudadano", "margen_pp": 4.9132947976878611, "por_participacion": 78.419392983839174 }, "geometry": { "type": "Polygon", "coordinates": [ [ [ -97.758170448435251, 20.280485609778371 ], [ -97.763799727777652, 20.277282486070924 ], [ -97.76874783111117, 20.277835174976779 ], [ -97.783140745351872, 20.268954312507343 ], [ -97.783109643031239, 20.261567677118954 ], [ -97.790258104266442, 20.259741467572002 ], [ -97.790061481293876, 20.254555230970489 ], [ -97.796730214835904, 20.249494604324628 ], [ -97.819492863323063, 20.251840771521458 ], [ -97.824273668269342, 20.25526433113988 ], [ -97.817940313072071, 20.263664730117931 ], [ -97.832620522766589, 20.261272538242576 ], [ -97.837999782702298, 20.267091099822444 ], [ -97.842121965520178, 20.265156785313447 ], [ -97.844861471256635, 20.266218898551138 ], [ -97.851352593302366, 20.260742226193212 ], [ -97.866762069679936, 20.258902854229369 ], [ -97.870764380532506, 20.256346083752753 ], [ -97.870103820772115, 20.252034226854036 ], [ -97.864696102287766, 20.252649320627356 ], [ -97.857685617197092, 20.246468243270762 ], [ -97.853553653303976, 20.246162020941362 ], [ -97.852959904534444, 20.243592711066114 ], [ -97.856260248834431, 20.240252123570297 ], [ -97.85952416403839, 20.241559718112843 ], [ -97.86562536949134, 20.233926843457986 ], [ -97.88435472157893, 20.23984769149104 ], [ -97.891280603101279, 20.239143432243086 ], [ -97.893519942809661, 20.230699891765614 ], [ -97.902707017365245, 20.225923979159827 ], [ -97.90200707315897, 20.211112097876658 ], [ -97.909210029614457, 20.205005054352537 ], [ -97.921288039765358, 20.20502843144893 ], [ -97.926745724434539, 20.2117396096485 ], [ -97.933527686640588, 20.214208995871843 ], [ -97.948454667195051, 20.209955603684595 ], [ -97.956089977225062, 20.215810929101096 ], [ -97.959559422020689, 20.223121198973679 ], [ -97.965744689283056, 20.225647369784642 ], [ -97.967344148785386, 20.234849801486217 ], [ -97.964163797494507, 20.233217816848605 ], [ -97.957340481356226, 20.235864189345946 ], [ -97.938809693783739, 20.228384881807195 ], [ -97.928088078412429, 20.22717360686077 ], [ -97.923726331885305, 20.22995539450439 ], [ -97.917904121202852, 20.239287738022302 ], [ -97.901191089500301, 20.239197621411822 ], [ -97.899571124806386, 20.249470222413692 ], [ -97.890860014068181, 20.247473196527835 ], [ -97.890039075276832, 20.255301207398244 ], [ -97.882350766745617, 20.262234128345135 ], [ -97.882662399976581, 20.267717660223685 ], [ -97.876812113379984, 20.267923509388019 ], [ -97.877849574296761, 20.281512966056287 ], [ -97.871707498591761, 20.27945743265251 ], [ -97.866558397817357, 20.29881471785243 ], [ -97.869885295140236, 20.307825426631123 ], [ -97.86322466407141, 20.325359092584716 ], [ -97.853732904683937, 20.316849265083228 ], [ -97.845075173590999, 20.313829642163817 ], [ -97.838072959534401, 20.316181354978106 ], [ -97.830148290680157, 20.323394499331666 ], [ -97.832973258774032, 20.329185616569866 ], [ -97.830186219467464, 20.332551520606728 ], [ -97.833083942823279, 20.336734438246857 ], [ -97.831000536548018, 20.353674651182736 ], [ -97.822612019464188, 20.35325397718637 ], [ -97.816488528797379, 20.342163535371146 ], [ -97.805491878838126, 20.338138080384152 ], [ -97.799134009000994, 20.353649626588442 ], [ -97.79306757996261, 20.356087572576175 ], [ -97.786714823685855, 20.364256764106742 ], [ -97.782017658242864, 20.364475392738484 ], [ -97.764849723917948, 20.380702243068342 ], [ -97.763223991174058, 20.385187854014958 ], [ -97.761015106463233, 20.382822983785417 ], [ -97.746501918287692, 20.384463540364312 ], [ -97.743411013131649, 20.382299071584843 ], [ -97.743820023256234, 20.376156089018149 ], [ -97.747166897936779, 20.376012418901322 ], [ -97.74307856587113, 20.361137951634642 ], [ -97.746290540684143, 20.356497640669872 ], [ -97.739689951732046, 20.353155901259438 ], [ -97.737764419643014, 20.345636870720814 ], [ -97.731574837653312, 20.342338726809412 ], [ -97.731049437300825, 20.338430568439026 ], [ -97.724072718138743, 20.336970536613244 ], [ -97.721246950190704, 20.332772453652741 ], [ -97.705519159765458, 20.324205388290956 ], [ -97.706153448804301, 20.32098513223746 ], [ -97.696649845509199, 20.316603655899232 ], [ -97.690216501354996, 20.32000875855903 ], [ -97.686405715656903, 20.318990291134554 ], [ -97.683460927342011, 20.31371939850839 ], [ -97.67760101765171, 20.312996444734839 ], [ -97.677171565587884, 20.306438092493046 ], [ -97.68263214166609, 20.302536399188742 ], [ -97.691273000075768, 20.304170474939077 ], [ -97.697140647744604, 20.30223089593267 ], [ -97.708183129375541, 20.302797220762891 ], [ -97.715057706720899, 20.295417972916976 ], [ -97.727859481045797, 20.288532609049717 ], [ -97.733951599512139, 20.287502225859519 ], [ -97.737491987936977, 20.284139940688782 ], [ -97.751606316469577, 20.282009274549562 ], [ -97.753675135476257, 20.279627743770281 ], [ -97.758170448435251, 20.280485609778371 ] ] ] } },
{ "type": "Feature", "properties": { "cve_edo": "21", "cve_mpo_ine": "214", "cve_edo_mpo_ine": "21214", "nom_mpo": "ZINACATEPEC", "nom_edo": "Puebla", "alianza_ganadora": "Juntos Haremos Historia", "margen_pp": 32.674490426189003, "por_participacion": 67.77461486939049 }, "geometry": { "type": "Polygon", "coordinates": [ [ [ -97.244043151132303, 18.357591712368379 ], [ -97.237492755425038, 18.35987966713391 ], [ -97.228380659416956, 18.353318661814502 ], [ -97.215841116256058, 18.350717484673943 ], [ -97.195258941156098, 18.363553428081698 ], [ -97.18713744645602, 18.364766579078367 ], [ -97.18431668335009, 18.363225189695175 ], [ -97.178688206505868, 18.344993933842712 ], [ -97.167638982527961, 18.337048892473494 ], [ -97.17415863868294, 18.322255105704432 ], [ -97.174509988919212, 18.315385764741475 ], [ -97.18113582279075, 18.309739013523007 ], [ -97.186727790761182, 18.300404707481061 ], [ -97.194559288717997, 18.29794862258305 ], [ -97.198795568871489, 18.28943574106663 ], [ -97.207864397399831, 18.288350388097125 ], [ -97.209877502875656, 18.291130328074999 ], [ -97.236931544761291, 18.298339012696474 ], [ -97.251950443484887, 18.317136955999761 ], [ -97.256532619682005, 18.31954308206172 ], [ -97.25935817970992, 18.315983020484765 ], [ -97.281260229313673, 18.307790601176812 ], [ -97.287484205378391, 18.299333717280952 ], [ -97.288974979616057, 18.310338571090313 ], [ -97.293349827315055, 18.316436081075281 ], [ -97.292255276816135, 18.319454419686554 ], [ -97.288742257435189, 18.322506945093835 ], [ -97.281256288192665, 18.324140130094147 ], [ -97.278950339754019, 18.33439815344213 ], [ -97.27480473343563, 18.332605699262299 ], [ -97.268412522625042, 18.333703594359363 ], [ -97.26414650589858, 18.347225149530502 ], [ -97.259652550230825, 18.352509077283585 ], [ -97.252973498761961, 18.349093911503719 ], [ -97.250729190218564, 18.345237439491022 ], [ -97.246466674878178, 18.347458874472039 ], [ -97.25008985111721, 18.358604530105797 ], [ -97.244043151132303, 18.357591712368379 ] ] ] } },
{ "type": "Feature", "properties": { "cve_edo": "21", "cve_mpo_ine": "215", "cve_edo_mpo_ine": "21215", "nom_mpo": "ZONGOZOTLA", "nom_edo": "Puebla", "alianza_ganadora": "Juntos Haremos Historia", "margen_pp": 0.67934782608695654, "por_participacion": 81.393419961293887 }, "geometry": { "type": "Polygon", "coordinates": [ [ [ -97.708796110754562, 19.995652966714847 ], [ -97.711696396646516, 19.992616142449183 ], [ -97.710897182258805, 19.986732778723159 ], [ -97.724009729430293, 19.973750161495499 ], [ -97.726707859653359, 19.958402149549464 ], [ -97.737040397911059, 19.949284098698556 ], [ -97.733673200629781, 19.943742335325741 ], [ -97.740887238295926, 19.939817701601989 ], [ -97.745794490222352, 19.940088668276747 ], [ -97.750899779019576, 19.944123216957617 ], [ -97.744802524272345, 19.948549131851742 ], [ -97.739581127628696, 19.961917594121669 ], [ -97.74064595745412, 19.963861774015207 ], [ -97.746869095483731, 19.960106617914235 ], [ -97.746836816429266, 19.963837579618989 ], [ -97.749410682984404, 19.964407809644353 ], [ -97.746815557178238, 19.969143736723158 ], [ -97.746801247713222, 19.975444751214209 ], [ -97.750889372034422, 19.983677960683913 ], [ -97.756729676159608, 19.983530485522749 ], [ -97.763622098680472, 19.97525363514713 ], [ -97.7682962918322, 19.975442071722316 ], [ -97.776183643178271, 19.967575185072324 ], [ -97.779517284296588, 19.968183333162536 ], [ -97.779893554296848, 19.963663279515224 ], [ -97.782620908760933, 19.961206242924035 ], [ -97.790742525179212, 19.969670673125712 ], [ -97.810895561444596, 19.969917107735167 ], [ -97.813141192382233, 19.97343111789953 ], [ -97.807591720399685, 19.97337196197747 ], [ -97.80249986421974, 19.97994341140598 ], [ -97.816151628857483, 19.985522921379474 ], [ -97.821281508683626, 19.984091283903577 ], [ -97.830851523721563, 19.990516464330373 ], [ -97.82524895768104, 19.992367239483375 ], [ -97.821807999859274, 19.991151063711083 ], [ -97.818244111719821, 19.993582515026059 ], [ -97.808794104325813, 19.991470892959754 ], [ -97.810479583821007, 19.995333314489184 ], [ -97.806677911173026, 20.000043649803604 ], [ -97.801660987365139, 19.998986369108422 ], [ -97.798580723987868, 19.992091711835357 ], [ -97.784883340637066, 19.983701082997541 ], [ -97.777685096757864, 19.994283046070475 ], [ -97.754515086723686, 19.995549776124559 ], [ -97.747642061470415, 19.989549494949681 ], [ -97.743322556745653, 19.990151947787371 ], [ -97.738291617289207, 19.995767215850158 ], [ -97.734402047163897, 19.98675366994183 ], [ -97.729782989867729, 19.990795248538969 ], [ -97.708796110754562, 19.995652966714847 ] ] ] } },
{ "type": "Feature", "properties": { "cve_edo": "21", "cve_mpo_ine": "216", "cve_edo_mpo_ine": "21216", "nom_mpo": "ZOQUIAPAN", "nom_edo": "Puebla", "alianza_ganadora": "Va por México", "margen_pp": 1.7857142857142858, "por_participacion": 82.223387519664399 }, "geometry": { "type": "MultiPolygon", "coordinates": [ [ [ [ -97.600114123615, 20.027998360244307 ], [ -97.593211490992971, 20.031268616057464 ], [ -97.586964529535635, 20.01843835371195 ], [ -97.57686930329784, 20.018052003502351 ], [ -97.577370279528679, 20.007567016547551 ], [ -97.579770115573794, 20.005341573331133 ], [ -97.581025233171331, 19.996145698325154 ], [ -97.591127595871995, 19.993837283507116 ], [ -97.594287926026198, 19.990869524466522 ], [ -97.595682243356549, 19.992825294098676 ], [ -97.601930932703141, 19.991200360077123 ], [ -97.603992178499709, 19.985034635495271 ], [ -97.606265739530102, 19.98570989889491 ], [ -97.607731277141582, 19.983479103767642 ], [ -97.610235873406964, 19.984943193594571 ], [ -97.619366918457871, 19.994981252158869 ], [ -97.616077725085944, 20.002094255724742 ], [ -97.617496367094589, 20.015532759653404 ], [ -97.612944421334532, 20.0154674920744 ], [ -97.611361906846071, 20.017697696028634 ], [ -97.614673824074586, 20.022565175453959 ], [ -97.611335369690025, 20.031055642898114 ], [ -97.600114123615, 20.027998360244307 ] ] ], [ [ [ -97.471861111110698, 20.125333333371515 ], [ -97.470305555555143, 20.128166666704828 ], [ -97.461833333332919, 20.130472222260444 ], [ -97.464234936583708, 20.134917248394373 ], [ -97.462232246294477, 20.13913297776725 ], [ -97.456781657627275, 20.129482766648692 ], [ -97.460140050174431, 20.122166600488477 ], [ -97.448135221296155, 20.116123443856878 ], [ -97.446225721016816, 20.11188356752827 ], [ -97.446882556849474, 20.108364317369318 ], [ -97.449807502195256, 20.107056045766093 ], [ -97.448793787273715, 20.097971970473321 ], [ -97.457373885398553, 20.098688204882027 ], [ -97.457771007900845, 20.101550783595709 ], [ -97.46563561751617, 20.106034296847699 ], [ -97.471861111110698, 20.125333333371515 ] ] ] ] } },
{ "type": "Feature", "properties": { "cve_edo": "21", "cve_mpo_ine": "217", "cve_edo_mpo_ine": "21217", "nom_mpo": "ZOQUITLAN", "nom_edo": "Puebla", "alianza_ganadora": "Va por México", "margen_pp": 49.660493827160494, "por_participacion": 72.213967310549776 }, "geometry": { "type": "Polygon", "coordinates": [ [ [ -97.075899525809788, 18.345509851123044 ], [ -97.095722542887557, 18.334622599177731 ], [ -97.100556832016224, 18.336504313885445 ], [ -97.104071711004636, 18.33457303413233 ], [ -97.111031085323376, 18.340932767448489 ], [ -97.112130527161725, 18.336549969603574 ], [ -97.110234196813906, 18.333438453731898 ], [ -97.112945431644278, 18.329351673077529 ], [ -97.118990489707002, 18.329954624330355 ], [ -97.123773593080827, 18.326455112299826 ], [ -97.128898208990975, 18.326309211733218 ], [ -97.146166060906808, 18.331837703432214 ], [ -97.151220993707142, 18.343983370278195 ], [ -97.15759028176906, 18.349894409953464 ], [ -97.143749900040021, 18.361983465566542 ], [ -97.142924122464649, 18.367658778739276 ], [ -97.137126548116356, 18.365211319284928 ], [ -97.106102818414143, 18.367138352953553 ], [ -97.090160580999182, 18.376876545429589 ], [ -97.084685782242332, 18.370866350678888 ], [ -97.076679528553882, 18.366484936723086 ], [ -97.057499999999735, 18.370250000020874 ], [ -97.054194444444178, 18.373750000020856 ], [ -97.052019543639844, 18.386492874015588 ], [ -97.047643633078565, 18.389042338681485 ], [ -97.037524653707905, 18.388520165623728 ], [ -97.024805603999496, 18.40576626961694 ], [ -97.030924280363507, 18.413181584241009 ], [ -97.024280919695016, 18.413922089020076 ], [ -97.017198408482244, 18.409367477202416 ], [ -97.009978406305748, 18.419256741260568 ], [ -97.001395776074844, 18.424145473779166 ], [ -96.994641480949156, 18.434776386458093 ], [ -96.989617784634618, 18.426650603951469 ], [ -96.976057961905312, 18.430861134202953 ], [ -96.971014084411209, 18.428611585336746 ], [ -96.962544649660387, 18.433332268169099 ], [ -96.948241348629708, 18.425962551180412 ], [ -96.939960081967769, 18.426809526054988 ], [ -96.937023125548691, 18.438837954371479 ], [ -96.933738634097594, 18.433753153745052 ], [ -96.922301648038385, 18.433851026087552 ], [ -96.917966343868471, 18.436334236884669 ], [ -96.91461863449814, 18.445201262127739 ], [ -96.917040343599822, 18.452144557442352 ], [ -96.924584154368958, 18.458086831469689 ], [ -96.923382599957662, 18.46161335918595 ], [ -96.920035391222498, 18.462960151382553 ], [ -96.919240352703966, 18.468368733922947 ], [ -96.927259257106783, 18.475466576165058 ], [ -96.920197792706659, 18.485182368228028 ], [ -96.914764042580202, 18.48677159205705 ], [ -96.90746165573681, 18.484511148892057 ], [ -96.8994444444441, 18.488666666688427 ], [ -96.888341117554859, 18.483410975786914 ], [ -96.887393952966363, 18.478753058951693 ], [ -96.883455692863222, 18.480529690498905 ], [ -96.881205156542208, 18.475713452374979 ], [ -96.864210714088202, 18.470791515407132 ], [ -96.863896800615592, 18.467438736203263 ], [ -96.854963109430045, 18.455752550701622 ], [ -96.858526380000555, 18.451887595012284 ], [ -96.85457079596614, 18.437132933238221 ], [ -96.86310529600334, 18.433244719485597 ], [ -96.857178271337347, 18.427810082292801 ], [ -96.859055211762652, 18.422297639619003 ], [ -96.855513609755008, 18.41954160922419 ], [ -96.85600873457463, 18.415028763249293 ], [ -96.86034679309391, 18.415505084184218 ], [ -96.87320449650025, 18.409692434752611 ], [ -96.876303215415518, 18.405705045384131 ], [ -96.875364585415497, 18.393129487467363 ], [ -96.87836648373046, 18.392494409080079 ], [ -96.882377832041186, 18.386474779443613 ], [ -96.896530113096233, 18.37519152086238 ], [ -96.906553234107221, 18.369596923932097 ], [ -96.925491351694276, 18.366646778337138 ], [ -96.925216725746807, 18.359406124256324 ], [ -96.919644927393648, 18.355378679740735 ], [ -96.922580350811714, 18.353418891406026 ], [ -96.924499086819949, 18.346560997336177 ], [ -96.930499999999682, 18.344138888909512 ], [ -96.929055555555266, 18.342138888909499 ], [ -96.936444444444163, 18.344444444465086 ], [ -96.939303378418387, 18.338146031271808 ], [ -96.949353928999088, 18.3375560924406 ], [ -96.956129416729766, 18.339962423305668 ], [ -96.960154590746342, 18.336796141664816 ], [ -96.966194444444156, 18.342861111131722 ], [ -96.973332839758868, 18.337388614516005 ], [ -96.975594226624935, 18.329472134988098 ], [ -96.990305396802725, 18.325875325824864 ], [ -96.996479381185864, 18.315578293390196 ], [ -96.994976164145257, 18.306440397811421 ], [ -97.006336795544655, 18.303232821783503 ], [ -97.025663267665536, 18.281604623816889 ], [ -97.030478379015307, 18.28468141104678 ], [ -97.035440983058933, 18.292516655904976 ], [ -97.035010317257033, 18.297237109200019 ], [ -97.038069636733738, 18.296847268023672 ], [ -97.053399732394894, 18.308389100455205 ], [ -97.057372322062008, 18.319461022419752 ], [ -97.05580555555531, 18.330472222242722 ], [ -97.061388888888615, 18.334055555576139 ], [ -97.063166666666405, 18.346527777798368 ], [ -97.075899525809788, 18.345509851123044 ] ] ] } }
]
}
