{
"type": "FeatureCollection",
"name": "22",
"crs": { "type": "name", "properties": { "name": "urn:ogc:def:crs:OGC:1.3:CRS84" } },
"features": [
{ "type": "Feature", "properties": { "cve_edo": "22", "cve_mpo_ine": "001", "cve_edo_mpo_ine": "22001", "nom_mpo": "AMEALCO DE BONFIL", "nom_edo": "Querétaro", "alianza_ganadora": "Va por México", "margen_pp": 40.826941435954836, "por_participacion": 60.610958138792448 }, "geometry": { "type": "Polygon", "coordinates": [ [ [ -100.148704854339513, 20.321918716021507 ], [ -100.143293153999352, 20.323232829729932 ], [ -100.137723476999042, 20.31789859872611 ], [ -100.135378630998972, 20.320185383727797 ], [ -100.112695168997973, 20.314395152723527 ], [ -100.093118762778857, 20.31460006323395 ], [ -100.093619798105181, 20.307905942643156 ], [ -100.097285407924957, 20.301141477529889 ], [ -100.090375353218633, 20.298899519723474 ], [ -100.086477209904714, 20.304517606665357 ], [ -100.08655600912509, 20.316775255168576 ], [ -100.082151697282583, 20.316806071157856 ], [ -100.083335008517608, 20.309012184534762 ], [ -100.07546217060677, 20.299169328062519 ], [ -100.078028339338942, 20.296418238834711 ], [ -100.08208031143883, 20.296472833904563 ], [ -100.082688571998816, 20.290587947983461 ], [ -100.078336588523598, 20.289500122762107 ], [ -100.075967771768859, 20.286327778494208 ], [ -100.094769094063906, 20.261017204852166 ], [ -100.083648540755149, 20.257078096893665 ], [ -100.0757858195593, 20.248394598808694 ], [ -100.056796515026576, 20.243762641474287 ], [ -100.068721888483608, 20.226577165812948 ], [ -100.056710444882398, 20.220447428200735 ], [ -100.048931379203268, 20.224807290863922 ], [ -100.053590450739335, 20.228420069533591 ], [ -100.051837633985102, 20.229715799789087 ], [ -100.047647068115168, 20.225934151614641 ], [ -100.044026254410241, 20.22889897880243 ], [ -100.035545444926015, 20.224151986237469 ], [ -100.039968779309476, 20.218034496289704 ], [ -100.026930763110286, 20.206815632501925 ], [ -100.020770428355021, 20.207104929648121 ], [ -100.008694312905305, 20.219318628220595 ], [ -99.989630317242018, 20.231328175287302 ], [ -99.987420964659918, 20.234986827033239 ], [ -99.981309778053742, 20.233824967388408 ], [ -99.978226604701732, 20.238690104414189 ], [ -99.974411144879852, 20.238175677311215 ], [ -99.968661081764566, 20.218703238053731 ], [ -99.963961876504726, 20.216265100460809 ], [ -99.96574396870821, 20.206985827641528 ], [ -99.964167722277523, 20.200652693598858 ], [ -99.962107839130368, 20.200244460772446 ], [ -99.963176859113545, 20.196960780906902 ], [ -99.966378021205671, 20.196020227357469 ], [ -99.963392793812446, 20.194691397649642 ], [ -99.963171988572512, 20.188336440126776 ], [ -99.970498165074659, 20.181362983734672 ], [ -99.9664185756194, 20.181084742647265 ], [ -99.967281196011541, 20.183597945484848 ], [ -99.963945699237357, 20.184298987833603 ], [ -99.96152431721805, 20.19194523389956 ], [ -99.959611555993519, 20.191833794624749 ], [ -99.956008195987906, 20.188367674388473 ], [ -99.955729454131969, 20.180421196026806 ], [ -99.953179896962027, 20.186934441330703 ], [ -99.946705017845318, 20.180855459409713 ], [ -99.946018777165008, 20.17742453897332 ], [ -99.942566002333848, 20.176728806345821 ], [ -99.943538542633519, 20.171498728192354 ], [ -99.939567489806436, 20.173120379708617 ], [ -99.936554670942897, 20.171115529107521 ], [ -99.937738970895182, 20.15274695679847 ], [ -99.930102837439293, 20.143507344155072 ], [ -99.940087375478598, 20.133776800899017 ], [ -99.94223929332, 20.119599638906539 ], [ -99.936525346319016, 20.115078973411812 ], [ -99.938520069628296, 20.104340247226929 ], [ -99.922927090749539, 20.082469633176004 ], [ -99.926521261950626, 20.067005181516986 ], [ -99.93045768728939, 20.061888415124987 ], [ -99.963109041678962, 20.060537362326155 ], [ -99.971388679784425, 20.067728361602683 ], [ -99.995412918446917, 20.077534398861513 ], [ -99.994334859229099, 20.083420847230776 ], [ -99.996740177376424, 20.086934693867171 ], [ -100.007352989175629, 20.086639482145074 ], [ -100.007185848740605, 20.08159385849525 ], [ -100.009262709003011, 20.079431621430771 ], [ -100.005382641556082, 20.063502013008932 ], [ -100.011877333923152, 20.05928506350882 ], [ -100.024531060812635, 20.060473545397731 ], [ -100.032109457259736, 20.053175860521083 ], [ -100.043200009481168, 20.035417930492592 ], [ -100.045246675065769, 20.034575927171399 ], [ -100.058061305436496, 20.040287542054898 ], [ -100.065951804560839, 20.036465171347501 ], [ -100.064817526094373, 20.033159762308117 ], [ -100.066562473036541, 20.030952901688224 ], [ -100.071898992981517, 20.031289125463452 ], [ -100.072061680944827, 20.029175882843685 ], [ -100.079921789972943, 20.029991516582786 ], [ -100.084284614763931, 20.024660345484204 ], [ -100.086656238253894, 20.013199098346291 ], [ -100.091020325681569, 20.023826711314772 ], [ -100.09661144199255, 20.027349304563874 ], [ -100.096410208696781, 20.023374965134014 ], [ -100.104754209051862, 20.026546712955792 ], [ -100.110349730399989, 20.030690031729268 ], [ -100.111073527030584, 20.0338323630858 ], [ -100.118341312060366, 20.033656533016462 ], [ -100.118603364059638, 20.037878869648555 ], [ -100.121543269828081, 20.039224561368126 ], [ -100.126457771732717, 20.03773993401067 ], [ -100.132630296485857, 20.040346065065592 ], [ -100.133351293180851, 20.042991339542542 ], [ -100.13799445427675, 20.044780013841539 ], [ -100.138071821677485, 20.047595571697503 ], [ -100.142778222159166, 20.050046268912563 ], [ -100.146873553480177, 20.057512302925268 ], [ -100.151441895253612, 20.056816344600509 ], [ -100.161620470580303, 20.062083925169972 ], [ -100.162334725146025, 20.063652358686582 ], [ -100.158476259101732, 20.065295888871749 ], [ -100.161888281441122, 20.066968702464358 ], [ -100.157449337375809, 20.069486169612773 ], [ -100.157774551326639, 20.074204879575856 ], [ -100.164366498321471, 20.077842052699339 ], [ -100.169213983813904, 20.075031487613369 ], [ -100.171696756095884, 20.077953376285507 ], [ -100.172950160225326, 20.072643195062685 ], [ -100.177570539571178, 20.07095225070676 ], [ -100.182983223367074, 20.073603606318045 ], [ -100.178929253638159, 20.080881202258063 ], [ -100.179763913062189, 20.082862779814601 ], [ -100.183630044439312, 20.082295454713403 ], [ -100.191436525681695, 20.0750309060038 ], [ -100.195424331425841, 20.075125017930617 ], [ -100.193050676802102, 20.078861077428023 ], [ -100.19539451807259, 20.084126957128323 ], [ -100.194057385789009, 20.0895309249767 ], [ -100.200076737191978, 20.095278450850465 ], [ -100.208572636694768, 20.098646899350541 ], [ -100.210645033676641, 20.107960556910328 ], [ -100.198125302399262, 20.125503672747573 ], [ -100.198035815367177, 20.129438536377947 ], [ -100.235965999756004, 20.142853717951372 ], [ -100.213653649104145, 20.156154330868223 ], [ -100.209302056240375, 20.162896522532691 ], [ -100.203694509281277, 20.166335239314702 ], [ -100.203208684655607, 20.17226089583113 ], [ -100.188182232423571, 20.177596512031723 ], [ -100.189518133772594, 20.184507949935153 ], [ -100.187194196836018, 20.189119369862478 ], [ -100.188544763949736, 20.188468125484903 ], [ -100.192144173629003, 20.203124307626354 ], [ -100.186181813151151, 20.209196656981753 ], [ -100.207834502127824, 20.225018083203775 ], [ -100.227644967228471, 20.232020986683988 ], [ -100.240488404584639, 20.23397199393915 ], [ -100.252311905130341, 20.232443555023348 ], [ -100.257260457296269, 20.247396638858952 ], [ -100.256622581934906, 20.253177740322251 ], [ -100.270375976564651, 20.2581495081259 ], [ -100.280066835054157, 20.27276243659281 ], [ -100.288462332914406, 20.275547048196383 ], [ -100.294892962944488, 20.282285153797933 ], [ -100.307693225432132, 20.284151885010512 ], [ -100.25876345947556, 20.288856170033313 ], [ -100.248631441740145, 20.315853999634758 ], [ -100.251768438069263, 20.319141954811055 ], [ -100.24812894091248, 20.319336512803627 ], [ -100.247909828771057, 20.321450212858057 ], [ -100.217407081706938, 20.318169578829227 ], [ -100.208634047385402, 20.323123974110977 ], [ -100.208305311913392, 20.32639801305276 ], [ -100.206886952443469, 20.325166596423912 ], [ -100.19528541832635, 20.328899761558844 ], [ -100.189237524584968, 20.337352390999882 ], [ -100.183398641733007, 20.358847906414049 ], [ -100.177215715289066, 20.356699811912549 ], [ -100.170112289174156, 20.34888498292268 ], [ -100.17298274286523, 20.347786737712024 ], [ -100.175983446616058, 20.340144412158551 ], [ -100.148704854339513, 20.321918716021507 ] ] ] } },
{ "type": "Feature", "properties": { "cve_edo": "22", "cve_mpo_ine": "002", "cve_edo_mpo_ine": "22002", "nom_mpo": "ARROYO SECO", "nom_edo": "Querétaro", "alianza_ganadora": "Va por México", "margen_pp": 30.534553654330814, "por_participacion": 66.004202416389418 }, "geometry": { "type": "Polygon", "coordinates": [ [ [ -99.753131594598187, 21.544986140830588 ], [ -99.747447581944684, 21.578365005781148 ], [ -99.70906832094964, 21.572038539573764 ], [ -99.704921312969006, 21.568908703801036 ], [ -99.698627985128709, 21.572198535483334 ], [ -99.672949946565353, 21.569481888132128 ], [ -99.666793560700512, 21.576987026657768 ], [ -99.64381388813365, 21.545321668556262 ], [ -99.631842409211728, 21.52348172729085 ], [ -99.606431408259866, 21.493173307849393 ], [ -99.600227577124159, 21.489937987047387 ], [ -99.597453071571792, 21.48383584575058 ], [ -99.577060545165097, 21.473923248410753 ], [ -99.573551416014652, 21.466343559247576 ], [ -99.557909396221376, 21.451519392329079 ], [ -99.553377073312689, 21.451122247585499 ], [ -99.52396371586596, 21.434200283129062 ], [ -99.52628964774469, 21.428234203154371 ], [ -99.515207720789888, 21.425102486024148 ], [ -99.502766877972746, 21.418373974173029 ], [ -99.489335894086054, 21.421444621299564 ], [ -99.484456413363304, 21.432322697587431 ], [ -99.472673875937701, 21.435514836036027 ], [ -99.459053446432151, 21.426385703213089 ], [ -99.436517644483402, 21.388771149673882 ], [ -99.418668398393507, 21.389977424585755 ], [ -99.418367946625409, 21.379640547426014 ], [ -99.412056864297583, 21.364385197190838 ], [ -99.409398537795155, 21.34900449781486 ], [ -99.425836598191594, 21.33980364904556 ], [ -99.437661132223568, 21.33907039868588 ], [ -99.447434091952104, 21.335261630055392 ], [ -99.455266661991644, 21.335753567655537 ], [ -99.46144704116567, 21.332152735424394 ], [ -99.456196848098287, 21.320950473489205 ], [ -99.495773225499633, 21.3273326965001 ], [ -99.497715235199024, 21.326131712726912 ], [ -99.493820451222803, 21.318402841152668 ], [ -99.491585044518843, 21.320389171243033 ], [ -99.474786855615491, 21.302787160655694 ], [ -99.475962295198912, 21.300594917707137 ], [ -99.473845690370013, 21.303697449277326 ], [ -99.470371833793834, 21.30353434162053 ], [ -99.472488280615337, 21.300183764010871 ], [ -99.467895218320734, 21.299277072039388 ], [ -99.463234533613857, 21.288157297667976 ], [ -99.470594214961977, 21.289145053930635 ], [ -99.471710463469734, 21.286663472966534 ], [ -99.488427247875094, 21.284542937359859 ], [ -99.495494243745952, 21.287101051247266 ], [ -99.503611913566331, 21.281512425382687 ], [ -99.509796133804258, 21.284194722996542 ], [ -99.50750362695841, 21.28709108101614 ], [ -99.507803598669398, 21.291928531731703 ], [ -99.509865352694362, 21.293001756533815 ], [ -99.513279380728605, 21.292543906910577 ], [ -99.51250822164053, 21.287665544512048 ], [ -99.51621574906342, 21.286628484985847 ], [ -99.538763074168344, 21.286937069720469 ], [ -99.543239360486226, 21.290753807180558 ], [ -99.540645663357466, 21.292656976063991 ], [ -99.543545935385751, 21.297227561276859 ], [ -99.547073126017139, 21.293585111967012 ], [ -99.550253517335676, 21.294491227258124 ], [ -99.550485463576123, 21.292051452843683 ], [ -99.575203435712396, 21.28718424330971 ], [ -99.589821088654531, 21.297750027128231 ], [ -99.579471916522863, 21.305330336148149 ], [ -99.600830421668803, 21.33056448900264 ], [ -99.582305979640424, 21.345309532835365 ], [ -99.599408449847019, 21.358558537237332 ], [ -99.607639122997085, 21.350483952275216 ], [ -99.641241468002576, 21.3379444292427 ], [ -99.632802812878836, 21.329234078012714 ], [ -99.635255740999838, 21.319265460729454 ], [ -99.632368238951287, 21.318112423457979 ], [ -99.639723374759797, 21.315702275936896 ], [ -99.641352145385326, 21.306107054901279 ], [ -99.646461726416646, 21.300103152567321 ], [ -99.649936240989021, 21.300593380692984 ], [ -99.653812168187073, 21.296038536934546 ], [ -99.657110326523281, 21.296652983568315 ], [ -99.667520333585884, 21.292044870073266 ], [ -99.669513420009025, 21.288278662951626 ], [ -99.678086279839761, 21.304222666072562 ], [ -99.693418994222313, 21.314653830716953 ], [ -99.704317098733483, 21.316864673250127 ], [ -99.705696677133801, 21.313403431071389 ], [ -99.710734769000169, 21.315048815055732 ], [ -99.737253123000244, 21.312884969055602 ], [ -99.734250538000225, 21.308280538055595 ], [ -99.734161154000304, 21.301443923055398 ], [ -99.752424738000187, 21.291783400055341 ], [ -99.757893569000274, 21.292140369055232 ], [ -99.765723477000179, 21.303350415055515 ], [ -99.779934800000277, 21.313028169055681 ], [ -99.787790831000223, 21.329621723055951 ], [ -99.784878400000309, 21.327868508055879 ], [ -99.784308092000273, 21.332517708055988 ], [ -99.777887877000282, 21.342263615056137 ], [ -99.777290773940706, 21.348410936311616 ], [ -99.771481929332538, 21.354538499807351 ], [ -99.768620522898772, 21.363060275844909 ], [ -99.770046373746268, 21.368475156847303 ], [ -99.776346234626004, 21.369996590658104 ], [ -99.774556579879459, 21.38339619623677 ], [ -99.77722886277617, 21.392737465335504 ], [ -99.772069517216153, 21.405660419181388 ], [ -99.776062489438829, 21.406758998568783 ], [ -99.779775969130739, 21.41475586367152 ], [ -99.779454804652289, 21.41896833404482 ], [ -99.774647712743857, 21.425467378115414 ], [ -99.780653201523961, 21.433932603443413 ], [ -99.779561358887136, 21.439049395801145 ], [ -99.776249839942238, 21.4416323497653 ], [ -99.778041139954965, 21.446725282128391 ], [ -99.774688175090489, 21.455712196962622 ], [ -99.777135917366564, 21.459404312318004 ], [ -99.772033760177123, 21.465818879190412 ], [ -99.774007906217022, 21.469962642759722 ], [ -99.77689303565873, 21.469732236116229 ], [ -99.772546513768049, 21.477556194927832 ], [ -99.774407660583989, 21.480996856777914 ], [ -99.772664178143657, 21.486688086082808 ], [ -99.777458499568226, 21.497090441237017 ], [ -99.771709495712329, 21.506490123385742 ], [ -99.762472828794088, 21.513045284800274 ], [ -99.75775864750733, 21.513883541413051 ], [ -99.755009029336378, 21.521290899121283 ], [ -99.749237361639175, 21.523578519025079 ], [ -99.753270583285868, 21.531838053601909 ], [ -99.751287842593484, 21.539532944887423 ], [ -99.753131594598187, 21.544986140830588 ] ] ] } },
{ "type": "Feature", "properties": { "cve_edo": "22", "cve_mpo_ine": "003", "cve_edo_mpo_ine": "22003", "nom_mpo": "CADEREYTA DE MONTES", "nom_edo": "Querétaro", "alianza_ganadora": "Va por México", "margen_pp": 33.338110422414104, "por_participacion": 52.653323020619133 }, "geometry": { "type": "Polygon", "coordinates": [ [ [ -99.846002139146236, 20.654079792554793 ], [ -99.85361526857325, 20.655505668249965 ], [ -99.851026989698653, 20.674825549904103 ], [ -99.857932525218374, 20.677780660167766 ], [ -99.855291898617793, 20.678684686796032 ], [ -99.860554997735676, 20.682090892172177 ], [ -99.860960534536972, 20.683457527486635 ], [ -99.857972059346537, 20.683243402409641 ], [ -99.856120602943093, 20.693088224485404 ], [ -99.865262755250697, 20.693648170188609 ], [ -99.861501462526178, 20.696494661793125 ], [ -99.861120783951307, 20.704853227643344 ], [ -99.867963316319759, 20.709545821142001 ], [ -99.861929149189677, 20.708414145849176 ], [ -99.850544324012787, 20.711862771816698 ], [ -99.842928996351731, 20.710271317360753 ], [ -99.84940366906109, 20.719433148786234 ], [ -99.867200797333538, 20.726800905702714 ], [ -99.86573867592999, 20.742854193444209 ], [ -99.845126689057835, 20.75157760697935 ], [ -99.843863405048893, 20.760513300589395 ], [ -99.851887263944931, 20.763388490710494 ], [ -99.862576587403623, 20.758655122298514 ], [ -99.867194649634683, 20.762928497894254 ], [ -99.873919302314235, 20.763246740524014 ], [ -99.866350281230766, 20.771675661860922 ], [ -99.858795128565319, 20.787459788339593 ], [ -99.833120891309648, 20.787437083900194 ], [ -99.816941481794288, 20.80044209381311 ], [ -99.806291955838319, 20.802734578798077 ], [ -99.797644476990769, 20.813509674171886 ], [ -99.800216497094794, 20.815632535877235 ], [ -99.805576095220786, 20.832276324632669 ], [ -99.812853881683637, 20.833807001021356 ], [ -99.822388315946483, 20.841053097030141 ], [ -99.805960771276247, 20.864386519157133 ], [ -99.824299583478293, 20.874039718544328 ], [ -99.843829927531573, 20.871796849553309 ], [ -99.861491652002243, 20.887103221098062 ], [ -99.881436210864166, 20.904775454268979 ], [ -99.869674609670213, 20.905165206420858 ], [ -99.873918665159195, 20.923411620939191 ], [ -99.832223865299056, 20.923837810633426 ], [ -99.790105820059949, 20.91681321073386 ], [ -99.796059984184751, 20.923667107471232 ], [ -99.79579711364633, 20.928004416841613 ], [ -99.806249888533856, 20.949016993234299 ], [ -99.789159477315579, 20.954328514186297 ], [ -99.74106135656416, 20.947069536913901 ], [ -99.73893269936957, 20.965611097020133 ], [ -99.735296551025954, 20.964068313215439 ], [ -99.735317024040597, 20.961135119945123 ], [ -99.730676490950174, 20.960249321276372 ], [ -99.72887151737396, 20.949252731653118 ], [ -99.719692242926527, 20.94983592712909 ], [ -99.711874741144541, 20.965627683263317 ], [ -99.698986314012231, 20.966525259385197 ], [ -99.692286526992575, 20.990005185740021 ], [ -99.686822003993555, 20.989073475481245 ], [ -99.681029727848966, 20.984711135325416 ], [ -99.667229143587306, 21.003879670902631 ], [ -99.644200049959068, 20.978035962931376 ], [ -99.6512015805191, 20.979694596207967 ], [ -99.673804558899377, 20.972568226844029 ], [ -99.674284263037435, 20.96480872148479 ], [ -99.670178020598556, 20.950519477161659 ], [ -99.672181316163744, 20.947443917914509 ], [ -99.680185865986005, 20.94423994731768 ], [ -99.681424244684877, 20.941081693607082 ], [ -99.670592386649659, 20.94092590916679 ], [ -99.648629399284218, 20.907239824332972 ], [ -99.639684312718643, 20.910650377805666 ], [ -99.608039914051076, 20.908333452615391 ], [ -99.594576052237272, 20.903516394506518 ], [ -99.592663103569066, 20.904937137459495 ], [ -99.592764416428068, 20.89475029022654 ], [ -99.584912621718246, 20.89607824088035 ], [ -99.585132744183625, 20.885236913173088 ], [ -99.57519780716413, 20.882121365893259 ], [ -99.567605899658261, 20.885112565220918 ], [ -99.558377538257645, 20.881788431538062 ], [ -99.552604102481595, 20.887479766519355 ], [ -99.548649528329477, 20.895539337945976 ], [ -99.544352653660312, 20.897283658133681 ], [ -99.541656396054833, 20.903274156920766 ], [ -99.53605600680136, 20.898943983163175 ], [ -99.535708262620702, 20.896077178925985 ], [ -99.533644350468478, 20.898943458339406 ], [ -99.521402325331195, 20.902762583315909 ], [ -99.523687000100338, 20.90774886638636 ], [ -99.527213756345333, 20.90920396207402 ], [ -99.52485506444485, 20.912236248557086 ], [ -99.527725429118348, 20.918759856245089 ], [ -99.515053796815579, 20.930846258179436 ], [ -99.505986040845613, 20.934540701645652 ], [ -99.491456152942874, 20.933371196581415 ], [ -99.483991286487779, 20.93000227852081 ], [ -99.47421897927255, 20.932822041944931 ], [ -99.468405991137388, 20.953758474946522 ], [ -99.470856828170113, 20.962983336871289 ], [ -99.465776679561529, 20.97153895297518 ], [ -99.467479864219911, 20.973077220814133 ], [ -99.466517642127144, 20.982216940113588 ], [ -99.470795852737453, 20.990362646898443 ], [ -99.466367424384401, 20.996633577551513 ], [ -99.462190193403046, 20.995841607689979 ], [ -99.46043423098844, 20.991561173508714 ], [ -99.454671510073325, 20.989272305491294 ], [ -99.453311965850602, 20.991764191837778 ], [ -99.453450142427997, 21.008175266343887 ], [ -99.458449193213369, 21.01008974179976 ], [ -99.461379810936165, 21.015617331528102 ], [ -99.460196277597788, 21.018317112076232 ], [ -99.420704173443198, 21.014963598417435 ], [ -99.419441533913556, 21.025266050954915 ], [ -99.4096606193431, 21.028414745107575 ], [ -99.40900000682673, 21.033358202098299 ], [ -99.401509919794407, 21.038211992152537 ], [ -99.398215877492973, 21.037086960220513 ], [ -99.389839350595153, 21.04289533992074 ], [ -99.387687342466677, 21.033378413690535 ], [ -99.385159101239338, 21.032170843690729 ], [ -99.382087018896712, 21.035948275997235 ], [ -99.378556016115539, 21.03540425729572 ], [ -99.37683774998861, 21.039224650645977 ], [ -99.375136732198712, 21.036979188381878 ], [ -99.368133866454485, 21.035766285905925 ], [ -99.36890558078538, 21.024133216123996 ], [ -99.376867908290109, 21.023430702904076 ], [ -99.377858652677716, 21.020069227301359 ], [ -99.384217029303613, 21.01831740276387 ], [ -99.383731427196366, 21.008369627112849 ], [ -99.391976829102859, 20.99811966466396 ], [ -99.393581554539665, 20.99016317106798 ], [ -99.391336753261101, 20.98627411110472 ], [ -99.396095849061368, 20.980746538613086 ], [ -99.394471124046248, 20.972551640816086 ], [ -99.388313759943202, 20.96641071567738 ], [ -99.392610094025514, 20.95820540920656 ], [ -99.390974422080262, 20.952447855831704 ], [ -99.397369300158715, 20.943672431060584 ], [ -99.406253480297408, 20.936966346161142 ], [ -99.405847157126871, 20.934888586572146 ], [ -99.403842623435665, 20.936423885704773 ], [ -99.40149598942601, 20.933887181372501 ], [ -99.401739605656374, 20.930812917800015 ], [ -99.415732447755033, 20.924641056914055 ], [ -99.413578103818026, 20.922361880371433 ], [ -99.412052372100945, 20.905874020846387 ], [ -99.435624815038139, 20.899203561875446 ], [ -99.435737333889534, 20.8888670339906 ], [ -99.441518729134714, 20.881429607842016 ], [ -99.439762913030094, 20.873323282488517 ], [ -99.448152771048868, 20.859276131240193 ], [ -99.44615603317061, 20.852782608788363 ], [ -99.454425536697414, 20.858662327788934 ], [ -99.457643843086544, 20.848370194840957 ], [ -99.465382946272797, 20.849700729121942 ], [ -99.467139597712858, 20.846601369171161 ], [ -99.475403207414772, 20.843631887669353 ], [ -99.478800146997301, 20.839458836684351 ], [ -99.482317597855101, 20.839833951205179 ], [ -99.489170386719422, 20.832769309526508 ], [ -99.485004411854817, 20.827390852392785 ], [ -99.485758712112187, 20.817550963297069 ], [ -99.493665678181387, 20.81094182780592 ], [ -99.493955479948099, 20.807055463014098 ], [ -99.499638576169872, 20.805033800964111 ], [ -99.497819518819554, 20.802386247063943 ], [ -99.490669907814095, 20.802628774802262 ], [ -99.488441430967057, 20.800766378504687 ], [ -99.49669674769045, 20.791469853478667 ], [ -99.503166449365821, 20.794303105521241 ], [ -99.500991722494192, 20.786163109566338 ], [ -99.496988597930823, 20.784820860002956 ], [ -99.495851459614443, 20.781930574379224 ], [ -99.501058660291648, 20.779375630663417 ], [ -99.50172723001036, 20.774529696724276 ], [ -99.505176952395303, 20.772564326417736 ], [ -99.504068532892063, 20.765659603940382 ], [ -99.50970431725078, 20.765543579890863 ], [ -99.514429506292444, 20.761459854408294 ], [ -99.518466002126928, 20.760971222263251 ], [ -99.521389994323243, 20.755556643464967 ], [ -99.52648789866933, 20.756386690300548 ], [ -99.531052160172919, 20.751221003113365 ], [ -99.545691895370467, 20.745646915307123 ], [ -99.547999463217153, 20.729308079493276 ], [ -99.544334959682629, 20.726061130661908 ], [ -99.543401241943272, 20.719155578816043 ], [ -99.539751372180262, 20.7177707273739 ], [ -99.539668218949117, 20.714584625170186 ], [ -99.535421770929347, 20.711920401290932 ], [ -99.533561548767963, 20.706593015936779 ], [ -99.523086297563893, 20.702890040131404 ], [ -99.509139632017465, 20.690102246546516 ], [ -99.508202825694482, 20.685795425043178 ], [ -99.504512264659695, 20.684345605500308 ], [ -99.506148456368706, 20.680460156844582 ], [ -99.511066331221357, 20.67938862131372 ], [ -99.504325655007989, 20.67194128657459 ], [ -99.499817642212065, 20.672764855561461 ], [ -99.503678764665167, 20.668757065944323 ], [ -99.500924196505068, 20.665777995740541 ], [ -99.501797063623229, 20.659493855038129 ], [ -99.5129230611238, 20.661114414336829 ], [ -99.513734426023305, 20.652127831826149 ], [ -99.516835273119042, 20.654854221825328 ], [ -99.523105705953185, 20.654284934338026 ], [ -99.527143209442286, 20.657672275560948 ], [ -99.532603544286047, 20.65062593633936 ], [ -99.53670610385484, 20.64988849567629 ], [ -99.53917732448339, 20.643085804542444 ], [ -99.54696846403921, 20.643878598393258 ], [ -99.553767731583306, 20.641823948156862 ], [ -99.556343508385979, 20.643311649172471 ], [ -99.565792369221057, 20.640386070705198 ], [ -99.567579444770132, 20.636360576547116 ], [ -99.573669860822022, 20.634998145569462 ], [ -99.574757256627862, 20.630255745569237 ], [ -99.579155148469098, 20.627001585510904 ], [ -99.58022154445932, 20.617557223131854 ], [ -99.589180490989932, 20.620535304732563 ], [ -99.593873201490865, 20.61513624751143 ], [ -99.59335280304316, 20.609361322456291 ], [ -99.607356557454452, 20.605454754119311 ], [ -99.612932167005454, 20.594900141072777 ], [ -99.620374900926521, 20.590533649980252 ], [ -99.62464769757338, 20.593258960792603 ], [ -99.622827170220845, 20.598207193699469 ], [ -99.624699223740379, 20.600477054631316 ], [ -99.63471095793146, 20.604897131361703 ], [ -99.643204779146728, 20.604077488585393 ], [ -99.648303290609292, 20.600822033293223 ], [ -99.657498266800857, 20.601816907407063 ], [ -99.662657842420984, 20.594601476183719 ], [ -99.668398804117999, 20.592871848845686 ], [ -99.671564068076179, 20.5890374008649 ], [ -99.680583959981149, 20.588051196219411 ], [ -99.678829185385823, 20.584503384887682 ], [ -99.68492369227188, 20.578112600797379 ], [ -99.695053689772664, 20.580631934275715 ], [ -99.694001899201965, 20.576177087955646 ], [ -99.69669735855625, 20.573001985201167 ], [ -99.711685594923622, 20.580801125397517 ], [ -99.712917190969819, 20.576429354196062 ], [ -99.72902246636589, 20.573544630762317 ], [ -99.731132438722582, 20.567275547749222 ], [ -99.735173806772721, 20.563935012576255 ], [ -99.746268530073863, 20.569541889095021 ], [ -99.761427525145891, 20.572112612978874 ], [ -99.761145361274075, 20.583658212468357 ], [ -99.766266917615923, 20.591702218067457 ], [ -99.743457951305118, 20.596847439801767 ], [ -99.748478681904444, 20.600918692683653 ], [ -99.764670608492864, 20.63796578241578 ], [ -99.788872256975381, 20.637580787053839 ], [ -99.789939026572938, 20.649378396482206 ], [ -99.787429839037088, 20.661496953862965 ], [ -99.790488011525596, 20.658774221632612 ], [ -99.808371252344642, 20.65638200635729 ], [ -99.814598298226812, 20.667862183972133 ], [ -99.819946045034413, 20.663945047393824 ], [ -99.824510462403495, 20.665819252335517 ], [ -99.828535461440438, 20.670919981777807 ], [ -99.846002139146236, 20.654079792554793 ] ] ] } },
{ "type": "Feature", "properties": { "cve_edo": "22", "cve_mpo_ine": "004", "cve_edo_mpo_ine": "22004", "nom_mpo": "COLON", "nom_edo": "Querétaro", "alianza_ganadora": "Va por México", "margen_pp": 43.322924987292133, "por_participacion": 57.906355780753948 }, "geometry": { "type": "Polygon", "coordinates": [ [ [ -100.015808399821196, 20.637084082784813 ], [ -100.016548812942617, 20.641725010009065 ], [ -100.008197166803754, 20.64672668830433 ], [ -100.004413951585576, 20.652914156185947 ], [ -100.013046505186949, 20.650605173639281 ], [ -100.062318341190732, 20.649064924641252 ], [ -100.079647576933908, 20.642536921284105 ], [ -100.077611768068579, 20.625138834303748 ], [ -100.063497112507122, 20.621252248063083 ], [ -100.065511843897639, 20.589966730112263 ], [ -100.06376012636224, 20.575177914206385 ], [ -100.095395739149012, 20.579240685144413 ], [ -100.09524738830288, 20.564801692058452 ], [ -100.105925906348034, 20.565910065679894 ], [ -100.105988525633265, 20.568646246342375 ], [ -100.136707672809706, 20.56818170117884 ], [ -100.144405662854581, 20.565834688620981 ], [ -100.154974427813215, 20.567933184601983 ], [ -100.17542117638196, 20.56270867986218 ], [ -100.190868121291302, 20.562284440199605 ], [ -100.202168553242586, 20.583974374646644 ], [ -100.191882713844151, 20.589637187583932 ], [ -100.186943059612091, 20.60330068905181 ], [ -100.189457825445857, 20.609024924975767 ], [ -100.184584195300872, 20.613961951003333 ], [ -100.190166431725061, 20.636165530123233 ], [ -100.196957881523971, 20.642762607680062 ], [ -100.17778517336933, 20.695109169139716 ], [ -100.166324301964181, 20.698117361652127 ], [ -100.155107786646028, 20.697851876180525 ], [ -100.158680042026205, 20.701254942778096 ], [ -100.169536147364369, 20.704337180105927 ], [ -100.166901118740228, 20.721569924703111 ], [ -100.15961771176417, 20.721517692470616 ], [ -100.162822447537877, 20.730223643438286 ], [ -100.182668073764958, 20.733400885316076 ], [ -100.181414786559472, 20.74031861385588 ], [ -100.185040032701068, 20.7463314353447 ], [ -100.189147252138739, 20.748160002819787 ], [ -100.195162278801917, 20.761260853597047 ], [ -100.187104998253986, 20.764150670652711 ], [ -100.186508512673385, 20.7673402631942 ], [ -100.180220970100692, 20.767580372199259 ], [ -100.180947412914662, 20.780757260002204 ], [ -100.187183452007673, 20.778113885284395 ], [ -100.185191443678193, 20.776039556264291 ], [ -100.189492010565161, 20.772026202401914 ], [ -100.200012562671873, 20.770920998046705 ], [ -100.200090109363344, 20.785671368558926 ], [ -100.206655809522559, 20.79156294890582 ], [ -100.210154043586996, 20.824382130311857 ], [ -100.213151133153389, 20.824592792983189 ], [ -100.214073575930186, 20.831513157315442 ], [ -100.211308865065718, 20.832297179869759 ], [ -100.228272751886564, 20.865255068167571 ], [ -100.272095607286289, 20.855020623481849 ], [ -100.265183869328737, 20.86993046453663 ], [ -100.258996971044894, 20.87584994961956 ], [ -100.238328861847506, 20.912829673574713 ], [ -100.232846977397045, 20.917920371637017 ], [ -100.234254859197222, 20.919413350188417 ], [ -100.226193055819181, 20.921145229893376 ], [ -100.205049776557146, 20.932101357689714 ], [ -100.196700338252811, 20.931014134792591 ], [ -100.185108096067637, 20.932781217742324 ], [ -100.181235788872073, 20.929254396450819 ], [ -100.181106160967843, 20.933563246164301 ], [ -100.149691982546656, 20.934886503733249 ], [ -100.147703263548081, 20.931154523308557 ], [ -100.130047587757787, 20.93423452951928 ], [ -100.129058771989591, 20.930669649326301 ], [ -100.132248438776912, 20.926365685194547 ], [ -100.11873335686829, 20.922241606861373 ], [ -100.092099766137707, 20.930920799591377 ], [ -100.090506556780227, 20.911280210904774 ], [ -100.081806782004449, 20.905140744019512 ], [ -100.073728130177514, 20.889014445746465 ], [ -100.05771341985313, 20.889989272339609 ], [ -100.052556265253372, 20.886536713801593 ], [ -100.051230960012418, 20.880828629560465 ], [ -100.04642646781474, 20.879758577880118 ], [ -100.043461796742307, 20.886381861826766 ], [ -100.0389608524371, 20.879162536123783 ], [ -100.042667674227417, 20.8767819438064 ], [ -100.036526498981416, 20.870308019481413 ], [ -100.027406303418289, 20.87220808539799 ], [ -100.027015711660098, 20.86790896969379 ], [ -100.031279477127796, 20.861358754961245 ], [ -100.031599095499104, 20.856029915215931 ], [ -100.026168336122907, 20.848773730449189 ], [ -100.022810111042403, 20.850452238483971 ], [ -100.017172106971628, 20.849599445016068 ], [ -100.010731900019749, 20.844610609387068 ], [ -100.007145515413796, 20.844882832923041 ], [ -100.016106028959854, 20.827446621268365 ], [ -99.947659067163286, 20.813970381395343 ], [ -99.946653875984609, 20.793387100995336 ], [ -99.953823423413041, 20.79305179729888 ], [ -99.964296788156304, 20.77901410117072 ], [ -99.963799175690198, 20.773143947878346 ], [ -99.959402299002647, 20.771468910968338 ], [ -99.965382221955593, 20.762614918685014 ], [ -99.966997183171941, 20.757127261631148 ], [ -99.965515628413002, 20.754762751227656 ], [ -99.969994090725677, 20.751666710809037 ], [ -99.968337081366812, 20.72680052891937 ], [ -99.96582791426556, 20.722857479800663 ], [ -99.962548501799972, 20.720486938764449 ], [ -99.950564248639182, 20.720703391724033 ], [ -99.954134638626158, 20.710146697172302 ], [ -99.950317995700885, 20.709846288365561 ], [ -99.945753849222186, 20.719239957514819 ], [ -99.943578797009721, 20.719606899775435 ], [ -99.938741429908447, 20.69978683734546 ], [ -99.92810062468493, 20.700046639104077 ], [ -99.927702610627989, 20.697144905148072 ], [ -99.937864232334931, 20.69696646294808 ], [ -99.935913708964122, 20.68718025111497 ], [ -99.942062791436769, 20.686594606305224 ], [ -99.946977897591509, 20.681328571670157 ], [ -99.947252023708231, 20.685763079707019 ], [ -99.942384464676437, 20.686750262719997 ], [ -99.943138034737657, 20.699715981667371 ], [ -99.948665858507113, 20.698156591673516 ], [ -99.952880127639077, 20.688016043256159 ], [ -99.95502782853174, 20.67261445556947 ], [ -99.952811464149903, 20.671542894951433 ], [ -99.953320229527549, 20.66334008419733 ], [ -99.950477129754177, 20.664608278596209 ], [ -99.951402966109654, 20.666678753843886 ], [ -99.940468907227228, 20.671701175633128 ], [ -99.941097813469668, 20.664516530811962 ], [ -99.938581725678972, 20.66371801149446 ], [ -99.959600586514256, 20.653463842433812 ], [ -99.95697909643718, 20.648101653624824 ], [ -99.949608615766607, 20.642832962676295 ], [ -99.950715277419079, 20.639543734116721 ], [ -99.946845664824906, 20.638837278322548 ], [ -99.948116414795749, 20.634758382409665 ], [ -99.950658482850926, 20.633750251071966 ], [ -99.954807245397717, 20.635920581906866 ], [ -99.954658834083361, 20.641248854494407 ], [ -99.96352184563888, 20.649268806258153 ], [ -99.966067797227112, 20.655024369731198 ], [ -99.968645576067118, 20.655285778526725 ], [ -99.974806880325005, 20.654202624239744 ], [ -99.974464860176809, 20.65250712034068 ], [ -99.977401609267559, 20.651489653969069 ], [ -99.989526452933717, 20.653122036773532 ], [ -99.991608952286583, 20.636686504606551 ], [ -100.015808399821196, 20.637084082784813 ] ] ] } },
{ "type": "Feature", "properties": { "cve_edo": "22", "cve_mpo_ine": "005", "cve_edo_mpo_ine": "22005", "nom_mpo": "CORREGIDORA", "nom_edo": "Querétaro", "alianza_ganadora": "Va por México", "margen_pp": 41.575362389101663, "por_participacion": 52.850783076578168 }, "geometry": { "type": "Polygon", "coordinates": [ [ [ -100.401824152171159, 20.406438396999466 ], [ -100.401373807634187, 20.373920876146407 ], [ -100.383840564580609, 20.36431307961637 ], [ -100.403318111522736, 20.360648261087526 ], [ -100.403652073987999, 20.364111076730943 ], [ -100.413514990365414, 20.377361538242841 ], [ -100.443849246345124, 20.386640607364118 ], [ -100.46131958262653, 20.386007346056786 ], [ -100.476098843530409, 20.389443539091964 ], [ -100.475814267466632, 20.403307745922639 ], [ -100.478400020237927, 20.416497467929606 ], [ -100.483233520435789, 20.421525139535191 ], [ -100.486045410783888, 20.420892180267348 ], [ -100.484116853401588, 20.422266174180155 ], [ -100.488296399120529, 20.425434346601879 ], [ -100.489439367710048, 20.431222782298303 ], [ -100.4886316938031, 20.469421544058459 ], [ -100.492622260195844, 20.481445972740858 ], [ -100.49227135021421, 20.489905604706205 ], [ -100.498007007265059, 20.490161781440957 ], [ -100.497773053797616, 20.503949399507352 ], [ -100.510546938284094, 20.505599810115676 ], [ -100.500983007020707, 20.512533568015186 ], [ -100.503626133515141, 20.519185484085586 ], [ -100.504277172714524, 20.532202976200676 ], [ -100.506980648529009, 20.531875997377512 ], [ -100.504765446010254, 20.555033399815233 ], [ -100.485003385009222, 20.55380421481501 ], [ -100.482216031009088, 20.576356307818564 ], [ -100.488629358413633, 20.593697024237112 ], [ -100.43342664932841, 20.589957369956718 ], [ -100.431048017134657, 20.576407005058762 ], [ -100.428459040155616, 20.571443168289576 ], [ -100.424919824690036, 20.570760333302641 ], [ -100.423632753725983, 20.559979519907305 ], [ -100.417110564553582, 20.562061588152471 ], [ -100.416919359604037, 20.55922157359096 ], [ -100.413321609970552, 20.563602280871677 ], [ -100.412014761421887, 20.562187580287748 ], [ -100.410435955735522, 20.563942973360824 ], [ -100.411111254676257, 20.553793005711817 ], [ -100.406468303296421, 20.555566389681104 ], [ -100.391812360107679, 20.55534178852912 ], [ -100.374573086824256, 20.49918272403055 ], [ -100.375779228973826, 20.49731071943323 ], [ -100.368092368571808, 20.486416575199975 ], [ -100.392932086973673, 20.483284946081689 ], [ -100.384270466824674, 20.457585391034367 ], [ -100.388673276862193, 20.455508566398784 ], [ -100.388335416136272, 20.446845419380807 ], [ -100.384950206317157, 20.442512004711297 ], [ -100.38743185484843, 20.434887368670044 ], [ -100.390968081818727, 20.432326318808578 ], [ -100.39149228840725, 20.427284586614107 ], [ -100.385736770887846, 20.415644123711594 ], [ -100.401824152171159, 20.406438396999466 ] ] ] } },
{ "type": "Feature", "properties": { "cve_edo": "22", "cve_mpo_ine": "010", "cve_edo_mpo_ine": "22010", "nom_mpo": "EL MARQUES", "nom_edo": "Querétaro", "alianza_ganadora": "Va por México", "margen_pp": 39.250030837547797, "por_participacion": 52.590873379127409 }, "geometry": { "type": "Polygon", "coordinates": [ [ [ -100.347847320450256, 20.608700509955128 ], [ -100.342281096899413, 20.609405577029857 ], [ -100.338777307948021, 20.61427507579355 ], [ -100.336905892105705, 20.613246113833668 ], [ -100.33538758470165, 20.618082112310741 ], [ -100.33891866503518, 20.623893125685086 ], [ -100.336395921184305, 20.626726807789126 ], [ -100.339731601579572, 20.641017860858504 ], [ -100.344319583626941, 20.640871526457893 ], [ -100.342840006017099, 20.667082036991278 ], [ -100.351923190616048, 20.668571709856202 ], [ -100.350716145284352, 20.677256159621031 ], [ -100.359297176485327, 20.68167186473838 ], [ -100.357215901981093, 20.685963638293767 ], [ -100.362759216347783, 20.686358042139808 ], [ -100.360221646634031, 20.690680558847397 ], [ -100.387708834533598, 20.696143728247723 ], [ -100.383774510774387, 20.745602400434635 ], [ -100.38877888788241, 20.754144263161599 ], [ -100.382531624597618, 20.772784172393351 ], [ -100.402468577359897, 20.780077696906815 ], [ -100.401061316542567, 20.783101973847852 ], [ -100.403133250849251, 20.787328694907853 ], [ -100.403016036975529, 20.798515789831676 ], [ -100.405226550118186, 20.798743869651812 ], [ -100.407239560499463, 20.804800345808555 ], [ -100.400426748460717, 20.806719332553335 ], [ -100.384313996185071, 20.817433313348754 ], [ -100.382530490712426, 20.822865762866574 ], [ -100.370135803434422, 20.833067436514799 ], [ -100.370121697255954, 20.838510461633703 ], [ -100.348102125036704, 20.84751358504268 ], [ -100.345840626400147, 20.855099551123157 ], [ -100.349106526410466, 20.859516272406051 ], [ -100.346008094940345, 20.859540667376351 ], [ -100.33729379760716, 20.870869785879073 ], [ -100.332249326583323, 20.882474850562133 ], [ -100.333530614660972, 20.890826292792347 ], [ -100.299266351420869, 20.915397082888436 ], [ -100.303145071203318, 20.917769530671414 ], [ -100.305857099536098, 20.92330858761941 ], [ -100.304443209293055, 20.928632060593287 ], [ -100.26300480265725, 20.926433025786942 ], [ -100.262607437175816, 20.943410550937212 ], [ -100.266255420355634, 20.94599487400345 ], [ -100.265995661011615, 20.95030418326084 ], [ -100.271135789638038, 20.956504325401323 ], [ -100.268939430275083, 20.963828230974144 ], [ -100.270516420883823, 20.968642966758519 ], [ -100.263818590895696, 20.971048407508071 ], [ -100.223209161009677, 20.948884148706565 ], [ -100.214776388956125, 20.946456211385652 ], [ -100.208827646170747, 20.938255006801938 ], [ -100.201511610404737, 20.935252461458752 ], [ -100.200166796250997, 20.932468467747359 ], [ -100.205049776559548, 20.932101357342169 ], [ -100.226193055822179, 20.921145229542578 ], [ -100.234254859200462, 20.919413349837171 ], [ -100.232846977400229, 20.917920371285284 ], [ -100.238328861850874, 20.912829673221548 ], [ -100.258996971048859, 20.875849949255485 ], [ -100.265183869332958, 20.869930464170878 ], [ -100.272095607290723, 20.855020623111734 ], [ -100.228272751889463, 20.865255067800302 ], [ -100.211308865068048, 20.832297179492834 ], [ -100.214073575932574, 20.831513156938239 ], [ -100.213151133155733, 20.824592792603898 ], [ -100.210154043589242, 20.824382129932573 ], [ -100.206655809524662, 20.791562948516958 ], [ -100.200090109365263, 20.78567136816827 ], [ -100.200012562673734, 20.770920997651793 ], [ -100.189492010566738, 20.772026202007204 ], [ -100.185191443679699, 20.776039555870867 ], [ -100.187183452009194, 20.778113884891614 ], [ -100.180947412916098, 20.780757259610112 ], [ -100.180220970102056, 20.767580371803334 ], [ -100.186508512674891, 20.767340262798147 ], [ -100.187104998255506, 20.764150670255752 ], [ -100.195162278803622, 20.761260853199232 ], [ -100.189147252140273, 20.748160002418096 ], [ -100.185040032702503, 20.746331434942572 ], [ -100.181414786560794, 20.740318613451954 ], [ -100.18266807376628, 20.733400884910122 ], [ -100.16282244753873, 20.730223643031351 ], [ -100.15961771176498, 20.721517692061159 ], [ -100.166901118741208, 20.721569924293654 ], [ -100.169536147365349, 20.704337179691432 ], [ -100.158680042026916, 20.701254942362695 ], [ -100.155107786646667, 20.697851875764183 ], [ -100.166324301965048, 20.698117361235806 ], [ -100.177785173370452, 20.695109168722603 ], [ -100.190793920678715, 20.663512875439089 ], [ -100.196957881525435, 20.642762607247761 ], [ -100.190166431726354, 20.636165529688927 ], [ -100.184584195301966, 20.613961950562633 ], [ -100.189457825447064, 20.609024924533589 ], [ -100.186943059613242, 20.603300688608005 ], [ -100.191882713845374, 20.589637187136269 ], [ -100.202168553244064, 20.583974374197219 ], [ -100.196608227379343, 20.574452281493002 ], [ -100.199958618283759, 20.572550463453577 ], [ -100.191116422715965, 20.552078639529114 ], [ -100.186886564938874, 20.553190173206374 ], [ -100.18070819008183, 20.534504070644836 ], [ -100.184566089834675, 20.532108855611913 ], [ -100.180555313595519, 20.529842238210559 ], [ -100.179232989512457, 20.53296145439565 ], [ -100.175361078961302, 20.527913431620863 ], [ -100.177270086330438, 20.525351602582866 ], [ -100.203393696895333, 20.517489566697058 ], [ -100.206422041230979, 20.522071173714199 ], [ -100.193905901435258, 20.529514239716406 ], [ -100.192550265879291, 20.533411463007933 ], [ -100.217612215279246, 20.536717179678842 ], [ -100.237733621305992, 20.530219504789581 ], [ -100.253862142900005, 20.531910873464696 ], [ -100.265695625677196, 20.526307583702 ], [ -100.300683464908104, 20.519142760943595 ], [ -100.302389703844796, 20.506242895412321 ], [ -100.321856782913997, 20.500320679557863 ], [ -100.340664079967084, 20.536799800991872 ], [ -100.340715779611102, 20.543276880011526 ], [ -100.345856123111702, 20.556414792158176 ], [ -100.350452340205621, 20.560939036417054 ], [ -100.337286426030701, 20.56455100361633 ], [ -100.329698200669597, 20.560880547849575 ], [ -100.328824237189949, 20.566716614903864 ], [ -100.345735047550633, 20.579233896865141 ], [ -100.345301925623261, 20.583996029652198 ], [ -100.35540132980627, 20.585084876870894 ], [ -100.352228278774447, 20.588016451387968 ], [ -100.340885607591261, 20.586643455973807 ], [ -100.342306067672453, 20.589313340681802 ], [ -100.338972990233827, 20.591297336534026 ], [ -100.347847320450256, 20.608700509955128 ] ] ] } },
{ "type": "Feature", "properties": { "cve_edo": "22", "cve_mpo_ine": "006", "cve_edo_mpo_ine": "22006", "nom_mpo": "EZEQUIEL MONTES", "nom_edo": "Querétaro", "alianza_ganadora": "Va por México", "margen_pp": 45.786955672720168, "por_participacion": 63.545835272219641 }, "geometry": { "type": "Polygon", "coordinates": [ [ [ -99.97851705550859, 20.635785939324126 ], [ -99.991608952286583, 20.636686504606551 ], [ -99.989526452933717, 20.653122036773532 ], [ -99.977401609267559, 20.651489653969069 ], [ -99.974464860176809, 20.65250712034068 ], [ -99.974806880325005, 20.654202624239744 ], [ -99.966067797227112, 20.655024369731198 ], [ -99.96352184563888, 20.649268806258153 ], [ -99.954658834083361, 20.641248854494407 ], [ -99.954807245397717, 20.635920581906866 ], [ -99.950658482850926, 20.633750251071966 ], [ -99.948116414795749, 20.634758382409665 ], [ -99.946845664824906, 20.638837278322548 ], [ -99.950715277419079, 20.639543734116721 ], [ -99.949608615766607, 20.642832962676295 ], [ -99.95697909643718, 20.648101653624824 ], [ -99.959600586514256, 20.653463842433812 ], [ -99.938581725678972, 20.66371801149446 ], [ -99.941097813469668, 20.664516530811962 ], [ -99.940468907227228, 20.671701175633128 ], [ -99.951402966109654, 20.666678753843886 ], [ -99.950477129754177, 20.664608278596209 ], [ -99.953320229527549, 20.66334008419733 ], [ -99.952811464149903, 20.671542894951433 ], [ -99.95502782853174, 20.67261445556947 ], [ -99.952880127639077, 20.688016043256159 ], [ -99.94736773381004, 20.699520452095729 ], [ -99.943138034737657, 20.699715981667371 ], [ -99.942384464676437, 20.686750262719997 ], [ -99.947252023708231, 20.685763079707019 ], [ -99.946977897591509, 20.681328571670157 ], [ -99.942062791436769, 20.686594606305224 ], [ -99.935913708964122, 20.68718025111497 ], [ -99.937864232334931, 20.69696646294808 ], [ -99.927702610627989, 20.697144905148072 ], [ -99.92810062468493, 20.700046639104077 ], [ -99.938741429908447, 20.69978683734546 ], [ -99.943578797009721, 20.719606899775435 ], [ -99.945753849222186, 20.719239957514819 ], [ -99.950317995700885, 20.709846288365561 ], [ -99.954134638626158, 20.710146697172302 ], [ -99.950564248639182, 20.720703391724033 ], [ -99.962548501799972, 20.720486938764449 ], [ -99.96582791426556, 20.722857479800663 ], [ -99.968337081366812, 20.72680052891937 ], [ -99.969994090725677, 20.751666710809037 ], [ -99.965515628413002, 20.754762751227656 ], [ -99.966997183171941, 20.757127261631148 ], [ -99.941050370303358, 20.754309219418538 ], [ -99.929764703060698, 20.755779434964214 ], [ -99.9143627859129, 20.758012179246801 ], [ -99.89935165236642, 20.763716750735071 ], [ -99.897925077321233, 20.766642913824228 ], [ -99.894233452159412, 20.765052631500783 ], [ -99.900970687400459, 20.757940377155919 ], [ -99.897926063811568, 20.75622969113779 ], [ -99.897597834633373, 20.752013030263935 ], [ -99.879149071345807, 20.762945139781635 ], [ -99.870534308862005, 20.763805349766816 ], [ -99.862576587403623, 20.758655122298514 ], [ -99.851887263944931, 20.763388490710494 ], [ -99.845675263755979, 20.762214510810846 ], [ -99.843863405048893, 20.760513300589395 ], [ -99.845126689057835, 20.75157760697935 ], [ -99.86573867592999, 20.742854193444209 ], [ -99.867200797333538, 20.726800905702714 ], [ -99.84940366906109, 20.719433148786234 ], [ -99.842928996351731, 20.710271317360753 ], [ -99.850544324012787, 20.711862771816698 ], [ -99.861929149189677, 20.708414145849176 ], [ -99.867963316319759, 20.709545821142001 ], [ -99.861120783951307, 20.704853227643344 ], [ -99.861501462526178, 20.696494661793125 ], [ -99.865262755250697, 20.693648170188609 ], [ -99.856120602943093, 20.693088224485404 ], [ -99.857972059346537, 20.683243402409641 ], [ -99.860960534536972, 20.683457527486635 ], [ -99.860554997735676, 20.682090892172177 ], [ -99.855291898617793, 20.678684686796032 ], [ -99.857932525218374, 20.677780660167766 ], [ -99.851026989698653, 20.674825549904103 ], [ -99.85361526857325, 20.655505668249965 ], [ -99.846002139146236, 20.654079792554793 ], [ -99.828535461440438, 20.670919981777807 ], [ -99.824510462403495, 20.665819252335517 ], [ -99.819946045034413, 20.663945047393824 ], [ -99.814598298226812, 20.667862183972133 ], [ -99.808371252344642, 20.65638200635729 ], [ -99.790488011525596, 20.658774221632612 ], [ -99.787429839037088, 20.661496953862965 ], [ -99.789939026572938, 20.649378396482206 ], [ -99.788872256975381, 20.637580787053839 ], [ -99.764670608492864, 20.63796578241578 ], [ -99.748478681904444, 20.600918692683653 ], [ -99.743457951305118, 20.596847439801767 ], [ -99.766266917615923, 20.591702218067457 ], [ -99.761145361274075, 20.583658212468357 ], [ -99.761427525145891, 20.572112612978874 ], [ -99.746268530073863, 20.569541889095021 ], [ -99.736569539536944, 20.564048741909041 ], [ -99.742620188523063, 20.559805007120783 ], [ -99.748591965802859, 20.560278754675672 ], [ -99.753907039757436, 20.563730031158176 ], [ -99.770794650697297, 20.55881451259739 ], [ -99.774956143657334, 20.560039729696481 ], [ -99.777509947991831, 20.558241099868432 ], [ -99.779457770215899, 20.559957284590759 ], [ -99.786804496475256, 20.553439636829616 ], [ -99.82045232001164, 20.540983478458649 ], [ -99.842810078602596, 20.546313557648329 ], [ -99.848528413679844, 20.540680820923296 ], [ -99.854367031158489, 20.544529489014014 ], [ -99.861312024359691, 20.539525697734618 ], [ -99.862050055797596, 20.543670746736879 ], [ -99.855185874276813, 20.544824859556407 ], [ -99.851267937204923, 20.553326737001179 ], [ -99.856379455539511, 20.551250065054916 ], [ -99.871113200929528, 20.557725091180238 ], [ -99.869744360014678, 20.569929150461533 ], [ -99.861151132306674, 20.567428588446276 ], [ -99.854980417346013, 20.570119237725713 ], [ -99.853197061812025, 20.574371379223621 ], [ -99.84898461333151, 20.572935070680487 ], [ -99.844989956928572, 20.574356792265249 ], [ -99.855796682490947, 20.591114826954779 ], [ -99.873154890567804, 20.59040361356611 ], [ -99.875847246565002, 20.591208177172689 ], [ -99.876641322609714, 20.595933087748335 ], [ -99.882908048655324, 20.597133892504782 ], [ -99.886894960551487, 20.586644619734102 ], [ -99.896526346401544, 20.583644318462412 ], [ -99.894167058844772, 20.596794061656286 ], [ -99.897089796666194, 20.598386393175488 ], [ -99.894602843391837, 20.602799910828953 ], [ -99.902147584730372, 20.606243957519872 ], [ -99.900772883472612, 20.610995989289751 ], [ -99.905805445515313, 20.612850281690083 ], [ -99.918362304609786, 20.633051419786312 ], [ -99.929393818534749, 20.631838339607938 ], [ -99.927607620446253, 20.625865487187969 ], [ -99.931774947324612, 20.625146723867207 ], [ -99.933050138119384, 20.627969947154284 ], [ -99.938371610734052, 20.619640840962152 ], [ -99.946671795082949, 20.62474357740815 ], [ -99.947386196338869, 20.622678075754905 ], [ -99.956265567394027, 20.620448404303719 ], [ -99.955668386208572, 20.628984993163989 ], [ -99.971071947750318, 20.630884074454077 ], [ -99.97851705550859, 20.635785939324126 ] ] ] } },
{ "type": "Feature", "properties": { "cve_edo": "22", "cve_mpo_ine": "007", "cve_edo_mpo_ine": "22007", "nom_mpo": "HUIMILPAN", "nom_edo": "Querétaro", "alianza_ganadora": "Va por México", "margen_pp": 25.165876777251185, "por_participacion": 49.056729108542577 }, "geometry": { "type": "Polygon", "coordinates": [ [ [ -100.277799526089211, 20.397482640519417 ], [ -100.272695728370238, 20.397225506507187 ], [ -100.271539586313253, 20.393707310579341 ], [ -100.269004685192698, 20.393576576869524 ], [ -100.253159175122221, 20.397690593920494 ], [ -100.252334167695494, 20.401464653512875 ], [ -100.245714281414948, 20.391910550856966 ], [ -100.234214432490077, 20.393217374340164 ], [ -100.230169539833327, 20.390471576482749 ], [ -100.233873015101437, 20.383549751639698 ], [ -100.251822846030464, 20.384370312818579 ], [ -100.250659657605269, 20.374203462923948 ], [ -100.258171605279941, 20.370316531413401 ], [ -100.252957482696047, 20.363835219455115 ], [ -100.255423010025169, 20.361723567089026 ], [ -100.253784192548608, 20.358152657396058 ], [ -100.199697757940498, 20.360373165197473 ], [ -100.196469076220609, 20.366465739816235 ], [ -100.19104380758354, 20.360942738596808 ], [ -100.186773667681834, 20.36163546494312 ], [ -100.183398641733007, 20.358847906414049 ], [ -100.189237524584968, 20.337352390999882 ], [ -100.19528541832635, 20.328899761558844 ], [ -100.206886952443469, 20.325166596423912 ], [ -100.208305311913392, 20.32639801305276 ], [ -100.208634047385402, 20.323123974110977 ], [ -100.217407081706938, 20.318169578829227 ], [ -100.247909828771057, 20.321450212858057 ], [ -100.24812894091248, 20.319336512803627 ], [ -100.251768438069263, 20.319141954811055 ], [ -100.248631441740145, 20.315853999634758 ], [ -100.25876345947556, 20.288856170033313 ], [ -100.296073711335893, 20.284827275435426 ], [ -100.307693225432132, 20.284151885010512 ], [ -100.345971106529291, 20.297809351274609 ], [ -100.350561342546683, 20.288443179570386 ], [ -100.362127337091351, 20.295027748318486 ], [ -100.368536991437324, 20.30104880279281 ], [ -100.366665883034599, 20.301882402188397 ], [ -100.380316226974969, 20.302210611885929 ], [ -100.388722285972776, 20.309093283615635 ], [ -100.392024730973915, 20.314213347338601 ], [ -100.392958399529206, 20.327037917531829 ], [ -100.390705574336877, 20.335871666190073 ], [ -100.393646341909417, 20.349553507961531 ], [ -100.402339402231476, 20.361019443621309 ], [ -100.383840564580609, 20.36431307961637 ], [ -100.401373807634187, 20.373920876146407 ], [ -100.401824152171159, 20.406438396999466 ], [ -100.385736770887846, 20.415644123711594 ], [ -100.39149228840725, 20.427284586614107 ], [ -100.390968081818727, 20.432326318808578 ], [ -100.38743185484843, 20.434887368670044 ], [ -100.384950206317157, 20.442512004711297 ], [ -100.388335416136272, 20.446845419380807 ], [ -100.388673276862193, 20.455508566398784 ], [ -100.384270466824674, 20.457585391034367 ], [ -100.392932086973673, 20.483284946081689 ], [ -100.368092368571808, 20.486416575199975 ], [ -100.375779228973826, 20.49731071943323 ], [ -100.374573086824256, 20.49918272403055 ], [ -100.381708269765454, 20.523446327824526 ], [ -100.363845363156088, 20.526815150905314 ], [ -100.358447901572134, 20.53036632303235 ], [ -100.359670331776016, 20.550398576060168 ], [ -100.344937247808204, 20.552506251450627 ], [ -100.340715779604423, 20.543276880472487 ], [ -100.340664079960376, 20.536799801454798 ], [ -100.32185678290837, 20.500320680031201 ], [ -100.302389703840035, 20.506242895883943 ], [ -100.3006834649034, 20.519142761411572 ], [ -100.265695625673899, 20.526307584167963 ], [ -100.253862142897106, 20.531910873929132 ], [ -100.237733621303633, 20.530219505254401 ], [ -100.232612822945171, 20.53158529339705 ], [ -100.230081337760865, 20.524854181737545 ], [ -100.224090505180129, 20.526461220422124 ], [ -100.222096133784461, 20.524673489527508 ], [ -100.220164431183051, 20.519442279434443 ], [ -100.228921923088649, 20.511036326928465 ], [ -100.232099441780775, 20.504320954955794 ], [ -100.240495535301847, 20.503506243333916 ], [ -100.253376075113877, 20.478179100862665 ], [ -100.247818417791038, 20.459043265243466 ], [ -100.259906128286701, 20.461885134592496 ], [ -100.263839288486366, 20.460937433789525 ], [ -100.259734051986598, 20.457445573612407 ], [ -100.283395202171889, 20.446491272019074 ], [ -100.292088420844038, 20.450360808737383 ], [ -100.299061077952246, 20.449624284902391 ], [ -100.286337126448402, 20.434711074831192 ], [ -100.278370462983403, 20.417149100688388 ], [ -100.280718400010471, 20.415908146870471 ], [ -100.278139477116113, 20.412502025929228 ], [ -100.28125140912438, 20.409561251335962 ], [ -100.281137603447817, 20.405038830070609 ], [ -100.277799526089211, 20.397482640519417 ] ] ] } },
{ "type": "Feature", "properties": { "cve_edo": "22", "cve_mpo_ine": "008", "cve_edo_mpo_ine": "22008", "nom_mpo": "JALPAN DE SERRA", "nom_edo": "Querétaro", "alianza_ganadora": "Va por México", "margen_pp": 27.507118000632712, "por_participacion": 57.748344370860927 }, "geometry": { "type": "Polygon", "coordinates": [ [ [ -99.475106448302469, 21.439523985852183 ], [ -99.470174143237799, 21.446316630110854 ], [ -99.446801861390497, 21.443028375784067 ], [ -99.435908425192565, 21.449462809558263 ], [ -99.415492408505685, 21.428676604416513 ], [ -99.405521671398958, 21.428037979834478 ], [ -99.402572029240076, 21.441206512161955 ], [ -99.397202407082986, 21.443828416397675 ], [ -99.398502883005094, 21.44867046560886 ], [ -99.396026120638126, 21.453977108219767 ], [ -99.398568177552605, 21.463495693110126 ], [ -99.389065035341318, 21.464387954963321 ], [ -99.3882407978586, 21.470477406776396 ], [ -99.38263549318178, 21.478689977195184 ], [ -99.387188465669794, 21.499757865646416 ], [ -99.382759851802021, 21.498401604346942 ], [ -99.379099662199593, 21.499776625141781 ], [ -99.3730792346351, 21.507244411735719 ], [ -99.3733173338195, 21.514697945092593 ], [ -99.370366673876319, 21.522117247516942 ], [ -99.378458743151583, 21.528973183797621 ], [ -99.376396974048816, 21.547198899988722 ], [ -99.36338377485805, 21.553260278079541 ], [ -99.349682809357873, 21.551633787757819 ], [ -99.328921539990375, 21.535509222642016 ], [ -99.306187803663278, 21.532489695458111 ], [ -99.289811505371134, 21.549775948419946 ], [ -99.290872270870452, 21.5576008572178 ], [ -99.280475806813868, 21.559730929937299 ], [ -99.274567128732983, 21.564461836084988 ], [ -99.274623597117184, 21.570756293235291 ], [ -99.281882393580261, 21.590124539302153 ], [ -99.280694279002631, 21.607809224655508 ], [ -99.27230457949554, 21.60637398506222 ], [ -99.264089321354476, 21.611108330568097 ], [ -99.252094633537979, 21.610754543810387 ], [ -99.245297354565508, 21.614284845570378 ], [ -99.240564225486565, 21.623568021529131 ], [ -99.232188284837449, 21.631435836482542 ], [ -99.224977904589295, 21.633854547199665 ], [ -99.225191234662759, 21.640708700392096 ], [ -99.217175183057847, 21.654231324068331 ], [ -99.217665978804376, 21.666247014128203 ], [ -99.210751141747792, 21.668005253061274 ], [ -99.196882994646714, 21.665534169543164 ], [ -99.185874638204368, 21.672524217257205 ], [ -99.185625202945531, 21.67619809337706 ], [ -99.189449060358243, 21.680295561210851 ], [ -99.202364974441323, 21.685242039039263 ], [ -99.203823469466613, 21.69040659036801 ], [ -99.201984866095842, 21.692631408734723 ], [ -99.176359822731655, 21.671633399011373 ], [ -99.163679500186788, 21.680280135282036 ], [ -99.161911497078734, 21.678744011134526 ], [ -99.168428012206206, 21.674752303516602 ], [ -99.166324242391966, 21.667837755634814 ], [ -99.169131115226975, 21.659615035072644 ], [ -99.163369148954914, 21.650992918706283 ], [ -99.162795534563145, 21.646068678134668 ], [ -99.166415752268946, 21.641778235905502 ], [ -99.165659401486451, 21.638383921660353 ], [ -99.171607499288655, 21.627358254814073 ], [ -99.139603733830015, 21.604669505978958 ], [ -99.136847257779721, 21.599158744549939 ], [ -99.128767339952262, 21.592012630811588 ], [ -99.126279940144642, 21.585566082406579 ], [ -99.13029821052649, 21.582437891331427 ], [ -99.137467866506228, 21.543335162415406 ], [ -99.14270638237835, 21.536134665812146 ], [ -99.143717426780341, 21.530330222894122 ], [ -99.13062745351867, 21.500796060061873 ], [ -99.129977554337415, 21.482247888803034 ], [ -99.103117311600982, 21.482917054746679 ], [ -99.125752265175549, 21.456184612453217 ], [ -99.135158436052606, 21.462698568383722 ], [ -99.156627983898474, 21.429514397081217 ], [ -99.16451248366694, 21.429647760797689 ], [ -99.169447695469074, 21.435285065929694 ], [ -99.176858882309233, 21.437694877074396 ], [ -99.178853664988779, 21.442417728769374 ], [ -99.183734089618099, 21.445528527632689 ], [ -99.190971224557444, 21.446446767428434 ], [ -99.192669696573333, 21.453446704115709 ], [ -99.19531701680117, 21.454277437988004 ], [ -99.202797047029762, 21.448776849049988 ], [ -99.224099032210873, 21.449995661518706 ], [ -99.22792800867515, 21.44585760507168 ], [ -99.224113385501866, 21.434798223101446 ], [ -99.22318877008513, 21.417074008488491 ], [ -99.217551380135944, 21.406137216346849 ], [ -99.219033136957918, 21.394957679842459 ], [ -99.221332985387633, 21.389162102397016 ], [ -99.232630785704643, 21.385236771383095 ], [ -99.236461287939704, 21.377123126408776 ], [ -99.235524754955875, 21.371863358370824 ], [ -99.244885675130831, 21.360813248131787 ], [ -99.245777180061566, 21.349218945563269 ], [ -99.237552854599372, 21.338902167247255 ], [ -99.243146077577194, 21.330623932344402 ], [ -99.24667268600686, 21.332448324859804 ], [ -99.257084123044379, 21.327609763983713 ], [ -99.254033109128699, 21.318828922633344 ], [ -99.260444421308975, 21.315271400944848 ], [ -99.260505174766749, 21.312496933781961 ], [ -99.262974142017868, 21.313036659824789 ], [ -99.262622667132732, 21.311172992720564 ], [ -99.265209011018655, 21.312002624926006 ], [ -99.262274479812106, 21.304588528813102 ], [ -99.263747620131426, 21.299661495631259 ], [ -99.266922701794073, 21.298917828717382 ], [ -99.269571172748044, 21.294281240337231 ], [ -99.269754426003516, 21.283597408299048 ], [ -99.278163772874052, 21.277679836616397 ], [ -99.285213857199381, 21.284143035813202 ], [ -99.289036099763294, 21.281452934425204 ], [ -99.284983809933593, 21.274784149570376 ], [ -99.283814886190328, 21.262733154064396 ], [ -99.29115656752677, 21.272798969288345 ], [ -99.296389903307627, 21.268287183172806 ], [ -99.292865311660677, 21.264269046663877 ], [ -99.299682135326876, 21.266549093854483 ], [ -99.302977337866466, 21.257605497943779 ], [ -99.299980417565138, 21.256610650149604 ], [ -99.300099721764099, 21.252635269373819 ], [ -99.296515420246536, 21.2512260505891 ], [ -99.294816373015294, 21.240251592737152 ], [ -99.2988157860309, 21.232757691333028 ], [ -99.295645179152331, 21.227414564841759 ], [ -99.30469395244009, 21.227997405612882 ], [ -99.307045905989384, 21.224105518283551 ], [ -99.31509722986641, 21.220008086130921 ], [ -99.319271118459241, 21.213217729058069 ], [ -99.321386166012942, 21.213549487466707 ], [ -99.325497707517243, 21.21810551098423 ], [ -99.325731373201606, 21.223074841597157 ], [ -99.320912420376459, 21.225682730132931 ], [ -99.320381378306564, 21.232846662892957 ], [ -99.32813728760901, 21.235415660545868 ], [ -99.331368073761354, 21.240426879058859 ], [ -99.336245587009003, 21.24026192462841 ], [ -99.337656922983356, 21.235127184543142 ], [ -99.342652150430766, 21.232601657653706 ], [ -99.339185609808837, 21.230406549990111 ], [ -99.343357487449907, 21.231317990763273 ], [ -99.345649664764807, 21.22775685926031 ], [ -99.346941730283817, 21.232767628565142 ], [ -99.347899202857931, 21.226996898267064 ], [ -99.352818810675416, 21.222663720525389 ], [ -99.350233795034953, 21.21968205850639 ], [ -99.35563998062311, 21.211565735629371 ], [ -99.354406296342248, 21.209909287218579 ], [ -99.368565486893957, 21.196160671000911 ], [ -99.360106162989382, 21.19028065062934 ], [ -99.361457489259578, 21.184897235319664 ], [ -99.349650162076827, 21.185228316515655 ], [ -99.344364230695632, 21.179099154129023 ], [ -99.34606859834706, 21.172763427610697 ], [ -99.34465942412298, 21.169201980260244 ], [ -99.350415455054716, 21.170568920393894 ], [ -99.360107478822712, 21.162038483600472 ], [ -99.349066679956877, 21.152762154789336 ], [ -99.351592731139547, 21.146592050569716 ], [ -99.350418960629796, 21.139800590166818 ], [ -99.339966850883698, 21.134747573717053 ], [ -99.336119150826974, 21.130085045965647 ], [ -99.342077765159289, 21.123442701603597 ], [ -99.343723615386381, 21.114651114457157 ], [ -99.341180622776264, 21.109845954385115 ], [ -99.346073780782319, 21.101256588361927 ], [ -99.35245171885208, 21.102987687700249 ], [ -99.358943365483611, 21.099992176617359 ], [ -99.361486833366897, 21.10487998546634 ], [ -99.377775217727134, 21.098301851342768 ], [ -99.378781812922028, 21.100994829913159 ], [ -99.396189455179979, 21.107454444177371 ], [ -99.39712812904051, 21.114590735145352 ], [ -99.403300488889101, 21.115875756447018 ], [ -99.413766177028137, 21.105915385792919 ], [ -99.42417128588319, 21.100808840940701 ], [ -99.430108119183757, 21.103047262987097 ], [ -99.440027164153818, 21.114971383742223 ], [ -99.446453858156474, 21.108987752396338 ], [ -99.452471413997515, 21.105948252335651 ], [ -99.45595572120267, 21.106479507460442 ], [ -99.465651286060975, 21.114085867820876 ], [ -99.467551332184811, 21.120383031449528 ], [ -99.46206009708645, 21.12047841712387 ], [ -99.463601651916662, 21.12428899774746 ], [ -99.467438344463346, 21.123616934018688 ], [ -99.46762003086603, 21.126103966795 ], [ -99.470632539819576, 21.126884691830416 ], [ -99.473874444911843, 21.123311909631859 ], [ -99.478074362513581, 21.127572177721333 ], [ -99.48061129362047, 21.126322482969933 ], [ -99.483393373032968, 21.130088476041074 ], [ -99.489767722994188, 21.128373433625502 ], [ -99.491725497413299, 21.133302073940602 ], [ -99.489962249544689, 21.137825168107277 ], [ -99.493445876384754, 21.137526497476081 ], [ -99.494335010683699, 21.139306974525912 ], [ -99.491382297485913, 21.139314175685421 ], [ -99.489499412897686, 21.143049871129172 ], [ -99.492160382662888, 21.14490897619331 ], [ -99.493748875274036, 21.141671456332219 ], [ -99.495523332449267, 21.143159560498113 ], [ -99.499021889263716, 21.150654639684781 ], [ -99.494767175633584, 21.149338501258871 ], [ -99.492827356131443, 21.154235163563182 ], [ -99.499438775131495, 21.15247771056568 ], [ -99.496433074389401, 21.15584314513087 ], [ -99.497441736642529, 21.158286615350242 ], [ -99.521482330803423, 21.159051330076753 ], [ -99.524438998558296, 21.161161258825615 ], [ -99.520549526117634, 21.165400023508798 ], [ -99.523794287684652, 21.163567442362051 ], [ -99.527463353521597, 21.166957222595958 ], [ -99.533652586107166, 21.161053881408193 ], [ -99.549995561469075, 21.179581791251636 ], [ -99.540088587968341, 21.187278517172754 ], [ -99.538427881611113, 21.18421524815092 ], [ -99.530330492270792, 21.182081283782665 ], [ -99.519701794213148, 21.184099198530543 ], [ -99.514922823792205, 21.187013535944331 ], [ -99.514692041456001, 21.189750268994644 ], [ -99.511734038358455, 21.18760210985522 ], [ -99.509786509115557, 21.188560580164726 ], [ -99.517008048539381, 21.195714045266389 ], [ -99.508066271842452, 21.214931358325991 ], [ -99.523799624805136, 21.223057622913199 ], [ -99.522339449065555, 21.231269831327719 ], [ -99.530830474120208, 21.250524522610274 ], [ -99.5257544726242, 21.253605798559988 ], [ -99.523561572783777, 21.250626735664746 ], [ -99.520907634175643, 21.25328690821387 ], [ -99.535878205905163, 21.286733339336259 ], [ -99.51621574906342, 21.286628484985847 ], [ -99.51250822164053, 21.287665544512048 ], [ -99.513279380728605, 21.292543906910577 ], [ -99.509865352694362, 21.293001756533815 ], [ -99.507803598669398, 21.291928531731703 ], [ -99.50750362695841, 21.28709108101614 ], [ -99.509796133804258, 21.284194722996542 ], [ -99.503611913566331, 21.281512425382687 ], [ -99.495494243745952, 21.287101051247266 ], [ -99.488427247875094, 21.284542937359859 ], [ -99.471710463469734, 21.286663472966534 ], [ -99.469829009670818, 21.289269591672454 ], [ -99.463234533613857, 21.288157297667976 ], [ -99.467895218320734, 21.299277072039388 ], [ -99.472488280615337, 21.300183764010871 ], [ -99.470784413531717, 21.304030241103494 ], [ -99.473845690370013, 21.303697449277326 ], [ -99.475962295198912, 21.300594917707137 ], [ -99.474786855615491, 21.302787160655694 ], [ -99.491585044518843, 21.320389171243033 ], [ -99.493820451222803, 21.318402841152668 ], [ -99.497715235199024, 21.326131712726912 ], [ -99.495773225499633, 21.3273326965001 ], [ -99.456196848098287, 21.320950473489205 ], [ -99.46144704116567, 21.332152735424394 ], [ -99.455266661991644, 21.335753567655537 ], [ -99.447434091952104, 21.335261630055392 ], [ -99.437661132223568, 21.33907039868588 ], [ -99.425836598191594, 21.33980364904556 ], [ -99.409398537795155, 21.34900449781486 ], [ -99.412056864297583, 21.364385197190838 ], [ -99.418367946625409, 21.379640547426014 ], [ -99.418668398393507, 21.389977424585755 ], [ -99.436517644483402, 21.388771149673882 ], [ -99.459053446432151, 21.426385703213089 ], [ -99.475106448302469, 21.439523985852183 ] ] ] } },
{ "type": "Feature", "properties": { "cve_edo": "22", "cve_mpo_ine": "009", "cve_edo_mpo_ine": "22009", "nom_mpo": "LANDA DE MATAMOROS", "nom_edo": "Querétaro", "alianza_ganadora": "Va por México", "margen_pp": 52.979552093476144, "por_participacion": 62.477187005718463 }, "geometry": { "type": "Polygon", "coordinates": [ [ [ -99.103439382420547, 21.153780748716805 ], [ -99.111083279096434, 21.156804846819679 ], [ -99.112791546810286, 21.153867116655071 ], [ -99.11168578492628, 21.148228928092902 ], [ -99.126543720475524, 21.146583874650592 ], [ -99.132436438788687, 21.153119004928563 ], [ -99.140299729400127, 21.150036528132887 ], [ -99.144279144953373, 21.144724310843017 ], [ -99.149751439160156, 21.147861911210605 ], [ -99.154739704823697, 21.146152286837975 ], [ -99.163590066446233, 21.139503032035407 ], [ -99.177269153601713, 21.137027404257132 ], [ -99.18060190114798, 21.126582595849545 ], [ -99.185327603081134, 21.121884291785154 ], [ -99.198699206463317, 21.121883145729814 ], [ -99.206994219715398, 21.118544079587792 ], [ -99.209705393606228, 21.114987534629094 ], [ -99.209478902768907, 21.110804463269993 ], [ -99.215012990415133, 21.10630043496408 ], [ -99.222360839409632, 21.105774985003258 ], [ -99.225823659684778, 21.108265708135946 ], [ -99.23076092125676, 21.108191279072539 ], [ -99.234219227359063, 21.113166565540443 ], [ -99.243428941015665, 21.103725097247104 ], [ -99.248369170625807, 21.101910840292827 ], [ -99.256728987093609, 21.104122504118134 ], [ -99.26317165847594, 21.109809444675758 ], [ -99.27197859502057, 21.113230051282855 ], [ -99.270543976709206, 21.11812591960285 ], [ -99.272669586579255, 21.121976994490861 ], [ -99.276808692412573, 21.12364977316069 ], [ -99.278742543705164, 21.120357360529997 ], [ -99.282470994870351, 21.122036177522606 ], [ -99.284474995152465, 21.1256410875163 ], [ -99.283294659056907, 21.131565924814634 ], [ -99.286920707858386, 21.130891629060429 ], [ -99.288945050173936, 21.135570184397601 ], [ -99.29580387423529, 21.14132115873187 ], [ -99.30238187345941, 21.139708457189769 ], [ -99.307957764815157, 21.147205656303214 ], [ -99.322818217032321, 21.139714083730198 ], [ -99.324640177057404, 21.134579485767162 ], [ -99.330807162614988, 21.130273878367774 ], [ -99.338364070729128, 21.131242450212689 ], [ -99.339966850883698, 21.134747573717053 ], [ -99.350418960629796, 21.139800590166818 ], [ -99.351592731139547, 21.146592050569716 ], [ -99.349066679956877, 21.152762154789336 ], [ -99.360107478822712, 21.162038483600472 ], [ -99.350415455054716, 21.170568920393894 ], [ -99.34465942412298, 21.169201980260244 ], [ -99.34606859834706, 21.172763427610697 ], [ -99.344364230695632, 21.179099154129023 ], [ -99.349650162076827, 21.185228316515655 ], [ -99.361457489259578, 21.184897235319664 ], [ -99.360106162989382, 21.19028065062934 ], [ -99.368565486893957, 21.196160671000911 ], [ -99.354406296342248, 21.209909287218579 ], [ -99.35563998062311, 21.211565735629371 ], [ -99.350233795034953, 21.21968205850639 ], [ -99.352818810675416, 21.222663720525389 ], [ -99.347899202857931, 21.226996898267064 ], [ -99.346941730283817, 21.232767628565142 ], [ -99.345649664764807, 21.22775685926031 ], [ -99.343357487449907, 21.231317990763273 ], [ -99.339949580899869, 21.229951115570824 ], [ -99.342652150430766, 21.232601657653706 ], [ -99.337656922983356, 21.235127184543142 ], [ -99.336245587009003, 21.24026192462841 ], [ -99.331368073761354, 21.240426879058859 ], [ -99.32813728760901, 21.235415660545868 ], [ -99.320381378306564, 21.232846662892957 ], [ -99.319736279913016, 21.228746860894312 ], [ -99.320912420376459, 21.225682730132931 ], [ -99.325731373201606, 21.223074841597157 ], [ -99.325497707517243, 21.21810551098423 ], [ -99.319271118459241, 21.213217729058069 ], [ -99.31509722986641, 21.220008086130921 ], [ -99.307045905989384, 21.224105518283551 ], [ -99.30469395244009, 21.227997405612882 ], [ -99.295645179152331, 21.227414564841759 ], [ -99.2988157860309, 21.232757691333028 ], [ -99.294816373015294, 21.240251592737152 ], [ -99.296515420246536, 21.2512260505891 ], [ -99.300099721764099, 21.252635269373819 ], [ -99.299980417565138, 21.256610650149604 ], [ -99.302977337866466, 21.257605497943779 ], [ -99.299682135326876, 21.266549093854483 ], [ -99.292865311660677, 21.264269046663877 ], [ -99.296389903307627, 21.268287183172806 ], [ -99.29115656752677, 21.272798969288345 ], [ -99.283814886190328, 21.262733154064396 ], [ -99.284983809933593, 21.274784149570376 ], [ -99.289036099763294, 21.281452934425204 ], [ -99.285213857199381, 21.284143035813202 ], [ -99.278163772874052, 21.277679836616397 ], [ -99.269754426003516, 21.283597408299048 ], [ -99.269571172748044, 21.294281240337231 ], [ -99.266922701794073, 21.298917828717382 ], [ -99.263747620131426, 21.299661495631259 ], [ -99.262274479812106, 21.304588528813102 ], [ -99.265209011018655, 21.312002624926006 ], [ -99.262622667132732, 21.311172992720564 ], [ -99.262974142017868, 21.313036659824789 ], [ -99.260505174766749, 21.312496933781961 ], [ -99.260444421308975, 21.315271400944848 ], [ -99.254033109128699, 21.318828922633344 ], [ -99.257084123044379, 21.327609763983713 ], [ -99.24667268600686, 21.332448324859804 ], [ -99.243146077577194, 21.330623932344402 ], [ -99.238083476591342, 21.337287534035923 ], [ -99.245777180061566, 21.349218945563269 ], [ -99.244885675130831, 21.360813248131787 ], [ -99.235524754955875, 21.371863358370824 ], [ -99.236461287939704, 21.377123126408776 ], [ -99.232630785704643, 21.385236771383095 ], [ -99.221332985387633, 21.389162102397016 ], [ -99.217497395135453, 21.401250773998726 ], [ -99.218664083706827, 21.411314390367803 ], [ -99.22318877008513, 21.417074008488491 ], [ -99.224113385501866, 21.434798223101446 ], [ -99.22792800867515, 21.44585760507168 ], [ -99.224099032210873, 21.449995661518706 ], [ -99.202797047029762, 21.448776849049988 ], [ -99.19531701680117, 21.454277437988004 ], [ -99.192669696573333, 21.453446704115709 ], [ -99.190971224557444, 21.446446767428434 ], [ -99.183734089618099, 21.445528527632689 ], [ -99.178853664988779, 21.442417728769374 ], [ -99.176858882309233, 21.437694877074396 ], [ -99.169447695469074, 21.435285065929694 ], [ -99.16451248366694, 21.429647760797689 ], [ -99.156627983898474, 21.429514397081217 ], [ -99.135158436052606, 21.462698568383722 ], [ -99.125752265175635, 21.456184612549063 ], [ -99.081887557756872, 21.437398599872164 ], [ -99.098351839556614, 21.435069058345597 ], [ -99.099652862072475, 21.406888474016629 ], [ -99.10372368680946, 21.407966566366774 ], [ -99.104018482149385, 21.410814059774005 ], [ -99.116467389357965, 21.402205654078109 ], [ -99.125315557940965, 21.384225596132072 ], [ -99.113104866871907, 21.370553114842721 ], [ -99.127024160694205, 21.359593728115943 ], [ -99.131859294432886, 21.349407286440552 ], [ -99.143771636921372, 21.34583029610285 ], [ -99.143298827138779, 21.340589424444417 ], [ -99.146760859882733, 21.337364269467546 ], [ -99.138068604205372, 21.330354816544979 ], [ -99.139190253051382, 21.327457518908165 ], [ -99.133607421429446, 21.325421095013819 ], [ -99.124811345860977, 21.310749803110777 ], [ -99.107183135738367, 21.305092729863169 ], [ -99.10520687110342, 21.29221099734038 ], [ -99.10180487369162, 21.287940551420213 ], [ -99.079806966214832, 21.294407321835848 ], [ -99.062646666129339, 21.279539933645886 ], [ -99.060229978839104, 21.279082323305865 ], [ -99.057988495280696, 21.282916328264299 ], [ -99.055925328419221, 21.282789312607825 ], [ -99.046574741399127, 21.2699523122489 ], [ -99.05230709407526, 21.263444230451753 ], [ -99.050560172568481, 21.250938203139011 ], [ -99.073151397860528, 21.241265794405759 ], [ -99.076222357767818, 21.233527040714051 ], [ -99.071480912650259, 21.224284344912682 ], [ -99.06596232800095, 21.221914445976648 ], [ -99.058963754084516, 21.224966637168357 ], [ -99.054559231912577, 21.22379926302272 ], [ -99.056559197537567, 21.222767561196136 ], [ -99.055094227564155, 21.220860017622318 ], [ -99.053829091930211, 21.2219698420576 ], [ -99.053555977546338, 21.205314868463713 ], [ -99.057613788026131, 21.201221488822942 ], [ -99.056690464892952, 21.197924414796933 ], [ -99.048920648391245, 21.191888300593607 ], [ -99.049294607742638, 21.179855990208779 ], [ -99.047110734578411, 21.174381295587779 ], [ -99.048687578043825, 21.169156634617725 ], [ -99.054276567295034, 21.165501976512271 ], [ -99.054851488142091, 21.15999841230683 ], [ -99.062706869980602, 21.154406562133435 ], [ -99.072584741216588, 21.157870955798007 ], [ -99.064146866504103, 21.167249600427258 ], [ -99.059858429611481, 21.167463713736112 ], [ -99.062576680553434, 21.1741720714396 ], [ -99.073029697259031, 21.171917242350439 ], [ -99.075634667377642, 21.173562326776835 ], [ -99.07816639951335, 21.170502088916724 ], [ -99.071654469220022, 21.166474237547487 ], [ -99.07688975494024, 21.162507528208963 ], [ -99.077424495112709, 21.159361135079667 ], [ -99.083943756007798, 21.15945467716714 ], [ -99.091120846668588, 21.153213031342311 ], [ -99.103439382420547, 21.153780748716805 ] ] ] } },
{ "type": "Feature", "properties": { "cve_edo": "22", "cve_mpo_ine": "011", "cve_edo_mpo_ine": "22011", "nom_mpo": "PEDRO ESCOBEDO", "nom_edo": "Querétaro", "alianza_ganadora": "Va por México", "margen_pp": 25.761971398341242, "por_participacion": 52.883417865458547 }, "geometry": { "type": "Polygon", "coordinates": [ [ [ -100.276345499449647, 20.397409400681472 ], [ -100.281137603447817, 20.405038830070609 ], [ -100.28125140912438, 20.409561251335962 ], [ -100.278139477116113, 20.412502025929228 ], [ -100.280718400010471, 20.415908146870471 ], [ -100.278370462983403, 20.417149100688388 ], [ -100.286337126448402, 20.434711074831192 ], [ -100.299061077952246, 20.449624284902391 ], [ -100.292088420844038, 20.450360808737383 ], [ -100.283395202171889, 20.446491272019074 ], [ -100.259734051986598, 20.457445573612407 ], [ -100.263839288486366, 20.460937433789525 ], [ -100.259906128286701, 20.461885134592496 ], [ -100.247818417791038, 20.459043265243466 ], [ -100.253376075113877, 20.478179100862665 ], [ -100.249198928832911, 20.488170677680667 ], [ -100.246027087651356, 20.490156629716182 ], [ -100.240495535301847, 20.503506243333916 ], [ -100.232099441780775, 20.504320954955794 ], [ -100.228921923088649, 20.511036326928465 ], [ -100.220164431183051, 20.519442279434443 ], [ -100.224090505180129, 20.526461220422124 ], [ -100.230081337760865, 20.524854181737545 ], [ -100.232612822945171, 20.53158529339705 ], [ -100.21761221527747, 20.536717180141899 ], [ -100.192550265878168, 20.533411463471911 ], [ -100.193905901434135, 20.529514240181491 ], [ -100.20642204122953, 20.522071174181452 ], [ -100.203393696893968, 20.517489567165565 ], [ -100.177270086329699, 20.525351603049277 ], [ -100.175361078960606, 20.527913432086461 ], [ -100.179232989511661, 20.532961454859841 ], [ -100.180555313594667, 20.529842238675556 ], [ -100.184566089833766, 20.532108856076277 ], [ -100.180708190080992, 20.534504071108429 ], [ -100.186886564937822, 20.553190173664714 ], [ -100.19111642271487, 20.552078639987709 ], [ -100.199958618282366, 20.572550463906286 ], [ -100.19660822737805, 20.574452281945174 ], [ -100.190868121291302, 20.562284440199605 ], [ -100.17542117638196, 20.56270867986218 ], [ -100.154974427813215, 20.567933184601983 ], [ -100.144405662854581, 20.565834688620892 ], [ -100.136707672809706, 20.56818170117884 ], [ -100.105988525633265, 20.568646246342375 ], [ -100.105925906348034, 20.565910065679894 ], [ -100.09524738830288, 20.564801692058452 ], [ -100.095395739149012, 20.579240685144413 ], [ -100.075311243467098, 20.577071640647507 ], [ -100.079127251524127, 20.549241767694699 ], [ -100.084706487381098, 20.549215170586908 ], [ -100.08525457580086, 20.539466352209324 ], [ -100.07086976629229, 20.53218482599674 ], [ -100.0665511531422, 20.526131664776546 ], [ -100.064880126198176, 20.510657925008967 ], [ -100.061900484497514, 20.503845094955413 ], [ -100.069083469176448, 20.494322133911957 ], [ -100.067327926260987, 20.49166185588118 ], [ -100.058227090605129, 20.492258763630897 ], [ -100.051895874282792, 20.488174635049592 ], [ -100.040793888154539, 20.49104690952533 ], [ -100.042514591634813, 20.483127088896683 ], [ -100.047099384111718, 20.480526449004863 ], [ -100.049607592524907, 20.48320655716887 ], [ -100.066935456354187, 20.483030635361906 ], [ -100.06941695093775, 20.475527630437572 ], [ -100.072525689115821, 20.476656452647358 ], [ -100.076126662450406, 20.46695741426905 ], [ -100.083977058661631, 20.474322540289339 ], [ -100.085222023283393, 20.468268207004197 ], [ -100.093137173827913, 20.472811696489039 ], [ -100.092993756069575, 20.456297982570419 ], [ -100.089712137452324, 20.453716871659402 ], [ -100.09295563667655, 20.445925167095538 ], [ -100.095596123054108, 20.44618105740744 ], [ -100.102005472301784, 20.439808168229362 ], [ -100.12558704597231, 20.445551788512912 ], [ -100.133403090605682, 20.439430190538932 ], [ -100.130178806752738, 20.437472348041101 ], [ -100.127899981094046, 20.431865588417999 ], [ -100.124773394058266, 20.44106882083944 ], [ -100.121487574107661, 20.440728793851115 ], [ -100.129212793314153, 20.419463127467534 ], [ -100.13266843929631, 20.423122680018594 ], [ -100.129308359982673, 20.431869021259089 ], [ -100.13440437761534, 20.437316588978145 ], [ -100.141567551193631, 20.414566777203618 ], [ -100.157920041059171, 20.415348131656113 ], [ -100.187894724751985, 20.373957469379086 ], [ -100.194880635514934, 20.36994759553761 ], [ -100.199697757940498, 20.360373165197473 ], [ -100.253784192548608, 20.358152657396058 ], [ -100.255423010025169, 20.361723567089026 ], [ -100.252957482696047, 20.363835219455115 ], [ -100.258171605279941, 20.370316531413401 ], [ -100.250659657605269, 20.374203462923948 ], [ -100.251822846030464, 20.384370312818579 ], [ -100.233873015101437, 20.383549751639698 ], [ -100.230169539833327, 20.390471576482749 ], [ -100.234214432490077, 20.393217374340164 ], [ -100.245714281414948, 20.391910550856966 ], [ -100.252334167695494, 20.401464653512875 ], [ -100.253159175122221, 20.397690593920494 ], [ -100.269004685192698, 20.393576576869524 ], [ -100.271539586313253, 20.393707310579341 ], [ -100.272695728370238, 20.397225506507187 ], [ -100.276345499449647, 20.397409400681472 ] ] ] } },
{ "type": "Feature", "properties": { "cve_edo": "22", "cve_mpo_ine": "012", "cve_edo_mpo_ine": "22012", "nom_mpo": "PEÑAMILLER", "nom_edo": "Querétaro", "alianza_ganadora": "Va por México", "margen_pp": 12.802237459400938, "por_participacion": 73.858865862597455 }, "geometry": { "type": "Polygon", "coordinates": [ [ [ -99.689323705901757, 21.092481488057665 ], [ -99.692037445993066, 21.08064519837853 ], [ -99.676437014993084, 21.075076306369276 ], [ -99.685304230992969, 21.069101829359489 ], [ -99.693583092145644, 21.022152763439465 ], [ -99.657566878441656, 21.014769791180587 ], [ -99.681029727848966, 20.984711135325416 ], [ -99.686822003993555, 20.989073475481245 ], [ -99.692286526992575, 20.990005185740021 ], [ -99.698986314012231, 20.966525259385197 ], [ -99.711874741144541, 20.965627683263317 ], [ -99.719692242926527, 20.94983592712909 ], [ -99.72887151737396, 20.949252731653118 ], [ -99.730676490950174, 20.960249321276372 ], [ -99.735317024040597, 20.961135119945123 ], [ -99.735296551025954, 20.964068313215439 ], [ -99.73893269936957, 20.965611097020133 ], [ -99.74106135656416, 20.947069536913901 ], [ -99.789159477315579, 20.954328514186297 ], [ -99.817552082652981, 21.023132594683386 ], [ -99.817466038376594, 21.027512219946285 ], [ -99.833756587075925, 21.000168509061776 ], [ -99.842392548057461, 21.01199446259519 ], [ -99.84884525742585, 21.015254044924248 ], [ -99.857199643291693, 21.025300733632388 ], [ -99.860258474762389, 21.03441659175175 ], [ -99.868747863833491, 21.03280267045411 ], [ -99.872535415196467, 21.029145915296272 ], [ -99.878820862964119, 21.031039778672881 ], [ -99.883152187945228, 21.035071506385435 ], [ -99.878278426748352, 21.043391863764231 ], [ -99.890275072538174, 21.044944439063602 ], [ -99.902336951109362, 21.055835012482525 ], [ -99.902183720344183, 21.051702122056593 ], [ -99.908788915360049, 21.0492578616741 ], [ -99.90747968904806, 21.051854133938026 ], [ -99.911116283160908, 21.05406329982506 ], [ -99.911797180112757, 21.058612161308417 ], [ -99.922574797561566, 21.068048212470465 ], [ -99.921399780127274, 21.056968190698068 ], [ -99.926141804352469, 21.050836002146553 ], [ -99.936286729137763, 21.046714815048709 ], [ -99.936445517182932, 21.060888523952116 ], [ -99.93966496067813, 21.064169248288376 ], [ -99.94133071509691, 21.071821979219564 ], [ -99.947073350286857, 21.065611668773201 ], [ -99.947417455259426, 21.067307535566833 ], [ -99.957788643864475, 21.053847800708837 ], [ -99.976559224813542, 21.043114470794269 ], [ -100.011060550977902, 21.039849695687124 ], [ -100.007271006062496, 21.044396412001053 ], [ -100.021466484531757, 21.053433988400947 ], [ -100.020724264521149, 21.063995898755966 ], [ -100.023649974334404, 21.068514108177506 ], [ -100.02453897778517, 21.080818058530937 ], [ -100.029400711998207, 21.090689563305233 ], [ -100.029792131204729, 21.094487011045988 ], [ -100.026809097993407, 21.095960193283325 ], [ -100.027180703367677, 21.097816005431262 ], [ -100.03065339985352, 21.098238858595835 ], [ -100.027508387318292, 21.106902396583056 ], [ -100.020635095195445, 21.113203405275435 ], [ -100.014023144087716, 21.127971436738566 ], [ -100.010192446881902, 21.127097017774247 ], [ -100.008391084963534, 21.129220303654119 ], [ -100.011181259003465, 21.142930114750886 ], [ -100.002041982995536, 21.158652473532353 ], [ -100.007479931636553, 21.161371793268327 ], [ -100.002428493346457, 21.167862312885216 ], [ -100.003542267356721, 21.173347250597114 ], [ -100.000122961889815, 21.178418343299239 ], [ -100.000807628874327, 21.182171895944638 ], [ -100.014668242497251, 21.189388556766698 ], [ -100.004561603427504, 21.196030224486272 ], [ -99.986470566410688, 21.217272338238583 ], [ -99.978380526973027, 21.218887318249486 ], [ -99.957219821877004, 21.215217826711541 ], [ -99.954034572950022, 21.2043482783087 ], [ -99.95001104583541, 21.20736126719332 ], [ -99.950066154056557, 21.212109365624372 ], [ -99.944922482582996, 21.209847887339212 ], [ -99.944052466602344, 21.19565181358951 ], [ -99.926444288472268, 21.188557215452853 ], [ -99.901280855632237, 21.18462001881603 ], [ -99.893195958314053, 21.174381952431997 ], [ -99.877859813477116, 21.162532313495653 ], [ -99.854173099319851, 21.164194136832265 ], [ -99.836668505471707, 21.156701752764445 ], [ -99.815581227093176, 21.166339841535745 ], [ -99.811394408455683, 21.172873347473931 ], [ -99.800067759309457, 21.178265863314135 ], [ -99.796206388398147, 21.183913313320932 ], [ -99.788584911301498, 21.178391946465229 ], [ -99.781935458109672, 21.177376736703501 ], [ -99.775165454911061, 21.183800199010864 ], [ -99.780946663694777, 21.19239328235329 ], [ -99.777368403395442, 21.1950445170888 ], [ -99.776103733140005, 21.206210739868951 ], [ -99.768112581966108, 21.207172257394081 ], [ -99.763893276907325, 21.212305053345865 ], [ -99.75708066470898, 21.214670475751664 ], [ -99.749336608405372, 21.220965001695781 ], [ -99.745887415196151, 21.229073677338068 ], [ -99.738316700708097, 21.234581865618576 ], [ -99.702620930893374, 21.230652595899237 ], [ -99.683714055438202, 21.221572670507715 ], [ -99.686478274327399, 21.197953139252334 ], [ -99.716219978189045, 21.182622876625356 ], [ -99.711258902550711, 21.167854385468384 ], [ -99.715696238810665, 21.165062829253216 ], [ -99.711263708708074, 21.158889494554977 ], [ -99.706242292424349, 21.161017407749487 ], [ -99.694573092220182, 21.137545481956 ], [ -99.701776865686469, 21.118446934049103 ], [ -99.688306838157999, 21.116532428752016 ], [ -99.689323705901757, 21.092481488057665 ] ] ] } },
{ "type": "Feature", "properties": { "cve_edo": "22", "cve_mpo_ine": "013", "cve_edo_mpo_ine": "22013", "nom_mpo": "PINAL DE AMOLES", "nom_edo": "Querétaro", "alianza_ganadora": "Va por México", "margen_pp": 71.782334384858046, "por_participacion": 63.081438734391327 }, "geometry": { "type": "Polygon", "coordinates": [ [ [ -99.685304230992969, 21.069101829359489 ], [ -99.676437014993084, 21.075076306369276 ], [ -99.692037445993066, 21.08064519837853 ], [ -99.689323705901757, 21.092481488057665 ], [ -99.688306838157999, 21.116532428752016 ], [ -99.701776865686469, 21.118446934049103 ], [ -99.694573092220182, 21.137545481956 ], [ -99.706242292424349, 21.161017407749487 ], [ -99.711263708708074, 21.158889494554977 ], [ -99.715696238810665, 21.165062829253216 ], [ -99.711258902550711, 21.167854385468384 ], [ -99.716219978189045, 21.182622876625356 ], [ -99.686478274327399, 21.197953139252334 ], [ -99.683714055438202, 21.221572670507715 ], [ -99.690003842279836, 21.235260688783814 ], [ -99.698789332422336, 21.241468119623011 ], [ -99.700049495814184, 21.259227755519021 ], [ -99.680039866170517, 21.263476687435379 ], [ -99.675713396772807, 21.274134262408829 ], [ -99.669518871034256, 21.276366528106166 ], [ -99.671731167187218, 21.282510181947117 ], [ -99.668166508418977, 21.291423490220495 ], [ -99.657110326523281, 21.296652983568315 ], [ -99.653812168187073, 21.296038536934546 ], [ -99.649936240989021, 21.300593380692984 ], [ -99.646461726416646, 21.300103152567321 ], [ -99.641352145385326, 21.306107054901279 ], [ -99.639723374759797, 21.315702275936896 ], [ -99.633131603673007, 21.317077514081316 ], [ -99.635255740999838, 21.319265460729454 ], [ -99.632802812878836, 21.329234078012714 ], [ -99.641241468002576, 21.3379444292427 ], [ -99.607639122997085, 21.350483952275216 ], [ -99.599408449847019, 21.358558537237332 ], [ -99.582305979640424, 21.345309532835365 ], [ -99.600830421668803, 21.33056448900264 ], [ -99.579471916522863, 21.305330336148149 ], [ -99.589821088654531, 21.297750027128231 ], [ -99.574202331095293, 21.286978771712601 ], [ -99.550485463576123, 21.292051452843683 ], [ -99.550253517335676, 21.294491227258124 ], [ -99.547073126017139, 21.293585111967012 ], [ -99.542603906271694, 21.297187229533034 ], [ -99.540645663357466, 21.292656976063991 ], [ -99.543239360486226, 21.290753807180558 ], [ -99.535878205905163, 21.286733339336259 ], [ -99.520907634175643, 21.25328690821387 ], [ -99.523561572783777, 21.250626735664746 ], [ -99.5257544726242, 21.253605798559988 ], [ -99.530830474120208, 21.250524522610274 ], [ -99.522339449065555, 21.231269831327719 ], [ -99.523799624805136, 21.223057622913199 ], [ -99.508066271842452, 21.214931358325991 ], [ -99.517008048539381, 21.195714045266389 ], [ -99.509786509115557, 21.188560580164726 ], [ -99.511734038358455, 21.18760210985522 ], [ -99.514692041456001, 21.189750268994644 ], [ -99.514922823792205, 21.187013535944331 ], [ -99.519701794213148, 21.184099198530543 ], [ -99.530330492270792, 21.182081283782665 ], [ -99.538427881611113, 21.18421524815092 ], [ -99.540088587968341, 21.187278517172754 ], [ -99.549995561469075, 21.179581791251636 ], [ -99.533652586107166, 21.161053881408193 ], [ -99.527463353521597, 21.166957222595958 ], [ -99.523794287684652, 21.163567442362051 ], [ -99.520549526117634, 21.165400023508798 ], [ -99.524438998558296, 21.161161258825615 ], [ -99.521482330803423, 21.159051330076753 ], [ -99.497441736642529, 21.158286615350242 ], [ -99.496433074389401, 21.15584314513087 ], [ -99.499438775131495, 21.15247771056568 ], [ -99.492827356131443, 21.154235163563182 ], [ -99.494767175633584, 21.149338501258871 ], [ -99.499021889263716, 21.150654639684781 ], [ -99.495523332449267, 21.143159560498113 ], [ -99.493748875274036, 21.141671456332219 ], [ -99.492160382662888, 21.14490897619331 ], [ -99.489499412897686, 21.143049871129172 ], [ -99.491382297485913, 21.139314175685421 ], [ -99.494335010683699, 21.139306974525912 ], [ -99.493445876384754, 21.137526497476081 ], [ -99.489962249544689, 21.137825168107277 ], [ -99.491725497413299, 21.133302073940602 ], [ -99.489767722994188, 21.128373433625502 ], [ -99.483393373032968, 21.130088476041074 ], [ -99.48061129362047, 21.126322482969933 ], [ -99.478074362513581, 21.127572177721333 ], [ -99.473874444911843, 21.123311909631859 ], [ -99.470632539819576, 21.126884691830416 ], [ -99.46762003086603, 21.126103966795 ], [ -99.467438344463346, 21.123616934018688 ], [ -99.463601651916662, 21.12428899774746 ], [ -99.46206009708645, 21.12047841712387 ], [ -99.467551332184811, 21.120383031449528 ], [ -99.465651286060975, 21.114085867820876 ], [ -99.45595572120267, 21.106479507460442 ], [ -99.452471413997515, 21.105948252335651 ], [ -99.446453858156474, 21.108987752396338 ], [ -99.440027164153818, 21.114971383742223 ], [ -99.430108119183757, 21.103047262987097 ], [ -99.43210678361379, 21.100847496020524 ], [ -99.429344227313351, 21.097280306417218 ], [ -99.432459640515717, 21.094789688466612 ], [ -99.433870487322949, 21.087030338232463 ], [ -99.437749718978736, 21.089476747517185 ], [ -99.438866412741021, 21.084497371043607 ], [ -99.436397871480736, 21.081967438082433 ], [ -99.438161049195585, 21.076655872172132 ], [ -99.440923287324665, 21.075078049838229 ], [ -99.441275384374222, 21.068771249665126 ], [ -99.446623681531648, 21.068519930977256 ], [ -99.447798769962674, 21.064494757315714 ], [ -99.456143625075072, 21.06399274651606 ], [ -99.461373214873248, 21.059923843693014 ], [ -99.465956817024733, 21.059506358645272 ], [ -99.468659268411798, 21.05597805319535 ], [ -99.473830348979391, 21.055518519032109 ], [ -99.472889134657834, 21.051287026369607 ], [ -99.482291035780932, 21.051405454939221 ], [ -99.477177233634876, 21.045600076624279 ], [ -99.486107815003123, 21.042980201747703 ], [ -99.48134716911612, 21.038792843573255 ], [ -99.48404423054042, 21.037111246791927 ], [ -99.488457079699543, 21.039825250954568 ], [ -99.489981760388247, 21.03119405555266 ], [ -99.502086125997678, 21.033798916551927 ], [ -99.50766418260622, 21.025994165516291 ], [ -99.501612037563646, 21.024256381326389 ], [ -99.507956876113084, 21.023711927608304 ], [ -99.509478849898088, 21.012051730068471 ], [ -99.515821231480771, 21.007814303468496 ], [ -99.51552352682819, 21.000055753162641 ], [ -99.525682221593257, 20.99394755444812 ], [ -99.529848622365847, 20.987263638059702 ], [ -99.534252145031402, 20.984604014594957 ], [ -99.540712745794949, 20.984224224847448 ], [ -99.544175572594128, 20.980611001710269 ], [ -99.554981102462236, 20.978773986772932 ], [ -99.561967121527957, 20.974907596323163 ], [ -99.56461299864975, 20.97847279820348 ], [ -99.571954176397369, 20.978049329718189 ], [ -99.58552639988423, 20.983301967846472 ], [ -99.593217935706633, 20.980719644620088 ], [ -99.602910016233309, 20.981743902361519 ], [ -99.609016069371748, 20.979785374645317 ], [ -99.616596543757638, 20.983259700068103 ], [ -99.621705549745727, 20.982463945273821 ], [ -99.622701486807642, 20.980429467315613 ], [ -99.639857956095682, 20.985340404547255 ], [ -99.649695758754618, 20.984204477728468 ], [ -99.667229143587306, 21.003879670902631 ], [ -99.657566878441656, 21.014769791180587 ], [ -99.693583092145644, 21.022152763439465 ], [ -99.685304230992969, 21.069101829359489 ] ] ] } },
{ "type": "Feature", "properties": { "cve_edo": "22", "cve_mpo_ine": "014", "cve_edo_mpo_ine": "22014", "nom_mpo": "QUERETARO", "nom_edo": "Querétaro", "alianza_ganadora": "Va por México", "margen_pp": 28.882906082952903, "por_participacion": 48.935520210795652 }, "geometry": { "type": "Polygon", "coordinates": [ [ [ -100.338972990233827, 20.591297336534026 ], [ -100.342306067672453, 20.589313340681802 ], [ -100.340885607591261, 20.586643455973807 ], [ -100.352228278774447, 20.588016451387968 ], [ -100.35540132980627, 20.585084876870894 ], [ -100.345301925623261, 20.583996029652198 ], [ -100.345735047550633, 20.579233896865141 ], [ -100.328824237189949, 20.566716614903864 ], [ -100.329698200669597, 20.560880547849575 ], [ -100.337286426030701, 20.56455100361633 ], [ -100.350452340205621, 20.560939036417054 ], [ -100.345856123111702, 20.556414792158176 ], [ -100.345327821420895, 20.552729378057641 ], [ -100.359670331783818, 20.550398575601289 ], [ -100.35844790157978, 20.530366322567652 ], [ -100.363845363156088, 20.526815150905314 ], [ -100.381708269765454, 20.523446327824526 ], [ -100.391812360107679, 20.55534178852912 ], [ -100.406468303296421, 20.555566389681104 ], [ -100.411111254676257, 20.553793005711817 ], [ -100.410435955735522, 20.563942973360824 ], [ -100.412014761421887, 20.562187580287748 ], [ -100.413321609970552, 20.563602280871677 ], [ -100.416919359604037, 20.55922157359096 ], [ -100.417110564553582, 20.562061588152471 ], [ -100.423632753725983, 20.559979519907305 ], [ -100.424919824690036, 20.570760333302641 ], [ -100.428459040155616, 20.571443168289576 ], [ -100.431048017134657, 20.576407005058762 ], [ -100.43342664932841, 20.589957369956718 ], [ -100.488629358413633, 20.593697024237112 ], [ -100.489308352288731, 20.596245476514206 ], [ -100.491307224388919, 20.595327783761547 ], [ -100.498098425859212, 20.615916663652104 ], [ -100.527805976318675, 20.629951650532366 ], [ -100.52645555260051, 20.631311592478955 ], [ -100.529598896932654, 20.638465200198734 ], [ -100.551394932768744, 20.633806135458908 ], [ -100.561787281589773, 20.670834979246049 ], [ -100.57555893871816, 20.667894834665557 ], [ -100.58350578123104, 20.676213686631304 ], [ -100.584135041905455, 20.682906558103983 ], [ -100.581093186371788, 20.692616974771166 ], [ -100.590445859924955, 20.710945018351683 ], [ -100.59657920685278, 20.717203475123334 ], [ -100.582593078121022, 20.72947285302218 ], [ -100.548954328173082, 20.736101010072609 ], [ -100.548679144463208, 20.749308093299209 ], [ -100.562394898731071, 20.767384862014335 ], [ -100.563343008960956, 20.774672554753497 ], [ -100.561831491121183, 20.786001140648231 ], [ -100.559619943671279, 20.787368210791872 ], [ -100.560869286759967, 20.791430447767539 ], [ -100.558469141845634, 20.804406911760317 ], [ -100.563310455267285, 20.807091171616339 ], [ -100.564307069163775, 20.813752280916777 ], [ -100.569620797183759, 20.821727599360649 ], [ -100.564242185616536, 20.823683070881749 ], [ -100.562785289684541, 20.827918091883362 ], [ -100.537512020156584, 20.83625105108317 ], [ -100.502646815101244, 20.852528122655876 ], [ -100.509325957149741, 20.870600902190525 ], [ -100.50272605435417, 20.87513872993194 ], [ -100.48950512230536, 20.896303893387778 ], [ -100.483749047867676, 20.900557053305544 ], [ -100.482054228632578, 20.919268402243592 ], [ -100.472439787240461, 20.924089733622896 ], [ -100.459321527412001, 20.924023452568825 ], [ -100.453214673725995, 20.921777172014412 ], [ -100.454306329972511, 20.899799537730747 ], [ -100.414062724309773, 20.886333581218814 ], [ -100.394478177971124, 20.890896845449813 ], [ -100.333530614660972, 20.890826292792347 ], [ -100.332249326583323, 20.882474850562133 ], [ -100.33729379760716, 20.870869785879073 ], [ -100.346008094940345, 20.859540667376351 ], [ -100.349106526410466, 20.859516272406051 ], [ -100.345840626400147, 20.855099551123157 ], [ -100.348102125036704, 20.84751358504268 ], [ -100.370121697255954, 20.838510461633703 ], [ -100.370135803434422, 20.833067436514799 ], [ -100.382530490712426, 20.822865762866574 ], [ -100.384313996185071, 20.817433313348754 ], [ -100.400426748460717, 20.806719332553335 ], [ -100.407239560499463, 20.804800345808555 ], [ -100.405226550118186, 20.798743869651812 ], [ -100.403016036975529, 20.798515789831676 ], [ -100.403133250849251, 20.787328694907853 ], [ -100.401061316542567, 20.783101973847852 ], [ -100.402468577359897, 20.780077696906815 ], [ -100.382531624597618, 20.772784172393351 ], [ -100.38877888788241, 20.754144263161599 ], [ -100.383774510774387, 20.745602400434635 ], [ -100.387708834533598, 20.696143728247723 ], [ -100.360221646634031, 20.690680558847397 ], [ -100.362759216347783, 20.686358042139808 ], [ -100.357215901981093, 20.685963638293767 ], [ -100.359297176485327, 20.68167186473838 ], [ -100.350716145284352, 20.677256159621031 ], [ -100.351923190616048, 20.668571709856202 ], [ -100.342840006017099, 20.667082036991278 ], [ -100.344319583626941, 20.640871526457893 ], [ -100.339731601579572, 20.641017860858504 ], [ -100.336395921184305, 20.626726807789126 ], [ -100.33891866503518, 20.623893125685086 ], [ -100.33538758470165, 20.618082112310741 ], [ -100.336905892105705, 20.613246113833668 ], [ -100.338777307948021, 20.61427507579355 ], [ -100.342281096899413, 20.609405577029857 ], [ -100.347847320450256, 20.608700509955128 ], [ -100.338972990233827, 20.591297336534026 ] ] ] } },
{ "type": "Feature", "properties": { "cve_edo": "22", "cve_mpo_ine": "015", "cve_edo_mpo_ine": "22015", "nom_mpo": "SAN JOAQUIN", "nom_edo": "Querétaro", "alianza_ganadora": "Va por México", "margen_pp": 6.7336918400748189, "por_participacion": 60.290386241894552 }, "geometry": { "type": "Polygon", "coordinates": [ [ [ -99.372455388515135, 21.073019104873573 ], [ -99.368092033556778, 21.070246140260185 ], [ -99.36609301638525, 21.063915761161432 ], [ -99.369017086042987, 21.060400339592011 ], [ -99.37355806064015, 21.061651424275144 ], [ -99.376104889024901, 21.059876718161366 ], [ -99.377022886953753, 21.055772845987217 ], [ -99.371375055580799, 21.054910886964169 ], [ -99.367394334040242, 21.049231019255274 ], [ -99.364509936839227, 21.048697572167075 ], [ -99.363574679952947, 21.03970686111165 ], [ -99.368133866454116, 21.035766285747091 ], [ -99.375136732198712, 21.036979188381878 ], [ -99.37683774998861, 21.039224650645977 ], [ -99.378556016115539, 21.03540425729572 ], [ -99.382087018896712, 21.035948275997235 ], [ -99.385159101239338, 21.032170843690729 ], [ -99.387687342466677, 21.033378413690535 ], [ -99.389839350595153, 21.04289533992074 ], [ -99.398215877492973, 21.037086960220513 ], [ -99.401509919794407, 21.038211992152537 ], [ -99.409354345825676, 21.032943065793891 ], [ -99.4096606193431, 21.028414745107575 ], [ -99.419441533913556, 21.025266050954915 ], [ -99.420704173443198, 21.014963598417435 ], [ -99.460196277597788, 21.018317112076232 ], [ -99.461379810936165, 21.015617331528102 ], [ -99.458449193213369, 21.01008974179976 ], [ -99.453450142427997, 21.008175266343887 ], [ -99.453311965850602, 20.991764191837778 ], [ -99.454671510073325, 20.989272305491294 ], [ -99.46043423098844, 20.991561173508714 ], [ -99.462190193403046, 20.995841607689979 ], [ -99.466367424384401, 20.996633577551513 ], [ -99.470795852737453, 20.990362646898443 ], [ -99.466517642127144, 20.982216940113588 ], [ -99.467479864219911, 20.973077220814133 ], [ -99.465776679561529, 20.97153895297518 ], [ -99.470856828170113, 20.962983336871289 ], [ -99.468405991137388, 20.953758474946522 ], [ -99.47421897927255, 20.932822041944931 ], [ -99.483991286487779, 20.93000227852081 ], [ -99.491456152942874, 20.933371196581415 ], [ -99.505986040845613, 20.934540701645652 ], [ -99.515053796815579, 20.930846258179436 ], [ -99.527725429118348, 20.918759856245089 ], [ -99.52485506444485, 20.912236248557086 ], [ -99.527213756345333, 20.90920396207402 ], [ -99.523687000100338, 20.90774886638636 ], [ -99.521402325331195, 20.902762583315909 ], [ -99.533644350468478, 20.898943458339406 ], [ -99.535708262620702, 20.896077178925985 ], [ -99.53605600680136, 20.898943983163175 ], [ -99.541656396054833, 20.903274156920766 ], [ -99.544352653660312, 20.897283658133681 ], [ -99.548649528329477, 20.895539337945976 ], [ -99.552604102481595, 20.887479766519355 ], [ -99.558377538257645, 20.881788431538062 ], [ -99.567605899658261, 20.885112565220918 ], [ -99.57519780716413, 20.882121365893259 ], [ -99.585132744183625, 20.885236913173088 ], [ -99.584912621718246, 20.89607824088035 ], [ -99.592764416428068, 20.89475029022654 ], [ -99.592663103569066, 20.904937137459495 ], [ -99.594576052237272, 20.903516394506518 ], [ -99.608039914051076, 20.908333452615391 ], [ -99.639684312718643, 20.910650377805666 ], [ -99.648629399284218, 20.907239824332972 ], [ -99.670592386649659, 20.94092590916679 ], [ -99.681424244684877, 20.941081693607082 ], [ -99.680185865986005, 20.94423994731768 ], [ -99.672181316163744, 20.947443917914509 ], [ -99.670178020598556, 20.950519477161659 ], [ -99.674284263037435, 20.96480872148479 ], [ -99.673804558899377, 20.972568226844029 ], [ -99.6512015805191, 20.979694596207967 ], [ -99.644200049959068, 20.978035962931376 ], [ -99.649695758754618, 20.984204477728468 ], [ -99.639857956095682, 20.985340404547255 ], [ -99.622701486807642, 20.980429467315613 ], [ -99.621705549745727, 20.982463945273821 ], [ -99.616596543757638, 20.983259700068103 ], [ -99.609016069371748, 20.979785374645317 ], [ -99.602910016233309, 20.981743902361519 ], [ -99.593217935706633, 20.980719644620088 ], [ -99.58552639988423, 20.983301967846472 ], [ -99.571954176397369, 20.978049329718189 ], [ -99.56461299864975, 20.97847279820348 ], [ -99.561967121527957, 20.974907596323163 ], [ -99.529848622365847, 20.987263638059702 ], [ -99.525682221593257, 20.99394755444812 ], [ -99.51552352682819, 21.000055753162641 ], [ -99.515821231480771, 21.007814303468496 ], [ -99.509478849898088, 21.012051730068471 ], [ -99.507956876113084, 21.023711927608304 ], [ -99.501612037563646, 21.024256381326389 ], [ -99.50766418260622, 21.025994165516291 ], [ -99.502086125997678, 21.033798916551927 ], [ -99.489981760388247, 21.03119405555266 ], [ -99.488457079699543, 21.039825250954568 ], [ -99.48404423054042, 21.037111246791927 ], [ -99.48134716911612, 21.038792843573255 ], [ -99.486107815003123, 21.042980201747703 ], [ -99.477177233634876, 21.045600076624279 ], [ -99.482291035780932, 21.051405454939221 ], [ -99.472889134657834, 21.051287026369607 ], [ -99.473830348979391, 21.055518519032109 ], [ -99.468659268411798, 21.05597805319535 ], [ -99.465956817024733, 21.059506358645272 ], [ -99.461373214873248, 21.059923843693014 ], [ -99.456143625075072, 21.06399274651606 ], [ -99.447798769962674, 21.064494757315714 ], [ -99.446623681531648, 21.068519930977256 ], [ -99.441275384374222, 21.068771249665126 ], [ -99.440923287324665, 21.075078049838229 ], [ -99.438161049195585, 21.076655872172132 ], [ -99.436397871480736, 21.081967438082433 ], [ -99.438866412741021, 21.084497371043607 ], [ -99.437749718978736, 21.089476747517185 ], [ -99.433870487322949, 21.087030338232463 ], [ -99.432459640515717, 21.094789688466612 ], [ -99.429344227313351, 21.097280306417218 ], [ -99.43169529049257, 21.101552997448184 ], [ -99.427580463229489, 21.103297122849913 ], [ -99.42417128588319, 21.100808840940701 ], [ -99.419233388519388, 21.102967947578563 ], [ -99.403300488889101, 21.115875756447018 ], [ -99.39712812904051, 21.114590735145352 ], [ -99.396189455179979, 21.107454444177371 ], [ -99.388313599721641, 21.103596928004151 ], [ -99.391253721837955, 21.100360237636114 ], [ -99.397366814781165, 21.101064620674396 ], [ -99.399308219070534, 21.094633153759684 ], [ -99.398193233103541, 21.087579871711782 ], [ -99.394549842705601, 21.084925053430467 ], [ -99.394433907195292, 21.079240783054683 ], [ -99.388556933589683, 21.078162829094261 ], [ -99.389264515062763, 21.070943269845682 ], [ -99.387385035380305, 21.067458229414445 ], [ -99.376922009247835, 21.072935946263318 ], [ -99.372455388515135, 21.073019104873573 ] ] ] } },
{ "type": "Feature", "properties": { "cve_edo": "22", "cve_mpo_ine": "016", "cve_edo_mpo_ine": "22016", "nom_mpo": "SAN JUAN DEL RIO", "nom_edo": "Querétaro", "alianza_ganadora": "Va por México", "margen_pp": 19.389220726476676, "por_participacion": 46.204014755553928 }, "geometry": { "type": "Polygon", "coordinates": [ [ [ -99.968550311291921, 20.450297690059113 ], [ -99.965683043123676, 20.449741780652744 ], [ -99.960552159524326, 20.456540944090705 ], [ -99.956795914120733, 20.457966561557782 ], [ -99.948319645985649, 20.439980611603566 ], [ -99.950046676985849, 20.438496996600669 ], [ -99.947609984985675, 20.439335134602327 ], [ -99.939072399985392, 20.431584719586642 ], [ -99.913228353984891, 20.444464104612347 ], [ -99.911891225827432, 20.464304878544493 ], [ -99.886893795632631, 20.461408383501322 ], [ -99.87784330635175, 20.466564595641898 ], [ -99.874633016293984, 20.464514461626397 ], [ -99.868302749467773, 20.465134316572172 ], [ -99.863939680536731, 20.459846926775349 ], [ -99.858497572819076, 20.458857786653066 ], [ -99.85294883943196, 20.466106562380837 ], [ -99.846674047339178, 20.467222828868181 ], [ -99.845494410695665, 20.468580964519884 ], [ -99.862497943700845, 20.490579144871891 ], [ -99.86603222232776, 20.483045579452575 ], [ -99.868165689160108, 20.489021681634743 ], [ -99.86253099014472, 20.49076387506862 ], [ -99.834490236564179, 20.486680139500933 ], [ -99.830590200813162, 20.478085361837369 ], [ -99.838165427827207, 20.451085145645656 ], [ -99.846267856005952, 20.382216697044015 ], [ -99.841115383831195, 20.378880862368387 ], [ -99.832452559728566, 20.358022987059087 ], [ -99.83814856433608, 20.351480720917856 ], [ -99.841833005949482, 20.363455161351084 ], [ -99.848274248387952, 20.364113376343784 ], [ -99.848205810036092, 20.359439446640117 ], [ -99.84303000968508, 20.361104763496368 ], [ -99.840631531394678, 20.355052249725475 ], [ -99.846923214937178, 20.358770190831819 ], [ -99.845775156925328, 20.356447366580635 ], [ -99.850477991963132, 20.355151439229939 ], [ -99.844516402713055, 20.353503500821045 ], [ -99.845299556419093, 20.351481525483639 ], [ -99.851608434829814, 20.353545055278303 ], [ -99.854053259498301, 20.34954752470394 ], [ -99.832891936022307, 20.338586919123351 ], [ -99.826845849011832, 20.339460737645709 ], [ -99.823219348983727, 20.322192259820202 ], [ -99.825481770622332, 20.3133136309613 ], [ -99.833713515819937, 20.3051323654309 ], [ -99.837428708636168, 20.308463170509786 ], [ -99.835161806913035, 20.317838209687043 ], [ -99.837194353852638, 20.325170815112397 ], [ -99.84900774822421, 20.321931751176663 ], [ -99.846822498485423, 20.306740209143378 ], [ -99.833665237457339, 20.298597339086495 ], [ -99.841837202342333, 20.290415370987013 ], [ -99.837647141517607, 20.287702207304374 ], [ -99.832490596519122, 20.287754238578678 ], [ -99.835139897194466, 20.276636424799193 ], [ -99.843019396545955, 20.283435266244151 ], [ -99.857321441172203, 20.268899246801681 ], [ -99.871444924729118, 20.275677003955156 ], [ -99.873429221389031, 20.271470778044357 ], [ -99.876672293524749, 20.2712712641423 ], [ -99.907780772130565, 20.285238490543108 ], [ -99.915367229269563, 20.28475495183952 ], [ -99.920212126771361, 20.280687035650772 ], [ -99.926435313191362, 20.269255793890974 ], [ -99.929830838798566, 20.267835613417176 ], [ -99.928779591615339, 20.249839085897317 ], [ -99.922335030734374, 20.249969428023629 ], [ -99.931284129980199, 20.23947173379932 ], [ -99.926979639246341, 20.232515504519693 ], [ -99.935956729175246, 20.23071188659635 ], [ -99.943923771133626, 20.225086139519878 ], [ -99.94998813981033, 20.225510271025598 ], [ -99.950960490387843, 20.239825334217976 ], [ -99.958245662786069, 20.255538473807796 ], [ -99.96230454458599, 20.253781376850288 ], [ -99.969586908053358, 20.257872404438718 ], [ -99.974525415009566, 20.262075099192614 ], [ -99.977189651480614, 20.271311579948602 ], [ -99.981061047715997, 20.270793804633662 ], [ -99.986123817558223, 20.262093231373154 ], [ -99.986534268329265, 20.255933050021376 ], [ -99.97974840751948, 20.248908898360458 ], [ -99.978971680867716, 20.235537873685335 ], [ -99.981309778053742, 20.233824967388408 ], [ -99.987420964659918, 20.234986827033239 ], [ -99.989630317242018, 20.231328175287302 ], [ -100.008694312905305, 20.219318628220595 ], [ -100.020770428355021, 20.207104929648121 ], [ -100.025870972271065, 20.206242874308753 ], [ -100.039968779309476, 20.218034496289704 ], [ -100.035545444926015, 20.224151986237469 ], [ -100.044026254410241, 20.22889897880243 ], [ -100.047647068115168, 20.225934151614641 ], [ -100.051837633985102, 20.229715799789087 ], [ -100.053590450739335, 20.228420069533591 ], [ -100.048931379203268, 20.224807290863922 ], [ -100.056710444882398, 20.220447428200735 ], [ -100.068721888483608, 20.226577165812948 ], [ -100.056796515026576, 20.243762641474287 ], [ -100.0757858195593, 20.248394598808694 ], [ -100.083648540755149, 20.257078096893665 ], [ -100.094769094063906, 20.261017204852166 ], [ -100.075967771768859, 20.286327778494208 ], [ -100.078336588523598, 20.289500122762107 ], [ -100.082688571998816, 20.290587947983461 ], [ -100.08208031143883, 20.296472833904563 ], [ -100.078028339338942, 20.296418238834711 ], [ -100.07546217060677, 20.299169328062519 ], [ -100.083335008517608, 20.309012184534762 ], [ -100.082151697282583, 20.316806071157856 ], [ -100.08655600912509, 20.316775255168576 ], [ -100.086477209904714, 20.304517606665357 ], [ -100.090375353218633, 20.298899519723474 ], [ -100.097285407924957, 20.301141477529889 ], [ -100.093619798105181, 20.307905942643156 ], [ -100.093118762778857, 20.31460006323395 ], [ -100.112695168997973, 20.314395152723527 ], [ -100.135378630998972, 20.320185383727797 ], [ -100.137723476999042, 20.31789859872611 ], [ -100.143293153999352, 20.323232829729932 ], [ -100.148621876999556, 20.321862029729029 ], [ -100.175983446616058, 20.340144412158551 ], [ -100.17298274286523, 20.347786737712024 ], [ -100.170112289174156, 20.34888498292268 ], [ -100.177215715289066, 20.356699811912549 ], [ -100.186773667681834, 20.36163546494312 ], [ -100.19104380758354, 20.360942738596808 ], [ -100.196469076220609, 20.366465739816235 ], [ -100.194880635514934, 20.36994759553761 ], [ -100.187894724751985, 20.373957469379086 ], [ -100.157920041059171, 20.415348131656113 ], [ -100.141567551193631, 20.414566777203618 ], [ -100.13440437761534, 20.437316588978145 ], [ -100.129308359982673, 20.431869021259089 ], [ -100.13266843929631, 20.423122680018594 ], [ -100.129212793314153, 20.419463127467534 ], [ -100.121487574107661, 20.440728793851115 ], [ -100.125479468595273, 20.440033291763882 ], [ -100.126902158750354, 20.431987620907176 ], [ -100.130178806752738, 20.437472348041101 ], [ -100.134050556602062, 20.438311507832061 ], [ -100.12558704597231, 20.445551788512912 ], [ -100.102005472301784, 20.439808168229362 ], [ -100.095596123054108, 20.44618105740744 ], [ -100.09295563667655, 20.445925167095538 ], [ -100.089712137452324, 20.453716871659402 ], [ -100.092993756069575, 20.456297982570419 ], [ -100.093137173827913, 20.472811696489039 ], [ -100.085222023283393, 20.468268207004197 ], [ -100.083977058661631, 20.474322540289339 ], [ -100.076126662450406, 20.46695741426905 ], [ -100.072525689115821, 20.476656452647358 ], [ -100.06941695093775, 20.475527630437572 ], [ -100.066935456354187, 20.483030635361906 ], [ -100.049607592524907, 20.48320655716887 ], [ -100.047099384111718, 20.480526449004863 ], [ -100.042514591634813, 20.483127088896683 ], [ -100.040793888154539, 20.49104690952533 ], [ -100.051895874282792, 20.488174635049592 ], [ -100.058227090605129, 20.492258763630897 ], [ -100.067327926260987, 20.49166185588118 ], [ -100.069083469176448, 20.494322133911957 ], [ -100.061900484497514, 20.503845094955413 ], [ -100.064880126198176, 20.510657925008967 ], [ -100.066258505293931, 20.525059088026257 ], [ -100.058144280777128, 20.533375769556205 ], [ -100.063421978361731, 20.532618822752962 ], [ -100.067078668181281, 20.540587684231607 ], [ -100.036497845990226, 20.547388027592294 ], [ -100.034611830989959, 20.546251719589776 ], [ -100.034162753919333, 20.541278599538117 ], [ -100.036486103277568, 20.540580075319575 ], [ -100.035970931404933, 20.537927609002228 ], [ -100.034153046353495, 20.538165531115894 ], [ -100.032754443151205, 20.523874956526463 ], [ -100.012494560871673, 20.53278168735044 ], [ -100.013828968760834, 20.535604661331938 ], [ -100.006614323726183, 20.536886838051519 ], [ -99.99528936079804, 20.51583005462966 ], [ -99.989875799551726, 20.520392824488553 ], [ -99.987657679502718, 20.518640679596317 ], [ -99.998262158176246, 20.495065484109222 ], [ -99.970393310111845, 20.491087709867518 ], [ -99.966746199402024, 20.48245413428598 ], [ -99.966892913451844, 20.476659087540884 ], [ -99.960894078990705, 20.46979100694605 ], [ -99.959800461146372, 20.466016833438029 ], [ -99.964960394717494, 20.465055229886261 ], [ -99.968550311291921, 20.450297690059113 ] ] ] } },
{ "type": "Feature", "properties": { "cve_edo": "22", "cve_mpo_ine": "017", "cve_edo_mpo_ine": "22017", "nom_mpo": "TEQUISQUIAPAN", "nom_edo": "Querétaro", "alianza_ganadora": "Va por México", "margen_pp": 31.922725800276822, "por_participacion": 61.162845152110087 }, "geometry": { "type": "Polygon", "coordinates": [ [ [ -99.968550311291921, 20.450297690059113 ], [ -99.964960394717494, 20.465055229886261 ], [ -99.959800461146372, 20.466016833438029 ], [ -99.960894078990705, 20.46979100694605 ], [ -99.966892913451844, 20.476659087540884 ], [ -99.966746199402024, 20.48245413428598 ], [ -99.970393310111845, 20.491087709867518 ], [ -99.998262158176246, 20.495065484109222 ], [ -99.987657679502718, 20.518640679596317 ], [ -99.989875799551726, 20.520392824488553 ], [ -99.99528936079804, 20.51583005462966 ], [ -100.006614323726183, 20.536886838051519 ], [ -100.013828968760834, 20.535604661331938 ], [ -100.012494560871673, 20.53278168735044 ], [ -100.032754443151205, 20.523874956526463 ], [ -100.034153046353495, 20.538165531115894 ], [ -100.035970931404933, 20.537927609002228 ], [ -100.036486103277568, 20.540580075319575 ], [ -100.034162753919333, 20.541278599538117 ], [ -100.034611830989959, 20.546251719589776 ], [ -100.036497845990226, 20.547388027592294 ], [ -100.067078668181281, 20.540587684231607 ], [ -100.063421978361731, 20.532618822752962 ], [ -100.058144280777128, 20.533375769556205 ], [ -100.066258505293931, 20.525059088026257 ], [ -100.07086976629229, 20.53218482599674 ], [ -100.08525457580086, 20.539466352209324 ], [ -100.084706487381098, 20.549215170586908 ], [ -100.079127251524127, 20.549241767694699 ], [ -100.075311243467098, 20.577071640647507 ], [ -100.06376012636224, 20.575177914206385 ], [ -100.065511843897639, 20.589966730112263 ], [ -100.063497112507122, 20.621252248063083 ], [ -100.077611768068579, 20.625138834303748 ], [ -100.079647576933908, 20.642536921284105 ], [ -100.062318341190732, 20.649064924641252 ], [ -100.013046505186949, 20.650605173639281 ], [ -100.004413951585576, 20.652914156185947 ], [ -100.008197166803754, 20.64672668830433 ], [ -100.016548812942617, 20.641725010009065 ], [ -100.015808399821196, 20.637084082784813 ], [ -99.97851705550859, 20.635785939324126 ], [ -99.971071947750318, 20.630884074454077 ], [ -99.955668386208572, 20.628984993163989 ], [ -99.956265567394027, 20.620448404303719 ], [ -99.947386196338869, 20.622678075754905 ], [ -99.946671795082949, 20.62474357740815 ], [ -99.938371610734052, 20.619640840962152 ], [ -99.933050138119384, 20.627969947154284 ], [ -99.931774947324612, 20.625146723867207 ], [ -99.927607620446253, 20.625865487187969 ], [ -99.929393818534749, 20.631838339607938 ], [ -99.918362304609786, 20.633051419786312 ], [ -99.905805445515313, 20.612850281690083 ], [ -99.900772883472612, 20.610995989289751 ], [ -99.902147584730372, 20.606243957519872 ], [ -99.894602843391837, 20.602799910828953 ], [ -99.897089796666194, 20.598386393175488 ], [ -99.894167058844772, 20.596794061656286 ], [ -99.896526346401544, 20.583644318462412 ], [ -99.886894960551487, 20.586644619734102 ], [ -99.882908048655324, 20.597133892504782 ], [ -99.876641322609714, 20.595933087748335 ], [ -99.875847246565002, 20.591208177172689 ], [ -99.873154890567804, 20.59040361356611 ], [ -99.855796682490947, 20.591114826954779 ], [ -99.847655503506175, 20.579674295859622 ], [ -99.844989956928572, 20.574356792265249 ], [ -99.84898461333151, 20.572935070680487 ], [ -99.853197061812025, 20.574371379223621 ], [ -99.857216317806433, 20.568685384250298 ], [ -99.861151132306674, 20.567428588446276 ], [ -99.869744360014678, 20.569929150461533 ], [ -99.871113200929528, 20.557725091180238 ], [ -99.856379455539511, 20.551250065054916 ], [ -99.851267937204923, 20.553326737001179 ], [ -99.855185874276813, 20.544824859556407 ], [ -99.862050055797596, 20.543670746736879 ], [ -99.86172036385922, 20.539859662953702 ], [ -99.854367031158489, 20.544529489014014 ], [ -99.848528413679844, 20.540680820923296 ], [ -99.842810078602596, 20.546313557648329 ], [ -99.835310230575928, 20.545889295073888 ], [ -99.822503350992903, 20.541039216830978 ], [ -99.815815758161477, 20.542027407079818 ], [ -99.812400446673152, 20.535006589668196 ], [ -99.815329675850009, 20.525546327715595 ], [ -99.811914275865135, 20.518608273460782 ], [ -99.82673102648242, 20.510431892367649 ], [ -99.834490236564179, 20.486680139500933 ], [ -99.86253099014472, 20.49076387506862 ], [ -99.868165689160108, 20.489021681634743 ], [ -99.86603222232776, 20.483045579452575 ], [ -99.862497943700845, 20.490579144871891 ], [ -99.845494410695665, 20.468580964519884 ], [ -99.85294883943196, 20.466106562380837 ], [ -99.858497572819076, 20.458857786653066 ], [ -99.863939680536731, 20.459846926775349 ], [ -99.868302749467773, 20.465134316572172 ], [ -99.874633016293984, 20.464514461626397 ], [ -99.87784330635175, 20.466564595641898 ], [ -99.886893795632631, 20.461408383501322 ], [ -99.911891225827432, 20.464304878544493 ], [ -99.913228353984891, 20.444464104612347 ], [ -99.939072399985392, 20.431584719586642 ], [ -99.947609984985675, 20.439335134602327 ], [ -99.950046676985849, 20.438496996600669 ], [ -99.948319645985649, 20.439980611603566 ], [ -99.956795914120733, 20.457966561557782 ], [ -99.960552159524326, 20.456540944090705 ], [ -99.965683043123676, 20.449741780652744 ], [ -99.968550311291921, 20.450297690059113 ] ] ] } },
{ "type": "Feature", "properties": { "cve_edo": "22", "cve_mpo_ine": "018", "cve_edo_mpo_ine": "22018", "nom_mpo": "TOLIMAN", "nom_edo": "Querétaro", "alianza_ganadora": "Va por México", "margen_pp": 7.7277818038078925, "por_participacion": 70.547499535229591 }, "geometry": { "type": "Polygon", "coordinates": [ [ [ -100.092099766137707, 20.930920799591377 ], [ -100.061085709682487, 20.936282205466195 ], [ -100.076815489049807, 20.942961976200486 ], [ -100.073955385934099, 20.9512134583393 ], [ -100.068353543569359, 20.954453323285154 ], [ -100.069711662294665, 20.966193919875213 ], [ -100.077621938555822, 20.972880547095869 ], [ -100.076308041224081, 20.977296032629255 ], [ -100.069516865380706, 20.983175267309743 ], [ -100.073309740551721, 20.989968051303318 ], [ -100.060239404687863, 21.005116505574893 ], [ -100.068450786897529, 21.023622012884424 ], [ -100.061768716939298, 21.030865021969714 ], [ -100.05342413406045, 21.02847308418464 ], [ -100.029191090084822, 21.01415012324621 ], [ -100.018485650403207, 21.013563644836179 ], [ -100.01892132730822, 21.020755284549089 ], [ -100.011286497251376, 21.029810067699113 ], [ -100.011060550977902, 21.039849695687124 ], [ -99.976559224813542, 21.043114470794269 ], [ -99.957788643864475, 21.053847800708837 ], [ -99.947417455259426, 21.067307535566833 ], [ -99.947073350286857, 21.065611668773201 ], [ -99.94133071509691, 21.071821979219564 ], [ -99.93966496067813, 21.064169248288376 ], [ -99.936445517182932, 21.060888523952116 ], [ -99.936286729137763, 21.046714815048709 ], [ -99.926141804352469, 21.050836002146553 ], [ -99.921399780127274, 21.056968190698068 ], [ -99.922574797561566, 21.068048212470465 ], [ -99.911797180112757, 21.058612161308417 ], [ -99.911116283160908, 21.05406329982506 ], [ -99.90747968904806, 21.051854133938026 ], [ -99.908788915360049, 21.0492578616741 ], [ -99.902183720344183, 21.051702122056593 ], [ -99.902336951109362, 21.055835012482525 ], [ -99.890275072538174, 21.044944439063602 ], [ -99.878278426748352, 21.043391863764231 ], [ -99.883152187945228, 21.035071506385435 ], [ -99.878820862964119, 21.031039778672881 ], [ -99.872535415196467, 21.029145915296272 ], [ -99.868747863833491, 21.03280267045411 ], [ -99.860258474762389, 21.03441659175175 ], [ -99.857199643291693, 21.025300733632388 ], [ -99.84884525742585, 21.015254044924248 ], [ -99.842392548057461, 21.01199446259519 ], [ -99.833756587075925, 21.000168509061776 ], [ -99.817466038376594, 21.027512219946285 ], [ -99.817552082652981, 21.023132594683386 ], [ -99.789159477315579, 20.954328514186297 ], [ -99.806249888533856, 20.949016993234299 ], [ -99.79579711364633, 20.928004416841613 ], [ -99.796059984184751, 20.923667107471232 ], [ -99.790105820059949, 20.91681321073386 ], [ -99.832223865299056, 20.923837810633426 ], [ -99.873918665159195, 20.923411620939191 ], [ -99.869674609670213, 20.905165206420858 ], [ -99.881436210864166, 20.904775454268979 ], [ -99.843829927531573, 20.871796849553309 ], [ -99.824299583478293, 20.874039718544328 ], [ -99.805960771276247, 20.864386519157133 ], [ -99.822388315946483, 20.841053097030141 ], [ -99.812853881683637, 20.833807001021356 ], [ -99.805576095220786, 20.832276324632669 ], [ -99.800216497094794, 20.815632535877235 ], [ -99.797644476990769, 20.813509674171886 ], [ -99.806291955838319, 20.802734578798077 ], [ -99.816941481794288, 20.80044209381311 ], [ -99.833120891309648, 20.787437083900194 ], [ -99.858795128565319, 20.787459788339593 ], [ -99.866350281230766, 20.771675661860922 ], [ -99.873919302314235, 20.763246740524014 ], [ -99.879149071345807, 20.762945139781635 ], [ -99.897597834633373, 20.752013030263935 ], [ -99.897926063811568, 20.75622969113779 ], [ -99.900970687400459, 20.757940377155919 ], [ -99.894233452159412, 20.765052631500783 ], [ -99.897925077321233, 20.766642913824228 ], [ -99.89935165236642, 20.763716750735071 ], [ -99.9143627859129, 20.758012179246801 ], [ -99.929764703060698, 20.755779434964214 ], [ -99.941050370303358, 20.754309219418538 ], [ -99.966997183171941, 20.757127261631148 ], [ -99.959402299002647, 20.771468910968338 ], [ -99.963799175690198, 20.773143947878346 ], [ -99.964296788156304, 20.77901410117072 ], [ -99.953823423413041, 20.79305179729888 ], [ -99.946653875984609, 20.793387100995336 ], [ -99.947659067163286, 20.813970381395343 ], [ -100.016106028959854, 20.827446621268365 ], [ -100.007145515413796, 20.844882832923041 ], [ -100.010731900019749, 20.844610609387068 ], [ -100.017172106971628, 20.849599445016068 ], [ -100.022810111042403, 20.850452238483971 ], [ -100.026168336122907, 20.848773730449189 ], [ -100.031599095499104, 20.856029915215931 ], [ -100.031279477127796, 20.861358754961245 ], [ -100.027015711660098, 20.86790896969379 ], [ -100.027406303418289, 20.87220808539799 ], [ -100.036526498981416, 20.870308019481413 ], [ -100.042667674227417, 20.8767819438064 ], [ -100.0389608524371, 20.879162536123783 ], [ -100.043461796742307, 20.886381861826766 ], [ -100.04642646781474, 20.879758577880118 ], [ -100.051230960012418, 20.880828629560465 ], [ -100.052556265253372, 20.886536713801593 ], [ -100.05771341985313, 20.889989272339609 ], [ -100.073728130177514, 20.889014445746465 ], [ -100.081806782004449, 20.905140744019512 ], [ -100.090506556780227, 20.911280210904774 ], [ -100.092099766137707, 20.930920799591377 ] ] ] } }
]
}
