cve_edo,nom_edo,acronimo_estado,cve_mpo_ine,nom_mpo_ine,cve_edo_mpo_ine,latitude,longitude,pob_tot,grado_prom_esco,metro,lista_nominal,total_votos,por_participacion,por_abstencion,participacion_h,participacion_m,participacion_j,v_pan,v_pri,v_prd,v_pvem,v_pt,v_mc,v_morena,v_pes,v_rsp,v_fxm,v_ci,v_vxm,v_jhh,v_otros,alianza_ganadora,votos_alianza_ganadora,margen_pp,triunfo_original
01,Aguascalientes,Ags.,001,Aguascalientes,01001,21.880833333333335,-102.2961111111111,942696,10.57415611814346,SI,682631,322173,47.19577634183036,52.80422365816964,53.7534320181905,60.9614352803583,57.5075984978837,165703,22821,6305,6653,4448,13419,79925,4658,2017,5960,0,194829,91027,12635,Va por México,194829,32.219335574365324,V x M
01,Aguascalientes,Ags.,002,Asientos,01002,22.239722222222223,-102.08888888888887,51601,8.528823529411765,NO,36221,23924,66.05008144446592,33.94991855553408,55.860289263638,70.0651140963219,63.0436072382082,7345,794,484,426,476,433,12335,268,377,345,0,8625,13237,990,Juntos Haremos Historia,13237,19.277712757064037,JHH
01,Aguascalientes,Ags.,003,Calvillo,01003,21.846944444444443,-102.71861111111112,58340,7.859032258064516,NO,48366,24778,51.230203035190016,48.769796964809984,44.5461412005154,57.9640098390368,51.3528896672504,10042,1779,395,1089,419,878,6037,385,226,2349,0,12218,7545,2960,Va por México,12218,18.859472112357736,V x M
01,Aguascalientes,Ags.,004,Cosio,01004,22.36777777777778,-102.2997222222222,16984,9.014,NO,12212,9322,76.33475270226006,23.66524729773994,51.3098464317977,60.8231707317073,56.2199492962672,2252,1875,112,2387,614,580,1023,42,23,68,0,4242,4024,133,Va por México,4242,2.3385539583780304,V x M
01,Aguascalientes,Ags.,005,Jesus Maria,01005,21.961111111111112,-102.34333333333332,134795,9.437727272727273,SI,88247,44900,50.879916597731366,49.120083402268634,48.648298048983,58.1031581031581,53.4871054364898,22544,4295,509,1240,564,903,10718,1387,362,1294,0,27351,12522,3043,Va por México,27351,33.02672605790646,V x M
01,Aguascalientes,Ags.,010,San Francisco De Los Romo,01010,22.0725,-102.27027777777778,64147,8.962,SI,37865,18988,50.146573352700386,49.853426647299614,47.8548695098663,60.0903614457831,54.1411327762303,5502,6704,164,442,213,281,4519,248,149,188,0,12372,5174,585,Va por México,12372,37.9081525173794,V x M
01,Aguascalientes,Ags.,006,Pabellon De Arteaga,01006,22.1475,-102.27833333333334,46674,9.477058823529411,NO,32690,18746,57.34475374732334,42.65524625267666,54.7196545442278,67.6756211375962,61.4166041917924,2068,4692,4430,656,1492,209,3418,292,393,172,0,11191,5566,857,Va por México,11191,30.006401365624665,V x M
01,Aguascalientes,Ags.,007,Rincon De Romos,01007,22.22972222222222,-102.3225,57358,9.574761904761903,NO,39531,21278,53.82611115327211,46.17388884672789,48.3185349611543,59.5501474926254,54.0806399308183,5254,2342,489,1734,1125,2853,4867,332,291,649,0,8088,7726,1272,Va por México,8088,1.7012877150108092,V x M
01,Aguascalientes,Ags.,008,San Jose De Gracia,01008,22.148333333333333,-102.41583333333334,9557,8.841428571428573,NO,7309,5468,74.81187576959913,25.188124230400874,56.6003062787136,68.9586305278174,62.9985228951256,1450,643,136,102,80,88,1312,53,150,1225,0,2231,1494,1428,Va por México,2231,13.478419897585955,V x M
01,Aguascalientes,Ags.,009,Tepezala,01009,22.222777777777775,-102.16694444444444,22636,8.459,NO,16373,11699,71.45300189336102,28.54699810663898,57.5322234156821,73.2317311449785,65.500826446281,4051,248,835,3526,123,165,2146,72,97,65,0,5136,5795,234,Juntos Haremos Historia,5795,5.632960082058296,JHH
01,Aguascalientes,Ags.,011,El Llano,01011,21.91583333333333,-101.9652777777778,20819,8.37625,NO,15962,11148,69.84087207116903,30.15912792883097,52.0490129339687,66.5419061622778,59.3619317415351,2035,319,467,124,2582,96,1871,99,138,2865,0,2825,4577,3102,Juntos Haremos Historia,4577,13.231072838177251,JHH
02,Baja California,BC,001,Ensenada,02001,31.85777777777778,-116.60583333333332,561375,10.335714285714284,SI,414808,158740,38.26830726504792,61.73169273495208,49.1397651487255,56.7337611328185,52.9417473248717,17375,10066,2491,3551,9443,5966,63242,19765,4420,16785,0,29933,76240,40970,Juntos Haremos Historia,76240,22.21872243920877,JHH
02,Baja California,BC,002,Mexicali,02002,32.663333333333334,-115.46777777777778,1049792,10.294629948364888,SI,818537,313963,38.35660452734574,61.64339547265426,47.8470413679328,53.4326424870466,50.6582507459917,59534,17474,3163,6862,4551,17976,135082,48310,4484,5938,0,80172,146497,58732,Juntos Haremos Historia,146497,21.125100728429782,JHH
02,Baja California,BC,003,Tecate,02003,32.57222222222222,-116.64027777777778,108436,9.625744680851064,SI,88071,35218,39.98819134561887,60.01180865438113,46.5299352939802,52.7791723445457,49.6183747253007,3534,3805,470,1583,691,1601,12389,7092,881,1717,0,7813,14665,9690,Juntos Haremos Historia,14665,14.12629905162133,JHH
02,Baja California,BC,004,Tijuana,02004,32.53472222222222,-117.0436111111111,1922584,10.115116487455197,SI,1493699,565173,37.83714121787589,62.16285878212411,46.9024431474685,53.052028392853,49.9563699196197,78486,30714,9474,14524,11770,22861,264401,96713,7199,10711,0,118676,290697,114623,Juntos Haremos Historia,290697,30.436875080727493,JHH
02,Baja California,BC,005,Playas De Rosarito,02005,32.342222222222226,-117.05611111111112,126833,9.817777777777778,SI,104062,36607,35.178066921642866,64.82193307835713,41.4064791919869,49.04646131198,45.107233536816,3223,1429,545,1367,757,2982,16570,5997,1081,1251,0,5201,18696,8329,Juntos Haremos Historia,18696,28.31972027207911,JHH
03,Baja California Sur,BCS,001,Comondu,03001,25.03222222222222,-111.67027777777778,72997,8.804583333333333,NO,56125,32638,58.152338530066814,41.847661469933186,47.802218183167,53.6114127382334,50.6931763127492,9694,942,370,1462,2381,1409,11442,414,224,3103,0,11007,15287,3741,Juntos Haremos Historia,15287,13.11354862430296,JHH
03,Baja California Sur,BCS,002,Mulege,03002,27.33888888888889,-112.26694444444443,64148,9.037272727272727,NO,42624,23592,55.3490990990991,44.6509009009009,52.68132896584,58.994816546397,55.7079516663418,9197,927,287,535,1021,438,9591,308,221,107,0,10412,11149,636,Juntos Haremos Historia,11149,3.1239403187521195,JHH
03,Baja California Sur,BCS,003,La Paz,03003,24.142222222222223,-110.31083333333332,292248,10.791785714285714,SI,215389,113726,52.80028227996787,47.19971772003213,54.2892812555734,60.9489765938694,57.6385468586852,42538,7399,1521,3663,5332,3619,41206,2695,1346,1223,0,51459,50204,5264,Va por México,51459,1.1035295359020805,V x M
03,Baja California Sur,BCS,004,Los cabos,03004,23.06138888888889,-109.70805555555556,351100,10.050298507462688,NO,234803,98314,41.87084492106148,58.12915507893852,44.7510936172933,51.8531886808019,48.086619169165,30370,3027,1060,3037,8697,2780,36455,2177,2410,5235,0,34458,48191,9822,Juntos Haremos Historia,48191,13.968509062798788,JHH
03,Baja California Sur,BCS,005,Loreto,03005,26.012777777777774,-111.34333333333332,17954,9.682,NO,12707,8319,65.46785236483828,34.53214763516172,57.1242680546519,63.7981683082772,60.3602848764139,3193,562,166,68,362,775,2081,740,49,25,0,3923,2514,814,Va por México,3923,16.937131866810915,V x M
04,Campeche,Camp.,001,Campeche,04001,19.842222222222222,-90.53166666666668,294635,10.585342465753424,SI,212325,134346,63.27375485694101,36.72624514305899,60.8054729812273,68.4573234590066,64.7939289961593,5347,36612,1644,2359,1958,33298,45906,1290,1822,778,0,43606,50223,3890,Juntos Haremos Historia,50223,4.925342027302636,JHH
04,Campeche,Camp.,002,Calkini,04002,20.37388888888889,-90.05222222222221,42614,9.596333333333334,NO,31269,24485,78.30439093031437,21.69560906968563,69.8460287616241,76.3856455225659,73.2206974570852,573,6333,314,257,194,4931,10573,119,267,374,0,7224,11024,760,Juntos Haremos Historia,11024,15.519705942413722,JHH
04,Campeche,Camp.,012,Dzitbalche,04012,NA,NA,16573,8.606666666666666,NA,11472,8336,72.66387726638771,27.336122733612285,NA,NA,NA,95,2419,87,64,502,1333,3407,42,128,86,0,2604,3973,256,Juntos Haremos Historia,3973,16.42274472168906,JHH
04,Campeche,Camp.,003,Carmen,04003,18.643333333333334,-91.83083333333332,248624,10.22875,NO,182975,99909,54.60254133078289,45.39745866921711,51.9111945384865,60.567356664521,56.2162313956754,5120,23571,995,1540,1400,13904,48508,696,868,478,0,29687,51448,2042,Juntos Haremos Historia,51448,21.780820546697495,JHH
04,Campeche,Camp.,010,Candelaria,04010,18.184444444444445,-91.0461111111111,46115,7.074857142857143,NO,33301,20252,60.81499054082459,39.18500945917541,49.3739724294929,54.8276543860805,52.0444057185271,5218,2760,160,153,186,1564,8960,229,218,104,0,8139,9299,551,Juntos Haremos Historia,9299,5.727829350187636,JHH
04,Campeche,Camp.,004,Champoton,04004,19.35555555555556,-90.72333333333331,77947,8.116249999999999,NO,55603,34235,61.570418862291604,38.4295811377084,59.4063091286951,67.2660859792076,63.3234790726622,1499,9246,372,234,813,5247,15080,294,359,111,0,11122,16127,764,Juntos Haremos Historia,16127,14.619541404994889,JHH
04,Campeche,Camp.,013,Seybaplaya,04013,NA,NA,15374,9.154444444444444,NA,11547,8665,75.04113622585953,24.958863774140468,NA,NA,NA,170,2832,70,156,113,1120,3836,51,71,19,0,3075,4105,141,Juntos Haremos Historia,4105,11.886901327178304,JHH
04,Campeche,Camp.,009,Escarcega,04009,18.60666666666667,-90.73444444444443,60808,8.134166666666667,NO,42567,25264,59.35114055488994,40.64885944511006,51.7764675724173,59.1179215166249,55.5260121406712,2413,5231,534,437,288,6078,8954,218,208,95,0,8178,9679,521,Juntos Haremos Historia,9679,5.941260291323623,JHH
04,Campeche,Camp.,011,Calakmul,04011,18.505555555555556,-89.39722222222223,31715,7.272777777777778,NO,19722,13753,69.73430686542947,30.26569313457053,61.6501789097032,67.9303062302006,64.7849462365591,133,3422,112,57,402,1291,7399,203,230,68,0,3668,7858,501,Juntos Haremos Historia,7858,30.466080127972077,JHH
04,Campeche,Camp.,005,Hecelchakan,04005,20.17666666666667,-90.13472222222222,32291,9.127222222222224,NO,23365,17444,74.6586775090948,25.3413224909052,68.0845174386418,74.6181172291297,71.4137025975201,652,4512,60,117,855,4061,6367,166,179,125,0,5226,7339,470,Juntos Haremos Historia,7339,12.113047466177482,JHH
04,Campeche,Camp.,006,Hopelchen,04006,19.74416666666667,-89.84444444444443,41724,7.3553125,NO,28711,21025,73.22977256103933,26.77022743896067,61.8199079821807,66.5363800360794,64.1441641663889,519,7315,239,107,477,4871,6793,110,174,40,0,8076,7377,324,Va por México,8076,3.32461355529132,V x M
04,Campeche,Camp.,007,Palizada,04007,18.255555555555556,-92.09166666666668,8905,7.617,NO,7380,5943,80.52845528455285,19.471544715447152,62.1460928652322,64.8868253047011,63.4995700773861,161,2172,65,11,386,710,2266,28,23,6,0,2401,2663,57,Juntos Haremos Historia,2663,4.408547871445398,JHH
04,Campeche,Camp.,008,Tenabo,04008,20.039722222222224,-90.22527777777778,11038,8.75625,NO,8513,6768,79.50193821214613,20.49806178785387,75.1172549987657,83.0088495575221,79.0157381963527,602,1780,67,70,30,729,2854,62,370,48,0,2454,2954,480,Juntos Haremos Historia,2954,7.387706855791962,JHH
05,Coahuila,Coah.,001,Abasolo,05001,27.181944444444447,-101.4263888888889,1004,8.61,NO,1279,1092,85.37920250195465,14.620797498045349,83.75,83.4285714285714,83.594470046083,232,359,2,1,3,0,469,8,3,3,0,593,473,14,Va por México,593,10.989010989010989,V x M
05,Coahuila,Coah.,002,Acuña,05002,29.324166666666667,-100.93166666666669,163722,9.340307692307691,NO,118964,61033,51.30375575804445,48.69624424195555,51.4254937163375,58.9116489284152,55.1405419093441,3618,19327,239,6854,601,820,26875,522,240,592,0,23184,34333,1354,Juntos Haremos Historia,34333,18.267166942473743,JHH
05,Coahuila,Coah.,003,Allende,05003,28.34722222222222,-100.85416666666666,23049,9.176666666666668,NO,18447,10983,59.53813628232233,40.46186371767767,54.0806969280147,63.6622183329687,58.9835441620956,1033,4617,48,37,64,316,4484,25,36,103,0,5698,4590,164,Va por México,5698,10.088318310115634,V x M
05,Coahuila,Coah.,004,Arteaga,05004,25.44527777777778,-100.84666666666666,24746,7.605714285714286,SI,19021,12302,64.67588454865675,35.324115451343246,58.1560283687943,66.7418263810598,62.3787080676462,1150,7637,62,238,90,167,2246,251,114,91,0,8849,2575,456,Va por México,8849,50.99983742480897,V x M
05,Coahuila,Coah.,005,Candela,05005,26.840277777777775,-100.66388888888888,1652,7.640000000000001,NO,1662,1443,86.82310469314079,13.176895306859208,83.5457705677868,85.1948051948052,84.3233312921004,745,516,6,1,1,5,141,0,4,2,0,1267,144,6,Va por México,1267,77.82397782397783,V x M
05,Coahuila,Coah.,006,Castaños,05006,26.78527777777778,-101.43055555555556,29119,8.462083333333334,SI,21394,12934,60.45620267364682,39.54379732635318,55.3644788382536,64.572864321608,59.9423492673553,849,4958,211,56,44,148,6227,56,57,48,0,6018,6331,161,Juntos Haremos Historia,6331,2.419978351631359,JHH
05,Coahuila,Coah.,007,Cuatrocienegas,05007,26.985833333333336,-102.06666666666666,12718,8.074666666666667,NO,9408,6337,67.35756802721087,32.642431972789126,52.5132555673383,63.0315789473684,57.7918647649234,1315,2665,63,16,15,173,1759,35,29,168,0,4043,1790,232,Va por México,4043,35.5531008363579,V x M
05,Coahuila,Coah.,008,Escobedo,05008,27.234722222222224,-101.4125,3045,8.26,NO,2458,1955,79.53620829943043,20.463791700569573,72.2358722358722,82.8924162257496,77.3673036093418,111,865,17,3,8,3,899,7,8,4,0,993,910,19,Va por México,993,4.245524296675192,V x M
05,Coahuila,Coah.,009,Francisco I. Madero,05009,25.775,-103.27305555555556,58955,8.74047619047619,SI,43742,29648,67.77925106305153,32.22074893694847,60.5133648557368,69.8586389893392,65.2490539993812,917,10304,198,742,384,195,15148,313,212,679,0,11419,16276,1204,Juntos Haremos Historia,16276,16.38221802482461,JHH
05,Coahuila,Coah.,010,Frontera,05010,26.926111111111112,-101.44944444444444,82518,10.06390243902439,SI,61398,36404,59.29183361021531,40.70816638978469,53.6387242825754,61.8858980870154,57.7274939989593,9862,10383,219,255,193,321,12088,138,52,2307,0,20464,12538,2497,Va por México,20464,21.77233271069113,V x M
05,Coahuila,Coah.,011,General Cepeda,05011,25.37638888888889,-101.475,11823,7.819375,NO,9384,7176,76.47058823529412,23.529411764705884,63.356875778978,71.2009237875289,67.0713035870516,2927,2390,554,133,182,50,746,11,7,15,0,5871,1061,33,Va por México,5871,67.02898550724638,V x M
05,Coahuila,Coah.,012,Guerrero,05012,28.308333333333337,-100.37694444444443,1631,7.664,NO,1805,1327,73.51800554016621,26.481994459833786,59.5588235294118,62.8019323671498,61.0674157303371,293,867,2,3,4,2,113,3,0,0,0,1162,120,3,Va por México,1162,78.52298417483044,V x M
05,Coahuila,Coah.,013,Hidalgo,05013,27.79111111111111,-99.87416666666664,1736,7.8,NO,1303,1066,81.81120491174212,18.188795088257876,75.2244165170557,82.7898550724638,78.990081154193,68,379,0,350,1,1,246,2,3,0,0,447,598,5,Juntos Haremos Historia,598,14.165103189493433,JHH
05,Coahuila,Coah.,014,Jimenez,05014,29.06972222222222,-100.675,8885,7.714,NO,8266,5119,61.92838132107427,38.07161867892573,57.0084439083233,65.4618473895582,61.1514331406077,137,1884,106,125,1113,112,1396,50,26,17,0,2127,2636,93,Juntos Haremos Historia,2636,9.94334831021684,JHH
05,Coahuila,Coah.,015,Juarez,05015,27.60555555555556,-100.72611111111112,1595,8.147499999999999,NO,1401,1133,80.87080656673804,19.12919343326196,73.1914893617021,84.1017488076312,78.335832083958,362,390,5,3,4,213,128,1,1,4,0,757,135,6,Va por México,757,48.014121800529566,V x M
05,Coahuila,Coah.,016,Lamadrid,05016,27.049444444444447,-101.79388888888889,1765,8.850000000000001,NO,1619,1383,85.42310067943176,14.576899320568243,85.6060606060606,87.8865979381443,86.734693877551,399,592,9,4,5,17,321,5,4,2,0,1000,330,11,Va por México,1000,48.44540853217643,V x M
05,Coahuila,Coah.,017,Matamoros,05017,25.52777777777778,-103.22805555555556,118996,8.906935483870967,SI,83745,56927,67.97659561764881,32.02340438235119,61.3815542485296,72.3795685154172,66.9248625231197,1112,24828,1756,4935,467,863,17253,530,270,3655,0,27696,22655,4455,Va por México,27696,8.855200519964164,V x M
05,Coahuila,Coah.,018,Monclova,05018,26.90083333333333,-101.41666666666669,237866,10.95774193548387,SI,174496,98785,56.61161287364753,43.38838712635247,56.6362630959318,62.7586770682487,59.725192818718,32824,27889,543,672,487,1589,26675,382,362,5568,0,61256,27839,6312,Va por México,61256,33.82801032545427,V x M
05,Coahuila,Coah.,019,Morelos,05019,28.40972222222222,-100.88611111111112,7900,9.205,NO,6873,4222,61.42877928124545,38.57122071875455,63.0310334438084,71.4371437143714,67.2429344558028,701,1523,14,14,19,49,1716,12,25,84,0,2238,1750,121,Va por México,2238,11.558503079109427,V x M
05,Coahuila,Coah.,020,Muzquiz,05020,27.8775,-101.51444444444444,71722,9.137916666666667,NO,54855,34493,62.88032084586638,37.11967915413362,46.6528692380056,56.5783004954052,51.6032290920065,1072,12662,140,297,355,435,18420,169,168,96,0,13874,19074,433,Juntos Haremos Historia,19074,15.075522569796771,JHH
05,Coahuila,Coah.,021,Nadadores,05021,27.029166666666665,-101.59166666666668,6050,9.0375,NO,5013,3754,74.88529822461601,25.114701775383992,71.8249316139117,75.4593711719069,73.6022364217252,935,1416,8,6,17,18,1208,48,12,12,0,2359,1234,72,Va por México,2359,29.96803409696324,V x M
05,Coahuila,Coah.,022,Nava,05022,28.42138888888889,-100.7675,33181,9.04470588235294,SI,23050,13366,57.98698481561823,42.01301518438177,56.6020482809071,64.2182973553873,60.36881268198,2704,3884,53,188,132,261,5754,108,39,36,0,6641,6078,183,Va por México,6641,4.212180158611402,V x M
05,Coahuila,Coah.,023,Ocampo,05023,27.31388888888889,-102.39722222222224,9634,7.357692307692307,NO,7105,4325,60.87262491203378,39.12737508796622,57.5820201498321,70.600115406809,63.7317704783972,222,1555,32,9,7,120,912,332,15,1007,0,1809,928,1354,Va por México,1809,10.520231213872833,V x M
05,Coahuila,Coah.,024,Parras,05024,25.43694444444445,-102.18361111111112,44489,8.438529411764707,NO,34398,21936,63.771149485435195,36.228850514564805,51.209341117598,62.4799095184237,56.8468066100938,619,6934,1256,248,758,1532,5435,427,283,3543,0,8809,6441,4253,Va por México,8809,10.795040116703136,V x M
05,Coahuila,Coah.,025,Piedras Negras,05025,28.7,-100.52305555555556,176329,10.09264367816092,SI,133176,64684,48.57031296930378,51.42968703069622,48.7035560516664,56.1369193154034,52.4404266286031,9980,19482,391,1320,9122,956,19006,957,590,1489,0,29853,29450,3036,Va por México,29853,0.6230288788572135,V x M
05,Coahuila,Coah.,026,Progreso,05026,27.428611111111113,-100.98583333333332,3212,7.878333333333334,NO,2876,2169,75.41724617524339,24.582753824756608,49.6276235612728,61.5497076023392,55.3602811950791,128,1574,5,4,0,3,390,3,8,2,0,1707,394,13,Va por México,1707,60.53480866758875,V x M
05,Coahuila,Coah.,027,Ramos Arizpe,05027,25.54361111111111,-100.9502777777778,122246,8.581111111111111,SI,72842,36313,49.85173388978886,50.14826611021114,51.1343209570446,61.2137870028117,56.1257216164208,2707,18914,394,1455,258,633,10523,296,98,204,0,22015,12238,598,Va por México,22015,26.92424200699474,V x M
05,Coahuila,Coah.,028,Sabinas,05028,27.848333333333333,-101.12,64920,9.751621621621622,NO,50789,29656,58.39059638898186,41.60940361101814,53.4233603688913,61.7668240377691,57.654769393097,7800,10880,127,252,165,2687,6031,487,40,577,0,18807,6448,1104,Va por México,18807,41.67453466414891,V x M
05,Coahuila,Coah.,029,Sacramento,05029,27.003888888888888,-101.72416666666666,2470,9.125,NO,1994,1759,88.2146439317954,11.785356068204608,62.8177966101695,68.7830687830688,65.8020116463737,127,849,13,13,13,155,432,33,46,13,0,989,458,92,Va por México,989,30.187606594656053,V x M
05,Coahuila,Coah.,030,Saltillo,05030,25.433333333333337,-101,884845,10.8489124668435,SI,608791,322499,52.97368062274245,47.02631937725755,53.5728691108073,62.2706370666345,57.9992216916637,27890,152446,5651,7561,2116,6411,107459,1992,864,2619,0,185987,117139,5475,Va por México,185987,21.3482832504907,V x M
05,Coahuila,Coah.,031,San Buenaventura,05031,27.059722222222224,-101.54833333333332,25248,9.721176470588237,SI,18728,11388,60.80734728748398,39.19265271251602,54.3825387708214,57.9773800373339,56.2205254884348,808,4508,82,199,95,482,4636,234,34,86,0,5398,4932,354,Va por México,5398,4.092026694766421,V x M
05,Coahuila,Coah.,032,San Juan De Sabinas,05032,27.928333333333335,-101.30388888888888,42071,9.993235294117648,NO,34096,20198,59.238620366025344,40.761379633974656,55.4192355117139,62.7871181624438,59.177941531771,2535,7046,63,79,331,278,9183,70,62,173,0,9644,9597,305,Va por México,9644,0.23269630656500645,V x M
05,Coahuila,Coah.,033,San Pedro,05033,25.75888888888889,-102.98444444444443,100986,8.691333333333333,NO,74118,51574,69.58363690331633,30.416363096683668,56.1924825368666,66.330452798299,61.3037562363419,8585,16226,767,9695,297,540,12732,333,198,834,0,25578,22727,1365,Va por México,25578,5.527979214332803,V x M
05,Coahuila,Coah.,034,Sierra Mojada,05034,27.28888888888889,-103.70055555555555,6728,8.07,NO,3730,2455,65.8176943699732,34.182305630026804,49.5553359683795,58.2599118942731,53.671875,432,1121,7,7,2,312,475,48,4,4,0,1560,486,56,Va por México,1560,43.74745417515275,V x M
05,Coahuila,Coah.,035,Torreon,05035,25.544444444444448,-103.44166666666668,720834,10.735102564102563,SI,518649,309985,59.76778129332169,40.23221870667831,58.6115782895537,66.3082644915362,62.6185267695574,62903,124258,1671,3062,1679,2820,103335,1035,1001,2722,0,188832,108080,4758,Va por México,188832,26.0502927561011,V x M
05,Coahuila,Coah.,036,Viesca,05036,25.3425,-102.80666666666666,19797,7.175909090909091,NO,15109,10511,69.56780726719174,30.43219273280826,58.306146417852,71.5340222788887,64.8273124255657,169,4463,37,113,1561,51,3408,35,50,454,0,4669,5085,539,Juntos Haremos Historia,5085,3.95775853867377,JHH
05,Coahuila,Coah.,037,Villa Union,05037,28.22083333333333,-100.7238888888889,6178,8.36125,NO,5239,3478,66.38671502195075,33.61328497804925,57.5378787878788,68.4062625451626,62.8142662249074,158,1709,23,5,10,10,1450,9,31,6,0,1890,1466,46,Va por México,1890,12.190914318573894,V x M
05,Coahuila,Coah.,038,Zaragoza,05038,28.487222222222226,-100.91666666666669,13106,8.126153846153846,NO,10829,6180,57.06898143872934,42.93101856127066,56.1999236932469,69.3307839388145,62.7578304048892,798,1989,95,26,1123,530,1433,6,15,12,0,2882,2584,33,Va por México,2882,4.82200647249191,V x M
06,Colima,Col.,001,Colima,06001,19.24361111111111,-103.73083333333334,157302,10.984065934065937,SI,128146,71019,55.42037987920029,44.57962012079971,58.8176044796504,65.7839245844704,62.4683112324493,10807,12055,1004,6941,1605,13225,19779,1356,626,1618,0,23869,28325,3600,Juntos Haremos Historia,28325,6.274377279319618,JHH
06,Colima,Col.,002,Comala,06002,19.320833333333333,-103.76027777777776,21720,8.787692307692307,SI,17311,11000,63.543411703541096,36.456588296458904,64.363591816734,75.7766184491345,70.1632825209375,1340,1786,114,3436,219,1082,2133,188,87,225,0,3242,5788,500,Juntos Haremos Historia,5788,23.145454545454545,JHH
06,Colima,Col.,003,Coquimatlan,06003,19.197777777777777,-103.81138888888889,20907,7.884666666666667,SI,16600,9382,56.51807228915663,43.48192771084337,58.5500691041588,69.9514744307577,64.2785696424106,793,1658,52,1836,232,1158,2975,198,100,77,0,2505,5043,375,Juntos Haremos Historia,5043,27.05180132167981,JHH
06,Colima,Col.,004,Cuauhtemoc,06004,19.32805555555555,-103.60277777777776,31757,9.188333333333333,SI,23519,13513,57.45567413580509,42.54432586419491,54.0124003542958,62.3375505637318,58.234754899821,884,2817,173,1130,179,2276,4229,643,170,572,0,3876,5538,1385,Juntos Haremos Historia,5538,12.299267372160141,JHH
06,Colima,Col.,005,Villa De Alvarez,06005,19.26722222222222,-103.73777777777778,148894,11.154328358208955,SI,107038,56774,53.040976101945105,46.959023898054895,56.9217104428372,62.7906073377746,59.9809664584451,6459,8654,734,6662,1672,10841,16266,1210,696,1999,0,15850,24600,3905,Juntos Haremos Historia,24600,15.411984359037588,JHH
06,Colima,Col.,006,Armeria,06006,18.934722222222224,-103.96472222222222,27624,7.820476190476191,SI,21839,12192,55.826731993223135,44.173268006776865,56.394969725198,66.4065403195838,61.4075073259221,473,1370,129,3579,760,582,3803,380,186,544,0,1976,8142,1110,Juntos Haremos Historia,8142,50.574146981627294,JHH
06,Colima,Col.,007,Ixtlahuacan,06007,18.997777777777777,-103.73583333333332,5615,7.21625,NO,5257,4000,76.08902415826518,23.910975841734825,74.2746615087041,82.953181272509,78.5405192761605,237,709,68,763,30,115,358,1465,5,125,0,1015,1151,1595,Otros,1595,11.1,JHH
06,Colima,Col.,008,Manzanillo,06008,19.052222222222223,-104.31583333333332,191031,9.441285714285714,NO,144215,72882,50.53704538362861,49.46295461637139,55.8321252536967,64.4762409468292,60.1210996844689,8639,5841,616,16166,1702,6235,27622,1779,581,1754,0,15098,45490,4114,Juntos Haremos Historia,45490,41.70028264866497,JHH
06,Colima,Col.,009,Minatitlan,06009,19.386666666666667,-104.05083333333332,10231,8.405714285714286,NO,7834,6124,78.17207046208833,21.827929537911672,77.6284584980237,81.6694867456289,79.5804386323389,151,1597,50,2402,31,138,993,561,17,41,0,1801,3426,619,Juntos Haremos Historia,3426,26.534944480731546,JHH
06,Colima,Col.,010,Tecoman,06010,18.90888888888889,-103.87472222222222,116310,8.194833333333333,SI,84553,38434,45.45551311012028,54.54448688987972,49.7476356152301,58.6473013133928,54.2465288715501,3021,6415,434,7026,804,2369,12538,1340,645,2527,0,9871,20368,4512,Juntos Haremos Historia,20368,27.311755216735182,JHH
07,Chiapas,Chis.,001,Acacoyagua,07001,15.339444444444444,-92.67416666666666,18370,6.654285714285714,NO,12572,8437,67.10944957047407,32.89055042952593,58.1008403361345,71.8973138388303,64.9594320486815,815,426,75,1578,63,145,3201,1634,136,50,0,1318,4843,1820,Juntos Haremos Historia,4843,35.830271423491766,JHH
07,Chiapas,Chis.,002,Acala,07002,16.55611111111111,-92.80555555555556,21194,7.478,NO,15453,11026,71.35184106645958,28.648158933540415,64.3338213762811,77.0008585328627,70.7400617522192,472,677,137,1820,1184,363,4003,225,496,429,0,1290,7009,1150,Juntos Haremos Historia,7009,51.86831126428442,JHH
07,Chiapas,Chis.,122,Emiliano Zapata,07122,15.133455,-92.573678,10783,7.2925,NO,8457,3469,41.019273974222536,58.980726025777464,53.9112050739958,55.2752293577982,54.5654565456546,292,109,26,594,336,365,1006,332,185,46,0,430,1940,563,Juntos Haremos Historia,1940,39.69443643701355,JHH
07,Chiapas,Chis.,003,Acapetahua,07003,15.28138888888889,-92.69027777777778,27893,7.144285714285714,NO,21104,13625,64.56122062168309,35.43877937831691,53.6379188890007,60.0675138999206,56.8744065170673,435,633,87,2876,2418,368,4944,713,507,124,0,1158,10241,1344,Juntos Haremos Historia,10241,65.29908256880734,JHH
07,Chiapas,Chis.,004,Altamirano,07004,16.735555555555557,-92.03833333333333,36758,5.957777777777778,NO,22553,17635,78.19358843612824,21.80641156387176,68.8942163620018,81.1522957427982,75.0718461995838,183,569,123,7205,145,236,6968,458,309,167,0,876,14320,934,Juntos Haremos Historia,14320,75.9058690104905,JHH
07,Chiapas,Chis.,005,Amatan,07005,17.37361111111111,-92.81805555555556,24631,6.304,NO,15599,11665,74.78043464324637,25.21956535675363,54.1689750692521,58.2711958022646,56.2232056423731,3626,318,66,4174,46,94,2728,120,98,35,0,4014,6952,253,Juntos Haremos Historia,6952,25.18645520788684,JHH
07,Chiapas,Chis.,006,Amatenango De La Frontera,07006,15.436111111111112,-92.1147222222222,31683,6.425,NO,22828,16682,73.07692307692307,26.923076923076938,59.6442307692308,68.5788545437668,64.1902422897086,104,455,129,6004,108,100,4369,4254,339,49,0,692,10482,4642,Juntos Haremos Historia,10482,35.007792830595854,JHH
07,Chiapas,Chis.,007,Amatenango Del Valle,07007,16.52722222222222,-92.43472222222222,11257,5.16,NO,6716,5644,84.0381179273377,15.961882072662306,76.5066394279877,83.4326579261025,80.2002224694104,45,2840,55,349,90,183,421,79,28,623,0,2942,862,730,Va por México,2942,36.8532955350815,V x M
07,Chiapas,Chis.,008,Angel Albino Corzo,07008,15.870833333333334,-92.7238888888889,32186,6.461666666666667,NO,19762,6038,30.55358769355329,69.44641230644672,55.6046085926564,64.0423524478457,59.8799532561351,221,1060,276,347,653,884,712,225,745,56,0,1559,1716,1026,Juntos Haremos Historia,1716,2.600198741305068,JHH
07,Chiapas,Chis.,116,Montecristo De Guerrero,07116,15.6925,-92.61833333333333,8388,6.2425,NO,5635,4499,79.84028393966283,20.159716060337175,32.3026555110949,33.7070254110613,32.9953917050691,194,448,36,71,882,216,1614,210,286,28,0,679,2570,524,Juntos Haremos Historia,2570,42.03156256945988,JHH
07,Chiapas,Chis.,009,Arriaga,07009,16.233888888888888,-93.89861111111112,41143,8.3092,NO,31582,17965,56.883667912101835,43.116332087898165,49.4113644096632,55.8096184913632,52.7558543635714,1467,1005,158,762,461,1160,9990,715,954,259,0,2632,11216,1928,Juntos Haremos Historia,11216,47.781797940439745,JHH
07,Chiapas,Chis.,010,Bejucal De Ocampo,07010,15.455,-92.15805555555556,7135,6.453333333333333,NO,6018,1793,29.79395147889664,70.20604852110336,43.6504998148834,46.8949943545352,45.2594251586413,24,126,18,140,69,22,204,873,17,7,0,168,413,897,Otros,897,26.993865030674847,JHH
07,Chiapas,Chis.,011,Bella Vista,07011,15.583333333333334,-92.24722222222222,20817,6.748571428571429,NO,14581,9900,67.89657773815239,32.10342226184761,47.1043034281546,53.2750465816253,50.2168883747831,98,571,118,2147,3113,144,813,881,163,38,0,789,6073,1082,Juntos Haremos Historia,6073,50.41414141414141,JHH
07,Chiapas,Chis.,012,Berriozabal,07012,16.798611111111114,-93.27222222222224,64115,7.349285714285714,SI,37397,23252,62.176110383185815,37.823889616814185,59.7188071370027,70.6748321752444,65.3837956337728,625,1167,219,5689,421,2810,8705,1275,375,478,0,2014,14815,2128,Juntos Haremos Historia,14815,51.6299673146396,JHH
07,Chiapas,Chis.,013,Bochil,07013,16.994722222222222,-92.89111111111112,40595,7.294545454545455,NO,24364,17508,71.86012149072401,28.139878509275988,66.5018767737801,75.7952372675126,71.2693388024433,674,6135,361,2382,387,389,3444,2716,100,116,0,7173,6214,2932,Va por México,7173,5.477496001827736,V x M
07,Chiapas,Chis.,014,El Bosque,07014,17.061666666666667,-92.72027777777778,24642,5.977777777777778,NO,17371,12008,69.12670542858788,30.873294571412117,60.0926538716082,70.4872153670017,65.393098079917,226,3525,128,1166,155,188,2685,807,229,1150,0,3881,4009,2186,Juntos Haremos Historia,4009,1.0659560293137909,JHH
07,Chiapas,Chis.,015,Cacahoatan,07015,14.989166666666666,-92.1652777777778,50493,7.9882608695652175,NO,33962,22721,66.90124256521996,33.09875743478004,57.4592373860573,67.8666184273999,62.8256949194702,1000,3172,252,514,5923,330,9008,895,450,99,0,4428,15445,1444,Juntos Haremos Historia,15445,48.48818273843581,JHH
07,Chiapas,Chis.,016,Catazaja,07016,17.724999999999998,-92.01416666666668,17214,7.339090909090909,NO,13744,9635,70.10331781140862,29.896682188591384,65.5208646052237,71.6739490733765,68.5916234303331,163,1110,78,201,467,635,5658,179,835,55,0,1354,6328,1069,Juntos Haremos Historia,6328,51.62428645563051,JHH
07,Chiapas,Chis.,017,Cintalapa,07017,16.695,-93.72166666666666,87203,7.770540540540541,NO,64340,36162,56.20453838980417,43.79546161019583,55.6752334855818,66.408103083531,61.2065547773226,668,5492,406,8309,1787,1010,13261,1096,721,929,0,6567,23360,2746,Juntos Haremos Historia,23360,46.43825009678668,JHH
07,Chiapas,Chis.,018,Coapilla,07018,17.130555555555556,-93.15833333333336,10279,7.09,NO,6428,5248,81.64281269446172,18.357187305538275,68.1169509223808,77.828947368421,73.1100963977676,46,225,1427,311,61,51,2385,51,54,232,0,1699,2757,337,Juntos Haremos Historia,2757,20.160060975609756,JHH
07,Chiapas,Chis.,019,Comitan De Dominguez,07019,16.25111111111111,-92.13416666666669,167848,8.269636363636364,NO,110523,56923,51.50330700397202,48.49669299602798,55.3216919212381,62.2390387410059,59.0112487002552,1629,14769,819,2515,8186,2983,14904,3023,1857,2151,0,17221,25608,7031,Juntos Haremos Historia,25608,14.733938829647068,JHH
07,Chiapas,Chis.,020,La Concordia,07020,16.116111111111113,-92.6888888888889,50120,6.360416666666667,NO,34975,25741,73.59828448892067,26.40171551107933,63.5983263598326,68.1124938994632,65.8486147857556,315,972,118,316,256,369,10813,10416,735,256,0,1406,11387,11407,Otros,11407,0.07769705916631056,JHH
07,Chiapas,Chis.,021,Copainala,07021,17.09361111111111,-93.21055555555556,22201,7.767857142857143,NO,16343,12170,74.46613228905342,25.53386771094658,65.4153354632588,76.7758186397985,71.2529122443697,175,3271,196,2821,93,116,4427,298,130,32,0,3645,7341,460,Juntos Haremos Historia,7341,30.369761709120787,JHH
07,Chiapas,Chis.,022,Chalchihuitan,07022,16.961111111111112,-92.61888888888888,22487,5.1739999999999995,NO,11762,9504,80.80258459445673,19.197415405543268,79.801324503311207,85.4356543930004,82.7118644067797,117,4059,63,94,146,132,3799,414,206,46,0,4242,4043,666,Va por México,4242,2.093855218855219,V x M
07,Chiapas,Chis.,023,Chamula,07023,16.7875,-92.68916666666668,102024,4.295609756097561,NO,68499,42530,62.08849764230134,37.91150235769866,54.3489374132769,69.8113748423346,63.0110807772603,277,18157,263,6071,1184,459,9496,2519,981,210,0,18700,16755,3710,Va por México,18700,4.573242417117329,V x M
07,Chiapas,Chis.,024,Chanal,07024,16.6575,-92.2575,13631,6.343333333333334,NO,7855,5958,75.8497772119669,24.150222788033105,24.4542772861357,23.6103467253715,24.0176537585421,68,645,89,575,74,177,731,1943,43,48,0,805,1383,2034,Otros,2034,10.926485397784491,JHH
07,Chiapas,Chis.,025,Chapultenango,07025,17.33888888888889,-93.12916666666666,6673,7.543333333333333,NO,5139,4077,79.33450087565674,20.665499124343256,75.2711496746204,81.92819685357,78.7207357859532,86,63,812,81,82,40,1890,761,44,24,0,964,2053,829,Juntos Haremos Historia,2053,26.71081677704194,JHH
07,Chiapas,Chis.,026,Chenalho,07026,16.89361111111111,-92.62583333333332,45993,4.8677777777777775,NO,33289,24317,73.04815404487968,26.95184595512032,61.4271166715159,66.9315068493151,64.2620290673063,103,8448,82,8816,108,128,4559,415,730,60,0,8636,13486,1205,Juntos Haremos Historia,13486,19.944894518238268,JHH
07,Chiapas,Chis.,112,Aldama,07112,16.9175,-92.68805555555556,8480,5.785,NO,4249,2706,63.68557307601789,36.31442692398211,58.2016348773842,69.5629552549428,64.0138408304498,11,1028,5,1350,13,12,86,14,9,3,0,1046,1449,26,Juntos Haremos Historia,1449,14.892830746489283,JHH
07,Chiapas,Chis.,027,Chiapa De Corzo,07027,16.706944444444442,-93.01388888888889,112142,8.714411764705883,SI,74387,44773,60.18928038501351,39.81071961498649,60.0250365115794,68.0273622156721,64.1649763353617,1496,2436,493,18765,1240,736,15345,1225,696,393,0,4428,35353,2314,Juntos Haremos Historia,35353,69.07064525495277,JHH
07,Chiapas,Chis.,028,Chiapilla,07028,16.56888888888889,-92.72,6133,6.203333333333333,NO,4945,4048,81.86046511627907,18.139534883720927,60.4006820119352,74.194952132289,67.2265288544358,79,210,43,212,1328,87,1052,439,126,69,0,333,2594,634,Juntos Haremos Historia,2594,48.41897233201581,JHH
07,Chiapas,Chis.,029,Chicoasen,07029,16.96527777777778,-93.10472222222222,5402,7.216666666666667,NO,4439,3483,78.46361793196665,21.536382068033348,11.0407239819005,12.7918287937743,11.8846694796062,369,155,43,285,37,91,1374,685,37,54,0,567,1696,776,Juntos Haremos Historia,1696,26.41401091013494,JHH
07,Chiapas,Chis.,030,Chicomuselo,07030,15.741666666666664,-92.285,37073,6.216470588235294,NO,25598,18040,70.47425580123448,29.525744198765523,63.645788336933,71.6802967709299,67.7120669056153,182,694,157,183,7752,218,6642,1018,259,80,0,1037,14579,1357,Juntos Haremos Historia,14579,73.29268292682927,JHH
07,Chiapas,Chis.,031,Chilon,07031,17.10388888888889,-92.27277777777778,136039,6.179318181818182,NO,80493,62681,77.87136769656989,22.12863230343011,45.6131720585682,50.7284023351722,48.2698191933241,262,822,347,17960,12653,504,25759,928,1437,331,0,1434,56372,2696,Juntos Haremos Historia,56372,85.63360507968922,JHH
07,Chiapas,Chis.,032,Escuintla,07032,15.319444444444445,-92.65833333333336,29410,7.293571428571429,NO,23080,14354,62.19237435008665,37.80762564991335,55.1990097124357,64.5033600294578,59.9297917154224,247,1476,178,3398,1719,280,4374,1004,441,230,0,1905,9494,1675,Juntos Haremos Historia,9494,52.87028006130695,JHH
07,Chiapas,Chis.,033,Francisco Leon,07033,17.28527777777778,-93.27361111111112,6518,6.529999999999999,NO,5066,4117,81.26727200947494,18.732727990525063,83.4500875656743,89.3805309734513,86.3996478873239,49,50,15,1384,18,42,1984,273,51,13,0,115,3386,337,Juntos Haremos Historia,3386,74.05878066553315,JHH
07,Chiapas,Chis.,034,Frontera Comalapa,07034,15.658333333333331,-92.1413888888889,81279,6.687,NO,52537,24931,47.45417515274949,52.54582484725051,55.1158870627897,63.1514625877158,59.2675574384879,227,2021,230,8404,1200,852,8395,796,707,185,0,2479,18002,1688,Juntos Haremos Historia,18002,62.26384822109021,JHH
07,Chiapas,Chis.,035,Frontera Hidalgo,07035,14.776944444444446,-92.17666666666668,14705,7.614285714285714,NO,10095,7147,70.7974244675582,29.2025755324418,69.5753222057891,79.9513480640584,74.8706807366025,247,615,89,1966,158,525,2598,296,160,45,0,955,4722,501,Juntos Haremos Historia,4722,52.70742969077935,JHH
07,Chiapas,Chis.,036,La Grandeza,07036,15.508333333333333,-92.225,7640,7.61,NO,5325,3746,70.3474178403756,29.6525821596244,60.8333333333333,71.5427657873701,66.2994696042432,56,215,28,302,2056,16,688,178,16,6,0,301,3048,200,Juntos Haremos Historia,3048,73.33155365723438,JHH
07,Chiapas,Chis.,037,Huehuetan,07037,15.019166666666669,-92.38083333333331,36412,7.810625,NO,27943,18770,67.17245821851627,32.82754178148373,65.7666045934202,76.1715296198055,71.103552532124,340,884,958,4151,2340,713,5802,1165,1188,183,0,2182,12296,2536,Juntos Haremos Historia,12296,51.99786893979755,JHH
07,Chiapas,Chis.,038,Huitiupan,07038,17.171666666666667,-92.68527777777778,27712,6.184,NO,17632,15102,85.6510889292196,14.348911070780405,74.1735023614218,80.9482864512959,77.5807746957435,213,722,139,4626,91,272,6402,1056,255,321,0,1074,11120,1632,Juntos Haremos Historia,11120,62.82611574625877,JHH
07,Chiapas,Chis.,039,Huixtan,07039,16.71,-92.45277777777778,24319,6.2709090909090905,NO,16445,11440,69.56521739130434,30.434782608695656,54.4624325446243,59.4650740067515,57.0433384687521,123,896,228,1776,4739,169,1833,337,90,81,0,1249,8351,508,Juntos Haremos Historia,8351,62.08041958041958,JHH
07,Chiapas,Chis.,040,Huixtla,07040,15.13888888888889,-92.46583333333334,53452,8.2816,NO,39954,23844,59.67863042498873,40.32136957501127,48.1527967257844,54.6019651092841,51.5141222271575,1789,2030,368,6442,414,384,9871,835,390,182,0,4190,16731,1407,Juntos Haremos Historia,16731,52.59604093272941,JHH
07,Chiapas,Chis.,041,La Independencia,07041,16.252222222222223,-92.0225,46751,5.953125,NO,32444,25154,77.53051411663174,22.469485883368264,70.6066376496192,73.3244982961,72.0163666121113,364,986,1123,632,283,530,18213,850,310,174,0,2477,19133,1334,Juntos Haremos Historia,19133,66.21610876997694,JHH
07,Chiapas,Chis.,042,Ixhuatan,07042,17.29277777777778,-93.00916666666669,11621,7.1225000000000005,NO,5100,4149,81.35294117647058,18.64705882352942,50.0768049155146,55.9714285714286,53.1310140636565,63,100,1281,20,19,23,2401,58,40,21,0,1444,2441,119,Juntos Haremos Historia,2441,24.029886719691493,JHH
07,Chiapas,Chis.,043,Ixtacomitan,07043,17.43027777777778,-93.095,11053,8.085,NO,7665,5537,72.23744292237443,27.762557077625573,72.4088429514786,79.9946794360202,76.3463131731566,244,224,112,1590,106,93,2522,293,58,44,0,583,4218,395,Juntos Haremos Historia,4218,65.64926855698032,JHH
07,Chiapas,Chis.,044,Ixtapa,07044,16.802777777777777,-92.90444444444444,28185,7.191111111111111,NO,19759,14387,72.81238929095602,27.18761070904398,74.8836178230991,81.6169495098556,78.3348641201578,132,1515,90,5616,58,99,3937,2351,122,56,0,1741,9614,2529,Juntos Haremos Historia,9614,49.245846945158824,JHH
07,Chiapas,Chis.,045,Ixtapangajoya,07045,17.495833333333334,-93.00222222222222,6425,6.925000000000001,NO,4632,3695,79.77115716753022,20.22884283246978,71.7842323651452,75.8261656858307,73.8236637734125,28,76,42,988,1818,17,535,48,1,5,0,147,3341,54,Juntos Haremos Historia,3341,86.44113667117726,JHH
07,Chiapas,Chis.,046,Jiquipilas,07046,16.666666666666668,-93.65,42034,7.514583333333333,NO,31904,20978,65.75351053159478,34.246489468405215,59.7480106100796,63.9588027035726,61.8846970439327,519,1571,383,7324,1122,297,8147,473,188,136,0,2476,16596,797,Juntos Haremos Historia,16596,67.30860901897226,JHH
07,Chiapas,Chis.,047,Jitotol,07047,17.06722222222222,-92.86083333333332,25057,7.058571428571429,NO,14091,11750,83.38655879639487,16.613441203605134,74.6612244897959,81.0905612244898,77.9140114543841,282,2319,517,247,151,223,3582,2144,135,148,0,3119,3982,2427,Juntos Haremos Historia,3982,7.3446808510638295,JHH
07,Chiapas,Chis.,048,Juarez,07048,17.604444444444447,-93.19583333333334,21919,7.706153846153846,NO,16053,10485,65.31489441225939,34.68510558774061,60.5245185084005,67.1940793671048,63.972819633197,361,988,230,3318,147,143,4308,321,141,182,0,1582,7773,644,Juntos Haremos Historia,7773,59.04625655698617,JHH
07,Chiapas,Chis.,049,Larrainzar,07049,16.88361111111111,-92.71333333333334,28910,6.323333333333333,NO,17143,10227,59.65700285830952,40.34299714169048,64.9849603500137,69.9690002583312,67.547821466525,37,6414,34,2582,43,60,592,72,12,19,0,6485,3221,103,Va por México,6485,31.915517747139923,V x M
07,Chiapas,Chis.,118,Santiago El Pinar,07118,16.939722222222223,-92.71444444444444,4959,5.67,NO,2673,2350,87.91619902731014,12.083800972689858,33.0122591943958,30.3005008347245,31.6239316239316,9,73,4,2148,12,7,57,3,3,10,0,86,2217,16,Juntos Haremos Historia,2217,90.68085106382979,JHH
07,Chiapas,Chis.,050,La Libertad,07050,17.69,-91.71833333333332,5104,7.617999999999999,NO,4500,3985,88.55555555555556,11.444444444444445,70.4231830726771,72.1149528513696,71.2792547148375,150,147,41,280,53,76,2152,133,485,49,0,341,2487,667,Juntos Haremos Historia,2487,45.67126725219573,JHH
07,Chiapas,Chis.,051,Mapastepec,07051,15.441666666666666,-92.89166666666668,45888,7.078181818181818,NO,33614,18204,54.15600642589398,45.84399357410602,52.2457408363449,60.3254839107385,56.3780818462703,416,541,180,3026,2380,264,5715,2461,1748,716,0,1139,11123,4925,Juntos Haremos Historia,11123,34.04746209624258,JHH
07,Chiapas,Chis.,052,Las Margaritas,07052,16.31527777777778,-91.98166666666668,138118,6.118157894736842,NO,88444,57356,64.85007462349057,35.14992537650943,62.3815150981822,74.7976850851284,68.732190232878,412,1211,1946,1422,11245,425,17607,18846,1120,339,0,3573,30277,20305,Juntos Haremos Historia,30277,17.38614966176163,JHH
07,Chiapas,Chis.,114,Maravilla Tenejapa,07114,16.139166666666664,-91.29555555555557,16018,5.6579999999999995,NO,9069,6752,74.45142794133862,25.548572058661374,59.5340420719294,71.6113161131611,65.3193495168513,218,553,145,516,1649,147,1089,279,73,87,0,916,3256,439,Juntos Haremos Historia,3256,34.656398104265406,JHH
07,Chiapas,Chis.,053,Mazapa De Madero,07053,15.386944444444444,-92.18777777777778,7955,6.478,NO,6112,4701,76.9142670157068,23.0857329842932,51.5265866209262,58.7891296869625,55.1528684300928,83,1304,153,273,179,67,1531,125,291,63,0,1542,1984,479,Juntos Haremos Historia,1984,9.402254839395873,JHH
07,Chiapas,Chis.,054,Mazatan,07054,14.8625,-92.45,28491,7.328,NO,20053,12803,63.845808607190946,36.154191392809054,58.4122835674616,67.3505154639175,63.0037599957634,1217,770,225,1609,1924,323,4440,1039,430,394,0,2215,7976,1863,Juntos Haremos Historia,7976,44.99726626571897,JHH
07,Chiapas,Chis.,055,Metapa,07055,14.836111111111112,-92.19111111111113,6579,8.36,NO,4914,3651,74.2979242979243,25.702075702075703,66.7713004484305,78.0683256010122,72.5929145837861,174,256,50,304,493,166,1568,167,168,36,0,482,2365,371,Juntos Haremos Historia,2365,51.57491098329225,JHH
07,Chiapas,Chis.,056,Mitontic,07056,16.869444444444444,-92.63,16338,4.902,NO,7985,5542,69.40513462742642,30.59486537257358,27.7477477477477,32.583065380493,30.3030303030303,143,1615,546,117,83,64,1022,138,241,1133,0,2308,1223,1512,Va por México,2308,14.363045831829664,V x M
07,Chiapas,Chis.,057,Motozintla,07057,15.364166666666666,-92.24805555555557,77117,6.902142857142857,NO,51118,30243,59.16311279784029,40.83688720215971,51.6494670952462,61.2686994196027,56.541259613386,356,2844,972,7311,2339,420,4787,3691,4595,254,0,4172,14438,8540,Juntos Haremos Historia,14438,19.5020335284198,JHH
07,Chiapas,Chis.,058,Nicolas Ruiz,07058,16.43722222222222,-92.5847222222222,4765,6.22,NO,3083,2413,78.26792085630879,21.73207914369121,47.5924633635729,46.064139941691,46.8449197860963,0,0,0,3,5,1,2396,1,2,0,0,0,2405,3,Juntos Haremos Historia,2405,99.54413593037712,JHH
07,Chiapas,Chis.,059,Ocosingo,07059,16.90722222222222,-92.0961111111111,238751,6.109838709677419,NO,148580,96030,64.631848162606,35.368151837393995,54.8785898985572,64.0852488348268,59.6168127135007,462,1929,490,42094,1804,1825,37314,2179,2935,918,0,2883,81212,6032,Juntos Haremos Historia,81212,78.28803498906592,JHH
07,Chiapas,Chis.,113,Benemerito De Las Americas,07113,16.515555555555554,-90.65472222222223,23603,6.58,NO,13087,8072,61.67952930388936,38.32047069611064,66.430660304756,77.6084223758642,71.9617448098904,50,245,54,91,2688,61,4282,164,117,31,0,350,7061,312,Juntos Haremos Historia,7061,83.1392467789891,JHH
07,Chiapas,Chis.,115,Marques De Comillas,07115,16.334999999999997,-90.76416666666668,12881,6.076,NO,8079,6564,81.24767916821389,18.752320831786108,67.9912901469788,73.5849056603774,70.7611981313548,31,86,37,16,3895,19,2255,64,39,5,0,155,6166,108,Juntos Haremos Historia,6166,91.5752589884217,JHH
07,Chiapas,Chis.,060,Ocotepec,07060,17.223888888888887,-93.16444444444446,14172,5.6866666666666665,NO,8618,6888,79.92573682989092,20.074263170109077,69.9762970766395,83.4896347482725,76.952478022678,25,2823,26,17,3805,2,142,5,0,1,0,2875,3964,6,Juntos Haremos Historia,3964,15.810104529616725,JHH
07,Chiapas,Chis.,061,Ocozocoautla De Espinosa,07061,16.7625,-93.375,96335,7.273548387096774,NO,66806,46481,69.57608598030117,30.423914019698827,53.8292570978952,63.6620681083768,58.8775803209648,1489,1765,1635,12165,793,2346,18678,2155,1756,576,0,4891,31640,4487,Juntos Haremos Historia,31640,57.54824551967471,JHH
07,Chiapas,Chis.,062,Ostuacan,07062,17.405555555555555,-93.33666666666666,18999,6.993636363636363,NO,13447,7068,52.56190971964006,47.43809028035994,64.1807379612258,70.2512254901961,67.246982358403,100,2171,41,267,41,390,2125,1597,70,28,0,2316,2433,1695,Juntos Haremos Historia,2433,1.6553480475382003,JHH
07,Chiapas,Chis.,063,Osumacinta,07063,16.940277777777776,-93.09305555555557,4048,7.779999999999999,NO,3088,2600,84.19689119170984,15.803108808290162,62.9384513567174,69.6342305037957,66.2162162162162,1018,124,23,282,26,42,629,109,17,32,0,1166,937,158,Va por México,1166,8.807692307692308,V x M
07,Chiapas,Chis.,064,Oxchuc,07064,16.78611111111111,-92.34333333333332,51156,7.057894736842106,NO,0,0,NA,NA,61.3792321215902,63.5466863200862,62.4631435699705,0,0,0,0,0,0,0,0,0,0,0,0,0,0,Sin votación,0,NA,Empate
07,Chiapas,Chis.,065,Palenque,07065,17.509166666666665,-91.98222222222222,131775,7.159428571428571,NO,89675,57338,63.93978254809033,36.06021745190967,58.342742133425,65.2849500961026,61.9148048853143,896,2053,1448,16939,1798,1295,17163,2962,8452,1135,0,4399,35904,12549,Juntos Haremos Historia,35904,40.732149708744636,JHH
07,Chiapas,Chis.,066,Pantelho,07066,17.005555555555556,-92.46944444444443,28769,4.52875,NO,14882,7983,53.64198360435425,46.35801639564575,65.5616653574234,73.1963207818339,69.5489003978083,48,1891,5097,193,55,23,438,55,16,6,0,7041,688,77,Va por México,7041,79.58161092321183,V x M
07,Chiapas,Chis.,067,Pantepec,07067,17.18777777777778,-93.05,11347,6.33,NO,8648,6029,69.71554116558741,30.28445883441259,58.5590617146049,63.4863331614234,61.120793672074,2319,132,167,235,38,90,1584,80,39,20,0,2621,1857,139,Va por México,2621,12.67208492287278,V x M
07,Chiapas,Chis.,068,Pichucalco,07068,17.50861111111111,-93.11833333333333,30880,8.088888888888889,NO,23716,14440,60.88716478326867,39.11283521673133,58.7141679640993,65.9863945578231,62.4851183914635,597,609,291,3697,488,162,6494,1057,400,100,0,1497,10679,1557,Juntos Haremos Historia,10679,63.17174515235457,JHH
07,Chiapas,Chis.,069,Pijijiapan,07069,15.686666666666667,-93.20916666666668,51016,7.158076923076923,NO,37471,22539,60.15051639934883,39.84948360065117,56.6786591285478,61.8753358409457,59.3560532654135,330,4195,221,624,2744,353,8455,735,3372,684,0,4746,11826,4791,Juntos Haremos Historia,11826,31.212564887528284,JHH
07,Chiapas,Chis.,070,El Porvenir,07070,15.455555555555556,-92.28055555555557,12806,7.154,NO,9785,7321,74.81859989780276,25.181400102197244,35.7957136342909,40.9474367293965,38.4393384393384,127,1245,215,1902,290,366,735,1273,364,51,0,1589,2930,1688,Juntos Haremos Historia,2930,16.964895506078406,JHH
07,Chiapas,Chis.,071,Pueblo Nuevo Solistahuacan,07071,17.159166666666664,-92.89916666666667,28955,6.35625,NO,17589,11434,65.00653817726987,34.993461822730126,59.1269841269841,63.88425698872,61.6776229292664,114,1343,3300,707,49,34,2060,3127,25,300,0,4757,2818,3452,Va por México,4757,11.413328668882281,V x M
07,Chiapas,Chis.,120,Rincon Chamula San Pedro,07120,17.205339,-92.934297,8718,5.48,NO,5125,3590,70.04878048780488,29.951219512195124,60.7112616426757,65.7142857142857,63.1464580617123,96,757,278,211,46,91,1009,108,33,67,0,1134,1266,208,Juntos Haremos Historia,1266,3.6768802228412256,JHH
07,Chiapas,Chis.,072,Rayon,07072,17.200833333333332,-93.01166666666668,10597,7.576666666666666,NO,6683,5597,83.74981295825228,16.250187041747722,63.1163708086785,73.4530298172491,68.349293945788,171,214,984,234,88,144,1812,216,443,572,0,1371,2134,1231,Juntos Haremos Historia,2134,13.632303019474719,JHH
07,Chiapas,Chis.,073,Reforma,07073,17.86388888888889,-93.1463888888889,44797,8.949,NO,30917,19222,62.1729145777404,37.8270854222596,55.0810014727541,62.915667336488,59.1524624402075,253,651,204,3322,3178,164,10280,392,210,60,0,1109,16780,662,Juntos Haremos Historia,16780,81.52637602746853,JHH
07,Chiapas,Chis.,074,Las Rosas,07074,16.3625,-92.37083333333332,28781,6.404166666666667,NO,19188,13827,72.06066291432145,27.939337085678545,59.8512585812357,70.295103232083,65.2214996387083,865,2109,669,3348,303,262,3749,612,196,115,0,3646,7403,923,Juntos Haremos Historia,7403,27.171476097490416,JHH
07,Chiapas,Chis.,075,Sabanilla,07075,17.280555555555555,-92.55083333333332,30517,6.684,NO,18909,16451,87.00089904278386,12.999100957216143,63.1852605402961,69.1135886963241,66.1845191555903,137,622,54,82,5348,431,8268,176,187,98,0,813,13701,461,Juntos Haremos Historia,13701,78.34174214333476,JHH
07,Chiapas,Chis.,076,Salto De Agua,07076,17.555555555555557,-92.33388888888888,62964,6.572380952380953,NO,43607,33801,77.51278464466715,22.48721535533285,73.0330238928626,78.41066564725,75.8021653543307,415,1604,582,6849,853,808,12372,4589,1353,467,0,2603,20076,6409,Juntos Haremos Historia,20076,40.43371497884678,JHH
07,Chiapas,Chis.,077,San Cristobal De Las Casas,07077,16.736666666666668,-92.63833333333334,214552,9.422727272727272,NO,140730,61667,43.81937042563774,56.18062957436226,55.2867501647989,61.4204459379433,58.6281144263304,2805,8357,2008,6779,3496,4173,16624,4650,4220,2350,0,13173,26900,11220,Juntos Haremos Historia,26900,22.259879676326072,JHH
07,Chiapas,Chis.,078,San Fernando,07078,16.870833333333334,-93.20694444444445,42219,7.2335714285714285,SI,27503,19661,71.48674690033815,28.513253099661853,59.3667965953385,70.2719454559541,64.8912787502944,3086,1403,323,6422,192,411,5317,717,231,328,0,4814,11931,1276,Juntos Haremos Historia,11931,36.1985656884187,JHH
07,Chiapas,Chis.,079,San Juan Cancuc,07079,16.891666666666666,-92.37083333333332,40137,5.4375,NO,23069,16995,73.67029346742382,26.329706532576186,64.8047988986134,71.5592217340626,68.3378669918394,68,11756,81,1127,134,136,2522,440,149,20,0,11908,3786,609,Va por México,11908,47.79052662547808,V x M
07,Chiapas,Chis.,080,San Lucas,07080,16.611666666666668,-92.71805555555557,7006,6.055,NO,5098,4066,79.75676735974892,20.24323264025108,75.7625050833672,81.6809465524276,78.7169042769857,60,95,49,2017,66,48,471,96,15,11,0,205,2556,122,Juntos Haremos Historia,2556,57.820954254795865,JHH
07,Chiapas,Chis.,081,Siltepec,07081,15.556944444444444,-92.3225,24664,6.627272727272727,NO,0,0,NA,NA,59.4055623471883,67.7811550151976,63.55183456151861,0,0,0,0,0,0,0,0,0,0,0,0,0,0,Sin votación,0,NA,Empate
07,Chiapas,Chis.,124,Honduras De La Sierra,07124,15.589722,-92.476111,11650,5.036666666666667,NO,0,0,NA,NA,26.6365688487585,35.2941176470588,31.1965811965812,0,0,0,0,0,0,0,0,0,0,0,0,0,0,Sin votación,0,NA,Empate
07,Chiapas,Chis.,119,Capitan Luis Angel Vidal,07119,15.602222,-92.628056,4315,6.215,NO,2811,2314,82.3194592671647,17.680540732835297,NA,NA,NA,8,101,33,585,301,16,1102,64,22,5,0,142,1990,91,Juntos Haremos Historia,1990,79.86171132238547,JHH
07,Chiapas,Chis.,082,Simojovel,07082,17.14,-92.71416666666669,52749,5.865,NO,32431,20901,64.44759643550924,35.55240356449076,56.3357259611968,64.6977205153618,60.6690406080942,283,2257,546,9061,1002,660,2882,214,400,247,0,3088,12947,861,Juntos Haremos Historia,12947,47.169991866417874,JHH
07,Chiapas,Chis.,117,San Andres Duraznal,07117,17.130555555555556,-92.80416666666666,5721,5.01,NO,3711,3088,83.21207221773108,16.787927782268923,8.86546807191568,9.68102965864577,9.29411764705882,97,469,45,163,420,67,114,442,28,91,0,612,698,561,Juntos Haremos Historia,698,2.784974093264249,JHH
07,Chiapas,Chis.,083,Sitala,07083,17.024166666666666,-92.30777777777776,15315,4.6425,NO,9633,8299,86.15176995743798,13.848230042562022,56.0738581146744,57.2706935123042,56.6969485208479,41,192,71,105,121,500,4320,698,140,49,0,304,4546,887,Juntos Haremos Historia,4546,44.089649355344015,JHH
07,Chiapas,Chis.,084,Socoltenango,07084,16.243055555555557,-92.35055555555554,17866,6.2214285714285715,NO,13626,9896,72.62586232203141,27.37413767796859,62.6187139965748,69.8164720157743,66.2645974185618,317,1608,137,411,2788,102,2856,526,329,89,0,2065,6057,944,Juntos Haremos Historia,6057,40.339531123686335,JHH
07,Chiapas,Chis.,085,Solosuchiapa,07085,17.428333333333335,-93.02944444444444,8716,7.013333333333334,NO,6059,4882,80.57435220333389,19.425647796666112,24.6268656716418,25.9853505406348,25.3124449920789,124,242,124,596,133,74,1589,1099,48,49,0,493,2318,1196,Juntos Haremos Historia,2318,22.98238426874232,JHH
07,Chiapas,Chis.,086,Soyalo,07086,16.890277777777776,-92.92472222222224,10702,7.0475,NO,7643,6221,81.39474028522832,18.605259714771677,0,0,0,189,1890,142,206,167,130,1562,352,90,459,0,2222,1937,901,Va por México,2222,4.5812570326314095,V x M
07,Chiapas,Chis.,087,Suchiapa,07087,16.629444444444445,-93.09166666666668,26152,8.745714285714286,SI,17693,11896,67.23562991013395,32.76437008986605,62.7280625543006,72.1541362243696,67.563319833162,625,622,400,3995,519,343,2366,307,170,1565,0,1649,6882,2042,Juntos Haremos Historia,6882,40.68594485541358,JHH
07,Chiapas,Chis.,088,Suchiate,07088,14.679166666666664,-92.15138888888887,41243,6.610588235294117,NO,24095,15680,65.07574185515668,34.92425814484332,63.0375033247628,72.5144242829668,67.9146226009123,559,1918,245,3138,187,170,7013,1260,434,68,0,2725,10338,1762,Juntos Haremos Historia,10338,48.55229591836735,JHH
07,Chiapas,Chis.,089,Sunuapa,07089,17.48888888888889,-93.24305555555556,2955,7.31,NO,2033,1766,86.86669945892768,13.133300541072316,55.175983436853,60.8501118568233,57.9032258064516,80,85,13,236,40,23,526,589,42,22,0,179,802,653,Juntos Haremos Historia,802,8.437146092865232,JHH
07,Chiapas,Chis.,090,Tapachula,07090,14.908055555555556,-92.26055555555556,352419,9.346300578034684,SI,237458,103171,43.448104506902276,56.551895493097724,50.045539435311,57.351598173516,53.9024157191129,5029,14817,1432,14745,3890,2293,49238,3593,2696,821,0,21279,67875,7110,Juntos Haremos Historia,67875,45.16385418383073,JHH
07,Chiapas,Chis.,091,Tapalapa,07091,17.19,-93.105,4637,6.93,NO,3753,3110,82.86703970157208,17.132960298427918,79.0452572845629,90.0670322973796,84.6035648432698,26,790,988,43,18,16,639,159,33,11,0,1805,700,203,Va por México,1805,35.530546623794216,V x M
07,Chiapas,Chis.,092,Tapilula,07092,17.248611111111114,-93.01666666666668,13950,8.69,NO,9165,6652,72.58046917621385,27.419530823786147,30.1356350184957,34.1468777484609,32.256189701267,157,1015,757,822,135,94,2784,137,60,46,0,1932,3741,243,Juntos Haremos Historia,3741,27.194828622970537,JHH
07,Chiapas,Chis.,093,Tecpatan,07093,17.13611111111111,-93.3111111111111,22486,6.815384615384615,NO,15510,11769,75.88007736943906,24.119922630560936,55.0974567060358,61.6761982570806,58.4892414616168,98,3161,64,2718,78,205,4523,309,83,40,0,3327,7319,432,Juntos Haremos Historia,7319,33.91961933894129,JHH
07,Chiapas,Chis.,123,Mezcalapa,07123,17.188441,-93.3111111111111,23847,6.725714285714286,NO,16726,12895,77.0955398780342,22.9044601219658,82.2641509433962,81.0185185185185,81.7047817047817,90,453,45,2210,219,124,4960,224,3864,108,0,589,7389,4196,Juntos Haremos Historia,7389,24.761535478867778,JHH
07,Chiapas,Chis.,094,Tenejapa,07094,16.81722222222222,-92.50722222222224,45858,5.936875,NO,28781,21775,75.65755185712797,24.34244814287203,65.7869327325394,76.9495091164095,71.7513489208633,504,3619,1048,1872,674,870,8191,1616,497,296,0,5173,10739,2409,Juntos Haremos Historia,10739,25.56142365097589,JHH
07,Chiapas,Chis.,095,Teopisca,07095,16.539444444444445,-92.47361111111113,49206,5.672,NO,29354,20614,70.22552292702868,29.77447707297132,56.6910569105691,64.032016008004,60.597877762142,354,1457,281,6517,351,471,4550,3454,520,211,0,2096,11422,4185,Juntos Haremos Historia,11422,35.10720869312118,JHH
07,Chiapas,Chis.,096,Tila,07096,17.30027777777778,-92.42555555555556,82277,6.9386363636363635,NO,43283,33610,77.65173393711157,22.348266062888428,54.9011960478419,56.7780449382307,55.8604178143142,341,2511,442,18811,299,249,8114,327,542,158,0,3297,27228,1027,Juntos Haremos Historia,27228,71.20202320737876,JHH
07,Chiapas,Chis.,097,Tonala,07097,16.089444444444442,-93.75138888888888,92292,8.373720930232558,NO,69933,35963,51.42493529521113,48.57506470478887,59.8132897466524,65.0229592582843,62.5119309143247,1188,2413,362,6644,1961,462,16410,1420,3445,495,0,3965,25018,5360,Juntos Haremos Historia,25018,54.661735672774796,JHH
07,Chiapas,Chis.,098,Totolapa,07098,16.544444444444448,-92.68111111111112,7392,5.2725,NO,5513,4556,82.641030292037,17.358969707963,83.983947464429,89.0324963072378,86.4929344833915,37,83,2655,40,168,28,1230,68,48,9,0,2779,1439,125,Va por México,2779,29.41176470588235,V x M
07,Chiapas,Chis.,099,La Trinitaria,07099,16.11777777777778,-92.05166666666666,82574,6.3261111111111115,NO,60466,43859,72.53497833493203,27.465021665067965,61.7215062279502,70.6488226325597,66.3204929048924,364,2018,171,7717,497,849,28006,1404,584,196,0,2556,36221,2184,Juntos Haremos Historia,36221,76.75733600857292,JHH
07,Chiapas,Chis.,100,Tumbala,07100,17.27777777777778,-92.31666666666666,39465,6.133333333333333,NO,23967,19043,79.45508407393498,20.544915926065016,68.5682326621924,75.0021013700933,71.9513812154696,255,530,128,9008,441,477,5345,413,398,264,0,915,14798,1075,Juntos Haremos Historia,14798,72.06322533214305,JHH
07,Chiapas,Chis.,101,Tuxtla Chico,07101,14.93888888888889,-92.16805555555555,40525,8.624545454545455,NO,31749,19258,60.65702856782891,39.34297143217109,60.594005075794,71.8474704253713,66.4631945128155,1042,3999,235,2259,536,481,4759,2489,1342,967,0,5279,7554,4798,Juntos Haremos Historia,7554,11.813272406272718,JHH
07,Chiapas,Chis.,102,Tuxtla Gutierrez,07102,16.752777777777776,-93.11666666666666,604089,11.27059574468085,SI,454063,186962,41.17534350960109,58.82465649039891,51.7037304475952,59.0923180793288,55.6541639138815,19034,26542,4187,4030,5360,20136,81186,5944,7773,3486,0,49767,90579,17203,Juntos Haremos Historia,90579,21.829034777120484,JHH
07,Chiapas,Chis.,103,Tuzantan,07103,15.145833333333332,-92.42222222222225,29858,7.164375,NO,21798,15531,71.24965593173685,28.750344068263143,64.8552924509209,74.376652814507,69.7801660967269,393,840,274,2821,4926,191,4946,240,230,94,0,1510,12695,564,Juntos Haremos Historia,12695,72.01725581095873,JHH
07,Chiapas,Chis.,104,Tzimol,07104,16.1875,-92.19694444444444,16383,6.494285714285715,NO,12081,9496,78.6027646717987,21.397235328201305,77.6130198915009,83.3970792767733,80.561957099805,98,443,66,4343,2565,50,1240,155,71,16,0,611,8153,242,Juntos Haremos Historia,8153,79.4229149115417,JHH
07,Chiapas,Chis.,105,Union Juarez,07105,15.0625,-92.08055555555556,16008,8.0625,NO,12058,8702,72.1678553657323,27.832144634267703,68.2062298603652,80.8901448251501,74.5910384068279,181,305,71,1897,291,385,4043,698,158,59,0,561,6231,915,Juntos Haremos Historia,6231,61.089404734543784,JHH
07,Chiapas,Chis.,106,Venustiano Carranza,07106,16.338055555555556,-92.56388888888888,67446,6.939615384615385,NO,0,0,NA,NA,54.1199855439104,62.0137808401867,58.0986309963926,0,0,0,0,0,0,0,0,0,0,0,0,0,0,Sin votación,0,NA,Empate
07,Chiapas,Chis.,107,Villacomaltitlan,07107,15.213888888888889,-92.575,30626,6.898125,NO,22480,14874,66.16548042704626,33.83451957295374,54.6562980030722,64.3239688057878,59.542238472862,281,246,144,3853,918,289,5042,3155,191,314,0,673,9815,3660,Juntos Haremos Historia,9815,41.38093317197795,JHH
07,Chiapas,Chis.,108,Villa Corzo,07108,16.185277777777777,-93.26861111111111,66218,7.1691666666666665,NO,46354,30386,65.55205591750443,34.44794408249557,64.6793203734885,71.0363983983262,67.9516461478469,629,1191,345,10261,1616,717,11230,1163,354,487,0,2166,23110,2004,Juntos Haremos Historia,23110,68.92647929967748,JHH
07,Chiapas,Chis.,121,El Parral,07121,16.372605,-93.006583,15587,7.12,NO,11588,185,1.596479116327235,98.40352088367275,75.4530477759473,86.7226890756303,81.0316139767055,8,25,4,10,38,4,56,1,26,4,0,37,104,31,Juntos Haremos Historia,104,36.21621621621622,JHH
07,Chiapas,Chis.,109,Villaflores,07109,16.233611111111113,-93.26666666666668,108873,8.006304347826086,NO,79970,51693,64.64049018381893,35.359509816181074,50.1732257889893,58.0600263184533,54.2491695221156,1024,2124,737,21526,1030,1055,19143,1607,393,298,0,3888,41701,2298,Juntos Haremos Historia,41701,73.14916913315149,JHH
07,Chiapas,Chis.,110,Yajalon,07110,17.173333333333336,-92.33361111111113,40913,6.72,NO,27202,21907,80.53451952062348,19.465480479376524,58.4912043301759,63.2542221560896,61.0251335840095,203,426,127,7705,381,239,9833,849,877,122,0,758,17920,1848,Juntos Haremos Historia,17920,73.36467795681746,JHH
07,Chiapas,Chis.,111,Zinacantan,07111,16.759722222222223,-92.72222222222224,45311,4.4526666666666666,NO,31106,28755,92.44197260978588,7.558027390214107,84.4980352877726,87.6468679000325,86.2070180383315,83,22521,60,154,162,107,4065,696,346,71,0,22666,4381,1113,Va por México,22666,63.58894105372978,V x M
08,Chihuahua,Chih.,001,Ahumada,08001,30.61861111111111,-106.51222222222222,14630,7.418666666666667,NO,9922,5784,58.29469864946584,41.70530135053416,56.0189165950129,61.5467937608319,58.7721191195511,904,1144,67,2115,137,73,1083,33,6,10,0,2118,3339,49,Juntos Haremos Historia,3339,21.109958506224068,JHH
08,Chihuahua,Chih.,002,Aldama,08002,28.83861111111111,-105.91111111111113,26040,8.593809523809524,SI,21401,10977,51.29199570113546,48.70800429886454,45.9323399113975,51.029263370333,48.4779760104828,3675,852,117,333,184,2177,2595,403,37,87,0,4647,3112,527,Va por México,4647,13.983784276213902,V x M
08,Chihuahua,Chih.,003,Allende,08003,26.939722222222223,-105.39527777777778,8497,8.22125,NO,7459,5216,69.92894489878,30.071055101219997,58.8219400162118,61.8994099466142,60.3305785123967,1334,1883,40,88,261,804,506,90,7,26,0,3260,858,123,Va por México,3260,46.05061349693251,V x M
08,Chihuahua,Chih.,004,Aquiles Serdan,08004,28.593888888888888,-105.8877777777778,24386,9.13,SI,13607,6082,44.69758212684648,55.30241787315352,46.5796956012711,55.3928992091536,50.9729911088744,1511,1851,36,163,41,384,1337,173,298,36,0,3400,1543,507,Va por México,3400,30.53271950016442,V x M
08,Chihuahua,Chih.,005,Ascension,08005,31.092777777777776,-107.99638888888887,26157,7.807619047619047,NO,18655,7748,41.53310104529616,58.46689895470384,43.314808761033,47.935491250143,45.5691964285714,2022,1009,1155,88,76,950,1998,43,15,42,0,4189,2164,100,Va por México,4189,26.13577697470315,V x M
08,Chihuahua,Chih.,006,Bachiniva,08006,28.76861111111111,-107.25361111111113,5898,6.552777777777778,NO,5786,3684,63.670929830625646,36.329070169374354,57.0937822054277,60.817843866171,58.8823424388502,1683,238,24,119,45,295,1083,8,10,14,0,1947,1249,32,Va por México,1947,18.946796959826276,V x M
08,Chihuahua,Chih.,007,Balleza,08007,26.953888888888887,-106.3461111111111,16373,5.235,NO,13631,8326,61.08135866774265,38.91864133225735,54.2124542124542,57.1669736034377,55.685644322008,1215,5164,42,55,187,299,784,16,21,10,0,6425,1027,47,Va por México,6425,64.8330530867163,V x M
08,Chihuahua,Chih.,008,Batopilas De Manuel Gomez Morin,08008,27.026666666666667,-107.73944444444444,11488,3.616363636363636,NO,8145,4547,55.8256599140577,44.1743400859423,31.2151346107204,28.3431661750246,29.7887925772189,336,2539,68,45,49,79,675,114,54,20,0,2946,771,188,Va por México,2946,47.833736529579944,V x M
08,Chihuahua,Chih.,009,Bocoyna,08009,27.840277777777775,-107.58916666666666,23313,7.098636363636364,NO,21351,13142,61.5521521240223,38.4478478759777,51.1581595220627,57.5063154095994,54.569696969697,4274,2556,52,129,62,4172,888,58,33,142,0,6884,1080,233,Va por México,6884,20.636128443159336,V x M
08,Chihuahua,Chih.,010,Buenaventura,08010,29.84361111111111,-107.47194444444445,25157,7.985384615384615,NO,19342,9344,48.30937855444111,51.69062144555889,45.9584048027444,49.5493515058255,47.7314664061652,2073,3790,92,166,120,214,2299,95,39,33,0,5957,2587,167,Va por México,5957,36.06592465753425,V x M
08,Chihuahua,Chih.,011,Camargo,08011,27.68694444444445,-105.1725,49608,9.436904761904762,NO,39565,20343,51.41665613547327,48.58334386452673,47.0578691184424,53.2519491177678,50.2369293950403,11800,2308,182,227,144,2733,2217,91,33,98,0,14293,2592,222,Va por México,14293,56.82544364154746,V x M
08,Chihuahua,Chih.,012,Carichi,08012,27.916944444444447,-107.05694444444444,7119,4.6325,NO,7720,5078,65.77720207253887,34.22279792746113,47.8794345158709,51.5316346979674,49.6409831538249,1950,2152,30,51,20,34,433,19,32,16,0,4133,506,67,Va por México,4133,71.42575817250886,V x M
08,Chihuahua,Chih.,013,Casas Grandes,08013,30.37527777777778,-107.94833333333334,11883,7.752307692307692,NO,10997,5800,52.74165681549513,47.25834318450487,50.5675576711827,57.1726874086448,53.6533021168667,915,1147,106,250,156,1269,1508,131,25,29,0,2170,1917,185,Va por México,2170,4.362068965517241,V x M
08,Chihuahua,Chih.,014,Coronado,08014,26.737222222222226,-105.15833333333336,2041,7.351428571428571,NO,1979,1633,82.51642243557352,17.483577564426483,49.1089108910891,49.7767857142857,49.4228751311647,955,422,6,14,21,40,111,6,4,8,0,1385,147,18,Va por México,1385,75.81139007960809,V x M
08,Chihuahua,Chih.,015,Coyame Del Sotol,08015,29.461388888888887,-105.0972222222222,1237,6.3075,NO,2299,1664,72.37929534580252,27.62070465419748,48.3443708609272,51.8275538894096,49.978021978022,551,578,1,1,1,6,103,376,1,1,0,1131,106,378,Va por México,1131,45.25240384615385,V x M
08,Chihuahua,Chih.,016,La Cruz,08016,27.86388888888889,-105.19638888888888,3613,8.372,NO,3639,2562,70.40395713107996,29.596042868920037,62.7215551743854,76.1849034523113,69.3753614806246,1386,723,22,64,3,102,88,12,2,21,0,2132,155,35,Va por México,2132,77.16627634660422,V x M
08,Chihuahua,Chih.,017,Cuauhtemoc,08017,28.405,-106.86666666666666,181873,9.112410714285714,NO,134895,54878,40.68201193520887,59.31798806479113,43.3447703732341,47.8122648319076,45.631800742185,21826,9230,855,1344,947,2362,13996,1445,190,538,0,31915,16289,2173,Va por México,31915,28.47406975472867,V x M
08,Chihuahua,Chih.,018,Cusihuiriachi,08018,28.241111111111113,-106.83666666666666,3955,6.600769230769231,NO,5336,3150,59.03298350824587,40.96701649175413,53.484380363886,56.6945606694561,54.9311710352631,1530,1059,7,28,93,46,205,10,4,7,0,2599,328,21,Va por México,2599,72.0952380952381,V x M
08,Chihuahua,Chih.,019,Chihuahua,08019,28.635277777777777,-106.08888888888887,937759,11.219266862170088,SI,716690,372556,51.98286567414085,48.01713432585915,49.3875074694211,53.9620481687558,51.7528335389717,200041,22843,2968,8941,5027,22449,91000,5787,1851,3077,0,225852,104970,10715,Va por México,225852,32.44666573615778,V x M
08,Chihuahua,Chih.,020,Chinipas,08020,27.393055555555556,-108.53611111111113,5941,6.62625,NO,4906,3384,68.97676314716674,31.023236852833264,49.8065015479876,52.0486815415822,50.9011685482274,345,1206,11,82,39,78,1403,27,29,12,0,1564,1528,68,Va por México,1564,1.0638297872340425,V x M
08,Chihuahua,Chih.,021,Delicias,08021,28.193333333333335,-105.47111111111111,150776,10.178558558558558,SI,118887,57236,48.14319479842203,51.85680520157797,47.1523783438327,52.1680123690088,49.736667404293,26818,4825,556,2511,1450,5582,11672,1613,310,461,0,32202,15634,2384,Va por México,32202,28.94681668879726,V x M
08,Chihuahua,Chih.,022,Dr. Belisario Dominguez,08022,28.155,-106.47694444444444,2430,6.57,NO,3064,1742,56.85378590078329,43.14621409921671,55.4927809165097,59.733893557423,57.4975173783515,262,317,214,103,12,516,182,3,2,11,0,795,297,16,Va por México,795,16.016073478760045,V x M
08,Chihuahua,Chih.,023,Galeana,08023,30.11277777777778,-107.61611111111112,6647,7.423333333333333,NO,4885,2792,57.15455475946776,42.84544524053224,49.7070752591257,58.0615097856477,53.8144329896907,1176,185,27,459,36,163,368,247,5,10,0,1389,863,262,Va por México,1389,18.839541547277936,V x M
08,Chihuahua,Chih.,024,Santa Isabel,08024,28.342222222222222,-106.36833333333333,3756,7.3428571428571425,NO,4323,2796,64.67730742539904,35.322692574600964,59.6385542168675,71.031175059952,65.2368607117605,1306,1035,6,21,8,77,197,12,4,26,0,2348,227,42,Va por México,2348,75.85836909871244,V x M
08,Chihuahua,Chih.,025,Gomez Farias,08025,29.356944444444444,-107.73777777777778,7033,7.744666666666666,NO,7036,3577,50.83854462762933,49.16145537237067,42.253136933988,43.9200444197668,43.0792515134838,477,775,32,152,62,552,632,569,14,15,0,1288,848,598,Va por México,1288,12.300810735253005,V x M
08,Chihuahua,Chih.,026,Gran Morelos,08026,28.248611111111114,-106.51,2451,6.487692307692308,NO,3189,1926,60.395108184383815,39.604891815616185,54.3491301739652,57.9986833443055,56.0891399874451,535,520,11,521,8,33,159,17,2,7,0,1068,689,26,Va por México,1068,19.67808930425753,V x M
08,Chihuahua,Chih.,027,Guachochi,08027,26.819444444444443,-107.07,52141,5.9332558139534886,NO,36612,20554,56.14006336720201,43.85993663279799,43.2421052631579,45.2757362660604,44.3243851651753,3612,7073,66,430,384,635,5640,304,378,203,0,10751,6459,885,Va por México,10751,20.881580227692908,V x M
08,Chihuahua,Chih.,028,Guadalupe,08028,31.389722222222225,-106.10138888888888,4204,7.84125,NO,4611,2731,59.22793320320971,40.77206679679029,52.0484949832776,54.5114345114345,53.2833020637899,709,561,7,625,64,165,469,11,5,12,0,1278,1160,28,Va por México,1278,4.320761625778103,V x M
08,Chihuahua,Chih.,029,Guadalupe Y Calvo,08029,26.095,-106.96444444444444,48940,5.670322580645161,NO,31764,17753,55.8903160810981,44.1096839189019,50.8409250175193,51.9845232151772,51.4458308575956,4068,8930,89,249,241,273,2742,114,106,42,0,13091,3234,262,Va por México,13091,55.523010195459925,V x M
08,Chihuahua,Chih.,030,Guazapares,08030,27.275277777777777,-108.27777777777776,10514,5.546428571428572,NO,6884,4365,63.407902382335855,36.592097617664145,59.3067288086222,66.5565896127289,62.8769958604376,2272,280,14,71,32,108,1200,80,52,11,0,2568,1305,143,Va por México,2568,28.93470790378007,V x M
08,Chihuahua,Chih.,031,Guerrero,08031,28.547777777777775,-107.48555555555556,35313,7.157014925373134,NO,30391,15068,49.580467901681416,50.419532098318584,47.8496732026144,54.0442390227798,50.9311873870915,4071,3158,133,254,262,2104,3843,124,54,269,0,7364,4361,447,Va por México,7364,19.929652243164323,V x M
08,Chihuahua,Chih.,032,Hidalgo Del Parral,08032,26.9325,-105.66305555555556,116704,10.490459770114942,SI,88756,49404,55.66271576006129,44.33728423993871,50.0551646357908,57.1778594498274,53.7872598678836,11109,8276,403,1361,527,14406,6619,4342,315,443,0,19790,8510,5100,Va por México,19790,10.897903003805359,V x M
08,Chihuahua,Chih.,033,Huejotitan,08033,27.055833333333332,-106.17916666666667,863,7.055,NO,1572,1053,66.98473282442748,33.01526717557252,79.6437659033079,85.9916782246879,82.6808228268082,405,429,2,5,3,83,57,20,0,2,0,838,66,22,Va por México,838,71.69990503323837,V x M
08,Chihuahua,Chih.,034,Ignacio Zaragoza,08034,29.643333333333334,-107.76388888888889,5188,7.067142857142857,NO,5536,3121,56.3764450867052,43.6235549132948,51.7296096477309,56.0675342947591,53.7871204537871,445,106,88,100,33,863,760,15,8,469,0,639,894,492,Juntos Haremos Historia,894,0.9932713873758411,JHH
08,Chihuahua,Chih.,035,Janos,08035,30.887777777777774,-108.19,10969,6.868333333333333,NO,8150,4087,50.14723926380368,49.85276073619632,35.1956682254492,36.970730321114,36.0195199155896,1572,852,23,26,32,83,561,291,95,393,0,2448,620,779,Va por México,2448,40.8367996085148,V x M
08,Chihuahua,Chih.,036,Jimenez,08036,27.13,-104.92333333333332,40863,9.219722222222222,NO,30396,15820,52.04632188445848,47.95367811554152,48.1577866045747,55.0545644644841,51.6870088613944,4836,2165,209,392,429,2604,3753,288,53,244,0,7211,4577,585,Va por México,7211,16.649810366624525,V x M
08,Chihuahua,Chih.,037,Juarez,08037,31.739444444444445,-106.48694444444445,1512451,9.96471088435374,SI,1144519,433099,37.84113675701321,62.15886324298679,40.228298340842,43.0203952215311,41.6282542969017,105701,32400,3255,12899,9075,29990,204944,10429,3853,7200,0,141360,226921,21482,Juntos Haremos Historia,226921,19.755529336248756,JHH
08,Chihuahua,Chih.,038,Julimes,08038,28.423055555555557,-105.43055555555556,4936,7.838333333333333,NO,4877,2875,58.9501742874718,41.0498257125282,63.1492842535787,67.4398625429553,65.2419861722187,1327,968,6,17,6,57,371,27,6,7,0,2302,395,40,Va por México,2302,66.33043478260869,V x M
08,Chihuahua,Chih.,039,Lopez,08039,27.0025,-105.03305555555556,4111,7.928571428571429,NO,3535,2552,72.19236209335219,27.807637906647813,44.2093541202673,47.4657125819917,45.7817448891448,422,622,6,15,312,729,276,11,1,39,0,1054,604,51,Va por México,1054,12.735109717868339,V x M
08,Chihuahua,Chih.,040,Madera,08040,29.19,-108.1413888888889,25151,7.614255319148937,NO,21100,10209,48.38388625592417,51.61611374407583,45.8557107053348,51.8707793392955,48.8341617713511,4467,600,81,126,155,188,3152,120,729,67,0,5151,3436,916,Va por México,5151,16.798902928788323,V x M
08,Chihuahua,Chih.,041,Maguarichi,08041,27.858055555555556,-107.99388888888888,1204,5.142,NO,1244,926,74.43729903536978,25.562700964630224,61.0194902548726,66.7774086378738,63.7509850275808,67,414,14,5,5,234,111,7,3,2,0,497,121,12,Va por México,497,28.401727861771057,V x M
08,Chihuahua,Chih.,042,Manuel Benavides,08042,29.107222222222223,-103.9063888888889,1155,5.96,NO,2134,1526,71.50890346766636,28.491096532333643,40.3864734299517,43.5267857142857,41.8436043500777,147,61,443,200,559,7,42,3,1,2,0,654,801,6,Juntos Haremos Historia,801,9.63302752293578,JHH
08,Chihuahua,Chih.,043,Matachi,08043,28.8425,-107.7538888888889,2815,6.925714285714286,NO,2609,1611,61.747796090456106,38.252203909543894,55.8156547183614,61.4160700079554,58.4984756097561,373,475,34,39,28,56,373,44,11,12,0,883,443,67,Va por México,883,27.312228429546867,V x M
08,Chihuahua,Chih.,044,Matamoros,08044,26.76361111111111,-105.5822222222222,4313,7.47625,NO,4047,2799,69.16234247590808,30.837657524091924,66.4572257129048,73.3053074093536,69.7381671701913,1094,798,15,116,44,284,266,31,6,8,0,1911,428,45,Va por México,1911,52.983208288674525,V x M
08,Chihuahua,Chih.,045,Meoqui,08045,28.267777777777777,-105.48222222222222,44529,8.690285714285714,SI,36319,16490,45.403232467854295,54.596767532145705,41.1215495244723,43.9901081205429,42.5617925617926,7715,1251,124,314,269,3151,2358,544,174,110,0,9092,2944,828,Va por México,9092,36.02789569436022,V x M
08,Chihuahua,Chih.,046,Morelos,08046,26.670833333333334,-107.6775,8894,5.05875,NO,5592,3217,57.528612303290416,42.471387696709584,51.2287334593573,53.6815379035183,52.4805627545354,707,296,19,21,52,18,1577,39,72,20,0,1022,1655,131,Juntos Haremos Historia,1655,19.676717438607398,JHH
08,Chihuahua,Chih.,047,Moris,08047,28.148611111111112,-108.5225,4747,5.985,NO,3756,2388,63.578274760383394,36.421725239616606,63.0077369439072,65.2519893899204,64.0779155072097,839,978,4,7,20,24,423,14,9,4,0,1823,451,27,Va por México,1823,57.45393634840871,V x M
08,Chihuahua,Chih.,048,Namiquipa,08048,29.25027777777778,-107.40916666666668,22693,7.2877777777777775,NO,19810,8666,43.745583038869256,56.254416961130744,39.8368390013761,41.7645192002539,40.7652723289346,2514,2985,208,209,206,360,1465,166,37,58,0,5708,1883,261,Va por México,5708,44.13801061620125,V x M
08,Chihuahua,Chih.,049,Nonoava,08049,27.47083333333333,-106.73444444444443,3597,5.248,NO,2891,2511,86.85575925285369,13.144240747146313,84.006092916984,84.7523219814241,84.3761996161228,918,636,7,9,8,20,818,7,24,18,0,1564,835,49,Va por México,1564,29.032258064516128,V x M
08,Chihuahua,Chih.,050,Nuevo Casas Grandes,08050,30.41333333333333,-107.9125,65657,9.87140625,NO,50651,23418,46.23403289174942,53.76596710825058,42.0033812341505,46.0000810931355,44.0432092378371,5907,2054,499,775,1067,3198,7900,500,132,508,0,8463,9744,1140,Juntos Haremos Historia,9744,5.470151165769921,JHH
08,Chihuahua,Chih.,051,Ocampo,08051,28.193333333333335,-108.36694444444444,8101,6.297142857142857,NO,6209,4298,69.22209695603156,30.777903043968436,49.8291394843119,57.8217134928894,53.6053752867912,614,1603,64,209,31,133,1403,33,25,10,0,2282,1646,68,Va por México,2282,14.797580269892974,V x M
08,Chihuahua,Chih.,052,Ojinaga,08052,29.564444444444444,-104.41638888888887,24506,8.252142857142857,NO,24640,11685,47.42288961038961,52.57711038961039,45.323289391086,49.1244071506749,47.2077775265657,5115,4273,40,118,71,88,1552,47,9,28,0,9430,1741,84,Va por México,9430,65.8023106546855,V x M
08,Chihuahua,Chih.,053,Praxedis G. Guerrero,08053,31.372777777777777,-106.00555555555556,5143,7.553333333333334,NO,5547,2879,51.90192897061474,48.09807102938526,52.1468144044321,54.8330404217926,53.4798534798535,550,760,23,40,43,172,1115,17,23,19,0,1335,1199,59,Va por México,1335,4.723862452240361,V x M
08,Chihuahua,Chih.,054,Riva Palacio,08054,28.545833333333334,-106.50166666666668,7487,6.902222222222222,NO,7609,3294,43.29083979497963,56.70916020502037,28.478712357217,23.2868757259001,26.0279605263158,1999,909,11,24,7,26,189,14,1,6,0,2922,221,21,Va por México,2922,81.99757134183363,V x M
08,Chihuahua,Chih.,055,Rosales,08055,28.18694444444445,-105.55444444444444,16818,8.1725,NO,13850,7911,57.11913357400722,42.88086642599278,44.4656208767043,50.052655333233,47.2230472230472,3613,1104,52,102,1097,1007,482,150,16,27,0,4773,1681,193,Va por México,4773,39.08481860700291,V x M
08,Chihuahua,Chih.,056,Rosario,08056,27.319166666666668,-106.29583333333332,2091,6.8075,NO,2157,1764,81.78025034770513,18.219749652294865,82.3638042474608,86.7420349434738,84.4357976653696,193,914,351,18,5,65,117,12,1,3,0,1459,140,16,Va por México,1459,74.77324263038548,V x M
08,Chihuahua,Chih.,057,San Francisco De Borja,08057,27.90194444444444,-106.68444444444444,2247,6.317142857142857,NO,2360,1707,72.33050847457628,27.669491525423723,68.9741451209341,72.7608494921514,70.7712532865907,762,614,5,8,10,25,211,0,1,12,0,1383,229,13,Va por México,1383,67.60398359695373,V x M
08,Chihuahua,Chih.,058,San Francisco De Conchos,08058,27.58833333333333,-105.33416666666666,2731,8.284285714285714,NO,2622,1820,69.41266209000763,30.58733790999237,49.4011976047904,48.2982171799027,48.8715953307393,599,681,16,12,5,164,221,4,6,7,0,1297,239,17,Va por México,1297,58.13186813186813,V x M
08,Chihuahua,Chih.,059,San Francisco Del Oro,08059,26.859166666666667,-105.8475,4925,9.70181818181818,SI,4289,3040,70.87899277220797,29.121007227792035,60.213556174559,67.3724735322425,63.7287334593573,320,364,13,434,420,542,522,151,15,94,0,701,1377,260,Juntos Haremos Historia,1377,22.236842105263158,JHH
08,Chihuahua,Chih.,060,Santa Barbara,08060,26.802222222222223,-105.82027777777778,11555,9.6595,NO,8797,5716,64.97669660111401,35.023303398885986,56.8113251334416,62.2505800464037,59.5312681285532,751,1564,40,108,67,1372,670,214,12,679,0,2357,847,905,Va por México,2357,17.232330300909727,V x M
08,Chihuahua,Chih.,061,Satevo,08061,27.954166666666666,-106.10638888888889,3435,6.849230769230769,NO,4051,2340,57.76351518143669,42.23648481856331,43.4235074626866,47.0833333333333,45.1525590551181,1333,136,7,22,3,88,636,24,14,3,0,1477,662,41,Va por México,1477,34.82905982905983,V x M
08,Chihuahua,Chih.,062,Saucillo,08062,28.03222222222222,-105.28916666666666,29856,8.8003125,NO,25132,12891,51.29317205156772,48.70682794843228,45.6713780918728,53.9239050045197,49.7502132326063,5433,1294,2145,192,127,658,2034,465,49,111,0,8873,2354,625,Va por México,8873,50.5701652315569,V x M
08,Chihuahua,Chih.,063,Temosachic,08063,28.953333333333333,-107.83055555555556,5273,6.788461538461538,NO,5198,3060,58.86879569065025,41.13120430934975,52.4560774471137,61.231884057971,56.5901763701877,631,359,632,39,44,46,840,24,250,13,0,1624,927,287,Va por México,1624,22.77777777777778,V x M
08,Chihuahua,Chih.,064,El Tule,08064,27.054166666666667,-106.26611111111112,1465,6.574285714285715,NO,2311,1328,57.464301168325406,42.535698831674594,55.4119547657512,65.7608695652174,60.2903501280956,917,100,2,9,5,37,182,10,4,2,0,1020,196,16,Va por México,1020,62.04819277108434,V x M
08,Chihuahua,Chih.,065,Urique,08065,27.2125,-107.91388888888888,14367,5.308125,NO,13777,8059,58.49604413152355,41.50395586847645,46.4368169924581,50.549128715771,48.5441993096203,2311,274,58,69,88,2595,2046,83,74,54,0,2645,2203,211,Va por México,2645,0.6204243702692642,V x M
08,Chihuahua,Chih.,066,Uruachi,08066,27.86722222222222,-108.21583333333334,5078,5.867272727272727,NO,4922,3361,68.28524989841527,31.714750101584727,59.2125382262997,65.0325545767905,62.1197627702315,996,1142,9,32,21,518,428,8,22,6,0,2149,483,36,Va por México,2149,48.52722404046415,V x M
08,Chihuahua,Chih.,067,Valle De Zaragoza,08067,27.45722222222222,-105.81083333333332,4778,6.335,NO,4440,2642,59.50450450450451,40.49549549549549,44.5614035087719,46.139180171592,45.317496573778,279,765,216,294,18,746,178,22,2,4,0,1261,492,28,Va por México,1261,19.492808478425435,V x M
09,Ciudad de México,CDMX,002,Azcapotzalco,09002,19.3921,-99.1871,432205,11.885389048991357,SI,381922,206041,53.948450207110355,46.051549792889645,66.1517180386977,72.3156302820034,69.4448038317434,56752,26965,5348,6390,3924,4948,79019,4049,1827,11213,0,89069,89336,17089,Juntos Haremos Historia,89336,0.12958585912512557,JHH
09,Ciudad de México,CDMX,003,Coyoacan,09003,19.35,-99.16166666666668,614447,12.624962779156329,SI,567355,330529,58.25788086823947,41.74211913176053,68.5122008186208,75.268891772919,72.1400100711363,111104,43795,19763,7181,6891,11848,110659,3557,1747,5265,0,174667,124735,10569,Va por México,174667,15.106692604884897,V x M
09,Ciudad de México,CDMX,004,Cuajimalpa De Morelos,09004,19.37444444444445,-99.2847222222222,227435,11.154050632911392,SI,178825,114460,64.00671047113099,35.99328952886901,65.5059962129182,73.5637364201338,69.7425856177197,29523,36120,2502,4809,1972,3181,28165,2405,1230,1855,0,68148,34947,5490,Va por México,68148,29.00663987419186,V x M
09,Ciudad de México,CDMX,005,Gustavo A. Madero,09005,19.48222222222222,-99.1125,1173351,11.338321678321678,SI,1053246,529521,50.275149395297966,49.724850604702034,63.9644799165192,71.7369427211081,68.0880501218985,102101,73850,44512,14607,11452,16090,224238,10162,5096,10272,0,220467,250299,25530,Juntos Haremos Historia,250299,5.633770898604588,JHH
09,Ciudad de México,CDMX,006,Iztacalco,09006,19.39527777777778,-99.09777777777778,404643,11.517591973244148,SI,359479,187414,52.13489522336493,47.86510477663507,65.352337977056,72.4761055314837,69.1331225123734,43172,25611,10398,12093,3420,6042,71163,3573,1798,4823,0,79182,86677,10194,Juntos Haremos Historia,86677,3.999167618214221,JHH
09,Ciudad de México,CDMX,007,Iztapalapa,09007,19.358333333333334,-99.09305555555557,1838464,10.646510468594215,SI,1498985,680422,45.39218204318256,54.60781795681744,62.3793439764773,71.2356967893476,67.0487567846215,102246,83151,39252,25826,19184,23083,332414,14060,5260,11536,0,224652,377426,30856,Juntos Haremos Historia,377426,22.452830743274028,JHH
09,Ciudad de México,CDMX,008,La Magdalena Contreras,09008,19.333333333333332,-99.21388888888887,247791,11.133557046979863,SI,204324,113805,55.69830269571856,44.30169730428144,63.814825666569,70.7566148717261,67.501793555412,24518,27633,2867,3174,4688,3622,36399,2948,1018,2835,0,55021,44261,6801,Va por México,55021,9.454769122622029,V x M
09,Ciudad de México,CDMX,009,Milpa Alta,09009,19.192222222222224,-99.02305555555556,143976,10.034318181818184,SI,111559,57902,51.902580697209544,48.097419302790456,61.4522436802,71.4756413273711,66.7331152294383,2703,14353,898,2620,2747,1689,24169,2653,603,2572,0,17956,29536,5828,Juntos Haremos Historia,29536,19.999309177575903,JHH
09,Ciudad de México,CDMX,010,Alvaro Obregon,09010,19.4,-99.2,749524,11.404117647058824,SI,609663,329035,53.96998013656725,46.03001986343275,65.1499733318362,73.787271087896,69.7295149798719,104348,46556,24520,8240,6146,10165,104063,4996,1896,8594,0,175424,118450,15486,Va por México,175424,17.31548315528743,V x M
09,Ciudad de México,CDMX,011,Tlahuac,09011,19.304166666666667,-99.05416666666666,393799,10.555034482758622,SI,306254,136749,44.65215148210309,55.34784851789691,59.4231650719074,68.5476937001002,64.2188991841908,14641,22715,8725,7960,4471,4127,59382,4425,1468,3140,0,46084,71813,9033,Juntos Haremos Historia,71813,18.81476281362204,JHH
09,Ciudad de México,CDMX,012,Tlalpan,09012,19.308333333333337,-99.225,700859,12.09594366197183,SI,559573,296369,52.96342032228145,47.03657967771855,64.5744760641552,72.4983062448925,68.7788255393584,79382,39452,8949,6599,5455,22620,105829,3685,2124,12658,0,127785,117885,18467,Va por México,127785,3.340430341904855,V x M
09,Ciudad de México,CDMX,013,Xochimilco,09013,19.275,-99.1388888888889,445298,11.249186046511628,SI,351623,161598,45.95774451614371,54.04225548385629,61.1915615786735,69.3140249861777,65.4627897483488,34841,22088,4270,6958,4041,6730,68002,2929,2098,3776,0,61203,79001,8803,Juntos Haremos Historia,79001,11.013750170175374,JHH
09,Ciudad de México,CDMX,014,Benito Juarez,09014,19.401666666666664,-99.15833333333336,434153,14.520944881889765,SI,374478,238251,63.62216204957301,36.37783795042699,69.202285986427,72.8840541257628,71.2022450827629,143124,24467,4515,2447,2267,6542,46586,1489,835,1946,0,172107,51302,4270,Va por México,172107,50.704928835555776,V x M
09,Ciudad de México,CDMX,015,Cuauhtemoc,09015,19.443055555555556,-99.14444444444445,545884,12.40719794344473,SI,487014,251594,51.66052721277007,48.33947278722993,60.0146764157908,65.8430423743338,63.0708169352024,65642,51954,8241,5282,4630,8384,86771,4667,2598,4973,0,125840,96685,12238,Va por México,125840,11.588114183963052,V x M
09,Ciudad de México,CDMX,016,Miguel Hidalgo,09016,19.406666666666663,-99.19111111111113,414411,13.008538461538462,SI,323747,197200,60.911761344506665,39.088238655493335,65.7725012248076,70.9473844728183,68.5340402624067,87740,19484,3664,3414,4182,9080,60800,1726,1049,2227,0,110891,68398,5002,Va por México,110891,21.54817444219067,V x M
09,Ciudad de México,CDMX,017,Venustiano Carranza,09017,19.416666666666668,-99.11388888888888,443704,11.434761904761904,SI,404353,221291,54.7271814478933,45.2728185521067,62.195505924581,70.3570277127518,66.5128442158392,40854,34244,14575,4696,4211,8175,97912,3809,1712,4000,0,89676,106822,9521,Juntos Haremos Historia,106822,7.748168700941294,JHH
10,Durango,Dgo.,001,Canatlan,10001,24.5275,-104.77833333333334,31404,8.609729729729729,NO,24893,12874,51.71735025910898,48.28264974089102,52.1327404479578,63.0391834046757,57.5868598715627,3459,2240,250,3216,438,271,2184,85,243,176,0,5953,5841,504,Va por México,5953,0.8699704831443219,V x M
10,Durango,Dgo.,002,Canelas,10002,25.121666666666663,-106.545,4267,6.050769230769231,NO,3158,1269,40.18366054464851,59.81633945535149,35.7490864799026,36.3636363636364,36.0431883137504,263,175,4,4,45,6,698,17,17,7,0,446,749,41,Juntos Haremos Historia,749,23.87706855791962,JHH
10,Durango,Dgo.,003,Coneto De Comonfort,10003,24.979999999999997,-104.76861111111111,4084,7.435555555555555,NO,3362,1625,48.3343248066627,51.6656751933373,48.5002829654782,58.6374695863747,53.3861037818821,159,528,13,13,69,31,650,20,75,22,0,703,735,117,Juntos Haremos Historia,735,1.9692307692307693,JHH
10,Durango,Dgo.,004,Cuencame,10004,24.87,-103.69583333333334,34955,8.153783783783783,NO,26212,11876,45.307492751411566,54.692507248588434,47.1523898199876,59.3722685736988,53.1896517881679,902,2871,565,2384,328,233,3740,120,258,155,0,4341,6457,533,Juntos Haremos Historia,6457,17.817446951835635,JHH
10,Durango,Dgo.,005,Durango,10005,24.022777777777776,-104.65444444444444,689040,10.68262839879154,SI,496019,203688,41.06455599483084,58.93544400516916,47.2779065915866,55.8218929030277,51.739991855492,49058,40730,3541,3375,9125,18804,48164,4247,16301,4411,0,93333,60665,24959,Va por México,93333,16.038254585444406,V x M
10,Durango,Dgo.,006,Simon Bolivar,10006,24.690833333333337,-103.22777777777776,9974,6.962666666666666,NO,7744,4478,57.8254132231405,42.1745867768595,56.6858285428643,68.5866666666667,62.4435556702361,1714,819,36,505,71,50,1014,40,93,32,0,2571,1594,165,Va por México,2571,21.81777579276463,V x M
10,Durango,Dgo.,007,Gomez Palacio,10007,25.561111111111114,-103.49833333333332,372508,10.175242718446604,SI,264145,106388,40.27636336103277,59.72363663896723,47.5111926252813,54.2666594622967,50.95122047089339,12071,26094,1263,3331,1294,2428,53978,1852,514,1298,0,39430,58605,3664,Juntos Haremos Historia,58605,18.023649283753805,JHH
10,Durango,Dgo.,008,Guadalupe Victoria,10008,24.44611111111111,-104.12222222222222,36695,8.825384615384616,NO,29727,13630,45.85057355266256,54.14942644733744,48.4778822709857,59.8801570356085,54.2114012606497,1629,2340,1650,2755,359,598,2556,285,733,164,0,5622,5673,1182,Juntos Haremos Historia,5673,0.37417461482024944,JHH
10,Durango,Dgo.,009,Guanacevi,10009,25.93166666666667,-105.95361111111112,10028,6.152857142857143,NO,7456,3664,49.14163090128755,50.85836909871245,44.4444444444444,49.3923611111111,46.7757327880027,564,1997,26,30,70,169,644,27,25,15,0,2590,747,67,Va por México,2590,50.30021834061135,V x M
10,Durango,Dgo.,010,Hidalgo,10010,26.2475,-104.91611111111112,3832,8.324285714285715,NO,3284,1672,50.913520097442145,49.086479902557855,44.3995381062356,50.2205419029616,47.1828864115698,177,444,7,160,256,45,421,60,16,22,0,631,837,98,Juntos Haremos Historia,837,12.320574162679426,JHH
10,Durango,Dgo.,011,Inde,10011,25.911388888888887,-105.22416666666666,4755,7.49875,NO,4437,2128,47.96033355871083,52.03966644128917,46.7805519053876,51.5654648956357,49.0776588476429,293,779,20,15,33,170,668,25,21,5,0,1094,717,51,Va por México,1094,17.716165413533833,V x M
10,Durango,Dgo.,012,Lerdo,10012,25.53611111111111,-103.52444444444444,163280,9.630759493670888,SI,111442,52499,47.10880996392742,52.89119003607258,51.9045633717405,60.7400297026117,56.4223666907448,5442,16552,661,2890,876,2499,19574,1094,1185,620,0,22657,23340,2899,Juntos Haremos Historia,23340,1.3009771614697423,JHH
10,Durango,Dgo.,013,Mapimi,10013,25.833055555555557,-103.84777777777778,26920,7.539166666666667,NO,18810,7758,41.24401913875598,58.75598086124402,42.4983329628806,49.6205357142857,46.0518988751531,1051,2415,185,212,308,224,2943,51,62,76,0,3654,3464,189,Va por México,3654,2.449084815674143,V x M
10,Durango,Dgo.,014,Mezquital,10014,23.47305555555555,-104.39555555555556,48482,6.428125,NO,31935,19146,59.95302959135744,40.04697040864256,56.7873805820929,66.53651969034,61.8943508004796,1420,5856,83,4966,790,130,4482,298,301,136,0,7362,10242,735,Juntos Haremos Historia,10242,15.042306486994672,JHH
10,Durango,Dgo.,015,Nazas,10015,25.2275,-104.11388888888888,12840,8.054117647058824,NO,9802,4141,42.24648031014079,57.75351968985921,54.7428330522766,64.1875681570338,59.384714331654,782,542,26,131,258,192,1824,36,137,82,0,1351,2217,255,Juntos Haremos Historia,2217,20.912822989616036,JHH
10,Durango,Dgo.,016,Nombre De Dios,10016,23.84361111111111,-104.24083333333331,19124,8.202,NO,14937,5640,37.75858606145812,62.24141393854188,49.7621712367096,62.3909128688184,56.1077469200251,413,617,294,1216,918,175,1541,114,90,52,0,1325,3678,256,Juntos Haremos Historia,3678,41.719858156028366,JHH
10,Durango,Dgo.,017,Nuevo Ideal,10017,24.888055555555557,-105.07388888888887,27984,7.844827586206897,NO,21351,7956,37.26289166783757,62.73710833216243,40.9801678108314,45.0381679389313,42.9827103255095,2694,1006,113,150,203,363,2902,60,83,87,0,3815,3259,230,Va por México,3815,6.988436400201106,V x M
10,Durango,Dgo.,018,Ocampo,10018,26.441388888888888,-105.50722222222224,7962,8.284375,NO,6959,3812,54.77798534272166,45.22201465727834,53.2694475760992,59.9196538936959,56.4416273584906,583,842,32,27,67,351,1659,31,45,27,0,1459,1755,103,Juntos Haremos Historia,1755,7.76495278069255,JHH
10,Durango,Dgo.,019,El Oro,10019,25.949444444444445,-105.36444444444444,10384,7.511304347826087,NO,9883,3623,36.6589092380856,63.3410907619144,44.9751861042184,50.2644383329808,47.5896685140646,936,706,69,48,97,191,1325,34,19,10,0,1713,1472,63,Va por México,1713,6.651945901186862,V x M
10,Durango,Dgo.,020,Otaez,10020,24.698055555555555,-105.99333333333334,4957,6.955,NO,3876,1797,46.362229102167184,53.637770897832816,55.050505050505,54.1736694677871,54.6347941567065,437,205,8,14,26,28,987,21,33,5,0,651,1030,59,Juntos Haremos Historia,1030,21.09070673344463,JHH
10,Durango,Dgo.,021,Panuco De Coronado,10021,24.400555555555552,-104.31888888888888,12608,8.365625,NO,10912,4502,41.25733137829912,58.74266862170088,49.846209516917,60.9907703899039,55.3063861203396,684,1734,177,70,186,96,1141,43,157,71,0,2596,1397,271,Va por México,2596,26.632607729897824,V x M
10,Durango,Dgo.,022,Peñon Blanco,10022,24.790833333333335,-104.03333333333332,11172,8.20357142857143,NO,8650,4155,48.03468208092486,51.96531791907514,50.7520510483136,63.5328325660286,56.9465648854962,508,1082,242,482,82,80,1428,43,85,14,0,1836,1994,142,Juntos Haremos Historia,1994,3.802647412755716,JHH
10,Durango,Dgo.,023,Poanas,10023,23.97472222222222,-104.04444444444444,25564,8.46,NO,20371,8892,43.65028717294193,56.34971282705807,54.2447861807457,66.4780327194156,60.4330401290793,1128,2057,248,2420,238,189,1995,195,72,102,0,3438,4654,369,Juntos Haremos Historia,4654,13.675213675213675,JHH
10,Durango,Dgo.,024,Pueblo Nuevo,10024,23.778333333333332,-105.36027777777775,50926,7.9704444444444444,NO,33721,13435,39.841641706948195,60.158358293051805,46.5801361582999,51.3870541611625,49.0531648697909,2004,5002,463,399,229,270,4207,207,167,118,0,7474,4837,492,Va por México,7474,19.627837737253444,V x M
10,Durango,Dgo.,025,Rodeo,10025,25.18,-104.55638888888888,12818,8.00952380952381,NO,10205,4308,42.214600685938265,57.785399314061735,53.0372435769767,59.8753894080997,56.3847092313949,428,822,771,61,93,100,1701,41,105,81,0,2023,1857,227,Va por México,2023,3.8532961931290624,V x M
10,Durango,Dgo.,026,San Bernardo,10026,26.001944444444444,-105.52527777777776,2837,6.963636363636364,NO,2725,1279,46.935779816513765,53.064220183486235,38.7755102040816,39.0586292320396,38.9010989010989,284,386,23,13,19,104,363,12,12,6,0,694,398,30,Va por México,694,23.143080531665362,V x M
10,Durango,Dgo.,027,San Dimas,10027,24.102777777777774,-105.93083333333334,17100,7.324,NO,13462,6199,46.0481354924974,53.9518645075026,50.885328836425,51.6376743457138,51.2410165221901,1971,953,62,115,112,139,2484,74,91,52,0,2987,2714,217,Va por México,2987,4.4039361187288275,V x M
10,Durango,Dgo.,028,San Juan De Guadalupe,10028,24.63111111111111,-102.7825,5245,6.911538461538462,NO,4444,2640,59.4059405940594,40.5940594059406,54.6181172291297,66.7588750576302,60.5745306491744,155,485,41,321,110,58,1282,36,73,6,0,684,1716,115,Juntos Haremos Historia,1716,39.09090909090909,JHH
10,Durango,Dgo.,029,San Juan Del Rio,10029,24.7775,-104.45916666666668,12013,7.81391304347826,NO,10099,4267,42.25170808990989,57.74829191009011,48.6979166666667,57.7828241123039,53.1720211468076,498,1898,19,59,71,167,1250,67,74,32,0,2417,1384,173,Va por México,2417,24.209046168268102,V x M
10,Durango,Dgo.,030,San Luis Del Cordero,10030,25.41805555555556,-104.27833333333334,2103,7.682499999999999,NO,1911,915,47.8806907378336,52.1193092621664,49.5833333333333,59.5982142857143,54.4181034482759,154,70,5,21,54,35,522,8,17,5,0,233,599,30,Juntos Haremos Historia,599,40,JHH
10,Durango,Dgo.,031,San Pedro Del Gallo,10031,25.56638888888889,-104.29277777777776,1637,7.438,NO,1486,798,53.70121130551817,46.29878869448183,56.4943253467844,60.0299401197605,58.1108829568789,115,181,5,7,91,8,368,7,4,1,0,302,467,12,Juntos Haremos Historia,467,20.67669172932331,JHH
10,Durango,Dgo.,032,Santa Clara,10032,24.475277777777777,-103.35722222222222,6797,8.0625,NO,5263,2676,50.84552536576097,49.15447463423903,56.5954310980103,68.4867394695788,62.3721106479727,211,592,269,361,80,52,865,26,118,14,0,1075,1307,158,Juntos Haremos Historia,1307,8.66965620328849,JHH
10,Durango,Dgo.,033,Santiago Papasquiaro,10033,25.04388888888889,-105.41916666666668,49473,7.821,NO,38119,16618,43.59505758283271,56.40494241716729,45.5779716466739,51.4475002783654,48.4821772905074,6646,2994,244,248,342,265,4650,151,114,404,0,9885,5241,669,Va por México,9885,27.94560115537369,V x M
10,Durango,Dgo.,034,Suchil,10034,23.621666666666663,-103.92055555555557,7022,7.822,NO,5485,2597,47.34731084776664,52.65268915223336,50.9957048028114,60.4887218045113,55.832216050565,453,422,51,331,142,81,969,25,22,21,0,929,1445,68,Juntos Haremos Historia,1445,19.86907970735464,JHH
10,Durango,Dgo.,035,Tamazula,10035,24.97,-106.96555555555555,26754,6.740666666666667,NO,16886,8120,48.08717280587469,51.91282719412531,50.9349198640117,49.1853752405388,50.0842118395609,578,2861,30,41,99,140,3999,75,103,17,0,3474,4141,195,Juntos Haremos Historia,4141,8.214285714285714,JHH
10,Durango,Dgo.,036,Tepehuanes,10036,25.343333333333337,-105.72305555555556,11275,6.754615384615384,NO,10244,4356,42.52245216712222,57.47754783287778,46.1821903787103,48.00250993516,47.0825574177529,505,1835,24,64,91,70,1517,44,32,44,0,2365,1672,120,Va por México,2365,15.909090909090908,V x M
10,Durango,Dgo.,037,Tlahualilo,10037,26.110555555555557,-103.43805555555556,21430,8.703478260869565,NO,15380,7276,47.30819245773732,52.69180754226268,51.2501707883591,60.5332979570178,55.9601534630141,635,2091,120,128,137,194,3723,34,65,30,0,2847,3989,129,Juntos Haremos Historia,3989,15.695437053326003,JHH
10,Durango,Dgo.,038,Topia,10038,25.20888888888889,-106.57166666666666,8930,6.94,NO,5850,1944,33.23076923076923,66.76923076923077,51.7749497655727,52.6644615950018,52.1990537935868,439,319,19,34,44,26,923,45,18,8,0,780,1002,71,Juntos Haremos Historia,1002,11.419753086419753,JHH
10,Durango,Dgo.,039,Vicente Guerrero,10039,23.731111111111108,-103.98777777777778,23471,9.003529411764706,NO,18158,6302,34.70646546976539,65.29353453023461,50.9043927648579,61.6858674575111,56.4993488812596,1148,1083,168,829,235,267,2234,66,26,35,0,2400,3299,127,Juntos Haremos Historia,3299,14.265312599174866,JHH
11,Guanajuato,Gto.,001,Abasolo,11001,20.45111111111111,-101.52888888888889,91906,7.5554,NO,69147,32925,47.615948631177055,52.384051368822945,45.0083866558986,55.363222797631,50.3983915406955,9581,6488,174,1620,618,620,6665,397,3893,2017,0,16243,8907,6307,Va por México,16243,22.280941533788916,V x M
11,Guanajuato,Gto.,002,Acambaro,11002,20.0325,-100.7213888888889,108610,8.011777777777777,NO,96534,37271,38.609194687881995,61.390805312118005,37.7965358474019,46.0267108479987,42.0796399692964,12581,2642,1472,1493,1501,1707,11433,731,799,966,0,16695,14427,2496,Va por México,16695,6.0851600440020395,V x M
11,Guanajuato,Gto.,003,San Miguel De Allende,11003,20.915277777777774,-100.74388888888888,175252,8.261067961165049,NO,135343,62556,46.22034386706368,53.77965613293632,42.0711809958576,53.6182046528318,48.1992239881297,17692,16076,1757,2249,1594,1337,15440,1793,713,1885,0,35525,19283,4391,Va por México,35525,25.963936313063495,V x M
11,Guanajuato,Gto.,004,Apaseo El Alto,11004,20.455555555555556,-100.62166666666666,63238,7.675,NO,51218,21823,42.608067476277874,57.391932523722126,37.0339821840977,49.6867749419954,43.563901971741,7097,1203,232,3486,168,3676,4075,603,333,131,0,8532,7729,1067,Va por México,8532,3.6796040874306923,V x M
11,Guanajuato,Gto.,005,Apaseo El Grande,11005,20.54694444444445,-100.68666666666668,117936,8.205813953488372,NO,70805,27758,39.20344608431608,60.79655391568392,42.4205077643579,53.7515735238151,48.2308789311717,8902,1310,630,3443,778,779,6148,2875,713,1153,0,10842,10369,4741,Va por México,10842,1.7040132574392968,V x M
11,Guanajuato,Gto.,006,Atarjea,11006,21.267777777777777,-99.71833333333332,5398,7.254,NO,4483,3589,80.05799687709123,19.942003122908773,71.9454887218045,87.2340425531915,79.566344567523,1737,77,16,156,16,21,1237,52,84,35,0,1830,1409,171,Va por México,1830,11.730286988018946,V x M
11,Guanajuato,Gto.,007,Celaya,11007,20.528888888888886,-100.815,520173,10.017096774193549,SI,390227,160667,41.17270204265722,58.82729795734278,39.5304110454361,45.3315698630417,42.5749738696969,64239,15925,2613,6350,5016,5960,50417,2412,1325,2197,0,82777,61783,5934,Va por México,82777,13.066777869755457,V x M
11,Guanajuato,Gto.,008,Manuel Doblado,11008,20.72833333333333,-101.94916666666668,41562,6.678333333333333,NO,32810,17808,54.27613532459616,45.72386467540384,50.6209935897436,64.4451275745466,57.8182516564771,8110,6205,629,362,54,518,1437,80,22,41,0,14944,1853,143,Va por México,14944,73.51190476190476,V x M
11,Guanajuato,Gto.,009,Comonfort,11009,20.715,-100.75666666666666,82398,8.195813953488372,SI,62381,24910,39.932030586236195,60.067969413763805,37.4403022310927,51.7620935765266,45.0178742258698,8035,1533,492,1411,2656,980,6338,485,539,1317,0,10060,10405,2341,Juntos Haremos Historia,10405,1.3849859494179044,JHH
11,Guanajuato,Gto.,010,Coroneo,11010,20.198611111111113,-100.36444444444444,11268,7.539,NO,9587,5595,58.36027954521749,41.63972045478251,54.4309392265193,71.9611021069692,63.5767889229468,2669,306,768,447,45,129,849,57,21,41,0,3743,1341,119,Va por México,3743,42.93118856121537,V x M
11,Guanajuato,Gto.,011,Cortazar,11011,20.482777777777777,-100.96111111111112,98456,8.485272727272728,SI,76654,36177,47.19518877031857,52.80481122968143,50.8405257516782,61.4582254891811,56.3773788635443,12389,1577,3957,2230,809,820,8837,2226,1635,680,0,17923,11876,4541,Va por México,17923,16.715039942504905,V x M
11,Guanajuato,Gto.,012,Cueramaro,11012,20.625833333333333,-101.6738888888889,30783,7.8238095238095235,NO,23930,11931,49.85791893021312,50.14208106978688,44.8254025692057,56.6628327308577,51.0290192026178,4098,3578,98,213,163,829,2392,69,49,61,0,7774,2770,179,Va por México,7774,41.94116167965803,V x M
11,Guanajuato,Gto.,013,Doctor Mora,11013,21.1425,-100.31916666666666,27161,7.804166666666666,NO,19214,11024,57.37483085250338,42.62516914749662,56.8408826945412,71.9597457627119,64.7479224376731,3212,166,726,868,98,89,3267,1299,253,689,0,4104,4233,2241,Juntos Haremos Historia,4233,1.1701741654571842,JHH
11,Guanajuato,Gto.,014,Dolores Hidalgo Cuna De La Independencia Nacional,11014,21.15611111111111,-100.9325,163169,7.607464788732394,NO,118328,54285,45.876715570279224,54.123284429720776,40.5930197036811,54.2481139983236,47.8638887401139,19372,11634,630,3177,669,1452,7522,1943,673,3819,0,31636,11368,6435,Va por México,31636,37.33628074053606,V x M
11,Guanajuato,Gto.,015,Guanajuato,11015,21.017777777777777,-101.25666666666666,194566,10.396372549019608,SI,145506,61008,41.92816791060163,58.07183208939837,44.7624165195363,52.4924012158055,48.8310366141875,33099,6004,1378,1891,766,2533,10493,444,566,1969,0,40481,13150,2979,Va por México,40481,44.799042748492,V x M
11,Guanajuato,Gto.,016,Huanimaro,11016,20.3675,-101.49694444444444,21108,7.705384615384616,NO,17055,9576,56.14775725593667,43.85224274406333,48.6020968547179,58.8546354635464,53.9940828402367,2771,188,70,2003,48,298,3163,107,666,69,0,3029,5217,842,Juntos Haremos Historia,5217,22.848788638262324,JHH
11,Guanajuato,Gto.,017,Irapuato,11017,20.674166666666668,-101.3475,593713,9.608955823293172,NO,439889,173033,39.335605118564,60.664394881436,43.6063414881224,50.5607395053731,47.252998754484,79894,16670,2305,3835,1577,7018,51978,1700,1630,1738,0,98869,57390,5068,Va por México,98869,23.97172793628961,V x M
11,Guanajuato,Gto.,018,Jaral Del Progreso,11018,20.373333333333335,-101.06638888888888,38804,8.316153846153846,NO,30077,17301,57.52235927785351,42.47764072214649,55.7961144168041,70.0531914893617,63.1929352513022,5045,1588,376,650,334,379,4483,372,2985,218,0,7009,5468,3575,Va por México,7009,8.90699959539911,V x M
11,Guanajuato,Gto.,019,Jerecuaro,11019,20.149444444444445,-100.50944444444444,49636,6.590178571428571,NO,42127,20134,47.79357656609775,52.20642343390225,37.7891139616661,57.701538895948,47.9995173745174,4318,7630,168,360,139,1233,4555,510,206,109,0,12116,5054,825,Va por México,12116,35.07499751663852,V x M
11,Guanajuato,Gto.,020,Leon,11020,21.119722222222222,-101.68055555555556,1721439,9.596521739130434,SI,1184640,539661,45.55485210696921,54.44514789303079,47.678150483459,53.6545797722896,50.7722250238236,317832,41074,4416,18775,3794,17201,113739,4623,2476,4490,0,363322,136308,11589,Va por México,363322,42.066037753330335,V x M
11,Guanajuato,Gto.,021,Moroleon,11021,20.129722222222224,-101.19,47357,8.70342857142857,SI,45022,21373,47.472346852649814,52.527653147350186,47.9514785404589,53.8327526132404,51.0566376158392,5526,1660,686,1318,318,5543,5096,406,69,162,0,7872,6732,637,Va por México,7872,5.333832405371263,V x M
11,Guanajuato,Gto.,022,Ocampo,11022,21.6475,-101.47972222222222,26540,7.018888888888889,NO,18771,10527,56.08118906824357,43.91881093175643,44.2238476721235,58.2743988684583,51.4771961356998,2087,3501,81,1363,652,836,1192,108,53,75,0,5669,3207,236,Va por México,5669,23.387479813812103,V x M
11,Guanajuato,Gto.,023,Penjamo,11023,20.43111111111111,-101.72222222222224,154951,7.418684210526316,SI,129055,44752,34.67668823369881,65.32331176630119,39.9862029512224,48.8767942768159,44.6255591671226,16765,4463,535,5125,496,801,14014,422,234,365,0,21763,19635,1021,Va por México,21763,4.755094744368967,V x M
11,Guanajuato,Gto.,024,Pueblo Nuevo,11024,20.52694444444444,-101.37333333333332,11431,7.69625,NO,11172,7468,66.84568564267812,33.15431435732188,60.8402695204122,73.6574236574237,67.6377513030529,2656,316,63,123,58,3011,953,43,13,42,0,3035,1136,98,Va por México,3035,0.32137118371719336,V x M
11,Guanajuato,Gto.,025,Purisima Del Rincon,11025,21.030555555555555,-101.87916666666666,89251,7.6036,SI,57612,23094,40.085398875234326,59.914601124765674,45.6859427868348,53.31006652852,49.6047837055031,13244,3400,114,864,134,2391,2233,116,32,64,0,16758,3231,212,Va por México,16758,58.573655494933746,V x M
11,Guanajuato,Gto.,026,Romita,11026,20.87027777777778,-101.51666666666668,66183,7.4518,NO,47790,25403,53.155471856036826,46.844528143963174,45.8999675520326,54.6796362867414,50.4909549294529,7875,8043,170,657,281,376,7119,142,153,121,0,16088,8059,416,Va por México,16088,31.606503168917058,V x M
11,Guanajuato,Gto.,027,Salamanca,11027,20.57027777777778,-101.19722222222222,273553,9.158311688311688,NO,219577,98975,45.075303879732395,54.924696120267605,45.4698710157996,52.1988614251192,48.9683178286914,29480,5432,1215,4461,3700,9852,36866,1391,1110,3049,0,36130,45027,5550,Juntos Haremos Historia,45027,8.989138671381662,JHH
11,Guanajuato,Gto.,028,Salvatierra,11028,20.215,-100.87805555555556,93889,8.052619047619048,NO,85551,34446,40.263702352982435,59.736297647017565,44.1322761745297,54.8948496875143,49.7193738603263,9551,5281,437,1284,322,3836,11090,409,610,394,0,15269,12696,1413,Va por México,15269,7.469662660395982,V x M
11,Guanajuato,Gto.,029,San Diego De La Union,11029,21.465555555555554,-100.87194444444444,39322,6.973928571428571,NO,29387,15380,52.336066968387385,47.663933031612615,40.7096318392339,57.7286196678382,49.7724770642202,5094,754,127,833,1133,224,1495,155,4746,229,0,5975,3461,5130,Va por México,5975,5.494148244473342,V x M
11,Guanajuato,Gto.,030,San Felipe,11030,21.480833333333333,-101.21361111111112,119632,7.411126760563381,NO,85831,38615,44.989572532068834,55.010427467931166,35.7992612406063,48.824545410929296,42.5075054669451,15054,1881,285,13126,551,389,4841,698,148,220,0,17220,18518,1066,Juntos Haremos Historia,18518,3.36138806163408,JHH
11,Guanajuato,Gto.,031,San Francisco Del Rincon,11031,21.01833333333333,-101.85777777777776,125210,8.023220338983052,SI,96419,42366,43.93947251060475,56.06052748939525,47.8430388982626,55.4346673453373,51.7761979584437,20374,12358,253,1883,309,888,4996,253,80,91,0,32985,7188,424,Va por México,32985,60.890808667327576,V x M
11,Guanajuato,Gto.,032,San Jose Iturbide,11032,20.99888888888889,-100.38722222222223,90044,8.771052631578947,NO,63154,27293,43.21658168920417,56.78341831079583,48.4361100238409,58.9301693567096,53.8695174685977,8484,1953,826,2101,2798,3667,3232,1717,156,932,0,11263,8131,2805,Va por México,11263,11.475469900707141,V x M
11,Guanajuato,Gto.,033,San Luis De La Paz,11033,21.29861111111111,-100.51638888888888,129236,7.739649122807018,NO,94008,38642,41.10501233937537,58.89498766062463,41.657010428737,54.8220743371921,48.6359563052282,9712,13637,899,2220,1067,512,5694,605,1367,925,0,24248,8981,2897,Va por México,24248,39.508824595000256,V x M
11,Guanajuato,Gto.,034,Santa Catarina,11034,21.14,-100.06805555555556,6019,7.19,NO,4688,3240,69.11262798634812,30.887372013651884,60.0687622789784,76.3748350197976,68.6702251102344,1359,916,42,88,10,15,631,32,24,8,0,2317,729,64,Va por México,2317,49.01234567901235,V x M
11,Guanajuato,Gto.,035,Santa Cruz De Juventino Rosas,11035,20.643333333333334,-100.995,82315,7.854722222222223,NO,63447,30818,48.572824562233045,51.427175437766955,30.478519998622,40.7774942507009,35.858153694257,11821,1473,6429,1470,901,1468,5074,382,143,403,0,19725,7445,928,Va por México,19725,39.84684275423454,V x M
11,Guanajuato,Gto.,036,Santiago Maravatio,11036,20.173333333333336,-100.99111111111112,6874,7.235,NO,6799,4741,69.73084277099574,30.269157229004264,61.0298792116974,71.063829787234,66.3318842752211,1366,1778,22,73,25,134,1021,61,32,15,0,3166,1119,108,Va por México,3166,43.176545032693525,V x M
11,Guanajuato,Gto.,037,Silao De La Victoria,11037,20.94361111111111,-101.42666666666668,203040,8.59974358974359,SI,142206,56430,39.68186996329269,60.31813003670731,38.3971108037498,45.3959577069697,42.0121113051232,18456,8400,575,3200,669,1293,19571,1024,671,1104,0,27431,23440,2799,Va por México,27431,7.072479177742336,V x M
11,Guanajuato,Gto.,038,Tarandacuao,11038,20.003055555555555,-100.51861111111111,11030,8.01,NO,10533,5360,50.88768631918732,49.11231368081268,50.4225932797361,60.1710673112681,55.5479519014566,1899,1650,45,328,24,146,1019,21,21,19,0,3594,1371,61,Va por México,3594,41.473880597014926,V x M
11,Guanajuato,Gto.,039,Tarimoro,11039,20.288611111111113,-100.75805555555556,36213,7.202058823529412,NO,31869,15504,48.64915748846842,51.35084251153158,41.3954716482936,52.9082426127527,47.3225723802203,5268,5671,140,254,833,292,2285,114,28,108,0,11079,3372,250,Va por México,11079,49.709752321981426,V x M
11,Guanajuato,Gto.,040,Tierra Blanca,11040,21.101111111111113,-100.15777777777778,19933,7.083636363636364,NO,14196,9911,69.81544096928712,30.184559030712876,67.1184252984834,81.7556693489393,74.7947517839331,2206,1448,2017,81,224,53,2935,510,93,46,0,5671,3240,649,Va por México,5671,24.528301886792452,V x M
11,Guanajuato,Gto.,041,Uriangato,11041,20.13888888888889,-101.17972222222222,61302,7.875,SI,51096,22935,44.886096759041806,55.113903240958194,48.2636820154907,55.30032593512339,51.9443880657601,3773,5320,184,2860,119,1363,8077,341,103,116,0,9277,11056,560,Juntos Haremos Historia,11056,7.75670372792675,JHH
11,Guanajuato,Gto.,042,Valle De Santiago,11042,20.392777777777777,-101.1913888888889,150014,7.881333333333333,NO,117641,42890,36.45837760644673,63.54162239355327,41.0921186362376,51.9858226506343,46.8369245281371,14157,4264,1859,1887,624,1519,13819,1026,1178,788,0,20280,16334,2992,Va por México,20280,9.200279785497784,V x M
11,Guanajuato,Gto.,043,Victoria,11043,21.21222222222222,-100.21444444444444,21225,7.481333333333334,NO,15968,9823,61.51678356713427,38.48321643286573,54.804703338289,72.9029041505671,64.2199455323564,3499,2175,119,221,966,84,1760,105,386,47,0,5793,2947,538,Va por México,5793,28.972818894431438,V x M
11,Guanajuato,Gto.,044,Villagran,11044,20.513055555555557,-100.99527777777776,66449,8.937857142857142,SI,48475,25579,52.76740587931924,47.23259412068076,47.7425552353506,57.0573608125764,52.5905940159691,5960,1004,1791,1786,427,902,8426,356,3034,768,0,8757,10639,4158,Juntos Haremos Historia,10639,7.357598029633684,JHH
11,Guanajuato,Gto.,045,Xichu,11045,21.299722222222226,-100.05527777777776,10769,6.497857142857143,NO,8711,6135,70.4281942371714,29.571805762828603,56.6556134533396,75.0767052159547,65.8824920203334,2577,172,2175,82,26,29,740,32,66,19,0,4924,848,117,Va por México,4924,66.43846780766096,V x M
11,Guanajuato,Gto.,046,Yuriria,11046,20.21222222222222,-101.1275,68576,7.107017543859649,NO,64768,28060,43.32386363636363,56.67613636363637,36.9490188344345,48.4929346837285,42.9535811737985,6822,5532,156,6255,317,612,6826,297,185,146,0,12510,13398,628,Juntos Haremos Historia,13398,3.1646471846044193,JHH
12,Guerrero,Gro.,001,Acapulco De Juarez,12001,16.863611111111112,-99.8825,774523,9.88020942408377,SI,588569,288057,48.94192524580806,51.05807475419194,49.1517582301491,56.6900951837539,53.1404115169864,5284,78451,13112,4825,3718,12391,147546,5041,2798,4993,0,96848,156089,12832,Juntos Haremos Historia,156089,20.56572136764599,JHH
12,Guerrero,Gro.,002,Ahuacuotzingo,12002,17.714166666666667,-98.93444444444444,25167,5.059615384615385,NO,18931,13438,70.9841001531879,29.015899846812104,58.9248554913295,71.7079259413355,65.6537450722733,69,5189,4958,70,34,56,2524,76,63,104,0,10219,2628,243,Va por México,10219,56.489060872153594,V x M
12,Guerrero,Gro.,003,Ajuchitlan Del Progreso,12003,18.154166666666665,-100.5,37801,6.608139534883721,NO,26530,16378,61.733886166603845,38.266113833396155,51.5801886792453,57.1439087228561,54.4535259456377,75,7105,238,51,94,95,8113,134,96,58,0,7421,8260,288,Juntos Haremos Historia,8260,5.122725607522286,JHH
12,Guerrero,Gro.,004,Alcozauca De Guerrero,12004,17.46388888888889,-98.38333333333334,19809,4.261666666666667,NO,14587,8864,60.766435867553305,39.233564132446695,46.9826914080773,57.6494565217391,52.6827851593698,18,1666,2406,596,1618,51,1875,40,75,31,0,4095,4091,146,Va por México,4095,0.04512635379061372,V x M
12,Guerrero,Gro.,005,Alpoyeca,12005,17.67027777777778,-98.51277777777776,8240,7.33,NO,5415,3905,72.11449676823638,27.88550323176362,64.7178237921234,75.2929014472777,70.4380242311277,249,227,572,86,655,754,1023,17,17,20,0,1052,1765,54,Juntos Haremos Historia,1765,18.258642765685018,JHH
12,Guerrero,Gro.,006,Apaxtla,12006,18.129722222222224,-99.93166666666669,11012,6.418947368421053,NO,7846,5437,69.29645679327045,30.70354320672955,62.5128205128205,69.2652552926526,65.9380922299432,30,1189,880,35,104,559,2349,85,27,26,0,2102,2491,138,Juntos Haremos Historia,2491,7.1546808901968,JHH
12,Guerrero,Gro.,007,Arcelia,12007,18.315,-100.28388888888888,33574,7.356444444444445,NO,23610,15376,65.12494705633206,34.87505294366794,59.0094464553721,65.0857047761691,62.1375026772328,41,11519,140,45,75,54,3139,61,39,17,0,11702,3261,117,Va por México,11702,54.897242455775235,V x M
12,Guerrero,Gro.,008,Atenango Del Rio,12008,18.10361111111111,-99.10694444444444,9215,6.161,NO,6617,4881,73.76454586670697,26.235454133293032,69.2134107027724,80,74.761233756067,31,964,134,132,472,26,1690,834,31,275,0,1129,2294,1140,Juntos Haremos Historia,2294,23.642696168817864,JHH
12,Guerrero,Gro.,009,Atlamajalcingo Del Monte,12009,17.311944444444446,-98.60444444444444,6241,5.752222222222223,NO,4401,3164,71.89275164735287,28.107248352647133,59.0046177526937,71.3764813126709,65.5563601255129,7,251,562,19,641,21,1187,39,40,15,0,821,1849,94,Juntos Haremos Historia,1849,32.4905183312263,JHH
12,Guerrero,Gro.,010,Atlixtac,12010,17.56861111111111,-98.94416666666667,28318,5.2299999999999995,NO,18454,12326,66.79310718543405,33.20689281456595,69.2316984778932,81.0434976081878,75.380784154746,188,1132,7534,105,113,199,2179,114,129,28,0,8857,2398,271,Va por México,8857,52.4014278760344,V x M
12,Guerrero,Gro.,011,Atoyac De Alvarez,12011,17.2125,-100.43305555555555,60802,7.848656716417911,NO,44673,24227,54.23186264634119,45.76813735365881,55.1151986346828,61.0182170201531,58.1766316750342,155,3173,3142,555,271,393,13028,1528,694,103,0,6473,13856,2325,Juntos Haremos Historia,13856,30.474264250629464,JHH
12,Guerrero,Gro.,012,Ayutla De Los Libres,12012,16.96472222222222,-99.09694444444445,67771,6.3634545454545455,NO,44341,15347,34.6113078189486,65.3886921810514,52.3129725427776,63.545104510451,58.1583969465649,232,1825,3257,782,396,546,6582,462,261,187,0,5317,7762,910,Juntos Haremos Historia,7762,15.93145240112074,JHH
12,Guerrero,Gro.,013,Azoyu,12013,16.733055555555556,-98.59805555555556,14836,6.985882352941177,NO,10785,7688,71.28419100602689,28.715808993973113,69.5283714075166,79.3690180786955,74.5438121047877,72,3195,207,82,37,170,3365,58,62,59,0,3477,3488,179,Juntos Haremos Historia,3488,0.14308012486992716,JHH
12,Guerrero,Gro.,080,Marquelia,12080,16.581666666666667,-98.81638888888888,14280,7.764545454545455,NO,9872,6721,68.08144246353322,31.91855753646678,65.2080652080652,72.6936511197863,69.031377899045,38,1680,419,744,129,32,3326,51,38,16,0,2139,4201,105,Juntos Haremos Historia,4201,30.679958339532806,JHH
12,Guerrero,Gro.,081,Juchitan,12081,16.625555555555557,-98.6352777777778,7559,6.609166666666667,NO,5767,4021,69.72429339344546,30.275706606554536,66.2106703146375,75.5483638978785,70.7624890446976,379,517,65,667,548,23,1501,19,26,18,0,965,2717,63,Juntos Haremos Historia,2717,43.57125093260383,JHH
12,Guerrero,Gro.,014,Benito Juarez,12014,17.135833333333334,-100.46861111111112,15644,8.925333333333333,NO,12179,8293,68.09261844157976,31.90738155842024,53.9786710418376,60.5393676379417,57.3523551446561,565,861,1486,1046,235,87,3477,71,44,35,0,2915,4760,150,Juntos Haremos Historia,4760,22.247678765223682,JHH
12,Guerrero,Gro.,015,Buenavista De Cuellar,12015,18.45888888888889,-99.40527777777778,12995,7.806363636363637,NO,10236,6958,67.97577178585385,32.02422821414615,66.5492957746479,74.0805265195509,70.4422653592155,662,1330,381,64,1051,49,1966,69,487,678,0,2373,3081,1234,Juntos Haremos Historia,3081,10.175337740730095,JHH
12,Guerrero,Gro.,016,Coahuayutla De Jose Maria Izazaga,12016,18.315555555555555,-101.73388888888888,12420,5.346206896551724,NO,8956,5418,60.49575703439035,39.50424296560965,75.4554759467758,76.7012167643082,76.0484822482034,25,243,3356,183,28,25,1417,23,11,5,0,3624,1629,39,Va por México,3624,36.82170542635659,V x M
12,Guerrero,Gro.,017,Cocula,12017,18.24,-99.66111111111113,15579,6.998333333333333,NO,12013,7781,64.77149754432699,35.22850245567301,53.9635215713785,60.8105816516873,57.4446072937322,45,826,636,96,90,1745,3897,71,42,46,0,1508,4085,159,Juntos Haremos Historia,4085,30.07325536563424,JHH
12,Guerrero,Gro.,018,Copala,12018,16.60777777777778,-98.97833333333334,14465,7.459285714285715,NO,10940,7818,71.46252285191956,28.53747714808044,58.2239382239382,67.4065852756197,62.9132816928018,91,694,1979,1098,77,61,3251,66,47,86,0,2765,4429,199,Juntos Haremos Historia,4429,21.284215911997954,JHH
12,Guerrero,Gro.,019,Copalillo,12019,18.033333333333335,-99.0411111111111,15580,5.39,NO,11542,8394,72.72569745278115,27.274302547218852,68.874038072094,81.3529617946022,75.5636978579481,1129,822,335,1250,862,290,1971,114,959,250,0,2286,4083,1323,Juntos Haremos Historia,4083,21.408148677626876,JHH
12,Guerrero,Gro.,020,Copanatoyac,12020,17.461388888888887,-98.7125,21959,4.999333333333333,NO,13907,9721,69.900050334364,30.099949665636004,62.6330910934595,75.3056582314473,69.5158675005791,32,3373,1498,49,128,33,4035,62,169,35,0,4905,4215,266,Va por México,4905,7.098035181565683,V x M
12,Guerrero,Gro.,021,Coyuca De Benitez,12021,17.00722222222222,-100.0875,76025,7.82,SI,52973,32372,61.110376984501535,38.889623015498465,56.3567212075591,65.831493745401,61.269338623834,198,8556,5955,229,269,340,13739,845,826,538,0,14711,14239,2209,Va por México,14711,1.4580501668108241,V x M
12,Guerrero,Gro.,022,Coyuca De Catalan,12022,18.32611111111111,-100.69833333333334,38208,6.026071428571429,NO,30875,14298,46.30931174089069,53.69068825910931,45.410447761194,48.5261629741842,46.9567396547943,112,2632,5509,115,127,76,4928,107,84,69,0,8256,5173,260,Va por México,8256,21.56245628759267,V x M
12,Guerrero,Gro.,023,Cuajinicuilapa,12023,16.470555555555553,-98.41555555555556,26913,6.6925,NO,17964,11406,63.493653974615896,36.506346025384104,59.1861357902819,65.5627728676392,62.4216555003242,144,1526,205,4318,329,719,3376,83,157,127,0,1876,8024,367,Juntos Haremos Historia,8024,53.90145537436437,JHH
12,Guerrero,Gro.,024,Cualac,12024,17.741666666666667,-98.66,7639,6.312857142857143,NO,5553,4595,82.74806410949036,17.251935890509642,66.0964230171073,75.4930606281958,70.9416195856874,133,1135,169,921,715,278,870,29,30,10,0,1439,2508,69,Juntos Haremos Historia,2508,23.26441784548422,JHH
12,Guerrero,Gro.,025,Cuautepec,12025,16.74888888888889,-99.00527777777778,16654,6.946153846153846,NO,11678,8797,75.32967973968145,24.670320260318547,58.7759409074921,68.3134885374089,63.5198444267657,33,1785,2655,477,34,34,2452,948,63,40,0,4473,2966,1051,Va por México,4473,17.130840059111062,V x M
12,Guerrero,Gro.,026,Cuetzala Del Progreso,12026,18.134166666666665,-99.83111111111111,8382,6.02875,NO,6231,4393,70.5023270743059,29.497672925694104,64.2583120204604,73.667100130039,68.923275306254,34,1311,843,20,94,23,1830,25,46,16,0,2189,1945,87,Va por México,2189,5.554290917368541,V x M
12,Guerrero,Gro.,027,Cutzamala De Pinzon,12027,18.46472222222222,-100.57833333333332,20604,5.458095238095238,NO,17522,9340,53.30441730396074,46.69558269603926,54.1033766801442,60.5818596691386,57.2728287564188,75,4789,197,85,85,831,2658,58,35,45,0,5062,2829,138,Va por México,5062,23.907922912205567,V x M
12,Guerrero,Gro.,028,Chilapa De Alvarez,12028,17.59638888888889,-99.17666666666668,123713,5.811176470588236,NO,89344,45797,51.25917800859598,48.74082199140402,48.601217618496,61.5756320648891,55.5201490906163,587,21035,4244,564,607,412,14659,656,674,283,0,25869,15833,1613,Va por México,25869,21.914099176801972,V x M
12,Guerrero,Gro.,077,Jose Joaquin De Herrera,12077,17.448333333333334,-99.02361111111112,18677,5.08,NO,11045,8180,74.06066093254866,25.939339067451343,66.2533581318454,81.9426456984274,74.5314330339711,34,2744,1558,587,227,33,2378,74,221,41,0,4339,3196,336,Va por México,4339,13.973105134474327,V x M
12,Guerrero,Gro.,029,Chilpancingo De Los Bravo,12029,17.55138888888889,-99.50083333333332,283342,10.036153846153846,SI,201121,110644,55.01364850015662,44.98635149984338,54.838381899676,62.8691983122363,59.1717391191346,2263,33751,6388,2075,1430,2027,55295,1525,1071,1448,0,42405,58802,4044,Juntos Haremos Historia,58802,14.819601605148042,JHH
12,Guerrero,Gro.,030,Eduardo Neri,12030,17.652777777777775,-99.52583333333334,53305,7.459655172413793,SI,36713,21971,59.84528641080816,40.15471358919184,57.5197575613524,67.6983318135493,62.8693053676139,676,4473,3284,243,3230,178,8560,175,168,171,0,8437,12035,514,Juntos Haremos Historia,12035,16.376132174229667,JHH
12,Guerrero,Gro.,031,Florencio Villarreal,12031,16.72222222222222,-99.125,22582,7.458333333333333,NO,16029,10337,64.48936302950902,35.51063697049098,55.3455863318664,64.7222926705554,60.0819882141942,43,904,4298,127,41,46,4208,84,77,189,0,5248,4380,350,Va por México,5248,8.397020412111832,V x M
12,Guerrero,Gro.,032,General Canuto A. Neri,12032,18.41888888888889,-100.07222222222222,6151,5.844705882352941,NO,4505,3220,71.47613762486127,28.523862375138737,15.2323580034423,17.5945601359966,16.4207825529185,27,324,313,19,45,1045,1253,17,19,23,0,667,1318,59,Juntos Haremos Historia,1318,8.478260869565217,JHH
12,Guerrero,Gro.,033,General Heliodoro Castillo,12033,17.790277777777778,-99.97833333333334,36994,5.995744680851064,NO,22801,9721,42.634094995833514,57.365905004166486,50.6760362924746,55.1073860660031,52.9124074726824,403,7036,157,111,59,171,1248,68,50,27,0,7597,1421,145,Va por México,7597,63.53255837876762,V x M
12,Guerrero,Gro.,034,Huamuxtitlan,12034,17.804166666666667,-98.56388888888888,17746,7.149166666666667,NO,11680,8590,73.5445205479452,26.455479452054803,56.8946395563771,66.7357678201244,62.1778957281055,55,704,1655,240,672,1050,3615,72,158,46,0,2416,4530,276,Juntos Haremos Historia,4530,24.61001164144354,JHH
12,Guerrero,Gro.,035,Huitzuco De Los Figueroa,12035,18.30638888888889,-99.33444444444444,36578,7.095555555555555,NO,30150,16764,55.60199004975125,44.39800995024875,51.9278039188145,61.9094295236228,57.0983684246158,177,5778,582,357,485,220,8026,374,183,78,0,6537,8868,635,Juntos Haremos Historia,8868,13.904795991410165,JHH
12,Guerrero,Gro.,036,Iguala De La Independencia,12036,18.34472222222222,-99.53972222222222,154014,9.81235294117647,NO,112988,53353,47.22005876730272,52.77994123269728,52.6555862257982,60.2880516980613,56.7199011577358,1421,9989,13944,2724,1798,992,18464,860,508,485,0,25354,22986,1853,Va por México,25354,4.438363353513392,V x M
12,Guerrero,Gro.,037,Igualapa,12037,16.74416666666667,-98.47555555555556,11535,7.320833333333333,NO,8376,6512,77.74594078319006,22.254059216809935,59.4811932555123,69.7685631629701,64.8131950518556,47,435,1335,1105,53,38,3017,38,85,26,0,1817,4176,149,Juntos Haremos Historia,4176,36.225429975429975,JHH
12,Guerrero,Gro.,038,Ixcateopan De Cuauhtemoc,12038,18.5,-99.79333333333334,6138,6.451666666666666,NO,5383,4214,78.28348504551366,21.716514954486343,73.1195112638412,79.0127970749543,76.1299962644752,17,1500,1532,13,109,14,877,10,22,11,0,3049,1000,43,Va por México,3049,48.62363550071191,V x M
12,Guerrero,Gro.,039,Zihuatanejo De Azueta,12039,17.644444444444446,-101.55111111111113,125995,8.887142857142857,NO,97509,50418,51.70599636956589,48.29400363043411,53.067654447141,58.1178711159873,55.6280895456597,535,15692,2460,449,1090,1795,24773,1604,347,305,0,18688,26314,2256,Juntos Haremos Historia,26314,15.125550398667142,JHH
12,Guerrero,Gro.,040,Juan R. Escudero,12040,17.165555555555553,-99.52638888888887,26299,7.514583333333333,NO,18533,12655,68.28360222306156,31.716397776938436,57.3471008737093,64.9553331180713,61.2516570923553,81,3108,2317,2069,169,61,3709,353,64,164,0,5509,5949,581,Juntos Haremos Historia,5949,3.4768866060845514,JHH
12,Guerrero,Gro.,041,Leonardo Bravo,12041,17.657777777777778,-99.6763888888889,26425,6.681363636363637,NO,17980,11111,61.796440489432705,38.203559510567295,55.7979334098737,63.1389252948886,59.5600582111273,3521,2590,184,76,144,69,3518,87,348,52,0,6298,3743,487,Va por México,6298,22.995229952299525,V x M
12,Guerrero,Gro.,042,Malinaltepec,12042,17.24388888888889,-98.67,32012,7.5025,NO,19340,13409,69.3329886246122,30.6670113753878,51.1476201981155,58.9470511403597,55.4056277768636,120,689,1996,239,2258,288,4554,2340,104,81,0,2806,7053,2525,Juntos Haremos Historia,7053,31.672757103437988,JHH
12,Guerrero,Gro.,078,Iliatenco,12078,17.044444444444448,-98.68583333333332,11515,8.296666666666667,NO,7108,5431,76.40686550365785,23.593134496342145,53.7769206043073,61.4006065618969,57.8806767586821,30,117,714,159,1677,1273,1119,23,22,11,0,863,2957,56,Juntos Haremos Historia,2957,31.00718099797459,JHH
12,Guerrero,Gro.,043,Martir De Cuilapan,12043,17.74138888888889,-99.32805555555557,19054,5.150625,NO,14054,9269,65.95275366443717,34.04724633556283,56.0170562223626,71.8482601254991,64.3360311750599,72,788,2687,84,490,2185,2105,228,97,41,0,3549,2680,366,Va por México,3549,9.37533714532312,V x M
12,Guerrero,Gro.,044,Metlatonoc,12044,17.192777777777778,-98.40722222222225,19701,4.63125,NO,13509,8701,64.40891257680065,35.591087423199355,52.2395656599932,62.6518674066297,57.7661014250458,56,273,244,130,2834,964,2581,783,99,75,0,576,5548,957,Juntos Haremos Historia,5548,52.68359958625445,JHH
12,Guerrero,Gro.,079,Cochoapa El Grande,12079,17.191388888888888,-98.45583333333332,21241,3.1475,NO,15724,9622,61.19308064105825,38.80691935894175,42.9837303893085,48.8461048068341,46.1057920825694,1655,478,1175,2086,1693,1262,649,45,25,21,0,3311,4431,91,Juntos Haremos Historia,4431,11.639991685720224,JHH
12,Guerrero,Gro.,045,Mochitlan,12045,17.47138888888889,-99.36916666666666,12320,7.098235294117647,NO,9041,6327,69.98119677026877,30.018803229731233,63.5371675380768,73.2017543859649,68.4563009264427,45,632,679,1843,332,61,1872,264,39,64,0,1358,4050,367,Juntos Haremos Historia,4050,42.5478109688636,JHH
12,Guerrero,Gro.,046,Olinala,12046,17.77861111111111,-98.74083333333331,28436,5.7356,NO,19391,14178,73.11639420349647,26.88360579650353,58.1227022058823,66.2684107529097,62.4178569488948,35,5626,110,52,211,471,6950,137,169,53,0,5772,7217,359,Juntos Haremos Historia,7217,10.191846522781775,JHH
12,Guerrero,Gro.,047,Ometepec,12047,16.68305555555556,-98.40555555555557,67927,7.632368421052632,NO,45874,33077,72.10402406591969,27.89597593408031,61.2703442316002,70.3542866970505,66.0625581237099,180,13515,1023,214,1399,175,14730,270,218,230,0,14720,16345,718,Juntos Haremos Historia,16345,4.912779272606342,JHH
12,Guerrero,Gro.,048,Pedro Ascencio Alquisiras,12048,18.511388888888888,-99.88611111111112,7063,5.485217391304348,NO,4823,3280,68.00746423387933,31.992535766120668,55.7651093013288,63.1756756756757,59.7158294976986,27,846,1447,25,52,95,603,16,27,22,0,2322,681,65,Va por México,2322,50.03048780487805,V x M
12,Guerrero,Gro.,049,Petatlan,12049,17.538333333333334,-101.27388888888888,44754,7.24,NO,32890,19111,58.10580723624202,41.89419276375798,51.9712159419399,57.2898697281542,54.6749319625038,171,7363,1858,147,142,324,8285,184,142,59,0,9393,8577,385,Va por México,9393,4.269792266234106,V x M
12,Guerrero,Gro.,050,Pilcaya,12050,18.746944444444445,-99.675,12895,6.686875,NO,9313,7052,75.72210888006013,24.277891119939863,73.780487804878,84.6665189452692,79.2752488535958,2527,846,320,95,53,166,2568,48,103,37,0,3693,2716,188,Va por México,3693,13.854225751559841,V x M
12,Guerrero,Gro.,051,Pungarabato,12051,18.360277777777775,-100.66805555555555,38414,8.408260869565217,NO,29292,15126,51.638672675133144,48.361327324866856,48.3502448023842,55.8602828873099,52.2296926454446,206,6966,183,142,315,99,6459,152,50,83,0,7357,6917,285,Va por México,7357,2.908898585217506,V x M
12,Guerrero,Gro.,052,Quechultenango,12052,17.41361111111111,-99.24194444444444,36024,5.85875,NO,24212,13463,55.60465884685281,44.39534115314719,48.8305114330599,58.6732226342093,53.9473684210526,166,1711,8923,132,70,120,1690,107,48,31,0,10803,1893,186,Va por México,10803,66.18138602094629,V x M
12,Guerrero,Gro.,053,San Luis Acatlan,12053,16.806944444444444,-98.73277777777778,43233,6.9248,NO,29956,18054,60.26839364401122,39.73160635598878,42.5240054869685,51.6689373297003,47.3527084382419,155,2716,1016,128,5088,237,7049,226,198,223,0,3889,12268,647,Juntos Haremos Historia,12268,46.410767696909275,JHH
12,Guerrero,Gro.,054,San Marcos,12054,16.794444444444448,-99.39111111111112,51770,7.171489361702128,NO,36869,24689,66.96411619517752,33.035883804822475,59.8660513282305,66.92866756393,63.4757725008943,1239,4497,4636,2984,677,582,7620,544,142,603,0,10375,11284,1289,Juntos Haremos Historia,11284,3.681801612053951,JHH
12,Guerrero,Gro.,055,San Miguel Totolapan,12055,18.159444444444443,-100.39111111111112,24201,6.076410256410257,NO,14279,10170,71.22347503326564,28.776524966734357,55.9839134655388,59.5346904860823,57.7605321507761,83,530,6290,53,54,35,2693,54,44,7,0,6908,2801,105,Va por México,6908,40.3834808259587,V x M
12,Guerrero,Gro.,056,Taxco De Alarcon,12056,18.55638888888889,-99.605,105613,8.206888888888889,NO,80631,46003,57.05373863650457,42.94626136349543,54.4305780377004,63.3087480160583,59.1181327483795,4661,10672,4595,2234,761,1030,12328,477,578,6606,0,19928,15323,7661,Va por México,19928,10.010216724996196,V x M
12,Guerrero,Gro.,057,Tecoanapa,12057,16.985555555555557,-99.26055555555556,45799,7.495128205128205,NO,31152,22992,73.80585516178738,26.194144838212623,66.3074380165289,77.4282838449924,72.0060604106895,2962,2384,1193,6382,1956,354,4984,1080,188,233,0,6542,13325,1501,Juntos Haremos Historia,13325,29.501565762004176,JHH
12,Guerrero,Gro.,058,Tecpan De Galeana,12058,17.222499999999997,-100.6322222222222,65103,7.264090909090909,NO,48690,28351,58.22756212774697,41.77243787225303,57.1900613654894,61.1692231363956,59.216677195199,127,3741,8385,826,366,160,13182,559,153,100,0,12256,14376,812,Juntos Haremos Historia,14376,7.477690381291665,JHH
12,Guerrero,Gro.,059,Teloloapan,12059,18.36777777777778,-99.87388888888889,53776,6.632375,NO,38286,21992,57.4413623778927,42.5586376221073,54.6843743054012,61.9047619047619,58.4861480175748,192,1898,6201,357,3435,352,7773,238,226,380,0,8294,11567,844,Juntos Haremos Historia,11567,14.882684612586395,JHH
12,Guerrero,Gro.,060,Tepecoacuilco De Trujano,12060,18.28666666666667,-99.4652777777778,30819,7.1174193548387095,NO,25065,15005,59.86435268302414,40.13564731697586,55.9115561118064,65.2525710828796,60.8116148994407,3838,3341,676,112,359,995,4610,129,111,326,0,7855,5081,566,Va por México,7855,18.487170943018995,V x M
12,Guerrero,Gro.,061,Tetipac,12061,18.649166666666662,-99.64805555555556,13384,6.569565217391304,NO,9996,6956,69.58783513405362,30.41216486594638,66.6182271123106,78.004399120176,72.4180077408841,1717,3075,219,118,35,166,1130,49,46,69,0,5011,1283,164,Va por México,5011,53.59401955146636,V x M
12,Guerrero,Gro.,062,Tixtla De Guerrero,12062,17.566944444444445,-99.3977777777778,43216,8.54448275862069,NO,31567,17181,54.42709158298222,45.57290841701778,53.495398018689,65.1217547555611,59.6733833794284,260,1938,2543,110,184,114,10725,208,373,89,0,4743,11022,670,Juntos Haremos Historia,11022,36.54618473895582,JHH
12,Guerrero,Gro.,063,Tlacoachistlahuaca,12063,16.809444444444445,-98.30083333333332,23363,4.71,NO,15963,10831,67.85065463885235,32.14934536114765,54.1224970553592,66.7960435708026,60.9716489613641,356,1260,3271,1425,922,53,2669,77,96,146,0,4889,5018,319,Juntos Haremos Historia,5018,1.1910257593943312,JHH
12,Guerrero,Gro.,064,Tlacoapa,12064,17.25722222222222,-98.74722222222222,10358,6.585,NO,6428,4918,76.50902302426881,23.490976975731183,73.5862562634216,81.3439434129089,77.8406335865524,602,1484,330,30,36,35,1772,286,45,19,0,2419,1839,350,Va por México,2419,11.793411956079707,V x M
12,Guerrero,Gro.,065,Tlalchapa,12065,18.40888888888889,-100.47777777777776,11681,7.061111111111111,NO,9539,5972,62.606143201593454,37.393856798406546,3.64185110663984,4.07903123008286,3.85450036168234,71,1029,125,22,103,14,4391,22,11,13,0,1228,4518,46,Juntos Haremos Historia,4518,55.09042196918955,JHH
12,Guerrero,Gro.,066,Tlalixtaquilla De Maldonado,12066,17.573888888888888,-98.36777777777776,7391,6.155,NO,5497,3181,57.86792796070584,42.13207203929416,57.2037180480248,70.0218818380744,63.8054094665665,18,1092,35,177,165,28,1499,30,21,11,0,1146,1846,62,Juntos Haremos Historia,1846,22.00565859792518,JHH
12,Guerrero,Gro.,067,Tlapa De Comonfort,12067,17.546111111111113,-98.57638888888889,95554,6.49,NO,63493,35608,56.08177279385129,43.91822720614871,51.3833847057097,63.9016141429669,58.1946233501179,303,10564,1539,222,5423,1074,10397,438,413,379,0,12408,16044,1230,Juntos Haremos Historia,16044,10.211188496966974,JHH
12,Guerrero,Gro.,068,Tlapehuala,12068,18.241666666666667,-100.5347222222222,22285,7.717727272727273,NO,16794,10119,60.25366202215076,39.74633797784924,54.5365134005409,63.199079401611,59.0109367570138,83,6338,139,64,35,30,3216,20,24,27,0,6564,3317,71,Va por México,6564,32.088151003063544,V x M
12,Guerrero,Gro.,069,La Union De Isidoro Montes De Oca,12069,17.984166666666667,-101.80555555555556,26422,6.54030303030303,NO,21555,14697,68.18371607515658,31.816283924843415,65.6491259206673,69.9111663005063,67.7017204894655,52,469,7738,76,34,64,5781,107,73,56,0,8261,5892,236,Va por México,8261,16.118935837245697,V x M
12,Guerrero,Gro.,070,Xalpatlahuac,12070,17.46972222222222,-98.6061111111111,12810,4.4871428571428575,NO,9943,6959,69.9889369405612,30.011063059438797,45.4125412541254,59.5744680851064,52.9490478641276,27,2277,39,47,125,1387,2430,64,97,30,0,2343,2602,191,Juntos Haremos Historia,2602,3.7217991090673945,JHH
12,Guerrero,Gro.,071,Xochihuehuetlan,12071,17.905555555555555,-98.48666666666666,7849,5.8375,NO,5896,4067,68.97896879240163,31.02103120759837,63.3040935672515,73.4201954397394,68.6531174646917,65,167,565,1237,418,25,1340,35,67,22,0,799,2998,124,Juntos Haremos Historia,2998,54.06933857880502,JHH
12,Guerrero,Gro.,072,Xochistlahuaca,12072,16.792222222222225,-98.24222222222222,29864,4.846,NO,20400,15254,74.77450980392157,25.225490196078425,67.8079146287239,76.1307744237631,72.2643945262071,151,7135,151,286,2854,38,3110,829,118,51,0,7439,6253,998,Va por México,7439,7.7750098334862985,V x M
12,Guerrero,Gro.,073,Zapotitlan Tablas,12073,17.422222222222224,-98.78194444444443,17651,6.2988888888888885,NO,7291,5645,77.42422164312165,22.575778356878345,75.6338899196042,81.9060402684564,78.9912343727547,229,612,1168,35,1778,332,1147,26,32,15,0,2012,2963,73,Juntos Haremos Historia,2963,16.846767050487156,JHH
12,Guerrero,Gro.,076,Acatepec,12076,17.32361111111111,-98.91083333333334,35919,6.606538461538461,NO,22193,18360,82.72878835668904,17.271211643310963,76.490887522916,84.0647956300622,80.5339098084561,2963,168,10736,54,63,45,3603,68,106,19,0,13871,3725,193,Va por México,13871,55.26143790849673,V x M
12,Guerrero,Gro.,074,Zirandaro,12074,18.47694444444444,-100.97944444444444,18033,5.140454545454546,NO,13955,7858,56.30956646363311,43.69043353636689,7.59911894273128,8.79022646007151,8.17115054378935,34,1888,450,31,76,32,4962,61,66,61,0,2376,5072,188,Juntos Haremos Historia,5072,34.308984474420974,JHH
12,Guerrero,Gro.,075,Zitlala,12075,17.690277777777776,-99.18861111111111,21526,5.425263157894737,NO,15914,9714,61.04059318838758,38.95940681161242,58.5552333245452,73.3552631578947,66.380916884085,1339,1556,3356,545,90,104,1970,68,119,40,0,6254,2606,227,Va por México,6254,37.554045707226685,V x M
13,Hidalgo,Hgo.,001,Acatlan,13001,20.14444444444445,-98.43833333333332,21640,7.0024999999999995,NO,17067,5111,29.946680728892012,70.053319271108,29.8736116430486,34.8620649516936,32.482951777886,642,1635,90,161,83,111,1879,173,69,72,0,2369,2126,314,Va por México,2369,4.754451183721385,V x M
13,Hidalgo,Hgo.,002,Acaxochitlan,13002,20.15833333333333,-98.20555555555556,46168,6.504761904761905,NO,31283,17594,56.24140907201994,43.75859092798006,33.2253202712886,41.8925401775006,38.0518266212516,382,6144,168,443,210,248,8027,374,391,517,0,6696,8681,1282,Juntos Haremos Historia,8681,11.282255314311698,JHH
13,Hidalgo,Hgo.,003,Actopan,13003,20.268055555555556,-98.94416666666667,60004,9.53735294117647,NO,46448,20956,45.117120220461594,54.882879779538406,60.6386620372634,68.2986227746053,64.7599683723032,813,5847,717,464,534,364,9986,378,487,389,0,7380,10984,1254,Juntos Haremos Historia,10984,17.19793853788891,JHH
13,Hidalgo,Hgo.,004,Agua Blanca De Iturbide,13004,20.34861111111111,-98.35638888888889,11015,6.675833333333333,NO,7426,3006,40.47939671424724,59.52060328575276,0,0,0,311,1141,271,121,55,46,785,42,40,50,0,1724,964,132,Va por México,1724,25.282767797737858,V x M
13,Hidalgo,Hgo.,005,Ajacuba,13005,20.091944444444444,-99.12222222222222,19038,8.556363636363637,NO,13813,5734,41.51161948888728,58.48838051111272,60.7488108025165,69.2418981481482,65.1202621192941,247,1373,336,160,101,63,2959,112,70,82,0,1960,3220,264,Juntos Haremos Historia,3220,21.974189047785142,JHH
13,Hidalgo,Hgo.,006,Alfajayucan,13006,20.408055555555553,-99.34861111111113,19543,7.887727272727273,NO,15278,6661,43.59863856525723,56.40136143474277,60.7123212321232,69.9241234955521,65.4330919817645,297,1327,159,464,403,95,3065,148,86,133,0,1788,3935,367,Juntos Haremos Historia,3935,32.23239753790722,JHH
13,Hidalgo,Hgo.,007,Almoloya,13007,19.70305555555555,-98.40305555555555,11574,7.878461538461538,NO,9337,4478,47.959730106029774,52.040269893970226,57.2198781059541,66.169476869866,61.8758434547908,137,1776,46,132,81,57,1576,60,428,51,0,1961,1789,539,Va por México,1961,3.841000446627959,V x M
13,Hidalgo,Hgo.,008,Apan,13008,19.709444444444443,-98.45,47651,9.0648,NO,35140,14214,40.44963005122368,59.55036994877632,52.0048994326973,57.9986423803598,55.1973485989756,693,4506,291,228,316,172,6484,169,592,332,0,5493,7028,1093,Juntos Haremos Historia,7028,10.799212044463205,JHH
13,Hidalgo,Hgo.,009,Atitalaquia,13009,20.049722222222226,-99.21694444444444,32010,10.134,SI,21326,11072,51.917846759823696,48.082153240176304,63.301282051282,69.038208168643,66.2590975254731,717,2805,124,517,120,895,5251,93,90,163,0,3651,5890,346,Juntos Haremos Historia,5890,20.222182080924856,JHH
13,Hidalgo,Hgo.,010,Atlapexco,13010,21.01861111111111,-98.3475,18880,7.33375,NO,15175,10688,70.43163097199341,29.568369028006583,67.7942961165049,73.9731386099883,71.1170324661665,241,1758,72,148,229,81,3865,3555,170,113,0,2074,4244,3838,Juntos Haremos Historia,4244,3.7986526946107784,JHH
13,Hidalgo,Hgo.,011,Atotonilco El Grande,13011,20.28527777777778,-98.66861111111112,30616,7.509285714285714,NO,24086,9513,39.49597276426139,60.50402723573861,52.0160537614336,61.9134775374376,57.2490542799331,495,3084,1051,188,198,129,3278,202,247,307,0,4634,3664,756,Va por México,4634,10.196573110480395,V x M
13,Hidalgo,Hgo.,012,Atotonilco De Tula,13012,20.00722222222222,-99.22027777777778,61110,9.726111111111113,SI,36142,14041,38.84953793370593,61.15046206629407,56.2810133194046,62.6807631546968,59.5958960156103,1331,2308,891,664,253,309,7061,200,323,213,0,4534,7982,736,Juntos Haremos Historia,7982,24.55665550886689,JHH
13,Hidalgo,Hgo.,013,Calnali,13013,20.896666666666665,-98.58194444444445,16148,6.858,NO,12347,7716,62.49291325828137,37.50708674171863,69.4945210321668,77.7621062529384,73.8765678212476,893,1303,69,74,132,155,2014,2579,120,68,0,2267,2221,2767,Otros,2767,6.480041472265422,V x M
13,Hidalgo,Hgo.,014,Cardonal,13014,20.6125,-99.11666666666666,19799,8.237058823529411,NO,14836,7722,52.04906983014289,47.95093016985711,61.7893217893218,66.2842488864894,64.1118627519353,1162,982,285,91,497,79,3630,136,494,69,0,2430,4220,699,Juntos Haremos Historia,4220,23.18052318052318,JHH
13,Hidalgo,Hgo.,015,Cuautepec De Hinojosa,13015,20.034166666666668,-98.3086111111111,56989,7.927083333333333,SI,44148,15720,35.607502038597445,64.39249796140255,7.49157825933933,9.17900647556944,8.37939578766797,943,4984,180,462,305,389,7283,227,180,268,0,6109,8053,675,Juntos Haremos Historia,8053,12.366412213740459,JHH
13,Hidalgo,Hgo.,016,Chapantongo,13016,20.284444444444446,-99.41222222222224,13190,7.674,NO,9935,5093,51.26321087065928,48.73678912934072,66.2348693990231,74.1334401923462,70.298969072165,780,1709,119,833,62,93,1099,105,36,94,0,2609,1999,235,Va por México,2609,11.977223640290594,V x M
13,Hidalgo,Hgo.,017,Chapulhuacan,13017,21.155555555555555,-98.90361111111112,22861,6.91,NO,17002,8537,50.2117397953182,49.7882602046818,54.2641325536062,71.6920009967605,62.8803745226069,196,2141,2035,146,117,62,2942,176,135,88,0,4376,3206,399,Va por México,4376,13.705048611924564,V x M
13,Hidalgo,Hgo.,018,Chilcuautla,13018,20.33,-99.23,18703,8.559333333333333,NO,13924,6372,45.76271186440678,54.23728813559322,57.4174078780178,64.5193977996526,61.1329900030294,266,1309,404,212,343,62,3270,103,126,71,0,1982,3826,300,Juntos Haremos Historia,3826,28.93910860012555,JHH
13,Hidalgo,Hgo.,019,El Arenal,13019,20.220555555555553,-98.9113888888889,20000,8.75090909090909,NO,14129,6615,46.81860004246585,53.18139995753415,59.725471845266,65.385157020138,62.6998223801066,174,2743,144,75,172,402,2470,85,64,83,0,3063,2717,232,Va por México,3063,5.230536659108088,V x M
13,Hidalgo,Hgo.,020,Eloxochitlan,13020,20.7475,-98.80638888888888,2543,6.615714285714286,NO,2564,1680,65.52262090483619,34.47737909516381,63.6288318144159,73.6885245901639,68.6856201071281,3,171,812,6,24,4,178,11,6,3,0,988,208,20,Va por México,988,46.42857142857143,V x M
13,Hidalgo,Hgo.,021,Emiliano Zapata,13021,19.654166666666665,-98.54638888888888,15184,9.4975,NO,11419,4795,41.9914178124179,58.0085821875821,47.040678619626,53.0281690140845,50.1702401766817,185,1690,60,89,56,77,2263,56,53,74,0,1936,2408,183,Juntos Haremos Historia,2408,9.843587069864443,JHH
13,Hidalgo,Hgo.,022,Epazoyucan,13022,20.016944444444444,-98.63722222222223,16122,8.756363636363636,SI,12181,5670,46.54790247106149,53.45209752893851,59.0166876009331,67.7633765370555,63.5579328789578,555,1629,80,113,102,138,2659,93,59,64,0,2265,2874,216,Juntos Haremos Historia,2874,10.74074074074074,JHH
13,Hidalgo,Hgo.,023,Francisco I. Madero,13023,20.245555555555555,-99.08777777777776,37094,10.144117647058824,NO,27793,13243,47.64868851869176,52.35131148130824,65.6436352071241,73.6474571489032,69.8848770277342,249,2672,200,169,227,210,8521,174,114,213,0,3124,8917,501,Juntos Haremos Historia,8917,43.74386468322888,JHH
13,Hidalgo,Hgo.,024,Huasca De Ocampo,13024,20.202777777777776,-98.57583333333334,17410,7.461578947368421,NO,14319,5323,37.174383686011595,62.825616313988405,54.6454767726161,65.1374859708193,60.1155646576946,1491,956,230,89,77,66,2010,99,53,78,0,2678,2176,230,Va por México,2678,9.430772120984408,V x M
13,Hidalgo,Hgo.,025,Huautla,13025,21.030833333333337,-98.2863888888889,20420,7.230769230769231,NO,16079,9652,60.0286087443249,39.9713912556751,63.4249183895539,68.6688694831249,66.2327814987994,188,2135,110,414,263,132,4526,1009,263,120,0,2434,5207,1392,Juntos Haremos Historia,5207,28.729796933278077,JHH
13,Hidalgo,Hgo.,026,Huazalingo,13026,20.980833333333333,-98.50777777777778,13289,7.078,NO,9203,6163,66.96729327393241,33.03270672606759,70.5840455840456,80.7675341861491,75.8632517722387,49,2351,1430,36,104,41,1597,151,101,36,0,3831,1739,288,Va por México,3831,33.944507545026774,V x M
13,Hidalgo,Hgo.,027,Huehuetla,13027,20.46,-98.0761111111111,22739,5.783125,NO,17241,9116,52.873963227191,47.126036772809,0,0,0,250,2445,775,499,191,94,3485,220,285,299,0,3472,4177,804,Juntos Haremos Historia,4177,7.7336551118911805,JHH
13,Hidalgo,Hgo.,028,Huejutla De Reyes,13028,21.14,-98.41944444444444,126606,7.9188679245283025,NO,92496,42402,45.84198235599377,54.15801764400623,52.0690155841642,59.725264209922,56.1442428495433,1936,10186,775,766,890,439,19438,4569,1089,741,0,12901,21097,6399,Juntos Haremos Historia,21097,19.329276920899957,JHH
13,Hidalgo,Hgo.,029,Huichapan,13029,20.37472222222222,-99.65055555555556,47120,8.297567567567567,NO,35726,14466,40.49151878183956,59.50848121816044,55.6165720910367,63.8273900061968,59.8857644991213,1338,4419,166,1339,621,293,5025,217,209,278,0,5926,6988,704,Juntos Haremos Historia,6988,7.3413521360431355,JHH
13,Hidalgo,Hgo.,030,Ixmiquilpan,13030,20.481944444444444,-99.21805555555557,97928,8.985901639344263,NO,73409,39417,53.69505101554305,46.30494898445695,59.7169782361789,67.7658391997036,64.0393388570698,4937,7708,527,529,2516,642,17516,1180,1326,932,0,13174,20563,3438,Juntos Haremos Historia,20563,18.745718852271864,JHH
13,Hidalgo,Hgo.,031,Jacala De Ledezma,13031,21.005,-99.19,12016,6.778421052631579,NO,9311,4778,51.31564815809257,48.68435184190743,54.4747081712062,69.2616372391653,62.1436004162331,368,1374,220,74,74,39,2154,80,94,57,0,1965,2305,231,Juntos Haremos Historia,2305,7.115948095437422,JHH
13,Hidalgo,Hgo.,032,Jaltocan,13032,21.13305555555556,-98.53805555555556,10714,6.979166666666667,NO,7806,4594,58.852165001281065,41.147834998718935,33.490435264763,37.5121713729309,35.6318859364874,52,950,681,59,76,43,2007,328,176,73,0,1687,2142,577,Juntos Haremos Historia,2142,9.904222899434044,JHH
13,Hidalgo,Hgo.,033,Juarez Hidalgo,13033,20.78222222222222,-98.82972222222222,2891,7.18,NO,2413,1402,58.101947782842934,41.898052217157066,61.1390284757119,73.621103117506,67.5255623721881,9,390,493,11,10,5,376,22,20,11,0,895,397,53,Va por México,895,35.5206847360913,V x M
13,Hidalgo,Hgo.,034,La Mision,13034,21.099166666666665,-99.1225,9911,6.220909090909091,NO,8074,4763,58.991825613079016,41.008174386920984,58.9794897448724,76.9151934409429,67.8395139855714,95,419,2468,63,62,52,1049,74,70,55,0,2984,1174,199,Va por México,2984,38.00125971026664,V x M
13,Hidalgo,Hgo.,035,Lolotla,13035,20.842222222222222,-98.71666666666668,8549,7.70875,NO,6963,3790,54.43056153956628,45.56943846043372,67.2031582143942,73.2941834451902,70.3741447081089,70,1773,177,61,82,100,1077,231,53,39,0,2022,1221,323,Va por México,2022,21.13456464379947,V x M
13,Hidalgo,Hgo.,036,Metepec,13036,20.2375,-98.32138888888888,12612,7.773333333333333,NO,9393,3489,37.144682210156496,62.855317789843504,4.85915492957746,5.92283628779979,5.42241855328548,209,818,408,158,87,86,1306,91,38,65,0,1437,1554,194,Juntos Haremos Historia,1554,3.353396388650043,JHH
13,Hidalgo,Hgo.,037,Metztitlan,13037,20.59611111111111,-98.76305555555555,21365,7.071153846153846,NO,16730,7906,47.25642558278542,52.74357441721458,57.6680141485599,63.2329454711385,60.5922551252847,166,3752,631,73,78,80,2576,155,89,42,0,4550,2727,286,Va por México,4550,23.058436630407286,V x M
13,Hidalgo,Hgo.,038,Mineral Del Chico,13038,20.21472222222222,-98.73055555555555,8501,7.453636363636363,NO,7035,3792,53.90191897654584,46.09808102345416,59.9195295574126,66.6474488325166,63.4029850746269,88,1217,1086,39,31,64,1033,36,43,34,0,2393,1103,113,Va por México,2393,34.01898734177215,V x M
13,Hidalgo,Hgo.,039,Mineral Del Monte,13039,20.139166666666664,-98.67166666666668,14283,9.623333333333331,SI,11279,4729,41.927475840056744,58.072524159943256,58.0428954423593,64.3099932019035,61.3632270844588,199,1380,53,79,60,73,2146,187,51,335,0,1634,2285,573,Juntos Haremos Historia,2285,13.766123916261366,JHH
13,Hidalgo,Hgo.,040,Mineral De La Reforma,13040,20.072222222222223,-98.69583333333334,202795,11.915263157894737,SI,131151,58527,44.62566049820436,55.37433950179564,57.7020531355964,63.2804096900034,60.6984866123399,5064,17268,794,946,800,1403,27946,696,601,1094,0,23130,29692,2391,Juntos Haremos Historia,29692,11.211919285116272,JHH
13,Hidalgo,Hgo.,047,Pachuca De Soto,13047,20.121666666666663,-98.73583333333332,314411,11.502635658914729,SI,235598,119745,50.82598324264213,49.17401675735787,58.6481855514182,64.4876440975354,61.7935548263725,10406,41465,1629,1774,2007,3071,51393,1249,1153,2290,0,53500,55178,4692,Juntos Haremos Historia,55178,1.4013111194621906,JHH
13,Hidalgo,Hgo.,041,Mixquiahuala De Juarez,13041,20.22972222222222,-99.21416666666669,47061,9.601818181818182,NO,33757,14444,42.78816245519448,57.21183754480552,59.2821863681264,67.2237860661506,63.4829543692031,637,3463,299,1288,443,213,6857,253,156,249,0,4402,8588,658,Juntos Haremos Historia,8588,28.980891719745223,JHH
13,Hidalgo,Hgo.,042,Molango De Escamilla,13042,20.78555555555556,-98.72916666666669,11570,7.631333333333333,NO,8207,4569,55.671987327890825,44.328012672109175,66.6495110653628,73.5152100434573,70.1918285999003,109,1735,81,75,104,72,1948,156,48,64,0,1927,2128,268,Juntos Haremos Historia,2128,4.399212081418254,JHH
13,Hidalgo,Hgo.,043,Nicolas Flores,13043,20.76722222222222,-99.15166666666669,6324,7.5463157894736845,NO,5164,3463,67.06041828040279,32.939581719597214,64.8185894822666,77.2779260388868,71.2568951930654,1521,213,40,29,77,18,1359,40,62,18,0,1776,1468,120,Va por México,1776,8.894022523823274,V x M
13,Hidalgo,Hgo.,044,Nopala De Villagran,13044,20.25138888888889,-99.64416666666668,16835,7.797,NO,11733,5152,43.91033836188528,56.08966163811472,57.3585592141168,67.329255861366,62.5142756742511,1057,1820,74,406,55,417,954,68,49,85,0,2953,1419,202,Va por México,2953,29.774844720496894,V x M
13,Hidalgo,Hgo.,045,Omitlan De Juarez,13045,20.16861111111111,-98.6477777777778,9106,8.387,NO,7381,3850,52.16095380029806,47.83904619970194,61.9946091644205,70.5929487179487,66.5396018636171,126,1685,154,62,54,39,1441,70,53,62,0,1967,1557,185,Va por México,1967,10.64935064935065,V x M
13,Hidalgo,Hgo.,046,Pacula,13046,21.050555555555555,-99.29583333333332,4727,6.376,NO,4098,2018,49.24353343094192,50.75646656905808,51.0552763819095,69.0909090909091,60.4111245465538,989,258,19,29,49,14,455,50,21,56,0,1269,535,127,Va por México,1269,36.37264618434093,V x M
13,Hidalgo,Hgo.,048,Pisaflores,13048,21.194166666666668,-99.00638888888888,18699,6.6525,NO,13154,6197,47.111144898890075,52.888855101109925,54.2675159235669,71.5802821366302,62.9438398601954,502,3069,65,83,68,39,1750,111,152,41,0,3639,1902,304,Va por México,3639,28.029691786348234,V x M
13,Hidalgo,Hgo.,049,Progreso De Obregon,13049,20.245833333333337,-99.18916666666668,24600,10.065,NO,18576,9268,49.892334194659774,50.107665805340226,66.1810365416766,75.2884915271858,71.0498527205024,486,2745,126,143,253,137,4604,122,79,269,0,3360,5003,470,Juntos Haremos Historia,5003,17.727665084160552,JHH
13,Hidalgo,Hgo.,050,San Agustin Metzquititlan,13050,20.532777777777778,-98.6375,9543,7.635714285714286,NO,7667,4137,53.95852354245467,46.04147645754533,65.0442477876106,74.8783610755442,70.1502459779285,51,1616,48,48,47,38,1979,98,60,38,0,1717,2074,196,Juntos Haremos Historia,2074,8.629441624365482,JHH
13,Hidalgo,Hgo.,051,San Agustin Tlaxiaca,13051,20.114444444444445,-98.88583333333334,38754,8.992777777777778,SI,25145,12091,48.08510638297872,51.91489361702128,62.8933028651784,71.889846203398,67.5883514728747,406,3963,172,186,160,170,6086,183,102,260,0,4544,6432,545,Juntos Haremos Historia,6432,15.61492018857001,JHH
13,Hidalgo,Hgo.,052,San Bartolo Tutotepec,13052,20.399722222222223,-98.20111111111112,17781,5.442352941176471,NO,13365,6670,49.906472128694354,50.093527871305646,0,0,0,119,2043,1274,87,132,86,2026,158,175,145,0,3440,2248,478,Va por México,3440,17.871064467766118,V x M
13,Hidalgo,Hgo.,053,San Felipe Orizatlan,13053,21.171111111111113,-98.60777777777776,38698,6.398333333333333,NO,28400,15759,55.48943661971831,44.51056338028169,55.3645793897176,62.3334258745142,59.0005431830527,1254,5589,241,442,446,593,5538,527,379,142,0,7088,6428,1048,Va por México,7088,4.1880830001903675,V x M
13,Hidalgo,Hgo.,054,San Salvador,13054,20.28388888888889,-99.01361111111112,37107,9.49875,NO,26615,12717,47.78132631974451,52.21867368025549,63.0043347782594,70.0325974218403,66.7255040401663,403,2154,341,165,318,185,7939,253,132,346,0,2898,8424,731,Juntos Haremos Historia,8424,43.453644727530076,JHH
13,Hidalgo,Hgo.,055,Santiago De Anaya,13055,20.381666666666668,-98.96277777777776,17911,8.666315789473684,NO,13380,5849,43.714499252615845,56.285500747384155,65.3115628123959,70.5838767042087,68.1019607843137,191,1271,75,81,348,74,3114,238,249,43,0,1542,3546,530,Juntos Haremos Historia,3546,34.2622670541973,JHH
13,Hidalgo,Hgo.,056,Santiago Tulantepec De Lugo Guerrero,13056,20.03888888888889,-98.3561111111111,38825,8.948181818181817,SI,26845,9906,36.90072639225181,63.09927360774819,0,0,0,616,3370,187,134,173,215,4522,114,179,142,0,4174,4833,435,Juntos Haremos Historia,4833,6.652533817888148,JHH
13,Hidalgo,Hgo.,057,Singuilucan,13057,19.9675,-98.51722222222222,15403,7.5636363636363635,NO,12904,5074,39.321140731556106,60.678859268443894,55.8664868509778,63.8213947617545,59.9755501222494,312,1483,917,91,171,58,1646,42,110,78,0,2716,1908,230,Va por México,2716,15.924320063066615,V x M
13,Hidalgo,Hgo.,058,Tasquillo,13058,20.551111111111112,-99.31222222222222,16949,8.2485,NO,14787,6750,45.64820450395618,54.35179549604382,52.7600059514953,63.9410537297861,58.718465494475,135,1657,164,97,170,69,4025,115,75,60,0,1957,4295,250,Juntos Haremos Historia,4295,34.63703703703704,JHH
13,Hidalgo,Hgo.,059,Tecozautla,13059,20.533333333333335,-99.63305555555554,38242,7.4636,NO,28186,8693,30.84155254381608,69.15844745618392,48.3004945443127,58.8934220886121,53.8412579558218,1657,2030,169,375,319,226,2951,144,119,402,0,3857,3649,665,Va por México,3857,2.392729782583688,V x M
13,Hidalgo,Hgo.,060,Tenango De Doria,13060,20.3375,-98.22555555555556,17675,6.678571428571429,NO,12921,5593,43.28612336506462,56.71387663493538,4.14516989859456,4.84423676012461,4.51789718461922,128,1572,781,85,99,105,2085,111,156,180,0,2485,2271,447,Va por México,2485,3.826211335598069,V x M
13,Hidalgo,Hgo.,061,Tepeapulco,13061,19.784444444444446,-98.55194444444444,56394,9.97342105263158,NO,45190,20148,44.58508519583979,55.41491480416021,61.8003573670739,67.525363917071,64.7924015031007,1277,5059,247,551,259,377,10680,260,434,381,0,6585,11490,1075,Juntos Haremos Historia,11490,24.344848123883263,JHH
13,Hidalgo,Hgo.,062,Tepehuacan De Guerrero,13062,21.01361111111111,-98.84277777777775,32739,6.557272727272728,NO,20036,12019,59.987023357955685,40.012976642044315,63.1798715203426,76.2880067567568,69.7799277057198,190,6526,371,398,240,115,3083,283,200,81,0,7089,3723,564,Va por México,7089,28.005657708628007,V x M
13,Hidalgo,Hgo.,063,Tepeji Del Rio De Ocampo,13063,19.921111111111113,-99.3472222222222,91919,9.263333333333334,NO,64905,29006,44.68993143825591,55.31006856174409,59.0415270585846,66.1650779481621,62.7097219030108,2147,6082,489,685,652,681,15365,368,1196,494,0,8720,16703,2058,Juntos Haremos Historia,16703,27.521892022340204,JHH
13,Hidalgo,Hgo.,064,Tepetitlan,13064,20.185555555555556,-99.3797222222222,10920,8.315,NO,8093,5060,62.52316817002348,37.47683182997652,65.0508837707552,73.2272069464544,69.3527918781726,1863,779,64,255,54,78,1599,62,37,114,0,2710,1911,213,Va por México,2710,15.790513833992096,V x M
13,Hidalgo,Hgo.,065,Tetepango,13065,20.102222222222224,-99.15722222222225,11961,9.234285714285717,NO,9091,3999,43.98856011439886,56.01143988560114,64.985862393968,74.831612034126593,70.0275925500115,493,671,312,82,195,55,2000,34,42,16,0,1478,2277,92,Juntos Haremos Historia,2277,19.97999499874969,JHH
13,Hidalgo,Hgo.,066,Tezontepec De Aldama,13066,20.1925,-99.2725,54547,9.191304347826089,NO,37969,22056,58.08949406094446,41.91050593905554,54.2479148691401,60.8206207259337,57.6810001373815,7529,2433,717,863,278,297,8372,240,263,259,0,10682,9517,762,Va por México,10682,5.282009430540443,V x M
13,Hidalgo,Hgo.,067,Tianguistengo,13067,20.7275,-98.62916666666666,14340,6.5600000000000005,NO,10850,5130,47.28110599078341,52.71889400921659,59.5706618962433,67.5705589374654,63.7198622273249,167,1952,116,179,80,114,1841,183,104,98,0,2238,2103,385,Va por México,2238,2.6315789473684212,V x M
13,Hidalgo,Hgo.,068,Tizayuca,13068,19.841666666666665,-98.98916666666666,168290,10.08375,SI,107363,38604,35.9565213341654,64.0434786658346,49.9382143960457,57.3679542970281,53.778583231171,2998,9487,713,821,903,1896,18529,620,438,1138,0,13202,20255,2196,Juntos Haremos Historia,20255,18.270127447932857,JHH
13,Hidalgo,Hgo.,069,Tlahuelilpan,13069,20.13111111111111,-99.2325,19309,9.46,SI,13396,6105,45.57330546431771,54.42669453568229,61.2168537497966,69.5511880316808,65.5996914770536,283,1205,212,250,59,119,3559,71,75,49,0,1704,3868,195,Juntos Haremos Historia,3868,35.44635544635545,JHH
13,Hidalgo,Hgo.,070,Tlahuiltepa,13070,20.9225,-98.95,8677,6.149411764705882,NO,7319,3990,54.51564421369039,45.48435578630961,57.3258606885508,69.4413407821229,63.2455302306537,74,1952,126,112,109,71,1181,88,57,28,0,2153,1402,173,Va por México,2153,18.82205513784461,V x M
13,Hidalgo,Hgo.,071,Tlanalapa,13071,19.818055555555556,-98.60416666666666,10966,10.04375,NO,8788,4608,52.435138825671366,47.564861174328634,63.7839147286822,67.8132118451025,65.8605306409955,229,1348,71,59,41,77,2453,37,84,78,0,1649,2553,199,Juntos Haremos Historia,2553,19.618055555555557,JHH
13,Hidalgo,Hgo.,072,Tlanchinol,13072,20.98777777777778,-98.66,38154,6.988076923076923,NO,26198,15720,60.00458050232842,39.99541949767158,61.8614534636634,74.0351984847289,68.174005565559,4983,3307,319,249,243,164,4849,427,309,196,0,8611,5342,932,Va por México,8611,20.795165394402037,V x M
13,Hidalgo,Hgo.,073,Tlaxcoapan,13073,20.08972222222222,-99.22222222222224,27801,9.3375,SI,21879,9541,43.60802596096714,56.39197403903286,60.9055933708198,68.0496033555211,64.6180818802123,622,2033,307,608,268,345,4698,113,77,140,0,2964,5577,330,Juntos Haremos Historia,5577,27.38706634524683,JHH
13,Hidalgo,Hgo.,074,Tolcayuca,13074,19.956666666666667,-98.92027777777778,21337,9.29125,NO,12531,5759,45.95802410023143,54.04197589976857,59.9855933729516,68.9273927392739,64.6516834581934,362,1907,113,91,84,90,2696,164,35,96,0,2384,2873,295,Juntos Haremos Historia,2873,8.49105747525612,JHH
13,Hidalgo,Hgo.,075,Tula De Allende,13075,20.054722222222225,-99.34277777777775,114930,9.972115384615384,SI,87870,41425,47.143507454193696,52.856492545806304,59.9310396150125,65.7406778509815,62.968442981937,3117,7626,2460,1776,603,775,20881,631,845,1453,0,13205,23260,2929,Juntos Haremos Historia,23260,24.27278213639107,JHH
13,Hidalgo,Hgo.,076,Tulancingo De Bravo,13076,20.08722222222222,-98.37944444444445,172321,9.675555555555556,SI,130017,49823,38.32037348962059,61.67962651037941,22.9269417734095,26.2484375930004,24.7333495184915,4041,12900,775,779,1095,2383,23374,823,517,1393,0,17718,25252,2733,Juntos Haremos Historia,25252,15.121530216968067,JHH
13,Hidalgo,Hgo.,077,Villa De Tezontepec,13077,19.879722222222224,-98.81916666666666,13331,9.074285714285717,NO,9392,3683,39.21422487223168,60.78577512776832,53.8461538461538,64.7601089461555,59.6946222072527,159,1320,42,59,56,150,1615,52,41,56,0,1526,1730,149,Juntos Haremos Historia,1730,5.538962802063535,JHH
13,Hidalgo,Hgo.,078,Xochiatipan,13078,20.83388888888889,-98.28416666666666,18316,6.13,NO,13069,8830,67.5644655291147,32.4355344708853,66.7590027700831,74.3952533089913,70.8235484654628,3470,1714,276,274,218,58,2063,146,120,67,0,5462,2557,333,Va por México,5462,32.89920724801812,V x M
13,Hidalgo,Hgo.,079,Xochicoatlan,13079,20.77583333333333,-98.67833333333334,7050,7.844444444444444,NO,5640,3390,60.1063829787234,39.8936170212766,68.0906389301635,71.3986013986014,69.7946685878963,148,1059,45,63,470,30,1274,127,55,33,0,1255,1809,215,Juntos Haremos Historia,1809,16.342182890855458,JHH
13,Hidalgo,Hgo.,080,Yahualica,13080,20.949166666666667,-98.38194444444444,24618,6.395333333333333,NO,17817,12606,70.7526519616097,29.2473480383903,68.0842911877395,76.8222579903426,72.682720232333,375,6420,176,630,187,86,2889,858,174,139,0,6974,3709,1171,Va por México,6974,25.900364905600508,V x M
13,Hidalgo,Hgo.,081,Zacualtipan De Angeles,13081,20.64388888888889,-98.65305555555555,37900,8.125263157894738,NO,27872,9321,33.44216417910448,66.55783582089552,54.0905349794239,60.3927514258898,57.4477904695973,353,2708,188,152,128,148,4847,190,140,133,0,3251,5127,463,Juntos Haremos Historia,5127,20.12659585881343,JHH
13,Hidalgo,Hgo.,082,Zapotlan De Juarez,13082,19.97138888888889,-98.85972222222222,22844,9.315,SI,16187,6131,37.876073392228335,62.123926607771665,58.1629714943853,63.2707774798928,60.8701535963191,465,2051,96,108,95,277,2682,82,47,86,0,2613,2887,215,Juntos Haremos Historia,2887,4.469091502201925,JHH
13,Hidalgo,Hgo.,083,Zempoala,13083,19.91361111111111,-98.66888888888889,56983,9.166470588235294,SI,37275,19942,53.499664654594234,46.500335345405766,61.8020222837638,68.8888888888889,65.4975806700157,963,8504,197,271,201,320,8366,218,132,245,0,9666,8838,595,Va por México,9666,4.152040918664126,V x M
13,Hidalgo,Hgo.,084,Zimapan,13084,20.736944444444447,-99.38194444444444,39942,7.936481481481482,NO,31850,12625,39.63893249607536,60.36106750392464,52.9055605818081,64.951588877855,59.272989731308,1865,2233,293,388,355,311,5979,274,178,199,0,4393,6724,651,Juntos Haremos Historia,6724,18.463366336633662,JHH
14,Jalisco,Jal.,001,Acatic,14001,20.779166666666665,-102.90944444444445,22851,6.987272727272727,NO,17012,8971,52.73336468375265,47.26663531624735,49.7508623993867,59.8669891172914,54.9481269801826,3228,1304,85,173,88,1949,969,314,45,510,0,4617,1233,869,Va por México,4617,29.74027421692119,V x M
14,Jalisco,Jal.,002,Acatlan De Juarez,14002,20.420555555555556,-103.5911111111111,23724,9.264545454545454,SI,17917,9816,54.785957470558685,45.214042529441315,59.6131572851517,68.9928628072958,64.354847946853,957,729,38,277,87,2662,2973,1134,52,684,0,1726,3339,1870,Juntos Haremos Historia,3339,6.896903015484923,JHH
14,Jalisco,Jal.,003,Ahualulco De Mercado,14003,20.700277777777774,-103.97611111111112,23630,9.374166666666667,NO,17828,12067,67.6856630020193,32.3143369979807,68.0811159301371,75.6486577558126,71.9456234943214,962,3354,79,124,216,4423,2467,123,31,70,0,4397,2808,224,Movimiento Ciudadano,4423,0.21546366122482805,V x M
14,Jalisco,Jal.,004,Amacueca,14004,20.010277777777777,-103.6,5743,8.16,NO,4621,3154,68.2536247565462,31.7463752434538,59.4395957740009,70.6290672451193,65.194109772423,55,589,238,23,17,1519,566,27,11,28,0,885,610,66,Movimiento Ciudadano,1519,20.10145846544071,V x M
14,Jalisco,Jal.,005,Amatitan,14005,20.833333333333332,-103.7275,16490,8.59125,NO,11787,7670,65.07168914906252,34.92831085093748,63.4598093868009,71.6211422490245,67.5685329047236,1050,866,651,714,103,1303,2532,59,57,173,0,2570,3352,289,Juntos Haremos Historia,3352,10.195567144719687,JHH
14,Jalisco,Jal.,006,Ameca,14006,20.547777777777775,-104.04722222222222,60441,8.637727272727272,NO,49902,25432,50.96388922287684,49.03611077712316,53.6340425531915,58.9964831929337,56.3686032447762,1874,5563,257,677,194,9136,6272,309,90,463,0,7697,7147,862,Movimiento Ciudadano,9136,5.658225857187795,V x M
14,Jalisco,Jal.,007,San Juanito De Escobedo,14007,20.79861111111111,-104.00416666666666,9486,8.47625,NO,7494,4675,62.38323992527355,37.61676007472645,60.9207708779443,70.6141558799229,65.6983846884756,930,658,21,52,607,1068,1054,93,30,33,0,1611,1715,156,Juntos Haremos Historia,1715,2.2245989304812834,JHH
14,Jalisco,Jal.,008,Arandas,14008,20.705,-102.34388888888888,79370,7.455333333333334,NO,59510,30974,52.04839522769282,47.95160477230718,47.6464005967922,55.4011174725805,51.6755071321052,8049,5558,158,538,295,8673,2738,758,143,2819,0,13767,3571,3720,Va por México,13767,16.446051527087235,V x M
14,Jalisco,Jal.,125,San Ignacio Cerro Gordo,14125,20.743055555555557,-102.53611111111113,18341,6.86625,NO,15287,7219,47.223130764702034,52.776869235297966,40.1415571284125,48.7533512064343,44.6082180351804,1947,2523,32,70,75,1561,403,45,14,367,0,4504,548,426,Va por México,4504,40.76741931015376,V x M
14,Jalisco,Jal.,009,El Arenal,14009,20.775555555555556,-103.69333333333334,20849,9.292,NO,15090,9455,62.65738899933731,37.34261100066269,60.8425912566729,69.6470265073479,65.3532226287644,2053,899,55,227,1393,1847,1741,242,70,617,0,3009,3363,929,Juntos Haremos Historia,3363,3.744050766790058,JHH
14,Jalisco,Jal.,010,Atemajac De Brizuela,14010,20.13888888888889,-103.7275,7957,7.376,NO,5018,3862,76.96293343961737,23.037066560382627,77.4429616874731,82.8861788617886,80.2425256115409,1514,352,14,29,20,737,1061,25,27,13,0,1883,1112,65,Va por México,1883,19.963749352667012,V x M
14,Jalisco,Jal.,011,Atengo,14011,20.27472222222222,-104.2375,5599,7.371666666666667,NO,4573,3456,75.57402143013339,24.425978569866615,72.7432848965214,77.9676674364896,75.2930568079351,1179,1303,22,40,14,278,340,85,3,38,0,2506,395,126,Va por México,2506,61.082175925925924,V x M
14,Jalisco,Jal.,012,Atenguillo,14012,20.41611111111111,-104.49305555555556,4201,7.52,NO,3521,2302,65.37915364953139,34.62084635046861,49.5061011040093,58.4357541899441,54.0586727428083,78,565,6,44,8,1131,255,85,7,22,0,652,308,114,Movimiento Ciudadano,1131,20.807993049522153,V x M
14,Jalisco,Jal.,013,Atotonilco El Alto,14013,20.55,-102.50833333333334,63978,8.02111111111111,NO,49705,24272,48.832109445729806,51.167890554270194,52.8350403137939,59.9070114990245,56.4570310838968,6340,6873,189,852,247,4314,3421,825,265,340,0,13405,4522,1430,Va por México,13405,36.597725774555045,V x M
14,Jalisco,Jal.,014,Atoyac,14014,20.009722222222223,-103.51527777777778,8728,7.196666666666666,NO,7106,4487,63.1438221221503,36.8561778778497,61.0320284697509,70.0878933938191,65.6616901000145,774,838,63,46,26,1588,540,117,16,278,0,1676,614,411,Va por México,1676,1.961221305995097,V x M
14,Jalisco,Jal.,015,Autlan De Navarro,14015,19.770833333333332,-104.36944444444444,64931,9.474,NO,50869,26503,52.10049342428591,47.89950657571409,52.0404678562281,58.4767676767677,55.3470607771504,1692,8643,216,243,223,7281,6390,258,164,787,0,10552,6859,1209,Va por México,10552,12.341999018978983,V x M
14,Jalisco,Jal.,016,Ayotlan,14016,20.52861111111111,-102.32694444444444,41517,6.987368421052632,NO,30600,16730,54.67320261437908,45.32679738562092,57.698035600312,65.9306421024113,61.908886194353,780,3293,73,239,337,5461,1951,441,3495,249,0,4150,2531,4185,Movimiento Ciudadano,5461,7.627017334130305,V x M
14,Jalisco,Jal.,017,Ayutla,14017,20.128888888888888,-104.34444444444443,12911,7.861666666666666,NO,10512,6476,61.60578386605784,38.39421613394216,63.2355797242183,68.0630284396618,65.6621269197334,973,294,30,72,69,2687,1988,128,31,38,0,1299,2131,197,Movimiento Ciudadano,2687,8.58554663372452,JHH
14,Jalisco,Jal.,018,La Barca,14018,20.27722222222222,-102.5497222222222,67795,8.105,NO,57008,25406,44.56567499298344,55.43432500701656,46.5896042256756,51.0268844041931,48.8868788303921,2883,3587,183,1633,1650,4913,5387,821,2257,1274,0,6654,8673,4352,Juntos Haremos Historia,8673,7.94694166732268,JHH
14,Jalisco,Jal.,019,Bolaños,14019,21.83138888888889,-103.77972222222222,7209,7.29,NO,2279,1860,81.61474330846863,18.385256691531367,30.7415406767459,27.9534109816972,29.2927546256268,294,498,442,18,4,258,267,9,9,11,0,1235,289,29,Va por México,1235,50.86021505376344,V x M
14,Jalisco,Jal.,020,Cabo Corrientes,14020,20.31972222222222,-105.3261111111111,11259,7.646666666666667,NO,9131,6187,67.75818639798489,32.241813602015114,60.8247422680412,67.6741440377804,64.0520694259012,74,125,17,2247,301,2236,921,65,14,26,0,217,3471,105,Juntos Haremos Historia,3471,19.961208986584776,JHH
14,Jalisco,Jal.,021,Casimiro Castillo,14021,19.602222222222224,-104.43527777777778,20549,8.032857142857143,NO,16078,8125,50.53489239955218,49.46510760044782,53.1440936863544,60.661628051047,56.9536008036667,129,2628,79,159,109,2413,1607,116,23,33,0,2837,1880,172,Va por México,2837,5.218461538461538,V x M
14,Jalisco,Jal.,022,Cihuatlan,14022,19.2375,-104.56194444444444,40139,8.384705882352941,NO,27129,14778,54.47307309521177,45.52692690478823,55.8479975728155,63.4644250975683,59.676324128565,1892,1398,101,1107,194,3468,4214,288,122,1491,0,3394,5516,1901,Juntos Haremos Historia,5516,13.85843821897415,JHH
14,Jalisco,Jal.,023,Zapotlan El Grande,14023,19.702777777777776,-103.4625,115151,10.41372549019608,NO,88721,44012,49.60719559067188,50.39280440932812,54.5652937340089,61.0652015982564,57.9772147675001,3383,5390,448,1134,5281,12681,11517,515,451,2117,0,9225,17934,3083,Juntos Haremos Historia,17934,11.935381259656458,JHH
14,Jalisco,Jal.,024,San Gabriel,14024,19.746666666666663,-103.76861111111111,16525,7.771,NO,12664,8543,67.45893872394188,32.541061276058116,56.2532078699743,64.0800794176042,60.2321473631088,340,2035,1186,143,145,2959,1417,80,12,57,0,3564,1707,149,Va por México,3564,7.0818213742245115,V x M
14,Jalisco,Jal.,025,Cocula,14025,20.36527777777778,-103.82222222222222,29338,8.51235294117647,NO,23453,13074,55.745533620432354,44.254466379567646,55.4228855721393,61.6113744075829,58.5922330097087,1513,3359,81,266,119,3631,3065,268,46,429,0,4957,3451,743,Va por México,4957,10.142267094997706,V x M
14,Jalisco,Jal.,026,Colotlan,14026,22.11416666666667,-103.26638888888888,19700,8.804375,NO,15299,9181,60.01045819988234,39.98954180011766,58.3543948329121,63.7230239639878,61.1175468483816,1784,717,74,179,138,3442,1885,283,55,173,0,2577,2202,511,Movimiento Ciudadano,3442,9.421631630541336,V x M
14,Jalisco,Jal.,027,Concepcion De Buenos Aires,14027,19.97833333333333,-103.26055555555556,6252,7.244,NO,5137,3664,71.32567646486277,28.674323535137233,67.6256077795786,75.4264825345248,71.5212981744422,80,288,13,840,8,1451,173,669,5,9,0,383,1022,683,Movimiento Ciudadano,1451,11.708515283842795,JHH
14,Jalisco,Jal.,028,Cuautitlan De Garcia Barragan,14028,19.450555555555553,-104.35916666666668,18370,7.346666666666667,NO,13666,10837,79.29899019464364,20.701009805356364,77.3956142985882,83.9705421497963,80.6134969325153,3247,1387,50,43,50,4073,1501,36,26,119,0,4686,1595,181,Va por México,4686,5.6565470148565105,V x M
14,Jalisco,Jal.,029,Cuautla,14029,20.202777777777776,-104.40583333333332,2141,7.029999999999999,NO,2247,1531,68.13529149977748,31.86470850022252,66.2313432835821,71.1802378774016,68.729792147806,594,255,7,32,12,141,255,77,8,20,0,857,299,105,Va por México,857,36.4467668190725,V x M
14,Jalisco,Jal.,030,Cuquio,14030,20.92777777777778,-103.02333333333333,18102,7.035833333333333,NO,14540,10311,70.91471801925722,29.085281980742774,64.0254739336493,70.1946805593639,67.2291043713513,2489,3569,40,171,143,2594,957,70,39,52,0,6100,1271,161,Va por México,6100,34.00252157889632,V x M
14,Jalisco,Jal.,031,Chapala,14031,20.290000000000003,-103.18916666666668,55062,9.801052631578948,NO,39593,24741,62.488318642184225,37.511681357815775,59.3537225136734,67.1751383215264,63.413586708538,7936,1942,101,591,173,7291,4107,415,185,1393,0,9982,4875,1993,Va por México,9982,10.876682429974537,V x M
14,Jalisco,Jal.,032,Chimaltitan,14032,21.781388888888888,-103.78027777777778,2994,6.6033333333333335,NO,2695,2171,80.55658627087199,19.44341372912801,77.8642149929279,87.380073800738,82.5207656193572,1034,785,1,15,2,156,117,3,4,5,0,1822,135,12,Va por México,1822,76.7388300322432,V x M
14,Jalisco,Jal.,033,Chiquilistlan,14033,20.08833333333333,-103.86166666666666,5785,7.7625,NO,4653,3156,67.82720825274016,32.172791747259836,64.346190028222,73.3907524932004,68.9519852262235,362,648,528,34,25,624,650,95,9,34,0,1541,709,138,Va por México,1541,26.362484157160964,V x M
14,Jalisco,Jal.,034,Degollado,14034,20.446944444444444,-102.13916666666668,21309,6.724375,NO,18891,9616,50.902546186014504,49.097453813985496,45.9338194054964,54.0211470682474,50.0765948134369,1421,3315,50,167,42,3285,964,89,15,46,0,4788,1175,150,Va por México,4788,15.630199667221298,V x M
14,Jalisco,Jal.,035,Ejutla,14035,19.905555555555555,-104.1625,1968,7.205,NO,2027,1268,62.55550074000986,37.44449925999014,62.6130653266332,72.3311546840958,67.276529012023,206,296,20,18,9,227,407,24,3,16,0,523,434,43,Va por México,523,7.018927444794953,V x M
14,Jalisco,Jal.,036,Encarnacion De Diaz,14036,21.524166666666662,-102.23694444444445,52960,7.299677419354839,NO,38891,20886,53.70394178601733,46.29605821398267,53.1071250069417,62.3617369930356,57.9219395231118,5059,2311,100,379,110,5559,5062,1445,128,196,0,7473,5551,1769,Va por México,7473,9.164033323757542,V x M
14,Jalisco,Jal.,037,Etzatlan,14037,20.764722222222225,-104.08055555555556,19958,9.100909090909092,NO,15065,9523,63.21274477265184,36.78725522734816,60.8051439753984,68.9146049481245,64.9604689203926,2088,407,49,70,31,4431,2087,104,17,57,0,2546,2192,178,Movimiento Ciudadano,4431,19.794182505512968,V x M
14,Jalisco,Jal.,038,Gomez Farias,14038,19.79416666666667,-103.47722222222222,16437,7.97625,NO,12512,7388,59.047314578005114,40.952685421994886,53.8502109704641,63.5583616642383,58.9043404972609,375,806,52,199,410,3133,1551,354,40,157,0,1233,2164,551,Movimiento Ciudadano,3133,13.11586356253384,JHH
14,Jalisco,Jal.,039,El Grullo,14039,19.80527777777778,-104.21694444444444,25886,9.126666666666669,NO,20186,8980,44.48627761815119,55.51372238184881,48.9101541733121,54.5572010734519,51.8288297544437,826,1678,85,126,285,2446,2759,433,45,81,0,2589,3172,559,Juntos Haremos Historia,3172,6.492204899777283,JHH
14,Jalisco,Jal.,040,Guachinango,14040,20.57611111111111,-104.38055555555556,4199,7.1,NO,3670,2475,67.43869209809264,32.561307901907355,54.9973558963511,58.0645161290323,56.4516129032258,74,247,18,70,178,968,505,109,25,79,0,341,755,213,Movimiento Ciudadano,968,8.606060606060606,JHH
14,Jalisco,Jal.,041,Guadalajara,14041,20.67638888888889,-103.3461111111111,1384959,11.11132382892057,SI,1263589,613384,48.542999345515035,51.457000654484965,55.6902723451287,61.9588258870539,58.9580304583045,91100,75857,5415,13287,5945,208881,158265,14427,4341,15217,4097,172375,177498,38082,Movimiento Ciudadano,208881,5.116370821540829,JHH
14,Jalisco,Jal.,042,Hostotipaquillo,14042,21.058055555555555,-104.05138888888888,8732,7.335454545454546,NO,6745,4476,66.36026686434396,33.639733135656044,57.1764705882353,66.5533230293663,61.7483044461191,1696,336,55,541,18,604,360,412,6,304,0,2089,920,722,Va por México,2089,26.117068811438784,V x M
14,Jalisco,Jal.,043,Huejucar,14043,22.3575,-103.21,5920,7.522,NO,5366,3347,62.3742079761461,37.6257920238539,65.5679110405083,72.109346139638,68.9569377990431,556,949,11,57,35,1131,465,9,6,31,0,1518,559,46,Va por México,1518,11.562593367194502,V x M
14,Jalisco,Jal.,044,Huejuquilla El Alto,14044,22.62777777777778,-103.8975,10015,6.732857142857143,NO,7106,4407,62.01801294680551,37.98198705319449,57.5589863093504,68.8413643746616,63.4067630138908,1295,1213,41,61,52,738,843,29,17,12,0,2550,957,58,Va por México,2550,36.147038801906056,V x M
14,Jalisco,Jal.,045,La Huerta,14045,19.481111111111108,-104.63916666666668,23220,7.677777777777778,NO,18702,10429,55.76408940220298,44.23591059779702,62.8692441355343,69.0500281056773,65.906203391703,298,2272,47,82,53,3912,3367,82,47,45,0,2618,3505,174,Movimiento Ciudadano,3912,3.9025793460542717,JHH
14,Jalisco,Jal.,046,Ixtlahuacan De Los Membrillos,14046,20.348333333333333,-103.19166666666668,68080,9.496363636363636,SI,38570,18728,48.55587243971999,51.44412756028001,50.0280216700915,57.3822778937601,53.8359907515839,1420,7261,120,231,307,2479,5289,235,117,861,0,8803,5828,1213,Va por México,8803,15.885305425032037,V x M
14,Jalisco,Jal.,047,Ixtlahuacan Del Rio,14047,20.86416666666667,-103.23833333333332,20183,7.437272727272728,NO,15713,9353,59.52396105135874,40.47603894864126,59.0884279475983,66.5386584741423,62.9326287978864,627,2278,48,569,912,2403,1991,109,34,152,0,2955,3474,295,Juntos Haremos Historia,3474,5.549021704266011,JHH
14,Jalisco,Jal.,048,Jalostotitlan,14048,21.168333333333333,-102.4652777777778,32668,7.645909090909091,NO,26336,13239,50.2695929526124,49.7304070473876,50.6534823731728,58.6688051323176,54.8008298755187,3895,4168,62,226,60,2995,1254,152,30,72,0,8127,1540,254,Va por México,8127,38.76425711911776,V x M
14,Jalisco,Jal.,049,Jamay,14049,20.290000000000003,-102.70944444444444,25096,8.4475,SI,19411,10546,54.33001906135696,45.66998093864304,57.3006003430532,64.7285990130873,61.0134048257373,1976,609,50,75,262,4088,2947,197,36,90,0,2636,3285,323,Movimiento Ciudadano,4088,7.614261331310449,JHH
14,Jalisco,Jal.,050,Jesus Maria,14050,20.607222222222223,-102.22444444444444,18928,6.147142857142857,NO,16469,7941,48.217863865444166,51.782136134555834,41.6889568207872,52.0687611144043,47.0649637725654,3326,976,30,124,38,2043,445,169,22,538,0,4333,607,729,Va por México,4333,28.837677874323134,V x M
14,Jalisco,Jal.,051,Jilotlan De Los Dolores,14051,19.370555555555555,-103.01944444444445,9502,6.261,NO,4168,1486,35.65259117082534,64.34740882917467,56.8289786223278,63.4827810266407,60.0062053986969,42,125,6,95,18,303,761,22,23,12,0,174,876,57,Juntos Haremos Historia,876,38.559892328398384,JHH
14,Jalisco,Jal.,052,Jocotepec,14052,20.283611111111114,-103.42944444444444,48663,8.164736842105263,NO,35316,19516,55.26107146902254,44.73892853097746,51.1222718253968,59.5575221238938,55.4447064514179,1501,1307,87,3664,241,5815,4361,504,190,1167,0,2899,8270,1861,Juntos Haremos Historia,8270,12.579422012707521,JHH
14,Jalisco,Jal.,053,Juanacatlan,14053,20.50888888888889,-103.17055555555557,30615,9.331428571428573,SI,15561,8369,53.781890623995885,46.218109376004115,60.8214849921011,67.5288683602771,64.2183235867446,1952,722,33,219,990,1953,2107,102,43,82,0,2709,3319,227,Juntos Haremos Historia,3319,7.288803919225714,JHH
14,Jalisco,Jal.,054,Juchitlan,14054,20.083333333333332,-104.0975,5534,7.795,NO,5139,3236,62.96944930920413,37.03055069079587,63.6736367363674,70.2367093519596,67.0454545454545,445,779,28,311,24,710,659,58,27,30,0,1254,995,115,Va por México,1254,8.00370828182942,V x M
14,Jalisco,Jal.,055,Lagos De Moreno,14055,21.355833333333333,-101.93333333333334,172869,8.4108,NO,123616,60478,48.92408749676417,51.07591250323583,52,60.1559435072577,56.2301294605387,16388,5429,253,657,471,27991,6148,781,176,886,0,22073,7276,1843,Movimiento Ciudadano,27991,9.785376500545652,V x M
14,Jalisco,Jal.,056,El Limon,14056,19.823888888888888,-104.15611111111112,5415,8.4,NO,5664,3137,55.38488700564971,44.61511299435029,52.5874635568513,58.165548098434,55.3446369332842,398,498,52,544,28,411,1050,25,15,25,0,952,1624,65,Juntos Haremos Historia,1624,21.42174051641696,JHH
14,Jalisco,Jal.,057,Magdalena,14057,20.906388888888888,-103.97972222222222,21781,8.721,NO,15531,8603,55.3924409246024,44.6075590753976,55.4422225204671,64.4455945141674,60.0263504611331,1856,3501,41,81,36,1606,1211,55,26,41,0,5400,1330,122,Va por México,5400,44.100895036615135,V x M
14,Jalisco,Jal.,058,Santa Maria Del Oro,14058,19.585277777777776,-102.9088888888889,1833,5.574,NO,2006,1459,72.73180458624128,27.26819541375872,40.8437200383509,43.4417628541448,42.0841683366733,502,692,3,7,2,194,24,0,3,1,0,1200,34,4,Va por México,1200,68.95133653187115,V x M
14,Jalisco,Jal.,059,La Manzanilla De La Paz,14059,20.004166666666663,-103.15416666666668,4127,7.746,NO,3428,2536,73.97899649941657,26.021003500583433,72.0496894409938,79.2579075425791,75.6914566687154,221,65,6,481,11,1180,142,11,4,326,0,293,634,341,Movimiento Ciudadano,1180,21.529968454258675,JHH
14,Jalisco,Jal.,060,Mascota,14060,20.525277777777777,-104.7863888888889,14446,8.101538461538462,NO,11304,7020,62.101910828025474,37.898089171974526,52.5138632162662,58.6688137412775,55.6414219474498,609,1365,44,160,49,2058,2209,142,147,50,0,2019,2421,339,Juntos Haremos Historia,2421,5.170940170940171,JHH
14,Jalisco,Jal.,061,Mazamitla,14061,19.915555555555553,-103.01944444444445,14097,8.023333333333333,NO,11599,7926,68.33347702388137,31.666522976118628,67.5555555555556,76.2274368231047,72.1353670162059,296,324,58,2611,61,3506,443,282,20,76,0,682,3118,378,Movimiento Ciudadano,3506,4.895281352510724,JHH
14,Jalisco,Jal.,062,Mexticacan,14062,21.26527777777778,-102.77694444444444,5307,7.137142857142857,NO,4925,2780,56.44670050761421,43.55329949238579,51.6371681415929,60.0385356454721,56.1277033985582,632,613,7,28,115,532,718,20,3,18,0,1253,861,41,Va por México,1253,14.100719424460431,V x M
14,Jalisco,Jal.,063,Mezquitic,14063,22.388333333333332,-103.72888888888887,22199,6.31375,NO,10694,7541,70.51617729567981,29.48382270432019,48.6926020408163,54.3847629487531,51.7538688282977,3691,1837,24,23,279,727,627,52,28,16,0,5554,929,96,Va por México,5554,61.3313884100252,V x M
14,Jalisco,Jal.,064,Mixtlan,14064,20.438055555555557,-104.4088888888889,3638,7.449999999999999,NO,3205,2258,70.45241809672387,29.547581903276125,72.9508196721311,77.5616083009079,75.2237851662404,21,1049,2,6,121,874,146,1,2,3,0,1073,273,6,Va por México,1073,8.813108945969885,V x M
14,Jalisco,Jal.,065,Ocotlan,14065,20.350833333333338,-102.77166666666666,105990,9.405714285714286,SI,78537,37502,47.75074168863084,52.24925831136916,53.5987624165445,58.0052091313008,55.869119040101,4674,4724,245,881,412,10581,13352,713,469,647,0,9647,14649,1829,Juntos Haremos Historia,14649,10.847421470854888,JHH
14,Jalisco,Jal.,066,Ojuelos De Jalisco,14066,21.866111111111113,-101.59305555555557,33588,7.278666666666666,NO,21494,13740,63.9248162277845,36.0751837722155,57.5262781916522,72.2258885641558,65.1671077134176,731,1789,126,165,73,4907,3479,106,1483,432,0,2647,3717,2021,Movimiento Ciudadano,4907,8.660844250363901,JHH
14,Jalisco,Jal.,067,Pihuamo,14067,19.251944444444444,-103.3786111111111,11673,6.586666666666667,NO,8953,5484,61.253211214118174,38.746788785881826,61.9318181818182,72.6983405319391,67.2089136490251,187,2055,10,79,19,2163,767,30,18,20,0,2255,866,68,Va por México,2255,1.6776075857038657,V x M
14,Jalisco,Jal.,068,Poncitlan,14068,20.38111111111111,-102.92777777777778,53682,8.3405,SI,39090,19150,48.98951138398567,51.01048861601433,49.259133582174,54.5624332977588,51.9878095656471,790,3680,118,179,423,6546,4952,464,67,1428,0,4590,5555,1959,Movimiento Ciudadano,6546,5.174934725848564,JHH
14,Jalisco,Jal.,069,Puerto Vallarta,14069,20.613333333333333,-105.23111111111112,291569,10.348987341772151,SI,227365,94816,41.70210894376883,58.29789105623117,37.7552646129912,43.3025978497915,40.5006366833766,6358,3840,1057,17521,625,23730,34957,2159,1324,1120,0,11257,53107,4603,Juntos Haremos Historia,53107,30.983167397907525,JHH
14,Jalisco,Jal.,070,Villa Purificacion,14070,19.718888888888888,-104.60194444444444,11353,7.271111111111111,NO,9975,5945,59.59899749373434,40.40100250626566,61.8828049951969,65.409732462608,63.5651125401929,739,1699,23,23,22,2359,807,123,11,19,0,2462,853,153,Va por México,2462,1.7325483599663583,V x M
14,Jalisco,Jal.,071,Quitupan,14071,19.92666666666667,-102.87583333333332,7829,5.704166666666667,NO,8465,5013,59.220318960425274,40.779681039574726,48.4790874524715,57.7735580346546,53.1290820567629,2040,1700,31,59,17,495,428,57,10,10,0,3774,505,77,Va por México,3774,65.21045282266108,V x M
14,Jalisco,Jal.,072,El Salto,14072,20.51888888888889,-103.17833333333334,232662,9.20076923076923,SI,127559,54804,42.963648194168975,57.036351805831025,46.6714475617435,53.7728788188066,50.2716453949638,3718,10474,423,710,741,19929,14296,1971,675,628,0,14618,15751,3274,Movimiento Ciudadano,19929,7.623531129114663,JHH
14,Jalisco,Jal.,073,San Cristobal De La Barranca,14073,21.044444444444448,-103.42916666666667,2947,6.508,NO,3043,1999,65.69175156095957,34.308248439040426,57.3218997361477,71.0050614605929,63.8496033114867,1240,46,4,9,401,49,91,2,0,126,0,1292,502,128,Va por México,1292,39.51975987993997,V x M
14,Jalisco,Jal.,074,San Diego De Alejandria,14074,20.991666666666667,-101.99,7596,6.585714285714285,NO,5460,3566,65.31135531135531,34.688644688644686,61.5015974440895,73.5632183908046,67.7562007306287,1140,366,11,1044,4,647,240,13,9,7,0,1520,1288,29,Va por México,1520,6.505888951205833,V x M
14,Jalisco,Jal.,075,San Juan De Los Lagos,14075,21.245833333333337,-102.33083333333332,72191,7.664,NO,55084,29216,53.03899498947062,46.96100501052938,51.3172140021653,58.1898839766437,54.8496482372888,9682,2367,121,4290,172,7167,3684,771,70,244,0,12172,8146,1085,Va por México,12172,13.78012048192771,V x M
14,Jalisco,Jal.,076,San Julian,14076,21.010277777777777,-102.17944444444444,16781,7.311111111111111,NO,13153,8093,61.529689044324485,38.470310955675515,59.5683695835441,69.635986978396,64.9302545511861,3729,1050,35,1326,34,1033,477,96,19,56,0,4816,1837,171,Va por México,4816,36.809588533300385,V x M
14,Jalisco,Jal.,077,San Marcos,14077,20.79138888888889,-104.19555555555556,3791,9.035,NO,3056,2461,80.53010471204189,19.46989528795811,74.1035856573705,79.1238877481177,76.5756656555443,180,100,12,523,12,1139,391,22,4,20,0,294,927,46,Movimiento Ciudadano,1139,8.614384396586754,JHH
14,Jalisco,Jal.,078,San Martin De Bolaños,14078,21.68277777777778,-103.81194444444444,3095,6.596,NO,2466,1745,70.76236820762368,29.23763179237632,64.9460708782743,74.4548286604361,69.6746707978311,368,402,8,19,14,429,346,21,12,20,0,781,380,53,Va por México,781,20.171919770773638,V x M
14,Jalisco,Jal.,079,San Martin Hidalgo,14079,20.434722222222224,-103.93055555555556,27952,8.694705882352942,NO,24612,13445,54.62782382577605,45.37217617422395,53.7089201877934,59.6960985626283,56.7601506906655,991,892,59,2838,83,4417,3332,185,39,263,0,1945,6257,487,Juntos Haremos Historia,6257,13.685384901450353,JHH
14,Jalisco,Jal.,080,San Miguel El Alto,14080,21.029722222222222,-102.40222222222222,33235,7.355294117647059,NO,25326,14151,55.875384979862595,44.124615020137405,52.8687814179234,62.7903289734443,58.0507597399909,4373,2528,72,1174,34,3496,1480,111,19,489,0,6977,2688,619,Va por México,6977,24.598968270793584,V x M
14,Jalisco,Jal.,081,San Sebastian Del Oeste,14081,20.761666666666667,-104.85,5086,7.315714285714286,NO,4706,3584,76.15809604759882,23.841903952401186,29.0529695024077,32.6895902025436,30.7258938244854,26,691,11,68,14,1636,913,58,17,23,0,729,996,98,Movimiento Ciudadano,1636,17.857142857142858,JHH
14,Jalisco,Jal.,082,Santa Maria De Los Angeles,14082,22.170833333333334,-103.22361111111113,3515,7.05,NO,3339,2322,69.54177897574124,30.45822102425876,66.749226006192,72.0097146326654,69.4052728387492,703,761,6,9,4,633,148,12,4,4,0,1470,161,20,Va por México,1470,36.04651162790697,V x M
14,Jalisco,Jal.,083,Sayula,14083,19.88277777777778,-103.60055555555554,37371,9.376315789473685,NO,28093,14392,51.229843733314354,48.770156266685646,54.7963837106969,63.584483132269,59.4146230354567,780,649,157,349,985,6176,3647,180,69,1046,0,1588,4984,1295,Movimiento Ciudadano,6176,8.282379099499723,JHH
14,Jalisco,Jal.,084,Tala,14084,20.648333333333333,-103.70111111111112,87591,8.772258064516128,NO,57044,29283,51.33405792020195,48.66594207979805,52.3436293436293,58.1605687274351,55.3053992078382,1315,6409,180,1046,830,11903,5535,980,241,274,0,7906,7414,1495,Movimiento Ciudadano,11903,13.649557763890313,V x M
14,Jalisco,Jal.,085,Talpa De Allende,14085,20.380555555555556,-104.82222222222222,14997,7.253636363636364,NO,11620,8320,71.60068846815835,28.399311531841647,56.1175422974176,61.5412186379928,58.820902188477,825,2397,25,165,44,699,3675,121,48,43,0,3249,3887,212,Juntos Haremos Historia,3887,7.668269230769231,JHH
14,Jalisco,Jal.,086,Tamazula De Gordiano,14086,19.67555555555556,-103.25361111111113,39165,7.429428571428572,NO,35228,17213,48.86170091972295,51.13829908027705,50.3867138317645,57.592807424594,54.0493528700728,2716,1188,343,735,482,5253,4509,300,147,812,0,4248,5728,1259,Juntos Haremos Historia,5728,2.7595422064718527,JHH
14,Jalisco,Jal.,087,Tapalpa,14087,19.945,-103.75805555555556,21076,7.742222222222222,NO,14742,11244,76.27187627187627,23.728123728123737,69.8082354690055,75.6707657909447,72.8300799539005,1066,1325,1329,1795,142,3383,1006,319,137,253,0,3723,2946,709,Va por México,3723,3.0238349341871222,V x M
14,Jalisco,Jal.,088,Tecalitlan,14088,19.469166666666663,-103.30638888888888,16393,7.463125,NO,13420,6891,51.34873323397914,48.65126676602086,52.2030651340996,58.0664744270754,55.2089006457636,310,570,98,183,51,3372,1222,141,39,607,0,980,1459,787,Movimiento Ciudadano,3372,27.76084748222319,JHH
14,Jalisco,Jal.,089,Tecolotlan,14089,20.202777777777776,-104.04888888888888,16587,8.168461538461539,NO,14102,9455,67.04722734363921,32.95277265636079,65.3417645287564,70.5177514792899,67.9525443963587,1276,3283,66,160,106,1886,1930,287,20,77,0,4628,2199,384,Va por México,4628,25.690111052353252,V x M
14,Jalisco,Jal.,090,Techaluta De Montenegro,14090,20.073888888888888,-103.55055555555556,4029,8.133333333333333,NO,3177,2122,66.79257160843564,33.20742839156436,68.8815789473684,76.8354430379747,72.9354838709677,53,254,26,34,16,580,396,629,12,26,0,334,447,667,Otros,667,4.09990574929312,JHH
14,Jalisco,Jal.,091,Tenamaxtlan,14091,20.2175,-104.16416666666667,7260,8.03,NO,6434,4076,63.350948088281015,36.649051911718985,63.562091503268,69.4180898165718,66.5380906460945,1225,1559,22,44,10,258,843,12,4,8,0,2806,897,24,Va por México,2806,46.8351324828263,V x M
14,Jalisco,Jal.,092,Teocaltiche,14092,21.433611111111112,-102.57388888888887,39817,7.3160869565217395,NO,31415,14300,45.51965621518383,54.48034378481617,45.3827502597852,52.1384161276141,48.9261479675868,3360,2647,356,291,113,2256,4325,208,56,116,0,6366,4729,380,Va por México,6366,11.447552447552448,V x M
14,Jalisco,Jal.,093,Teocuitatlan De Corona,14093,20.094166666666663,-103.37638888888888,11039,7.424,NO,9546,6344,66.45715482924786,33.542845170752145,60.9546334121694,69.2811839323467,65.152968766656,1296,975,19,1433,431,1446,564,17,4,18,0,2295,2430,39,Juntos Haremos Historia,2430,2.1279949558638083,JHH
14,Jalisco,Jal.,094,Tepatitlan De Morelos,14094,20.816666666666663,-102.7611111111111,150163,7.9890740740740736,NO,123566,56629,45.82894971108558,54.17105028891442,45.9264278454378,53.2406860843607,49.685371054137,23690,7600,353,2208,310,12870,4226,2623,263,941,0,31645,6744,3827,Va por México,31645,33.15439085980681,V x M
14,Jalisco,Jal.,095,Tequila,14095,20.88277777777778,-103.83666666666666,44347,8.707272727272727,NO,32365,16724,51.67310366136258,48.32689633863742,51.4956704277093,56.6569861245563,54.097400696184,5331,1659,147,614,263,2733,4386,481,375,228,0,7139,5264,1084,Va por México,7139,11.211432671609662,V x M
14,Jalisco,Jal.,096,Teuchitlan,14096,20.683333333333337,-103.84777777777778,9527,8.601666666666667,NO,7897,5254,66.53159427630746,33.46840572369254,66.7976939203354,74.9314727136805,70.9669178694597,198,196,33,131,33,2418,2076,34,18,28,0,428,2241,80,Movimiento Ciudadano,2418,3.368861819566045,JHH
14,Jalisco,Jal.,097,Tizapan El Alto,14097,20.15833333333333,-103.04333333333334,23014,7.607142857142858,NO,17006,9193,54.05739150887921,45.94260849112079,48.7229862475442,59.7482056712554,54.3531815177552,435,2220,62,242,834,4051,1011,63,12,50,0,2720,2091,125,Movimiento Ciudadano,4051,14.478407483955184,V x M
14,Jalisco,Jal.,098,Tlajomulco De Zuñiga,14098,20.472777777777775,-103.44666666666669,726488,10.233289473684213,SI,386494,142633,36.90432451732757,63.09567548267243,36.4201159631938,40.6843234662982,38.6068049852577,20718,10425,1836,2953,3247,52316,39929,4439,1358,2174,0,32983,46131,7971,Movimiento Ciudadano,52316,4.336303660443235,JHH
14,Jalisco,Jal.,099,San Pedro Tlaquepaque,14099,20.638333333333332,-103.31055555555557,691481,10.097884615384617,SI,489996,195614,39.921550380003104,60.078449619996896,48.7970930842691,55.8208068047201,52.3855351601513,27267,26743,2428,4555,3349,53134,59724,6755,2852,3807,0,56441,67630,13414,Juntos Haremos Historia,67630,5.719938245728834,JHH
14,Jalisco,Jal.,100,Toliman,14100,19.601666666666667,-103.91416666666667,11120,7.604285714285714,NO,7839,5247,66.9345579793341,33.0654420206659,66.6315234580917,75.5128538042067,71.1052975801177,47,2600,23,36,22,1640,726,24,19,16,0,2673,785,59,Va por México,2673,19.687440442157424,V x M
14,Jalisco,Jal.,101,Tomatlan,14101,19.940833333333337,-105.24861111111112,36259,7.515882352941176,NO,26446,14861,56.1937533086289,43.8062466913711,52.0165301905564,58.8791848617176,55.3532811701333,184,405,244,422,75,7117,5698,225,73,80,0,836,6196,378,Movimiento Ciudadano,7117,6.19742951349169,JHH
14,Jalisco,Jal.,102,Tonala,14102,20.62361111111111,-103.24111111111112,567843,9.522716049382716,SI,360586,134088,37.186135901005585,62.813864098994415,45.89750821602,52.1324842560391,49.0816632665307,13712,28594,1098,5509,3553,28245,40143,4104,1558,3523,0,43406,49209,9185,Juntos Haremos Historia,49209,4.327754907225106,JHH
14,Jalisco,Jal.,103,Tonaya,14103,19.785833333333336,-103.97111111111111,5947,7.92,NO,5441,3607,66.2929608527844,33.707039147215596,65.8874801901743,73.6466165413534,69.8688271604938,791,1618,22,18,12,736,329,15,5,5,0,2434,359,25,Va por México,2434,47.0751316883837,V x M
14,Jalisco,Jal.,104,Tonila,14104,19.408055555555553,-103.54888888888888,7523,8.525714285714287,NO,5831,4360,74.77276624935688,25.227233750643123,72.6022566995769,81.4432989690722,77.079707622694,223,1100,20,37,25,1808,1002,24,19,27,0,1344,1064,70,Movimiento Ciudadano,1808,10.642201834862385,V x M
14,Jalisco,Jal.,105,Totatiche,14105,21.927222222222223,-103.44305555555556,4174,7.236666666666666,NO,3981,2637,66.23963828183874,33.76036171816126,65.7935285053929,72.2903885480573,69.0494491416859,845,579,19,33,8,914,116,19,2,12,0,1445,159,33,Va por México,1445,20.13651877133106,V x M
14,Jalisco,Jal.,106,Tototlan,14106,20.5425,-102.79305555555555,23720,7.440714285714286,NO,18406,10109,54.92230794306205,45.07769205693795,55.9914085462356,64.8651623555311,60.487424014277,1850,1625,76,98,63,3062,1494,1444,88,48,0,3556,1659,1580,Va por México,3556,4.886734592936987,V x M
14,Jalisco,Jal.,107,Tuxcacuesco,14107,19.696944444444444,-103.98277777777778,5496,7.282,NO,4269,3046,71.35160459123917,28.64839540876083,69.1683569979716,76.0149572649573,72.5026014568158,631,1062,24,13,11,962,243,10,5,2,0,1720,268,17,Va por México,1720,24.885095206828627,V x M
14,Jalisco,Jal.,108,Tuxcueca,14108,20.15361111111111,-103.18444444444444,6437,7.9675,NO,5694,4088,71.7948717948718,28.205128205128204,64.9143302180685,71.7001828153565,68.4141052234584,381,202,126,739,163,1276,479,238,4,406,0,711,1383,648,Juntos Haremos Historia,1383,2.617416829745597,JHH
14,Jalisco,Jal.,109,Tuxpan,14109,19.55388888888889,-103.37555555555556,37362,8.947391304347827,NO,28649,16177,56.46619428252295,43.53380571747705,53.5744452123167,61.4000283406547,57.6445443490437,965,1408,823,828,175,3177,6918,222,437,816,0,3199,7923,1475,Juntos Haremos Historia,7923,29.201953390616307,JHH
14,Jalisco,Jal.,110,Union De San Antonio,14110,21.128333333333337,-102.005,18739,6.645,NO,14192,8991,63.35259301014656,36.64740698985344,64.0389590625476,73.1037367540435,68.7695554100269,4594,791,31,110,16,2447,402,179,10,70,0,5417,528,259,Va por México,5417,33.033033033033036,V x M
14,Jalisco,Jal.,111,Union De Tula,14111,19.954444444444444,-104.26777777777778,13810,8.613333333333333,NO,11775,5885,49.97876857749469,50.02123142250531,56.7063421566886,64.7258529960957,60.8072916666667,162,1629,23,58,33,2145,1604,61,18,35,0,1817,1695,114,Movimiento Ciudadano,2145,5.573491928632116,V x M
14,Jalisco,Jal.,112,Valle De Guadalupe,14112,21.010277777777777,-102.61638888888888,6578,7.707142857142857,NO,6263,3489,55.70812709564107,44.29187290435893,56.0926485397784,65.0879566982409,60.5728727885425,940,788,24,67,16,1315,190,28,6,20,0,1753,273,54,Va por México,1753,12.553740326741186,V x M
14,Jalisco,Jal.,113,Valle De Juarez,14113,19.9325,-102.94444444444444,6126,6.846,NO,5785,4001,69.16162489196196,30.838375108038036,65.1908396946565,72.0329867335963,68.7188019966722,1769,909,21,76,16,522,514,14,9,15,0,2701,607,38,Va por México,2701,52.336915771057235,V x M
14,Jalisco,Jal.,114,Villa Corona,14114,20.41583333333333,-103.6652777777778,19021,8.081,NO,14958,7201,48.14146276240139,51.85853723759861,52.1184697655286,60.7090301003345,56.466684723727,566,874,29,909,93,1477,1499,1433,28,88,0,1470,2502,1549,Juntos Haremos Historia,2502,13.23427301763644,JHH
14,Jalisco,Jal.,115,Villa Guerrero,14115,21.983055555555556,-103.5936111111111,5514,6.93875,NO,4641,3245,69.92027580262874,30.079724197371263,70.2557200538358,74.8125275694751,72.5533807829182,1305,1163,8,11,11,451,191,8,1,7,0,2480,213,16,Va por México,2480,62.526964560862865,V x M
14,Jalisco,Jal.,116,Villa Hidalgo,14116,21.67361111111111,-102.58888888888887,20088,7.2075,NO,15067,6842,45.41049976770425,54.58950023229575,44.3911387046705,54.0515285008677,49.355192756208,3026,261,51,92,31,405,1304,84,25,1316,0,3342,1427,1425,Va por México,3342,27.988892136802104,V x M
14,Jalisco,Jal.,117,Cañadas De Obregon,14117,21.148333333333333,-102.6888888888889,4451,6.265714285714286,NO,3843,2255,58.67811605516523,41.32188394483477,50.9625668449198,56.5705128205128,53.7680384820951,558,115,6,830,29,454,152,17,2,19,0,680,1011,38,Juntos Haremos Historia,1011,14.678492239467849,JHH
14,Jalisco,Jal.,118,Yahualica De Gonzalez Gallo,14118,21.18166666666667,-102.89055555555557,22394,7.282,NO,20458,11606,56.730863231987485,43.269136768012515,56.8162020905923,65.1566923752807,61.2137746435373,3233,1953,59,136,250,3747,1628,233,18,64,0,5248,2014,315,Va por México,5248,12.932965707392729,V x M
14,Jalisco,Jal.,119,Zacoalco De Torres,14119,20.227777777777774,-103.56944444444444,30491,8.411875,NO,24028,13755,57.24571333444315,42.75428666555685,57.8723026374212,64.7883710987602,61.3957135389441,519,1222,93,696,133,3839,5932,108,65,843,0,1837,6764,1016,Juntos Haremos Historia,6764,21.264994547437297,JHH
14,Jalisco,Jal.,120,Zapopan,14120,20.720277777777778,-103.39194444444443,1476826,11.5972921108742,SI,1076785,506604,47.04783220420047,52.95216779579953,49.440452374147704,55.2736822230995,52.456249155746,98237,54019,3734,8954,3983,203103,102127,9100,3360,8891,0,155992,115066,21351,Movimiento Ciudadano,203103,9.299373869926017,V x M
14,Jalisco,Jal.,121,Zapotiltic,14121,19.62472222222222,-103.41583333333334,33561,7.866190476190476,NO,25792,14335,55.57924937965261,44.42075062034739,57.7141886728369,64.8552769491252,61.3771712158809,3065,886,120,763,256,3217,4453,172,62,993,0,4074,5473,1227,Juntos Haremos Historia,5473,9.75933031042902,JHH
14,Jalisco,Jal.,122,Zapotitlan De Vadillo,14122,19.547222222222224,-103.81305555555556,7565,7.721666666666667,NO,5122,3585,69.99219055056618,30.00780944943382,66.4673046251994,76.7791785278569,71.5723776927723,192,1196,499,473,17,341,647,40,14,36,0,1891,1137,90,Va por México,1891,21.03207810320781,V x M
14,Jalisco,Jal.,123,Zapotlan Del Rey,14123,20.46611111111111,-102.92444444444445,19270,7.176153846153846,NO,14853,8673,58.3922439911129,41.6077560088871,57.1887662428392,64.7988708539167,60.9745822215981,1891,983,124,116,316,2610,1533,559,95,101,0,3000,1968,755,Va por México,3000,4.496713939813214,V x M
14,Jalisco,Jal.,124,Zapotlanejo,14124,20.622222222222224,-103.06833333333331,65294,7.5809375,SI,56219,25348,45.08795958661662,54.91204041338338,46.4200337030215,53.5503629764065,50.0490714904262,2567,6645,292,414,796,6326,6140,413,158,881,0,9508,7353,1452,Va por México,9508,8.501656935458419,V x M
15,Estado de México,Méx.,001,Acambay De Ruiz Castañeda,15001,19.953888888888887,-99.84305555555557,67290,8.144375,NO,48380,30897,63.86316659776767,36.13683340223233,60.8716092332283,71.4642262895175,66.4915804109377,5431,11135,198,1700,253,343,7435,2380,189,999,0,16766,9390,3568,Va por México,16766,23.872867915978897,V x M
15,Estado de México,Méx.,002,Acolman,15002,19.638333333333332,-98.90972222222224,142859,9.978484848484849,SI,87279,50633,58.01280949598414,41.98719050401586,59.0932736825678,69.1255495847582,64.389129713998,10283,13837,467,1635,753,616,19444,727,1039,771,0,24587,21836,2537,Va por México,24587,5.43321549187289,V x M
15,Estado de México,Méx.,003,Aculco,15003,20.098333333333333,-99.82694444444444,48351,7.85875,NO,34643,22522,65.01169067344053,34.988309326559474,62.2658171954835,70.3644281457713,66.5095331031377,837,7811,271,5618,206,548,3844,467,1834,355,0,8919,9671,2656,Juntos Haremos Historia,9671,3.3389574638131605,JHH
15,Estado de México,Méx.,004,Almoloya De Alquisiras,15004,18.86388888888889,-99.89361111111111,15249,7.650833333333333,NO,12193,8487,69.60551135897646,30.394488641023543,52.021993614757,59.566265060241,55.9807805782686,262,5142,86,142,53,145,2161,73,54,38,0,5494,2356,165,Va por México,5494,36.97419582891481,V x M
15,Estado de México,Méx.,005,Almoloya De Juarez,15005,19.36888888888889,-99.75722222222224,174520,8.103392857142858,SI,119160,69668,58.465928163813366,41.534071836186634,53.5167052844009,61.8388710315073,57.8514320503523,5052,21237,2285,12999,2761,1295,16755,1967,831,1828,0,28577,32515,4626,Juntos Haremos Historia,32515,5.652523396681403,JHH
15,Estado de México,Méx.,115,Villa Victoria,15115,19.4375,-99.99555555555555,108196,6.808333333333334,NO,70709,41704,58.979762123633485,41.020237876366515,63.0645828691473,74.547544656016,69.0265215860918,1446,23278,1028,2438,517,414,10087,537,380,274,0,25753,13042,1191,Va por México,25753,30.479090734701707,V x M
15,Estado de México,Méx.,006,Almoloya Del Rio,15006,19.15861111111111,-99.48861111111113,13226,10.138,SI,8866,6088,68.66681705391383,31.33318294608617,66.9491525423729,72.6695842450766,70.0378071833648,187,1591,207,740,94,126,2370,131,93,282,0,1985,3204,506,Juntos Haremos Historia,3204,20.02299605781866,JHH
15,Estado de México,Méx.,007,Amanalco,15007,19.251944444444444,-100.01972222222224,21795,7.532,NO,18836,13540,71.8836270970482,28.116372902951795,59.6894630792936,66.5719903867162,63.2709908475925,418,3734,259,670,221,2000,3579,1206,229,666,0,4414,4470,2101,Juntos Haremos Historia,4470,0.413589364844904,JHH
15,Estado de México,Méx.,008,Amatepec,15008,18.682222222222222,-100.18583333333332,25171,6.808888888888889,NO,20568,13851,67.34247374562428,32.657526254375725,60.6122647947743,68.2038364658012,64.4200398464454,203,6603,1130,113,127,73,4787,152,124,53,0,7938,5027,329,Va por México,7938,21.016533102303082,V x M
15,Estado de México,Méx.,009,Amecameca,15009,19.12777777777778,-98.76277777777776,55982,10.263076923076923,SI,43027,27766,64.53157319822436,35.468426801775635,57.1810073172034,69.0311499001903,63.5207629644347,2496,6969,986,2384,326,1555,9534,1348,498,773,0,10451,12244,2619,Juntos Haremos Historia,12244,6.457537996110351,JHH
15,Estado de México,Méx.,010,Apaxco,15010,19.973333333333333,-99.17,31915,9.340714285714286,SI,22555,14712,65.22722234537797,34.77277765462203,62.909796314258,73.3041770796144,68.3229524960491,4107,2167,611,929,150,211,3517,110,282,2221,0,6885,4596,2613,Va por México,6885,15.558727569331158,V x M
15,Estado de México,Méx.,011,Atenco,15011,19.558333333333337,-98.9125,75216,9.728571428571428,SI,47691,25467,53.40001258099012,46.59998741900988,60.6726283048212,69.7047107724281,65.4492581058802,1065,6777,1591,1116,384,1187,10498,487,227,1343,0,9433,11998,2057,Juntos Haremos Historia,11998,10.071857698197668,JHH
15,Estado de México,Méx.,012,Atizapan,15012,19.17555555555556,-99.48861111111113,10636,9.3075,SI,8944,5858,65.49642218246869,34.50357781753131,68.7467362924282,75.3157544870375,72.3001318470574,532,1988,163,204,456,52,1667,208,218,118,0,2683,2327,544,Va por México,2683,6.077159440081939,V x M
15,Estado de México,Méx.,013,Atizapan De Zaragoza,15013,19.561111111111114,-99.24694444444444,524631,11.432738095238095,SI,411231,214706,52.21055805617767,47.78944194382233,59.4047305483854,67.6587397450888,63.7100432455318,76857,32176,3450,7406,3289,6292,70038,3008,2028,5188,0,112487,80735,10224,Va por México,112487,14.7885946363865,V x M
15,Estado de México,Méx.,014,Atlacomulco,15014,19.797500000000003,-99.87444444444444,109460,9.495641025641026,NO,79186,47002,59.35645189806279,40.64354810193721,60.4838242953875,69.4224832467435,65.2706280829559,2392,15918,440,2718,1475,1662,14197,1142,599,5268,0,18753,18392,7009,Va por México,18753,0.7680524233011361,V x M
15,Estado de México,Méx.,015,Atlautla,15015,19.02722222222222,-98.78055555555557,32078,9.014615384615384,SI,22341,14739,65.97287498321471,34.02712501678529,58.994356080041,70.663926369404,65.2321360336263,484,3996,352,554,301,669,6096,547,887,453,0,4832,6951,1887,Juntos Haremos Historia,6951,14.376823393717348,JHH
15,Estado de México,Méx.,016,Axapusco,15016,19.722777777777775,-98.7575,26600,8.704,SI,19039,14179,74.47344923577919,25.526550764220815,74.0784221648274,85.0363403163745,79.8142553429563,2590,5338,289,219,996,514,3062,126,229,453,0,8217,4278,808,Va por México,8217,27.780520488045703,V x M
15,Estado de México,Méx.,017,Ayapango,15017,19.12638888888889,-98.80277777777778,8087,9.602,SI,6197,4659,75.1815394545748,24.818460545425197,54.4914625092799,65.8748745399799,60.478620446947,202,1168,997,344,82,125,1412,79,41,79,0,2367,1838,199,Va por México,2367,11.354367890105173,V x M
15,Estado de México,Méx.,018,Calimaya,15018,19.160833333333333,-99.6172222222222,67094,10.051875,SI,41658,26010,62.43698689327381,37.56301310672619,61.1754279067191,70.3743479594968,65.9584651793549,6533,6416,450,1164,1257,588,7487,334,458,589,0,13402,9909,1381,Va por México,13402,13.429450211457132,V x M
15,Estado de México,Méx.,019,Capulhuac,15019,19.191666666666663,-99.46472222222222,39760,10.153333333333332,SI,26898,13881,51.606067365603394,48.393932634396606,57.6799049558724,64.27059712774,61.1657471815783,1014,4538,1205,581,185,124,4346,209,350,894,0,6757,5112,1453,Va por México,6757,11.850731215330308,V x M
15,Estado de México,Méx.,020,Coacalco De Berriozabal,15020,19.633333333333333,-99.09305555555557,293444,11.334433962264152,SI,227735,122920,53.97501481985641,46.02498518014359,60.3035593602163,67.090625482096,63.8512817296406,15142,27363,6483,7615,1632,6113,44037,2789,5312,3504,0,48990,53286,11605,Juntos Haremos Historia,53286,3.4949560689879595,JHH
15,Estado de México,Méx.,021,Coatepec Harinas,15021,18.92361111111111,-99.76861111111111,38798,7.192105263157894,NO,28298,17040,60.21626970103894,39.78373029896106,56.8271001841916,66.5705240942666,62.0140813422216,991,7803,246,240,3424,162,2600,183,454,349,0,9044,6266,986,Va por México,9044,16.302816901408452,V x M
15,Estado de México,Méx.,022,Cocotitlan,15022,19.231944444444444,-98.86527777777778,15032,10.351666666666668,SI,11946,8376,70.11551983927674,29.884480160723257,71.8112244897959,82.8334180647348,77.5221705154096,375,1450,280,351,201,1237,3220,205,327,422,0,2108,3772,954,Juntos Haremos Historia,3772,19.866284622731616,JHH
15,Estado de México,Méx.,023,Coyotepec,15023,19.775555555555556,-99.20555555555556,51158,9.466666666666669,SI,38670,19557,50.574088440651664,49.425911559348336,56.3418119462704,64.0939057726323,60.3424430183669,1904,3189,246,607,446,1306,8882,662,1170,438,0,5339,9935,2270,Juntos Haremos Historia,9935,23.500536892161374,JHH
15,Estado de México,Méx.,024,Cuautitlan,15024,19.666944444444447,-99.17916666666667,147748,11.105,SI,98801,53216,53.86180301818807,46.13819698181193,62.6432508652737,69.8607544235799,66.4043315980748,6621,13131,843,4219,910,2119,18542,2454,1091,1363,0,20595,23671,4908,Juntos Haremos Historia,23671,5.7802164762477455,JHH
15,Estado de México,Méx.,025,Cuautitlan Izcalli,15025,19.64611111111111,-99.21138888888888,557360,11.522239382239382,SI,418650,231301,55.24925355308731,44.75074644691269,63.750685394813,70.5978018887821,67.3269556532553,59735,41089,3736,11798,3734,9154,86439,3413,2596,3812,0,104562,101973,9821,Va por México,104562,1.1193207119727109,V x M
15,Estado de México,Méx.,122,Valle De Chalco Solidaridad,15122,19.291666666666668,-98.9388888888889,391584,9.10617391304348,SI,271792,134524,49.495202213457354,50.504797786542646,53.9344675091673,66.5468875925146,60.4370051576062,4006,15244,24594,11039,3012,4479,60359,2112,2004,2821,0,43845,74414,6937,Juntos Haremos Historia,74414,22.72382623175047,JHH
15,Estado de México,Méx.,026,Chalco,15026,19.264722222222225,-98.8975,398534,9.510281690140843,SI,260731,118102,45.29649332070218,54.70350667929782,54.9565830651915,67.2932868934587,61.4426248698728,6596,31411,4175,6261,2631,4408,53376,1867,1280,1945,0,42184,62268,5092,Juntos Haremos Historia,62268,17.00563919323974,JHH
15,Estado de México,Méx.,027,Chapa De Mota,15027,19.814444444444444,-99.52694444444444,31551,7.951428571428572,NO,22275,16147,72.48933782267115,27.510662177328857,76.2150146509043,83.7429807603793,80.1541425818882,4532,3910,110,1085,178,388,4562,151,700,106,0,8553,5828,957,Va por México,8553,16.87619991329659,V x M
15,Estado de México,Méx.,028,Chapultepec,15028,19.200833333333332,-99.5611111111111,12607,10.625,SI,8461,5218,61.671197258007325,38.328802741992675,69.1717385551733,77.3143683702989,73.4325722215214,280,1600,49,791,783,190,1234,31,21,129,0,1930,2811,181,Juntos Haremos Historia,2811,16.883863549252588,JHH
15,Estado de México,Méx.,029,Chiautla,15029,19.548055555555557,-98.88194444444444,31630,9.755833333333332,SI,22357,14405,64.43172160844478,35.568278391555225,73.2964267740312,80.636908962597,77.2084058107282,923,4686,115,377,1047,192,5535,183,94,737,0,5724,6960,1014,Juntos Haremos Historia,6960,8.580354043734815,JHH
15,Estado de México,Méx.,030,Chicoloapan,15030,19.415277777777774,-98.90111111111112,198639,10.028714285714283,SI,137954,70867,51.37002189135509,48.62997810864491,52.9635575533794,63.4156115951494,58.3944533135898,2530,25876,2194,2432,1269,1108,27871,1840,690,2906,0,30600,31575,5436,Juntos Haremos Historia,31575,1.3758166706647663,JHH
15,Estado de México,Méx.,031,Chiconcuac,15031,19.558333333333337,-98.8925,29818,10.27125,SI,20711,12207,58.939693882477904,41.060306117522096,68.2481751824817,73.4687953555878,70.9938425525418,949,2228,491,483,182,186,5215,997,900,273,0,3668,5880,2170,Juntos Haremos Historia,5880,18.120750389120996,JHH
15,Estado de México,Méx.,032,Chimalhuacan,15032,19.4375,-98.95416666666668,722554,9.125617283950618,SI,481294,212388,44.12853681949079,55.87146318050921,50.6410792818424,63.270984957732,57.2547517234201,5773,82174,2814,3798,3407,3766,97938,2844,1260,2729,0,90764,105145,6833,Juntos Haremos Historia,105145,6.771098178804829,JHH
15,Estado de México,Méx.,060,Nezahualcoyotl,15060,19.4,-98.9888888888889,1059762,10.43354411764706,SI,871179,454009,52.11431864174871,47.88568135825129,56.9747368319534,65.2075088066662,61.2612321080825,30601,73998,25987,8464,6547,91615,186514,6399,2736,7271,0,130587,201525,16406,Juntos Haremos Historia,201525,15.624800389419592,JHH
15,Estado de México,Méx.,033,Donato Guerra,15033,19.308333333333337,-100.14222222222224,37008,6.51,NO,25463,17431,68.45619133644897,31.543808663551033,33.1975920679887,37.2917174672844,35.3320055934574,340,7064,2292,955,607,132,4759,180,119,112,0,9700,6321,411,Va por México,9700,19.385003728988583,V x M
15,Estado de México,Méx.,034,Ecatepec De Morelos,15034,19.609722222222224,-99.06,1677480,10.322939597315436,SI,1265220,599566,47.388280299078424,52.611719700921576,58.1163089549328,67.3094385407208,62.8920728484247,51779,165986,26589,16827,9756,15923,266688,8927,5402,11328,0,244357,293275,25657,Juntos Haremos Historia,293275,8.158901605494641,JHH
15,Estado de México,Méx.,035,Ecatzingo,15035,18.95583333333333,-98.75277777777778,10828,8.782499999999999,SI,7391,5735,77.59437153294547,22.405628467054527,68.5784767190873,85.1965430722052,77.3060029282577,527,2492,125,747,43,165,993,49,174,271,0,3144,1783,494,Va por México,3144,23.731473408892764,V x M
15,Estado de México,Méx.,036,Huehuetoca,15036,19.834166666666665,-99.20333333333332,163244,8.639142857142858,SI,103945,46469,44.70537303381596,55.29462696618404,47.2247676397434,58.7762841134238,53.0693197374236,8797,5811,552,8414,507,673,14747,550,278,4503,0,15160,23668,5331,Juntos Haremos Historia,23668,18.308980180335276,JHH
15,Estado de México,Méx.,037,Hueypoxtla,15037,19.906388888888888,-99.07666666666668,46831,8.3475,SI,32256,20862,64.67633928571429,35.32366071428571,60.1937800664002,71.4358810361369,65.9768375337238,2997,6423,1180,1318,364,187,5304,138,73,2114,0,10600,6986,2325,Va por México,10600,17.32336305243984,V x M
15,Estado de México,Méx.,038,Huixquilucan,15038,19.36111111111111,-99.35083333333333,284306,10.941447368421052,SI,202852,131946,65.04545185652594,34.95454814347406,64.4286339509151,72.8290975498402,68.8404484324048,64703,27251,2417,2018,1781,1411,25994,849,616,1801,0,94371,29793,3266,Va por México,94371,48.942749306534495,V x M
15,Estado de México,Méx.,039,Isidro Fabela,15039,19.55777777777778,-99.41666666666669,12478,8.702,SI,8386,6081,72.51371333174338,27.486286668256625,70.2511773940345,78.7570888468809,74.7206357089645,758,1902,209,407,57,618,1621,151,177,38,0,2869,2087,366,Va por México,2869,12.85972701858247,V x M
15,Estado de México,Méx.,040,Ixtapaluca,15040,19.31861111111111,-98.8822222222222,543046,10.453628318584071,SI,364119,176856,48.57093422754649,51.42906577245351,48.1480579272377,57.267890852926,52.9252442415824,8647,59699,2705,5788,2375,5984,74004,2245,1454,8538,0,71051,82170,12237,Juntos Haremos Historia,82170,6.2870357805220065,JHH
15,Estado de México,Méx.,041,Ixtapan De La Sal,15041,18.844166666666663,-99.67527777777778,36756,8.743157894736843,NO,28128,17048,60.60864618885097,39.39135381114903,59.5800097672147,69.9029813752567,65.1001628356118,1429,4964,341,1532,295,911,5587,333,664,424,0,6737,7417,1421,Juntos Haremos Historia,7417,3.988737681839512,JHH
15,Estado de México,Méx.,042,Ixtapan Del Oro,15042,19.261388888888888,-100.26277777777776,5436,7.058,NO,5266,4536,86.13748575769084,13.86251424230916,36.6251944012442,40.3301886792453,38.4675527756059,433,1832,94,24,564,22,1344,31,32,9,0,2361,1932,72,Va por México,2361,9.457671957671957,V x M
15,Estado de México,Méx.,043,Ixtlahuaca,15043,19.56888888888889,-99.76694444444443,160572,8.6466,NO,113943,71190,62.47860772491509,37.52139227508491,54.105022922464,62.8543635352974,58.7896092783601,1526,26716,513,3396,1567,6464,25314,1001,1166,1638,0,28760,30278,3805,Juntos Haremos Historia,30278,2.132321955330805,JHH
15,Estado de México,Méx.,044,Xalatlaco,15044,19.18111111111111,-99.41638888888887,29083,8.838571428571429,SI,19077,11529,60.43403050794151,39.56596949205849,51.866729678639,57.799671592775,55.0417398945518,748,3400,76,685,548,231,3968,124,700,621,0,4224,5201,1445,Juntos Haremos Historia,5201,8.474282244774049,JHH
15,Estado de México,Méx.,045,Jaltenco,15045,19.748611111111114,-99.09444444444443,28325,10.187142857142856,SI,20262,12067,59.55483170466884,40.44516829533116,62.5583668150722,71.9338495363732,67.5444839857651,1195,2350,172,471,496,459,4639,386,1103,431,0,3719,5607,1920,Juntos Haremos Historia,5607,15.64597663047982,JHH
15,Estado de México,Méx.,125,Tonanitla,15125,19.688055555555557,-99.05305555555556,14883,10.353333333333332,SI,9319,6215,66.69170511857494,33.308294881425056,57.7823514278364,66.2967430639325,62.1762948207171,250,744,117,149,93,621,2528,603,484,450,0,1114,2771,1537,Juntos Haremos Historia,2771,19.855189058728882,JHH
15,Estado de México,Méx.,046,Jilotepec,15046,19.951944444444443,-99.53277777777778,84822,8.815,NO,69452,45571,65.61510107700282,34.38489892299718,68.191027496382,76.7688121154756,72.6591991125218,1575,14767,421,8382,573,619,14908,695,1029,1565,0,16768,23867,3289,Juntos Haremos Historia,23867,15.577889447236181,JHH
15,Estado de México,Méx.,047,Jilotzingo,15047,19.53888888888889,-99.39694444444446,19474,9.351,SI,15761,10758,68.25709028614936,31.742909713850636,61.9834710743802,71.3549052468738,66.8635875402793,3395,3500,297,351,72,106,1909,523,78,250,0,7192,2332,851,Va por México,7192,45.17568321249303,V x M
15,Estado de México,Méx.,048,Jiquipilco,15048,19.557222222222222,-99.6075,76480,8.109333333333334,NO,54702,36047,65.89704215567987,34.10295784432013,54.1607067732436,65.6435463316949,60.3161901044208,722,12580,512,773,1215,5717,7592,4797,621,423,0,13815,9581,5841,Va por México,13815,11.74577634754626,V x M
15,Estado de México,Méx.,049,Jocotitlan,15049,19.70722222222222,-99.78666666666666,69351,9.682758620689656,NO,50327,34429,68.41059471059272,31.58940528940728,67.885349188038,78.2546959308694,73.3019687625829,2655,13996,206,872,575,592,12767,963,459,549,0,16861,14217,1971,Va por México,16861,7.679572453454936,V x M
15,Estado de México,Méx.,050,Joquicingo,15050,19.04861111111111,-99.53111111111112,14298,8.592,NO,10504,7606,72.41051028179741,27.589489718202582,72.4656084656085,82.1708317791869,77.624665410925,107,2312,95,1572,104,1119,1821,59,33,179,0,2517,3498,271,Juntos Haremos Historia,3498,12.897712332369181,JHH
15,Estado de México,Méx.,051,Juchitepec,15051,19.099722222222223,-98.87916666666666,27114,9.07,SI,18457,12366,66.99897058026765,33.00102941973235,59.5171997585999,74.6573124662709,67.5099715099715,832,3073,530,1841,135,1225,3910,162,152,144,0,4435,5886,458,Juntos Haremos Historia,5886,11.73378618793466,JHH
15,Estado de México,Méx.,052,Lerma,15052,19.284722222222225,-99.51194444444444,162496,9.768367346938776,SI,113543,68629,60.44318011678394,39.55681988321606,67.5971087735794,74.1817580722183,70.9953837549883,8704,26460,509,1784,1808,810,24395,710,733,926,0,35673,27987,2369,Va por México,35673,11.199347214734296,V x M
15,Estado de México,Méx.,053,Malinalco,15053,18.948333333333338,-99.49472222222222,29282,7.555625,NO,20223,14014,69.29733471789547,30.702665282104533,64.2616538085407,75.5413631374114,70.1414898044112,426,3067,1127,2896,188,156,3780,1085,541,248,0,4621,6869,1874,Juntos Haremos Historia,6869,16.04110175538747,JHH
15,Estado de México,Méx.,054,Melchor Ocampo,15054,19.704722222222223,-99.13916666666668,61220,10.155625,SI,42087,24654,58.578658493121395,41.421341506878605,60.5228480340064,69.372751446895,65.1322891419028,3622,2662,181,2175,206,2493,10157,917,441,1125,0,6465,12538,2483,Juntos Haremos Historia,12538,24.632919607365945,JHH
15,Estado de México,Méx.,055,Metepec,15055,19.25111111111111,-99.60472222222222,242328,12.386046511627908,SI,187414,119436,63.728430106608904,36.271569893391096,65.9984717877695,72.0610022689363,69.2443379428552,27392,38038,2032,2700,6726,6359,26691,1870,2706,2436,0,67465,36119,7012,Va por México,67465,26.245018252453196,V x M
15,Estado de México,Méx.,056,Mexicaltzingo,15056,19.209166666666665,-99.58583333333333,13807,10.21,SI,9703,5772,59.48675667319385,40.51324332680615,57.5750733799955,67.2079207920792,62.7070366072371,364,1702,114,271,342,284,1645,308,347,201,0,2182,2261,856,Juntos Haremos Historia,2261,1.3686763686763688,JHH
15,Estado de México,Méx.,057,Morelos,15057,19.784444444444446,-99.67083333333332,32536,7.476111111111111,NO,23724,17031,71.78806272129489,28.211937278705108,68.8185862580326,77.744322092223,73.5912415474493,750,6898,131,977,160,3835,3080,329,107,238,0,7782,4218,674,Va por México,7782,20.926545710762728,V x M
15,Estado de México,Méx.,058,Naucalpan De Juarez,15058,19.475277777777777,-99.23777777777778,830378,11.05353711790393,SI,698549,349493,50.031279122867545,49.968720877132455,57.066130589977,65.8859730641054,61.6422911082624,108189,67263,4908,7865,6769,16209,109212,8296,3865,5804,0,180362,123848,17965,Va por México,180362,16.170280949833042,V x M
15,Estado de México,Méx.,059,Nextlalpan,15059,19.740277777777777,-99.0725,56914,9.484,SI,31281,11915,38.09021450720885,61.90978549279115,57.9608156737305,67.1533871533872,62.8560747663551,489,2123,222,451,215,446,6022,808,189,578,0,2837,6690,1575,Juntos Haremos Historia,6690,32.33738984473353,JHH
15,Estado de México,Méx.,061,Nicolas Romero,15061,19.625,-99.31416666666668,429486,9.66059405940594,SI,297556,156926,52.738308083184336,47.261691916815664,57.7269465637676,68.3327917242126,63.2375598877171,26278,43593,2209,4502,2231,5642,56451,3540,4592,3758,0,72080,63189,11890,Va por México,72080,5.665727795266559,V x M
15,Estado de México,Méx.,062,Nopaltepec,15062,19.781944444444445,-98.7125,11187,9.186,SI,8017,6146,76.66209305226394,23.33790694773606,71.4913485306235,78.4207818930041,75.0697303758799,1824,1985,113,60,131,39,1201,71,483,45,0,3922,1395,599,Va por México,3922,41.11617312072893,V x M
15,Estado de México,Méx.,063,Ocoyoacac,15063,19.272222222222226,-99.46194444444444,68908,10.346363636363636,SI,51261,31519,61.487290532763694,38.512709467236306,61.2071593432914,65.7483156881617,63.5712645357941,2843,8741,829,4724,298,653,10105,932,369,1218,0,12413,15127,2519,Juntos Haremos Historia,15127,8.610679272819569,JHH
15,Estado de México,Méx.,064,Ocuilan,15064,18.979444444444443,-99.41638888888887,33534,8.008461538461539,NO,22116,16256,73.50334599385062,26.496654006149384,68.1697612732095,76.7800453514739,72.727709223604,317,3005,1028,1318,952,397,4745,3560,122,86,0,4350,7015,3768,Juntos Haremos Historia,7015,16.3939468503937,JHH
15,Estado de México,Méx.,065,El Oro,15065,19.800833333333333,-100.13138888888888,36937,8.354705882352942,NO,27153,17641,64.96888005008654,35.03111994991346,59.4401041666667,69.8027757487217,64.9010701362691,2047,5918,161,967,350,1892,5016,150,93,524,0,8129,6337,767,Va por México,8129,10.158154299642877,V x M
15,Estado de México,Méx.,066,Otumba,15066,19.696944444444444,-98.75472222222224,38536,9.08611111111111,SI,27994,18178,64.93534328784739,35.06465671215261,60.849358974359,71.5077365958978,66.4644549763033,2801,7026,735,1516,191,125,4630,181,459,106,0,10562,6337,746,Va por México,10562,23.242380899988998,V x M
15,Estado de México,Méx.,067,Otzoloapan,15067,19.11694444444445,-100.295,4891,6.925,NO,4171,3096,74.22680412371135,25.773195876288653,65.7022865142324,72.7405247813411,69.1502023327779,62,829,658,32,38,24,862,26,15,436,0,1550,932,477,Va por México,1550,19.96124031007752,V x M
15,Estado de México,Méx.,068,Otzolotepec,15068,19.431944444444447,-99.55777777777776,98829,9.15,SI,59686,35457,59.40589082867004,40.59410917132996,61.6600038073482,69.9006005384138,65.982367530187,5018,8785,3433,774,626,2159,11894,959,356,523,0,17237,13297,1838,Va por México,17237,11.11205121696703,V x M
15,Estado de México,Méx.,069,Ozumba,15069,19.039166666666667,-98.7936111111111,29802,9.444615384615384,SI,21236,14098,66.38726690525523,33.61273309474477,63.2760319719698,73.7481315396114,68.9267530372536,447,3865,480,577,259,365,5491,1355,418,444,0,4792,6327,2217,Juntos Haremos Historia,6327,10.888069229677969,JHH
15,Estado de México,Méx.,070,Papalotla,15070,19.563333333333333,-98.85722222222222,4862,10.745,SI,4024,3109,77.26143141153081,22.738568588469192,78.1545302946081,84.7449470644851,81.6868712922363,220,986,15,243,36,18,1388,89,18,33,0,1221,1668,140,Juntos Haremos Historia,1668,14.377613380508201,JHH
15,Estado de México,Méx.,071,La Paz,15071,19.360555555555557,-98.98,304505,9.765421686746988,SI,203926,100072,49.07270284318822,50.92729715681178,54.0449571965065,65.2588690264788,59.9113349813948,4009,40723,2688,3717,2371,2249,31352,1928,1221,6583,0,47423,37444,9732,Va por México,47423,9.971820289391639,V x M
15,Estado de México,Méx.,072,Polotitlan,15072,20.22305555555555,-99.81472222222222,16375,8.447,NO,11855,7781,65.63475326866302,34.36524673133698,67.8540399652476,78.6406117247239,73.307560137457,270,3378,56,1906,268,420,1019,116,92,42,0,3707,3194,250,Va por México,3707,6.592982907081352,V x M
15,Estado de México,Méx.,073,Rayon,15073,19.14638888888889,-99.57972222222222,12624,10.14,SI,9440,7124,75.46610169491525,24.533898305084747,74.7161778618732,83.8681318681319,79.46001367054,218,2274,96,88,1040,889,1807,403,67,67,0,2589,2939,537,Juntos Haremos Historia,2939,4.912970241437395,JHH
15,Estado de México,Méx.,074,San Antonio La Isla,15074,19.163055555555555,-99.5672222222222,32954,10.665,SI,18745,11646,62.12856761803147,37.87143238196853,67.5332752829954,73.1548154815482,70.4850239262716,896,3502,150,289,619,339,3784,1216,84,545,0,4550,4693,1845,Juntos Haremos Historia,4693,1.2278894040872403,JHH
15,Estado de México,Méx.,075,San Felipe Del Progreso,15075,19.7125,-99.95111111111112,144837,7.500212765957447,NO,95039,62248,65.49732215195867,34.50267784804133,58.787215943614,70.0676601220373,64.8717632966516,1331,24486,752,1292,993,13819,15735,630,603,464,0,26572,18020,1697,Va por México,26572,13.738594011052564,V x M
15,Estado de México,Méx.,124,San Jose Del Rincon,15124,19.66055555555555,-100.1525,100082,6.454186046511628,NO,69764,37969,54.42491829596927,45.57508170403073,47.8218717683557,59.8741312971635,54.0894355601743,4763,14913,1092,7597,382,394,6397,383,272,349,0,20770,14376,1004,Va por México,20770,16.840053728041298,V x M
15,Estado de México,Méx.,076,San Martin De Las Piramides,15076,19.702777777777776,-98.83388888888888,27950,9.592142857142855,SI,21118,14606,69.16374656690975,30.83625343309025,68.5011091158762,78.4292890262751,73.6868661385539,2724,4634,344,542,184,112,4152,855,639,112,0,7702,4881,1606,Va por México,7702,19.313980555935917,V x M
15,Estado de México,Méx.,077,San Mateo Atenco,15077,19.27027777777778,-99.53333333333332,97122,10.45,SI,68280,42556,62.32571763327475,37.67428236672525,65.0354281173432,70.7119889756546,67.9844726919834,3526,12605,457,1154,739,5056,13356,1331,777,2668,0,16589,15251,4776,Va por México,16589,3.144092489895667,V x M
15,Estado de México,Méx.,078,San Simon De Guerrero,15078,19.02111111111111,-100.00416666666666,6798,8.375,NO,5261,4165,79.16745865804981,20.83254134195019,59.0851334180432,63.8727202173069,61.5836371000405,57,1278,760,27,28,21,1404,379,37,74,0,2098,1459,490,Va por México,2098,15.342136854741897,V x M
15,Estado de México,Méx.,079,Santo Tomas,15079,19.18166666666667,-100.25888888888888,8547,7.569,NO,7536,5746,76.24734607218684,23.752653927813157,64.573732718894,73.9864864864865,69.3337129840547,231,1609,954,93,239,57,2293,41,48,10,0,2797,2625,99,Va por México,2797,2.9933867037939437,V x M
15,Estado de México,Méx.,080,Soyaniquilpan De Juarez,15080,20.015,-99.53027777777778,17074,8.622857142857143,NO,10851,8578,79.05262187816791,20.947378121832088,80.2962662337662,88.2742943739345,84.4224551778191,3186,1479,51,2369,23,45,1062,42,72,53,0,4720,3458,167,Va por México,4720,14.712054091862905,V x M
15,Estado de México,Méx.,081,Sultepec,15081,18.857222222222223,-99.9652777777778,24147,6.560869565217391,NO,19826,13644,68.81872288913547,31.181277110864528,62.0213228894691,74.4412720291425,68.5410098713112,369,2922,751,6249,58,78,2558,76,58,41,0,4044,8865,175,Juntos Haremos Historia,8865,35.334212840809144,JHH
15,Estado de México,Méx.,082,Tecamac,15082,19.713055555555556,-98.96833333333332,545448,11.051117021276596,SI,346325,196762,56.814264058326714,43.185735941673286,61.1789160905235,71.5582075443831,66.6226667658214,34672,57025,1982,8091,2850,4852,76340,2393,1162,2999,0,93680,87283,6554,Va por México,93680,3.2511358900600724,V x M
15,Estado de México,Méx.,083,Tejupilco,15083,18.90583333333333,-100.1527777777778,79282,7.6,NO,59069,34155,57.82220792632346,42.17779207367654,55.6023029229407,66.9190691212226,61.4322012668647,959,13766,1726,569,443,193,13023,851,358,1110,0,16452,14035,2319,Va por México,16452,7.076562728736642,V x M
15,Estado de México,Méx.,123,Luvianos,15123,18.92,-100.29833333333332,28822,6.581111111111111,NO,22999,13038,56.68942127918605,43.31057872081395,54.9473305122895,63.6681383370125,59.2611128804768,467,6934,531,270,142,107,3642,183,109,67,0,7935,4054,359,Va por México,7935,29.7668354042031,V x M
15,Estado de México,Méx.,084,Temamatla,15084,19.201666666666664,-98.87027777777776,14653,9.858,SI,10799,6893,63.829984257801655,36.170015742198345,60.1743007701662,75.9660125429901,68.0773514224967,250,1355,184,826,85,903,1804,369,607,278,0,1791,2715,1254,Juntos Haremos Historia,2715,13.404903525315538,JHH
15,Estado de México,Méx.,085,Temascalapa,15085,19.826944444444443,-98.90111111111112,43593,9.076666666666666,SI,29908,19521,65.2701618296108,34.7298381703892,65.8736059479554,78.0899635282993,72.2749150622877,6195,5166,112,851,463,121,5628,143,284,131,0,11473,6944,558,Va por México,11473,23.20065570411352,V x M
15,Estado de México,Méx.,086,Temascalcingo,15086,19.91472222222222,-100.00361111111113,66363,7.767714285714286,NO,50937,35897,70.47332979955631,29.52667020044369,65.959245417334,77.1253080865381,71.900826446281,723,10980,700,6817,357,351,12982,551,415,1028,0,12407,20156,1994,Juntos Haremos Historia,20156,21.58676212496866,JHH
15,Estado de México,Méx.,087,Temascaltepec,15087,19.043333333333337,-100.04138888888887,35320,7.763913043478261,NO,25412,15845,62.35243192192665,37.64756807807335,61.8484030980768,71.0592227518785,66.624769565946,3139,4646,319,954,159,128,4782,163,391,687,0,8107,5895,1241,Va por México,8107,13.960239823288104,V x M
15,Estado de México,Méx.,088,Temoaya,15088,19.46861111111111,-99.59333333333332,98069,7.901923076923077,SI,72314,38223,52.85698481621816,47.14301518378184,51.7200474495848,61.66982385705,57.0072115384615,3282,10273,809,1621,1377,3407,12647,2327,648,514,0,14365,15645,3489,Juntos Haremos Historia,15645,3.3487690657457554,JHH
15,Estado de México,Méx.,089,Tenancingo,15089,18.960833333333333,-99.59055555555555,104685,8.990555555555556,NO,73314,38351,52.31060916059689,47.68939083940311,56.5763485989384,70.0702702702703,63.7700997060688,1456,11114,493,4124,558,1888,12182,3208,438,1724,0,13064,16865,5370,Juntos Haremos Historia,16865,9.911084456728638,JHH
15,Estado de México,Méx.,090,Tenango Del Aire,15090,19.1575,-98.85805555555557,11361,9.812,SI,8935,6401,71.63961947397873,28.36038052602127,65.4376724354151,77.4201018990273,71.6676700782661,363,1647,77,1363,111,251,1762,139,326,176,0,2087,3236,641,Juntos Haremos Historia,3236,17.95032026245899,JHH
15,Estado de México,Méx.,091,Tenango Del Valle,15091,19.102500000000003,-99.58888888888887,94407,9.13111111111111,SI,62584,32793,52.39837658187396,47.60162341812604,58.1435823060189,69.17668766304,64.0204019385231,1293,8165,2816,2088,3450,2172,9737,740,294,989,0,12276,15277,2023,Juntos Haremos Historia,15277,9.15134327447931,JHH
15,Estado de México,Méx.,092,Teoloyucan,15092,19.74416666666667,-99.18111111111112,87975,9.6788,SI,67061,35170,52.444789072635366,47.555210927364634,57.1881397345308,66.8108375297352,62.1594445774479,5123,5803,939,1567,678,2277,13836,823,644,1294,0,11865,16081,2761,Juntos Haremos Historia,16081,11.987489337503554,JHH
15,Estado de México,Méx.,093,Teotihuacan,15093,19.689722222222223,-98.86083333333332,59226,9.838260869565218,SI,46841,25938,55.374565017826264,44.625434982173736,59.4260568325453,71.7852629744215,65.8271270593546,3822,8099,270,465,722,1598,7184,1087,1315,593,0,12191,8374,2995,Va por México,12191,14.715860899067007,V x M
15,Estado de México,Méx.,094,Tepetlaoxtoc,15094,19.573055555555555,-98.82027777777778,32487,9.6475,SI,22614,14657,64.81383213938268,35.18616786061732,65.4926829268293,75.0778539015927,70.5058401973102,2555,4404,99,456,202,185,4936,115,161,1225,0,7058,5596,1501,Va por México,7058,9.974756089240636,V x M
15,Estado de México,Méx.,095,Tepetlixpa,15095,19.02583333333333,-98.82055555555556,20573,9.155,SI,14706,9866,67.08826329389365,32.91173670610635,59.0168878166466,69.5187888618545,64.5545260156807,215,1298,506,1147,72,1232,3479,196,485,888,0,2019,4698,1569,Juntos Haremos Historia,4698,27.153861747415366,JHH
15,Estado de México,Méx.,096,Tepotzotlan,15096,19.71611111111111,-99.22361111111113,81832,10.078846153846154,SI,61533,36045,58.578323826239576,41.421676173760424,60.3170028818444,68.6254913718436,64.6335975630863,3829,5399,595,2666,434,6046,12186,846,2183,706,0,9823,15286,3735,Juntos Haremos Historia,15286,15.15605493133583,JHH
15,Estado de México,Méx.,097,Tequixquiac,15097,19.909444444444443,-99.14472222222224,38897,9.256153846153849,SI,28646,18491,64.55002443622146,35.44997556377854,63.4713201345958,75.8737969462335,69.9150312053538,4829,3512,609,322,201,1025,5367,132,100,1655,0,8950,5890,1887,Va por México,8950,16.548591206532908,V x M
15,Estado de México,Méx.,098,Texcaltitlan,15098,18.929722222222225,-99.93722222222225,18141,8.2025,NO,13926,9804,70.40068935803532,29.59931064196468,53.647859922179,60.8721186316253,57.4389398258726,472,2292,1951,587,204,91,3719,99,78,54,0,4718,4510,231,Va por México,4718,2.1215830273357814,V x M
15,Estado de México,Méx.,099,Texcalyacac,15099,19.13111111111111,-99.50138888888888,5835,10.06,SI,4376,3425,78.26782449725776,21.732175502742237,76.8167860798362,86.2242562929062,81.7830393814931,71,983,310,422,72,32,1283,50,68,23,0,1364,1777,141,Juntos Haremos Historia,1777,12.058394160583942,JHH
15,Estado de México,Méx.,100,Texcoco,15100,19.505555555555556,-98.88194444444444,275240,10.660238095238094,SI,206452,105480,51.09177920291399,48.90822079708601,59.509367984804,68.1555197814528,64.0504019964028,7636,23683,2418,18212,1047,1883,42893,1810,614,2091,0,33737,62152,4515,Juntos Haremos Historia,62152,26.93875616230565,JHH
15,Estado de México,Méx.,101,Tezoyuca,15101,19.591388888888886,-98.9125,47323,9.613,SI,32553,17013,52.262464289005614,47.737535710994386,56.2495497442547,66.0953122971043,61.4281323634873,4208,3815,493,719,178,340,5883,376,219,277,0,8516,6780,872,Va por México,8516,10.203961676365132,V x M
15,Estado de México,Méx.,102,Tianguistenco,15102,19.180555555555557,-99.46833333333332,89101,9.6856,SI,57554,35565,61.79414115439413,38.20585884560587,63.2445830335012,70.2046978687546,66.9501822600243,2060,11675,437,6010,1253,582,10726,345,367,1007,0,14172,17989,1719,Juntos Haremos Historia,17989,10.73246168986363,JHH
15,Estado de México,Méx.,103,Timilpan,15103,19.872777777777777,-99.73583333333332,17624,8.24,NO,13507,10763,79.68460798104687,20.315392018953133,69.9688881611266,77.3108008817046,73.8382899628253,295,5036,168,703,190,242,3276,83,255,293,0,5502,4174,631,Va por México,5502,12.338567313945926,V x M
15,Estado de México,Méx.,104,Tlalmanalco,15104,19.204444444444444,-98.8025,49675,10.492857142857142,SI,38126,23312,61.144625714735355,38.855374285264645,58.358926812308,70.2488687782805,64.6587658357172,840,3817,2197,2519,242,3774,6828,1048,604,636,0,6854,9589,2288,Juntos Haremos Historia,9589,11.732155113246396,JHH
15,Estado de México,Méx.,105,Tlalnepantla De Baz,15105,19.53666666666667,-99.19472222222224,671599,11.119526315789471,SI,564991,302542,53.54810961590538,46.45189038409462,58.033681284561,66.0170791204493,62.1740453342776,76501,71329,5837,7346,5025,8154,109124,3524,1964,5507,0,153668,121498,10995,Va por México,153668,10.633234393902335,V x M
15,Estado de México,Méx.,106,Tlatlaya,15106,18.61694444444445,-100.20722222222224,31833,7.2615625,NO,25906,18314,70.69404771095499,29.30595228904501,68.7863964593524,74.0192337047779,71.4252723143836,176,4445,5626,178,289,58,6654,142,188,34,0,10247,7121,364,Va por México,10247,17.06890903134214,V x M
15,Estado de México,Méx.,107,Toluca,15107,19.292222222222225,-99.6538888888889,911310,11.471644736842103,SI,675652,366135,54.18987881335362,45.81012118664638,64.2275280898876,71.5523896413783,68.1352727545022,55718,114663,5825,12687,5958,9772,130013,9195,4904,7904,0,176207,148659,22003,Va por México,176207,7.524000710120584,V x M
15,Estado de México,Méx.,108,Tonatico,15108,18.801111111111112,-99.66972222222223,12912,8.483333333333334,NO,10885,6999,64.29949471750115,35.70050528249885,62.1457489878543,69.5337911095049,66.049264846286,411,2941,309,82,92,75,2367,128,60,313,0,3662,2544,501,Va por México,3662,15.973710530075724,V x M
15,Estado de México,Méx.,109,Tultepec,15109,19.685,-99.12805555555556,178655,10.244333333333334,SI,124337,61937,49.81381246129471,50.18618753870529,57.7977017300164,68.77324031722,63.5378750720672,4843,8264,10371,1385,1746,1801,27247,1164,2212,1278,0,23480,30382,4654,Juntos Haremos Historia,30382,11.143581381080775,JHH
15,Estado de México,Méx.,110,Tultitlan,15110,19.645,-99.16944444444444,516000,10.483060109289616,SI,374255,184158,49.20655702662623,50.79344297337377,58.9658005250852,67.1346654527449,63.205466884782,21058,44529,4752,8637,2937,8171,79346,2943,1493,4797,0,70343,90921,9233,Juntos Haremos Historia,90921,11.174100500657044,JHH
15,Estado de México,Méx.,111,Valle De Bravo,15111,19.1925,-100.13055555555556,65899,9.146129032258065,NO,55148,35263,63.942482048306374,36.057517951693626,51.6163395747122,57.8848254303039,54.8824522155501,1947,11389,452,3522,532,993,13275,737,1027,481,0,13791,17329,2245,Juntos Haremos Historia,17329,10.033179253041432,JHH
15,Estado de México,Méx.,112,Villa De Allende,15112,19.37472222222222,-100.1475,53418,7.107727272727272,NO,35807,25088,70.06451252548385,29.93548747451615,61.3443795895312,73.260580864946,67.5508240105858,546,7623,6087,323,310,134,6612,2127,374,122,0,14259,7245,2623,Va por México,14259,27.957589285714285,V x M
15,Estado de México,Méx.,113,Villa Del Carbon,15113,19.72722222222222,-99.54166666666669,51016,8.066842105263158,SI,35386,25432,71.87023116486746,28.129768835132538,66.9902912621359,77.805009265347607,72.6125734174462,3944,9970,98,3811,970,386,3835,163,728,1040,0,14017,8617,1931,Va por México,14017,21.23309216734822,V x M
15,Estado de México,Méx.,114,Villa Guerrero,15114,18.96,-99.64,69086,7.3688,NO,45006,27162,60.351953072923614,39.648046927076386,55.0838548185232,67.5546843676215,61.6826175097827,754,5333,2280,5628,349,4804,6346,249,347,335,0,8368,12326,931,Juntos Haremos Historia,12326,14.571828289522127,JHH
15,Estado de México,Méx.,116,Xonacatlan,15116,19.403333333333332,-99.52972222222222,63874,9.620714285714286,SI,44763,28926,64.62033375779103,35.37966624220897,59.449844673815,66.2004446091145,62.9578820697954,3457,7500,1055,1432,407,2339,9162,463,189,2002,0,12012,11001,2654,Va por México,12012,3.4951254926363826,V x M
15,Estado de México,Méx.,117,Zacazonapan,15117,19.072777777777777,-100.255,5109,7.26,NO,3882,2865,73.80216383307572,26.197836166924276,81.7174515235457,87.9310344827586,84.7672778561354,78,930,708,21,12,23,946,21,40,9,0,1719,979,70,Va por México,1719,25.82897033158813,V x M
15,Estado de México,Méx.,118,Zacualpan,15118,18.71722222222222,-99.77638888888887,13606,7.023333333333333,NO,10693,7211,67.43664079304217,32.56335920695783,47.57806244996,56.2432915921288,52.1537880219157,366,2761,152,184,147,87,2422,89,89,589,0,3280,2753,767,Va por México,3280,7.30827901816669,V x M
15,Estado de México,Méx.,119,Zinacantepec,15119,19.283333333333335,-99.73333333333332,203206,9.700217391304347,SI,140290,75041,53.4899137500891,46.5100862499109,60.167221895617,69.2833956826155,64.9871089390849,7956,23148,898,7996,1691,2074,24261,1883,754,1784,0,32002,33948,4421,Juntos Haremos Historia,33948,2.5932490238669526,JHH
15,Estado de México,Méx.,120,Zumpahuacan,15120,18.836388888888887,-99.5786111111111,18849,7.28,NO,12530,8648,69.01835594573025,30.98164405426975,67.3967684021544,81.7856587338622,75.1062588549046,698,2115,116,207,311,1071,1590,572,480,1111,0,2930,2109,2163,Va por México,2930,8.869102682701202,V x M
15,Estado de México,Méx.,121,Zumpango,15121,19.79694444444445,-99.09916666666666,281016,9.704772727272728,SI,160031,75696,47.30083546312902,52.69916453687098,51.5697519732758,61.6236948646921,56.8585279735467,12302,14269,8251,1671,1649,1615,29518,1155,1385,1763,0,34822,32838,4303,Va por México,34822,2.621010357218347,V x M
16,Michoacán,Mich.,001,Acuitzio,16001,19.49277777777778,-101.3325,11193,7.423,NO,8933,5199,58.19993283331467,41.80006716668533,58.7207872078721,66.5700267618198,62.8377588021991,996,538,743,196,1135,136,702,114,29,266,0,2281,2033,409,Va por México,2281,4.7701481054048855,V x M
16,Michoacán,Mich.,002,Aguililla,16002,18.73611111111111,-102.7875,14587,5.455384615384616,NO,11673,4207,36.04043519232417,63.95956480767583,38.8296152602651,40.1906013802169,39.5045632333768,102,634,87,1454,136,207,1183,63,34,25,0,827,2775,122,Juntos Haremos Historia,2775,46.30377941526028,JHH
16,Michoacán,Mich.,003,Alvaro Obregon,16003,19.823333333333338,-101.03833333333333,23160,7.325833333333334,NO,17078,10983,64.31080922824687,35.68919077175313,45.1731109426333,56.2162796152944,50.9002433090024,394,3054,564,251,565,136,1567,2881,53,1174,0,4015,2383,4108,Otros,4108,0.8467631794591641,V x M
16,Michoacán,Mich.,004,Angamacutiro,16004,20.150277777777777,-101.70861111111113,15042,6.587857142857143,NO,12679,7757,61.17990377790047,38.82009622209953,48.0945248793476,57.3185923388353,52.8597860188239,85,1333,1142,111,71,51,2342,258,29,2040,0,2562,2524,2327,Va por México,2562,0.4898801082892871,V x M
16,Michoacán,Mich.,005,Angangueo,16005,19.61777777777778,-100.28555555555556,11052,8.178333333333335,NO,8106,5065,62.48457932395757,37.51542067604243,64.556277056277,74.9754178957719,70.015455950541,185,551,614,426,1331,932,702,38,59,22,0,1354,2461,119,Juntos Haremos Historia,2461,21.85587364264561,JHH
16,Michoacán,Mich.,006,Apatzingan,16006,19.08861111111111,-102.35083333333333,126190,7.70775,NO,92583,36093,38.984478792002854,61.015521207997146,44.8615469183024,50.4977804594233,47.7655523110573,1606,5909,2478,2201,3214,941,12466,1214,2035,2029,0,9995,17884,5278,Juntos Haremos Historia,17884,21.857423877206106,JHH
16,Michoacán,Mich.,007,Aporo,16007,19.669722222222223,-100.40972222222224,3529,7.4175,NO,2874,2194,76.33959638135003,23.66040361864997,63.6645962732919,72.2695035460993,68.1616011860637,126,137,94,169,27,536,496,111,59,340,0,358,692,510,Juntos Haremos Historia,692,7.110300820419326,JHH
16,Michoacán,Mich.,008,Aquila,16008,18.599166666666665,-103.50416666666666,24917,6.396923076923077,NO,19386,13754,70.94810688125452,29.051893118745483,72.059127558404,77.6561987088303,74.7780789879339,90,899,2991,7402,117,58,1438,82,36,165,0,3983,8959,283,Juntos Haremos Historia,8959,36.17856623527701,JHH
16,Michoacán,Mich.,009,Ario,16009,19.20722222222222,-101.70805555555556,36590,7.243333333333333,NO,27397,13348,48.72066284629704,51.27933715370296,49.6733067729084,56.2671818114273,53.0854704140874,4085,1217,440,2955,327,107,2602,112,40,680,0,5744,5884,832,Juntos Haremos Historia,5884,1.0488462691039857,JHH
16,Michoacán,Mich.,010,Arteaga,16010,18.3575,-102.28916666666666,20282,6.838571428571428,NO,16236,9141,56.30081300813008,43.69918699186992,61.9053503027308,67.08143402735,64.4972239358421,417,2284,656,199,319,58,4598,76,105,67,0,3358,5116,248,Juntos Haremos Historia,5116,19.23203150639974,JHH
16,Michoacán,Mich.,011,Briseñas,16011,20.26861111111111,-102.56138888888889,11681,7.498333333333333,NO,6372,4076,63.96735718769617,36.03264281230383,53.5968891769281,57.7987421383648,55.7293329077561,161,378,488,222,133,910,858,389,170,282,0,1028,1213,841,Juntos Haremos Historia,1213,4.538763493621198,JHH
16,Michoacán,Mich.,012,Buenavista,16012,19.209444444444443,-102.58638888888888,45871,6.179565217391304,NO,31396,10672,33.991591285514076,66.00840871448592,53.497225448445,57.9583015509789,55.7444764649376,451,1668,899,279,709,104,4368,539,157,981,0,3022,5358,1677,Juntos Haremos Historia,5358,21.88905547226387,JHH
16,Michoacán,Mich.,013,Caracuaro,16013,19.016666666666666,-101.1261111111111,9707,5.88,NO,7721,5404,69.9909338168631,30.009066183136895,49.0848156741428,55.9517125210556,52.371993011692,57,321,1204,1600,362,10,1432,193,24,11,0,1586,3397,228,Juntos Haremos Historia,3397,33.51221317542561,JHH
16,Michoacán,Mich.,014,Coahuayana,16014,18.696666666666665,-103.66194444444444,17118,6.7775,NO,11295,5876,52.02301903497123,47.97698096502877,57.4491478834524,67.643038469049,62.384193609378,343,803,1245,548,235,47,1246,32,50,1140,0,2392,2031,1222,Va por México,2392,6.143635125936011,V x M
16,Michoacán,Mich.,015,Coalcoman De Vazquez Pallares,16015,18.7775,-103.16,19601,6.205555555555556,NO,14649,8343,56.95269301658816,43.04730698341184,56.0589519650655,66.4555139648719,61.1181168558218,670,1209,1527,1491,226,951,1561,133,80,85,0,3409,3282,298,Va por México,3409,1.5222342083183507,V x M
16,Michoacán,Mich.,016,Coeneo,16016,19.82111111111111,-101.58416666666666,20965,6.81448275862069,NO,19173,10004,52.17754133416784,47.82245866583216,45.3412000445285,57.7252344068488,51.8063314711359,430,621,2213,384,856,78,4446,265,60,68,0,3267,5686,393,Juntos Haremos Historia,5686,24.18032786885246,JHH
16,Michoacán,Mich.,017,Contepec,16017,19.953888888888887,-100.16361111111112,35435,7.024615384615385,NO,24053,14992,62.32902340664366,37.67097659335634,56.449864498645,67.477990678405,62.0895127118644,266,5222,3581,534,381,167,3953,99,77,79,0,9071,4868,255,Va por México,9071,28.03495197438634,V x M
16,Michoacán,Mich.,018,Copandaro,16018,19.892222222222223,-101.21361111111112,9513,7.078333333333333,NO,7627,4521,59.27625540841747,40.72374459158253,40.5592389737677,57.7084425799685,49.5400247150899,87,1515,834,223,773,58,698,56,8,19,0,2438,1694,83,Va por México,2438,16.45653616456536,V x M
16,Michoacán,Mich.,019,Cotija,16019,19.81,-102.70472222222224,20247,6.316842105263158,NO,17279,7905,45.7491752994965,54.2508247005035,44.491262857851,54.1342920097414,49.4728013419602,3337,748,573,213,223,151,2063,67,55,46,0,4661,2499,168,Va por México,4661,27.34977862112587,V x M
16,Michoacán,Mich.,020,Cuitzeo,16020,19.969166666666663,-101.14,30037,7.40125,NO,23620,12848,54.39458086367486,45.60541913632514,45.6413156158703,57.3334459174196,51.8081410884475,464,1200,1940,328,2474,1128,3001,794,119,669,0,3607,5803,1582,Juntos Haremos Historia,5803,17.092154420921545,JHH
16,Michoacán,Mich.,021,Charapan,16021,19.650555555555552,-102.25333333333332,13519,6.9,NO,5566,4354,78.22493711821775,21.775062881782247,40.5026582890285,46.5448768864178,43.8194898626553,41,735,900,186,72,327,1080,488,49,305,0,1677,1338,842,Va por México,1677,7.7859439595774,V x M
16,Michoacán,Mich.,022,Charo,16022,19.746111111111112,-101.04472222222222,25221,7.270666666666667,SI,16976,10700,63.030160226201694,36.969839773798306,56.3228585909782,68.5133325216121,62.5395839801304,893,594,2082,781,253,1866,2544,451,103,407,0,3573,3578,961,Juntos Haremos Historia,3578,0.04672897196261682,JHH
16,Michoacán,Mich.,023,Chavinda,16023,20.00722222222222,-102.45916666666668,10417,6.7281818181818185,NO,9394,4562,48.56291249733873,51.43708750266127,46.0960619166856,52.9488574537541,49.5994659546061,856,732,438,368,200,51,1524,56,104,36,0,2027,2092,196,Juntos Haremos Historia,2092,1.4248136782113108,JHH
16,Michoacán,Mich.,024,Cheran,16024,19.686666666666667,-101.95472222222224,20659,8.0975,NO,2103,1025,48.73989538754161,51.26010461245839,8.10196460464361,8.21620055064483,8.16232771822358,26,111,207,23,29,8,455,13,8,104,0,347,507,125,Juntos Haremos Historia,507,15.609756097560975,JHH
16,Michoacán,Mich.,025,Chilchota,16025,19.84638888888889,-102.11861111111112,40357,7.857647058823529,NO,28753,17475,60.77626682433137,39.22373317566863,47.5787607767303,60.7102986324309,54.6161612384549,390,3641,1349,591,1767,2112,5011,1583,88,279,0,5383,7369,1950,Juntos Haremos Historia,7369,11.36480686695279,JHH
16,Michoacán,Mich.,026,Chinicuila,16026,18.7575,-103.3675,4538,6.27,NO,3990,2350,58.89724310776943,41.10275689223057,65.6835205992509,71.412864211105,68.3185840707965,24,309,292,415,48,24,645,456,14,10,0,627,1110,480,Juntos Haremos Historia,1110,20.5531914893617,JHH
16,Michoacán,Mich.,027,Chucandiro,16027,19.900277777777777,-101.33166666666666,4948,6.116666666666667,NO,5009,2635,52.60531044120583,47.39468955879417,45.1005025125628,56.3038371182459,50.8903278025091,33,242,535,1156,64,22,425,28,13,7,0,813,1645,48,Juntos Haremos Historia,1645,31.57495256166983,JHH
16,Michoacán,Mich.,028,Churintzio,16028,20.149722222222223,-102.06361111111111,5233,6.92625,NO,6092,2845,46.70059093893631,53.29940906106369,45.630081300813,54.0496407576747,49.9168606584636,84,197,866,38,71,27,1393,27,24,7,0,1148,1502,58,Juntos Haremos Historia,1502,12.442882249560633,JHH
16,Michoacán,Mich.,029,Churumuco,16029,18.661388888888887,-101.6463888888889,12489,6.350769230769231,NO,10623,6654,62.63767297373624,37.36232702626376,66.4418811002662,73.185076272744,69.7544239797761,21,4939,72,791,40,15,560,16,6,16,0,5034,1391,38,Va por México,5034,54.74902314397355,V x M
16,Michoacán,Mich.,030,Ecuandureo,16030,20.161944444444444,-102.19194444444445,11885,6.2323076923076925,NO,11432,6141,53.71763470958712,46.28236529041288,52.2297808012094,60.1553462237647,56.4577272326545,2428,263,316,107,110,1105,1402,44,22,32,0,3009,1619,98,Va por México,3009,22.63475004070998,V x M
16,Michoacán,Mich.,031,Epitacio Huerta,16031,20.134722222222223,-100.29277777777776,16116,6.496363636363636,NO,11779,6863,58.26470837931913,41.73529162068087,56.8890437206062,70.6905458928879,63.8292344994804,2244,1574,492,535,52,114,1466,95,32,30,0,4315,2053,157,Va por México,4315,32.95934722424596,V x M
16,Michoacán,Mich.,032,Erongaricuaro,16032,19.587777777777777,-101.72055555555556,15324,7.609,NO,12049,8602,71.39181674827788,28.608183251722124,55.2655594086512,64.0731874145007,59.8128365851505,119,1841,379,1097,474,272,3643,88,68,68,0,2341,5214,224,Juntos Haremos Historia,5214,33.39920948616601,JHH
16,Michoacán,Mich.,033,Gabriel Zamora,16033,19.158055555555553,-102.05111111111113,21466,7.22,NO,16582,8070,48.66722952599204,51.33277047400796,51.6849629818739,56.8680641183724,54.3213748118415,115,423,583,544,326,70,5321,85,78,56,0,1123,6191,219,Juntos Haremos Historia,6191,62.800495662949196,JHH
16,Michoacán,Mich.,034,Hidalgo,16034,19.691666666666663,-100.55361111111112,125576,7.670277777777778,NO,91583,46656,50.94395248026381,49.05604751973619,51.7571574393623,58.1962416281943,55.1607987809768,5129,4693,2964,7849,8578,4941,7533,1142,525,746,0,12788,23960,2413,Juntos Haremos Historia,23960,23.945473251028808,JHH
16,Michoacán,Mich.,035,La Huacana,16035,18.96222222222222,-101.80638888888888,30553,6.656428571428571,NO,24464,17504,71.55003270111185,28.44996729888815,53.7408759124088,57.2562172774869,55.5107084019769,273,986,301,145,1351,109,13026,114,85,117,0,1564,14522,316,Juntos Haremos Historia,14522,74.02879341864717,JHH
16,Michoacán,Mich.,036,Huandacareo,16036,19.99,-101.27555555555556,11640,7.681,NO,10339,6124,59.23203404584583,40.76796595415417,54.6102353703304,62.4596084394602,58.7848766680146,555,815,1644,528,416,134,1502,195,22,35,0,3017,2446,252,Va por México,3017,9.323971260613979,V x M
16,Michoacán,Mich.,037,Huaniqueo,16037,19.899166666666662,-101.50472222222224,7945,6.163636363636364,NO,7626,3873,50.78678206136899,49.21321793863101,47.7982162764771,56.6691785983421,52.4639978861144,136,185,1182,107,254,150,1280,111,51,47,0,1508,1641,209,Juntos Haremos Historia,1641,3.4340304673379807,JHH
16,Michoacán,Mich.,038,Huetamo,16038,18.626944444444444,-100.89722222222224,41961,6.455777777777778,NO,33537,18645,55.595312639771,44.404687360229,51.9681665136211,56.1189020735946,54.0655946216044,210,948,7388,201,651,244,8144,130,88,38,0,8546,9000,256,Juntos Haremos Historia,9000,2.4349691606328774,JHH
16,Michoacán,Mich.,039,Huiramba,16039,19.545,-101.4363888888889,9015,7.645,NO,6837,4465,65.30642094485886,34.69357905514114,61.7809554761131,80.0540702913788,71.2769278801124,111,1626,548,151,149,45,1125,62,33,361,0,2286,1425,456,Va por México,2286,19.283314669652857,V x M
16,Michoacán,Mich.,040,Indaparapeo,16040,19.78777777777778,-100.96861111111112,18069,6.835384615384616,NO,13669,8127,59.45570268490745,40.54429731509255,55.8385391638635,68.9133016627078,62.624239155559,216,883,1455,2015,216,361,1355,55,64,1138,0,2557,3586,1257,Juntos Haremos Historia,3586,12.661498708010337,JHH
16,Michoacán,Mich.,041,Irimbo,16041,19.699166666666667,-100.47833333333334,15872,7.18375,NO,12650,7017,55.4703557312253,44.5296442687747,50.7986659645427,61.8288991556476,56.5809253382328,279,1856,1608,325,177,205,2069,85,81,63,0,3744,2571,229,Va por México,3744,16.71654553227875,V x M
16,Michoacán,Mich.,042,Ixtlan,16042,20.17,-102.39833333333334,14302,6.376666666666667,NO,11564,6606,57.12556208924248,42.87443791075752,59.7498160412068,66.8699895433949,63.4061213531412,319,2079,1318,91,1121,32,1110,36,31,188,0,3717,2322,255,Va por México,3717,21.11716621253406,V x M
16,Michoacán,Mich.,043,Jacona,16043,19.955555555555556,-102.30277777777778,69060,8.155555555555555,SI,53359,21137,39.61281133454525,60.38718866545475,44.1836692971337,53.4372623574144,48.9784660243907,2046,5545,1118,1500,1234,1249,6802,193,193,157,0,8710,9536,543,Juntos Haremos Historia,9536,3.907839333869518,JHH
16,Michoacán,Mich.,044,Jimenez,16044,19.923055555555557,-101.74694444444444,12949,6.906428571428571,NO,12327,5674,46.02904194045591,53.97095805954409,47.9255591599795,55.7193207305351,51.9464418546987,136,310,1764,137,153,106,2134,73,41,458,0,2214,2424,572,Juntos Haremos Historia,2424,3.7010927035600987,JHH
16,Michoacán,Mich.,045,Jiquilpan,16045,19.99416666666667,-102.71722222222222,38611,8.248,NO,32858,15662,47.665713068354734,52.334286931645266,45.9477561955794,52.9580323562772,49.6543669707396,1441,1538,1439,2049,164,2820,4653,144,323,417,0,4420,6866,884,Juntos Haremos Historia,6866,15.617417954284255,JHH
16,Michoacán,Mich.,046,Jose Sixto Verduzco,16046,20.302777777777777,-101.59694444444445,26110,7.091111111111111,NO,21355,11963,56.019667525169744,43.980332474830256,58.3729686880698,65.681127383255,62.1604849873502,213,1170,2327,2441,333,132,3354,357,719,418,0,3714,6128,1494,Juntos Haremos Historia,6128,20.178884895093205,JHH
16,Michoacán,Mich.,047,Juarez,16047,19.31416666666667,-100.43333333333334,15156,7.119166666666667,NO,10733,6310,58.79064567222585,41.20935432777415,71.1990595611285,78.7109004739336,75.0168609692649,145,615,1740,1531,151,38,1779,56,37,15,0,2501,3464,108,Juntos Haremos Historia,3464,15.26148969889065,JHH
16,Michoacán,Mich.,048,Jungapeo,16048,19.458333333333332,-100.49416666666669,19585,6.999375,NO,15128,9808,64.83342147012164,35.166578529878365,59.5834506051224,68.8200304329783,64.2413672828741,273,646,2769,1651,545,104,2765,367,104,77,0,3689,4962,548,Juntos Haremos Historia,4962,12.979200652528547,JHH
16,Michoacán,Mich.,049,Lagunillas,16049,19.5625,-101.41583333333334,5903,7.225,NO,5292,3480,65.75963718820861,34.240362811791385,17.0691090757702,19.0830721003135,18.106580540977,293,133,112,222,883,29,406,951,13,163,0,540,1511,1127,Juntos Haremos Historia,1511,11.03448275862069,JHH
16,Michoacán,Mich.,050,Lazaro Cardenas,16050,17.95611111111111,-102.19222222222224,195937,9.269538461538462,NO,140241,65557,46.7459587424505,53.2540412575495,53.37365253523,57.2542372881356,55.3171387025104,4271,5207,8626,2619,6124,1543,30392,902,1632,1734,0,18109,39135,4268,Juntos Haremos Historia,39135,32.07285263206065,JHH
16,Michoacán,Mich.,051,Madero,16051,19.391111111111112,-101.28,19009,6.186428571428571,NO,14237,9365,65.77930743836482,34.220692561635175,63.2383191301793,69.9521387974873,66.5653720723392,599,2777,985,270,2645,68,982,199,141,40,0,4362,3897,380,Va por México,4362,4.965296316070475,V x M
16,Michoacán,Mich.,052,Maravatio,16052,19.893333333333334,-100.44277777777778,90224,7.635,NO,64678,25832,39.93939206530814,60.06060793469186,43.658420227629,53.2861728318115,48.6872304061203,1574,1517,6609,3012,506,418,9274,256,418,904,0,9704,12792,1578,Juntos Haremos Historia,12792,11.954165376277485,JHH
16,Michoacán,Mich.,053,Marcos Castellanos,16053,19.989166666666662,-103.02555555555556,13983,7.505833333333333,NO,9936,5809,58.46417069243156,41.53582930756844,61.012548680225,69.4976800484164,65.4034867940286,1874,1335,218,313,104,71,1657,31,26,22,0,3428,2074,79,Va por México,3428,23.308658977448786,V x M
16,Michoacán,Mich.,054,Morelia,16054,19.702222222222225,-101.18555555555557,850070,11.18736559139785,SI,636183,291374,45.800343611822385,54.199656388177615,50.7765885085342,57.2624423709345,54.202950594009,71214,45672,19685,16157,7085,7541,95526,5546,3890,5362,0,136572,118768,14798,Va por México,136572,6.110359881114993,V x M
16,Michoacán,Mich.,055,Morelos,16055,20.003333333333337,-101.41444444444446,7983,6.855555555555555,NO,7939,4557,57.40017634462779,42.59982365537221,41.3802291500133,49.9123904881101,45.7795560144553,181,410,239,79,186,834,1198,1084,25,84,0,832,1463,1193,Juntos Haremos Historia,1463,5.924950625411455,JHH
16,Michoacán,Mich.,056,Mugica,16056,19.025,-102.09416666666668,46324,7.688333333333333,NO,34242,16617,48.528123357280535,51.471876642719465,39.7937231080739,45.2767767472086,42.6293116617274,290,907,696,384,1836,124,10868,140,59,233,0,1895,13088,432,Juntos Haremos Historia,13088,67.35872901245712,JHH
16,Michoacán,Mich.,057,Nahuatzen,16057,19.65361111111111,-101.91583333333334,32598,7.382,NO,15262,8785,57.56126326824793,42.43873673175207,22.3425507307328,25.1286850725316,23.8165973460091,170,2103,1540,1066,100,71,1857,588,281,646,0,3815,3023,1515,Va por México,3815,9.015367103016505,V x M
16,Michoacán,Mich.,058,Nocupetaro,16058,19.04361111111111,-101.1625,8230,6.2215384615384615,NO,7255,5203,71.71605789110957,28.28394210889043,70.0889248181083,77.7068214804064,73.7562884292901,94,1794,1584,52,232,7,1124,25,30,65,0,3474,1408,120,Va por México,3474,39.7078608495099,V x M
16,Michoacán,Mich.,059,Nuevo Parangaricutiro,16059,19.416666666666668,-102.1286111111111,20981,7.559090909090909,NO,14829,9961,67.17243239598085,32.82756760401915,62.7133739052991,69.6499114562049,66.3304446654354,380,3391,2710,150,420,70,2430,62,32,32,0,6483,3002,126,Va por México,6483,34.94629053307901,V x M
16,Michoacán,Mich.,060,Nuevo Urecho,16060,19.165555555555553,-101.86805555555554,8573,6.7844444444444445,NO,6290,4433,70.47694753577106,29.52305246422894,71.1544715447154,75.8983050847458,73.4771784232365,53,166,1339,138,834,49,1522,43,10,24,0,1561,2494,77,Juntos Haremos Historia,2494,21.046695240243626,JHH
16,Michoacán,Mich.,061,Numaran,16061,20.25583333333333,-101.94805555555556,9431,6.8566666666666665,NO,9682,5709,58.96508985746747,41.03491014253253,56.989010989011,62.5,59.8677304220029,927,2090,839,73,75,38,1195,259,14,64,0,3857,1343,337,Va por México,3857,44.0357330530741,V x M
16,Michoacán,Mich.,062,Ocampo,16062,19.583055555555557,-100.33888888888887,24614,7.360909090909091,NO,16827,11398,67.73637606228085,32.263623937719146,62.3787375415282,71.3996712605892,67.0014254243877,1512,3243,884,244,1375,90,1727,124,1623,70,0,5642,3351,1817,Va por México,5642,20.10001754693806,V x M
16,Michoacán,Mich.,063,Pajacuaran,16063,20.11777777777778,-102.56666666666666,20840,6.67,NO,15555,9104,58.52780456444873,41.47219543555127,57.9658213891951,67.8129829984544,63.0559254327563,701,1357,147,93,134,78,2947,61,67,3290,0,2208,3174,3418,Otros,3418,2.680140597539543,JHH
16,Michoacán,Mich.,064,Panindicuaro,16064,19.983611111111113,-101.7611111111111,14995,6.29421052631579,NO,14245,8322,58.420498420498426,41.579501579501574,46.1982091364395,52.7477102414654,49.6194273287423,229,523,2274,1432,297,187,1783,136,69,391,0,3028,3512,596,Juntos Haremos Historia,3512,5.815909637106465,JHH
16,Michoacán,Mich.,065,Paracuaro,16065,19.14638888888889,-102.21944444444443,26245,6.67875,NO,19051,10854,56.97338722376778,43.02661277623222,57.5965475268341,63.8218329416791,60.7641719658677,247,658,3055,120,277,59,5759,73,56,44,0,3961,6156,173,Juntos Haremos Historia,6156,20.222959277685646,JHH
16,Michoacán,Mich.,066,Paracho,16066,19.64388888888889,-102.04833333333332,39667,8.651250000000001,NO,23688,14727,62.17071935157041,37.82928064842959,47.921967769296,52.7052785923754,50.4876130554463,806,1016,1998,1073,232,499,6376,790,168,1055,0,3820,7681,2013,Juntos Haremos Historia,7681,26.21715216948462,JHH
16,Michoacán,Mich.,067,Patzcuaro,16067,19.51638888888889,-101.60972222222222,98814,8.88813953488372,NO,69902,30662,43.86426711682069,56.13573288317931,49.74606235937,56.7240603196039,53.4671587601644,2451,3923,3416,2744,1549,1654,7124,1219,1524,2963,0,9793,11417,5706,Juntos Haremos Historia,11417,5.296458156676016,JHH
16,Michoacán,Mich.,068,Penjamillo,16068,20.10388888888889,-101.93333333333334,16478,6.640526315789474,NO,16102,8384,52.068066078747975,47.931933921252025,46.7420212765958,52.8175856205975,49.9174812745969,230,2155,1061,103,91,70,2356,1908,45,61,0,3447,2550,2014,Va por México,3447,10.698950381679388,V x M
16,Michoacán,Mich.,069,Periban,16069,19.52111111111111,-102.415,29328,7.234166666666667,NO,21042,11155,53.01302157589583,46.98697842410417,50.1495924894254,55.6378767887953,52.9161976875064,2073,1642,219,3294,203,189,2494,105,56,352,0,3937,5993,513,Juntos Haremos Historia,5993,18.431196772747647,JHH
16,Michoacán,Mich.,070,La Piedad,16070,20.339166666666664,-102.025,106496,8.655081967213114,SI,81284,33471,41.17784557846563,58.82215442153437,46.5863999565147,50.9945619335347,48.9196484539907,10339,5026,1177,1216,624,2684,10356,228,218,720,0,16544,12196,1166,Va por México,16544,12.990349855098444,V x M
16,Michoacán,Mich.,071,Purepero,16071,19.91055555555555,-102.00694444444444,15503,7.759090909090909,NO,13156,7258,55.16874429917908,44.83125570082092,52.4776604386677,58.4636405040231,55.5721236854497,480,1031,824,197,181,811,1221,1280,707,92,0,2338,1599,2079,Va por México,2338,3.568476164232571,V x M
16,Michoacán,Mich.,072,Puruandiro,16072,20.088055555555556,-101.51583333333332,69298,6.789347826086956,NO,60510,23598,38.99851264253842,61.00148735746158,42.4561027071487,54.144123211737,48.5178171802376,1325,5861,2051,2404,1561,1642,5125,1648,144,353,0,9238,9090,2145,Va por México,9238,0.6271717942198491,V x M
16,Michoacán,Mich.,073,Querendaro,16073,19.809722222222224,-100.89416666666668,14346,7.076428571428571,NO,11108,5923,53.32193014043932,46.67806985956068,57.4575322008587,69.0020069330414,63.2958110352464,680,481,200,484,157,890,1558,163,926,38,0,1364,2199,1127,Juntos Haremos Historia,2199,14.097585682930948,JHH
16,Michoacán,Mich.,074,Quiroga,16074,19.66583333333333,-101.52305555555556,27196,7.386428571428572,NO,17600,11170,63.465909090909086,36.534090909090914,43.8144329896907,50.3982218929431,47.2826617230949,2100,1868,839,710,162,201,2934,1477,207,72,0,4810,3806,1756,Va por México,4810,8.988361683079678,V x M
16,Michoacán,Mich.,075,Cojumatlan De Regules,16075,20.118333333333332,-102.85083333333333,10553,6.71,NO,8435,5332,63.21280379371665,36.78719620628335,53.8805970149254,65.828788238084,59.9975719315285,190,841,1154,49,1172,33,441,1068,15,195,0,2188,1662,1278,Va por México,2188,9.86496624156039,V x M
16,Michoacán,Mich.,076,Los Reyes,16076,19.59,-102.47416666666666,78527,8.148,NO,56889,26313,46.253229974160206,53.746770025839794,47.2510373443983,51.7927130207577,49.6294184720639,4872,2092,1681,1616,2206,2562,6890,1876,960,284,0,8649,10712,3120,Juntos Haremos Historia,10712,7.840231064492836,JHH
16,Michoacán,Mich.,077,Sahuayo,16077,20.0575,-102.7238888888889,76024,8.401836734693878,NO,55371,28854,52.110310451319286,47.889689548680714,52.8112689506983,59.5240639806206,56.3531446186234,12344,5966,960,463,192,1261,6354,143,122,189,0,19271,7009,454,Va por México,19271,42.49670756220974,V x M
16,Michoacán,Mich.,078,San Lucas,16078,18.58944444444444,-100.78555555555556,17703,6.487,NO,14697,8027,54.61658841940532,45.38341158059468,57.8686668553637,63.0380100614869,60.4696948389819,875,1591,1183,57,185,32,2906,767,62,15,0,3650,3149,844,Va por México,3650,6.241435156347328,V x M
16,Michoacán,Mich.,079,Santa Ana Maya,16079,20.00722222222222,-101.02111111111113,12812,6.627272727272727,NO,11410,5866,51.41104294478528,48.58895705521472,42.1509944004634,54.9019607843137,48.8384904967404,646,439,392,204,471,324,1246,1806,23,26,0,1479,1921,1855,Juntos Haremos Historia,1921,1.1251278554381179,JHH
16,Michoacán,Mich.,080,Salvador Escalante,16080,19.405277777777776,-101.63833333333334,50073,6.872916666666667,NO,35770,19515,54.55689124965054,45.44310875034946,50.826294528094,63.0437238730087,57.1797884841363,789,1634,4689,3908,890,221,3502,518,1779,387,0,7113,8300,2684,Juntos Haremos Historia,8300,6.082500640532923,JHH
16,Michoacán,Mich.,081,Senguio,16081,19.732777777777777,-100.3522222222222,20349,7.236363636363636,NO,15741,8989,57.10564767168541,42.89435232831459,51.6387774858249,67.1905697445973,59.6259921969595,294,1910,1574,727,477,284,2997,124,50,115,0,3781,4201,289,Juntos Haremos Historia,4201,4.6723773500945605,JHH
16,Michoacán,Mich.,082,Susupuato,16082,19.21472222222222,-100.40666666666668,8922,5.639,NO,7314,5553,75.92288761279737,24.077112387202632,63.6857142857143,71.4075382803298,67.4883990719258,35,135,2100,41,332,33,2645,51,39,9,0,2273,3021,99,Juntos Haremos Historia,3021,13.470196290293535,JHH
16,Michoacán,Mich.,083,Tacambaro,16083,19.235555555555557,-101.45694444444445,78624,7.72,NO,56679,26891,47.44437975264207,52.55562024735793,49.681846059491,55.6246385193754,52.7403631492782,2022,4930,1584,1124,857,311,10351,3750,170,263,0,8538,12332,4183,Juntos Haremos Historia,12332,14.108809638912648,JHH
16,Michoacán,Mich.,084,Tancitaro,16084,19.3375,-102.36305555555556,33687,6.822666666666667,NO,22054,8748,39.66627369184728,60.33372630815272,43.9728853521957,46.8343451864701,45.4173963806188,2385,1348,760,454,320,426,2436,107,49,59,0,4495,3212,215,Va por México,4495,14.66620941929584,V x M
16,Michoacán,Mich.,085,Tangamandapio,16085,19.95638888888889,-102.4327777777778,31641,7.015714285714286,NO,23884,8879,37.17551498911405,62.82448501088595,47.2423188950484,56.816431322208,52.2527767825152,574,2061,1883,483,172,215,2832,95,95,69,0,4519,3487,259,Va por México,4519,11.622930510192589,V x M
16,Michoacán,Mich.,086,Tangancicuaro,16086,19.88888888888889,-102.205,35322,6.6722222222222225,NO,28084,11552,41.13374163224612,58.86625836775388,41.7856582457242,49.7999714244892,45.9804068202214,2301,1340,1166,354,181,288,3410,872,601,593,0,4808,3945,2066,Va por México,4808,7.470567867036011,V x M
16,Michoacán,Mich.,087,Tanhuato,16087,20.281944444444445,-102.33194444444445,15511,7.477272727272728,NO,11728,5487,46.78547066848567,53.21452933151433,58.8665447897623,65.8470865611317,62.5,1732,149,573,89,194,530,1614,58,17,184,0,2455,1897,259,Va por México,2455,10.169491525423728,V x M
16,Michoacán,Mich.,088,Taretan,16088,19.33388888888889,-101.91833333333334,15589,7.638888888888889,NO,11749,6629,56.421823133883734,43.578176866116266,56.6980964241238,67.0376258611553,61.8861903917745,1448,619,316,456,165,166,2245,810,19,67,0,2386,2866,896,Juntos Haremos Historia,2866,7.240911147986122,JHH
16,Michoacán,Mich.,089,Tarimbaro,16089,19.79361111111111,-101.17722222222224,114073,9.50875,SI,69432,33679,48.50645235626224,51.49354764373776,46.48009328669,56.1839802016056,51.5716796782214,3026,5438,2763,4460,5763,688,6127,3045,310,521,0,11228,16350,3876,Juntos Haremos Historia,16350,15.208290032364381,JHH
16,Michoacán,Mich.,090,Tepalcatepec,16090,19.189166666666665,-102.8461111111111,24101,6.8425,NO,17249,7113,41.237173169459105,58.762826830540895,51.1384170581858,54.5761078998073,52.8575730201746,287,1666,1167,483,141,292,1667,47,58,984,0,3121,2293,1089,Va por México,3121,11.64065795023197,V x M
16,Michoacán,Mich.,091,Tingambato,16091,19.501944444444444,-101.8525,16325,8.505714285714285,NO,7765,5027,64.73921442369607,35.26078557630393,46.7808623744832,50.5200070509431,48.7537202380952,67,992,1296,199,69,36,2027,38,27,39,0,2357,2295,104,Va por México,2357,1.2333399641933558,V x M
16,Michoacán,Mich.,092,Tingüindin,16092,19.738611111111112,-102.48222222222222,15172,7.638181818181819,NO,11493,6529,56.8084921256417,43.1915078743583,48.7483530961792,57.5318554721592,53.3055605868502,1091,785,417,1388,189,798,1484,50,25,40,0,2296,3061,115,Juntos Haremos Historia,3061,11.716955123296064,JHH
16,Michoacán,Mich.,093,Tiquicheo De Nicolas Romero,16093,18.900555555555552,-100.7375,12034,5.996363636363636,NO,10619,7146,67.29447217252095,32.705527827479045,60.3887269193392,71.1120229790726,65.6053498353129,145,449,1446,1418,154,27,1668,1454,43,13,0,2042,3243,1510,Juntos Haremos Historia,3243,16.806605093758748,JHH
16,Michoacán,Mich.,094,Tlalpujahua,16094,19.805,-100.17444444444445,27531,8.122,NO,20265,12547,61.91463113742907,38.08536886257093,50.486179394734,58.8388465618671,54.9226513676877,510,877,2195,3507,224,1501,2456,429,60,304,0,3583,6187,793,Juntos Haremos Historia,6187,20.753965091256873,JHH
16,Michoacán,Mich.,095,Tlazazalca,16095,19.970555555555553,-102.05555555555556,6420,5.5675,NO,7875,3225,40.95238095238095,59.04761904761905,43.0379746835443,48.5444330949949,45.7793033307907,97,732,1141,39,32,380,620,15,16,20,0,1972,691,51,Va por México,1972,39.72093023255814,V x M
16,Michoacán,Mich.,096,Tocumbo,16096,19.702777777777776,-102.52194444444444,12309,6.57,NO,9825,5731,58.33078880407124,41.66921119592876,60.05094459775,65.1453957996769,62.6616992652385,1077,1142,105,1283,310,124,1386,52,22,23,0,2327,2979,97,Juntos Haremos Historia,2979,11.376723084976444,JHH
16,Michoacán,Mich.,097,Tumbiscatio,16097,18.52472222222222,-102.37666666666668,5643,5.5287500000000005,NO,5350,3113,58.18691588785047,41.81308411214953,41.3768879522304,46.552380952381,43.859649122807,861,154,74,60,28,30,1702,24,55,22,0,1089,1790,101,Juntos Haremos Historia,1790,22.51847092836492,JHH
16,Michoacán,Mich.,098,Turicato,16098,19.053611111111113,-101.42055555555557,29864,5.959444444444444,NO,25298,15708,62.09186496956281,37.90813503043719,51.1676223718109,58.1404725425369,54.7065564377507,406,4000,1480,271,5525,64,2689,98,46,27,0,5888,8485,171,Juntos Haremos Historia,8485,16.532976827094473,JHH
16,Michoacán,Mich.,099,Tuxpan,16099,19.566666666666663,-100.46277777777776,25767,7.485294117647059,NO,20357,12719,62.47973669990666,37.52026330009334,59.5749366809823,71.8137498756343,66.0045996236672,572,1274,2464,2829,623,118,3553,106,60,674,0,4315,7008,840,Juntos Haremos Historia,7008,21.173048195612864,JHH
16,Michoacán,Mich.,100,Tuzantla,16100,19.2075,-100.5736111111111,13917,5.8915,NO,12689,8504,67.01867759476711,32.98132240523289,57.2030591540503,63.3844631370609,60.2085004009623,210,410,2908,210,269,1067,2787,69,44,21,0,3532,3268,134,Va por México,3532,3.1044214487300095,V x M
16,Michoacán,Mich.,101,Tzintzuntzan,16101,19.628333333333337,-101.57888888888888,14496,7.865555555555556,NO,11612,7621,65.63038236307268,34.369617636927316,64.175654853621,75.2500862366333,70.0181983621474,315,1684,1160,568,214,317,2677,139,59,77,0,3162,3459,275,Juntos Haremos Historia,3459,3.897126361369899,JHH
16,Michoacán,Mich.,102,Tzitzio,16102,19.585555555555555,-100.92305555555556,8829,6.126666666666667,NO,7859,5167,65.7462781524367,34.2537218475633,62.6227032469167,69.8821594957523,66.0981369719234,501,1190,882,332,107,83,1270,27,22,562,0,2577,1713,611,Va por México,2577,16.72150183859106,V x M
16,Michoacán,Mich.,103,Uruapan,16103,19.419444444444444,-102.05833333333334,356786,9.551538461538462,NO,251615,110049,43.73705860143473,56.26294139856527,48.8530281827361,54.7723333858516,51.9858575919548,13915,7321,18387,3122,3365,1969,45738,943,569,1180,9286,39625,52225,11978,Juntos Haremos Historia,52225,11.449445247117193,JHH
16,Michoacán,Mich.,104,Venustiano Carranza,16104,20.111944444444447,-102.66444444444446,23653,7.329545454545454,NO,18793,10851,57.73958388761773,42.26041611238227,57.9559570863919,66.1732513290941,62.2289679098005,2181,1232,840,774,274,1578,3270,36,45,240,0,4257,4318,321,Juntos Haremos Historia,4318,0.5621601695696249,JHH
16,Michoacán,Mich.,105,Villamar,16105,20.01944444444444,-102.5961111111111,15864,6.4799999999999995,NO,15771,7037,44.61987191680933,55.38012808319067,40.8907409818987,47.9582971329279,44.5094051855618,1599,2181,353,929,94,56,1470,40,36,28,0,4137,2493,104,Va por México,4137,23.3622282222538,V x M
16,Michoacán,Mich.,106,Vista Hermosa,16106,20.272777777777776,-102.48055555555555,20982,7.429230769230769,NO,15200,6905,45.42763157894737,54.57236842105263,54.3307086614173,59.9285619790978,57.1901608325449,298,1227,122,114,260,67,4195,59,109,150,0,1648,4569,318,Juntos Haremos Historia,4569,42.302679217958,JHH
16,Michoacán,Mich.,107,Yurecuaro,16107,20.3375,-102.28305555555556,32326,7.33,NO,23035,12326,53.50987627523334,46.49012372476666,51.0622009569378,58.8557041152978,55.1483976693372,741,1071,561,194,262,2370,3798,1927,52,930,0,2375,4254,2909,Juntos Haremos Historia,4254,10.91189355833198,JHH
16,Michoacán,Mich.,108,Zacapu,16108,19.816666666666663,-101.79083333333332,76829,9.047291666666666,NO,60798,29224,48.06737063719201,51.93262936280799,50.2058356203958,60.4800474120901,55.5800496004409,3278,2087,7641,986,1099,2027,7408,1571,185,1420,0,13007,9493,3176,Va por México,13007,12.024363536819052,V x M
16,Michoacán,Mich.,109,Zamora,16109,19.985555555555557,-102.28305555555556,204836,8.719587628865979,SI,151004,57540,38.10495086222881,61.89504913777119,43.2323261782548,49.2559543423533,46.3962061684378,16131,9607,2390,3559,4378,2810,13900,1183,619,716,0,28131,21837,2518,Va por México,28131,10.938477580813347,V x M
16,Michoacán,Mich.,110,Zinaparo,16110,20.173055555555557,-101.9975,3232,6.91,NO,3686,2102,57.026587086272386,42.973412913727614,53.9637599093998,62.9164391043146,58.5209897136503,81,688,67,130,12,607,319,77,4,26,0,838,461,107,Va por México,838,10.9895337773549,V x M
16,Michoacán,Mich.,111,Zinapecuaro,16111,19.858611111111113,-100.82722222222222,48373,7.38625,NO,39716,20282,51.06757981669856,48.93242018330144,48.7702459508098,60.0030458398903,54.5877589651909,1632,2655,3010,752,1236,291,8165,211,556,158,0,7300,10153,925,Juntos Haremos Historia,10153,14.066660092693029,JHH
16,Michoacán,Mich.,112,Ziracuaretiro,16112,19.415277777777774,-101.91333333333334,18336,7.60625,NO,9686,5608,57.89799710922981,42.10200289077019,56.8627450980392,66.1441013460016,61.6151787886159,1309,1033,506,151,177,51,1998,57,32,39,0,2851,2326,128,Va por México,2851,9.361626248216833,V x M
16,Michoacán,Mich.,113,Zitacuaro,16113,19.438055555555557,-100.35888888888888,157452,8.97609756097561,NO,109003,55259,50.69493500178894,49.30506499821106,51.9353450695003,60.9521765686647,56.7254231342629,4811,9981,8239,2257,6284,987,17722,974,694,867,0,23034,26264,2535,Juntos Haremos Historia,26264,5.845201686603088,JHH
17,Morelos,Mor.,001,Amacuzac,17001,18.59861111111111,-99.36944444444444,17442,8.481818181818182,NO,13645,8814,64.59508977647491,35.40491022352509,54.6076146076146,64.3207383905394,59.6454484254619,211,477,126,406,930,1473,2053,156,821,1652,0,814,3390,2629,Juntos Haremos Historia,3390,8.63399137735421,JHH
17,Morelos,Mor.,002,Atlatlahucan,17002,18.93611111111111,-98.8977777777778,27464,10.163333333333334,SI,18497,12558,67.89209060928799,32.10790939071201,65.1500245941958,73.2348296864426,69.3669843511001,2431,876,167,740,553,387,4207,1255,283,785,0,3474,5500,2323,Juntos Haremos Historia,5500,16.13314222009874,JHH
17,Morelos,Mor.,003,Axochiapan,17003,18.5025,-98.7538888888889,39228,8.1395,NO,27124,16138,59.4971243179472,40.5028756820528,62.4499599679744,72.1129488898823,67.4552330966348,534,913,248,1157,1859,2069,6284,932,813,431,0,1695,9300,2176,Juntos Haremos Historia,9300,44.14425579377866,JHH
17,Morelos,Mor.,004,Ayala,17004,18.766944444444444,-98.98222222222222,89851,8.622619047619047,SI,64805,33614,51.86945451739835,48.13054548260165,56.5266087428727,67.5425564840607,62.2883413733933,7601,3132,489,761,668,2298,11105,3698,1616,825,0,11222,12534,6139,Juntos Haremos Historia,12534,3.9031355982626286,JHH
17,Morelos,Mor.,005,Coatlan Del Rio,17005,18.74527777777778,-99.43333333333334,10576,7.635454545454546,NO,8369,6064,72.45788027243398,27.542119727566018,72.7405602923264,80.4636561217097,76.6189667717681,241,355,90,181,106,743,1536,87,919,1260,0,686,1824,2266,Otros,2266,7.288918205804749,JHH
17,Morelos,Mor.,006,Cuautla,17006,18.81222222222222,-98.95583333333332,187118,10.46098901098901,SI,146670,69387,47.3082429944774,52.6917570055226,56.7089177229431,64.5673980361538,60.8840548122421,7354,6487,2320,2033,3561,7396,22738,7807,2771,3513,0,16161,28332,14091,Juntos Haremos Historia,28332,17.54074970815859,JHH
17,Morelos,Mor.,007,Cuernavaca,17007,18.91861111111111,-99.23416666666668,387947,11.63388349514563,SI,319681,156917,49.0854946024318,50.9145053975682,59.0461218101207,65.4354427812017,62.4715327533265,43380,15561,4899,5696,4925,5149,47658,4234,2429,16042,0,63840,58284,22705,Va por México,63840,3.5407253516190087,V x M
17,Morelos,Mor.,008,Emiliano Zapata,17008,18.83944444444444,-99.18416666666668,98630,9.744285714285716,SI,67407,35374,52.47822926402302,47.52177073597698,55.9445395863523,64.9774178476873,60.5868510781347,6499,2839,2165,3355,1633,1199,9191,683,3941,1966,0,11503,14181,6590,Juntos Haremos Historia,14181,7.57053202917397,JHH
17,Morelos,Mor.,009,Huitzilac,17009,19.028333333333332,-99.26722222222222,24515,9.79,SI,15982,11605,72.61293955700164,27.38706044299836,71.1805069318023,78.5545335085414,74.9847467968273,790,2808,163,1608,411,638,2140,634,538,918,0,3761,4159,2090,Juntos Haremos Historia,4159,3.4295562257647565,JHH
17,Morelos,Mor.,010,Jantetelco,17010,18.715,-98.77638888888887,18593,8.9525,NO,13151,9223,70.13154893164017,29.868451068359832,71.2559203005063,80.9814081072844,76.2869530942058,432,548,83,210,450,433,3294,1069,1430,641,0,1063,3954,3140,Juntos Haremos Historia,3954,8.825761682749647,JHH
17,Morelos,Mor.,011,Jiutepec,17011,18.88138888888889,-99.17777777777778,217199,10.675694444444444,SI,170522,77906,45.6867735541455,54.3132264458545,58.2558970693352,65.4951334525773,62.0461925785383,10131,5443,6647,2418,1621,7217,28069,2500,5488,5121,0,22221,32112,13109,Juntos Haremos Historia,32112,12.696069622365414,JHH
17,Morelos,Mor.,012,Jojutla,17012,18.614722222222223,-99.1802777777778,59343,10.030833333333334,NO,47872,25761,53.8122493315508,46.1877506684492,56.8548931383577,65.8061889250814,61.5539168536924,893,1179,318,658,712,497,9082,544,7831,2952,0,2390,10454,11327,Otros,11327,3.3888436007918945,JHH
17,Morelos,Mor.,013,Jonacatepec,17013,18.67888888888889,-98.80277777777778,16429,9.017272727272728,NO,12333,8754,70.98029676477744,29.019703235222565,68.1001057455058,79.1330970029004,73.8636363636364,537,576,120,613,660,636,2960,1047,176,837,0,1233,4233,2060,Juntos Haremos Historia,4233,24.82293808544665,JHH
17,Morelos,Mor.,014,Mazatepec,17014,18.72694444444444,-99.36166666666666,9740,9.1,NO,8318,6093,73.25078143784563,26.74921856215437,63.0684788290643,76.199570303175,69.9313786650031,58,391,29,66,33,802,1030,113,982,2347,0,478,1132,3442,Otros,3442,37.9123584441162,JHH
17,Morelos,Mor.,015,Miacatlan,17015,18.76861111111111,-99.35944444444443,15913,8.802222222222222,NO,12541,8714,69.48409217765729,30.51590782234271,54.5118949958983,70.1739130434783,62.5758630981992,509,1551,165,164,166,165,1972,141,1238,2213,0,2225,2304,3592,Otros,3592,14.780812485655268,JHH
17,Morelos,Mor.,034,Coatetelco,17034,18.729787,-99.325726,11446,6.916,NO,7982,2918,36.55725382109747,63.44274617890253,NA,NA,NA,56,174,45,29,275,38,496,185,738,767,0,275,801,1690,Otros,1690,30.466072652501712,JHH
17,Morelos,Mor.,016,Ocuituco,17016,18.878055555555555,-98.77527777777776,19305,8.607,NO,13671,10405,76.11001389803234,23.889986101967665,77.1637287597269,85.7887680619693,81.6141429669485,2517,1038,114,404,818,569,2670,769,131,805,0,3669,3892,1705,Juntos Haremos Historia,3892,2.1432003844305623,JHH
17,Morelos,Mor.,017,Puente De Ixtla,17017,18.616666666666667,-99.31972222222224,39976,9.1096,NO,31392,19191,61.13340978593273,38.86659021406727,54.5609912411878,63.3620689655172,59.1317027088082,447,1455,847,275,1092,2873,5178,250,2544,3486,0,2749,6550,6280,Juntos Haremos Historia,6550,1.4069094888228857,JHH
17,Morelos,Mor.,035,Xoxocotla,17035,18.677595,-99.24425,27956,8.35625,NO,19345,9345,48.30705608684415,51.69294391315585,NA,NA,NA,186,374,135,129,185,526,3702,87,2314,1366,0,695,4018,3767,Juntos Haremos Historia,4018,2.685928303905832,JHH
17,Morelos,Mor.,018,Temixco,17018,18.854444444444447,-99.22722222222222,119331,9.62953488372093,SI,89775,39675,44.193817878028405,55.806182121971595,44.3431403209122,52.3133578841647,48.4775511149188,4135,3050,727,1370,5327,2743,10627,1013,4314,4300,0,7912,17327,9627,Juntos Haremos Historia,17327,19.407687460617517,JHH
17,Morelos,Mor.,019,Tepalcingo,17019,18.59638888888889,-98.8436111111111,28012,8.129375,NO,21070,12528,59.45894636924537,40.54105363075463,63.3713819812475,74.0167323781133,68.8486467765078,300,806,204,1279,1302,651,4797,982,453,986,0,1310,7378,2421,Juntos Haremos Historia,7378,39.567369093231164,JHH
17,Morelos,Mor.,020,Tepoztlan,17020,18.985277777777775,-99.0997222222222,54537,10.395263157894735,SI,30764,17499,56.88141984137304,43.11858015862696,58.9321644150618,68.4227834780321,63.8873626373626,715,747,246,483,2366,6011,4539,319,614,600,0,1708,7388,1533,Juntos Haremos Historia,7388,7.869021086919252,JHH
17,Morelos,Mor.,021,Tetecala,17021,18.729166666666664,-99.39861111111112,7434,8.785,NO,6513,5185,79.61001074773529,20.389989252264712,76.0169215750081,84.1894801599508,80.2182163187856,88,130,169,65,228,920,1425,111,705,1070,0,387,1720,1886,Otros,1886,3.201542912246866,JHH
17,Morelos,Mor.,022,Tetela Del Volcan,17022,18.893055555555556,-98.72972222222222,22628,7.91375,NO,12673,8372,66.0617059891107,33.938294010889294,70.8159618820727,80.5117601447402,76.0066417600664,996,484,80,416,355,1021,2241,1054,725,379,0,1560,3012,2158,Juntos Haremos Historia,3012,10.200668896321071,JHH
17,Morelos,Mor.,023,Tlalnepantla,17023,19.006666666666668,-98.99694444444444,7943,8.4875,NO,5220,3850,73.75478927203065,26.24521072796935,74.3757674989767,81.3854489164087,77.9789138651283,100,532,60,140,194,169,1256,303,601,236,0,692,1590,1140,Juntos Haremos Historia,1590,11.688311688311689,JHH
17,Morelos,Mor.,024,Tlaltizapan De Zapata,17024,18.683333333333337,-99.11777777777776,50223,8.954444444444444,SI,39020,22861,58.5879036391594,41.4120963608406,59.2262886031432,70.6093557652852,65.1138112166392,1120,2129,543,429,1679,966,9796,3340,1009,694,0,3792,11904,5043,Juntos Haremos Historia,11904,30.011810506976946,JHH
17,Morelos,Mor.,025,Tlaquiltenango,17025,18.628888888888888,-99.16027777777778,32395,7.985384615384615,NO,25553,14687,57.476617226940085,42.523382773059915,59.0336653222487,68.9302978325277,64.1161161161161,573,783,241,689,399,162,4014,201,5333,1746,0,1597,5105,7280,Otros,7280,14.809014774971063,JHH
17,Morelos,Mor.,026,Tlayacapan,17026,18.955555555555556,-98.98111111111112,19957,9.262222222222222,SI,14566,10135,69.57984347109708,30.42015652890292,68.4522047943179,75.2077373654815,71.969643237109,575,1127,357,584,354,424,3322,1166,572,832,0,2059,4260,2570,Juntos Haremos Historia,4260,16.67488899851998,JHH
17,Morelos,Mor.,027,Totolapan,17027,18.986944444444447,-98.91972222222223,12732,8.448571428571428,NO,8376,5887,70.28414517669532,29.71585482330468,72.4307533005436,80.7729468599034,76.7462201674372,448,530,217,312,185,764,2090,317,310,254,0,1195,2587,881,Juntos Haremos Historia,2587,23.645320197044335,JHH
17,Morelos,Mor.,028,Xochitepec,17028,18.780833333333337,-99.23138888888889,74253,9.213333333333331,SI,53465,27230,50.930515290376874,49.069484709623126,56.5690659016117,66.9260700389105,61.9310204496897,2035,5210,1191,874,1926,1310,9236,507,1540,1869,0,8436,12040,3916,Juntos Haremos Historia,12040,13.235402130003672,JHH
17,Morelos,Mor.,029,Yautepec,17029,18.885833333333338,-99.06055555555557,102926,9.5,SI,80375,39056,48.59222395023328,51.40777604976672,55.0290082958304,62.511512134412,58.9299386200542,5295,5342,789,3035,666,1513,11935,1375,2545,4521,0,11426,15636,8441,Juntos Haremos Historia,15636,10.7793936911102,JHH
17,Morelos,Mor.,030,Yecapixtla,17030,18.883333333333333,-98.865,56048,8.834736842105263,SI,37729,20571,54.52304593283681,45.47695406716319,62.6988803771361,69.4424917536365,66.2154922031413,4799,1538,335,354,3218,401,6827,646,715,935,0,6672,10399,2296,Juntos Haremos Historia,10399,18.11773856399786,JHH
17,Morelos,Mor.,031,Zacatepec,17031,18.656388888888888,-99.19111111111113,37725,10.448076923076924,NO,30015,17836,59.42362152257205,40.57637847742795,58.6556569607417,66.1811354955655,62.6294739001128,617,1046,206,339,1160,837,5739,380,4457,2440,0,1869,7241,7277,Otros,7277,0.20183897734918144,JHH
17,Morelos,Mor.,032,Zacualpan De Amilpas,17032,18.78388888888889,-98.76583333333332,9764,9.68,NO,7496,5778,77.08110992529349,22.91889007470651,80.7267441860465,87.3329770176376,84.1687552213868,339,494,60,81,596,123,2493,623,337,266,0,893,3170,1226,Juntos Haremos Historia,3170,33.64485981308411,JHH
17,Morelos,Mor.,033,Temoac,17033,18.772222222222226,-98.7775,16941,8.703333333333333,NO,11498,8799,76.52635240911462,23.473647590885378,67.6223241590214,77.5156141568355,72.8082939250637,300,1274,69,107,251,194,3436,1141,576,1017,0,1643,3794,2734,Juntos Haremos Historia,3794,12.046823502670758,JHH
18,Nayarit,Nay.,001,Acaponeta,18001,22.4925,-105.36083333333332,37215,8.814468085106382,NO,27434,17172,62.59386163155208,37.40613836844792,54.1240262715748,59.4222321495049,56.8067860508954,613,2773,936,917,741,3556,6183,173,320,252,0,4324,7845,745,Juntos Haremos Historia,7845,20.504309340787326,JHH
18,Nayarit,Nay.,002,Ahuacatlan,18002,21.05444444444445,-104.48444444444443,15412,8.815882352941177,NO,12518,7626,60.92027480428184,39.07972519571816,51.0848445595855,60.3838582677165,55.7040417209909,1583,711,123,430,585,1089,2406,42,151,76,0,2419,3423,269,Juntos Haremos Historia,3423,13.165486493574614,JHH
18,Nayarit,Nay.,003,Amatlan De Cañas,18003,20.808055555555555,-104.40694444444443,11515,7.814090909090909,NO,9483,6566,69.23969208056522,30.76030791943478,55.3682896379526,60.2544748759974,57.7676585830774,836,442,335,1482,270,559,830,236,126,1085,0,1615,2585,1447,Juntos Haremos Historia,2585,14.773073408467864,JHH
18,Nayarit,Nay.,004,Bahia De Banderas,18004,20.80638888888889,-105.24805555555557,187632,9.448837209302326,SI,117809,47817,40.58857981987794,59.41142018012206,44.0265780730897,49.0062038171257,46.4667099110263,11140,3280,1213,1938,1608,3513,20171,724,595,1674,0,15635,23720,2993,Juntos Haremos Historia,23720,16.908212560386474,JHH
18,Nayarit,Nay.,005,Compostela,18005,21.237222222222226,-104.90083333333334,77578,8.348611111111111,NO,59067,28956,49.02229671390116,50.97770328609884,48.9940911648846,54.7913556550793,51.8774528868932,3635,1846,494,1278,1458,4362,12751,481,580,815,0,5979,15490,1876,Juntos Haremos Historia,15490,32.846387622599806,JHH
18,Nayarit,Nay.,006,Huajicori,18006,22.636666666666667,-105.31972222222224,12231,7.263157894736843,NO,8350,6308,75.54491017964072,24.455089820359277,55.5639097744361,61.6730038022814,58.601134215501,70,763,158,176,194,1339,2256,76,428,484,0,993,2627,988,Juntos Haremos Historia,2627,20.41851616994293,JHH
18,Nayarit,Nay.,007,Ixtlan Del Rio,18007,21.034166666666668,-104.36777777777776,29319,9.125833333333334,NO,22183,12521,56.44412387864581,43.55587612135419,45.0435298773249,53.3333333333333,49.3626498602095,3469,751,167,393,2149,1854,2436,163,315,232,0,4388,4980,710,Juntos Haremos Historia,4980,4.728056864467694,JHH
18,Nayarit,Nay.,008,Jala,18008,21.10361111111111,-104.43611111111112,19318,8.717777777777778,NO,13727,9344,68.0702265607926,31.929773439207395,53.9282400247448,62.8872091299837,58.5029894800575,1189,1044,178,532,680,1330,2042,100,1666,50,0,2414,3257,1816,Juntos Haremos Historia,3257,9.021832191780822,JHH
18,Nayarit,Nay.,009,Del Nayar,18009,22.250833333333333,-104.51722222222222,48267,5.690434782608696,NO,27181,16878,62.09484566425076,37.90515433574924,50.4375752709755,54.0065444030135,52.269885919675,654,3590,180,2257,3603,2844,2293,236,264,125,0,4427,8158,625,Juntos Haremos Historia,8158,22.10569972745586,JHH
18,Nayarit,Nay.,010,Rosamorada,18010,22.122222222222224,-105.2038888888889,33627,8.286976744186047,NO,26292,17327,65.9021755667123,34.0978244332877,55.8178241791496,63.2721202003339,59.4526495328914,597,3256,354,596,2178,3466,4734,463,762,197,0,4208,7512,1422,Juntos Haremos Historia,7512,19.068505800196224,JHH
18,Nayarit,Nay.,011,Ruiz,18011,21.950277777777774,-105.14555555555556,23402,8.083333333333334,NO,18082,10789,59.66707222652361,40.33292777347639,53.0362053162237,64.8287869994196,58.8940783024852,718,778,127,576,379,2273,4613,342,355,78,0,1624,5571,775,Juntos Haremos Historia,5571,30.568171285568635,JHH
18,Nayarit,Nay.,012,San Blas,18012,21.539722222222224,-105.28555555555556,41524,7.80531914893617,NO,30419,18661,61.34652684177651,38.65347315822349,49.8856134387868,55.6034777846238,52.6783922958604,2334,1603,331,874,509,2564,6855,285,295,1774,0,4272,8238,2354,Juntos Haremos Historia,8238,21.25288033867424,JHH
18,Nayarit,Nay.,013,San Pedro Lagunillas,18013,21.22111111111111,-104.75083333333332,7676,8.188461538461539,NO,6724,4449,66.16597263533612,33.83402736466388,50.9519492293744,58.5209003215434,54.6190995482162,417,352,64,308,228,1234,1182,29,55,288,0,835,1723,372,Juntos Haremos Historia,1723,10.991233985165206,JHH
18,Nayarit,Nay.,014,Santa Maria Del Oro,18014,21.33388888888889,-104.58833333333332,24913,7.746086956521739,NO,18599,11530,61.992580246249794,38.007419753750206,51.3767482517483,60.8569191184696,56.0610248189708,856,1827,306,627,774,1538,3756,182,396,422,0,2992,5159,1000,Juntos Haremos Historia,5159,18.794449262792714,JHH
18,Nayarit,Nay.,015,Santiago Ixcuintla,18015,21.81138888888889,-105.20666666666666,93908,8.412612612612612,NO,72737,40031,55.03526403343552,44.96473596656448,49.6383812731188,60.2330869812393,54.858135170714,1756,5847,2222,1463,1345,6817,15427,1839,636,831,0,9828,18237,3306,Juntos Haremos Historia,18237,21.006220179360994,JHH
18,Nayarit,Nay.,016,Tecuala,18016,22.397222222222226,-105.45722222222224,37152,8.7802,NO,29221,18105,61.95886519968516,38.04113480031484,54.5307878461952,57.1898560657985,55.8474173623838,423,2475,499,694,825,3578,7687,201,425,464,0,3398,9208,1090,Juntos Haremos Historia,9208,31.096382214857773,JHH
18,Nayarit,Nay.,017,Tepic,18017,21.51638888888889,-104.89416666666668,423641,11.242909698996655,SI,315417,160527,50.893578976402665,49.106421023597335,53.3806471306471,60.3126365173128,57.0050084246138,15465,11485,4640,8133,7186,24932,67238,6868,4980,4165,0,31594,82560,16013,Juntos Haremos Historia,82560,31.74917615105247,JHH
18,Nayarit,Nay.,018,Tuxpan,18018,21.94361111111111,-105.29944444444445,30057,9.5029411764705891,NO,23538,14521,61.69173251763106,38.30826748236894,53.6792284336489,61.2294163289939,57.5207264113699,564,1162,275,498,501,3986,5508,304,373,517,0,2002,6511,1194,Juntos Haremos Historia,6511,17.388609599889815,JHH
18,Nayarit,Nay.,019,Xalisco,18019,21.444166666666668,-104.90166666666669,67334,10.4488,SI,44364,23474,52.91227121089172,47.08772878910828,49.6983685673818,57.1156475874194,53.5395432357925,3992,1348,345,1218,1664,3708,8129,753,907,580,0,5687,11013,2240,Juntos Haremos Historia,11013,22.688932435886514,JHH
18,Nayarit,Nay.,020,La Yesca,18020,21.31833333333333,-104.00888888888888,13735,6.333636363636364,NO,8349,350,4.192118816624745,95.80788118337526,45.46553808948,53.7232671991755,49.4635728542914,27,78,6,5,17,58,91,11,5,7,0,114,114,23,Empate,114,0,Empate
19,Nuevo León,NL,001,Abasolo,19001,25.94527777777778,-100.39888888888888,2983,9.41,SI,2512,2013,80.13535031847134,19.86464968152866,55.7278208440999,64.0638864241349,59.8339160839161,500,212,10,367,67,528,176,27,9,30,0,722,611,66,Va por México,722,5.514157973174367,V x M
19,Nuevo León,NL,002,Agualeguas,19002,26.310833333333335,-99.53916666666666,3413,7.826666666666666,NO,4147,2852,68.77260670364119,31.227393296358812,72.8549924736578,75.2535496957404,74.0479192938209,1709,220,9,12,5,681,142,3,1,3,0,1938,159,7,Va por México,1938,44.074333800841515,V x M
19,Nuevo León,NL,003,Los Aldamas,19003,26.064444444444444,-99.19666666666669,1404,6.793333333333333,NO,2076,1368,65.89595375722543,34.10404624277457,61.2431444241316,64.6341463414634,62.9166666666667,64,552,8,17,14,557,69,6,1,5,0,624,100,12,Va por México,624,4.89766081871345,V x M
19,Nuevo León,NL,004,Allende,19004,25.283611111111114,-100.02027777777778,35453,9.255263157894737,NO,28919,13240,45.783049206404094,54.216950793595906,46.3026749725174,54.6521005938852,50.4764697258466,4090,4775,27,190,149,1916,1165,70,422,37,0,8892,1504,529,Va por México,8892,52.68882175226586,V x M
19,Nuevo León,NL,005,Anahuac,19005,27.240555555555556,-100.1322222222222,18029,7.7122222222222225,NO,14822,8971,60.524895425718526,39.475104574281474,56.8513119533528,65.3646544659929,61.1428571428571,1370,4299,32,154,71,1110,1434,84,32,56,0,5701,1663,172,Va por México,5701,45.01170438078252,V x M
19,Nuevo León,NL,006,Apodaca,19006,25.781666666666663,-100.1888888888889,657849,11.05893103448276,SI,440861,220016,49.90597943569515,50.09402056430485,49.4277209046431,53.8203615623261,51.6019796822089,40210,82886,1150,3957,2814,43292,36051,2132,940,2163,0,124246,42825,5235,Va por México,124246,36.79459675659952,V x M
19,Nuevo León,NL,026,Guadalupe,19026,25.679166666666667,-100.235,642719,10.87520134228188,SI,551756,287954,52.18864860554303,47.81135139445697,47.446569095028,52.29229567074,49.8882564869466,89549,68120,1517,8123,4527,55121,46202,3624,1749,2331,0,159186,58854,7704,Va por México,159186,34.843065211804664,V x M
19,Nuevo León,NL,007,Aramberri,19007,24.099722222222223,-99.8172222222222,14869,7.08235294117647,NO,12646,10077,79.68527597659339,20.31472402340661,76.2895038480432,76.8931052007454,76.586178184846,3241,4821,20,33,862,135,541,16,24,11,0,8082,1436,51,Va por México,8082,65.95216830405874,V x M
19,Nuevo León,NL,008,Bustamante,19008,26.534444444444446,-100.50277777777778,3633,8.7625,NO,3354,2598,77.4597495527728,22.54025044722719,76.5432098765432,82.9647340107591,79.8056483449742,908,544,8,71,16,311,212,14,382,62,0,1460,302,458,Va por México,1460,38.56812933025404,V x M
19,Nuevo León,NL,009,Cadereyta Jimenez,19009,25.590555555555554,-100.00138888888888,122357,8.811311475409836,SI,85414,38181,44.70110286369916,55.29889713630084,42.6185755680952,47.9869109947644,45.2632121946816,9342,7999,218,3394,553,5958,7263,490,541,1206,0,17559,11212,2237,Va por México,17559,16.62345145491213,V x M
19,Nuevo León,NL,010,Carmen,19010,25.934722222222224,-100.36305555555556,88777,9.3075,SI,32600,12229,37.512269938650306,62.487730061349694,39.7712389766873,45.5541117505105,42.5743465154992,3029,1968,98,1703,688,2041,1991,104,56,162,0,5095,4386,322,Va por México,5095,5.79769400605119,V x M
19,Nuevo León,NL,011,Cerralvo,19011,26.09,-99.61527777777778,7420,7.2844444444444445,NO,6900,4322,62.63768115942029,37.36231884057971,59.3759559498317,67.3563928350834,63.3471645919779,2191,475,6,30,23,288,1110,17,23,12,0,2672,1163,52,Va por México,2672,34.914391485423415,V x M
19,Nuevo León,NL,012,Cienega De Flores,19012,25.953333333333333,-100.16694444444444,86084,9.6025,SI,39601,14794,37.35764248377566,62.64235751622434,32.2621298046629,36.9320388349515,34.565772669221,3866,1406,132,2735,204,1996,2626,100,86,1126,0,5404,5567,1312,Juntos Haremos Historia,5567,1.1017980262268487,JHH
19,Nuevo León,NL,013,China,19013,25.70583333333333,-99.24,9946,7.586153846153846,NO,9977,6649,66.64327954294879,33.35672045705121,63.7122002085506,68.30204778157,65.9812295687019,1066,2129,54,257,144,970,1389,147,18,46,0,3249,1790,211,Va por México,3249,21.94314934576628,V x M
19,Nuevo León,NL,014,Dr. Arroyo,19014,23.673055555555557,-100.18,36177,6.694864864864865,NO,29832,22007,73.7697774202199,26.230222579780104,71.7328848714176,78.1191267890704,74.8763565201921,2347,13113,22,118,132,468,4765,81,255,64,0,15482,5015,400,Va por México,15482,47.56213931930749,V x M
19,Nuevo León,NL,015,Dr. Coss,19015,25.92638888888889,-99.18472222222222,1363,6.467777777777778,NO,2725,1787,65.57798165137615,34.42201834862385,52.3338048090523,55.4105909439754,53.8093485461906,227,793,12,66,19,171,297,32,45,13,0,1032,382,90,Va por México,1032,36.373810856183546,V x M
19,Nuevo León,NL,016,Dr. Gonzalez,19016,25.859166666666667,-99.94194444444445,3258,7.745,NO,3273,2415,73.78551787351054,26.214482126489457,65.9574468085106,72.3474801061008,69.0136378052648,367,825,14,73,410,297,253,14,44,11,0,1206,736,69,Va por México,1206,19.461697722567287,V x M
19,Nuevo León,NL,017,Galeana,19017,24.824166666666667,-100.07694444444444,40992,7.188378378378379,NO,31230,19659,62.9490874159462,37.0509125840538,55.5846708155912,61.0031600887514,58.2586767536001,3390,8291,28,3786,401,753,1876,46,66,39,0,11709,6063,151,Va por México,11709,28.719670379978634,V x M
19,Nuevo León,NL,018,Garcia,19018,25.81222222222222,-100.59916666666666,397071,10.316985294117648,SI,199018,72206,36.281140399360865,63.718859600639135,35.635445054193,40.0789490713777,37.813558676868,15779,11407,725,2877,1478,19146,14944,1396,857,1500,0,27911,19302,3753,Va por México,27911,11.922831897626237,V x M
19,Nuevo León,NL,019,San Pedro Garza Garcia,19019,25.664166666666667,-100.40166666666669,132754,12.968225806451612,SI,107652,74246,68.96852822056255,31.031471779437453,54.7686213312526,57.1229180236345,55.9883530341889,51174,8489,200,630,295,7439,4032,218,99,522,0,59863,4957,839,Va por México,59863,70.60851763057943,V x M
19,Nuevo León,NL,020,Gral. Bravo,19020,25.79305555555556,-99.18111111111112,5514,7.902857142857143,NO,5852,3736,63.84142173615858,36.15857826384142,62.6259117749218,69.7415649676956,66.1253309796999,1618,1367,14,37,12,233,300,17,2,7,0,2999,349,26,Va por México,2999,70.93147751605996,V x M
19,Nuevo León,NL,021,Gral. Escobedo,19021,25.808611111111112,-100.32694444444444,481298,10.120833333333334,SI,321812,137400,42.695735398307086,57.304264601692914,43.18723490204,48.0532353654733,45.584794822316,34934,22259,2119,4472,3466,35202,27371,1270,1116,1827,0,59312,35311,4213,Va por México,59312,17.46797671033479,V x M
19,Nuevo León,NL,022,Gral. Teran,19022,25.259722222222223,-99.68194444444444,14044,7.392941176470588,NO,13304,7644,57.4564040889958,42.5435959110042,50.1676318195672,54.7316165063605,52.4292742927429,330,2962,29,104,51,2876,570,46,366,37,0,3321,725,449,Va por México,3321,5.8215593929879645,V x M
19,Nuevo León,NL,023,Gral. Treviño,19023,26.2275,-99.48444444444443,1807,7.963333333333333,NO,2097,1528,72.86599904625656,27.13400095374344,72.3991507430998,78.2105263157895,75.3171247357294,815,552,1,1,4,52,58,1,1,1,0,1368,63,3,Va por México,1368,85.40575916230367,V x M
19,Nuevo León,NL,024,Gral. Zaragoza,19024,23.972499999999997,-99.77083333333331,6254,6.854,NO,5463,4413,80.77979132344866,19.220208676551337,79.52362658471,83.0665543386689,81.2135824794053,517,1712,17,20,1750,58,104,1,21,4,0,2246,1874,26,Va por México,2246,8.429639700883753,V x M
19,Nuevo León,NL,025,Gral. Zuazua,19025,25.895555555555553,-100.10777777777776,85007,9.448666666666666,SI,46179,19244,41.67262175447715,58.32737824552285,38.0276564774381,42.5711387539373,40.2691811309822,3122,3227,162,591,1547,3462,3709,622,1728,455,0,6511,5851,2805,Va por México,6511,3.429640407399709,V x M
19,Nuevo León,NL,027,Los Herreras,19027,25.905,-99.4025,1973,7.385,NO,2902,1676,57.75327360441075,42.24672639558925,69.7986577181208,74.9442379182156,72.3752792256143,266,498,7,484,5,165,169,4,2,3,0,771,658,9,Va por México,771,6.742243436754177,V x M
19,Nuevo León,NL,028,Hidalgo,19028,25.975555555555555,-100.45083333333334,16070,9.77,SI,13163,8157,61.96915596748461,38.03084403251539,50.3838320538932,59.3452844894778,54.8757618377872,1580,775,472,655,98,2127,1094,234,384,400,0,2827,1848,1018,Va por México,2827,8.581586367537085,V x M
19,Nuevo León,NL,029,Higueras,19029,25.95861111111111,-100.01555555555557,1387,8.46,NO,1475,1238,83.9322033898305,16.067796610169495,50.9722222222222,52.2284122562674,51.5994436717663,623,55,273,18,13,130,75,4,0,10,0,951,106,14,Va por México,951,66.31663974151857,V x M
19,Nuevo León,NL,030,Hualahuises,19030,24.885833333333338,-99.67277777777778,7040,8.551111111111112,NO,6307,4296,68.11479308704614,31.885206912953866,43.160300359125,52.0428015564202,47.6167236050106,892,2222,34,47,80,400,366,29,36,15,0,3148,493,80,Va por México,3148,61.80167597765363,V x M
19,Nuevo León,NL,031,Iturbide,19031,24.725277777777777,-99.9,3307,7.28,NO,3243,2847,87.7890841813136,12.210915818686402,84.8076923076923,89.2635925671025,86.9565217391304,1091,1362,2,17,10,75,202,0,4,1,0,2455,229,5,Va por México,2455,78.18756585879873,V x M
19,Nuevo León,NL,032,Juarez,19032,25.6475,-100.09472222222222,469321,9.703882352941177,SI,251211,100773,40.11488350430514,59.88511649569486,39.2267744884591,44.8768695886664,42.0213019329885,17619,31321,665,2873,1220,24070,17516,886,413,1651,0,49605,21612,2950,Va por México,49605,25.339128536413522,V x M
19,Nuevo León,NL,033,Lampazos De Naranjo,19033,27.02361111111111,-100.50694444444444,5352,7.782,NO,4921,3692,75.02540134119081,24.974598658809185,54.5916208209903,60.2676704307821,57.4463609591923,2405,304,6,32,16,187,621,7,9,11,0,2715,669,27,Va por México,2715,55.41711809317443,V x M
19,Nuevo León,NL,034,Linares,19034,24.860000000000003,-99.56666666666666,84670,8.78531914893617,NO,66567,31390,47.15549746871573,52.84450253128427,45.7421313308835,53.2851715762596,49.5623649639641,9421,6935,157,891,489,4281,7008,219,412,195,0,16513,8388,826,Va por México,16513,25.884039503026443,V x M
19,Nuevo León,NL,035,Marin,19035,25.879444444444445,-100.03194444444443,4950,9.126666666666669,NO,4984,3190,64.00481540930978,35.995184590690215,68.2832618025751,73.7639198218263,70.9726775956284,764,416,13,1286,21,278,234,17,5,10,0,1193,1544,32,Juntos Haremos Historia,1544,11.003134796238244,JHH
19,Nuevo León,NL,036,Melchor Ocampo,19036,26.058611111111112,-99.54222222222222,1483,8.515,NO,1937,1460,75.37429013939081,24.62570986060919,56.9780853517878,61.4921780986763,59.1872791519435,479,140,9,70,42,228,337,13,1,21,0,628,449,35,Va por México,628,12.26027397260274,V x M
19,Nuevo León,NL,037,Mier Y Noriega,19037,23.422222222222224,-100.11666666666666,7623,6.464,NO,6482,4877,75.23912372724467,24.76087627275533,70.6960845245494,85.4187520854187,77.7956556717619,1360,722,4,828,10,794,946,8,22,10,0,2086,1784,40,Va por México,2086,6.192331351240517,V x M
19,Nuevo León,NL,038,Mina,19038,26.00055555555555,-100.53027777777778,6083,7.1414285714285715,NO,4944,3487,70.5299352750809,29.470064724919094,56.0538116591928,67.2872340425532,61.4355489488214,401,1645,14,834,20,214,158,14,30,30,0,2060,1014,74,Va por México,2060,29.997132205334097,V x M
19,Nuevo León,NL,039,Montemorelos,19039,25.18722222222222,-99.82666666666668,67529,8.989761904761904,NO,54852,24591,44.831546707503826,55.168453292496174,44.5621993664698,51.078887649525,47.847585805701,3870,8685,245,422,876,4322,4529,166,224,383,0,12800,5827,773,Va por México,12800,28.355902565979424,V x M
19,Nuevo León,NL,040,Monterrey,19040,25.67138888888889,-100.3086111111111,1138746,11.299418132611637,SI,963019,538341,55.90138927684708,44.09861072315292,48.4465673959221,53.4365582720751,50.9737975603708,130283,189464,2580,6618,13492,114052,59171,3634,2410,3811,0,322327,79284,9855,Va por México,322327,38.68830351022865,V x M
19,Nuevo León,NL,041,Paras,19041,26.49888888888889,-99.5225,900,8.486666666666666,NO,2008,1679,83.61553784860558,16.384462151394416,59.572192513369,61.8995633187773,60.7239330091842,848,446,5,14,3,203,88,5,3,7,0,1299,106,15,Va por México,1299,65.27695056581298,V x M
19,Nuevo León,NL,042,Pesqueria,19042,25.785,-100.05111111111113,147468,9.194285714285714,SI,70795,23309,32.92464157073239,67.07535842926761,34.0168646991184,37.7175858142183,35.8123840719839,10522,2800,120,852,786,2460,4777,159,122,130,0,13442,6418,411,Va por México,13442,30.13428289501909,V x M
19,Nuevo León,NL,043,Los Ramones,19043,25.69472222222222,-99.62555555555556,5290,7.144166666666667,NO,5372,2986,55.584512285927026,44.415487714072974,56.9923719578642,58.9278675601104,57.9206049149338,1228,576,11,259,31,284,294,23,77,27,0,1815,584,127,Va por México,1815,41.22572002679169,V x M
19,Nuevo León,NL,044,Rayones,19044,25.018055555555556,-100.07222222222222,2374,6.384,NO,3110,2437,78.36012861736334,21.639871382636656,84.5413363533409,86.4990072799471,85.4440036618859,1619,307,3,29,23,77,273,8,13,8,0,1929,325,29,Va por México,1929,65.81862946245384,V x M
19,Nuevo León,NL,045,Sabinas Hidalgo,19045,26.503055555555555,-100.18444444444444,34622,9.485416666666667,NO,29104,17121,58.82696536558548,41.17303463441452,48.8797169811321,55.9510331163317,52.4873646209386,5326,1279,49,996,130,6808,1354,53,332,75,0,6654,2483,460,Movimiento Ciudadano,6808,0.8994801705507856,V x M
19,Nuevo León,NL,046,Salinas Victoria,19046,25.962777777777777,-100.29194444444444,103594,9.246296296296295,SI,48612,22594,46.47823582654488,53.52176417345512,43.304913508452,50.2369418702612,46.6563144362701,5587,3966,119,496,262,7275,3194,149,162,769,0,9672,3952,1080,Va por México,9672,10.609011241922634,V x M
19,Nuevo León,NL,047,San Nicolas De Los Garza,19047,25.741666666666667,-100.3022222222222,412320,11.602384937238494,SI,367121,207337,56.47647505863189,43.52352494136811,49.8451581280843,53.0587728276679,51.4787714148009,102573,23850,786,3491,2325,37072,29376,1167,835,1574,0,127209,35192,3576,Va por México,127209,43.473668472100975,V x M
19,Nuevo León,NL,048,Santa Catarina,19048,25.67555555555556,-100.46222222222222,306421,10.21989898989899,SI,225939,105023,46.48290025183788,53.51709974816212,48.2617854969337,53.3968684897674,50.8206192927737,53056,10656,368,1643,856,18075,14443,715,858,1550,0,64080,16942,3123,Va por México,64080,43.804690401150225,V x M
19,Nuevo León,NL,049,Santiago,19049,25.426944444444445,-100.1525,50215,9.9088,SI,40354,25079,62.14749467215146,37.85250532784854,53.5599399528201,60.7294317217981,57.1649429576714,10870,7494,122,451,721,2330,2088,117,82,133,0,18486,3260,332,Va por México,18486,60.712149607241116,V x M
19,Nuevo León,NL,050,Vallecillo,19050,26.66,-99.98722222222224,1555,6.867142857142857,NO,2334,1684,72.15081405312768,27.849185946872325,73.1976251060221,77.0758122743682,75.076519457805,175,508,7,18,630,198,66,3,5,10,0,690,717,18,Juntos Haremos Historia,717,1.6033254156769596,JHH
19,Nuevo León,NL,051,Villaldama,19051,26.50138888888889,-100.4275,3674,8.695,NO,3883,3106,79.98969868658254,20.010301313417457,66.1505605979712,70.7059477487493,68.3823529411765,882,159,12,830,12,960,164,3,6,16,0,1053,1009,25,Va por México,1053,1.4166130070830651,V x M
20,Oaxaca,Oax.,001,Abejones,20001,17.435,-96.60666666666664,849,6.96,NO,760,362,47.63157894736842,52.36842105263158,48.0597014925373,66.0550458715596,58.2360570687419,6,10,7,15,14,7,253,10,7,16,0,24,286,33,Juntos Haremos Historia,286,69.88950276243094,JHH
20,Oaxaca,Oax.,002,Acatlan De Perez Figueroa,20002,18.53888888888889,-96.60555555555555,45219,7.08939393939394,NO,32526,24746,76.08067392240055,23.91932607759945,61.1537179059687,65.5792682926829,63.4655199872591,593,6360,372,112,191,190,15242,454,307,441,0,7328,15547,1202,Juntos Haremos Historia,15547,33.21344863816374,JHH
20,Oaxaca,Oax.,003,Animas Trujano,20003,16.988333333333333,-96.71277777777776,4488,10.8,SI,3325,1563,47.00751879699248,52.99248120300752,62.0520028109628,70.5005959475566,66.6236697839407,81,193,12,220,48,24,849,23,12,32,0,286,1118,67,Juntos Haremos Historia,1118,53.23096609085093,JHH
20,Oaxaca,Oax.,386,Santa Cruz Xoxocotlan,20386,17.02638888888889,-96.73333333333332,106115,10.787,SI,70855,42125,59.45240279443935,40.54759720556065,59.8902385971957,69.1650934092254,64.925350302882,1714,6121,1024,957,2206,856,18936,1092,475,7284,0,8863,22100,8851,Juntos Haremos Historia,22100,31.423145400593473,JHH
20,Oaxaca,Oax.,004,Asuncion Cacalotepec,20004,17.034722222222225,-95.95694444444445,2538,6.3133333333333335,NO,1769,775,43.81006218202374,56.18993781797626,55.8974358974359,63.4042553191489,60,8,53,13,40,262,42,279,16,9,10,0,76,583,35,Juntos Haremos Historia,583,65.41935483870968,JHH
20,Oaxaca,Oax.,005,Asuncion Cuyotepeji,20005,17.93027777777778,-97.67333333333332,1107,7.79,NO,864,661,76.50462962962963,23.495370370370367,81.2664907651715,86.4693446088795,84.1549295774648,200,148,6,53,8,7,156,5,5,9,0,356,218,19,Va por México,356,20.87745839636914,V x M
20,Oaxaca,Oax.,006,Asuncion Ixtaltepec,20006,16.501944444444444,-95.05916666666668,15343,8.288571428571428,NO,12223,9092,74.38435735907714,25.615642640922857,66.2029881504379,69.3153833524873,67.7941917072352,72,4229,101,64,345,55,3823,53,67,104,0,4406,4234,224,Va por México,4406,1.891772987241531,V x M
20,Oaxaca,Oax.,007,Asuncion Nochixtlan,20007,17.45722222222222,-97.225,20459,8.04,NO,14260,9188,64.43197755960729,35.56802244039271,65.6950294860994,74.4863964464187,70.5152599132354,1244,987,496,577,759,432,3577,107,320,313,0,2731,4913,740,Juntos Haremos Historia,4913,23.74836743578581,JHH
20,Oaxaca,Oax.,008,Asuncion Ocotlan,20008,16.75888888888889,-96.72083333333332,2391,4.803333333333334,NO,2520,1548,61.42857142857143,38.57142857142857,54.0280210157618,71.1272727272727,63.3690901867302,84,56,9,288,113,11,298,18,20,487,0,152,702,525,Juntos Haremos Historia,702,11.434108527131784,JHH
20,Oaxaca,Oax.,009,Asuncion Tlacolulita,20009,16.299444444444447,-95.72583333333334,734,6.59,NO,623,397,63.7239165329053,36.2760834670947,66.9811320754717,62.1875,64.576802507837,2,50,0,4,26,5,296,5,1,1,0,52,326,7,Juntos Haremos Historia,326,69.0176322418136,JHH
20,Oaxaca,Oax.,010,Ayoquezco De Aldama,20010,16.685,-96.84305555555557,4874,6.2625,NO,4020,1454,36.16915422885573,63.83084577114427,49.488422186322,60.8267716535433,55.4127024942145,101,46,18,65,148,17,895,36,23,15,0,168,1108,74,Juntos Haremos Historia,1108,64.64924346629986,JHH
20,Oaxaca,Oax.,011,Ayotzintepec,20011,17.67361111111111,-96.12777777777777,6170,6.58,NO,4094,2846,69.51636541279922,30.483634587200783,57.3880284637924,63.8512204571871,60.7444668008048,42,503,87,23,158,74,1388,303,66,21,0,633,1572,390,Juntos Haremos Historia,1572,32.993675333801825,JHH
20,Oaxaca,Oax.,012,El Barrio De La Soledad,20012,16.80388888888889,-95.1122222222222,13410,8.75,NO,10408,6232,59.87701767870869,40.12298232129131,57.4108431251288,60.5002800074669,59.032131661442,165,1856,67,58,67,60,3566,65,61,134,0,2091,3692,260,Juntos Haremos Historia,3692,25.689987163029524,JHH
20,Oaxaca,Oax.,013,Calihuala,20013,17.530555555555555,-98.27833333333334,918,5.153333333333333,NO,920,258,28.043478260869563,71.95652173913044,40.8163265306122,48.3069977426637,44.5701357466063,2,56,8,2,10,1,148,17,1,0,0,67,160,18,Juntos Haremos Historia,160,36.04651162790697,JHH
20,Oaxaca,Oax.,014,Candelaria Loxicha,20014,15.925555555555556,-96.49166666666667,11360,5.6571428571428575,NO,7303,3401,46.56990277967958,53.43009722032042,54.336338203295,64.9062049062049,59.8174199341515,111,931,47,62,100,51,1462,96,86,41,0,1091,1624,223,Juntos Haremos Historia,1624,15.671861217289033,JHH
20,Oaxaca,Oax.,015,Chahuites,20015,16.28666666666667,-94.19555555555556,11350,7.48,NO,8357,5229,62.570300347014474,37.429699652985526,60.0780234070221,70.522030651341,65.5155217553921,83,423,64,990,726,93,2615,37,43,32,0,571,4334,112,Juntos Haremos Historia,4334,71.96404666284184,JHH
20,Oaxaca,Oax.,016,Chalcatongo De Hidalgo,20016,17.029166666666665,-97.56944444444444,8920,7.497142857142857,NO,6605,4309,65.23845571536715,34.76154428463285,66.334592923394,71.4326978625072,69.1040326376903,71,327,381,128,821,72,1997,82,35,101,0,782,2946,218,Juntos Haremos Historia,2946,50.220468786261314,JHH
20,Oaxaca,Oax.,017,Cienega De Zimatlan,20017,16.896944444444443,-96.76666666666668,3043,7.859999999999999,NO,2505,1784,71.21756487025948,28.78243512974052,73.1107205623902,81.136543014996,77.3388773388773,39,593,72,41,400,19,476,13,21,17,0,707,918,51,Juntos Haremos Historia,918,11.827354260089686,JHH
20,Oaxaca,Oax.,018,Coatecas Altas,20018,16.535833333333336,-96.67472222222224,5932,4.555,NO,4249,1895,44.59872911273241,55.40127088726759,49.2687846696924,68.0363115145724,58.9057899901864,277,412,55,76,135,42,614,60,53,26,0,747,825,139,Juntos Haremos Historia,825,4.116094986807388,JHH
20,Oaxaca,Oax.,019,Coicoyan De Las Flores,20019,17.272222222222222,-98.275,9266,3.705,NO,5591,1283,22.94759434805938,77.05240565194062,35.6552024379626,45.2109845947756,41.0562180579216,26,142,144,55,172,49,324,49,79,47,0,314,551,175,Juntos Haremos Historia,551,18.472330475448167,JHH
20,Oaxaca,Oax.,020,La Compañia,20020,16.5575,-96.81972222222224,3640,5.7875,NO,2777,1249,44.97659344616493,55.02340655383507,53.8819875776398,69.3921852387844,61.9101123595506,58,423,19,75,84,11,460,23,30,8,0,503,619,61,Juntos Haremos Historia,619,9.287429943955164,JHH
20,Oaxaca,Oax.,021,Concepcion Buenavista,20021,17.87777777777778,-97.39944444444446,633,6.359999999999999,NO,561,311,55.43672014260249,44.56327985739751,53.515625,56.0283687943262,54.8327137546468,3,49,8,10,80,2,132,7,2,7,0,61,224,16,Juntos Haremos Historia,224,52.41157556270097,JHH
20,Oaxaca,Oax.,022,Concepcion Papalo,20022,17.841666666666665,-96.88055555555556,2754,5.5024999999999995,NO,2112,1253,59.32765151515152,40.67234848484848,55.1954242135367,61.5023474178404,58.3727530747398,31,435,61,17,21,12,575,29,30,20,0,527,613,79,Juntos Haremos Historia,613,6.863527533918595,JHH
20,Oaxaca,Oax.,023,Constancia Del Rosario,20023,17.03888888888889,-97.94027777777778,6260,5.986666666666666,NO,3170,1491,47.034700315457414,52.965299684542586,59.5256312165264,68.3787128712871,64.4201163188505,7,40,13,13,42,22,1263,24,10,17,0,61,1318,51,Juntos Haremos Historia,1318,84.30583501006036,JHH
20,Oaxaca,Oax.,024,Cosolapa,20024,18.601944444444445,-96.6827777777778,14581,7.906,NO,10082,8169,81.0255901606824,18.9744098393176,65.8374055975122,72.6325581395349,69.5352839931153,333,4682,199,92,70,113,1913,39,38,27,0,5218,2078,104,Va por México,5218,38.43799730689191,V x M
20,Oaxaca,Oax.,025,Cosoltepec,20025,18.141666666666666,-97.79027777777776,804,7.116666666666667,NO,662,372,56.19335347432024,43.80664652567976,68.1672025723473,65.0666666666667,66.4723032069971,6,80,7,11,12,4,225,6,3,2,0,95,250,11,Juntos Haremos Historia,250,41.666666666666664,JHH
20,Oaxaca,Oax.,026,Cuilapam De Guerrero,20026,16.997222222222224,-96.78166666666668,25989,9.438571428571429,NO,17930,12333,68.78416062465142,31.21583937534858,62.6947253347909,72.5310813980765,67.9878818480182,739,1312,222,979,517,1805,4889,236,817,339,0,2274,6389,1392,Juntos Haremos Historia,6389,33.36576664234168,JHH
20,Oaxaca,Oax.,027,Cuyamecalco Villa De Zaragoza,20027,17.96388888888889,-96.83055555555556,3707,4.2825,NO,2524,1183,46.87004754358162,53.12995245641838,49.3569131832797,62.7760252365931,56.1305732484076,35,401,33,27,25,19,509,41,23,12,0,471,561,76,Juntos Haremos Historia,561,7.607776838546069,JHH
20,Oaxaca,Oax.,028,Heroica Ciudad De Ejutla De Crespo,20028,16.563055555555557,-96.7325,22283,6.501578947368421,NO,17437,11969,68.64139473533292,31.358605264667077,60.2196382428941,70.2934124900103,65.5676101581914,4191,691,89,2680,248,101,3104,160,118,60,0,4972,6032,338,Juntos Haremos Historia,6032,8.856211880691788,JHH
20,Oaxaca,Oax.,029,Eloxochitlan De Flores Magon,20029,18.176111111111112,-96.87583333333332,3629,4.9225,NO,2689,1353,50.31610264038676,49.68389735961324,56.40802092415,61.569416498994,59.325246398787,30,681,18,19,42,8,382,14,13,41,0,729,443,68,Va por México,729,21.13821138211382,V x M
20,Oaxaca,Oax.,030,El Espinal,20030,16.484722222222224,-95.04166666666669,8545,10.997142857142856,NO,7034,5614,79.81234006255332,20.18765993744668,63.0849753694581,67.4287327123906,65.351200117803,125,1367,180,172,148,71,2987,243,20,172,0,1675,3308,435,Juntos Haremos Historia,3308,29.087994299964375,JHH
20,Oaxaca,Oax.,031,Fresnillo De Trujano,20031,17.9075,-98.13611111111112,1104,5.6850000000000005,NO,823,599,72.78250303766707,27.21749696233293,31.8987341772152,36.5155131264916,34.2751842751843,12,56,126,12,5,7,174,9,2,173,0,195,191,184,Va por México,195,0.667779632721202,V x M
20,Oaxaca,Oax.,032,Guadalupe De Ramirez,20032,17.755,-98.16416666666667,1439,6.3,NO,1109,727,65.55455365193869,34.44544634806131,63.9252336448598,73.3212341197822,68.6924493554328,26,227,6,14,14,2,386,13,6,2,0,262,414,21,Juntos Haremos Historia,414,20.90784044016506,JHH
20,Oaxaca,Oax.,033,Guadalupe Etla,20033,17.170555555555556,-96.81027777777776,3636,10.2,NO,2175,705,32.41379310344827,67.58620689655173,58.2869855394883,64.7482014388489,61.8597712580806,25,90,11,18,19,15,477,11,4,13,0,128,514,28,Juntos Haremos Historia,514,54.751773049645394,JHH
20,Oaxaca,Oax.,034,Guelatao De Juarez,20034,17.318055555555556,-96.49305555555556,604,11.48,NO,426,249,58.45070422535211,41.54929577464789,62.6865671641791,71.3675213675214,67.3563218390805,5,27,4,2,6,7,172,3,3,6,0,36,180,12,Juntos Haremos Historia,180,57.83132530120482,JHH
20,Oaxaca,Oax.,035,Guevea De Humboldt,20035,16.7925,-95.36861111111112,5219,6.13,NO,3947,1859,47.09906257917405,52.90093742082595,43.1635388739946,45.065963060686,44.1223404255319,26,686,40,6,16,16,955,32,24,7,0,754,980,63,Juntos Haremos Historia,980,12.157073695535233,JHH
20,Oaxaca,Oax.,036,Mesones Hidalgo,20036,16.91444444444444,-97.96611111111112,4474,5.263333333333334,NO,3458,1268,36.66859456333141,63.33140543666859,40.6064601186552,49.5173197047132,45.3935326418548,17,179,35,78,23,21,689,48,47,37,0,233,790,132,Juntos Haremos Historia,790,43.927444794952685,JHH
20,Oaxaca,Oax.,037,Heroica Ciudad De Huajuapan De Leon,20037,17.80388888888889,-97.77583333333334,77392,9.002571428571429,NO,59733,29656,49.64759847990224,50.35240152009776,52.9190426315994,62.6396878926139,58.1668897813476,5440,4671,366,2321,1422,547,11951,275,857,907,0,10480,15695,2039,Juntos Haremos Historia,15695,17.5849743728082,JHH
20,Oaxaca,Oax.,038,Huautepec,20038,18.101111111111113,-96.79694444444443,6419,4.3975,NO,4329,3561,82.25918225918227,17.740817740817732,84.766050054407,88.538283062645,86.801903330829,11,1190,10,6,50,22,1911,23,223,39,0,1213,1967,285,Juntos Haremos Historia,1967,21.173827576523447,JHH
20,Oaxaca,Oax.,039,Huautla De Jimenez,20039,18.130555555555556,-96.84305555555557,31014,5.922631578947368,NO,22172,16221,73.15984124120513,26.84015875879487,74.7661586967945,78.8834751011644,77.0717721050684,416,3055,4554,93,1132,191,5459,220,209,246,0,8028,6684,675,Va por México,8028,8.28555576105049,V x M
20,Oaxaca,Oax.,040,Ixpantepec Nieves,20040,17.505555555555556,-98.04472222222222,1275,4.553333333333334,NO,1065,339,31.83098591549296,68.16901408450704,38.5567010309278,41.4383561643836,40.1309635173059,7,24,20,3,13,5,233,15,7,4,0,52,249,26,Juntos Haremos Historia,249,58.11209439528024,JHH
20,Oaxaca,Oax.,041,Ciudad Ixtepec,20041,16.56277777777778,-95.1,28078,9.630555555555556,NO,22476,14873,66.17280654920805,33.82719345079195,64.546009771987,70.6227758007118,67.7886441321686,302,4539,258,129,1145,351,7201,83,108,355,0,5100,8478,546,Juntos Haremos Historia,8478,22.712297451758218,JHH
20,Oaxaca,Oax.,042,Ixtlan De Juarez,20042,17.330555555555556,-96.48722222222224,8460,7.997142857142857,NO,5671,2765,48.75683301005114,51.24316698994886,58.1233036060489,67.5568386863948,63.0093457943925,52,396,37,64,77,60,1850,71,22,42,0,486,1994,135,Juntos Haremos Historia,1994,54.53887884267631,JHH
20,Oaxaca,Oax.,043,Heroica Ciudad De Juchitan De Zaragoza,20043,16.433333333333334,-95.01944444444445,113834,9.104117647058825,NO,74374,50008,67.2385511065695,32.7614488934305,56.8297433214151,62.0753177715203,59.5828729281768,1017,11707,1547,225,10506,823,17852,3938,483,557,0,14273,28585,4978,Juntos Haremos Historia,28585,28.619420892657175,JHH
20,Oaxaca,Oax.,044,Loma Bonita,20044,18.106944444444444,-95.88055555555556,40904,7.56375,NO,29555,18087,61.19776687531721,38.80223312468279,54.229414849779,61.0676749551397,57.9150979240786,608,3402,5556,368,222,444,5661,538,364,267,0,9568,6254,1169,Va por México,9568,18.322552109249738,V x M
20,Oaxaca,Oax.,045,Magdalena Apasco,20045,17.240833333333335,-96.82083333333333,8354,9.7875,SI,5673,2236,39.41477172571832,60.58522827428168,59.1944670463792,66.7484232655922,63.2530120481928,85,396,29,44,114,35,1363,28,13,60,0,513,1521,101,Juntos Haremos Historia,1521,45.08050089445438,JHH
20,Oaxaca,Oax.,046,Magdalena Jaltepec,20046,17.32111111111111,-97.22,3008,6.5225,NO,2389,859,35.95646714106321,64.0435328589368,43.0826369545033,45.3584905660377,44.338051623647,31,131,39,28,90,15,429,21,14,7,0,204,550,42,Juntos Haremos Historia,550,40.27939464493597,JHH
20,Oaxaca,Oax.,047,Magdalena Mixtepec,20047,16.89638888888889,-96.90694444444443,789,6.43,NO,838,496,59.188544152744626,40.811455847255374,57.4468085106383,80.4123711340206,69.109947643979,42,80,17,26,85,1,194,6,7,4,0,140,305,17,Juntos Haremos Historia,305,33.266129032258064,JHH
20,Oaxaca,Oax.,048,Magdalena Ocotlan,20048,16.71,-96.71138888888888,1208,7.62,NO,859,728,84.74970896391153,15.25029103608847,75.0656167979003,90.9090909090909,83.5566382460414,24,235,173,13,18,10,207,8,10,9,0,434,239,27,Va por México,434,26.785714285714285,V x M
20,Oaxaca,Oax.,049,Magdalena Peñasco,20049,17.234166666666667,-97.55277777777778,3906,5.666666666666667,NO,2759,1254,45.451250453062706,54.548749546937294,56.9525395503747,67.3281360737066,62.5574272588055,31,119,75,55,394,27,409,29,32,17,0,227,858,78,Juntos Haremos Historia,858,50.31897926634769,JHH
20,Oaxaca,Oax.,050,Magdalena Teitipac,20050,16.904444444444444,-96.55888888888887,4764,4.135,NO,3107,607,19.536530415191503,80.4634695848085,27.9788838612368,27.349319507453,27.6402927849425,7,51,13,17,35,7,427,17,9,2,0,74,480,28,Juntos Haremos Historia,480,66.88632619439868,JHH
20,Oaxaca,Oax.,051,Magdalena Tequisistlan,20051,16.399166666666666,-95.60333333333332,5553,7.886666666666667,NO,5530,4432,80.14466546112115,19.85533453887885,80.1855287569573,84.7936278059377,82.5178669598681,23,308,36,315,276,79,2867,34,128,200,0,370,3462,362,Juntos Haremos Historia,3462,69.7653429602888,JHH
20,Oaxaca,Oax.,052,Magdalena Tlacotepec,20052,16.503611111111113,-95.20222222222222,1297,8.23,NO,1185,1026,86.58227848101265,13.41772151898735,86.2934362934363,91.1504424778761,88.8273314866113,5,46,9,164,174,5,509,5,54,7,0,60,850,66,Juntos Haremos Historia,850,76.41325536062378,JHH
20,Oaxaca,Oax.,053,Magdalena Yodocono De Porfirio Diaz,20053,17.38111111111111,-97.3575,1682,7.99,NO,1124,368,32.74021352313167,67.25978647686833,48.6973947895792,55.4973821989529,52.3320895522388,11,75,4,22,56,8,142,28,5,4,0,93,221,37,Juntos Haremos Historia,221,34.78260869565217,JHH
20,Oaxaca,Oax.,054,Magdalena Zahuatlan,20054,17.388333333333332,-97.22805555555556,404,7.95,NO,327,142,43.425076452599384,56.574923547400616,59.4202898550725,53.9393939393939,56.4356435643564,1,17,6,6,7,4,91,1,2,3,0,24,104,6,Juntos Haremos Historia,104,56.33802816901409,JHH
20,Oaxaca,Oax.,055,Mariscala De Juarez,20055,17.859722222222224,-98.14083333333332,3739,6.501428571428572,NO,2873,1975,68.7434737208493,31.256526279150705,67.9699248120301,77.2501771793055,72.7471725647574,76,529,17,47,215,28,787,123,15,22,0,623,1049,160,Juntos Haremos Historia,1049,21.569620253164558,JHH
20,Oaxaca,Oax.,056,Martires De Tacubaya,20056,16.536944444444448,-98.25111111111111,1446,6.97,NO,1145,948,82.79475982532752,17.205240174672483,29.5049504950495,26.6304347826087,28.003784295175,5,289,10,1,7,132,278,5,14,179,0,307,286,198,Va por México,307,2.2151898734177213,V x M
20,Oaxaca,Oax.,057,Matias Romero Avendaño,20057,16.872222222222224,-95.04166666666669,41198,8.2096,NO,29683,17023,57.34932452919179,42.65067547080821,51.5942028985507,58.4886195112515,55.2424170050155,1726,3358,173,406,1878,266,7903,277,177,405,0,5261,10190,859,Juntos Haremos Historia,10190,28.954943311989663,JHH
20,Oaxaca,Oax.,058,Mazatlan Villa De Flores,20058,18.031666666666663,-96.91361111111112,12603,5.157,NO,8528,4041,47.38508442776735,52.61491557223265,57.3323131854119,62.2823529411765,59.906988128748,207,1387,121,64,133,53,1551,113,80,69,0,1718,1748,262,Juntos Haremos Historia,1748,0.7423904974016332,JHH
20,Oaxaca,Oax.,059,Miahuatlan De Porfirio Diaz,20059,16.328333333333333,-96.5961111111111,51881,7.260454545454546,NO,35347,20539,58.10677002291567,41.89322997708433,55.7509443793148,66.0220525869381,61.2488271436787,1363,4097,370,785,1117,511,9607,339,287,681,0,5832,11509,1307,Juntos Haremos Historia,11509,27.640099323238715,JHH
20,Oaxaca,Oax.,060,Mixistlan De La Reforma,20060,17.145833333333332,-96.1125,3120,5.9,NO,1765,669,37.903682719546744,62.096317280453256,55.1637279596977,65.9737417943107,60.9484777517564,12,137,7,21,82,11,336,17,3,13,0,156,442,33,Juntos Haremos Historia,442,42.75037369207773,JHH
20,Oaxaca,Oax.,061,Monjas,20061,16.3675,-96.6363888888889,1638,3.245,NO,2320,964,41.55172413793103,58.44827586206897,31.3896987366375,41.2371134020619,36.6165070679435,52,199,13,57,44,31,370,31,22,28,0,267,471,81,Juntos Haremos Historia,471,21.16182572614108,JHH
20,Oaxaca,Oax.,062,Natividad,20062,17.29638888888889,-96.43194444444444,487,8.6,NO,392,221,56.37755102040817,43.62244897959183,60.5882352941176,75.6756756756757,69.1326530612245,8,45,16,3,2,9,125,1,0,0,0,69,131,1,Juntos Haremos Historia,131,28.054298642533936,JHH
20,Oaxaca,Oax.,063,Nazareno Etla,20063,17.178333333333335,-96.82388888888887,4184,10.72,SI,3422,1295,37.84336645236704,62.15663354763296,63.302752293578,69.1244239631336,66.4009809932557,34,142,11,18,64,29,918,15,8,11,0,189,1000,34,Juntos Haremos Historia,1000,62.625482625482626,JHH
20,Oaxaca,Oax.,064,Nejapa De Madero,20064,16.60777777777778,-95.97833333333334,8344,7.30375,NO,5815,2801,48.16852966466036,51.83147033533964,49.7559143822756,53.3544081489287,51.6152450090744,73,565,37,48,501,25,1392,29,23,12,0,678,1943,64,Juntos Haremos Historia,1943,45.16244198500536,JHH
20,Oaxaca,Oax.,065,Nuevo Zoquiapam,20065,17.289444444444445,-96.62055555555555,1688,7.35,NO,1221,360,29.484029484029485,70.51597051597051,49.4584837545126,56.5916398713826,53.2312925170068,11,10,4,4,13,7,288,8,3,4,0,25,306,15,Juntos Haremos Historia,306,78.05555555555556,JHH
20,Oaxaca,Oax.,066,Oaxaca De Juarez,20066,17.067777777777778,-96.72,269676,11.775350318471338,SI,227565,117495,51.63140201700613,48.36859798299387,60.0844324046428,66.5768216287504,63.6250033713017,9411,27701,1397,1904,4746,3623,53832,5015,1985,4415,0,38512,60484,11415,Juntos Haremos Historia,60484,18.700370228520363,JHH
20,Oaxaca,Oax.,067,Ocotlan De Morelos,20067,16.79138888888889,-96.675,22648,8.264666666666667,NO,17576,11036,62.790168411470184,37.209831588529816,64.9940103820045,74.2361589708247,69.954991059868,869,1052,240,1734,989,403,3847,201,135,974,0,2165,6572,1310,Juntos Haremos Historia,6572,39.93294671982602,JHH
20,Oaxaca,Oax.,068,La Pe,20068,16.629722222222224,-96.79916666666666,3154,6.19,NO,1973,934,47.33907754688292,52.66092245311708,36.7149758454106,66.9117647058823,52.8651685393258,101,420,24,21,12,7,263,12,15,3,0,549,296,30,Va por México,549,27.08779443254818,V x M
20,Oaxaca,Oax.,069,Pinotepa De Don Luis,20069,16.42777777777778,-97.97694444444444,6438,7.106,NO,4751,3598,75.73142496316565,24.26857503683435,74.4930148715638,84.286319356205,79.5414847161572,14,1341,40,15,1018,15,966,18,49,15,0,1397,2000,82,Juntos Haremos Historia,2000,16.759310728182324,JHH
20,Oaxaca,Oax.,070,Pluma Hidalgo,20070,15.925833333333332,-96.4177777777778,3875,6.1075,NO,2490,1110,44.57831325301205,55.42168674698795,65.9265584970111,71.611253196931,68.7713310580205,50,266,22,54,173,14,398,29,40,12,0,340,625,81,Juntos Haremos Historia,625,25.675675675675677,JHH
20,Oaxaca,Oax.,071,Putla Villa De Guerrero,20071,17.02583333333333,-97.92916666666667,32539,8.007777777777777,NO,24608,14964,60.80949284785435,39.19050715214565,60.0571428571428,70.128235386673,65.5723579337383,261,1229,322,1025,1034,317,8410,323,219,820,0,1816,10469,1362,Juntos Haremos Historia,10469,57.825447741245654,JHH
20,Oaxaca,Oax.,072,Reforma De Pineda,20072,16.398333333333333,-94.45805555555556,2646,7.515000000000001,NO,2308,0,0,100,83.5282651072125,83.7522441651706,83.6448598130841,0,0,0,0,0,0,0,0,0,0,0,0,0,0,Sin votación,0,NA,Empate
20,Oaxaca,Oax.,073,La Reforma,20073,16.6225,-97.84388888888888,3614,7.256666666666667,NO,2534,955,37.68745067087608,62.31254932912392,48.0461811722913,57.2493786246893,52.8075439348478,12,102,22,11,29,18,644,18,19,31,0,138,686,68,Juntos Haremos Historia,686,57.382198952879584,JHH
20,Oaxaca,Oax.,074,Reyes Etla,20074,17.205,-96.81027777777776,4164,9.35,NO,2963,1157,39.04826189672629,60.95173810327371,52.3371647509579,61.5639496355202,57.2850035536603,48,217,19,26,29,35,705,14,3,20,0,286,760,37,Juntos Haremos Historia,760,40.96802074330164,JHH
20,Oaxaca,Oax.,075,Rojas De Cuauhtemoc,20075,17.00611111111111,-96.61666666666666,1682,8.8,NO,939,447,47.6038338658147,52.3961661341853,62.8440366972477,70.6382978723404,66.887417218543,4,92,13,9,54,11,219,22,0,5,0,110,284,27,Juntos Haremos Historia,284,38.92617449664429,JHH
20,Oaxaca,Oax.,076,Salina Cruz,20076,16.1825,-95.19583333333334,84573,10.093953488372094,SI,66216,38281,57.81231122387338,42.18768877612662,56.6053511705686,61.2928209711052,59.0846069008981,935,4640,344,1298,1244,1337,25566,528,388,1058,0,5922,28110,1974,Juntos Haremos Historia,28110,57.96086831587471,JHH
20,Oaxaca,Oax.,077,San Agustin Amatengo,20077,16.510277777777777,-96.78916666666666,1593,5.695,NO,1294,1021,78.90262751159196,21.09737248840804,34.6551724137931,37.9821958456973,36.4433811802233,120,207,32,52,170,14,265,8,27,7,0,363,487,42,Juntos Haremos Historia,487,12.144955925563174,JHH
20,Oaxaca,Oax.,078,San Agustin Atenango,20078,17.610277777777778,-98.015,1891,5.199999999999999,NO,1582,832,52.591656131479134,47.408343868520866,52.0451339915374,64.7990255785627,58.8888888888889,9,249,44,6,19,14,402,18,20,2,0,305,427,40,Juntos Haremos Historia,427,14.663461538461538,JHH
20,Oaxaca,Oax.,079,San Agustin Chayuco,20079,16.40138888888889,-97.80694444444444,4559,7.023333333333333,NO,3122,1417,45.38757206918642,54.61242793081358,59.0812720848057,71.7900063251107,65.7877169559412,14,321,167,17,62,12,605,49,102,20,0,503,684,171,Juntos Haremos Historia,684,12.773465067043048,JHH
20,Oaxaca,Oax.,080,San Agustin De Las Juntas,20080,17.011111111111113,-96.71166666666667,11219,10.275,SI,7469,2733,36.59124380773866,63.40875619226134,56.2878064310729,64.4923425978446,60.6269686515674,168,411,29,370,115,55,1329,62,23,70,0,611,1818,155,Juntos Haremos Historia,1818,44.16392242956458,JHH
20,Oaxaca,Oax.,081,San Agustin Etla,20081,17.189444444444444,-96.76416666666668,4402,10.614999999999998,NO,3328,1476,44.35096153846153,55.64903846153847,63.9077340569878,68.3333333333333,66.2650602409639,58,171,9,22,40,21,812,13,15,244,0,241,874,272,Juntos Haremos Historia,874,40.78590785907859,JHH
20,Oaxaca,Oax.,082,San Agustin Loxicha,20082,16.015555555555554,-96.61638888888888,25762,5.933076923076923,NO,17130,9243,53.957968476357266,46.042031523642734,53.2071503680337,62.2812239552328,57.9683888298869,215,3392,154,195,145,153,3853,376,216,164,0,3764,4193,756,Juntos Haremos Historia,4193,4.641350210970464,JHH
20,Oaxaca,Oax.,083,San Agustin Tlacotepec,20083,17.2,-97.51805555555556,1032,8.47,NO,691,340,49.2040520984081,50.7959479015919,58.2456140350877,60.3674540682415,59.4594594594595,5,23,17,6,116,6,136,10,1,4,0,45,258,15,Juntos Haremos Historia,258,62.64705882352941,JHH
20,Oaxaca,Oax.,084,San Agustin Yatareni,20084,17.080555555555556,-96.66805555555555,5553,8.54,SI,3354,672,20.03577817531306,79.96422182468694,30.730659025788,36.796285548462,34.081436357807,71,97,7,10,54,46,300,41,17,14,0,176,366,72,Juntos Haremos Historia,366,28.273809523809526,JHH
20,Oaxaca,Oax.,085,San Andres Cabecera Nueva,20085,16.888333333333332,-97.68055555555556,2937,6.28,NO,2076,1550,74.66281310211946,25.337186897880542,74.0220661985958,81.4814814814815,77.7555110220441,11,491,12,15,376,7,365,10,8,190,0,517,756,208,Juntos Haremos Historia,756,15.419354838709678,JHH
20,Oaxaca,Oax.,086,San Andres Dinicuiti,20086,17.68888888888889,-97.72638888888888,2308,6.1466666666666665,NO,1755,1134,64.61538461538461,35.38461538461539,62.9987908101572,75.802752293578,69.5703354914656,20,368,206,11,33,7,398,14,11,24,0,597,444,49,Va por México,597,13.492063492063492,V x M
20,Oaxaca,Oax.,087,San Andres Huaxpaltepec,20087,16.328333333333333,-97.91611111111112,6234,7.94,NO,4563,3286,72.01402586017971,27.98597413982029,60.5428986912264,69.6413321947054,65.3802497162316,43,815,55,381,690,30,1035,16,30,93,0,915,2109,139,Juntos Haremos Historia,2109,36.335970785149115,JHH
20,Oaxaca,Oax.,088,San Andres Huayapam,20088,17.101666666666667,-96.665,6215,12.075,SI,4100,1759,42.90243902439024,57.09756097560976,50.2026635784598,56.0077519379845,53.3632286995516,203,416,22,16,86,67,731,90,29,46,0,641,838,165,Juntos Haremos Historia,838,11.199545196134167,JHH
20,Oaxaca,Oax.,089,San Andres Ixtlahuaca,20089,17.070833333333333,-96.825,2104,7.93,NO,1300,519,39.92307692307692,60.07692307692308,52,60.1449275362319,56.4426877470356,33,62,7,10,51,9,300,17,5,4,0,104,363,26,Juntos Haremos Historia,363,49.90366088631985,JHH
20,Oaxaca,Oax.,090,San Andres Lagunas,20090,17.57361111111111,-97.52277777777778,518,7.01,NO,397,173,43.57682619647355,56.42317380352645,55.6179775280899,54.6341463414634,55.0913838120104,1,23,0,1,1,3,130,4,2,3,0,25,133,9,Juntos Haremos Historia,133,62.42774566473989,JHH
20,Oaxaca,Oax.,091,San Andres Nuxiño,20091,17.2375,-97.10555555555555,1920,7.31,NO,1405,459,32.669039145907476,67.33096085409252,49.5826377295492,53.3057851239669,51.622641509434,23,185,12,14,19,9,156,12,9,1,0,221,191,22,Va por México,221,6.5359477124183005,V x M
20,Oaxaca,Oax.,092,San Andres Paxtlan,20092,16.21527777777778,-96.50694444444444,4597,5.753333333333334,NO,3210,1158,36.074766355140184,63.925233644859816,48.3286908077994,53.8759689922481,51.2064343163539,42,555,17,51,28,18,249,27,22,22,0,615,328,71,Va por México,615,24.784110535405873,V x M
20,Oaxaca,Oax.,093,San Andres Sinaxtla,20093,17.465833333333332,-97.27944444444444,802,9.36,NO,584,328,56.16438356164384,43.83561643835616,63.1782945736434,70.7641196013289,67.262969588551,16,42,10,10,19,11,189,3,4,10,0,71,219,17,Juntos Haremos Historia,219,45.1219512195122,JHH
20,Oaxaca,Oax.,094,San Andres Solaga,20094,17.270833333333332,-96.23472222222222,1770,6.38,NO,1300,389,29.923076923076923,70.07692307692308,54.3441226575809,53.2407407407407,53.7651821862348,5,24,14,11,14,4,282,11,2,4,0,43,308,17,Juntos Haremos Historia,308,68.12339331619538,JHH
20,Oaxaca,Oax.,095,San Andres Teotilalpam,20095,17.954166666666666,-96.65555555555557,4023,6.26,NO,2808,1776,63.24786324786324,36.75213675213676,65.7774390243902,70.6245710363761,68.3279162152402,49,432,17,19,11,20,1035,60,59,15,0,498,1065,134,Juntos Haremos Historia,1065,31.925675675675677,JHH
20,Oaxaca,Oax.,096,San Andres Tepetlapa,20096,17.665,-98.39083333333332,415,4.9,NO,314,94,29.936305732484076,70.06369426751593,39.8648648648649,52.6881720430108,47.0059880239521,1,12,1,1,7,0,58,2,6,1,0,14,66,9,Juntos Haremos Historia,66,55.319148936170215,JHH
20,Oaxaca,Oax.,097,San Andres Yaa,20097,17.291666666666668,-96.15305555555555,393,5.18,NO,326,208,63.80368098159509,36.19631901840491,65.3061224489796,62.5,63.7462235649547,1,7,3,1,8,2,173,6,2,0,0,11,184,8,Juntos Haremos Historia,184,83.17307692307692,JHH
20,Oaxaca,Oax.,098,San Andres Zabache,20098,16.599166666666665,-96.85888888888888,715,5.56,NO,642,291,45.32710280373832,54.67289719626168,55.3691275167785,70.9677419354839,63.6932707355243,55,24,2,45,37,1,92,5,7,1,0,84,174,13,Juntos Haremos Historia,174,30.927835051546392,JHH
20,Oaxaca,Oax.,099,San Andres Zautla,20099,17.18611111111111,-96.86305555555556,5204,9.58,NO,3183,2067,64.93873704052781,35.06126295947219,57.673090649536,63.9571518588532,61.0107095046854,19,587,29,19,27,18,1179,21,11,95,0,637,1225,127,Juntos Haremos Historia,1225,28.447024673439767,JHH
20,Oaxaca,Oax.,100,San Antonino Castillo Velasco,20100,16.803055555555556,-96.68388888888887,6630,7.4,NO,4395,2686,61.11490329920364,38.88509670079636,66.1421319796954,68.585237258348,67.4517192651908,63,744,27,86,409,23,1030,27,15,131,0,836,1528,173,Juntos Haremos Historia,1528,25.763216679076695,JHH
20,Oaxaca,Oax.,101,San Antonino El Alto,20101,16.814722222222223,-97.02888888888889,2206,7.51,NO,1854,782,42.17907227615966,57.82092772384034,55.4054054054054,67.7947598253275,61.9653179190751,55,104,16,57,63,10,407,24,12,7,0,175,531,43,Juntos Haremos Historia,531,45.52429667519181,JHH
20,Oaxaca,Oax.,102,San Antonino Monte Verde,20102,17.53222222222222,-97.72083333333332,7673,6.785,NO,5465,2950,53.97987191216834,46.02012808783166,50.965250965251,69.1633175009134,60.7932123125493,48,1068,50,41,368,20,1116,53,29,17,0,1170,1525,99,Juntos Haremos Historia,1525,12.033898305084746,JHH
20,Oaxaca,Oax.,103,San Antonio Acutla,20103,17.74361111111111,-97.49888888888889,249,6.6,NO,205,137,66.82926829268293,33.170731707317074,67.6767676767677,62.8318584070796,65.0943396226415,2,6,1,1,7,2,106,4,2,1,0,9,116,7,Juntos Haremos Historia,116,78.10218978102189,JHH
20,Oaxaca,Oax.,104,San Antonio De La Cal,20104,17.028333333333332,-96.70055555555555,26779,9.898,SI,17406,5147,29.57026312765713,70.42973687234287,54.3831386763324,61.2629161882893,58.0914660560678,261,629,64,85,465,159,2761,289,51,155,0,958,3312,495,Juntos Haremos Historia,3312,45.73537983291238,JHH
20,Oaxaca,Oax.,105,San Antonio Huitepec,20105,16.92666666666667,-97.14694444444446,2985,7.466666666666667,NO,2147,1253,58.360503027480206,41.639496972519794,61.9294605809129,69.3430656934307,66.0901228948566,56,26,32,143,183,10,719,31,14,6,0,115,1045,51,Juntos Haremos Historia,1045,74.22186751795691,JHH
20,Oaxaca,Oax.,106,San Antonio Nanahuatipam,20106,18.135555555555555,-97.12583333333332,1393,8.89,NO,1028,598,58.17120622568094,41.82879377431906,68.5884691848907,80.7157057654075,74.6520874751491,14,93,7,2,9,4,459,4,2,2,0,115,470,8,Juntos Haremos Historia,470,59.364548494983275,JHH
20,Oaxaca,Oax.,107,San Antonio Sinicahua,20107,17.15,-97.56666666666666,1586,6.48,NO,1122,475,42.33511586452763,57.66488413547237,51.7621145374449,68.935427574171,61.3437195715677,12,101,18,29,171,4,104,8,2,3,0,132,304,13,Juntos Haremos Historia,304,36.21052631578947,JHH
20,Oaxaca,Oax.,108,San Antonio Tepetlapa,20108,16.54138888888889,-98.06555555555556,4944,6.795,NO,2980,650,21.812080536912752,78.18791946308724,23.0828814872192,28.5714285714286,26.0435247948626,19,77,36,12,62,10,322,18,52,8,0,133,396,78,Juntos Haremos Historia,396,40.46153846153846,JHH
20,Oaxaca,Oax.,109,San Baltazar Chichicapam,20109,16.761111111111113,-96.48944444444444,2576,7.07,NO,2259,1826,80.83222664895972,19.16777335104028,83.4630350194553,90.0414937759336,87.012987012987,11,385,18,36,909,13,308,26,20,18,0,415,1253,64,Juntos Haremos Historia,1253,45.89266155531216,JHH
20,Oaxaca,Oax.,110,San Baltazar Loxicha,20110,16.071944444444444,-96.79027777777776,3174,6.45,NO,2190,839,38.31050228310502,61.68949771689498,61.4141414141414,72.3021582733813,67.174119885823,11,196,10,7,19,22,463,23,11,30,0,220,489,64,Juntos Haremos Historia,489,32.06197854588796,JHH
20,Oaxaca,Oax.,111,San Baltazar Yatzachi El Bajo,20111,17.226388888888888,-96.22027777777778,674,6.243333333333333,NO,537,256,47.67225325884544,52.32774674115456,56.734693877551,54.9180327868852,55.8282208588957,0,9,5,2,11,2,213,5,3,0,0,14,229,8,Juntos Haremos Historia,229,83.984375,JHH
20,Oaxaca,Oax.,112,San Bartolo Coyotepec,20112,16.958055555555553,-96.7075,11895,10.296666666666669,SI,7262,2898,39.90636188377857,60.09363811622143,57.2496749024707,64.2896627971255,61.0546758291007,183,483,40,103,116,53,1668,53,30,77,0,709,1888,160,Juntos Haremos Historia,1888,40.683229813664596,JHH
20,Oaxaca,Oax.,113,San Bartolo Soyaltepec,20113,17.590277777777775,-97.30694444444444,540,3.28,NO,516,262,50.775193798449614,49.224806201550386,62.7118644067797,52.2556390977444,57.1713147410359,5,25,6,8,34,0,160,2,0,5,0,38,203,7,Juntos Haremos Historia,203,62.97709923664122,JHH
20,Oaxaca,Oax.,114,San Bartolo Yautepec,20114,16.428333333333335,-95.97361111111113,653,7.65,NO,507,329,64.89151873767258,35.108481262327416,67.3469387755102,61.9771863117871,64.5669291338583,10,74,1,3,18,2,198,7,3,1,0,85,221,11,Juntos Haremos Historia,221,41.33738601823708,JHH
20,Oaxaca,Oax.,115,San Bartolome Ayautla,20115,18.030555555555555,-96.66583333333334,4131,4.7700000000000005,NO,2875,2341,81.42608695652174,18.573913043478257,80.6477093206951,86.9333333333333,84.056399132321,64,421,13,242,253,20,467,296,27,93,0,498,962,416,Juntos Haremos Historia,962,19.820589491670226,JHH
20,Oaxaca,Oax.,116,San Bartolome Loxicha,20116,15.96888888888889,-96.70833333333334,2172,6.18,NO,1524,585,38.38582677165354,61.61417322834646,46.4673913043478,57.7017114914425,52.3809523809524,15,100,7,13,53,4,320,22,18,4,0,123,386,44,Juntos Haremos Historia,386,44.957264957264954,JHH
20,Oaxaca,Oax.,117,San Bartolome Quialana,20117,16.900555555555552,-96.50083333333332,2346,5.16,NO,2202,579,26.294277929155314,73.70572207084469,23.804347826087,32.8914664457332,28.96097790315,30,119,10,19,33,71,222,20,8,6,0,161,276,34,Juntos Haremos Historia,276,19.86183074265976,JHH
20,Oaxaca,Oax.,118,San Bartolome Yucuañe,20118,17.23888888888889,-97.45,735,7.64,NO,300,166,55.333333333333336,44.666666666666664,54.7008547008547,67.0807453416149,61.8705035971223,3,20,5,5,14,3,102,7,2,1,0,28,121,10,Juntos Haremos Historia,121,56.024096385542165,JHH
20,Oaxaca,Oax.,119,San Bartolome Zoogocho,20119,17.2375,-96.24333333333334,475,7.16,NO,279,68,24.372759856630825,75.62724014336918,60.5263157894737,51.25,55.1094890510949,1,3,6,3,5,2,40,1,1,0,0,11,49,2,Juntos Haremos Historia,49,55.88235294117647,JHH
20,Oaxaca,Oax.,120,San Bernardo Mixtepec,20120,16.82472222222222,-96.89888888888888,2764,6.859999999999999,NO,2190,1028,46.94063926940639,53.05936073059361,50.3759398496241,60.1826484018265,55.349698934692,102,86,20,199,89,13,447,17,8,2,0,212,735,27,Juntos Haremos Historia,735,50.87548638132296,JHH
20,Oaxaca,Oax.,121,San Blas Atempa,20121,16.32638888888889,-95.22555555555556,20330,6.385,SI,15012,11944,79.56301625366373,20.436983746336267,72.9447149813807,79.7205699266842,76.3915276898177,155,3823,293,78,410,64,6447,96,255,92,0,4274,6936,443,Juntos Haremos Historia,6936,22.28734092431346,JHH
20,Oaxaca,Oax.,122,San Carlos Yautepec,20122,16.495555555555555,-96.10555555555555,11954,6.5600000000000005,NO,7739,3938,50.88512727742602,49.11487272257398,57.3058725299193,61.2808145766345,59.3310580204778,192,1061,84,100,673,32,1495,80,34,19,0,1340,2272,133,Juntos Haremos Historia,2272,23.66683595733875,JHH
20,Oaxaca,Oax.,123,San Cristobal Amatlan,20123,16.31833333333333,-96.41,5391,5.815,NO,3716,1594,42.895586652314314,57.104413347685686,52.495139338950104,70.9711846318036,62.6280362891425,69,411,28,60,50,18,687,62,43,81,0,509,797,186,Juntos Haremos Historia,797,18.06775407779172,JHH
20,Oaxaca,Oax.,124,San Cristobal Amoltepec,20124,17.284722222222225,-97.57,1191,6.59,NO,906,332,36.64459161147903,63.35540838852097,50.1291989664083,56.359649122807,53.4994068801898,4,6,6,9,79,10,175,12,7,7,0,17,263,26,Juntos Haremos Historia,263,71.3855421686747,JHH
20,Oaxaca,Oax.,125,San Cristobal Lachirioag,20125,17.334722222222222,-96.1652777777778,1331,6.5,NO,1048,642,61.25954198473282,38.74045801526718,67.515923566879,70.0757575757576,68.8688688688689,13,25,13,8,27,5,469,14,9,8,0,52,505,31,Juntos Haremos Historia,505,70.5607476635514,JHH
20,Oaxaca,Oax.,126,San Cristobal Suchixtlahuaca,20126,17.726388888888888,-97.36666666666666,334,8.22,NO,255,135,52.94117647058824,47.05882352941176,70,69.8529411764706,69.9186991869919,1,22,4,2,11,12,65,2,0,9,0,28,79,11,Juntos Haremos Historia,79,37.77777777777778,JHH
20,Oaxaca,Oax.,127,San Dionisio Del Mar,20127,16.321666666666665,-94.75694444444444,5149,6.486666666666666,NO,4122,1997,48.447355652595824,51.552644347404176,59.0361445783133,63.7096774193548,61.4179296172618,2,592,120,11,52,57,340,33,390,353,0,717,403,776,Otros,776,2.954431647471207,V x M
20,Oaxaca,Oax.,128,San Dionisio Ocotepec,20128,16.796111111111113,-96.39583333333334,11403,6.226,NO,8392,3111,37.07102001906578,62.92897998093422,49.0529783145759,61.8907277261392,56.0839334492178,172,1028,91,64,292,54,1105,57,35,30,0,1295,1463,122,Juntos Haremos Historia,1463,5.400192864030858,JHH
20,Oaxaca,Oax.,129,San Dionisio Ocotlan,20129,16.745555555555555,-96.67972222222222,1473,8.49,NO,1013,406,40.07897334649556,59.92102665350444,49.5726495726496,65.8252427184466,58.087487283825,42,59,4,86,20,6,155,8,3,9,0,106,262,20,Juntos Haremos Historia,262,38.423645320197046,JHH
20,Oaxaca,Oax.,130,San Esteban Atatlahuca,20130,17.06527777777778,-97.67722222222224,3668,6.8525,NO,2862,1752,61.21593291404612,38.78406708595388,72.0332577475435,76.367461430575,74.2815569297926,18,123,67,23,549,23,563,21,249,22,0,211,1135,292,Juntos Haremos Historia,1135,48.11643835616438,JHH
20,Oaxaca,Oax.,131,San Felipe Jalapa De Diaz,20131,18.07027777777778,-96.53583333333331,26586,5.765454545454546,NO,20056,16788,83.70562425209414,16.29437574790586,75.9589652096343,82.6216781128695,79.4793584012622,126,5242,96,3630,98,109,6407,90,352,121,0,5467,10135,563,Juntos Haremos Historia,10135,27.80557541100786,JHH
20,Oaxaca,Oax.,132,San Felipe Tejalapam,20132,17.111111111111114,-96.85416666666666,7712,7.815,NO,5706,1505,26.375744830003505,73.6242551699965,43.5980551053485,51.1506276150628,47.6574212893553,49,182,20,34,95,55,815,143,29,11,0,254,947,183,Juntos Haremos Historia,947,46.04651162790697,JHH
20,Oaxaca,Oax.,133,San Felipe Usila,20133,17.879166666666666,-96.52777777777776,12215,6.346,NO,9077,7824,86.19587969593479,13.804120304065208,76.3443574854835,82.0143884892086,79.3869911090314,1808,532,94,1454,50,237,2950,45,39,53,0,2435,4454,137,Juntos Haremos Historia,4454,25.80521472392638,JHH
20,Oaxaca,Oax.,134,San Francisco Cahuacua,20134,16.892777777777777,-97.30527777777776,3225,7.056666666666667,NO,2382,1007,42.27539882451721,57.72460117548279,53.185595567867,64.5724258289703,59.0399282189323,47,99,29,14,101,10,647,29,10,5,0,176,762,44,Juntos Haremos Historia,762,58.19265143992055,JHH
20,Oaxaca,Oax.,135,San Francisco Cajonos,20135,17.170833333333334,-96.25,532,6.98,NO,363,165,45.45454545454545,54.54545454545455,48.7654320987654,61.578947368421,55.6818181818182,4,1,1,2,4,3,140,4,2,0,0,6,148,6,Juntos Haremos Historia,148,86.06060606060606,JHH
20,Oaxaca,Oax.,136,San Francisco Chapulapa,20136,17.940277777777776,-96.75555555555556,2210,5.53,NO,1357,723,53.27929255711128,46.72070744288872,59.4155844155844,66.1406025824964,62.985529322163,4,363,5,9,33,5,238,23,9,7,0,374,280,39,Va por México,374,13.001383125864454,V x M
20,Oaxaca,Oax.,137,San Francisco Chindua,20137,17.42666666666667,-97.31222222222222,817,7.99,NO,602,300,49.83388704318937,50.16611295681063,59.1603053435115,60.3389830508475,59.7845601436266,8,59,13,7,69,14,88,3,8,16,0,81,165,27,Juntos Haremos Historia,165,28,JHH
20,Oaxaca,Oax.,138,San Francisco Del Mar,20138,16.233611111111113,-94.6322222222222,7973,6.74,NO,6491,5342,82.29856724695732,17.70143275304268,64.5128205128205,68.4623252642346,66.4902697166268,44,1099,66,87,914,443,1869,25,618,25,0,1209,2872,668,Juntos Haremos Historia,2872,31.13066267315612,JHH
20,Oaxaca,Oax.,139,San Francisco Huehuetlan,20139,18.196944444444444,-96.94694444444444,831,4.82,NO,616,294,47.72727272727273,52.27272727272727,48.4098939929329,59.6256684491979,54.7945205479452,6,68,6,5,8,7,132,9,10,5,0,81,145,24,Juntos Haremos Historia,145,21.768707482993197,JHH
20,Oaxaca,Oax.,140,San Francisco Ixhuatan,20140,16.35138888888889,-94.48361111111112,10243,7.35125,NO,7526,5975,79.39144299760828,20.60855700239172,63.9599882318329,66.0083449235049,65.0128681727195,362,1082,94,72,124,147,3767,44,61,27,0,1542,3963,132,Juntos Haremos Historia,3963,40.51882845188285,JHH
20,Oaxaca,Oax.,141,San Francisco Jaltepetongo,20141,17.384444444444444,-97.26388888888889,1075,6.890000000000001,NO,805,412,51.18012422360248,48.81987577639752,60.377358490566,63.7231503579952,62.1518987341772,10,71,19,13,34,8,202,9,3,15,0,101,249,27,Juntos Haremos Historia,249,35.922330097087375,JHH
20,Oaxaca,Oax.,142,San Francisco Lachigolo,20142,17.006944444444443,-96.59583333333332,5061,10.42,NO,2876,1018,35.39638386648122,64.60361613351878,51.9966015293118,59.1072714182865,55.8456742010912,68,201,19,20,51,36,490,67,6,23,0,291,562,96,Juntos Haremos Historia,562,26.62082514734774,JHH
20,Oaxaca,Oax.,143,San Francisco Logueche,20143,16.35138888888889,-96.37722222222222,2803,6.325,NO,1927,823,42.70887389724961,57.29112610275039,43.9180537772087,62.8811777076761,54.3302540415704,42,264,12,16,199,17,181,18,18,9,0,320,396,45,Juntos Haremos Historia,396,9.234507897934387,JHH
20,Oaxaca,Oax.,144,San Francisco Nuxaño,20144,17.378611111111113,-97.34444444444443,376,6.77,NO,284,106,37.32394366197183,62.67605633802817,55.7142857142857,51.1278195488722,53.4798534798535,6,28,5,0,3,2,48,2,1,4,0,40,54,7,Juntos Haremos Historia,54,13.20754716981132,JHH
20,Oaxaca,Oax.,145,San Francisco Ozolotepec,20145,16.098333333333333,-96.22111111111111,2143,6.095000000000001,NO,1427,615,43.09740714786265,56.90259285213735,47.70206022187,61.7977528089888,55.174981384959,12,109,14,9,20,15,347,36,10,16,0,136,377,62,Juntos Haremos Historia,377,39.1869918699187,JHH
20,Oaxaca,Oax.,146,San Francisco Sola,20146,16.514444444444443,-96.97472222222224,2214,6.48,NO,1326,503,37.93363499245852,62.06636500754148,53.0499075785582,59.4268476621418,56.5614617940199,39,128,11,10,13,9,207,17,13,12,0,181,230,42,Juntos Haremos Historia,230,9.74155069582505,JHH
20,Oaxaca,Oax.,147,San Francisco Telixtlahuaca,20147,17.294444444444448,-96.90416666666668,13913,7.765,NO,9749,6937,71.15601600164119,28.84398399835881,69.9013157894737,83.0659898477157,76.9632937588498,126,1195,56,87,247,428,3285,129,838,331,0,1378,3619,1298,Juntos Haremos Historia,3619,32.30503099322474,JHH
20,Oaxaca,Oax.,148,San Francisco Teopan,20148,17.85,-97.49527777777776,312,5.82,NO,260,170,65.38461538461539,34.61538461538461,68.2170542635659,70.9677419354839,69.5652173913043,6,22,2,4,10,2,112,5,1,3,0,30,127,9,Juntos Haremos Historia,127,57.05882352941177,JHH
20,Oaxaca,Oax.,149,San Francisco Tlapancingo,20149,17.483333333333334,-98.26805555555556,2956,5.06,NO,1600,446,27.875,72.125,36.154949784792,45.2352231604343,41.0878112712975,13,79,37,23,26,15,195,12,15,5,0,130,244,32,Juntos Haremos Historia,244,25.56053811659193,JHH
20,Oaxaca,Oax.,150,San Gabriel Mixtepec,20150,16.09361111111111,-97.07916666666668,5142,7.76,NO,3423,1852,54.10458661992404,45.89541338007596,61.7105263157895,74.7539085118703,68.6479827533107,32,778,21,10,12,15,829,32,21,73,0,831,851,126,Juntos Haremos Historia,851,1.079913606911447,JHH
20,Oaxaca,Oax.,151,San Ildefonso Amatlan,20151,16.333888888888886,-96.49111111111112,1809,5.529999999999999,NO,1746,641,36.71248568155784,63.28751431844216,53.3501896333755,58.7640449438202,56.2165377751338,46,291,4,23,15,9,177,14,7,18,0,342,215,39,Va por México,342,19.81279251170047,V x M
20,Oaxaca,Oax.,152,San Ildefonso Sola,20152,16.519166666666667,-96.98361111111112,1256,6.37,NO,632,245,38.765822784810126,61.234177215189874,53.8461538461538,65.8450704225352,59.9640933572711,18,86,8,11,5,0,60,10,25,3,0,112,76,38,Va por México,112,14.693877551020408,V x M
20,Oaxaca,Oax.,153,San Ildefonso Villa Alta,20153,17.3375,-96.15138888888887,3688,6.476666666666667,NO,2463,1136,46.122614697523346,53.877385302476654,50.5212510024058,53.5846267553585,52.1153846153846,7,73,16,9,62,11,870,16,14,13,0,97,943,43,Juntos Haremos Historia,943,74.47183098591549,JHH
20,Oaxaca,Oax.,154,San Jacinto Amilpas,20154,17.100555555555555,-96.7625,17080,11.516,SI,11540,6759,58.570190641247834,41.429809358752166,66.3108191336481,74.0266482090327,70.4976525821596,320,1049,508,416,842,174,2411,282,206,364,0,1879,3673,852,Juntos Haremos Historia,3673,26.542387927208168,JHH
20,Oaxaca,Oax.,155,San Jacinto Tlacotepec,20155,16.51888888888889,-97.38611111111112,2233,6.12,NO,1754,471,26.85290763968073,73.14709236031928,43.1847133757962,61.4097968936679,52.5893958076449,20,57,24,5,77,4,230,11,4,4,0,102,313,19,Juntos Haremos Historia,313,44.79830148619958,JHH
20,Oaxaca,Oax.,156,San Jeronimo Coatlan,20156,16.232499999999998,-96.86944444444444,5461,6.673333333333334,NO,3405,1409,41.38032305433186,58.61967694566814,57.3041168658699,67.1571512654503,62.5273010920437,161,442,37,31,42,8,582,22,10,12,0,643,655,44,Juntos Haremos Historia,655,0.8516678495386799,JHH
20,Oaxaca,Oax.,157,San Jeronimo Silacayoapilla,20157,17.808611111111112,-97.84555555555556,1429,6.375,NO,1181,652,55.20745131244708,44.79254868755292,52.2361359570662,67.3366834170854,60.0346020761246,77,288,6,16,4,6,206,11,9,6,0,372,226,26,Va por México,372,22.392638036809817,V x M
20,Oaxaca,Oax.,158,San Jeronimo Sosola,20158,17.365555555555556,-97.03333333333332,2598,7.22,NO,1964,750,38.18737270875763,61.81262729124237,57.8645235361653,61.3592233009709,59.7580220936349,17,112,21,12,37,10,476,16,11,9,0,152,525,36,Juntos Haremos Historia,525,49.733333333333334,JHH
20,Oaxaca,Oax.,159,San Jeronimo Taviche,20159,16.712777777777777,-96.59416666666668,1987,7.01,NO,1344,577,42.93154761904761,57.06845238095239,43.6567164179104,56.701030927835,50.9465020576132,17,262,61,14,22,5,158,6,4,7,0,344,194,17,Va por México,344,25.996533795493935,V x M
20,Oaxaca,Oax.,160,San Jeronimo Tecoatl,20160,18.16611111111111,-96.9125,1577,5.87,NO,1069,538,50.32740879326474,49.67259120673526,56.1122244488978,59.4501718213058,57.9093432007401,15,157,18,15,72,4,177,14,9,19,0,192,264,42,Juntos Haremos Historia,264,13.382899628252789,JHH
20,Oaxaca,Oax.,161,San Jeronimo Tlacochahuaya,20161,17.006944444444443,-96.58333333333331,5924,8.6125,NO,4297,1706,39.70211775657436,60.29788224342564,51.993620414673,63.2366273798731,58.0621482750184,65,329,22,19,101,21,1021,23,11,16,0,418,1143,50,Juntos Haremos Historia,1143,42.49706916764361,JHH
20,Oaxaca,Oax.,162,San Jorge Nuchita,20162,17.654722222222222,-98.1061111111111,2881,5.296666666666667,NO,2377,479,20.151451409339504,79.8485485906605,25,42.1052631578947,34.349506225848,10,41,37,16,23,11,282,8,8,4,0,88,321,20,Juntos Haremos Historia,321,48.643006263048015,JHH
20,Oaxaca,Oax.,163,San Jose Ayuquila,20163,17.940833333333334,-97.96916666666668,1544,6.335,NO,1142,374,32.749562171628725,67.25043782837128,39.6694214876033,55.2447552447552,48.1060606060606,14,154,11,5,8,2,146,3,6,5,0,179,161,14,Va por México,179,4.81283422459893,V x M
20,Oaxaca,Oax.,164,San Jose Chiltepec,20164,17.946666666666665,-96.17055555555557,11132,7.841666666666667,NO,8618,6750,78.32443722441401,21.675562775585988,75.7433102081269,84.9954669084316,80.5752840909091,356,985,241,265,135,126,3112,77,898,241,0,1586,3515,1216,Juntos Haremos Historia,3515,28.57777777777778,JHH
20,Oaxaca,Oax.,165,San Jose Del Peñasco,20165,16.31638888888889,-96.50138888888888,2067,6.18,NO,1551,787,50.741457124435854,49.258542875564146,55.0147492625369,62.3616236162362,59.0207914151576,17,567,3,21,8,9,98,8,5,13,0,589,127,26,Va por México,589,58.70393900889454,V x M
20,Oaxaca,Oax.,166,San Jose Estancia Grande,20166,16.364722222222223,-98.25055555555556,932,6.57,NO,788,626,79.44162436548223,20.558375634517773,0,0,0,7,55,37,155,6,8,156,9,54,64,0,99,319,127,Juntos Haremos Historia,319,30.670926517571885,JHH
20,Oaxaca,Oax.,167,San Jose Independencia,20167,18.239166666666662,-96.64583333333334,3288,5.213333333333334,NO,3232,2549,78.86757425742574,21.132425742574256,58.8121368624919,65.2687536916716,62.1838371375694,9,1148,13,4,12,16,1292,23,7,12,0,1173,1308,42,Juntos Haremos Historia,1308,5.296194586112201,JHH
20,Oaxaca,Oax.,168,San Jose Lachiguiri,20168,16.378611111111113,-96.3375,2781,5.72,NO,3037,1265,41.65294698715838,58.34705301284162,38.9908256880734,53.185955786736,46.6619817287421,55,412,31,54,167,27,369,33,22,25,0,499,591,80,Juntos Haremos Historia,591,7.2727272727272725,JHH
20,Oaxaca,Oax.,169,San Jose Del Progreso,20169,16.684722222222224,-96.68555555555557,8122,6.8825,NO,5435,1862,34.259429622815084,65.74057037718492,55.1648351648352,65.3076632691582,60.621445978879,310,472,56,110,82,47,634,18,28,35,0,838,826,81,Va por México,838,0.644468313641246,V x M
20,Oaxaca,Oax.,170,San Jose Tenango,20170,18.15,-96.71666666666668,15722,4.583125,NO,12181,9665,79.3448813726295,20.6551186273705,74.9906890130354,79.6729721064444,77.5068917987595,607,3641,422,245,3491,38,663,30,31,92,0,4671,4399,153,Va por México,4671,2.8142783238489395,V x M
20,Oaxaca,Oax.,171,San Juan Achiutla,20171,17.344444444444445,-97.50694444444444,406,7.96,NO,362,193,53.31491712707182,46.68508287292818,65.9090909090909,64,64.957264957265,3,27,4,3,10,5,119,5,1,4,0,34,133,10,Juntos Haremos Historia,133,51.295336787564764,JHH
20,Oaxaca,Oax.,172,San Juan Atepec,20172,17.42666666666667,-96.53833333333333,1457,7.390000000000001,NO,1131,558,49.3368700265252,50.6631299734748,58.5227272727273,64.0545144804089,61.4349775784753,9,56,11,8,23,6,404,15,6,7,0,76,437,28,Juntos Haremos Historia,437,64.69534050179212,JHH
20,Oaxaca,Oax.,173,San Juan Bautista Atatlahuca,20173,17.53111111111111,-96.8275,1438,6.17,NO,1282,548,42.74570982839314,57.25429017160686,29.92,41.3398692810458,35.5699272433306,4,12,17,13,11,7,439,26,6,2,0,33,463,34,Juntos Haremos Historia,463,78.28467153284672,JHH
20,Oaxaca,Oax.,174,San Juan Bautista Coixtlahuaca,20174,17.723611111111108,-97.3236111111111,2692,7.390000000000001,NO,2163,1011,46.74063800277393,53.25936199722607,60.7068607068607,62.4450307827617,61.6484040019057,15,174,15,25,106,16,584,19,8,13,0,207,717,40,Juntos Haremos Historia,717,50.445103857566764,JHH
20,Oaxaca,Oax.,175,San Juan Bautista Cuicatlan,20175,17.798611111111114,-96.95972222222224,10367,6.895384615384615,NO,7550,5611,74.31788079470198,25.682119205298022,73.3705226071638,80.4078471863707,77.1153846153846,259,1800,155,48,44,48,2840,57,42,139,0,2216,2932,238,Juntos Haremos Historia,2932,12.76064872571734,JHH
20,Oaxaca,Oax.,176,San Juan Bautista Guelache,20176,17.226388888888888,-96.77777777777776,6274,10.133333333333333,NO,4578,1749,38.20445609436435,61.79554390563565,57.0121951219512,64.4473455178416,61.0173464603844,65,325,17,69,36,32,1075,34,12,32,0,409,1180,78,Juntos Haremos Historia,1180,44.082332761578044,JHH
20,Oaxaca,Oax.,177,San Juan Bautista Jayacatlan,20177,17.422222222222224,-96.82166666666666,1447,6.59,NO,1073,260,24.231127679403546,75.76887232059646,39.0625,53.1872509960159,46.0552268244576,10,46,9,6,8,3,157,6,2,1,0,65,171,9,Juntos Haremos Historia,171,40.76923076923077,JHH
20,Oaxaca,Oax.,178,San Juan Bautista Lo De Soto,20178,16.510277777777777,-98.3475,2367,7.720000000000001,NO,1884,1401,74.36305732484077,25.636942675159233,59.0277777777778,65.1741293532338,62.0963735717834,19,163,21,18,152,33,548,15,45,272,0,205,719,332,Juntos Haremos Historia,719,27.623126338329765,JHH
20,Oaxaca,Oax.,179,San Juan Bautista Suchitepec,20179,17.971666666666664,-97.65944444444445,453,5.9350000000000005,NO,415,314,75.66265060240964,24.33734939759036,69.3877551020408,80.952380952381,75.3694581280788,40,51,1,54,7,1,108,7,31,2,0,92,169,40,Juntos Haremos Historia,169,24.522292993630572,JHH
20,Oaxaca,Oax.,180,San Juan Bautista Tlachichilco,20180,17.621944444444445,-98.34527777777777,1555,6.195,NO,994,389,39.13480885311871,60.86519114688129,39.1666666666667,54.8076923076923,47.3,26,53,8,9,105,11,154,7,3,5,0,88,268,15,Juntos Haremos Historia,268,46.27249357326478,JHH
20,Oaxaca,Oax.,181,San Juan Bautista Tlacoatzintepec,20181,17.859722222222224,-96.58611111111112,2087,5.81,NO,1800,1621,90.05555555555556,9.944444444444445,82.2085889570552,89.0070921985816,85.6712823600241,71,483,18,45,8,669,303,3,0,0,0,574,356,3,Movimiento Ciudadano,669,5.860579888957433,V x M
20,Oaxaca,Oax.,182,San Juan Bautista Tuxtepec,20182,18.08611111111111,-96.12388888888889,159460,8.872,NO,116540,68603,58.86648361077742,41.13351638922258,40.3463710362802,44.9045685446087,42.7833148763381,2095,8834,475,1447,2183,6441,38554,1383,806,3845,0,11407,42185,6034,Juntos Haremos Historia,42185,44.863927233502906,JHH
20,Oaxaca,Oax.,183,San Juan Bautista Valle Nacional,20183,17.77638888888889,-96.3,23436,7.294,NO,17710,12139,68.54319593450028,31.456804065499725,61.5918218327857,68.1782729805014,65.0302466263378,353,1639,218,1493,902,558,5350,529,165,331,0,2213,7748,1025,Juntos Haremos Historia,7748,45.59683664222753,JHH
20,Oaxaca,Oax.,184,San Juan Cacahuatepec,20184,16.61277777777778,-98.15555555555557,8838,7.98,NO,6696,4834,72.19235364396654,27.80764635603346,67.8733031674208,76.9392663860493,72.5700934579439,94,1209,179,38,99,157,2639,42,64,104,0,1486,2777,210,Juntos Haremos Historia,2777,26.706661150186182,JHH
20,Oaxaca,Oax.,185,San Juan Chicomezuchil,20185,17.2875,-96.495,305,7.9,NO,234,130,55.55555555555556,44.44444444444444,68.141592920354,69.6296296296296,68.9516129032258,3,34,3,0,4,2,74,3,1,1,0,40,79,5,Juntos Haremos Historia,79,30,JHH
20,Oaxaca,Oax.,186,San Juan Chilateca,20186,16.828055555555554,-96.67027777777778,1822,9.61,NO,1247,749,60.06415396952687,39.93584603047313,71.5328467153285,80,76.1747732893652,23,58,5,187,11,4,386,5,7,26,0,88,585,38,Juntos Haremos Historia,585,66.35514018691589,JHH
20,Oaxaca,Oax.,187,Chiquihuitlan De Benito Juarez,20187,17.994444444444447,-96.74444444444444,2179,4.880000000000001,NO,1605,924,57.570093457943926,42.429906542056074,56.9750367107195,59.1256830601093,58.2080200501253,14,318,19,14,18,23,363,34,50,32,0,353,395,116,Juntos Haremos Historia,395,4.545454545454546,JHH
20,Oaxaca,Oax.,188,San Juan Cieneguilla,20188,17.850555555555555,-98.28,524,6.38,NO,416,151,36.29807692307692,63.70192307692308,47.6439790575916,47.6635514018692,47.6543209876543,2,24,5,0,1,2,108,1,4,0,0,31,109,5,Juntos Haremos Historia,109,51.65562913907285,JHH
20,Oaxaca,Oax.,189,San Juan Coatzospam,20189,18.04888888888889,-96.76222222222222,1791,5.55,NO,1571,1294,82.36791852323361,17.632081476766388,76.9559032716927,81.7105263157895,79.4258373205742,49,299,31,114,296,2,122,14,0,315,0,381,532,329,Juntos Haremos Historia,532,11.669242658423492,JHH
20,Oaxaca,Oax.,190,San Juan Colorado,20190,16.45861111111111,-97.95361111111112,8715,6.648,NO,6727,5298,78.7572469154155,21.242753084584507,76.1056105610561,84.0267675298225,80.3154476573372,1191,840,942,135,123,40,1029,65,151,151,0,2975,1290,367,Va por México,2975,31.804454511136278,V x M
20,Oaxaca,Oax.,191,San Juan Comaltepec,20191,17.3375,-95.97555555555556,2693,5.93,NO,1970,592,30.050761421319802,69.9492385786802,49.6,52.7404343329886,51.2486427795874,6,125,10,13,118,5,247,20,9,5,0,143,379,34,Juntos Haremos Historia,379,39.86486486486486,JHH
20,Oaxaca,Oax.,192,San Juan Cotzocon,20192,17.162777777777777,-95.78083333333332,22266,6.625,NO,17240,5706,33.09744779582366,66.90255220417635,51.3677045254002,55.4037125612117,53.4880938135695,128,1010,116,65,775,66,2973,208,117,93,0,1255,3816,418,Juntos Haremos Historia,3816,44.8825797406239,JHH
20,Oaxaca,Oax.,193,San Juan De Los Cues,20193,18.046111111111113,-97.05833333333334,1910,7.115,NO,1856,925,49.83836206896552,50.16163793103448,68.9159292035398,67.292817679558,68.1039248203427,35,314,20,5,12,6,472,21,9,5,0,371,489,35,Juntos Haremos Historia,489,12.756756756756756,JHH
20,Oaxaca,Oax.,194,San Juan Del Estado,20194,17.272222222222222,-96.79944444444445,2807,8.08,NO,2016,945,46.875,53.125,52.2321428571429,59.2412451361868,55.977130977131,62,184,16,66,29,4,486,18,5,29,0,264,581,52,Juntos Haremos Historia,581,33.544973544973544,JHH
20,Oaxaca,Oax.,195,San Juan Del Rio,20195,16.8825,-96.1613888888889,1377,6.05,NO,1109,554,49.95491433724076,50.04508566275924,55.3191489361702,54.9019607843137,55.0921435499515,10,20,6,7,69,11,409,5,3,1,0,36,486,9,Juntos Haremos Historia,486,81.2274368231047,JHH
20,Oaxaca,Oax.,196,San Juan Diuxi,20196,17.280833333333334,-97.37333333333332,1414,4.465,NO,857,348,40.60676779463244,59.39323220536756,55.1637279596977,60.5664488017429,58.0607476635514,14,66,17,13,55,11,116,16,4,9,0,97,184,29,Juntos Haremos Historia,184,25,JHH
20,Oaxaca,Oax.,197,San Juan Evangelista Analco,20197,17.406666666666666,-96.53888888888888,407,7.55,NO,336,187,55.654761904761905,44.345238095238095,78.6666666666667,67.7777777777778,72.7272727272727,7,33,12,3,4,3,97,7,1,9,0,52,106,17,Juntos Haremos Historia,106,28.877005347593585,JHH
20,Oaxaca,Oax.,198,San Juan Guelavia,20198,16.955277777777777,-96.54555555555557,3288,6.835,NO,2459,794,32.28954859699065,67.71045140300936,35.2201257861635,48.300395256917,42.1783010933558,34,290,15,9,48,3,342,9,8,13,0,340,400,30,Juntos Haremos Historia,400,7.5566750629722925,JHH
20,Oaxaca,Oax.,199,San Juan Guichicovi,20199,16.961666666666666,-95.09305555555557,28402,5.811304347826087,NO,22973,16982,73.92156009228225,26.07843990771775,69.3970974968345,78.4796485119788,74.3036274070757,127,903,7697,38,408,289,4835,149,1274,731,0,8730,5284,2154,Va por México,8730,20.292073960664233,V x M
20,Oaxaca,Oax.,200,San Juan Ihualtepec,20200,17.73888888888889,-98.28888888888888,494,4.615,NO,532,313,58.83458646616542,41.16541353383458,16.7259786476868,20.2702702702703,18.5441941074523,9,145,0,3,2,5,122,3,6,2,0,154,127,11,Va por México,154,8.626198083067093,V x M
20,Oaxaca,Oax.,201,San Juan Juquila Mixes,20201,16.934722222222224,-95.91722222222222,3658,5.66,NO,2621,677,25.829835940480734,74.17016405951927,26.3203463203463,34.8703170028818,30.9870232009438,22,69,17,66,215,10,234,18,8,3,0,108,516,29,Juntos Haremos Historia,516,60.2658788774003,JHH
20,Oaxaca,Oax.,202,San Juan Juquila Vijanos,20202,17.354166666666668,-96.30333333333331,1522,6.505,NO,1410,613,43.47517730496454,56.52482269503546,54.7332185886403,61.0497237569061,58.2375478927203,17,65,10,14,37,13,387,19,8,6,0,92,439,33,Juntos Haremos Historia,439,56.606851549755305,JHH
20,Oaxaca,Oax.,203,San Juan Lachao,20203,16.1575,-97.12472222222222,4780,6.43,NO,3306,1739,52.60133091349062,47.39866908650938,55.0561797752809,65.3682288496652,60.5803716987284,25,734,19,23,28,12,744,38,30,14,0,781,796,82,Juntos Haremos Historia,796,0.8625646923519263,JHH
20,Oaxaca,Oax.,204,San Juan Lachigalla,20204,16.591388888888886,-96.54833333333332,3525,5.875,NO,2452,1155,47.10440456769984,52.89559543230016,40.6795224977043,49.4809688581315,45.2115812917595,173,278,23,34,360,8,197,13,10,6,0,477,591,29,Juntos Haremos Historia,591,9.87012987012987,JHH
20,Oaxaca,Oax.,205,San Juan Lajarcia,20205,16.508055555555554,-95.92555555555556,634,6.98,NO,517,272,52.61121856866537,47.38878143133463,50.2164502164502,58.1227436823105,54.5275590551181,0,77,0,4,32,2,136,9,2,0,0,79,173,11,Juntos Haremos Historia,173,34.55882352941177,JHH
20,Oaxaca,Oax.,206,San Juan Lalana,20206,17.47083333333333,-95.87916666666666,17211,5.547142857142857,NO,11977,6520,54.4376722050597,45.5623277949403,69.480642115203,72.7538726333907,71.1931562359298,177,1687,115,62,1130,65,2533,214,173,104,0,1981,3728,491,Juntos Haremos Historia,3728,26.79447852760736,JHH
20,Oaxaca,Oax.,207,San Juan Mazatlan,20207,17.028333333333332,-95.4425,17873,6.111111111111112,NO,12851,7678,59.74632324332737,40.25367675667263,57.2066115702479,60.828534868842,59.0473093805885,141,2109,97,90,496,61,4247,91,74,58,0,2348,4833,223,Juntos Haremos Historia,4833,32.365199270643394,JHH
20,Oaxaca,Oax.,208,San Juan Mixtepec,20208,17.304722222222225,-97.82972222222222,7118,5.418181818181818,NO,6246,2652,42.45917387127761,57.54082612872239,50.6067563135454,59.5318755774561,55.2096569250318,35,182,146,73,115,53,1578,102,130,96,0,366,1766,328,Juntos Haremos Historia,1766,52.790346907993964,JHH
20,Oaxaca,Oax.,209,San Juan Mixtepec,20209,16.276666666666667,-96.29916666666666,607,5.03,NO,516,296,57.36434108527132,42.63565891472868,56.1224489795918,57.7557755775578,57.1142284569138,6,27,5,7,14,6,155,14,14,32,0,38,176,60,Juntos Haremos Historia,176,39.189189189189186,JHH
20,Oaxaca,Oax.,210,San Juan Ñumi,20210,17.396666666666665,-97.70694444444445,5838,6.394,NO,4981,2500,50.19072475406545,49.80927524593455,51.2774540564769,59.492231906025,55.7289527720739,35,792,42,39,564,31,826,42,9,28,0,871,1429,79,Juntos Haremos Historia,1429,22.32,JHH
20,Oaxaca,Oax.,211,San Juan Ozolotepec,20211,16.1325,-96.25777777777778,3462,5.3,NO,2099,882,42.02000952834683,57.97999047165317,50.2756339581036,64.781746031746,57.911227154047,28,183,17,19,51,9,436,39,25,20,0,230,507,84,Juntos Haremos Historia,507,31.405895691609977,JHH
20,Oaxaca,Oax.,212,San Juan Petlapa,20212,17.467777777777776,-96.03666666666666,3117,5.0649999999999995,NO,1853,1041,56.17916891527253,43.82083108472747,64.8325358851675,73.0242360379347,69.187675070028,21,279,23,18,82,16,464,35,15,14,0,325,565,64,Juntos Haremos Historia,565,23.054755043227665,JHH
20,Oaxaca,Oax.,213,San Juan Quiahije,20213,16.301111111111112,-97.31611111111113,4203,5.42,NO,3076,1236,40.18205461638492,59.81794538361508,44.4787644787645,63.6783124588003,54.8364153627312,28,285,36,38,31,21,600,41,44,24,0,352,671,109,Juntos Haremos Historia,671,25.80906148867314,JHH
20,Oaxaca,Oax.,214,San Juan Quiotepec,20214,17.601111111111113,-96.58833333333332,2198,6.115,NO,1576,924,58.62944162436549,41.37055837563451,69.1421254801537,74.9394673123487,72.1219663970131,8,231,5,6,30,6,583,12,6,8,0,246,619,26,Juntos Haremos Historia,619,40.36796536796537,JHH
20,Oaxaca,Oax.,215,San Juan Sayultepec,20215,17.451944444444443,-97.28611111111113,879,9.11,NO,619,335,54.119547657512115,45.880452342487885,58.477508650519,65.5172413793103,62.171052631579,12,32,5,12,68,9,165,9,4,6,0,50,245,19,Juntos Haremos Historia,245,58.208955223880594,JHH
20,Oaxaca,Oax.,216,San Juan Tabaa,20216,17.304166666666667,-96.20833333333334,1216,7.45,NO,857,252,29.404900816802797,70.5950991831972,42.1333333333333,45.0236966824645,43.66373902133,1,23,3,3,6,3,193,5,1,7,0,27,204,13,Juntos Haremos Historia,204,70.23809523809524,JHH
20,Oaxaca,Oax.,217,San Juan Tamazola,20217,17.15972222222222,-97.22638888888888,3664,6.81,NO,2249,710,31.569586482881277,68.43041351711872,46.7298578199052,47.5908706677937,47.1849865951743,16,165,23,31,112,7,293,13,9,2,0,205,438,24,Juntos Haremos Historia,438,32.816901408450704,JHH
20,Oaxaca,Oax.,218,San Juan Teita,20218,17.09583333333333,-97.41444444444446,1648,6.15,NO,416,162,38.94230769230769,61.05769230769231,48,56.3063063063063,52.3696682464455,5,34,6,4,37,4,58,3,1,4,0,45,99,8,Juntos Haremos Historia,99,33.333333333333336,JHH
20,Oaxaca,Oax.,219,San Juan Teitipac,20219,16.933611111111112,-96.60916666666668,2668,5.875,NO,2008,645,32.1215139442231,67.8784860557769,41.7297297297297,46.9426152398871,44.5171026156942,21,212,10,27,125,9,184,14,10,5,0,244,336,29,Juntos Haremos Historia,336,14.263565891472869,JHH
20,Oaxaca,Oax.,220,San Juan Tepeuxila,20220,17.723333333333333,-96.84055555555555,2684,6.66,NO,1879,936,49.81373070782331,50.18626929217669,58.6740331491713,62.8348214285714,60.7440310938368,26,248,19,6,35,10,541,20,5,7,0,294,582,32,Juntos Haremos Historia,582,30.76923076923077,JHH
20,Oaxaca,Oax.,221,San Juan Teposcolula,20221,17.550555555555555,-97.425,1473,7.74,NO,1037,562,54.19479267116682,45.80520732883318,60.8225108225108,65.0943396226415,63.1048387096774,10,97,14,14,16,4,347,11,7,12,0,124,380,30,Juntos Haremos Historia,380,45.55160142348755,JHH
20,Oaxaca,Oax.,222,San Juan Yaee,20222,17.429166666666667,-96.28333333333332,1426,6.475,NO,1070,354,33.084112149532714,66.91588785046729,45.7516339869281,53.1135531135531,49.7512437810945,11,31,7,7,6,7,245,6,7,3,0,49,258,16,Juntos Haremos Historia,258,59.03954802259887,JHH
20,Oaxaca,Oax.,223,San Juan Yatzona,20223,17.4,-96.16888888888889,440,6.48,NO,345,187,54.20289855072464,45.79710144927536,71.4285714285714,77.3480662983425,74.7663551401869,1,22,2,2,3,3,133,5,3,2,0,26,138,10,Juntos Haremos Historia,138,59.893048128342244,JHH
20,Oaxaca,Oax.,224,San Juan Yucuita,20224,17.511388888888888,-97.27027777777778,652,8.72,NO,577,237,41.074523396880416,58.925476603119584,0,0,0,10,37,6,7,18,7,139,1,1,3,0,54,166,5,Juntos Haremos Historia,166,47.257383966244724,JHH
20,Oaxaca,Oax.,225,San Lorenzo,20225,16.39361111111111,-97.87444444444444,6401,6.266666666666667,NO,4109,3286,79.97079581406669,20.02920418593331,65.2924791086351,72.7485928705441,69.3404634581105,1184,116,51,27,359,30,1042,33,31,135,0,1353,1429,199,Juntos Haremos Historia,1429,2.3128423615337796,JHH
20,Oaxaca,Oax.,226,San Lorenzo Albarradas,20226,16.906388888888888,-96.25944444444444,2978,6.275,NO,2090,785,37.55980861244019,62.44019138755981,40.4339250493097,51.953125,46.2217860647694,38,193,13,21,82,10,356,20,16,4,0,247,461,40,Juntos Haremos Historia,461,27.261146496815286,JHH
20,Oaxaca,Oax.,227,San Lorenzo Cacaotepec,20227,17.128333333333334,-96.8,19388,9.938,SI,11629,4001,34.40536589560581,65.59463410439419,56.158328310227,62.725244551227,59.7001110699741,213,561,56,80,137,125,2504,62,23,81,0,833,2721,166,Juntos Haremos Historia,2721,47.18820294926268,JHH
20,Oaxaca,Oax.,228,San Lorenzo Cuaunecuiltitla,20228,18.20694444444444,-96.9113888888889,844,5.45,NO,475,270,56.84210526315789,43.15789473684211,68.4444444444444,71.0084033613445,69.7624190064795,31,108,2,3,34,2,64,7,6,3,0,144,101,16,Va por México,144,15.925925925925926,V x M
20,Oaxaca,Oax.,229,San Lorenzo Texmelucan,20229,16.584166666666665,-97.19833333333334,9148,5.415,NO,5202,1722,33.102652825836216,66.89734717416378,51.3743128435782,64.6616541353383,58.7897526501767,59,678,74,27,90,16,583,33,49,8,0,814,700,90,Va por México,814,6.620209059233449,V x M
20,Oaxaca,Oax.,230,San Lorenzo Victoria,20230,17.6675,-98.12,932,6.02,NO,771,244,31.647211413748376,68.35278858625162,48.876404494382,56.1881188118812,52.7631578947368,4,29,10,4,5,4,157,7,8,4,0,43,166,19,Juntos Haremos Historia,166,50.40983606557377,JHH
20,Oaxaca,Oax.,231,San Lucas Camotlan,20231,16.945,-95.71111111111112,3187,5.91,NO,1913,339,17.720857292211186,82.27914270778882,21.4941022280472,36.304347826087,29.5900178253119,6,47,6,5,175,2,64,8,7,4,0,59,245,19,Juntos Haremos Historia,245,54.86725663716814,JHH
20,Oaxaca,Oax.,232,San Lucas Ojitlan,20232,18.05666666666667,-96.3975,23792,6.916666666666667,NO,16001,13473,84.2009874382851,15.799012561714903,62.3863477409428,68.4710234278668,65.6202896651157,2972,1350,408,259,107,285,6134,214,994,197,0,4730,6504,1405,Juntos Haremos Historia,6504,13.167074890521784,JHH
20,Oaxaca,Oax.,233,San Lucas Quiavini,20233,16.89361111111111,-96.46777777777778,1714,5.12,NO,1491,382,25.62038900067069,74.37961099932932,25.2459016393443,34.0350877192982,30.3754266211604,20,119,15,7,38,5,146,14,3,1,0,156,192,18,Juntos Haremos Historia,192,9.424083769633508,JHH
20,Oaxaca,Oax.,234,San Lucas Zoquiapam,20234,18.135277777777777,-96.90583333333332,6915,5.705,NO,4613,2588,56.10231953175807,43.89768046824193,59.1258405379443,65.7646048109966,62.6303854875283,417,1124,58,29,93,13,641,30,39,21,0,1603,763,90,Va por México,1603,32.45749613601237,V x M
20,Oaxaca,Oax.,235,San Luis Amatlan,20235,16.389166666666664,-96.49722222222222,3844,5.672499999999999,NO,2873,1147,39.9234249912983,60.0765750087017,56.4372469635627,63.5333333333333,60.3290676416819,49,526,25,38,133,11,256,35,14,9,0,602,427,58,Va por México,602,15.257192676547515,V x M
20,Oaxaca,Oax.,236,San Marcial Ozolotepec,20236,16.087777777777777,-96.40472222222223,1319,5.255,NO,1019,419,41.118743866535816,58.881256133464184,46.6517857142857,65.4901960784314,56.6805845511482,52,170,7,13,22,7,100,7,4,10,0,230,135,21,Va por México,230,22.673031026252982,V x M
20,Oaxaca,Oax.,237,San Marcos Arteaga,20237,17.71944444444444,-97.85972222222222,1709,6.45,NO,1321,680,51.47615442846328,48.52384557153672,55.7726465364121,67.5555555555556,62.1970920840065,21,98,67,23,30,17,362,8,5,13,0,188,415,26,Juntos Haremos Historia,415,33.38235294117647,JHH
20,Oaxaca,Oax.,238,San Martin De Los Cansecos,20238,16.656388888888888,-96.7286111111111,1001,7.45,NO,695,362,52.0863309352518,47.9136690647482,64.2633228840125,77.2988505747126,71.064467766117,61,108,14,9,6,2,122,14,4,1,0,185,137,19,Va por México,185,13.259668508287293,V x M
20,Oaxaca,Oax.,239,San Martin Huamelulpam,20239,17.397222222222222,-97.60138888888888,1015,8.18,NO,805,334,41.49068322981366,58.50931677018634,56.9767441860465,60.6481481481482,59.020618556701,3,30,5,10,62,3,189,9,4,10,0,39,261,23,Juntos Haremos Historia,261,66.46706586826348,JHH
20,Oaxaca,Oax.,240,San Martin Itunyoso,20240,17.228055555555553,-97.88083333333331,2749,5.96,NO,1842,856,46.471226927252985,53.528773072747015,52.0671834625323,67.8916827852998,61.1172566371681,13,130,20,19,122,7,327,10,58,66,0,165,468,134,Juntos Haremos Historia,468,35.39719626168224,JHH
20,Oaxaca,Oax.,241,San Martin Lachila,20241,16.611111111111114,-96.84888888888888,1136,6.56,NO,888,459,51.689189189189186,48.310810810810814,59.8997493734336,73.75,67.4630261660978,97,65,7,65,13,3,158,7,14,4,0,172,236,25,Juntos Haremos Historia,236,13.943355119825709,JHH
20,Oaxaca,Oax.,242,San Martin Peras,20242,17.359166666666667,-98.23805555555556,12489,3.366,NO,8416,3643,43.286596958174904,56.713403041825096,43.9406430338005,51.3774429008712,47.9457266041085,143,333,747,234,378,115,996,128,131,97,0,1224,1608,356,Juntos Haremos Historia,1608,10.540763107329123,JHH
20,Oaxaca,Oax.,243,San Martin Tilcajete,20243,16.85888888888889,-96.695,1966,8.52,NO,1478,643,43.504736129905275,56.495263870094725,45.8074534161491,59.1327201051248,53.0249110320285,15,47,3,123,118,6,275,8,4,6,0,67,520,18,Juntos Haremos Historia,520,70.45101088646967,JHH
20,Oaxaca,Oax.,244,San Martin Toxpalan,20244,18.1,-97.05722222222222,3825,7.34,NO,2766,1187,42.91395516992046,57.08604483007954,48.2647296206618,57.3442136498516,52.9957479706223,30,336,18,14,19,8,685,20,17,5,0,385,718,42,Juntos Haremos Historia,718,28.05391743892165,JHH
20,Oaxaca,Oax.,245,San Martin Zacatepec,20245,17.806944444444444,-98.05972222222222,1324,6.135,NO,1256,845,67.27707006369427,32.72292993630573,73.6301369863014,82.7123695976155,78.4860557768924,7,418,90,1,3,0,288,4,9,3,0,516,292,16,Va por México,516,26.50887573964497,V x M
20,Oaxaca,Oax.,246,San Mateo Cajonos,20246,17.16111111111111,-96.2075,611,5.96,NO,438,201,45.89041095890411,54.10958904109589,50.2702702702703,58.1673306772908,54.8165137614679,1,8,2,5,5,2,154,3,6,1,0,12,166,10,Juntos Haremos Historia,166,76.61691542288557,JHH
20,Oaxaca,Oax.,247,San Mateo Del Mar,20247,16.20888888888889,-94.98166666666668,15571,6.554,NO,0,0,NA,NA,58.5666293393057,69.2623792890898,64.1448778396914,0,0,0,0,0,0,0,0,0,0,0,0,0,0,Sin votación,0,NA,Empate
20,Oaxaca,Oax.,248,San Mateo Etlatongo,20248,17.415,-97.27333333333333,1120,7.87,NO,933,338,36.227224008574495,63.772775991425505,54.7677261613692,57.6923076923077,56.3283922462942,5,45,5,12,41,8,202,1,0,8,0,56,257,9,Juntos Haremos Historia,257,59.467455621301774,JHH
20,Oaxaca,Oax.,249,San Mateo Nejapam,20249,17.65583333333333,-98.41666666666669,1217,5.05,NO,794,179,22.54408060453401,77.455919395466,27.8260869565217,40.3465346534653,34.5794392523364,21,28,5,3,2,3,103,4,3,1,0,55,108,8,Juntos Haremos Historia,108,29.608938547486034,JHH
20,Oaxaca,Oax.,250,San Mateo Peñasco,20250,17.15,-97.53194444444443,1365,3.695,NO,1596,594,37.21804511278196,62.78195488721804,34.1074020319303,39.8787878787879,37.2523117569353,14,122,19,17,144,12,170,25,17,15,0,156,331,57,Juntos Haremos Historia,331,29.46127946127946,JHH
20,Oaxaca,Oax.,251,San Mateo Piñas,20251,15.99861111111111,-96.33527777777778,1978,5.4025,NO,1568,810,51.65816326530612,48.34183673469388,44.6134347275032,50.5376344086022,47.4885844748858,30,132,8,17,46,10,448,30,20,8,0,174,511,58,Juntos Haremos Historia,511,41.60493827160494,JHH
20,Oaxaca,Oax.,252,San Mateo Rio Hondo,20252,16.143333333333334,-96.4477777777778,4431,6.1025,NO,2550,1841,72.19607843137254,27.80392156862746,61.0344827586207,67.1167593328038,64.2000826787929,276,362,48,55,53,34,731,33,25,63,0,688,839,121,Juntos Haremos Historia,839,8.202064095600218,JHH
20,Oaxaca,Oax.,253,San Mateo Sindihui,20253,17.001944444444444,-97.35138888888888,1977,6.1,NO,1570,495,31.528662420382165,68.47133757961784,33.5195530726257,50.2427184466019,42.4675324675325,2,27,17,2,103,9,257,38,16,2,0,48,363,56,Juntos Haremos Historia,363,62.02020202020202,JHH
20,Oaxaca,Oax.,254,San Mateo Tlapiltepec,20254,17.809444444444445,-97.43194444444444,229,7.08,NO,171,110,64.32748538011695,35.672514619883046,67.1232876712329,72.1518987341772,69.7368421052632,1,5,1,1,0,3,94,1,1,2,0,7,95,4,Juntos Haremos Historia,95,80,JHH
20,Oaxaca,Oax.,255,San Mateo Yoloxochitlan,20255,18.142222222222223,-96.86805555555554,4138,6.970000000000001,NO,2487,1285,51.66867712102935,48.33132287897065,58.0821917808219,65.6394453004623,62.181362306728,30,389,14,12,148,9,541,24,23,31,0,434,701,78,Juntos Haremos Historia,701,20.77821011673152,JHH
20,Oaxaca,Oax.,256,San Melchor Betaza,20256,17.249444444444446,-96.15138888888887,1052,5.16,NO,807,333,41.2639405204461,58.7360594795539,48.3957219251337,53.3957845433255,51.0611735330836,8,50,15,6,16,6,197,13,5,2,0,74,220,20,Juntos Haremos Historia,220,43.84384384384384,JHH
20,Oaxaca,Oax.,257,San Miguel Achiutla,20257,17.304444444444446,-97.48833333333332,700,6.9,NO,512,225,43.9453125,56.0546875,0,0,0,4,57,6,2,22,1,100,8,2,4,0,69,125,14,Juntos Haremos Historia,125,24.88888888888889,JHH
20,Oaxaca,Oax.,258,San Miguel Ahuehuetitlan,20258,17.670555555555556,-98.32138888888888,2108,4.359999999999999,NO,1736,1090,62.78801843317973,37.21198156682027,67.1232876712329,75.1020408163265,71.3362068965517,375,215,5,9,4,11,358,5,19,61,0,595,371,85,Va por México,595,20.55045871559633,V x M
20,Oaxaca,Oax.,259,San Miguel Aloapam,20259,17.41111111111111,-96.6925,2191,5.805,NO,1726,781,45.249130938586326,54.750869061413674,46.5770171149144,64.0776699029126,55.8739255014327,23,142,20,17,20,10,467,29,15,9,0,189,504,53,Juntos Haremos Historia,504,40.33290653008963,JHH
20,Oaxaca,Oax.,260,San Miguel Amatitlan,20260,17.891111111111112,-98.02388888888888,10872,5.501111111111111,NO,5298,3697,69.78104945262363,30.21895054737637,69.482619240097,81.3603908305148,75.6377799415774,1182,716,60,27,1102,5,424,14,10,9,0,1959,1553,33,Va por México,1959,10.981877197727888,V x M
20,Oaxaca,Oax.,261,San Miguel Amatlan,20261,17.278333333333332,-96.47111111111111,887,7.243333333333333,NO,732,367,50.13661202185792,49.86338797814208,59.7222222222222,56.8831168831169,58.255033557047,3,94,6,4,10,7,210,5,3,4,0,106,227,12,Juntos Haremos Historia,227,32.9700272479564,JHH
20,Oaxaca,Oax.,262,San Miguel Chicahua,20262,17.635833333333334,-97.19472222222224,1947,6.42,NO,1639,746,45.51555826723611,54.48444173276389,50.4936530324401,70.193401592719,61.3979848866499,5,55,43,31,48,17,433,27,22,7,0,103,512,56,Juntos Haremos Historia,512,54.82573726541555,JHH
20,Oaxaca,Oax.,263,San Miguel Chimalapa,20263,16.71333333333333,-94.74777777777778,6623,6.131666666666667,NO,5142,3038,59.08206923376118,40.91793076623882,62.2511174319382,69.9958728848535,66.0933660933661,24,1339,43,15,36,29,1407,30,40,7,0,1409,1459,77,Juntos Haremos Historia,1459,1.6458196181698486,JHH
20,Oaxaca,Oax.,264,San Miguel Coatlan,20264,16.19527777777778,-96.69388888888888,2772,5.300000000000001,NO,2272,899,39.568661971830984,60.431338028169016,30.1204819277108,34.6053772766696,32.5267566309912,19,646,10,33,21,10,100,8,9,5,0,677,154,22,Va por México,677,58.17575083426029,V x M
20,Oaxaca,Oax.,265,San Miguel Del Puerto,20265,15.9225,-96.17444444444445,9011,6.163333333333333,NO,6381,2723,42.67356213759599,57.32643786240401,54.4922547332186,61.8146214099217,58.2509633104373,78,773,47,65,51,37,1222,76,158,58,0,902,1341,292,Juntos Haremos Historia,1341,16.121924348145427,JHH
20,Oaxaca,Oax.,266,San Miguel Del Rio,20266,17.320833333333333,-96.56777777777778,245,7.1,NO,211,111,52.60663507109005,47.39336492890995,56.7307692307692,66.0377358490566,61.4285714285714,1,21,8,1,3,3,67,3,0,2,0,30,71,5,Juntos Haremos Historia,71,36.93693693693694,JHH
20,Oaxaca,Oax.,267,San Miguel Ejutla,20267,16.580833333333334,-96.73944444444444,1244,7.25,NO,836,459,54.90430622009569,45.09569377990431,54.2944785276074,68.7943262411348,62.4833110814419,89,84,7,40,26,5,166,5,2,3,0,183,232,10,Juntos Haremos Historia,232,10.675381263616558,JHH
20,Oaxaca,Oax.,268,San Miguel El Grande,20268,17.045833333333334,-97.61944444444444,4590,8.798,NO,2941,1868,63.51581094865691,36.48418905134309,69.1015952980689,74.5653573728268,72.1938775510204,11,40,44,32,469,27,1132,20,14,14,0,96,1633,48,Juntos Haremos Historia,1633,82.28051391862955,JHH
20,Oaxaca,Oax.,269,San Miguel Huautla,20269,17.740277777777777,-97.14305555555556,1309,6.32,NO,891,309,34.68013468013468,65.31986531986533,48.1108312342569,55.2941176470588,52.1499448732084,7,91,11,12,17,6,130,7,3,2,0,109,159,12,Juntos Haremos Historia,159,16.181229773462782,JHH
20,Oaxaca,Oax.,270,San Miguel Mixtepec,20270,16.77777777777778,-96.95722222222224,3299,5.904999999999999,NO,2114,1254,59.31882686849575,40.68117313150425,62.303664921466,68.4306569343066,65.5777669429547,134,102,45,339,52,14,418,24,26,8,0,284,809,58,Juntos Haremos Historia,809,41.866028708133975,JHH
20,Oaxaca,Oax.,271,San Miguel Panixtlahuaca,20271,16.259722222222223,-97.37805555555556,6252,5.52,NO,4465,2011,45.03919372900336,54.96080627099664,40.9217101610217,66.8299198575245,55.3002223869533,29,414,85,20,39,19,1211,44,52,13,0,531,1272,109,Juntos Haremos Historia,1272,36.84733963202387,JHH
20,Oaxaca,Oax.,272,San Miguel Peras,20272,16.93722222222222,-97.01027777777776,4780,6.555,NO,2445,1144,46.789366053169736,53.210633946830264,58.3886255924171,62.962962962963,60.8619939050936,36,315,39,28,157,10,436,24,36,10,0,392,625,70,Juntos Haremos Historia,625,20.367132867132867,JHH
20,Oaxaca,Oax.,273,San Miguel Piedras,20273,16.998611111111114,-97.23222222222222,1266,6.87,NO,954,498,52.20125786163522,47.79874213836478,65.4501216545012,63.9511201629328,64.6341463414634,7,87,8,17,61,2,272,13,5,4,0,102,352,22,Juntos Haremos Historia,352,50.200803212851405,JHH
20,Oaxaca,Oax.,274,San Miguel Quetzaltepec,20274,16.972777777777775,-95.75972222222222,7264,5.333333333333333,NO,5257,1298,24.69088833935705,75.30911166064296,31.2891113892365,41.4662084765178,36.6028708133971,22,275,45,33,443,12,329,29,20,12,0,342,806,61,Juntos Haremos Historia,806,35.747303543913716,JHH
20,Oaxaca,Oax.,275,San Miguel Santa Flor,20275,17.920833333333334,-96.79861111111111,673,3.56,NO,560,281,50.17857142857143,49.82142857142857,48.9795918367347,66.4206642066421,57.3451327433628,11,95,11,5,9,9,86,9,6,6,0,119,100,21,Va por México,119,6.761565836298932,V x M
20,Oaxaca,Oax.,276,San Miguel Soyaltepec,20276,18.239444444444445,-96.40305555555555,38300,6.980833333333333,NO,27931,21883,78.34663993412337,21.653360065876623,64.4677781340173,69.7845249755142,67.3066865894658,682,10143,241,95,154,183,9464,174,283,175,0,11068,9715,632,Va por México,11068,6.182881688982315,V x M
20,Oaxaca,Oax.,277,San Miguel Suchixtepec,20277,16.092777777777776,-96.46666666666668,2934,6.96,NO,2170,687,31.658986175115206,68.3410138248848,42.9454170957776,55.2073732718894,49.4163424124514,26,115,18,14,32,17,355,13,10,21,0,160,401,44,Juntos Haremos Historia,401,35.080058224163025,JHH
20,Oaxaca,Oax.,278,Villa Talea De Castro,20278,17.361666666666668,-96.24833333333332,2369,6.996666666666666,NO,1668,719,43.10551558752997,56.89448441247003,48.6666666666667,59.2511013215859,54.4632086851628,13,45,19,11,71,15,500,17,3,4,0,78,586,24,Juntos Haremos Historia,586,70.65368567454799,JHH
20,Oaxaca,Oax.,279,San Miguel Tecomatlan,20279,17.393055555555556,-97.26805555555556,424,7.7,NO,240,142,59.166666666666664,40.833333333333336,62.3931623931624,61.1111111111111,61.7283950617284,5,38,1,5,15,3,64,3,2,3,0,44,85,8,Juntos Haremos Historia,85,28.87323943661972,JHH
20,Oaxaca,Oax.,280,San Miguel Tenango,20280,16.266111111111112,-95.595,745,6.92,NO,611,256,41.89852700490999,58.10147299509001,56.957928802589,55.7971014492754,56.4102564102564,10,46,7,6,13,6,146,9,0,4,0,63,165,13,Juntos Haremos Historia,165,39.84375,JHH
20,Oaxaca,Oax.,281,San Miguel Tequixtepec,20281,17.801944444444445,-97.34055555555555,1052,6.403333333333333,NO,732,326,44.53551912568306,55.46448087431694,50.297619047619,55.3805774278215,52.9986052998605,6,36,5,3,22,1,239,3,1,2,0,47,267,6,Juntos Haremos Historia,267,67.48466257668711,JHH
20,Oaxaca,Oax.,282,San Miguel Tilquiapam,20282,16.780555555555555,-96.58111111111111,3141,4.3100000000000005,NO,2317,841,36.296935692706086,63.703064307293914,34.1254752851711,54.2925278219396,45.1082251082251,44,126,61,22,147,9,273,32,30,20,0,234,444,82,Juntos Haremos Historia,444,24.970273483947683,JHH
20,Oaxaca,Oax.,283,San Miguel Tlacamama,20283,16.41611111111111,-98.06361111111111,3597,7.525,NO,2726,2155,79.05355832721936,20.946441672780637,76.5195670274771,86.1386138613861,81.5433571996818,33,841,74,6,13,35,672,23,374,9,0,949,692,406,Va por México,949,11.925754060324826,V x M
20,Oaxaca,Oax.,284,San Miguel Tlacotepec,20284,17.454166666666666,-98.00583333333331,2941,5.945,NO,2422,709,29.27332782824113,70.72667217175888,44.4746376811594,51.8433179723502,48.4621778886118,9,77,23,31,40,20,419,25,24,13,0,110,490,62,Juntos Haremos Historia,490,53.596614950634695,JHH
20,Oaxaca,Oax.,285,San Miguel Tulancingo,20285,17.750555555555554,-97.44111111111113,307,6.92,NO,270,122,45.18518518518518,54.81481481481482,64.6017699115044,47.953216374269,54.5774647887324,4,14,2,1,9,9,75,3,0,3,0,20,85,6,Juntos Haremos Historia,85,53.278688524590166,JHH
20,Oaxaca,Oax.,286,San Miguel Yotao,20286,17.36861111111111,-96.33666666666666,585,6.76,NO,464,179,38.577586206896555,61.422413793103445,56.3106796116505,73.4782608695652,65.3669724770642,5,26,0,3,4,2,117,8,1,1,0,31,124,10,Juntos Haremos Historia,124,51.95530726256983,JHH
20,Oaxaca,Oax.,287,San Nicolas,20287,16.419444444444444,-96.74055555555556,1207,5.45,NO,898,514,57.23830734966593,42.76169265033407,56.390977443609,69.9788583509514,63.7614678899083,119,85,2,12,13,6,220,12,14,2,0,208,245,28,Juntos Haremos Historia,245,7.198443579766537,JHH
20,Oaxaca,Oax.,288,San Nicolas Hidalgo,20288,17.782777777777778,-98.14361111111111,996,6.67,NO,825,585,70.9090909090909,29.090909090909093,64.7668393782383,77.1356783919598,71.0459183673469,5,28,158,4,4,2,241,15,5,111,0,192,249,131,Juntos Haremos Historia,249,9.743589743589743,JHH
20,Oaxaca,Oax.,289,San Pablo Coatlan,20289,16.223055555555554,-96.7825,4267,6.62,NO,3003,1524,50.74925074925075,49.25074925074925,57.7363896848138,69.9864498644986,64.0320334261838,32,656,22,26,37,26,558,51,24,33,0,713,621,108,Va por México,713,6.036745406824147,V x M
20,Oaxaca,Oax.,290,San Pablo Cuatro Venados,20290,16.983333333333334,-96.89083333333332,1505,7.18,NO,1039,580,55.822906641000955,44.177093358999045,58.2781456953642,69.8681732580038,64.5325203252033,23,99,5,74,30,5,296,11,6,5,0,128,402,22,Juntos Haremos Historia,402,47.241379310344826,JHH
20,Oaxaca,Oax.,291,San Pablo Etla,20291,17.144444444444446,-96.76,16868,11.286666666666669,SI,11045,4411,39.93662290629244,60.06337709370756,54.9239222316145,61.8120085775554,58.6560805577072,322,726,52,67,215,139,2326,174,60,141,0,1103,2610,375,Juntos Haremos Historia,2610,34.1645885286783,JHH
20,Oaxaca,Oax.,292,San Pablo Huitzo,20292,17.27638888888889,-96.8825,7173,9.612,NO,5364,3923,73.13571961222968,26.86428038777032,71.7400246812011,78.453829634932,75.3301435406699,119,530,32,48,180,379,2208,33,254,39,0,684,2436,326,Juntos Haremos Historia,2436,44.65969920978843,JHH
20,Oaxaca,Oax.,293,San Pablo Huixtepec,20293,16.826944444444443,-96.78083333333332,9995,9.061666666666667,NO,7729,5832,75.45607452451804,24.543925475481956,70.438175270108,80.0713557594292,75.6477398015436,451,981,59,909,614,114,2210,49,35,124,0,1495,3734,208,Juntos Haremos Historia,3734,38.39163237311386,JHH
20,Oaxaca,Oax.,294,San Pablo Macuiltianguis,20294,17.53388888888889,-96.55333333333331,955,6.89,NO,750,391,52.13333333333333,47.86666666666667,60.5820105820106,69.047619047619,64.8148148148148,9,66,78,6,18,8,181,13,5,1,0,153,206,19,Juntos Haremos Historia,206,13.554987212276215,JHH
20,Oaxaca,Oax.,295,San Pablo Tijaltepec,20295,17.018055555555556,-97.5,2799,6.79,NO,1558,749,48.07445442875481,51.92554557124519,53.6731634182909,62.8205128205128,58.8196721311475,12,61,34,43,332,9,137,51,11,2,0,107,512,64,Juntos Haremos Historia,512,54.0720961281709,JHH
20,Oaxaca,Oax.,296,San Pablo Villa De Mitla,20296,16.920833333333334,-96.36166666666666,13617,7.061249999999999,NO,9695,7355,75.86384734399175,24.13615265600825,73.207100591716,81.4669421487603,77.6172090457805,1306,2208,88,95,467,118,2675,70,32,40,0,3606,3239,142,Va por México,3606,4.989802855200544,V x M
20,Oaxaca,Oax.,297,San Pablo Yaganiza,20297,17.14527777777778,-96.22777777777776,1125,6.63,NO,778,246,31.619537275064268,68.38046272493574,55.2112676056338,57.9310344827586,56.7088607594937,1,13,6,2,6,4,199,4,3,0,0,20,208,7,Juntos Haremos Historia,208,76.42276422764228,JHH
20,Oaxaca,Oax.,298,San Pedro Amuzgos,20298,16.65361111111111,-98.08888888888887,6632,6.89,NO,4983,3735,74.95484647802529,25.04515352197471,66.8831168831169,78.1549520766773,72.9399141630901,8,978,1054,11,16,12,1500,12,27,25,0,2040,1527,64,Va por México,2040,13.734939759036145,V x M
20,Oaxaca,Oax.,299,San Pedro Apostol,20299,16.734722222222224,-96.72611111111112,1594,7.665,NO,1302,488,37.48079877112136,62.51920122887864,50,54.6762589928058,52.5610717100079,27,49,6,99,23,8,234,12,2,7,0,82,356,21,Juntos Haremos Historia,356,56.14754098360656,JHH
20,Oaxaca,Oax.,300,San Pedro Atoyac,20300,16.488055555555558,-97.98555555555556,4559,6.005,NO,3204,2608,81.39825218476904,18.601747815230965,42.7191679049034,52.9706066291432,48.2852292020373,41,158,385,335,558,206,477,160,48,19,0,586,1371,227,Juntos Haremos Historia,1371,30.099693251533743,JHH
20,Oaxaca,Oax.,301,San Pedro Cajonos,20301,17.168055555555558,-96.2611111111111,1000,7.01,NO,836,369,44.13875598086124,55.86124401913876,50.297619047619,62.1052631578947,57.213316892725,2,40,3,4,6,7,278,4,3,3,0,46,290,10,Juntos Haremos Historia,290,66.12466124661246,JHH
20,Oaxaca,Oax.,302,San Pedro Coxcaltepec Cantaros,20302,17.499166666666667,-97.13805555555555,716,6.17,NO,604,261,43.211920529801326,56.788079470198674,55.5555555555556,54.8286604361371,55.160744500846,7,34,7,7,8,3,175,8,3,1,0,49,190,12,Juntos Haremos Historia,190,54.02298850574713,JHH
20,Oaxaca,Oax.,303,San Pedro Comitancillo,20303,16.490277777777777,-95.15972222222224,4419,10.84,NO,3699,2676,72.34387672343877,27.65612327656123,75.9830611010284,80.561555075594,78.4022824536377,18,213,49,174,92,23,1479,57,15,363,0,283,1746,435,Juntos Haremos Historia,1746,48.99103139013453,JHH
20,Oaxaca,Oax.,304,San Pedro El Alto,20304,16.031666666666666,-96.4738888888889,4875,5.395,NO,2707,1011,37.347617288511266,62.652382711488734,53.9800995024876,63.6991557943208,59.0275009964129,170,257,29,44,83,27,250,29,29,6,0,458,377,64,Va por México,458,8.011869436201781,V x M
20,Oaxaca,Oax.,305,San Pedro Huamelula,20305,16.025,-95.6652777777778,9733,7.284285714285715,NO,7546,5642,74.76808905380335,25.23191094619665,62.6666666666667,69.6555494805905,66.2258109425031,32,747,34,70,146,76,3607,371,262,96,0,818,3824,729,Juntos Haremos Historia,3824,53.2789790854307,JHH
20,Oaxaca,Oax.,306,San Pedro Huilotepec,20306,16.24388888888889,-95.15,3971,8.98,SI,2416,1773,73.38576158940397,26.61423841059603,65.6940760389036,75.8564437194127,70.9800593975392,23,338,5,14,314,120,734,164,7,10,0,367,1063,181,Juntos Haremos Historia,1063,39.25549915397631,JHH
20,Oaxaca,Oax.,307,San Pedro Ixcatlan,20307,18.14472222222222,-96.51,11630,5.872222222222223,NO,7808,6372,81.60860655737704,18.391393442622956,81.4547473625764,86.6211431461811,84.1582848067761,161,2132,115,60,37,80,3231,77,185,33,0,2409,3328,295,Juntos Haremos Historia,3328,14.422473320778405,JHH
20,Oaxaca,Oax.,308,San Pedro Ixtlahuaca,20308,17.063055555555557,-96.81805555555556,11416,8.184999999999999,NO,8302,2607,31.402071789930137,68.59792821006987,50.8388730610953,58.4534368070954,54.8987734594355,81,652,38,84,132,80,1292,47,22,48,0,773,1510,117,Juntos Haremos Historia,1510,28.270042194092827,JHH
20,Oaxaca,Oax.,309,San Pedro Jaltepetongo,20309,17.68861111111111,-97.03388888888888,483,5.66,NO,366,186,50.81967213114754,49.18032786885246,62.7218934911243,52.7093596059113,57.258064516129,2,19,2,1,5,1,138,8,6,0,0,24,144,14,Juntos Haremos Historia,144,64.51612903225806,JHH
20,Oaxaca,Oax.,310,San Pedro Jicayan,20310,16.450277777777778,-98.015,11279,6.822857142857143,NO,7889,5735,72.69615920902523,27.303840790974775,57.068667051356,65.0037603409376,61.3145539906103,52,996,1098,111,69,72,1746,94,861,140,0,2150,1928,1095,Va por México,2150,3.870967741935484,V x M
20,Oaxaca,Oax.,311,San Pedro Jocotipac,20311,17.76861111111111,-97.07944444444443,730,5.84,NO,635,286,45.03937007874016,54.96062992125984,51.7730496453901,55.1532033426184,53.6661466458658,1,99,5,4,3,1,142,16,0,2,0,107,149,18,Juntos Haremos Historia,149,14.685314685314685,JHH
20,Oaxaca,Oax.,312,San Pedro Juchatengo,20312,16.34,-97.08722222222222,1572,7.26,NO,1287,665,51.67055167055167,48.32944832944833,60.2169981916817,71.0691823899371,66.0218671152229,24,341,11,5,8,20,163,12,2,45,0,377,177,59,Va por México,377,30.075187969924812,V x M
20,Oaxaca,Oax.,313,San Pedro Martir,20313,16.74361111111111,-96.71194444444444,1915,6.64,NO,1449,461,31.815044858523116,68.18495514147688,21.0873146622735,31.1454311454311,26.7341040462428,66,97,9,60,20,7,160,7,3,10,0,174,242,20,Juntos Haremos Historia,242,14.750542299349242,JHH
20,Oaxaca,Oax.,314,San Pedro Martir Quiechapa,20314,16.413055555555555,-96.24722222222222,738,8.16,NO,527,268,50.853889943074,49.146110056926,53.9370078740158,64.8936170212766,59.7014925373134,11,22,6,9,47,2,154,2,2,4,0,40,211,8,Juntos Haremos Historia,211,63.80597014925373,JHH
20,Oaxaca,Oax.,315,San Pedro Martir Yucuxaco,20315,17.430555555555557,-97.6111111111111,1242,7.26,NO,1058,335,31.66351606805293,68.33648393194707,47.1698113207547,54.0952380952381,50.7984031936128,11,43,8,4,27,1,203,12,3,2,0,64,234,17,Juntos Haremos Historia,234,50.74626865671642,JHH
20,Oaxaca,Oax.,316,San Pedro Mixtepec,20316,15.98277777777778,-97.08277777777778,48946,8.738461538461538,NO,37599,20226,53.793983882550066,46.206016117449934,57.3845781967609,65.7791526266365,61.770223081585,447,6673,199,234,158,454,10363,192,477,173,0,7322,10759,842,Juntos Haremos Historia,10759,16.9929793335311,JHH
20,Oaxaca,Oax.,317,San Pedro Mixtepec,20317,16.27111111111111,-96.2825,972,6.77,NO,743,317,42.664872139973085,57.335127860026915,47.0404984423676,53.4722222222222,50.730411686587,2,35,3,4,6,4,225,8,9,6,0,41,237,23,Juntos Haremos Historia,237,61.829652996845425,JHH
20,Oaxaca,Oax.,318,San Pedro Molinos,20318,17.10138888888889,-97.54305555555555,694,7.59,NO,536,286,53.35820895522389,46.64179104477611,59.9173553719008,67.2413793103448,63.9097744360902,1,25,10,43,83,4,87,12,3,4,0,37,213,19,Juntos Haremos Historia,213,61.53846153846154,JHH
20,Oaxaca,Oax.,319,San Pedro Nopala,20319,17.804166666666667,-97.54055555555556,822,6.23,NO,535,301,56.26168224299065,43.73831775700935,58.1967213114754,59.6491228070175,58.9792060491493,5,28,5,2,7,5,210,7,13,6,0,40,221,26,Juntos Haremos Historia,221,60.1328903654485,JHH
20,Oaxaca,Oax.,320,San Pedro Ocopetatillo,20320,18.184166666666663,-96.91277777777778,773,4.91,NO,556,322,57.9136690647482,42.0863309352518,62.6506024096386,67.6100628930818,65.4320987654321,8,214,2,6,8,2,48,7,2,2,0,228,62,11,Va por México,228,51.5527950310559,V x M
20,Oaxaca,Oax.,321,San Pedro Ocotepec,20321,16.954166666666666,-95.84444444444443,2404,6.77,NO,1392,278,19.97126436781609,80.02873563218391,37.0805369127517,37.1641791044776,37.124802527646096,13,52,5,12,44,4,119,16,4,0,0,71,176,20,Juntos Haremos Historia,176,37.76978417266187,JHH
20,Oaxaca,Oax.,322,San Pedro Pochutla,20322,15.744444444444444,-96.4652777777778,47025,7.361111111111111,NO,35235,21483,60.970625798212005,39.029374201787995,58.8945686900959,68.5945053649334,63.9396541150497,762,2144,1778,2994,997,1168,8738,429,317,881,0,4688,12729,1627,Juntos Haremos Historia,12729,37.429595494111624,JHH
20,Oaxaca,Oax.,323,San Pedro Quiatoni,20323,16.783333333333335,-96.03111111111112,12795,5.566666666666666,NO,7970,3786,47.50313676286073,52.49686323713927,55.2092609082814,63.9553014553015,59.8725232090896,108,1057,83,64,551,60,1557,89,48,29,0,1251,2174,166,Juntos Haremos Historia,2174,24.379292128895933,JHH
20,Oaxaca,Oax.,324,San Pedro Sochiapam,20324,17.8275,-96.66222222222224,5052,5.613333333333333,NO,3217,1479,45.97451041342866,54.02548958657134,47.5261324041812,59.4157862026103,53.8107752956636,25,649,27,24,30,19,560,37,18,15,0,704,614,70,Va por México,704,6.085192697768763,V x M
20,Oaxaca,Oax.,325,San Pedro Tapanatepec,20325,16.366111111111113,-94.19333333333334,15430,7.055555555555555,NO,10493,6589,62.79424378156866,37.20575621843134,68.9073881373569,74.0284360189574,71.5873015873016,909,532,48,61,73,39,4586,42,94,27,0,1492,4720,163,Juntos Haremos Historia,4720,48.99074214600091,JHH
20,Oaxaca,Oax.,326,San Pedro Taviche,20326,16.636388888888888,-96.53722222222224,1441,6.21,NO,910,407,44.72527472527473,55.27472527472527,39.3120393120393,43.6781609195402,41.5676959619952,21,192,10,8,62,1,89,3,2,1,0,223,159,6,Va por México,223,15.724815724815725,V x M
20,Oaxaca,Oax.,327,San Pedro Teozacoalco,20327,17.015833333333333,-97.28666666666666,1460,6.86,NO,954,492,51.57232704402516,48.42767295597484,58.0275229357798,61.4770459081836,59.871931696905,14,45,7,9,10,10,336,16,5,6,0,67,357,27,Juntos Haremos Historia,357,58.94308943089431,JHH
20,Oaxaca,Oax.,328,San Pedro Teutila,20328,17.974999999999998,-96.70416666666668,4522,6.24,NO,3024,1796,59.39153439153439,40.60846560846561,63.9244774106541,72.1928665785997,68.1014347681014,58,490,30,12,44,15,991,36,38,27,0,581,1047,101,Juntos Haremos Historia,1047,25.946547884187083,JHH
20,Oaxaca,Oax.,329,San Pedro Tidaa,20329,17.340277777777775,-97.37666666666668,982,6.205,NO,657,284,43.22678843226788,56.77321156773212,54.8262548262548,49.6932515337423,51.965811965812,9,31,5,8,50,0,149,8,9,2,0,45,207,19,Juntos Haremos Historia,207,57.04225352112676,JHH
20,Oaxaca,Oax.,330,San Pedro Topiltepec,20330,17.43611111111111,-97.34444444444443,596,6.83,NO,294,203,69.04761904761905,30.95238095238095,65.0406504065041,63.6942675159236,64.2857142857143,2,24,2,7,12,1,133,2,3,3,0,28,153,8,Juntos Haremos Historia,153,61.576354679802954,JHH
20,Oaxaca,Oax.,331,San Pedro Totolapam,20331,16.665277777777778,-96.30194444444444,3294,7.79,NO,2440,800,32.78688524590164,67.21311475409837,32.7392120075047,40.5165456012914,36.9197396963124,57,93,14,10,103,8,471,9,8,5,0,166,585,22,Juntos Haremos Historia,585,52.375,JHH
20,Oaxaca,Oax.,332,Villa De Tututepec,20332,16.128333333333334,-97.6086111111111,51166,7.103809523809524,NO,35196,20525,58.31628594158427,41.68371405841573,56.5071102082275,65.7885811192764,61.4167812929849,261,6939,384,256,1455,407,9224,184,222,369,0,7585,10938,775,Juntos Haremos Historia,10938,16.33617539585871,JHH
20,Oaxaca,Oax.,333,San Pedro Y San Pablo Ayutla,20333,17.025555555555556,-96.08,4480,5.57,NO,3913,1392,35.57372859698441,64.42627140301559,46.71581769437,49.8847395112955,48.5932805244469,52,196,27,55,186,16,675,41,48,19,0,278,920,108,Juntos Haremos Historia,920,46.12068965517241,JHH
20,Oaxaca,Oax.,334,San Pedro Y San Pablo Teposcolula,20334,17.510555555555555,-97.48833333333332,4348,8.3,NO,3373,2453,72.72457752742366,27.275422472576334,68.5147159479808,75.802752293578,72.4804992199688,29,462,27,31,214,152,1239,27,12,117,0,521,1487,156,Juntos Haremos Historia,1487,39.38035059111292,JHH
20,Oaxaca,Oax.,335,San Pedro Y San Pablo Tequixtepec,20335,18.060277777777777,-97.71888888888888,1760,6.835714285714285,NO,1443,685,47.47054747054747,52.52945252945253,53.9657853810264,57.3604060913706,55.8350803633822,40,125,20,22,50,15,369,16,10,3,0,185,442,29,Juntos Haremos Historia,442,37.518248175182485,JHH
20,Oaxaca,Oax.,336,San Pedro Yaneri,20336,17.41861111111111,-96.35444444444444,867,6.82,NO,674,284,42.13649851632047,57.86350148367953,59.2476489028213,66.189111747851,62.874251497006,7,40,21,7,4,3,175,8,7,2,0,68,187,17,Juntos Haremos Historia,187,41.901408450704224,JHH
20,Oaxaca,Oax.,337,San Pedro Yolox,20337,17.5875,-96.55166666666666,1382,5.8,NO,1605,1024,63.8006230529595,36.1993769470405,44.3499392466586,47.5352112676056,45.9701492537313,29,147,21,20,30,11,684,24,13,8,0,198,736,45,Juntos Haremos Historia,736,52.5390625,JHH
20,Oaxaca,Oax.,338,San Pedro Yucunama,20338,17.560277777777777,-97.4825,241,7.64,NO,194,116,59.79381443298969,40.20618556701031,69.0140845070423,64.7058823529412,66.4739884393064,3,40,1,2,0,1,53,2,0,14,0,44,55,16,Juntos Haremos Historia,55,9.482758620689655,JHH
20,Oaxaca,Oax.,339,San Raymundo Jalpan,20339,16.970555555555553,-96.75527777777778,3123,9.77,NO,1982,867,43.74369323915237,56.25630676084763,57.5909661229611,72.0430107526882,65.7142857142857,25,164,20,26,49,27,464,17,5,27,0,210,542,49,Juntos Haremos Historia,542,38.292964244521336,JHH
20,Oaxaca,Oax.,340,San Sebastian Abasolo,20340,16.993333333333336,-96.58833333333332,1664,7.66,NO,1523,564,37.03217334208798,62.96782665791202,46.433770014556,58.1366459627329,52.7479892761394,37,143,14,10,57,6,257,13,7,7,0,195,324,27,Juntos Haremos Historia,324,22.872340425531913,JHH
20,Oaxaca,Oax.,341,San Sebastian Coatlan,20341,16.200555555555553,-96.82583333333334,2993,6.64,NO,1986,839,42.245720040281974,57.754279959718026,60.7886089813801,72.3046488625124,66.8399168399168,46,426,4,19,11,8,267,15,6,6,0,477,297,27,Va por México,477,21.454112038140643,V x M
20,Oaxaca,Oax.,342,San Sebastian Ixcapa,20342,16.5425,-98.14444444444445,4289,7.4625,NO,3187,2511,78.7888296203326,21.211170379667394,71.0635359116022,79.8039215686275,75.5540631296172,15,986,68,11,53,157,1022,16,119,9,0,1072,1088,144,Juntos Haremos Historia,1088,0.6371963361210673,JHH
20,Oaxaca,Oax.,343,San Sebastian Nicananduta,20343,17.516666666666666,-97.68472222222222,1542,6.26,NO,1271,525,41.30605822187255,58.69394177812745,29.6641791044776,41.7664670658683,36.3787375415282,5,18,7,3,9,1,460,6,1,3,0,32,472,10,Juntos Haremos Historia,472,83.80952380952381,JHH
20,Oaxaca,Oax.,344,San Sebastian Rio Hondo,20344,16.181944444444447,-96.46388888888887,4766,7.216666666666667,NO,2872,1459,50.8008356545961,49.1991643454039,61.2009237875289,69.8540145985401,65.6425627575871,29,708,172,44,15,19,337,23,16,18,0,910,396,57,Va por México,910,35.22960932145305,V x M
20,Oaxaca,Oax.,345,San Sebastian Tecomaxtlahuaca,20345,17.345277777777778,-98.03083333333332,8332,5.6755555555555555,NO,6119,2484,40.59486844255598,59.40513155744402,46.1457970003488,51.5909793018227,49.0334207077326,65,252,76,69,96,69,1472,56,92,82,0,394,1637,230,Juntos Haremos Historia,1637,50.0402576489533,JHH
20,Oaxaca,Oax.,346,San Sebastian Teitipac,20346,16.950277777777778,-96.61361111111113,2191,7.11,NO,1722,606,35.19163763066202,64.80836236933797,45.1742627345845,55.8855885588559,51.0574018126888,20,91,6,9,92,7,322,15,6,5,0,120,428,26,Juntos Haremos Historia,428,50.82508250825082,JHH
20,Oaxaca,Oax.,347,San Sebastian Tutla,20347,17.059722222222224,-96.67222222222225,16285,12.96,SI,12840,5845,45.521806853582554,54.478193146417446,65.2391149179158,70.9148905321154,68.3705303575714,499,1066,79,124,184,252,3029,123,49,219,0,1648,3341,391,Juntos Haremos Historia,3341,28.96492728828058,JHH
20,Oaxaca,Oax.,348,San Simon Almolongas,20348,16.40722222222222,-96.71888888888888,2534,5.6899999999999995,NO,2269,722,31.820185103569855,68.17981489643014,43.8931297709924,57.9881656804734,51.3670999551771,65,120,9,30,15,13,377,25,16,4,0,195,422,45,Juntos Haremos Historia,422,31.440443213296398,JHH
20,Oaxaca,Oax.,349,San Simon Zahuatlan,20349,17.82777777777778,-98.0038888888889,804,5.95,NO,2699,979,36.2726935902186,63.7273064097814,47.1966527196653,46.9471947194719,47.0710427918571,9,446,91,18,34,13,238,17,16,5,0,550,290,38,Va por México,550,26.55771195097038,V x M
20,Oaxaca,Oax.,350,San Vicente Coatlan,20350,16.386388888888888,-96.84444444444443,3512,5.245,NO,2998,623,20.780520346897937,79.21947965310207,23.5708692247455,27.7266754270696,25.8306538049303,207,105,30,45,31,6,117,10,4,3,0,344,193,17,Va por México,344,24.23756019261637,V x M
20,Oaxaca,Oax.,351,San Vicente Lachixio,20351,16.703611111111112,-97.01916666666666,3450,6.42,NO,2145,894,41.67832167832168,58.32167832167832,49.6124031007752,66.4590747330961,58.9541193882585,21,91,13,415,76,9,209,14,3,7,0,127,700,24,Juntos Haremos Historia,700,64.09395973154362,JHH
20,Oaxaca,Oax.,352,San Vicente Nuñu,20352,17.455555555555556,-97.44166666666668,449,7.18,NO,377,202,53.58090185676393,46.41909814323607,52.8409090909091,58.7939698492462,56,16,72,2,3,0,1,95,3,1,4,0,90,98,8,Juntos Haremos Historia,98,3.9603960396039604,JHH
20,Oaxaca,Oax.,353,Santa Ana,20353,16.340555555555554,-96.7175,2406,6.52,NO,1680,563,33.51190476190476,66.48809523809524,41.5211970074813,61.4906832298137,51.5245799626634,19,71,10,31,23,11,286,19,13,24,0,102,340,56,Juntos Haremos Historia,340,42.273534635879216,JHH
20,Oaxaca,Oax.,354,Santa Ana Ateixtlahuaca,20354,18.209722222222226,-96.90583333333332,1076,4.72,NO,321,180,56.074766355140184,43.925233644859816,59.7315436241611,61.4942528735632,60.6811145510836,4,79,4,0,5,3,59,5,2,5,0,88,64,12,Va por México,88,13.333333333333334,V x M
20,Oaxaca,Oax.,355,Santa Ana Cuauhtemoc,20355,17.983333333333334,-96.79527777777776,618,5.73,NO,495,313,63.23232323232323,36.76767676767677,63.855421686747,77.0161290322581,70.4225352112676,1,96,6,4,4,7,163,7,2,3,0,105,171,12,Juntos Haremos Historia,171,21.08626198083067,JHH
20,Oaxaca,Oax.,356,Santa Ana Del Valle,20356,16.99361111111111,-96.47166666666666,2179,6.66,NO,1740,543,31.20689655172414,68.79310344827586,39.4736842105263,46.9248291571754,43.3770883054893,8,73,6,6,67,10,327,16,6,7,0,88,401,29,Juntos Haremos Historia,401,57.6427255985267,JHH
20,Oaxaca,Oax.,357,Santa Ana Tavela,20357,16.654166666666665,-95.90972222222224,848,6.97,NO,655,367,56.03053435114504,43.96946564885496,0,0,0,4,141,5,31,30,6,122,6,2,0,0,150,183,8,Juntos Haremos Historia,183,8.991825613079019,JHH
20,Oaxaca,Oax.,358,Santa Ana Tlapacoyan,20358,16.743055555555557,-96.83694444444444,1968,6.385,NO,1681,826,49.13741820345033,50.86258179654967,52.4296675191816,67.6571428571429,60.4707302353651,100,119,15,104,23,11,383,14,9,7,0,234,510,30,Juntos Haremos Historia,510,33.41404358353511,JHH
20,Oaxaca,Oax.,359,Santa Ana Yareni,20359,17.397222222222222,-96.61027777777775,637,5.41,NO,639,243,38.028169014084504,61.971830985915496,42.6621160409556,52.1978021978022,47.945205479452,5,7,9,9,14,2,180,6,7,3,0,21,203,16,Juntos Haremos Historia,203,74.89711934156378,JHH
20,Oaxaca,Oax.,360,Santa Ana Zegache,20360,16.837777777777777,-96.725,4089,7.1,NO,3030,2103,69.4059405940594,30.5940594059406,63.2561613144137,81.6813048933501,73.2696897374702,278,109,29,653,384,24,413,27,14,15,0,418,1453,56,Juntos Haremos Historia,1453,49.215406562054206,JHH
20,Oaxaca,Oax.,361,Santa Catalina Quieri,20361,16.31972222222222,-96.26694444444443,825,5.74,NO,668,325,48.65269461077844,51.34730538922156,47.098976109215,73.4417344173442,61.7824773413897,8,24,2,4,8,6,206,22,6,14,0,34,218,42,Juntos Haremos Historia,218,54.15384615384615,JHH
20,Oaxaca,Oax.,362,Santa Catarina Cuixtla,20362,16.304444444444446,-96.64527777777778,1394,6.74,NO,1102,469,42.55898366606171,57.44101633393829,55.6277056277056,57.6744186046512,56.8202348690154,21,69,5,18,16,9,267,15,11,15,0,96,301,41,Juntos Haremos Historia,301,43.71002132196162,JHH
20,Oaxaca,Oax.,363,Santa Catarina Ixtepeji,20363,17.265833333333333,-96.56222222222222,2660,7.67,NO,2098,755,35.986653956148714,64.01334604385129,52.1212121212121,58.2857142857143,55.2941176470588,13,241,6,13,27,9,400,5,8,11,0,263,441,24,Juntos Haremos Historia,441,23.576158940397352,JHH
20,Oaxaca,Oax.,364,Santa Catarina Juquila,20364,16.23638888888889,-97.29194444444444,18470,6.3,NO,12579,9101,72.35074330232928,27.64925669767072,62.5932300631096,71.1491442542787,67.2122492080253,673,2757,602,55,1022,99,3098,111,128,220,0,4036,4177,459,Juntos Haremos Historia,4177,1.5492802988682561,JHH
20,Oaxaca,Oax.,365,Santa Catarina Lachatao,20365,17.268055555555556,-96.47194444444445,1110,7.646666666666667,NO,994,568,57.14285714285714,42.85714285714286,54.251012145749,57.1713147410359,55.7228915662651,14,76,16,14,24,7,367,14,3,4,0,108,408,21,Juntos Haremos Historia,408,52.816901408450704,JHH
20,Oaxaca,Oax.,366,Santa Catarina Loxicha,20366,16.066666666666666,-96.75444444444445,3675,5.553333333333334,NO,2442,771,31.57248157248157,68.42751842751844,44.3636363636364,55.1942902458366,50.1482422702245,17,199,15,13,27,14,396,19,18,19,0,232,436,56,Juntos Haremos Historia,436,26.459143968871594,JHH
20,Oaxaca,Oax.,367,Santa Catarina Mechoacan,20367,16.33361111111111,-97.83555555555554,4582,6.415,NO,3084,1459,47.30869001297017,52.69130998702983,56.1946902654867,71.5108834827145,64.3934201507882,19,586,137,16,40,12,510,17,70,10,0,743,566,97,Va por México,743,12.131596984235777,V x M
20,Oaxaca,Oax.,368,Santa Catarina Minas,20368,16.7775,-96.615,2067,7.305,NO,1517,715,47.13249835201055,52.86750164798945,53.8694992412747,67.5,60.9862218999275,40,117,29,83,101,8,257,19,4,16,0,189,443,39,Juntos Haremos Historia,443,35.52447552447553,JHH
20,Oaxaca,Oax.,369,Santa Catarina Quiane,20369,16.880277777777778,-96.74083333333331,2189,7.92,NO,1620,739,45.617283950617285,54.382716049382715,56.9148936170213,73.2377538829152,65.5129011957206,26,77,7,121,71,12,358,10,14,12,0,112,555,36,Juntos Haremos Historia,555,59.945872801082544,JHH
20,Oaxaca,Oax.,370,Santa Catarina Quioquitani,20370,16.314722222222223,-96.28444444444445,456,6.81,NO,351,223,63.53276353276354,36.46723646723646,64.0243902439024,74.1176470588235,69.1616766467066,2,13,1,0,7,6,176,7,0,5,0,17,183,12,Juntos Haremos Historia,183,74.43946188340807,JHH
20,Oaxaca,Oax.,371,Santa Catarina Tayata,20371,17.34583333333333,-97.55833333333334,662,9.03,NO,552,297,53.80434782608695,46.19565217391305,62.3893805309734,65.8273381294964,64.2857142857143,5,57,9,5,20,4,176,4,1,1,0,73,203,6,Juntos Haremos Historia,203,43.77104377104377,JHH
20,Oaxaca,Oax.,372,Santa Catarina Ticua,20372,17.070833333333333,-97.53611111111113,986,7.04,NO,754,459,60.87533156498674,39.12466843501326,26.7741935483871,23.3333333333333,24.7945205479452,5,25,17,12,87,9,239,22,5,11,0,47,338,38,Juntos Haremos Historia,338,63.39869281045752,JHH
20,Oaxaca,Oax.,373,Santa Catarina Yosonotu,20373,17.019444444444442,-97.66111111111113,1383,5.903333333333333,NO,1087,511,47.01011959521619,52.98988040478381,62.8336755646817,65.2665589660743,64.1952983725136,8,27,28,12,104,10,251,10,18,6,0,65,367,34,Juntos Haremos Historia,367,59.099804305283755,JHH
20,Oaxaca,Oax.,374,Santa Catarina Zapoquila,20374,18.06527777777778,-97.60138888888888,403,6.8,NO,353,149,42.20963172804532,57.79036827195468,58.2417582417582,61.6766467065868,59.8853868194842,14,26,4,9,2,1,85,3,2,0,0,45,96,5,Juntos Haremos Historia,96,34.22818791946309,JHH
20,Oaxaca,Oax.,375,Santa Cruz Acatepec,20375,18.16111111111111,-96.875,1645,6.33,NO,1012,685,67.68774703557312,32.312252964426875,65.7266811279826,69.6798493408663,67.8427419354839,61,283,3,4,14,7,239,25,9,6,0,349,257,40,Va por México,349,13.430656934306569,V x M
20,Oaxaca,Oax.,376,Santa Cruz Amilpas,20376,17.058333333333334,-96.68333333333334,13572,11.19,SI,9673,6038,62.42117233536648,37.57882766463352,67.6166456494325,75.5631109222269,71.9294199054319,351,661,52,136,277,272,3030,134,541,345,0,1067,3447,1020,Juntos Haremos Historia,3447,39.41702550513415,JHH
20,Oaxaca,Oax.,377,Santa Cruz De Bravo,20377,17.579722222222223,-98.22361111111113,365,5.99,NO,304,140,46.05263157894737,53.94736842105263,54.6762589928058,59.0909090909091,56.9965870307167,0,76,4,5,1,0,42,3,2,4,0,80,48,9,Va por México,80,22.857142857142858,V x M
20,Oaxaca,Oax.,378,Santa Cruz Itundujia,20378,16.87361111111111,-97.66027777777778,11593,7.0375,NO,7983,5689,71.26393586371039,28.736064136289613,72.0133667502088,80.4522613065327,76.4496103553031,73,1673,122,38,1238,37,2100,51,46,33,0,1870,3376,130,Juntos Haremos Historia,3376,26.472139216030936,JHH
20,Oaxaca,Oax.,379,Santa Cruz Mixtepec,20379,16.79361111111111,-96.8822222222222,3615,7.086666666666666,NO,2734,1323,48.39063643013899,51.60936356986101,42.6905132192846,55.0872093023256,49.0984222389181,75,174,21,124,55,12,732,30,19,10,0,272,911,59,Juntos Haremos Historia,911,48.29931972789116,JHH
20,Oaxaca,Oax.,380,Santa Cruz Nundaco,20380,17.172222222222224,-97.72361111111113,3011,7.19,NO,2252,945,41.96269982238011,58.03730017761989,53.1151003167899,65.2097902097902,59.7321855571497,12,138,29,17,157,124,345,19,8,14,0,182,519,41,Juntos Haremos Historia,519,35.66137566137566,JHH
20,Oaxaca,Oax.,381,Santa Cruz Papalutla,20381,16.95861111111111,-96.585,2242,7.28,NO,1610,558,34.6583850931677,65.34161490683229,49.7822931785196,57.9261025029797,54.2539267015707,11,110,17,7,62,7,279,23,6,6,0,140,350,35,Juntos Haremos Historia,350,37.634408602150536,JHH
20,Oaxaca,Oax.,382,Santa Cruz Tacache De Mina,20382,17.827222222222222,-98.14944444444446,2940,6.96,NO,2127,1407,66.14950634696756,33.850493653032444,67.0408163265306,77.9123951537745,72.7228446176327,29,57,83,128,11,316,476,166,6,95,0,171,615,267,Juntos Haremos Historia,615,21.250888415067518,JHH
20,Oaxaca,Oax.,383,Santa Cruz Tacahua,20383,16.9175,-97.49222222222222,1182,7.02,NO,863,262,30.359212050984937,69.64078794901506,51,63.5555555555556,57.6470588235294,5,7,5,2,56,3,110,46,4,14,0,17,168,64,Juntos Haremos Historia,168,39.69465648854962,JHH
20,Oaxaca,Oax.,384,Santa Cruz Tayata,20384,17.35638888888889,-97.56861111111112,602,7.79,NO,452,245,54.20353982300885,45.79646017699115,62.1359223300971,60.2678571428571,61.1627906976744,3,38,9,3,13,2,162,2,3,1,0,50,178,6,Juntos Haremos Historia,178,52.244897959183675,JHH
20,Oaxaca,Oax.,385,Santa Cruz Xitla,20385,16.32138888888889,-96.67222222222225,4828,5.513333333333334,NO,3582,1196,33.3891680625349,66.6108319374651,38.4848484848485,53.8461538461538,46.4587583794812,28,504,18,35,47,22,384,19,20,17,0,550,466,56,Va por México,550,7.023411371237458,V x M
20,Oaxaca,Oax.,387,Santa Cruz Zenzontepec,20387,16.534444444444446,-97.49472222222222,19079,5.87375,NO,12286,4554,37.066579846980304,62.933420153019696,44.3023902167871,54.8782564277201,49.8136645962733,120,1562,232,122,311,57,1361,374,32,42,0,1915,1795,448,Va por México,1915,2.635046113306983,V x M
20,Oaxaca,Oax.,388,Santa Gertrudis,20388,16.78666666666667,-96.79722222222222,2944,7.0600000000000005,NO,2484,1823,73.38969404186795,26.610305958132045,67.7474402730375,80.0947867298578,74.1591468416735,45,525,24,48,265,14,786,16,27,19,0,596,1100,62,Juntos Haremos Historia,1100,27.646736149204607,JHH
20,Oaxaca,Oax.,389,Santa Ines Del Monte,20389,16.925833333333333,-96.86194444444445,2553,6.4,NO,1824,839,45.997807017543856,54.002192982456144,49.3413173652695,62.4857468643101,56.0747663551402,82,186,22,168,32,11,276,17,4,11,0,291,481,32,Juntos Haremos Historia,481,22.64600715137068,JHH
20,Oaxaca,Oax.,390,Santa Ines Yatzeche,20390,16.80888888888889,-96.75583333333331,908,5.07,NO,815,226,27.73006134969325,72.26993865030676,22.3463687150838,48.6140724946695,37.2430471584039,20,97,2,15,15,5,49,9,3,0,0,121,79,12,Va por México,121,18.58407079646018,V x M
20,Oaxaca,Oax.,391,Santa Ines De Zaragoza,20391,17.228055555555553,-97.15833333333336,1454,6.223333333333334,NO,1123,512,45.59216384683882,54.40783615316118,51.0204081632653,50.6269592476489,50.8071367884452,18,202,20,13,8,5,211,13,1,4,0,242,234,18,Va por México,242,1.5625,V x M
20,Oaxaca,Oax.,392,Santa Lucia Del Camino,20392,17.0625,-96.69333333333334,50258,11.531739130434785,SI,40249,23319,57.93684315138265,42.06315684861735,62.7854259965721,70.6539074960128,66.9838568260354,1441,3760,229,272,3016,1998,8971,1159,283,1514,0,5433,12264,2956,Juntos Haremos Historia,12264,29.293708992666925,JHH
20,Oaxaca,Oax.,393,Santa Lucia Miahuatlan,20393,16.185277777777777,-96.61805555555554,3130,4.734999999999999,NO,2204,1187,53.85662431941923,46.14337568058077,34.6278317152104,48.8636363636364,42.4915499758571,33,702,10,46,35,13,142,9,23,21,0,746,223,53,Va por México,746,44.06065711878686,V x M
20,Oaxaca,Oax.,394,Santa Lucia Monteverde,20394,16.970277777777778,-97.66583333333334,6700,6.464,NO,4396,1789,40.696087352138306,59.303912647861694,45.7943925233645,49.3811352966283,47.7629421410166,63,406,142,47,401,16,533,26,25,2,0,613,981,53,Juntos Haremos Historia,981,20.57015092230296,JHH
20,Oaxaca,Oax.,395,Santa Lucia Ocotlan,20395,16.741111111111113,-96.68083333333334,4162,5.95,NO,2869,887,30.916695712791913,69.08330428720808,36.9687249398557,45.6163480553724,41.7149059334298,60,198,6,268,14,13,244,9,13,15,0,268,527,37,Juntos Haremos Historia,527,29.19954904171364,JHH
20,Oaxaca,Oax.,396,Santa Magdalena Jicotlan,20396,17.80666666666667,-97.47111111111111,95,7.74,NO,73,53,72.6027397260274,27.39726027397261,0,0,0,1,4,0,0,5,1,37,0,1,2,0,5,43,3,Juntos Haremos Historia,43,71.69811320754717,JHH
20,Oaxaca,Oax.,397,Santa Maria Alotepec,20397,17.093055555555555,-95.85472222222222,2796,7.35,NO,2052,896,43.66471734892787,56.33528265107213,48.5169491525424,58.102766798419,53.4764826175869,19,220,23,6,262,9,273,20,16,7,0,263,543,43,Juntos Haremos Historia,543,31.25,JHH
20,Oaxaca,Oax.,398,Santa Maria Apazco,20398,17.633333333333333,-97.10111111111112,1629,4.885,NO,1257,488,38.822593476531424,61.177406523468576,46.6796875,54.4303797468354,51.1856091578087,13,69,64,23,61,18,167,13,15,11,0,146,251,39,Juntos Haremos Historia,251,21.516393442622952,JHH
20,Oaxaca,Oax.,399,Santa Maria La Asuncion,20399,18.107222222222223,-96.81916666666666,3253,3.84,NO,2115,1331,62.931442080378254,37.068557919621746,60.6134969325153,65.6080557707204,63.6752136752137,223,448,32,15,87,18,303,22,63,29,0,704,405,114,Va por México,704,22.464312546957174,V x M
20,Oaxaca,Oax.,400,Santa Maria Atzompa,20400,17.10138888888889,-96.77777777777776,41367,10.37,SI,25664,9545,37.19217581047381,62.80782418952619,53.578995854445,62.1836305583677,58.2418973666442,376,1747,137,149,550,211,5278,354,169,228,0,2261,5981,751,Juntos Haremos Historia,5981,38.97328444211629,JHH
20,Oaxaca,Oax.,401,Santa Maria Camotlan,20401,17.898611111111112,-97.69305555555556,1696,6.925000000000001,NO,1378,448,32.51088534107402,67.48911465892598,52.9220779220779,68.3701657458564,61.2686567164179,17,146,10,8,7,15,214,9,4,4,0,174,230,17,Juntos Haremos Historia,230,12.5,JHH
20,Oaxaca,Oax.,402,Santa Maria Chachoapam,20402,17.524444444444445,-97.28333333333332,807,7.97,NO,626,259,41.373801916932905,58.626198083067095,57.3825503355705,61.6129032258064,59.5394736842105,10,21,6,5,40,5,144,8,4,2,0,37,192,14,Juntos Haremos Historia,192,59.84555984555985,JHH
20,Oaxaca,Oax.,403,Villa De Chilapa De Diaz,20403,17.58888888888889,-97.63194444444444,1815,6.736666666666666,NO,1486,664,44.68371467025572,55.31628532974428,47.4097331240188,60.906862745098,54.9896765313145,35,59,19,24,33,13,416,22,4,11,0,117,476,37,Juntos Haremos Historia,476,54.066265060240966,JHH
20,Oaxaca,Oax.,404,Santa Maria Chilchotla,20404,18.233333333333334,-96.83027777777778,25325,4.975882352941177,NO,14918,8505,57.011663761898376,42.988336238101624,62.8605235911847,68.6155095412099,65.8657243816254,362,3230,834,116,261,112,2766,133,191,166,0,4428,3143,490,Va por México,4428,15.108759553203997,V x M
20,Oaxaca,Oax.,405,Santa Maria Chimalapa,20405,16.906388888888888,-94.68333333333334,9340,5.621666666666667,NO,5249,3095,58.96361211659363,41.03638788340637,55.0548589341693,57.8193394349383,56.426456071076,53,997,41,28,35,36,1662,57,49,17,0,1092,1727,123,Juntos Haremos Historia,1727,20.516962843295637,JHH
20,Oaxaca,Oax.,406,Santa Maria Colotepec,20406,15.897222222222222,-96.9375,27589,7.832,NO,19489,6017,30.873826260967725,69.12617373903228,55.8627810922441,62.8870382233611,59.501161375954,300,1021,92,163,187,58,3749,151,83,53,0,1418,4099,287,Juntos Haremos Historia,4099,44.557088249958454,JHH
20,Oaxaca,Oax.,407,Santa Maria Cortijo,20407,16.450833333333332,-98.28555555555556,1074,7.08,NO,953,754,79.11857292759706,20.881427072402943,79.5555555555556,86.3543788187373,83.1030818278427,18,55,220,14,68,33,88,6,21,108,0,295,170,135,Va por México,295,16.578249336870027,V x M
20,Oaxaca,Oax.,408,Santa Maria Coyotepec,20408,16.964166666666667,-96.70666666666666,3581,9.73,SI,2400,1036,43.166666666666664,56.833333333333336,55.0248756218905,65.8783783783784,60.8953860210142,44,195,12,106,27,52,499,23,9,24,0,253,633,56,Juntos Haremos Historia,633,36.67953667953668,JHH
20,Oaxaca,Oax.,409,Santa Maria Del Rosario,20409,17.35,-97.59444444444443,468,7.78,NO,364,151,41.48351648351649,58.51648351648351,62.4277456647399,63.2768361581921,62.8571428571429,8,31,3,3,9,1,86,5,0,1,0,42,98,6,Juntos Haremos Historia,98,37.086092715231786,JHH
20,Oaxaca,Oax.,410,Santa Maria Del Tule,20410,17.047222222222224,-96.63333333333334,9237,11.372,SI,6981,3251,46.569259418421424,53.430740581578576,57.4872665534805,62.3101952277657,60.1688527061661,218,711,35,42,188,62,1687,74,22,97,0,967,1919,193,Juntos Haremos Historia,1919,29.283297446939404,JHH
20,Oaxaca,Oax.,411,Santa Maria Ecatepec,20411,16.28388888888889,-95.87722222222222,3199,7.5075,NO,2375,1155,48.63157894736842,51.36842105263158,55.0043516100957,55.8797524314766,55.4385964912281,22,146,16,12,19,12,848,26,13,3,0,187,881,42,Juntos Haremos Historia,881,60.086580086580085,JHH
20,Oaxaca,Oax.,412,Santa Maria Guelace,20412,17.001666666666665,-96.6025,865,8.31,NO,642,284,44.23676012461059,55.76323987538941,57.3643410852713,67.1732522796352,62.8620102214651,8,69,4,3,38,6,131,1,4,4,0,83,174,9,Juntos Haremos Historia,174,32.04225352112676,JHH
20,Oaxaca,Oax.,413,Santa Maria Guienagati,20413,16.7375,-95.35416666666666,3168,6.215,NO,2274,984,43.27176781002638,56.72823218997362,44.621141253508,51.9706691109074,48.3333333333333,9,222,12,3,14,8,647,23,17,2,0,246,665,42,Juntos Haremos Historia,665,42.58130081300813,JHH
20,Oaxaca,Oax.,414,Santa Maria Huatulco,20414,15.834166666666668,-96.32222222222222,51001,8.160714285714286,NO,36418,20571,56.48580372343347,43.51419627656653,57.3467197070152,64.3072734804995,60.9396957292112,896,2218,2043,279,654,397,11161,249,325,1611,0,5160,12094,2185,Juntos Haremos Historia,12094,33.70764668708376,JHH
20,Oaxaca,Oax.,415,Santa Maria Huazolotitlan,20415,16.30138888888889,-97.9125,11949,6.9639999999999995,NO,8439,5868,69.53430501244223,30.465694987557768,68.1290322580645,79.0880878491287,73.8219246031746,40,1451,799,788,558,29,1568,36,47,372,0,2292,2917,455,Juntos Haremos Historia,2917,10.650988411724608,JHH
20,Oaxaca,Oax.,416,Santa Maria Ipalapa,20416,16.635555555555555,-98.03277777777778,4878,6.206666666666667,NO,3755,2728,72.64980026631159,27.350199733688413,63.6911942098914,77.6935571196535,71.0699001426534,38,146,808,669,19,19,821,10,34,17,0,994,1510,61,Juntos Haremos Historia,1510,18.914956011730204,JHH
20,Oaxaca,Oax.,417,Santa Maria Ixcatlan,20417,17.852777777777778,-97.19277777777778,461,6.01,NO,368,222,60.32608695652174,39.67391304347826,69.7802197802198,67.1641791044776,68.4073107049608,4,70,5,1,8,3,120,1,2,0,0,81,129,3,Juntos Haremos Historia,129,21.62162162162162,JHH
20,Oaxaca,Oax.,418,Santa Maria Jacatepec,20418,17.860000000000003,-96.21138888888888,9913,7.0633333333333335,NO,7413,5658,76.3253743423715,23.674625657628496,76.787842669845,85.9249329758713,81.5975162291843,197,495,552,289,109,301,2121,928,306,54,0,1248,2521,1288,Juntos Haremos Historia,2521,21.792152704135738,JHH
20,Oaxaca,Oax.,419,Santa Maria Jalapa Del Marques,20419,16.440833333333334,-95.445,12034,8.381428571428572,NO,9481,7020,74.04282248707942,25.95717751292058,68.9798750867453,73.5892116182573,71.4098217215356,34,1134,49,362,221,84,4414,146,221,78,0,1220,5001,445,Juntos Haremos Historia,5001,53.86039886039886,JHH
20,Oaxaca,Oax.,420,Santa Maria Jaltianguis,20420,17.361944444444447,-96.52777777777776,592,8.14,NO,441,234,53.06122448979592,46.93877551020408,64.0776699029126,62.4472573839662,63.2054176072235,4,8,6,1,10,4,194,1,0,2,0,18,205,3,Juntos Haremos Historia,205,79.91452991452991,JHH
20,Oaxaca,Oax.,421,Santa Maria Lachixio,20421,16.72694444444444,-97.01888888888888,1506,6.61,NO,1168,655,56.07876712328768,43.92123287671232,72.0883534136546,77.4294670846395,75.0880281690141,45,58,7,286,35,7,154,15,7,6,0,112,475,28,Juntos Haremos Historia,475,55.41984732824427,JHH
20,Oaxaca,Oax.,422,Santa Maria Mixtequilla,20422,16.374444444444446,-95.25972222222222,4150,8.86,SI,3570,0,0,100,76.978417266187,84.5378151260504,80.8861859252824,0,0,0,0,0,0,0,0,0,0,0,0,0,0,Sin votación,0,NA,Empate
20,Oaxaca,Oax.,423,Santa Maria Nativitas,20423,17.66111111111111,-97.33333333333331,603,8.02,NO,491,265,53.97148676171079,46.02851323828921,61.3526570048309,62.3015873015873,61.8736383442266,7,36,12,5,14,7,148,4,4,18,0,58,169,26,Juntos Haremos Historia,169,41.886792452830186,JHH
20,Oaxaca,Oax.,424,Santa Maria Nduayaco,20424,17.410277777777775,-97.49722222222222,453,6.3149999999999995,NO,400,244,61,39,63.5,65.3465346534654,64.4278606965174,6,50,8,3,8,4,146,3,1,1,0,65,159,5,Juntos Haremos Historia,159,38.52459016393443,JHH
20,Oaxaca,Oax.,425,Santa Maria Ozolotepec,20425,16.129444444444445,-96.36944444444444,3781,5.892,NO,2622,1354,51.63996948893974,48.36003051106026,50.2099076406381,62.3595505617977,56.4218301189988,118,404,19,51,54,33,432,58,24,52,0,543,537,134,Va por México,543,0.4431314623338257,V x M
20,Oaxaca,Oax.,426,Santa Maria Papalo,20426,17.7825,-96.79722222222222,2058,6.27,NO,1506,892,59.22974767596282,40.77025232403718,65.9693165969317,70.5804749340369,68.3389830508475,22,260,32,9,21,13,443,22,11,8,0,315,473,41,Juntos Haremos Historia,473,17.713004484304932,JHH
20,Oaxaca,Oax.,427,Santa Maria Petapa,20427,16.821666666666665,-95.11972222222222,16080,7.803,NO,11875,8225,69.26315789473684,30.736842105263165,61.3893072289157,69.922963448615,65.9511083851748,147,2162,73,144,158,55,5098,90,93,53,0,2383,5402,236,Juntos Haremos Historia,5402,36.70516717325228,JHH
20,Oaxaca,Oax.,428,Santa Maria Peñoles,20428,17.07777777777778,-97.00138888888888,8596,6.594,NO,5197,2427,46.70001924187031,53.29998075812969,58.4153983885407,69.3535825545171,64.2648896293211,50,826,81,49,550,32,622,44,27,21,0,958,1223,92,Juntos Haremos Historia,1223,10.91882983106716,JHH
20,Oaxaca,Oax.,429,Santa Maria Quiegolani,20429,16.27583333333333,-96.05138888888888,2224,6.74,NO,1316,674,51.21580547112462,48.78419452887538,66.9856459330144,67.4961119751166,67.244094488189,78,155,15,32,113,2,229,7,6,2,0,251,374,15,Juntos Haremos Historia,374,18.24925816023739,JHH
20,Oaxaca,Oax.,430,Santa Maria Sola,20430,16.565833333333334,-97.01277777777776,1661,6.23,NO,1144,616,53.84615384615385,46.15384615384615,68.5082872928177,73.6930860033727,71.2147887323944,17,36,24,146,27,11,291,22,7,8,0,78,464,37,Juntos Haremos Historia,464,62.66233766233766,JHH
20,Oaxaca,Oax.,431,Santa Maria Tataltepec,20431,17.140277777777776,-97.39305555555556,627,6.76,NO,182,117,64.28571428571429,35.71428571428571,72.9411764705882,71,71.8918918918919,0,13,2,5,41,3,44,2,1,3,0,15,91,6,Juntos Haremos Historia,91,64.95726495726495,JHH
20,Oaxaca,Oax.,432,Santa Maria Tecomavaca,20432,17.955555555555556,-97.02361111111112,2416,7.8,NO,1523,1262,82.86277084701248,17.137229152987516,76.1494252873563,82.2161422708618,79.2571829011913,11,380,15,18,83,10,560,6,5,8,0,408,661,19,Juntos Haremos Historia,661,20.04754358161648,JHH
20,Oaxaca,Oax.,433,Santa Maria Temaxcalapa,20433,17.380555555555556,-96.16111111111113,903,6.9,NO,731,279,38.16689466484268,61.83310533515732,53.3333333333333,62.2950819672131,57.9465541490858,3,9,5,5,12,6,207,5,8,6,0,17,224,19,Juntos Haremos Historia,224,73.47670250896057,JHH
20,Oaxaca,Oax.,434,Santa Maria Temaxcaltepec,20434,16.162777777777777,-97.19444444444444,2870,4.77,NO,1835,830,45.23160762942779,54.76839237057221,25.8064516129032,42.6439232409382,35.1961950059453,18,330,12,27,10,13,291,33,52,6,0,362,329,91,Va por México,362,3.9759036144578315,V x M
20,Oaxaca,Oax.,435,Santa Maria Teopoxco,20435,18.16611111111111,-96.95472222222224,3910,5.029999999999999,NO,3019,2020,66.90957270619411,33.09042729380589,61.58357771261,70.8384710234279,66.6108506363027,34,771,34,12,11,9,907,149,26,4,0,843,930,179,Juntos Haremos Historia,930,4.306930693069307,JHH
20,Oaxaca,Oax.,436,Santa Maria Tepantlali,20436,16.996666666666666,-96.00916666666669,4416,5.17,NO,2383,896,37.59966428871171,62.40033571128829,39.2929292929293,50.251677852349,45.2795600366636,29,118,30,21,344,15,240,31,16,9,0,179,606,56,Juntos Haremos Historia,606,47.65625,JHH
20,Oaxaca,Oax.,437,Santa Maria Texcatitlan,20437,17.7125,-97.06666666666666,896,5.27,NO,742,509,68.59838274932615,31.40161725067385,72.093023255814,75.9708737864078,74.2063492063492,1,223,2,0,2,1,266,0,3,0,0,229,268,3,Juntos Haremos Historia,268,7.662082514734774,JHH
20,Oaxaca,Oax.,438,Santa Maria Tlahuitoltepec,20438,17.093055555555555,-96.06444444444443,9029,7.0275,NO,6339,1437,22.66919072408897,77.33080927591104,37.5470278404816,41.1852738700988,39.5732622103684,53,113,42,44,92,34,859,40,25,39,0,209,998,104,Juntos Haremos Historia,998,54.906054279749476,JHH
20,Oaxaca,Oax.,439,Santa Maria Tlalixtac,20439,17.949444444444445,-96.7375,1796,5.65,NO,1162,758,65.23235800344234,34.76764199655766,63.6203866432337,70.1906412478336,66.9284467713787,34,294,8,6,38,6,293,15,16,16,0,336,337,47,Juntos Haremos Historia,337,0.13192612137203166,JHH
20,Oaxaca,Oax.,440,Santa Maria Tonameca,20440,15.745833333333332,-96.54722222222222,26125,6.477,NO,19471,12892,66.2112885830209,33.7887114169791,63.9483014983415,74.5674175644793,69.3899174659826,1422,2190,264,1660,1347,254,4110,114,176,701,0,3879,7117,991,Juntos Haremos Historia,7117,25.11635122556624,JHH
20,Oaxaca,Oax.,441,Santa Maria Totolapilla,20441,16.6,-95.625,812,6.21,NO,679,410,60.382916053019144,39.617083946980856,71.8181818181818,78.2729805013928,75.1814223512337,1,9,4,6,17,6,336,14,6,3,0,14,360,23,Juntos Haremos Historia,360,82.1951219512195,JHH
20,Oaxaca,Oax.,442,Santa Maria Xadani,20442,16.360277777777778,-95.01861111111111,9152,5.9375,NO,6748,0,0,100,69.6654758038324,76.7176815369587,73.1869918699187,0,0,0,0,0,0,0,0,0,0,0,0,0,0,Sin votación,0,NA,Empate
20,Oaxaca,Oax.,443,Santa Maria Yalina,20443,17.23888888888889,-96.26194444444444,250,7.14,NO,217,87,40.09216589861751,59.90783410138249,53.1914893617021,48,50.2283105022831,2,17,1,1,3,1,58,1,1,2,0,20,62,4,Juntos Haremos Historia,62,48.275862068965516,JHH
20,Oaxaca,Oax.,444,Santa Maria Yavesia,20444,17.234166666666667,-96.42944444444444,434,8.35,NO,341,191,56.01173020527859,43.98826979472141,53.1645569620253,69.4444444444444,61.8343195266272,1,29,0,0,5,1,146,2,1,1,0,30,153,4,Juntos Haremos Historia,153,64.3979057591623,JHH
20,Oaxaca,Oax.,445,Santa Maria Yolotepec,20445,16.87638888888889,-97.50416666666666,735,6.71,NO,334,240,71.8562874251497,28.143712574850294,66.025641025641,73.6196319018405,69.9059561128527,1,4,9,4,28,2,169,10,2,2,0,14,201,14,Juntos Haremos Historia,201,77.91666666666667,JHH
20,Oaxaca,Oax.,446,Santa Maria Yosoyua,20446,17.118055555555557,-97.51527777777778,1699,8.1,NO,1205,631,52.36514522821577,47.63485477178423,40.8239700374532,49.8376623376623,45.6521739130435,8,66,15,95,154,6,219,16,11,12,0,92,468,39,Juntos Haremos Historia,468,59.58795562599049,JHH
20,Oaxaca,Oax.,447,Santa Maria Yucuhiti,20447,17.018055555555556,-97.76944444444445,5964,7.413333333333333,NO,4650,2358,50.70967741935484,49.29032258064516,61.5745079662605,63.5322976287817,62.6200873362445,46,183,76,55,488,37,1224,51,36,18,0,307,1767,105,Juntos Haremos Historia,1767,61.91687871077184,JHH
20,Oaxaca,Oax.,448,Santa Maria Zacatepec,20448,16.7625,-97.98916666666666,17154,6.444,NO,12278,7331,59.708421567030456,40.291578432969544,56.8866703642078,70.0936062192607,63.994193989071,70,2599,198,60,281,66,3529,107,94,41,0,2871,3870,242,Juntos Haremos Historia,3870,13.627063156458874,JHH
20,Oaxaca,Oax.,449,Santa Maria Zaniza,20449,16.654722222222222,-97.33805555555556,2867,6.44,NO,1412,420,29.745042492917843,70.25495750708215,40.885860306644,68.695652173913,55.912294440094,16,124,6,8,51,4,157,22,3,0,0,148,216,25,Juntos Haremos Historia,216,16.19047619047619,JHH
20,Oaxaca,Oax.,450,Santa Maria Zoquitlan,20450,16.558333333333334,-96.35305555555556,4137,5.835,NO,2563,872,34.02262973078424,65.97737026921575,41.6403785488959,55.0078247261346,48.3503534956795,67,199,37,37,253,14,207,8,5,4,0,305,500,17,Juntos Haremos Historia,500,22.362385321100916,JHH
20,Oaxaca,Oax.,451,Santiago Amoltepec,20451,16.639722222222222,-97.49694444444444,14614,5.5520000000000005,NO,7335,1504,20.50443081117928,79.49556918882072,41.728,48.4784889821616,45.4375090096584,56,312,65,42,113,26,719,36,12,28,0,434,874,76,Juntos Haremos Historia,874,29.25531914893617,JHH
20,Oaxaca,Oax.,452,Santiago Apoala,20452,17.647222222222222,-97.13611111111112,1019,5.04,NO,788,350,44.41624365482234,55.58375634517766,61.2068965517241,62.5,61.9402985074627,8,43,19,19,22,4,149,24,36,3,0,72,190,63,Juntos Haremos Historia,190,33.714285714285715,JHH
20,Oaxaca,Oax.,453,Santiago Apostol,20453,16.804166666666667,-96.72222222222224,4421,5.6499999999999995,NO,3386,1077,31.807442409923215,68.19255759007679,42.4528301886792,49.210669569951,46.190906353508,52,106,21,108,67,20,562,23,26,37,0,180,738,86,Juntos Haremos Historia,738,51.81058495821727,JHH
20,Oaxaca,Oax.,454,Santiago Astata,20454,15.986666666666666,-95.6738888888889,3441,7.685,NO,2980,1165,39.09395973154363,60.90604026845637,53.3939818054584,60.053799596503,56.7901234567901,16,118,5,6,32,9,903,29,12,8,0,140,943,49,Juntos Haremos Historia,943,68.92703862660944,JHH
20,Oaxaca,Oax.,455,Santiago Atitlan,20455,17.102500000000003,-95.94611111111112,3855,6.705,NO,2276,874,38.40070298769771,61.59929701230229,41.5057915057915,50.7352941176471,46.2335216572505,19,104,16,16,253,12,344,33,25,4,0,140,614,62,Juntos Haremos Historia,614,54.23340961098398,JHH
20,Oaxaca,Oax.,456,Santiago Ayuquililla,20456,17.934166666666666,-97.95805555555556,2989,6.3100000000000005,NO,2014,900,44.68718967229394,55.31281032770606,12.5581395348837,18.565815324165,15.814696485623,367,297,2,15,5,4,166,6,4,3,0,666,187,13,Va por México,666,53.22222222222222,V x M
20,Oaxaca,Oax.,457,Santiago Cacaloxtepec,20457,17.72083333333333,-97.74166666666667,1677,6.506666666666667,NO,1579,1202,76.12412919569348,23.875870804306516,74.0793201133145,84.8447204968944,79.8146922567836,371,338,6,6,8,13,398,22,7,2,0,716,412,31,Va por México,716,25.291181364392678,V x M
20,Oaxaca,Oax.,458,Santiago Camotlan,20458,17.444444444444446,-96.18472222222222,3324,6.45,NO,2219,1057,47.634069400630914,52.365930599369086,63.5826771653543,69.620253164557,66.7295004712535,7,104,24,16,34,17,773,21,19,11,0,136,826,51,Juntos Haremos Historia,826,65.279091769158,JHH
20,Oaxaca,Oax.,459,Santiago Chazumba,20459,18.18888888888889,-97.68055555555556,4863,7.705555555555556,NO,3498,2449,70.01143510577474,29.988564894225263,75.5659121171771,79.0870488322718,77.5251033668045,29,570,29,43,630,23,963,18,19,14,0,630,1639,51,Juntos Haremos Historia,1639,41.2004899959167,JHH
20,Oaxaca,Oax.,460,Santiago Choapam,20460,17.361111111111114,-95.92222222222225,5592,5.905,NO,3485,1398,40.114777618364414,59.885222381635586,50.9225092250922,57.2231590781338,54.2143906020558,33,493,21,19,147,19,434,39,90,6,0,550,604,135,Juntos Haremos Historia,604,3.8626609442060085,JHH
20,Oaxaca,Oax.,461,Santiago Comaltepec,20461,17.565,-96.54833333333332,1157,7.045,NO,975,466,47.79487179487179,52.20512820512821,59.6638655462185,59.2954990215264,59.4731509625127,9,45,7,5,20,6,337,11,0,3,0,62,366,14,Juntos Haremos Historia,366,65.23605150214593,JHH
20,Oaxaca,Oax.,462,Santiago Del Rio,20462,17.455555555555556,-98.08888888888887,527,4.26,NO,522,187,35.82375478927203,64.17624521072797,46.7213114754098,51.310861423221,49.119373776908,3,16,9,5,11,3,126,4,1,1,0,28,142,6,Juntos Haremos Historia,142,60.962566844919785,JHH
20,Oaxaca,Oax.,463,Santiago Huajolotitlan,20463,17.825555555555557,-97.73138888888889,5422,7.54,NO,3490,2301,65.93123209169053,34.06876790830947,63.102998696219,76.4514378730331,70.3879182706544,165,382,24,73,288,28,796,16,26,356,0,573,1160,398,Juntos Haremos Historia,1160,25.51064754454585,JHH
20,Oaxaca,Oax.,464,Santiago Huauclilla,20464,17.450277777777778,-97.07166666666666,524,6.13,NO,439,213,48.51936218678816,51.48063781321184,60.8294930875576,56.1946902654867,58.4650112866817,2,29,3,3,19,3,138,5,2,3,0,34,160,10,Juntos Haremos Historia,160,59.15492957746479,JHH
20,Oaxaca,Oax.,465,Santiago Ihuitlan Plumas,20465,17.84861111111111,-97.4263888888889,341,6.285,NO,314,150,47.77070063694268,52.22929936305732,55.8823529411765,57.4712643678161,56.7741935483871,2,17,3,4,16,3,91,3,2,1,0,22,113,6,Juntos Haremos Historia,113,60.666666666666664,JHH
20,Oaxaca,Oax.,466,Santiago Ixcuintepec,20466,16.934444444444445,-95.62138888888887,1627,5.84,NO,1030,306,29.708737864077673,70.29126213592232,42.3157894736842,53.6448598130841,48.3168316831683,7,100,7,3,67,2,91,9,3,2,0,115,163,14,Juntos Haremos Historia,163,15.686274509803921,JHH
20,Oaxaca,Oax.,467,Santiago Ixtayutla,20467,16.565,-97.6525,13727,5.557142857142857,NO,8669,4538,52.34744491867575,47.65255508132425,55.4324324324324,71.1806348481389,63.9683129100136,48,712,1753,52,185,23,953,88,423,72,0,2515,1193,583,Va por México,2515,29.131776112825033,V x M
20,Oaxaca,Oax.,468,Santiago Jamiltepec,20468,16.278333333333332,-97.82,18687,7.41,NO,14173,10994,77.57002751710999,22.429972482890008,69.206094627105,74.3217319813648,71.96482671987,49,5005,81,46,105,46,4959,89,316,59,0,5136,5114,464,Va por México,5136,0.20010915044569766,V x M
20,Oaxaca,Oax.,469,Santiago Jocotepec,20469,17.535555555555558,-95.94416666666667,14266,5.59875,NO,9585,6227,64.9660928534168,35.0339071465832,55.150367037651,63.0134025075659,59.2609334388066,209,2490,449,83,147,59,2416,102,56,17,0,3152,2648,175,Va por México,3152,8.093785129275735,V x M
20,Oaxaca,Oax.,470,Santiago Juxtlahuaca,20470,17.33888888888889,-98.0111111111111,35072,6.4255555555555555,NO,23626,14690,62.17726233810209,37.82273766189791,54.3893322557834,67.877521498031,61.9013517142601,233,3598,322,439,1151,638,5737,192,318,1244,0,4153,7327,1754,Juntos Haremos Historia,7327,21.60653505786249,JHH
20,Oaxaca,Oax.,471,Santiago Lachiguiri,20471,16.685555555555556,-95.53055555555557,4514,6.304,NO,3590,1732,48.24512534818942,51.75487465181058,50.3170028818444,48.7681970884658,49.5313831297927,20,644,19,16,21,19,864,42,35,6,0,685,903,83,Juntos Haremos Historia,903,12.58660508083141,JHH
20,Oaxaca,Oax.,515,Santo Domingo Tehuantepec,20515,16.324444444444445,-95.2388888888889,67026,8.962666666666667,SI,50248,31464,62.61741760866104,37.38258239133896,65.8126396005781,73.287942364025,69.7390581141491,582,3129,609,1477,2040,678,19402,414,554,1406,0,4321,22922,2374,Juntos Haremos Historia,22922,59.11835748792271,JHH
20,Oaxaca,Oax.,472,Santiago Lalopa,20472,17.41777777777778,-96.24833333333332,431,7.45,NO,345,231,66.95652173913044,33.04347826086956,64.0522875816993,71.7514124293785,68.1818181818182,2,7,6,2,20,6,161,11,1,4,0,15,184,16,Juntos Haremos Historia,184,72.72727272727273,JHH
20,Oaxaca,Oax.,473,Santiago Laollaga,20473,16.584722222222222,-95.20555555555556,3361,8.12,NO,2881,193,6.699062825407845,93.30093717459216,81.951577402788,85.1182197496523,83.5772938236344,0,3,0,0,1,1,175,5,0,0,0,3,176,5,Juntos Haremos Historia,176,88.60103626943005,JHH
20,Oaxaca,Oax.,474,Santiago Laxopa,20474,17.216944444444444,-96.3111111111111,1291,6.955,NO,928,266,28.66379310344828,71.33620689655172,47.5862068965517,46.3937621832359,46.9409282700422,7,43,6,4,8,5,167,4,3,1,0,56,180,8,Juntos Haremos Historia,180,46.61654135338346,JHH
20,Oaxaca,Oax.,475,Santiago Llano Grande,20475,16.488333333333333,-98.28972222222222,3416,7.27,NO,2797,2142,76.58205219878441,23.41794780121559,58.6391437308868,64.7189349112426,61.7293233082707,7,927,9,5,11,23,1070,8,35,7,0,944,1088,50,Juntos Haremos Historia,1088,6.722689075630252,JHH
20,Oaxaca,Oax.,476,Santiago Matatlan,20476,16.864722222222223,-96.38361111111112,10165,6.796,NO,7717,2328,30.167163405468443,69.83283659453156,43.6006051437216,51.4236197078485,47.9030501089325,101,396,72,75,285,44,1078,41,96,28,0,572,1441,165,Juntos Haremos Historia,1441,37.328178694158076,JHH
20,Oaxaca,Oax.,477,Santiago Miltepec,20477,17.983888888888888,-97.6888888888889,421,7.3,NO,309,164,53.07443365695793,46.92556634304207,61.0294117647059,62.5730994152047,61.8892508143323,4,41,4,5,13,4,83,2,3,1,0,49,103,6,Juntos Haremos Historia,103,32.926829268292686,JHH
20,Oaxaca,Oax.,478,Santiago Minas,20478,16.42527777777778,-97.22777777777776,1499,5.26,NO,1155,641,55.4978354978355,44.5021645021645,50.4409171075838,66.7961165048544,58.2255083179298,33,289,14,18,37,13,179,16,5,8,0,339,236,29,Va por México,339,16.068642745709827,V x M
20,Oaxaca,Oax.,479,Santiago Nacaltepec,20479,17.503055555555555,-96.9175,1592,5.9275,NO,1301,659,50.65334358186011,49.34665641813989,53.6923076923077,58.0246913580247,55.9825960841189,10,149,11,10,10,3,413,17,10,1,0,171,433,28,Juntos Haremos Historia,433,39.75720789074355,JHH
20,Oaxaca,Oax.,480,Santiago Nejapilla,20480,17.419444444444444,-97.37222222222222,174,5.88,NO,152,64,42.10526315789473,57.89473684210527,57.8947368421053,50.6666666666667,54.3046357615894,2,20,2,1,8,3,17,1,2,4,0,26,26,7,Empate,26,0,Empate
20,Oaxaca,Oax.,481,Santiago Niltepec,20481,16.561111111111114,-94.6125,5181,6.838571428571428,NO,4411,3453,78.28156880525958,21.71843119474042,70.166015625,72.9079981507166,71.5744478746141,38,973,46,20,224,34,1964,24,24,35,0,1058,2209,83,Juntos Haremos Historia,2209,33.333333333333336,JHH
20,Oaxaca,Oax.,482,Santiago Nundiche,20482,17.330555555555556,-97.67361111111111,1260,7.555,NO,777,501,64.47876447876449,35.52123552123551,68.2215743440233,69.8019801980198,69.0763052208835,7,88,17,9,175,8,158,7,4,6,0,114,342,17,Juntos Haremos Historia,342,45.50898203592814,JHH
20,Oaxaca,Oax.,483,Santiago Nuyoo,20483,17.0125,-97.76666666666668,1879,7.13,NO,1473,767,52.07060420909709,47.92939579090291,58.3456425406204,62.905317769131,60.7734806629834,8,52,33,6,118,13,475,6,5,16,0,94,599,27,Juntos Haremos Historia,599,65.84093872229465,JHH
20,Oaxaca,Oax.,484,Santiago Pinotepa Nacional,20484,16.338055555555556,-98.05027777777778,55864,8.158333333333333,NO,39709,25097,63.20229670855474,36.79770329144526,58.4054008815489,67.2332055678838,63.0420386214935,423,6254,5871,240,331,640,9383,232,493,529,0,12550,9954,1254,Va por México,12550,10.34386580069331,V x M
20,Oaxaca,Oax.,485,Santiago Suchilquitongo,20485,17.25,-96.86666666666666,10916,8.748,NO,7796,5372,68.90713186249359,31.092868137506414,70.6403068751844,81.0322908721078,76.2223436219612,182,1199,39,93,116,341,2343,52,726,66,0,1423,2552,844,Juntos Haremos Historia,2552,21.01638123603872,JHH
20,Oaxaca,Oax.,486,Santiago Tamazola,20486,17.669444444444444,-98.22166666666666,4190,6.453333333333333,NO,3277,2020,61.641745498931954,38.358254501068046,57.905544147844,75.968992248062,67.5589547482473,48,682,19,12,136,12,995,21,28,8,0,751,1143,57,Juntos Haremos Historia,1143,19.405940594059405,JHH
20,Oaxaca,Oax.,487,Santiago Tapextla,20487,16.33972222222222,-98.44805555555556,3134,5.535,NO,2293,1555,67.81508940252944,32.18491059747056,67.2202797202797,79.7020484171322,73.2642019837692,27,186,61,17,15,5,226,397,89,444,0,274,258,930,Otros,930,42.18649517684887,V x M
20,Oaxaca,Oax.,488,Santiago Tenango,20488,17.29888888888889,-97.00444444444445,1881,8.285,NO,1487,452,30.396772024209817,69.60322797579019,52.3878437047757,58.7193460490463,55.6491228070175,20,103,10,10,22,8,239,13,7,5,0,135,271,25,Juntos Haremos Historia,271,30.088495575221238,JHH
20,Oaxaca,Oax.,489,Santiago Tepetlapa,20489,17.781944444444445,-97.40083333333334,130,6.35,NO,89,60,67.41573033707866,32.58426966292134,71.1111111111111,62.7906976744186,67.0454545454545,1,8,0,2,1,0,41,1,0,1,0,10,45,2,Juntos Haremos Historia,45,58.333333333333336,JHH
20,Oaxaca,Oax.,490,Santiago Tetepec,20490,16.32111111111111,-97.74777777777778,5001,6.586666666666667,NO,3451,2571,74.50014488554042,25.499855114459574,77.34375,83.9882697947214,80.7064410804393,113,747,35,211,185,18,1039,26,23,39,0,897,1437,88,Juntos Haremos Historia,1437,21.003500583430572,JHH
20,Oaxaca,Oax.,491,Santiago Texcalcingo,20491,18.20722222222222,-96.96805555555557,3049,5.115,NO,1865,971,52.06434316353887,47.93565683646113,63.2678132678133,71.8162839248434,67.8893905191874,17,800,7,15,3,6,51,8,5,25,0,827,69,38,Va por México,827,78.0638516992791,V x M
20,Oaxaca,Oax.,492,Santiago Textitlan,20492,16.691111111111113,-97.25972222222222,4872,7.67,NO,2909,1466,50.39532485390168,49.60467514609832,65.3530377668309,72.8658536585366,69.2490118577075,49,386,34,23,79,26,757,32,10,18,0,471,859,60,Juntos Haremos Historia,859,26.46657571623465,JHH
20,Oaxaca,Oax.,493,Santiago Tilantongo,20493,17.283333333333335,-97.33888888888887,2063,6.1375,NO,2174,954,43.882244710211594,56.117755289788406,55.3235908141962,58.714859437751,57.2401270994099,40,184,42,61,73,30,366,43,19,31,0,267,503,93,Juntos Haremos Historia,503,24.737945492662472,JHH
20,Oaxaca,Oax.,494,Santiago Tillo,20494,17.459722222222222,-97.31944444444444,545,8.31,NO,432,238,55.092592592592595,44.907407407407405,51.2562814070352,68.9814814814815,60.4819277108434,16,53,6,4,16,9,115,2,1,4,0,76,136,7,Juntos Haremos Historia,136,25.210084033613445,JHH
20,Oaxaca,Oax.,495,Santiago Tlazoyaltepec,20495,17.02638888888889,-96.99583333333334,5621,6.166,NO,4338,1880,43.337943752881515,56.662056247118485,51.177130044843,65.2392947103275,59.2174747959673,96,413,102,60,109,26,849,51,33,17,0,615,1022,101,Juntos Haremos Historia,1022,21.648936170212767,JHH
20,Oaxaca,Oax.,496,Santiago Xanica,20496,16.00888888888889,-96.22472222222224,3101,5.3875,NO,2071,1013,48.91356832448093,51.08643167551907,46.3917525773196,57.3753814852492,51.9201228878648,22,231,14,14,22,9,545,42,28,30,0,267,582,100,Juntos Haremos Historia,582,31.095755182625865,JHH
20,Oaxaca,Oax.,497,Santiago Xiacui,20497,17.2925,-96.43194444444444,1853,8.635,NO,1264,700,55.379746835443044,44.620253164556956,66.8384879725086,72.172619047619,69.6969696969697,17,142,10,12,25,17,435,13,3,3,0,171,474,19,Juntos Haremos Historia,474,43.285714285714285,JHH
20,Oaxaca,Oax.,498,Santiago Yaitepec,20498,16.225555555555555,-97.26916666666666,4257,4,NO,2941,1244,42.29853791227474,57.70146208772526,42.1097770154374,58.1174984207201,51.3277555474718,56,287,169,21,52,21,487,22,52,24,0,514,563,98,Juntos Haremos Historia,563,3.9389067524115755,JHH
20,Oaxaca,Oax.,499,Santiago Yaveo,20499,17.334722222222222,-95.7,7559,6.302,NO,4169,1731,41.52074838090669,58.47925161909331,61.7698343504795,68.5702375989996,65.2461112294907,37,443,14,21,263,17,791,25,27,19,0,497,1078,71,Juntos Haremos Historia,1078,33.56441363373772,JHH
20,Oaxaca,Oax.,500,Santiago Yolomecatl,20500,17.47222222222222,-97.56944444444444,1946,9.275,NO,1654,719,43.470374848851264,56.529625151148736,55.6521739130435,63.8921453692849,60.2073882047959,12,56,17,9,55,7,526,9,5,5,0,86,590,19,Juntos Haremos Historia,590,70.09735744089012,JHH
20,Oaxaca,Oax.,501,Santiago Yosondua,20501,16.872222222222224,-97.57638888888889,7110,6.564285714285714,NO,5837,2718,46.565016275483984,53.434983724516016,62.1333333333333,67.7320639238354,65.0916277398491,74,321,184,51,499,38,1233,64,39,59,0,581,1783,162,Juntos Haremos Historia,1783,44.223693892568065,JHH
20,Oaxaca,Oax.,502,Santiago Yucuyachi,20502,17.608055555555556,-98.19638888888888,995,5.57,NO,845,182,21.53846153846154,78.46153846153845,35.7142857142857,43.1460674157303,39.7326852976914,2,44,7,1,10,2,109,1,0,2,0,54,120,3,Juntos Haremos Historia,120,36.26373626373626,JHH
20,Oaxaca,Oax.,503,Santiago Zacatepec,20503,17.15888888888889,-95.91333333333334,5089,5.217499999999999,NO,3465,917,26.464646464646464,73.53535353535354,42.7480916030534,51.9169329073482,47.7391304347826,35,185,17,55,168,5,239,27,111,2,0,239,463,140,Juntos Haremos Historia,463,24.427480916030536,JHH
20,Oaxaca,Oax.,504,Santiago Zoochila,20504,17.22,-96.24166666666667,425,6.82,NO,344,171,49.7093023255814,50.2906976744186,60.5442176870748,60.4651162790698,60.5015673981191,2,5,5,3,4,3,134,6,1,1,0,12,142,8,Juntos Haremos Historia,142,76.0233918128655,JHH
20,Oaxaca,Oax.,505,Santo Domingo Albarradas,20505,17.066666666666666,-96.2,2119,4.69,NO,613,362,59.05383360522023,40.94616639477977,52.7777777777778,64.983164983165,58.974358974359,9,25,9,3,11,2,276,6,9,3,0,43,290,18,Juntos Haremos Historia,290,68.23204419889503,JHH
20,Oaxaca,Oax.,506,Santo Domingo Armenta,20506,16.331944444444446,-98.37777777777777,3155,6.115,NO,2406,1697,70.53200332502078,29.46799667497922,67.304347826087,73.2345248474281,70.265563778842,41,483,402,197,7,7,300,109,37,17,0,928,504,163,Va por México,928,24.98526812021214,V x M
20,Oaxaca,Oax.,507,Santo Domingo Chihuitan,20507,16.58888888888889,-95.16166666666668,1632,8.52,NO,1352,1038,76.77514792899409,23.224852071005913,80,82.3262839879154,81.1827956989247,4,336,5,7,18,7,467,45,12,101,0,345,492,158,Juntos Haremos Historia,492,14.16184971098266,JHH
20,Oaxaca,Oax.,508,Santo Domingo De Morelos,20508,15.834444444444443,-96.66694444444444,10684,5.7675,NO,7735,2375,30.70458952811894,69.29541047188106,40.702479338843,51.4557967178401,46.3717555121407,121,420,72,59,641,28,837,40,36,11,0,615,1537,87,Juntos Haremos Historia,1537,38.82105263157895,JHH
20,Oaxaca,Oax.,509,Santo Domingo Ingenio,20509,16.5875,-94.76666666666668,7657,8.014,NO,6673,5051,75.69309156301513,24.30690843698487,46.4652756150732,53.8736591179976,50.251256281407,90,966,80,48,196,84,2539,40,33,671,0,1139,2785,744,Juntos Haremos Historia,2785,32.587606414571376,JHH
20,Oaxaca,Oax.,510,Santo Domingo Ixcatlan,20510,16.912499999999998,-97.53194444444443,730,7.59,NO,521,322,61.80422264875239,38.19577735124761,70.4761904761905,77.9661016949153,74.8514851485149,4,102,3,3,29,4,160,4,1,0,0,112,192,5,Juntos Haremos Historia,192,24.84472049689441,JHH
20,Oaxaca,Oax.,511,Santo Domingo Nuxaa,20511,17.22083333333333,-97.12055555555555,2909,6.986666666666666,NO,2258,923,40.87688219663419,59.12311780336581,53.515625,52.4444444444444,52.9548627268497,31,390,18,22,16,6,371,15,4,6,0,441,411,25,Va por México,441,3.2502708559046587,V x M
20,Oaxaca,Oax.,512,Santo Domingo Ozolotepec,20512,16.148611111111112,-96.30944444444444,1101,5.55,NO,757,302,39.89431968295905,60.10568031704095,53.8461538461538,67.2364672364672,60.7988165680473,15,69,6,7,10,5,141,11,5,6,0,92,158,22,Juntos Haremos Historia,158,21.85430463576159,JHH
20,Oaxaca,Oax.,513,Santo Domingo Petapa,20513,16.818055555555556,-95.14027777777778,9164,6.333333333333333,NO,6790,5358,78.91016200294551,21.089837997054488,70.7839262187088,77.6953969725054,74.3503905627291,177,1655,8,543,67,22,2711,14,14,113,0,1842,3321,141,Juntos Haremos Historia,3321,27.603583426651735,JHH
20,Oaxaca,Oax.,514,Santo Domingo Roayaga,20514,17.3375,-96.11388888888888,941,5.75,NO,637,162,25.43171114599686,74.56828885400314,46.9090909090909,56.7164179104478,52.2950819672131,3,11,4,1,8,4,106,11,5,1,0,19,116,17,Juntos Haremos Historia,116,59.876543209876544,JHH
20,Oaxaca,Oax.,516,Santo Domingo Teojomulco,20516,16.58861111111111,-97.22583333333334,4864,6.4399999999999995,NO,3508,1042,29.70353477765108,70.29646522234893,52.6172671651938,64.5063597819503,58.9045483664318,46,167,60,13,142,11,514,11,9,10,0,274,669,30,Juntos Haremos Historia,669,37.907869481765836,JHH
20,Oaxaca,Oax.,517,Santo Domingo Tepuxtepec,20517,16.955555555555556,-96.05527777777776,4376,5.3133333333333335,NO,3817,1058,27.718103222425988,72.28189677757402,42.1186981493299,51.2051155927201,47.25,22,288,16,144,88,16,364,22,6,22,0,329,596,50,Juntos Haremos Historia,596,25.236294896030245,JHH
20,Oaxaca,Oax.,518,Santo Domingo Tlatayapam,20518,17.406666666666666,-97.3461111111111,113,7.4,NO,108,67,62.03703703703704,37.96296296296296,69.3877551020408,62.962962962963,66.0194174757282,0,22,1,1,3,1,33,1,0,1,0,24,37,2,Juntos Haremos Historia,37,19.402985074626866,JHH
20,Oaxaca,Oax.,519,Santo Domingo Tomaltepec,20519,17.060555555555556,-96.62277777777776,3236,8,SI,2361,881,37.3146971622194,62.6853028377806,55.5860805860806,62.603648424544,59.2689295039164,50,113,14,11,51,14,579,6,6,13,0,180,643,25,Juntos Haremos Historia,643,52.5539160045403,JHH
20,Oaxaca,Oax.,520,Santo Domingo Tonala,20520,17.675,-97.9625,7328,6.405714285714286,NO,6079,3465,56.99950649777924,43.00049350222076,49.0948587979725,63.7828947368421,56.7907618062737,29,582,340,87,405,39,1562,31,36,25,0,953,2054,92,Juntos Haremos Historia,2054,31.774891774891774,JHH
20,Oaxaca,Oax.,521,Santo Domingo Tonaltepec,20521,17.610555555555557,-97.35833333333332,252,7.11,NO,210,114,54.285714285714285,45.714285714285715,68.6746987951807,64.2201834862385,66.1458333333333,6,28,2,3,5,1,52,2,0,4,0,40,60,6,Juntos Haremos Historia,60,17.54385964912281,JHH
20,Oaxaca,Oax.,522,Santo Domingo Xagacia,20522,17.153333333333332,-96.2675,1205,6.1,NO,773,371,47.994825355756795,52.005174644243205,45.4258675078864,52.1197007481297,49.1643454038997,0,22,4,5,13,2,288,15,3,5,0,26,306,23,Juntos Haremos Historia,306,75.47169811320755,JHH
20,Oaxaca,Oax.,523,Santo Domingo Yanhuitlan,20523,17.526666666666667,-97.34444444444443,1592,7.86,NO,1190,539,45.294117647058826,54.705882352941174,53.2442748091603,59.0625,56.4432989690722,18,83,17,23,21,11,309,10,6,14,0,120,354,30,Juntos Haremos Historia,354,43.41372912801484,JHH
20,Oaxaca,Oax.,524,Santo Domingo Yodohino,20524,17.616666666666667,-97.68333333333334,327,6.35,NO,303,184,60.726072607260726,39.273927392739274,52.2875816993464,70.1863354037267,61.4649681528662,4,0,2,1,1,2,165,3,2,0,0,6,167,5,Juntos Haremos Historia,167,87.5,JHH
20,Oaxaca,Oax.,525,Santo Domingo Zanatepec,20525,16.481944444444444,-94.3536111111111,12866,7.261111111111111,NO,9183,6451,70.24937384297071,29.750626157029288,70.8684147221554,74.7408742676882,72.8679464805119,90,1297,99,68,189,318,4074,44,41,53,0,1486,4333,138,Juntos Haremos Historia,4333,44.13269260579755,JHH
20,Oaxaca,Oax.,526,Santo Tomas Jalieza,20526,16.84472222222222,-96.67055555555557,4021,8.296666666666667,NO,2695,1431,53.098330241187384,46.901669758812616,53.4823731728289,71.3743356112377,62.9838709677419,68,397,18,362,67,13,396,14,7,17,0,485,825,38,Juntos Haremos Historia,825,23.75960866526904,JHH
20,Oaxaca,Oax.,527,Santo Tomas Mazaltepec,20527,17.172222222222224,-96.87083333333332,2692,8.43,NO,1835,515,28.065395095367844,71.93460490463215,30.779054916986,35.2360043907794,33.1759149940968,5,50,7,5,64,5,348,7,3,2,0,66,419,12,Juntos Haremos Historia,419,68.54368932038835,JHH
20,Oaxaca,Oax.,528,Santo Tomas Ocotepec,20528,17.144444444444446,-97.7625,4133,6.4350000000000005,NO,2762,1083,39.210716871832005,60.789283128167995,42.6809210526316,47.4982864976011,45.3084112149533,15,88,24,21,367,13,440,24,10,11,0,129,828,45,Juntos Haremos Historia,828,64.54293628808864,JHH
20,Oaxaca,Oax.,529,Santo Tomas Tamazulapan,20529,16.271944444444443,-96.585,2460,7.41,NO,1782,610,34.231200897867566,65.76879910213243,54.7244094488189,51.6930022573363,53.0946601941748,20,49,5,14,46,16,401,12,4,11,0,76,461,27,Juntos Haremos Historia,461,63.114754098360656,JHH
20,Oaxaca,Oax.,530,Santos Reyes Nopala,20530,16.10611111111111,-97.14416666666668,16101,6.8742857142857146,NO,13023,7830,60.12439530062198,39.87560469937802,58.2220660576247,72.2302158273381,65.5562065790575,43,3724,121,77,84,43,3166,140,174,41,0,3889,3329,355,Va por México,3889,7.1519795657726695,V x M
20,Oaxaca,Oax.,531,Santos Reyes Papalo,20531,17.805555555555557,-96.8611111111111,2490,5.79,NO,1739,417,23.979298447383552,76.02070155261644,28.8277511961722,41.2231030577576,35.194880744619,8,235,7,6,6,3,123,4,9,3,0,251,135,16,Va por México,251,27.817745803357315,V x M
20,Oaxaca,Oax.,532,Santos Reyes Tepejillo,20532,17.4375,-97.93833333333332,904,4.68,NO,737,361,48.98236092265943,51.01763907734057,46.2209302325581,58.8377723970944,53.1043593130779,1,12,16,3,12,3,272,6,21,3,0,29,287,30,Juntos Haremos Historia,287,71.19113573407202,JHH
20,Oaxaca,Oax.,533,Santos Reyes Yucuna,20533,17.776944444444442,-98.00555555555556,1643,5.63,NO,902,267,29.60088691796009,70.39911308203992,42.2680412371134,39.1408114558473,40.6443618339529,8,69,10,5,10,8,133,1,8,1,0,88,148,10,Juntos Haremos Historia,148,22.471910112359552,JHH
20,Oaxaca,Oax.,534,Silacayoapam,20534,17.502222222222223,-98.1438888888889,6601,5.201333333333333,NO,5526,3222,58.30618892508144,41.69381107491856,54.1780023319083,62.0750087627059,58.3302617029119,75,703,194,24,688,26,1295,23,29,12,0,974,2007,64,Juntos Haremos Historia,2007,32.06083178150217,JHH
20,Oaxaca,Oax.,535,Sitio De Xitlapehua,20535,16.351666666666667,-96.53222222222222,713,6.65,NO,545,309,56.69724770642202,43.30275229357798,64.3776824034335,63.4751773049645,63.8834951456311,40,58,2,8,17,5,142,11,3,5,0,101,167,19,Juntos Haremos Historia,167,21.359223300970875,JHH
20,Oaxaca,Oax.,536,Villa Sola De Vega,20536,16.51388888888889,-96.97777777777776,11757,6.284,NO,8605,4832,56.15339918651947,43.84660081348053,61.2768910478834,70.2794242167654,65.977672156516,416,615,112,654,123,57,1538,303,86,480,0,1144,2315,869,Juntos Haremos Historia,2315,24.23427152317881,JHH
20,Oaxaca,Oax.,537,Soledad Etla,20537,17.169444444444444,-96.82083333333333,6448,9.683333333333334,SI,4681,3214,68.66054261909849,31.339457380901507,70.4465629703964,75.9454705364996,73.3770799156316,58,239,195,229,401,112,1288,433,60,47,0,494,1918,540,Juntos Haremos Historia,1918,42.874922215308025,JHH
20,Oaxaca,Oax.,538,Taniche,20538,16.565833333333334,-96.75305555555556,980,6.23,NO,665,298,44.81203007518797,55.18796992481203,54.180602006689,66.8621700879765,60.9375,33,78,4,36,7,4,103,11,0,0,0,117,146,11,Juntos Haremos Historia,146,9.731543624161073,JHH
20,Oaxaca,Oax.,539,Villa De Tamazulapam Del Progreso,20539,17.675,-97.57138888888888,8416,9.223333333333333,NO,5994,4292,71.60493827160494,28.395061728395063,68.1353265145555,74.8768472906404,71.8095579022731,73,541,47,69,917,50,1976,52,146,283,0,663,2964,481,Juntos Haremos Historia,2964,53.61136999068034,JHH
20,Oaxaca,Oax.,540,Tamazulapam Del Espiritu Santo,20540,17.055,-96.06527777777778,6496,5.592,NO,5341,1716,32.128814828683765,67.87118517131623,35.427807486631004,39.1008174386921,37.5096525096525,49,152,56,35,369,29,852,51,29,14,0,260,1258,94,Juntos Haremos Historia,1258,58.158508158508155,JHH
20,Oaxaca,Oax.,541,Tanetze De Zaragoza,20541,17.375555555555557,-96.30083333333332,1558,7.225,NO,1218,516,42.364532019704434,57.635467980295566,48.1132075471698,56.9767441860465,52.8268551236749,9,25,9,5,15,6,335,15,6,11,0,43,356,32,Juntos Haremos Historia,356,60.65891472868217,JHH
20,Oaxaca,Oax.,542,Tataltepec De Valdes,20542,16.304166666666667,-97.54583333333332,6386,6.52,NO,4072,1921,47.17583497053045,52.82416502946955,43.9817455790074,59.016393442623,52.0180562931492,38,714,110,37,48,30,721,50,23,21,0,864,809,94,Va por México,864,2.8630921395106714,V x M
20,Oaxaca,Oax.,543,Villa Tejupam De La Union,20543,17.662499999999998,-97.47083333333332,2440,7.716666666666667,NO,1913,1454,76.00627286983796,23.993727130162043,77.1561771561772,81.8743563336766,79.6610169491525,31,177,267,11,64,14,771,24,14,29,0,478,847,67,Juntos Haremos Historia,847,25.378266850068776,JHH
20,Oaxaca,Oax.,544,Teococuilco De Marcos Perez,20544,17.352777777777778,-96.61166666666666,934,6.75,NO,848,324,38.20754716981132,61.79245283018868,41.743119266055,50.7494646680942,46.4008859357697,11,18,8,5,11,4,222,13,1,20,0,37,240,34,Juntos Haremos Historia,240,62.65432098765432,JHH
20,Oaxaca,Oax.,545,Teotitlan De Flores Magon,20545,18.1325,-97.07222222222222,10041,8.995000000000001,NO,7439,5069,68.14087915042344,31.859120849576556,68.548876745598,79.4444444444444,74.3709358213175,178,885,138,201,669,94,1984,330,102,266,0,1204,2854,698,Juntos Haremos Historia,2854,32.55079897415664,JHH
20,Oaxaca,Oax.,546,Teotitlan Del Valle,20546,17.029166666666665,-96.52,6361,7.645,NO,4949,2107,42.57425742574257,57.42574257425743,57.9259936043856,64.463141025641,61.4087513340448,77,130,17,27,130,48,1509,52,13,32,0,226,1669,97,Juntos Haremos Historia,1669,68.48599905078311,JHH
20,Oaxaca,Oax.,547,Teotongo,20547,17.724999999999998,-97.5347222222222,1005,7.48,NO,787,442,56.16264294790343,43.83735705209657,66.0056657223796,64.975845410628,65.4498044328553,5,12,10,7,17,4,361,5,6,6,0,27,386,17,Juntos Haremos Historia,386,81.22171945701358,JHH
20,Oaxaca,Oax.,548,Tepelmeme Villa De Morelos,20548,17.875,-97.3622222222222,2079,6.42,NO,1270,531,41.81102362204725,58.18897637795275,56.573705179282904,57.1010248901903,56.8776371308017,13,87,11,9,39,5,305,10,14,13,0,114,355,37,Juntos Haremos Historia,355,45.38606403013183,JHH
20,Oaxaca,Oax.,549,H Villa Tezoatlan Segura Y Luna Cuna Ind Oax,20549,17.65222222222222,-97.8111111111111,11505,6.078461538461538,NO,9347,4514,48.2935701294533,51.7064298705467,47.8620363808174,61.4077669902913,55.1596382259998,216,781,125,440,512,52,1683,101,129,234,0,1123,2635,464,Juntos Haremos Historia,2635,33.495790872840054,JHH
20,Oaxaca,Oax.,550,Tlacolula De Matamoros,20550,16.954166666666666,-96.47916666666669,30299,8.411,NO,21070,11578,54.95016611295681,45.04983388704319,52.3664479850047,60.6614017769003,56.8681024322297,551,2086,172,137,2408,776,4346,183,72,416,0,2811,6892,671,Juntos Haremos Historia,6892,35.24788391777509,JHH
20,Oaxaca,Oax.,551,Tlacotepec Plumas,20551,17.850833333333334,-97.43333333333334,396,6.96,NO,310,154,49.67741935483871,50.32258064516129,56.8345323741007,58.5365853658537,57.7557755775578,1,13,4,4,12,0,113,1,1,1,0,18,130,3,Juntos Haremos Historia,130,72.72727272727273,JHH
20,Oaxaca,Oax.,552,Tlalixtac De Cabrera,20552,17.070833333333333,-96.64888888888888,11949,9.8425,SI,7873,2653,33.697446970659215,66.30255302934079,46.2649861666154,51.7644006227296,49.2472210496693,228,735,39,47,109,70,1185,54,23,69,0,1005,1344,146,Juntos Haremos Historia,1344,12.777987184319638,JHH
20,Oaxaca,Oax.,553,Heroica Ciudad De Tlaxiaco,20553,17.269444444444442,-97.67916666666667,40158,8.629999999999999,NO,31664,20123,63.55166750884285,36.44833249115715,60.7081368365896,67.5539929683576,64.431317649469,465,2924,419,1550,2233,408,7842,1893,290,1402,0,3811,11625,3585,Juntos Haremos Historia,11625,38.831188192615414,JHH
20,Oaxaca,Oax.,554,Totontepec Villa De Morelos,20554,17.256666666666668,-96.02694444444444,5894,6.196,NO,3766,1478,39.24588422729687,60.75411577270313,45.2718676122931,50.0248138957816,47.8554086862692,39,114,40,57,547,29,460,28,61,12,0,193,1068,101,Juntos Haremos Historia,1068,59.20162381596752,JHH
20,Oaxaca,Oax.,555,Trinidad Zaachila,20555,16.92138888888889,-96.765,5643,8.87,NO,2507,1711,68.24890307140008,31.75109692859992,61.7886178861789,79.2828685258964,71.0838272650296,44,155,511,231,115,9,494,17,15,22,0,712,841,54,Juntos Haremos Historia,841,7.5394506136762125,JHH
20,Oaxaca,Oax.,556,La Trinidad Vista Hermosa,20556,17.77138888888889,-97.50555555555556,306,7.51,NO,227,123,54.18502202643172,45.81497797356828,75.2475247524752,75.6521739130435,75.462962962963,0,6,2,1,4,1,100,1,2,1,0,8,106,4,Juntos Haremos Historia,106,79.67479674796748,JHH
20,Oaxaca,Oax.,557,Union Hidalgo,20557,16.474999999999998,-94.82972222222222,14682,9.403636363636364,NO,11503,8915,77.50152134225854,22.498478657741455,68.5878962536023,76.1679790026247,72.554945054945,130,1439,89,135,220,843,5279,159,28,304,0,1659,5636,491,Juntos Haremos Historia,5636,44.61020751542345,JHH
20,Oaxaca,Oax.,558,Valerio Trujano,20558,17.770833333333332,-96.97916666666669,1376,7.76,NO,1220,997,81.72131147540983,18.27868852459017,76.9633507853403,86.1152141802068,81.92,22,260,33,25,4,16,587,3,5,7,0,318,616,15,Juntos Haremos Historia,616,29.889669007021062,JHH
20,Oaxaca,Oax.,559,Capulalpam De Mendez,20559,17.30611111111111,-96.44611111111112,1670,10.28,NO,1145,540,47.161572052401745,52.838427947598255,59.7137014314928,61.3564668769716,60.6411398040962,4,69,2,19,7,12,396,11,3,3,0,78,424,17,Juntos Haremos Historia,424,64.07407407407408,JHH
20,Oaxaca,Oax.,560,Villa De Etla,20560,17.2075,-96.8,10281,10.1875,SI,8417,5519,65.56968040869668,34.430319591303316,63.5284373274434,73.4433085501859,68.9124400706535,138,1208,42,661,100,149,2691,62,90,173,0,1389,3452,325,Juntos Haremos Historia,3452,37.37996013770611,JHH
20,Oaxaca,Oax.,561,Villa Diaz Ordaz,20561,16.998055555555556,-96.43138888888888,6515,6.142,NO,4913,1947,39.62955424384287,60.37044575615713,49.2523364485981,60.5293888672635,55.4045444892758,83,427,54,38,202,49,919,46,14,32,0,566,1162,92,Juntos Haremos Historia,1162,30.61119671289163,JHH
20,Oaxaca,Oax.,562,Villa Hidalgo,20562,17.184722222222224,-96.17777777777778,1899,6.199999999999999,NO,1468,527,35.8991825613079,64.1008174386921,45.0726978998384,49.6662216288384,47.5877192982456,6,56,12,4,11,3,395,9,8,4,0,76,412,21,Juntos Haremos Historia,412,63.75711574952562,JHH
20,Oaxaca,Oax.,563,Yaxe,20563,16.723611111111108,-96.4725,2972,7.26,NO,2017,876,43.43083787803669,56.56916212196331,36.6628830874007,62.79296875,50.7086614173228,34,366,16,33,53,17,278,8,7,9,0,416,366,24,Va por México,416,5.707762557077626,V x M
20,Oaxaca,Oax.,564,Yogana,20564,16.461111111111112,-96.78805555555556,1245,4.43,NO,1075,501,46.6046511627907,53.3953488372093,46.8871595330739,65.4981549815498,56.439393939394,67,125,7,35,7,62,147,12,13,3,0,203,189,28,Va por México,203,2.7944111776447107,V x M
20,Oaxaca,Oax.,565,Yutanduchi De Guerrero,20565,17.03611111111111,-97.29583333333332,1189,6.3,NO,884,457,51.696832579185525,48.303167420814475,61.5183246073298,68.3982683982684,65.2843601895735,10,99,8,16,70,8,198,16,8,3,0,118,285,27,Juntos Haremos Historia,285,36.542669584245075,JHH
20,Oaxaca,Oax.,566,Villa De Zaachila,20566,16.950833333333332,-96.74916666666668,43018,9.418571428571427,SI,30415,17995,59.164885747164234,40.835114252835766,53.0512354938028,62.8907540810257,58.4070796460177,1167,1851,696,836,2399,429,8165,1020,255,362,0,3717,11402,1637,Juntos Haremos Historia,11402,42.70630730758544,JHH
20,Oaxaca,Oax.,567,San Mateo Yucutindoo,20567,16.875555555555557,-97.23833333333332,2640,6.97,NO,2200,717,32.59090909090909,67.4090909090909,53.1809145129225,61.9307832422586,57.7471482889734,18,131,36,16,49,5,376,27,12,18,0,187,441,57,Juntos Haremos Historia,441,35.425383542538356,JHH
20,Oaxaca,Oax.,568,Zapotitlan Lagunas,20568,17.754722222222224,-98.38972222222225,3382,5.203333333333333,NO,2246,1426,63.4906500445236,36.5093499554764,45.4545454545455,51.1568123393316,48.4779645615629,90,79,12,488,23,30,321,19,178,19,0,184,832,216,Juntos Haremos Historia,832,43.19775596072931,JHH
20,Oaxaca,Oax.,569,Zapotitlan Palmas,20569,17.88888888888889,-97.81777777777778,1509,6.19,NO,1315,297,22.585551330798477,77.41444866920152,28.5958904109589,42.6865671641791,36.1244019138756,11,76,7,11,24,6,119,6,8,5,0,96,155,19,Juntos Haremos Historia,155,19.865319865319865,JHH
20,Oaxaca,Oax.,570,Zimatlan De Alvarez,20570,16.866111111111113,-96.785,23210,8.165714285714285,NO,16256,10801,66.4431594488189,33.5568405511811,60.9451307095662,68.3810213690692,64.9852410626435,2138,820,186,1234,1011,121,4048,297,72,355,0,3148,6293,724,Juntos Haremos Historia,6293,29.117674289417646,JHH
21,Puebla,Pue.,001,Acajete,21001,19.103333333333335,-97.95111111111112,72012,7.699,SI,45905,24562,53.50615401372399,46.49384598627601,50.9686168151879,62.5786029002866,57.1334469051675,1607,3280,1463,1139,1067,2620,8546,1278,897,1352,0,6353,10754,3527,Juntos Haremos Historia,10754,17.91792199332302,JHH
21,Puebla,Pue.,002,Acateno,21002,20.13222222222222,-97.21222222222222,8656,6.96875,NO,7229,5397,74.65762899432839,25.34237100567161,74.9044960329121,83.5564610011641,79.2513525369206,362,430,177,936,75,618,1493,831,49,245,0,972,2508,1125,Juntos Haremos Historia,2508,25.625347415230685,JHH
21,Puebla,Pue.,003,Acatlan,21003,18.203333333333333,-98.04861111111111,38030,8.12,NO,28756,16471,57.27848101265823,42.72151898734177,52.2257988537332,61.0019518542615,57.0249404063045,2190,2887,387,688,1083,294,6172,610,356,1091,0,5466,7944,2057,Juntos Haremos Historia,7944,15.04462388440289,JHH
21,Puebla,Pue.,004,Acatzingo,21004,18.981666666666666,-97.78222222222222,66801,7.725,NO,38597,21429,55.51985905640334,44.48014094359666,58.0046542156453,67.8617157490397,63.3088964832984,2241,3794,466,2506,1248,942,7196,644,1003,460,0,6504,10953,2107,Juntos Haremos Historia,10953,20.761584768304633,JHH
21,Puebla,Pue.,005,Acteopan,21005,18.76722222222222,-98.71583333333334,3070,6.33,NO,2273,2015,88.6493620765508,11.3506379234492,83.1081081081081,89.7845171588188,86.7627785058978,29,781,12,6,40,18,366,190,425,18,0,826,413,633,Va por México,826,9.578163771712159,V x M
21,Puebla,Pue.,006,Ahuacatlan,21006,20.0075,-97.86027777777775,14478,6.102857142857143,NO,10935,9002,82.3228166438043,17.677183356195698,70.9787234042553,77.2225239905848,74.3519514819525,169,3367,183,75,60,164,4365,78,131,71,0,3721,4501,280,Juntos Haremos Historia,4501,8.664741168629194,JHH
21,Puebla,Pue.,007,Ahuatlan,21007,18.57472222222222,-98.25611111111112,3162,6.0875,NO,2490,1613,64.77911646586345,35.22088353413655,64.0358014646054,73.5562310030395,68.958742632613,21,629,336,58,11,99,152,250,17,5,0,987,221,272,Va por México,987,44.32734035957843,V x M
21,Puebla,Pue.,008,Ahuazotepec,21008,20.04888888888889,-98.16305555555556,11349,8.379999999999999,NO,7975,5108,64.05015673981191,35.94984326018809,18.6407219402143,21.8272841051314,20.3288688502851,500,1040,20,623,945,73,1265,43,37,324,0,1563,2837,404,Juntos Haremos Historia,2837,24.94126859827721,JHH
21,Puebla,Pue.,009,Ahuehuetitla,21009,18.21222222222222,-98.22111111111111,2249,7.23,NO,1814,1236,68.1367144432194,31.863285556780596,65.0234741784037,71.6049382716049,68.530701754386,127,197,35,33,43,190,337,54,27,30,0,360,415,111,Juntos Haremos Historia,415,4.449838187702265,JHH
21,Puebla,Pue.,010,Ajalpan,21010,18.378333333333337,-97.25944444444444,74952,6.2324,NO,45111,32751,72.60091773625058,27.39908226374942,54.5440357904593,63.0130965984003,59.1347642756748,9290,6939,402,3160,576,320,7539,1652,474,483,0,16633,11276,2609,Va por México,16633,16.35675246557357,V x M
21,Puebla,Pue.,011,Albino Zertuche,21011,18.01861111111111,-98.5411111111111,1831,6.55,NO,1398,1058,75.67954220314735,24.32045779685265,35.9467455621302,43.5630689206762,40,27,396,278,10,8,6,299,6,4,3,0,701,319,13,Va por México,701,36.10586011342155,V x M
21,Puebla,Pue.,012,Aljojuca,21012,19.101111111111113,-97.53138888888888,6540,7.445,NO,5142,4130,80.31894204589653,19.681057954103466,70.5882352941177,73.6801836266259,72.2519555372581,660,804,38,128,156,434,1475,43,43,104,0,1504,1761,190,Juntos Haremos Historia,1761,6.2227602905569,JHH
21,Puebla,Pue.,013,Altepexi,21013,18.3675,-97.29861111111111,21929,6.836666666666666,NO,14165,10759,75.95481821390752,24.045181786092485,75.8886922953193,85.4077843487828,81.0201660735468,750,793,113,387,401,1651,5171,426,395,101,0,1658,5962,922,Juntos Haremos Historia,5962,40.003717817641046,JHH
21,Puebla,Pue.,014,Amixtlan,21014,20.050555555555555,-97.79861111111111,4858,6.096666666666667,NO,3768,3045,80.81210191082803,19.187898089171966,73.4603174603175,83.0148619957537,78.664353859497,32,314,445,29,96,1131,742,26,32,73,0,794,869,131,Movimiento Ciudadano,1131,8.604269293924466,JHH
21,Puebla,Pue.,015,Amozoc,21015,19.046111111111113,-98.045,116840,9.188888888888888,SI,74846,41441,55.36835635838923,44.63164364161077,55.0124931440063,62.0860466410642,58.70956481266,9519,2819,415,2571,1416,1567,14451,1491,1847,2822,0,12754,18440,6160,Juntos Haremos Historia,18440,13.720711372795058,JHH
21,Puebla,Pue.,016,Aquixtla,21016,19.797777777777775,-97.9363888888889,9065,7.002,NO,6251,4682,74.9000159974404,25.09998400255959,66.5523156089194,73.227581741664,69.9866755496336,371,757,41,104,65,414,2440,76,127,70,0,1171,2613,273,Juntos Haremos Historia,2613,30.79880392994447,JHH
21,Puebla,Pue.,017,Atempan,21017,19.84111111111111,-97.45805555555556,30173,6.949,NO,20099,14025,69.77959102442908,30.22040897557092,65.2870813397129,80.9101112131415,73.7184075766753,496,4110,90,386,1173,771,3416,176,171,2547,0,4699,4977,2894,Juntos Haremos Historia,4977,1.982174688057041,JHH
21,Puebla,Pue.,018,Atexcal,21018,18.40194444444444,-97.73666666666666,3863,6.883333333333334,NO,2917,2195,75.24854302365443,24.751456976345565,78.0185758513932,83.8840188806473,81.1531531531532,185,877,18,102,52,44,634,94,27,36,0,1081,790,157,Va por México,1081,13.257403189066059,V x M
21,Puebla,Pue.,019,Atlixco,21019,18.90888888888889,-98.43777777777778,142642,9.615,NO,107881,50170,46.50494526376285,53.49505473623715,55.2426793324993,63.8882944575219,59.9387816383661,9025,4436,613,2215,2152,1302,23690,888,1465,2412,0,14077,28061,4765,Juntos Haremos Historia,28061,27.873231014550527,JHH
21,Puebla,Pue.,020,Atoyatempan,21020,18.822777777777777,-97.91444444444446,7677,7.885,NO,5066,3345,66.02842479273589,33.97157520726411,64.0681003584229,70.9689487467265,67.82874617737,174,550,33,71,248,86,1425,387,103,34,0,759,1745,524,Juntos Haremos Historia,1745,29.476831091180866,JHH
21,Puebla,Pue.,021,Atzala,21021,18.54638888888889,-98.55305555555556,1544,8.14,NO,1107,898,81.12014453477869,18.87985546522131,76.6599597585513,87.6949740034662,82.5884543761639,19,257,11,15,38,15,326,40,83,8,0,291,380,131,Juntos Haremos Historia,380,9.910913140311804,JHH
21,Puebla,Pue.,022,Atzitzihuacan,21022,18.82472222222222,-98.58166666666666,12813,6.783333333333333,NO,9283,6422,69.18022191102014,30.81977808897986,53.4911814447934,62.174358974359,58.1872642556024,482,457,1820,57,795,69,1378,182,773,36,0,2762,2233,991,Va por México,2762,8.237309249454999,V x M
21,Puebla,Pue.,023,Atzitzintla,21023,18.897777777777776,-97.3261111111111,8883,6.302,NO,6645,4283,64.45447705041386,35.54552294958614,72.9243081027009,82.4506424318396,77.8352180936995,175,149,539,90,129,1494,1229,206,40,57,0,865,1450,303,Movimiento Ciudadano,1494,1.027317300957273,JHH
21,Puebla,Pue.,024,Axutla,21024,18.189166666666665,-98.39,982,6.1850000000000005,NO,1049,724,69.01811248808389,30.981887511916113,62.8282828282828,68.6170212765958,65.9112370160529,315,36,21,5,8,2,300,7,5,6,0,373,314,18,Va por México,373,8.149171270718233,V x M
21,Puebla,Pue.,025,Ayotoxco De Guerrero,21025,20.098333333333333,-97.41111111111113,8214,7.612500000000001,NO,6274,4325,68.93528849219,31.064711507810003,68.1899321670832,79.343942838584,74.030612244898,716,768,14,992,156,105,1229,18,34,120,0,1499,2378,172,Juntos Haremos Historia,2378,20.32369942196532,JHH
21,Puebla,Pue.,026,Calpan,21026,19.10555555555556,-98.46361111111112,15271,7.3175,NO,10786,5751,53.319117374374194,46.680882625625806,56.2550607287449,65.2767920511001,61.0627836611195,462,793,170,209,655,670,1365,616,98,326,0,1429,2230,1040,Juntos Haremos Historia,2230,13.928012519561815,JHH
21,Puebla,Pue.,027,Caltepec,21027,18.183333333333337,-97.47944444444444,4151,6.417142857142857,NO,3602,2861,79.4280955024986,20.571904497501393,67.5348273773471,74.9609578344612,71.528555431131,640,278,26,380,127,40,778,363,49,24,0,947,1289,436,Juntos Haremos Historia,1289,11.953862285914017,JHH
21,Puebla,Pue.,028,Camocuautla,21028,20.040833333333335,-97.7575,2758,5.86,NO,2075,1798,86.65060240963855,13.349397590361448,87.9253567508233,93.0084745762712,90.5121293800539,9,441,2,25,37,336,677,102,123,6,0,454,740,231,Juntos Haremos Historia,740,15.906562847608454,JHH
21,Puebla,Pue.,029,Cañada Morelos,21029,18.73888888888889,-97.42166666666668,20713,6.806666666666667,NO,14318,8934,62.39698281882945,37.60301718117055,51.8450467003522,64.6985962014864,58.6141914909038,1396,2234,81,708,253,1417,1826,197,89,306,0,3715,2789,592,Va por México,3715,10.364898141929707,V x M
21,Puebla,Pue.,030,Caxhuacan,21030,20.06638888888889,-97.60527777777776,3794,7.625,NO,2952,2435,82.48644986449864,17.51355013550136,73.7121212121212,84.9593495934959,79.6494992846924,48,359,51,559,137,78,856,100,52,35,0,458,1553,187,Juntos Haremos Historia,1553,44.969199178644764,JHH
21,Puebla,Pue.,031,Coatepec,21031,20.06361111111111,-97.73277777777778,772,6.63,NO,722,569,78.80886426592798,21.19113573407202,60.6770833333333,83.013698630137,71.562082777036,1,68,0,69,6,4,189,214,4,1,0,69,264,219,Juntos Haremos Historia,264,7.9086115992970125,JHH
21,Puebla,Pue.,032,Coatzingo,21032,18.616388888888892,-98.17444444444445,2820,5.773333333333333,NO,2254,1676,74.3566992014197,25.6433007985803,72.3004694835681,77.0816158285243,74.846356453029,11,55,375,354,87,12,187,19,502,26,0,441,632,547,Juntos Haremos Historia,632,5.071599045346062,JHH
21,Puebla,Pue.,033,Cohetzala,21033,18.20722222222222,-98.80611111111112,1418,6.43,NO,1202,906,75.37437603993344,24.62562396006656,71.2121212121212,76.5811965811966,73.8761662425784,27,164,6,29,15,10,412,8,2,137,0,198,456,147,Juntos Haremos Historia,456,28.47682119205298,JHH
21,Puebla,Pue.,034,Cohuecan,21034,18.785833333333336,-98.72111111111111,5403,7.506666666666667,NO,3659,2558,69.90981142388631,30.09018857611369,73.6559139784946,82.1881606765328,78.1828379136287,742,865,31,19,31,15,574,46,113,14,0,1641,624,173,Va por México,1641,39.75762314308053,V x M
21,Puebla,Pue.,035,Coronango,21035,19.13222222222222,-98.30694444444444,75694,9.418333333333331,SI,41249,19754,47.88964580959538,52.11035419040462,59.6913898927322,66.0031512605042,62.9863186466701,2827,2625,1072,447,651,934,7160,828,1806,457,0,6527,8259,3091,Juntos Haremos Historia,8259,8.767844487192468,JHH
21,Puebla,Pue.,036,Coxcatlan,21036,18.264444444444443,-97.1463888888889,20588,8.125,NO,15334,9534,62.17555758445285,37.82444241554715,51.5904139433551,60.9904761904762,56.6056910569106,508,1584,240,864,630,582,3366,593,94,383,0,2334,4862,1070,Juntos Haremos Historia,4862,26.515628277742817,JHH
21,Puebla,Pue.,037,Coyomeapan,21037,18.284722222222225,-96.99277777777776,14459,5.11,NO,9868,7993,80.99918929874342,19.000810701256583,37.9885486681603,43.3916226108174,40.9625069949636,74,3461,58,77,3653,27,232,97,15,37,0,3598,3964,149,Juntos Haremos Historia,3964,4.579006630801952,JHH
21,Puebla,Pue.,038,Coyotepec,21038,18.40583333333333,-97.83138888888888,2334,7.53,NO,2076,1527,73.55491329479769,26.44508670520231,75.9647188533627,80.4490177736202,78.3906882591093,72,380,11,9,20,120,797,29,11,4,0,464,826,44,Juntos Haremos Historia,826,23.706614276358874,JHH
21,Puebla,Pue.,039,Cuapiaxtla De Madero,21039,18.9175,-97.8225,11744,7.65,NO,6484,4068,62.73904996915485,37.26095003084515,67.2951414068165,77.6219512195122,72.9049354090759,108,310,32,591,518,682,1365,266,46,29,0,452,2477,341,Juntos Haremos Historia,2477,44.12487708947886,JHH
21,Puebla,Pue.,040,Cuautempan,21040,19.914166666666667,-97.79583333333332,9859,7.225,NO,7287,5719,78.48222862632085,21.517771373679153,73.972602739726,83.6615811373093,79.2085144655974,225,759,47,727,1219,171,1418,48,50,598,0,1034,3367,696,Juntos Haremos Historia,3367,40.79384507781081,JHH
21,Puebla,Pue.,041,Cuautinchan,21041,18.9575,-98.0175,12164,7.79,NO,7498,5526,73.69965324086422,26.300346759135778,69.9348433136829,77.003869541183,73.6734395556205,752,640,138,230,1019,302,1244,266,220,140,0,1531,2493,626,Juntos Haremos Historia,2493,17.408613825551935,JHH
21,Puebla,Pue.,042,Cuautlancingo,21042,19.08972222222222,-98.2725,120333,11.014375,SI,78604,40709,51.78998524248129,48.21001475751871,60.0574287321275,65.6056467533872,62.9568388026796,13391,2271,460,1111,1419,1352,15479,1413,738,1386,0,16125,18011,3537,Juntos Haremos Historia,18011,4.632882163649316,JHH
21,Puebla,Pue.,043,Cuayuca De Andrade,21043,18.488333333333333,-98.18333333333334,3237,6.355,NO,2951,2160,73.19552694002033,26.80447305997967,74.643660915228807,81.2456747404844,78.0777537796976,29,804,40,683,31,6,489,6,23,1,0,874,1205,30,Juntos Haremos Historia,1205,15.324074074074074,JHH
21,Puebla,Pue.,044,Cuetzalan Del Progreso,21044,20.01861111111111,-97.52111111111113,49892,7.792,NO,33879,22180,65.46828418784499,34.531715812155014,61.4140860509729,71.638411518811,66.948460087995,2546,6995,122,4180,532,1029,4357,302,220,683,0,9666,9072,1205,Va por México,9666,2.678088367899008,V x M
21,Puebla,Pue.,045,Cuyoaco,21045,19.60666666666667,-97.6211111111111,16759,7.834285714285715,NO,11972,8751,73.09555629802873,26.904443701971275,69.2465881473173,77.1705235516166,73.466177241741,1420,2518,73,444,100,829,2511,310,64,105,0,4014,3057,479,Va por México,4014,10.935893040795337,V x M
21,Puebla,Pue.,046,Chalchicomula De Sesma,21046,18.98888888888889,-97.44666666666669,47470,7.952083333333333,NO,34551,20072,58.09383230586669,41.90616769413331,55.3738317757009,64.3227990970655,60.1605892296547,4274,3529,261,928,220,4208,4522,510,184,408,0,8067,5671,1102,Va por México,8067,11.937026703866081,V x M
21,Puebla,Pue.,047,Chapulco,21047,18.62,-97.41055555555556,8023,7.396666666666667,NO,5478,4146,75.68455640744799,24.315443592552015,0,0,0,145,599,30,252,156,457,1090,535,216,444,0,778,1498,1195,Juntos Haremos Historia,1498,7.308248914616498,JHH
21,Puebla,Pue.,048,Chiautla,21048,18.3,-98.60388888888887,21627,7.460588235294118,NO,16905,9883,58.46199349304939,41.53800650695061,59.0055809233891,67.2483380816714,63.2634289919058,2174,1812,63,61,785,39,3874,77,159,513,0,4052,4724,749,Juntos Haremos Historia,4724,6.799554791055348,JHH
21,Puebla,Pue.,049,Chiautzingo,21049,19.203611111111112,-98.4675,21585,8.40125,SI,14912,7403,49.644581545064376,50.355418454935624,58.4944956858078,65.4755648975302,62.2017580577648,1236,804,74,726,779,140,1581,716,282,642,0,2117,3089,1640,Juntos Haremos Historia,3089,13.129812238281778,JHH
21,Puebla,Pue.,050,Chiconcuautla,21050,20.096666666666664,-97.93972222222224,17973,5.675714285714286,NO,11400,3726,32.68421052631579,67.31578947368422,77.1404992779039,89.0747136884203,83.484731349053,640,1220,84,73,397,439,219,75,43,68,0,1946,691,186,Va por México,1946,33.682232957595275,V x M
21,Puebla,Pue.,051,Chichiquila,21051,19.20111111111111,-97.06666666666666,26742,5.801111111111111,NO,15835,11578,73.11651405115252,26.88348594884748,68.2818732456788,80.1693811074919,74.5984491830518,2777,3470,52,1311,91,1313,1376,89,59,82,0,6304,2779,230,Va por México,6304,30.445672827776818,V x M
21,Puebla,Pue.,052,Chietla,21052,18.52027777777778,-98.57888888888888,36909,7.8065,NO,28034,16678,59.492045373475065,40.507954626524935,50.3884740137286,58.7805895439377,54.7556166564162,598,3647,270,175,326,1371,8891,198,215,150,0,4519,9395,563,Juntos Haremos Historia,9395,29.23611943878163,JHH
21,Puebla,Pue.,053,Chigmecatitlan,21053,18.6475,-98.07527777777776,1215,6.355,NO,1168,1003,85.87328767123287,14.126712328767129,79.9610894941634,89.6147403685092,85.1485148514851,219,220,3,87,21,8,309,4,18,90,0,443,417,112,Va por México,443,2.59222333000997,V x M
21,Puebla,Pue.,054,Chignahuapan,21054,19.83944444444444,-98.03277777777778,66775,7.785517241379311,NO,46517,30911,66.45097491239763,33.549025087602374,42.2097662929888,48.4817555498852,45.5190055199031,1396,12722,458,4069,1146,372,7551,384,403,1117,0,14579,12767,1904,Va por México,14579,5.861990877034065,V x M
21,Puebla,Pue.,055,Chignautla,21055,19.814444444444444,-97.38805555555555,37469,7.303,SI,22802,15366,67.38882554161916,32.611174458380844,61.928269192021,72.4232021829064,67.5294780852163,1140,2350,82,439,871,3970,3734,1447,423,298,0,3575,5047,2168,Juntos Haremos Historia,5047,7.008980866848887,JHH
21,Puebla,Pue.,056,Chila,21056,17.971666666666664,-97.8622222222222,5082,7.115,NO,4121,2913,70.68672652268867,29.313273477311327,64.9357601713062,78.4228350266086,72.0203303684879,65,1021,606,66,24,46,896,17,38,18,0,1696,987,73,Va por México,1696,24.33916924133196,V x M
21,Puebla,Pue.,057,Chila De La Sal,21057,18.110000000000003,-98.48416666666668,1317,6.095,NO,1205,933,77.42738589211619,22.57261410788381,76.386404293381,78.1010719754977,77.3102310231023,10,368,133,1,343,1,63,1,0,0,0,514,408,1,Va por México,514,11.361200428724544,V x M
21,Puebla,Pue.,058,Honey,21058,20.241111111111113,-98.21194444444444,6687,6.6066666666666665,NO,5360,3983,74.30970149253731,25.69029850746269,72.0179738562092,84.6238130021914,78.6733513305052,977,1267,17,1184,15,11,375,7,9,13,0,2266,1576,29,Va por México,2266,17.323625407983933,V x M
21,Puebla,Pue.,059,Chilchotla,21059,19.25611111111111,-97.18222222222222,20983,5.594285714285714,NO,13222,10248,77.5071849947058,22.492815005294204,67.4793956043956,75.5573248407643,71.6705221414409,1836,614,46,837,1133,2254,1906,317,213,332,0,2500,3878,862,Juntos Haremos Historia,3878,13.446526151444184,JHH
21,Puebla,Pue.,060,Chinantla,21060,18.20138888888889,-98.26277777777776,2897,7.123333333333334,NO,2406,1409,58.5619285120532,41.4380714879468,61.0091743119266,64.5579886455799,62.8928110202325,231,337,39,24,60,15,452,43,114,19,0,610,538,176,Va por México,610,5.11000709723208,V x M
21,Puebla,Pue.,061,Domingo Arenas,21061,19.1425,-98.45722222222224,7784,7.423333333333333,SI,5351,3665,68.49187067837788,31.50812932162212,59.2893835616438,66.8903803131991,63.3519330410522,114,551,662,150,294,211,1195,74,84,101,0,1331,1640,259,Juntos Haremos Historia,1640,8.431105047748977,JHH
21,Puebla,Pue.,062,Eloxochitlan,21062,18.5,-96.95416666666668,14744,5.601666666666667,NO,9304,7209,77.48280309544282,22.51719690455718,55.3647058823529,59.8014888337469,57.6298514338362,189,303,44,76,3961,282,1698,251,80,44,0,540,5737,375,Juntos Haremos Historia,5737,72.09044250242752,JHH
21,Puebla,Pue.,063,Epatlan,21063,18.642777777777777,-98.37055555555555,4688,7.555,NO,3628,2494,68.7431091510474,31.25689084895259,55.9612093553908,65.5578300921187,61.0196924736984,770,147,19,24,176,411,791,14,18,22,0,940,993,54,Juntos Haremos Historia,993,2.125100240577386,JHH
21,Puebla,Pue.,064,Esperanza,21064,18.859166666666667,-97.37555555555556,14875,7.796666666666667,NO,10796,7190,66.59874027417561,33.40125972582439,51.7255804225058,56.8038561364479,54.4176904176904,749,875,341,533,85,592,2563,172,89,772,0,1966,3183,1033,Juntos Haremos Historia,3183,16.926286509040334,JHH
21,Puebla,Pue.,065,Francisco Z. Mena,21065,20.735555555555557,-97.85194444444444,17821,7.291111111111111,NO,12883,9079,70.47271598230226,29.52728401769774,73.1278244028405,79.6327991286759,76.4398320526024,2792,899,136,803,85,489,2424,495,108,612,0,3831,3315,1215,Va por México,3831,5.683445313360502,V x M
21,Puebla,Pue.,066,General Felipe Angeles,21066,18.995555555555555,-97.70972222222224,22584,6.897142857142857,NO,14722,9364,63.605488384730336,36.394511615269664,33.8221381267739,41.0614525139665,37.7489177489177,1045,943,55,663,242,736,2440,178,872,1405,0,2046,3347,2455,Juntos Haremos Historia,3347,9.525843656557027,JHH
21,Puebla,Pue.,067,Guadalupe,21067,18.093055555555555,-98.12055555555555,6614,6.2875,NO,5453,3886,71.26352466532184,28.73647533467816,67.4694038689301,77.1826086956522,72.6331360946746,995,1540,17,53,25,16,964,20,33,64,0,2553,1042,117,Va por México,2553,38.883170355120946,V x M
21,Puebla,Pue.,068,Guadalupe Victoria,21068,19.29138888888889,-97.34194444444444,18822,7.067,NO,11944,7960,66.6443402545211,33.3556597454789,70.6427221172023,76.6902768834514,73.9088854112328,455,4081,47,348,55,210,2273,106,83,78,0,4585,2679,267,Va por México,4585,23.944723618090453,V x M
21,Puebla,Pue.,069,Hermenegildo Galeana,21069,20.122222222222224,-97.74333333333334,7446,5.475,NO,5457,4269,78.22979659153381,21.770203408466188,78.0922838309422,83.9376359680928,81.1129848229342,1588,1526,47,43,5,135,728,7,57,10,0,3163,779,74,Va por México,3163,55.84446006090419,V x M
21,Puebla,Pue.,070,Huaquechula,21070,18.771944444444443,-98.54305555555555,29177,6.895263157894737,NO,20697,13210,63.82567521863072,36.17432478136928,57.4400339630652,69.5287576337617,63.9435100279508,2009,3715,143,408,398,240,3301,464,799,932,0,5870,4110,2195,Va por México,5870,13.323239969719909,V x M
21,Puebla,Pue.,071,Huatlatlauca,21071,18.679722222222225,-98.05138888888888,6123,5.915,NO,5177,3693,71.33474985512845,28.66525014487155,64.0909090909091,70.7325501036627,67.8641539065567,836,266,137,387,58,46,1692,47,54,66,0,1241,2140,167,Juntos Haremos Historia,2140,24.343352288112644,JHH
21,Puebla,Pue.,072,Huauchinango,21072,20.17666666666667,-98.05277777777778,104098,9.03891891891892,NO,75382,47547,63.07473932769096,36.92526067230904,61.8476137315099,74.0482751581956,68.5409930150198,4055,6256,4248,4572,1808,6170,13193,1056,1258,1377,0,14561,19575,3691,Juntos Haremos Historia,19575,10.54535512230004,JHH
21,Puebla,Pue.,073,Huehuetla,21073,20.1075,-97.62333333333332,17010,6.323333333333333,NO,11914,9479,79.5618599966426,20.438140003357404,77.2479819785996,84.7406914893617,81.2218989685268,1284,5705,132,38,108,42,1808,56,103,29,0,7122,1957,188,Va por México,7122,54.48887013398038,V x M
21,Puebla,Pue.,074,Huehuetlan El Chico,21074,18.37472222222222,-98.6875,9875,6.898333333333333,NO,7485,5341,71.3560454241817,28.6439545758183,62.0631341600902,71.5127175368139,66.9092406975148,409,1576,61,193,102,93,2234,41,39,74,0,2048,2533,154,Juntos Haremos Historia,2533,9.080696498782999,JHH
21,Puebla,Pue.,075,Huehuetlan El Grande,21075,18.739166666666662,-98.16361111111112,6092,6.066,NO,4960,433,8.72983870967742,91.27016129032258,52.6868178001679,60.8578052550232,56.9416498993964,14,67,0,8,6,182,43,29,65,2,0,81,58,96,Movimiento Ciudadano,182,19.861431870669747,V x M
21,Puebla,Pue.,076,Huejotzingo,21076,19.161944444444444,-98.4063888888889,91976,9.430454545454545,SI,59528,33430,56.158446445370245,43.841553554629755,57.4797578806698,63.5454224107458,60.6733417702672,2524,3562,4783,1319,4164,1105,7678,609,4117,2399,0,10873,13164,7125,Juntos Haremos Historia,13164,6.853125934789111,JHH
21,Puebla,Pue.,077,Hueyapan,21077,19.884722222222223,-97.44333333333334,13136,7.55,NO,8800,5933,67.42045454545455,32.57954545454545,63.1975084349857,80.5065581184984,72.4471299093656,344,2173,37,189,1295,97,1328,58,57,71,0,2557,2812,186,Juntos Haremos Historia,2812,4.2979942693409745,JHH
21,Puebla,Pue.,078,Hueytamalco,21078,19.93888888888889,-97.28722222222224,28212,7.085333333333334,NO,20172,12696,62.93872694824509,37.06127305175491,59.4365600508367,71.6842314575462,65.7538461538462,4240,3746,76,143,497,211,3049,106,77,96,0,8066,3692,279,Va por México,8066,34.45179584120983,V x M
21,Puebla,Pue.,079,Hueytlalpan,21079,20.02861111111111,-97.69666666666669,5760,5.8133333333333335,NO,4454,3547,79.63628199371352,20.363718006286476,79.8449612403101,84.5794392523365,82.3312883435583,88,1479,24,36,327,203,556,82,62,400,0,1592,921,544,Va por México,1592,18.917394981674654,V x M
21,Puebla,Pue.,080,Huitzilan De Serdan,21080,19.97138888888889,-97.69527777777778,16322,5.91,NO,10242,7045,68.78539347783637,31.214606522163635,60.7039429717086,70.5929973689537,65.8854718981972,95,3425,37,50,219,44,2579,72,207,55,0,3561,2849,334,Va por México,3561,10.106458481192336,V x M
21,Puebla,Pue.,081,Huitziltepec,21081,18.772777777777776,-97.88083333333331,5816,8.413333333333332,NO,4178,2457,58.80804212541886,41.19195787458114,61.6588419405321,70.8728652751423,66.4844720496894,138,190,607,69,78,32,1104,9,38,55,0,940,1255,102,Juntos Haremos Historia,1255,12.820512820512821,JHH
21,Puebla,Pue.,082,Atlequizayan,21082,20.01527777777778,-97.62416666666664,2633,5.995,NO,1994,1618,81.14343029087262,18.856569709127385,81.9161676646707,87.2865275142315,84.9126521969296,1,885,2,7,27,6,580,48,27,4,0,888,615,79,Va por México,888,16.872682323856612,V x M
21,Puebla,Pue.,083,Ixcamilpa De Guerrero,21083,18.02777777777778,-98.69694444444444,4119,6.15,NO,3066,2186,71.29810828440965,28.70189171559035,62.2539035980991,66.91776522285,64.6771037181996,116,385,19,70,91,164,452,594,32,34,0,521,614,660,Otros,660,2.104300091491308,JHH
21,Puebla,Pue.,084,Ixcaquixtla,21084,18.460833333333333,-97.83111111111111,8804,9.096666666666666,NO,6310,3931,62.29793977812995,37.70206022187005,73.1488406881077,80.9980806142035,77.3793103448276,138,1179,19,47,109,53,2123,78,44,22,0,1337,2282,144,Juntos Haremos Historia,2282,24.03968455863648,JHH
21,Puebla,Pue.,085,Ixtacamaxtitlan,21085,19.62388888888889,-97.81472222222222,25778,6.891333333333333,NO,18488,14510,78.48334054521851,21.51665945478149,63.7313432835821,69.6479026298631,66.770879857079,221,5027,110,4994,460,130,2903,80,92,90,0,5361,8362,262,Juntos Haremos Historia,8362,20.682288077188147,JHH
21,Puebla,Pue.,086,Ixtepec,21086,20.02611111111111,-97.64666666666668,7158,5.756666666666667,NO,5406,4199,77.67295597484278,22.32704402515722,73.820124666073,81.5217391304348,77.9344670261302,125,811,552,402,88,1129,560,346,29,19,0,1492,1051,394,Va por México,1492,8.644915456060968,V x M
21,Puebla,Pue.,087,Izucar De Matamoros,21087,18.602777777777774,-98.4652777777778,83185,8.783529411764706,NO,59857,29237,48.844746646173384,51.155253353826616,50.9789380005933,59.665940922237,55.6086662856549,1028,5317,746,969,757,1286,12699,880,841,3160,0,7096,14429,4881,Juntos Haremos Historia,14429,25.081232684611965,JHH
21,Puebla,Pue.,088,Jalpan,21088,20.481666666666666,-97.9425,13693,6.95,NO,9548,6596,69.08253037285296,30.91746962714704,67.018647494945,76.8800497203232,72.1491700797586,215,1308,76,194,537,181,1865,1277,498,62,0,1602,2598,1837,Juntos Haremos Historia,2598,11.537295330503335,JHH
21,Puebla,Pue.,089,Jolalpan,21089,18.32138888888889,-98.84527777777777,13308,5.933333333333334,NO,9365,7353,78.5157501334757,21.484249866524294,73.0769230769231,83.0797321972002,78.3214551643442,89,1948,913,39,1043,668,1991,75,30,298,0,2952,3076,403,Juntos Haremos Historia,3076,1.6863865089079286,JHH
21,Puebla,Pue.,090,Jonotla,21090,20.03111111111111,-97.57472222222222,4234,7.156666666666666,NO,3620,2752,76.02209944751381,23.97790055248619,71.9287469287469,78.511471740347,75.3733528550513,125,673,20,452,70,327,784,39,41,32,0,822,1307,112,Juntos Haremos Historia,1307,17.623546511627907,JHH
21,Puebla,Pue.,091,Jopala,21091,20.16444444444444,-97.69277777777778,12100,6.248571428571428,NO,9602,7346,76.5048948135805,23.495105186419497,72.7942870306381,84.2746168381272,78.8005272407733,1260,342,1347,43,484,2151,1392,25,36,14,0,2950,1920,75,Va por México,2950,10.876667574190035,V x M
21,Puebla,Pue.,092,Juan C. Bonilla,21092,19.110555555555557,-98.32833333333332,26100,9.383333333333333,SI,18010,10348,57.45696835091616,42.54303164908384,52.9200359389039,60.9062892363885,57.1471725471242,1470,579,725,1130,360,991,3076,621,319,497,0,2778,4570,1437,Juntos Haremos Historia,4570,17.317356010823346,JHH
21,Puebla,Pue.,093,Juan Galindo,21093,20.212777777777777,-98.00472222222224,9173,9.026,NO,6036,4430,73.39297548045063,26.60702451954937,71.7472118959108,79.0675844806007,75.7220523275569,108,1047,148,283,441,284,1552,20,63,320,0,1306,2276,403,Juntos Haremos Historia,2276,21.896162528216703,JHH
21,Puebla,Pue.,094,Juan N. Mendez,21094,18.543333333333337,-97.7713888888889,5341,6.225,NO,4134,3216,77.79390420899854,22.20609579100146,76.86294945284,87.2244488977956,82.1455938697318,886,553,108,32,48,25,1397,34,37,10,0,1549,1477,81,Va por México,1549,2.2388059701492535,V x M
21,Puebla,Pue.,095,Lafragua,21095,19.297777777777775,-97.29833333333332,7612,6.24875,NO,6047,4898,80.99884240119067,19.00115759880933,63.0465444287729,66.8953687821612,64.9973917579551,1080,1220,18,74,433,706,926,27,219,20,0,2322,1436,266,Va por México,2322,18.089015924867294,V x M
21,Puebla,Pue.,096,Libres,21096,19.46638888888889,-97.68666666666668,36722,8.552727272727273,NO,25150,16567,65.8727634194831,34.12723658051689,60.832473985188,70.712847362062,66.1467810415042,2044,2016,248,618,349,2578,5921,1003,229,872,0,4309,6890,2104,Juntos Haremos Historia,6890,15.579163397114746,JHH
21,Puebla,Pue.,097,La Magdalena Tlatlauquitepec,21097,18.760555555555555,-98.10083333333333,650,8.89,NO,501,435,86.82634730538922,13.17365269461078,86.4,88.8888888888889,87.603305785124,23,55,84,17,5,9,125,80,7,2,0,162,147,89,Va por México,162,3.4482758620689653,V x M
21,Puebla,Pue.,098,Mazapiltepec De Juarez,21098,19.12027777777778,-97.70166666666668,3374,7.845000000000001,NO,2216,1702,76.80505415162455,23.194945848375458,49.2477432296891,54.4292237442922,51.9598470363289,77,573,5,40,274,29,461,152,15,14,0,657,776,181,Juntos Haremos Historia,776,6.991774383078731,JHH
21,Puebla,Pue.,099,Mixtla,21099,18.904166666666665,-97.89583333333334,2668,9.42,NO,1830,1326,72.45901639344262,27.540983606557376,76.7002518891688,82.9676071055381,80.1256424900057,31,153,21,19,36,291,661,8,38,10,0,206,717,56,Juntos Haremos Historia,717,32.126696832579185,JHH
21,Puebla,Pue.,100,Molcaxac,21100,18.738333333333333,-97.91111111111113,6668,7.537999999999999,NO,4897,3418,69.79783540943436,30.202164590565644,69.2678649715037,80.3071017274472,75.1534997953336,85,652,25,361,69,198,1379,62,107,312,0,765,1812,481,Juntos Haremos Historia,1812,30.631948507899356,JHH
21,Puebla,Pue.,101,Naupan,21101,20.231388888888887,-98.10972222222222,9301,6.18,NO,7008,5686,81.13584474885845,18.86415525114155,68.5374711125784,79.3999464237878,74.5341614906832,1255,1771,303,57,171,70,1681,61,86,32,0,3334,1910,179,Va por México,3334,25.043967639817094,V x M
21,Puebla,Pue.,102,Nauzontla,21102,19.960555555555555,-97.6025,3393,6.996666666666666,NO,2653,2008,75.6879004900113,24.3120995099887,73.4042553191489,83.0927835051546,78.6701531565185,118,624,10,208,70,28,631,121,30,12,0,753,912,163,Juntos Haremos Historia,912,7.918326693227091,JHH
21,Puebla,Pue.,103,Nealtican,21103,19.051666666666662,-98.42888888888888,13830,7.7625,NO,9169,6039,65.8632348129567,34.136765187043295,68.58531593758,79.9354838709677,74.751723332165,1367,323,65,102,199,471,2433,742,60,74,0,1757,2738,876,Juntos Haremos Historia,2738,16.24441132637854,JHH
21,Puebla,Pue.,104,Nicolas Bravo,21104,18.615,-97.30583333333333,6793,7.387499999999999,NO,4808,3002,62.437603993344425,37.562396006655575,66.3645038167939,73.7540192926045,70.3752181500873,54,1095,38,50,51,22,497,248,774,28,0,1191,599,1050,Va por México,1191,4.696868754163891,V x M
21,Puebla,Pue.,105,Nopalucan,21105,19.21638888888889,-97.82194444444444,29627,7.701428571428571,NO,18745,10859,57.9301146972526,42.0698853027474,60.8352555542066,75.181598062954,68.3599838365179,489,1682,1632,1308,490,515,3838,146,208,100,0,3805,5638,454,Juntos Haremos Historia,5638,16.880007367160882,JHH
21,Puebla,Pue.,106,Ocotepec,21106,19.55638888888889,-97.64888888888888,5534,7.506666666666667,NO,3770,2862,75.91511936339522,24.08488063660478,71.1229946524064,76.3474620617478,73.9009460211464,182,539,116,461,48,251,897,79,46,56,0,841,1409,181,Juntos Haremos Historia,1409,19.84626135569532,JHH
21,Puebla,Pue.,107,Ocoyucan,21107,18.97694444444444,-98.30138888888888,50428,8.338,SI,27679,15939,57.58517287474258,42.41482712525742,56.7319180222406,65.753210147197,61.603179300723,3723,5010,296,395,224,684,4747,214,85,82,0,9031,5368,381,Va por México,9031,22.981366459627328,V x M
21,Puebla,Pue.,108,Olintla,21108,20.100833333333338,-97.68361111111112,12065,5.12125,NO,8460,6646,78.5579196217494,21.44208037825059,80.609057782405,84.2834064158781,82.5565749235474,2425,2901,13,18,73,19,941,26,55,32,0,5341,1033,113,Va por México,5341,64.82094492928077,V x M
21,Puebla,Pue.,109,Oriental,21109,19.37611111111111,-97.62,19007,8.3425,NO,12631,8729,69.10775077191037,30.892249228089625,61.4858621326927,71.506585287504,66.8471255478216,1456,647,54,2341,172,262,3015,100,96,289,0,2160,5529,485,Juntos Haremos Historia,5529,38.59548631000114,JHH
21,Puebla,Pue.,110,Pahuatlan,21110,20.27611111111111,-98.1502777777778,20274,6.7092857142857145,NO,14764,10557,71.50501219181794,28.49498780818206,63.3536389868548,78.3903420523139,71.5402030234426,1033,659,896,767,190,1545,2613,1458,212,277,0,2591,3572,1947,Juntos Haremos Historia,3572,9.292412617220801,JHH
21,Puebla,Pue.,111,Palmar De Bravo,21111,18.836944444444445,-97.54722222222222,49352,7,NO,31289,18651,59.60880820735722,40.39119179264278,53.5355772069678,64.080826109128,59.1941442057737,3231,1554,177,3061,937,1151,4690,692,781,984,0,4963,8692,2457,Juntos Haremos Historia,8692,19.99356602863117,JHH
21,Puebla,Pue.,112,Pantepec,21112,20.523055555555555,-97.93916666666668,18271,6.742,NO,14670,12137,82.733469665985,17.266530334015002,77.3740458015267,86.047766833086,81.9783683117255,458,1059,68,166,200,3639,5650,157,225,132,0,1588,6019,514,Juntos Haremos Historia,6019,19.60945868006921,JHH
21,Puebla,Pue.,113,Petlalcingo,21113,18.083055555555557,-97.91888888888889,9049,6.665,NO,7192,5023,69.84149054505005,30.15850945494995,64.9198520345253,77.1525778591992,71.5357395612173,129,2048,868,56,52,264,1339,39,49,23,0,3048,1448,111,Va por México,3048,31.85347401951025,V x M
21,Puebla,Pue.,114,Piaxtla,21114,18.199722222222224,-98.26027777777776,5016,7.194,NO,4034,2553,63.28705999008428,36.71294000991572,54.230377166157,60.4293047130191,57.4665042630938,41,601,131,24,777,20,767,26,27,30,0,774,1569,83,Juntos Haremos Historia,1569,31.139835487661575,JHH
21,Puebla,Pue.,115,Puebla,21115,19.04527777777778,-98.1975,1685205,11.52784237726098,SI,1330676,591361,44.44064520589535,55.55935479410465,55.0286178791222,60.5309386451657,57.9565918884684,208793,58441,8538,16004,13822,16732,221204,8403,6252,12234,0,275775,251032,26889,Va por México,275775,4.184077069674869,V x M
21,Puebla,Pue.,116,Quecholac,21116,18.95722222222222,-97.66111111111113,59046,6.5925,NO,35603,20209,56.762070612027074,43.237929387972926,38.4365455845084,44.1092835238361,41.489617092786,1108,5130,515,629,1433,738,6671,1287,380,642,0,6756,8737,2309,Juntos Haremos Historia,8737,9.802563214409421,JHH
21,Puebla,Pue.,117,Quimixtlan,21117,19.253611111111113,-97.1352777777778,23060,5.973,NO,14025,11220,80,20,53.6137909220307,59.5937454332895,56.7218593346499,6114,1074,28,251,72,1063,1919,89,133,80,0,7219,2244,302,Va por México,7219,44.34046345811052,V x M
21,Puebla,Pue.,118,Rafael Lara Grajales,21118,19.225277777777777,-97.80527777777776,19635,8.928571428571429,NO,14413,9105,63.172136265871096,36.827863734128904,60.0683705030116,69.8480329498651,65.2912621359223,287,2760,82,235,2974,125,2043,56,72,160,0,3133,5256,288,Juntos Haremos Historia,5256,23.31685886875343,JHH
21,Puebla,Pue.,119,Los Reyes De Juarez,21119,18.945833333333333,-97.81277777777775,25639,7.176666666666667,NO,18202,10012,55.004944511592136,44.995055488407864,64.6915792167904,73.9375206976488,69.65566289338,2316,1841,154,635,313,162,4007,89,87,75,0,4313,4956,251,Juntos Haremos Historia,4956,6.422293248102277,JHH
21,Puebla,Pue.,120,San Andres Cholula,21120,19.051111111111112,-98.2997222222222,146704,11.998157894736842,SI,100681,56219,55.83873819290631,44.16126180709369,62.8073031747878,68.7829818689555,65.9810678764614,25599,3313,585,1405,1039,1664,15947,2864,546,1556,0,29499,18394,4966,Va por México,29499,19.753108379729273,V x M
21,Puebla,Pue.,121,San Antonio Cañada,21121,18.49944444444445,-97.29027777777776,5769,6.42,NO,4021,3114,77.44342203431982,22.556577965680177,71.1538461538462,79.9524940617577,76.0679225258689,152,960,682,56,63,53,623,243,27,28,0,1796,743,298,Va por México,1796,33.8150289017341,V x M
21,Puebla,Pue.,122,San Diego La Mesa Tochimiltzingo,21122,18.810833333333335,-98.33055555555556,1288,5.3933333333333335,NO,943,783,83.03287380699894,16.967126193001064,81.1627906976744,88.3575883575884,84.9615806805708,43,91,7,3,339,2,201,4,55,0,0,144,544,59,Juntos Haremos Historia,544,51.08556832694764,JHH
21,Puebla,Pue.,123,San Felipe Teotlalcingo,21123,19.23222222222222,-98.50166666666668,11263,8.382,SI,7775,3821,49.144694533762056,50.855305466237944,52.2933099620216,63.7150127226463,58.3979328165375,661,598,57,486,378,419,866,59,48,57,0,1320,1734,164,Juntos Haremos Historia,1734,10.834859984297305,JHH
21,Puebla,Pue.,124,San Felipe Tepatlan,21124,20.094444444444445,-97.7961111111111,3358,5.33,NO,3067,2641,86.11020541245516,13.88979458754484,62.7155172413793,70.2794819359237,66.5967121371109,25,1062,61,1289,10,19,106,2,5,2,0,1150,1406,9,Juntos Haremos Historia,1406,9.6932979931844,JHH
21,Puebla,Pue.,125,San Gabriel Chilac,21125,18.32805555555555,-97.35,15991,7.298333333333333,NO,11655,8623,73.98541398541398,26.014586014586015,67.9214733859543,76.6855807743658,72.7247781944571,1731,1606,57,87,137,254,3096,207,1170,41,0,3396,3322,1418,Va por México,3396,0.8581700104372029,V x M
21,Puebla,Pue.,126,San Gregorio Atzompa,21126,19.02694444444444,-98.34472222222222,8741,9.67,SI,7241,3762,51.95414997928462,48.04585002071538,61.5643140849374,70.8152173913044,66.4605206385733,1589,473,35,101,58,374,842,35,52,63,0,2100,1004,150,Va por México,2100,29.13343965975545,V x M
21,Puebla,Pue.,127,San Jeronimo Tecuanipan,21127,19.01555555555555,-98.40138888888887,6592,7.733333333333333,NO,4466,3031,67.86833855799374,32.13166144200626,67.0376258611553,78.8504714863044,73.4321827904716,200,168,187,52,62,339,900,681,52,269,0,557,1016,1002,Juntos Haremos Historia,1016,0.4618937644341801,JHH
21,Puebla,Pue.,128,San Jeronimo Xayacatlan,21128,18.222777777777775,-97.91444444444446,3535,7.21,NO,3241,2397,73.95865473619253,26.04134526380747,73.8805970149254,79.9081515499426,77.1455223880597,33,825,343,44,28,17,939,25,26,14,0,1203,1012,65,Va por México,1203,7.968293700458907,V x M
21,Puebla,Pue.,129,San Jose Chiapa,21129,19.24388888888889,-97.77,10331,7.628333333333334,NO,6894,4957,71.90310414853496,28.096895851465035,70.8780160857909,81.6901408450704,76.5859832305015,276,664,81,847,289,626,1633,95,66,174,0,1021,2771,335,Juntos Haremos Historia,2771,35.30361105507363,JHH
21,Puebla,Pue.,130,San Jose Miahuatlan,21130,18.288333333333338,-97.28888888888888,14018,6.97,NO,10016,1443,14.406948881789136,85.59305111821087,69.5124691080656,80.2521823472357,75.2758692483864,111,118,11,23,83,47,873,42,76,8,0,241,982,126,Juntos Haremos Historia,982,51.351351351351354,JHH
21,Puebla,Pue.,131,San Juan Atenco,21131,19.090277777777775,-97.54027777777776,3639,7.5275,NO,2931,2032,69.32787444558171,30.672125554418287,72.5373134328358,79.2488860598345,76.1593953967709,111,467,14,35,27,394,795,30,27,25,0,593,857,82,Juntos Haremos Historia,857,12.992125984251969,JHH
21,Puebla,Pue.,132,San Juan Atzompa,21132,18.746944444444445,-98.02333333333333,973,8.23,NO,805,675,83.85093167701864,16.149068322981364,73.6111111111111,83.1099195710456,78.0124223602485,35,236,3,40,6,2,295,2,34,3,0,275,342,39,Juntos Haremos Historia,342,9.925925925925926,JHH
21,Puebla,Pue.,133,San Martin Texmelucan,21133,19.28527777777778,-98.43361111111112,154963,10.08537037037037,SI,115922,51815,44.69815910698573,55.30184089301427,55.4849152641535,61.2151777137368,58.5335803528241,8202,5349,945,3611,4390,6216,15499,2270,626,2377,0,14498,23503,5273,Juntos Haremos Historia,23503,17.379137315449196,JHH
21,Puebla,Pue.,134,San Martin Totoltepec,21134,18.65138888888889,-98.3461111111111,753,7.72,NO,611,465,76.10474631751228,23.89525368248772,76.056338028169,83.4375,79.9668874172185,21,69,14,16,0,70,221,3,14,4,0,106,238,21,Juntos Haremos Historia,238,28.387096774193548,JHH
21,Puebla,Pue.,135,San Matias Tlalancaleca,21135,19.325277777777774,-98.49666666666668,20858,8.30888888888889,NO,15792,9201,58.26367781155015,41.73632218844985,61.6551917942953,71.4882308276386,66.8286836673547,2057,1221,65,226,1439,676,2571,113,60,401,0,3347,4238,574,Juntos Haremos Historia,4238,9.683730029344636,JHH
21,Puebla,Pue.,136,San Miguel Ixitlan,21136,17.999722222222225,-97.77277777777778,526,6.59,NO,480,386,80.41666666666667,19.58333333333333,76.6816143497758,85.6060606060606,81.5195071868583,54,148,2,4,3,103,50,5,4,3,0,205,58,12,Va por México,205,26.424870466321245,V x M
21,Puebla,Pue.,137,San Miguel Xoxtla,21137,19.16916666666667,-98.30888888888887,13155,9.915,SI,9184,6045,65.82099303135888,34.17900696864112,66.0485021398003,74.8878923766816,70.7053661829227,848,609,51,253,262,114,2798,131,157,580,0,1509,3313,868,Juntos Haremos Historia,3313,29.842845326716294,JHH
21,Puebla,Pue.,138,San Nicolas Buenos Aires,21138,19.164166666666667,-97.5475,11555,6.675,NO,7814,5855,74.92961351420527,25.070386485794728,59.6894767107533,68.8058916359811,64.4505494505495,231,1281,26,1600,216,214,1626,130,125,162,0,1540,3446,417,Juntos Haremos Historia,3446,32.5533731853117,JHH
21,Puebla,Pue.,139,San Nicolas De Los Ranchos,21139,19.075,-98.4863888888889,11983,7.668,NO,8124,5877,72.34121122599704,27.658788774002957,68.0395827761434,77.0254217153718,72.7981882234524,200,1017,269,195,792,703,2177,74,45,121,0,1490,3166,240,Juntos Haremos Historia,3166,28.5179513357155,JHH
21,Puebla,Pue.,140,San Pablo Anicano,21140,18.125555555555557,-98.08416666666666,4087,7.470000000000001,NO,2957,2307,78.01826175177546,21.981738248224545,75.6446991404011,83.4304207119741,79.7347840870452,25,1136,15,18,21,16,955,15,15,31,0,1177,995,61,Va por México,1177,7.889033376679671,V x M
21,Puebla,Pue.,141,San Pedro Cholula,21141,19.063333333333333,-98.30638888888888,140544,10.598260869565218,SI,108176,53472,49.43055760982103,50.56944239017897,58.6072085633049,63.7123776415699,61.329729624245,17827,4276,871,1432,1378,2046,16250,3515,868,2704,0,22976,19062,7087,Va por México,22976,7.319718731298623,V x M
21,Puebla,Pue.,142,San Pedro Yeloixtlahuaca,21142,18.11694444444445,-98.07722222222222,3337,7.395,NO,2911,2232,76.67468223978014,23.32531776021986,74.9255952380952,83.3109919571046,79.3370944992948,344,513,3,39,35,23,563,22,24,534,0,863,637,580,Va por México,863,10.125448028673835,V x M
21,Puebla,Pue.,143,San Salvador El Seco,21143,19.13611111111111,-97.64055555555557,30634,7.529,NO,21269,14794,69.55663171752316,30.44336828247684,65.2642595499738,73.402273150736,69.5697175809552,991,3592,528,1614,483,815,4322,413,118,1123,0,5116,6422,1654,Juntos Haremos Historia,6422,8.827903204001622,JHH
21,Puebla,Pue.,144,San Salvador El Verde,21144,19.270833333333332,-98.51472222222222,34873,9.053,SI,23987,12227,50.97344394880561,49.02655605119439,58.9959762406591,68.6545392140038,64.0910736918341,934,1560,202,941,2487,737,3583,500,167,530,0,2698,7013,1197,Juntos Haremos Historia,7013,35.290749979553446,JHH
21,Puebla,Pue.,145,San Salvador Huixcolotla,21145,18.92194444444445,-97.77083333333331,16715,7.5425,NO,9792,5950,60.763888888888886,39.236111111111114,68.4234858992141,79.0650816038686,74.1091613736678,593,1054,336,99,186,144,2542,172,501,113,0,1984,2831,786,Juntos Haremos Historia,2831,14.235294117647058,JHH
21,Puebla,Pue.,146,Santa Catarina Tlaltempan,21146,18.615833333333335,-98.08083333333332,751,5.66,NO,699,543,77.6824034334764,22.317596566523605,76.3532763532764,77.3299748110831,76.8716577540107,59,135,6,74,8,5,224,7,2,7,0,200,308,16,Juntos Haremos Historia,308,19.88950276243094,JHH
21,Puebla,Pue.,147,Santa Ines Ahuatempan,21147,18.41722222222222,-98.01694444444443,6249,7.1850000000000005,NO,4779,3577,74.84829462230593,25.15170537769407,69.161534817622,79.7353184449959,74.806800618238,90,1425,106,24,208,20,1489,29,43,66,0,1624,1722,138,Juntos Haremos Historia,1722,2.73972602739726,JHH
21,Puebla,Pue.,148,Santa Isabel Cholula,21148,18.996666666666663,-98.37944444444445,11993,7.45,NO,8072,4193,51.944995044598606,48.055004955401394,61.4253393665158,68.2404477975176,65.0882930019621,299,583,41,279,451,129,1477,330,187,236,0,928,2209,753,Juntos Haremos Historia,2209,30.550918196994992,JHH
21,Puebla,Pue.,149,Santiago Miahuatlan,21149,18.55444444444445,-97.44194444444445,28724,7.573333333333333,SI,19248,12846,66.73940149625935,33.26059850374065,62.1963562753036,70.9016832850863,66.9084789043004,791,751,94,3684,2055,547,3536,389,96,357,0,1638,9279,842,Juntos Haremos Historia,9279,59.48155067725362,JHH
21,Puebla,Pue.,150,Santo Tomas Hueyotlipan,21150,18.891944444444444,-97.86638888888888,8956,8.9,NO,6344,4059,63.98171500630517,36.01828499369483,53.8597733711048,62.0689655172414,58.2871125611745,401,179,28,299,104,445,2056,181,47,92,0,611,2462,320,Juntos Haremos Historia,2462,45.602365114560236,JHH
21,Puebla,Pue.,151,Soltepec,21151,19.121111111111112,-97.70861111111113,12356,7.346666666666667,NO,9153,5602,61.20397683819513,38.79602316180487,66.5164809106,72.634326734827,69.7072838665759,847,1027,23,200,230,57,1980,70,842,92,0,1899,2412,1004,Juntos Haremos Historia,2412,9.157443770082114,JHH
21,Puebla,Pue.,152,Tecali De Herrera,21152,18.900555555555552,-97.96944444444443,23827,8.664444444444445,NO,15855,9933,62.64900662251656,37.35099337748344,62.9871050021256,70.7990012484395,67.1401075197451,532,1490,81,182,363,1145,3580,109,1434,606,0,2103,4127,2149,Juntos Haremos Historia,4127,19.913419913419915,JHH
21,Puebla,Pue.,153,Tecamachalco,21153,18.885277777777777,-97.72777777777776,80621,8.711666666666666,NO,55701,32473,58.29877381016498,41.70122618983502,58.77111639721,68.9261233815689,64.2347594479316,3804,2177,3436,1794,2244,825,13274,985,816,1344,0,9420,17316,3145,Juntos Haremos Historia,17316,24.315585255442983,JHH
21,Puebla,Pue.,154,Tecomatlan,21154,18.112222222222226,-98.315,6332,7.386,NO,4800,2280,47.5,52.5,44.37144108629,49.0641178813222,46.8293700458907,61,1402,23,29,52,6,592,21,22,9,0,1490,675,52,Va por México,1490,35.74561403508772,V x M
21,Puebla,Pue.,155,Tehuacan,21155,18.46388888888889,-97.39305555555556,328474,9.884096385542168,SI,229072,103458,45.16396591464692,54.83603408535308,57.8713521155205,66.5411865130175,62.5696179110001,12423,13950,966,4663,8172,4947,42722,4450,1303,5268,0,27340,55558,11021,Juntos Haremos Historia,55558,27.27483616540045,JHH
21,Puebla,Pue.,156,Tehuitzingo,21156,18.330555555555556,-98.27638888888887,12645,6.69625,NO,9858,6162,62.507608034083994,37.492391965916006,61.4494651822746,69.7831708772628,65.8097418817652,287,2138,37,39,2087,28,1294,38,25,31,0,2465,3425,94,Juntos Haremos Historia,3425,15.57935735150925,JHH
21,Puebla,Pue.,157,Tenampulco,21157,20.171666666666667,-97.4075,6748,7.355,NO,5379,4204,78.15579103922661,21.844208960773383,66.7711598746082,73.0527870062754,70.0057023379586,143,1080,27,25,48,848,1770,49,67,40,0,1252,1844,156,Juntos Haremos Historia,1844,14.081826831588963,JHH
21,Puebla,Pue.,158,Teopantlan,21158,18.71527777777778,-98.26138888888887,3847,4.896,NO,3310,2250,67.97583081570997,32.02416918429003,64.9616368286445,75.8441558441558,70.9658928059616,590,520,10,21,370,219,334,42,17,6,0,1121,725,65,Va por México,1121,17.6,V x M
21,Puebla,Pue.,159,Teotlalco,21159,18.47111111111111,-98.77777777777776,3604,7.29,NO,2616,691,26.414373088685014,73.58562691131499,72.734375,79.82799061767,76.2797967956233,17,309,2,12,22,9,254,7,4,33,0,330,288,44,Va por México,330,6.078147612156295,V x M
21,Puebla,Pue.,160,Tepanco De Lopez,21160,18.555,-97.56027777777776,22866,8.024285714285714,NO,16266,10207,62.7505225624001,37.2494774375999,68.1326604181687,80.5692459339576,74.838881137466,887,1156,104,442,600,306,4947,530,174,225,0,2149,5990,929,Juntos Haremos Historia,5990,37.63103752326835,JHH
21,Puebla,Pue.,161,Tepango De Rodriguez,21161,20.00638888888889,-97.79277777777776,4173,6.01,NO,3090,2510,81.22977346278317,18.77022653721683,75.5485893416928,84.8428835489834,80.7519834425664,329,132,23,86,127,589,679,109,111,35,0,485,894,255,Juntos Haremos Historia,894,12.151394422310757,JHH
21,Puebla,Pue.,162,Tepatlaxco De Hidalgo,21162,19.080833333333334,-97.97083333333332,19315,7.55,SI,12533,8928,71.23593712598739,28.76406287401261,68.609865470852,80.5399325084364,74.9025258518393,801,1116,78,1056,914,507,1884,56,260,1928,0,1997,3855,2244,Juntos Haremos Historia,3855,18.044354838709676,JHH
21,Puebla,Pue.,163,Tepeaca,21163,18.968055555555555,-97.9025,84640,8.665416666666667,NO,57484,32871,57.182868276389954,42.817131723610046,60.2235916883938,70.1920476061672,65.5948260156677,3699,6073,447,610,2218,1613,14024,1072,1095,519,0,10220,16852,2686,Juntos Haremos Historia,16852,20.17583888533966,JHH
21,Puebla,Pue.,164,Tepemaxalco,21164,18.736944444444447,-98.63055555555556,1216,6,NO,854,606,70.96018735362998,29.039812646370024,67.5990675990676,80.0443458980044,73.9772727272727,10,219,12,21,20,6,60,62,95,31,0,242,101,188,Va por México,242,8.910891089108912,V x M
21,Puebla,Pue.,165,Tepeojuma,21165,18.72472222222222,-98.45055555555555,8884,6.881666666666667,NO,6880,4605,66.93313953488372,33.06686046511628,41.3770274743462,48.6464537087168,45.3760238272524,143,1833,109,39,378,138,1663,36,50,28,0,2087,2081,114,Va por México,2087,0.13029315960912052,V x M
21,Puebla,Pue.,166,Tepetzintla,21166,19.97,-97.84027777777776,10772,5.808333333333334,NO,7413,5757,77.66086604613517,22.33913395386483,72.0799500312305,82.0754716981132,77.5149615275007,135,1632,831,128,430,73,1965,81,72,44,0,2600,2525,197,Va por México,2600,1.3027618551328817,V x M
21,Puebla,Pue.,167,Tepexco,21167,18.643333333333334,-98.69111111111113,7523,6.876666666666666,NO,5098,3626,71.12593173793644,28.87406826206356,61.5816767502161,71.2504869497468,66.6666666666667,106,734,53,16,28,110,662,1117,467,201,0,896,706,1785,Otros,1785,24.517374517374517,V x M
21,Puebla,Pue.,168,Tepexi De Rodriguez,21168,18.579444444444444,-97.9263888888889,22287,7.609090909090909,NO,15187,9817,64.64081122012247,35.35918877987753,60.2365114560237,70.3766898543116,65.6076195773081,235,3322,48,301,230,97,3910,932,310,57,0,3608,4444,1299,Juntos Haremos Historia,4444,8.515839869613934,JHH
21,Puebla,Pue.,169,Tepeyahualco,21169,19.493333333333336,-97.49222222222222,19206,7.267142857142857,NO,12975,10131,78.08092485549133,21.919075144508668,74.0264196260079,80.3394625176803,77.3211942257218,554,1490,88,173,1623,993,2535,275,370,1417,0,2135,4333,2062,Juntos Haremos Historia,4333,21.695785213700525,JHH
21,Puebla,Pue.,170,Tepeyahualco De Cuauhtemoc,21170,18.815,-97.87805555555556,3833,8.6,NO,2813,2100,74.65339495200854,25.34660504799146,57.2457966373098,66.097060833903,62.0206489675516,111,151,463,146,27,20,988,16,38,58,0,729,1163,112,Juntos Haremos Historia,1163,20.666666666666668,JHH
21,Puebla,Pue.,171,Tetela De Ocampo,21171,19.8175,-97.80722222222222,26553,6.966,NO,19804,14854,75.00504948495254,24.994950515047464,70.3639111731194,76.9261006289308,73.9202215476381,319,4730,84,595,609,131,7419,169,144,117,0,5134,8625,430,Juntos Haremos Historia,8625,23.502086979938063,JHH
21,Puebla,Pue.,172,Teteles De Avila Castillo,21172,19.860277777777775,-97.45722222222224,6638,10.75,NO,4608,3511,76.19357638888889,23.80642361111111,69.4117647058823,81.3677313677314,76.0518535365022,209,179,22,92,1063,80,1263,172,122,161,0,410,2420,455,Juntos Haremos Historia,2420,55.96696097977784,JHH
21,Puebla,Pue.,173,Teziutlan,21173,19.81888888888889,-97.36055555555556,101544,10.183414634146342,SI,75420,43267,57.368072129408645,42.631927870591355,61.2823183433403,69.6722568769813,65.855629877369,9355,3017,659,1578,2325,6891,12704,1154,1177,2585,0,13035,16609,4916,Juntos Haremos Historia,16609,8.260336977373056,JHH
21,Puebla,Pue.,174,Tianguismanalco,21174,18.97861111111111,-98.44805555555556,13291,7.53,NO,8614,5890,68.37706059902484,31.622939400975156,32.9326923076923,37.749255099702,35.5248550635253,617,525,51,1169,948,317,1696,103,70,130,0,1194,3814,303,Juntos Haremos Historia,3814,44.48217317487266,JHH
21,Puebla,Pue.,175,Tilapa,21175,18.593055555555555,-98.55583333333333,9664,7.94,NO,6983,4930,70.60002864098524,29.399971359014756,50,58.6559734513274,54.6029411764706,193,1130,69,64,123,336,2347,168,183,96,0,1394,2534,447,Juntos Haremos Historia,2534,23.123732251521297,JHH
21,Puebla,Pue.,176,Tlacotepec De Benito Juarez,21176,18.684444444444445,-97.65333333333334,54663,6.830952380952381,NO,36707,21006,57.226142152722915,42.773857847277085,62.6750092925288,74.406024607552,68.9953711640665,2709,2343,180,359,1354,294,7632,1487,201,2878,0,5235,9348,4566,Juntos Haremos Historia,9348,19.58011996572408,JHH
21,Puebla,Pue.,177,San Sebastian Tlacotepec,21177,18.40583333333333,-96.85,13878,5.715,NO,8747,6906,78.95278381159254,21.04721618840746,67.0801033591731,71.5713621571362,69.4444444444444,212,631,109,2512,594,1642,712,215,33,19,0,953,3819,267,Juntos Haremos Historia,3819,31.523313061106283,JHH
21,Puebla,Pue.,178,Tlacuilotepec,21178,20.326944444444443,-98.06916666666666,15150,6.311,NO,12092,8849,73.18061528283162,26.819384717168376,71.8363794604004,80.6829594911282,76.3461046164349,153,4643,121,64,2116,52,1282,67,66,37,0,4918,3465,170,Va por México,4918,16.41993445587072,V x M
21,Puebla,Pue.,179,Tlachichuca,21179,19.116111111111113,-97.41916666666668,31425,7.37,NO,22325,16174,72.44792833146695,27.55207166853305,62.584398047159,70.1998505790064,66.5945414310302,1555,1406,244,2859,2335,3878,2765,99,85,385,0,3206,7963,569,Juntos Haremos Historia,7963,25.256584642018055,JHH
21,Puebla,Pue.,180,Tlahuapan,21180,19.33111111111111,-98.58166666666666,41615,7.993333333333333,NO,29549,18368,62.161156045889875,37.838843954110125,59.065197975588,70.8609271523179,65.1868824287555,2185,2529,945,975,2654,1102,3554,2444,307,592,0,5661,7187,3343,Juntos Haremos Historia,7187,8.307926829268293,JHH
21,Puebla,Pue.,181,Tlaltenango,21181,19.17138888888889,-98.34555555555556,7425,8.62,SI,4947,3235,65.39316757630887,34.60683242369113,64.795008912656,70.3915171288744,67.717206132879,641,267,325,151,400,44,1050,27,38,105,0,1236,1603,170,Juntos Haremos Historia,1603,11.34466769706337,JHH
21,Puebla,Pue.,182,Tlanepantla,21182,18.865833333333335,-97.88555555555556,5363,8.235,NO,3516,2513,71.47326507394767,28.526734926052328,70.9369024856597,82.8789531079607,77.3729062591831,52,394,23,493,182,142,1102,13,43,10,0,470,1779,66,Juntos Haremos Historia,1779,52.089136490250695,JHH
21,Puebla,Pue.,183,Tlaola,21183,20.13861111111111,-97.92305555555556,21101,6.055555555555555,NO,15071,11543,76.5908035299582,23.40919647004181,69.3690993556122,78.7503330668798,74.3352845757811,4894,3582,139,129,245,293,1335,56,62,165,0,8618,1712,283,Va por México,8618,59.82846746946201,V x M
21,Puebla,Pue.,184,Tlapacoya,21184,20.12472222222222,-97.85111111111112,6366,6.04,NO,5095,4279,83.98429833169774,16.015701668302256,78.7762088147197,90.6534325889165,84.8159831756046,1837,32,43,13,11,75,2118,14,43,14,0,1913,2143,71,Juntos Haremos Historia,2143,5.375087637298434,JHH
21,Puebla,Pue.,185,Tlapanala,21185,18.697777777777777,-98.53666666666666,10344,6.724,NO,6887,4637,67.32975170611296,32.67024829388704,57.3576455534229,64.9986099527384,61.4457831325301,240,1128,63,147,181,562,1558,54,319,146,0,1435,1887,519,Juntos Haremos Historia,1887,9.747681690748328,JHH
21,Puebla,Pue.,186,Tlatlauquitepec,21186,19.852777777777774,-97.49527777777776,55646,8.366,NO,39811,26421,66.36607972670869,33.63392027329131,60.279728329688,71.9960765080922,66.6057621014723,2394,5755,382,567,1972,1498,6955,2958,714,1941,0,8534,9499,5613,Juntos Haremos Historia,9499,3.6523977139396693,JHH
21,Puebla,Pue.,187,Tlaxco,21187,20.42527777777778,-98.02916666666668,4934,6.4925,NO,3985,3494,87.67879548306148,12.321204516938522,80.4244031830239,83.8776568170036,82.1709491347666,412,101,17,1354,8,12,1386,21,48,73,0,532,2749,142,Juntos Haremos Historia,2749,63.45163136805953,JHH
21,Puebla,Pue.,188,Tochimilco,21188,18.89388888888889,-98.57277777777776,19315,6.757272727272727,NO,12945,8497,65.63924295094631,34.36075704905369,66.8672627235213,78.0315074432721,72.9328621908127,1367,1171,1587,516,398,497,1646,137,273,191,0,4125,2562,601,Va por México,4125,18.394727550900317,V x M
21,Puebla,Pue.,189,Tochtepec,21189,18.841944444444444,-97.8236111111111,22851,8.267142857142858,NO,14713,9492,64.51437504247944,35.48562495752056,65.2416356877323,77.5398987933048,71.9339123067147,697,895,1517,115,370,71,4474,158,597,242,0,3111,4962,997,Juntos Haremos Historia,4962,19.50063211125158,JHH
21,Puebla,Pue.,190,Totoltepec De Guerrero,21190,18.223333333333333,-97.85555555555555,1187,7.92,NO,970,815,84.02061855670104,15.979381443298962,83.5680751173709,84.3984962406015,84.0292275574113,131,135,3,30,58,8,375,15,6,7,0,269,466,28,Juntos Haremos Historia,466,24.171779141104295,JHH
21,Puebla,Pue.,191,Tulcingo,21191,18.045833333333334,-98.44111111111113,9970,5.975714285714286,NO,7476,4444,59.44355270197966,40.55644729802034,58.3741712309023,65.2955665024631,62.1065214503918,64,1832,48,801,51,48,1301,24,67,34,0,1945,2156,125,Juntos Haremos Historia,2156,4.747974797479748,JHH
21,Puebla,Pue.,192,Tuzamapan De Galeana,21192,20.066944444444445,-97.57555555555555,5924,7.663333333333333,NO,4678,3799,81.20991876870457,18.79008123129543,78.9903846153846,85.610278372591,82.4915062287656,123,107,1108,63,990,153,761,31,14,115,0,1340,1817,160,Juntos Haremos Historia,1817,12.555935772571729,JHH
21,Puebla,Pue.,193,Tzicatlacoyan,21193,18.841666666666665,-98.04638888888888,6468,7.1275,NO,5202,3556,68.35832372164552,31.64167627835448,62.9418935392117,71.9586840091813,67.5862068965517,102,1030,13,31,525,182,1035,141,221,20,0,1147,1591,382,Juntos Haremos Historia,1591,12.4859392575928,JHH
21,Puebla,Pue.,194,Venustiano Carranza,21194,20.506666666666668,-97.66805555555555,28477,8.001875,NO,20725,12652,61.04704463208685,38.95295536791315,65.0117478802738,75.0270465200144,70.3318806570567,1582,2432,186,126,801,394,5806,641,193,56,0,4201,6734,890,Juntos Haremos Historia,6734,20.02055011065444,JHH
21,Puebla,Pue.,195,Vicente Guerrero,21195,18.53888888888889,-97.20333333333332,26411,5.514545454545455,NO,17845,13088,73.342673017652,26.657326982347996,42.5029058504456,48.3913911692922,45.6704660738796,3047,5032,63,492,1605,43,1197,863,79,28,0,8145,3298,970,Va por México,8145,37.03392420537897,V x M
21,Puebla,Pue.,196,Xayacatlan De Bravo,21196,18.236666666666668,-97.97583333333334,1555,7.825,NO,1428,1142,79.97198879551821,20.028011204481786,74.42218798151,81.7715019255456,78.4313725490196,26,259,230,51,11,26,393,56,10,21,0,518,456,87,Va por México,518,5.42907180385289,V x M
21,Puebla,Pue.,197,Xicotepec,21197,20.274166666666662,-97.955,79541,8.586896551724138,NO,58144,35462,60.98995597138139,39.01004402861861,57.7150872817955,71.295799221581,65.0122593206894,3787,8992,700,2297,1517,863,11162,2237,535,1198,0,13480,14978,3970,Juntos Haremos Historia,14978,4.224240031583103,JHH
21,Puebla,Pue.,198,Xicotlan,21198,18.059444444444445,-98.52555555555556,1312,6.555,NO,1109,951,85.75293056807935,14.24706943192065,81.8540433925049,86.0627177700349,84.0888066604995,277,145,8,6,7,235,214,3,5,1,0,431,227,9,Va por México,431,20.60988433228181,V x M
21,Puebla,Pue.,199,Xiutetelco,21199,19.797222222222224,-97.32444444444444,42776,6.656666666666666,NO,28302,18612,65.7621369514522,34.237863048547794,66.6257367387033,80.1546029515109,73.9053164939878,4962,4241,96,509,1668,497,5365,210,211,224,0,9301,7544,645,Va por México,9301,9.440146142273802,V x M
21,Puebla,Pue.,200,Xochiapulco,21200,19.821944444444444,-97.65944444444445,3460,7.045,NO,2813,1996,70.95627444009955,29.04372555990045,70.2788844621514,79.8679867986799,75.5234657039711,31,516,13,32,25,394,685,13,64,15,0,562,744,92,Juntos Haremos Historia,744,9.118236472945892,JHH
21,Puebla,Pue.,201,Xochiltepec,21201,18.651666666666664,-98.34333333333332,3376,6.465,NO,2490,1560,62.65060240963856,37.34939759036144,57.8014184397163,74.7844827586207,67.1825396825397,439,116,218,32,21,72,471,12,19,20,0,775,525,51,Va por México,775,16.025641025641026,V x M
21,Puebla,Pue.,202,Xochitlan De Vicente Suarez,21202,19.968888888888888,-97.62916666666666,12466,6.449999999999999,NO,8962,6285,70.1294353938853,29.870564606114694,59.3242197575445,72.7253032928943,66.6077946544213,1718,1892,41,81,153,88,1686,129,124,28,0,3656,1922,281,Va por México,3656,27.589498806682577,V x M
21,Puebla,Pue.,203,Xochitlan Todos Santos,21203,18.705277777777777,-97.77583333333334,7185,6.87,NO,4816,3433,71.28322259136213,28.716777408637867,71.6294859359845,81.0236220472441,76.8144285093438,100,575,48,818,78,765,782,14,102,27,0,724,1680,143,Juntos Haremos Historia,1680,26.653073113894553,JHH
21,Puebla,Pue.,204,Yaonahuac,21204,19.872222222222224,-97.46555555555555,7178,9.2275,NO,5857,4652,79.42632747140173,20.573672528598262,66.073546856465,76.1936339522546,71.5779981965735,152,344,682,255,831,226,1603,102,83,110,0,1181,2692,295,Juntos Haremos Historia,2692,32.48065348237317,JHH
21,Puebla,Pue.,205,Yehualtepec,21205,18.79361111111111,-97.66194444444444,26495,7.286666666666666,NO,17381,10632,61.17024336919626,38.82975663080374,59.15946886683,73.4178648250877,66.7510548523207,785,1512,248,379,388,337,5701,303,176,195,0,2547,6470,674,Juntos Haremos Historia,6470,36.89804364183597,JHH
21,Puebla,Pue.,206,Zacapala,21206,18.591944444444444,-98.06527777777778,4659,6.205,NO,3330,2331,70,30,61.0865445356917,74.6666666666667,68.1680773881499,294,741,10,61,405,23,633,26,43,10,0,1046,1102,79,Juntos Haremos Historia,1102,2.4024024024024024,JHH
21,Puebla,Pue.,207,Zacapoaxtla,21207,19.871666666666663,-97.58833333333332,57616,7.945185185185185,NO,39813,23594,59.26205008414337,40.73794991585663,55.3860486782345,65.6991201224178,61.0486793047314,1743,5310,468,1978,1551,2638,6191,709,554,719,0,7524,9722,1982,Juntos Haremos Historia,9722,9.315927778248707,JHH
21,Puebla,Pue.,208,Zacatlan,21208,19.933333333333337,-97.96055555555556,86521,8.802666666666667,NO,62623,34244,54.6827842805359,45.3172157194641,48.162540246475,57.0151179941003,52.9992445227902,2710,8752,517,1522,802,453,10007,821,2947,3996,0,11981,12334,7764,Juntos Haremos Historia,12334,1.0308375189814274,JHH
21,Puebla,Pue.,209,Zapotitlan,21209,18.33194444444445,-97.47444444444444,8577,6.384444444444444,NO,6922,5131,74.12597515169026,25.874024848309745,44.4178900648686,47.3066666666667,46.0398263213056,168,1418,92,1326,72,47,1223,152,383,10,0,1681,2623,545,Juntos Haremos Historia,2623,18.358994348080298,JHH
21,Puebla,Pue.,210,Zapotitlan De Mendez,21210,20.003055555555555,-97.7152777777778,5675,7.473333333333334,NO,4848,3833,79.06353135313532,20.93646864686468,54.5407636738906,57.725527831094,56.1909497762307,46,1366,20,13,49,28,1658,78,31,452,0,1435,1721,561,Juntos Haremos Historia,1721,7.461518392903731,JHH
21,Puebla,Pue.,211,Zaragoza,21211,19.772777777777776,-97.55666666666666,17090,9.643333333333333,NO,12183,8111,66.57637691865715,33.42362308134285,67.1181782489203,75.5999380709088,71.8601229117978,589,914,126,1035,1010,480,2902,132,318,195,0,1631,4950,645,Juntos Haremos Historia,4950,40.91973862655653,JHH
21,Puebla,Pue.,212,Zautla,21212,19.71611111111111,-97.6725,21161,6.6725,NO,14816,12187,82.25566954643628,17.74433045356372,75.4452926208651,83.5171883016932,79.9133768815677,127,465,64,4047,581,209,5320,78,155,789,0,658,9950,1022,Juntos Haremos Historia,9950,73.25839008779847,JHH
21,Puebla,Pue.,213,Zihuateutla,21213,20.249166666666667,-97.88555555555556,12292,6.512857142857143,NO,10148,7958,78.41939298383917,21.580607016160823,68.7580575848732,79.4177941779418,74.2131766680655,1311,283,80,60,121,3106,2531,63,105,54,0,1675,2715,222,Movimiento Ciudadano,3106,4.913294797687861,JHH
21,Puebla,Pue.,214,Zinacatepec,21214,18.334722222222226,-97.245,18359,7.255,NO,11944,8095,67.77461486939049,32.22538513060951,70.9215798511734,81.728,76.7992341832739,1528,493,65,89,209,395,4432,350,194,79,0,2087,4732,623,Juntos Haremos Historia,4732,32.674490426189,JHH
21,Puebla,Pue.,215,Zongozotla,21215,19.97972222222222,-97.72666666666667,4539,6.77,NO,3617,2944,81.39341996129389,18.606580038706113,82.8892835997632,86.1915367483296,84.5911047345768,527,514,15,21,54,311,1000,156,66,25,0,1058,1078,247,Juntos Haremos Historia,1078,0.6793478260869565,JHH
21,Puebla,Pue.,216,Zoquiapan,21216,20.011111111111113,-97.59555555555556,2507,5.925,NO,1907,1568,82.2233875196644,17.7766124803356,75.9852216748768,83.0677290836653,79.9008810572687,288,464,10,85,394,11,256,9,6,2,0,765,737,17,Va por México,765,1.7857142857142858,V x M
21,Puebla,Pue.,217,Zoquitlan,21217,18.336388888888887,-97.01805555555556,20358,5.2524999999999995,NO,13460,9720,72.21396731054978,27.786032689450224,46.9313421963213,52.1185227598053,49.8356976837381,286,2082,3757,143,333,211,824,628,230,174,0,6128,1301,1032,Va por México,6128,49.660493827160494,V x M
22,Querétaro,Qro.,001,Amealco De Bonfil,22001,20.185555555555556,-100.1438888888889,67151,7.255142857142857,NO,50118,30377,60.61095813879245,39.38904186120755,61.2834521714974,73.5029015927892,67.7524784834949,10154,9666,196,718,224,520,6672,317,370,381,0,20016,7614,1068,Va por México,20016,40.826941435954836,V x M
22,Querétaro,Qro.,002,Arroyo Seco,22002,21.547222222222224,-99.68833333333332,13382,6.832727272727273,NO,11422,7539,66.00420241638942,33.99579758361058,60.7768052516411,78.705903856699,69.730716567777307,2686,1845,40,69,66,102,2134,57,73,61,0,4571,2269,191,Va por México,4571,30.534553654330814,V x M
22,Querétaro,Qro.,003,Cadereyta De Montes,22003,20.693333333333335,-99.81333333333332,69283,7.697419354838709,NO,53009,27911,52.65332302061913,47.34667697938087,53.2498634511155,65.4794625133608,59.6575794547673,9199,7530,148,1883,151,244,5538,337,274,1546,0,16877,7572,2157,Va por México,16877,33.338110422414104,V x M
22,Querétaro,Qro.,004,Colon,22004,20.78638888888889,-100.04583333333332,67684,7.915217391304348,NO,47563,27542,57.90635578075395,42.09364421924605,56.7501296741642,70.6417539499379,63.9063535974759,9118,8346,154,1250,164,387,4272,733,307,1617,0,17618,5686,2657,Va por México,17618,43.32292498729213,V x M
22,Querétaro,Qro.,005,Corregidora,22005,20.536944444444448,-100.4425,212563,12.28532258064516,SI,156115,82508,52.85078307657817,47.14921692342183,60.3269153006314,67.2083764292495,63.9278750268763,47485,6775,836,2786,1285,1606,16722,949,722,1396,0,55096,20793,3067,Va por México,55096,41.57536238910166,V x M
22,Querétaro,Qro.,006,Ezequiel Montes,22006,20.663888888888888,-99.89361111111111,44618,8.18235294117647,NO,32235,20484,63.54583527221964,36.45416472778036,57.30218112515,67.5924200062131,62.7750974819906,9171,4018,269,635,330,389,3112,606,376,590,0,13458,4079,1572,Va por México,13458,45.78695567272017,V x M
22,Querétaro,Qro.,007,Huimilpan,22007,20.375,-100.27472222222222,36950,7.372857142857143,SI,30108,14770,49.05672910854258,50.94327089145742,40.3556872915895,62.0561005941689,51.5856841503093,4628,2981,349,2722,101,251,1418,323,748,470,0,7958,4241,1541,Va por México,7958,25.165876777251185,V x M
22,Querétaro,Qro.,008,Jalpan De Serra,22008,21.216666666666665,-99.4725,27700,7.385333333333333,NO,21895,12644,57.74834437086093,42.25165562913907,55.7424944589966,72.5101866767744,64.3830265149665,4409,2622,104,270,277,246,3110,112,181,207,0,7135,3657,500,Va por México,7135,27.507118000632712,V x M
22,Querétaro,Qro.,009,Landa De Matamoros,22009,21.181944444444447,-99.32027777777778,18794,6.706428571428571,NO,16438,10270,62.47718700571846,37.52281299428154,54.1640258587907,72.5212819228843,63.3998866284563,4110,3295,49,109,71,74,1833,74,71,107,0,7454,2013,252,Va por México,7454,52.979552093476144,V x M
22,Querétaro,Qro.,010,El Marques,22010,20.60666666666667,-100.33,231603,9.001764705882353,SI,138737,72963,52.59087337912741,47.40912662087259,54.2394692960197,64.9293903803132,59.6816386091042,33892,13281,643,1806,1243,1031,16129,1008,742,1327,0,47816,19178,3077,Va por México,47816,39.2500308375478,V x M
22,Querétaro,Qro.,011,Pedro Escobedo,22011,20.502222222222223,-100.1475,77449,8.736666666666666,NO,55403,29299,52.88341786545855,47.11658213454145,61.3204907877383,74.0135073607528,67.831909220079,11860,4052,328,1012,230,439,7450,530,856,1613,0,16240,8692,2999,Va por México,16240,25.76197139834124,V x M
22,Querétaro,Qro.,012,Peñamiller,22012,21.051944444444445,-99.815,19107,7.161428571428571,NO,15007,11084,73.85886586259745,26.141134137402545,66.0947249007374,82.2163145375682,74.2094513698148,5435,527,14,3389,26,45,1142,93,38,16,0,5976,4557,147,Va por México,5976,12.802237459400938,V x M
22,Querétaro,Qro.,013,Pinal De Amoles,22013,21.134166666666665,-99.62527777777775,26796,7.013888888888888,NO,20101,12680,63.08143873439133,36.91856126560867,53.6209232051683,69.1611591255719,61.4862083161795,6246,3600,488,154,197,104,881,86,59,216,0,10334,1232,361,Va por México,10334,71.78233438485805,V x M
22,Querétaro,Qro.,014,Queretaro,22014,20.5875,-100.39277777777778,1049744,11.254693396226417,SI,785595,384435,48.93552021079565,51.06447978920435,54.9953426366658,61.6463250051444,58.4269105188846,191091,37478,3598,10848,3716,7601,106564,4599,3575,5636,0,232167,121131,13810,Va por México,232167,28.882906082952903,V x M
22,Querétaro,Qro.,015,San Joaquin,22015,20.915277777777774,-99.56444444444443,8056,6.86,NO,7094,4277,60.29038624189455,39.70961375810545,55.7957393483709,72.2691523448879,64.3320754716981,1703,393,17,1186,22,33,617,16,27,22,0,2113,1825,65,Va por México,2113,6.733691840074819,V x M
22,Querétaro,Qro.,016,San Juan Del Rio,22016,20.387777777777774,-99.99388888888888,297312,10.131057692307692,NO,218494,100953,46.20401475555393,53.79598524444607,55.1354029062087,64.6102005555609,60.0575239889911,40626,13436,901,3219,1013,1940,31153,2090,1446,2255,0,54963,35389,5791,Va por México,54963,19.389220726476676,V x M
22,Querétaro,Qro.,017,Tequisquiapan,22017,20.520555555555553,-99.89583333333334,72365,9.630333333333333,NO,55519,33957,61.16284515211009,38.83715484788991,61.4631405754645,73.5778333088343,67.786921409526,10578,7230,1553,1027,330,635,7161,801,2128,1149,0,19361,8521,4078,Va por México,19361,31.922725800276822,V x M
22,Querétaro,Qro.,018,Toliman,22018,20.90861111111111,-99.92888888888888,27910,7.933571428571429,NO,21516,15179,70.54749953522959,29.45250046477041,64.0645023494233,77.6718466965392,71.253714803808,4438,1661,217,558,241,794,4344,314,1533,468,0,6316,5143,2315,Va por México,6316,7.7277818038078925,V x M
23,Quintana Roo,Q. Roo,001,Benito Juarez,23001,21.16055555555555,-86.8475,911484,10.324230019493177,SI,630987,245654,38.9317054075599,61.0682945924401,51.3098187595939,58.4635930540678,54.80497748151,43166,15996,7909,19253,4639,7680,95614,12071,2909,25933,0,67072,119508,40913,Juntos Haremos Historia,119508,21.34546964429645,JHH
23,Quintana Roo,Q. Roo,011,Puerto Morelos,23011,20.85361111111111,-86.87527777777777,26921,7.385,SI,21716,11189,51.52422177196537,48.47577822803463,59.8691154739286,68.4228301249578,64.0082802200795,1351,418,206,2559,832,425,1263,1686,363,1480,0,1977,4656,3529,Juntos Haremos Historia,4656,10.072392528376083,JHH
23,Quintana Roo,Q. Roo,002,Cozumel,23002,20.516666666666666,-86.94166666666668,88627,10.068181818181818,NO,70987,38876,54.76495696395115,45.23504303604885,52.1319930838437,58.8176322265091,55.4146778042959,3409,11928,585,1055,743,477,17784,598,415,639,0,15923,19582,1652,Juntos Haremos Historia,19582,9.411976540796378,JHH
23,Quintana Roo,Q. Roo,008,Solidaridad,23008,20.6275,-87.08111111111111,333799,10.510432432432433,NO,229306,80806,35.23937446032812,64.76062553967188,44.8969715019638,50.8752319663147,47.6569819582851,16315,4954,1500,3118,2359,5073,30800,1865,1674,9248,0,22772,36281,12787,Juntos Haremos Historia,36281,16.717817983813084,JHH
23,Quintana Roo,Q. Roo,009,Tulum,23009,20.211944444444445,-87.46583333333334,46721,9.822380952380952,NO,35739,21607,60.45776322784633,39.54223677215367,54.6081813701331,62.3740043701981,58.2300535849305,2973,1890,2071,414,1643,270,10141,923,166,230,0,6936,12199,1319,Juntos Haremos Historia,12199,24.357846994029714,JHH
23,Quintana Roo,Q. Roo,003,Felipe Carrillo Puerto,23003,19.578611111111112,-88.04527777777777,83694,8.447714285714286,NO,55894,36950,66.10727448384442,33.89272551615558,62.9618021547502,72.4553417740887,67.7653479910196,1200,9178,1818,930,2386,832,17729,753,354,559,0,12200,21048,1666,Juntos Haremos Historia,21048,23.945872801082544,JHH
23,Quintana Roo,Q. Roo,004,Isla Mujeres,23004,21.235555555555557,-86.76277777777777,22705,9.24,SI,21729,13456,61.92645772930185,38.07354227069815,61.2151898734177,68.4484590860786,64.7446201711174,5783,1088,214,842,332,223,3586,432,161,231,0,7089,4762,824,Va por México,7089,17.293400713436384,V x M
23,Quintana Roo,Q. Roo,005,Jose Maria Morelos,23005,19.416666666666668,-88.82916666666667,39165,7.657727272727273,NO,27940,21985,78.68647100930566,21.313528990694337,78.625125939704,85.9084802023236,82.2311785881985,899,1498,2337,881,732,2460,11257,480,331,490,0,4737,12872,1301,Juntos Haremos Historia,12872,37.00250170570844,JHH
23,Quintana Roo,Q. Roo,006,Lazaro Cardenas,23006,21.102777777777774,-87.48777777777778,29171,7.926,NO,21981,16346,74.36422364769574,25.635776352304266,71.835781690826,81.8728694605976,76.7787488273342,5736,372,130,1383,893,162,6021,465,147,422,0,6242,8300,1034,Juntos Haremos Historia,8300,12.590236143398997,JHH
23,Quintana Roo,Q. Roo,007,Othon P. Blanco,23007,18.503611111111113,-88.30527777777777,233648,10.111375,SI,174372,79889,45.81526850641158,54.18473149358842,56.9240045282276,62.9384957784294,59.9973524120128,9088,9307,1854,1136,1432,4163,36972,1769,4516,6063,0,20251,39544,12348,Juntos Haremos Historia,39544,24.149757788932142,JHH
23,Quintana Roo,Q. Roo,010,Bacalar,23010,18.6667,-88.3833,42050,7.410357142857143,NO,31916,19204,60.17044742448928,39.82955257551072,61.1015147488706,68.3169004304958,64.629591906023,1807,5070,415,501,3634,492,5384,261,206,855,0,7295,9521,1322,Juntos Haremos Historia,9521,11.59133513851281,JHH
24,San Luis Potosí,SLP,001,Ahualulco,24001,22.40138888888889,-101.16638888888887,19212,7.380714285714285,NO,14796,9410,63.59826980264936,36.40173019735064,59.3754691487765,75.5781683626272,67.9926904694968,1901,1139,462,3093,405,365,752,126,73,112,0,3503,4253,311,Juntos Haremos Historia,4253,7.970244420828905,JHH
24,San Luis Potosí,SLP,002,Alaquines,24002,22.129444444444445,-99.60055555555554,7785,6.867894736842105,NO,6418,4562,71.08133374883141,28.918666251168588,61.6161616161616,78.356518925914,69.754639823844,937,1937,11,752,67,21,487,40,37,15,0,2888,1309,92,Va por México,2888,34.612012275317845,V x M
24,San Luis Potosí,SLP,003,Aquismon,24003,21.621111111111112,-99.02111111111113,48220,6.981538461538461,NO,34347,26395,76.84805077590474,23.15194922409526,66.4084011013639,74.4407955883264,70.4906159465928,6304,1832,168,4066,377,105,2517,109,9455,120,0,8306,6961,9684,Otros,9684,5.220685735934836,V x M
24,San Luis Potosí,SLP,004,Armadillo De Los Infante,24004,22.243333333333336,-100.65583333333332,4018,6.22,NO,4027,3020,74.99379190464366,25.006208095356342,70.196671709531,79.4541709577755,74.7770700636943,270,1504,45,680,102,15,187,43,9,10,0,1821,971,62,Va por México,1821,28.14569536423841,V x M
24,San Luis Potosí,SLP,005,Cardenas,24005,21.996666666666663,-99.6438888888889,18303,8.338000000000001,NO,14725,9350,63.497453310696095,36.502546689303905,57.7883472057075,68.3824528045634,63.3241075864027,2183,615,132,3002,983,98,1485,98,126,215,0,2933,5474,439,Juntos Haremos Historia,5474,27.176470588235293,JHH
24,San Luis Potosí,SLP,006,Catorce,24006,23.68888888888889,-100.8877777777778,9580,6.961578947368421,NO,7153,5339,74.64001118411855,25.35998881588145,75.1787246211038,81.0070671378092,78.0501958508632,1392,842,42,1232,190,707,426,100,46,36,0,2277,1851,182,Va por México,2277,7.979022288818131,V x M
24,San Luis Potosí,SLP,007,Cedral,24007,23.822777777777777,-100.73555555555556,19969,7.620588235294117,NO,14545,8637,59.381230663458226,40.618769336541774,55.1144811180494,64.7041971064317,59.9985408915153,374,1281,78,2782,299,1303,1361,159,108,379,0,1734,4445,646,Juntos Haremos Historia,4445,31.38821350005789,JHH
24,San Luis Potosí,SLP,008,Cerritos,24008,22.4275,-100.27833333333334,21912,7.464814814814815,NO,17735,10208,57.5585001409642,42.4414998590358,54.4350842418236,62.8646010668483,58.8343303915181,1674,1646,123,3205,266,148,2475,42,69,64,0,3447,5948,175,Juntos Haremos Historia,5948,24.50039184952978,JHH
24,San Luis Potosí,SLP,009,Cerro De San Pedro,24009,22.21611111111111,-100.7997222222222,5090,8.653333333333332,NO,4370,3431,78.51258581235699,21.48741418764301,78.9078156312625,83.7712519319938,81.3055626111252,892,962,24,607,39,59,520,43,26,22,0,1882,1166,91,Va por México,1882,20.86855144272807,V x M
24,San Luis Potosí,SLP,010,Ciudad Del Maiz,24010,22.398888888888887,-99.60833333333332,30300,7.011333333333333,NO,23310,15207,65.23809523809524,34.76190476190476,56.8793305138127,75.1721638274737,65.9939500654657,3407,2505,107,2426,1974,144,1472,2182,139,61,0,6021,5875,2382,Va por México,6021,0.9600841717630039,V x M
24,San Luis Potosí,SLP,057,El Naranjo,24057,22.522777777777776,-99.33,20971,8.000588235294117,NO,15033,9725,64.69101310450343,35.308986895496574,64.0788579197825,73.7850787132101,68.9154160982265,1450,1775,82,672,239,1201,3006,191,250,233,0,3309,3918,674,Juntos Haremos Historia,3918,6.262210796915167,JHH
24,San Luis Potosí,SLP,011,Ciudad Fernandez,24011,21.942222222222224,-100.01083333333334,47699,7.775161290322581,SI,37073,20064,54.12024923798992,45.87975076201008,51.3499359944141,62.6143207673433,57.101771171479,4107,3214,215,5498,930,1404,2715,469,142,226,0,7539,9147,837,Juntos Haremos Historia,9147,8.014354066985646,JHH
24,San Luis Potosí,SLP,012,Tancanhuitz,24012,21.595555555555553,-98.96666666666668,20967,8.527333333333333,NO,14975,11134,74.35058430717864,25.649415692821364,73.360531882744,79.1382309648066,76.4246682279469,897,1174,980,1842,467,1127,1891,215,1269,215,0,3056,4204,1699,Juntos Haremos Historia,4204,10.310759834740434,JHH
24,San Luis Potosí,SLP,013,Ciudad Valles,24013,21.99361111111111,-99.01888888888888,179752,9.519809523809524,NO,130478,70981,54.400741887521264,45.599258112478736,55.5661449973248,64.8569663919979,60.4535981171399,7035,6028,1144,14385,3564,1695,20407,2895,8280,2580,0,14208,38359,13755,Juntos Haremos Historia,38359,34.02459813189445,JHH
24,San Luis Potosí,SLP,014,Coxcatlan,24014,21.540555555555557,-98.90805555555556,15318,7.916923076923077,NO,12079,8271,68.47421144134448,31.52578855865552,64.8906629642485,71.1506205971151,68.0740361651314,1423,1689,434,1154,145,144,1657,160,610,50,0,3548,2960,820,Va por México,3548,7.1091766412767505,V x M
24,San Luis Potosí,SLP,015,Charcas,24015,23.12611111111111,-101.11277777777777,21747,7.561904761904762,NO,15972,9877,61.83946907087403,38.16053092912597,60.1752289924333,68.6667512368388,64.5173845355475,1362,2016,132,3997,472,92,920,197,173,75,0,3512,5393,445,Juntos Haremos Historia,5393,19.044244203705578,JHH
24,San Luis Potosí,SLP,016,Ebano,24016,22.210833333333333,-98.37416666666664,40710,8.500937500000001,NO,30498,19200,62.954947865433795,37.045052134566205,54.2117679711352,61.5800442881334,58.0124974803467,3025,494,321,5149,300,156,3951,450,2941,1456,0,3843,9402,4847,Juntos Haremos Historia,9402,23.723958333333332,JHH
24,San Luis Potosí,SLP,017,Guadalcazar,24017,22.61777777777778,-100.40361111111112,25213,6.3116666666666665,NO,18936,11795,62.28876214617659,37.71123785382341,65.0864830237028,74.8094097146591,69.899719646323,579,5945,116,987,97,813,1128,72,882,36,0,6645,2216,990,Va por México,6645,37.5498092412039,V x M
24,San Luis Potosí,SLP,018,Huehuetlan,24018,21.546111111111113,-98.96777777777778,15289,8.418,NO,11213,8220,73.3077677695532,26.692232230446805,70.06735340729,78.6835533357117,74.6010887929416,648,2375,148,2138,153,103,863,83,1021,32,0,3175,3157,1136,Va por México,3175,0.21897810218978103,V x M
24,San Luis Potosí,SLP,019,Lagunillas,24019,21.58611111111111,-99.56666666666666,5539,6.153333333333333,NO,4738,3288,69.39636977627691,30.603630223723087,62.287104622871,74.7003424657534,68.3256976259892,144,190,21,156,310,667,613,356,182,323,0,359,1083,861,Juntos Haremos Historia,1083,6.751824817518248,JHH
24,San Luis Potosí,SLP,020,Matehuala,24020,23.649722222222223,-100.64444444444445,102166,9.091076923076924,NO,73544,35789,48.66338518437942,51.33661481562058,48.6587759471837,57.4273208689074,53.253206489425,9635,4103,843,8197,629,1692,5478,2023,427,885,0,14583,14307,3335,Va por México,14583,0.7711866774707312,V x M
24,San Luis Potosí,SLP,021,Mexquitic De Carmona,24021,22.27027777777778,-101.11694444444444,55471,8.235833333333334,NO,43985,28199,64.11049221325452,35.88950778674548,61.4607536114759,73.2568241049792,67.6522114761573,2053,6779,137,5146,624,6283,4540,450,198,168,0,8972,10314,816,Juntos Haremos Historia,10314,4.759034008298166,JHH
24,San Luis Potosí,SLP,022,Moctezuma,24022,22.746944444444445,-101.08888888888887,18894,6.66375,NO,14720,9821,66.71875,33.28125,58.8252398953184,75.0950054288816,67.2399269970518,2798,682,92,3650,937,306,741,43,49,24,0,3574,5331,116,Juntos Haremos Historia,5331,17.89023521026372,JHH
24,San Luis Potosí,SLP,023,Rayon,24023,21.84361111111111,-99.64583333333334,15374,6.64,NO,12801,7482,58.448558706351065,41.551441293648935,51.1391177896268,61.734443900049,56.4083820662768,434,1863,70,1527,1208,109,964,446,183,42,0,2369,3700,671,Juntos Haremos Historia,3700,17.789361133386794,JHH
24,San Luis Potosí,SLP,024,Rioverde,24024,21.931944444444447,-99.99666666666668,98356,7.645862068965517,SI,79132,38088,48.132234747005,51.867765252995,47.2210160660009,59.6607460493413,53.6006557463742,6501,10042,253,9133,1248,1482,6050,397,233,823,0,16798,16436,1453,Va por México,16798,0.950430581810544,V x M
24,San Luis Potosí,SLP,025,Salinas,24025,22.6275,-101.71444444444444,31109,7.425217391304348,NO,22723,12950,56.99071425427981,43.00928574572019,54.4897959183673,69.1266803169234,62.1288853784324,1186,2686,734,2701,400,761,2146,265,922,236,0,4607,5249,1423,Juntos Haremos Historia,5249,4.957528957528957,JHH
24,San Luis Potosí,SLP,026,San Antonio,24026,21.619444444444444,-98.9027777777778,9397,8.051111111111112,NO,7083,5635,79.55668502047155,20.443314979528452,66.9819686668637,73.2402732402732,70.1037037037037,520,257,36,809,223,65,1962,103,1004,39,0,814,2995,1146,Juntos Haremos Historia,2995,32.81277728482697,JHH
24,San Luis Potosí,SLP,027,San Ciro De Acosta,24027,21.66,-99.81972222222224,10241,6.679375,NO,8883,4960,55.83699200720478,44.16300799279522,51.6943211030615,62.9756208703577,57.4065528380249,727,479,48,504,1328,66,1394,68,43,21,0,1257,3229,132,Juntos Haremos Historia,3229,39.75806451612903,JHH
24,San Luis Potosí,SLP,028,San Luis Potosi,24028,22.149722222222223,-100.975,910322,11.427096774193547,SI,645062,347622,53.88970362538795,46.11029637461205,52.3414080994323,58.4917079135313,55.5761985189035,95488,38718,5799,97001,9103,11071,61944,4714,4995,5751,0,140006,168050,15460,Juntos Haremos Historia,168050,8.067383537290505,JHH
24,San Luis Potosí,SLP,029,San Martin Chalchicuautla,24029,21.371111111111112,-98.66,18413,6.8335,NO,15754,11799,74.89526469468072,25.10473530531928,66.7329093799682,71.5100453661698,69.147611871847,1886,185,77,4202,639,337,1702,1583,357,75,0,2150,6545,2015,Juntos Haremos Historia,6545,37.248919399949145,JHH
24,San Luis Potosí,SLP,030,San Nicolas Tolentino,24030,22.245555555555555,-100.55638888888888,4756,6.149090909090909,NO,4804,3137,65.29975020815986,34.700249791840136,62.7888123226591,72.226821192053,67.4585295924636,299,380,161,1067,182,49,677,18,18,10,0,842,1927,46,Juntos Haremos Historia,1927,34.58718520879822,JHH
24,San Luis Potosí,SLP,031,San Vicente Tancuayalab,24031,21.71861111111111,-98.58777777777776,14943,8.185263157894736,NO,12005,9681,80.64139941690962,19.35860058309038,77.4252039891206,85.5876216968011,81.5922605840064,1565,2975,102,541,130,100,1364,473,1606,99,0,4644,2037,2178,Va por México,4644,25.47257514719554,V x M
24,San Luis Potosí,SLP,032,Santa Catarina,24032,21.65722222222222,-99.49583333333334,12170,6.046666666666667,NO,9040,6218,68.78318584070796,31.21681415929204,60.8529902311175,78.7028301886792,69.823396942041,55,216,26,2391,552,40,2098,73,194,31,0,299,5043,298,Juntos Haremos Historia,5043,76.2946284979093,JHH
24,San Luis Potosí,SLP,033,Santa Maria Del Rio,24033,21.797500000000003,-100.73611111111111,40180,7.050333333333334,NO,31908,22138,69.38071956876018,30.619280431239815,53.197794624397,66.9329173166927,60.4060913705584,8111,5200,712,2230,503,226,3126,218,164,79,0,14026,5859,461,Va por México,14026,36.89131809558226,V x M
24,San Luis Potosí,SLP,034,Santo Domingo,24034,23.32777777777778,-101.73694444444445,10784,6.467142857142857,NO,9775,6465,66.1381074168798,33.861892583120195,63.8297872340426,74.5784418356457,69.0644490644491,286,2140,39,1446,360,55,1706,45,41,14,0,2468,3513,100,Juntos Haremos Historia,3513,16.163959783449343,JHH
24,San Luis Potosí,SLP,035,Soledad De Graciano Sanchez,24035,22.18305555555556,-100.94083333333332,336568,10.434494382022471,SI,228032,116831,51.23447586303677,48.76552413696323,44.6931819298056,51.7530899787395,48.3757583162208,14819,8390,2978,54086,2044,3506,19906,1400,1636,1524,0,26190,76036,4560,Juntos Haremos Historia,76036,42.665046092218674,JHH
24,San Luis Potosí,SLP,036,Tamasopo,24036,21.92194444444445,-99.39583333333334,29033,7,NO,21693,14658,67.5701839303001,32.429816069699896,63.2141198327914,74.0868896578239,68.5577967783079,1593,1674,1534,2068,2597,208,2639,202,972,189,0,4804,7306,1363,Juntos Haremos Historia,7306,17.069177241097012,JHH
24,San Luis Potosí,SLP,037,Tamazunchale,24037,21.26555555555555,-98.79583333333332,95256,8.362203389830508,NO,70789,41661,58.85236406786365,41.14763593213635,54.5758487583964,66.796974589955,60.9014398404739,2627,5550,1671,8573,1439,2095,12105,934,2902,484,0,9853,22119,4320,Juntos Haremos Historia,22119,29.442404166966707,JHH
24,San Luis Potosí,SLP,058,Matlapa,24058,21.33888888888889,-98.8322222222222,28824,7.739999999999999,NO,22088,15961,72.2609561752988,27.7390438247012,65.2118850462737,74.8477578889094,70.1606406672037,6527,537,103,3278,2460,160,1201,144,507,221,0,7169,6943,872,Va por México,7169,1.4159513814923876,V x M
24,San Luis Potosí,SLP,038,Tampacan,24038,21.40138888888889,-98.72777777777776,14284,8.34875,NO,12107,9695,80.0776410341125,19.922358965887497,74.1480820695807,76.3952263952264,75.2808988764045,415,3027,169,2385,333,112,1634,151,390,54,0,3613,4355,595,Juntos Haremos Historia,4355,7.653429602888087,JHH
24,San Luis Potosí,SLP,039,Tampamolon Corona,24039,21.558333333333337,-98.81972222222224,13630,7.671875,NO,10263,7441,72.50316671538538,27.496833284614624,70.500733291431,80.1088858642815,75.484066155708,252,333,71,2601,607,71,1303,186,1091,292,0,661,4515,1569,Juntos Haremos Historia,4515,39.59145276172558,JHH
24,San Luis Potosí,SLP,040,Tamuin,24040,22.006944444444443,-98.78861111111112,37087,8.304285714285713,NO,26853,16541,61.598331657542914,38.401668342457086,55.7426290411825,64.6061889990164,60.2713777640328,896,2517,310,1578,753,1304,2561,409,4606,578,0,3726,4894,5593,Otros,5593,4.2258630070733325,JHH
24,San Luis Potosí,SLP,041,Tanlajas,24041,21.66722222222222,-98.8877777777778,17594,7.743125,NO,13561,9943,73.32055158174175,26.679448418258247,73.314606741573,79.3961462600516,76.3981844757289,1583,1405,741,1106,291,236,2656,181,945,65,0,3732,4054,1191,Juntos Haremos Historia,4054,3.238459217539978,JHH
24,San Luis Potosí,SLP,042,Tanquian De Escobedo,24042,21.60027777777778,-98.66194444444444,13452,8.118181818181819,NO,10174,7892,77.57027717711814,22.429722822881857,72.3016366273047,80.1033097378994,76.3576685896161,972,1176,49,612,42,53,1206,1654,1494,54,0,2201,1862,3202,Otros,3202,12.683730359858084,V x M
24,San Luis Potosí,SLP,043,Tierra Nueva,24043,21.66638888888889,-100.57583333333334,7937,6.196363636363636,NO,7640,4639,60.71989528795812,39.28010471204188,50.728779651329,63.6363636363636,57.5814452339456,362,1538,952,655,40,128,491,28,60,15,0,2854,1186,103,Va por México,2854,35.956025005389094,V x M
24,San Luis Potosí,SLP,044,Vanegas,24044,23.885277777777777,-100.9525,7433,7.0649999999999995,NO,5553,3734,67.24293174860436,32.75706825139564,65.5009107468124,74.9608763693271,70.0622524052066,211,318,20,1137,80,788,517,241,52,19,0,550,1737,312,Juntos Haremos Historia,1737,25.415104445634707,JHH
24,San Luis Potosí,SLP,045,Venado,24045,22.933333333333337,-101.09277777777775,14162,6.994,NO,11188,7509,67.11655345012514,32.88344654987486,67.9256134969325,77.6257396449704,72.863328313253,1808,691,108,1354,151,1177,1406,82,35,34,0,2610,2913,151,Juntos Haremos Historia,2913,4.035157810627247,JHH
24,San Luis Potosí,SLP,046,Villa De Arista,24046,22.64527777777778,-100.85,17264,7.066923076923077,NO,11723,7985,68.11396400238847,31.88603599761153,61.1788248135347,72.1396474248185,66.7996100327927,510,2253,1784,556,48,1379,909,54,89,26,0,4547,1517,169,Va por México,4547,37.94614902943018,V x M
24,San Luis Potosí,SLP,047,Villa De Arriaga,24047,21.910277777777775,-101.3822222222222,18206,7.097777777777778,NO,13064,9645,73.82884262094305,26.17115737905695,65.6087239583333,74.1960907944515,69.9711723254324,510,2907,1046,3478,79,51,973,22,31,27,0,4466,4530,80,Juntos Haremos Historia,4530,0.6635562467599793,JHH
24,San Luis Potosí,SLP,048,Villa De Guadalupe,24048,23.374166666666667,-100.75944444444444,9379,6.4366666666666665,NO,7650,5152,67.34640522875817,32.65359477124183,57.8486875965003,68.8350571584105,63.1878306878307,262,276,568,1825,48,49,376,1220,50,23,0,1110,2253,1293,Juntos Haremos Historia,2253,18.633540372670808,JHH
24,San Luis Potosí,SLP,049,Villa De La Paz,24049,23.676944444444445,-100.70222222222222,5314,8.74625,NO,4003,2625,65.5758181363977,34.4241818636023,62.5127161749746,71.8910585817061,67.1779141104295,244,293,33,633,42,226,443,145,44,351,0,572,1120,540,Juntos Haremos Historia,1120,20.876190476190477,JHH
24,San Luis Potosí,SLP,050,Villa De Ramos,24050,22.830833333333334,-101.90555555555557,38389,6.686,NO,27971,18493,66.11490472274856,33.88509527725144,63.4787258421816,81.7957823030654,72.8783934548159,386,5772,106,5626,4680,386,841,101,37,30,0,6267,11151,168,Juntos Haremos Historia,11151,26.40999297031309,JHH
24,San Luis Potosí,SLP,051,Villa De Reyes,24051,21.80388888888889,-100.93333333333334,52920,7.7884375,NO,38714,26744,69.08095262695666,30.91904737304334,66.741353556245,78.4918641476466,72.7659574468085,2844,5529,4808,3477,420,3466,3194,435,413,105,0,13182,7091,953,Va por México,13182,22.7752019144481,V x M
24,San Luis Potosí,SLP,052,Villa Hidalgo,24052,22.448611111111113,-100.67916666666667,15384,7.12578947368421,NO,12349,9019,73.03425378573164,26.965746214268364,68.8639785845742,78.3177570093458,73.5542067105041,2651,3438,51,1199,70,73,919,20,31,22,0,6144,2191,73,Va por México,6144,43.8296928706065,V x M
24,San Luis Potosí,SLP,053,Villa Juarez,24053,22.323055555555555,-100.26833333333332,10387,6.490625,NO,9046,5370,59.36325447711695,40.63674552288305,53.9854272466328,61.8239420683413,57.8565042467591,232,2359,51,332,47,994,719,31,175,20,0,2644,1101,226,Va por México,2644,28.733705772811916,V x M
24,San Luis Potosí,SLP,054,Axtla De Terrazas,24054,21.440833333333337,-98.87694444444443,32726,8.528571428571428,NO,24603,17917,72.82445230256472,27.175547697435277,69.4699837750135,77.0009881422925,73.4056287115931,993,2377,245,3706,509,195,5396,1479,1504,144,0,3619,9612,3127,Juntos Haremos Historia,9612,33.44868002455768,JHH
24,San Luis Potosí,SLP,055,Xilitla,24055,21.38277777777778,-98.99388888888888,49753,8.01063829787234,NO,36084,23237,64.39696264272253,35.60303735727747,55.076260332984,65.4431014315156,60.3740286356779,7280,2539,104,2621,224,399,6709,274,1233,151,0,9924,9557,1658,Va por México,9924,1.5793777165727074,V x M
24,San Luis Potosí,SLP,056,Zaragoza,24056,22.039722222222224,-100.72972222222222,27103,7.0181818181818185,SI,19502,12835,65.81376269100605,34.18623730899395,58.6537389947621,70.3090156100669,64.6220772158782,570,1779,480,3521,533,1313,1406,398,1522,139,0,2830,5460,2059,Juntos Haremos Historia,5460,20.49084534476042,JHH
25,Sinaloa,Sin.,001,Ahome,25001,25.79361111111111,-108.99694444444444,462209,10.320746887966806,NO,339435,163487,48.16444974737431,51.83555025262569,50.5891853478907,56.591840906085,53.6984791300773,14983,34428,2170,2373,12618,7698,76110,2277,2447,3888,0,51584,91103,8612,Juntos Haremos Historia,91103,24.172564179414877,JHH
25,Sinaloa,Sin.,002,Angostura,25002,25.36722222222222,-108.16166666666668,44567,8.99504854368932,NO,36587,25044,68.4505425424331,31.549457457566906,49.9860545545825,55.5129060970182,52.7532518173969,1000,7601,382,301,511,444,12726,488,550,322,0,8984,13541,1360,Juntos Haremos Historia,13541,18.19597508385242,JHH
25,Sinaloa,Sin.,003,Badiraguato,25003,25.36277777777778,-107.55083333333332,26312,6.603278688524591,NO,22950,12796,55.75599128540305,44.24400871459695,39.1669583479174,42.3853855612155,40.7732094328044,327,4332,210,89,154,110,6434,309,143,90,0,4870,6679,542,Juntos Haremos Historia,6679,14.137230384495155,JHH
25,Sinaloa,Sin.,004,Concordia,25004,23.286944444444448,-106.06388888888888,24849,7.765869565217392,NO,19911,10221,51.33343378032244,48.66656621967756,18.3418786882074,20.6031622096428,19.4675217412428,524,911,840,81,184,120,6473,344,108,83,0,2275,6741,535,Juntos Haremos Historia,6741,43.694354759808235,JHH
25,Sinaloa,Sin.,005,Cosala,25005,24.414166666666667,-106.68861111111111,16656,7.27375,NO,12559,8139,64.80611513655545,35.19388486344455,59.0850515463918,66.1504797172193,62.5401267594041,469,2689,115,58,87,345,3435,299,148,26,0,3276,3580,473,Juntos Haremos Historia,3580,3.7351025924560757,JHH
25,Sinaloa,Sin.,006,Culiacan,25006,24.791944444444447,-107.39805555555556,1004876,10.476851485148517,SI,726761,332275,45.7199822224913,54.2800177775087,48.1643290111824,53.6891737576896,51.0258683190142,30709,82176,4205,5788,4528,14323,164046,7414,3528,6333,0,117093,174366,17275,Juntos Haremos Historia,174366,17.236626288465878,JHH
25,Sinaloa,Sin.,007,Choix,25007,26.71,-108.3261111111111,29326,6.620144927536232,NO,24023,14081,58.61466094992299,41.38533905007701,57.8311216296171,67.1375010898945,62.412017167382,2824,670,2892,120,75,109,6403,210,196,138,0,6386,6598,544,Juntos Haremos Historia,6598,1.5055748881471487,JHH
25,Sinaloa,Sin.,008,Elota,25008,23.92138888888889,-106.89194444444443,55321,7.989661016949152,NO,32892,20255,61.580323482913776,38.419676517086224,55.761344093134,62.4352157232281,59.069224353628,386,5236,308,219,6276,276,5872,522,128,89,0,5932,12367,739,Juntos Haremos Historia,12367,31.769933349790175,JHH
25,Sinaloa,Sin.,009,Escuinapa,25009,22.833333333333332,-105.77805555555555,59694,9.577301587301587,NO,42607,24463,57.41544816579436,42.58455183420564,11.1349570772609,12.9570516540917,12.0603261937512,4594,3922,214,158,2717,3425,7627,372,457,180,0,8732,10503,1009,Juntos Haremos Historia,10503,7.239504557903773,JHH
25,Sinaloa,Sin.,010,El Fuerte,25010,26.41638888888889,-108.61777777777776,97751,8.497294117647058,NO,74335,39236,52.78267303423691,47.21732696576309,54.4641364320348,64.3509141858336,59.4183152831264,944,7885,318,6718,174,2319,17830,498,525,606,0,9150,24722,1629,Juntos Haremos Historia,24722,39.68804159445407,JHH
25,Sinaloa,Sin.,011,Guasave,25011,25.573333333333338,-108.47027777777778,286897,9.438812785388128,NO,217196,107178,49.34621263743347,50.65378736256653,53.059653624118,60.283509712488,56.7771848985027,11219,30613,2006,548,464,1604,53984,2009,1257,633,0,43841,54996,3899,Juntos Haremos Historia,54996,10.407919535725615,JHH
25,Sinaloa,Sin.,012,Mazatlan,25012,23.24138888888889,-106.40972222222224,501502,10.448487903225807,SI,375358,168336,44.84678626804278,55.15321373195722,44.5986822050789,50.2439946198908,47.4965050925794,14141,37074,1697,3117,2288,8098,86896,3563,1502,4998,0,52913,92303,10063,Juntos Haremos Historia,92303,23.399629312802965,JHH
25,Sinaloa,Sin.,013,Mocorito,25013,25.482777777777777,-107.92111111111112,40321,7.588157894736842,NO,35982,20838,57.91228947807237,42.08771052192763,32.883381279044,38.8052789997685,35.7773251866938,510,6017,2294,160,158,1808,8002,663,161,274,0,8823,8323,1098,Va por México,8823,2.3994625203954314,V x M
25,Sinaloa,Sin.,014,Rosario,25014,22.99194444444445,-105.86138888888888,52688,8.691162790697675,NO,38428,20008,52.06620172790674,47.93379827209326,51.7828073307777,59.3541556379037,55.5532122426383,4948,2079,235,157,499,586,9133,520,333,755,0,7263,9791,1608,Juntos Haremos Historia,9791,12.634946021591363,JHH
25,Sinaloa,Sin.,015,Salvador Alvarado,25015,25.46444444444444,-108.07777777777775,79057,10.218333333333334,NO,63943,36136,56.51283174076912,43.48716825923088,44.6252397917238,50.0837256326814,47.4647864175008,1989,7644,779,520,322,527,20853,441,1587,463,0,10416,21700,2491,Juntos Haremos Historia,21700,31.226477750719503,JHH
25,Sinaloa,Sin.,016,San Ignacio,25016,23.941388888888888,-106.42416666666666,19464,7.142439024390244,NO,15961,10108,63.32936532798696,36.67063467201304,50.0305213038701,55.6539864512767,52.7509926262053,213,2097,59,1646,38,81,1804,3511,42,71,0,2372,3488,3624,Otros,3624,1.3454689354966363,JHH
25,Sinaloa,Sin.,017,Sinaloa,25017,25.822777777777777,-108.22333333333331,77112,7.425195530726257,NO,64798,28240,43.5815920244452,56.4184079755548,30.3949645948072,36.2634529870465,33.2945915394291,903,10700,300,218,754,538,11999,1052,391,169,0,11906,12973,1612,Juntos Haremos Historia,12973,3.778328611898017,JHH
25,Sinaloa,Sin.,018,Navolato,25018,24.76555555555555,-107.70305555555557,148341,8.794883720930232,NO,108381,53653,49.50406436552532,50.49593563447468,31.1271754719175,35.6032181951804,33.3675365910323,2992,14774,382,933,4745,3431,22364,1029,879,662,0,18153,28046,2570,Juntos Haremos Historia,28046,18.438857100255344,JHH
26,Sonora,Son.,001,Aconchi,26001,29.825,-110.22611111111112,2563,8.719999999999999,NO,2490,1894,76.06425702811245,23.93574297188755,70.3793381759483,75.755033557047,73.0152200740436,71,500,14,24,394,452,314,9,1,6,0,587,732,16,Juntos Haremos Historia,732,7.655755015839493,JHH
26,Sonora,Son.,002,Agua Prieta,26002,31.325833333333332,-109.54888888888888,91929,9.29896551724138,NO,68286,28687,42.01007527165158,57.98992472834842,37.7380843889547,44.4601203912716,41.046054154131,3087,1895,336,900,501,1192,11468,7212,729,543,0,5323,12871,8484,Juntos Haremos Historia,12871,15.29264126607871,JHH
26,Sonora,Son.,003,Altar,26003,30.71361111111111,-111.83527777777778,10576,8.564285714285713,NO,6835,3970,58.08339429407462,41.91660570592538,46.070460704607,59.1328413284133,52.5330899132816,289,1258,52,34,25,30,2099,16,31,16,0,1600,2158,63,Juntos Haremos Historia,2158,14.055415617128464,JHH
26,Sonora,Son.,004,Arivechi,26004,28.928055555555556,-109.18694444444444,1177,7.933333333333334,NO,1101,793,72.02543142597638,27.97456857402362,65.5712050078247,71.0069444444444,68.1481481481482,15,121,4,28,191,126,174,87,4,2,0,141,393,93,Juntos Haremos Historia,393,31.778058007566205,JHH
26,Sonora,Son.,005,Arizpe,26005,30.334722222222226,-110.16611111111112,2792,7.696,NO,2942,2201,74.8130523453433,25.186947654656706,71.5987460815047,78.0196629213483,74.6273600529977,158,839,23,10,34,23,1000,10,17,8,0,1024,1045,35,Juntos Haremos Historia,1045,0.9541117673784644,JHH
26,Sonora,Son.,006,Atil,26006,30.84361111111111,-111.58388888888888,633,9.07,NO,776,326,42.01030927835052,57.98969072164948,85.2028639618138,87.914691943128,86.563614744352,32,191,6,11,1,4,57,0,1,4,0,231,69,5,Va por México,231,49.693251533742334,V x M
26,Sonora,Son.,007,Bacadehuachi,26007,29.809166666666663,-109.14361111111111,979,7.64,NO,1148,952,82.92682926829268,17.07317073170732,82.3151125401929,84.1904761904762,83.1734960767219,45,296,8,6,258,21,277,4,3,4,0,350,541,11,Juntos Haremos Historia,541,20.063025210084035,JHH
26,Sonora,Son.,008,Bacanora,26008,28.97888888888889,-109.39833333333334,759,6.676666666666667,NO,1106,825,74.59312839059675,25.406871609403257,63.8095238095238,71.8637992831541,67.2853828306264,358,63,8,3,7,6,341,2,8,2,0,430,351,12,Va por México,430,9.575757575757576,V x M
26,Sonora,Son.,009,Bacerac,26009,30.35555555555556,-108.93055555555556,1221,8.1,NO,1159,961,82.916307161346,17.083692838654002,82.3723228995058,85.6880733944954,83.9409722222222,29,410,8,8,1,9,468,2,3,3,0,447,477,8,Juntos Haremos Historia,477,3.121748178980229,JHH
26,Sonora,Son.,010,Bacoachi,26010,30.631944444444446,-109.97,1475,8.03,NO,1462,938,64.15868673050615,35.84131326949385,68.2432432432432,73.8264580369843,70.963270963271,28,250,215,27,56,121,157,11,0,4,0,494,241,15,Va por México,494,26.97228144989339,V x M
26,Sonora,Son.,011,Banamichi,26011,30.00777777777778,-110.21555555555555,1629,9.53,NO,1591,1229,77.24701445631679,22.75298554368321,75.507614213198,81.4077025232404,78.3906554185594,100,303,16,12,208,258,220,15,21,5,0,420,440,41,Juntos Haremos Historia,440,1.627339300244101,JHH
26,Sonora,Son.,012,Baviacora,26012,29.710277777777776,-110.16027777777778,3176,8.4,NO,3446,2436,70.69065583284969,29.30934416715031,69.7635135135135,72.3095525997582,70.9912536443149,531,389,35,22,218,66,921,101,12,7,0,958,1161,120,Juntos Haremos Historia,1161,8.333333333333334,JHH
26,Sonora,Son.,013,Bavispe,26013,30.47888888888889,-108.93972222222224,1169,7.68,NO,1269,999,78.72340425531915,21.276595744680847,75.6680731364276,78.1402936378467,76.8126888217523,14,541,4,2,3,4,408,0,1,2,0,562,413,3,Va por México,562,14.914914914914915,V x M
26,Sonora,Son.,014,Benjamin Hill,26014,30.16916666666667,-111.11416666666666,4983,9.09,NO,3711,2159,58.17838857450822,41.82161142549178,53.0644316396019,62.4004248539565,57.7004219409283,375,347,25,39,365,177,690,4,14,38,0,747,1094,56,Juntos Haremos Historia,1094,16.072255673923113,JHH
26,Sonora,Son.,015,Cananea,26015,30.981944444444444,-110.30055555555556,39421,10.138421052631578,NO,29426,12515,42.53041527900496,57.46958472099504,49.0068084509019,53.3480868075386,51.1590868872766,1495,2412,202,499,1369,699,3947,810,147,267,0,4112,5817,1224,Juntos Haremos Historia,5817,13.62365161805833,JHH
26,Sonora,Son.,016,Cucurpe,26016,30.330277777777777,-110.70527777777778,883,7.69,NO,1014,662,65.28599605522683,34.71400394477317,76.7527675276753,82.5263157894737,79.4493608652901,292,93,10,19,9,18,108,4,1,3,0,397,137,8,Va por México,397,39.274924471299094,V x M
26,Sonora,Son.,017,Cumpas,26017,29.99388888888889,-109.78194444444443,5833,9.045,NO,5366,3845,71.65486395825569,28.34513604174431,71.3454545454545,77.0026830203143,74.0996454562418,253,1167,61,34,978,176,969,38,9,13,0,1483,1981,60,Juntos Haremos Historia,1981,12.9518855656697,JHH
26,Sonora,Son.,018,Divisaderos,26018,29.614444444444445,-109.46861111111112,753,8.52,NO,1147,924,80.55797733217088,19.44202266782912,38.898756660746,40.3603603603604,39.6243291592129,14,477,1,5,4,171,231,2,0,0,0,492,240,2,Va por México,492,27.272727272727273,V x M
26,Sonora,Son.,019,Fronteras,26019,30.8975,-109.55944444444444,9055,8.89,NO,6507,3986,61.257107730136774,38.742892269863226,59.8670293139921,63.187729243081,61.4457831325301,287,884,33,56,74,822,1363,247,19,67,0,1205,1495,333,Juntos Haremos Historia,1495,7.2754641244355245,JHH
26,Sonora,Son.,020,Granados,26020,29.861944444444447,-109.31083333333332,1031,8.95,NO,1133,910,80.31774051191528,19.682259488084725,78.525641025641,81.9852941176471,80.1369863013699,42,297,9,6,1,321,183,1,3,5,0,351,190,9,Va por México,351,3.2967032967032965,V x M
26,Sonora,Son.,021,Huachinera,26021,30.209166666666665,-108.95833333333334,1188,7.82,NO,1037,863,83.2208293153327,16.779170684667307,85,90.2390438247012,87.5239923224568,34,423,7,7,1,9,334,10,4,1,0,467,342,15,Va por México,467,14.484356894553882,V x M
26,Sonora,Son.,022,Huasabas,26022,29.906666666666663,-109.30138888888888,866,9.02,NO,1332,921,69.14414414414415,30.85585585585585,67.5236806495264,67.1988388969521,67.3669467787115,49,300,9,39,12,136,254,9,3,9,0,358,305,21,Va por México,358,5.754614549402823,V x M
26,Sonora,Son.,023,Huepac,26023,29.91111111111111,-110.21305555555556,1137,9.345,NO,1378,979,71.04499274310595,28.95500725689405,78.8051209103841,83.4054834054834,81.0888252148997,102,322,6,9,160,42,237,20,7,8,0,432,406,35,Va por México,432,2.6557711950970377,V x M
26,Sonora,Son.,024,Imuris,26024,30.778055555555554,-110.85638888888889,12641,8.69875,NO,9878,4888,49.483701154079775,50.516298845920225,39.3896236012208,48.7481590574374,43.9904840711626,611,1264,42,479,839,282,1016,39,32,72,0,1921,2338,143,Juntos Haremos Historia,2338,8.531096563011456,JHH
26,Sonora,Son.,025,Magdalena,26025,30.626944444444444,-110.9675,33004,9.652666666666669,NO,25338,12337,48.68971505249033,51.31028494750967,47.7253651166695,55.1163558342961,51.4522303595206,2917,3087,289,498,225,932,3076,193,132,237,0,6297,3802,562,Va por México,6297,20.22371727324309,V x M
26,Sonora,Son.,026,Moctezuma,26026,29.802777777777777,-109.6802777777778,5173,9.8025,NO,4503,3032,67.33288918498779,32.66711081501221,69.7771587743733,74.2966142107773,72.0065866854858,208,847,32,33,235,109,1421,17,21,8,0,1089,1689,46,Juntos Haremos Historia,1689,19.788918205804748,JHH
26,Sonora,Son.,027,Naco,26027,31.326944444444443,-109.9477777777778,5769,9.505,NO,4600,2888,62.78260869565217,37.21739130434783,52.6473099914603,60.8407079646018,56.671012603216,1078,716,16,63,228,29,538,116,7,12,0,1813,832,135,Va por México,1813,33.96814404432133,V x M
26,Sonora,Son.,028,Nacori Chico,26028,29.688333333333333,-108.98138888888889,1529,6.895,NO,1462,1146,78.38577291381668,21.61422708618332,79.9522673031026,83.71467025572,81.7204301075269,24,326,4,6,195,352,192,3,0,0,0,355,393,3,Juntos Haremos Historia,393,3.3158813263525304,JHH
26,Sonora,Son.,029,Nacozari De Garcia,26029,30.374166666666667,-109.68555555555557,14343,10.233,NO,10158,5868,57.76727702303604,42.23272297696396,43.736771214162,48.4647302904564,46.0117799740441,955,878,99,300,520,263,2262,199,40,77,0,1935,3082,316,Juntos Haremos Historia,3082,19.546693933197002,JHH
26,Sonora,Son.,030,Nogales,26030,31.31861111111111,-110.94583333333334,264695,10.50593984962406,SI,201870,65851,32.62049834051617,67.37950165948382,37.2716326191662,42.853915176554104,40.0127851565389,8659,14671,1150,2084,1526,4737,27784,1284,791,1262,0,24484,31397,3337,Juntos Haremos Historia,31397,10.497942324338279,JHH
26,Sonora,Son.,031,Oquitoa,26031,30.741666666666667,-111.73361111111112,498,9.88,NO,444,384,86.48648648648648,13.513513513513516,71.7391304347826,77.1428571428572,74.5263157894737,12,190,4,2,3,1,164,0,0,0,0,208,169,0,Va por México,208,10.15625,V x M
26,Sonora,Son.,032,Sahuaripa,26032,29.05527777777778,-109.23277777777778,5257,7.871,NO,4466,2785,62.36005373936408,37.63994626063592,56.0914760914761,68.5636856368564,62.0697120588872,270,1074,42,41,23,142,1022,18,13,10,0,1389,1086,41,Va por México,1389,10.87971274685817,V x M
26,Sonora,Son.,033,San Felipe De Jesus,26033,29.859722222222224,-110.23972222222224,369,9.5,NO,557,477,85.63734290843806,14.362657091561942,85.7692307692308,87.0848708487085,86.4406779661017,75,94,9,3,2,199,69,2,1,0,0,180,74,3,Movimiento Ciudadano,199,3.9832285115303985,V x M
26,Sonora,Son.,034,San Javier,26034,28.59472222222222,-109.73944444444444,537,8.77,NO,654,524,80.1223241590214,19.877675840978597,80.5405405405405,86.0606060606061,83.1428571428571,41,146,2,56,15,70,174,2,2,1,0,190,245,5,Juntos Haremos Historia,245,10.49618320610687,JHH
26,Sonora,Son.,035,San Pedro De La Cueva,26035,29.28666666666667,-109.73666666666666,1453,7.22,NO,1922,1481,77.05515088449532,22.94484911550468,59.9817684594348,63.0366492146597,61.4035087719298,47,605,6,38,9,42,640,7,2,7,0,661,687,16,Juntos Haremos Historia,687,1.7555705604321405,JHH
26,Sonora,Son.,036,Santa Ana,26036,30.5425,-111.12138888888887,16253,9.526666666666667,NO,12635,6888,54.51523545706372,45.48476454293628,44.0917107583774,52.3638633172102,48.2840423849439,518,1794,126,94,74,812,3080,25,53,40,0,2441,3248,118,Juntos Haremos Historia,3248,11.71602787456446,JHH
26,Sonora,Son.,037,Santa Cruz,26037,31.233611111111113,-110.59527777777777,1840,8.49,NO,1454,872,59.97248968363136,40.02751031636864,63.6959370904325,76.8094534711964,69.8611111111111,104,142,19,14,51,80,366,22,8,8,0,268,434,38,Juntos Haremos Historia,434,19.03669724770642,JHH
26,Sonora,Son.,038,Saric,26038,31.103055555555557,-111.37777777777777,2069,7.800000000000001,NO,1848,1001,54.166666666666664,45.833333333333336,52.4809160305344,56.6735112936345,54.5004945598417,218,150,7,52,13,19,280,10,190,6,0,376,345,206,Va por México,376,3.096903096903097,V x M
26,Sonora,Son.,039,Soyopa,26039,28.763055555555557,-109.63333333333334,1328,7.318,NO,1920,1624,84.58333333333333,15.416666666666671,83.4285714285714,87.6059322033898,85.4062186559679,616,100,9,36,13,56,702,13,18,9,0,728,751,40,Juntos Haremos Historia,751,1.416256157635468,JHH
26,Sonora,Son.,040,Suaqui Grande,26040,28.395,-109.8875,1106,7.62,NO,1548,1308,84.49612403100775,15.503875968992247,37.8016085790885,48.1707317073171,42.6533523537803,487,127,8,10,9,33,574,4,4,2,0,623,593,10,Va por México,623,2.293577981651376,V x M
26,Sonora,Son.,041,Tepache,26041,29.533333333333335,-109.52888888888889,1187,8.254999999999999,NO,1438,1029,71.55771905424201,28.442280945757982,61.2771739130435,69.969512195122,65.3735632183908,116,262,19,6,6,174,404,6,6,1,0,400,416,13,Juntos Haremos Historia,416,1.554907677356657,JHH
26,Sonora,Son.,042,Trincheras,26042,30.399444444444445,-111.53083333333332,1495,7.43,NO,1437,1091,75.92205984690327,24.077940153096733,59.5667870036101,71.1171662125341,64.9840255591054,72,411,10,9,4,338,198,2,2,4,0,493,211,8,Va por México,493,14.207149404216315,V x M
26,Sonora,Son.,043,Tubutama,26043,30.884444444444444,-111.4652777777778,1361,7.4225,NO,1448,1088,75.13812154696133,24.86187845303867,65.4592496765847,77.5330396475771,71.1141678129298,69,450,14,14,7,15,458,9,3,4,0,535,479,16,Va por México,535,5.147058823529412,V x M
26,Sonora,Son.,044,Villa Hidalgo,26044,30.16333333333333,-109.31916666666666,1437,7.88,NO,1680,1214,72.26190476190476,27.73809523809524,74.5928338762215,79.1100123609394,76.7052023121387,44,250,24,8,10,401,408,5,0,2,0,322,426,7,Juntos Haremos Historia,426,2.059308072487644,JHH
26,Sonora,Son.,045,Villa Pesqueira,26045,29.11888888888889,-109.96972222222225,1087,8.23,NO,1979,1736,87.7210712481051,12.278928751894895,88.0781089414183,93.2285368802902,90.4444444444444,41,612,7,13,4,43,967,6,4,6,0,663,984,16,Juntos Haremos Historia,984,18.49078341013825,JHH
26,Sonora,Son.,046,Caborca,26046,30.715555555555554,-112.15916666666668,87874,9.595277777777778,NO,65361,25648,39.24052569575129,60.75947430424871,36.4229557246077,42.8113274109233,39.6050992044474,3115,4770,463,2013,1020,1030,10711,357,323,924,0,8352,13744,1604,Juntos Haremos Historia,13744,21.02308172177168,JHH
26,Sonora,Son.,047,Carbo,26047,29.684166666666663,-110.955,4949,8.29,NO,3659,2320,63.40530199508062,36.59469800491938,58.4590517241379,71.591526344378,64.9986475520692,148,506,55,326,442,41,678,17,7,9,0,714,1446,33,Juntos Haremos Historia,1446,31.551724137931036,JHH
26,Sonora,Son.,048,La Colorada,26048,28.80444444444445,-110.58,1843,7.37,NO,2623,2119,80.78536027449485,19.21463972550515,47.6687543493389,51.5734265734266,49.3994575745835,102,763,31,46,48,41,973,7,16,7,0,899,1067,30,Juntos Haremos Historia,1067,7.9282680509674375,JHH
26,Sonora,Son.,049,Hermosillo,26049,29.098888888888887,-110.95416666666668,936258,11.322788461538462,SI,638111,279110,43.74003895873915,56.25996104126085,36.9991744213305,41.3399232628656,39.2107096314023,33279,70096,2651,5612,4904,26633,119043,3225,1930,4474,0,106031,129562,9629,Juntos Haremos Historia,129562,8.430726236967503,JHH
26,Sonora,Son.,050,Mazatan,26050,29.004722222222224,-110.13916666666668,1118,8.47,NO,1475,1257,85.22033898305085,14.779661016949149,38.9322916666667,44.5086705202312,41.5753424657534,266,162,11,6,7,292,459,5,5,2,0,440,472,12,Juntos Haremos Historia,472,2.5457438345266508,JHH
26,Sonora,Son.,051,Opodepe,26051,29.926111111111112,-110.62722222222222,2407,7.414,NO,2125,1499,70.54117647058824,29.45882352941176,39.4154118689105,43.5158501440922,41.3824884792627,61,354,14,13,293,364,319,10,4,8,0,432,625,22,Juntos Haremos Historia,625,12.875250166777851,JHH
26,Sonora,Son.,052,Pitiquito,26052,30.676111111111112,-112.05416666666666,9278,8.826666666666666,NO,6218,3759,60.453522032807975,39.546477967192025,49.4294098467558,56.3907389787504,52.9581993569132,284,1220,10,120,54,94,1730,17,14,130,0,1515,1904,161,Juntos Haremos Historia,1904,10.348496940675712,JHH
26,Sonora,Son.,053,Puerto Peñasco,26053,31.316666666666663,-113.53694444444444,62695,10.084444444444443,NO,49242,21673,44.013240729458595,55.986759270541405,36.9630198992228,43.5998549542199,40.1824978012313,4389,2881,254,341,158,486,9450,2576,113,386,0,7526,9949,3075,Juntos Haremos Historia,9949,11.179808978913856,JHH
26,Sonora,Son.,054,Rayon,26054,29.710555555555555,-110.57027777777778,1498,7.904999999999999,NO,1971,1377,69.86301369863014,30.13698630136986,68.383017163505,71.9587628865979,70.0529610014444,63,667,10,9,5,44,497,6,5,4,0,742,511,15,Va por México,742,16.775599128540303,V x M
26,Sonora,Son.,055,San Luis Rio Colorado,26055,32.47666666666667,-114.7625,199013,9.807362637362637,NO,158684,49002,30.88023997378438,69.11976002621562,32.5928676577855,37.9947861247074,35.2898988624516,7439,6489,675,2901,1799,3920,20492,1098,243,2326,0,14606,25192,3667,Juntos Haremos Historia,25192,21.603199869393087,JHH
26,Sonora,Son.,056,San Miguel De Horcasitas,26056,29.48777777777778,-110.725,10742,7.4575,NO,6042,2363,39.10956636875207,60.89043363124793,27.4819649604947,32.9783187523773,30.0902527075812,161,1002,49,113,169,42,630,20,9,7,0,1214,912,36,Va por México,1214,12.780363944138806,V x M
26,Sonora,Son.,057,Ures,26057,29.428055555555556,-110.38916666666668,8535,8.488461538461538,NO,9972,5895,59.115523465703966,40.884476534296034,51.2855473315154,58.6191923577942,54.7535934291581,767,1090,268,78,48,308,2899,51,30,89,0,2128,3025,170,Juntos Haremos Historia,3025,15.216284987277353,JHH
26,Sonora,Son.,058,Bacum,26058,27.551111111111112,-110.08305555555556,23161,8.686923076923078,NO,17612,9071,51.504655916420624,48.495344083579376,45.5796542992403,55.6480648064806,50.5592343219632,113,463,515,74,1123,696,2619,103,1222,1849,0,1092,3816,3174,Juntos Haremos Historia,3816,7.077499724396429,JHH
26,Sonora,Son.,059,Cajeme,26059,27.489166666666662,-109.935,436310,10.60082251082251,NO,324814,134164,41.3048698639837,58.6951301360163,42.0606324358572,47.2397308242745,44.7144399578104,10403,27301,2456,3125,3544,16315,60209,2525,1250,3320,0,40162,66878,7095,Juntos Haremos Historia,66878,19.912942369040877,JHH
26,Sonora,Son.,060,Empalme,26060,27.961666666666662,-110.81416666666668,51648,9.561333333333334,SI,41399,16498,39.851204135365585,60.148795864634415,36.9450678114938,42.0872957815167,39.5166207350682,486,1130,494,2127,1382,621,8636,131,166,860,0,2111,12145,1157,Juntos Haremos Historia,12145,60.819493271911746,JHH
26,Sonora,Son.,061,Guaymas,26061,27.918333333333333,-110.89888888888888,156511,9.956703296703296,SI,118819,49263,41.46054082259572,58.53945917740428,38.4662565935895,44.0477616025455,41.2906855955679,3602,5854,877,934,8872,2545,22351,1179,708,882,0,10335,32157,2769,Juntos Haremos Historia,32157,44.296936849156566,JHH
26,Sonora,Son.,072,San Ignacio Rio Muerto,26072,27.413055555555555,-110.24666666666668,14497,8.276250000000001,NO,10647,5690,53.44228421151498,46.55771578848502,46.6093600764088,54.8563869992441,50.7552009119407,126,1260,173,166,1240,621,1770,27,16,104,0,1561,3176,147,Juntos Haremos Historia,3176,28.38312829525483,JHH
26,Sonora,Son.,062,Alamos,26062,27.023333333333333,-108.93222222222222,24653,7.1032142857142855,NO,19560,11024,56.359918200409,43.640081799591,46.5449409865833,53.5194818982907,49.9430995241051,343,3547,96,398,370,1169,4003,117,507,70,0,3989,4773,694,Juntos Haremos Historia,4773,7.111756168359942,JHH
26,Sonora,Son.,063,Etchojoa,26063,26.910833333333333,-109.62527777777775,61500,9.40475,NO,45701,23823,52.12796218901118,47.87203781098882,40.7224661626907,51.2867647058823,46.0299583286406,738,5677,383,462,4340,572,9481,511,589,197,0,6800,14284,1297,Juntos Haremos Historia,14284,31.41501909918986,JHH
26,Sonora,Son.,071,Benito Juarez,26071,27.128888888888888,-109.84166666666668,21700,9.01,NO,16092,8601,53.44891871737509,46.55108128262491,42.9457953394124,52.1607278241092,47.5585072738773,162,2323,153,503,262,108,4036,717,62,44,0,2641,4803,823,Juntos Haremos Historia,4803,25.136612021857925,JHH
26,Sonora,Son.,064,Huatabampo,26064,26.8275,-109.64222222222224,77446,9.611951219512196,NO,60066,31873,53.06329703992275,46.93670296007725,48.439080304767,57.953367008998796,53.2146755100327,6451,4731,439,630,1353,2914,13268,549,294,270,0,11622,15253,1113,Juntos Haremos Historia,15253,11.392087346657044,JHH
26,Sonora,Son.,065,Navojoa,26065,27.080833333333334,-109.44527777777778,164833,10.025131578947368,NO,125018,55235,44.18163784415044,55.81836215584956,43.8614228423146,50.7505163357239,47.3671143772189,3331,12456,757,1093,3414,2241,27663,579,945,1199,0,16545,32174,2723,Juntos Haremos Historia,32174,28.29546483208111,JHH
26,Sonora,Son.,066,Onavas,26066,28.460555555555555,-109.52722222222222,386,7.1,NO,814,666,81.81818181818183,18.181818181818173,76.0722347629797,80.4147465437788,78.2212086659065,10,157,4,186,3,218,70,1,1,0,0,172,259,2,Juntos Haremos Historia,259,6.156156156156156,JHH
26,Sonora,Son.,067,Quiriego,26067,27.52111111111111,-109.25361111111113,3080,7.173333333333334,NO,3361,2451,72.92472478429039,27.07527521570961,59.6924766611752,63.9975550122249,61.7298235464275,148,289,23,35,29,80,1036,84,553,57,0,463,1100,694,Juntos Haremos Historia,1100,16.564667482660138,JHH
26,Sonora,Son.,068,Rosario,26068,27.84111111111111,-109.36805555555554,4819,7.058,NO,4784,3145,65.73996655518395,34.260033444816045,55.0937245313773,59.8425196850394,57.3839662447257,153,1127,64,37,69,42,1435,13,37,79,0,1344,1544,129,Juntos Haremos Historia,1544,6.359300476947536,JHH
26,Sonora,Son.,069,Yecora,26069,28.371111111111112,-108.92555555555556,4792,6.428571428571429,NO,4369,2952,67.56694895857176,32.43305104142824,61.21266161391,69.0432382704692,65.0667874122708,133,1011,52,45,752,260,554,6,6,13,0,1197,1351,25,Juntos Haremos Historia,1351,5.2168021680216805,JHH
26,Sonora,Son.,070,General Plutarco Elias Calles,26070,31.86138888888889,-112.85444444444444,13635,9.14375,NO,10174,5563,54.67859249066247,45.32140750933753,33.9651837524178,40.4953803813643,37.2038607780053,167,1208,149,39,1049,282,2310,135,24,27,0,1527,3398,186,Juntos Haremos Historia,3398,33.63293187129247,JHH
27,Tabasco,Tab.,001,Balancan,27001,17.80527777777778,-91.5363888888889,58229,7.979772727272727,NO,42305,27412,64.79612338967026,35.20387661032974,64.2194823721215,70.8717395567758,67.6094343393964,313,892,643,6394,148,237,14797,2575,366,283,0,1852,21339,3224,Juntos Haremos Historia,21339,66.08419670217422,JHH
27,Tabasco,Tab.,002,Cardenas,27002,18.00111111111111,-93.37638888888888,240414,8.869180327868852,NO,177718,85317,48.00695483856447,51.99304516143553,57.5343787696019,66.8579931972789,62.3714272446539,609,2208,16336,2200,1304,1247,55812,1340,1187,659,0,19157,59316,3186,Juntos Haremos Historia,59316,47.07033768182191,JHH
27,Tabasco,Tab.,003,Centla,27003,18.533611111111114,-92.64694444444446,108231,9.0653125,NO,76635,45918,59.917792131532586,40.082207868467414,63.6257675687969,74.3443129043516,69.1385809159568,266,2981,1188,2529,500,4581,25365,2591,842,3480,0,4438,28394,6913,Juntos Haremos Historia,28394,46.781218694193996,JHH
27,Tabasco,Tab.,004,Centro,27004,17.989166666666666,-92.92805555555556,680317,11.17394265232975,SI,514816,228576,44.39955246146196,55.60044753853804,48.0285254007761,53.5414661503134,50.9073532117989,6580,34951,7137,5496,3689,5139,148287,3389,2881,4106,0,48669,157472,10376,Juntos Haremos Historia,157472,47.600360492790145,JHH
27,Tabasco,Tab.,005,Comalcalco,27005,18.271666666666665,-93.22472222222224,215551,9.37070707070707,NO,155994,94737,60.73118196853725,39.26881803146275,61.3250898153563,73.5004673867885,67.6258751125385,469,5187,30225,1020,770,940,50982,1123,1055,1124,0,35884,52772,3302,Juntos Haremos Historia,52772,17.826192511901368,JHH
27,Tabasco,Tab.,006,Cunduacan,27006,18.06722222222222,-93.17555555555556,138647,8.752881355932203,NO,96250,49746,51.684155844155846,48.315844155844154,51.1591648590022,60.2496962587457,55.8764702045786,520,2086,2727,778,1152,3232,32951,1871,874,1237,0,5335,34881,3982,Juntos Haremos Historia,34881,59.39372009809834,JHH
27,Tabasco,Tab.,007,Emiliano Zapata,27007,17.74138888888889,-91.76361111111112,32289,9.280625,NO,23795,17086,71.8050010506409,28.194998949359103,61.0480029314767,71.3219439376348,66.4403238443458,282,291,82,5833,280,83,9507,130,215,38,0,656,15620,383,Juntos Haremos Historia,15620,87.58047524288891,JHH
27,Tabasco,Tab.,008,Huimanguillo,27008,17.830277777777777,-93.3913888888889,192887,8.245360824742267,NO,133992,79012,58.96769956415309,41.03230043584691,58.9551640671337,69.2758792678687,64.267266192647,321,1248,26008,3905,2098,870,38808,1357,1566,678,0,27580,44811,3601,Juntos Haremos Historia,44811,21.80807978534906,JHH
27,Tabasco,Tab.,009,Jalapa,27009,17.72,-92.81222222222222,38281,8.804285714285713,NO,28491,19272,67.642413393703265,32.357586606296735,56.9343065693431,64.5798082346306,60.8234112752833,128,472,278,3764,185,2797,10549,275,227,125,0,882,14498,627,Juntos Haremos Historia,14498,60.71502698215027,JHH
27,Tabasco,Tab.,010,Jalpa De Mendez,27010,18.17638888888889,-93.0625,90831,9.863513513513514,NO,66126,38520,58.252427184466015,41.747572815533985,61.6008172142222,70.5964890399426,66.2228844243648,173,2019,3399,1933,5960,877,21694,411,409,275,0,5595,29587,1095,Juntos Haremos Historia,29587,62.284527518172375,JHH
27,Tabasco,Tab.,011,Jonuta,27011,18.090277777777775,-92.13666666666668,30951,7.938076923076923,NO,24165,20234,83.73267121870474,16.267328781295262,76.2786209316607,78.3018867924528,77.2924235129339,98,357,5611,397,83,136,12194,328,546,47,0,6071,12674,921,Juntos Haremos Historia,12674,32.63319165760601,JHH
27,Tabasco,Tab.,012,Macuspana,27012,17.76,-92.5975,158380,9.19841463414634,NO,120156,52193,43.437697659709045,56.562302340290955,54.0028668697366,60.2713596178407,57.2580297849249,519,2108,3341,5259,649,1397,31903,3573,1317,391,0,5971,37811,5281,Juntos Haremos Historia,37811,61.00434924223555,JHH
27,Tabasco,Tab.,013,Nacajuca,27013,18.16638888888889,-93.0175,152796,10.526666666666667,SI,99246,55184,55.60324849364206,44.39675150635794,65.0123790231825,73.5141252410093,69.4148416643153,697,1651,1184,11127,2078,1188,25791,891,7471,878,0,3537,38996,9240,Juntos Haremos Historia,38996,53.92142650043491,JHH
27,Tabasco,Tab.,014,Paraiso,27014,18.39611111111111,-93.21277777777776,96130,10.08,NO,71326,43979,61.659142528671175,38.340857471328825,67.0466134741136,76.1458959603768,71.7022866099287,331,1531,9523,503,947,672,22083,639,655,5994,0,11388,23533,7288,Juntos Haremos Historia,23533,27.615452829759658,JHH
27,Tabasco,Tab.,015,Tacotalpa,27015,17.593055555555555,-92.82583333333334,47449,8.532592592592593,NO,34874,22169,63.56884785226816,36.43115214773184,63.0006831025275,71.5416420555227,67.3780764689856,190,1989,464,565,328,6438,10173,418,238,356,0,2645,11066,1012,Juntos Haremos Historia,11066,20.875998015246516,JHH
27,Tabasco,Tab.,016,Teapa,27016,17.54888888888889,-92.95333333333332,58718,8.437692307692307,NO,41510,21946,52.86918814743436,47.13081185256564,55.2657921078974,63.0385596688008,59.3273632841978,198,3964,1605,395,465,690,10972,432,449,2046,0,5771,11832,2927,Juntos Haremos Historia,11832,27.617789118746014,JHH
27,Tabasco,Tab.,017,Tenosique,27017,17.472499999999997,-91.42666666666668,62497,8.491111111111111,NO,45345,29255,64.51648472819494,35.48351527180506,60.0165764711618,67.4467797830685,63.8801778609876,537,6700,253,665,192,281,18802,410,276,357,0,7495,19659,1043,Juntos Haremos Historia,19659,41.5792172278243,JHH
28,Tamaulipas,Tamps.,001,Abasolo,28001,24.05638888888889,-98.37555555555556,9754,7.888181818181819,NO,8442,6410,75.92987443733712,24.07012556266288,72.7116984826236,80.690813144639,76.7413688673531,2102,2563,33,16,130,40,1309,30,16,25,0,4698,1455,71,Va por México,4698,50.592823712948515,V x M
28,Tamaulipas,Tamps.,002,Aldama,28002,22.919444444444444,-98.0736111111111,28792,7.577619047619048,NO,23665,17072,72.14029156982886,27.85970843017114,62.1715076071923,67.2491349480969,64.7094430992736,6541,411,226,793,156,3451,4715,66,129,57,0,7178,5664,252,Va por México,7178,8.868322399250234,V x M
28,Tamaulipas,Tamps.,003,Altamira,28003,22.395833333333332,-97.93694444444444,269713,9.566666666666666,SI,175540,92990,52.973681212259315,47.026318787740685,54.9447310243184,63.8382424465296,59.4687392513834,30912,4413,2285,964,2258,3315,42097,2930,824,912,0,37610,45323,4666,Juntos Haremos Historia,45323,8.294440262393806,JHH
28,Tamaulipas,Tamps.,004,Antiguo Morelos,28004,22.549722222222226,-99.0847222222222,8841,7.542857142857143,NO,7450,5335,71.61073825503355,28.389261744966447,72.4793388429752,82.6232247284879,77.5238886580806,3171,508,40,184,125,26,963,81,11,92,0,3719,1272,184,Va por México,3719,45.86691658856607,V x M
28,Tamaulipas,Tamps.,005,Burgos,28005,24.94527777777778,-98.79944444444445,4254,6.4325,NO,4848,4149,85.58168316831683,14.418316831683171,78.2572614107884,80.5633802816901,79.3392070484581,1958,56,17,46,1702,6,299,5,1,2,0,2031,2050,8,Juntos Haremos Historia,2050,0.457941672692215,JHH
28,Tamaulipas,Tamps.,006,Bustamante,28006,23.435277777777777,-99.75694444444444,7435,6.314444444444445,NO,5884,4585,77.92318150917743,22.076818490822575,76.523178807947,86.6539196940727,81.2244897959184,2523,622,5,32,40,14,1195,31,42,6,0,3150,1267,79,Va por México,3150,41.06870229007634,V x M
28,Tamaulipas,Tamps.,007,Camargo,28007,26.315555555555555,-98.83333333333331,16568,7.853125,NO,12776,6671,52.21509079524108,47.78490920475892,45.7043036366524,50.7029198207941,48.2380579483164,2324,1427,34,107,786,20,1593,73,22,95,0,3785,2490,190,Va por México,3785,19.412381951731376,V x M
28,Tamaulipas,Tamps.,008,Casas,28008,23.72722222222222,-98.73722222222224,4228,5.9825,NO,4480,3480,77.67857142857143,22.32142857142857,79.2044963251189,85.1833249623305,81.9702602230483,1608,873,15,205,94,14,559,8,9,2,0,2496,858,19,Va por México,2496,47.06896551724138,V x M
28,Tamaulipas,Tamps.,009,Ciudad Madero,28009,22.27638888888889,-97.83138888888888,205906,11.903457943925234,SI,172200,99152,57.57955865272938,42.42044134727062,60.296382318043,66.2761016968211,63.4588737637747,35802,3600,854,1640,1854,2646,46291,2555,1175,973,0,40256,49786,4703,Juntos Haremos Historia,49786,9.61150556720994,JHH
28,Tamaulipas,Tamps.,010,Cruillas,28010,24.75583333333333,-98.53666666666666,1670,6.728000000000001,NO,2349,1955,83.22690506598552,16.77309493401448,81.5023474178404,84.3487394957983,82.8458106098166,1050,219,3,18,23,10,570,6,14,3,0,1272,611,23,Va por México,1272,33.81074168797954,V x M
28,Tamaulipas,Tamps.,011,Gomez Farias,28011,22.886944444444445,-99.02583333333334,8299,8.232857142857142,NO,7248,5239,72.28200883002206,27.717991169977935,71.1275314723591,78.6120591581342,74.7977684797768,2272,260,26,877,93,44,1421,42,41,18,0,2558,2391,101,Va por México,2558,3.1876312273334606,V x M
28,Tamaulipas,Tamps.,012,Gonzalez,28012,22.82805555555555,-98.43055555555556,41571,7.473783783783784,NO,32131,18975,59.055118110236215,40.944881889763785,51.7787321325556,62.9106480889684,57.3527058597625,6343,3164,204,246,331,961,6232,437,213,125,0,9711,6809,775,Va por México,9711,15.293807641633729,V x M
28,Tamaulipas,Tamps.,013,Güemez,28013,23.91861111111111,-99.00666666666666,15340,7.6975,NO,13137,10220,77.7955393164345,22.2044606835655,59.4467956469166,73.3355306526038,66.0911384421318,2952,3445,14,90,46,1934,1314,205,38,21,0,6411,1451,264,Va por México,6411,43.806262230919764,V x M
28,Tamaulipas,Tamps.,014,Guerrero,28014,26.566111111111113,-99.22722222222222,3815,8.333333333333334,NO,2524,1803,71.43423137876387,28.56576862123613,68.0685358255452,72.0180045011253,70.0802445548338,420,421,3,455,168,6,276,5,4,2,0,844,901,11,Juntos Haremos Historia,901,3.1613976705490847,JHH
28,Tamaulipas,Tamps.,015,Gustavo Diaz Ordaz,28015,26.23222222222222,-98.59694444444445,15704,8.342857142857143,NO,13517,7441,55.049197307094765,44.950802692905235,53.4831460674157,60.3821465890431,56.938836548527,1751,346,17,200,639,37,1605,1602,69,995,0,2114,2446,2666,Otros,2666,2.9565918559333424,JHH
28,Tamaulipas,Tamps.,016,Hidalgo,28016,24.246944444444445,-99.43805555555556,16887,7.416190476190476,NO,14329,9011,62.88645404424593,37.11354595575407,48.3500902294406,56.1192821481581,52.1458237194278,6489,580,56,157,231,111,1068,40,23,18,0,7125,1457,81,Va por México,7125,62.900898901342806,V x M
28,Tamaulipas,Tamps.,017,Jaumave,28017,23.405277777777776,-99.38027777777778,15996,7.675,NO,12332,9137,74.09179370742784,25.90820629257216,73.2875536480687,80.9960228255231,77.1278428669883,3182,712,91,147,128,212,3437,193,156,352,0,3985,3712,701,Va por México,3985,2.987851592426398,V x M
28,Tamaulipas,Tamps.,018,Jimenez,28018,24.21444444444444,-98.48333333333332,6387,8.36,NO,6075,4643,76.42798353909464,23.57201646090536,71.1051930758988,75.1822398939695,73.1484556625706,1810,1549,15,20,21,36,1043,15,28,12,0,3374,1084,55,Va por México,3374,49.321559336635794,V x M
28,Tamaulipas,Tamps.,019,Llera,28019,23.317777777777778,-99.02416666666666,14523,7.511666666666667,NO,12938,9757,75.41351058896274,24.586489411037263,66.9433962264151,72.4948058174844,69.63980748331,4041,553,88,160,396,272,3412,72,143,81,0,4682,3968,296,Va por México,4682,7.317823101363124,V x M
28,Tamaulipas,Tamps.,020,Mainero,28020,24.559166666666663,-99.615,2038,7.42,NO,2015,1407,69.82630272952854,30.173697270471465,67.2613737734166,71.5676728334956,69.3202979515829,1168,61,14,9,69,6,38,3,1,1,0,1243,118,5,Va por México,1243,79.95735607675905,V x M
28,Tamaulipas,Tamps.,021,El Mante,28021,22.7425,-98.97222222222224,106060,9.358255813953487,NO,86769,52978,61.05636805771647,38.94363194228353,55.4877318970676,62.6359393492776,59.1859605342206,14931,8113,557,4048,938,857,20474,973,416,397,0,23601,25460,1786,Juntos Haremos Historia,25460,3.5090037374004304,JHH
28,Tamaulipas,Tamps.,022,Matamoros,28022,25.879722222222224,-97.50416666666666,541794,9.978382978723404,SI,418044,191798,45.87985953631675,54.12014046368325,47.5364362708754,54.2029301560239,50.9447970909828,49711,15806,1445,3268,3637,3936,104516,2463,1376,1677,0,66962,111423,5516,Juntos Haremos Historia,111423,23.181159344727266,JHH
28,Tamaulipas,Tamps.,023,Mendez,28023,25.1175,-98.58638888888888,4268,7.056666666666667,NO,3958,3079,77.79181404749875,22.208185952501253,74.8109640831758,79.4698544698545,77.029702970297,1466,1062,2,25,64,12,321,6,7,49,0,2530,413,62,Va por México,2530,68.75608963949334,V x M
28,Tamaulipas,Tamps.,024,Mier,28024,26.430555555555557,-99.14861111111112,6376,9.173333333333334,NO,4164,2435,58.4774255523535,41.5225744476465,56.1171469059991,63.2471008028546,59.7843542096811,1012,327,7,65,250,25,554,42,16,26,0,1346,872,84,Va por México,1346,19.46611909650924,V x M
28,Tamaulipas,Tamps.,025,Miguel Aleman,28025,26.400277777777777,-99.02527777777776,26219,8.791363636363636,NO,21071,11771,55.86350908832044,44.13649091167956,55.2225340817963,60.2196752626552,57.7814731487822,5045,3220,68,1267,151,58,1601,55,15,40,0,8333,3021,110,Va por México,8333,45.127856596720754,V x M
28,Tamaulipas,Tamps.,026,Miquihuana,28026,23.57638888888889,-99.7538888888889,3704,6.9175,NO,3092,2587,83.66752910737387,16.332470892626134,76.9774919614148,83.4875444839858,80.0675675675676,1449,563,13,88,71,11,294,5,10,3,0,2025,453,18,Va por México,2025,60.765365287978355,V x M
28,Tamaulipas,Tamps.,027,Nuevo Laredo,28027,27.48638888888889,-99.50805555555556,425055,9.939757281553398,SI,324662,150606,46.38855178616531,53.61144821383469,42.8386121124025,48.0831708901884,45.4910097264418,59592,11594,953,2993,2283,3245,60961,1955,1475,2248,0,72139,66240,5678,Va por México,72139,3.91684262247188,V x M
28,Tamaulipas,Tamps.,028,Nuevo Morelos,28028,22.533333333333335,-99.21944444444443,3810,8.026666666666667,NO,3345,2746,82.09267563527654,17.907324364723465,79.9625468164794,88.6666666666667,84.1715022566086,1191,934,10,8,114,15,382,9,4,7,0,2135,504,20,Va por México,2135,59.39548434085943,V x M
28,Tamaulipas,Tamps.,029,Ocampo,28029,22.844444444444445,-99.33583333333333,13289,7.842142857142857,NO,11094,8130,73.28285559762034,26.71714440237966,77.1055535123207,83.144972720187,80.0378429517502,3410,1316,53,191,181,86,2094,201,157,41,0,4779,2466,399,Va por México,4779,28.45018450184502,V x M
28,Tamaulipas,Tamps.,030,Padilla,28030,24.048333333333336,-98.90083333333334,13448,8.6466666666666665,NO,11674,8233,70.52424190508823,29.475758094911768,73.1707317073171,79.9721593875065,76.5735178897885,4225,542,32,193,634,87,2052,54,251,14,0,4799,2881,319,Va por México,4799,23.296489736426576,V x M
28,Tamaulipas,Tamps.,031,Palmillas,28031,23.302222222222223,-99.54833333333332,1914,7.7675,NO,1818,1370,75.35753575357535,24.64246424642465,69.8754246885617,85.5054811205846,77.406103286385,864,51,3,9,7,18,377,10,8,5,0,918,393,23,Va por México,918,38.32116788321168,V x M
28,Tamaulipas,Tamps.,032,Reynosa,28032,26.092222222222222,-98.27777777777776,704682,10.206894865525673,SI,540839,231603,42.82291033006126,57.17708966993874,48.0118455023861,54.6261846261846,51.3416566372098,75072,14202,2376,5400,5708,7899,101840,8402,2859,2356,0,91650,112949,13617,Juntos Haremos Historia,112949,9.19634028920178,JHH
28,Tamaulipas,Tamps.,033,Rio Bravo,28033,25.981666666666666,-98.09027777777776,132935,9.067777777777778,SI,105943,49959,47.15648981055851,52.84351018944149,47.4846506188481,54.2046168341708,50.8327709806453,15714,4810,1151,1540,2325,2164,17917,1335,877,773,0,21675,21786,2985,Juntos Haremos Historia,21786,0.22218218939530415,JHH
28,Tamaulipas,Tamps.,034,San Carlos,28034,24.58194444444445,-98.94305555555556,7411,6.904166666666667,NO,7039,4492,63.81588293791732,36.18411706208268,66.2567255956956,72.7272727272727,69.299674267101,2963,410,27,34,72,35,682,31,42,10,0,3400,789,83,Va por México,3400,58.12555654496883,V x M
28,Tamaulipas,Tamps.,035,San Fernando,28035,24.8475,-98.15833333333336,51418,8.178076923076924,NO,38855,24727,63.63917127782782,36.36082872217218,41.7795986973422,46.0782801008075,43.9515605103817,7911,6148,250,1014,706,438,6854,298,314,209,0,14309,8574,821,Va por México,14309,23.193270514013022,V x M
28,Tamaulipas,Tamps.,036,San Nicolas,28036,24.692777777777778,-98.8286111111111,926,7.359999999999999,NO,986,780,79.10750507099391,20.89249492900609,82.7288428324698,89.7286821705426,86.027397260274,707,22,0,2,8,0,28,3,2,1,0,729,39,6,Va por México,729,88.46153846153847,V x M
28,Tamaulipas,Tamps.,037,Soto La Marina,28037,23.7675,-98.20777777777778,23702,7.177083333333333,NO,19630,13763,70.11207335710648,29.88792664289352,57.4135431766411,64.2338177014531,60.7192402091559,4426,318,59,120,3749,57,3840,88,463,66,0,4803,7709,617,Juntos Haremos Historia,7709,21.114582576473154,JHH
28,Tamaulipas,Tamps.,038,Tampico,28038,22.255277777777778,-97.86861111111112,297612,11.406979166666666,SI,251604,145511,57.833341282332555,42.166658717667445,59.846179994901,66.2787758072548,63.2291855522653,66390,3575,897,1694,2758,4839,58348,1889,1849,887,0,70862,62803,4625,Va por México,70862,5.538412903491833,V x M
28,Tamaulipas,Tamps.,039,Tula,28039,23.002777777777776,-99.70833333333334,28249,7.234210526315789,NO,22677,14239,62.790492569563874,37.209507430436126,56.4116828929068,67.5417213575848,61.945830031234,6033,3860,75,86,104,108,3012,211,118,253,0,9968,3202,582,Va por México,9968,47.51738183861226,V x M
28,Tamaulipas,Tamps.,040,Valle Hermoso,28040,25.67361111111111,-97.81444444444443,59844,8.917608695652174,NO,47439,25673,54.11791985497165,45.88208014502835,54.0254237288136,61.664449617559,57.9594108580236,9487,4687,126,657,692,404,8382,224,130,302,0,14300,9733,656,Va por México,14300,17.78911697113699,V x M
28,Tamaulipas,Tamps.,041,Victoria,28041,23.73611111111111,-99.14611111111113,349685,11.382933333333334,SI,254001,150071,59.08283825654229,40.91716174345771,59.3470763779595,67.8907202248325,63.8372966003493,53150,23174,1330,2958,2846,6648,50501,2193,2586,1754,0,77654,56306,6533,Va por México,77654,14.225266707091976,V x M
28,Tamaulipas,Tamps.,042,Villagran,28042,24.473611111111108,-99.49027777777778,5371,6.941428571428571,NO,4580,3566,77.86026200873363,22.139737991266372,73.9731437598736,77.0008795074758,75.4057428214732,3043,167,21,31,59,11,134,12,5,5,0,3231,225,22,Va por México,3231,84.29613011777903,V x M
28,Tamaulipas,Tamps.,043,Xicotencatl,28043,22.995833333333337,-98.94472222222224,22242,8.825238095238095,NO,18776,13932,74.2011077971879,25.798892202812095,69.6001762308624,75.8796145934827,72.7669796898886,6949,465,89,128,241,204,5332,94,130,69,0,7503,5701,293,Va por México,7503,12.934252081538903,V x M
29,Tlaxcala,Tlax.,001,Amaxac De Guerrero,29001,19.348888888888887,-98.1677777777778,12038,10.635,SI,8444,5782,68.47465656087162,31.525343439128378,61.3326197484613,67.9962677863308,64.8928215353938,318,1173,190,69,355,165,2530,239,236,214,0,1683,2954,689,Juntos Haremos Historia,2954,21.982013144240746,JHH
29,Tlaxcala,Tlax.,002,Apetatitlan De Antonio Carvajal,29002,19.33111111111111,-98.19555555555556,16895,11.36,SI,12204,8765,71.82071451982956,28.179285480170435,65.0371747211896,70.8729898260584,68.1366567892627,1549,1151,126,158,338,525,3594,326,213,420,0,2828,4094,959,Juntos Haremos Historia,4094,14.443810610382203,JHH
29,Tlaxcala,Tlax.,003,Apizaco,29003,19.415555555555553,-98.14,82854,11.015675675675675,SI,66421,39909,60.08491290405142,39.91508709594858,59.1695847923962,67.6440344331169,63.6749867233139,8600,3470,1148,759,1616,1016,11724,1371,2325,1702,4501,13221,14101,9899,Juntos Haremos Historia,14101,2.205016412338069,JHH
29,Tlaxcala,Tlax.,004,Atlangatepec,29004,19.530833333333337,-98.20833333333334,7091,8.274444444444445,NO,5104,3889,76.19514106583071,23.80485893416929,60.6346483704974,74.275646045419,67.7650429799427,318,457,65,102,50,31,643,31,70,94,1844,843,795,2039,Otros,2039,30.753407045512986,V x M
29,Tlaxcala,Tlax.,034,Tlaxco,29034,19.61388888888889,-98.11861111111112,45572,8.29138888888889,NO,33043,21968,66.48306751808249,33.51693248191751,56.8774228044379,69.3862275449102,63.3477447247854,3675,2894,2895,284,540,294,4877,273,848,244,4159,9467,5705,5524,Va por México,9467,17.12490895848507,V x M
29,Tlaxcala,Tlax.,005,Atltzayanca,29005,19.43111111111111,-97.79555555555557,18011,7.798947368421053,NO,12894,10028,77.77260741430122,22.22739258569878,63.5521885521885,71.2385835603269,67.4903538297348,1176,1876,391,942,409,151,2167,72,286,137,1962,3446,3520,2457,Juntos Haremos Historia,3520,0.7379337854008775,JHH
29,Tlaxcala,Tlax.,006,Calpulalpan,29006,19.587777777777777,-98.56916666666666,51191,9.308571428571428,NO,35982,20140,55.97243065977433,44.02756934022567,52.2367686293975,60.8914728682171,56.8101354712233,2605,3566,1592,412,393,463,7003,537,878,1594,0,7767,7808,3009,Juntos Haremos Historia,7808,0.2035749751737835,JHH
29,Tlaxcala,Tlax.,007,El Carmen Tequexquitla,29007,19.324444444444445,-97.65583333333332,17169,7.854285714285714,NO,12223,8102,66.28487278082304,33.71512721917696,51.0946196660482,61.652754590985,56.6520210896309,1094,952,558,170,335,120,2361,203,1394,98,198,2606,2869,1893,Juntos Haremos Historia,2869,3.246112071093557,JHH
29,Tlaxcala,Tlax.,008,Cuapiaxtla,29008,19.295,-97.76805555555556,16370,7.932,NO,11021,8207,74.46692677615462,25.533073223845378,54.0900828115532,64.5622735075338,59.4761624484991,501,1958,276,97,815,165,1920,130,430,423,1111,2738,2834,2094,Juntos Haremos Historia,2834,1.1697331546241014,JHH
29,Tlaxcala,Tlax.,009,Cuaxomulco,29009,19.35388888888889,-98.1025,6008,9.596,SI,4599,3496,76.01652533159383,23.983474668406178,62.3883403855195,73.0004418912947,67.8587699316629,762,343,64,54,101,71,807,138,96,204,629,1172,964,1067,Va por México,1172,3.0034324942791764,V x M
29,Tlaxcala,Tlax.,010,Chiautempan,29010,19.31388888888889,-98.1925,74151,10.663225806451614,SI,54977,33399,60.75085945031559,39.24914054968441,62.4419321685509,67.0029977334211,64.8561311170882,2466,4028,1402,2184,1656,1397,14398,659,1035,2498,0,7897,18242,4192,Juntos Haremos Historia,18242,30.97398125692386,JHH
29,Tlaxcala,Tlax.,052,La Magdalena Tlaltelulco,29052,19.27583333333333,-98.19388888888888,18857,10.402,SI,13667,9959,72.86895441574596,27.13104558425404,58.7744577582284,65.7454158915759,62.490261349954,727,1163,237,1183,833,356,3132,239,308,1271,0,2130,5148,1818,Juntos Haremos Historia,5148,30.304247414399036,JHH
29,Tlaxcala,Tlax.,051,San Francisco Tetlanohcan,29051,19.259166666666665,-98.16277777777778,11994,9.546666666666669,SI,8504,6129,72.0719661335842,27.9280338664158,57.9563182527301,66.1403113016016,62.3384466723034,317,811,123,515,589,304,2222,122,359,393,0,1253,3329,874,Juntos Haremos Historia,3329,33.87175721977484,JHH
29,Tlaxcala,Tlax.,011,Muñoz De Domingo Arenas,29011,19.47472222222222,-98.20805555555556,5171,8.959999999999999,NO,3737,2680,71.71527963607171,28.284720363928287,56.7658618753509,72.8108108108108,64.9407876618012,421,363,37,32,66,50,1081,153,291,35,0,823,1179,479,Juntos Haremos Historia,1179,13.283582089552239,JHH
29,Tlaxcala,Tlax.,012,Españita,29012,19.461388888888887,-98.42305555555556,9416,8.056153846153846,NO,7027,5204,74.05720791233811,25.94279208766189,48.8408037094281,63.6063606360636,56.3337393422655,1392,1466,50,57,369,141,1361,41,73,28,0,2911,1787,142,Va por México,2911,21.598770176787088,V x M
29,Tlaxcala,Tlax.,013,Huamantla,29013,19.31138888888889,-97.92333333333332,98878,8.780714285714286,NO,68269,40620,59.49991943634739,40.50008056365261,53.0645537170823,62.8855216846626,58.2445762471878,6315,4806,1392,4250,2740,853,11041,586,1331,1913,3175,12516,18033,7005,Juntos Haremos Historia,18033,13.581979320531758,JHH
29,Tlaxcala,Tlax.,014,Hueyotlipan,29014,19.46944444444444,-98.34805555555556,15195,8.195833333333333,NO,11646,8326,71.49235789112142,28.507642108878585,39.865723099256,48.5793485793486,44.3233182664185,1103,1954,112,105,114,353,2509,296,1282,59,0,3173,2728,1637,Va por México,3173,5.344703338938266,V x M
29,Tlaxcala,Tlax.,015,Ixtacuixtla De Mariano Matamoros,29015,19.326944444444443,-98.37722222222222,38971,9.1592,SI,29554,19166,64.85078162008526,35.14921837991474,45.0659390632105,53.6679798940361,49.6023785642642,1270,3282,645,623,510,298,9267,481,920,838,0,5200,10400,2239,Juntos Haremos Historia,10400,27.131378482729833,JHH
29,Tlaxcala,Tlax.,058,Santa Ana Nopalucan,29058,19.29888888888889,-98.33388888888888,7932,10.135,SI,5710,4501,78.82661996497373,21.17338003502627,57.5076219512195,59.0042372881356,58.2844574780059,324,336,693,43,1172,29,1593,33,44,48,0,1356,2808,125,Juntos Haremos Historia,2808,32.259497889357924,JHH
29,Tlaxcala,Tlax.,016,Ixtenco,29016,19.25055555555555,-97.8938888888889,7511,9.84,NO,5604,3924,70.02141327623126,29.978586723768743,61.9009262988321,66.8933428775948,64.5442486261133,227,431,80,64,332,212,1105,90,174,158,800,739,1504,1222,Juntos Haremos Historia,1504,7.186544342507645,JHH
29,Tlaxcala,Tlax.,017,Mazatecochco De Jose Maria Morelos,29017,19.178611111111113,-98.18916666666668,11534,8.344999999999999,SI,7968,5919,74.28463855421687,25.71536144578313,67.3983739837398,68.0239820134899,67.7239048485636,283,927,649,320,336,237,2382,85,280,133,0,1862,3042,498,Juntos Haremos Historia,3042,19.93579996621051,JHH
29,Tlaxcala,Tlax.,018,Contla De Juan Cuamatzi,29018,19.333333333333332,-98.1677777777778,37498,9.744117647058824,SI,27928,18768,67.20137496419363,32.79862503580637,66.8608770962916,72.6963199072732,69.9000188643652,1732,2167,305,420,946,865,9207,534,738,613,0,4205,10575,1885,Juntos Haremos Historia,10575,33.94075021312873,JHH
29,Tlaxcala,Tlax.,019,Tepetitla De Lardizabal,29019,19.266666666666666,-98.38194444444444,22257,9.935,SI,15487,10236,66.09414347517273,33.90585652482727,59.9853587115666,67.0623145400593,63.747342431932,1219,560,347,241,1063,254,5239,274,251,271,0,2126,6543,796,Juntos Haremos Historia,6543,43.1516217272372,JHH
29,Tlaxcala,Tlax.,020,Sanctorum De Lazaro Cardenas,29020,19.4925,-98.47194444444445,9407,8.656,NO,6864,4496,65.5011655011655,34.4988344988345,53.3968253968254,71.4327830188679,62.7483949862427,456,900,551,42,233,103,1433,123,321,91,0,1910,1708,535,Va por México,1910,4.49288256227758,V x M
29,Tlaxcala,Tlax.,060,Benito Juarez,29060,19.586666666666662,-98.4275,6236,8.434999999999999,NO,4575,3101,67.78142076502732,32.21857923497268,45.4900048756704,57.8286227007627,51.9158878504673,72,624,1439,23,32,46,644,18,43,57,0,2136,699,118,Va por México,2136,46.33989035794905,V x M
29,Tlaxcala,Tlax.,021,Nanacamilpa De Mariano Arista,29021,19.4925,-98.53527777777778,18667,8.541,NO,13665,9073,66.39590193926088,33.60409806073912,50.3208213025345,64.1799970100165,57.4943898475586,602,1793,1062,281,741,368,3142,197,187,277,0,3459,4164,661,Juntos Haremos Historia,4164,7.770307505786399,JHH
29,Tlaxcala,Tlax.,022,Acuamanala De Miguel Hidalgo,29022,19.223611111111108,-98.20055555555555,6591,9.565,SI,4871,4049,83.124615068774375,16.875384931225625,73.788647900323,78.7878787878788,76.3681036408309,175,539,185,93,155,211,1943,102,341,88,0,902,2193,531,Juntos Haremos Historia,2193,31.884415905161767,JHH
29,Tlaxcala,Tlax.,046,Santa Cruz Quilehtla,29046,19.21222222222222,-98.22111111111111,7584,8.813333333333333,SI,5169,3766,72.85741923002514,27.142580769974856,62.9238221047996,68.3101391650099,65.7542833263686,129,281,227,262,481,169,1754,47,98,89,0,639,2501,234,Juntos Haremos Historia,2501,49.44237918215613,JHH
29,Tlaxcala,Tlax.,045,Santa Apolonia Teacalco,29045,19.238333333333333,-98.31138888888889,4466,10.51,SI,3774,3106,82.29994700582935,17.700052994170647,66.4924506387921,75.602255253716,71.3313367819221,361,250,97,41,389,51,1387,189,69,80,0,710,1817,338,Juntos Haremos Historia,1817,35.64069542820348,JHH
29,Tlaxcala,Tlax.,023,Nativitas,29023,19.233333333333334,-98.31472222222222,26606,9.545,SI,19140,13223,69.08568443051202,30.914315569487982,57.4287376381617,66.9684188869458,62.4918104389605,1870,1391,572,466,1693,774,4920,184,311,179,0,3837,7079,674,Juntos Haremos Historia,7079,24.517885502533463,JHH
29,Tlaxcala,Tlax.,024,Panotla,29024,19.31388888888889,-98.26722222222222,28357,10.586875,SI,20812,14364,69.01787430328656,30.98212569671344,62.265146717331596,69.5094124358243,66.0764305722289,796,2181,209,454,746,379,6629,540,571,888,0,3188,7829,1999,Juntos Haremos Historia,7829,32.30994152046784,JHH
29,Tlaxcala,Tlax.,025,San Pablo Del Monte,29025,19.11888888888889,-98.17,82881,8.535882352941176,SI,58289,37385,64.13731578857073,35.86268421142927,53.3919932960043,58.6627328309399,56.1184150041372,1640,6257,2960,1770,2990,3125,10741,944,2698,2375,0,10858,15506,6017,Juntos Haremos Historia,15506,12.432793901297313,JHH
29,Tlaxcala,Tlax.,026,Santa Cruz Tlaxcala,29026,19.354722222222225,-98.1502777777778,24485,10.1075,SI,15620,10541,67.48399487836107,32.516005121638926,56.3436123348018,63.3508541392904,60.041608876560304,1239,1323,110,545,247,536,3835,212,486,285,1194,2674,4629,2177,Juntos Haremos Historia,4629,18.546627454700694,JHH
29,Tlaxcala,Tlax.,027,Tenancingo,29027,19.146944444444443,-98.20111111111112,12947,8.301666666666666,SI,9115,5504,60.383982446516725,39.616017553483275,57.271815446339,59.0937565253706,58.2659222969124,687,1052,30,42,169,94,2410,123,410,245,0,1772,2624,778,Juntos Haremos Historia,2624,15.479651162790697,JHH
29,Tlaxcala,Tlax.,028,Teolocholco,29028,19.243333333333336,-98.19083333333332,24963,9.553333333333333,SI,17875,13338,74.61818181818181,25.38181818181819,61.6200698951573,66.2645218945487,64.0709738269276,510,1352,683,1260,1636,580,5064,161,536,818,0,2546,7962,1515,Juntos Haremos Historia,7962,40.60578797420903,JHH
29,Tlaxcala,Tlax.,029,Tepeyanco,29029,19.245,-98.235,13681,10.174285714285714,SI,9301,6946,74.68014192022363,25.319858079776367,67.6405050755137,73.5375452031483,70.812356979405,367,972,279,157,808,336,2692,124,308,325,0,1621,3660,757,Juntos Haremos Historia,3660,29.35502447451771,JHH
29,Tlaxcala,Tlax.,049,Santa Isabel Xiloxoxtla,29049,19.266666666666666,-98.21222222222222,4310,9.555,SI,3361,2489,74.05534067241892,25.94465932758108,56.2997347480106,56.9167643610785,56.6272557560672,160,551,44,68,325,188,867,47,57,54,0,756,1261,158,Juntos Haremos Historia,1261,20.289272800321413,JHH
29,Tlaxcala,Tlax.,047,San Juan Huactzinco,29047,19.23222222222222,-98.2525,7640,10.49,SI,5587,4421,79.13012350098442,20.869876499015575,47.836635665184,58.3831282952548,53.47875141030459,259,510,209,161,349,95,1800,220,304,268,0,980,2310,792,Juntos Haremos Historia,2310,30.08369147251753,JHH
29,Tlaxcala,Tlax.,030,Terrenate,29030,19.47694444444444,-97.91861111111112,15479,7.65,NO,10806,8360,77.36442717009069,22.635572829909307,60.0563720555667,72.1635367762128,66.1970433574759,789,1245,260,336,507,144,2969,286,190,83,1020,2294,3815,1579,Juntos Haremos Historia,3815,18.19377990430622,JHH
29,Tlaxcala,Tlax.,054,Emiliano Zapata,29054,19.558611111111112,-97.91666666666669,4947,7.7725,NO,3324,2803,84.32611311672683,15.67388688327317,61.2204724409449,73.3042937149969,67.4225487064836,223,918,111,68,26,14,644,55,47,187,392,1256,740,681,Va por México,1256,18.40884766321798,V x M
29,Tlaxcala,Tlax.,055,Lazaro Cardenas,29055,19.5375,-97.98222222222222,3519,8.455,NO,2376,1998,84.0909090909091,15.909090909090908,63.5097493036212,74.0418118466899,68.9438202247191,168,220,60,87,117,24,266,191,104,89,564,449,472,948,Otros,948,23.823823823823822,JHH
29,Tlaxcala,Tlax.,031,Tetla De La Solidaridad,29031,19.440555555555555,-98.10333333333332,34613,9.392,SI,23180,14635,63.13632441760139,36.86367558239861,53.3237133237133,60.8948901244374,57.2723925250851,1760,1198,405,181,952,199,3599,374,579,468,4160,3368,4733,5581,Otros,5581,5.794328664161258,JHH
29,Tlaxcala,Tlax.,032,Tetlatlahuca,29032,19.23055555555555,-98.29527777777776,13462,9.998571428571427,SI,9739,7076,72.65633021870829,27.34366978129171,54.9394939493949,63.3312870881932,59.2875318066158,590,808,203,345,1399,146,2570,399,137,78,0,1603,4314,614,Juntos Haremos Historia,4314,38.31260599208593,JHH
29,Tlaxcala,Tlax.,053,San Damian Texoloc,29053,19.2775,-98.28388888888888,5874,10.545,SI,4596,3329,72.4325500435161,27.567449956483895,66.8091168091168,75.1782531194296,71.1264367816092,214,406,74,59,765,116,1350,59,54,51,0,696,2174,164,Juntos Haremos Historia,2174,44.397717032141784,JHH
29,Tlaxcala,Tlax.,056,San Jeronimo Zacualpan,29056,19.240833333333335,-98.26138888888887,4097,10.585,SI,3136,2597,82.8125,17.1875,67.741935483871,75.9517766497462,72.0969370582295,138,368,45,23,675,343,773,44,30,25,0,552,1471,99,Juntos Haremos Historia,1471,35.38698498267232,JHH
29,Tlaxcala,Tlax.,033,Tlaxcala,29033,19.316666666666663,-98.23861111111113,98713,12.316666666666666,SI,76407,49097,64.25720156530161,35.742798434698386,61.7271228359439,68.7303518912889,65.4901373147341,4865,8915,934,1279,1467,2805,22071,1436,1097,2141,0,14716,24820,4674,Juntos Haremos Historia,24820,20.57966881886877,JHH
29,Tlaxcala,Tlax.,035,Tocatlan,29035,19.389166666666664,-98.03,6223,9.133333333333333,SI,4666,3520,75.43934847835405,24.56065152164595,55.4570895522388,67.4945533769063,61.6805586843884,184,656,65,156,258,61,953,33,157,276,569,908,1369,1035,Juntos Haremos Historia,1369,9.488636363636363,JHH
29,Tlaxcala,Tlax.,036,Totolac,29036,19.325555555555557,-98.25777777777778,22724,11.531538461538462,SI,17454,12012,68.82090065314542,31.179099346854585,64.3320198296682,71.996456649319,68.4282163569653,673,2015,239,330,394,338,5456,438,526,778,0,2929,6180,1742,Juntos Haremos Historia,6180,27.064602064602063,JHH
29,Tlaxcala,Tlax.,037,Zitlaltepec De Trinidad Sanchez Santos,29037,19.203888888888887,-97.90722222222225,9207,6.52,NO,6809,4850,71.22925539726832,28.77074460273168,57.1016351394678,64.3283158193695,60.933734939759,279,1239,204,103,187,536,1396,163,134,111,201,1726,1688,609,Va por México,1726,0.7835051546391752,V x M
29,Tlaxcala,Tlax.,038,Tzompantepec,29038,19.37527777777778,-98.09083333333332,17998,9.87,SI,12007,7943,66.15307737153327,33.84692262846673,57.6386269332327,66.1876731301939,62.0960462177288,1256,1182,319,117,205,260,2147,159,315,256,1348,2760,2472,2078,Va por México,2760,3.625834067732595,V x M
29,Tlaxcala,Tlax.,050,San Jose Teacalco,29050,19.335833333333333,-98.06444444444443,6421,8.608,NO,4434,3488,78.66486242670275,21.33513757329725,58.1683168316832,64.5662100456621,61.4964370546318,427,565,94,58,56,124,1068,74,72,95,680,1091,1185,921,Juntos Haremos Historia,1185,2.694954128440367,JHH
29,Tlaxcala,Tlax.,039,Xaloztoc,29039,19.40361111111111,-98.04861111111111,25727,9.23,SI,17571,12312,70.07000170735871,29.929998292641287,61.4982578397213,68.5419596812002,65.1255432158378,1303,1221,440,454,842,725,2973,380,531,269,2421,2966,4272,3601,Juntos Haremos Historia,4272,5.44996751137102,JHH
29,Tlaxcala,Tlax.,040,Xaltocan,29040,19.423333333333336,-98.20944444444444,10752,9.161111111111111,NO,8453,5902,69.82136519578847,30.178634804211526,57.1428571428571,69.5673193135122,63.6409608091024,776,678,210,332,102,129,1810,123,1212,154,0,1666,2244,1489,Juntos Haremos Historia,2244,9.793290410030497,JHH
29,Tlaxcala,Tlax.,057,San Lucas Tecopilco,29057,19.483611111111113,-98.255,3056,9.235,NO,2536,1946,76.73501577287067,23.264984227129332,55.0774526678141,71.7478052673583,63.7267080745342,249,343,44,29,212,77,590,78,143,38,0,639,831,259,Juntos Haremos Historia,831,9.86639260020555,JHH
29,Tlaxcala,Tlax.,041,Papalotla De Xicohtencatl,29041,19.16861111111111,-98.2038888888889,32247,9.801666666666666,SI,22817,14927,65.42051978787747,34.57948021212253,59.2964334437731,63.1382978723404,61.3081422337759,441,2206,668,703,1523,765,5804,506,1110,585,0,3320,8033,2201,Juntos Haremos Historia,8033,31.573658471226636,JHH
29,Tlaxcala,Tlax.,042,Xicohtzinco,29042,19.17388888888889,-98.23333333333332,14860,10.48,SI,11237,7897,70.27676426092373,29.723235739076273,62.6190958848571,68.3839096683133,65.7013489293463,528,841,897,129,400,424,3370,109,514,270,0,2267,3899,893,Juntos Haremos Historia,3899,20.666075724958844,JHH
29,Tlaxcala,Tlax.,043,Yauhquemehcan,29043,19.405,-98.18166666666669,40231,10.680909090909092,SI,26016,14775,56.7919741697417,43.2080258302583,59.2625818605903,66.2931034482759,63.0150165223575,2358,2033,349,485,377,242,5393,458,1763,537,0,4744,6255,2758,Juntos Haremos Historia,6255,10.22673434856176,JHH
29,Tlaxcala,Tlax.,059,San Lorenzo Axocomanitla,29059,19.223888888888887,-98.24861111111112,4713,10.035,SI,3944,3199,81.1105476673428,18.8894523326572,54.871220604703304,62.6518218623482,58.9580010632642,220,254,574,30,353,50,1369,25,67,71,0,1052,1752,163,Juntos Haremos Historia,1752,21.88183807439825,JHH
29,Tlaxcala,Tlax.,044,Zacatelco,29044,19.215833333333332,-98.23972222222224,46674,10.187142857142858,SI,34709,22718,65.45276441268835,34.54723558731165,63.109139539435,68.5927627800115,66.0252298481933,1927,3003,1175,673,1198,828,9828,354,998,1507,0,6108,11699,2859,Juntos Haremos Historia,11699,24.61044105995246,JHH
29,Tlaxcala,Tlax.,048,Santa Catarina Ayometla,29048,19.198333333333338,-98.21361111111112,10055,9.35,SI,7145,5397,75.53533939818054,24.46466060181946,67.4746854863455,74.9177631578947,71.4058201824236,358,456,284,75,487,393,2221,200,486,70,0,1100,2783,756,Juntos Haremos Historia,2783,31.183991106170094,JHH
30,Veracruz,Ver.,001,Acajete,30001,19.586944444444445,-97.00916666666669,9785,6.9825,NO,6945,5393,77.65298776097912,22.347012239020884,64.5518940560517,73.2137427789602,68.9106487148103,448,1295,203,616,73,735,1098,61,544,68,0,1949,1787,673,Va por México,1949,3.0038939365844612,V x M
30,Veracruz,Ver.,002,Acatlan,30002,19.697222222222223,-96.84194444444444,3744,7.415,NO,2542,2279,89.65381589299764,10.346184107002358,75.9243336199484,82.8369905956113,79.540795407954107,334,62,49,283,501,323,628,25,15,15,0,447,1414,55,Juntos Haremos Historia,1414,42.43089074155331,JHH
30,Veracruz,Ver.,003,Acayucan,30003,17.948333333333334,-94.91333333333334,79920,8.9005,SI,64203,37440,58.3150320078501,41.6849679921499,25.5546425636812,29.3988048530211,27.5977671553688,1584,1398,10096,943,499,388,15055,726,534,4908,0,13081,16499,6168,Juntos Haremos Historia,16499,9.129273504273504,JHH
30,Veracruz,Ver.,004,Actopan,30004,19.503611111111113,-96.61916666666666,41395,7.276052631578947,NO,32487,21757,66.97140394619386,33.02859605380614,59.7339704268096,63.9709081867346,61.8926965224552,1917,1371,679,1398,1039,2760,7276,452,1320,2789,0,3969,9716,4561,Juntos Haremos Historia,9716,23.693523923335018,JHH
30,Veracruz,Ver.,005,Acula,30005,18.50611111111111,-95.77333333333333,5042,6.352857142857143,NO,4184,3346,79.97131931166348,20.02868068833652,67.6326129666012,72.1163012392755,69.9080793420416,151,55,17,1100,88,54,1577,108,47,33,0,223,2768,188,Juntos Haremos Historia,2768,76.06096832038254,JHH
30,Veracruz,Ver.,006,Acultzingo,30006,18.71972222222222,-97.29666666666668,22877,7.043571428571429,NO,14956,10331,69.07595613800481,30.924043861995187,58.6376945600247,72.1287195368251,65.8378844495545,233,330,773,149,145,113,4276,358,2033,1451,0,1339,4573,3842,Juntos Haremos Historia,4573,7.0757913077146455,JHH
30,Veracruz,Ver.,007,Camaron De Tejeda,30007,19.023055555555555,-96.61444444444444,6563,6.723333333333334,NO,5023,4169,82.9982082420864,17.001791757913594,66.7627677100494,69.0513833992095,67.9306171843485,334,77,987,123,30,63,1947,71,61,328,0,1402,2102,460,Juntos Haremos Historia,2102,16.790597265531304,JHH
30,Veracruz,Ver.,008,Alamo Temapache,30008,20.916666666666668,-97.675,107491,7.9424637681159425,NO,80760,45449,56.27662209014363,43.72337790985637,62.7745909223083,69.3504550554794,66.158544409372,13551,1611,1344,3584,1396,1233,14549,1599,716,4606,0,16507,19531,6921,Juntos Haremos Historia,19531,6.653611740632357,JHH
30,Veracruz,Ver.,009,Alpatlahuac,30009,19.11888888888889,-97.09166666666668,10338,6.204,NO,6733,5094,75.65721075300758,24.342789246992425,56.8556361239288,68.1735985533454,62.7676322418136,1478,164,1713,80,38,29,1051,35,316,13,0,3357,1172,364,Va por México,3357,42.89360031409501,V x M
30,Veracruz,Ver.,010,Alto Lucero De Gutierrez Barrios,30010,19.622777777777777,-96.73166666666668,28153,6.657272727272727,NO,22295,15694,70.39246467817897,29.607535321821032,60.7512597343106,65.8385093167702,63.2798820385218,408,1336,1171,621,1392,3572,3881,235,130,2319,0,2917,5895,2684,Juntos Haremos Historia,5895,14.801835096215115,JHH
30,Veracruz,Ver.,011,Altotonga,30011,19.763055555555557,-97.24388888888888,64438,6.369655172413793,NO,43876,27843,63.45838271492388,36.54161728507612,60.8650284342881,71.2420704238301,66.3815644778964,3555,4720,1354,2483,961,1008,7926,1463,1845,860,0,9634,11370,4168,Juntos Haremos Historia,11370,6.234960313184643,JHH
30,Veracruz,Ver.,012,Alvarado,30012,18.77027777777778,-95.76055555555556,57381,8.9545,SI,42944,26067,60.69998137108793,39.30001862891207,47.3592426507225,54.8414257648049,51.2183941324069,4886,1159,778,1892,1688,2676,6275,1061,3416,1252,0,6824,9857,5729,Juntos Haremos Historia,9857,11.635401081827599,JHH
30,Veracruz,Ver.,013,Amatitlan,30013,18.434444444444445,-95.73583333333332,8072,6.838571428571429,NO,6142,4805,78.23184630413547,21.768153695864527,10.5944055944056,12.4478665383381,11.5609837711226,276,128,38,116,672,1107,1921,114,94,84,0,443,2712,292,Juntos Haremos Historia,2712,33.40270551508845,JHH
30,Veracruz,Ver.,014,Amatlan De Los Reyes,30014,18.844166666666663,-96.91444444444446,45120,8.251923076923077,SI,31903,19830,62.15716390308121,37.84283609691879,60.7282990293935,70.209884901828,65.7340612205108,2904,2320,109,187,216,1023,9838,323,351,2087,0,5336,10242,2761,Juntos Haremos Historia,10242,24.740292486132123,JHH
30,Veracruz,Ver.,015,Naranjos Amatlan,30015,21.349722222222223,-97.68666666666668,26616,9.544736842105262,NO,19516,13460,68.96905103504817,31.030948964951833,63.3442327207126,68.2338355903109,65.9932833893051,2251,845,98,2748,221,164,5739,395,81,368,0,3196,8709,844,Juntos Haremos Historia,8709,40.95839524517088,JHH
30,Veracruz,Ver.,016,Angel R. Cabada,30016,18.594444444444445,-95.44583333333334,33518,6.747083333333333,NO,25711,17193,66.87021119365252,33.12978880634748,30.7114882506527,33.467052967833,32.1538282070226,780,1117,2054,2085,135,1920,7905,267,332,133,0,3956,10126,732,Juntos Haremos Historia,10126,35.886698074797884,JHH
30,Veracruz,Ver.,017,La Antigua,30017,19.369444444444444,-96.37638888888888,30822,9.26142857142857,NO,24183,13617,56.308150353554154,43.691849646445846,54.8395916879329,59.4030835188392,57.2356175057357,1331,760,177,216,1549,3040,5045,169,509,350,0,2270,6813,1028,Juntos Haremos Historia,6813,27.708012043768818,JHH
30,Veracruz,Ver.,018,Apazapan,30018,19.32055555555555,-96.71805555555557,4666,8.15,NO,3597,3020,83.95885460105643,16.04114539894357,71.861986912552,79.485609308022,75.6185878092939,118,155,382,49,246,461,803,80,352,175,0,658,1100,607,Juntos Haremos Historia,1100,14.635761589403973,JHH
30,Veracruz,Ver.,019,Aquila,30019,18.794722222222223,-97.30722222222222,1978,5.35,NO,1661,1425,85.79169175195666,14.208308248043338,64.6648044692737,79.0076335877863,72.1704394141145,31,46,5,83,9,5,154,554,465,3,0,83,246,1022,Otros,1022,54.45614035087719,JHH
30,Veracruz,Ver.,020,Astacinga,30020,18.565555555555555,-97.10194444444444,6882,5.263333333333334,NO,4911,3671,74.75055996742009,25.249440032579912,48.9618541767262,65.6275635767022,57.9729430028831,910,594,94,251,143,148,850,20,576,13,0,1601,1246,609,Va por México,1601,9.670389539634977,V x M
30,Veracruz,Ver.,021,Atlahuilco,30021,18.695833333333333,-97.09305555555557,7708,5.4479999999999995,NO,7517,6053,80.5241452707197,19.4758547292803,73.3722358722359,83.2480474010234,78.6339503515569,1429,1439,243,73,154,44,1248,54,76,993,0,3112,1479,1123,Va por México,3112,26.978357839088055,V x M
30,Veracruz,Ver.,022,Atoyac,30022,18.915555555555553,-96.77666666666669,23068,7.84375,NO,17174,11128,64.79562128799347,35.20437871200653,58.3136131523228,62.0971402632774,60.2933317498961,2007,567,154,329,115,950,5156,459,356,498,0,2731,5603,1313,Juntos Haremos Historia,5603,25.80877066858375,JHH
30,Veracruz,Ver.,023,Atzacan,30023,18.90722222222222,-97.08333333333331,22691,7.542727272727272,SI,14918,11721,78.56951333958976,21.43048666041024,63.0927527587235,74.762101779065,69.1552625922476,1689,838,1557,186,157,1379,3957,971,159,295,0,4089,4302,1425,Juntos Haremos Historia,4302,1.817251087791144,JHH
30,Veracruz,Ver.,024,Atzalan,30024,19.78777777777778,-97.24416666666669,49004,6.161470588235294,NO,35874,22674,63.20454925572838,36.79545074427162,60.8356133150935,72.3794249054875,66.5933375235701,758,8791,149,1556,341,1243,7170,701,605,650,0,9700,9067,1956,Va por México,9700,2.7917438475787244,V x M
30,Veracruz,Ver.,025,Tlaltetela,30025,19.31388888888889,-96.90194444444444,16491,6.390000000000001,NO,11740,9039,76.9931856899489,23.006814310051094,64.210142283838,73.6604726682302,68.9614512471655,1213,2357,877,67,121,976,2640,212,104,150,0,4449,2833,466,Va por México,4449,17.878083858833943,V x M
30,Veracruz,Ver.,026,Ayahualulco,30026,19.349722222222223,-97.14861111111112,27209,4.6825,NO,16152,10864,67.26102030708272,32.73897969291728,52.6350989834136,63.570303984498,58.3741180957224,1121,5050,68,130,95,615,2090,246,336,189,0,6240,2315,771,Va por México,6240,36.12849779086893,V x M
30,Veracruz,Ver.,027,Banderilla,30027,19.590277777777775,-96.94611111111112,26113,10.318888888888887,SI,19291,11888,61.624591778549586,38.375408221450414,62.5246305418719,69.7867914716589,66.4617987031294,1370,1499,1765,498,167,1868,3526,271,211,252,0,4637,4191,734,Va por México,4637,3.7516823687752354,V x M
30,Veracruz,Ver.,028,Benito Juarez,30028,20.88611111111111,-98.20555555555556,16996,6.561,NO,11630,9015,77.51504729148753,22.484952708512463,67.4146528576908,75.0423585225347,71.464555595538,2312,2217,49,1284,146,79,2266,115,164,94,0,4581,3700,373,Va por México,4581,9.772601220188575,V x M
30,Veracruz,Ver.,029,Boca Del Rio,30029,19.100833333333338,-96.10722222222222,144550,11.510520833333333,SI,124715,67748,54.32225474080904,45.67774525919096,60.4870688142611,67.064777630145,64.0409108141026,35987,3213,516,1114,571,2892,19926,891,613,727,0,39719,21614,2231,Va por México,39719,26.72403613390801,V x M
30,Veracruz,Ver.,030,Calcahualco,30030,19.12138888888889,-97.0847222222222,13701,5.494,NO,9014,6644,73.70756600843133,26.29243399156867,54.7211895910781,65.536591068506,60.286333012512,423,2135,174,390,72,245,2331,151,194,108,0,2733,2794,453,Juntos Haremos Historia,2794,0.9181216134858519,JHH
30,Veracruz,Ver.,031,Camerino Z. Mendoza,30031,18.803333333333335,-97.18083333333334,30097,10.049375,SI,23317,16735,71.77166873954626,28.228331260453743,68.4205624883591,75.8000318420634,72.3991416309013,1453,1415,1332,397,299,848,7903,912,500,600,0,4203,8601,2012,Juntos Haremos Historia,8601,26.280250971018823,JHH
30,Veracruz,Ver.,032,Carrillo Puerto,30032,18.8,-96.57138888888888,18740,5.91625,NO,13273,9886,74.48203119113991,25.51796880886009,67.3752012882448,71.0387596899225,69.2417061611374,2202,2509,43,174,179,360,3669,328,106,77,0,4757,4023,511,Va por México,4757,7.424640906332187,V x M
30,Veracruz,Ver.,033,Castillo De Teayo,30033,20.748333333333335,-97.63194444444444,20209,7.638666666666667,NO,14866,10335,69.52105475581864,30.47894524418136,66.1317331844823,75.4868112139207,70.8336225445964,2436,1000,75,190,1122,130,3300,166,80,1502,0,3513,4614,1748,Juntos Haremos Historia,4614,10.65312046444122,JHH
30,Veracruz,Ver.,034,Catemaco,30034,18.419444444444444,-95.11361111111113,49637,7.47,NO,36881,23754,64.40714731162387,35.59285268837613,55.6560811221082,64.2780519201888,60.2341013299917,1114,994,3404,352,847,1458,13040,646,673,509,0,5514,14240,1828,Juntos Haremos Historia,14240,36.73486570682832,JHH
30,Veracruz,Ver.,035,Cazones De Herrera,30035,20.70305555555555,-97.31194444444444,24346,7.580666666666667,SI,19134,14060,73.48176021741402,26.51823978258598,61.051915665382,70.1725554642564,65.836835865933807,2139,180,2085,183,143,5222,3400,101,78,203,0,4405,3728,382,Movimiento Ciudadano,5222,5.8108108108108105,V x M
30,Veracruz,Ver.,036,Cerro Azul,30036,21.190277777777776,-97.7388888888889,24612,10.11625,NO,18555,11318,60.99703583939638,39.00296416060362,60.205935796487,65.6965696569657,63.2135422373178,637,669,69,2130,278,1671,4838,336,271,133,0,1377,7248,740,Juntos Haremos Historia,7248,49.2754903693232,JHH
30,Veracruz,Ver.,037,Citlaltepetl,30037,21.32777777777778,-97.87888888888888,11616,7.072222222222222,NO,7414,5696,76.8276234151605,23.172376584839498,71.2723085780081,76.360767814883,73.9315652054418,1727,1103,31,106,98,106,1508,47,157,427,0,2863,1715,631,Va por México,2863,20.15449438202247,V x M
30,Veracruz,Ver.,038,Coacoatzintla,30038,19.6525,-96.94416666666667,11067,6.854,SI,7819,6102,78.04067016242486,21.95932983757514,59.0467784642542,67.8879310344828,63.6619322176909,535,316,896,1117,273,864,1175,263,178,140,0,1749,2565,581,Juntos Haremos Historia,2565,13.372664700098328,JHH
30,Veracruz,Ver.,039,Coahuitlan,30039,20.275,-97.71388888888887,8176,6.053333333333334,NO,5928,5009,84.49730094466936,15.502699055330638,57.3698847834724,73.0021598272138,65.5712936732767,1986,46,173,172,1482,16,862,10,64,34,0,2206,2516,108,Juntos Haremos Historia,2516,6.188860051906568,JHH
30,Veracruz,Ver.,040,Coatepec,30040,19.45694444444444,-96.95805555555556,93804,10.03686274509804,SI,70613,38584,54.641496608273265,45.358503391726735,61.1118214947893,68.0233369622868,64.8014305938455,5761,5247,752,1259,428,3078,16658,1032,898,1805,0,11762,18345,3735,Juntos Haremos Historia,18345,17.06147625958947,JHH
30,Veracruz,Ver.,041,Coatzacoalcos,30041,18.137777777777774,-94.43527777777778,310861,10.33811059907834,SI,245505,126590,51.56310462108715,48.43689537891285,55.2088770647763,60.8307041139854,58.135743026996,7118,19696,2209,3584,2672,7327,74025,2585,1116,2800,0,29025,80281,6501,Juntos Haremos Historia,80281,40.489770124022435,JHH
30,Veracruz,Ver.,042,Coatzintla,30042,20.481388888888887,-97.46,57293,8.879310344827585,SI,39832,21261,53.37668206467162,46.62331793532838,57.9883300916921,66.1803072760653,62.370454604192,819,1204,3260,977,551,1807,8495,2078,456,976,0,5287,10026,3510,Juntos Haremos Historia,10026,22.289638304877474,JHH
30,Veracruz,Ver.,043,Coetzala,30043,18.78555555555556,-96.9177777777778,2355,7.015,NO,1832,1663,90.77510917030568,9.224890829694315,68.0825242718447,79.9536500579374,74.1553052756372,113,166,8,36,278,11,590,253,16,29,0,290,904,298,Juntos Haremos Historia,904,36.44016837041491,JHH
30,Veracruz,Ver.,044,Colipa,30044,19.921111111111113,-96.72472222222224,5763,6.568333333333333,NO,4725,3942,83.42857142857143,16.57142857142857,67.6146788990826,76.8755516328332,72.3346828609987,89,42,1316,270,166,50,1619,50,82,50,0,1448,2055,182,Juntos Haremos Historia,2055,15.398274987316084,JHH
30,Veracruz,Ver.,045,Comapa,30045,19.163888888888888,-96.88694444444444,19876,5.786,NO,14955,11417,76.34236041457706,23.65763958542294,65.1423045040066,72.1224313838195,68.56378108051,3117,3813,52,762,65,91,2681,94,88,376,0,6984,3513,558,Va por México,6984,30.402032057458175,V x M
30,Veracruz,Ver.,046,Cordoba,30046,18.891111111111112,-96.93166666666669,203142,10.225438596491228,SI,160487,89205,55.5839413784294,44.4160586215706,61.2333992653292,68.1803980003845,64.9874022701888,13262,12206,2437,1930,1291,6344,41050,1847,2580,3299,0,27907,44274,7726,Juntos Haremos Historia,44274,18.347626254133736,JHH
30,Veracruz,Ver.,047,Cosamaloapan,30047,18.365,-95.79527777777776,54911,8.711463414634146,NO,42242,25275,59.8338146868046,40.1661853131954,17.2302819779322,18.0700347500668,17.6788348960069,3136,847,305,3601,1873,2271,9639,862,952,731,0,4291,15115,2545,Juntos Haremos Historia,15115,42.824925816023736,JHH
30,Veracruz,Ver.,208,Carlos A. Carrillo,30208,18.37388888888889,-95.74472222222222,23459,7.8975,NO,16810,10473,62.3022010707912,37.6977989292088,13.4127789046653,13.621560920831,13.5234919311618,280,2091,77,282,449,2313,4053,149,145,102,0,2450,4787,396,Juntos Haremos Historia,4787,22.314523059295333,JHH
30,Veracruz,Ver.,048,Cosautlan De Carvajal,30048,19.33194444444445,-96.98805555555556,16167,6.564444444444445,NO,11501,7710,67.03764890009565,32.96235109990435,61.303614909159,73.8464217308027,67.8036455513445,1789,588,65,104,814,1146,2270,84,220,107,0,2444,3188,411,Juntos Haremos Historia,3188,9.649805447470817,JHH
30,Veracruz,Ver.,049,Coscomatepec,30049,19.071666666666665,-97.0461111111111,59633,6.6027272727272726,NO,38583,22673,58.76422258507633,41.23577741492367,49.3076923076923,60.1472247595508,54.9885950832137,1468,3092,2400,711,1668,6426,4796,425,250,414,0,6964,7178,1089,Juntos Haremos Historia,7178,0.9438539231685265,JHH
30,Veracruz,Ver.,050,Cosoleacaque,30050,17.99527777777778,-94.63694444444444,123233,9.534782608695652,SI,88967,49626,55.780233120145674,44.219766879854326,55.948304962145,63.0618371887082,59.7005912980074,2739,12932,1147,431,426,734,27648,845,528,650,0,16819,28505,2023,Juntos Haremos Historia,28505,23.54814008785717,JHH
30,Veracruz,Ver.,051,Cotaxtla,30051,18.834166666666665,-96.39722222222224,21950,6.853571428571429,NO,16557,13066,78.91526242676812,21.084737573231877,69.4117647058823,71.7311007141098,70.5934010789111,4570,162,59,162,160,3069,4262,127,59,113,0,4794,4587,299,Va por México,4794,1.5842645032909843,V x M
30,Veracruz,Ver.,052,Coxquihui,30052,20.17888888888889,-97.5786111111111,17047,6.85,NO,11481,3311,28.83895131086142,71.16104868913858,63.5612018552127,73.6429969745506,68.9166193987521,1175,39,91,78,28,13,1045,28,27,699,0,1308,1151,754,Va por México,1308,4.741769858048928,V x M
30,Veracruz,Ver.,053,Coyutla,30053,20.246111111111112,-97.65861111111111,23349,6.580909090909091,NO,16791,12832,76.4218926806027,23.578107319397304,67.5516627891063,74.2877492877493,71.1588583052571,415,199,224,117,95,4671,5630,658,498,66,0,840,5842,1222,Juntos Haremos Historia,5842,9.12562344139651,JHH
30,Veracruz,Ver.,054,Cuichapa,30054,18.771666666666665,-96.86916666666666,12180,7.728571428571429,NO,9018,6690,74.18496340652028,25.81503659347972,65.2037617554859,75.0759878419453,70.3987204387067,1183,1518,25,356,42,55,2997,254,48,39,0,2728,3398,341,Juntos Haremos Historia,3398,10.014947683109119,JHH
30,Veracruz,Ver.,055,Cuitlahuac,30055,18.81138888888889,-96.72,28673,7.873529411764706,NO,20771,12922,62.211737518655816,37.788262481344184,58.7884594911104,65.3695773598957,62.2994785199901,3261,2100,143,1801,347,294,4040,269,94,179,0,5507,6191,542,Juntos Haremos Historia,6191,5.29329825104473,JHH
30,Veracruz,Ver.,056,Chacaltianguis,30056,18.304166666666667,-95.84194444444444,11449,7.288,NO,9000,7061,78.45555555555556,21.544444444444437,32.7457627118644,35.5517754624708,34.1914986853637,187,276,44,139,315,1176,3605,397,180,274,0,510,4063,851,Juntos Haremos Historia,4063,40.88655997734032,JHH
30,Veracruz,Ver.,057,Chalma,30057,21.20888888888889,-98.39305555555556,13754,6.871111111111111,NO,9798,8162,83.30271483976321,16.697285160236788,65.0520597555455,72.1855670103093,68.7850668968494,241,172,57,1744,406,1315,3158,267,152,84,0,472,5310,503,Juntos Haremos Historia,5310,48.94633668218574,JHH
30,Veracruz,Ver.,058,Chiconamel,30058,21.229166666666664,-98.45916666666668,6548,6.088333333333333,NO,4933,3893,78.91749442529901,21.08250557470099,67.2850678733032,73.979381443299,70.7874865156418,233,1124,1155,27,29,24,1031,26,34,95,0,2514,1090,155,Va por México,2514,36.578474184433595,V x M
30,Veracruz,Ver.,059,Chiconquiaco,30059,19.74138888888889,-96.81861111111112,13815,5.925,NO,9644,7543,78.21443384487765,21.785566155122353,62.5081504020865,70.8695652173913,66.6884034344093,354,137,37,3220,242,536,640,70,21,2033,0,531,4104,2124,Juntos Haremos Historia,4104,26.249502850324806,JHH
30,Veracruz,Ver.,060,Chicontepec,30060,20.96944444444444,-98.16833333333334,53527,7.403404255319149,NO,39938,29452,73.74430367068958,26.255696329310425,67.6208791208791,72.5618131868132,70.2311839104292,1277,908,7282,7591,1029,1398,7160,723,447,621,0,9468,15784,1791,Juntos Haremos Historia,15784,21.44506315360587,JHH
30,Veracruz,Ver.,061,Chinameca,30061,18.023888888888887,-94.67416666666666,18100,7.794615384615384,SI,13673,9300,68.0172602940101,31.9827397059899,57.0658036677454,64.6292004634994,60.9646830433809,108,1829,316,86,85,793,4916,209,240,444,0,2253,5087,893,Juntos Haremos Historia,5087,30.473118279569892,JHH
30,Veracruz,Ver.,062,Chinampa De Gorostiza,30062,21.357222222222223,-97.73472222222222,16230,7.152,NO,10869,8094,74.46867237096329,25.53132762903671,58.65055387714,65.4270986745214,62.1910166394152,3985,124,22,139,31,117,3180,48,249,59,0,4131,3353,356,Va por México,4131,9.612058314801088,V x M
30,Veracruz,Ver.,063,Las Choapas,30063,17.91,-94.09277777777775,80068,7.648372093023256,NO,56791,31284,55.08619323484355,44.91380676515645,51.234270017446804,56.1293299261783,53.7367322870362,4048,3896,1530,535,1789,248,16465,727,323,368,0,9475,18791,1418,Juntos Haremos Historia,18791,29.778800664876613,JHH
30,Veracruz,Ver.,064,Chocaman,30064,19.010833333333338,-97.03333333333332,20549,7.015714285714286,NO,14165,10031,70.81539004588775,29.184609954112247,59.8319327731092,72.9588882455125,66.5725117074258,751,655,1462,1948,88,1058,3133,316,176,112,0,2871,5171,604,Juntos Haremos Historia,5171,22.928920346924535,JHH
30,Veracruz,Ver.,065,Chontla,30065,21.29388888888889,-97.92083333333332,13354,6.838,NO,9705,7114,73.30242143225142,26.69757856774858,68.4573894282632,74.7760883149344,71.6723187791437,2068,1533,75,143,75,1034,1562,95,70,173,0,3679,1783,338,Va por México,3679,26.651672757942087,V x M
30,Veracruz,Ver.,066,Chumatlan,30066,20.204722222222223,-97.59555555555556,4008,6.955,NO,3191,2572,80.60169225947979,19.39830774052021,64.2857142857143,79.2659368963297,72.277567846101,39,17,847,66,884,23,388,59,10,177,0,906,1338,246,Juntos Haremos Historia,1338,16.796267496111977,JHH
30,Veracruz,Ver.,067,Emiliano Zapata,30067,19.479166666666664,-96.79638888888888,88366,8.69,SI,54038,31643,58.55694141159925,41.44305858840075,60.4555129842486,67.6008575326447,64.1855733034897,3947,4091,1247,546,755,2286,10587,1107,3849,2226,0,9286,11893,7182,Juntos Haremos Historia,11893,8.238788989665961,JHH
30,Veracruz,Ver.,068,Espinal,30068,20.2575,-97.39916666666667,26259,7.518571428571429,NO,19979,14308,71.61519595575353,28.384804044246465,57.4508489722967,65.5701534449905,61.7291127199704,404,587,2793,5129,242,420,3838,160,119,192,0,3786,9209,471,Juntos Haremos Historia,9209,37.901873077998324,JHH
30,Veracruz,Ver.,069,Filomeno Mata,30069,20.198055555555555,-97.70222222222222,19440,5.23,NO,10968,8938,81.49161196207147,18.50838803792853,58.7394411955815,77.7348279860843,68.7774486773568,2098,2112,1047,51,109,2264,952,24,41,72,0,5260,1112,137,Va por México,5260,33.51980308793914,V x M
30,Veracruz,Ver.,070,Fortin,30070,18.896944444444443,-96.99777777777778,69650,10.104074074074074,SI,49849,29270,58.717326325503016,41.282673674496984,60.9743824336688,68.3704572098476,64.9631190727081,7518,1984,665,778,317,1085,14101,499,801,789,0,10167,15198,2089,Juntos Haremos Historia,15198,17.188247352237788,JHH
30,Veracruz,Ver.,071,Gutierrez Zamora,30071,20.449166666666667,-97.08388888888888,23256,8.513478260869565,NO,18709,12025,64.27387888182157,35.726121118178426,61.7128154864004,68.7902576489533,65.5984086639408,1923,270,2124,442,127,1058,5212,162,140,187,0,4319,5781,489,Juntos Haremos Historia,5781,12.158004158004157,JHH
30,Veracruz,Ver.,072,Hidalgotitlan,30072,17.77138888888889,-94.64555555555556,17501,7.0275,NO,12897,9525,73.85438474063736,26.145615259362643,53.2429341610848,57.2746399093704,55.2682926829268,450,471,369,971,147,112,2965,1741,417,1545,0,1294,4084,3703,Juntos Haremos Historia,4084,4,JHH
30,Veracruz,Ver.,209,Uxpanapa,30209,17.275277777777777,-94.45055555555555,30773,6.432941176470588,NO,20100,13933,69.318407960199,30.681592039801004,59.8547062539482,61.8575197889182,60.8548990670953,2437,240,160,524,724,1687,4757,324,477,2144,0,2837,6009,2945,Juntos Haremos Historia,6009,21.990956721452665,JHH
30,Veracruz,Ver.,073,Huatusco,30073,19.149722222222223,-96.96027777777778,59108,8.183461538461538,NO,43162,27666,64.0980492099532,35.9019507900468,61.3381347528835,70.317150297619,66.0863150129104,5367,6547,286,3085,559,924,7834,615,444,841,0,12204,11482,1900,Va por México,12204,2.6097014385888815,V x M
30,Veracruz,Ver.,074,Huayacocotla,30074,20.533611111111114,-98.47777777777776,21777,6.4399999999999995,NO,14733,11459,77.77777777777779,22.222222222222214,64.2890661661192,72.6725082146769,68.7595823903044,1061,1039,3112,359,2110,207,2389,180,439,63,0,5214,4862,682,Va por México,5214,3.071821275853041,V x M
30,Veracruz,Ver.,075,Hueyapan De Ocampo,30075,18.15194444444444,-95.14444444444445,41894,7.088518518518518,NO,30846,19248,62.400311223497376,37.599688776502624,51.6499180386287,56.1972744970798,54.030094086478,925,1350,336,1085,1325,943,8596,641,439,2293,0,2612,11006,3373,Juntos Haremos Historia,11006,39.65606816292602,JHH
30,Veracruz,Ver.,076,Huiloapan De Cuauhtemoc,30076,18.815833333333337,-97.15333333333334,10590,9.7775,SI,5391,3974,73.7154516787238,26.284548321276205,59.3175853018373,70.817843866171,65.5345659163987,225,200,249,127,52,244,1901,385,154,233,0,676,2084,772,Juntos Haremos Historia,2084,33.01459486663312,JHH
30,Veracruz,Ver.,077,Ignacio De La Llave,30077,18.725277777777777,-95.98416666666668,16492,6.751875,NO,13395,9955,74.31877566256065,25.681224337439343,60.125968992248,67.181579714369,63.8348398958174,1151,2825,82,246,80,394,3593,281,147,507,0,4058,3920,935,Va por México,4058,1.3862380713209443,V x M
30,Veracruz,Ver.,078,Ilamatlan,30078,20.78,-98.44333333333334,13377,4.93,NO,8953,7087,79.15782419300793,20.84217580699207,63.4102098989376,76.9764507989908,70.899593731863,270,128,490,2170,1971,1054,683,33,47,29,0,889,4826,109,Juntos Haremos Historia,4826,53.22421334838437,JHH
30,Veracruz,Ver.,079,Isla,30079,18.0275,-95.52833333333334,43113,7.238823529411765,NO,30023,18568,61.8459181294341,38.1540818705659,17.290578804148,19.1271622870725,18.258358556866,1926,540,186,933,3177,683,6934,689,2211,544,0,2657,11048,3444,Juntos Haremos Historia,11048,40.95217578629901,JHH
30,Veracruz,Ver.,080,Ixcatepec,30080,21.237222222222226,-98.00416666666666,12201,7.11,NO,9131,7098,77.73518782170628,22.264812178293724,69.3025425705622,75.7985803016859,72.6321773735077,861,299,2045,92,142,136,2126,151,192,231,0,3207,2364,574,Va por México,3207,11.876584953508031,V x M
30,Veracruz,Ver.,081,Ixhuacan De Los Reyes,30081,19.35555555555556,-97.11694444444444,11387,5.976,NO,8214,6678,81.30021913805697,18.699780861943022,66.3940912687945,79.2167903762478,72.9020524811639,2498,2266,34,68,56,57,1088,86,72,98,0,4802,1212,256,Va por México,4802,53.75861036238395,V x M
30,Veracruz,Ver.,082,Ixhuatlan De Madero,30082,20.688333333333333,-98.0125,50294,6.66,NO,34898,23539,67.45085678262365,32.549143217376354,66.3237614389397,71.9995451702769,69.3096847520488,561,7711,1209,597,4680,899,5271,878,331,389,0,9482,10551,1598,Juntos Haremos Historia,10551,4.54139937975275,JHH
30,Veracruz,Ver.,083,Ixhuatlan Del Cafe,30083,19.050833333333333,-96.98416666666668,23547,7.182727272727273,NO,16413,10156,61.87777980868824,38.12222019131176,51.4981761334028,64.9250912753368,58.3263973365772,1777,1771,136,225,1580,211,3493,243,154,161,0,3685,5299,558,Juntos Haremos Historia,5299,15.892083497439938,JHH
30,Veracruz,Ver.,084,Ixhuatlan Del Sureste,30084,18.02111111111111,-94.3875,15580,7.685,SI,11999,8274,68.95574631219267,31.044253687807327,63.5406048250085,70.3057494184114,66.960685483871,140,254,1020,66,77,173,4762,341,113,988,0,1417,4905,1442,Juntos Haremos Historia,4905,41.85400048344211,JHH
30,Veracruz,Ver.,085,Ixhuatlancillo,30085,18.89444444444445,-97.14944444444446,27029,7.078571428571428,SI,15944,8567,53.7318113396889,46.2681886603111,56.2463083284111,64.7457209703238,60.8809507822467,451,788,1527,252,1276,239,2696,528,186,224,0,2768,4226,938,Juntos Haremos Historia,4226,17.018793043072254,JHH
30,Veracruz,Ver.,086,Ixmatlahuacan,30086,18.448333333333338,-95.8286111111111,5158,6.631428571428572,NO,4878,3920,80.36080360803608,19.63919639196392,46.4043993231811,49.3660531697342,47.9101684341859,911,168,48,107,75,383,1592,129,98,127,0,1131,1777,354,Juntos Haremos Historia,1777,16.479591836734695,JHH
30,Veracruz,Ver.,087,Ixtaczoquitlan,30087,18.85027777777778,-97.06333333333332,70269,8.72625,SI,48627,30556,62.83751825117733,37.16248174882267,62.4094950050408,69.1846522781775,65.9711354547035,2390,4783,1074,3695,376,2337,12775,898,813,565,0,8250,16849,2276,Juntos Haremos Historia,16849,28.141772483309335,JHH
30,Veracruz,Ver.,088,Jalacingo,30088,19.80611111111111,-97.30777777777776,46884,6.502631578947368,NO,28468,17312,60.81213994660671,39.18786005339329,54.7495682210708,69.8468455810032,62.8916758231349,1754,1388,211,3808,601,1392,3432,521,1758,1137,0,3358,7841,3416,Juntos Haremos Historia,7841,25.560304990757857,JHH
30,Veracruz,Ver.,089,Xalapa,30089,19.540000000000003,-96.9275,483932,11.753228346456693,SI,383349,201789,52.63845738478514,47.36154261521486,61.1214456550624,66.8677226217565,64.2515298495424,33223,39673,4465,5779,4266,13772,80533,4819,3090,4844,0,77364,90582,12753,Juntos Haremos Historia,90582,6.550406612848074,JHH
30,Veracruz,Ver.,090,Jalcomulco,30090,19.33194444444445,-96.76166666666668,5106,6.5825,NO,4217,3508,83.18709983400522,16.812900165994776,62.8799202790234,62.0963735717834,62.4875621890547,58,134,53,13,1054,1154,415,21,27,106,0,246,1483,154,Juntos Haremos Historia,1483,9.378563283922462,JHH
30,Veracruz,Ver.,091,Jaltipan,30091,17.96388888888889,-94.71638888888889,38621,8.735454545454546,SI,29882,18545,62.060772371327225,37.939227628672775,61.6000582368785,67.6918219134828,64.8620316515623,1512,819,157,375,198,1922,10618,1686,242,502,0,2491,11191,2430,Juntos Haremos Historia,11191,46.91291453221893,JHH
30,Veracruz,Ver.,092,Jamapa,30092,19.039722222222224,-96.24,10901,7.4425,SI,8581,5942,69.24600862370353,30.75399137629647,60.4146341463415,68.1548974943052,64.416961130742,1181,226,58,417,80,337,1595,369,628,720,0,1465,2095,1717,Juntos Haremos Historia,2095,6.3614944463143726,JHH
30,Veracruz,Ver.,093,Jesus Carranza,30093,17.43166666666667,-95.02472222222222,29057,6.955454545454545,NO,19322,10982,56.83676638029189,43.16323361970811,58.1523500810373,62.9477454698694,60.5803595241905,364,255,1721,359,1858,138,4669,234,865,172,0,2344,6888,1271,Juntos Haremos Historia,6888,41.37679839737753,JHH
30,Veracruz,Ver.,094,Jilotepec,30094,19.61138888888889,-96.94944444444444,17315,8.501111111111111,SI,11946,8529,71.39628327473632,28.60371672526368,61.092530657748,70.7790036776998,66.1914818725801,581,499,93,1297,650,988,2816,325,724,215,0,1174,4763,1264,Juntos Haremos Historia,4763,41.024739125337085,JHH
30,Veracruz,Ver.,095,Juan Rodriguez Clara,30095,17.991944444444446,-95.40333333333334,38377,6.778181818181818,NO,26369,13924,52.804429443664915,47.195570556335085,17.7689949991934,18.8975791433892,18.3557293885296,1097,623,404,317,170,4452,5014,486,406,220,0,2127,5502,1112,Juntos Haremos Historia,5502,7.540936512496409,JHH
30,Veracruz,Ver.,096,Juchique De Ferrer,30096,19.83944444444444,-96.69555555555556,15059,6.548333333333334,NO,12024,9148,76.08117099135063,23.918829008649368,62.4260854874134,68.878954607978,65.6242011077972,397,309,1734,1668,771,758,2699,72,301,65,0,2444,5140,438,Juntos Haremos Historia,5140,29.470922606034105,JHH
30,Veracruz,Ver.,097,Landero Y Coss,30097,19.734166666666667,-96.85194444444444,1230,7.17,NO,1497,1329,88.77755511022045,11.222444889779553,64.5390070921986,69.9067909454061,67.3076923076923,517,32,19,42,90,106,413,18,6,32,0,569,549,56,Va por México,569,1.5048908954100828,V x M
30,Veracruz,Ver.,098,Lerdo De Tejada,30098,18.628055555555555,-95.52027777777778,19116,9.26875,NO,15490,9897,63.89283408650742,36.10716591349258,46.0621541081311,50.862797152166,48.6565801486892,1634,373,209,229,104,517,5823,327,286,134,0,2217,6157,747,Juntos Haremos Historia,6157,39.810043447509344,JHH
30,Veracruz,Ver.,099,Magdalena,30099,18.758333333333333,-97.0475,3372,6.833333333333333,NO,2290,2034,88.82096069868996,11.17903930131004,70.6190975865687,84.6003898635477,77.8676099039919,45,99,28,36,590,17,227,45,48,636,0,173,856,729,Juntos Haremos Historia,856,6.243854473942969,JHH
30,Veracruz,Ver.,100,Maltrata,30100,18.81138888888889,-97.27722222222222,18357,6.7155555555555555,SI,12129,7708,63.550169016406954,36.449830983593046,51.8958253542704,63.3045461952094,58.059688352848,1554,1588,186,137,106,129,2868,293,120,249,0,3331,3112,662,Va por México,3331,2.841203943954333,V x M
30,Veracruz,Ver.,101,Manlio Fabio Altamirano,30101,19.092222222222222,-96.33194444444445,24484,7.379375,SI,17625,12430,70.52482269503545,29.475177304964543,60.1884285541732,64.8824469299247,62.6019599788745,2507,436,86,1235,141,1430,4846,401,693,308,0,3029,6224,1402,Juntos Haremos Historia,6224,25.70394207562349,JHH
30,Veracruz,Ver.,102,Mariano Escobedo,30102,18.914166666666667,-97.13,38813,8.03375,SI,23696,14495,61.17066171505739,38.82933828494261,56.1898408462785,65.7660599134765,61.3480478367921,982,1684,4613,230,230,913,4786,345,212,91,0,7281,5249,648,Va por México,7281,14.018627112797516,V x M
30,Veracruz,Ver.,103,Martinez De La Torre,30103,20.060555555555556,-97.05416666666666,110277,8.97,NO,80653,40184,49.82331717357073,50.17668282642927,55.071317533477,61.2207301110195,58.3270235238254,6315,2994,475,1857,1708,2501,19716,612,1268,1383,0,9787,23281,3263,Juntos Haremos Historia,23281,33.58052956400557,JHH
30,Veracruz,Ver.,211,San Rafael,30211,20.189722222222223,-96.86805555555554,29740,8.010357142857142,NO,23452,14198,60.54067883336176,39.45932116663824,54.5504385964912,60.7646214870453,57.7808976440135,1016,792,4833,120,94,443,4906,179,1313,155,0,6644,5120,1647,Va por México,6644,10.733906183969573,V x M
30,Veracruz,Ver.,104,Mecatlan,30104,20.211388888888887,-97.68138888888888,12053,5.764,NO,8002,6401,79.99250187453136,20.007498125468643,53.9439468361745,64.1914618369987,59.3502593502593,1574,92,79,99,973,1606,555,1179,12,18,0,1748,1627,1209,Va por México,1748,1.890329635994376,V x M
30,Veracruz,Ver.,105,Mecayapan,30105,18.218055555555555,-94.84027777777776,17119,6.192857142857143,NO,13880,9419,67.86023054755044,32.139769452449556,60.404261986838,71.4306633474887,66.1040042388918,285,715,2029,48,111,1533,3477,256,252,246,0,3030,3636,754,Juntos Haremos Historia,3636,6.433804013164879,JHH
30,Veracruz,Ver.,210,Tatahuicapan De Juarez,30210,18.245,-94.76,14987,6.2775,NO,11651,8015,68.79237833662346,31.207621663376543,63.8437091045055,72.7608657399261,68.437273386512,187,2273,1086,75,128,165,3233,161,170,195,0,3550,3436,526,Va por México,3550,1.4223331253898939,V x M
30,Veracruz,Ver.,106,Medellin De Bravo,30106,19.05888888888889,-96.15472222222223,94597,9.249166666666667,SI,56240,28590,50.835704125177806,49.164295874822194,52.9234629861982,58.4819592447186,55.8582568354555,8731,847,256,3943,373,3799,8923,362,295,313,0,9837,13240,970,Juntos Haremos Historia,13240,11.902763203917454,JHH
30,Veracruz,Ver.,107,Miahuatlan,30107,19.705555555555556,-96.87027777777776,5255,6.74,NO,3495,3001,85.86552217453504,14.134477825464955,68.1410256410256,74.7742323901264,71.5616268239677,51,31,8,450,149,40,850,504,9,814,0,90,1452,1327,Juntos Haremos Historia,1452,4.1652782405864714,JHH
30,Veracruz,Ver.,108,Las Minas,30108,19.690833333333337,-97.14666666666668,2953,6.1,NO,2521,2220,88.06029353431178,11.939706465688218,62.3939679547597,67.2869735553379,64.7934678194044,138,171,58,18,198,904,523,57,36,27,0,369,739,120,Movimiento Ciudadano,904,7.4324324324324325,JHH
30,Veracruz,Ver.,109,Minatitlan,30109,17.98888888888889,-94.5586111111111,153061,9.852380952380951,SI,123617,64548,52.21611914218918,47.78388085781082,59.1385331781141,63.9546161306711,61.6567923495508,7284,5779,2003,1449,1155,1373,39582,2007,820,1547,0,15071,42189,4374,Juntos Haremos Historia,42189,42.01214599987606,JHH
30,Veracruz,Ver.,110,Misantla,30110,19.927222222222223,-96.85416666666666,65885,8.159433962264151,NO,48052,29114,60.58852909348206,39.41147090651794,61.2185686653772,66.9345863731915,64.1685634665702,5294,796,469,974,2887,3214,12038,353,1307,349,0,6559,15899,2009,Juntos Haremos Historia,15899,32.080785876210754,JHH
30,Veracruz,Ver.,111,Mixtla De Altamirano,30111,18.595,-96.99083333333331,12882,4.372,NO,7705,5974,77.53406878650227,22.46593121349773,59.4965675057208,75.4050464807437,67.7454896019832,859,577,106,119,155,82,2595,195,355,173,0,1543,2873,723,Juntos Haremos Historia,2873,22.263140274522932,JHH
30,Veracruz,Ver.,112,Moloacan,30112,17.986666666666668,-94.34527777777777,17012,7.925454545454546,NO,12401,8404,67.76872832836062,32.23127167163938,61.8528610354223,69.757688723206,65.987002437043,47,2342,32,46,34,1260,3277,117,62,972,0,2423,3357,1151,Juntos Haremos Historia,3357,11.113755354593051,JHH
30,Veracruz,Ver.,113,Naolinco,30113,19.653333333333332,-96.8736111111111,22757,8.142307692307693,NO,16222,11555,71.23042781407965,28.769572185920353,62.3277391185701,67.9726368159204,65.2807599713709,2301,1028,390,437,595,1242,4035,190,175,403,0,3723,5070,768,Juntos Haremos Historia,5070,11.657291215923843,JHH
30,Veracruz,Ver.,114,Naranjal,30114,18.810833333333335,-96.96305555555556,4614,7.436666666666667,NO,3479,2699,77.57976430008623,22.420235699913775,65.3190145293746,77.2293886707796,71.6280451574569,120,592,51,204,41,241,829,294,5,207,0,766,1076,506,Juntos Haremos Historia,1076,11.48573545757688,JHH
30,Veracruz,Ver.,115,Nautla,30115,20.20722222222222,-96.77222222222224,10135,7.624545454545455,NO,8213,5920,72.08084743699014,27.91915256300986,59.560327198364,65.1398861104234,62.3946673374418,223,447,900,1259,180,233,2300,62,82,47,0,1572,3739,191,Juntos Haremos Historia,3739,36.604729729729726,JHH
30,Veracruz,Ver.,116,Nogales,30116,18.821944444444444,-97.16277777777778,41671,9.383157894736842,SI,34366,18676,54.34441017284526,45.65558982715474,56.1063690085358,62.8067826863008,59.729175462935,2167,905,515,3028,285,903,7812,853,1105,399,0,3589,11127,2357,Juntos Haremos Historia,11127,40.36196187620475,JHH
30,Veracruz,Ver.,117,Oluta,30117,17.92777777777778,-94.89694444444446,17963,8.278,SI,11994,7727,64.42387860596965,35.57612139403035,57.5895291765134,65.6150919467343,61.8765348463037,1369,227,142,193,518,1253,3512,71,89,96,0,1739,4223,256,Juntos Haremos Historia,4223,32.147016953539534,JHH
30,Veracruz,Ver.,118,Omealca,30118,18.746111111111112,-96.78583333333331,23596,7.245625,NO,16839,10779,64.01211473365402,35.987885266345984,61.7508588878992,68.5790449698655,65.3241948201613,383,2490,109,126,314,175,6445,153,188,123,0,2985,6888,464,Juntos Haremos Historia,6888,36.20929585304759,JHH
30,Veracruz,Ver.,119,Orizaba,30119,18.849722222222223,-97.1036111111111,115614,11.428673469387755,SI,100877,61947,61.40844791181341,38.59155208818659,60.7597229139313,65.4725092390075,63.3309330315811,8195,19078,1410,986,1193,1311,25251,1342,1051,857,0,28684,27432,3250,Va por México,28684,2.0210825382988684,V x M
30,Veracruz,Ver.,120,Otatitlan,30120,18.17638888888889,-96.0325,5602,7.468,NO,4100,3023,73.73170731707317,26.268292682926827,29.3060409385921,32.3227819884084,30.8996702779086,133,202,77,141,251,89,1627,205,36,115,0,415,2020,356,Juntos Haremos Historia,2020,53.09295401918624,JHH
30,Veracruz,Ver.,121,Oteapan,30121,18.00638888888889,-94.66388888888888,14398,8.136666666666667,SI,10268,7296,71.05570705103233,28.94429294896767,58.7326120556414,62.0181405895692,60.5030037674371,730,621,362,313,81,187,3440,311,422,574,0,1717,3834,1307,Juntos Haremos Historia,3834,29.015899122807017,JHH
30,Veracruz,Ver.,122,Ozuluama,30122,21.66111111111111,-97.85055555555554,22774,6.7620689655172415,NO,15852,11682,73.69417108251325,26.30582891748675,56.2628336755647,57.6701113944437,56.9507314833038,2473,576,80,6047,71,37,1918,86,73,33,0,3132,8039,192,Juntos Haremos Historia,8039,42.004793699708955,JHH
30,Veracruz,Ver.,123,Pajapan,30123,18.260833333333338,-94.6913888888889,18083,5.774444444444445,NO,13134,8718,66.3773412517131,33.622658748286895,61.8239838763856,67.1771392485002,64.5833333333333,1036,222,234,121,189,284,3129,230,2254,477,0,1496,3439,2961,Juntos Haremos Historia,3439,5.4829089240651525,JHH
30,Veracruz,Ver.,124,Panuco,30124,22.05527777777778,-98.1775,96082,7.986506024096386,SI,69678,44859,64.38043571859123,35.61956428140877,54.8451399839338,61.1649647634115,58.0583830583831,10766,2495,1093,3090,794,367,23340,857,676,273,0,14358,27225,1806,Juntos Haremos Historia,27225,28.68320738313382,JHH
30,Veracruz,Ver.,125,Papantla,30125,20.447777777777777,-97.32,162149,8.12723404255319,SI,123241,69538,56.424404216129375,43.575595783870625,54.3154209325765,61.7982310930332,58.2712406861029,2932,4635,15473,1238,1700,7243,30311,2109,1290,728,0,23044,33249,4127,Juntos Haremos Historia,33249,14.675429261698639,JHH
30,Veracruz,Ver.,126,Paso Del Macho,30126,18.96944444444444,-96.72555555555556,31977,7.212142857142857,NO,23404,16437,70.23158434455648,29.76841565544352,67.3397879207008,71.0848605923738,69.2682708650148,1421,1482,919,2011,179,2688,6059,255,418,434,0,3823,8253,1107,Juntos Haremos Historia,8253,26.951390156354567,JHH
30,Veracruz,Ver.,127,Paso De Ovejas,30127,19.281944444444445,-96.44027777777778,32187,7.951666666666667,NO,24921,15012,60.238353196099666,39.761646803900334,56.9249692496925,59.6496815286624,58.3074126439103,1541,3278,107,308,384,2209,6131,175,138,221,0,4930,6824,534,Juntos Haremos Historia,6824,12.616573407940315,JHH
30,Veracruz,Ver.,128,La Perla,30128,18.928055555555556,-97.13416666666669,28098,4.83375,NO,15586,10594,67.97125625561401,32.02874374438599,50.0077029733477,63.547319655857,57.2903317670511,5102,392,1744,68,50,1546,783,67,552,28,0,7242,903,647,Va por México,7242,53.7662828015858,V x M
30,Veracruz,Ver.,129,Perote,30129,19.56,-97.24277777777776,77423,8.050967741935484,NO,51824,28900,55.76566841617784,44.23433158382216,60.354309412189,67.6259553891748,64.2531571464414,2035,10271,526,615,438,3170,8728,406,1073,486,0,12836,9781,1965,Va por México,12836,10.570934256055363,V x M
30,Veracruz,Ver.,130,Platon Sanchez,30130,21.271944444444443,-98.3736111111111,17901,6.718571428571429,NO,12982,9655,74.37220767216145,25.62779232783855,62.9509317832108,70.8,67.0823548465463,3917,179,49,54,57,76,4604,100,369,94,0,4149,4717,563,Juntos Haremos Historia,4717,5.882962195753495,JHH
30,Veracruz,Ver.,131,Playa Vicente,30131,17.830277777777777,-95.81138888888889,39372,6.570416666666667,NO,30006,19999,66.6500033326668,33.3499966673332,32.4213606437454,35.4751370270092,34.0263075694999,4252,2993,118,2644,707,1274,6983,130,194,114,0,7366,10337,438,Juntos Haremos Historia,10337,14.855742787139357,JHH
30,Veracruz,Ver.,212,Santiago Sochiapan,30212,17.660555555555554,-95.73666666666666,12737,5.74,NO,9177,6503,70.86193745232647,29.138062547673528,31.0240261254957,32.686920922215,31.8884408602151,1650,680,89,73,103,99,2265,199,375,369,0,2424,2444,943,Juntos Haremos Historia,2444,0.30755036137167463,JHH
30,Veracruz,Ver.,132,Poza Rica De Hidalgo,30132,20.535,-97.4538888888889,185632,11.061,SI,147688,77466,52.45246736363144,47.54753263636856,59.9169632265718,65.8723179739712,63.1409646092326,8001,6432,4687,1543,2122,4725,38070,2841,1962,4861,0,19124,41737,9664,Juntos Haremos Historia,41737,29.190870833656057,JHH
30,Veracruz,Ver.,133,Pueblo Viejo,30133,22.183333333333337,-97.83611111111112,58059,8.84025,SI,36462,23471,64.37112610388897,35.62887389611103,54.1701567548163,62.1716492131282,58.2157541337593,1338,1360,5201,899,817,185,10880,415,1203,651,0,7901,12598,2269,Juntos Haremos Historia,12598,20.011929615269906,JHH
30,Veracruz,Ver.,134,Puente Nacional,30134,19.326944444444443,-96.48333333333332,24551,7.54,NO,17199,11106,64.57352171637886,35.42647828362114,59.3348820149162,64.1255605381166,61.8037449632614,2341,442,326,934,223,1745,3963,165,274,363,0,3110,5121,802,Juntos Haremos Historia,5121,18.107329371510897,JHH
30,Veracruz,Ver.,135,Rafael Delgado,30135,18.809722222222224,-97.06944444444444,25956,8.047777777777778,SI,14720,10049,68.26766304347827,31.732336956521735,62.8707545719994,70.7642099537667,67.0586537767838,915,711,119,453,586,737,3439,734,296,1515,0,1748,4479,2545,Juntos Haremos Historia,4479,19.2456960891631,JHH
30,Veracruz,Ver.,136,Rafael Lucio,30136,19.590555555555554,-96.99083333333331,8515,8.350000000000001,SI,6174,4833,78.2798833819242,21.720116618075807,65.4458009618942,73.7299465240642,69.7980684811238,226,1196,889,27,43,124,1188,60,862,71,0,2315,1258,993,Va por México,2315,21.870473825781087,V x M
30,Veracruz,Ver.,137,Las Vigas De Ramirez,30137,19.635,-97.09861111111113,20118,7.24625,NO,13636,9222,67.62980346142564,32.37019653857436,63.3812118210335,73.1685257763039,68.497360334095,825,2108,410,182,195,518,3624,417,328,276,0,3347,4001,1021,Juntos Haremos Historia,4001,7.091737150292778,JHH
30,Veracruz,Ver.,138,Los Reyes,30138,18.66916666666667,-97.04166666666669,7537,6.086666666666667,NO,4079,3241,79.45574895807796,20.54425104192204,67.895030709101,79.6248045857217,73.9622641509434,371,856,74,183,167,747,677,19,15,15,0,1304,1028,49,Va por México,1304,8.51589015735884,V x M
30,Veracruz,Ver.,139,Rio Blanco,30139,18.834444444444443,-97.15166666666669,54882,10.670833333333334,SI,34354,19513,56.79979041741864,43.20020958258136,59.6942411090238,66.7330016583748,63.4921108360426,2532,3988,617,270,349,940,8841,574,358,487,0,7138,9464,1419,Juntos Haremos Historia,9464,11.920258289345565,JHH
30,Veracruz,Ver.,140,Saltabarranca,30140,18.58972222222222,-95.53111111111112,6081,7.256,NO,4939,3845,77.849767159344,22.150232840656003,39.7512864493997,43.2665881429132,41.5863906538225,754,29,147,45,105,853,784,767,17,233,0,930,936,1017,Otros,1017,2.1066319895968793,JHH
30,Veracruz,Ver.,141,San Andres Tenejapan,30141,18.788333333333338,-97.09444444444443,3336,6.7,SI,2069,1769,85.50024166263896,14.499758337361044,68.1107099879663,79.5362903225807,74.3280307185957,210,269,100,46,57,39,414,331,21,149,0,582,517,501,Va por México,582,3.674392312040701,V x M
30,Veracruz,Ver.,142,San Andres Tuxtla,30142,18.449722222222224,-95.21222222222222,162223,7.348170731707317,NO,121601,57818,47.54730635438854,52.45269364561146,50.3626020102147,59.820383289231,55.3870533508273,2997,4091,2213,3061,1908,14127,21858,1845,1648,1776,0,9304,26829,5269,Juntos Haremos Historia,26829,21.968937009235876,JHH
30,Veracruz,Ver.,143,San Juan Evangelista,30143,17.884166666666665,-95.1438888888889,32579,6.710740740740741,NO,24361,14511,59.566520257789094,40.433479742210906,49.595968372578,53.1904569348969,51.4576526765519,868,1228,622,4797,883,157,4995,198,118,87,0,2721,10676,403,Juntos Haremos Historia,10676,54.820481014402866,JHH
30,Veracruz,Ver.,144,Santiago Tuxtla,30144,18.461666666666662,-95.29944444444445,57310,6.626315789473685,NO,44493,29126,65.4619827838087,34.53801721619131,21.7730531038182,26.7200070338946,24.3746243122023,978,1462,6079,713,1476,3942,9776,569,1485,1217,0,8521,11967,3271,Juntos Haremos Historia,11967,11.831353429925153,JHH
30,Veracruz,Ver.,145,Sayula De Aleman,30145,17.881666666666668,-94.95972222222224,32475,7.17578947368421,NO,23465,15789,67.28744939271255,32.712550607287454,56.1963078047889,63.815457147668,60.1621384750219,218,446,5294,451,124,95,8104,226,253,233,0,5960,8680,712,Juntos Haremos Historia,8680,17.22718348217113,JHH
30,Veracruz,Ver.,146,Soconusco,30146,17.963055555555556,-94.88138888888888,16626,7.79375,SI,10631,7489,70.44492521870002,29.55507478129998,62.5,70.5882352941177,66.755661030357,173,79,115,59,62,2232,4350,80,88,95,0,369,4471,263,Juntos Haremos Historia,4471,29.897182534383763,JHH
30,Veracruz,Ver.,147,Sochiapa,30147,19.191944444444445,-96.93861111111111,3925,6.95,NO,2947,2485,84.32304038004752,15.676959619952484,63.0643967431532,73.7257717157215,68.4766763848396,624,150,34,731,33,23,713,25,17,42,0,811,1479,84,Juntos Haremos Historia,1479,26.88128772635815,JHH
30,Veracruz,Ver.,148,Soledad Atzompa,30148,18.755,-97.15222222222222,29036,5.295555555555556,NO,15270,11848,77.59004584151931,22.409954158480687,67.260989855518,81.781914893617,75.0463425067731,297,4440,2740,52,119,64,2787,116,230,628,0,7481,2960,974,Va por México,7481,38.158338960162055,V x M
30,Veracruz,Ver.,149,Soledad De Doblado,30149,19.04527777777778,-96.41611111111112,27625,7.212941176470588,NO,22423,14918,66.52990233242653,33.47009766757347,61.9267822736031,66.5486564996369,64.3064124135352,1288,2812,190,531,219,3328,5449,322,154,250,0,4293,6202,726,Juntos Haremos Historia,6202,12.796621531036331,JHH
30,Veracruz,Ver.,150,Soteapan,30150,18.2325,-94.87277777777776,34366,5.680909090909091,NO,24721,16937,68.51260062295215,31.48739937704785,64.3153901734104,74.5029821073559,69.6292775665399,1152,5654,233,81,118,255,5869,1227,1493,196,0,7043,6068,2916,Va por México,7043,5.756627501918876,V x M
30,Veracruz,Ver.,151,Tamalin,30151,21.33833333333333,-97.8125,12139,7.35125,NO,8686,4499,51.795993552843655,48.204006447156345,72.0584711238917,77.565743542006,74.8524203069658,833,1247,37,86,56,863,1218,28,30,10,0,2118,1363,68,Va por México,2118,16.7815070015559,V x M
30,Veracruz,Ver.,152,Tamiahua,30152,21.278055555555554,-97.44555555555556,21979,7.156666666666666,NO,17140,11726,68.41306884480747,31.58693115519253,59.0002403268445,60.9576211660033,59.9916982922201,465,1077,173,2512,195,188,5058,463,423,807,0,1719,7768,1693,Juntos Haremos Historia,7768,51.58621865938939,JHH
30,Veracruz,Ver.,153,Tampico Alto,30153,22.110555555555557,-97.80333333333331,11331,6.906315789473684,NO,9043,6858,75.83766449187218,24.162335508127825,55.9303350970018,59.1772913158528,57.4830323248591,1630,119,38,1055,48,358,3176,86,114,91,0,1788,4283,291,Juntos Haremos Historia,4283,36.38086905803441,JHH
30,Veracruz,Ver.,154,Tancoco,30154,21.283611111111114,-97.79027777777776,5924,7.2785714285714285,NO,4441,3449,77.66268858365233,22.33731141634767,66.9544364508393,75.5468066491689,71.4481811942347,351,75,271,503,169,154,1326,62,64,219,0,699,2000,345,Juntos Haremos Historia,2000,37.72107857349957,JHH
30,Veracruz,Ver.,155,Tantima,30155,21.330277777777777,-97.83305555555556,11489,6.487272727272727,NO,8951,6423,71.75734554798346,28.242654452016534,67.0987930263746,70.362287210825,68.75,631,258,90,133,74,87,3575,116,123,1174,0,982,3784,1413,Juntos Haremos Historia,3784,36.91421454149152,JHH
30,Veracruz,Ver.,156,Tantoyuca,30156,21.345,-98.22611111111112,100783,7.610166666666666,NO,70715,46507,65.76681043625821,34.23318956374179,63.7254901960784,73.5307151166011,68.9060259299365,23027,2192,545,1550,733,648,14345,999,631,556,0,25766,16631,2186,Va por México,25766,19.642204399337736,V x M
30,Veracruz,Ver.,157,Tatatila,30157,19.69361111111111,-97.11138888888888,6272,6.23,NO,4047,3329,82.25846305905608,17.741536940943917,65.8041603247083,78.5513756316676,71.8550106609808,366,963,34,49,101,826,654,39,50,58,0,1364,804,147,Va por México,1364,16.161009312105737,V x M
30,Veracruz,Ver.,158,Tecolutla,30158,20.47972222222222,-97.01,24711,7.635714285714286,NO,19293,12477,64.67112424195304,35.32887575804696,56.1166116611661,62.8498184148686,59.5328419683503,2458,707,2186,1198,111,497,4052,144,221,461,0,5352,5361,826,Juntos Haremos Historia,5361,0.0721327242125511,JHH
30,Veracruz,Ver.,159,Tehuipango,30159,18.5175,-97.05527777777776,29381,4.918571428571429,NO,17487,12927,73.92348601818493,26.07651398181507,58.0654140570633,75.6508239789826,67.5300469181824,4574,3257,62,1258,516,1337,869,362,80,104,0,7896,2644,546,Va por México,7896,40.62814264717259,V x M
30,Veracruz,Ver.,160,Tempoal,30160,21.520555555555553,-98.39472222222224,34320,6.729,NO,25441,17824,70.06013914547384,29.93986085452616,61.5089300617593,66.6381189660542,64.1625714976235,820,3592,184,455,795,682,4948,5264,328,153,0,4597,6202,5745,Juntos Haremos Historia,6202,2.563958707360862,JHH
30,Veracruz,Ver.,161,Tenampa,30161,19.25138888888889,-96.88333333333334,6328,5.8566666666666665,NO,5132,4408,85.89243959469992,14.107560405300076,67.8023850085179,73.2135565536954,70.564936418595,119,141,12,1009,45,120,958,41,55,1747,0,273,2016,1843,Juntos Haremos Historia,2016,3.9246823956442833,JHH
30,Veracruz,Ver.,162,Tenochtitlan,30162,19.808611111111112,-96.91638888888887,5256,5.993333333333333,NO,4268,3730,87.3945641986879,12.605435801312098,59.7984886649874,69.0936106983655,64.4855144855145,42,12,1594,64,719,18,1154,8,39,4,0,1650,1937,51,Juntos Haremos Historia,1937,7.694369973190349,JHH
30,Veracruz,Ver.,163,Teocelo,30163,19.385277777777777,-96.97166666666666,16965,8.20111111111111,NO,12796,8645,67.5601750547046,32.4398249452954,60.2187286397813,71.0699717602761,65.8760019630296,801,1038,129,847,1584,149,3449,84,166,68,0,1971,5880,318,Juntos Haremos Historia,5880,45.21688837478311,JHH
30,Veracruz,Ver.,164,Tepatlaxco,30164,19.066944444444445,-96.84416666666668,8892,6.633333333333333,NO,6679,4212,63.06333283425663,36.93666716574337,68.1689253072802,74.0522875816993,71.0572757901492,1301,1354,20,35,19,84,991,44,37,111,0,2679,1046,192,Va por México,2679,38.770180436847106,V x M
30,Veracruz,Ver.,165,Tepetlan,30165,19.672777777777775,-96.79666666666668,8475,4.63,NO,7529,6356,84.42024173196971,15.57975826803029,62.7556818181818,71.7347234289024,67.2020651082748,488,252,150,406,2033,1315,958,101,43,293,0,894,3398,437,Juntos Haremos Historia,3398,32.77218376337319,JHH
30,Veracruz,Ver.,166,Tepetzintla,30166,21.16111111111111,-97.85166666666666,14603,7.516666666666667,NO,10577,8038,75.99508367211875,24.004916327881247,60.9368717330117,67.7333333333333,64.4268388106416,2418,126,36,55,25,2407,2383,73,106,223,0,2580,2464,402,Va por México,2580,1.443145060960438,V x M
30,Veracruz,Ver.,167,Tequila,30167,18.729444444444443,-97.07027777777778,14913,6.06125,NO,10410,7568,72.69932756964457,27.300672430355434,67.8625134264232,76.4112903225807,72.272490899636,1162,417,850,1903,572,85,1464,143,99,475,0,2430,3944,717,Juntos Haremos Historia,3944,20.005285412262158,JHH
30,Veracruz,Ver.,168,Jose Azueta,30168,18.074444444444445,-95.70361111111112,22669,6.854736842105263,NO,18171,11372,62.58323702603049,37.41676297396951,21.9457810116184,22.6521787337842,22.309007981756,1920,1608,64,2794,298,127,3842,110,73,78,0,3593,6936,261,Juntos Haremos Historia,6936,29.396763981709462,JHH
30,Veracruz,Ver.,169,Texcatepec,30169,20.58388888888889,-98.3647222222222,10824,4.978,NO,7408,6274,84.69222462203024,15.307775377969762,69.7976442162489,80.4696449026346,75.2756136998383,1532,756,48,1255,18,49,1959,49,130,54,0,2338,3233,233,Juntos Haremos Historia,3233,14.265221549250876,JHH
30,Veracruz,Ver.,170,Texhuacan,30170,18.62138888888889,-97.03888888888888,5439,6.1525,NO,4161,3194,76.76039413602498,23.239605863975015,58.2920110192837,72.5790513833992,65.82443344621,249,508,53,120,192,30,1455,97,129,108,0,812,1770,334,Juntos Haremos Historia,1770,29.993738259236068,JHH
30,Veracruz,Ver.,171,Texistepec,30171,17.894166666666667,-94.81638888888888,19924,7.059375,NO,14282,10632,74.44335527237081,25.55664472762919,61.3551536032156,66.6072408118486,64.0412400056109,325,360,1737,409,83,195,6518,232,135,326,0,2425,7010,693,Juntos Haremos Historia,7010,43.12452972159518,JHH
30,Veracruz,Ver.,172,Tezonapa,30172,18.60361111111111,-96.6875,55247,6.530857142857143,NO,39310,22871,58.18112439582803,41.81887560417197,58.6994251003363,65.5018243486304,62.1922579623717,1199,3557,261,4423,399,1678,8375,1895,207,181,0,5020,13198,2283,Juntos Haremos Historia,13198,35.75707227493332,JHH
30,Veracruz,Ver.,173,Tierra Blanca,30173,18.447777777777777,-96.36055555555556,95122,8.08402985074627,NO,73928,38988,52.73779893950871,47.26220106049129,54.6523634694814,59.4895253937724,57.1899970001909,10848,1245,287,494,557,4340,18640,487,425,716,0,12382,19695,1628,Juntos Haremos Historia,19695,18.757053452344312,JHH
30,Veracruz,Ver.,174,Tihuatlan,30174,20.715,-97.535,93126,8.308367346938775,SI,66923,36309,54.25488994814936,45.74511005185064,55.5036344755971,64.2438694103447,60.0864397622907,1313,1768,14202,321,1052,464,13876,563,1164,553,0,17284,15250,2280,Va por México,17284,5.601916880112369,V x M
30,Veracruz,Ver.,175,Tlacojalpan,30175,18.231666666666666,-95.94944444444444,4495,7.1,NO,3569,2694,75.48332866349118,24.51667133650882,31.4218841427736,34.7490347490347,33.1345826235094,68,181,15,39,695,129,1029,72,32,339,0,265,1764,443,Juntos Haremos Historia,1764,49.03489235337788,JHH
30,Veracruz,Ver.,176,Tlacolulan,30176,19.666666666666668,-97.00166666666668,11325,7.051666666666667,NO,8077,6658,82.43159588956296,17.568404110437044,67.2604588394062,74.7726056714821,71.0331855434637,764,1172,363,248,308,126,1450,195,1615,151,0,2303,2006,1961,Va por México,2303,4.460799038750375,V x M
30,Veracruz,Ver.,177,Tlacotalpan,30177,18.611666666666668,-95.66111111111113,13129,7.65,NO,10418,7329,70.3493952774045,29.650604722595503,28.1018240128282,34.3566176470588,31.3644644740627,403,166,100,788,170,2224,2503,401,166,83,0,671,3461,650,Juntos Haremos Historia,3461,16.878155273570748,JHH
30,Veracruz,Ver.,178,Tlacotepec De Mejia,30178,19.18722222222222,-96.8375,4284,7.225,NO,3304,2850,86.2590799031477,13.740920096852308,70.1867353509337,74.4303797468354,72.3268432812001,373,223,43,102,63,253,1172,88,88,124,0,641,1340,300,Juntos Haremos Historia,1340,24.526315789473685,JHH
30,Veracruz,Ver.,179,Tlachichilco,30179,20.620555555555555,-98.19916666666668,10834,5.3,NO,8293,6640,80.0675268298565,19.932473170143496,65.720185854414,74.9372174786539,70.3920570264766,1749,1666,14,279,95,75,2382,70,79,77,0,3432,2758,226,Va por México,3432,10.150602409638553,V x M
30,Veracruz,Ver.,180,Tlalixcoyan,30180,18.80138888888889,-96.06027777777776,37951,7.364074074074074,NO,28505,18948,66.47254867567094,33.527451324329064,58.4505453177886,64.75,61.725943311067,4160,2645,1066,603,156,2400,5924,436,184,731,0,7874,6686,1351,Va por México,7874,6.269791006966434,V x M
30,Veracruz,Ver.,181,Tlalnelhuayocan,30181,19.566111111111113,-96.97305555555556,20202,8.358,SI,13744,9312,67.75320139697322,32.246798603026775,60.5916354981299,66.8694858533617,63.9049454078356,604,2338,102,297,1072,224,4021,199,148,75,0,3048,5390,422,Juntos Haremos Historia,5390,25.150343642611684,JHH
30,Veracruz,Ver.,182,Tlapacoyan,30182,19.961944444444445,-97.21138888888888,60394,7.682647058823529,NO,43895,21218,48.33807950791662,51.66192049208338,46.0803919608039,59.6696614937835,53.2040913415794,2585,1156,296,490,733,1378,7576,4181,1355,504,0,4041,8799,6040,Juntos Haremos Historia,8799,13.00311056650014,JHH
30,Veracruz,Ver.,183,Tlaquilpa,30183,18.610277777777775,-97.11666666666666,7714,5.863333333333333,NO,5491,3939,71.73556729193226,28.264432708067744,56.2191103789127,74.7540983606557,66.0545138217669,276,328,73,79,1232,501,669,100,77,245,0,680,1981,422,Juntos Haremos Historia,1981,33.02868748413303,JHH
30,Veracruz,Ver.,184,Tlilapan,30184,18.805555555555557,-97.0961111111111,5723,7.29,SI,4101,3338,81.39478176054621,18.60521823945379,65.7041838538598,76.579739217653,71.5795177458683,202,127,146,49,144,509,1270,83,560,88,0,475,1464,731,Juntos Haremos Historia,1464,21.9592570401438,JHH
30,Veracruz,Ver.,185,Tomatlan,30185,19.031944444444445,-97.01055555555556,7292,8.4675,NO,5449,4076,74.80271609469628,25.19728390530372,62.9746835443038,73.3009708737864,68.2865923933922,527,212,754,38,808,258,1189,29,39,62,0,1495,2037,130,Juntos Haremos Historia,2037,13.297350343473994,JHH
30,Veracruz,Ver.,186,Tonayan,30186,19.6825,-96.91972222222223,6088,6.536666666666667,NO,4282,2834,66.18402615600186,33.81597384399814,64.394336654431,69.1868758915835,66.9077306733167,98,1076,19,235,120,154,650,195,35,139,0,1197,1009,369,Va por México,1197,6.633733239237826,V x M
30,Veracruz,Ver.,187,Totutla,30187,19.209444444444443,-96.95944444444444,17331,6.625,NO,12939,9820,75.89458227065461,24.10541772934539,66.8160690571049,76.6023544800523,71.7462932454695,1981,722,1261,2505,127,590,1873,268,64,111,0,3965,4509,443,Juntos Haremos Historia,4509,5.539714867617108,JHH
30,Veracruz,Ver.,188,Tuxpan,30188,20.95888888888889,-97.40305555555555,154303,9.7384,NO,115266,61197,53.09197855395347,46.90802144604653,54.9849699398798,62.1861280302636,58.7739561553281,10350,2734,1423,9633,611,2912,25042,1263,1459,3917,0,14508,35290,6639,Juntos Haremos Historia,35290,33.95918100560485,JHH
30,Veracruz,Ver.,189,Tuxtilla,30189,18.236666666666668,-95.8938888888889,2272,7.555,NO,1942,1710,88.05355303810505,11.94644696189495,57.3080967402734,60.3222557905337,58.8477366255144,22,36,15,22,31,40,1118,52,21,138,0,73,1173,211,Juntos Haremos Historia,1173,56.25730994152047,JHH
30,Veracruz,Ver.,190,Ursulo Galvan,30190,19.405277777777776,-96.36194444444445,30206,9.04391304347826,NO,23917,15422,64.48133127064432,35.51866872935568,59.4108747886447,62.1628209294768,60.8494372478233,1135,1568,153,203,279,2311,7403,452,351,1066,0,2860,7888,1869,Juntos Haremos Historia,7888,32.60277525612761,JHH
30,Veracruz,Ver.,191,Vega De Alatorre,30191,20.026666666666667,-96.6463888888889,20199,7.326666666666667,NO,15129,9975,65.93297640293476,34.067023597065244,56.4534075104312,59.6055327868852,58.0944125883451,427,1041,252,2810,577,604,3546,231,112,90,0,1723,6933,433,Juntos Haremos Historia,6933,52.230576441102755,JHH
30,Veracruz,Ver.,192,Veracruz,30192,19.199166666666667,-96.1377777777778,607191,11.008264462809915,SI,472508,228062,48.26627274035572,51.73372725964428,53.8405157022308,59.4814238315652,56.8541204378444,89530,10726,2829,7573,3335,7300,94015,2463,2399,3010,0,103090,104926,7872,Juntos Haremos Historia,104926,0.805044242355149,JHH
30,Veracruz,Ver.,193,Villa Aldama,30193,19.649722222222223,-97.22027777777778,12313,7.106,NO,8397,6533,77.80159580802668,22.198404191973324,65.6786703601108,72.7070457354759,69.3925538863488,305,669,60,100,73,406,1965,964,890,780,0,1038,2138,2634,Otros,2634,7.592224093065973,JHH
30,Veracruz,Ver.,194,Xico,30194,19.42138888888889,-97.00833333333334,39623,7.7036842105263155,SI,27890,19272,69.10003585514521,30.899964144854792,63.7718729747246,74.7318496898942,69.5381780490614,1244,6495,607,405,200,544,7983,203,581,310,0,8348,8588,1094,Juntos Haremos Historia,8588,1.2453300124533002,JHH
30,Veracruz,Ver.,195,Xoxocotla,30195,18.648055555555555,-97.1527777777778,6388,6.035,NO,4012,3132,78.06580259222333,21.934197407776665,69.9195710455764,82.5079030558483,76.2689343608823,868,276,10,45,58,22,1012,47,363,312,0,1156,1116,722,Va por México,1156,1.277139208173691,V x M
30,Veracruz,Ver.,196,Yanga,30196,18.83138888888889,-96.80055555555556,18115,7.962857142857143,SI,13858,9231,66.61134362822918,33.38865637177082,63.1870742911453,72.7566807313643,68.2559785442896,921,2035,111,75,307,501,4389,152,99,383,0,3068,4774,634,Juntos Haremos Historia,4774,18.481204636550753,JHH
30,Veracruz,Ver.,197,Yecuatla,30197,19.865,-96.77555555555556,11074,6.545,NO,8550,6711,78.49122807017544,21.50877192982456,64.2736689954228,71.1515724757626,67.744630071599,249,183,1097,239,257,1612,2566,41,199,25,0,1534,3067,265,Juntos Haremos Historia,3067,21.68082253017434,JHH
30,Veracruz,Ver.,198,Zacualpan,30198,20.43166666666667,-98.34888888888888,6772,5.551666666666667,NO,4810,4099,85.21829521829521,14.78170478170479,70.5022831050228,78.954027836356,74.8958561718921,1144,88,1586,25,28,35,925,54,49,9,0,2820,978,112,Va por México,2820,44.93778970480605,V x M
30,Veracruz,Ver.,199,Zaragoza,30199,17.956666666666667,-94.64194444444443,12738,7.6925,SI,8463,5891,69.60888573791799,30.391114262082013,56.7066805845512,64.228017539810807,60.6981016533987,78,835,602,30,28,102,2790,253,496,523,0,1516,2848,1272,Juntos Haremos Historia,2848,22.610762179595994,JHH
30,Veracruz,Ver.,200,Zentla,30200,19.115,-96.86055555555556,12581,6.954444444444444,NO,9951,6952,69.86232539443272,30.137674605567284,66.6255904703225,73.2518955349621,69.8970572943745,2109,864,49,586,168,246,2108,143,85,291,0,3025,2864,519,Va por México,3025,2.315880322209436,V x M
30,Veracruz,Ver.,201,Zongolica,30201,18.66472222222222,-96.99861111111112,44334,6.339642857142858,NO,32856,22394,68.15802288775262,31.841977112247378,63.2467184570051,73.6934015217662,68.6559452302525,954,849,6545,6369,708,644,4636,248,228,92,0,8349,11715,568,Juntos Haremos Historia,11715,15.030811824595874,JHH
30,Veracruz,Ver.,202,Zontecomatlan,30202,20.761666666666667,-98.3436111111111,14745,5.635,NO,9409,7310,77.6915718992454,22.308428100754597,63.1604342581423,72.867222578576,68.3065064611199,3324,144,28,2585,22,34,837,42,52,23,0,3499,3445,117,Va por México,3499,0.7387140902872777,V x M
30,Veracruz,Ver.,203,Zozocolco De Hidalgo,30203,20.139722222222225,-97.57555555555555,14520,6.30125,NO,9557,7412,77.55571832164905,22.444281678350947,61.3282186526013,71.1386455885495,66.516041572526,3311,213,106,193,27,31,3216,63,51,60,0,3631,3436,174,Va por México,3631,2.63086886130599,V x M
30,Veracruz,Ver.,204,Tres Valles,30204,18.240555555555556,-96.135,45000,7.738484848484848,NO,32432,19143,59.02503700049334,40.97496299950666,34.6238366080662,37.1418422922093,35.9380793474231,2192,999,317,3219,620,1698,7922,559,579,340,0,3513,11765,1478,Juntos Haremos Historia,11765,43.10714099148514,JHH
30,Veracruz,Ver.,205,Nanchital De Lazaro Cardenas Del Rio,30205,18.07111111111111,-94.40861111111111,29054,10.1115,SI,22384,14434,64.48355968548964,35.51644031451036,61.5939447907391,65.1328635707615,63.4056238863054,191,1840,1155,112,65,492,8551,125,193,1354,0,3189,8728,1672,Juntos Haremos Historia,8728,38.37467091589303,JHH
30,Veracruz,Ver.,206,Agua Dulce,30206,18.136944444444445,-94.14722222222224,44140,9.475862068965515,NO,33230,19149,57.62563948239543,42.37436051760457,57.1164863144494,60.5780214758967,58.9409356373051,666,2321,1415,161,438,559,10930,1063,223,658,0,4405,11529,1944,Juntos Haremos Historia,11529,37.20298710115411,JHH
30,Veracruz,Ver.,207,El Higo,30207,21.7675,-98.45333333333332,18736,8.40125,NO,14903,11939,80.11138696906663,19.88861303093337,69.020050833098,70.9095875443868,69.9805609552902,1858,287,1003,2113,126,141,4716,137,130,1074,0,3151,6959,1341,Juntos Haremos Historia,6959,31.895468632213753,JHH
31,Yucatán,Yuc.,001,Abala,31001,20.646666666666665,-89.67972222222222,6550,6.803333333333334,NO,5069,4497,88.71572302229237,11.284276977707634,87.8934624697336,91.2593206296603,89.5543744889616,1459,1772,14,62,165,76,821,41,7,14,0,3245,1050,62,Va por México,3245,48.81031798977096,V x M
31,Yucatán,Yuc.,002,Acanceh,31002,20.81277777777778,-89.45361111111112,16772,8.22,SI,12266,9634,78.54231208217838,21.457687917821616,72.0663490382919,80.6124175266452,76.429435135602,1671,692,329,695,110,1337,3544,217,65,494,0,2692,4350,776,Juntos Haremos Historia,4350,17.209881669088645,JHH
31,Yucatán,Yuc.,003,Akil,31003,20.26555555555555,-89.34777777777778,12285,7.402,NO,8328,6352,76.27281460134486,23.727185398655138,67.304625199362,79.5037220843672,73.6139630390144,1143,1706,165,36,2061,253,790,21,6,14,0,3014,2889,41,Va por México,3014,1.9678841309823678,V x M
31,Yucatán,Yuc.,004,Baca,31004,21.109166666666667,-89.39861111111112,6179,8.768,NO,4708,4013,85.23789294817333,14.762107051826677,68.7303723642889,76.5938864628821,72.7152024784244,862,713,17,870,16,282,1095,9,10,31,0,1592,1982,50,Juntos Haremos Historia,1982,9.71841515076003,JHH
31,Yucatán,Yuc.,005,Bokoba,31005,21.00638888888889,-89.17944444444444,2167,7.555,NO,2046,1870,91.39784946236558,8.602150537634415,88.4422110552764,94.2767950052029,91.3087934560327,605,768,9,6,3,17,280,132,2,9,0,1382,289,143,Va por México,1382,58.44919786096256,V x M
31,Yucatán,Yuc.,006,Buctzotz,31006,21.201666666666664,-88.79277777777777,9163,6.971666666666667,NO,7286,6084,83.5026077408729,16.497392259127096,77.8375149342891,88.572267920094,83.2494075829384,2497,1555,32,31,29,105,1691,12,12,6,0,4084,1751,30,Va por México,4084,38.346482577251805,V x M
31,Yucatán,Yuc.,007,Cacalchen,31007,20.98222222222222,-89.22777777777777,7484,7.865,NO,5806,4851,83.55149844987943,16.448501550120568,71.3921282798834,82.7724945135333,77.0719240598759,1003,1479,40,270,13,623,1272,13,15,8,0,2522,1557,36,Va por México,2522,19.892805607091322,V x M
31,Yucatán,Yuc.,008,Calotmul,31008,21.01888888888889,-88.17694444444444,4051,6.825,NO,3615,3247,89.82019363762103,10.179806362378969,71.5542521994135,75.3491196114147,73.4188544152745,1050,1694,18,7,13,8,400,3,5,6,0,2762,420,14,Va por México,2762,72.12811826301201,V x M
31,Yucatán,Yuc.,009,Cansahcab,31009,21.15722222222222,-89.10194444444444,4455,7.765,NO,3800,3148,82.84210526315789,17.15789473684211,83.463687150838,89.3276414087513,86.4628820960699,904,547,389,37,12,64,1071,8,9,12,0,1840,1122,29,Va por México,1840,22.80813214739517,V x M
31,Yucatán,Yuc.,010,Cantamayec,31010,20.4675,-89.08,2756,6.366666666666666,NO,1902,1754,92.2187171398528,7.781282860147215,81.4410480349345,83.0840046029919,82.2408963585434,392,804,378,7,5,2,146,5,2,1,0,1574,158,8,Va por México,1574,80.72976054732041,V x M
31,Yucatán,Yuc.,011,Celestun,31011,20.859166666666667,-90.4,8389,7.157500000000001,NO,5995,5116,85.33778148457047,14.66221851542953,66.5332848308476,75.4998182479099,71.0181818181818,839,689,408,373,34,142,1913,389,19,86,0,1936,2321,494,Juntos Haremos Historia,2321,7.525410476935106,JHH
31,Yucatán,Yuc.,012,Cenotillo,31012,20.965555555555554,-88.60249999999999,3732,7.042,NO,3146,2620,83.28035600762873,16.719643992371275,82.3211875843455,86.7794486215539,84.6328784925276,1375,728,2,3,2,3,444,4,23,3,0,2105,449,30,Va por México,2105,63.20610687022901,V x M
31,Yucatán,Yuc.,013,Conkal,31013,21.073333333333338,-89.52083333333333,16949,10.733333333333334,SI,10093,6587,65.26305360150599,34.73694639849401,76.0853747271404,83.9828897338403,80.0744208378346,2023,2478,25,55,40,207,1429,46,49,131,0,4526,1525,226,Va por México,4526,45.55943525125247,V x M
31,Yucatán,Yuc.,014,Cuncunul,31014,20.641388888888887,-88.2961111111111,1655,8.035,NO,1488,1370,92.06989247311829,7.930107526881727,91.6299559471366,95.139911634757,93.3823529411765,312,689,5,49,5,4,257,20,2,0,0,1006,311,22,Va por México,1006,50.72992700729927,V x M
31,Yucatán,Yuc.,015,Cuzama,31015,20.74138888888889,-89.31555555555555,5560,7.213333333333333,NO,4033,3398,84.2548970989338,15.745102901066204,68.0917622523462,75.4264392324094,71.7185028993147,1067,782,35,64,11,68,1250,14,23,9,0,1884,1326,46,Va por México,1884,16.421424367274867,V x M
31,Yucatán,Yuc.,016,Chacsinkin,31016,20.1725,-89.01611111111112,3114,6.66,NO,2352,2203,93.66496598639456,6.335034013605451,93.755912961211,97.3807296538821,95.5785512699906,499,755,3,4,5,9,891,2,10,1,0,1257,902,13,Va por México,1257,16.114389468906037,V x M
31,Yucatán,Yuc.,017,Chankom,31017,20.568055555555556,-88.51333333333334,4722,6.6675,NO,3903,3661,93.7996413015629,6.2003586984371,76.3724434876211,77.9816513761468,77.1515824541921,1095,2367,1,5,5,5,167,2,1,1,0,3463,177,4,Va por México,3463,89.7568970226714,V x M
31,Yucatán,Yuc.,018,Chapab,31018,20.458333333333332,-89.45833333333334,3385,7.796666666666667,NO,3204,2817,87.92134831460675,12.078651685393254,89.6042924211938,91.9276270006959,90.7445355191257,646,1021,96,12,12,469,471,10,2,22,0,1763,496,34,Va por México,1763,44.976925807596736,V x M
31,Yucatán,Yuc.,019,Chemax,31019,20.655,-87.93722222222223,39581,6.4253846153846155,NO,24693,18724,75.82715749402664,24.172842505973364,80.9907407407407,89.0605576274196,85.1101441392439,9550,4316,78,56,149,86,4011,154,83,25,0,13944,4216,262,Va por México,13944,51.95471053193762,V x M
31,Yucatán,Yuc.,020,Chicxulub Pueblo,31020,21.136388888888888,-89.51666666666667,4496,9.23,NO,3532,2979,84.34314835787089,15.656851642129112,81.535756154748,90.9090909090909,86.1442193087008,1243,733,22,24,6,107,753,6,6,27,0,1998,783,39,Va por México,1998,40.78549848942598,V x M
31,Yucatán,Yuc.,021,Chichimila,31021,20.630833333333335,-88.21722222222222,9404,7.396666666666667,NO,6795,5902,86.8579838116262,13.142016188373802,80.7508532423208,84.450313634863,82.6313139788555,2109,2124,18,907,13,78,557,19,3,4,0,4251,1477,26,Va por México,4251,47.00101660454084,V x M
31,Yucatán,Yuc.,022,Chikindzonot,31022,20.333333333333332,-88.4863888888889,4551,6.63,NO,3239,2930,90.46001852423588,9.539981475764122,84.9598930481284,92.1016483516484,88.4823848238482,417,1882,3,2,6,4,574,9,15,2,0,2302,582,26,Va por México,2302,58.70307167235495,V x M
31,Yucatán,Yuc.,023,Chochola,31023,20.750833333333333,-89.82972222222222,4862,8.68,NO,3717,3219,86.60209846650525,13.397901533494746,83.8169642857143,91.3948256467941,87.5910364145658,407,1229,9,8,16,404,1022,9,9,19,0,1645,1047,37,Va por México,1645,18.577197887542717,V x M
31,Yucatán,Yuc.,024,Chumayel,31024,20.428333333333335,-89.30111111111111,3242,6.529999999999999,NO,2690,2370,88.10408921933085,11.895910780669157,67.7115987460815,72.2095671981777,69.9961434631701,310,822,13,13,3,15,1142,5,19,4,0,1145,1159,28,Juntos Haremos Historia,1159,0.5907172995780591,JHH
31,Yucatán,Yuc.,025,Dzan,31025,20.386944444444445,-89.4675,6005,7.945,NO,4316,3785,87.69694161260426,12.303058387395737,86.5671641791045,91.6256157635468,89.1517744777246,1357,1284,87,7,9,108,846,10,10,15,0,2728,862,35,Va por México,2728,49.2998678996037,V x M
31,Yucatán,Yuc.,026,Dzemul,31026,21.210277777777776,-89.30888888888889,3612,7.9625,NO,3279,2836,86.48978347057029,13.510216529429712,88.7886597938144,92.2727272727273,90.5239327296248,923,88,4,16,123,931,644,10,3,17,0,1015,783,30,Va por México,1015,2.9619181946403383,V x M
31,Yucatán,Yuc.,027,Dzidzantun,31027,21.245833333333337,-89.04305555555555,8345,9.368,NO,6732,5614,83.39275103980987,16.607248960190134,73.572744014733,79.5376444860981,76.5288744387676,1691,1871,55,22,20,47,1747,15,9,7,0,3617,1789,31,Va por México,3617,32.56145350908443,V x M
31,Yucatán,Yuc.,028,Dzilam De Bravo,31028,21.3925,-88.8913888888889,2938,8.565000000000001,NO,2375,2109,88.8,11.200000000000005,89.8156277436348,91.2476722532589,90.5106190691369,547,863,25,9,14,12,521,5,2,30,0,1435,544,37,Va por México,1435,42.2475106685633,V x M
31,Yucatán,Yuc.,029,Dzilam Gonzalez,31029,21.28,-88.92916666666667,6231,7.898,NO,5159,4589,88.95134716030239,11.04865283969761,86.4077669902913,92.0253164556962,89.1573729863693,876,1647,11,118,27,39,780,11,7,939,0,2534,925,957,Va por México,2534,34.364785356286774,V x M
31,Yucatán,Yuc.,030,Dzitas,31030,20.83944444444444,-88.5261111111111,3998,6.7625,NO,3187,2835,88.95513021650456,11.044869783495445,85.9069453809845,92.6549865229111,89.2821031344793,1466,801,8,2,4,6,464,31,15,6,0,2275,470,52,Va por México,2275,63.668430335097,V x M
31,Yucatán,Yuc.,031,Dzoncauich,31031,21.12777777777778,-88.89055555555557,2813,6.826666666666666,NO,2905,2518,86.67814113597247,13.321858864027533,88.8423988842399,94.2634560906516,91.5319747013352,959,1143,6,9,18,5,361,1,1,2,0,2108,388,4,Va por México,2108,68.30818109610802,V x M
31,Yucatán,Yuc.,032,Espita,31032,21.012777777777774,-88.30472222222222,16771,6.93125,NO,11473,8886,77.45140765274994,22.548592347250064,74.868804664723,87.1255813953488,81.1311787072243,4740,2463,27,71,17,37,1255,63,34,8,0,7230,1343,105,Va por México,7230,66.25028134143597,V x M
31,Yucatán,Yuc.,033,Halacho,31033,20.476388888888888,-90.08194444444445,21255,7.609,NO,15457,12131,78.48224105583232,21.51775894416768,80.4974716413831,88.5625338386573,84.5494729683781,2635,1642,142,285,100,246,4807,202,105,1103,0,4419,5193,1410,Juntos Haremos Historia,5193,6.380347869095705,JHH
31,Yucatán,Yuc.,034,Hocaba,31034,20.815555555555555,-89.245,6515,7.386,NO,4860,3952,81.31687242798354,18.68312757201646,67.2384219554031,74.5929734361611,70.9172738962709,556,1074,187,91,224,145,1303,136,58,34,0,1817,1619,228,Va por México,1817,5.010121457489879,V x M
31,Yucatán,Yuc.,035,Hoctun,31035,20.864444444444445,-89.20194444444445,6382,6.9,NO,5134,4425,86.1901051811453,13.8098948188547,81.3163481953291,87.4947545111204,84.4238075137189,417,207,1403,10,10,539,1693,33,17,19,0,2027,1714,69,Va por México,2027,7.073446327683616,V x M
31,Yucatán,Yuc.,036,Homun,31036,20.738611111111112,-89.285,8073,7.271666666666667,NO,6318,5580,88.31908831908832,11.680911680911676,80.432612312812,85.7777777777778,83.0691399662732,1236,1695,89,906,11,71,1210,57,23,49,0,3020,2128,129,Va por México,3020,15.985663082437275,V x M
31,Yucatán,Yuc.,037,Huhi,31037,20.725277777777777,-89.1613888888889,5256,6.3225,NO,4286,3647,85.09099393373775,14.90900606626225,84.7836897066136,88.6850152905199,86.7102944877926,1557,86,31,9,9,431,664,767,10,5,0,1674,683,782,Va por México,1674,24.458459007403345,V x M
31,Yucatán,Yuc.,038,Hunucma,31038,21.01527777777778,-89.87444444444444,35138,8.294666666666666,SI,25187,18425,73.15281692936833,26.847183070631672,63.4028198252746,72.5736971027958,68.042735042735,4341,2461,103,244,398,667,8879,435,273,152,0,6905,9525,860,Juntos Haremos Historia,9525,14.219810040705562,JHH
31,Yucatán,Yuc.,039,Ixil,31039,21.15222222222222,-89.48222222222222,4195,8.415,NO,3219,2815,87.44951848400125,12.550481515998754,82.020202020202,91.5175612988734,86.8069472277889,1077,762,13,9,5,56,545,216,4,42,0,1852,559,262,Va por México,1852,45.93250444049733,V x M
31,Yucatán,Yuc.,040,Izamal,31040,20.93138888888889,-89.01777777777778,28555,8.023333333333333,NO,21131,16969,80.30381903364724,19.696180966352756,74.6465598491989,82.1139015226419,78.4875146213701,4853,6468,109,89,42,90,4534,90,42,183,0,11430,4665,315,Va por México,11430,39.86681595851258,V x M
31,Yucatán,Yuc.,041,Kanasin,31041,20.934444444444445,-89.55777777777777,141957,9.045238095238096,SI,74555,37994,50.96103547716451,49.03896452283549,51.8879001359535,61.3116974908705,56.7129071170084,11025,9884,366,347,533,1428,11345,577,236,1012,0,21275,12226,1825,Va por México,21275,23.816918460809603,V x M
31,Yucatán,Yuc.,042,Kantunil,31042,20.795833333333334,-89.03472222222221,5553,7.036666666666667,NO,4139,3374,81.51727470403479,18.48272529596521,77.4948024948025,88.9872173058014,83.4007074279939,1285,868,19,39,10,60,448,23,39,446,0,2172,497,508,Va por México,2172,49.31831653823355,V x M
31,Yucatán,Yuc.,043,Kaua,31043,20.61916666666667,-88.41555555555556,3390,7.28,NO,2477,2279,92.00645942672588,7.993540573274132,60.3231597845601,64.7874306839187,62.5227686703097,762,471,3,3,4,1,984,0,10,26,0,1236,991,36,Va por México,1236,10.750329091706888,V x M
31,Yucatán,Yuc.,044,Kinchil,31044,20.91611111111111,-89.94694444444445,7530,7.1899999999999995,NO,5374,4677,87.03014514328247,12.969854856717532,72.0893141945773,80.700358137684,76.3991236805417,1469,1016,492,64,215,110,1121,55,14,11,0,2977,1401,80,Va por México,2977,33.69681419713491,V x M
31,Yucatán,Yuc.,045,Kopoma,31045,20.647777777777776,-89.89861111111112,2677,7.74,NO,2072,1735,83.73552123552123,16.264478764478767,66.2376237623762,71.5736040609137,68.8721804511278,313,520,204,10,15,15,595,13,2,5,0,1037,621,20,Va por México,1037,23.976945244956774,V x M
31,Yucatán,Yuc.,046,Mama,31046,20.47722222222222,-89.365,3230,6.73,NO,2596,2373,91.40986132511556,8.590138674884443,88.8157894736842,93.953488372093,91.4604948124501,689,950,40,1,4,29,589,9,8,4,0,1679,594,21,Va por México,1679,45.72271386430678,V x M
31,Yucatán,Yuc.,047,Mani,31047,20.386388888888888,-89.39027777777778,5775,7.216666666666667,NO,4321,3652,84.51747280722056,15.482527192779443,75.4670599803343,78.6825251601098,77.132701421801,1809,363,76,45,30,48,1069,23,22,23,0,2248,1145,68,Va por México,2248,30.2026286966046,V x M
31,Yucatán,Yuc.,048,Maxcanu,31048,20.583055555555557,-90.00083333333333,23991,7.550769230769231,NO,17439,13636,78.19255691266702,21.807443087332985,68.7203791469194,79.0009699321048,73.866601929963,3181,3354,85,37,55,617,5498,68,397,69,0,6620,5593,534,Va por México,6620,7.531534174244647,V x M
31,Yucatán,Yuc.,049,Mayapan,31049,20.468055555555555,-89.21388888888889,3962,6.140000000000001,NO,2835,2683,94.6384479717813,5.361552028218696,95.2950558213716,96.16,95.7268370607029,1466,1147,4,0,1,1,51,1,0,0,0,2617,52,1,Va por México,2617,95.60193812896011,V x M
31,Yucatán,Yuc.,050,Merida,31050,20.967777777777776,-89.62166666666666,994896,11.216194503171248,SI,729750,366870,50.273381294964025,49.726618705035975,62.0448819286632,68.7983706720978,65.581079272248,149989,78991,2626,3773,2734,7879,101846,3321,1352,4552,0,231606,108353,9225,Va por México,231606,33.59582413388939,V x M
31,Yucatán,Yuc.,051,Mococha,31051,21.10555555555556,-89.45138888888889,3449,8.1775,NO,2967,2623,88.40579710144928,11.59420289855072,89.6731054977712,92.8304705003734,91.2476722532589,1029,1008,7,11,7,50,433,8,6,10,0,2044,451,24,Va por México,2044,60.73198627525734,V x M
31,Yucatán,Yuc.,052,Motul,31052,21.095,-89.28305555555555,37811,8.061578947368421,NO,27265,19636,72.01907207041995,27.980927929580048,67.3860133052085,78.4115906849731,73.0840095652515,4180,4857,161,2452,107,506,6158,186,148,217,0,9198,8720,551,Va por México,9198,2.4343043389692403,V x M
31,Yucatán,Yuc.,053,Muna,31053,20.484722222222224,-89.71305555555556,13735,7.905714285714286,NO,10173,7515,73.87201415511649,26.12798584488351,63.0992430613961,73.6127987039287,68.454714256241,2526,1092,134,38,141,713,2541,49,40,78,0,3752,2722,167,Va por México,3752,13.705921490352628,V x M
31,Yucatán,Yuc.,054,Muxupip,31054,21.041944444444447,-89.32972222222222,2995,7.666666666666667,NO,2442,2169,88.82063882063882,11.17936117936118,85.7142857142857,93.476465730801,89.6990250105977,710,76,4,362,9,16,859,5,10,66,0,790,1230,81,Juntos Haremos Historia,1230,20.28584601198709,JHH
31,Yucatán,Yuc.,055,Opichen,31055,20.549722222222226,-89.85694444444444,7080,7.306666666666667,NO,5143,4380,85.16430099163912,14.835699008360876,82.5699229833806,89.559748427673,86.0057708161583,2081,90,12,17,12,27,2041,18,23,7,0,2183,2070,48,Va por México,2183,2.5799086757990866,V x M
31,Yucatán,Yuc.,056,Oxkutzcab,31056,20.302777777777777,-89.41833333333334,34067,7.250625,NO,23560,15989,67.86502546689303,32.13497453310697,62.8549574529114,76.455653351388,70.0695847362514,2231,6141,3321,100,453,763,2171,44,28,124,0,11693,2727,196,Va por México,11693,56.07605228594659,V x M
31,Yucatán,Yuc.,057,Panaba,31057,21.29638888888889,-88.27055555555556,7768,7.386666666666667,NO,5986,5228,87.33711994654193,12.662880053458068,73.0287398673545,76.1970853573907,74.6604717655468,2312,1963,15,13,10,60,738,12,10,25,0,4290,761,47,Va por México,4290,67.50191277735271,V x M
31,Yucatán,Yuc.,058,Peto,31058,20.125555555555557,-88.9213888888889,25954,7.418823529411765,NO,17413,13291,76.32803078159995,23.67196921840005,64.3922163254991,72.836595142655,68.7606733349597,2974,2745,100,2923,88,56,3789,73,66,156,0,5819,6801,295,Juntos Haremos Historia,6801,7.388458355278008,JHH
31,Yucatán,Yuc.,059,Progreso,31059,21.282777777777778,-89.66361111111112,66000,9.462666666666667,NO,46827,27802,59.371729984837806,40.628270015162194,54.0478235320707,67.5208229029175,60.7611012836214,8554,7686,111,174,130,753,7034,2133,156,253,0,16351,7343,2542,Va por México,16351,32.40054672325732,V x M
31,Yucatán,Yuc.,060,Quintana Roo,31060,20.86861111111111,-88.63138888888888,976,7.43,NO,1035,924,89.27536231884058,10.724637681159422,82.7004219409283,92.7083333333333,87.7358490566038,340,167,2,2,2,225,163,3,1,3,0,509,167,7,Va por México,509,30.735930735930737,V x M
31,Yucatán,Yuc.,061,Rio Lagartos,31061,21.5975,-88.15777777777778,3955,7.833333333333334,NO,3041,2604,85.62972706346596,14.370272936534036,73.8845144356955,77.4729241877256,75.5929872808525,741,693,13,3,296,8,761,10,6,3,0,1447,1060,19,Va por México,1447,14.861751152073733,V x M
31,Yucatán,Yuc.,062,Sacalum,31062,20.495,-89.58972222222222,4718,7.336666666666667,NO,3846,3358,87.31149245969839,12.688507540301616,69.6466809421842,73.30743618202,71.4441416893733,564,171,460,27,585,638,765,13,7,39,0,1195,1379,59,Juntos Haremos Historia,1379,5.47945205479452,JHH
31,Yucatán,Yuc.,063,Samahil,31063,20.885833333333338,-89.88944444444445,5631,7.806666666666667,SI,4275,3816,89.26315789473685,10.73684210526315,73.2698094282849,80.1815431164902,76.7161176766407,413,848,568,809,60,96,842,62,4,8,0,1829,1714,74,Va por México,1829,3.0136268343815513,V x M
31,Yucatán,Yuc.,064,Sanahcat,31064,20.770833333333332,-89.21388888888889,1702,7.78,NO,1444,1352,93.62880886426592,6.371191135734065,0,0,0,581,549,2,1,1,18,186,3,0,1,0,1132,188,4,Va por México,1132,69.8224852071006,V x M
31,Yucatán,Yuc.,065,San Felipe,31065,21.56722222222222,-88.23111111111112,2130,8.120000000000001,NO,2007,1777,88.5401096163428,11.459890383657196,92.7672955974843,94.6384039900249,93.621867881549,252,892,0,4,5,6,571,11,5,4,0,1144,580,20,Va por México,1144,31.738885762521104,V x M
31,Yucatán,Yuc.,066,Santa Elena,31066,20.32472222222222,-89.64305555555556,4222,7.1866666666666665,NO,3234,2753,85.12677798392085,14.873222016079154,82.7348066298343,87.9549966909332,85.4004731328151,1175,1079,19,12,8,10,406,5,4,5,0,2273,426,14,Va por México,2273,67.0904467853251,V x M
31,Yucatán,Yuc.,067,Seye,31067,20.83722222222222,-89.37194444444444,10053,7.454,NO,7717,6378,82.64869768044576,17.351302319554236,69.5581458389807,78.8121546961326,74.1414694212615,1353,226,1426,44,31,158,1500,995,117,352,0,3005,1576,1464,Va por México,3005,22.40514267795547,V x M
31,Yucatán,Yuc.,068,Sinanche,31068,21.225,-89.185,3201,8.09,NO,2717,2438,89.73132131026867,10.268678689731331,80.8637379002234,91.5126050420168,85.8665613896565,913,714,3,3,14,9,726,4,8,5,0,1630,744,17,Va por México,1630,36.34126333059885,V x M
31,Yucatán,Yuc.,069,Sotuta,31069,20.59583333333333,-89.00611111111111,8978,6.768571428571429,NO,6340,5135,80.99369085173501,19.00630914826499,51.4343570705366,61.0069101678184,56.2812395868044,693,824,109,2546,14,60,716,15,12,13,0,1626,3278,40,Juntos Haremos Historia,3278,32.1713729308666,JHH
31,Yucatán,Yuc.,070,Sucila,31070,21.154444444444444,-88.31361111111111,3982,8.285,NO,3208,2753,85.81670822942642,14.183291770573575,84.2636180228648,92.8994082840237,88.6303191489362,1082,863,7,5,6,31,661,17,20,3,0,1952,672,40,Va por México,1952,46.494733018525245,V x M
31,Yucatán,Yuc.,071,Sudzal,31071,20.869722222222222,-88.98833333333333,1957,7.305,NO,1655,1525,92.1450151057402,7.854984894259815,53.5491905354919,55.9840425531915,54.7266881028939,461,570,4,4,3,8,423,4,6,0,0,1035,430,10,Va por México,1035,39.67213114754098,V x M
31,Yucatán,Yuc.,072,Suma,31072,21.08611111111111,-89.14861111111112,1858,8.215,NO,1777,1491,83.9054586381542,16.0945413618458,81.0304449648712,88.7191539365452,84.8680351906158,215,542,5,30,26,27,523,9,5,31,0,762,580,45,Va por México,762,12.206572769953052,V x M
31,Yucatán,Yuc.,073,Tahdziu,31073,20.202222222222225,-88.94305555555556,5844,6.56,NO,3294,3092,93.8676381299332,6.132361870066788,22.7242076871207,24.4414353419093,23.5810810810811,581,1523,831,2,0,4,114,0,1,0,0,2935,116,1,Va por México,2935,91.17076326002588,V x M
31,Yucatán,Yuc.,074,Tahmek,31074,20.874166666666667,-89.25611111111111,3774,7.949999999999999,NO,3200,2807,87.71875,12.28125,88.8456549935149,92.4516129032258,90.653298835705,977,90,548,21,16,107,911,2,13,79,0,1615,949,94,Va por México,1615,23.726398289989312,V x M
31,Yucatán,Yuc.,075,Teabo,31075,20.399722222222223,-89.28444444444445,6921,6.93,NO,4955,4309,86.96266397578204,13.037336024217964,73.8842244807777,79.4743429286608,76.7596566523605,2185,1680,27,11,13,6,306,3,10,6,0,3892,331,19,Va por México,3892,82.64098398700395,V x M
31,Yucatán,Yuc.,076,Tecoh,31076,20.74194444444445,-89.47444444444444,17940,6.876,NO,12966,10741,82.8397346907296,17.1602653092704,69.832220231308,79.3466135458167,74.6415337522152,2904,3067,50,2208,43,431,1728,44,36,26,0,6021,3982,106,Va por México,6021,18.983334885020017,V x M
31,Yucatán,Yuc.,077,Tekal De Venegas,31077,21.0125,-88.94777777777779,2683,6.9,NO,2386,1879,78.75104777870914,21.248952221290864,83.6206896551724,86.096256684492,84.8378615249781,1119,94,11,263,6,9,263,6,2,64,0,1224,532,72,Va por México,1224,36.8281000532198,V x M
31,Yucatán,Yuc.,078,Tekanto,31078,21.010555555555555,-89.10555555555555,3747,7.443333333333333,NO,3258,2767,84.92940454266422,15.070595457335784,84.9169435215947,91.2959381044487,88.1544502617801,1040,892,8,7,5,40,693,12,8,14,0,1940,705,34,Va por México,1940,44.6331767256957,V x M
31,Yucatán,Yuc.,079,Tekax,31079,20.201944444444443,-89.28805555555556,45040,7.989,NO,31424,22378,71.21308553971487,28.786914460285132,60.7535986452159,70.6695634999012,65.8833146010013,9470,4710,1598,437,870,392,2613,347,80,786,0,15778,3920,1213,Va por México,15778,52.98954330145679,V x M
31,Yucatán,Yuc.,080,Tekit,31080,20.53222222222222,-89.33138888888888,11091,6.455,NO,8127,7257,89.29494278331488,10.70505721668512,81.1412487205732,84.9546044098573,83.0349091845936,3392,228,42,13,13,29,3347,27,48,20,0,3662,3373,95,Va por México,3662,3.98236185751688,V x M
31,Yucatán,Yuc.,081,Tekom,31081,20.602222222222224,-88.26444444444445,3250,6.875,NO,2869,2066,72.01115371209481,27.98884628790519,91.3690476190476,95.2095808383233,93.2835820895522,743,1121,3,13,5,7,153,6,0,3,0,1867,171,9,Va por México,1867,82.09099709583737,V x M
31,Yucatán,Yuc.,082,Telchac Pueblo,31082,21.202222222222225,-89.27222222222223,3506,8.8325,NO,2990,2487,83.17725752508362,16.82274247491638,82.373595505618,87.1546961325967,84.7841225626741,445,1115,17,46,15,99,628,15,5,8,0,1577,690,28,Va por México,1577,35.665460394049056,V x M
31,Yucatán,Yuc.,083,Telchac Puerto,31083,21.340555555555554,-89.26305555555555,1930,8.025,NO,2005,1699,84.73815461346634,15.261845386533665,86.1198738170347,89.2397660818713,87.5968992248062,399,529,5,8,31,210,412,4,8,31,0,933,453,43,Va por México,933,28.251912889935255,V x M
31,Yucatán,Yuc.,084,Temax,31084,21.15,-88.9388888888889,7043,7.03,NO,5577,4517,80.99336560875022,19.006634391249776,64.5066273932253,69.988588817040693,67.2029934518241,2085,466,35,8,617,69,1054,15,16,16,0,2586,1679,47,Va por México,2586,20.07969891520921,V x M
31,Yucatán,Yuc.,085,Temozon,31085,20.804166666666667,-88.20277777777778,16570,6.8575,NO,11810,10457,88.54360711261643,11.456392887383572,76.3276836158192,82.3767476085357,79.3876791364228,3841,330,41,129,318,80,5282,58,142,31,0,4212,5729,231,Juntos Haremos Historia,5729,14.507028784546238,JHH
31,Yucatán,Yuc.,086,Tepakan,31086,21.04861111111111,-89.03888888888889,2133,7.0200000000000005,NO,2063,1809,87.68783325254483,12.312166747455166,85.9962406015038,91.2487708947886,88.5631907736665,194,18,715,195,2,382,245,3,4,13,0,927,442,20,Va por México,927,26.810392482034274,V x M
31,Yucatán,Yuc.,087,Tetiz,31087,20.96222222222222,-89.93388888888889,5463,6.445,NO,3921,3452,88.03876562101505,11.961234378984956,81.0548977395048,89.805570152391,85.4825844190375,543,1104,29,12,663,123,768,98,12,11,0,1676,1444,121,Va por México,1676,6.720741599073001,V x M
31,Yucatán,Yuc.,088,Teya,31088,21.04888888888889,-89.07333333333332,1917,7.305,NO,1690,1477,87.39644970414201,12.603550295857984,57,60.171568627451,58.6014851485149,651,428,5,4,6,25,303,1,4,14,0,1084,313,19,Va por México,1084,52.20040622884225,V x M
31,Yucatán,Yuc.,089,Ticul,31089,20.39527777777778,-89.53388888888888,40496,9.038125,NO,29508,17980,60.93262843974515,39.06737156025485,64.3982543087507,73.9652777777778,69.3327124897024,7152,2404,876,322,114,200,5205,413,51,731,0,10432,5644,1195,Va por México,10432,26.629588431590655,V x M
31,Yucatán,Yuc.,090,Timucuy,31090,20.810555555555556,-89.51333333333334,7483,6.6433333333333335,SI,5626,5089,90.45503021685036,9.544969783149654,69.9845679012346,73.7875288683603,71.888246628131,1744,1819,51,11,12,806,523,9,12,27,0,3614,547,48,Va por México,3614,55.17783454509727,V x M
31,Yucatán,Yuc.,091,Tinum,31091,20.76638888888889,-88.39166666666668,12719,7.377142857142857,NO,8875,7496,84.46197183098592,15.538028169014083,75.9691789068143,82.7768436223877,79.3771043771044,2864,2143,56,24,132,32,2000,40,37,17,0,5063,2156,94,Va por México,5063,38.78068303094984,V x M
31,Yucatán,Yuc.,092,Tixcacalcupul,31092,20.53666666666667,-88.27027777777778,7889,7.025,NO,5049,4459,88.31451772628243,11.685482273717568,80.7862190812721,89.6626297577855,85.270979020979,1646,2144,11,10,9,7,553,25,12,4,0,3801,572,41,Va por México,3801,72.41533976227853,V x M
31,Yucatán,Yuc.,093,Tixkokob,31093,21.002222222222223,-89.39361111111111,18421,9.042,SI,14079,10886,77.32083244548619,22.67916755451381,72.5661011768302,80.483567395396,76.631970260223,2183,2438,39,899,75,300,4126,71,59,368,0,4660,5102,498,Juntos Haremos Historia,5102,4.060260885541062,JHH
31,Yucatán,Yuc.,094,Tixmehuac,31094,20.235277777777775,-89.10833333333333,5444,7.0075,NO,4101,3656,89.14898805169472,10.851011948305285,62.9708222811671,66.4921465968586,64.7430830039526,696,1776,988,11,8,11,131,2,1,2,0,3460,150,5,Va por México,3460,90.53610503282276,V x M
31,Yucatán,Yuc.,095,Tixpehual,31095,20.977777777777774,-89.44166666666668,5689,8.556666666666667,SI,4508,3868,85.80301685891747,14.196983141082526,68.2429299953639,74.3358847366051,71.3339424394701,956,431,359,81,19,256,1556,20,9,87,0,1746,1657,116,Va por México,1746,2.3009307135470527,V x M
31,Yucatán,Yuc.,096,Tizimin,31096,21.1425,-88.16472222222222,80442,7.902926829268293,NO,56758,38553,67.92522639980267,32.07477360019733,59.7594207412021,70.4717682020802,65.2410279805353,16479,11013,201,168,254,403,8392,437,106,225,0,27693,8814,768,Va por México,27693,48.96895183254222,V x M
31,Yucatán,Yuc.,097,Tunkas,31097,20.9025,-88.75138888888888,3676,7.31,NO,2971,2570,86.5028609895658,13.497139010434196,83.4156669019054,90.1225666906993,86.7332382310984,1116,99,6,6,9,469,791,8,10,15,0,1221,806,33,Va por México,1221,16.147859922178988,V x M
31,Yucatán,Yuc.,098,Tzucacab,31098,20.070833333333333,-89.05055555555555,15346,7.02,NO,10717,8533,79.62116263879817,20.378837361201832,44.3056423068915,49.6346039897294,47.0403405635516,1736,1489,733,38,2317,142,1326,21,14,551,0,3958,3683,586,Va por México,3958,3.222782139927341,V x M
31,Yucatán,Yuc.,099,Uayma,31099,20.716944444444444,-88.31666666666666,4189,6.633333333333334,NO,3106,1670,53.76690276883451,46.23309723116549,90.7857142857143,95.7695113056163,93.2515337423313,219,638,292,2,4,6,480,6,8,1,0,1149,486,15,Va por México,1149,39.70059880239521,V x M
31,Yucatán,Yuc.,100,Ucu,31100,21.030833333333337,-89.74694444444445,4049,7.869999999999999,SI,3065,2539,82.83849918433933,17.161500815660673,57.7229876722263,64.3884892086331,61.0689779703864,817,208,120,579,103,120,415,33,2,46,0,1145,1098,81,Va por México,1145,1.8511224891689642,V x M
31,Yucatán,Yuc.,101,Uman,31101,20.883333333333333,-89.75,69136,8.845,SI,44841,27029,60.2774246783078,39.7225753216922,34.0707523667165,39.1425635002202,36.6293854776189,7123,4351,242,415,670,3339,8706,603,307,486,0,11716,9794,1396,Va por México,11716,7.110880905693884,V x M
31,Yucatán,Yuc.,102,Valladolid,31102,20.689444444444444,-88.20166666666667,85057,8.763939393939394,NO,57257,36128,63.097961821262025,36.902038178737975,64.65351582415,74.2866442443311,69.6650987770461,12381,6939,179,1148,481,1037,11032,828,469,264,0,19499,12661,1561,Va por México,19499,18.927147918511956,V x M
31,Yucatán,Yuc.,103,Xocchel,31103,20.833333333333332,-89.18333333333334,3451,7.31,NO,2752,2362,85.82848837209302,14.17151162790698,0,0,0,858,321,719,14,6,44,358,3,5,3,0,1898,379,11,Va por México,1898,64.30990685859442,V x M
31,Yucatán,Yuc.,104,Yaxcaba,31104,20.548055555555557,-88.82722222222222,16307,6.877272727272727,NO,11137,8963,80.4794828050642,19.52051719493581,68.5299806576402,74.6197906379617,71.5430470047884,3924,3695,256,118,21,19,563,170,9,7,0,7875,702,186,Va por México,7875,80.02900814459444,V x M
31,Yucatán,Yuc.,105,Yaxkukul,31105,21.061666666666667,-89.42,3258,9.16,NO,2707,1767,65.27521241226451,34.72478758773549,64.3449419568823,70.1456310679612,67.2809172809173,287,134,18,307,65,105,550,203,4,17,0,439,924,224,Juntos Haremos Historia,924,27.447651386530843,JHH
31,Yucatán,Yuc.,106,Yobain,31106,21.2325,-89.11666666666666,2225,8.536666666666667,NO,2118,1872,88.38526912181302,11.614730878186975,71.017274472168907,79.6558704453441,75.2216748768473,286,86,7,96,7,87,554,477,11,177,0,379,658,665,Otros,665,0.37393162393162394,JHH
32,Zacatecas,Zac.,001,Apozol,32001,21.470277777777778,-103.09083333333332,6257,7.366363636363636,NO,5465,3341,61.13449222323879,38.86550777676121,56.8295498268565,66.2904987258828,61.6909839132061,269,876,367,49,38,32,1539,39,27,16,0,1515,1628,82,Juntos Haremos Historia,1628,3.3822208919485184,JHH
32,Zacatecas,Zac.,002,Apulco,32002,21.385833333333338,-102.68083333333334,4945,6.9775,NO,4326,1861,43.01895515487749,56.98104484512251,60.748106060606,70.3272075302555,65.6688924706424,98,867,33,45,40,42,551,65,11,11,0,999,638,87,Va por México,999,19.39817302525524,V x M
32,Zacatecas,Zac.,003,Atolinga,32003,21.804722222222225,-103.46472222222222,2277,6.59625,NO,2389,1536,64.29468396818753,35.70531603181247,61.5055603079555,66.8810289389068,64.2768338168255,514,338,45,414,14,3,102,20,6,3,0,900,530,29,Va por México,900,24.088541666666668,V x M
32,Zacatecas,Zac.,004,Benito Juarez,32004,21.503888888888888,-103.55611111111112,4498,7.693333333333333,NO,3575,2482,69.42657342657343,30.573426573426573,56.6101694915254,66.2177985948478,61.328349626222,1019,232,56,746,99,19,207,15,9,2,0,1309,1053,26,Va por México,1309,10.314262691377921,V x M
32,Zacatecas,Zac.,005,Calera,32005,22.948888888888888,-102.70222222222222,45760,8.622380952380952,NO,30526,15887,52.0441590775077,47.9558409224923,57.375624592657,64.4079444711704,60.9837799717913,3554,1845,481,867,506,479,4514,1553,119,1293,0,5882,5890,2965,Juntos Haremos Historia,5890,0.05035563668408132,JHH
32,Zacatecas,Zac.,006,Cañitas De Felipe Pescador,32006,23.605,-102.7238888888889,8255,8.503636363636364,NO,6076,4500,74.06188281764318,25.93811718235682,66.2280701754386,78.0447662936142,72.209263578807,165,551,324,1432,176,70,856,610,13,146,0,1042,2467,769,Juntos Haremos Historia,2467,31.666666666666668,JHH
32,Zacatecas,Zac.,007,Concepcion Del Oro,32007,24.614722222222223,-101.42166666666668,12216,8.007391304347825,NO,9719,6751,69.46187879411461,30.53812120588539,49.769392033543,53.5431385142368,51.6364791865268,199,2568,94,419,188,411,2261,152,20,57,0,2864,2870,229,Juntos Haremos Historia,2870,0.08887572211524218,JHH
32,Zacatecas,Zac.,008,Cuauhtemoc,32008,22.448611111111113,-102.35,12943,7.501818181818182,NO,9194,6539,71.12247117685448,28.877528823145525,67.8734061930783,81.4903846153846,74.821587867975,335,1272,224,2023,144,444,1603,135,40,66,0,1831,3773,241,Juntos Haremos Historia,3773,29.69873069276648,JHH
32,Zacatecas,Zac.,009,Chalchihuites,32009,23.474444444444444,-103.88166666666666,10086,8.176666666666668,NO,8370,5291,63.21385902031064,36.78614097968936,59.8637801021649,67.7022953860422,63.8770180436847,160,2261,47,75,379,30,2050,59,30,76,0,2470,2507,165,Juntos Haremos Historia,2507,0.6993006993006993,JHH
32,Zacatecas,Zac.,010,Fresnillo,32010,23.17555555555556,-102.8675,240497,8.737170731707318,NO,169408,83377,49.21668398186627,50.78331601813373,56.5200324165527,64.047687103997,60.3991751362498,5583,24172,2497,2031,5809,2483,32136,2341,557,3204,0,32255,39978,6102,Juntos Haremos Historia,39978,9.262746320927834,JHH
32,Zacatecas,Zac.,011,Trinidad Garcia De La Cadena,32011,21.21,-103.46444444444444,3361,7.25,NO,2910,1729,59.41580756013746,40.58419243986254,54.4876325088339,66.1450924608819,60.2977667493797,322,374,51,338,16,18,520,21,10,7,0,748,877,38,Juntos Haremos Historia,877,7.46096009253904,JHH
32,Zacatecas,Zac.,012,Genaro Codina,32012,22.4875,-102.4538888888889,8619,7.855,NO,6261,4267,68.15205238779748,31.84794761220252,64.473246925889,78.016960208741,71.3086419753086,307,543,544,313,69,294,732,90,22,1134,0,1395,1117,1246,Va por México,1395,3.4919146941645183,V x M
32,Zacatecas,Zac.,013,General Enrique Estrada,32013,22.994444444444447,-102.74138888888888,6652,8.162857142857142,NO,5017,3108,61.94937213474188,38.05062786525812,65.961049957663,72.3689557090614,69.2307692307692,398,516,99,335,80,91,578,111,13,753,0,1013,995,877,Va por México,1013,0.5791505791505791,V x M
32,Zacatecas,Zac.,014,General Francisco R. Murguia,32014,23.99388888888889,-103.01944444444445,20188,7.4261904761904765,NO,17848,11765,65.91774988794262,34.08225011205738,59.2071311283134,71.1809073511201,65.3167901660061,104,4690,65,62,1290,79,4616,364,62,178,0,4861,5971,604,Juntos Haremos Historia,5971,9.434764130896728,JHH
32,Zacatecas,Zac.,015,El Plateado De Joaquin Amaro,32015,21.934722222222224,-103.09194444444444,1579,6.394,NO,1668,1237,74.16067146282974,25.83932853717026,70.131421744325,72.6817042606516,71.3761467889908,78,373,81,23,29,26,425,5,19,8,0,533,479,32,Va por México,533,4.365400161681487,V x M
32,Zacatecas,Zac.,016,General Panfilo Natera,32016,22.665,-102.10972222222222,23456,7.49,NO,17949,11544,64.31556075547384,35.68443924452616,62.8251912889935,75.7906712172924,69.4185710153312,461,3409,755,304,517,342,3494,412,73,886,0,4625,4315,1371,Va por México,4625,2.685377685377685,V x M
32,Zacatecas,Zac.,017,Guadalupe,32017,22.752777777777776,-102.50777777777778,211724,11.42509433962264,SI,138206,72531,52.4803554114872,47.5196445885128,57.096369222637,65.4788183000212,61.4730028418061,7098,15556,1655,3135,6292,3455,25829,2540,778,3438,0,24311,35256,6756,Juntos Haremos Historia,35256,15.090099405771326,JHH
32,Zacatecas,Zac.,057,Trancoso,32057,22.731388888888887,-102.36444444444444,20455,8.286363636363637,SI,13905,9275,66.70262495505213,33.29737504494787,61.2748238308776,80.8539325842697,71.3909745336326,226,2805,119,139,2065,181,2934,176,59,258,0,3151,5138,493,Juntos Haremos Historia,5138,21.423180592991915,JHH
32,Zacatecas,Zac.,018,Huanusco,32018,21.773055555555555,-102.97277777777778,4550,7.013846153846154,NO,3985,2191,54.98117942283564,45.01882057716436,56.0144553433144,64.0460691036555,60.091509913574,422,554,47,42,29,224,737,26,19,9,0,1025,810,54,Va por México,1025,9.812870835235053,V x M
32,Zacatecas,Zac.,019,Jalpa,32019,21.63138888888889,-102.97944444444444,25271,8.019444444444444,NO,20453,10626,51.953258690656625,48.046741309343375,54.1185046339686,60.4653426791277,57.3987421383648,2015,1456,275,274,434,1557,3583,503,72,100,0,3749,4292,675,Juntos Haremos Historia,4292,5.110107284020327,JHH
32,Zacatecas,Zac.,020,Jerez,32020,22.648611111111112,-102.99027777777778,59841,8.241473684210527,NO,54050,26008,48.11840888066605,51.88159111933395,53.7336941157465,58.9092281562559,56.4090057749337,6095,6130,411,819,648,670,8400,547,181,1183,0,12638,9872,1911,Va por México,12638,10.635189172562288,V x M
32,Zacatecas,Zac.,021,Jimenez Del Teul,32021,23.255,-103.79777777777778,4496,7.593,NO,3220,2434,75.59006211180123,24.40993788819877,70.4643962848297,77.3245350929814,73.9488117001828,42,838,49,76,64,39,1096,34,23,58,0,932,1237,115,Juntos Haremos Historia,1237,12.530813475760066,JHH
32,Zacatecas,Zac.,022,Juan Aldama,32022,24.289444444444445,-103.39444444444445,19806,8.554782608695652,NO,16477,9775,59.32511986405292,40.67488013594708,56.8104575163399,69.2027666545322,63.2370524196086,1516,1816,208,154,1481,278,3013,322,124,233,0,3542,4650,679,Juntos Haremos Historia,4650,11.335038363171355,JHH
32,Zacatecas,Zac.,023,Juchipila,32023,21.410277777777775,-103.1175,12251,8.406315789473684,NO,11140,6118,54.91921005385997,45.08078994614003,52.0853540252182,57.891061452514,55.1410456675549,1845,932,165,81,123,107,2455,70,35,96,0,2944,2664,201,Va por México,2944,4.576659038901602,V x M
32,Zacatecas,Zac.,024,Loreto,32024,22.273333333333333,-101.9875,53812,8.872903225806452,NO,35006,19095,54.547791807118784,45.452208192881216,55.0388074411728,67.0378874856487,61.2497771438759,764,3017,437,343,3354,1086,7114,327,577,1304,0,4220,10811,2208,Juntos Haremos Historia,10811,34.516889238020426,JHH
32,Zacatecas,Zac.,025,Luis Moya,32025,22.4325,-102.24861111111112,13185,8.368461538461538,NO,9484,6281,66.2273302404049,33.772669759595104,65.3295128939828,75.4599914420197,70.4700901096515,566,797,216,1661,78,84,2095,400,58,102,0,1582,3836,560,Juntos Haremos Historia,3836,35.88600541315077,JHH
32,Zacatecas,Zac.,026,Mazapil,32026,24.638333333333332,-101.55527777777776,17673,7.00795918367347,NO,14816,10815,72.99541036717062,27.00458963282938,68.4116899618806,72.9573712255773,70.5114180226993,217,2993,142,527,2513,210,2487,185,85,176,0,3356,5530,446,Juntos Haremos Historia,5530,20.10171058714748,JHH
32,Zacatecas,Zac.,027,Melchor Ocampo,32027,24.83111111111111,-101.6425,2736,7.317142857142857,NO,2528,2232,88.29113924050634,11.70886075949366,86.0882572924458,90.5335628227194,88.1552621048419,31,126,661,566,55,30,561,26,10,12,0,820,1184,48,Juntos Haremos Historia,1184,16.308243727598565,JHH
32,Zacatecas,Zac.,028,Mezquital Del Oro,32028,21.216666666666665,-103.36277777777777,2451,6.285714285714286,NO,2349,1659,70.62579821200511,29.374201787994892,65.250637213254,72.1048182586644,68.6864406779661,81,136,564,14,18,13,751,21,9,5,0,786,786,35,Empate,786,0,Empate
32,Zacatecas,Zac.,029,Miguel Auza,32029,24.29388888888889,-103.44972222222222,23625,8.323333333333334,NO,17588,9363,53.23516033659313,46.76483966340687,50.0487685930261,64.0535148456754,57.1847156610656,1105,1730,160,127,1647,458,3056,626,41,128,0,2997,4831,795,Juntos Haremos Historia,4831,19.587738972551534,JHH
32,Zacatecas,Zac.,030,Momax,32030,21.92194444444445,-103.3125,2446,7.470000000000001,NO,2415,1477,61.15942028985507,38.84057971014493,61.1927398444252,67.8752107925801,64.5753307725139,718,334,12,67,25,12,252,8,6,4,0,1066,344,18,Va por México,1066,48.88287068381855,V x M
32,Zacatecas,Zac.,031,Monte Escobedo,32031,22.303611111111113,-103.56027777777776,8682,7.444285714285714,NO,7765,4059,52.273019961365094,47.726980038634906,53.7332646755922,58.6376586376586,56.1781794706262,480,1480,87,210,218,326,977,45,16,48,0,2050,1405,109,Va por México,2050,15.890613451589061,V x M
32,Zacatecas,Zac.,032,Morelos,32032,22.86277777777778,-102.60833333333332,13209,9.366666666666667,SI,9553,6514,68.1880037684497,31.811996231550296,68.9991142604074,78.526814559552,73.8290206354405,451,985,439,924,494,547,1509,234,389,291,0,1877,2929,914,Juntos Haremos Historia,2929,16.149831132944428,JHH
32,Zacatecas,Zac.,033,Moyahua De Estrada,32033,21.26388888888889,-103.16583333333334,4532,7.213,NO,4443,2411,54.265136169255015,45.734863830744985,59.0994371482176,62.4783362218371,60.8558558558559,387,650,89,34,32,16,1051,34,8,22,0,1128,1119,64,Va por México,1128,0.3732890916632103,V x M
32,Zacatecas,Zac.,034,Nochistlan De Mejia,32034,21.360555555555557,-102.84555555555556,27965,7.028181818181818,NO,25230,12541,49.706698374950456,50.293301625049544,52.2281031244665,59.3363242574257,55.9573086600114,2023,2222,317,413,1748,1740,2660,177,64,582,0,4565,4825,823,Juntos Haremos Historia,4825,2.0731999043138507,JHH
32,Zacatecas,Zac.,035,Noria De Angeles,32035,22.443333333333335,-101.90972222222224,16271,8.07125,NO,11750,7941,67.58297872340425,32.41702127659575,65.0730651271874,79.6850666205226,72.5313548842961,131,2589,120,174,1929,116,1864,79,51,533,0,2843,3967,663,Juntos Haremos Historia,3967,14.15438861604332,JHH
32,Zacatecas,Zac.,036,Ojocaliente,32036,22.57,-102.25138888888888,44287,8.227142857142857,NO,30889,18074,58.51273916280877,41.48726083719123,52.3601213575108,64.8852459016393,58.8519185671074,1140,5106,2945,929,3708,470,2657,287,62,279,0,9195,7298,628,Va por México,9195,10.495739736638265,V x M
32,Zacatecas,Zac.,037,Panuco,32037,22.87638888888889,-102.54027777777776,17313,7.504285714285715,NO,12764,8733,68.41899091193983,31.58100908806017,69.6693272519954,78.4070796460177,74.0650801359884,504,2892,160,335,1802,254,1892,198,40,197,0,3556,4031,435,Juntos Haremos Historia,4031,5.439138898431238,JHH
32,Zacatecas,Zac.,038,Pinos,32038,22.298333333333336,-101.57416666666666,72136,7.533157894736842,NO,50985,34074,66.83142100617829,33.16857899382171,59.2884392104827,76.1127713117333,67.9240332606765,406,14936,213,450,446,422,14881,465,315,474,0,15559,15777,1254,Juntos Haremos Historia,15777,0.6397839995304337,JHH
32,Zacatecas,Zac.,039,Rio Grande,32039,23.8225,-103.0363888888889,64539,8.825,NO,51368,26517,51.621632144525776,48.378367855474224,48.7054000920233,60.6524427952999,54.9147230759959,1864,4985,4871,819,4299,384,7131,351,122,777,0,11722,12250,1250,Juntos Haremos Historia,12250,1.9911754723384998,JHH
32,Zacatecas,Zac.,040,Sain Alto,32040,23.580555555555556,-103.24861111111112,21846,7.900370370370371,NO,17148,10679,62.27548402146022,37.72451597853978,62.2604179547422,75.2086811352254,68.8520609482183,380,2074,724,2204,197,135,4301,104,48,209,0,3181,6704,361,Juntos Haremos Historia,6704,32.989980335237384,JHH
32,Zacatecas,Zac.,041,El Salvador,32041,24.51944444444444,-100.8675,2509,6.715,NO,2059,1592,77.31908693540554,22.680913064594463,51.7113783533765,51.3671875,51.5439429928741,5,94,4,1113,20,7,225,11,25,2,0,104,1358,38,Juntos Haremos Historia,1358,78.76884422110552,JHH
32,Zacatecas,Zac.,042,Sombrerete,32042,23.634722222222223,-103.63972222222225,63656,8.161111111111111,NO,48265,27091,56.12970061120895,43.87029938879105,52.2004942982266,60.4569790481008,56.3867989056088,6670,8224,353,1081,629,487,7450,438,179,645,0,15249,9162,1262,Va por México,15249,22.46871654793105,V x M
32,Zacatecas,Zac.,043,Susticacan,32043,22.609722222222224,-103.0975,1365,7.4475,NO,1369,917,66.98319941563184,33.016800584368156,68.6468646864686,75.1098096632504,72.0713731574864,38,291,6,17,18,10,266,5,4,218,0,337,302,227,Va por México,337,3.816793893129771,V x M
32,Zacatecas,Zac.,044,Tabasco,32044,21.86416666666667,-102.91333333333334,16593,7.6013636363636365,NO,13020,7602,58.387096774193544,41.612903225806456,58.1752779594506,69.9174326219037,64.188272836059,1900,885,243,164,519,260,2995,232,52,40,0,3031,3680,324,Juntos Haremos Historia,3680,8.537227045514339,JHH
32,Zacatecas,Zac.,045,Tepechitlan,32045,21.671111111111113,-103.32388888888887,8323,7.662631578947368,NO,7203,4684,65.02846036373732,34.971539636262676,56.8965517241379,67.6172196325747,62.4732563115105,566,1303,118,55,100,23,1832,539,21,13,0,1990,1989,573,Va por México,1990,0.02134927412467976,V x M
32,Zacatecas,Zac.,046,Tepetongo,32046,22.461111111111112,-103.14722222222224,6490,6.635,NO,6332,3361,53.079595704358816,46.920404295641184,49.7421018697614,54.4406357120598,52.1311994929488,144,1303,105,720,30,25,850,21,7,37,0,1554,1603,65,Juntos Haremos Historia,1603,1.457899434692056,JHH
32,Zacatecas,Zac.,047,Teul De Gonzalez Ortega,32047,21.463055555555556,-103.46166666666667,5352,8.113636363636363,NO,4414,2948,66.787494336203,33.212505663797,63.1185807656396,69.3701857725419,66.2911014026213,555,852,86,59,785,78,417,26,6,13,0,1494,1264,45,Va por México,1494,7.801899592944369,V x M
32,Zacatecas,Zac.,058,Santa Maria De La Paz,32058,21.511666666666667,-103.40611111111112,2765,7.47,NO,2402,1556,64.77935054121565,35.22064945878435,57.7623590633131,71.5611814345991,64.7562018819504,592,222,50,34,49,143,375,5,6,11,0,866,462,22,Va por México,866,25.96401028277635,V x M
32,Zacatecas,Zac.,048,Tlaltenango De Sanchez Roman,32048,21.781666666666663,-103.30361111111112,27302,7.914358974358974,NO,20976,11461,54.63863463005339,45.36136536994661,56.62100456621,63.574049044217,60.223066920076,3998,1331,429,407,383,184,3834,273,56,139,0,5761,4625,468,Va por México,5761,9.911875054532763,V x M
32,Zacatecas,Zac.,049,Valparaiso,32049,22.77027777777778,-103.56777777777778,32456,7.750597014925373,NO,27473,15977,58.155279729188656,41.844720270811344,58.5750789117691,66.5929203539823,62.6219012878732,1284,2839,3829,542,388,139,5643,611,91,89,0,7953,6576,791,Va por México,7953,8.618639293985103,V x M
32,Zacatecas,Zac.,050,Vetagrande,32050,22.83194444444445,-102.55527777777776,11358,9.2625,SI,8108,5521,68.09324124321657,31.906758756783432,65.4895666131621,74.9554594044286,70.3404199817399,185,1385,180,405,997,198,1421,299,32,171,0,1752,2825,502,Juntos Haremos Historia,2825,19.43488498460424,JHH
32,Zacatecas,Zac.,051,Villa De Cos,32051,23.291666666666668,-102.35166666666666,34642,7.374893617021277,NO,25397,17001,66.9409772807812,33.0590227192188,63.2748727067001,71.6746411483254,67.5029101272428,2553,5634,164,399,1519,936,4438,336,98,378,0,8355,6359,812,Va por México,8355,11.740485853773308,V x M
32,Zacatecas,Zac.,052,Villa Garcia,32052,22.165,-101.95583333333332,19527,8.743125,NO,12936,9078,70.17625231910947,29.823747680890538,68.7104622871046,80.4828973843058,74.7346744812292,194,2204,143,93,504,1183,2641,70,82,1503,0,2541,3238,1655,Juntos Haremos Historia,3238,7.677902621722846,JHH
32,Zacatecas,Zac.,053,Villa Gonzalez Ortega,32053,22.51361111111111,-101.91888888888889,13198,8.135,NO,10139,6363,62.75766840911332,37.24233159088668,61.3129381771829,76.4180264180264,69.2034500253678,1847,1074,120,178,392,72,2059,60,22,206,0,3044,2629,288,Va por México,3044,6.522080779506522,V x M
32,Zacatecas,Zac.,054,Villa Hidalgo,32054,22.356944444444444,-101.71194444444444,19459,7.694166666666667,NO,13660,9401,68.82137628111273,31.178623718887263,64.0833205697657,77.3615160349854,70.8865486593472,96,4506,112,104,2253,39,1736,72,34,175,0,4717,4093,281,Va por México,4717,6.637591745558983,V x M
32,Zacatecas,Zac.,055,Villanueva,32055,22.35361111111111,-102.88305555555554,31623,7.535098039215686,NO,26223,16584,63.24219196888228,36.75780803111772,61.6900494688184,68.9765625,65.4012972026581,980,1553,4294,360,269,170,7424,764,125,128,0,6828,8055,1017,Juntos Haremos Historia,8055,7.398697539797395,JHH
32,Zacatecas,Zac.,056,Zacatecas,32056,22.771666666666665,-102.57527777777776,148829,11.40126126126126,SI,112843,62118,55.04816426362291,44.95183573637709,60.0387498287571,66.2881822298074,63.3455892516518,6240,13752,1388,2954,4564,2959,18483,6122,554,3072,0,21384,26003,9748,Juntos Haremos Historia,26003,7.435847902379343,JHH
